Waktu Update,Ticker,Broksum,Kategori,Valuasi,PER (x),PBV (x),Harga (Rp),Harga MA20,Support,Resistance,Change (%),Volume,Vol Breakout,RSI (14D),Momentum,MA Signal,MA Cross,MACD,"Trend MA (5,20,50)",Status Bandar,OBV Trend,Status Gap,Tekanan Bandar,Status BB,Risiko,Pola Candle,Posisi Entry,Likuiditas,Posisi VWAP,Kekuatan A/D,Kelas Transaksi,RVOL (Anomali Vol),Fase Siklus Bandar,Karakter Gorengan,Sinyal Cuci Barang,Streak Harian,Auto Trading Plan,Status Open,Risk/Reward Ratio,Status Stochastic,Status Sentimen,Kondisi Supply,Status Fibonacci,Total Score,Rekomendasi,Status Akuisisi,Terakhir Update,Prediksi Machine Learning
16:40,AALI,Token Mati (Perlu Update),Big Cap (Lapis 1),Undervalued (Murah),8.1611,0.6355987,7925.0,7098,6425,8025,2.258064516129032,2162800,Tembus MA20,82,Positif,Uptrend,Bullish,Strong Bullish,Perfect Uptrend (5>20>50),Normal,Akumulasi (Naik),Normal,Seimbang / Adu Mekanik,Normal,Tinggi,Normal,Rawan Pucuk (High Risk),> 1 Miliar,Di Atas VWAP (Kuat),Akumulasi Pro (Smart Money),Ritel Aktif (5M - 50M),Normal (50-150%),Mark-Up (Fase Pesta),Solid (Jarang Dibanting),Normal,Naik 4 Hari Beruntun,TP: 8257 | CL: 7703,Open = Low (Bullish Kuat),Tidak Ideal (< 1:1),Overbought (Jenuh Beli - Rawan),Sentimen Positif 📰,Normal / Sedang Transisi,Mendekati Fibo 23.6%,8,BELI,TIDAK ADA,2026-08-20 16:40:00,Biasa / Mengikuti Pasar
16:40,ABBA,Token Mati (Perlu Update),Small Cap (Lapis 3),Overvalued (Mahal),0.0,4.77707,30.0,30,30,30,0.0,0,Normal,32,Negatif,Downtrend,Bearish,Bullish MACD,Konsolidasi / Transisi,Normal,Netral,Normal,Tidak Ada Transaksi,Squeeze,Rendah,Doji (Ragu-ragu),Dekat Support (Low Risk),< 1 Miliar,Di Atas VWAP (Kuat),Netral,Gorengan Sepi (< 5M),Normal (50-150%),Sideways,Solid (Jarang Dibanting),Normal,Sideways / Stagnan,TP: 31 | CL: 29,Normal,Di Area Support,Oversold (Jenuh Jual - Peluang),Netral / Sepi Berita,Normal / Sedang Transisi,Mendekati Fibo Bottom / 100%,1,WAIT & SEE,TIDAK ADA,2026-08-20 16:40:00,Biasa / Mengikuti Pasar
16:40,ABDA,Token Mati (Perlu Update),Mid Cap (Lapis 2),Fair Value (Wajar),20.790134,1.3146639,3810.0,3640,3380,4100,0.0,1000,Normal,77,Negatif,Uptrend,Bullish,Strong Bullish,Perfect Uptrend (5>20>50),Normal,Distribusi (Turun),Normal,Tidak Ada Transaksi,Normal,Tinggi,Doji (Ragu-ragu),Rawan Pucuk (High Risk),< 1 Miliar,Persis di VWAP,Distribusi Pro (Guyuran),Gorengan Sepi (< 5M),Sepi (< 50%),Mark-Up (Fase Pesta),Spesialis Tiang Jemuran (Banting Pucuk),Normal,Sideways / Stagnan,TP: 3970 | CL: 3702,Normal,Tidak Ideal (< 1:1),Death Cross (Awal Bearish),Netral / Sepi Berita,Normal / Sedang Transisi,Dekat Support Fibo 23.6%,4,WAIT & SEE,TIDAK ADA,2026-08-20 16:40:00,Biasa / Mengikuti Pasar
16:40,ABMM,Token Mati (Perlu Update),Mid Cap (Lapis 2),Overvalued (Mahal),5.104243,8421.053,2720.0,2605,2460,2730,1.1152416356877324,797300,Tembus MA20,71,Positif,Uptrend,Bullish,Strong Bullish,Perfect Uptrend (5>20>50),Akumulasi Kuat,Akumulasi (Naik),Normal,Seimbang / Adu Mekanik,Normal,Sedang,Normal,Rawan Pucuk (High Risk),> 1 Miliar,Di Atas VWAP (Kuat),Akumulasi Pro (Smart Money),Gorengan Sepi (< 5M),Anomali Tinggi (150-300%),Mark-Up (Fase Pesta),Normal,Normal,Naik 3 Hari Beruntun,TP: 2804 | CL: 2663,Open = Low (Bullish Kuat),Tidak Ideal (< 1:1),Overbought (Jenuh Beli - Rawan),Sentimen Positif 📰,Normal / Sedang Transisi,Mendekati Fibo 23.6%,9,BELI,TIDAK ADA,2026-08-20 16:40:00,Biasa / Mengikuti Pasar
16:40,ACES,Token Mati (Perlu Update),Mid Cap (Lapis 2),Undervalued (Murah),8.1111355,0.97383815,362.0,356,344,368,0.0,15779200,Normal,59,Negatif,Uptrend,Bullish,Bearish MACD,Perfect Uptrend (5>20>50),Normal,Akumulasi (Naik),Normal,Seimbang / Adu Mekanik,Squeeze,Rendah,Normal,Area Tengah,> 1 Miliar,Di Atas VWAP (Kuat),Akumulasi Pro (Smart Money),Ritel Aktif (5M - 50M),Normal (50-150%),Mark-Up (Fase Pesta),Normal,Normal,Sideways / Stagnan,TP: 375 | CL: 353,Normal,Tidak Ideal (< 1:1),Netral / Sideways,Sentimen Positif 📰,Normal / Sedang Transisi,Mendekati Fibo 23.6%,5,WAIT & SEE,TIDAK ADA,2026-08-20 16:40:00,Biasa / Mengikuti Pasar
16:40,ACST,Token Mati (Perlu Update),Mid Cap (Lapis 2),Fair Value (Wajar),0.0,-2.3644607,85.0,85,82,90,0.0,184500,Normal,53,Negatif,Downtrend,Bullish,Bearish MACD,Perfect Uptrend (5>20>50),Normal,Distribusi (Turun),Normal,Tidak Ada Transaksi,Normal,Sedang,Doji (Ragu-ragu),Area Tengah,< 1 Miliar,Di Bawah VWAP (Lemah),Distribusi Pro (Guyuran),Gorengan Sepi (< 5M),Normal (50-150%),Distribution (Fase Jualan),Normal,Normal,Sideways / Stagnan,TP: 86 | CL: 84,Normal,Ideal (1:2),Netral / Sideways,Sentimen Negatif ⚠️,Normal / Sedang Transisi,Mendekati Fibo 38.2%,2,WAIT & SEE,TIDAK ADA,2026-08-20 16:40:00,Biasa / Mengikuti Pasar
16:40,ADES,Token Mati (Perlu Update),Big Cap (Lapis 1),Overvalued (Mahal),20.350773,5.5131655,33000.0,34297,30375,40000,0.5331302361005331,3300,Normal,48,Positif,Downtrend,Bearish,Strong Bearish,Konsolidasi / Transisi,Normal,Distribusi (Turun),Normal,Tidak Ada Transaksi,Normal,Tinggi,Doji (Ragu-ragu),Area Tengah,< 1 Miliar,Persis di VWAP,Distribusi Pro (Guyuran),Gorengan Sepi (< 5M),Sepi (< 50%),Distribution (Fase Jualan),Normal,Normal,Naik 1 Hari Beruntun,TP: 34572 | CL: 31951,Normal,Ideal (1:2),Netral / Sideways,Sentimen Positif 📰,Normal / Sedang Transisi,Dekat Support Fibo 38.2%,2,WAIT & SEE,TIDAK ADA,2026-08-20 16:40:00,Biasa / Mengikuti Pasar
16:40,ADHI,Token Mati (Perlu Update),Mid Cap (Lapis 2),Fair Value (Wajar),0.0,0.40370354,138.0,151,136,171,-1.4285714285714286,22891600,Tembus MA20,23,Negatif,Downtrend,Bearish,Strong Bearish,Strong Downtrend (5<20<50),Normal,Distribusi (Turun),Normal,Seimbang / Adu Mekanik,Normal,Tinggi,Normal,Dekat Support (Low Risk),> 1 Miliar,Di Bawah VWAP (Lemah),Distribusi Pro (Guyuran),Gorengan Sepi (< 5M),Normal (50-150%),Mark-Down (Fase Runtuh),Normal,Normal,Turun 3 Hari Beruntun,TP: 145 | CL: 133,Open = High (Tekanan Jual),Sangat Menarik (> 1:3),Oversold (Jenuh Jual - Peluang),Netral / Sepi Berita,Normal / Sedang Transisi,Mengambang (Jauh dari Fibo),1,WAIT & SEE,TIDAK ADA,2026-08-20 16:40:00,Biasa / Mengikuti Pasar
16:40,AISA,Token Mati (Perlu Update),Small Cap (Lapis 3),Undervalued (Murah),12.951168,0.95639014,122.0,117,104,141,0.0,5296900,Normal,63,Negatif,Uptrend,Bullish,Bearish MACD,Perfect Uptrend (5>20>50),Normal,Akumulasi (Naik),Normal,Seimbang / Adu Mekanik,Normal,Tinggi,Doji (Ragu-ragu),Rawan Pucuk (High Risk),< 1 Miliar,Persis di VWAP,Distribusi Pro (Guyuran),Gorengan Sepi (< 5M),Normal (50-150%),Mark-Up (Fase Pesta),Spesialis Tiang Jemuran (Banting Pucuk),Normal,Sideways / Stagnan,TP: 128 | CL: 117,Normal,Menengah (1:1),Netral / Sideways,Sentimen Positif 📰,Normal / Sedang Transisi,Dekat Support Fibo 38.2%,5,WAIT & SEE,TIDAK ADA,2026-08-20 16:40:00,Biasa / Mengikuti Pasar
16:40,AKKU,Token Mati (Perlu Update),Small Cap (Lapis 3),Overvalued (Mahal),336.2832,0.6251748,38.0,38,38,38,0.0,0,Normal,0,Negatif,Downtrend,Bearish,Bearish MACD,Konsolidasi / Transisi,Normal,Netral,Normal,Tidak Ada Transaksi,Squeeze,Rendah,Doji (Ragu-ragu),Dekat Support (Low Risk),< 1 Miliar,Di Atas VWAP (Kuat),Netral,Gorengan Sepi (< 5M),Normal (50-150%),Sideways,Solid (Jarang Dibanting),Normal,Sideways / Stagnan,TP: 39 | CL: 37,Normal,Di Area Support,Oversold (Jenuh Jual - Peluang),Netral / Sepi Berita,Normal / Sedang Transisi,Normal / Sideways,0,WAIT & SEE,TIDAK ADA,2026-08-20 16:40:00,Biasa / Mengikuti Pasar
16:40,AKPI,Token Mati (Perlu Update),Small Cap (Lapis 3),Undervalued (Murah),3.5560877,0.1597041,505.0,502,490,555,0.0,232100,Tembus MA20,55,Negatif,Uptrend,Bullish,Bearish MACD,Perfect Uptrend (5>20>50),Normal,Distribusi (Turun),Normal,Dominan Jual (Guyur),Squeeze,Rendah,Doji (Ragu-ragu),Area Tengah,< 1 Miliar,Persis di VWAP,Distribusi Pro (Guyuran),Gorengan Sepi (< 5M),Normal (50-150%),Mark-Up (Fase Pesta),Spesialis Tiang Jemuran (Banting Pucuk),Normal,Sideways / Stagnan,TP: 534 | CL: 485,Normal,Sangat Menarik (> 1:3),Netral / Sideways,Sentimen Negatif ⚠️,Normal / Sedang Transisi,Dekat Support Fibo 61.8% (Golden Ratio),4,WAIT & SEE,TIDAK ADA,2026-08-20 16:40:00,Biasa / Mengikuti Pasar
16:40,AKRA,Token Mati (Perlu Update),Big Cap (Lapis 1),Fair Value (Wajar),10.199637,2.146772,1405.0,1409,1337,1470,1.079136690647482,6810900,Normal,56,Positif,Downtrend,Bearish,Bearish MACD,Konsolidasi / Transisi,Normal,Akumulasi (Naik),Normal,Dominan Beli (Hajar Kanan),Squeeze,Rendah,Marubozu (Strong Bullish),Area Tengah,> 1 Miliar,Persis di VWAP,Distribusi Pro (Guyuran),Ritel Aktif (5M - 50M),Normal (50-150%),Distribution (Fase Jualan),Normal,Normal,Naik 1 Hari Beruntun,TP: 1443 | CL: 1379,Open = Low (Bullish Kuat),Tidak Ideal (< 1:1),Golden Cross (Awal Bullish),Sentimen Positif 📰,Normal / Sedang Transisi,Dekat Support Fibo 23.6%,5,WAIT & SEE,TIDAK ADA,2026-08-20 16:40:00,Biasa / Mengikuti Pasar
16:40,AKSI,Token Mati (Perlu Update),Small Cap (Lapis 3),Undervalued (Murah),9.108756,1.0466763,232.0,230,218,280,1.7543859649122806,59600,Normal,54,Positif,Uptrend,Bearish,Bearish MACD,Konsolidasi / Transisi,Normal,Akumulasi (Naik),Normal,Dominan Beli (Hajar Kanan),Normal,Sedang,Marubozu (Strong Bullish),Area Tengah,< 1 Miliar,Di Atas VWAP (Kuat),Akumulasi Pro (Smart Money),Gorengan Sepi (< 5M),Sepi (< 50%),Mark-Up (Fase Pesta),Spesialis Tiang Jemuran (Banting Pucuk),Normal,Naik 1 Hari Beruntun,TP: 252 | CL: 218,Open = Low (Bullish Kuat),Sangat Menarik (> 1:3),Golden Cross (Awal Bullish),Sentimen Negatif ⚠️,Supply Kering (Siap Pump) 🏜️,Mendekati Fibo 50.0%,5,WAIT & SEE,TIDAK ADA,2026-08-20 16:40:00,Biasa / Mengikuti Pasar
16:40,ALDO,Token Mati (Perlu Update),Mid Cap (Lapis 2),Overvalued (Mahal),27.769438,2.2494752,925.0,851,750,1070,1.6483516483516485,70700,Normal,65,Positif,Uptrend,Bullish,Strong Bullish,Perfect Uptrend (5>20>50),Normal,Distribusi (Turun),Normal,Dominan Beli (Hajar Kanan),Normal,Tinggi,Normal,Rawan Pucuk (High Risk),< 1 Miliar,Di Atas VWAP (Kuat),Akumulasi Pro (Smart Money),Gorengan Sepi (< 5M),Sepi (< 50%),Mark-Up (Fase Pesta),Spesialis Tiang Jemuran (Banting Pucuk),Normal,Naik 1 Hari Beruntun,TP: 1034 | CL: 851,Normal,Tidak Ideal (< 1:1),Netral / Sideways,Netral / Sepi Berita,Normal / Sedang Transisi,Mendekati Fibo 38.2%,6,WAIT & SEE,TIDAK ADA,2026-08-20 16:40:00,Biasa / Mengikuti Pasar
16:40,ALKA,Token Mati (Perlu Update),Mid Cap (Lapis 2),Overvalued (Mahal),106.032234,8.719492,4020.0,2108,960,4020,24.84472049689441,448600,Tembus MA20,93,Positif,Uptrend,Bullish,Strong Bullish,Perfect Uptrend (5>20>50),Normal,Akumulasi (Naik),Gap Up (+4.0%),Dominan Beli (Hajar Kanan),Breakout Upper,Tinggi,Marubozu (Strong Bullish),Rawan Pucuk (High Risk),> 1 Miliar,Di Atas VWAP (Kuat),Akumulasi Pro (Smart Money),Gorengan Sepi (< 5M),Anomali Tinggi (150-300%),Mark-Up (Fase Pesta),Solid (Jarang Dibanting),Normal,Naik 4 Hari Beruntun,TP: 4388 | CL: 3774,Normal,Tidak Ideal (< 1:1),Overbought (Jenuh Beli - Rawan),Netral / Sepi Berita,Normal / Sedang Transisi,Mengambang (Jauh dari Fibo),9,BELI,TIDAK ADA,2026-08-20 16:40:00,⚠️ Anomali (Sudah Terbang)
16:40,ALMI,Token Mati (Perlu Update),Small Cap (Lapis 3),Overvalued (Mahal),0.0,74000.0,74.0,74,74,74,0.0,0,Normal,0,Negatif,Downtrend,Bearish,Bearish MACD,Konsolidasi / Transisi,Normal,Netral,Normal,Tidak Ada Transaksi,Squeeze,Rendah,Doji (Ragu-ragu),Dekat Support (Low Risk),< 1 Miliar,Di Atas VWAP (Kuat),Netral,Gorengan Sepi (< 5M),Normal (50-150%),Sideways,Solid (Jarang Dibanting),Normal,Sideways / Stagnan,TP: 75 | CL: 73,Normal,Di Area Support,Oversold (Jenuh Jual - Peluang),Netral / Sepi Berita,Normal / Sedang Transisi,Normal / Sideways,0,WAIT & SEE,TIDAK ADA,2026-08-20 16:40:00,Biasa / Mengikuti Pasar
16:40,ALTO,Token Mati (Perlu Update),Small Cap (Lapis 3),Fair Value (Wajar),0.0,0.13290901,18.0,18,18,18,0.0,0,Normal,0,Negatif,Downtrend,Bearish,Bearish MACD,Konsolidasi / Transisi,Normal,Netral,Normal,Tidak Ada Transaksi,Squeeze,Rendah,Doji (Ragu-ragu),Dekat Support (Low Risk),< 1 Miliar,Di Atas VWAP (Kuat),Netral,Gorengan Sepi (< 5M),Normal (50-150%),Sideways,Solid (Jarang Dibanting),Normal,Sideways / Stagnan,TP: 19 | CL: 17,Normal,Di Area Support,Oversold (Jenuh Jual - Peluang),Netral / Sepi Berita,Normal / Sedang Transisi,Normal / Sideways,0,WAIT & SEE,TIDAK ADA,2026-08-20 16:40:00,Biasa / Mengikuti Pasar
16:40,AMAG,Token Mati (Perlu Update),Mid Cap (Lapis 2),Undervalued (Murah),8.651059,0.89816475,388.0,387,376,392,-0.5128205128205128,50500,Normal,48,Negatif,Uptrend,Bullish,Strong Bullish,Awal Reversal (5>20),Normal,Akumulasi (Naik),Normal,Dominan Jual (Guyur),Squeeze,Rendah,Normal,Area Tengah,< 1 Miliar,Persis di VWAP,Akumulasi Pro (Smart Money),Gorengan Sepi (< 5M),Sepi (< 50%),Accumulation (Kumpul Barang),Solid (Jarang Dibanting),Normal,Turun 1 Hari Beruntun,TP: 395 | CL: 383,Open = High (Tekanan Jual),Tidak Ideal (< 1:1),Overbought (Jenuh Beli - Rawan),Sentimen Positif 📰,Supply Kering (Siap Pump) 🏜️,Golden Rebound Fibo 23.6% 🎯,5,WAIT & SEE,TIDAK ADA,2026-08-20 16:40:00,Biasa / Mengikuti Pasar
16:40,AMFG,Token Mati (Perlu Update),Mid Cap (Lapis 2),Undervalued (Murah),12.804245,0.30211645,3330.0,3303,3090,3400,0.0,1200,Normal,61,Negatif,Uptrend,Bullish,Bearish MACD,Perfect Uptrend (5>20>50),Normal,Akumulasi (Naik),Normal,Dominan Beli (Hajar Kanan),Squeeze,Rendah,Doji (Ragu-ragu),Area Tengah,< 1 Miliar,Persis di VWAP,Akumulasi Pro (Smart Money),Gorengan Sepi (< 5M),Sepi (< 50%),Mark-Up (Fase Pesta),Normal,Jarum Bawah (Sinyal Pantulan Kuat),Sideways / Stagnan,TP: 3425 | CL: 3266,Normal,Tidak Ideal (< 1:1),Death Cross (Awal Bearish),Sentimen Positif 📰,Normal / Sedang Transisi,Mendekati Fibo 38.2%,6,WAIT & SEE,TIDAK ADA,2026-08-20 16:40:00,Biasa / Mengikuti Pasar
16:40,AMIN,Token Mati (Perlu Update),Small Cap (Lapis 3),Fair Value (Wajar),0.0,1.2831411,240.0,244,230,260,-0.8264462809917356,12900,Normal,43,Negatif,Downtrend,Bearish,Strong Bearish,Strong Downtrend (5<20<50),Normal,Distribusi (Turun),Normal,Dominan Beli (Hajar Kanan),Squeeze,Rendah,Doji (Ragu-ragu),Area Tengah,< 1 Miliar,Persis di VWAP,Akumulasi Pro (Smart Money),Gorengan Sepi (< 5M),Sepi (< 50%),Mark-Down (Fase Runtuh),Normal,Jarum Bawah (Sinyal Pantulan Kuat),Turun 1 Hari Beruntun,TP: 254 | CL: 230,Normal,Ideal (1:2),Netral / Sideways,Sentimen Positif 📰,Normal / Sedang Transisi,Golden Rebound Fibo 61.8% (Golden Ratio) 🎯,2,WAIT & SEE,TIDAK ADA,2026-08-20 16:40:00,Biasa / Mengikuti Pasar
16:40,AMRT,Token Mati (Perlu Update),Big Cap (Lapis 1),Overvalued (Mahal),15.980939,3.1740901,1375.0,1366,1295,1440,1.4760147601476015,16030700,Normal,50,Positif,Uptrend,Bullish,Strong Bullish,Awal Reversal (5>20),Normal,Akumulasi (Naik),Normal,Seimbang / Adu Mekanik,Normal,Sedang,Normal,Area Tengah,> 1 Miliar,Persis di VWAP,Distribusi Pro (Guyuran),Ritel Aktif (5M - 50M),Sepi (< 50%),Accumulation (Kumpul Barang),Solid (Jarang Dibanting),Normal,Naik 1 Hari Beruntun,TP: 1451 | CL: 1324,Normal,Tidak Ideal (< 1:1),Netral / Sideways,Sentimen Positif 📰,Normal / Sedang Transisi,Dekat Support Fibo 38.2%,6,WAIT & SEE,TIDAK ADA,2026-08-20 16:40:00,Biasa / Mengikuti Pasar
16:40,ANJT,Token Mati (Perlu Update),Mid Cap (Lapis 2),Fair Value (Wajar),0.0,1.2543201,1580.0,1483,1355,1610,5.68561872909699,202200,Tembus MA20,66,Positif,Uptrend,Bullish,Strong Bullish,Perfect Uptrend (5>20>50),Akumulasi Kuat,Akumulasi (Naik),Normal,Dominan Beli (Hajar Kanan),Breakout Upper,Sedang,Normal,Rawan Pucuk (High Risk),< 1 Miliar,Di Atas VWAP (Kuat),Distribusi Pro (Guyuran),Gorengan Sepi (< 5M),Anomali Tinggi (150-300%),Mark-Up (Fase Pesta),Normal,Normal,Naik 1 Hari Beruntun,TP: 1635 | CL: 1542,Normal,Tidak Ideal (< 1:1),Netral / Sideways,Sentimen Positif 📰,Normal / Sedang Transisi,Dekat Support Fibo 23.6%,10,BELI,TIDAK ADA,2026-08-20 16:40:00,Biasa / Mengikuti Pasar
16:40,ANTM,Token Mati (Perlu Update),Big Cap (Lapis 1),Fair Value (Wajar),8.866856,1.9362186,3120.0,3011,2800,3220,2.9702970297029703,130927200,Tembus MA20,58,Positif,Uptrend,Bullish,Strong Bullish,Perfect Uptrend (5>20>50),Normal,Akumulasi (Naik),Gap Up (+3.0%),Dominan Jual (Guyur),Normal,Sedang,Doji (Ragu-ragu),Rawan Pucuk (High Risk),> 1 Miliar,Di Atas VWAP (Kuat),Distribusi Pro (Guyuran),Sultan (> 50M/hari),Normal (50-150%),Mark-Up (Fase Pesta),Normal,Normal,Naik 1 Hari Beruntun,TP: 3272 | CL: 3018,Normal,Tidak Ideal (< 1:1),Netral / Sideways,Sentimen Negatif ⚠️,Normal / Sedang Transisi,Mendekati Fibo 23.6%,8,BELI,TIDAK ADA,2026-08-20 16:40:00,Biasa / Mengikuti Pasar
16:40,APEX,Token Mati (Perlu Update),Small Cap (Lapis 3),Overvalued (Mahal),6.6507506,9750.0,194.0,165,140,204,1.0416666666666665,41365900,Tembus MA20,75,Positif,Uptrend,Bullish,Strong Bullish,Perfect Uptrend (5>20>50),Normal,Akumulasi (Naik),Normal,Seimbang / Adu Mekanik,Normal,Tinggi,Doji (Ragu-ragu),Rawan Pucuk (High Risk),> 1 Miliar,Di Atas VWAP (Kuat),Akumulasi Pro (Smart Money),Ritel Aktif (5M - 50M),Normal (50-150%),Mark-Up (Fase Pesta),Normal,Jarum Bawah (Sinyal Pantulan Kuat),Naik 4 Hari Beruntun,TP: 210 | CL: 183,Normal,Tidak Ideal (< 1:1),Netral / Sideways,Sentimen Positif 📰,Normal / Sedang Transisi,Mengambang (Jauh dari Fibo),8,BELI,TIDAK ADA,2026-08-20 16:40:00,Biasa / Mengikuti Pasar
16:40,APIC,Token Mati (Perlu Update),Mid Cap (Lapis 2),Overvalued (Mahal),61.29398,1.9600582,540.0,606,500,760,4.854368932038835,1414300,Normal,33,Positif,Downtrend,Bearish,Strong Bearish,Strong Downtrend (5<20<50),Normal,Distribusi (Turun),Normal,Seimbang / Adu Mekanik,Normal,Tinggi,Normal,Area Tengah,< 1 Miliar,Persis di VWAP,Distribusi Pro (Guyuran),Gorengan Sepi (< 5M),Normal (50-150%),Mark-Down (Fase Runtuh),Spesialis Tiang Jemuran (Banting Pucuk),Normal,Naik 1 Hari Beruntun,TP: 588 | CL: 507,Normal,Sangat Menarik (> 1:3),Golden Cross (Awal Bullish),Netral / Sepi Berita,Normal / Sedang Transisi,Mengambang (Jauh dari Fibo),1,WAIT & SEE,TIDAK ADA,2026-08-20 16:40:00,Biasa / Mengikuti Pasar
16:40,APII,Token Mati (Perlu Update),Small Cap (Lapis 3),Undervalued (Murah),10.169312,0.5056294,191.0,186,167,202,0.5263157894736842,346000,Normal,57,Positif,Uptrend,Bullish,Bearish MACD,Perfect Uptrend (5>20>50),Normal,Akumulasi (Naik),Normal,Seimbang / Adu Mekanik,Normal,Sedang,Normal,Rawan Pucuk (High Risk),< 1 Miliar,Persis di VWAP,Akumulasi Pro (Smart Money),Gorengan Sepi (< 5M),Normal (50-150%),Mark-Up (Fase Pesta),Spesialis Tiang Jemuran (Banting Pucuk),Normal,Naik 2 Hari Beruntun,TP: 202 | CL: 183,Open = High (Tekanan Jual),Tidak Ideal (< 1:1),Death Cross (Awal Bearish),Sentimen Positif 📰,Normal / Sedang Transisi,Dekat Support Fibo 23.6%,6,WAIT & SEE,TIDAK ADA,2026-08-20 16:40:00,Biasa / Mengikuti Pasar
16:40,APLI,Token Mati (Perlu Update),Small Cap (Lapis 3),Overvalued (Mahal),25.818523,1.2812954,276.0,253,234,320,2.2222222222222223,634500,Tembus MA20,70,Positif,Uptrend,Bullish,Strong Bullish,Perfect Uptrend (5>20>50),Normal,Akumulasi (Naik),Normal,Seimbang / Adu Mekanik,Breakout Upper,Tinggi,Normal,Rawan Pucuk (High Risk),< 1 Miliar,Di Bawah VWAP (Lemah),Distribusi Pro (Guyuran),Gorengan Sepi (< 5M),Normal (50-150%),Mark-Up (Fase Pesta),Spesialis Tiang Jemuran (Banting Pucuk),Normal,Naik 2 Hari Beruntun,TP: 300 | CL: 259,Normal,Menengah (1:1),Golden Cross (Awal Bullish),Sentimen Positif 📰,Normal / Sedang Transisi,Mendekati Fibo 38.2%,8,BELI,TIDAK ADA,2026-08-20 16:40:00,Biasa / Mengikuti Pasar
16:40,APLN,Token Mati (Perlu Update),Mid Cap (Lapis 2),Undervalued (Murah),8.216881,0.28459084,147.0,128,115,163,1.3793103448275863,167174100,Tembus MA20,67,Positif,Uptrend,Bullish,Strong Bullish,Perfect Uptrend (5>20>50),Normal,Akumulasi (Naik),Normal,Dominan Beli (Hajar Kanan),Breakout Upper,Tinggi,Doji (Ragu-ragu),Rawan Pucuk (High Risk),> 1 Miliar,Di Atas VWAP (Kuat),Distribusi Pro (Guyuran),Ritel Aktif (5M - 50M),Normal (50-150%),Mark-Up (Fase Pesta),Spesialis Tiang Jemuran (Banting Pucuk),Jarum Bawah (Sinyal Pantulan Kuat),Naik 4 Hari Beruntun,TP: 158 | CL: 139,Normal,Tidak Ideal (< 1:1),Death Cross (Awal Bearish),Sentimen Positif 📰,Normal / Sedang Transisi,Mendekati Fibo 38.2%,9,BELI,TIDAK ADA,2026-08-20 16:40:00,Biasa / Mengikuti Pasar
16:40,ARGO,Token Mati (Perlu Update),Mid Cap (Lapis 2),Overvalued (Mahal),140.85367,22.980503,1155.0,1164,1050,1255,0.0,143600,Normal,58,Negatif,Downtrend,Bearish,Bearish MACD,Konsolidasi / Transisi,Normal,Akumulasi (Naik),Normal,Dominan Beli (Hajar Kanan),Normal,Sedang,Doji (Ragu-ragu),Rawan Pucuk (High Risk),< 1 Miliar,Persis di VWAP,Akumulasi Pro (Smart Money),Gorengan Sepi (< 5M),Normal (50-150%),Distribution (Fase Jualan),Normal,Jarum Bawah (Sinyal Pantulan Kuat),Sideways / Stagnan,TP: 1217 | CL: 1113,Normal,Tidak Ideal (< 1:1),Golden Cross (Awal Bullish),Sentimen Positif 📰,Supply Kering (Siap Pump) 🏜️,Mendekati Fibo 23.6%,4,WAIT & SEE,TIDAK ADA,2026-08-20 16:40:00,Biasa / Mengikuti Pasar
16:40,ARII,Token Mati (Perlu Update),Mid Cap (Lapis 2),Overvalued (Mahal),12.275318,13333.334,280.0,276,250,318,-0.7092198581560284,206800,Tembus MA20,53,Negatif,Uptrend,Bullish,Strong Bullish,Awal Reversal (5>20),Normal,Distribusi (Turun),Normal,Dominan Jual (Guyur),Squeeze,Rendah,Normal,Rawan Pucuk (High Risk),< 1 Miliar,Di Bawah VWAP (Lemah),Distribusi Pro (Guyuran),Gorengan Sepi (< 5M),Normal (50-150%),Accumulation (Kumpul Barang),Spesialis Tiang Jemuran (Banting Pucuk),Normal,Turun 2 Hari Beruntun,TP: 306 | CL: 262,Normal,Menengah (1:1),Netral / Sideways,Netral / Sepi Berita,Normal / Sedang Transisi,Dekat Support Fibo 50.0%,5,WAIT & SEE,TIDAK ADA,2026-08-20 16:40:00,Biasa / Mengikuti Pasar
16:40,ARNA,Token Mati (Perlu Update),Mid Cap (Lapis 2),Fair Value (Wajar),8.333333,1.9032956,492.0,493,476,505,0.0,2316800,Normal,63,Negatif,Downtrend,Bullish,Bearish MACD,Perfect Uptrend (5>20>50),Normal,Distribusi (Turun),Normal,Seimbang / Adu Mekanik,Squeeze,Rendah,Doji (Ragu-ragu),Area Tengah,> 1 Miliar,Persis di VWAP,Akumulasi Pro (Smart Money),Gorengan Sepi (< 5M),Normal (50-150%),Distribution (Fase Jualan),Spesialis Tiang Jemuran (Banting Pucuk),Jarum Bawah (Sinyal Pantulan Kuat),Sideways / Stagnan,TP: 501 | CL: 485,Normal,Tidak Ideal (< 1:1),Netral / Sideways,Sentimen Positif 📰,Normal / Sedang Transisi,Mendekati Fibo 23.6%,3,WAIT & SEE,TIDAK ADA,2026-08-20 16:40:00,Biasa / Mengikuti Pasar
16:40,ARTA,Token Mati (Perlu Update),Mid Cap (Lapis 2),Overvalued (Mahal),0.0,6.81505,2290.0,2418,2250,2950,0.43859649122807015,300,Normal,41,Positif,Downtrend,Bearish,Strong Bearish,Strong Downtrend (5<20<50),Normal,Distribusi (Turun),Normal,Dominan Beli (Hajar Kanan),Normal,Tinggi,Marubozu (Strong Bullish),Dekat Support (Low Risk),< 1 Miliar,Persis di VWAP,Akumulasi Pro (Smart Money),Gorengan Sepi (< 5M),Sepi (< 50%),Mark-Down (Fase Runtuh),Normal,Normal,Naik 1 Hari Beruntun,TP: 2488 | CL: 2157,Open = Low (Bullish Kuat),Sangat Menarik (> 1:3),Oversold (Jenuh Jual - Peluang),Sentimen Positif 📰,Normal / Sedang Transisi,Mendekati Fibo 78.6%,3,WAIT & SEE,TIDAK ADA,2026-08-20 16:40:00,Biasa / Mengikuti Pasar
16:40,ARTI,Token Mati (Perlu Update),Small Cap (Lapis 3),Fair Value (Wajar),1.0695187,-0.072920844,2.0,2,2,2,0.0,0,Normal,0,Negatif,Downtrend,Bearish,Bearish MACD,Konsolidasi / Transisi,Normal,Netral,Normal,Tidak Ada Transaksi,Squeeze,Rendah,Doji (Ragu-ragu),Dekat Support (Low Risk),< 1 Miliar,Di Atas VWAP (Kuat),Netral,Gorengan Sepi (< 5M),Normal (50-150%),Sideways,Solid (Jarang Dibanting),Normal,Sideways / Stagnan,TP: 3 | CL: 1,Normal,Di Area Support,Oversold (Jenuh Jual - Peluang),Netral / Sepi Berita,Normal / Sedang Transisi,Normal / Sideways,0,WAIT & SEE,TIDAK ADA,2026-08-20 16:40:00,Biasa / Mengikuti Pasar
16:40,ARTO,Token Mati (Perlu Update),Big Cap (Lapis 1),Overvalued (Mahal),44.616673,1.6354524,1070.0,1223,1060,1360,-0.46511627906976744,24668000,Tembus MA20,38,Negatif,Downtrend,Bearish,Strong Bearish,Konsolidasi / Transisi,Distribusi Kuat,Distribusi (Turun),Normal,Dominan Jual (Guyur),Bottom Rebound,Tinggi,Normal,Dekat Support (Low Risk),> 1 Miliar,Di Bawah VWAP (Lemah),Distribusi Pro (Guyuran),Ritel Aktif (5M - 50M),Ledakan Ekstrem (> 300%),Distribution (Fase Jualan),Normal,Normal,Turun 5 Hari Beruntun,TP: 1154 | CL: 1013,Normal,Sangat Menarik (> 1:3),Oversold (Jenuh Jual - Peluang),Sentimen Positif 📰,Normal / Sedang Transisi,Mengambang (Jauh dari Fibo),2,WAIT & SEE,TIDAK ADA,2026-08-20 16:40:00,Biasa / Mengikuti Pasar
16:40,ASBI,Token Mati (Perlu Update),Small Cap (Lapis 3),Undervalued (Murah),8.376368,0.30865726,412.0,419,392,438,0.4878048780487805,2100,Normal,47,Positif,Downtrend,Bearish,Strong Bearish,Konsolidasi / Transisi,Normal,Akumulasi (Naik),Gap Up (+4.4%),Dominan Jual (Guyur),Normal,Sedang,Normal,Area Tengah,< 1 Miliar,Persis di VWAP,Distribusi Pro (Guyuran),Gorengan Sepi (< 5M),Sepi (< 50%),Distribution (Fase Jualan),Normal,Normal,Naik 1 Hari Beruntun,TP: 438 | CL: 394,Open = High (Tekanan Jual),Menengah (1:1),Golden Cross (Awal Bullish),Sentimen Positif 📰,Normal / Sedang Transisi,Dekat Support Fibo 61.8% (Golden Ratio),4,WAIT & SEE,TIDAK ADA,2026-08-20 16:40:00,Biasa / Mengikuti Pasar
16:40,ASDM,Token Mati (Perlu Update),Small Cap (Lapis 3),Undervalued (Murah),10.412414,0.5420163,510.0,511,498,535,-0.9708737864077669,22500,Normal,50,Negatif,Downtrend,Bullish,Bearish MACD,Perfect Uptrend (5>20>50),Normal,Distribusi (Turun),Normal,Seimbang / Adu Mekanik,Squeeze,Rendah,Normal,Dekat Support (Low Risk),< 1 Miliar,Persis di VWAP,Distribusi Pro (Guyuran),Gorengan Sepi (< 5M),Normal (50-150%),Distribution (Fase Jualan),Normal,Normal,Turun 1 Hari Beruntun,TP: 527 | CL: 498,Open = High (Tekanan Jual),Ideal (1:2),Netral / Sideways,Sentimen Positif 📰,Normal / Sedang Transisi,Dekat Support Fibo 50.0%,2,WAIT & SEE,TIDAK ADA,2026-08-20 16:40:00,Biasa / Mengikuti Pasar
16:40,ASGR,Token Mati (Perlu Update),Mid Cap (Lapis 2),Undervalued (Murah),7.9718537,1.240669,1790.0,1820,1740,1970,0.8450704225352111,435500,Normal,52,Positif,Downtrend,Bearish,Bearish MACD,Konsolidasi / Transisi,Normal,Akumulasi (Naik),Normal,Dominan Beli (Hajar Kanan),Normal,Sedang,Normal,Dekat Support (Low Risk),< 1 Miliar,Persis di VWAP,Distribusi Pro (Guyuran),Gorengan Sepi (< 5M),Normal (50-150%),Distribution (Fase Jualan),Normal,Normal,Naik 1 Hari Beruntun,TP: 1846 | CL: 1752,Open = Low (Bullish Kuat),Sangat Menarik (> 1:3),Golden Cross (Awal Bullish),Sentimen Positif 📰,Normal / Sedang Transisi,Mendekati Fibo 38.2%,5,WAIT & SEE,TIDAK ADA,2026-08-20 16:40:00,Biasa / Mengikuti Pasar
16:40,ASII,Token Mati (Perlu Update),Big Cap (Lapis 1),Undervalued (Murah),6.44795,0.82766265,4760.0,4943,4720,5275,0.6342494714587738,28554100,Normal,40,Positif,Downtrend,Bearish,Strong Bearish,Konsolidasi / Transisi,Normal,Distribusi (Turun),Normal,Dominan Beli (Hajar Kanan),Bottom Rebound,Sedang,Normal,Dekat Support (Low Risk),> 1 Miliar,Persis di VWAP,Distribusi Pro (Guyuran),Sultan (> 50M/hari),Normal (50-150%),Distribution (Fase Jualan),Normal,Normal,Naik 1 Hari Beruntun,TP: 4954 | CL: 4630,Normal,Sangat Menarik (> 1:3),Oversold (Jenuh Jual - Peluang),Sentimen Positif 📰,Normal / Sedang Transisi,Golden Rebound Fibo 78.6% 🎯,3,WAIT & SEE,TIDAK ADA,2026-08-20 16:40:00,Biasa / Mengikuti Pasar
16:40,ASJT,Token Mati (Perlu Update),Small Cap (Lapis 3),Fair Value (Wajar),0.0,0.7594657,165.0,155,149,212,5.769230769230769,727300,Normal,60,Positif,Uptrend,Bullish,Bullish MACD,Awal Reversal (5>20),Normal,Akumulasi (Naik),Normal,Dominan Beli (Hajar Kanan),Breakout Upper,Sedang,Marubozu (Strong Bullish),Rawan Pucuk (High Risk),< 1 Miliar,Di Atas VWAP (Kuat),Akumulasi Pro (Smart Money),Gorengan Sepi (< 5M),Anomali Tinggi (150-300%),Accumulation (Kumpul Barang),Spesialis Tiang Jemuran (Banting Pucuk),Normal,Naik 1 Hari Beruntun,TP: 173 | CL: 159,Open = Low (Bullish Kuat),Ideal (1:2),Netral / Sideways,Sentimen Positif 📰,Supply Kering (Siap Pump) 🏜️,Golden Rebound Fibo 61.8% (Golden Ratio) 🎯,8,BELI,TIDAK ADA,2026-08-20 16:40:00,Biasa / Mengikuti Pasar
16:40,ASMI,Token Mati (Perlu Update),Small Cap (Lapis 3),Fair Value (Wajar),0.0,0.5880725,17.0,16,15,19,6.25,10023600,Normal,52,Positif,Uptrend,Bearish,Strong Bearish,Konsolidasi / Transisi,Normal,Distribusi (Turun),Gap Up (+6.2%),Tidak Ada Transaksi,Normal,Tinggi,Doji (Ragu-ragu),Rawan Pucuk (High Risk),< 1 Miliar,Di Atas VWAP (Kuat),Distribusi Pro (Guyuran),Gorengan Sepi (< 5M),Sepi (< 50%),Mark-Up (Fase Pesta),Normal,Normal,Naik 1 Hari Beruntun,TP: 18 | CL: 16,Normal,Menengah (1:1),Netral / Sideways,Netral / Sepi Berita,Normal / Sedang Transisi,Mendekati Fibo 61.8% (Golden Ratio),4,WAIT & SEE,TIDAK ADA,2026-08-20 16:40:00,Biasa / Mengikuti Pasar
16:40,ASRI,Token Mati (Perlu Update),Mid Cap (Lapis 2),Undervalued (Murah),8.984105,0.22189564,131.0,121,115,141,1.550387596899225,22167700,Tembus MA20,65,Positif,Uptrend,Bullish,Strong Bullish,Perfect Uptrend (5>20>50),Normal,Distribusi (Turun),Normal,Seimbang / Adu Mekanik,Breakout Upper,Sedang,Normal,Rawan Pucuk (High Risk),> 1 Miliar,Persis di VWAP,Distribusi Pro (Guyuran),Ritel Aktif (5M - 50M),Normal (50-150%),Mark-Up (Fase Pesta),Spesialis Tiang Jemuran (Banting Pucuk),Normal,Naik 1 Hari Beruntun,TP: 138 | CL: 125,Normal,Tidak Ideal (< 1:1),Death Cross (Awal Bearish),Sentimen Negatif ⚠️,Normal / Sedang Transisi,Dekat Support Fibo 23.6%,6,WAIT & SEE,TIDAK ADA,2026-08-20 16:40:00,Biasa / Mengikuti Pasar
16:40,ASRM,Token Mati (Perlu Update),Small Cap (Lapis 3),Overvalued (Mahal),64.13302,0.44470212,270.0,266,250,278,0.0,1600,Normal,63,Negatif,Uptrend,Bullish,Bearish MACD,Perfect Uptrend (5>20>50),Normal,Akumulasi (Naik),Normal,Dominan Beli (Hajar Kanan),Squeeze,Rendah,Marubozu (Strong Bullish),Area Tengah,< 1 Miliar,Di Atas VWAP (Kuat),Akumulasi Pro (Smart Money),Gorengan Sepi (< 5M),Sepi (< 50%),Mark-Up (Fase Pesta),Normal,Normal,Sideways / Stagnan,TP: 278 | CL: 264,Open = Low (Bullish Kuat),Tidak Ideal (< 1:1),Netral / Sideways,Sentimen Positif 📰,Normal / Sedang Transisi,Dekat Support Fibo 23.6%,6,WAIT & SEE,TIDAK ADA,2026-08-20 16:40:00,Biasa / Mengikuti Pasar
16:40,ASSA,Token Mati (Perlu Update),Mid Cap (Lapis 2),Undervalued (Murah),5.849781,1.0693616,655.0,620,565,670,1.550387596899225,7054400,Tembus MA20,63,Positif,Uptrend,Bullish,Strong Bullish,Perfect Uptrend (5>20>50),Normal,Akumulasi (Naik),Normal,Dominan Beli (Hajar Kanan),Normal,Sedang,Normal,Rawan Pucuk (High Risk),> 1 Miliar,Di Atas VWAP (Kuat),Akumulasi Pro (Smart Money),Gorengan Sepi (< 5M),Normal (50-150%),Mark-Up (Fase Pesta),Spesialis Tiang Jemuran (Banting Pucuk),Normal,Naik 1 Hari Beruntun,TP: 691 | CL: 630,Normal,Tidak Ideal (< 1:1),Netral / Sideways,Sentimen Positif 📰,Normal / Sedang Transisi,Mendekati Fibo 23.6%,9,BELI,TIDAK ADA,2026-08-20 16:40:00,Biasa / Mengikuti Pasar
16:40,ATIC,Token Mati (Perlu Update),Mid Cap (Lapis 2),Fair Value (Wajar),7.4014997,1.7231776,464.0,468,450,515,0.0,35500,Normal,47,Negatif,Downtrend,Bearish,Strong Bearish,Strong Downtrend (5<20<50),Normal,Akumulasi (Naik),Normal,Seimbang / Adu Mekanik,Squeeze,Rendah,Normal,Area Tengah,< 1 Miliar,Persis di VWAP,Akumulasi Pro (Smart Money),Gorengan Sepi (< 5M),Sepi (< 50%),Mark-Down (Fase Runtuh),Spesialis Tiang Jemuran (Banting Pucuk),Normal,Sideways / Stagnan,TP: 485 | CL: 449,Open = Low (Bullish Kuat),Sangat Menarik (> 1:3),Golden Cross (Awal Bullish),Netral / Sepi Berita,Normal / Sedang Transisi,Mendekati Fibo Bottom / 100%,1,WAIT & SEE,TIDAK ADA,2026-08-20 16:40:00,Biasa / Mengikuti Pasar
16:40,AUTO,Token Mati (Perlu Update),Big Cap (Lapis 1),Undervalued (Murah),5.887871,0.88915384,2950.0,2778,2540,2970,0.6825938566552902,1401900,Normal,83,Positif,Uptrend,Bullish,Strong Bullish,Perfect Uptrend (5>20>50),Normal,Akumulasi (Naik),Normal,Seimbang / Adu Mekanik,Normal,Sedang,Normal,Rawan Pucuk (High Risk),> 1 Miliar,Di Atas VWAP (Kuat),Akumulasi Pro (Smart Money),Ritel Aktif (5M - 50M),Normal (50-150%),Mark-Up (Fase Pesta),Spesialis Tiang Jemuran (Banting Pucuk),Normal,Naik 1 Hari Beruntun,TP: 3035 | CL: 2892,Normal,Tidak Ideal (< 1:1),Overbought (Jenuh Beli - Rawan),Netral / Sepi Berita,Normal / Sedang Transisi,Mendekati Fibo 23.6%,6,WAIT & SEE,TIDAK ADA,2026-08-20 16:40:00,Biasa / Mengikuti Pasar
16:40,BABP,Token Mati (Perlu Update),Mid Cap (Lapis 2),Overvalued (Mahal),26.88172,0.58640707,50.0,50,50,50,0.0,168400,Normal,37,Negatif,Downtrend,Bearish,Bullish MACD,Konsolidasi / Transisi,Normal,Netral,Normal,Tidak Ada Transaksi,Squeeze,Rendah,Doji (Ragu-ragu),Dekat Support (Low Risk),< 1 Miliar,Persis di VWAP,Netral,Gorengan Sepi (< 5M),Sepi (< 50%),Sideways,Solid (Jarang Dibanting),Normal,Sideways / Stagnan,TP: 51 | CL: 49,Normal,Di Area Support,Oversold (Jenuh Jual - Peluang),Sentimen Positif 📰,Normal / Sedang Transisi,Golden Rebound Fibo Bottom / 100% 🎯,2,WAIT & SEE,TIDAK ADA,2026-08-20 16:40:00,Biasa / Mengikuti Pasar
16:40,BACA,Token Mati (Perlu Update),Mid Cap (Lapis 2),Fair Value (Wajar),16.246498,0.339857,116.0,115,111,121,-0.8547008547008548,809600,Normal,53,Negatif,Uptrend,Bullish,Bearish MACD,Perfect Uptrend (5>20>50),Normal,Distribusi (Turun),Normal,Dominan Jual (Guyur),Squeeze,Rendah,Normal,Area Tengah,< 1 Miliar,Persis di VWAP,Akumulasi Pro (Smart Money),Gorengan Sepi (< 5M),Normal (50-150%),Mark-Up (Fase Pesta),Normal,Normal,Turun 1 Hari Beruntun,TP: 121 | CL: 112,Normal,Menengah (1:1),Netral / Sideways,Netral / Sepi Berita,Normal / Sedang Transisi,Mendekati Fibo 50.0%,3,WAIT & SEE,TIDAK ADA,2026-08-20 16:40:00,Biasa / Mengikuti Pasar
16:40,BAJA,Token Mati (Perlu Update),Small Cap (Lapis 3),Overvalued (Mahal),358.5366,12.399308,294.0,305,163,376,-9.815950920245399,1610100,Normal,53,Negatif,Downtrend,Bullish,Bearish MACD,Perfect Uptrend (5>20>50),Normal,Distribusi (Turun),Gap Down (-9.8%),Tidak Ada Transaksi,Normal,Tinggi,Doji (Ragu-ragu),Rawan Pucuk (High Risk),< 1 Miliar,Di Bawah VWAP (Lemah),Distribusi Pro (Guyuran),Gorengan Sepi (< 5M),Anomali Tinggi (150-300%),Distribution (Fase Jualan),Normal,Normal,Turun 2 Hari Beruntun,TP: 321 | CL: 275,Normal,Tidak Ideal (< 1:1),Netral / Sideways,Sentimen Negatif ⚠️,Normal / Sedang Transisi,Mengambang (Jauh dari Fibo),2,WAIT & SEE,TIDAK ADA,2026-08-20 16:40:00,🔥 ANOMALI BANDAR (Siap Ledakan)
16:40,BALI,Token Mati (Perlu Update),Mid Cap (Lapis 2),Overvalued (Mahal),28.131868,2.0715528,1280.0,1228,1170,1360,-2.6615969581749046,19000,Normal,58,Negatif,Uptrend,Bullish,Strong Bullish,Awal Reversal (5>20),Normal,Akumulasi (Naik),Normal,Seimbang / Adu Mekanik,Normal,Sedang,Normal,Area Tengah,< 1 Miliar,Di Atas VWAP (Kuat),Akumulasi Pro (Smart Money),Gorengan Sepi (< 5M),Normal (50-150%),Accumulation (Kumpul Barang),Normal,Normal,Turun 1 Hari Beruntun,TP: 1327 | CL: 1248,Normal,Tidak Ideal (< 1:1),Netral / Sideways,Netral / Sepi Berita,Supply Banjir (Distribusi) 🌊,Mendekati Fibo 61.8% (Golden Ratio),5,WAIT & SEE,TIDAK ADA,2026-08-20 16:40:00,Biasa / Mengikuti Pasar
16:40,BAPA,Token Mati (Perlu Update),Small Cap (Lapis 3),Fair Value (Wajar),0.0,0.8572502,146.0,162,137,234,1.3888888888888888,5929500,Normal,34,Positif,Downtrend,Bearish,Bullish MACD,Strong Downtrend (5<20<50),Normal,Distribusi (Turun),Normal,Dominan Beli (Hajar Kanan),Normal,Tinggi,Normal,Area Tengah,< 1 Miliar,Di Atas VWAP (Kuat),Distribusi Pro (Guyuran),Gorengan Sepi (< 5M),Sepi (< 50%),Mark-Down (Fase Runtuh),Normal,Normal,Naik 1 Hari Beruntun,TP: 160 | CL: 136,Normal,Sangat Menarik (> 1:3),Oversold (Jenuh Jual - Peluang),Netral / Sepi Berita,Normal / Sedang Transisi,Mengambang (Jauh dari Fibo),3,WAIT & SEE,TIDAK ADA,2026-08-20 16:40:00,Biasa / Mengikuti Pasar
16:40,BATA,Token Mati (Perlu Update),Small Cap (Lapis 3),Fair Value (Wajar),0.0,-0.433301,59.0,59,59,59,0.0,0,Normal,44,Negatif,Downtrend,Bearish,Bullish MACD,Konsolidasi / Transisi,Normal,Netral,Normal,Tidak Ada Transaksi,Squeeze,Rendah,Doji (Ragu-ragu),Dekat Support (Low Risk),< 1 Miliar,Di Atas VWAP (Kuat),Netral,Gorengan Sepi (< 5M),Normal (50-150%),Sideways,Solid (Jarang Dibanting),Normal,Sideways / Stagnan,TP: 60 | CL: 58,Normal,Di Area Support,Oversold (Jenuh Jual - Peluang),Netral / Sepi Berita,Normal / Sedang Transisi,Golden Rebound Fibo 78.6% 🎯,1,WAIT & SEE,TIDAK ADA,2026-08-20 16:40:00,Biasa / Mengikuti Pasar
16:40,BAYU,Token Mati (Perlu Update),Small Cap (Lapis 3),Overvalued (Mahal),52.89769,0.740713,1245.0,1176,1050,1260,-1.1904761904761905,62400,Normal,67,Negatif,Uptrend,Bullish,Strong Bullish,Perfect Uptrend (5>20>50),Normal,Akumulasi (Naik),Normal,Seimbang / Adu Mekanik,Breakout Upper,Sedang,Normal,Rawan Pucuk (High Risk),< 1 Miliar,Di Atas VWAP (Kuat),Akumulasi Pro (Smart Money),Gorengan Sepi (< 5M),Normal (50-150%),Mark-Up (Fase Pesta),Solid (Jarang Dibanting),Normal,Turun 1 Hari Beruntun,TP: 1305 | CL: 1205,Open = High (Tekanan Jual),Tidak Ideal (< 1:1),Overbought (Jenuh Beli - Rawan),Sentimen Positif 📰,Normal / Sedang Transisi,Mendekati Fibo 23.6%,6,WAIT & SEE,TIDAK ADA,2026-08-20 16:40:00,Biasa / Mengikuti Pasar
16:40,BBCA,Token Mati (Perlu Update),Big Cap (Lapis 1),Fair Value (Wajar),13.510077,2.8957372,6375.0,6341,6125,6500,1.1904761904761905,42335700,Normal,54,Positif,Uptrend,Bearish,Bearish MACD,Konsolidasi / Transisi,Normal,Distribusi (Turun),Normal,Dominan Beli (Hajar Kanan),Squeeze,Rendah,Normal,Area Tengah,> 1 Miliar,Persis di VWAP,Distribusi Pro (Guyuran),Sultan (> 50M/hari),Normal (50-150%),Mark-Up (Fase Pesta),Normal,Normal,Naik 1 Hari Beruntun,TP: 6557 | CL: 6253,Normal,Tidak Ideal (< 1:1),Netral / Sideways,Sentimen Positif 📰,Normal / Sedang Transisi,Mendekati Fibo 23.6%,5,WAIT & SEE,TIDAK ADA,2026-08-20 16:40:00,Biasa / Mengikuti Pasar
16:40,BBHI,Token Mati (Perlu Update),Big Cap (Lapis 1),Overvalued (Mahal),33.14917,2.649576,900.0,909,895,945,-0.5524861878453038,8643500,Normal,45,Negatif,Downtrend,Bearish,Strong Bearish,Strong Downtrend (5<20<50),Normal,Distribusi (Turun),Normal,Seimbang / Adu Mekanik,Squeeze,Rendah,Doji (Ragu-ragu),Dekat Support (Low Risk),> 1 Miliar,Persis di VWAP,Distribusi Pro (Guyuran),Ritel Aktif (5M - 50M),Sepi (< 50%),Mark-Down (Fase Runtuh),Normal,Normal,Turun 1 Hari Beruntun,TP: 924 | CL: 883,Normal,Sangat Menarik (> 1:3),Oversold (Jenuh Jual - Peluang),Sentimen Positif 📰,Normal / Sedang Transisi,Mengambang (Jauh dari Fibo),1,WAIT & SEE,TIDAK ADA,2026-08-20 16:40:00,Biasa / Mengikuti Pasar
16:40,BBKP,Token Mati (Perlu Update),Big Cap (Lapis 1),Fair Value (Wajar),0.0,1.303872,56.0,54,51,57,1.8181818181818181,47465800,Normal,62,Positif,Uptrend,Bullish,Strong Bullish,Perfect Uptrend (5>20>50),Normal,Distribusi (Turun),Normal,Dominan Beli (Hajar Kanan),Normal,Sedang,Normal,Area Tengah,> 1 Miliar,Di Atas VWAP (Kuat),Akumulasi Pro (Smart Money),Gorengan Sepi (< 5M),Normal (50-150%),Mark-Up (Fase Pesta),Spesialis Tiang Jemuran (Banting Pucuk),Normal,Naik 1 Hari Beruntun,TP: 58 | CL: 54,Normal,Tidak Ideal (< 1:1),Netral / Sideways,Sentimen Positif 📰,Normal / Sedang Transisi,Dekat Support Fibo 38.2%,7,BELI,TIDAK ADA,2026-08-20 16:40:00,Biasa / Mengikuti Pasar
16:40,BBLD,Token Mati (Perlu Update),Mid Cap (Lapis 2),Overvalued (Mahal),342.5,0.78959715,685.0,610,560,750,-0.7246376811594203,57100,Normal,66,Negatif,Uptrend,Bullish,Strong Bullish,Perfect Uptrend (5>20>50),Normal,Akumulasi (Naik),Gap Up (+5.8%),Seimbang / Adu Mekanik,Breakout Upper,Tinggi,Normal,Rawan Pucuk (High Risk),< 1 Miliar,Di Atas VWAP (Kuat),Akumulasi Pro (Smart Money),Gorengan Sepi (< 5M),Normal (50-150%),Mark-Up (Fase Pesta),Spesialis Tiang Jemuran (Banting Pucuk),Normal,Turun 1 Hari Beruntun,TP: 778 | CL: 622,Open = High (Tekanan Jual),Tidak Ideal (< 1:1),Netral / Sideways,Sentimen Positif 📰,Supply Banjir (Distribusi) 🌊,Mendekati Fibo 38.2%,7,BELI,TIDAK ADA,2026-08-20 16:40:00,Biasa / Mengikuti Pasar
16:40,BBMD,Token Mati (Perlu Update),Mid Cap (Lapis 2),Overvalued (Mahal),26.111408,1.467112,1950.0,1995,1900,2050,-0.2557544757033248,8100,Normal,43,Negatif,Downtrend,Death Cross,Bearish MACD,Konsolidasi / Transisi,Normal,Distribusi (Turun),Normal,Dominan Jual (Guyur),Squeeze,Rendah,Doji (Ragu-ragu),Dekat Support (Low Risk),< 1 Miliar,Persis di VWAP,Distribusi Pro (Guyuran),Gorengan Sepi (< 5M),Normal (50-150%),Distribution (Fase Jualan),Normal,Normal,Turun 2 Hari Beruntun,TP: 1981 | CL: 1928,Normal,Ideal (1:2),Netral / Sideways,Sentimen Positif 📰,Supply Kering (Siap Pump) 🏜️,Golden Rebound Fibo 61.8% (Golden Ratio) 🎯,1,WAIT & SEE,TIDAK ADA,2026-08-20 16:40:00,Biasa / Mengikuti Pasar
16:40,BBNI,Token Mati (Perlu Update),Big Cap (Lapis 1),Undervalued (Murah),6.4324327,0.8091825,3570.0,3573,3450,3690,0.2808988764044944,25855900,Normal,51,Positif,Downtrend,Bullish,Bearish MACD,Perfect Uptrend (5>20>50),Normal,Akumulasi (Naik),Normal,Seimbang / Adu Mekanik,Squeeze,Rendah,Doji (Ragu-ragu),Area Tengah,> 1 Miliar,Persis di VWAP,Distribusi Pro (Guyuran),Sultan (> 50M/hari),Normal (50-150%),Distribution (Fase Jualan),Normal,Jarum Bawah (Sinyal Pantulan Kuat),Naik 1 Hari Beruntun,TP: 3665 | CL: 3506,Normal,Menengah (1:1),Netral / Sideways,Sentimen Positif 📰,Normal / Sedang Transisi,Mendekati Fibo 50.0%,5,WAIT & SEE,TIDAK ADA,2026-08-20 16:40:00,Biasa / Mengikuti Pasar
16:40,BBRI,Token Mati (Perlu Update),Big Cap (Lapis 1),Undervalued (Murah),8.046272,1.3935384,3130.0,3044,2910,3160,1.6233766233766231,128288300,Normal,61,Positif,Uptrend,Bullish,Strong Bullish,Perfect Uptrend (5>20>50),Normal,Distribusi (Turun),Normal,Dominan Beli (Hajar Kanan),Normal,Sedang,Normal,Area Tengah,> 1 Miliar,Persis di VWAP,Distribusi Pro (Guyuran),Sultan (> 50M/hari),Normal (50-150%),Mark-Up (Fase Pesta),Normal,Normal,Naik 1 Hari Beruntun,TP: 3218 | CL: 3070,Normal,Tidak Ideal (< 1:1),Netral / Sideways,Sentimen Positif 📰,Normal / Sedang Transisi,Dekat Support Fibo 23.6%,7,BELI,TIDAK ADA,2026-08-20 16:40:00,Biasa / Mengikuti Pasar
16:40,BBRM,Token Mati (Perlu Update),Small Cap (Lapis 3),Overvalued (Mahal),8.339376,19166.666,115.0,115,107,125,0.0,1687800,Normal,49,Negatif,Downtrend,Death Cross,Bearish MACD,Konsolidasi / Transisi,Normal,Distribusi (Turun),Normal,Seimbang / Adu Mekanik,Normal,Sedang,Doji (Ragu-ragu),Area Tengah,< 1 Miliar,Persis di VWAP,Distribusi Pro (Guyuran),Gorengan Sepi (< 5M),Sepi (< 50%),Distribution (Fase Jualan),Normal,Normal,Sideways / Stagnan,TP: 122 | CL: 110,Normal,Menengah (1:1),Netral / Sideways,Sentimen Positif 📰,Supply Kering (Siap Pump) 🏜️,Mendekati Fibo 61.8% (Golden Ratio),1,WAIT & SEE,TIDAK ADA,2026-08-20 16:40:00,Biasa / Mengikuti Pasar
16:40,BBTN,Token Mati (Perlu Update),Big Cap (Lapis 1),Undervalued (Murah),4.060948,0.45214814,1210.0,1217,1180,1275,0.8333333333333334,6841800,Normal,49,Positif,Downtrend,Bearish,Bearish MACD,Konsolidasi / Transisi,Normal,Distribusi (Turun),Normal,Dominan Beli (Hajar Kanan),Squeeze,Rendah,Marubozu (Strong Bullish),Dekat Support (Low Risk),> 1 Miliar,Persis di VWAP,Distribusi Pro (Guyuran),Ritel Aktif (5M - 50M),Normal (50-150%),Distribution (Fase Jualan),Normal,Normal,Naik 1 Hari Beruntun,TP: 1243 | CL: 1187,Open = Low (Bullish Kuat),Ideal (1:2),Netral / Sideways,Sentimen Positif 📰,Normal / Sedang Transisi,Mendekati Fibo 61.8% (Golden Ratio),3,WAIT & SEE,TIDAK ADA,2026-08-20 16:40:00,Biasa / Mengikuti Pasar
16:40,BBYB,Token Mati (Perlu Update),Mid Cap (Lapis 2),Undervalued (Murah),5.801736,0.76728815,254.0,252,220,274,1.6,19890100,Normal,53,Positif,Uptrend,Bearish,Bearish MACD,Konsolidasi / Transisi,Normal,Akumulasi (Naik),Normal,Seimbang / Adu Mekanik,Normal,Sedang,Normal,Rawan Pucuk (High Risk),> 1 Miliar,Persis di VWAP,Distribusi Pro (Guyuran),Ritel Aktif (5M - 50M),Normal (50-150%),Mark-Up (Fase Pesta),Normal,Normal,Naik 1 Hari Beruntun,TP: 270 | CL: 243,Open = Low (Bullish Kuat),Tidak Ideal (< 1:1),Netral / Sideways,Sentimen Positif 📰,Normal / Sedang Transisi,Dekat Support Fibo 38.2%,5,WAIT & SEE,TIDAK ADA,2026-08-20 16:40:00,Biasa / Mengikuti Pasar
16:40,BCAP,Token Mati (Perlu Update),Mid Cap (Lapis 2),Undervalued (Murah),7.374631,0.46965998,50.0,50,50,52,0.0,1173000,Normal,46,Negatif,Downtrend,Bearish,Strong Bearish,Konsolidasi / Transisi,Normal,Netral,Normal,Tidak Ada Transaksi,Squeeze,Rendah,Doji (Ragu-ragu),Dekat Support (Low Risk),< 1 Miliar,Persis di VWAP,Netral,Gorengan Sepi (< 5M),Anomali Tinggi (150-300%),Distribution (Fase Jualan),Solid (Jarang Dibanting),Normal,Sideways / Stagnan,TP: 51 | CL: 49,Normal,Di Area Support,Oversold (Jenuh Jual - Peluang),Sentimen Positif 📰,Supply Kering (Siap Pump) 🏜️,Golden Rebound Fibo Bottom / 100% 🎯,1,WAIT & SEE,TIDAK ADA,2026-08-20 16:40:00,Biasa / Mengikuti Pasar
16:40,BCIC,Token Mati (Perlu Update),Mid Cap (Lapis 2),Fair Value (Wajar),0.0,0.59583193,129.0,127,118,150,0.0,728800,Normal,54,Negatif,Uptrend,Bullish,Bearish MACD,Perfect Uptrend (5>20>50),Normal,Distribusi (Turun),Normal,Seimbang / Adu Mekanik,Squeeze,Rendah,Normal,Area Tengah,< 1 Miliar,Di Bawah VWAP (Lemah),Distribusi Pro (Guyuran),Gorengan Sepi (< 5M),Sepi (< 50%),Mark-Up (Fase Pesta),Spesialis Tiang Jemuran (Banting Pucuk),Normal,Sideways / Stagnan,TP: 138 | CL: 122,Normal,Ideal (1:2),Netral / Sideways,Sentimen Positif 📰,Supply Kering (Siap Pump) 🏜️,Golden Rebound Fibo 50.0% 🎯,4,WAIT & SEE,TIDAK ADA,2026-08-20 16:40:00,Biasa / Mengikuti Pasar
16:40,BCIP,Token Mati (Perlu Update),Small Cap (Lapis 3),Undervalued (Murah),4.6043167,0.18430367,65.0,63,61,65,1.5625,10479500,Normal,65,Positif,Uptrend,Golden Cross,Strong Bullish,Perfect Uptrend (5>20>50),Normal,Akumulasi (Naik),Normal,Dominan Beli (Hajar Kanan),Squeeze,Rendah,Normal,Area Tengah,< 1 Miliar,Di Atas VWAP (Kuat),Akumulasi Pro (Smart Money),Gorengan Sepi (< 5M),Normal (50-150%),Mark-Up (Fase Pesta),Normal,Normal,Naik 1 Hari Beruntun,TP: 68 | CL: 62,Normal,Tidak Ideal (< 1:1),Overbought (Jenuh Beli - Rawan),Sentimen Positif 📰,Normal / Sedang Transisi,Mendekati Fibo 38.2%,8,BELI,TIDAK ADA,2026-08-20 16:40:00,Biasa / Mengikuti Pasar
16:40,BDMN,Token Mati (Perlu Update),Big Cap (Lapis 1),Undervalued (Murah),9.186688,0.7718879,4290.0,4216,4010,4680,-0.23255813953488372,1339500,Normal,54,Negatif,Uptrend,Bullish,Bearish MACD,Perfect Uptrend (5>20>50),Normal,Distribusi (Turun),Normal,Dominan Jual (Guyur),Normal,Sedang,Normal,Area Tengah,> 1 Miliar,Di Atas VWAP (Kuat),Distribusi Pro (Guyuran),Ritel Aktif (5M - 50M),Sepi (< 50%),Mark-Up (Fase Pesta),Normal,Normal,Turun 1 Hari Beruntun,TP: 4496 | CL: 4152,Normal,Menengah (1:1),Netral / Sideways,Sentimen Positif 📰,Normal / Sedang Transisi,Mendekati Fibo 61.8% (Golden Ratio),4,WAIT & SEE,TIDAK ADA,2026-08-20 16:40:00,Biasa / Mengikuti Pasar
16:40,BEKS,Token Mati (Perlu Update),Mid Cap (Lapis 2),Fair Value (Wajar),17.692308,0.6303615,23.0,22,20,24,0.0,7382800,Normal,55,Negatif,Uptrend,Bullish,Strong Bullish,Perfect Uptrend (5>20>50),Normal,Distribusi (Turun),Gap Up (+4.3%),Dominan Jual (Guyur),Normal,Tinggi,Normal,Rawan Pucuk (High Risk),< 1 Miliar,Di Bawah VWAP (Lemah),Distribusi Pro (Guyuran),Gorengan Sepi (< 5M),Normal (50-150%),Mark-Up (Fase Pesta),Normal,Normal,Sideways / Stagnan,TP: 23 | CL: 22,Open = High (Tekanan Jual),Tidak Ideal (< 1:1),Death Cross (Awal Bearish),Netral / Sepi Berita,Normal / Sedang Transisi,Dekat Support Fibo 38.2%,5,WAIT & SEE,TIDAK ADA,2026-08-20 16:40:00,Biasa / Mengikuti Pasar
16:40,BEST,Token Mati (Perlu Update),Mid Cap (Lapis 2),Undervalued (Murah),5.341615,0.27055767,128.0,108,98,130,7.563025210084033,83663400,Tembus MA20,76,Positif,Uptrend,Bullish,Strong Bullish,Perfect Uptrend (5>20>50),Akumulasi Kuat,Akumulasi (Naik),Normal,Dominan Beli (Hajar Kanan),Breakout Upper,Tinggi,Normal,Rawan Pucuk (High Risk),> 1 Miliar,Di Atas VWAP (Kuat),Akumulasi Pro (Smart Money),Ritel Aktif (5M - 50M),Ledakan Ekstrem (> 300%),Mark-Up (Fase Pesta),Normal,Normal,Naik 1 Hari Beruntun,TP: 137 | CL: 121,Normal,Tidak Ideal (< 1:1),Overbought (Jenuh Beli - Rawan),Sentimen Negatif ⚠️,Normal / Sedang Transisi,Mengambang (Jauh dari Fibo),9,BELI,TIDAK ADA,2026-08-20 16:40:00,Biasa / Mengikuti Pasar
16:40,BFIN,Token Mati (Perlu Update),Big Cap (Lapis 1),Undervalued (Murah),8.239215,1.1993607,895.0,883,750,960,-1.6483516483516485,43912500,Tembus MA20,57,Negatif,Uptrend,Bullish,Bearish MACD,Perfect Uptrend (5>20>50),Normal,Distribusi (Turun),Normal,Dominan Jual (Guyur),Normal,Tinggi,Normal,Rawan Pucuk (High Risk),> 1 Miliar,Di Bawah VWAP (Lemah),Akumulasi Pro (Smart Money),Ritel Aktif (5M - 50M),Anomali Tinggi (150-300%),Mark-Up (Fase Pesta),Normal,Normal,Turun 2 Hari Beruntun,TP: 949 | CL: 858,Normal,Tidak Ideal (< 1:1),Netral / Sideways,Sentimen Positif 📰,Normal / Sedang Transisi,Mendekati Fibo 23.6%,5,WAIT & SEE,TIDAK ADA,2026-08-20 16:40:00,Biasa / Mengikuti Pasar
16:40,BGTG,Token Mati (Perlu Update),Mid Cap (Lapis 2),Undervalued (Murah),11.582213,0.71363944,112.0,110,105,117,2.7522935779816518,9692200,Tembus MA20,53,Positif,Uptrend,Bearish,Bearish MACD,Konsolidasi / Transisi,Akumulasi Kuat,Akumulasi (Naik),Normal,Dominan Beli (Hajar Kanan),Normal,Sedang,Normal,Area Tengah,> 1 Miliar,Di Atas VWAP (Kuat),Akumulasi Pro (Smart Money),Gorengan Sepi (< 5M),Anomali Tinggi (150-300%),Mark-Up (Fase Pesta),Normal,Normal,Naik 1 Hari Beruntun,TP: 117 | CL: 108,Normal,Tidak Ideal (< 1:1),Golden Cross (Awal Bullish),Sentimen Positif 📰,Normal / Sedang Transisi,Dekat Support Fibo 23.6%,8,BELI,TIDAK ADA,2026-08-20 16:40:00,Biasa / Mengikuti Pasar
16:40,BHIT,Token Mati (Perlu Update),Mid Cap (Lapis 2),Undervalued (Murah),5.7522125,0.13192679,26.0,25,25,27,4.0,11681900,Tembus MA20,50,Positif,Uptrend,Bearish,Bullish MACD,Konsolidasi / Transisi,Normal,Akumulasi (Naik),Normal,Dominan Beli (Hajar Kanan),Normal,Sedang,Marubozu (Strong Bullish),Area Tengah,< 1 Miliar,Di Atas VWAP (Kuat),Akumulasi Pro (Smart Money),Gorengan Sepi (< 5M),Normal (50-150%),Accumulation (Kumpul Barang),Normal,Normal,Naik 1 Hari Beruntun,TP: 27 | CL: 25,Open = Low (Bullish Kuat),Menengah (1:1),Netral / Sideways,Netral / Sepi Berita,Normal / Sedang Transisi,Mendekati Fibo 78.6%,6,WAIT & SEE,TIDAK ADA,2026-08-20 16:40:00,Biasa / Mengikuti Pasar
16:40,BIKA,Token Mati (Perlu Update),Small Cap (Lapis 3),Fair Value (Wajar),0.5161944,-0.19020678,55.0,55,55,55,0.0,0,Normal,0,Negatif,Downtrend,Bearish,Bearish MACD,Konsolidasi / Transisi,Normal,Netral,Normal,Tidak Ada Transaksi,Squeeze,Rendah,Doji (Ragu-ragu),Dekat Support (Low Risk),< 1 Miliar,Di Atas VWAP (Kuat),Netral,Gorengan Sepi (< 5M),Normal (50-150%),Sideways,Solid (Jarang Dibanting),Normal,Sideways / Stagnan,TP: 56 | CL: 54,Normal,Di Area Support,Oversold (Jenuh Jual - Peluang),Netral / Sepi Berita,Normal / Sedang Transisi,Normal / Sideways,0,WAIT & SEE,TIDAK ADA,2026-08-20 16:40:00,Biasa / Mengikuti Pasar
16:40,BIMA,Token Mati (Perlu Update),Small Cap (Lapis 3),Fair Value (Wajar),0.0,2.058233,82.0,82,82,82,0.0,0,Normal,0,Negatif,Downtrend,Bearish,Bearish MACD,Konsolidasi / Transisi,Normal,Netral,Normal,Tidak Ada Transaksi,Squeeze,Rendah,Doji (Ragu-ragu),Dekat Support (Low Risk),< 1 Miliar,Di Atas VWAP (Kuat),Netral,Gorengan Sepi (< 5M),Normal (50-150%),Sideways,Solid (Jarang Dibanting),Normal,Sideways / Stagnan,TP: 83 | CL: 81,Normal,Di Area Support,Oversold (Jenuh Jual - Peluang),Netral / Sepi Berita,Normal / Sedang Transisi,Normal / Sideways,0,WAIT & SEE,TIDAK ADA,2026-08-20 16:40:00,Biasa / Mengikuti Pasar
16:40,BINA,Token Mati (Perlu Update),Big Cap (Lapis 1),Overvalued (Mahal),0.0,8.630675,4180.0,4124,3950,4400,-3.2407407407407405,479400,Tembus MA20,54,Negatif,Uptrend,Bullish,Strong Bullish,Perfect Uptrend (5>20>50),Normal,Distribusi (Turun),Normal,Seimbang / Adu Mekanik,Normal,Sedang,Normal,Area Tengah,> 1 Miliar,Di Atas VWAP (Kuat),Akumulasi Pro (Smart Money),Gorengan Sepi (< 5M),Anomali Tinggi (150-300%),Mark-Up (Fase Pesta),Normal,Normal,Turun 1 Hari Beruntun,TP: 4395 | CL: 4036,Open = High (Tekanan Jual),Tidak Ideal (< 1:1),Netral / Sideways,Sentimen Positif 📰,Normal / Sedang Transisi,Dekat Support Fibo 23.6%,6,WAIT & SEE,TIDAK ADA,2026-08-20 16:40:00,Biasa / Mengikuti Pasar
16:40,BIPI,Token Mati (Perlu Update),Mid Cap (Lapis 2),Overvalued (Mahal),35.416664,21857.143,153.0,149,132,175,2.0,387992200,Normal,54,Positif,Uptrend,Bullish,Bearish MACD,Perfect Uptrend (5>20>50),Normal,Akumulasi (Naik),Normal,Seimbang / Adu Mekanik,Normal,Tinggi,Normal,Rawan Pucuk (High Risk),> 1 Miliar,Di Atas VWAP (Kuat),Distribusi Pro (Guyuran),Sultan (> 50M/hari),Normal (50-150%),Mark-Up (Fase Pesta),Spesialis Tiang Jemuran (Banting Pucuk),Normal,Naik 1 Hari Beruntun,TP: 166 | CL: 144,Open = Low (Bullish Kuat),Menengah (1:1),Death Cross (Awal Bearish),Sentimen Positif 📰,Normal / Sedang Transisi,Mendekati Fibo 61.8% (Golden Ratio),6,WAIT & SEE,TIDAK ADA,2026-08-20 16:40:00,Biasa / Mengikuti Pasar
16:40,BIPP,Token Mati (Perlu Update),Small Cap (Lapis 3),Fair Value (Wajar),0.0,0.45701262,73.0,66,58,79,15.873015873015872,295535300,Tembus MA20,59,Positif,Uptrend,Bearish,Bearish MACD,Konsolidasi / Transisi,Akumulasi Kuat,Akumulasi (Naik),Gap Up (+3.2%),Seimbang / Adu Mekanik,Normal,Tinggi,Normal,Rawan Pucuk (High Risk),> 1 Miliar,Di Atas VWAP (Kuat),Distribusi Pro (Guyuran),Ritel Aktif (5M - 50M),Ledakan Ekstrem (> 300%),Mark-Up (Fase Pesta),Spesialis Tiang Jemuran (Banting Pucuk),Normal,Naik 1 Hari Beruntun,TP: 82 | CL: 66,Open = Low (Bullish Kuat),Tidak Ideal (< 1:1),Netral / Sideways,Netral / Sepi Berita,Normal / Sedang Transisi,Dekat Support Fibo 23.6%,7,BELI,TIDAK ADA,2026-08-20 16:40:00,⚠️ Anomali (Sudah Terbang)
16:40,BIRD,Token Mati (Perlu Update),Mid Cap (Lapis 2),Undervalued (Murah),6.693548,0.679384,1660.0,1619,1580,1670,0.0,553000,Normal,68,Negatif,Uptrend,Bullish,Strong Bullish,Perfect Uptrend (5>20>50),Normal,Akumulasi (Naik),Normal,Seimbang / Adu Mekanik,Squeeze,Rendah,Normal,Area Tengah,< 1 Miliar,Persis di VWAP,Akumulasi Pro (Smart Money),Gorengan Sepi (< 5M),Normal (50-150%),Mark-Up (Fase Pesta),Normal,Normal,Sideways / Stagnan,TP: 1695 | CL: 1636,Normal,Tidak Ideal (< 1:1),Overbought (Jenuh Beli - Rawan),Sentimen Positif 📰,Normal / Sedang Transisi,Mengambang (Jauh dari Fibo),6,WAIT & SEE,TIDAK ADA,2026-08-20 16:40:00,Biasa / Mengikuti Pasar
16:40,BISI,Token Mati (Perlu Update),Mid Cap (Lapis 2),Undervalued (Murah),8.409035,0.5805139,685.0,672,630,700,0.7352941176470588,119900,Normal,57,Positif,Uptrend,Bullish,Strong Bullish,Perfect Uptrend (5>20>50),Normal,Distribusi (Turun),Normal,Dominan Beli (Hajar Kanan),Normal,Sedang,Marubozu (Strong Bullish),Area Tengah,< 1 Miliar,Persis di VWAP,Akumulasi Pro (Smart Money),Gorengan Sepi (< 5M),Sepi (< 50%),Mark-Up (Fase Pesta),Normal,Normal,Naik 1 Hari Beruntun,TP: 710 | CL: 667,Open = Low (Bullish Kuat),Tidak Ideal (< 1:1),Netral / Sideways,Sentimen Positif 📰,Normal / Sedang Transisi,Dekat Support Fibo 50.0%,7,BELI,TIDAK ADA,2026-08-20 16:40:00,Biasa / Mengikuti Pasar
16:40,BJBR,Token Mati (Perlu Update),Mid Cap (Lapis 2),Undervalued (Murah),5.7240777,0.51089674,785.0,786,770,795,0.0,2083300,Tembus MA20,51,Negatif,Downtrend,Bullish,Bearish MACD,Perfect Uptrend (5>20>50),Normal,Distribusi (Turun),Normal,Seimbang / Adu Mekanik,Squeeze,Rendah,Doji (Ragu-ragu),Dekat Support (Low Risk),> 1 Miliar,Persis di VWAP,Akumulasi Pro (Smart Money),Gorengan Sepi (< 5M),Normal (50-150%),Distribution (Fase Jualan),Normal,Normal,Sideways / Stagnan,TP: 800 | CL: 775,Normal,Tidak Ideal (< 1:1),Netral / Sideways,Sentimen Positif 📰,Normal / Sedang Transisi,Dekat Support Fibo 38.2%,4,WAIT & SEE,TIDAK ADA,2026-08-20 16:40:00,Biasa / Mengikuti Pasar
16:40,BJTM,Token Mati (Perlu Update),Mid Cap (Lapis 2),Undervalued (Murah),4.935787,0.5933891,515.0,516,510,530,0.0,1827000,Normal,49,Negatif,Downtrend,Bearish,Strong Bearish,Konsolidasi / Transisi,Normal,Netral,Normal,Dominan Jual (Guyur),Squeeze,Rendah,Doji (Ragu-ragu),Dekat Support (Low Risk),< 1 Miliar,Persis di VWAP,Akumulasi Pro (Smart Money),Gorengan Sepi (< 5M),Sepi (< 50%),Distribution (Fase Jualan),Spesialis Tiang Jemuran (Banting Pucuk),Normal,Sideways / Stagnan,TP: 525 | CL: 507,Normal,Sangat Menarik (> 1:3),Netral / Sideways,Sentimen Positif 📰,Normal / Sedang Transisi,Dekat Support Fibo 50.0%,1,WAIT & SEE,TIDAK ADA,2026-08-20 16:40:00,Biasa / Mengikuti Pasar
16:40,BKDP,Token Mati (Perlu Update),Mid Cap (Lapis 2),Overvalued (Mahal),0.0,4.2375007,169.0,166,141,180,0.0,0,Normal,68,Negatif,Uptrend,Bullish,Bearish MACD,Perfect Uptrend (5>20>50),Normal,Netral,Normal,Tidak Ada Transaksi,Normal,Tinggi,Doji (Ragu-ragu),Rawan Pucuk (High Risk),< 1 Miliar,Di Atas VWAP (Kuat),Netral,Gorengan Sepi (< 5M),Normal (50-150%),Mark-Up (Fase Pesta),Normal,Normal,Sideways / Stagnan,TP: 170 | CL: 168,Normal,Tidak Ideal (< 1:1),Oversold (Jenuh Jual - Peluang),Netral / Sepi Berita,Normal / Sedang Transisi,Mengambang (Jauh dari Fibo),3,WAIT & SEE,TIDAK ADA,2026-08-20 16:40:00,Biasa / Mengikuti Pasar
16:40,BKSL,Token Mati (Perlu Update),Big Cap (Lapis 1),Undervalued (Murah),14.444445,0.853401,79.0,71,63,82,0.0,214659400,Normal,65,Negatif,Uptrend,Bullish,Strong Bullish,Perfect Uptrend (5>20>50),Normal,Akumulasi (Naik),Normal,Dominan Beli (Hajar Kanan),Normal,Tinggi,Doji (Ragu-ragu),Rawan Pucuk (High Risk),> 1 Miliar,Di Atas VWAP (Kuat),Akumulasi Pro (Smart Money),Ritel Aktif (5M - 50M),Sepi (< 50%),Mark-Up (Fase Pesta),Spesialis Tiang Jemuran (Banting Pucuk),Jarum Bawah (Sinyal Pantulan Kuat),Sideways / Stagnan,TP: 86 | CL: 74,Normal,Tidak Ideal (< 1:1),Netral / Sideways,Sentimen Negatif ⚠️,Normal / Sedang Transisi,Mendekati Fibo 38.2%,6,WAIT & SEE,TIDAK ADA,2026-08-20 16:40:00,Biasa / Mengikuti Pasar
16:40,BKSW,Token Mati (Perlu Update),Mid Cap (Lapis 2),Fair Value (Wajar),0.0,0.39682835,53.0,52,51,54,1.9230769230769231,3291800,Tembus MA20,54,Positif,Uptrend,Golden Cross,Strong Bullish,Perfect Uptrend (5>20>50),Normal,Akumulasi (Naik),Normal,Dominan Beli (Hajar Kanan),Squeeze,Rendah,Marubozu (Strong Bullish),Area Tengah,< 1 Miliar,Persis di VWAP,Akumulasi Pro (Smart Money),Gorengan Sepi (< 5M),Anomali Tinggi (150-300%),Mark-Up (Fase Pesta),Normal,Normal,Naik 1 Hari Beruntun,TP: 55 | CL: 51,Open = Low (Bullish Kuat),Tidak Ideal (< 1:1),Netral / Sideways,Netral / Sepi Berita,Normal / Sedang Transisi,Dekat Support Fibo 50.0%,8,BELI,TIDAK ADA,2026-08-20 16:40:00,Biasa / Mengikuti Pasar
16:40,BLTA,Token Mati (Perlu Update),Small Cap (Lapis 3),Overvalued (Mahal),29.357798,10666.667,32.0,32,32,35,-3.0303030303030303,2300300,Normal,43,Negatif,Downtrend,Death Cross,Strong Bearish,Strong Downtrend (5<20<50),Normal,Distribusi (Turun),Normal,Dominan Jual (Guyur),Squeeze,Rendah,Normal,Dekat Support (Low Risk),< 1 Miliar,Di Bawah VWAP (Lemah),Distribusi Pro (Guyuran),Gorengan Sepi (< 5M),Normal (50-150%),Mark-Down (Fase Runtuh),Spesialis Tiang Jemuran (Banting Pucuk),Normal,Turun 1 Hari Beruntun,TP: 33 | CL: 31,Open = High (Tekanan Jual),Di Area Support,Netral / Sideways,Netral / Sepi Berita,Normal / Sedang Transisi,Mendekati Fibo 78.6%,0,WAIT & SEE,TIDAK ADA,2026-08-20 16:40:00,Biasa / Mengikuti Pasar
16:40,BLTZ,Token Mati (Perlu Update),Mid Cap (Lapis 2),Overvalued (Mahal),27.855152,4.515451,2200.0,2456,2190,2540,0.0,0,Normal,1,Negatif,Downtrend,Bearish,Strong Bearish,Strong Downtrend (5<20<50),Normal,Distribusi (Turun),Normal,Tidak Ada Transaksi,Bottom Rebound,Tinggi,Doji (Ragu-ragu),Dekat Support (Low Risk),< 1 Miliar,Di Bawah VWAP (Lemah),Akumulasi Pro (Smart Money),Gorengan Sepi (< 5M),Sepi (< 50%),Mark-Down (Fase Runtuh),Solid (Jarang Dibanting),Normal,Sideways / Stagnan,TP: 2237 | CL: 2175,Normal,Sangat Menarik (> 1:3),Oversold (Jenuh Jual - Peluang),Netral / Sepi Berita,Normal / Sedang Transisi,Golden Rebound Fibo Bottom / 100% 🎯,0,WAIT & SEE,TIDAK ADA,2026-08-20 16:40:00,Biasa / Mengikuti Pasar
16:40,BMAS,Token Mati (Perlu Update),Mid Cap (Lapis 2),Overvalued (Mahal),2525.0,1.4056046,505.0,488,460,610,3.483606557377049,167000,Normal,58,Positif,Uptrend,Bullish,Strong Bullish,Perfect Uptrend (5>20>50),Normal,Akumulasi (Naik),Gap Up (+5.5%),Seimbang / Adu Mekanik,Normal,Sedang,Normal,Area Tengah,< 1 Miliar,Di Atas VWAP (Kuat),Distribusi Pro (Guyuran),Gorengan Sepi (< 5M),Sepi (< 50%),Mark-Up (Fase Pesta),Normal,Normal,Naik 1 Hari Beruntun,TP: 565 | CL: 464,Normal,Ideal (1:2),Golden Cross (Awal Bullish),Netral / Sepi Berita,Normal / Sedang Transisi,Mendekati Fibo 78.6%,7,BELI,TIDAK ADA,2026-08-20 16:40:00,Biasa / Mengikuti Pasar
16:40,BMRI,Token Mati (Perlu Update),Big Cap (Lapis 1),Undervalued (Murah),6.2184396,1.361006,4150.0,4173,4060,4470,0.24154589371980675,54300600,Normal,48,Positif,Downtrend,Bearish,Strong Bearish,Strong Downtrend (5<20<50),Normal,Distribusi (Turun),Normal,Dominan Jual (Guyur),Squeeze,Rendah,Doji (Ragu-ragu),Dekat Support (Low Risk),> 1 Miliar,Persis di VWAP,Distribusi Pro (Guyuran),Sultan (> 50M/hari),Sepi (< 50%),Mark-Down (Fase Runtuh),Normal,Normal,Naik 1 Hari Beruntun,TP: 4255 | CL: 4080,Normal,Sangat Menarik (> 1:3),Netral / Sideways,Sentimen Positif 📰,Normal / Sedang Transisi,Dekat Support Fibo 50.0%,2,WAIT & SEE,TIDAK ADA,2026-08-20 16:40:00,Biasa / Mengikuti Pasar
16:40,BMSR,Token Mati (Perlu Update),Small Cap (Lapis 3),Undervalued (Murah),3.1300485,0.374559,310.0,308,300,324,-1.2738853503184715,18600,Normal,53,Negatif,Uptrend,Bearish,Bearish MACD,Konsolidasi / Transisi,Normal,Akumulasi (Naik),Normal,Seimbang / Adu Mekanik,Squeeze,Rendah,Normal,Area Tengah,< 1 Miliar,Persis di VWAP,Akumulasi Pro (Smart Money),Gorengan Sepi (< 5M),Normal (50-150%),Mark-Up (Fase Pesta),Normal,Normal,Turun 1 Hari Beruntun,TP: 320 | CL: 303,Open = High (Tekanan Jual),Menengah (1:1),Netral / Sideways,Sentimen Positif 📰,Normal / Sedang Transisi,Mendekati Fibo 50.0%,4,WAIT & SEE,TIDAK ADA,2026-08-20 16:40:00,Biasa / Mengikuti Pasar
16:40,BMTR,Token Mati (Perlu Update),Mid Cap (Lapis 2),Undervalued (Murah),2.904774,0.11706205,115.0,115,110,124,0.0,37071300,Normal,48,Negatif,Downtrend,Bearish,Bullish MACD,Strong Downtrend (5<20<50),Normal,Distribusi (Turun),Normal,Seimbang / Adu Mekanik,Squeeze,Rendah,Normal,Area Tengah,> 1 Miliar,Persis di VWAP,Akumulasi Pro (Smart Money),Ritel Aktif (5M - 50M),Normal (50-150%),Mark-Down (Fase Runtuh),Normal,Normal,Sideways / Stagnan,TP: 119 | CL: 111,Open = High (Tekanan Jual),Ideal (1:2),Netral / Sideways,Sentimen Negatif ⚠️,Normal / Sedang Transisi,Dekat Support Fibo 61.8% (Golden Ratio),1,WAIT & SEE,TIDAK ADA,2026-08-20 16:40:00,Biasa / Mengikuti Pasar
16:40,BNBA,Token Mati (Perlu Update),Mid Cap (Lapis 2),Overvalued (Mahal),135.11029,0.76478136,735.0,737,720,775,-1.342281879194631,207800,Tembus MA20,49,Negatif,Downtrend,Bearish,Strong Bearish,Strong Downtrend (5<20<50),Normal,Distribusi (Turun),Normal,Seimbang / Adu Mekanik,Squeeze,Rendah,Normal,Dekat Support (Low Risk),< 1 Miliar,Persis di VWAP,Distribusi Pro (Guyuran),Gorengan Sepi (< 5M),Anomali Tinggi (150-300%),Mark-Down (Fase Runtuh),Normal,Normal,Turun 1 Hari Beruntun,TP: 758 | CL: 719,Open = High (Tekanan Jual),Ideal (1:2),Netral / Sideways,Netral / Sepi Berita,Normal / Sedang Transisi,Mendekati Fibo 61.8% (Golden Ratio),1,WAIT & SEE,TIDAK ADA,2026-08-20 16:40:00,Biasa / Mengikuti Pasar
16:40,BNBR,Token Mati (Perlu Update),Big Cap (Lapis 1),Overvalued (Mahal),47.272728,4.6624227,105.0,101,88,122,5.0,1860055200,Normal,55,Positif,Uptrend,Bearish,Bearish MACD,Konsolidasi / Transisi,Normal,Akumulasi (Naik),Normal,Dominan Beli (Hajar Kanan),Normal,Tinggi,Normal,Rawan Pucuk (High Risk),> 1 Miliar,Di Atas VWAP (Kuat),Akumulasi Pro (Smart Money),Sultan (> 50M/hari),Normal (50-150%),Mark-Up (Fase Pesta),Normal,Normal,Naik 1 Hari Beruntun,TP: 114 | CL: 98,Normal,Menengah (1:1),Netral / Sideways,Sentimen Positif 📰,Normal / Sedang Transisi,Mendekati Fibo 61.8% (Golden Ratio),6,WAIT & SEE,TIDAK ADA,2026-08-20 16:40:00,🔥 ANOMALI BANDAR (Siap Ledakan)
16:40,BNGA,Token Mati (Perlu Update),Big Cap (Lapis 1),Undervalued (Murah),6.121028,0.74830174,1670.0,1651,1620,1690,-0.5952380952380952,1202900,Normal,61,Negatif,Uptrend,Bullish,Strong Bullish,Perfect Uptrend (5>20>50),Normal,Akumulasi (Naik),Normal,Dominan Jual (Guyur),Squeeze,Rendah,Normal,Area Tengah,> 1 Miliar,Persis di VWAP,Akumulasi Pro (Smart Money),Gorengan Sepi (< 5M),Normal (50-150%),Mark-Up (Fase Pesta),Spesialis Tiang Jemuran (Banting Pucuk),Normal,Turun 2 Hari Beruntun,TP: 1696 | CL: 1652,Normal,Tidak Ideal (< 1:1),Death Cross (Awal Bearish),Sentimen Positif 📰,Normal / Sedang Transisi,Dekat Support Fibo 23.6%,6,WAIT & SEE,TIDAK ADA,2026-08-20 16:40:00,Biasa / Mengikuti Pasar
16:40,BNII,Token Mati (Perlu Update),Big Cap (Lapis 1),Undervalued (Murah),8.222698,0.4627956,192.0,192,186,197,-0.5181347150259068,556600,Normal,51,Negatif,Downtrend,Bullish,Bearish MACD,Perfect Uptrend (5>20>50),Normal,Distribusi (Turun),Normal,Seimbang / Adu Mekanik,Squeeze,Rendah,Doji (Ragu-ragu),Area Tengah,< 1 Miliar,Persis di VWAP,Akumulasi Pro (Smart Money),Gorengan Sepi (< 5M),Normal (50-150%),Sideways,Normal,Normal,Turun 2 Hari Beruntun,TP: 196 | CL: 189,Normal,Tidak Ideal (< 1:1),Netral / Sideways,Sentimen Positif 📰,Normal / Sedang Transisi,Dekat Support Fibo 38.2%,3,WAIT & SEE,TIDAK ADA,2026-08-20 16:40:00,Biasa / Mengikuti Pasar
16:40,BNLI,Token Mati (Perlu Update),Big Cap (Lapis 1),Fair Value (Wajar),21.178547,1.730937,2160.0,2209,2000,2420,-0.4608294930875576,14700,Normal,37,Negatif,Downtrend,Bearish,Bullish MACD,Strong Downtrend (5<20<50),Normal,Distribusi (Turun),Normal,Seimbang / Adu Mekanik,Normal,Sedang,Normal,Area Tengah,< 1 Miliar,Di Atas VWAP (Kuat),Akumulasi Pro (Smart Money),Gorengan Sepi (< 5M),Sepi (< 50%),Mark-Down (Fase Runtuh),Solid (Jarang Dibanting),Normal,Turun 1 Hari Beruntun,TP: 2233 | CL: 2110,Open = High (Tekanan Jual),Ideal (1:2),Netral / Sideways,Sentimen Positif 📰,Normal / Sedang Transisi,Mengambang (Jauh dari Fibo),2,WAIT & SEE,TIDAK ADA,2026-08-20 16:40:00,Biasa / Mengikuti Pasar
16:40,BOLT,Token Mati (Perlu Update),Mid Cap (Lapis 2),Fair Value (Wajar),12.390214,2.193287,790.0,796,770,815,-0.628930817610063,7700,Normal,48,Negatif,Downtrend,Bearish,Bearish MACD,Konsolidasi / Transisi,Normal,Distribusi (Turun),Normal,Dominan Jual (Guyur),Squeeze,Rendah,Normal,Dekat Support (Low Risk),< 1 Miliar,Persis di VWAP,Distribusi Pro (Guyuran),Gorengan Sepi (< 5M),Normal (50-150%),Distribution (Fase Jualan),Normal,Normal,Turun 1 Hari Beruntun,TP: 806 | CL: 778,Open = High (Tekanan Jual),Menengah (1:1),Netral / Sideways,Sentimen Positif 📰,Normal / Sedang Transisi,Dekat Support Fibo 50.0%,1,WAIT & SEE,TIDAK ADA,2026-08-20 16:40:00,Biasa / Mengikuti Pasar
16:40,BPFI,Token Mati (Perlu Update),Small Cap (Lapis 3),Undervalued (Murah),6.678841,0.55479705,256.0,260,244,286,0.7874015748031495,32200,Normal,49,Positif,Downtrend,Bearish,Bearish MACD,Konsolidasi / Transisi,Normal,Distribusi (Turun),Normal,Dominan Beli (Hajar Kanan),Squeeze,Rendah,Normal,Area Tengah,< 1 Miliar,Di Bawah VWAP (Lemah),Distribusi Pro (Guyuran),Gorengan Sepi (< 5M),Sepi (< 50%),Distribution (Fase Jualan),Normal,Normal,Naik 1 Hari Beruntun,TP: 275 | CL: 242,Normal,Ideal (1:2),Golden Cross (Awal Bullish),Sentimen Positif 📰,Normal / Sedang Transisi,Dekat Support Fibo 50.0%,3,WAIT & SEE,TIDAK ADA,2026-08-20 16:40:00,Biasa / Mengikuti Pasar
16:40,BPII,Token Mati (Perlu Update),Mid Cap (Lapis 2),Overvalued (Mahal),58.219177,3.5649877,510.0,450,432,620,2.4096385542168677,593800,Tembus MA20,72,Positif,Uptrend,Bullish,Strong Bullish,Perfect Uptrend (5>20>50),Akumulasi Kuat,Akumulasi (Naik),Gap Down (-5.6%),Dominan Jual (Guyur),Breakout Upper,Tinggi,Normal,Rawan Pucuk (High Risk),< 1 Miliar,Di Bawah VWAP (Lemah),Distribusi Pro (Guyuran),Gorengan Sepi (< 5M),Ledakan Ekstrem (> 300%),Mark-Up (Fase Pesta),Spesialis Tiang Jemuran (Banting Pucuk),Normal,Naik 4 Hari Beruntun,TP: 568 | CL: 471,Open = Low (Bullish Kuat),Menengah (1:1),Netral / Sideways,Sentimen Positif 📰,Normal / Sedang Transisi,Mendekati Fibo 61.8% (Golden Ratio),9,BELI,TIDAK ADA,2026-08-20 16:40:00,Biasa / Mengikuti Pasar
16:40,BRAM,Token Mati (Perlu Update),Mid Cap (Lapis 2),Overvalued (Mahal),19.120459,9473.685,4500.0,4520,4450,4790,0.0,300,Normal,48,Negatif,Downtrend,Death Cross,Bearish MACD,Konsolidasi / Transisi,Normal,Akumulasi (Naik),Gap Up (+4.4%),Dominan Jual (Guyur),Squeeze,Rendah,Normal,Dekat Support (Low Risk),< 1 Miliar,Di Bawah VWAP (Lemah),Distribusi Pro (Guyuran),Gorengan Sepi (< 5M),Sepi (< 50%),Distribution (Fase Jualan),Normal,Normal,Sideways / Stagnan,TP: 4690 | CL: 4372,Open = High (Tekanan Jual),Sangat Menarik (> 1:3),Oversold (Jenuh Jual - Peluang),Sentimen Positif 📰,Normal / Sedang Transisi,Golden Rebound Fibo 61.8% (Golden Ratio) 🎯,3,WAIT & SEE,TIDAK ADA,2026-08-20 16:40:00,Biasa / Mengikuti Pasar
16:40,BRMS,Token Mati (Perlu Update),Big Cap (Lapis 1),Overvalued (Mahal),137.0,76111.12,685.0,600,535,695,9.6,753069800,Tembus MA20,67,Positif,Uptrend,Bullish,Strong Bullish,Perfect Uptrend (5>20>50),Normal,Akumulasi (Naik),Gap Up (+4.0%),Dominan Beli (Hajar Kanan),Breakout Upper,Tinggi,Normal,Rawan Pucuk (High Risk),> 1 Miliar,Di Atas VWAP (Kuat),Akumulasi Pro (Smart Money),Sultan (> 50M/hari),Anomali Tinggi (150-300%),Mark-Up (Fase Pesta),Spesialis Tiang Jemuran (Banting Pucuk),Normal,Naik 1 Hari Beruntun,TP: 737 | CL: 650,Open = Low (Bullish Kuat),Tidak Ideal (< 1:1),Netral / Sideways,Netral / Sepi Berita,Normal / Sedang Transisi,Mendekati Fibo 23.6%,9,BELI,TIDAK ADA,2026-08-20 16:40:00,⚠️ Anomali (Sudah Terbang)
16:40,BRNA,Token Mati (Perlu Update),Small Cap (Lapis 3),Fair Value (Wajar),0.0,0.6495944,635.0,630,585,750,-2.307692307692308,159500,Normal,52,Negatif,Uptrend,Bullish,Strong Bullish,Perfect Uptrend (5>20>50),Normal,Akumulasi (Naik),Normal,Dominan Jual (Guyur),Normal,Tinggi,Normal,Area Tengah,< 1 Miliar,Di Bawah VWAP (Lemah),Distribusi Pro (Guyuran),Gorengan Sepi (< 5M),Sepi (< 50%),Mark-Up (Fase Pesta),Spesialis Tiang Jemuran (Banting Pucuk),Normal,Turun 3 Hari Beruntun,TP: 725 | CL: 574,Open = High (Tekanan Jual),Ideal (1:2),Netral / Sideways,Sentimen Negatif ⚠️,Normal / Sedang Transisi,Mendekati Fibo 61.8% (Golden Ratio),5,WAIT & SEE,TIDAK ADA,2026-08-20 16:40:00,Biasa / Mengikuti Pasar
16:40,BRPT,Token Mati (Perlu Update),Big Cap (Lapis 1),Overvalued (Mahal),69.824036,71730.766,1870.0,1835,1690,1965,0.8086253369272237,47531800,Normal,56,Positif,Uptrend,Bullish,Bearish MACD,Perfect Uptrend (5>20>50),Normal,Distribusi (Turun),Normal,Seimbang / Adu Mekanik,Normal,Sedang,Normal,Rawan Pucuk (High Risk),> 1 Miliar,Persis di VWAP,Distribusi Pro (Guyuran),Sultan (> 50M/hari),Sepi (< 50%),Mark-Up (Fase Pesta),Normal,Normal,Naik 2 Hari Beruntun,TP: 1984 | CL: 1793,Normal,Tidak Ideal (< 1:1),Netral / Sideways,Sentimen Positif 📰,Normal / Sedang Transisi,Dekat Support Fibo 38.2%,5,WAIT & SEE,TIDAK ADA,2026-08-20 16:40:00,Biasa / Mengikuti Pasar
16:40,BSDE,Token Mati (Perlu Update),Big Cap (Lapis 1),Undervalued (Murah),7.2480054,0.30096728,645.0,590,555,705,-0.7692307692307693,23286900,Tembus MA20,66,Negatif,Uptrend,Bullish,Strong Bullish,Perfect Uptrend (5>20>50),Normal,Akumulasi (Naik),Normal,Dominan Jual (Guyur),Breakout Upper,Tinggi,Normal,Rawan Pucuk (High Risk),> 1 Miliar,Persis di VWAP,Distribusi Pro (Guyuran),Ritel Aktif (5M - 50M),Normal (50-150%),Mark-Up (Fase Pesta),Normal,Normal,Turun 1 Hari Beruntun,TP: 682 | CL: 620,Normal,Tidak Ideal (< 1:1),Death Cross (Awal Bearish),Sentimen Positif 📰,Supply Banjir (Distribusi) 🌊,Mendekati Fibo 50.0%,7,BELI,TIDAK ADA,2026-08-20 16:40:00,Biasa / Mengikuti Pasar
16:40,BSIM,Token Mati (Perlu Update),Big Cap (Lapis 1),Overvalued (Mahal),51.497444,1.667964,705.0,698,685,725,1.4388489208633095,28600,Tembus MA20,52,Positif,Uptrend,Golden Cross,Bullish MACD,Awal Reversal (5>20),Normal,Akumulasi (Naik),Gap Up (+2.9%),Dominan Jual (Guyur),Squeeze,Rendah,Normal,Dekat Support (Low Risk),< 1 Miliar,Persis di VWAP,Distribusi Pro (Guyuran),Gorengan Sepi (< 5M),Anomali Tinggi (150-300%),Accumulation (Kumpul Barang),Normal,Normal,Naik 1 Hari Beruntun,TP: 728 | CL: 689,Open = High (Tekanan Jual),Menengah (1:1),Netral / Sideways,Netral / Sepi Berita,Normal / Sedang Transisi,Mendekati Fibo 78.6%,8,BELI,TIDAK ADA,2026-08-20 16:40:00,Biasa / Mengikuti Pasar
16:40,BSSR,Token Mati (Perlu Update),Big Cap (Lapis 1),Overvalued (Mahal),7.2575107,38947.367,4440.0,4325,4200,4480,0.2257336343115124,544000,Normal,77,Positif,Uptrend,Bullish,Bearish MACD,Perfect Uptrend (5>20>50),Normal,Akumulasi (Naik),Normal,Dominan Beli (Hajar Kanan),Squeeze,Rendah,Hammer (Potensi Reversal),Area Tengah,> 1 Miliar,Persis di VWAP,Akumulasi Pro (Smart Money),Gorengan Sepi (< 5M),Normal (50-150%),Mark-Up (Fase Pesta),Normal,Jarum Bawah (Sinyal Pantulan Kuat),Naik 1 Hari Beruntun,TP: 4494 | CL: 4403,Open = High (Tekanan Jual),Tidak Ideal (< 1:1),Death Cross (Awal Bearish),Sentimen Positif 📰,Normal / Sedang Transisi,Mendekati Fibo 23.6%,7,BELI,TIDAK ADA,2026-08-20 16:40:00,Biasa / Mengikuti Pasar
16:40,BSWD,Token Mati (Perlu Update),Mid Cap (Lapis 2),Overvalued (Mahal),71.69312,1.4013497,1355.0,1154,1125,1355,9.7165991902834,200,Tembus MA20,80,Positif,Uptrend,Golden Cross,Bullish MACD,Awal Reversal (5>20),Normal,Akumulasi (Naik),Gap Up (+9.7%),Tidak Ada Transaksi,Breakout Upper,Tinggi,Doji (Ragu-ragu),Rawan Pucuk (High Risk),< 1 Miliar,Di Atas VWAP (Kuat),Netral,Gorengan Sepi (< 5M),Anomali Tinggi (150-300%),Accumulation (Kumpul Barang),Solid (Jarang Dibanting),Normal,Naik 2 Hari Beruntun,TP: 1379 | CL: 1338,Normal,Tidak Ideal (< 1:1),Netral / Sideways,Sentimen Positif 📰,Normal / Sedang Transisi,Mendekati Fibo 38.2%,9,BELI,TIDAK ADA,2026-08-20 16:40:00,Biasa / Mengikuti Pasar
16:40,BTEK,Token Mati (Perlu Update),Small Cap (Lapis 3),Fair Value (Wajar),0.0,2.2330492,11.0,10,10,12,0.0,47200500,Normal,52,Negatif,Uptrend,Bearish,Strong Bearish,Konsolidasi / Transisi,Normal,Distribusi (Turun),Gap Down (-9.1%),Dominan Beli (Hajar Kanan),Normal,Tinggi,Marubozu (Strong Bullish),Rawan Pucuk (High Risk),< 1 Miliar,Di Atas VWAP (Kuat),Akumulasi Pro (Smart Money),Gorengan Sepi (< 5M),Normal (50-150%),Mark-Up (Fase Pesta),Normal,Normal,Sideways / Stagnan,TP: 12 | CL: 10,Open = Low (Bullish Kuat),Menengah (1:1),Netral / Sideways,Netral / Sepi Berita,Normal / Sedang Transisi,Dekat Support Fibo 50.0%,3,WAIT & SEE,TIDAK ADA,2026-08-20 16:40:00,Biasa / Mengikuti Pasar
16:40,BTON,Token Mati (Perlu Update),Small Cap (Lapis 3),Overvalued (Mahal),27.198685,0.78748846,364.0,363,336,380,0.5524861878453038,3100,Normal,53,Positif,Uptrend,Bullish,Bearish MACD,Perfect Uptrend (5>20>50),Normal,Akumulasi (Naik),Gap Up (+2.8%),Dominan Jual (Guyur),Squeeze,Rendah,Normal,Area Tengah,< 1 Miliar,Persis di VWAP,Akumulasi Pro (Smart Money),Gorengan Sepi (< 5M),Sepi (< 50%),Mark-Up (Fase Pesta),Solid (Jarang Dibanting),Normal,Naik 1 Hari Beruntun,TP: 381 | CL: 352,Open = High (Tekanan Jual),Tidak Ideal (< 1:1),Netral / Sideways,Netral / Sepi Berita,Supply Kering (Siap Pump) 🏜️,Mendekati Fibo 61.8% (Golden Ratio),6,WAIT & SEE,TIDAK ADA,2026-08-20 16:40:00,Biasa / Mengikuti Pasar
16:40,BTPN,Token Mati (Perlu Update),Big Cap (Lapis 1),Overvalued (Mahal),52.167698,0.47846118,2190.0,2174,2100,2270,3.30188679245283,127900,Tembus MA20,53,Positif,Uptrend,Bearish,Strong Bearish,Konsolidasi / Transisi,Akumulasi Kuat,Akumulasi (Naik),Normal,Seimbang / Adu Mekanik,Squeeze,Rendah,Normal,Area Tengah,< 1 Miliar,Persis di VWAP,Distribusi Pro (Guyuran),Gorengan Sepi (< 5M),Ledakan Ekstrem (> 300%),Mark-Up (Fase Pesta),Normal,Normal,Naik 1 Hari Beruntun,TP: 2278 | CL: 2130,Open = Low (Bullish Kuat),Tidak Ideal (< 1:1),Netral / Sideways,Sentimen Positif 📰,Normal / Sedang Transisi,Mendekati Fibo 61.8% (Golden Ratio),7,BELI,TIDAK ADA,2026-08-20 16:40:00,Biasa / Mengikuti Pasar
16:40,BUDI,Token Mati (Perlu Update),Small Cap (Lapis 3),Undervalued (Murah),5.9660645,0.60211015,218.0,214,204,228,-0.9090909090909091,254300,Normal,59,Negatif,Uptrend,Bullish,Strong Bullish,Perfect Uptrend (5>20>50),Normal,Akumulasi (Naik),Normal,Seimbang / Adu Mekanik,Normal,Sedang,Normal,Area Tengah,< 1 Miliar,Persis di VWAP,Akumulasi Pro (Smart Money),Gorengan Sepi (< 5M),Normal (50-150%),Mark-Up (Fase Pesta),Spesialis Tiang Jemuran (Banting Pucuk),Normal,Turun 1 Hari Beruntun,TP: 229 | CL: 210,Open = High (Tekanan Jual),Tidak Ideal (< 1:1),Netral / Sideways,Sentimen Positif 📰,Normal / Sedang Transisi,Dekat Support Fibo 38.2%,6,WAIT & SEE,TIDAK ADA,2026-08-20 16:40:00,Biasa / Mengikuti Pasar
16:40,BUKK,Token Mati (Perlu Update),Mid Cap (Lapis 2),Undervalued (Murah),12.916297,0.3656952,1020.0,1026,990,1120,-1.4492753623188406,5300,Normal,47,Negatif,Downtrend,Bearish,Bullish MACD,Strong Downtrend (5<20<50),Normal,Distribusi (Turun),Normal,Seimbang / Adu Mekanik,Normal,Sedang,Normal,Area Tengah,< 1 Miliar,Persis di VWAP,Distribusi Pro (Guyuran),Gorengan Sepi (< 5M),Sepi (< 50%),Mark-Down (Fase Runtuh),Normal,Normal,Turun 1 Hari Beruntun,TP: 1076 | CL: 982,Open = High (Tekanan Jual),Sangat Menarik (> 1:3),Netral / Sideways,Sentimen Positif 📰,Normal / Sedang Transisi,Dekat Support Fibo 61.8% (Golden Ratio),2,WAIT & SEE,TIDAK ADA,2026-08-20 16:40:00,Biasa / Mengikuti Pasar
16:40,BULL,Token Mati (Perlu Update),Mid Cap (Lapis 2),Overvalued (Mahal),12.997199,33142.855,464.0,435,374,482,0.8695652173913043,701890300,Tembus MA20,61,Positif,Uptrend,Bullish,Bearish MACD,Perfect Uptrend (5>20>50),Normal,Akumulasi (Naik),Normal,Seimbang / Adu Mekanik,Normal,Tinggi,Doji (Ragu-ragu),Rawan Pucuk (High Risk),> 1 Miliar,Di Atas VWAP (Kuat),Akumulasi Pro (Smart Money),Sultan (> 50M/hari),Normal (50-150%),Mark-Up (Fase Pesta),Spesialis Tiang Jemuran (Banting Pucuk),Normal,Naik 4 Hari Beruntun,TP: 506 | CL: 435,Normal,Tidak Ideal (< 1:1),Netral / Sideways,Sentimen Positif 📰,Normal / Sedang Transisi,Mengambang (Jauh dari Fibo),7,BELI,TIDAK ADA,2026-08-20 16:40:00,🔥 ANOMALI BANDAR (Siap Ledakan)
16:40,BUMI,Token Mati (Perlu Update),Big Cap (Lapis 1),Overvalued (Mahal),32.363014,47249.996,190.0,176,157,196,4.395604395604396,3310639000,Normal,64,Positif,Uptrend,Bullish,Strong Bullish,Perfect Uptrend (5>20>50),Normal,Akumulasi (Naik),Normal,Dominan Beli (Hajar Kanan),Normal,Tinggi,Normal,Rawan Pucuk (High Risk),> 1 Miliar,Di Atas VWAP (Kuat),Akumulasi Pro (Smart Money),Sultan (> 50M/hari),Normal (50-150%),Mark-Up (Fase Pesta),Spesialis Tiang Jemuran (Banting Pucuk),Normal,Naik 1 Hari Beruntun,TP: 202 | CL: 181,Normal,Tidak Ideal (< 1:1),Netral / Sideways,Netral / Sepi Berita,Normal / Sedang Transisi,Mendekati Fibo 23.6%,7,BELI,TIDAK ADA,2026-08-20 16:40:00,🔥 ANOMALI BANDAR (Siap Ledakan)
16:40,BUVA,Token Mati (Perlu Update),Big Cap (Lapis 1),Overvalued (Mahal),787.2341,8.453858,740.0,786,695,990,2.0689655172413794,39507200,Normal,43,Positif,Downtrend,Bearish,Strong Bearish,Strong Downtrend (5<20<50),Normal,Distribusi (Turun),Normal,Seimbang / Adu Mekanik,Normal,Tinggi,Normal,Area Tengah,> 1 Miliar,Di Atas VWAP (Kuat),Distribusi Pro (Guyuran),Ritel Aktif (5M - 50M),Sepi (< 50%),Mark-Down (Fase Runtuh),Normal,Normal,Naik 1 Hari Beruntun,TP: 806 | CL: 695,Normal,Sangat Menarik (> 1:3),Golden Cross (Awal Bullish),Netral / Sepi Berita,Normal / Sedang Transisi,Mendekati Fibo 61.8% (Golden Ratio),1,WAIT & SEE,TIDAK ADA,2026-08-20 16:40:00,Biasa / Mengikuti Pasar
16:40,BVIC,Token Mati (Perlu Update),Mid Cap (Lapis 2),Overvalued (Mahal),32.179928,0.3957194,93.0,92,90,98,1.0869565217391304,324400,Normal,58,Positif,Uptrend,Bearish,Bearish MACD,Konsolidasi / Transisi,Normal,Akumulasi (Naik),Normal,Seimbang / Adu Mekanik,Squeeze,Rendah,Doji (Ragu-ragu),Area Tengah,< 1 Miliar,Persis di VWAP,Distribusi Pro (Guyuran),Gorengan Sepi (< 5M),Sepi (< 50%),Mark-Up (Fase Pesta),Spesialis Tiang Jemuran (Banting Pucuk),Normal,Naik 1 Hari Beruntun,TP: 96 | CL: 90,Normal,Ideal (1:2),Netral / Sideways,Sentimen Positif 📰,Supply Kering (Siap Pump) 🏜️,Golden Rebound Fibo 38.2% 🎯,5,WAIT & SEE,TIDAK ADA,2026-08-20 16:40:00,Biasa / Mengikuti Pasar
16:40,BWPT,Token Mati (Perlu Update),Mid Cap (Lapis 2),Undervalued (Murah),8.533747,1.1412445,110.0,88,74,117,19.565217391304348,2025973700,Tembus MA20,74,Positif,Uptrend,Bullish,Strong Bullish,Perfect Uptrend (5>20>50),Akumulasi Kuat,Akumulasi (Naik),Normal,Dominan Beli (Hajar Kanan),Breakout Upper,Tinggi,Normal,Rawan Pucuk (High Risk),> 1 Miliar,Di Atas VWAP (Kuat),Akumulasi Pro (Smart Money),Sultan (> 50M/hari),Ledakan Ekstrem (> 300%),Mark-Up (Fase Pesta),Spesialis Tiang Jemuran (Banting Pucuk),Normal,Naik 1 Hari Beruntun,TP: 121 | CL: 102,Normal,Tidak Ideal (< 1:1),Netral / Sideways,Sentimen Positif 📰,Normal / Sedang Transisi,Mengambang (Jauh dari Fibo),10,BELI,TIDAK ADA,2026-08-20 16:40:00,⚠️ Anomali (Sudah Terbang)
16:40,BYAN,Token Mati (Perlu Update),Big Cap (Lapis 1),Overvalued (Mahal),36.768826,221621.62,16400.0,12841,11100,18650,4.792332268370607,2519900,Tembus MA20,75,Positif,Uptrend,Bullish,Strong Bullish,Perfect Uptrend (5>20>50),Akumulasi Kuat,Akumulasi (Naik),Gap Up (+2.2%),Seimbang / Adu Mekanik,Breakout Upper,Tinggi,Normal,Rawan Pucuk (High Risk),> 1 Miliar,Persis di VWAP,Akumulasi Pro (Smart Money),Sultan (> 50M/hari),Anomali Tinggi (150-300%),Mark-Up (Fase Pesta),Spesialis Tiang Jemuran (Banting Pucuk),Normal,Naik 1 Hari Beruntun,TP: 17814 | CL: 15457,Normal,Tidak Ideal (< 1:1),Death Cross (Awal Bearish),Sentimen Positif 📰,Normal / Sedang Transisi,Dekat Support Fibo 23.6%,10,BELI,TIDAK ADA,2026-08-20 16:40:00,Biasa / Mengikuti Pasar
16:40,CANI,Token Mati (Perlu Update),Small Cap (Lapis 3),Fair Value (Wajar),0.0,-3292.6829,135.0,135,135,135,0.0,0,Normal,49,Negatif,Downtrend,Bearish,Bullish MACD,Konsolidasi / Transisi,Normal,Netral,Normal,Tidak Ada Transaksi,Squeeze,Rendah,Doji (Ragu-ragu),Dekat Support (Low Risk),< 1 Miliar,Di Atas VWAP (Kuat),Netral,Gorengan Sepi (< 5M),Normal (50-150%),Sideways,Solid (Jarang Dibanting),Normal,Sideways / Stagnan,TP: 136 | CL: 134,Normal,Di Area Support,Oversold (Jenuh Jual - Peluang),Netral / Sepi Berita,Normal / Sedang Transisi,Golden Rebound Fibo 50.0% 🎯,1,WAIT & SEE,TIDAK ADA,2026-08-20 16:40:00,Biasa / Mengikuti Pasar
16:40,CASS,Token Mati (Perlu Update),Mid Cap (Lapis 2),Fair Value (Wajar),8.003991,2.1846497,1845.0,1886,1840,2000,-0.2702702702702703,71800,Normal,42,Negatif,Downtrend,Bearish,Bearish MACD,Konsolidasi / Transisi,Normal,Distribusi (Turun),Normal,Dominan Jual (Guyur),Squeeze,Rendah,Normal,Dekat Support (Low Risk),< 1 Miliar,Di Bawah VWAP (Lemah),Distribusi Pro (Guyuran),Gorengan Sepi (< 5M),Sepi (< 50%),Distribution (Fase Jualan),Spesialis Tiang Jemuran (Banting Pucuk),Normal,Turun 3 Hari Beruntun,TP: 1924 | CL: 1791,Normal,Sangat Menarik (> 1:3),Oversold (Jenuh Jual - Peluang),Netral / Sepi Berita,Supply Kering (Siap Pump) 🏜️,Golden Rebound Fibo 50.0% 🎯,0,WAIT & SEE,TIDAK ADA,2026-08-20 16:40:00,Biasa / Mengikuti Pasar
16:40,CEKA,Token Mati (Perlu Update),Mid Cap (Lapis 2),Undervalued (Murah),5.966652,0.6293031,2190.0,2200,2140,2300,0.0,16700,Normal,50,Negatif,Downtrend,Death Cross,Bearish MACD,Konsolidasi / Transisi,Normal,Akumulasi (Naik),Normal,Seimbang / Adu Mekanik,Squeeze,Rendah,Doji (Ragu-ragu),Dekat Support (Low Risk),< 1 Miliar,Persis di VWAP,Akumulasi Pro (Smart Money),Gorengan Sepi (< 5M),Normal (50-150%),Distribution (Fase Jualan),Spesialis Tiang Jemuran (Banting Pucuk),Normal,Sideways / Stagnan,TP: 2252 | CL: 2148,Normal,Ideal (1:2),Golden Cross (Awal Bullish),Sentimen Positif 📰,Normal / Sedang Transisi,Dekat Support Fibo 50.0%,2,WAIT & SEE,TIDAK ADA,2026-08-20 16:40:00,Biasa / Mengikuti Pasar
16:40,CENT,Token Mati (Perlu Update),Mid Cap (Lapis 2),Fair Value (Wajar),0.0,1.1085345,87.0,82,77,89,3.571428571428571,9259700,Tembus MA20,63,Positif,Uptrend,Bullish,Strong Bullish,Perfect Uptrend (5>20>50),Normal,Akumulasi (Naik),Normal,Seimbang / Adu Mekanik,Breakout Upper,Sedang,Normal,Rawan Pucuk (High Risk),< 1 Miliar,Di Atas VWAP (Kuat),Akumulasi Pro (Smart Money),Gorengan Sepi (< 5M),Anomali Tinggi (150-300%),Mark-Up (Fase Pesta),Normal,Normal,Naik 1 Hari Beruntun,TP: 92 | CL: 83,Open = Low (Bullish Kuat),Tidak Ideal (< 1:1),Netral / Sideways,Netral / Sepi Berita,Normal / Sedang Transisi,Mendekati Fibo 23.6%,7,BELI,TIDAK ADA,2026-08-20 16:40:00,Biasa / Mengikuti Pasar
16:40,CFIN,Token Mati (Perlu Update),Mid Cap (Lapis 2),Undervalued (Murah),6.094654,0.25068098,358.0,346,330,360,0.5617977528089888,1441600,Normal,71,Positif,Uptrend,Bullish,Bearish MACD,Perfect Uptrend (5>20>50),Normal,Akumulasi (Naik),Normal,Seimbang / Adu Mekanik,Normal,Sedang,Normal,Area Tengah,< 1 Miliar,Di Atas VWAP (Kuat),Akumulasi Pro (Smart Money),Gorengan Sepi (< 5M),Normal (50-150%),Mark-Up (Fase Pesta),Normal,Normal,Naik 2 Hari Beruntun,TP: 368 | CL: 351,Normal,Tidak Ideal (< 1:1),Overbought (Jenuh Beli - Rawan),Sentimen Positif 📰,Normal / Sedang Transisi,Mengambang (Jauh dari Fibo),6,WAIT & SEE,TIDAK ADA,2026-08-20 16:40:00,Biasa / Mengikuti Pasar
16:40,CINT,Token Mati (Perlu Update),Small Cap (Lapis 3),Fair Value (Wajar),0.0,0.5883494,179.0,176,167,200,-0.5555555555555556,152300,Normal,57,Negatif,Uptrend,Bullish,Strong Bullish,Perfect Uptrend (5>20>50),Normal,Akumulasi (Naik),Normal,Seimbang / Adu Mekanik,Normal,Sedang,Normal,Area Tengah,< 1 Miliar,Persis di VWAP,Distribusi Pro (Guyuran),Gorengan Sepi (< 5M),Normal (50-150%),Mark-Up (Fase Pesta),Spesialis Tiang Jemuran (Banting Pucuk),Jarum Bawah (Sinyal Pantulan Kuat),Turun 1 Hari Beruntun,TP: 187 | CL: 173,Normal,Ideal (1:2),Netral / Sideways,Sentimen Positif 📰,Normal / Sedang Transisi,Mendekati Fibo 61.8% (Golden Ratio),6,WAIT & SEE,TIDAK ADA,2026-08-20 16:40:00,Biasa / Mengikuti Pasar
16:40,CITA,Token Mati (Perlu Update),Big Cap (Lapis 1),Fair Value (Wajar),9.337175,1.5834756,3240.0,3247,3140,3400,0.9345794392523363,111100,Tembus MA20,54,Positif,Downtrend,Bearish,Bearish MACD,Konsolidasi / Transisi,Normal,Distribusi (Turun),Normal,Dominan Beli (Hajar Kanan),Squeeze,Rendah,Normal,Area Tengah,< 1 Miliar,Di Atas VWAP (Kuat),Distribusi Pro (Guyuran),Gorengan Sepi (< 5M),Normal (50-150%),Distribution (Fase Jualan),Spesialis Tiang Jemuran (Banting Pucuk),Normal,Naik 2 Hari Beruntun,TP: 3347 | CL: 3168,Normal,Ideal (1:2),Netral / Sideways,Sentimen Positif 📰,Normal / Sedang Transisi,Mendekati Fibo 38.2%,5,WAIT & SEE,TIDAK ADA,2026-08-20 16:40:00,Biasa / Mengikuti Pasar
16:40,CLPI,Token Mati (Perlu Update),Small Cap (Lapis 3),Undervalued (Murah),6.587615,0.84214246,1600.0,1581,1505,1620,0.0,66300,Normal,65,Negatif,Uptrend,Bullish,Bearish MACD,Perfect Uptrend (5>20>50),Normal,Akumulasi (Naik),Normal,Seimbang / Adu Mekanik,Squeeze,Rendah,Doji (Ragu-ragu),Area Tengah,< 1 Miliar,Persis di VWAP,Distribusi Pro (Guyuran),Gorengan Sepi (< 5M),Normal (50-150%),Mark-Up (Fase Pesta),Normal,Normal,Sideways / Stagnan,TP: 1636 | CL: 1575,Normal,Tidak Ideal (< 1:1),Death Cross (Awal Bearish),Sentimen Positif 📰,Normal / Sedang Transisi,Mendekati Fibo 23.6%,5,WAIT & SEE,TIDAK ADA,2026-08-20 16:40:00,Biasa / Mengikuti Pasar
16:40,CMNP,Token Mati (Perlu Update),Mid Cap (Lapis 2),Undervalued (Murah),7.8740153,0.60611475,1370.0,1361,1305,1395,0.0,27500,Normal,53,Negatif,Uptrend,Bullish,Strong Bullish,Perfect Uptrend (5>20>50),Normal,Akumulasi (Naik),Normal,Seimbang / Adu Mekanik,Squeeze,Rendah,Normal,Area Tengah,< 1 Miliar,Persis di VWAP,Distribusi Pro (Guyuran),Gorengan Sepi (< 5M),Sepi (< 50%),Mark-Up (Fase Pesta),Normal,Jarum Bawah (Sinyal Pantulan Kuat),Sideways / Stagnan,TP: 1414 | CL: 1340,Normal,Tidak Ideal (< 1:1),Death Cross (Awal Bearish),Sentimen Positif 📰,Normal / Sedang Transisi,Golden Rebound Fibo 61.8% (Golden Ratio) 🎯,6,WAIT & SEE,TIDAK ADA,2026-08-20 16:40:00,Biasa / Mengikuti Pasar
16:40,CMPP,Token Mati (Perlu Update),Small Cap (Lapis 3),Fair Value (Wajar),0.0,-0.047031812,69.0,69,69,69,0.0,0,Normal,42,Negatif,Downtrend,Bearish,Bullish MACD,Konsolidasi / Transisi,Normal,Netral,Normal,Tidak Ada Transaksi,Squeeze,Rendah,Doji (Ragu-ragu),Dekat Support (Low Risk),< 1 Miliar,Di Atas VWAP (Kuat),Netral,Gorengan Sepi (< 5M),Normal (50-150%),Sideways,Solid (Jarang Dibanting),Normal,Sideways / Stagnan,TP: 70 | CL: 68,Normal,Di Area Support,Oversold (Jenuh Jual - Peluang),Netral / Sepi Berita,Normal / Sedang Transisi,Golden Rebound Fibo 78.6% 🎯,1,WAIT & SEE,TIDAK ADA,2026-08-20 16:40:00,Biasa / Mengikuti Pasar
16:40,CNKO,Token Mati (Perlu Update),Small Cap (Lapis 3),Fair Value (Wajar),1.7281644,-0.35224676,37.0,37,37,37,0.0,0,Normal,43,Negatif,Downtrend,Bearish,Bullish MACD,Konsolidasi / Transisi,Normal,Netral,Normal,Tidak Ada Transaksi,Squeeze,Rendah,Doji (Ragu-ragu),Dekat Support (Low Risk),< 1 Miliar,Di Atas VWAP (Kuat),Netral,Gorengan Sepi (< 5M),Normal (50-150%),Sideways,Solid (Jarang Dibanting),Normal,Sideways / Stagnan,TP: 38 | CL: 36,Normal,Di Area Support,Oversold (Jenuh Jual - Peluang),Netral / Sepi Berita,Normal / Sedang Transisi,Mengambang (Jauh dari Fibo),1,WAIT & SEE,TIDAK ADA,2026-08-20 16:40:00,Biasa / Mengikuti Pasar
16:40,CPIN,Token Mati (Perlu Update),Big Cap (Lapis 1),Undervalued (Murah),6.607056,1.4096843,3000.0,3135,2900,3370,1.3513513513513513,25812100,Tembus MA20,40,Positif,Downtrend,Bearish,Strong Bearish,Strong Downtrend (5<20<50),Normal,Distribusi (Turun),Normal,Dominan Beli (Hajar Kanan),Bottom Rebound,Sedang,Normal,Area Tengah,> 1 Miliar,Persis di VWAP,Distribusi Pro (Guyuran),Sultan (> 50M/hari),Anomali Tinggi (150-300%),Mark-Down (Fase Runtuh),Normal,Normal,Naik 1 Hari Beruntun,TP: 3118 | CL: 2920,Normal,Sangat Menarik (> 1:3),Golden Cross (Awal Bullish),Sentimen Negatif ⚠️,Normal / Sedang Transisi,Mendekati Fibo Bottom / 100%,3,WAIT & SEE,TIDAK ADA,2026-08-20 16:40:00,Biasa / Mengikuti Pasar
16:40,CPRO,Token Mati (Perlu Update),Mid Cap (Lapis 2),Undervalued (Murah),9.259259,0.7482902,50.0,50,50,54,0.0,341054100,Tembus MA20,45,Negatif,Downtrend,Bullish,Bearish MACD,Perfect Uptrend (5>20>50),Normal,Distribusi (Turun),Normal,Dominan Jual (Guyur),Squeeze,Rendah,Doji (Ragu-ragu),Dekat Support (Low Risk),> 1 Miliar,Di Bawah VWAP (Lemah),Distribusi Pro (Guyuran),Ritel Aktif (5M - 50M),Anomali Tinggi (150-300%),Distribution (Fase Jualan),Spesialis Tiang Jemuran (Banting Pucuk),Normal,Sideways / Stagnan,TP: 52 | CL: 48,Normal,Di Area Support,Oversold (Jenuh Jual - Peluang),Sentimen Positif 📰,Normal / Sedang Transisi,Golden Rebound Fibo Bottom / 100% 🎯,3,WAIT & SEE,TIDAK ADA,2026-08-20 16:40:00,🔥 ANOMALI BANDAR (Siap Ledakan)
16:40,CSAP,Token Mati (Perlu Update),Mid Cap (Lapis 2),Undervalued (Murah),9.068323,0.45583194,292.0,288,270,360,1.3888888888888888,158700,Normal,54,Positif,Uptrend,Bullish,Bearish MACD,Perfect Uptrend (5>20>50),Normal,Distribusi (Turun),Gap Up (+2.8%),Seimbang / Adu Mekanik,Squeeze,Rendah,Normal,Area Tengah,< 1 Miliar,Persis di VWAP,Distribusi Pro (Guyuran),Gorengan Sepi (< 5M),Sepi (< 50%),Mark-Up (Fase Pesta),Spesialis Tiang Jemuran (Banting Pucuk),Normal,Naik 2 Hari Beruntun,TP: 322 | CL: 271,Open = High (Tekanan Jual),Sangat Menarik (> 1:3),Oversold (Jenuh Jual - Peluang),Sentimen Positif 📰,Normal / Sedang Transisi,Mendekati Fibo 78.6%,6,WAIT & SEE,TIDAK ADA,2026-08-20 16:40:00,Biasa / Mengikuti Pasar
16:40,CTBN,Token Mati (Perlu Update),Mid Cap (Lapis 2),Overvalued (Mahal),39.15865,27343.748,3500.0,4135,3470,4770,-12.280701754385964,790900,Tembus MA20,15,Negatif,Downtrend,Bearish,Bullish MACD,Strong Downtrend (5<20<50),Distribusi Kuat,Distribusi (Turun),Normal,Dominan Jual (Guyur),Normal,Tinggi,Normal,Dekat Support (Low Risk),> 1 Miliar,Di Bawah VWAP (Lemah),Distribusi Pro (Guyuran),Gorengan Sepi (< 5M),Ledakan Ekstrem (> 300%),Mark-Down (Fase Runtuh),Spesialis Tiang Jemuran (Banting Pucuk),Normal,Turun 2 Hari Beruntun,TP: 3697 | CL: 3368,Open = High (Tekanan Jual),Sangat Menarik (> 1:3),Oversold (Jenuh Jual - Peluang),Sentimen Positif 📰,Supply Banjir (Distribusi) 🌊,Golden Rebound Fibo Bottom / 100% 🎯,3,WAIT & SEE,TIDAK ADA,2026-08-20 16:40:00,🔥 ANOMALI BANDAR (Siap Ledakan)
16:40,CTRA,Token Mati (Perlu Update),Big Cap (Lapis 1),Undervalued (Murah),4.594575,0.472878,625.0,595,550,655,0.8064516129032258,8987700,Normal,61,Positif,Uptrend,Bullish,Strong Bullish,Perfect Uptrend (5>20>50),Normal,Distribusi (Turun),Normal,Seimbang / Adu Mekanik,Normal,Tinggi,Doji (Ragu-ragu),Rawan Pucuk (High Risk),> 1 Miliar,Persis di VWAP,Distribusi Pro (Guyuran),Ritel Aktif (5M - 50M),Normal (50-150%),Mark-Up (Fase Pesta),Normal,Normal,Naik 1 Hari Beruntun,TP: 655 | CL: 604,Normal,Tidak Ideal (< 1:1),Death Cross (Awal Bearish),Sentimen Positif 📰,Normal / Sedang Transisi,Dekat Support Fibo 23.6%,6,WAIT & SEE,TIDAK ADA,2026-08-20 16:40:00,Biasa / Mengikuti Pasar
16:40,CTTH,Token Mati (Perlu Update),Small Cap (Lapis 3),Fair Value (Wajar),0.0,1.0389942,131.0,128,115,148,1.550387596899225,6417400,Normal,52,Positif,Uptrend,Bullish,Strong Bullish,Perfect Uptrend (5>20>50),Normal,Akumulasi (Naik),Normal,Dominan Beli (Hajar Kanan),Normal,Sedang,Doji (Ragu-ragu),Rawan Pucuk (High Risk),< 1 Miliar,Di Bawah VWAP (Lemah),Distribusi Pro (Guyuran),Gorengan Sepi (< 5M),Sepi (< 50%),Mark-Up (Fase Pesta),Spesialis Tiang Jemuran (Banting Pucuk),Jarum Bawah (Sinyal Pantulan Kuat),Naik 1 Hari Beruntun,TP: 143 | CL: 122,Normal,Menengah (1:1),Netral / Sideways,Sentimen Negatif ⚠️,Normal / Sedang Transisi,Golden Rebound Fibo 61.8% (Golden Ratio) 🎯,7,BELI,TIDAK ADA,2026-08-20 16:40:00,Biasa / Mengikuti Pasar
16:40,DART,Token Mati (Perlu Update),Small Cap (Lapis 3),Fair Value (Wajar),0.0,0.48789287,165.0,145,121,214,-0.6024096385542169,1462900,Normal,59,Negatif,Uptrend,Bullish,Strong Bullish,Perfect Uptrend (5>20>50),Normal,Distribusi (Turun),Normal,Dominan Jual (Guyur),Normal,Tinggi,Normal,Rawan Pucuk (High Risk),< 1 Miliar,Di Bawah VWAP (Lemah),Distribusi Pro (Guyuran),Gorengan Sepi (< 5M),Sepi (< 50%),Mark-Up (Fase Pesta),Spesialis Tiang Jemuran (Banting Pucuk),Normal,Turun 1 Hari Beruntun,TP: 193 | CL: 145,Normal,Menengah (1:1),Netral / Sideways,Sentimen Positif 📰,Normal / Sedang Transisi,Mendekati Fibo 50.0%,5,WAIT & SEE,TIDAK ADA,2026-08-20 16:40:00,Biasa / Mengikuti Pasar
16:40,DEFI,Token Mati (Perlu Update),Small Cap (Lapis 3),Fair Value (Wajar),0.0,2.6910114,106.0,107,100,126,-1.8518518518518516,8269100,Normal,47,Negatif,Downtrend,Bearish,Bullish MACD,Strong Downtrend (5<20<50),Normal,Distribusi (Turun),Normal,Dominan Jual (Guyur),Normal,Sedang,Normal,Area Tengah,< 1 Miliar,Di Bawah VWAP (Lemah),Distribusi Pro (Guyuran),Gorengan Sepi (< 5M),Normal (50-150%),Mark-Down (Fase Runtuh),Spesialis Tiang Jemuran (Banting Pucuk),Normal,Turun 1 Hari Beruntun,TP: 115 | CL: 100,Open = High (Tekanan Jual),Sangat Menarik (> 1:3),Oversold (Jenuh Jual - Peluang),Sentimen Positif 📰,Normal / Sedang Transisi,Mendekati Fibo 78.6%,2,WAIT & SEE,TIDAK ADA,2026-08-20 16:40:00,Biasa / Mengikuti Pasar
16:40,DEWA,Token Mati (Perlu Update),Big Cap (Lapis 1),Fair Value (Wajar),3.9782064,2.2186852,458.0,456,430,496,4.090909090909091,521596500,Normal,58,Positif,Uptrend,Bearish,Bearish MACD,Konsolidasi / Transisi,Normal,Distribusi (Turun),Normal,Dominan Beli (Hajar Kanan),Normal,Sedang,Normal,Area Tengah,> 1 Miliar,Di Atas VWAP (Kuat),Distribusi Pro (Guyuran),Sultan (> 50M/hari),Normal (50-150%),Mark-Up (Fase Pesta),Spesialis Tiang Jemuran (Banting Pucuk),Normal,Naik 1 Hari Beruntun,TP: 490 | CL: 436,Open = Low (Bullish Kuat),Menengah (1:1),Golden Cross (Awal Bullish),Sentimen Positif 📰,Normal / Sedang Transisi,Mendekati Fibo 23.6%,5,WAIT & SEE,TIDAK ADA,2026-08-20 16:40:00,🔥 ANOMALI BANDAR (Siap Ledakan)
16:40,DGIK,Token Mati (Perlu Update),Small Cap (Lapis 3),Undervalued (Murah),12.213039,0.89949954,133.0,128,121,147,-1.4814814814814816,9311300,Tembus MA20,57,Negatif,Uptrend,Bullish,Strong Bullish,Perfect Uptrend (5>20>50),Normal,Akumulasi (Naik),Normal,Dominan Jual (Guyur),Normal,Sedang,Normal,Area Tengah,> 1 Miliar,Di Atas VWAP (Kuat),Distribusi Pro (Guyuran),Gorengan Sepi (< 5M),Normal (50-150%),Mark-Up (Fase Pesta),Spesialis Tiang Jemuran (Banting Pucuk),Normal,Turun 1 Hari Beruntun,TP: 143 | CL: 126,Normal,Menengah (1:1),Netral / Sideways,Sentimen Positif 📰,Normal / Sedang Transisi,Dekat Support Fibo 50.0%,7,BELI,TIDAK ADA,2026-08-20 16:40:00,Biasa / Mengikuti Pasar
16:40,DILD,Token Mati (Perlu Update),Mid Cap (Lapis 2),Fair Value (Wajar),20.033957,0.21626416,118.0,116,113,126,0.8547008547008548,10264300,Normal,56,Positif,Uptrend,Bearish,Strong Bullish,Konsolidasi / Transisi,Normal,Akumulasi (Naik),Normal,Seimbang / Adu Mekanik,Squeeze,Rendah,Normal,Area Tengah,> 1 Miliar,Persis di VWAP,Distribusi Pro (Guyuran),Gorengan Sepi (< 5M),Sepi (< 50%),Mark-Up (Fase Pesta),Spesialis Tiang Jemuran (Banting Pucuk),Normal,Naik 3 Hari Beruntun,TP: 124 | CL: 113,Open = Low (Bullish Kuat),Ideal (1:2),Golden Cross (Awal Bullish),Sentimen Positif 📰,Normal / Sedang Transisi,Dekat Support Fibo 38.2%,6,WAIT & SEE,TIDAK ADA,2026-08-20 16:40:00,Biasa / Mengikuti Pasar
16:40,DKFT,Token Mati (Perlu Update),Mid Cap (Lapis 2),Fair Value (Wajar),5.6766005,2.4374332,675.0,664,625,715,2.272727272727273,5606500,Normal,54,Positif,Uptrend,Bearish,Bearish MACD,Konsolidasi / Transisi,Normal,Akumulasi (Naik),Normal,Dominan Beli (Hajar Kanan),Normal,Sedang,Normal,Area Tengah,> 1 Miliar,Di Atas VWAP (Kuat),Akumulasi Pro (Smart Money),Gorengan Sepi (< 5M),Normal (50-150%),Mark-Up (Fase Pesta),Normal,Jarum Bawah (Sinyal Pantulan Kuat),Naik 2 Hari Beruntun,TP: 712 | CL: 650,Normal,Tidak Ideal (< 1:1),Netral / Sideways,Sentimen Positif 📰,Normal / Sedang Transisi,Mendekati Fibo 38.2%,6,WAIT & SEE,TIDAK ADA,2026-08-20 16:40:00,Biasa / Mengikuti Pasar
16:40,DLTA,Token Mati (Perlu Update),Mid Cap (Lapis 2),Fair Value (Wajar),9.679338,2.1280441,1790.0,1781,1760,1805,0.2801120448179272,19500,Normal,61,Positif,Uptrend,Bullish,Bearish MACD,Perfect Uptrend (5>20>50),Normal,Akumulasi (Naik),Normal,Dominan Beli (Hajar Kanan),Squeeze,Rendah,Doji (Ragu-ragu),Dekat Support (Low Risk),< 1 Miliar,Persis di VWAP,Akumulasi Pro (Smart Money),Gorengan Sepi (< 5M),Sepi (< 50%),Mark-Up (Fase Pesta),Normal,Jarum Bawah (Sinyal Pantulan Kuat),Naik 1 Hari Beruntun,TP: 1816 | CL: 1772,Normal,Tidak Ideal (< 1:1),Netral / Sideways,Sentimen Positif 📰,Normal / Sedang Transisi,Golden Rebound Fibo 23.6% 🎯,7,BELI,TIDAK ADA,2026-08-20 16:40:00,Biasa / Mengikuti Pasar
16:40,DMAS,Token Mati (Perlu Update),Mid Cap (Lapis 2),Undervalued (Murah),5.1915946,1.155632,168.0,147,136,170,3.067484662576687,284328400,Tembus MA20,84,Positif,Uptrend,Bullish,Strong Bullish,Perfect Uptrend (5>20>50),Akumulasi Kuat,Akumulasi (Naik),Normal,Dominan Beli (Hajar Kanan),Breakout Upper,Tinggi,Normal,Rawan Pucuk (High Risk),> 1 Miliar,Di Atas VWAP (Kuat),Akumulasi Pro (Smart Money),Sultan (> 50M/hari),Anomali Tinggi (150-300%),Mark-Up (Fase Pesta),Normal,Normal,Naik 6 Hari Beruntun,TP: 175 | CL: 162,Normal,Tidak Ideal (< 1:1),Overbought (Jenuh Beli - Rawan),Sentimen Negatif ⚠️,Normal / Sedang Transisi,Mendekati Fibo 23.6%,9,BELI,TIDAK ADA,2026-08-20 16:40:00,🔥 ANOMALI BANDAR (Siap Ledakan)
16:40,DNAR,Token Mati (Perlu Update),Mid Cap (Lapis 2),Undervalued (Murah),9.643128,0.54871935,127.0,123,116,133,-0.78125,1048900,Normal,61,Negatif,Uptrend,Bullish,Strong Bullish,Perfect Uptrend (5>20>50),Normal,Akumulasi (Naik),Normal,Seimbang / Adu Mekanik,Squeeze,Rendah,Normal,Area Tengah,< 1 Miliar,Persis di VWAP,Distribusi Pro (Guyuran),Gorengan Sepi (< 5M),Normal (50-150%),Mark-Up (Fase Pesta),Spesialis Tiang Jemuran (Banting Pucuk),Normal,Turun 2 Hari Beruntun,TP: 133 | CL: 122,Normal,Tidak Ideal (< 1:1),Death Cross (Awal Bearish),Netral / Sepi Berita,Normal / Sedang Transisi,Dekat Support Fibo 38.2%,5,WAIT & SEE,TIDAK ADA,2026-08-20 16:40:00,Biasa / Mengikuti Pasar
16:40,DNET,Token Mati (Perlu Update),Big Cap (Lapis 1),Overvalued (Mahal),126.58228,8.9945545,9900.0,9792,9450,10000,0.0,2600,Normal,53,Negatif,Uptrend,Golden Cross,Strong Bullish,Awal Reversal (5>20),Normal,Akumulasi (Naik),Normal,Dominan Beli (Hajar Kanan),Squeeze,Rendah,Marubozu (Strong Bullish),Area Tengah,< 1 Miliar,Di Atas VWAP (Kuat),Akumulasi Pro (Smart Money),Gorengan Sepi (< 5M),Sepi (< 50%),Accumulation (Kumpul Barang),Normal,Normal,Sideways / Stagnan,TP: 10224 | CL: 9683,Open = Low (Bullish Kuat),Tidak Ideal (< 1:1),Netral / Sideways,Sentimen Positif 📰,Supply Kering (Siap Pump) 🏜️,Golden Rebound Fibo 61.8% (Golden Ratio) 🎯,7,BELI,TIDAK ADA,2026-08-20 16:40:00,Biasa / Mengikuti Pasar
16:40,DOID,Token Mati (Perlu Update),Mid Cap (Lapis 2),Overvalued (Mahal),0.0,211999.98,212.0,215,200,238,0.0,803700,Normal,50,Negatif,Downtrend,Bearish,Bearish MACD,Konsolidasi / Transisi,Normal,Distribusi (Turun),Normal,Dominan Jual (Guyur),Normal,Sedang,Normal,Area Tengah,< 1 Miliar,Persis di VWAP,Distribusi Pro (Guyuran),Gorengan Sepi (< 5M),Normal (50-150%),Distribution (Fase Jualan),Normal,Normal,Sideways / Stagnan,TP: 222 | CL: 205,Open = High (Tekanan Jual),Ideal (1:2),Netral / Sideways,Sentimen Negatif ⚠️,Normal / Sedang Transisi,Dekat Support Fibo 61.8% (Golden Ratio),0,WAIT & SEE,TIDAK ADA,2026-08-20 16:40:00,Biasa / Mengikuti Pasar
16:40,DPNS,Token Mati (Perlu Update),Small Cap (Lapis 3),Undervalued (Murah),4.298511,0.3023119,310.0,310,310,310,0.0,0,Normal,0,Negatif,Downtrend,Bearish,Bearish MACD,Konsolidasi / Transisi,Normal,Netral,Normal,Tidak Ada Transaksi,Squeeze,Rendah,Doji (Ragu-ragu),Dekat Support (Low Risk),< 1 Miliar,Di Atas VWAP (Kuat),Netral,Gorengan Sepi (< 5M),Normal (50-150%),Sideways,Solid (Jarang Dibanting),Normal,Sideways / Stagnan,TP: 311 | CL: 309,Normal,Di Area Support,Oversold (Jenuh Jual - Peluang),Netral / Sepi Berita,Normal / Sedang Transisi,Normal / Sideways,0,WAIT & SEE,TIDAK ADA,2026-08-20 16:40:00,Biasa / Mengikuti Pasar
16:40,DSFI,Token Mati (Perlu Update),Small Cap (Lapis 3),Undervalued (Murah),9.161607,0.5493874,87.0,81,77,91,1.1627906976744187,7586900,Normal,66,Positif,Uptrend,Bullish,Strong Bullish,Perfect Uptrend (5>20>50),Normal,Akumulasi (Naik),Normal,Dominan Beli (Hajar Kanan),Breakout Upper,Sedang,Normal,Rawan Pucuk (High Risk),< 1 Miliar,Di Atas VWAP (Kuat),Distribusi Pro (Guyuran),Gorengan Sepi (< 5M),Normal (50-150%),Mark-Up (Fase Pesta),Spesialis Tiang Jemuran (Banting Pucuk),Normal,Naik 3 Hari Beruntun,TP: 93 | CL: 82,Normal,Tidak Ideal (< 1:1),Netral / Sideways,Sentimen Negatif ⚠️,Normal / Sedang Transisi,Dekat Support Fibo 23.6%,7,BELI,TIDAK ADA,2026-08-20 16:40:00,Biasa / Mengikuti Pasar
16:40,DSNG,Token Mati (Perlu Update),Big Cap (Lapis 1),Undervalued (Murah),7.81508,1.2559804,1415.0,1340,1230,1425,4.044117647058823,8654700,Tembus MA20,63,Positif,Uptrend,Golden Cross,Bearish MACD,Perfect Uptrend (5>20>50),Normal,Akumulasi (Naik),Normal,Dominan Beli (Hajar Kanan),Normal,Sedang,Marubozu (Strong Bullish),Rawan Pucuk (High Risk),> 1 Miliar,Di Atas VWAP (Kuat),Akumulasi Pro (Smart Money),Ritel Aktif (5M - 50M),Anomali Tinggi (150-300%),Mark-Up (Fase Pesta),Solid (Jarang Dibanting),Normal,Naik 1 Hari Beruntun,TP: 1491 | CL: 1363,Open = Low (Bullish Kuat),Tidak Ideal (< 1:1),Netral / Sideways,Sentimen Positif 📰,Normal / Sedang Transisi,Mengambang (Jauh dari Fibo),8,BELI,TIDAK ADA,2026-08-20 16:40:00,Biasa / Mengikuti Pasar
16:40,DSSA,Token Mati (Perlu Update),Big Cap (Lapis 1),Overvalued (Mahal),40.665066,84583.336,1015.0,919,805,1075,-2.403846153846154,393572800,Normal,64,Negatif,Uptrend,Bullish,Strong Bullish,Perfect Uptrend (5>20>50),Normal,Distribusi (Turun),Normal,Dominan Jual (Guyur),Normal,Tinggi,Normal,Rawan Pucuk (High Risk),> 1 Miliar,Di Atas VWAP (Kuat),Distribusi Pro (Guyuran),Sultan (> 50M/hari),Normal (50-150%),Mark-Up (Fase Pesta),Spesialis Tiang Jemuran (Banting Pucuk),Normal,Turun 1 Hari Beruntun,TP: 1110 | CL: 951,Normal,Tidak Ideal (< 1:1),Netral / Sideways,Sentimen Positif 📰,Normal / Sedang Transisi,Mengambang (Jauh dari Fibo),5,WAIT & SEE,TIDAK ADA,2026-08-20 16:40:00,Biasa / Mengikuti Pasar
16:40,DUTI,Token Mati (Perlu Update),Mid Cap (Lapis 2),Undervalued (Murah),14.054752,0.86114514,4790.0,4362,4050,4800,0.20920502092050208,3100,Tembus MA20,94,Positif,Uptrend,Bullish,Strong Bullish,Perfect Uptrend (5>20>50),Normal,Akumulasi (Naik),Normal,Tidak Ada Transaksi,Breakout Upper,Sedang,Doji (Ragu-ragu),Rawan Pucuk (High Risk),< 1 Miliar,Di Atas VWAP (Kuat),Akumulasi Pro (Smart Money),Gorengan Sepi (< 5M),Normal (50-150%),Mark-Up (Fase Pesta),Solid (Jarang Dibanting),Normal,Naik 4 Hari Beruntun,TP: 4871 | CL: 4735,Normal,Tidak Ideal (< 1:1),Overbought (Jenuh Beli - Rawan),Sentimen Positif 📰,Normal / Sedang Transisi,Mengambang (Jauh dari Fibo),8,BELI,TIDAK ADA,2026-08-20 16:40:00,Biasa / Mengikuti Pasar
16:40,DVLA,Token Mati (Perlu Update),Mid Cap (Lapis 2),Undervalued (Murah),12.993933,1.183402,1585.0,1583,1550,1600,0.31645569620253167,23500,Tembus MA20,58,Positif,Uptrend,Bearish,Bearish MACD,Konsolidasi / Transisi,Normal,Akumulasi (Naik),Normal,Dominan Beli (Hajar Kanan),Squeeze,Rendah,Doji (Ragu-ragu),Dekat Support (Low Risk),< 1 Miliar,Persis di VWAP,Akumulasi Pro (Smart Money),Gorengan Sepi (< 5M),Ledakan Ekstrem (> 300%),Mark-Up (Fase Pesta),Normal,Jarum Bawah (Sinyal Pantulan Kuat),Naik 1 Hari Beruntun,TP: 1609 | CL: 1568,Normal,Tidak Ideal (< 1:1),Netral / Sideways,Sentimen Positif 📰,Normal / Sedang Transisi,Golden Rebound Fibo 23.6% 🎯,7,BELI,TIDAK ADA,2026-08-20 16:40:00,Biasa / Mengikuti Pasar
16:40,DYAN,Token Mati (Perlu Update),Small Cap (Lapis 3),Undervalued (Murah),8.55814,0.5301585,92.0,84,77,93,1.098901098901099,1355800,Normal,74,Positif,Uptrend,Bullish,Strong Bullish,Perfect Uptrend (5>20>50),Normal,Akumulasi (Naik),Normal,Seimbang / Adu Mekanik,Breakout Upper,Tinggi,Normal,Rawan Pucuk (High Risk),< 1 Miliar,Di Atas VWAP (Kuat),Akumulasi Pro (Smart Money),Gorengan Sepi (< 5M),Sepi (< 50%),Mark-Up (Fase Pesta),Spesialis Tiang Jemuran (Banting Pucuk),Normal,Naik 5 Hari Beruntun,TP: 97 | CL: 88,Normal,Tidak Ideal (< 1:1),Overbought (Jenuh Beli - Rawan),Sentimen Positif 📰,Normal / Sedang Transisi,Mengambang (Jauh dari Fibo),7,BELI,TIDAK ADA,2026-08-20 16:40:00,Biasa / Mengikuti Pasar
16:40,ECII,Token Mati (Perlu Update),Small Cap (Lapis 3),Fair Value (Wajar),0.0,0.19205321,155.0,157,143,190,0.6493506493506493,528000,Normal,52,Positif,Downtrend,Bearish,Bearish MACD,Konsolidasi / Transisi,Normal,Akumulasi (Naik),Normal,Seimbang / Adu Mekanik,Normal,Sedang,Normal,Area Tengah,< 1 Miliar,Persis di VWAP,Distribusi Pro (Guyuran),Gorengan Sepi (< 5M),Normal (50-150%),Distribution (Fase Jualan),Spesialis Tiang Jemuran (Banting Pucuk),Normal,Naik 1 Hari Beruntun,TP: 163 | CL: 149,Normal,Ideal (1:2),Golden Cross (Awal Bullish),Netral / Sepi Berita,Normal / Sedang Transisi,Mendekati Fibo 50.0%,3,WAIT & SEE,TIDAK ADA,2026-08-20 16:40:00,Biasa / Mengikuti Pasar
16:40,EKAD,Token Mati (Perlu Update),Mid Cap (Lapis 2),Undervalued (Murah),2.1056519,0.87281793,308.0,209,164,368,1.9867549668874174,13824300,Tembus MA20,87,Positif,Uptrend,Bullish,Strong Bullish,Perfect Uptrend (5>20>50),Normal,Akumulasi (Naik),Normal,Seimbang / Adu Mekanik,Normal,Tinggi,Normal,Rawan Pucuk (High Risk),> 1 Miliar,Di Bawah VWAP (Lemah),Distribusi Pro (Guyuran),Ritel Aktif (5M - 50M),Normal (50-150%),Mark-Up (Fase Pesta),Normal,Normal,Naik 1 Hari Beruntun,TP: 340 | CL: 286,Normal,Tidak Ideal (< 1:1),Death Cross (Awal Bearish),Sentimen Positif 📰,Normal / Sedang Transisi,Mengambang (Jauh dari Fibo),8,BELI,TIDAK ADA,2026-08-20 16:40:00,Biasa / Mengikuti Pasar
16:40,ELSA,Token Mati (Perlu Update),Mid Cap (Lapis 2),Undervalued (Murah),6.434891,0.968824,725.0,692,650,740,0.6944444444444444,16422500,Normal,64,Positif,Uptrend,Bullish,Bearish MACD,Perfect Uptrend (5>20>50),Normal,Akumulasi (Naik),Normal,Dominan Beli (Hajar Kanan),Normal,Sedang,Normal,Rawan Pucuk (High Risk),> 1 Miliar,Di Atas VWAP (Kuat),Akumulasi Pro (Smart Money),Ritel Aktif (5M - 50M),Normal (50-150%),Mark-Up (Fase Pesta),Normal,Normal,Naik 4 Hari Beruntun,TP: 763 | CL: 699,Normal,Tidak Ideal (< 1:1),Netral / Sideways,Netral / Sepi Berita,Normal / Sedang Transisi,Mengambang (Jauh dari Fibo),6,WAIT & SEE,TIDAK ADA,2026-08-20 16:40:00,Biasa / Mengikuti Pasar
16:40,ELTY,Token Mati (Perlu Update),Mid Cap (Lapis 2),Fair Value (Wajar),0.0,0.29855907,38.0,35,29,46,0.0,44095600,Normal,60,Negatif,Uptrend,Bullish,Bearish MACD,Perfect Uptrend (5>20>50),Normal,Distribusi (Turun),Normal,Tidak Ada Transaksi,Normal,Tinggi,Doji (Ragu-ragu),Rawan Pucuk (High Risk),> 1 Miliar,Di Bawah VWAP (Lemah),Akumulasi Pro (Smart Money),Gorengan Sepi (< 5M),Sepi (< 50%),Mark-Up (Fase Pesta),Normal,Normal,Sideways / Stagnan,TP: 41 | CL: 35,Normal,Tidak Ideal (< 1:1),Netral / Sideways,Netral / Sepi Berita,Normal / Sedang Transisi,Mendekati Fibo 38.2%,3,WAIT & SEE,TIDAK ADA,2026-08-20 16:40:00,Biasa / Mengikuti Pasar
16:40,EMDE,Token Mati (Perlu Update),Small Cap (Lapis 3),Fair Value (Wajar),0.0,0.14323157,77.0,74,66,94,1.3157894736842104,13276700,Normal,58,Positif,Uptrend,Bullish,Bearish MACD,Perfect Uptrend (5>20>50),Normal,Akumulasi (Naik),Normal,Seimbang / Adu Mekanik,Normal,Tinggi,Normal,Rawan Pucuk (High Risk),> 1 Miliar,Persis di VWAP,Distribusi Pro (Guyuran),Gorengan Sepi (< 5M),Normal (50-150%),Mark-Up (Fase Pesta),Spesialis Tiang Jemuran (Banting Pucuk),Normal,Naik 2 Hari Beruntun,TP: 85 | CL: 71,Normal,Ideal (1:2),Golden Cross (Awal Bullish),Sentimen Negatif ⚠️,Normal / Sedang Transisi,Mengambang (Jauh dari Fibo),5,WAIT & SEE,TIDAK ADA,2026-08-20 16:40:00,Biasa / Mengikuti Pasar
16:40,EMTK,Token Mati (Perlu Update),Big Cap (Lapis 1),Undervalued (Murah),14.965986,0.9187431,550.0,521,494,570,4.761904761904762,74965400,Tembus MA20,60,Positif,Uptrend,Bearish,Bullish MACD,Strong Downtrend (5<20<50),Normal,Akumulasi (Naik),Normal,Seimbang / Adu Mekanik,Breakout Upper,Sedang,Normal,Rawan Pucuk (High Risk),> 1 Miliar,Di Atas VWAP (Kuat),Akumulasi Pro (Smart Money),Ritel Aktif (5M - 50M),Anomali Tinggi (150-300%),Accumulation (Kumpul Barang),Spesialis Tiang Jemuran (Banting Pucuk),Normal,Naik 4 Hari Beruntun,TP: 580 | CL: 529,Normal,Tidak Ideal (< 1:1),Netral / Sideways,Sentimen Positif 📰,Normal / Sedang Transisi,Mendekati Fibo 78.6%,7,BELI,TIDAK ADA,2026-08-20 16:40:00,Biasa / Mengikuti Pasar
16:40,ENRG,Token Mati (Perlu Update),Big Cap (Lapis 1),Overvalued (Mahal),22.269264,36527.78,1310.0,1313,1205,1610,1.1583011583011582,68807200,Normal,51,Positif,Downtrend,Bearish,Strong Bearish,Konsolidasi / Transisi,Normal,Distribusi (Turun),Normal,Seimbang / Adu Mekanik,Normal,Tinggi,Normal,Area Tengah,> 1 Miliar,Persis di VWAP,Distribusi Pro (Guyuran),Sultan (> 50M/hari),Normal (50-150%),Distribution (Fase Jualan),Normal,Normal,Naik 3 Hari Beruntun,TP: 1410 | CL: 1242,Normal,Ideal (1:2),Golden Cross (Awal Bullish),Netral / Sepi Berita,Normal / Sedang Transisi,Dekat Support Fibo 50.0%,2,WAIT & SEE,TIDAK ADA,2026-08-20 16:40:00,Biasa / Mengikuti Pasar
16:40,EPMT,Token Mati (Perlu Update),Mid Cap (Lapis 2),Undervalued (Murah),7.6804914,0.7708914,2350.0,2331,2260,2460,0.0,6800,Normal,53,Negatif,Uptrend,Bullish,Strong Bullish,Perfect Uptrend (5>20>50),Normal,Distribusi (Turun),Normal,Seimbang / Adu Mekanik,Squeeze,Rendah,Normal,Area Tengah,< 1 Miliar,Persis di VWAP,Akumulasi Pro (Smart Money),Gorengan Sepi (< 5M),Sepi (< 50%),Mark-Up (Fase Pesta),Spesialis Tiang Jemuran (Banting Pucuk),Normal,Sideways / Stagnan,TP: 2441 | CL: 2289,Normal,Menengah (1:1),Netral / Sideways,Sentimen Positif 📰,Normal / Sedang Transisi,Dekat Support Fibo 38.2%,5,WAIT & SEE,TIDAK ADA,2026-08-20 16:40:00,Biasa / Mengikuti Pasar
16:40,ERAA,Token Mati (Perlu Update),Mid Cap (Lapis 2),Undervalued (Murah),5.191622,0.76891726,466.0,437,372,488,-0.4273504273504274,59181500,Normal,77,Negatif,Uptrend,Bullish,Bearish MACD,Perfect Uptrend (5>20>50),Normal,Akumulasi (Naik),Normal,Dominan Jual (Guyur),Normal,Tinggi,Normal,Rawan Pucuk (High Risk),> 1 Miliar,Persis di VWAP,Distribusi Pro (Guyuran),Ritel Aktif (5M - 50M),Normal (50-150%),Mark-Up (Fase Pesta),Spesialis Tiang Jemuran (Banting Pucuk),Normal,Turun 1 Hari Beruntun,TP: 493 | CL: 447,Normal,Tidak Ideal (< 1:1),Death Cross (Awal Bearish),Sentimen Positif 📰,Normal / Sedang Transisi,Mendekati Fibo 23.6%,5,WAIT & SEE,TIDAK ADA,2026-08-20 16:40:00,Biasa / Mengikuti Pasar
16:40,ERTX,Token Mati (Perlu Update),Small Cap (Lapis 3),Overvalued (Mahal),185999.98,8086.9565,186.0,183,164,232,0.5405405405405406,846200,Normal,60,Positif,Uptrend,Bullish,Bearish MACD,Perfect Uptrend (5>20>50),Normal,Distribusi (Turun),Normal,Seimbang / Adu Mekanik,Normal,Tinggi,Doji (Ragu-ragu),Rawan Pucuk (High Risk),< 1 Miliar,Persis di VWAP,Akumulasi Pro (Smart Money),Gorengan Sepi (< 5M),Normal (50-150%),Mark-Up (Fase Pesta),Spesialis Tiang Jemuran (Banting Pucuk),Jarum Bawah (Sinyal Pantulan Kuat),Naik 1 Hari Beruntun,TP: 204 | CL: 173,Normal,Ideal (1:2),Netral / Sideways,Sentimen Positif 📰,Normal / Sedang Transisi,Golden Rebound Fibo 38.2% 🎯,5,WAIT & SEE,TIDAK ADA,2026-08-20 16:40:00,Biasa / Mengikuti Pasar
16:40,ESSA,Token Mati (Perlu Update),Big Cap (Lapis 1),Overvalued (Mahal),11.954459,25200.0,630.0,641,600,735,1.6129032258064515,86052400,Normal,50,Positif,Downtrend,Bullish,Bearish MACD,Perfect Uptrend (5>20>50),Normal,Distribusi (Turun),Normal,Seimbang / Adu Mekanik,Normal,Tinggi,Normal,Area Tengah,> 1 Miliar,Di Bawah VWAP (Lemah),Distribusi Pro (Guyuran),Sultan (> 50M/hari),Normal (50-150%),Distribution (Fase Jualan),Normal,Normal,Naik 1 Hari Beruntun,TP: 675 | CL: 600,Open = Low (Bullish Kuat),Sangat Menarik (> 1:3),Netral / Sideways,Sentimen Negatif ⚠️,Normal / Sedang Transisi,Mendekati Fibo 50.0%,2,WAIT & SEE,TIDAK ADA,2026-08-20 16:40:00,Biasa / Mengikuti Pasar
16:40,ESTI,Token Mati (Perlu Update),Small Cap (Lapis 3),Overvalued (Mahal),163000.0,1.8320782,163.0,159,126,220,4.487179487179487,15627300,Normal,55,Positif,Uptrend,Bullish,Bearish MACD,Perfect Uptrend (5>20>50),Normal,Akumulasi (Naik),Normal,Seimbang / Adu Mekanik,Normal,Tinggi,Normal,Rawan Pucuk (High Risk),> 1 Miliar,Persis di VWAP,Distribusi Pro (Guyuran),Gorengan Sepi (< 5M),Normal (50-150%),Mark-Up (Fase Pesta),Spesialis Tiang Jemuran (Banting Pucuk),Normal,Naik 1 Hari Beruntun,TP: 193 | CL: 142,Normal,Ideal (1:2),Netral / Sideways,Netral / Sepi Berita,Normal / Sedang Transisi,Mendekati Fibo 50.0%,5,WAIT & SEE,TIDAK ADA,2026-08-20 16:40:00,Biasa / Mengikuti Pasar
16:40,ETWA,Token Mati (Perlu Update),Small Cap (Lapis 3),Fair Value (Wajar),0.0,-0.75840473,70.0,70,70,70,0.0,0,Normal,0,Negatif,Downtrend,Bearish,Bearish MACD,Konsolidasi / Transisi,Normal,Netral,Normal,Tidak Ada Transaksi,Squeeze,Rendah,Doji (Ragu-ragu),Dekat Support (Low Risk),< 1 Miliar,Di Atas VWAP (Kuat),Netral,Gorengan Sepi (< 5M),Normal (50-150%),Sideways,Solid (Jarang Dibanting),Normal,Sideways / Stagnan,TP: 71 | CL: 69,Normal,Di Area Support,Oversold (Jenuh Jual - Peluang),Netral / Sepi Berita,Normal / Sedang Transisi,Normal / Sideways,0,WAIT & SEE,TIDAK ADA,2026-08-20 16:40:00,Biasa / Mengikuti Pasar
16:40,EXCL,Token Mati (Perlu Update),Big Cap (Lapis 1),Fair Value (Wajar),0.0,1.7798483,2860.0,2563,2350,2930,0.0,4774700,Normal,66,Negatif,Uptrend,Bullish,Strong Bullish,Perfect Uptrend (5>20>50),Normal,Akumulasi (Naik),Normal,Seimbang / Adu Mekanik,Normal,Tinggi,Doji (Ragu-ragu),Rawan Pucuk (High Risk),> 1 Miliar,Di Atas VWAP (Kuat),Akumulasi Pro (Smart Money),Ritel Aktif (5M - 50M),Sepi (< 50%),Mark-Up (Fase Pesta),Solid (Jarang Dibanting),Jarum Bawah (Sinyal Pantulan Kuat),Sideways / Stagnan,TP: 3021 | CL: 2752,Normal,Tidak Ideal (< 1:1),Overbought (Jenuh Beli - Rawan),Netral / Sepi Berita,Normal / Sedang Transisi,Golden Rebound Fibo 23.6% 🎯,5,WAIT & SEE,TIDAK ADA,2026-08-20 16:40:00,Biasa / Mengikuti Pasar
16:40,FAST,Token Mati (Perlu Update),Mid Cap (Lapis 2),Overvalued (Mahal),0.0,9.516169,505.0,372,270,565,11.725663716814159,192405500,Tembus MA20,69,Positif,Uptrend,Bullish,Strong Bullish,Perfect Uptrend (5>20>50),Akumulasi Kuat,Akumulasi (Naik),Normal,Dominan Beli (Hajar Kanan),Normal,Tinggi,Normal,Rawan Pucuk (High Risk),> 1 Miliar,Di Atas VWAP (Kuat),Akumulasi Pro (Smart Money),Sultan (> 50M/hari),Anomali Tinggi (150-300%),Mark-Up (Fase Pesta),Normal,Normal,Naik 1 Hari Beruntun,TP: 596 | CL: 444,Normal,Tidak Ideal (< 1:1),Netral / Sideways,Sentimen Positif 📰,Normal / Sedang Transisi,Mendekati Fibo 23.6%,10,BELI,TIDAK ADA,2026-08-20 16:40:00,⚠️ Anomali (Sudah Terbang)
16:40,FASW,Token Mati (Perlu Update),Big Cap (Lapis 1),Overvalued (Mahal),0.0,3.013094,5312.4970703125,5312,5312,5312,0.0,0,Normal,0,Negatif,Downtrend,Bearish,Bearish MACD,Konsolidasi / Transisi,Normal,Netral,Normal,Tidak Ada Transaksi,Squeeze,Rendah,Doji (Ragu-ragu),Dekat Support (Low Risk),< 1 Miliar,Di Atas VWAP (Kuat),Netral,Gorengan Sepi (< 5M),Normal (50-150%),Sideways,Solid (Jarang Dibanting),Normal,Sideways / Stagnan,TP: 5313 | CL: 5311,Normal,Di Area Support,Oversold (Jenuh Jual - Peluang),Netral / Sepi Berita,Normal / Sedang Transisi,Normal / Sideways,0,WAIT & SEE,TIDAK ADA,2026-08-20 16:40:00,Biasa / Mengikuti Pasar
16:40,FISH,Token Mati (Perlu Update),Mid Cap (Lapis 2),Overvalued (Mahal),56.179775,17142.857,600.0,609,570,660,0.0,29600,Normal,43,Negatif,Downtrend,Bearish,Strong Bearish,Strong Downtrend (5<20<50),Normal,Distribusi (Turun),Normal,Seimbang / Adu Mekanik,Normal,Sedang,Normal,Area Tengah,< 1 Miliar,Persis di VWAP,Akumulasi Pro (Smart Money),Gorengan Sepi (< 5M),Normal (50-150%),Mark-Down (Fase Runtuh),Normal,Normal,Sideways / Stagnan,TP: 625 | CL: 583,Open = High (Tekanan Jual),Ideal (1:2),Netral / Sideways,Sentimen Positif 📰,Normal / Sedang Transisi,Mendekati Fibo 61.8% (Golden Ratio),1,WAIT & SEE,TIDAK ADA,2026-08-20 16:40:00,Biasa / Mengikuti Pasar
16:40,FMII,Token Mati (Perlu Update),Mid Cap (Lapis 2),Fair Value (Wajar),0.0,2.308296,250.0,250,240,260,-2.34375,41400,Tembus MA20,50,Negatif,Downtrend,Bullish,Strong Bullish,Awal Reversal (5>20),Distribusi Kuat,Distribusi (Turun),Normal,Seimbang / Adu Mekanik,Squeeze,Rendah,Normal,Area Tengah,< 1 Miliar,Persis di VWAP,Akumulasi Pro (Smart Money),Gorengan Sepi (< 5M),Anomali Tinggi (150-300%),Sideways,Normal,Normal,Turun 1 Hari Beruntun,TP: 264 | CL: 240,Open = High (Tekanan Jual),Menengah (1:1),Netral / Sideways,Sentimen Positif 📰,Normal / Sedang Transisi,Dekat Support Fibo 38.2%,4,WAIT & SEE,TIDAK ADA,2026-08-20 16:40:00,Biasa / Mengikuti Pasar
16:40,FORU,Token Mati (Perlu Update),Mid Cap (Lapis 2),Overvalued (Mahal),0.0,66.602684,2290.0,2588,1865,3580,-1.293103448275862,322400,Normal,41,Negatif,Downtrend,Bearish,Strong Bearish,Strong Downtrend (5<20<50),Normal,Akumulasi (Naik),Normal,Seimbang / Adu Mekanik,Normal,Tinggi,Normal,Rawan Pucuk (High Risk),< 1 Miliar,Di Atas VWAP (Kuat),Akumulasi Pro (Smart Money),Gorengan Sepi (< 5M),Sepi (< 50%),Mark-Down (Fase Runtuh),Normal,Normal,Turun 2 Hari Beruntun,TP: 2602 | CL: 2081,Normal,Sangat Menarik (> 1:3),Golden Cross (Awal Bullish),Sentimen Positif 📰,Normal / Sedang Transisi,Dekat Support Fibo 61.8% (Golden Ratio),2,WAIT & SEE,TIDAK ADA,2026-08-20 16:40:00,Biasa / Mengikuti Pasar
16:40,FPNI,Token Mati (Perlu Update),Mid Cap (Lapis 2),Overvalued (Mahal),10.091572,27000.0,540.0,405,290,600,0.0,70967400,Tembus MA20,81,Negatif,Uptrend,Bullish,Strong Bullish,Perfect Uptrend (5>20>50),Distribusi Kuat,Akumulasi (Naik),Gap Up (+5.6%),Seimbang / Adu Mekanik,Breakout Upper,Tinggi,Normal,Rawan Pucuk (High Risk),> 1 Miliar,Di Atas VWAP (Kuat),Akumulasi Pro (Smart Money),Ritel Aktif (5M - 50M),Ledakan Ekstrem (> 300%),Mark-Up (Fase Pesta),Normal,Normal,Sideways / Stagnan,TP: 606 | CL: 496,Normal,Tidak Ideal (< 1:1),Death Cross (Awal Bearish),Netral / Sepi Berita,Supply Banjir (Distribusi) 🌊,Mendekati Fibo 23.6%,7,BELI,TIDAK ADA,2026-08-20 16:40:00,Biasa / Mengikuti Pasar
16:40,GDST,Token Mati (Perlu Update),Mid Cap (Lapis 2),Undervalued (Murah),10.399257,0.6983066,113.0,108,89,150,1.8018018018018018,22310600,Normal,56,Positif,Uptrend,Bullish,Bearish MACD,Perfect Uptrend (5>20>50),Normal,Akumulasi (Naik),Normal,Seimbang / Adu Mekanik,Normal,Tinggi,Doji (Ragu-ragu),Rawan Pucuk (High Risk),> 1 Miliar,Persis di VWAP,Distribusi Pro (Guyuran),Gorengan Sepi (< 5M),Normal (50-150%),Mark-Up (Fase Pesta),Spesialis Tiang Jemuran (Banting Pucuk),Normal,Naik 1 Hari Beruntun,TP: 129 | CL: 102,Normal,Ideal (1:2),Netral / Sideways,Sentimen Positif 📰,Normal / Sedang Transisi,Mendekati Fibo 50.0%,6,WAIT & SEE,TIDAK ADA,2026-08-20 16:40:00,Biasa / Mengikuti Pasar
16:40,GDYR,Token Mati (Perlu Update),Small Cap (Lapis 3),Overvalued (Mahal),183333.33,7382.5503,1100.0,1097,1060,1165,0.45662100456621,3500,Normal,51,Positif,Uptrend,Bullish,Bearish MACD,Perfect Uptrend (5>20>50),Normal,Distribusi (Turun),Normal,Seimbang / Adu Mekanik,Squeeze,Rendah,Normal,Area Tengah,< 1 Miliar,Persis di VWAP,Akumulasi Pro (Smart Money),Gorengan Sepi (< 5M),Sepi (< 50%),Mark-Up (Fase Pesta),Normal,Normal,Naik 2 Hari Beruntun,TP: 1133 | CL: 1077,Open = Low (Bullish Kuat),Ideal (1:2),Netral / Sideways,Netral / Sepi Berita,Normal / Sedang Transisi,Dekat Support Fibo 61.8% (Golden Ratio),4,WAIT & SEE,TIDAK ADA,2026-08-20 16:40:00,Biasa / Mengikuti Pasar
16:40,GEMA,Token Mati (Perlu Update),Small Cap (Lapis 3),Fair Value (Wajar),0.0,0.30242345,82.0,81,79,87,0.0,748700,Normal,60,Negatif,Uptrend,Golden Cross,Strong Bullish,Perfect Uptrend (5>20>50),Normal,Akumulasi (Naik),Normal,Dominan Beli (Hajar Kanan),Squeeze,Rendah,Doji (Ragu-ragu),Area Tengah,< 1 Miliar,Persis di VWAP,Distribusi Pro (Guyuran),Gorengan Sepi (< 5M),Sepi (< 50%),Mark-Up (Fase Pesta),Spesialis Tiang Jemuran (Banting Pucuk),Jarum Bawah (Sinyal Pantulan Kuat),Sideways / Stagnan,TP: 85 | CL: 79,Normal,Ideal (1:2),Golden Cross (Awal Bullish),Sentimen Negatif ⚠️,Normal / Sedang Transisi,Mendekati Fibo 50.0%,6,WAIT & SEE,TIDAK ADA,2026-08-20 16:40:00,Biasa / Mengikuti Pasar
16:40,GEMS,Token Mati (Perlu Update),Big Cap (Lapis 1),Overvalued (Mahal),9.55968,50000.0,6650.0,6545,6350,6750,0.37735849056603776,44600,Normal,57,Positif,Uptrend,Bullish,Strong Bullish,Perfect Uptrend (5>20>50),Normal,Akumulasi (Naik),Normal,Seimbang / Adu Mekanik,Squeeze,Rendah,Normal,Area Tengah,< 1 Miliar,Persis di VWAP,Akumulasi Pro (Smart Money),Gorengan Sepi (< 5M),Normal (50-150%),Mark-Up (Fase Pesta),Spesialis Tiang Jemuran (Banting Pucuk),Normal,Naik 1 Hari Beruntun,TP: 6842 | CL: 6521,Normal,Tidak Ideal (< 1:1),Death Cross (Awal Bearish),Sentimen Positif 📰,Normal / Sedang Transisi,Mendekati Fibo 61.8% (Golden Ratio),7,BELI,TIDAK ADA,2026-08-20 16:40:00,Biasa / Mengikuti Pasar
16:40,GGRM,Token Mati (Perlu Update),Big Cap (Lapis 1),Undervalued (Murah),8.793723,0.60649496,20150.0,19617,17275,21825,0.12422360248447205,522500,Normal,61,Positif,Uptrend,Bullish,Bearish MACD,Perfect Uptrend (5>20>50),Normal,Akumulasi (Naik),Normal,Seimbang / Adu Mekanik,Normal,Tinggi,Normal,Rawan Pucuk (High Risk),> 1 Miliar,Persis di VWAP,Akumulasi Pro (Smart Money),Ritel Aktif (5M - 50M),Sepi (< 50%),Mark-Up (Fase Pesta),Spesialis Tiang Jemuran (Banting Pucuk),Normal,Naik 1 Hari Beruntun,TP: 21296 | CL: 19385,Normal,Tidak Ideal (< 1:1),Death Cross (Awal Bearish),Sentimen Positif 📰,Normal / Sedang Transisi,Dekat Support Fibo 23.6%,6,WAIT & SEE,TIDAK ADA,2026-08-20 16:40:00,Biasa / Mengikuti Pasar
16:40,GIAA,Token Mati (Perlu Update),Big Cap (Lapis 1),Fair Value (Wajar),0.0,0.0,74.0,61,52,84,1.36986301369863,149851000,Normal,70,Positif,Uptrend,Bullish,Strong Bullish,Perfect Uptrend (5>20>50),Normal,Akumulasi (Naik),Normal,Seimbang / Adu Mekanik,Normal,Tinggi,Doji (Ragu-ragu),Rawan Pucuk (High Risk),> 1 Miliar,Persis di VWAP,Akumulasi Pro (Smart Money),Ritel Aktif (5M - 50M),Sepi (< 50%),Mark-Up (Fase Pesta),Solid (Jarang Dibanting),Jarum Bawah (Sinyal Pantulan Kuat),Naik 1 Hari Beruntun,TP: 81 | CL: 68,Normal,Tidak Ideal (< 1:1),Netral / Sideways,Sentimen Positif 📰,Normal / Sedang Transisi,Mendekati Fibo 38.2%,7,BELI,TIDAK ADA,2026-08-20 16:40:00,Biasa / Mengikuti Pasar
16:40,GJTL,Token Mati (Perlu Update),Mid Cap (Lapis 2),Undervalued (Murah),2.9431717,0.42574918,1345.0,1270,1115,1360,1.1278195488721803,6506100,Normal,72,Positif,Uptrend,Bullish,Strong Bullish,Perfect Uptrend (5>20>50),Normal,Akumulasi (Naik),Normal,Seimbang / Adu Mekanik,Normal,Tinggi,Doji (Ragu-ragu),Rawan Pucuk (High Risk),> 1 Miliar,Di Atas VWAP (Kuat),Akumulasi Pro (Smart Money),Ritel Aktif (5M - 50M),Normal (50-150%),Mark-Up (Fase Pesta),Normal,Jarum Bawah (Sinyal Pantulan Kuat),Naik 4 Hari Beruntun,TP: 1402 | CL: 1306,Normal,Tidak Ideal (< 1:1),Overbought (Jenuh Beli - Rawan),Sentimen Positif 📰,Normal / Sedang Transisi,Mendekati Fibo 23.6%,7,BELI,TIDAK ADA,2026-08-20 16:40:00,Biasa / Mengikuti Pasar
16:40,GLOB,Token Mati (Perlu Update),Small Cap (Lapis 3),Fair Value (Wajar),0.0,-0.14307141,155.0,155,155,155,0.0,0,Normal,0,Negatif,Downtrend,Bearish,Bearish MACD,Konsolidasi / Transisi,Normal,Netral,Normal,Tidak Ada Transaksi,Squeeze,Rendah,Doji (Ragu-ragu),Dekat Support (Low Risk),< 1 Miliar,Di Atas VWAP (Kuat),Netral,Gorengan Sepi (< 5M),Normal (50-150%),Sideways,Solid (Jarang Dibanting),Normal,Sideways / Stagnan,TP: 156 | CL: 154,Normal,Di Area Support,Oversold (Jenuh Jual - Peluang),Netral / Sepi Berita,Normal / Sedang Transisi,Normal / Sideways,0,WAIT & SEE,TIDAK ADA,2026-08-20 16:40:00,Biasa / Mengikuti Pasar
16:40,GMTD,Token Mati (Perlu Update),Mid Cap (Lapis 2),Overvalued (Mahal),93.23308,1.4881648,1240.0,1290,1220,1550,-1.1952191235059761,15600,Normal,42,Negatif,Downtrend,Bearish,Strong Bearish,Strong Downtrend (5<20<50),Normal,Distribusi (Turun),Normal,Seimbang / Adu Mekanik,Normal,Sedang,Normal,Dekat Support (Low Risk),< 1 Miliar,Persis di VWAP,Akumulasi Pro (Smart Money),Gorengan Sepi (< 5M),Anomali Tinggi (150-300%),Mark-Down (Fase Runtuh),Spesialis Tiang Jemuran (Banting Pucuk),Normal,Turun 3 Hari Beruntun,TP: 1307 | CL: 1195,Normal,Sangat Menarik (> 1:3),Oversold (Jenuh Jual - Peluang),Sentimen Positif 📰,Normal / Sedang Transisi,Golden Rebound Fibo Bottom / 100% 🎯,1,WAIT & SEE,TIDAK ADA,2026-08-20 16:40:00,Biasa / Mengikuti Pasar
16:40,GOLD,Token Mati (Perlu Update),Small Cap (Lapis 3),Fair Value (Wajar),24.252632,0.82728904,288.0,269,258,322,8.270676691729323,2571300,Tembus MA20,65,Positif,Uptrend,Golden Cross,Strong Bullish,Perfect Uptrend (5>20>50),Akumulasi Kuat,Akumulasi (Naik),Normal,Seimbang / Adu Mekanik,Breakout Upper,Sedang,Normal,Rawan Pucuk (High Risk),< 1 Miliar,Di Atas VWAP (Kuat),Akumulasi Pro (Smart Money),Gorengan Sepi (< 5M),Ledakan Ekstrem (> 300%),Mark-Up (Fase Pesta),Spesialis Tiang Jemuran (Banting Pucuk),Normal,Naik 2 Hari Beruntun,TP: 309 | CL: 273,Normal,Menengah (1:1),Netral / Sideways,Sentimen Negatif ⚠️,Normal / Sedang Transisi,Dekat Support Fibo 38.2%,8,BELI,TIDAK ADA,2026-08-20 16:40:00,Biasa / Mengikuti Pasar
16:40,GPRA,Token Mati (Perlu Update),Small Cap (Lapis 3),Undervalued (Murah),7.115869,0.3555751,113.0,106,97,114,2.727272727272727,135364000,Tembus MA20,66,Positif,Uptrend,Bullish,Strong Bullish,Perfect Uptrend (5>20>50),Normal,Akumulasi (Naik),Normal,Dominan Beli (Hajar Kanan),Normal,Sedang,Normal,Rawan Pucuk (High Risk),> 1 Miliar,Di Atas VWAP (Kuat),Akumulasi Pro (Smart Money),Ritel Aktif (5M - 50M),Normal (50-150%),Mark-Up (Fase Pesta),Normal,Normal,Naik 1 Hari Beruntun,TP: 120 | CL: 108,Normal,Tidak Ideal (< 1:1),Overbought (Jenuh Beli - Rawan),Sentimen Positif 📰,Normal / Sedang Transisi,Mendekati Fibo 23.6%,9,BELI,TIDAK ADA,2026-08-20 16:40:00,Biasa / Mengikuti Pasar
16:40,GSMF,Token Mati (Perlu Update),Mid Cap (Lapis 2),Overvalued (Mahal),55.555553,0.58276486,95.0,87,83,113,5.555555555555555,247388400,Tembus MA20,66,Positif,Uptrend,Bullish,Strong Bullish,Perfect Uptrend (5>20>50),Akumulasi Kuat,Akumulasi (Naik),Normal,Seimbang / Adu Mekanik,Breakout Upper,Sedang,Normal,Rawan Pucuk (High Risk),> 1 Miliar,Di Bawah VWAP (Lemah),Distribusi Pro (Guyuran),Ritel Aktif (5M - 50M),Ledakan Ekstrem (> 300%),Mark-Up (Fase Pesta),Spesialis Tiang Jemuran (Banting Pucuk),Normal,Naik 2 Hari Beruntun,TP: 104 | CL: 88,Normal,Ideal (1:2),Netral / Sideways,Netral / Sepi Berita,Normal / Sedang Transisi,Mengambang (Jauh dari Fibo),8,BELI,TIDAK ADA,2026-08-20 16:40:00,Biasa / Mengikuti Pasar
16:40,GTBO,Token Mati (Perlu Update),Small Cap (Lapis 3),Overvalued (Mahal),0.0,9444.445,170.0,170,170,170,0.0,0,Normal,26,Negatif,Downtrend,Bearish,Bullish MACD,Konsolidasi / Transisi,Normal,Netral,Normal,Tidak Ada Transaksi,Squeeze,Rendah,Doji (Ragu-ragu),Dekat Support (Low Risk),< 1 Miliar,Di Atas VWAP (Kuat),Netral,Gorengan Sepi (< 5M),Normal (50-150%),Sideways,Solid (Jarang Dibanting),Normal,Sideways / Stagnan,TP: 171 | CL: 169,Normal,Di Area Support,Oversold (Jenuh Jual - Peluang),Netral / Sepi Berita,Normal / Sedang Transisi,Mengambang (Jauh dari Fibo),1,WAIT & SEE,TIDAK ADA,2026-08-20 16:40:00,Biasa / Mengikuti Pasar
16:40,GWSA,Token Mati (Perlu Update),Mid Cap (Lapis 2),Undervalued (Murah),8.804665,0.16155072,151.0,134,120,151,3.4246575342465753,2304400,Tembus MA20,74,Positif,Uptrend,Bullish,Strong Bullish,Perfect Uptrend (5>20>50),Normal,Akumulasi (Naik),Normal,Dominan Beli (Hajar Kanan),Breakout Upper,Tinggi,Marubozu (Strong Bullish),Rawan Pucuk (High Risk),< 1 Miliar,Di Atas VWAP (Kuat),Akumulasi Pro (Smart Money),Gorengan Sepi (< 5M),Normal (50-150%),Mark-Up (Fase Pesta),Spesialis Tiang Jemuran (Banting Pucuk),Normal,Naik 3 Hari Beruntun,TP: 161 | CL: 143,Open = Low (Bullish Kuat),Tidak Ideal (< 1:1),Overbought (Jenuh Beli - Rawan),Sentimen Negatif ⚠️,Normal / Sedang Transisi,Mengambang (Jauh dari Fibo),8,BELI,TIDAK ADA,2026-08-20 16:40:00,Biasa / Mengikuti Pasar
16:40,GZCO,Token Mati (Perlu Update),Mid Cap (Lapis 2),Undervalued (Murah),9.472606,0.8865036,185.0,167,142,202,6.9364161849710975,253354800,Tembus MA20,69,Positif,Uptrend,Bullish,Strong Bullish,Perfect Uptrend (5>20>50),Akumulasi Kuat,Akumulasi (Naik),Normal,Seimbang / Adu Mekanik,Normal,Tinggi,Normal,Rawan Pucuk (High Risk),> 1 Miliar,Di Atas VWAP (Kuat),Akumulasi Pro (Smart Money),Ritel Aktif (5M - 50M),Ledakan Ekstrem (> 300%),Mark-Up (Fase Pesta),Spesialis Tiang Jemuran (Banting Pucuk),Normal,Naik 4 Hari Beruntun,TP: 203 | CL: 172,Open = Low (Bullish Kuat),Tidak Ideal (< 1:1),Netral / Sideways,Sentimen Positif 📰,Normal / Sedang Transisi,Mendekati Fibo 23.6%,9,BELI,TIDAK ADA,2026-08-20 16:40:00,⚠️ Anomali (Sudah Terbang)
16:40,HADE,Token Mati (Perlu Update),Small Cap (Lapis 3),Overvalued (Mahal),0.0,8.603239,17.0,18,17,20,0.0,2293600,Normal,44,Negatif,Downtrend,Bearish,Strong Bearish,Konsolidasi / Transisi,Normal,Distribusi (Turun),Normal,Dominan Jual (Guyur),Normal,Tinggi,Doji (Ragu-ragu),Dekat Support (Low Risk),< 1 Miliar,Di Bawah VWAP (Lemah),Distribusi Pro (Guyuran),Gorengan Sepi (< 5M),Sepi (< 50%),Distribution (Fase Jualan),Normal,Normal,Sideways / Stagnan,TP: 18 | CL: 16,Normal,Di Area Support,Oversold (Jenuh Jual - Peluang),Netral / Sepi Berita,Normal / Sedang Transisi,Mendekati Fibo 50.0%,0,WAIT & SEE,TIDAK ADA,2026-08-20 16:40:00,Biasa / Mengikuti Pasar
16:40,HDFA,Token Mati (Perlu Update),Small Cap (Lapis 3),Fair Value (Wajar),0.0,1.3016682,98.0,95,86,130,0.0,988900,Normal,55,Negatif,Uptrend,Bullish,Bearish MACD,Perfect Uptrend (5>20>50),Normal,Akumulasi (Naik),Normal,Seimbang / Adu Mekanik,Normal,Tinggi,Normal,Rawan Pucuk (High Risk),< 1 Miliar,Di Bawah VWAP (Lemah),Distribusi Pro (Guyuran),Gorengan Sepi (< 5M),Sepi (< 50%),Mark-Up (Fase Pesta),Spesialis Tiang Jemuran (Banting Pucuk),Normal,Sideways / Stagnan,TP: 113 | CL: 87,Normal,Ideal (1:2),Netral / Sideways,Netral / Sepi Berita,Normal / Sedang Transisi,Mendekati Fibo 61.8% (Golden Ratio),4,WAIT & SEE,TIDAK ADA,2026-08-20 16:40:00,Biasa / Mengikuti Pasar
16:40,HERO,Token Mati (Perlu Update),Mid Cap (Lapis 2),Overvalued (Mahal),112.666664,0.8214271,338.0,340,318,372,2.4242424242424243,133500,Normal,50,Positif,Downtrend,Bearish,Bearish MACD,Konsolidasi / Transisi,Normal,Distribusi (Turun),Gap Up (+2.4%),Dominan Beli (Hajar Kanan),Normal,Sedang,Doji (Ragu-ragu),Area Tengah,< 1 Miliar,Persis di VWAP,Distribusi Pro (Guyuran),Gorengan Sepi (< 5M),Sepi (< 50%),Distribution (Fase Jualan),Normal,Jarum Bawah (Sinyal Pantulan Kuat),Naik 1 Hari Beruntun,TP: 363 | CL: 320,Normal,Ideal (1:2),Netral / Sideways,Sentimen Positif 📰,Normal / Sedang Transisi,Mendekati Fibo 78.6%,4,WAIT & SEE,TIDAK ADA,2026-08-20 16:40:00,Biasa / Mengikuti Pasar
16:40,HEXA,Token Mati (Perlu Update),Mid Cap (Lapis 2),Overvalued (Mahal),14.379947,21584.158,4360.0,4453,4340,4570,0.22988505747126436,460400,Tembus MA20,38,Positif,Downtrend,Bearish,Strong Bearish,Konsolidasi / Transisi,Distribusi Kuat,Distribusi (Turun),Normal,Seimbang / Adu Mekanik,Squeeze,Rendah,Normal,Dekat Support (Low Risk),> 1 Miliar,Persis di VWAP,Distribusi Pro (Guyuran),Gorengan Sepi (< 5M),Anomali Tinggi (150-300%),Distribution (Fase Jualan),Normal,Normal,Naik 1 Hari Beruntun,TP: 4415 | CL: 4322,Open = High (Tekanan Jual),Sangat Menarik (> 1:3),Oversold (Jenuh Jual - Peluang),Sentimen Positif 📰,Supply Banjir (Distribusi) 🌊,Golden Rebound Fibo 50.0% 🎯,3,WAIT & SEE,TIDAK ADA,2026-08-20 16:40:00,Biasa / Mengikuti Pasar
16:40,HITS,Token Mati (Perlu Update),Small Cap (Lapis 3),Overvalued (Mahal),24.21712,14499.999,116.0,116,116,116,0.0,0,Normal,0,Negatif,Downtrend,Bearish,Bearish MACD,Konsolidasi / Transisi,Normal,Netral,Normal,Tidak Ada Transaksi,Squeeze,Rendah,Doji (Ragu-ragu),Dekat Support (Low Risk),< 1 Miliar,Di Atas VWAP (Kuat),Netral,Gorengan Sepi (< 5M),Normal (50-150%),Sideways,Solid (Jarang Dibanting),Normal,Sideways / Stagnan,TP: 117 | CL: 115,Normal,Di Area Support,Oversold (Jenuh Jual - Peluang),Netral / Sepi Berita,Normal / Sedang Transisi,Normal / Sideways,0,WAIT & SEE,TIDAK ADA,2026-08-20 16:40:00,Biasa / Mengikuti Pasar
16:40,HMSP,Token Mati (Perlu Update),Big Cap (Lapis 1),Overvalued (Mahal),9.930686,3.3282108,745.0,740,710,790,0.0,9392500,Normal,57,Negatif,Uptrend,Bullish,Bearish MACD,Perfect Uptrend (5>20>50),Normal,Distribusi (Turun),Normal,Seimbang / Adu Mekanik,Normal,Sedang,Doji (Ragu-ragu),Area Tengah,> 1 Miliar,Persis di VWAP,Akumulasi Pro (Smart Money),Ritel Aktif (5M - 50M),Sepi (< 50%),Mark-Up (Fase Pesta),Spesialis Tiang Jemuran (Banting Pucuk),Normal,Sideways / Stagnan,TP: 779 | CL: 722,Normal,Menengah (1:1),Netral / Sideways,Sentimen Positif 📰,Normal / Sedang Transisi,Dekat Support Fibo 23.6%,4,WAIT & SEE,TIDAK ADA,2026-08-20 16:40:00,Biasa / Mengikuti Pasar
16:40,HRUM,Token Mati (Perlu Update),Big Cap (Lapis 1),Overvalued (Mahal),15.058237,12397.261,905.0,844,775,915,2.840909090909091,22639100,Tembus MA20,63,Positif,Uptrend,Bullish,Strong Bullish,Perfect Uptrend (5>20>50),Normal,Akumulasi (Naik),Normal,Seimbang / Adu Mekanik,Normal,Tinggi,Normal,Rawan Pucuk (High Risk),> 1 Miliar,Di Atas VWAP (Kuat),Akumulasi Pro (Smart Money),Ritel Aktif (5M - 50M),Normal (50-150%),Mark-Up (Fase Pesta),Normal,Normal,Naik 1 Hari Beruntun,TP: 961 | CL: 867,Open = Low (Bullish Kuat),Tidak Ideal (< 1:1),Overbought (Jenuh Beli - Rawan),Netral / Sepi Berita,Normal / Sedang Transisi,Mengambang (Jauh dari Fibo),7,BELI,TIDAK ADA,2026-08-20 16:40:00,Biasa / Mengikuti Pasar
16:40,IATA,Token Mati (Perlu Update),Mid Cap (Lapis 2),Overvalued (Mahal),67.59776,30249.998,121.0,95,57,138,-3.2,796755500,Normal,68,Negatif,Uptrend,Bullish,Strong Bullish,Perfect Uptrend (5>20>50),Normal,Distribusi (Turun),Normal,Dominan Jual (Guyur),Normal,Tinggi,Normal,Rawan Pucuk (High Risk),> 1 Miliar,Di Atas VWAP (Kuat),Distribusi Pro (Guyuran),Sultan (> 50M/hari),Sepi (< 50%),Mark-Up (Fase Pesta),Normal,Normal,Turun 1 Hari Beruntun,TP: 143 | CL: 106,Normal,Tidak Ideal (< 1:1),Netral / Sideways,Sentimen Negatif ⚠️,Normal / Sedang Transisi,Mendekati Fibo 23.6%,4,WAIT & SEE,TIDAK ADA,2026-08-20 16:40:00,🔥 ANOMALI BANDAR (Siap Ledakan)
16:40,IBFN,Token Mati (Perlu Update),Small Cap (Lapis 3),Fair Value (Wajar),0.0,-0.12351173,63.0,63,63,63,0.0,0,Normal,47,Negatif,Downtrend,Bearish,Bullish MACD,Konsolidasi / Transisi,Normal,Netral,Normal,Tidak Ada Transaksi,Squeeze,Rendah,Doji (Ragu-ragu),Dekat Support (Low Risk),< 1 Miliar,Di Atas VWAP (Kuat),Netral,Gorengan Sepi (< 5M),Normal (50-150%),Sideways,Solid (Jarang Dibanting),Normal,Sideways / Stagnan,TP: 64 | CL: 62,Normal,Di Area Support,Oversold (Jenuh Jual - Peluang),Netral / Sepi Berita,Normal / Sedang Transisi,Golden Rebound Fibo 61.8% (Golden Ratio) 🎯,1,WAIT & SEE,TIDAK ADA,2026-08-20 16:40:00,Biasa / Mengikuti Pasar
16:40,IBST,Token Mati (Perlu Update),Big Cap (Lapis 1),Overvalued (Mahal),29.15477,4.1746283,8475.0,8475,8475,8475,0.0,0,Normal,0,Negatif,Downtrend,Bearish,Bearish MACD,Konsolidasi / Transisi,Normal,Netral,Normal,Tidak Ada Transaksi,Squeeze,Rendah,Doji (Ragu-ragu),Dekat Support (Low Risk),< 1 Miliar,Di Atas VWAP (Kuat),Netral,Gorengan Sepi (< 5M),Normal (50-150%),Sideways,Solid (Jarang Dibanting),Normal,Sideways / Stagnan,TP: 8476 | CL: 8474,Normal,Di Area Support,Oversold (Jenuh Jual - Peluang),Netral / Sepi Berita,Normal / Sedang Transisi,Normal / Sideways,0,WAIT & SEE,TIDAK ADA,2026-08-20 16:40:00,Biasa / Mengikuti Pasar
16:40,ICBP,Token Mati (Perlu Update),Big Cap (Lapis 1),Fair Value (Wajar),12.121164,1.696265,7650.0,7332,6875,7800,-0.32573289902280134,3004600,Normal,71,Negatif,Uptrend,Bullish,Strong Bullish,Perfect Uptrend (5>20>50),Normal,Akumulasi (Naik),Normal,Dominan Jual (Guyur),Normal,Tinggi,Normal,Rawan Pucuk (High Risk),> 1 Miliar,Persis di VWAP,Distribusi Pro (Guyuran),Ritel Aktif (5M - 50M),Normal (50-150%),Mark-Up (Fase Pesta),Normal,Normal,Turun 1 Hari Beruntun,TP: 7901 | CL: 7482,Normal,Tidak Ideal (< 1:1),Overbought (Jenuh Beli - Rawan),Sentimen Positif 📰,Normal / Sedang Transisi,Mendekati Fibo 23.6%,6,WAIT & SEE,TIDAK ADA,2026-08-20 16:40:00,Biasa / Mengikuti Pasar
16:40,ICON,Token Mati (Perlu Update),Small Cap (Lapis 3),Fair Value (Wajar),0.0,0.9956854,141.0,116,96,153,6.8181818181818175,52324400,Tembus MA20,73,Positif,Uptrend,Bullish,Strong Bullish,Perfect Uptrend (5>20>50),Normal,Akumulasi (Naik),Gap Up (+2.3%),Seimbang / Adu Mekanik,Normal,Tinggi,Normal,Rawan Pucuk (High Risk),> 1 Miliar,Di Atas VWAP (Kuat),Akumulasi Pro (Smart Money),Ritel Aktif (5M - 50M),Normal (50-150%),Mark-Up (Fase Pesta),Spesialis Tiang Jemuran (Banting Pucuk),Normal,Naik 1 Hari Beruntun,TP: 161 | CL: 127,Normal,Tidak Ideal (< 1:1),Netral / Sideways,Sentimen Positif 📰,Normal / Sedang Transisi,Dekat Support Fibo 23.6%,9,BELI,TIDAK ADA,2026-08-20 16:40:00,Biasa / Mengikuti Pasar
16:40,IGAR,Token Mati (Perlu Update),Small Cap (Lapis 3),Undervalued (Murah),6.335826,0.6041536,466.0,440,414,500,2.1929824561403506,37900,Normal,77,Positif,Uptrend,Bullish,Strong Bullish,Perfect Uptrend (5>20>50),Normal,Akumulasi (Naik),Gap Up (+2.6%),Seimbang / Adu Mekanik,Breakout Upper,Sedang,Normal,Rawan Pucuk (High Risk),< 1 Miliar,Di Atas VWAP (Kuat),Akumulasi Pro (Smart Money),Gorengan Sepi (< 5M),Normal (50-150%),Mark-Up (Fase Pesta),Spesialis Tiang Jemuran (Banting Pucuk),Normal,Naik 2 Hari Beruntun,TP: 483 | CL: 454,Normal,Tidak Ideal (< 1:1),Netral / Sideways,Sentimen Positif 📰,Normal / Sedang Transisi,Dekat Support Fibo 38.2%,8,BELI,TIDAK ADA,2026-08-20 16:40:00,Biasa / Mengikuti Pasar
16:40,IKAI,Token Mati (Perlu Update),Small Cap (Lapis 3),Fair Value (Wajar),0.0,0.45331892,21.0,20,19,23,5.0,7919200,Normal,53,Positif,Uptrend,Bearish,Bearish MACD,Konsolidasi / Transisi,Normal,Distribusi (Turun),Gap Up (+5.0%),Dominan Beli (Hajar Kanan),Normal,Tinggi,Doji (Ragu-ragu),Rawan Pucuk (High Risk),< 1 Miliar,Di Atas VWAP (Kuat),Akumulasi Pro (Smart Money),Gorengan Sepi (< 5M),Normal (50-150%),Mark-Up (Fase Pesta),Normal,Jarum Bawah (Sinyal Pantulan Kuat),Naik 1 Hari Beruntun,TP: 22 | CL: 19,Normal,Menengah (1:1),Golden Cross (Awal Bullish),Netral / Sepi Berita,Normal / Sedang Transisi,Golden Rebound Fibo 38.2% 🎯,5,WAIT & SEE,TIDAK ADA,2026-08-20 16:40:00,Biasa / Mengikuti Pasar
16:40,IKBI,Token Mati (Perlu Update),Small Cap (Lapis 3),Overvalued (Mahal),5.0462575,7500.0005,540.0,554,504,753,1.8867924528301887,604300,Normal,48,Positif,Downtrend,Bearish,Bearish MACD,Konsolidasi / Transisi,Normal,Distribusi (Turun),Normal,Dominan Beli (Hajar Kanan),Normal,Tinggi,Normal,Area Tengah,< 1 Miliar,Di Bawah VWAP (Lemah),Distribusi Pro (Guyuran),Gorengan Sepi (< 5M),Sepi (< 50%),Distribution (Fase Jualan),Normal,Normal,Naik 1 Hari Beruntun,TP: 620 | CL: 486,Normal,Sangat Menarik (> 1:3),Oversold (Jenuh Jual - Peluang),Sentimen Positif 📰,Normal / Sedang Transisi,Mengambang (Jauh dari Fibo),3,WAIT & SEE,TIDAK ADA,2026-08-20 16:40:00,Biasa / Mengikuti Pasar
16:40,IMAS,Token Mati (Perlu Update),Mid Cap (Lapis 2),Overvalued (Mahal),35.65737,0.25231218,895.0,861,820,920,0.5617977528089888,700000,Tembus MA20,65,Positif,Uptrend,Bullish,Strong Bullish,Perfect Uptrend (5>20>50),Distribusi Kuat,Akumulasi (Naik),Gap Up (+2.2%),Dominan Jual (Guyur),Squeeze,Rendah,Normal,Area Tengah,< 1 Miliar,Persis di VWAP,Distribusi Pro (Guyuran),Gorengan Sepi (< 5M),Anomali Tinggi (150-300%),Mark-Up (Fase Pesta),Normal,Normal,Naik 2 Hari Beruntun,TP: 940 | CL: 865,Normal,Tidak Ideal (< 1:1),Netral / Sideways,Sentimen Positif 📰,Normal / Sedang Transisi,Mendekati Fibo 50.0%,9,BELI,TIDAK ADA,2026-08-20 16:40:00,Biasa / Mengikuti Pasar
16:40,IMJS,Token Mati (Perlu Update),Mid Cap (Lapis 2),Undervalued (Murah),9.489456,0.33724418,171.0,158,143,172,2.3952095808383236,6214000,Tembus MA20,68,Positif,Uptrend,Bullish,Strong Bullish,Perfect Uptrend (5>20>50),Normal,Akumulasi (Naik),Normal,Dominan Beli (Hajar Kanan),Normal,Tinggi,Normal,Rawan Pucuk (High Risk),> 1 Miliar,Di Atas VWAP (Kuat),Akumulasi Pro (Smart Money),Gorengan Sepi (< 5M),Anomali Tinggi (150-300%),Mark-Up (Fase Pesta),Spesialis Tiang Jemuran (Banting Pucuk),Normal,Naik 4 Hari Beruntun,TP: 181 | CL: 164,Normal,Tidak Ideal (< 1:1),Overbought (Jenuh Beli - Rawan),Sentimen Positif 📰,Normal / Sedang Transisi,Mendekati Fibo 23.6%,9,BELI,TIDAK ADA,2026-08-20 16:40:00,Biasa / Mengikuti Pasar
16:40,IMPC,Token Mati (Perlu Update),Big Cap (Lapis 1),Overvalued (Mahal),99.006386,24.172169,1400.0,1499,1335,1645,3.3210332103321036,20076300,Tembus MA20,41,Positif,Downtrend,Bearish,Strong Bearish,Strong Downtrend (5<20<50),Akumulasi Kuat,Distribusi (Turun),Normal,Dominan Beli (Hajar Kanan),Normal,Tinggi,Normal,Area Tengah,> 1 Miliar,Persis di VWAP,Distribusi Pro (Guyuran),Ritel Aktif (5M - 50M),Anomali Tinggi (150-300%),Mark-Down (Fase Runtuh),Normal,Jarum Bawah (Sinyal Pantulan Kuat),Naik 1 Hari Beruntun,TP: 1490 | CL: 1340,Normal,Sangat Menarik (> 1:3),Golden Cross (Awal Bullish),Sentimen Positif 📰,Normal / Sedang Transisi,Mengambang (Jauh dari Fibo),5,WAIT & SEE,TIDAK ADA,2026-08-20 16:40:00,Biasa / Mengikuti Pasar
16:40,INAF,Token Mati (Perlu Update),Small Cap (Lapis 3),Fair Value (Wajar),0.0,-0.5276603,126.0,126,126,126,0.0,0,Normal,0,Negatif,Downtrend,Bearish,Bearish MACD,Konsolidasi / Transisi,Normal,Netral,Normal,Tidak Ada Transaksi,Squeeze,Rendah,Doji (Ragu-ragu),Dekat Support (Low Risk),< 1 Miliar,Di Atas VWAP (Kuat),Netral,Gorengan Sepi (< 5M),Normal (50-150%),Sideways,Solid (Jarang Dibanting),Normal,Sideways / Stagnan,TP: 127 | CL: 125,Normal,Di Area Support,Oversold (Jenuh Jual - Peluang),Netral / Sepi Berita,Normal / Sedang Transisi,Normal / Sideways,0,WAIT & SEE,TIDAK ADA,2026-08-20 16:40:00,Biasa / Mengikuti Pasar
16:40,INAI,Token Mati (Perlu Update),Small Cap (Lapis 3),Fair Value (Wajar),0.0,1.7701029,180.0,175,157,220,4.046242774566474,10316300,Tembus MA20,61,Positif,Uptrend,Bearish,Bearish MACD,Konsolidasi / Transisi,Normal,Akumulasi (Naik),Normal,Dominan Jual (Guyur),Normal,Sedang,Normal,Rawan Pucuk (High Risk),> 1 Miliar,Di Bawah VWAP (Lemah),Distribusi Pro (Guyuran),Gorengan Sepi (< 5M),Ledakan Ekstrem (> 300%),Mark-Up (Fase Pesta),Spesialis Tiang Jemuran (Banting Pucuk),Normal,Naik 1 Hari Beruntun,TP: 196 | CL: 168,Open = Low (Bullish Kuat),Ideal (1:2),Golden Cross (Awal Bullish),Sentimen Negatif ⚠️,Normal / Sedang Transisi,Mengambang (Jauh dari Fibo),5,WAIT & SEE,TIDAK ADA,2026-08-20 16:40:00,Biasa / Mengikuti Pasar
16:40,INCI,Token Mati (Perlu Update),Small Cap (Lapis 3),Undervalued (Murah),7.9015217,0.28532615,665.0,664,635,690,0.0,700,Normal,51,Negatif,Uptrend,Bullish,Bearish MACD,Perfect Uptrend (5>20>50),Normal,Distribusi (Turun),Gap Up (+2.3%),Dominan Jual (Guyur),Squeeze,Rendah,Normal,Area Tengah,< 1 Miliar,Persis di VWAP,Akumulasi Pro (Smart Money),Gorengan Sepi (< 5M),Sepi (< 50%),Mark-Up (Fase Pesta),Spesialis Tiang Jemuran (Banting Pucuk),Normal,Sideways / Stagnan,TP: 698 | CL: 642,Open = High (Tekanan Jual),Tidak Ideal (< 1:1),Netral / Sideways,Sentimen Positif 📰,Normal / Sedang Transisi,Dekat Support Fibo 38.2%,5,WAIT & SEE,TIDAK ADA,2026-08-20 16:40:00,Biasa / Mengikuti Pasar
16:40,INCO,Token Mati (Perlu Update),Big Cap (Lapis 1),Overvalued (Mahal),20.10443,19609.666,5275.0,5149,4620,5700,3.9408866995073892,11095900,Normal,55,Positif,Uptrend,Bullish,Bearish MACD,Perfect Uptrend (5>20>50),Normal,Akumulasi (Naik),Normal,Seimbang / Adu Mekanik,Normal,Tinggi,Normal,Rawan Pucuk (High Risk),> 1 Miliar,Di Atas VWAP (Kuat),Distribusi Pro (Guyuran),Sultan (> 50M/hari),Normal (50-150%),Mark-Up (Fase Pesta),Normal,Normal,Naik 1 Hari Beruntun,TP: 5663 | CL: 5016,Open = Low (Bullish Kuat),Tidak Ideal (< 1:1),Netral / Sideways,Sentimen Positif 📰,Normal / Sedang Transisi,Dekat Support Fibo 23.6%,6,WAIT & SEE,TIDAK ADA,2026-08-20 16:40:00,Biasa / Mengikuti Pasar
16:40,INDF,Token Mati (Perlu Update),Big Cap (Lapis 1),Undervalued (Murah),6.6755977,0.83324254,7275.0,7160,6775,7450,0.0,4815600,Normal,61,Negatif,Uptrend,Bullish,Bearish MACD,Perfect Uptrend (5>20>50),Normal,Distribusi (Turun),Normal,Dominan Jual (Guyur),Normal,Sedang,Normal,Area Tengah,> 1 Miliar,Persis di VWAP,Distribusi Pro (Guyuran),Ritel Aktif (5M - 50M),Normal (50-150%),Mark-Up (Fase Pesta),Normal,Normal,Sideways / Stagnan,TP: 7508 | CL: 7119,Normal,Tidak Ideal (< 1:1),Death Cross (Awal Bearish),Sentimen Positif 📰,Normal / Sedang Transisi,Mendekati Fibo 23.6%,4,WAIT & SEE,TIDAK ADA,2026-08-20 16:40:00,Biasa / Mengikuti Pasar
16:40,INDR,Token Mati (Perlu Update),Mid Cap (Lapis 2),Overvalued (Mahal),8.518438,4202.1274,2370.0,2250,1930,2570,-0.42016806722689076,11500,Normal,63,Negatif,Uptrend,Bullish,Strong Bullish,Perfect Uptrend (5>20>50),Normal,Distribusi (Turun),Normal,Dominan Jual (Guyur),Normal,Tinggi,Normal,Rawan Pucuk (High Risk),< 1 Miliar,Persis di VWAP,Akumulasi Pro (Smart Money),Gorengan Sepi (< 5M),Sepi (< 50%),Mark-Up (Fase Pesta),Spesialis Tiang Jemuran (Banting Pucuk),Normal,Turun 4 Hari Beruntun,TP: 2583 | CL: 2227,Open = Low (Bullish Kuat),Tidak Ideal (< 1:1),Death Cross (Awal Bearish),Netral / Sepi Berita,Normal / Sedang Transisi,Dekat Support Fibo 23.6%,4,WAIT & SEE,TIDAK ADA,2026-08-20 16:40:00,Biasa / Mengikuti Pasar
16:40,INDS,Token Mati (Perlu Update),Mid Cap (Lapis 2),Overvalued (Mahal),26.461538,0.49465844,260.0,272,258,294,0.0,1448600,Normal,42,Negatif,Downtrend,Bearish,Strong Bearish,Konsolidasi / Transisi,Normal,Distribusi (Turun),Normal,Seimbang / Adu Mekanik,Bottom Rebound,Sedang,Doji (Ragu-ragu),Dekat Support (Low Risk),< 1 Miliar,Di Bawah VWAP (Lemah),Distribusi Pro (Guyuran),Gorengan Sepi (< 5M),Normal (50-150%),Distribution (Fase Jualan),Normal,Normal,Sideways / Stagnan,TP: 275 | CL: 249,Normal,Sangat Menarik (> 1:3),Oversold (Jenuh Jual - Peluang),Sentimen Positif 📰,Normal / Sedang Transisi,Mengambang (Jauh dari Fibo),1,WAIT & SEE,TIDAK ADA,2026-08-20 16:40:00,Biasa / Mengikuti Pasar
16:40,INDX,Token Mati (Perlu Update),Small Cap (Lapis 3),Overvalued (Mahal),769.2308,1.1392765,60.0,60,60,60,0.0,0,Normal,32,Negatif,Downtrend,Bearish,Bullish MACD,Konsolidasi / Transisi,Normal,Netral,Normal,Tidak Ada Transaksi,Squeeze,Rendah,Doji (Ragu-ragu),Dekat Support (Low Risk),< 1 Miliar,Di Atas VWAP (Kuat),Netral,Gorengan Sepi (< 5M),Normal (50-150%),Sideways,Solid (Jarang Dibanting),Normal,Sideways / Stagnan,TP: 61 | CL: 59,Normal,Di Area Support,Oversold (Jenuh Jual - Peluang),Netral / Sepi Berita,Normal / Sedang Transisi,Mengambang (Jauh dari Fibo),1,WAIT & SEE,TIDAK ADA,2026-08-20 16:40:00,Biasa / Mengikuti Pasar
16:40,INDY,Token Mati (Perlu Update),Big Cap (Lapis 1),Overvalued (Mahal),53.88622,11695.652,2690.0,2567,2310,2760,3.4615384615384617,32672500,Normal,59,Positif,Uptrend,Bullish,Bearish MACD,Perfect Uptrend (5>20>50),Normal,Akumulasi (Naik),Gap Up (+2.7%),Seimbang / Adu Mekanik,Normal,Sedang,Normal,Rawan Pucuk (High Risk),> 1 Miliar,Di Atas VWAP (Kuat),Distribusi Pro (Guyuran),Sultan (> 50M/hari),Normal (50-150%),Mark-Up (Fase Pesta),Normal,Normal,Naik 1 Hari Beruntun,TP: 2937 | CL: 2525,Normal,Tidak Ideal (< 1:1),Netral / Sideways,Netral / Sepi Berita,Normal / Sedang Transisi,Mengambang (Jauh dari Fibo),6,WAIT & SEE,TIDAK ADA,2026-08-20 16:40:00,Biasa / Mengikuti Pasar
16:40,INKP,Token Mati (Perlu Update),Big Cap (Lapis 1),Overvalued (Mahal),4.031548,6615.969,8675.0,8298,7550,8850,0.5797101449275363,1590700,Normal,68,Positif,Uptrend,Bullish,Strong Bullish,Perfect Uptrend (5>20>50),Normal,Akumulasi (Naik),Normal,Seimbang / Adu Mekanik,Normal,Sedang,Doji (Ragu-ragu),Rawan Pucuk (High Risk),> 1 Miliar,Persis di VWAP,Akumulasi Pro (Smart Money),Ritel Aktif (5M - 50M),Sepi (< 50%),Mark-Up (Fase Pesta),Normal,Normal,Naik 1 Hari Beruntun,TP: 9039 | CL: 8432,Normal,Tidak Ideal (< 1:1),Death Cross (Awal Bearish),Sentimen Positif 📰,Normal / Sedang Transisi,Mendekati Fibo 23.6%,7,BELI,TIDAK ADA,2026-08-20 16:40:00,Biasa / Mengikuti Pasar
16:40,INPC,Token Mati (Perlu Update),Mid Cap (Lapis 2),Fair Value (Wajar),0.0,0.7573897,145.0,139,129,149,0.0,4736300,Tembus MA20,61,Negatif,Uptrend,Bullish,Strong Bullish,Perfect Uptrend (5>20>50),Normal,Akumulasi (Naik),Gap Up (+2.1%),Seimbang / Adu Mekanik,Normal,Sedang,Normal,Rawan Pucuk (High Risk),< 1 Miliar,Di Atas VWAP (Kuat),Distribusi Pro (Guyuran),Gorengan Sepi (< 5M),Normal (50-150%),Mark-Up (Fase Pesta),Spesialis Tiang Jemuran (Banting Pucuk),Normal,Sideways / Stagnan,TP: 154 | CL: 139,Normal,Tidak Ideal (< 1:1),Netral / Sideways,Netral / Sepi Berita,Normal / Sedang Transisi,Dekat Support Fibo 23.6%,7,BELI,TIDAK ADA,2026-08-20 16:40:00,Biasa / Mengikuti Pasar
16:40,INPP,Token Mati (Perlu Update),Mid Cap (Lapis 2),Overvalued (Mahal),272.22223,1.4330055,735.0,718,670,850,-2.0,848300,Tembus MA20,53,Negatif,Uptrend,Bullish,Strong Bullish,Perfect Uptrend (5>20>50),Distribusi Kuat,Akumulasi (Naik),Normal,Seimbang / Adu Mekanik,Normal,Tinggi,Normal,Area Tengah,< 1 Miliar,Persis di VWAP,Akumulasi Pro (Smart Money),Gorengan Sepi (< 5M),Anomali Tinggi (150-300%),Mark-Up (Fase Pesta),Normal,Normal,Turun 1 Hari Beruntun,TP: 815 | CL: 681,Normal,Ideal (1:2),Netral / Sideways,Sentimen Positif 📰,Supply Banjir (Distribusi) 🌊,Mendekati Fibo 61.8% (Golden Ratio),7,BELI,TIDAK ADA,2026-08-20 16:40:00,Biasa / Mengikuti Pasar
16:40,INTA,Token Mati (Perlu Update),Small Cap (Lapis 3),Fair Value (Wajar),0.0,-0.106124796,61.0,61,61,61,0.0,0,Normal,43,Negatif,Downtrend,Bearish,Bullish MACD,Konsolidasi / Transisi,Normal,Netral,Normal,Tidak Ada Transaksi,Squeeze,Rendah,Doji (Ragu-ragu),Dekat Support (Low Risk),< 1 Miliar,Di Atas VWAP (Kuat),Netral,Gorengan Sepi (< 5M),Normal (50-150%),Sideways,Solid (Jarang Dibanting),Normal,Sideways / Stagnan,TP: 62 | CL: 60,Normal,Di Area Support,Oversold (Jenuh Jual - Peluang),Netral / Sepi Berita,Normal / Sedang Transisi,Mendekati Fibo Bottom / 100%,1,WAIT & SEE,TIDAK ADA,2026-08-20 16:40:00,Biasa / Mengikuti Pasar
16:40,INTD,Token Mati (Perlu Update),Small Cap (Lapis 3),Overvalued (Mahal),61.389336,5.256787,304.0,264,226,342,7.042253521126761,187500,Normal,74,Positif,Uptrend,Bullish,Strong Bullish,Perfect Uptrend (5>20>50),Normal,Distribusi (Turun),Normal,Dominan Beli (Hajar Kanan),Breakout Upper,Tinggi,Normal,Rawan Pucuk (High Risk),< 1 Miliar,Di Atas VWAP (Kuat),Distribusi Pro (Guyuran),Gorengan Sepi (< 5M),Sepi (< 50%),Mark-Up (Fase Pesta),Spesialis Tiang Jemuran (Banting Pucuk),Normal,Naik 1 Hari Beruntun,TP: 348 | CL: 274,Normal,Tidak Ideal (< 1:1),Netral / Sideways,Sentimen Negatif ⚠️,Normal / Sedang Transisi,Mendekati Fibo 38.2%,6,WAIT & SEE,TIDAK ADA,2026-08-20 16:40:00,Biasa / Mengikuti Pasar
16:40,INTP,Token Mati (Perlu Update),Big Cap (Lapis 1),Undervalued (Murah),7.893023,0.8334285,5575.0,5059,4530,5600,2.293577981651376,1275800,Normal,78,Positif,Uptrend,Bullish,Strong Bullish,Perfect Uptrend (5>20>50),Normal,Distribusi (Turun),Normal,Dominan Beli (Hajar Kanan),Normal,Tinggi,Marubozu (Strong Bullish),Rawan Pucuk (High Risk),> 1 Miliar,Di Atas VWAP (Kuat),Akumulasi Pro (Smart Money),Ritel Aktif (5M - 50M),Normal (50-150%),Mark-Up (Fase Pesta),Normal,Normal,Naik 1 Hari Beruntun,TP: 5836 | CL: 5400,Open = Low (Bullish Kuat),Tidak Ideal (< 1:1),Overbought (Jenuh Beli - Rawan),Sentimen Positif 📰,Normal / Sedang Transisi,Mengambang (Jauh dari Fibo),7,BELI,TIDAK ADA,2026-08-20 16:40:00,Biasa / Mengikuti Pasar
16:40,IPOL,Token Mati (Perlu Update),Small Cap (Lapis 3),Overvalued (Mahal),19.964973,4222.222,114.0,109,104,136,2.7027027027027026,1662900,Normal,63,Positif,Uptrend,Bullish,Strong Bullish,Perfect Uptrend (5>20>50),Normal,Akumulasi (Naik),Normal,Seimbang / Adu Mekanik,Normal,Sedang,Normal,Area Tengah,< 1 Miliar,Persis di VWAP,Distribusi Pro (Guyuran),Gorengan Sepi (< 5M),Sepi (< 50%),Mark-Up (Fase Pesta),Spesialis Tiang Jemuran (Banting Pucuk),Normal,Naik 1 Hari Beruntun,TP: 122 | CL: 108,Normal,Ideal (1:2),Golden Cross (Awal Bullish),Netral / Sepi Berita,Normal / Sedang Transisi,Dekat Support Fibo 61.8% (Golden Ratio),6,WAIT & SEE,TIDAK ADA,2026-08-20 16:40:00,Biasa / Mengikuti Pasar
16:40,ISAT,Token Mati (Perlu Update),Big Cap (Lapis 1),Fair Value (Wajar),11.849362,2.393794,2750.0,2157,1855,2850,0.36496350364963503,48862400,Normal,82,Positif,Uptrend,Bullish,Strong Bullish,Perfect Uptrend (5>20>50),Normal,Akumulasi (Naik),Normal,Seimbang / Adu Mekanik,Normal,Tinggi,Normal,Rawan Pucuk (High Risk),> 1 Miliar,Di Atas VWAP (Kuat),Distribusi Pro (Guyuran),Sultan (> 50M/hari),Sepi (< 50%),Mark-Up (Fase Pesta),Normal,Normal,Naik 7 Hari Beruntun,TP: 2987 | CL: 2591,Normal,Tidak Ideal (< 1:1),Overbought (Jenuh Beli - Rawan),Sentimen Positif 📰,Supply Banjir (Distribusi) 🌊,Mengambang (Jauh dari Fibo),7,BELI,TIDAK ADA,2026-08-20 16:40:00,Biasa / Mengikuti Pasar
16:40,ISSP,Token Mati (Perlu Update),Mid Cap (Lapis 2),Undervalued (Murah),5.405405,0.5249222,430.0,428,398,448,-0.9216589861751152,1488200,Tembus MA20,57,Negatif,Uptrend,Bullish,Bearish MACD,Perfect Uptrend (5>20>50),Normal,Distribusi (Turun),Normal,Seimbang / Adu Mekanik,Normal,Sedang,Normal,Area Tengah,< 1 Miliar,Persis di VWAP,Akumulasi Pro (Smart Money),Gorengan Sepi (< 5M),Normal (50-150%),Mark-Up (Fase Pesta),Normal,Normal,Turun 1 Hari Beruntun,TP: 447 | CL: 418,Open = High (Tekanan Jual),Tidak Ideal (< 1:1),Netral / Sideways,Sentimen Positif 📰,Normal / Sedang Transisi,Dekat Support Fibo 23.6%,5,WAIT & SEE,TIDAK ADA,2026-08-20 16:40:00,Biasa / Mengikuti Pasar
16:40,ITMA,Token Mati (Perlu Update),Mid Cap (Lapis 2),Overvalued (Mahal),46.51889,6866.36,1490.0,1376,1295,1650,-3.2467532467532463,160500,Tembus MA20,60,Negatif,Uptrend,Golden Cross,Strong Bullish,Awal Reversal (5>20),Distribusi Kuat,Akumulasi (Naik),Gap Up (+4.2%),Dominan Jual (Guyur),Breakout Upper,Tinggi,Normal,Rawan Pucuk (High Risk),< 1 Miliar,Persis di VWAP,Distribusi Pro (Guyuran),Gorengan Sepi (< 5M),Ledakan Ekstrem (> 300%),Accumulation (Kumpul Barang),Normal,Normal,Turun 1 Hari Beruntun,TP: 1614 | CL: 1406,Normal,Tidak Ideal (< 1:1),Netral / Sideways,Sentimen Positif 📰,Supply Banjir (Distribusi) 🌊,Mengambang (Jauh dari Fibo),8,BELI,TIDAK ADA,2026-08-20 16:40:00,Biasa / Mengikuti Pasar
16:40,ITMG,Token Mati (Perlu Update),Big Cap (Lapis 1),Overvalued (Mahal),7.4483776,14654.672,25250.0,24701,24175,25400,1.0,1457000,Tembus MA20,64,Positif,Uptrend,Bullish,Bearish MACD,Perfect Uptrend (5>20>50),Normal,Akumulasi (Naik),Normal,Seimbang / Adu Mekanik,Squeeze,Rendah,Normal,Area Tengah,> 1 Miliar,Di Atas VWAP (Kuat),Distribusi Pro (Guyuran),Ritel Aktif (5M - 50M),Normal (50-150%),Mark-Up (Fase Pesta),Normal,Normal,Naik 2 Hari Beruntun,TP: 25903 | CL: 24814,Normal,Tidak Ideal (< 1:1),Netral / Sideways,Sentimen Positif 📰,Normal / Sedang Transisi,Mendekati Fibo 23.6%,7,BELI,TIDAK ADA,2026-08-20 16:40:00,Biasa / Mengikuti Pasar
16:40,JAWA,Token Mati (Perlu Update),Mid Cap (Lapis 2),Fair Value (Wajar),0.0,1.5572621,131.0,126,118,142,3.149606299212598,5460800,Tembus MA20,60,Positif,Uptrend,Bullish,Bearish MACD,Perfect Uptrend (5>20>50),Normal,Akumulasi (Naik),Normal,Seimbang / Adu Mekanik,Normal,Sedang,Normal,Rawan Pucuk (High Risk),< 1 Miliar,Persis di VWAP,Distribusi Pro (Guyuran),Gorengan Sepi (< 5M),Ledakan Ekstrem (> 300%),Mark-Up (Fase Pesta),Spesialis Tiang Jemuran (Banting Pucuk),Normal,Naik 1 Hari Beruntun,TP: 140 | CL: 124,Normal,Tidak Ideal (< 1:1),Golden Cross (Awal Bullish),Netral / Sepi Berita,Normal / Sedang Transisi,Mendekati Fibo 61.8% (Golden Ratio),6,WAIT & SEE,TIDAK ADA,2026-08-20 16:40:00,Biasa / Mengikuti Pasar
16:40,JECC,Token Mati (Perlu Update),Small Cap (Lapis 3),Undervalued (Murah),5.4623656,0.5292637,635.0,630,585,655,2.4193548387096775,9700,Normal,51,Positif,Uptrend,Bullish,Bearish MACD,Perfect Uptrend (5>20>50),Normal,Distribusi (Turun),Gap Up (+3.2%),Dominan Beli (Hajar Kanan),Squeeze,Rendah,Hammer (Potensi Reversal),Area Tengah,< 1 Miliar,Persis di VWAP,Distribusi Pro (Guyuran),Gorengan Sepi (< 5M),Normal (50-150%),Mark-Up (Fase Pesta),Normal,Jarum Bawah (Sinyal Pantulan Kuat),Naik 1 Hari Beruntun,TP: 659 | CL: 618,Open = High (Tekanan Jual),Tidak Ideal (< 1:1),Netral / Sideways,Sentimen Positif 📰,Normal / Sedang Transisi,Mengambang (Jauh dari Fibo),7,BELI,TIDAK ADA,2026-08-20 16:40:00,Biasa / Mengikuti Pasar
16:40,JIHD,Token Mati (Perlu Update),Mid Cap (Lapis 2),Fair Value (Wajar),0.0,0.29370195,438.0,432,410,456,-0.904977375565611,337900,Tembus MA20,54,Negatif,Uptrend,Bullish,Strong Bullish,Perfect Uptrend (5>20>50),Normal,Distribusi (Turun),Normal,Dominan Jual (Guyur),Normal,Sedang,Normal,Area Tengah,< 1 Miliar,Di Bawah VWAP (Lemah),Distribusi Pro (Guyuran),Gorengan Sepi (< 5M),Normal (50-150%),Mark-Up (Fase Pesta),Spesialis Tiang Jemuran (Banting Pucuk),Normal,Turun 1 Hari Beruntun,TP: 457 | CL: 425,Normal,Tidak Ideal (< 1:1),Death Cross (Awal Bearish),Netral / Sepi Berita,Normal / Sedang Transisi,Mendekati Fibo 38.2%,5,WAIT & SEE,TIDAK ADA,2026-08-20 16:40:00,Biasa / Mengikuti Pasar
16:40,JKON,Token Mati (Perlu Update),Mid Cap (Lapis 2),Undervalued (Murah),5.1056337,0.42307973,87.0,79,65,102,1.1627906976744187,12736100,Normal,66,Positif,Uptrend,Bullish,Strong Bullish,Perfect Uptrend (5>20>50),Normal,Distribusi (Turun),Normal,Seimbang / Adu Mekanik,Normal,Tinggi,Doji (Ragu-ragu),Rawan Pucuk (High Risk),> 1 Miliar,Persis di VWAP,Distribusi Pro (Guyuran),Gorengan Sepi (< 5M),Sepi (< 50%),Mark-Up (Fase Pesta),Spesialis Tiang Jemuran (Banting Pucuk),Normal,Naik 1 Hari Beruntun,TP: 96 | CL: 80,Normal,Tidak Ideal (< 1:1),Netral / Sideways,Sentimen Positif 📰,Normal / Sedang Transisi,Dekat Support Fibo 38.2%,6,WAIT & SEE,TIDAK ADA,2026-08-20 16:40:00,Biasa / Mengikuti Pasar
16:40,JPFA,Token Mati (Perlu Update),Big Cap (Lapis 1),Undervalued (Murah),5.1241355,1.2793319,2260.0,2201,2070,2450,-1.3100436681222707,18353100,Tembus MA20,60,Negatif,Uptrend,Bullish,Strong Bullish,Perfect Uptrend (5>20>50),Normal,Distribusi (Turun),Normal,Seimbang / Adu Mekanik,Normal,Sedang,Normal,Area Tengah,> 1 Miliar,Di Bawah VWAP (Lemah),Distribusi Pro (Guyuran),Ritel Aktif (5M - 50M),Anomali Tinggi (150-300%),Mark-Up (Fase Pesta),Normal,Normal,Turun 2 Hari Beruntun,TP: 2373 | CL: 2184,Normal,Menengah (1:1),Netral / Sideways,Sentimen Positif 📰,Normal / Sedang Transisi,Dekat Support Fibo 50.0%,6,WAIT & SEE,TIDAK ADA,2026-08-20 16:40:00,Biasa / Mengikuti Pasar
16:40,JRPT,Token Mati (Perlu Update),Big Cap (Lapis 1),Undervalued (Murah),9.970321,1.2602727,1075.0,1080,1070,1135,0.0,30100,Normal,46,Negatif,Downtrend,Bearish,Bearish MACD,Konsolidasi / Transisi,Normal,Distribusi (Turun),Normal,Dominan Jual (Guyur),Squeeze,Rendah,Normal,Dekat Support (Low Risk),< 1 Miliar,Persis di VWAP,Akumulasi Pro (Smart Money),Gorengan Sepi (< 5M),Sepi (< 50%),Distribution (Fase Jualan),Solid (Jarang Dibanting),Normal,Sideways / Stagnan,TP: 1093 | CL: 1062,Open = High (Tekanan Jual),Sangat Menarik (> 1:3),Oversold (Jenuh Jual - Peluang),Sentimen Positif 📰,Normal / Sedang Transisi,Golden Rebound Fibo 50.0% 🎯,1,WAIT & SEE,TIDAK ADA,2026-08-20 16:40:00,Biasa / Mengikuti Pasar
16:40,JSMR,Token Mati (Perlu Update),Big Cap (Lapis 1),Undervalued (Murah),5.7960215,0.5481373,2800.0,2744,2660,2830,1.083032490974729,1601700,Normal,56,Positif,Uptrend,Bullish,Strong Bullish,Perfect Uptrend (5>20>50),Normal,Akumulasi (Naik),Normal,Dominan Beli (Hajar Kanan),Squeeze,Rendah,Normal,Area Tengah,> 1 Miliar,Di Atas VWAP (Kuat),Akumulasi Pro (Smart Money),Ritel Aktif (5M - 50M),Normal (50-150%),Mark-Up (Fase Pesta),Spesialis Tiang Jemuran (Banting Pucuk),Normal,Naik 3 Hari Beruntun,TP: 2877 | CL: 2748,Normal,Tidak Ideal (< 1:1),Netral / Sideways,Sentimen Positif 📰,Normal / Sedang Transisi,Dekat Support Fibo 61.8% (Golden Ratio),8,BELI,TIDAK ADA,2026-08-20 16:40:00,Biasa / Mengikuti Pasar
16:40,JSPT,Token Mati (Perlu Update),Mid Cap (Lapis 2),Undervalued (Murah),7.2813044,1.3542408,1420.0,1405,1325,1600,2.158273381294964,52200,Tembus MA20,53,Positif,Uptrend,Golden Cross,Bearish MACD,Perfect Uptrend (5>20>50),Normal,Akumulasi (Naik),Normal,Dominan Beli (Hajar Kanan),Normal,Tinggi,Normal,Area Tengah,< 1 Miliar,Persis di VWAP,Akumulasi Pro (Smart Money),Gorengan Sepi (< 5M),Anomali Tinggi (150-300%),Mark-Up (Fase Pesta),Normal,Normal,Naik 1 Hari Beruntun,TP: 1521 | CL: 1352,Normal,Ideal (1:2),Golden Cross (Awal Bullish),Sentimen Positif 📰,Normal / Sedang Transisi,Mendekati Fibo 38.2%,8,BELI,TIDAK ADA,2026-08-20 16:40:00,Biasa / Mengikuti Pasar
16:40,JTPE,Token Mati (Perlu Update),Mid Cap (Lapis 2),Overvalued (Mahal),12.107011,3.41886,620.0,610,580,625,0.0,714800,Normal,57,Negatif,Uptrend,Bullish,Strong Bullish,Perfect Uptrend (5>20>50),Normal,Akumulasi (Naik),Normal,Seimbang / Adu Mekanik,Squeeze,Rendah,Doji (Ragu-ragu),Area Tengah,< 1 Miliar,Persis di VWAP,Akumulasi Pro (Smart Money),Gorengan Sepi (< 5M),Normal (50-150%),Mark-Up (Fase Pesta),Normal,Normal,Sideways / Stagnan,TP: 643 | CL: 604,Normal,Tidak Ideal (< 1:1),Overbought (Jenuh Beli - Rawan),Sentimen Positif 📰,Normal / Sedang Transisi,Mendekati Fibo 23.6%,6,WAIT & SEE,TIDAK ADA,2026-08-20 16:40:00,Biasa / Mengikuti Pasar
16:40,KAEF,Token Mati (Perlu Update),Mid Cap (Lapis 2),Fair Value (Wajar),0.0,0.8457521,440.0,449,420,488,-0.4524886877828055,1888600,Tembus MA20,42,Negatif,Downtrend,Bearish,Strong Bearish,Konsolidasi / Transisi,Distribusi Kuat,Distribusi (Turun),Gap Up (+2.3%),Dominan Jual (Guyur),Squeeze,Rendah,Normal,Area Tengah,< 1 Miliar,Di Bawah VWAP (Lemah),Distribusi Pro (Guyuran),Gorengan Sepi (< 5M),Anomali Tinggi (150-300%),Distribution (Fase Jualan),Spesialis Tiang Jemuran (Banting Pucuk),Normal,Turun 1 Hari Beruntun,TP: 466 | CL: 422,Normal,Ideal (1:2),Golden Cross (Awal Bullish),Sentimen Positif 📰,Normal / Sedang Transisi,Mendekati Fibo 78.6%,3,WAIT & SEE,TIDAK ADA,2026-08-20 16:40:00,Biasa / Mengikuti Pasar
16:40,KARW,Token Mati (Perlu Update),Small Cap (Lapis 3),Overvalued (Mahal),238.20226,-3854.5454,212.0,212,212,212,0.0,0,Normal,29,Negatif,Downtrend,Bearish,Bullish MACD,Konsolidasi / Transisi,Normal,Netral,Normal,Tidak Ada Transaksi,Squeeze,Rendah,Doji (Ragu-ragu),Dekat Support (Low Risk),< 1 Miliar,Di Atas VWAP (Kuat),Netral,Gorengan Sepi (< 5M),Normal (50-150%),Sideways,Solid (Jarang Dibanting),Normal,Sideways / Stagnan,TP: 213 | CL: 211,Normal,Di Area Support,Oversold (Jenuh Jual - Peluang),Netral / Sepi Berita,Normal / Sedang Transisi,Golden Rebound Fibo Bottom / 100% 🎯,1,WAIT & SEE,TIDAK ADA,2026-08-20 16:40:00,Biasa / Mengikuti Pasar
16:40,KBLI,Token Mati (Perlu Update),Mid Cap (Lapis 2),Undervalued (Murah),6.0740743,0.4528767,328.0,325,318,340,1.8633540372670807,1692000,Tembus MA20,58,Positif,Uptrend,Bearish,Bearish MACD,Konsolidasi / Transisi,Akumulasi Kuat,Akumulasi (Naik),Normal,Seimbang / Adu Mekanik,Squeeze,Rendah,Normal,Area Tengah,< 1 Miliar,Persis di VWAP,Distribusi Pro (Guyuran),Gorengan Sepi (< 5M),Anomali Tinggi (150-300%),Mark-Up (Fase Pesta),Spesialis Tiang Jemuran (Banting Pucuk),Normal,Naik 1 Hari Beruntun,TP: 339 | CL: 320,Normal,Menengah (1:1),Golden Cross (Awal Bullish),Sentimen Positif 📰,Normal / Sedang Transisi,Dekat Support Fibo 50.0%,7,BELI,TIDAK ADA,2026-08-20 16:40:00,Biasa / Mengikuti Pasar
16:40,KBLM,Token Mati (Perlu Update),Small Cap (Lapis 3),Overvalued (Mahal),98.32905,0.23723505,306.0,301,286,312,0.0,42600,Normal,57,Negatif,Uptrend,Bullish,Strong Bullish,Perfect Uptrend (5>20>50),Normal,Distribusi (Turun),Normal,Dominan Beli (Hajar Kanan),Squeeze,Rendah,Doji (Ragu-ragu),Area Tengah,< 1 Miliar,Persis di VWAP,Akumulasi Pro (Smart Money),Gorengan Sepi (< 5M),Normal (50-150%),Mark-Up (Fase Pesta),Normal,Jarum Bawah (Sinyal Pantulan Kuat),Sideways / Stagnan,TP: 317 | CL: 298,Normal,Tidak Ideal (< 1:1),Death Cross (Awal Bearish),Sentimen Positif 📰,Supply Kering (Siap Pump) 🏜️,Golden Rebound Fibo 23.6% 🎯,6,WAIT & SEE,TIDAK ADA,2026-08-20 16:40:00,Biasa / Mengikuti Pasar
16:40,KBLV,Token Mati (Perlu Update),Small Cap (Lapis 3),Fair Value (Wajar),0.0,0.17296869,150.0,135,116,172,4.895104895104895,74448600,Normal,62,Positif,Uptrend,Bullish,Bearish MACD,Perfect Uptrend (5>20>50),Normal,Akumulasi (Naik),Normal,Seimbang / Adu Mekanik,Normal,Tinggi,Normal,Rawan Pucuk (High Risk),> 1 Miliar,Di Atas VWAP (Kuat),Distribusi Pro (Guyuran),Ritel Aktif (5M - 50M),Normal (50-150%),Mark-Up (Fase Pesta),Spesialis Tiang Jemuran (Banting Pucuk),Normal,Naik 1 Hari Beruntun,TP: 169 | CL: 136,Normal,Tidak Ideal (< 1:1),Netral / Sideways,Sentimen Positif 📰,Normal / Sedang Transisi,Mendekati Fibo 23.6%,6,WAIT & SEE,TIDAK ADA,2026-08-20 16:40:00,Biasa / Mengikuti Pasar
16:40,KDSI,Token Mati (Perlu Update),Small Cap (Lapis 3),Undervalued (Murah),2.5649033,0.9341562,460.0,454,426,470,0.0,5800,Normal,59,Negatif,Uptrend,Bullish,Bearish MACD,Perfect Uptrend (5>20>50),Normal,Distribusi (Turun),Normal,Seimbang / Adu Mekanik,Squeeze,Rendah,Normal,Area Tengah,< 1 Miliar,Persis di VWAP,Distribusi Pro (Guyuran),Gorengan Sepi (< 5M),Sepi (< 50%),Mark-Up (Fase Pesta),Normal,Normal,Sideways / Stagnan,TP: 479 | CL: 447,Open = High (Tekanan Jual),Tidak Ideal (< 1:1),Netral / Sideways,Sentimen Positif 📰,Supply Kering (Siap Pump) 🏜️,Golden Rebound Fibo 23.6% 🎯,4,WAIT & SEE,TIDAK ADA,2026-08-20 16:40:00,Biasa / Mengikuti Pasar
16:40,KIAS,Token Mati (Perlu Update),Small Cap (Lapis 3),Fair Value (Wajar),0.0,0.43421626,21.0,21,21,21,0.0,0,Normal,0,Negatif,Downtrend,Bearish,Bearish MACD,Konsolidasi / Transisi,Normal,Netral,Normal,Tidak Ada Transaksi,Squeeze,Rendah,Doji (Ragu-ragu),Dekat Support (Low Risk),< 1 Miliar,Di Atas VWAP (Kuat),Netral,Gorengan Sepi (< 5M),Normal (50-150%),Sideways,Solid (Jarang Dibanting),Normal,Sideways / Stagnan,TP: 22 | CL: 20,Normal,Di Area Support,Oversold (Jenuh Jual - Peluang),Netral / Sepi Berita,Normal / Sedang Transisi,Normal / Sideways,0,WAIT & SEE,TIDAK ADA,2026-08-20 16:40:00,Biasa / Mengikuti Pasar
16:40,KICI,Token Mati (Perlu Update),Small Cap (Lapis 3),Undervalued (Murah),2.6372733,0.48864096,193.0,194,182,232,0.0,882400,Normal,51,Negatif,Downtrend,Bearish,Bearish MACD,Konsolidasi / Transisi,Normal,Akumulasi (Naik),Normal,Seimbang / Adu Mekanik,Squeeze,Rendah,Normal,Area Tengah,< 1 Miliar,Di Bawah VWAP (Lemah),Distribusi Pro (Guyuran),Gorengan Sepi (< 5M),Normal (50-150%),Distribution (Fase Jualan),Spesialis Tiang Jemuran (Banting Pucuk),Normal,Sideways / Stagnan,TP: 206 | CL: 183,Normal,Sangat Menarik (> 1:3),Netral / Sideways,Netral / Sepi Berita,Normal / Sedang Transisi,Dekat Support Fibo 50.0%,2,WAIT & SEE,TIDAK ADA,2026-08-20 16:40:00,Biasa / Mengikuti Pasar
16:40,KIJA,Token Mati (Perlu Update),Mid Cap (Lapis 2),Fair Value (Wajar),0.0,0.72836214,208.0,134,119,208,26.060606060606062,2187816900,Tembus MA20,84,Positif,Uptrend,Bullish,Strong Bullish,Perfect Uptrend (5>20>50),Akumulasi Kuat,Akumulasi (Naik),Normal,Dominan Beli (Hajar Kanan),Breakout Upper,Tinggi,Marubozu (Strong Bullish),Rawan Pucuk (High Risk),> 1 Miliar,Di Atas VWAP (Kuat),Akumulasi Pro (Smart Money),Sultan (> 50M/hari),Ledakan Ekstrem (> 300%),Mark-Up (Fase Pesta),Normal,Normal,Naik 1 Hari Beruntun,TP: 227 | CL: 194,Normal,Tidak Ideal (< 1:1),Overbought (Jenuh Beli - Rawan),Sentimen Positif 📰,Normal / Sedang Transisi,Mengambang (Jauh dari Fibo),10,BELI,TIDAK ADA,2026-08-20 16:40:00,⚠️ Anomali (Sudah Terbang)
16:40,KKGI,Token Mati (Perlu Update),Mid Cap (Lapis 2),Overvalued (Mahal),19.49509,9266.667,278.0,275,264,286,0.0,905700,Normal,57,Negatif,Uptrend,Golden Cross,Bearish MACD,Perfect Uptrend (5>20>50),Normal,Akumulasi (Naik),Normal,Seimbang / Adu Mekanik,Squeeze,Rendah,Doji (Ragu-ragu),Area Tengah,< 1 Miliar,Persis di VWAP,Akumulasi Pro (Smart Money),Gorengan Sepi (< 5M),Normal (50-150%),Mark-Up (Fase Pesta),Normal,Normal,Sideways / Stagnan,TP: 288 | CL: 270,Normal,Tidak Ideal (< 1:1),Netral / Sideways,Sentimen Positif 📰,Normal / Sedang Transisi,Mendekati Fibo 23.6%,5,WAIT & SEE,TIDAK ADA,2026-08-20 16:40:00,Biasa / Mengikuti Pasar
16:40,KLBF,Token Mati (Perlu Update),Big Cap (Lapis 1),Fair Value (Wajar),10.432379,1.5436893,825.0,760,690,835,5.769230769230769,108285200,Tembus MA20,67,Positif,Uptrend,Bullish,Strong Bullish,Perfect Uptrend (5>20>50),Normal,Akumulasi (Naik),Normal,Dominan Beli (Hajar Kanan),Normal,Tinggi,Normal,Rawan Pucuk (High Risk),> 1 Miliar,Di Atas VWAP (Kuat),Akumulasi Pro (Smart Money),Sultan (> 50M/hari),Normal (50-150%),Mark-Up (Fase Pesta),Spesialis Tiang Jemuran (Banting Pucuk),Normal,Naik 1 Hari Beruntun,TP: 873 | CL: 792,Normal,Tidak Ideal (< 1:1),Overbought (Jenuh Beli - Rawan),Sentimen Positif 📰,Normal / Sedang Transisi,Mendekati Fibo 23.6%,9,BELI,TIDAK ADA,2026-08-20 16:40:00,Biasa / Mengikuti Pasar
16:40,KOBX,Token Mati (Perlu Update),Small Cap (Lapis 3),Overvalued (Mahal),28333.334,0.7999285,170.0,165,144,210,0.591715976331361,1153400,Normal,58,Positif,Uptrend,Bullish,Bearish MACD,Perfect Uptrend (5>20>50),Normal,Akumulasi (Naik),Normal,Seimbang / Adu Mekanik,Normal,Tinggi,Normal,Rawan Pucuk (High Risk),< 1 Miliar,Persis di VWAP,Distribusi Pro (Guyuran),Gorengan Sepi (< 5M),Sepi (< 50%),Mark-Up (Fase Pesta),Spesialis Tiang Jemuran (Banting Pucuk),Normal,Naik 1 Hari Beruntun,TP: 181 | CL: 162,Normal,Ideal (1:2),Golden Cross (Awal Bullish),Netral / Sepi Berita,Normal / Sedang Transisi,Mendekati Fibo 61.8% (Golden Ratio),5,WAIT & SEE,TIDAK ADA,2026-08-20 16:40:00,Biasa / Mengikuti Pasar
16:40,KOIN,Token Mati (Perlu Update),Small Cap (Lapis 3),Fair Value (Wajar),18.181818,-0.81619835,78.0,78,78,78,0.0,0,Normal,54,Negatif,Downtrend,Bearish,Bearish MACD,Konsolidasi / Transisi,Normal,Netral,Normal,Tidak Ada Transaksi,Squeeze,Rendah,Doji (Ragu-ragu),Dekat Support (Low Risk),< 1 Miliar,Di Atas VWAP (Kuat),Netral,Gorengan Sepi (< 5M),Normal (50-150%),Sideways,Solid (Jarang Dibanting),Normal,Sideways / Stagnan,TP: 79 | CL: 77,Normal,Di Area Support,Oversold (Jenuh Jual - Peluang),Netral / Sepi Berita,Normal / Sedang Transisi,Golden Rebound Fibo 38.2% 🎯,1,WAIT & SEE,TIDAK ADA,2026-08-20 16:40:00,Biasa / Mengikuti Pasar
16:40,KONI,Token Mati (Perlu Update),Small Cap (Lapis 3),Overvalued (Mahal),33.1003,3.9693267,2320.0,2388,2250,2600,-1.694915254237288,33600,Normal,42,Negatif,Downtrend,Bearish,Bullish MACD,Strong Downtrend (5<20<50),Normal,Akumulasi (Naik),Normal,Seimbang / Adu Mekanik,Bottom Rebound,Sedang,Normal,Area Tengah,< 1 Miliar,Persis di VWAP,Distribusi Pro (Guyuran),Gorengan Sepi (< 5M),Normal (50-150%),Mark-Down (Fase Runtuh),Spesialis Tiang Jemuran (Banting Pucuk),Normal,Turun 1 Hari Beruntun,TP: 2458 | CL: 2227,Open = High (Tekanan Jual),Sangat Menarik (> 1:3),Netral / Sideways,Netral / Sepi Berita,Normal / Sedang Transisi,Mengambang (Jauh dari Fibo),2,WAIT & SEE,TIDAK ADA,2026-08-20 16:40:00,Biasa / Mengikuti Pasar
16:40,KOPI,Token Mati (Perlu Update),Small Cap (Lapis 3),Overvalued (Mahal),85.606384,1.9299175,204.0,206,193,260,0.9900990099009901,346800,Normal,51,Positif,Downtrend,Bearish,Bearish MACD,Konsolidasi / Transisi,Normal,Distribusi (Turun),Normal,Seimbang / Adu Mekanik,Normal,Sedang,Normal,Area Tengah,< 1 Miliar,Di Bawah VWAP (Lemah),Distribusi Pro (Guyuran),Gorengan Sepi (< 5M),Sepi (< 50%),Distribution (Fase Jualan),Spesialis Tiang Jemuran (Banting Pucuk),Normal,Naik 1 Hari Beruntun,TP: 220 | CL: 192,Open = Low (Bullish Kuat),Sangat Menarik (> 1:3),Oversold (Jenuh Jual - Peluang),Sentimen Positif 📰,Supply Kering (Siap Pump) 🏜️,Mendekati Fibo 50.0%,3,WAIT & SEE,TIDAK ADA,2026-08-20 16:40:00,Biasa / Mengikuti Pasar
16:40,KPIG,Token Mati (Perlu Update),Mid Cap (Lapis 2),Undervalued (Murah),11.111112,0.25803825,71.0,77,63,89,7.575757575757576,360121000,Tembus MA20,40,Positif,Downtrend,Bearish,Strong Bearish,Strong Downtrend (5<20<50),Normal,Distribusi (Turun),Normal,Dominan Beli (Hajar Kanan),Normal,Tinggi,Normal,Rawan Pucuk (High Risk),> 1 Miliar,Di Atas VWAP (Kuat),Akumulasi Pro (Smart Money),Ritel Aktif (5M - 50M),Normal (50-150%),Mark-Down (Fase Runtuh),Normal,Normal,Naik 1 Hari Beruntun,TP: 78 | CL: 66,Normal,Ideal (1:2),Golden Cross (Awal Bullish),Netral / Sepi Berita,Normal / Sedang Transisi,Dekat Support Fibo 78.6%,3,WAIT & SEE,TIDAK ADA,2026-08-20 16:40:00,⚠️ Anomali (Sudah Terbang)
16:40,KRAS,Token Mati (Perlu Update),Mid Cap (Lapis 2),Overvalued (Mahal),0.5486641,6571.4287,228.0,225,208,248,2.7027027027027026,2475600,Normal,54,Positif,Uptrend,Bearish,Bearish MACD,Konsolidasi / Transisi,Normal,Akumulasi (Naik),Normal,Seimbang / Adu Mekanik,Normal,Sedang,Normal,Area Tengah,< 1 Miliar,Di Atas VWAP (Kuat),Distribusi Pro (Guyuran),Gorengan Sepi (< 5M),Normal (50-150%),Mark-Up (Fase Pesta),Spesialis Tiang Jemuran (Banting Pucuk),Normal,Naik 1 Hari Beruntun,TP: 241 | CL: 218,Open = Low (Bullish Kuat),Menengah (1:1),Netral / Sideways,Sentimen Positif 📰,Normal / Sedang Transisi,Mendekati Fibo 38.2%,5,WAIT & SEE,TIDAK ADA,2026-08-20 16:40:00,Biasa / Mengikuti Pasar
16:40,KREN,Token Mati (Perlu Update),Small Cap (Lapis 3),Fair Value (Wajar),0.0,-12999.999,13.0,13,12,15,8.333333333333332,6208400,Normal,51,Positif,Downtrend,Bearish,Bearish MACD,Konsolidasi / Transisi,Normal,Distribusi (Turun),Gap Up (+8.3%),Dominan Beli (Hajar Kanan),Normal,Sedang,Doji (Ragu-ragu),Area Tengah,< 1 Miliar,Persis di VWAP,Distribusi Pro (Guyuran),Gorengan Sepi (< 5M),Sepi (< 50%),Distribution (Fase Jualan),Spesialis Tiang Jemuran (Banting Pucuk),Jarum Bawah (Sinyal Pantulan Kuat),Naik 1 Hari Beruntun,TP: 13 | CL: 12,Normal,Ideal (1:2),Netral / Sideways,Netral / Sepi Berita,Normal / Sedang Transisi,Golden Rebound Fibo 61.8% (Golden Ratio) 🎯,4,WAIT & SEE,TIDAK ADA,2026-08-20 16:40:00,Biasa / Mengikuti Pasar
16:40,LAPD,Token Mati (Perlu Update),Small Cap (Lapis 3),Fair Value (Wajar),0.0,-11.122346,65.0,64,59,74,0.0,20858600,Normal,50,Negatif,Uptrend,Bullish,Strong Bullish,Perfect Uptrend (5>20>50),Normal,Akumulasi (Naik),Normal,Seimbang / Adu Mekanik,Normal,Sedang,Doji (Ragu-ragu),Rawan Pucuk (High Risk),> 1 Miliar,Di Bawah VWAP (Lemah),Distribusi Pro (Guyuran),Gorengan Sepi (< 5M),Normal (50-150%),Mark-Up (Fase Pesta),Spesialis Tiang Jemuran (Banting Pucuk),Normal,Sideways / Stagnan,TP: 71 | CL: 60,Normal,Ideal (1:2),Golden Cross (Awal Bullish),Sentimen Positif 📰,Normal / Sedang Transisi,Dekat Support Fibo 61.8% (Golden Ratio),5,WAIT & SEE,TIDAK ADA,2026-08-20 16:40:00,Biasa / Mengikuti Pasar
16:40,LEAD,Token Mati (Perlu Update),Small Cap (Lapis 3),Overvalued (Mahal),0.0,12333.334,111.0,107,97,119,0.9090909090909091,12884000,Normal,56,Positif,Uptrend,Bullish,Bearish MACD,Perfect Uptrend (5>20>50),Normal,Distribusi (Turun),Normal,Seimbang / Adu Mekanik,Normal,Tinggi,Normal,Rawan Pucuk (High Risk),> 1 Miliar,Persis di VWAP,Distribusi Pro (Guyuran),Gorengan Sepi (< 5M),Normal (50-150%),Mark-Up (Fase Pesta),Spesialis Tiang Jemuran (Banting Pucuk),Normal,Naik 1 Hari Beruntun,TP: 121 | CL: 104,Normal,Tidak Ideal (< 1:1),Death Cross (Awal Bearish),Netral / Sepi Berita,Normal / Sedang Transisi,Mendekati Fibo 50.0%,4,WAIT & SEE,TIDAK ADA,2026-08-20 16:40:00,Biasa / Mengikuti Pasar
16:40,LINK,Token Mati (Perlu Update),Mid Cap (Lapis 2),Fair Value (Wajar),0.0,1.3044705,1485.0,1428,1340,1655,-1.0,14300,Normal,54,Negatif,Uptrend,Bullish,Strong Bullish,Awal Reversal (5>20),Normal,Distribusi (Turun),Normal,Dominan Jual (Guyur),Normal,Tinggi,Normal,Rawan Pucuk (High Risk),< 1 Miliar,Di Bawah VWAP (Lemah),Distribusi Pro (Guyuran),Gorengan Sepi (< 5M),Normal (50-150%),Accumulation (Kumpul Barang),Spesialis Tiang Jemuran (Banting Pucuk),Normal,Turun 3 Hari Beruntun,TP: 1602 | CL: 1406,Normal,Menengah (1:1),Netral / Sideways,Netral / Sepi Berita,Supply Banjir (Distribusi) 🌊,Mengambang (Jauh dari Fibo),4,WAIT & SEE,TIDAK ADA,2026-08-20 16:40:00,Biasa / Mengikuti Pasar
16:40,LION,Token Mati (Perlu Update),Small Cap (Lapis 3),Fair Value (Wajar),0.0,0.4033466,344.0,349,326,422,-0.5780346820809248,35700,Normal,49,Negatif,Downtrend,Bearish,Bearish MACD,Konsolidasi / Transisi,Normal,Distribusi (Turun),Normal,Dominan Jual (Guyur),Squeeze,Rendah,Normal,Area Tengah,< 1 Miliar,Persis di VWAP,Distribusi Pro (Guyuran),Gorengan Sepi (< 5M),Normal (50-150%),Distribution (Fase Jualan),Normal,Normal,Turun 1 Hari Beruntun,TP: 363 | CL: 331,Normal,Sangat Menarik (> 1:3),Netral / Sideways,Netral / Sepi Berita,Supply Kering (Siap Pump) 🏜️,Mendekati Fibo 61.8% (Golden Ratio),0,WAIT & SEE,TIDAK ADA,2026-08-20 16:40:00,Biasa / Mengikuti Pasar
16:40,LMPI,Token Mati (Perlu Update),Small Cap (Lapis 3),Fair Value (Wajar),0.0,-4.1920934,158.0,144,136,183,3.2679738562091507,845300,Normal,64,Positif,Uptrend,Bullish,Strong Bullish,Perfect Uptrend (5>20>50),Normal,Akumulasi (Naik),Normal,Dominan Beli (Hajar Kanan),Normal,Tinggi,Normal,Rawan Pucuk (High Risk),< 1 Miliar,Persis di VWAP,Distribusi Pro (Guyuran),Gorengan Sepi (< 5M),Sepi (< 50%),Mark-Up (Fase Pesta),Spesialis Tiang Jemuran (Banting Pucuk),Normal,Naik 2 Hari Beruntun,TP: 173 | CL: 147,Normal,Menengah (1:1),Golden Cross (Awal Bullish),Sentimen Negatif ⚠️,Normal / Sedang Transisi,Mendekati Fibo 50.0%,7,BELI,TIDAK ADA,2026-08-20 16:40:00,Biasa / Mengikuti Pasar
16:40,LMSH,Token Mati (Perlu Update),Small Cap (Lapis 3),Undervalued (Murah),12.194541,0.26389357,256.0,256,256,256,0.0,0,Normal,0,Negatif,Downtrend,Bearish,Bearish MACD,Konsolidasi / Transisi,Normal,Netral,Normal,Tidak Ada Transaksi,Squeeze,Rendah,Doji (Ragu-ragu),Dekat Support (Low Risk),< 1 Miliar,Di Atas VWAP (Kuat),Netral,Gorengan Sepi (< 5M),Normal (50-150%),Sideways,Solid (Jarang Dibanting),Normal,Sideways / Stagnan,TP: 257 | CL: 255,Normal,Di Area Support,Oversold (Jenuh Jual - Peluang),Netral / Sepi Berita,Normal / Sedang Transisi,Normal / Sideways,0,WAIT & SEE,TIDAK ADA,2026-08-20 16:40:00,Biasa / Mengikuti Pasar
16:40,LPCK,Token Mati (Perlu Update),Mid Cap (Lapis 2),Undervalued (Murah),12.254902,0.46679136,625.0,573,505,670,3.3057851239669422,193000,Normal,71,Positif,Uptrend,Bullish,Strong Bullish,Perfect Uptrend (5>20>50),Normal,Distribusi (Turun),Normal,Dominan Beli (Hajar Kanan),Normal,Tinggi,Normal,Rawan Pucuk (High Risk),< 1 Miliar,Di Atas VWAP (Kuat),Distribusi Pro (Guyuran),Gorengan Sepi (< 5M),Sepi (< 50%),Mark-Up (Fase Pesta),Spesialis Tiang Jemuran (Banting Pucuk),Normal,Naik 1 Hari Beruntun,TP: 679 | CL: 588,Normal,Tidak Ideal (< 1:1),Netral / Sideways,Sentimen Positif 📰,Normal / Sedang Transisi,Dekat Support Fibo 23.6%,7,BELI,TIDAK ADA,2026-08-20 16:40:00,Biasa / Mengikuti Pasar
16:40,LPGI,Token Mati (Perlu Update),Mid Cap (Lapis 2),Fair Value (Wajar),11.889035,1.6929659,630.0,632,585,685,-1.5625,6400,Normal,44,Negatif,Downtrend,Bearish,Bullish MACD,Strong Downtrend (5<20<50),Normal,Akumulasi (Naik),Normal,Seimbang / Adu Mekanik,Squeeze,Rendah,Normal,Area Tengah,< 1 Miliar,Persis di VWAP,Akumulasi Pro (Smart Money),Gorengan Sepi (< 5M),Sepi (< 50%),Mark-Down (Fase Runtuh),Normal,Normal,Turun 1 Hari Beruntun,TP: 675 | CL: 600,Open = High (Tekanan Jual),Menengah (1:1),Death Cross (Awal Bearish),Sentimen Positif 📰,Supply Kering (Siap Pump) 🏜️,Mendekati Fibo 78.6%,3,WAIT & SEE,TIDAK ADA,2026-08-20 16:40:00,Biasa / Mengikuti Pasar
16:40,LPIN,Token Mati (Perlu Update),Small Cap (Lapis 3),Undervalued (Murah),6.897679,0.51954705,422.0,419,410,438,0.4761904761904762,22300,Normal,58,Positif,Uptrend,Bullish,Bearish MACD,Perfect Uptrend (5>20>50),Normal,Distribusi (Turun),Normal,Seimbang / Adu Mekanik,Squeeze,Rendah,Doji (Ragu-ragu),Dekat Support (Low Risk),< 1 Miliar,Persis di VWAP,Distribusi Pro (Guyuran),Gorengan Sepi (< 5M),Sepi (< 50%),Mark-Up (Fase Pesta),Normal,Jarum Bawah (Sinyal Pantulan Kuat),Naik 1 Hari Beruntun,TP: 434 | CL: 414,Normal,Menengah (1:1),Golden Cross (Awal Bullish),Sentimen Positif 📰,Normal / Sedang Transisi,Golden Rebound Fibo 23.6% 🎯,5,WAIT & SEE,TIDAK ADA,2026-08-20 16:40:00,Biasa / Mengikuti Pasar
16:40,LPKR,Token Mati (Perlu Update),Mid Cap (Lapis 2),Undervalued (Murah),6.52819,0.1537229,66.0,62,59,74,3.125,157700800,Normal,61,Positif,Uptrend,Bullish,Strong Bullish,Perfect Uptrend (5>20>50),Normal,Akumulasi (Naik),Normal,Dominan Beli (Hajar Kanan),Normal,Sedang,Normal,Rawan Pucuk (High Risk),> 1 Miliar,Di Atas VWAP (Kuat),Akumulasi Pro (Smart Money),Ritel Aktif (5M - 50M),Sepi (< 50%),Mark-Up (Fase Pesta),Spesialis Tiang Jemuran (Banting Pucuk),Normal,Naik 1 Hari Beruntun,TP: 71 | CL: 62,Normal,Menengah (1:1),Golden Cross (Awal Bullish),Sentimen Negatif ⚠️,Normal / Sedang Transisi,Dekat Support Fibo 50.0%,7,BELI,TIDAK ADA,2026-08-20 16:40:00,Biasa / Mengikuti Pasar
16:40,LPLI,Token Mati (Perlu Update),Small Cap (Lapis 3),Undervalued (Murah),0.5203779,0.16541968,244.0,247,236,296,0.0,69600,Normal,48,Negatif,Downtrend,Bearish,Strong Bearish,Konsolidasi / Transisi,Normal,Distribusi (Turun),Normal,Dominan Beli (Hajar Kanan),Normal,Sedang,Hammer (Potensi Reversal),Area Tengah,< 1 Miliar,Di Bawah VWAP (Lemah),Distribusi Pro (Guyuran),Gorengan Sepi (< 5M),Sepi (< 50%),Distribution (Fase Jualan),Normal,Jarum Bawah (Sinyal Pantulan Kuat),Sideways / Stagnan,TP: 260 | CL: 232,Open = High (Tekanan Jual),Sangat Menarik (> 1:3),Golden Cross (Awal Bullish),Sentimen Positif 📰,Normal / Sedang Transisi,Golden Rebound Fibo 61.8% (Golden Ratio) 🎯,2,WAIT & SEE,TIDAK ADA,2026-08-20 16:40:00,Biasa / Mengikuti Pasar
16:40,LPPF,Token Mati (Perlu Update),Mid Cap (Lapis 2),Overvalued (Mahal),4.667781,12.008095,1620.0,1577,1515,1625,0.30959752321981426,999900,Normal,63,Positif,Uptrend,Bullish,Strong Bullish,Perfect Uptrend (5>20>50),Normal,Akumulasi (Naik),Normal,Seimbang / Adu Mekanik,Squeeze,Rendah,Normal,Area Tengah,> 1 Miliar,Di Atas VWAP (Kuat),Akumulasi Pro (Smart Money),Gorengan Sepi (< 5M),Normal (50-150%),Mark-Up (Fase Pesta),Normal,Normal,Naik 1 Hari Beruntun,TP: 1654 | CL: 1596,Normal,Tidak Ideal (< 1:1),Overbought (Jenuh Beli - Rawan),Sentimen Positif 📰,Normal / Sedang Transisi,Dekat Support Fibo 23.6%,7,BELI,TIDAK ADA,2026-08-20 16:40:00,Biasa / Mengikuti Pasar
16:40,LPPS,Token Mati (Perlu Update),Small Cap (Lapis 3),Fair Value (Wajar),0.0,0.20478804,82.0,81,77,88,1.2345679012345678,2963300,Tembus MA20,57,Positif,Uptrend,Bearish,Bearish MACD,Konsolidasi / Transisi,Normal,Akumulasi (Naik),Normal,Seimbang / Adu Mekanik,Normal,Sedang,Normal,Area Tengah,< 1 Miliar,Persis di VWAP,Distribusi Pro (Guyuran),Gorengan Sepi (< 5M),Normal (50-150%),Mark-Up (Fase Pesta),Spesialis Tiang Jemuran (Banting Pucuk),Normal,Naik 1 Hari Beruntun,TP: 88 | CL: 77,Normal,Menengah (1:1),Golden Cross (Awal Bullish),Sentimen Positif 📰,Normal / Sedang Transisi,Mengambang (Jauh dari Fibo),6,WAIT & SEE,TIDAK ADA,2026-08-20 16:40:00,Biasa / Mengikuti Pasar
16:40,LRNA,Token Mati (Perlu Update),Small Cap (Lapis 3),Fair Value (Wajar),0.0,0.24930523,190.0,186,177,242,0.5291005291005291,65200,Normal,59,Positif,Uptrend,Bullish,Strong Bullish,Perfect Uptrend (5>20>50),Normal,Akumulasi (Naik),Normal,Dominan Beli (Hajar Kanan),Squeeze,Rendah,Doji (Ragu-ragu),Area Tengah,< 1 Miliar,Persis di VWAP,Distribusi Pro (Guyuran),Gorengan Sepi (< 5M),Sepi (< 50%),Mark-Up (Fase Pesta),Spesialis Tiang Jemuran (Banting Pucuk),Jarum Bawah (Sinyal Pantulan Kuat),Naik 1 Hari Beruntun,TP: 203 | CL: 180,Normal,Sangat Menarik (> 1:3),Oversold (Jenuh Jual - Peluang),Sentimen Positif 📰,Supply Kering (Siap Pump) 🏜️,Mengambang (Jauh dari Fibo),8,BELI,TIDAK ADA,2026-08-20 16:40:00,Biasa / Mengikuti Pasar
16:40,LSIP,Token Mati (Perlu Update),Big Cap (Lapis 1),Undervalued (Murah),4.852286,0.6999587,1465.0,1421,1340,1485,3.53356890459364,13123700,Tembus MA20,67,Positif,Uptrend,Bearish,Bearish MACD,Konsolidasi / Transisi,Normal,Akumulasi (Naik),Normal,Dominan Beli (Hajar Kanan),Normal,Sedang,Normal,Area Tengah,> 1 Miliar,Di Atas VWAP (Kuat),Akumulasi Pro (Smart Money),Ritel Aktif (5M - 50M),Anomali Tinggi (150-300%),Mark-Up (Fase Pesta),Normal,Normal,Naik 1 Hari Beruntun,TP: 1513 | CL: 1432,Normal,Tidak Ideal (< 1:1),Netral / Sideways,Netral / Sepi Berita,Normal / Sedang Transisi,Mengambang (Jauh dari Fibo),6,WAIT & SEE,TIDAK ADA,2026-08-20 16:40:00,Biasa / Mengikuti Pasar
16:40,LTLS,Token Mati (Perlu Update),Mid Cap (Lapis 2),Undervalued (Murah),6.630782,0.376437,850.0,821,740,865,0.591715976331361,224200,Tembus MA20,67,Positif,Uptrend,Bullish,Strong Bullish,Perfect Uptrend (5>20>50),Normal,Akumulasi (Naik),Normal,Dominan Beli (Hajar Kanan),Normal,Tinggi,Doji (Ragu-ragu),Rawan Pucuk (High Risk),< 1 Miliar,Persis di VWAP,Akumulasi Pro (Smart Money),Gorengan Sepi (< 5M),Ledakan Ekstrem (> 300%),Mark-Up (Fase Pesta),Normal,Jarum Bawah (Sinyal Pantulan Kuat),Naik 2 Hari Beruntun,TP: 892 | CL: 821,Normal,Tidak Ideal (< 1:1),Netral / Sideways,Sentimen Positif 📰,Normal / Sedang Transisi,Mendekati Fibo 23.6%,9,BELI,TIDAK ADA,2026-08-20 16:40:00,Biasa / Mengikuti Pasar
16:40,MAIN,Token Mati (Perlu Update),Mid Cap (Lapis 2),Undervalued (Murah),3.220999,0.52172196,670.0,683,645,735,0.7518796992481203,767300,Normal,45,Positif,Downtrend,Bearish,Strong Bearish,Konsolidasi / Transisi,Normal,Distribusi (Turun),Normal,Seimbang / Adu Mekanik,Normal,Sedang,Normal,Area Tengah,< 1 Miliar,Persis di VWAP,Distribusi Pro (Guyuran),Gorengan Sepi (< 5M),Normal (50-150%),Distribution (Fase Jualan),Normal,Normal,Naik 1 Hari Beruntun,TP: 700 | CL: 650,Open = Low (Bullish Kuat),Ideal (1:2),Golden Cross (Awal Bullish),Netral / Sepi Berita,Normal / Sedang Transisi,Mendekati Fibo 78.6%,1,WAIT & SEE,TIDAK ADA,2026-08-20 16:40:00,Biasa / Mengikuti Pasar
16:40,MAPI,Token Mati (Perlu Update),Big Cap (Lapis 1),Fair Value (Wajar),10.13763,1.7930533,1510.0,1566,1360,1940,0.6666666666666667,1603900,Normal,46,Positif,Downtrend,Bearish,Strong Bearish,Konsolidasi / Transisi,Normal,Distribusi (Turun),Normal,Dominan Beli (Hajar Kanan),Normal,Tinggi,Normal,Rawan Pucuk (High Risk),> 1 Miliar,Persis di VWAP,Akumulasi Pro (Smart Money),Ritel Aktif (5M - 50M),Sepi (< 50%),Distribution (Fase Jualan),Normal,Normal,Naik 1 Hari Beruntun,TP: 1661 | CL: 1408,Normal,Ideal (1:2),Oversold (Jenuh Jual - Peluang),Netral / Sepi Berita,Normal / Sedang Transisi,Golden Rebound Fibo 78.6% 🎯,2,WAIT & SEE,TIDAK ADA,2026-08-20 16:40:00,Biasa / Mengikuti Pasar
16:40,MAYA,Token Mati (Perlu Update),Mid Cap (Lapis 2),Overvalued (Mahal),77.821014,0.2694067,200.0,199,192,208,1.0101010101010102,1092900,Tembus MA20,55,Positif,Uptrend,Bearish,Bearish MACD,Konsolidasi / Transisi,Normal,Akumulasi (Naik),Normal,Seimbang / Adu Mekanik,Squeeze,Rendah,Normal,Area Tengah,< 1 Miliar,Persis di VWAP,Akumulasi Pro (Smart Money),Gorengan Sepi (< 5M),Anomali Tinggi (150-300%),Mark-Up (Fase Pesta),Spesialis Tiang Jemuran (Banting Pucuk),Normal,Naik 1 Hari Beruntun,TP: 208 | CL: 194,Open = Low (Bullish Kuat),Menengah (1:1),Netral / Sideways,Sentimen Positif 📰,Normal / Sedang Transisi,Dekat Support Fibo 23.6%,6,WAIT & SEE,TIDAK ADA,2026-08-20 16:40:00,Biasa / Mengikuti Pasar
16:40,MBAP,Token Mati (Perlu Update),Mid Cap (Lapis 2),Overvalued (Mahal),81.50646,9666.666,1450.0,1439,1390,1500,-1.3605442176870748,36200,Normal,54,Negatif,Uptrend,Bullish,Strong Bullish,Perfect Uptrend (5>20>50),Normal,Distribusi (Turun),Normal,Seimbang / Adu Mekanik,Squeeze,Rendah,Normal,Area Tengah,< 1 Miliar,Persis di VWAP,Akumulasi Pro (Smart Money),Gorengan Sepi (< 5M),Normal (50-150%),Mark-Up (Fase Pesta),Spesialis Tiang Jemuran (Banting Pucuk),Normal,Turun 1 Hari Beruntun,TP: 1511 | CL: 1408,Open = High (Tekanan Jual),Tidak Ideal (< 1:1),Death Cross (Awal Bearish),Sentimen Positif 📰,Normal / Sedang Transisi,Dekat Support Fibo 50.0%,5,WAIT & SEE,TIDAK ADA,2026-08-20 16:40:00,Biasa / Mengikuti Pasar
16:40,MBSS,Token Mati (Perlu Update),Mid Cap (Lapis 2),Undervalued (Murah),13.405079,1.2100797,2840.0,2800,2530,2940,0.0,1078900,Normal,65,Negatif,Uptrend,Bullish,Bearish MACD,Perfect Uptrend (5>20>50),Normal,Akumulasi (Naik),Normal,Seimbang / Adu Mekanik,Normal,Sedang,Doji (Ragu-ragu),Rawan Pucuk (High Risk),> 1 Miliar,Persis di VWAP,Distribusi Pro (Guyuran),Gorengan Sepi (< 5M),Normal (50-150%),Mark-Up (Fase Pesta),Spesialis Tiang Jemuran (Banting Pucuk),Normal,Sideways / Stagnan,TP: 2892 | CL: 2805,Normal,Tidak Ideal (< 1:1),Netral / Sideways,Netral / Sepi Berita,Normal / Sedang Transisi,Mendekati Fibo 23.6%,4,WAIT & SEE,TIDAK ADA,2026-08-20 16:40:00,Biasa / Mengikuti Pasar
16:40,MBTO,Token Mati (Perlu Update),Small Cap (Lapis 3),Fair Value (Wajar),0.0,0.39452162,130.0,126,115,167,0.7751937984496124,3314700,Normal,58,Positif,Uptrend,Bullish,Bearish MACD,Perfect Uptrend (5>20>50),Normal,Akumulasi (Naik),Normal,Seimbang / Adu Mekanik,Normal,Tinggi,Normal,Rawan Pucuk (High Risk),< 1 Miliar,Di Atas VWAP (Kuat),Akumulasi Pro (Smart Money),Gorengan Sepi (< 5M),Normal (50-150%),Mark-Up (Fase Pesta),Spesialis Tiang Jemuran (Banting Pucuk),Normal,Naik 1 Hari Beruntun,TP: 143 | CL: 121,Normal,Ideal (1:2),Netral / Sideways,Sentimen Negatif ⚠️,Normal / Sedang Transisi,Dekat Support Fibo 50.0%,5,WAIT & SEE,TIDAK ADA,2026-08-20 16:40:00,Biasa / Mengikuti Pasar
16:40,MCOR,Token Mati (Perlu Update),Mid Cap (Lapis 2),Undervalued (Murah),8.635795,0.35962412,70.0,68,67,71,2.941176470588235,9545100,Tembus MA20,59,Positif,Uptrend,Bullish,Bearish MACD,Perfect Uptrend (5>20>50),Akumulasi Kuat,Akumulasi (Naik),Normal,Seimbang / Adu Mekanik,Squeeze,Rendah,Normal,Area Tengah,< 1 Miliar,Di Atas VWAP (Kuat),Akumulasi Pro (Smart Money),Gorengan Sepi (< 5M),Ledakan Ekstrem (> 300%),Mark-Up (Fase Pesta),Spesialis Tiang Jemuran (Banting Pucuk),Normal,Naik 1 Hari Beruntun,TP: 72 | CL: 68,Open = Low (Bullish Kuat),Tidak Ideal (< 1:1),Netral / Sideways,Sentimen Positif 📰,Normal / Sedang Transisi,Dekat Support Fibo 23.6%,8,BELI,TIDAK ADA,2026-08-20 16:40:00,Biasa / Mengikuti Pasar
16:40,MDIA,Token Mati (Perlu Update),Big Cap (Lapis 1),Overvalued (Mahal),3500.0,11.9591675,280.0,214,102,296,0.0,0,Normal,87,Negatif,Uptrend,Bullish,Strong Bullish,Perfect Uptrend (5>20>50),Normal,Netral,Normal,Tidak Ada Transaksi,Normal,Tinggi,Doji (Ragu-ragu),Rawan Pucuk (High Risk),< 1 Miliar,Di Atas VWAP (Kuat),Netral,Gorengan Sepi (< 5M),Sepi (< 50%),Mark-Up (Fase Pesta),Spesialis Tiang Jemuran (Banting Pucuk),Normal,Sideways / Stagnan,TP: 314 | CL: 256,Normal,Tidak Ideal (< 1:1),Overbought (Jenuh Beli - Rawan),Netral / Sepi Berita,Normal / Sedang Transisi,Mengambang (Jauh dari Fibo),4,WAIT & SEE,TIDAK ADA,2026-08-20 16:40:00,Biasa / Mengikuti Pasar
16:40,MDKA,Token Mati (Perlu Update),Big Cap (Lapis 1),Overvalued (Mahal),1725.1461,84285.71,2950.0,2814,2550,3080,3.508771929824561,36651000,Normal,59,Positif,Uptrend,Bullish,Strong Bullish,Perfect Uptrend (5>20>50),Normal,Distribusi (Turun),Gap Up (+2.8%),Seimbang / Adu Mekanik,Normal,Tinggi,Normal,Rawan Pucuk (High Risk),> 1 Miliar,Di Atas VWAP (Kuat),Distribusi Pro (Guyuran),Sultan (> 50M/hari),Normal (50-150%),Mark-Up (Fase Pesta),Spesialis Tiang Jemuran (Banting Pucuk),Normal,Naik 1 Hari Beruntun,TP: 3137 | CL: 2825,Open = Low (Bullish Kuat),Tidak Ideal (< 1:1),Netral / Sideways,Sentimen Positif 📰,Normal / Sedang Transisi,Mendekati Fibo 23.6%,7,BELI,TIDAK ADA,2026-08-20 16:40:00,Biasa / Mengikuti Pasar
16:40,MDLN,Token Mati (Perlu Update),Small Cap (Lapis 3),Fair Value (Wajar),0.0,0.1902421,50.0,50,50,55,0.0,243200,Normal,48,Negatif,Downtrend,Bearish,Strong Bearish,Strong Downtrend (5<20<50),Normal,Netral,Normal,Tidak Ada Transaksi,Squeeze,Rendah,Doji (Ragu-ragu),Dekat Support (Low Risk),< 1 Miliar,Persis di VWAP,Distribusi Pro (Guyuran),Gorengan Sepi (< 5M),Sepi (< 50%),Mark-Down (Fase Runtuh),Spesialis Tiang Jemuran (Banting Pucuk),Normal,Sideways / Stagnan,TP: 50 | CL: 49,Normal,Di Area Support,Oversold (Jenuh Jual - Peluang),Sentimen Positif 📰,Supply Kering (Siap Pump) 🏜️,Golden Rebound Fibo Bottom / 100% 🎯,1,WAIT & SEE,TIDAK ADA,2026-08-20 16:40:00,Biasa / Mengikuti Pasar
16:40,MDRN,Token Mati (Perlu Update),Small Cap (Lapis 3),Fair Value (Wajar),2.8230186,-0.8300345,26.0,26,26,26,0.0,0,Normal,37,Negatif,Downtrend,Bearish,Bullish MACD,Konsolidasi / Transisi,Normal,Netral,Normal,Tidak Ada Transaksi,Squeeze,Rendah,Doji (Ragu-ragu),Dekat Support (Low Risk),< 1 Miliar,Di Atas VWAP (Kuat),Netral,Gorengan Sepi (< 5M),Normal (50-150%),Sideways,Solid (Jarang Dibanting),Normal,Sideways / Stagnan,TP: 27 | CL: 25,Normal,Di Area Support,Oversold (Jenuh Jual - Peluang),Netral / Sepi Berita,Normal / Sedang Transisi,Mendekati Fibo Bottom / 100%,1,WAIT & SEE,TIDAK ADA,2026-08-20 16:40:00,Biasa / Mengikuti Pasar
16:40,MEDC,Token Mati (Perlu Update),Big Cap (Lapis 1),Overvalued (Mahal),13.0890045,16011.235,1420.0,1321,1225,1445,-0.3508771929824561,45022000,Normal,64,Negatif,Uptrend,Bullish,Strong Bullish,Perfect Uptrend (5>20>50),Normal,Akumulasi (Naik),Normal,Seimbang / Adu Mekanik,Breakout Upper,Sedang,Normal,Rawan Pucuk (High Risk),> 1 Miliar,Di Atas VWAP (Kuat),Akumulasi Pro (Smart Money),Sultan (> 50M/hari),Normal (50-150%),Mark-Up (Fase Pesta),Normal,Normal,Turun 1 Hari Beruntun,TP: 1507 | CL: 1361,Normal,Tidak Ideal (< 1:1),Overbought (Jenuh Beli - Rawan),Netral / Sepi Berita,Normal / Sedang Transisi,Dekat Support Fibo 23.6%,5,WAIT & SEE,TIDAK ADA,2026-08-20 16:40:00,Biasa / Mengikuti Pasar
16:40,MEGA,Token Mati (Perlu Update),Big Cap (Lapis 1),Fair Value (Wajar),14.188462,2.0787532,1980.0,1984,1750,2010,-0.2518891687657431,33900,Tembus MA20,47,Negatif,Downtrend,Bearish,Strong Bearish,Strong Downtrend (5<20<50),Normal,Distribusi (Turun),Normal,Dominan Beli (Hajar Kanan),Squeeze,Rendah,Doji (Ragu-ragu),Rawan Pucuk (High Risk),< 1 Miliar,Persis di VWAP,Akumulasi Pro (Smart Money),Gorengan Sepi (< 5M),Normal (50-150%),Mark-Down (Fase Runtuh),Normal,Jarum Bawah (Sinyal Pantulan Kuat),Turun 1 Hari Beruntun,TP: 2029 | CL: 1947,Open = High (Tekanan Jual),Tidak Ideal (< 1:1),Overbought (Jenuh Beli - Rawan),Sentimen Positif 📰,Normal / Sedang Transisi,Golden Rebound Fibo 50.0% 🎯,3,WAIT & SEE,TIDAK ADA,2026-08-20 16:40:00,Biasa / Mengikuti Pasar
16:40,MERK,Token Mati (Perlu Update),Mid Cap (Lapis 2),Fair Value (Wajar),5.3578157,1.8490702,3980.0,3941,3700,4030,1.530612244897959,77700,Tembus MA20,58,Positif,Uptrend,Bearish,Bearish MACD,Konsolidasi / Transisi,Normal,Akumulasi (Naik),Normal,Seimbang / Adu Mekanik,Squeeze,Rendah,Normal,Area Tengah,< 1 Miliar,Di Atas VWAP (Kuat),Akumulasi Pro (Smart Money),Gorengan Sepi (< 5M),Anomali Tinggi (150-300%),Mark-Up (Fase Pesta),Normal,Normal,Naik 1 Hari Beruntun,TP: 4122 | CL: 3885,Normal,Tidak Ideal (< 1:1),Netral / Sideways,Sentimen Positif 📰,Normal / Sedang Transisi,Mendekati Fibo 23.6%,6,WAIT & SEE,TIDAK ADA,2026-08-20 16:40:00,Biasa / Mengikuti Pasar
16:40,MFMI,Token Mati (Perlu Update),Small Cap (Lapis 3),Overvalued (Mahal),37.839096,8.798884,1300.0,1300,1300,1300,0.0,0,Normal,100,Negatif,Downtrend,Bearish,Bearish MACD,Konsolidasi / Transisi,Normal,Netral,Normal,Tidak Ada Transaksi,Squeeze,Rendah,Doji (Ragu-ragu),Dekat Support (Low Risk),< 1 Miliar,Di Atas VWAP (Kuat),Netral,Gorengan Sepi (< 5M),Normal (50-150%),Sideways,Solid (Jarang Dibanting),Normal,Sideways / Stagnan,TP: 1301 | CL: 1299,Normal,Di Area Support,Oversold (Jenuh Jual - Peluang),Netral / Sepi Berita,Normal / Sedang Transisi,Golden Rebound Fibo 23.6% 🎯,1,WAIT & SEE,TIDAK ADA,2026-08-20 16:40:00,Biasa / Mengikuti Pasar
16:40,MGNA,Token Mati (Perlu Update),Small Cap (Lapis 3),Overvalued (Mahal),2.665038,11.947729,96.0,104,89,163,0.0,6839400,Normal,43,Negatif,Downtrend,Bearish,Bearish MACD,Konsolidasi / Transisi,Normal,Distribusi (Turun),Normal,Dominan Jual (Guyur),Normal,Tinggi,Doji (Ragu-ragu),Area Tengah,< 1 Miliar,Di Bawah VWAP (Lemah),Distribusi Pro (Guyuran),Gorengan Sepi (< 5M),Normal (50-150%),Distribution (Fase Jualan),Spesialis Tiang Jemuran (Banting Pucuk),Normal,Sideways / Stagnan,TP: 108 | CL: 87,Normal,Sangat Menarik (> 1:3),Oversold (Jenuh Jual - Peluang),Sentimen Negatif ⚠️,Normal / Sedang Transisi,Mengambang (Jauh dari Fibo),0,WAIT & SEE,TIDAK ADA,2026-08-20 16:40:00,Biasa / Mengikuti Pasar
16:40,MICE,Token Mati (Perlu Update),Small Cap (Lapis 3),Undervalued (Murah),7.3201337,0.31718796,525.0,518,500,540,0.0,1400,Normal,58,Negatif,Uptrend,Bullish,Bearish MACD,Perfect Uptrend (5>20>50),Normal,Akumulasi (Naik),Gap Up (+2.9%),Dominan Jual (Guyur),Squeeze,Rendah,Normal,Area Tengah,< 1 Miliar,Persis di VWAP,Distribusi Pro (Guyuran),Gorengan Sepi (< 5M),Sepi (< 50%),Mark-Up (Fase Pesta),Normal,Normal,Sideways / Stagnan,TP: 541 | CL: 513,Open = High (Tekanan Jual),Tidak Ideal (< 1:1),Netral / Sideways,Sentimen Positif 📰,Supply Kering (Siap Pump) 🏜️,Golden Rebound Fibo 23.6% 🎯,6,WAIT & SEE,TIDAK ADA,2026-08-20 16:40:00,Biasa / Mengikuti Pasar
16:40,MIDI,Token Mati (Perlu Update),Mid Cap (Lapis 2),Fair Value (Wajar),10.54614,2.0212812,280.0,279,266,294,1.4492753623188406,8714100,Tembus MA20,51,Positif,Uptrend,Bearish,Strong Bearish,Strong Downtrend (5<20<50),Normal,Akumulasi (Naik),Normal,Seimbang / Adu Mekanik,Squeeze,Rendah,Normal,Area Tengah,> 1 Miliar,Di Atas VWAP (Kuat),Distribusi Pro (Guyuran),Gorengan Sepi (< 5M),Normal (50-150%),Accumulation (Kumpul Barang),Normal,Normal,Naik 1 Hari Beruntun,TP: 291 | CL: 272,Open = Low (Bullish Kuat),Menengah (1:1),Netral / Sideways,Sentimen Positif 📰,Normal / Sedang Transisi,Dekat Support Fibo 61.8% (Golden Ratio),6,WAIT & SEE,TIDAK ADA,2026-08-20 16:40:00,Biasa / Mengikuti Pasar
16:40,MIKA,Token Mati (Perlu Update),Big Cap (Lapis 1),Overvalued (Mahal),17.710903,3.4124825,1795.0,1786,1690,1905,1.1267605633802817,11317300,Tembus MA20,54,Positif,Uptrend,Bearish,Bearish MACD,Konsolidasi / Transisi,Akumulasi Kuat,Akumulasi (Naik),Normal,Dominan Beli (Hajar Kanan),Normal,Sedang,Normal,Area Tengah,> 1 Miliar,Di Atas VWAP (Kuat),Akumulasi Pro (Smart Money),Ritel Aktif (5M - 50M),Anomali Tinggi (150-300%),Mark-Up (Fase Pesta),Normal,Normal,Naik 2 Hari Beruntun,TP: 1896 | CL: 1727,Normal,Menengah (1:1),Golden Cross (Awal Bullish),Sentimen Positif 📰,Normal / Sedang Transisi,Dekat Support Fibo 23.6%,8,BELI,TIDAK ADA,2026-08-20 16:40:00,Biasa / Mengikuti Pasar
16:40,MIRA,Token Mati (Perlu Update),Small Cap (Lapis 3),Fair Value (Wajar),0.0,0.7516076,27.0,25,20,31,0.0,9779700,Normal,56,Negatif,Uptrend,Bullish,Strong Bullish,Perfect Uptrend (5>20>50),Normal,Distribusi (Turun),Gap Down (-7.4%),Dominan Beli (Hajar Kanan),Normal,Tinggi,Marubozu (Strong Bullish),Rawan Pucuk (High Risk),< 1 Miliar,Di Bawah VWAP (Lemah),Akumulasi Pro (Smart Money),Gorengan Sepi (< 5M),Normal (50-150%),Mark-Up (Fase Pesta),Solid (Jarang Dibanting),Normal,Sideways / Stagnan,TP: 29 | CL: 25,Open = Low (Bullish Kuat),Tidak Ideal (< 1:1),Death Cross (Awal Bearish),Netral / Sepi Berita,Normal / Sedang Transisi,Mengambang (Jauh dari Fibo),5,WAIT & SEE,TIDAK ADA,2026-08-20 16:40:00,Biasa / Mengikuti Pasar
16:40,MITI,Token Mati (Perlu Update),Small Cap (Lapis 3),Overvalued (Mahal),58.333336,1.688836,208.0,189,153,256,0.0,1921500,Normal,63,Negatif,Uptrend,Bullish,Strong Bullish,Perfect Uptrend (5>20>50),Normal,Akumulasi (Naik),Normal,Seimbang / Adu Mekanik,Normal,Tinggi,Doji (Ragu-ragu),Rawan Pucuk (High Risk),< 1 Miliar,Di Atas VWAP (Kuat),Akumulasi Pro (Smart Money),Gorengan Sepi (< 5M),Normal (50-150%),Mark-Up (Fase Pesta),Normal,Normal,Sideways / Stagnan,TP: 237 | CL: 188,Normal,Tidak Ideal (< 1:1),Netral / Sideways,Netral / Sepi Berita,Normal / Sedang Transisi,Mengambang (Jauh dari Fibo),5,WAIT & SEE,TIDAK ADA,2026-08-20 16:40:00,Biasa / Mengikuti Pasar
16:40,MKPI,Token Mati (Perlu Update),Big Cap (Lapis 1),Fair Value (Wajar),18.019665,2.819991,22175.0,21866,21050,22175,0.9101251422070534,49500,Tembus MA20,71,Positif,Uptrend,Bullish,Bearish MACD,Perfect Uptrend (5>20>50),Normal,Akumulasi (Naik),Normal,Dominan Beli (Hajar Kanan),Squeeze,Rendah,Marubozu (Strong Bullish),Area Tengah,> 1 Miliar,Persis di VWAP,Akumulasi Pro (Smart Money),Gorengan Sepi (< 5M),Normal (50-150%),Mark-Up (Fase Pesta),Normal,Normal,Naik 1 Hari Beruntun,TP: 22370 | CL: 22044,Open = Low (Bullish Kuat),Tidak Ideal (< 1:1),Overbought (Jenuh Beli - Rawan),Sentimen Positif 📰,Normal / Sedang Transisi,Dekat Support Fibo 23.6%,8,BELI,TIDAK ADA,2026-08-20 16:40:00,Biasa / Mengikuti Pasar
16:40,MLBI,Token Mati (Perlu Update),Big Cap (Lapis 1),Overvalued (Mahal),11.327575,13.207457,6925.0,6770,6300,7200,0.36231884057971014,8400,Normal,65,Positif,Uptrend,Bullish,Bearish MACD,Perfect Uptrend (5>20>50),Normal,Distribusi (Turun),Normal,Seimbang / Adu Mekanik,Normal,Tinggi,Normal,Area Tengah,< 1 Miliar,Persis di VWAP,Akumulasi Pro (Smart Money),Gorengan Sepi (< 5M),Sepi (< 50%),Mark-Up (Fase Pesta),Normal,Normal,Naik 1 Hari Beruntun,TP: 7141 | CL: 6780,Open = High (Tekanan Jual),Tidak Ideal (< 1:1),Death Cross (Awal Bearish),Sentimen Positif 📰,Normal / Sedang Transisi,Dekat Support Fibo 23.6%,5,WAIT & SEE,TIDAK ADA,2026-08-20 16:40:00,Biasa / Mengikuti Pasar
16:40,MLIA,Token Mati (Perlu Update),Mid Cap (Lapis 2),Fair Value (Wajar),0.0,0.29292855,232.0,231,230,236,-0.8547008547008548,66300,Tembus MA20,45,Negatif,Uptrend,Bullish,Bullish MACD,Awal Reversal (5>20),Normal,Akumulasi (Naik),Normal,Dominan Beli (Hajar Kanan),Squeeze,Rendah,Doji (Ragu-ragu),Dekat Support (Low Risk),< 1 Miliar,Persis di VWAP,Akumulasi Pro (Smart Money),Gorengan Sepi (< 5M),Anomali Tinggi (150-300%),Accumulation (Kumpul Barang),Solid (Jarang Dibanting),Jarum Bawah (Sinyal Pantulan Kuat),Turun 2 Hari Beruntun,TP: 235 | CL: 229,Normal,Ideal (1:2),Netral / Sideways,Sentimen Negatif ⚠️,Normal / Sedang Transisi,Golden Rebound Fibo Bottom / 100% 🎯,6,WAIT & SEE,TIDAK ADA,2026-08-20 16:40:00,Biasa / Mengikuti Pasar
16:40,MLPL,Token Mati (Perlu Update),Mid Cap (Lapis 2),Fair Value (Wajar),0.0,0.2527493,98.0,95,91,109,4.25531914893617,49656200,Normal,58,Positif,Uptrend,Bearish,Bearish MACD,Konsolidasi / Transisi,Normal,Akumulasi (Naik),Normal,Dominan Beli (Hajar Kanan),Normal,Sedang,Normal,Area Tengah,> 1 Miliar,Di Atas VWAP (Kuat),Distribusi Pro (Guyuran),Gorengan Sepi (< 5M),Normal (50-150%),Mark-Up (Fase Pesta),Normal,Normal,Naik 1 Hari Beruntun,TP: 104 | CL: 93,Normal,Ideal (1:2),Golden Cross (Awal Bullish),Sentimen Positif 📰,Normal / Sedang Transisi,Mengambang (Jauh dari Fibo),6,WAIT & SEE,TIDAK ADA,2026-08-20 16:40:00,Biasa / Mengikuti Pasar
16:40,MLPT,Token Mati (Perlu Update),Big Cap (Lapis 1),Overvalued (Mahal),177.12177,89.14201,1440.0,1581,1265,2030,11.627906976744185,22828400,Tembus MA20,52,Positif,Downtrend,Bearish,Bearish MACD,Konsolidasi / Transisi,Normal,Akumulasi (Naik),Normal,Seimbang / Adu Mekanik,Normal,Tinggi,Normal,Rawan Pucuk (High Risk),> 1 Miliar,Di Atas VWAP (Kuat),Distribusi Pro (Guyuran),Ritel Aktif (5M - 50M),Ledakan Ekstrem (> 300%),Distribution (Fase Jualan),Normal,Normal,Naik 1 Hari Beruntun,TP: 1667 | CL: 1288,Normal,Sangat Menarik (> 1:3),Golden Cross (Awal Bullish),Sentimen Positif 📰,Normal / Sedang Transisi,Dekat Support Fibo 38.2%,5,WAIT & SEE,TIDAK ADA,2026-08-20 16:40:00,Biasa / Mengikuti Pasar
16:40,MMLP,Token Mati (Perlu Update),Mid Cap (Lapis 2),Fair Value (Wajar),19.986675,0.44394395,300.0,294,280,320,-0.6622516556291391,951900,Tembus MA20,55,Negatif,Uptrend,Golden Cross,Bullish MACD,Awal Reversal (5>20),Normal,Akumulasi (Naik),Normal,Seimbang / Adu Mekanik,Squeeze,Rendah,Normal,Area Tengah,< 1 Miliar,Persis di VWAP,Distribusi Pro (Guyuran),Gorengan Sepi (< 5M),Normal (50-150%),Accumulation (Kumpul Barang),Spesialis Tiang Jemuran (Banting Pucuk),Normal,Turun 1 Hari Beruntun,TP: 315 | CL: 289,Open = High (Tekanan Jual),Menengah (1:1),Netral / Sideways,Netral / Sepi Berita,Supply Banjir (Distribusi) 🌊,Mendekati Fibo 50.0%,6,WAIT & SEE,TIDAK ADA,2026-08-20 16:40:00,Biasa / Mengikuti Pasar
16:40,MNCN,Token Mati (Perlu Update),Mid Cap (Lapis 2),Undervalued (Murah),2.256138,0.12137041,204.0,203,198,214,0.9900990099009901,35524100,Tembus MA20,51,Positif,Uptrend,Bearish,Bullish MACD,Strong Downtrend (5<20<50),Normal,Akumulasi (Naik),Normal,Dominan Beli (Hajar Kanan),Squeeze,Rendah,Doji (Ragu-ragu),Area Tengah,> 1 Miliar,Di Atas VWAP (Kuat),Akumulasi Pro (Smart Money),Ritel Aktif (5M - 50M),Normal (50-150%),Accumulation (Kumpul Barang),Normal,Jarum Bawah (Sinyal Pantulan Kuat),Naik 1 Hari Beruntun,TP: 209 | CL: 200,Normal,Ideal (1:2),Netral / Sideways,Sentimen Positif 📰,Normal / Sedang Transisi,Golden Rebound Fibo 78.6% 🎯,8,BELI,TIDAK ADA,2026-08-20 16:40:00,Biasa / Mengikuti Pasar
16:40,MPMX,Token Mati (Perlu Update),Mid Cap (Lapis 2),Undervalued (Murah),8.602424,0.79988146,1015.0,999,975,1020,0.9950248756218906,4496700,Tembus MA20,66,Positif,Uptrend,Bullish,Bearish MACD,Perfect Uptrend (5>20>50),Normal,Akumulasi (Naik),Normal,Dominan Beli (Hajar Kanan),Squeeze,Rendah,Normal,Area Tengah,> 1 Miliar,Persis di VWAP,Akumulasi Pro (Smart Money),Gorengan Sepi (< 5M),Normal (50-150%),Mark-Up (Fase Pesta),Normal,Normal,Naik 2 Hari Beruntun,TP: 1035 | CL: 1001,Normal,Tidak Ideal (< 1:1),Netral / Sideways,Sentimen Positif 📰,Normal / Sedang Transisi,Mendekati Fibo 23.6%,8,BELI,TIDAK ADA,2026-08-20 16:40:00,Biasa / Mengikuti Pasar
16:40,MPPA,Token Mati (Perlu Update),Mid Cap (Lapis 2),Fair Value (Wajar),0.0,-16.649324,48.0,48,46,52,-2.0408163265306123,3341500,Normal,50,Negatif,Downtrend,Bullish,Strong Bullish,Perfect Uptrend (5>20>50),Normal,Distribusi (Turun),Normal,Dominan Jual (Guyur),Normal,Sedang,Normal,Area Tengah,< 1 Miliar,Di Bawah VWAP (Lemah),Akumulasi Pro (Smart Money),Gorengan Sepi (< 5M),Sepi (< 50%),Distribution (Fase Jualan),Solid (Jarang Dibanting),Normal,Turun 2 Hari Beruntun,TP: 49 | CL: 46,Open = High (Tekanan Jual),Ideal (1:2),Netral / Sideways,Netral / Sepi Berita,Normal / Sedang Transisi,Dekat Support Fibo 38.2%,2,WAIT & SEE,TIDAK ADA,2026-08-20 16:40:00,Biasa / Mengikuti Pasar
16:40,MRAT,Token Mati (Perlu Update),Small Cap (Lapis 3),Overvalued (Mahal),56.14973,0.31099433,420.0,437,414,550,0.0,255400,Normal,35,Negatif,Downtrend,Bearish,Strong Bearish,Strong Downtrend (5<20<50),Normal,Distribusi (Turun),Normal,Dominan Jual (Guyur),Bottom Rebound,Sedang,Doji (Ragu-ragu),Dekat Support (Low Risk),< 1 Miliar,Di Bawah VWAP (Lemah),Distribusi Pro (Guyuran),Gorengan Sepi (< 5M),Sepi (< 50%),Mark-Down (Fase Runtuh),Spesialis Tiang Jemuran (Banting Pucuk),Normal,Sideways / Stagnan,TP: 445 | CL: 402,Normal,Sangat Menarik (> 1:3),Oversold (Jenuh Jual - Peluang),Sentimen Positif 📰,Normal / Sedang Transisi,Golden Rebound Fibo Bottom / 100% 🎯,1,WAIT & SEE,TIDAK ADA,2026-08-20 16:40:00,Biasa / Mengikuti Pasar
16:40,MREI,Token Mati (Perlu Update),Small Cap (Lapis 3),Undervalued (Murah),5.1679587,0.29116395,920.0,920,920,920,0.0,0,Normal,32,Negatif,Downtrend,Bearish,Bullish MACD,Konsolidasi / Transisi,Normal,Netral,Normal,Tidak Ada Transaksi,Squeeze,Rendah,Doji (Ragu-ragu),Dekat Support (Low Risk),< 1 Miliar,Di Atas VWAP (Kuat),Netral,Gorengan Sepi (< 5M),Normal (50-150%),Sideways,Solid (Jarang Dibanting),Normal,Sideways / Stagnan,TP: 921 | CL: 919,Normal,Di Area Support,Oversold (Jenuh Jual - Peluang),Netral / Sepi Berita,Normal / Sedang Transisi,Golden Rebound Fibo 61.8% (Golden Ratio) 🎯,1,WAIT & SEE,TIDAK ADA,2026-08-20 16:40:00,Biasa / Mengikuti Pasar
16:40,MSKY,Token Mati (Perlu Update),Small Cap (Lapis 3),Fair Value (Wajar),0.0,0.94340956,67.0,64,56,76,-1.4705882352941175,10235900,Normal,54,Negatif,Uptrend,Bullish,Strong Bullish,Perfect Uptrend (5>20>50),Normal,Distribusi (Turun),Normal,Seimbang / Adu Mekanik,Normal,Tinggi,Doji (Ragu-ragu),Rawan Pucuk (High Risk),< 1 Miliar,Persis di VWAP,Distribusi Pro (Guyuran),Gorengan Sepi (< 5M),Sepi (< 50%),Mark-Up (Fase Pesta),Spesialis Tiang Jemuran (Banting Pucuk),Normal,Turun 1 Hari Beruntun,TP: 76 | CL: 60,Normal,Tidak Ideal (< 1:1),Netral / Sideways,Sentimen Positif 📰,Normal / Sedang Transisi,Mendekati Fibo 50.0%,5,WAIT & SEE,TIDAK ADA,2026-08-20 16:40:00,Biasa / Mengikuti Pasar
16:40,MTDL,Token Mati (Perlu Update),Mid Cap (Lapis 2),Undervalued (Murah),7.428655,1.2727488,510.0,509,500,525,-0.9708737864077669,1250000,Normal,50,Negatif,Uptrend,Golden Cross,Strong Bullish,Perfect Uptrend (5>20>50),Normal,Distribusi (Turun),Normal,Seimbang / Adu Mekanik,Squeeze,Rendah,Normal,Dekat Support (Low Risk),< 1 Miliar,Persis di VWAP,Akumulasi Pro (Smart Money),Gorengan Sepi (< 5M),Normal (50-150%),Mark-Up (Fase Pesta),Spesialis Tiang Jemuran (Banting Pucuk),Normal,Turun 2 Hari Beruntun,TP: 526 | CL: 498,Open = High (Tekanan Jual),Ideal (1:2),Netral / Sideways,Sentimen Positif 📰,Normal / Sedang Transisi,Dekat Support Fibo 38.2%,4,WAIT & SEE,TIDAK ADA,2026-08-20 16:40:00,Biasa / Mengikuti Pasar
16:40,MTFN,Token Mati (Perlu Update),Small Cap (Lapis 3),Fair Value (Wajar),0.0,-0.75691414,13.0,13,13,13,0.0,0,Normal,39,Negatif,Downtrend,Bearish,Bullish MACD,Konsolidasi / Transisi,Normal,Netral,Normal,Tidak Ada Transaksi,Squeeze,Rendah,Doji (Ragu-ragu),Dekat Support (Low Risk),< 1 Miliar,Di Atas VWAP (Kuat),Netral,Gorengan Sepi (< 5M),Normal (50-150%),Sideways,Solid (Jarang Dibanting),Normal,Sideways / Stagnan,TP: 14 | CL: 12,Normal,Di Area Support,Oversold (Jenuh Jual - Peluang),Netral / Sepi Berita,Normal / Sedang Transisi,Mengambang (Jauh dari Fibo),1,WAIT & SEE,TIDAK ADA,2026-08-20 16:40:00,Biasa / Mengikuti Pasar
16:40,MTLA,Token Mati (Perlu Update),Mid Cap (Lapis 2),Undervalued (Murah),10.561936,0.7065577,515.0,519,500,575,0.9803921568627451,15800,Normal,49,Positif,Downtrend,Bearish,Strong Bearish,Konsolidasi / Transisi,Normal,Distribusi (Turun),Normal,Dominan Jual (Guyur),Normal,Sedang,Doji (Ragu-ragu),Dekat Support (Low Risk),< 1 Miliar,Persis di VWAP,Distribusi Pro (Guyuran),Gorengan Sepi (< 5M),Normal (50-150%),Distribution (Fase Jualan),Normal,Normal,Naik 1 Hari Beruntun,TP: 550 | CL: 491,Normal,Sangat Menarik (> 1:3),Golden Cross (Awal Bullish),Netral / Sepi Berita,Normal / Sedang Transisi,Dekat Support Fibo 61.8% (Golden Ratio),1,WAIT & SEE,TIDAK ADA,2026-08-20 16:40:00,Biasa / Mengikuti Pasar
16:40,MTSM,Token Mati (Perlu Update),Small Cap (Lapis 3),Overvalued (Mahal),0.0,4.03548,500.0,500,500,500,0.0,0,Normal,0,Negatif,Downtrend,Bearish,Bearish MACD,Konsolidasi / Transisi,Normal,Netral,Normal,Tidak Ada Transaksi,Squeeze,Rendah,Doji (Ragu-ragu),Dekat Support (Low Risk),< 1 Miliar,Di Atas VWAP (Kuat),Netral,Gorengan Sepi (< 5M),Normal (50-150%),Sideways,Solid (Jarang Dibanting),Normal,Sideways / Stagnan,TP: 501 | CL: 499,Normal,Di Area Support,Oversold (Jenuh Jual - Peluang),Netral / Sepi Berita,Normal / Sedang Transisi,Normal / Sideways,0,WAIT & SEE,TIDAK ADA,2026-08-20 16:40:00,Biasa / Mengikuti Pasar
16:40,MYOH,Token Mati (Perlu Update),Mid Cap (Lapis 2),Overvalued (Mahal),9.395863,13902.438,1145.0,1055,1015,1260,4.090909090909091,1302300,Tembus MA20,70,Positif,Uptrend,Bullish,Strong Bullish,Perfect Uptrend (5>20>50),Akumulasi Kuat,Akumulasi (Naik),Normal,Dominan Beli (Hajar Kanan),Breakout Upper,Sedang,Marubozu (Strong Bullish),Rawan Pucuk (High Risk),> 1 Miliar,Di Atas VWAP (Kuat),Akumulasi Pro (Smart Money),Gorengan Sepi (< 5M),Normal (50-150%),Mark-Up (Fase Pesta),Spesialis Tiang Jemuran (Banting Pucuk),Normal,Naik 1 Hari Beruntun,TP: 1211 | CL: 1100,Open = Low (Bullish Kuat),Tidak Ideal (< 1:1),Netral / Sideways,Netral / Sepi Berita,Normal / Sedang Transisi,Dekat Support Fibo 50.0%,9,BELI,TIDAK ADA,2026-08-20 16:40:00,Biasa / Mengikuti Pasar
16:40,MYOR,Token Mati (Perlu Update),Big Cap (Lapis 1),Fair Value (Wajar),10.915607,2.0309825,1675.0,1691,1650,1815,1.5151515151515151,1990700,Normal,45,Positif,Downtrend,Bearish,Strong Bearish,Strong Downtrend (5<20<50),Normal,Distribusi (Turun),Normal,Dominan Beli (Hajar Kanan),Squeeze,Rendah,Normal,Dekat Support (Low Risk),> 1 Miliar,Persis di VWAP,Distribusi Pro (Guyuran),Ritel Aktif (5M - 50M),Sepi (< 50%),Mark-Down (Fase Runtuh),Normal,Normal,Naik 1 Hari Beruntun,TP: 1730 | CL: 1637,Normal,Sangat Menarik (> 1:3),Golden Cross (Awal Bullish),Sentimen Positif 📰,Normal / Sedang Transisi,Mendekati Fibo 78.6%,3,WAIT & SEE,TIDAK ADA,2026-08-20 16:40:00,Biasa / Mengikuti Pasar
16:40,MYTX,Token Mati (Perlu Update),Small Cap (Lapis 3),Fair Value (Wajar),3.5344827,-0.5943063,41.0,41,41,41,0.0,0,Normal,44,Negatif,Downtrend,Bearish,Bullish MACD,Konsolidasi / Transisi,Normal,Netral,Normal,Tidak Ada Transaksi,Squeeze,Rendah,Doji (Ragu-ragu),Dekat Support (Low Risk),< 1 Miliar,Di Atas VWAP (Kuat),Netral,Gorengan Sepi (< 5M),Normal (50-150%),Sideways,Solid (Jarang Dibanting),Normal,Sideways / Stagnan,TP: 42 | CL: 40,Normal,Di Area Support,Oversold (Jenuh Jual - Peluang),Netral / Sepi Berita,Normal / Sedang Transisi,Golden Rebound Fibo 78.6% 🎯,1,WAIT & SEE,TIDAK ADA,2026-08-20 16:40:00,Biasa / Mengikuti Pasar
16:40,NELY,Token Mati (Perlu Update),Small Cap (Lapis 3),Undervalued (Murah),7.3196983,0.54759073,204.0,201,194,212,0.9900990099009901,2807200,Tembus MA20,53,Positif,Uptrend,Golden Cross,Bullish MACD,Perfect Uptrend (5>20>50),Normal,Akumulasi (Naik),Normal,Seimbang / Adu Mekanik,Squeeze,Rendah,Doji (Ragu-ragu),Area Tengah,< 1 Miliar,Persis di VWAP,Akumulasi Pro (Smart Money),Gorengan Sepi (< 5M),Anomali Tinggi (150-300%),Mark-Up (Fase Pesta),Spesialis Tiang Jemuran (Banting Pucuk),Normal,Naik 1 Hari Beruntun,TP: 212 | CL: 198,Normal,Tidak Ideal (< 1:1),Netral / Sideways,Sentimen Positif 📰,Normal / Sedang Transisi,Mendekati Fibo 61.8% (Golden Ratio),8,BELI,TIDAK ADA,2026-08-20 16:40:00,Biasa / Mengikuti Pasar
16:40,NIKL,Token Mati (Perlu Update),Small Cap (Lapis 3),Overvalued (Mahal),15.43258,9000.0,198.0,193,177,208,2.5906735751295336,4976900,Normal,54,Positif,Uptrend,Bearish,Strong Bullish,Konsolidasi / Transisi,Normal,Akumulasi (Naik),Gap Up (+2.6%),Dominan Beli (Hajar Kanan),Normal,Sedang,Doji (Ragu-ragu),Rawan Pucuk (High Risk),< 1 Miliar,Di Atas VWAP (Kuat),Akumulasi Pro (Smart Money),Gorengan Sepi (< 5M),Normal (50-150%),Mark-Up (Fase Pesta),Spesialis Tiang Jemuran (Banting Pucuk),Jarum Bawah (Sinyal Pantulan Kuat),Naik 1 Hari Beruntun,TP: 210 | CL: 190,Normal,Tidak Ideal (< 1:1),Netral / Sideways,Sentimen Positif 📰,Normal / Sedang Transisi,Mengambang (Jauh dari Fibo),8,BELI,TIDAK ADA,2026-08-20 16:40:00,Biasa / Mengikuti Pasar
16:40,NIRO,Token Mati (Perlu Update),Mid Cap (Lapis 2),Fair Value (Wajar),0.0,2.1237342,160.0,154,130,192,0.0,69900,Normal,54,Negatif,Uptrend,Bullish,Bearish MACD,Perfect Uptrend (5>20>50),Normal,Akumulasi (Naik),Normal,Seimbang / Adu Mekanik,Normal,Tinggi,Doji (Ragu-ragu),Rawan Pucuk (High Risk),< 1 Miliar,Di Atas VWAP (Kuat),Akumulasi Pro (Smart Money),Gorengan Sepi (< 5M),Sepi (< 50%),Mark-Up (Fase Pesta),Spesialis Tiang Jemuran (Banting Pucuk),Normal,Sideways / Stagnan,TP: 179 | CL: 146,Normal,Menengah (1:1),Netral / Sideways,Netral / Sepi Berita,Normal / Sedang Transisi,Mengambang (Jauh dari Fibo),4,WAIT & SEE,TIDAK ADA,2026-08-20 16:40:00,Biasa / Mengikuti Pasar
16:40,NISP,Token Mati (Perlu Update),Big Cap (Lapis 1),Undervalued (Murah),5.5164833,0.656606,1255.0,1263,1225,1310,0.4,1532100,Normal,51,Positif,Downtrend,Bearish,Bearish MACD,Konsolidasi / Transisi,Normal,Akumulasi (Naik),Normal,Seimbang / Adu Mekanik,Squeeze,Rendah,Normal,Dekat Support (Low Risk),> 1 Miliar,Persis di VWAP,Akumulasi Pro (Smart Money),Gorengan Sepi (< 5M),Normal (50-150%),Distribution (Fase Jualan),Spesialis Tiang Jemuran (Banting Pucuk),Normal,Naik 1 Hari Beruntun,TP: 1288 | CL: 1232,Open = Low (Bullish Kuat),Ideal (1:2),Netral / Sideways,Sentimen Positif 📰,Normal / Sedang Transisi,Dekat Support Fibo 38.2%,4,WAIT & SEE,TIDAK ADA,2026-08-20 16:40:00,Biasa / Mengikuti Pasar
16:40,NOBU,Token Mati (Perlu Update),Mid Cap (Lapis 2),Undervalued (Murah),6.4290257,0.84832174,505.0,482,432,535,1.0,1013900,Normal,61,Positif,Uptrend,Bullish,Strong Bullish,Perfect Uptrend (5>20>50),Normal,Akumulasi (Naik),Normal,Seimbang / Adu Mekanik,Normal,Tinggi,Doji (Ragu-ragu),Rawan Pucuk (High Risk),< 1 Miliar,Persis di VWAP,Distribusi Pro (Guyuran),Gorengan Sepi (< 5M),Normal (50-150%),Mark-Up (Fase Pesta),Spesialis Tiang Jemuran (Banting Pucuk),Jarum Bawah (Sinyal Pantulan Kuat),Naik 2 Hari Beruntun,TP: 536 | CL: 484,Normal,Tidak Ideal (< 1:1),Netral / Sideways,Sentimen Positif 📰,Normal / Sedang Transisi,Mendekati Fibo 38.2%,7,BELI,TIDAK ADA,2026-08-20 16:40:00,Biasa / Mengikuti Pasar
16:40,NRCA,Token Mati (Perlu Update),Mid Cap (Lapis 2),Undervalued (Murah),7.142857,1.0097172,550.0,514,462,585,-1.7857142857142856,8662500,Tembus MA20,64,Negatif,Uptrend,Bullish,Strong Bullish,Perfect Uptrend (5>20>50),Normal,Akumulasi (Naik),Normal,Seimbang / Adu Mekanik,Normal,Tinggi,Normal,Rawan Pucuk (High Risk),> 1 Miliar,Persis di VWAP,Distribusi Pro (Guyuran),Ritel Aktif (5M - 50M),Normal (50-150%),Mark-Up (Fase Pesta),Normal,Normal,Turun 1 Hari Beruntun,TP: 596 | CL: 519,Normal,Tidak Ideal (< 1:1),Death Cross (Awal Bearish),Sentimen Positif 📰,Normal / Sedang Transisi,Mendekati Fibo 23.6%,7,BELI,TIDAK ADA,2026-08-20 16:40:00,Biasa / Mengikuti Pasar
16:40,OKAS,Token Mati (Perlu Update),Small Cap (Lapis 3),Overvalued (Mahal),0.0,18285.713,128.0,110,97,143,0.0,23029600,Tembus MA20,72,Negatif,Uptrend,Bullish,Strong Bullish,Perfect Uptrend (5>20>50),Normal,Akumulasi (Naik),Normal,Dominan Jual (Guyur),Normal,Tinggi,Normal,Rawan Pucuk (High Risk),> 1 Miliar,Persis di VWAP,Distribusi Pro (Guyuran),Gorengan Sepi (< 5M),Normal (50-150%),Mark-Up (Fase Pesta),Spesialis Tiang Jemuran (Banting Pucuk),Normal,Sideways / Stagnan,TP: 143 | CL: 118,Normal,Tidak Ideal (< 1:1),Netral / Sideways,Sentimen Positif 📰,Supply Banjir (Distribusi) 🌊,Dekat Support Fibo 23.6%,7,BELI,TIDAK ADA,2026-08-20 16:40:00,Biasa / Mengikuti Pasar
16:40,OMRE,Token Mati (Perlu Update),Mid Cap (Lapis 2),Fair Value (Wajar),0.0,0.8955528,975.0,1013,905,1250,-1.5151515151515151,5900,Normal,46,Negatif,Downtrend,Bearish,Strong Bearish,Strong Downtrend (5<20<50),Normal,Akumulasi (Naik),Gap Down (-4.0%),Seimbang / Adu Mekanik,Normal,Tinggi,Normal,Area Tengah,< 1 Miliar,Persis di VWAP,Akumulasi Pro (Smart Money),Gorengan Sepi (< 5M),Normal (50-150%),Mark-Down (Fase Runtuh),Spesialis Tiang Jemuran (Banting Pucuk),Normal,Turun 1 Hari Beruntun,TP: 1084 | CL: 901,Open = Low (Bullish Kuat),Sangat Menarik (> 1:3),Netral / Sideways,Netral / Sepi Berita,Normal / Sedang Transisi,Mengambang (Jauh dari Fibo),1,WAIT & SEE,TIDAK ADA,2026-08-20 16:40:00,Biasa / Mengikuti Pasar
16:40,PADI,Token Mati (Perlu Update),Small Cap (Lapis 3),Overvalued (Mahal),0.0,5.615724,71.0,71,61,84,1.4285714285714286,151484000,Normal,49,Positif,Downtrend,Bearish,Bullish MACD,Strong Downtrend (5<20<50),Normal,Akumulasi (Naik),Normal,Seimbang / Adu Mekanik,Normal,Tinggi,Normal,Rawan Pucuk (High Risk),> 1 Miliar,Di Atas VWAP (Kuat),Distribusi Pro (Guyuran),Ritel Aktif (5M - 50M),Normal (50-150%),Mark-Down (Fase Runtuh),Spesialis Tiang Jemuran (Banting Pucuk),Normal,Naik 1 Hari Beruntun,TP: 76 | CL: 67,Open = Low (Bullish Kuat),Menengah (1:1),Netral / Sideways,Netral / Sepi Berita,Normal / Sedang Transisi,Dekat Support Fibo 61.8% (Golden Ratio),3,WAIT & SEE,TIDAK ADA,2026-08-20 16:40:00,Biasa / Mengikuti Pasar
16:40,PALM,Token Mati (Perlu Update),Mid Cap (Lapis 2),Undervalued (Murah),8.229989,0.9173793,292.0,294,282,318,0.0,482000,Tembus MA20,46,Negatif,Downtrend,Bearish,Bullish MACD,Strong Downtrend (5<20<50),Normal,Distribusi (Turun),Normal,Seimbang / Adu Mekanik,Normal,Sedang,Doji (Ragu-ragu),Area Tengah,< 1 Miliar,Di Atas VWAP (Kuat),Akumulasi Pro (Smart Money),Gorengan Sepi (< 5M),Normal (50-150%),Mark-Down (Fase Runtuh),Normal,Jarum Bawah (Sinyal Pantulan Kuat),Sideways / Stagnan,TP: 301 | CL: 285,Normal,Ideal (1:2),Netral / Sideways,Sentimen Positif 📰,Normal / Sedang Transisi,Mendekati Fibo 61.8% (Golden Ratio),3,WAIT & SEE,TIDAK ADA,2026-08-20 16:40:00,Biasa / Mengikuti Pasar
16:40,PANR,Token Mati (Perlu Update),Small Cap (Lapis 3),Fair Value (Wajar),0.0,0.63401157,422.0,419,404,440,-0.4716981132075472,72700,Tembus MA20,51,Negatif,Uptrend,Bullish,Strong Bullish,Perfect Uptrend (5>20>50),Normal,Distribusi (Turun),Normal,Dominan Jual (Guyur),Normal,Sedang,Doji (Ragu-ragu),Area Tengah,< 1 Miliar,Persis di VWAP,Distribusi Pro (Guyuran),Gorengan Sepi (< 5M),Normal (50-150%),Mark-Up (Fase Pesta),Normal,Normal,Turun 1 Hari Beruntun,TP: 436 | CL: 412,Normal,Menengah (1:1),Netral / Sideways,Sentimen Positif 📰,Normal / Sedang Transisi,Mendekati Fibo 78.6%,6,WAIT & SEE,TIDAK ADA,2026-08-20 16:40:00,Biasa / Mengikuti Pasar
16:40,PANS,Token Mati (Perlu Update),Mid Cap (Lapis 2),Undervalued (Murah),6.435193,0.7820413,1555.0,1551,1515,1595,-0.3205128205128205,47800,Normal,52,Negatif,Uptrend,Bearish,Bearish MACD,Konsolidasi / Transisi,Normal,Distribusi (Turun),Normal,Dominan Beli (Hajar Kanan),Squeeze,Rendah,Normal,Dekat Support (Low Risk),< 1 Miliar,Persis di VWAP,Akumulasi Pro (Smart Money),Gorengan Sepi (< 5M),Sepi (< 50%),Mark-Up (Fase Pesta),Normal,Jarum Bawah (Sinyal Pantulan Kuat),Turun 2 Hari Beruntun,TP: 1593 | CL: 1529,Normal,Menengah (1:1),Death Cross (Awal Bearish),Sentimen Positif 📰,Normal / Sedang Transisi,Mendekati Fibo 38.2%,4,WAIT & SEE,TIDAK ADA,2026-08-20 16:40:00,Biasa / Mengikuti Pasar
16:40,PBRX,Token Mati (Perlu Update),Small Cap (Lapis 3),Overvalued (Mahal),0.0,8666.667,26.0,26,26,28,0.0,4525900,Normal,46,Negatif,Downtrend,Bearish,Strong Bearish,Strong Downtrend (5<20<50),Normal,Distribusi (Turun),Normal,Tidak Ada Transaksi,Normal,Sedang,Doji (Ragu-ragu),Dekat Support (Low Risk),< 1 Miliar,Di Bawah VWAP (Lemah),Distribusi Pro (Guyuran),Gorengan Sepi (< 5M),Normal (50-150%),Mark-Down (Fase Runtuh),Spesialis Tiang Jemuran (Banting Pucuk),Normal,Sideways / Stagnan,TP: 27 | CL: 25,Normal,Di Area Support,Oversold (Jenuh Jual - Peluang),Netral / Sepi Berita,Normal / Sedang Transisi,Mendekati Fibo 61.8% (Golden Ratio),0,WAIT & SEE,TIDAK ADA,2026-08-20 16:40:00,Biasa / Mengikuti Pasar
16:40,PDES,Token Mati (Perlu Update),Small Cap (Lapis 3),Fair Value (Wajar),0.0,2.4685493,374.0,397,356,590,1.0810810810810811,150500,Normal,41,Positif,Downtrend,Bearish,Strong Bearish,Strong Downtrend (5<20<50),Normal,Distribusi (Turun),Normal,Dominan Beli (Hajar Kanan),Normal,Tinggi,Normal,Area Tengah,< 1 Miliar,Di Bawah VWAP (Lemah),Akumulasi Pro (Smart Money),Gorengan Sepi (< 5M),Sepi (< 50%),Mark-Down (Fase Runtuh),Normal,Jarum Bawah (Sinyal Pantulan Kuat),Naik 1 Hari Beruntun,TP: 434 | CL: 333,Normal,Sangat Menarik (> 1:3),Oversold (Jenuh Jual - Peluang),Sentimen Positif 📰,Normal / Sedang Transisi,Mendekati Fibo Bottom / 100%,3,WAIT & SEE,TIDAK ADA,2026-08-20 16:40:00,Biasa / Mengikuti Pasar
16:40,PEGE,Token Mati (Perlu Update),Small Cap (Lapis 3),Fair Value (Wajar),0.0,2.4267313,117.0,99,87,121,5.405405405405405,45868900,Tembus MA20,68,Positif,Uptrend,Bullish,Strong Bullish,Awal Reversal (5>20),Normal,Akumulasi (Naik),Gap Up (+2.7%),Seimbang / Adu Mekanik,Breakout Upper,Tinggi,Normal,Rawan Pucuk (High Risk),> 1 Miliar,Di Atas VWAP (Kuat),Distribusi Pro (Guyuran),Ritel Aktif (5M - 50M),Normal (50-150%),Accumulation (Kumpul Barang),Normal,Normal,Naik 2 Hari Beruntun,TP: 127 | CL: 110,Normal,Tidak Ideal (< 1:1),Overbought (Jenuh Beli - Rawan),Netral / Sepi Berita,Normal / Sedang Transisi,Dekat Support Fibo 61.8% (Golden Ratio),8,BELI,TIDAK ADA,2026-08-20 16:40:00,Biasa / Mengikuti Pasar
16:40,PGAS,Token Mati (Perlu Update),Big Cap (Lapis 1),Overvalued (Mahal),8.551083,13034.188,1530.0,1506,1470,1580,1.6611295681063125,25204800,Tembus MA20,57,Positif,Uptrend,Bearish,Strong Bullish,Konsolidasi / Transisi,Normal,Akumulasi (Naik),Normal,Seimbang / Adu Mekanik,Squeeze,Rendah,Normal,Area Tengah,> 1 Miliar,Di Atas VWAP (Kuat),Akumulasi Pro (Smart Money),Ritel Aktif (5M - 50M),Normal (50-150%),Mark-Up (Fase Pesta),Spesialis Tiang Jemuran (Banting Pucuk),Normal,Naik 1 Hari Beruntun,TP: 1571 | CL: 1502,Open = Low (Bullish Kuat),Tidak Ideal (< 1:1),Netral / Sideways,Sentimen Positif 📰,Normal / Sedang Transisi,Dekat Support Fibo 61.8% (Golden Ratio),7,BELI,TIDAK ADA,2026-08-20 16:40:00,Biasa / Mengikuti Pasar
16:40,PGLI,Token Mati (Perlu Update),Small Cap (Lapis 3),Overvalued (Mahal),0.0,7.805531,210.0,204,182,246,0.0,46800,Normal,57,Negatif,Uptrend,Bullish,Strong Bullish,Perfect Uptrend (5>20>50),Normal,Akumulasi (Naik),Gap Up (+2.9%),Seimbang / Adu Mekanik,Normal,Tinggi,Normal,Rawan Pucuk (High Risk),< 1 Miliar,Di Bawah VWAP (Lemah),Distribusi Pro (Guyuran),Gorengan Sepi (< 5M),Sepi (< 50%),Mark-Up (Fase Pesta),Spesialis Tiang Jemuran (Banting Pucuk),Normal,Sideways / Stagnan,TP: 236 | CL: 192,Open = High (Tekanan Jual),Menengah (1:1),Netral / Sideways,Netral / Sepi Berita,Normal / Sedang Transisi,Mendekati Fibo 50.0%,6,WAIT & SEE,TIDAK ADA,2026-08-20 16:40:00,Biasa / Mengikuti Pasar
16:40,PICO,Token Mati (Perlu Update),Small Cap (Lapis 3),Fair Value (Wajar),0.0,0.36085162,135.0,131,123,143,0.0,1933900,Tembus MA20,59,Negatif,Uptrend,Bullish,Strong Bullish,Perfect Uptrend (5>20>50),Akumulasi Kuat,Akumulasi (Naik),Normal,Seimbang / Adu Mekanik,Squeeze,Rendah,Normal,Area Tengah,< 1 Miliar,Persis di VWAP,Distribusi Pro (Guyuran),Gorengan Sepi (< 5M),Anomali Tinggi (150-300%),Mark-Up (Fase Pesta),Spesialis Tiang Jemuran (Banting Pucuk),Normal,Sideways / Stagnan,TP: 142 | CL: 130,Open = Low (Bullish Kuat),Tidak Ideal (< 1:1),Netral / Sideways,Netral / Sepi Berita,Normal / Sedang Transisi,Dekat Support Fibo 50.0%,7,BELI,TIDAK ADA,2026-08-20 16:40:00,Biasa / Mengikuti Pasar
16:40,PJAA,Token Mati (Perlu Update),Small Cap (Lapis 3),Undervalued (Murah),4.60092,0.4088765,460.0,456,444,470,0.43668122270742354,31900,Normal,54,Positif,Uptrend,Bullish,Strong Bullish,Perfect Uptrend (5>20>50),Normal,Akumulasi (Naik),Normal,Dominan Beli (Hajar Kanan),Squeeze,Rendah,Doji (Ragu-ragu),Area Tengah,< 1 Miliar,Persis di VWAP,Akumulasi Pro (Smart Money),Gorengan Sepi (< 5M),Sepi (< 50%),Mark-Up (Fase Pesta),Normal,Jarum Bawah (Sinyal Pantulan Kuat),Naik 1 Hari Beruntun,TP: 471 | CL: 452,Normal,Tidak Ideal (< 1:1),Netral / Sideways,Sentimen Positif 📰,Supply Kering (Siap Pump) 🏜️,Golden Rebound Fibo 50.0% 🎯,8,BELI,TIDAK ADA,2026-08-20 16:40:00,Biasa / Mengikuti Pasar
16:40,PKPK,Token Mati (Perlu Update),Mid Cap (Lapis 2),Overvalued (Mahal),45.74428,13.482004,3650.0,3824,3450,4070,-0.544959128065395,508400,Normal,49,Negatif,Downtrend,Bearish,Bearish MACD,Konsolidasi / Transisi,Normal,Distribusi (Turun),Normal,Seimbang / Adu Mekanik,Bottom Rebound,Sedang,Normal,Area Tengah,> 1 Miliar,Persis di VWAP,Akumulasi Pro (Smart Money),Gorengan Sepi (< 5M),Normal (50-150%),Distribution (Fase Jualan),Normal,Normal,Turun 1 Hari Beruntun,TP: 3830 | CL: 3530,Open = High (Tekanan Jual),Ideal (1:2),Oversold (Jenuh Jual - Peluang),Sentimen Positif 📰,Normal / Sedang Transisi,Mengambang (Jauh dari Fibo),1,WAIT & SEE,TIDAK ADA,2026-08-20 16:40:00,Biasa / Mengikuti Pasar
16:40,PLIN,Token Mati (Perlu Update),Mid Cap (Lapis 2),Undervalued (Murah),8.896923,0.78069234,2510.0,2510,2510,2510,0.0,0,Normal,100,Negatif,Downtrend,Bearish,Bearish MACD,Konsolidasi / Transisi,Normal,Netral,Normal,Tidak Ada Transaksi,Squeeze,Rendah,Doji (Ragu-ragu),Dekat Support (Low Risk),< 1 Miliar,Di Atas VWAP (Kuat),Netral,Gorengan Sepi (< 5M),Normal (50-150%),Sideways,Solid (Jarang Dibanting),Normal,Sideways / Stagnan,TP: 2511 | CL: 2509,Normal,Di Area Support,Oversold (Jenuh Jual - Peluang),Netral / Sepi Berita,Normal / Sedang Transisi,Golden Rebound Fibo 23.6% 🎯,1,WAIT & SEE,TIDAK ADA,2026-08-20 16:40:00,Biasa / Mengikuti Pasar
16:40,PNBN,Token Mati (Perlu Update),Big Cap (Lapis 1),Undervalued (Murah),7.967952,0.40849066,905.0,899,870,925,0.5555555555555556,797300,Normal,53,Positif,Uptrend,Bullish,Bearish MACD,Perfect Uptrend (5>20>50),Normal,Distribusi (Turun),Normal,Seimbang / Adu Mekanik,Squeeze,Rendah,Doji (Ragu-ragu),Area Tengah,< 1 Miliar,Persis di VWAP,Akumulasi Pro (Smart Money),Gorengan Sepi (< 5M),Normal (50-150%),Mark-Up (Fase Pesta),Normal,Jarum Bawah (Sinyal Pantulan Kuat),Naik 1 Hari Beruntun,TP: 926 | CL: 890,Normal,Tidak Ideal (< 1:1),Netral / Sideways,Sentimen Positif 📰,Normal / Sedang Transisi,Golden Rebound Fibo 23.6% 🎯,5,WAIT & SEE,TIDAK ADA,2026-08-20 16:40:00,Biasa / Mengikuti Pasar
16:40,PNBS,Token Mati (Perlu Update),Mid Cap (Lapis 2),Overvalued (Mahal),25.906736,0.6449366,50.0,50,50,51,0.0,6923600,Tembus MA20,47,Negatif,Downtrend,Death Cross,Strong Bearish,Konsolidasi / Transisi,Normal,Distribusi (Turun),Normal,Dominan Jual (Guyur),Squeeze,Rendah,Doji (Ragu-ragu),Dekat Support (Low Risk),< 1 Miliar,Persis di VWAP,Distribusi Pro (Guyuran),Gorengan Sepi (< 5M),Normal (50-150%),Distribution (Fase Jualan),Spesialis Tiang Jemuran (Banting Pucuk),Normal,Sideways / Stagnan,TP: 50 | CL: 49,Normal,Di Area Support,Oversold (Jenuh Jual - Peluang),Sentimen Positif 📰,Normal / Sedang Transisi,Golden Rebound Fibo Bottom / 100% 🎯,2,WAIT & SEE,TIDAK ADA,2026-08-20 16:40:00,Biasa / Mengikuti Pasar
16:40,PNIN,Token Mati (Perlu Update),Mid Cap (Lapis 2),Undervalued (Murah),2.7012732,0.13116832,715.0,715,695,740,0.0,446700,Tembus MA20,48,Negatif,Downtrend,Death Cross,Bullish MACD,Strong Downtrend (5<20<50),Normal,Distribusi (Turun),Normal,Seimbang / Adu Mekanik,Squeeze,Rendah,Doji (Ragu-ragu),Dekat Support (Low Risk),< 1 Miliar,Persis di VWAP,Akumulasi Pro (Smart Money),Gorengan Sepi (< 5M),Anomali Tinggi (150-300%),Mark-Down (Fase Runtuh),Solid (Jarang Dibanting),Jarum Bawah (Sinyal Pantulan Kuat),Sideways / Stagnan,TP: 739 | CL: 698,Normal,Menengah (1:1),Netral / Sideways,Netral / Sepi Berita,Normal / Sedang Transisi,Golden Rebound Fibo 50.0% 🎯,2,WAIT & SEE,TIDAK ADA,2026-08-20 16:40:00,Biasa / Mengikuti Pasar
16:40,PNLF,Token Mati (Perlu Update),Mid Cap (Lapis 2),Undervalued (Murah),3.599516,0.24148095,238.0,229,220,244,0.0,14258400,Normal,66,Negatif,Uptrend,Bullish,Strong Bullish,Perfect Uptrend (5>20>50),Normal,Akumulasi (Naik),Normal,Seimbang / Adu Mekanik,Normal,Sedang,Normal,Area Tengah,> 1 Miliar,Persis di VWAP,Distribusi Pro (Guyuran),Ritel Aktif (5M - 50M),Sepi (< 50%),Mark-Up (Fase Pesta),Spesialis Tiang Jemuran (Banting Pucuk),Normal,Sideways / Stagnan,TP: 246 | CL: 232,Normal,Tidak Ideal (< 1:1),Netral / Sideways,Sentimen Positif 📰,Normal / Sedang Transisi,Mendekati Fibo 38.2%,6,WAIT & SEE,TIDAK ADA,2026-08-20 16:40:00,Biasa / Mengikuti Pasar
16:40,PSAB,Token Mati (Perlu Update),Big Cap (Lapis 1),Overvalued (Mahal),3.206909,27608.695,635.0,470,412,650,19.81132075471698,424903600,Tembus MA20,85,Positif,Uptrend,Bullish,Strong Bullish,Perfect Uptrend (5>20>50),Akumulasi Kuat,Akumulasi (Naik),Gap Up (+4.7%),Dominan Beli (Hajar Kanan),Breakout Upper,Tinggi,Marubozu (Strong Bullish),Rawan Pucuk (High Risk),> 1 Miliar,Di Atas VWAP (Kuat),Akumulasi Pro (Smart Money),Sultan (> 50M/hari),Anomali Tinggi (150-300%),Mark-Up (Fase Pesta),Normal,Normal,Naik 1 Hari Beruntun,TP: 683 | CL: 602,Open = Low (Bullish Kuat),Tidak Ideal (< 1:1),Overbought (Jenuh Beli - Rawan),Sentimen Positif 📰,Normal / Sedang Transisi,Mengambang (Jauh dari Fibo),11,BELI,TIDAK ADA,2026-08-20 16:40:00,⚠️ Anomali (Sudah Terbang)
16:40,PSDN,Token Mati (Perlu Update),Small Cap (Lapis 3),Overvalued (Mahal),22.970638,4.0842648,131.0,129,109,160,-0.7575757575757576,1266200,Normal,54,Negatif,Uptrend,Bullish,Bearish MACD,Perfect Uptrend (5>20>50),Normal,Distribusi (Turun),Normal,Dominan Jual (Guyur),Normal,Tinggi,Normal,Rawan Pucuk (High Risk),< 1 Miliar,Di Bawah VWAP (Lemah),Distribusi Pro (Guyuran),Gorengan Sepi (< 5M),Sepi (< 50%),Mark-Up (Fase Pesta),Spesialis Tiang Jemuran (Banting Pucuk),Normal,Turun 3 Hari Beruntun,TP: 146 | CL: 120,Normal,Menengah (1:1),Netral / Sideways,Netral / Sepi Berita,Normal / Sedang Transisi,Mendekati Fibo 50.0%,3,WAIT & SEE,TIDAK ADA,2026-08-20 16:40:00,Biasa / Mengikuti Pasar
16:40,PSKT,Token Mati (Perlu Update),Mid Cap (Lapis 2),Overvalued (Mahal),0.0,6.9761376,214.0,220,200,238,-0.9259259259259258,5732100,Normal,49,Negatif,Downtrend,Bearish,Bearish MACD,Konsolidasi / Transisi,Normal,Distribusi (Turun),Normal,Seimbang / Adu Mekanik,Normal,Sedang,Normal,Area Tengah,> 1 Miliar,Di Bawah VWAP (Lemah),Akumulasi Pro (Smart Money),Gorengan Sepi (< 5M),Normal (50-150%),Distribution (Fase Jualan),Normal,Normal,Turun 2 Hari Beruntun,TP: 228 | CL: 204,Normal,Ideal (1:2),Netral / Sideways,Sentimen Negatif ⚠️,Normal / Sedang Transisi,Mengambang (Jauh dari Fibo),0,WAIT & SEE,TIDAK ADA,2026-08-20 16:40:00,Biasa / Mengikuti Pasar
16:40,PTBA,Token Mati (Perlu Update),Big Cap (Lapis 1),Undervalued (Murah),8.273294,1.1742768,2390.0,2360,2310,2460,0.8438818565400843,7055100,Normal,53,Positif,Uptrend,Golden Cross,Bullish MACD,Awal Reversal (5>20),Normal,Akumulasi (Naik),Normal,Dominan Beli (Hajar Kanan),Squeeze,Rendah,Normal,Area Tengah,> 1 Miliar,Di Atas VWAP (Kuat),Akumulasi Pro (Smart Money),Ritel Aktif (5M - 50M),Normal (50-150%),Accumulation (Kumpul Barang),Normal,Normal,Naik 1 Hari Beruntun,TP: 2443 | CL: 2354,Normal,Tidak Ideal (< 1:1),Netral / Sideways,Sentimen Positif 📰,Normal / Sedang Transisi,Dekat Support Fibo 78.6%,8,BELI,TIDAK ADA,2026-08-20 16:40:00,Biasa / Mengikuti Pasar
16:40,PTIS,Token Mati (Perlu Update),Small Cap (Lapis 3),Overvalued (Mahal),0.0,6972.9727,258.0,265,248,314,2.380952380952381,549400,Tembus MA20,42,Positif,Downtrend,Bearish,Strong Bearish,Strong Downtrend (5<20<50),Normal,Akumulasi (Naik),Gap Up (+2.4%),Dominan Jual (Guyur),Normal,Sedang,Doji (Ragu-ragu),Area Tengah,< 1 Miliar,Di Bawah VWAP (Lemah),Distribusi Pro (Guyuran),Gorengan Sepi (< 5M),Ledakan Ekstrem (> 300%),Mark-Down (Fase Runtuh),Spesialis Tiang Jemuran (Banting Pucuk),Normal,Naik 1 Hari Beruntun,TP: 280 | CL: 242,Normal,Sangat Menarik (> 1:3),Golden Cross (Awal Bullish),Netral / Sepi Berita,Normal / Sedang Transisi,Mengambang (Jauh dari Fibo),4,WAIT & SEE,TIDAK ADA,2026-08-20 16:40:00,Biasa / Mengikuti Pasar
16:40,PTPP,Token Mati (Perlu Update),Mid Cap (Lapis 2),Fair Value (Wajar),0.0,0.3787113,210.0,203,195,228,-0.9433962264150944,10053900,Tembus MA20,57,Negatif,Uptrend,Bullish,Strong Bullish,Perfect Uptrend (5>20>50),Normal,Distribusi (Turun),Normal,Seimbang / Adu Mekanik,Normal,Sedang,Normal,Area Tengah,> 1 Miliar,Di Atas VWAP (Kuat),Akumulasi Pro (Smart Money),Gorengan Sepi (< 5M),Normal (50-150%),Mark-Up (Fase Pesta),Spesialis Tiang Jemuran (Banting Pucuk),Normal,Turun 1 Hari Beruntun,TP: 221 | CL: 202,Normal,Menengah (1:1),Netral / Sideways,Sentimen Positif 📰,Normal / Sedang Transisi,Mendekati Fibo 50.0%,6,WAIT & SEE,TIDAK ADA,2026-08-20 16:40:00,Biasa / Mengikuti Pasar
16:40,PTRO,Token Mati (Perlu Update),Big Cap (Lapis 1),Overvalued (Mahal),101.00039,201923.08,5250.0,4940,4420,5600,0.0,14556400,Normal,63,Negatif,Uptrend,Bullish,Strong Bullish,Perfect Uptrend (5>20>50),Normal,Distribusi (Turun),Normal,Dominan Jual (Guyur),Normal,Tinggi,Normal,Rawan Pucuk (High Risk),> 1 Miliar,Persis di VWAP,Distribusi Pro (Guyuran),Sultan (> 50M/hari),Sepi (< 50%),Mark-Up (Fase Pesta),Spesialis Tiang Jemuran (Banting Pucuk),Normal,Sideways / Stagnan,TP: 5631 | CL: 4995,Normal,Tidak Ideal (< 1:1),Death Cross (Awal Bearish),Sentimen Positif 📰,Normal / Sedang Transisi,Mendekati Fibo 23.6%,5,WAIT & SEE,TIDAK ADA,2026-08-20 16:40:00,Biasa / Mengikuti Pasar
16:40,PTSN,Token Mati (Perlu Update),Mid Cap (Lapis 2),Overvalued (Mahal),7.2590737,12083.333,290.0,276,248,340,1.3986013986013985,735100,Normal,65,Positif,Uptrend,Bullish,Bearish MACD,Perfect Uptrend (5>20>50),Normal,Akumulasi (Naik),Gap Up (+2.1%),Dominan Beli (Hajar Kanan),Normal,Tinggi,Hammer (Potensi Reversal),Rawan Pucuk (High Risk),< 1 Miliar,Di Atas VWAP (Kuat),Akumulasi Pro (Smart Money),Gorengan Sepi (< 5M),Normal (50-150%),Mark-Up (Fase Pesta),Spesialis Tiang Jemuran (Banting Pucuk),Jarum Bawah (Sinyal Pantulan Kuat),Naik 2 Hari Beruntun,TP: 315 | CL: 273,Open = High (Tekanan Jual),Menengah (1:1),Netral / Sideways,Sentimen Positif 📰,Normal / Sedang Transisi,Golden Rebound Fibo 38.2% 🎯,8,BELI,TIDAK ADA,2026-08-20 16:40:00,Biasa / Mengikuti Pasar
16:40,PTSP,Token Mati (Perlu Update),Small Cap (Lapis 3),Undervalued (Murah),7.2705603,1.0593503,915.0,918,850,1180,0.5494505494505495,2600,Normal,50,Positif,Downtrend,Bullish,Bearish MACD,Perfect Uptrend (5>20>50),Normal,Distribusi (Turun),Normal,Dominan Jual (Guyur),Normal,Sedang,Normal,Area Tengah,< 1 Miliar,Di Bawah VWAP (Lemah),Distribusi Pro (Guyuran),Gorengan Sepi (< 5M),Sepi (< 50%),Distribution (Fase Jualan),Spesialis Tiang Jemuran (Banting Pucuk),Normal,Naik 1 Hari Beruntun,TP: 1029 | CL: 838,Open = Low (Bullish Kuat),Sangat Menarik (> 1:3),Oversold (Jenuh Jual - Peluang),Sentimen Positif 📰,Normal / Sedang Transisi,Golden Rebound Fibo 78.6% 🎯,3,WAIT & SEE,TIDAK ADA,2026-08-20 16:40:00,Biasa / Mengikuti Pasar
16:40,PUDP,Token Mati (Perlu Update),Small Cap (Lapis 3),Fair Value (Wajar),0.0,0.36754957,280.0,301,278,328,-0.7092198581560284,200500,Tembus MA20,34,Negatif,Downtrend,Bearish,Strong Bearish,Konsolidasi / Transisi,Normal,Distribusi (Turun),Gap Up (+2.1%),Dominan Jual (Guyur),Normal,Sedang,Normal,Dekat Support (Low Risk),< 1 Miliar,Di Bawah VWAP (Lemah),Distribusi Pro (Guyuran),Gorengan Sepi (< 5M),Normal (50-150%),Distribution (Fase Jualan),Spesialis Tiang Jemuran (Banting Pucuk),Normal,Turun 2 Hari Beruntun,TP: 303 | CL: 264,Normal,Sangat Menarik (> 1:3),Oversold (Jenuh Jual - Peluang),Sentimen Positif 📰,Supply Banjir (Distribusi) 🌊,Mengambang (Jauh dari Fibo),3,WAIT & SEE,TIDAK ADA,2026-08-20 16:40:00,Biasa / Mengikuti Pasar
16:40,PWON,Token Mati (Perlu Update),Big Cap (Lapis 1),Undervalued (Murah),5.7800956,0.56078273,268.0,261,252,280,0.7518796992481203,79335500,Tembus MA20,58,Positif,Uptrend,Bearish,Strong Bullish,Konsolidasi / Transisi,Normal,Akumulasi (Naik),Normal,Dominan Beli (Hajar Kanan),Normal,Sedang,Doji (Ragu-ragu),Area Tengah,> 1 Miliar,Di Atas VWAP (Kuat),Distribusi Pro (Guyuran),Ritel Aktif (5M - 50M),Normal (50-150%),Mark-Up (Fase Pesta),Spesialis Tiang Jemuran (Banting Pucuk),Jarum Bawah (Sinyal Pantulan Kuat),Naik 3 Hari Beruntun,TP: 280 | CL: 259,Normal,Tidak Ideal (< 1:1),Netral / Sideways,Sentimen Positif 📰,Normal / Sedang Transisi,Golden Rebound Fibo 38.2% 🎯,8,BELI,TIDAK ADA,2026-08-20 16:40:00,Biasa / Mengikuti Pasar
16:40,PYFA,Token Mati (Perlu Update),Mid Cap (Lapis 2),Overvalued (Mahal),0.0,3.8102746,230.0,211,197,254,7.476635514018691,115433100,Tembus MA20,62,Positif,Uptrend,Bullish,Strong Bullish,Perfect Uptrend (5>20>50),Akumulasi Kuat,Akumulasi (Naik),Normal,Seimbang / Adu Mekanik,Breakout Upper,Sedang,Normal,Rawan Pucuk (High Risk),> 1 Miliar,Persis di VWAP,Distribusi Pro (Guyuran),Ritel Aktif (5M - 50M),Ledakan Ekstrem (> 300%),Mark-Up (Fase Pesta),Spesialis Tiang Jemuran (Banting Pucuk),Normal,Naik 1 Hari Beruntun,TP: 247 | CL: 218,Open = Low (Bullish Kuat),Tidak Ideal (< 1:1),Netral / Sideways,Netral / Sepi Berita,Normal / Sedang Transisi,Mendekati Fibo 50.0%,8,BELI,TIDAK ADA,2026-08-20 16:40:00,Biasa / Mengikuti Pasar
16:40,RAJA,Token Mati (Perlu Update),Big Cap (Lapis 1),Overvalued (Mahal),25.244799,82500.0,825.0,871,800,975,2.484472049689441,46619300,Normal,45,Positif,Downtrend,Bearish,Strong Bearish,Konsolidasi / Transisi,Normal,Distribusi (Turun),Normal,Seimbang / Adu Mekanik,Bottom Rebound,Sedang,Normal,Area Tengah,> 1 Miliar,Di Bawah VWAP (Lemah),Distribusi Pro (Guyuran),Sultan (> 50M/hari),Normal (50-150%),Distribution (Fase Jualan),Normal,Normal,Naik 1 Hari Beruntun,TP: 874 | CL: 791,Normal,Sangat Menarik (> 1:3),Golden Cross (Awal Bullish),Netral / Sepi Berita,Normal / Sedang Transisi,Mendekati Fibo 38.2%,1,WAIT & SEE,TIDAK ADA,2026-08-20 16:40:00,Biasa / Mengikuti Pasar
16:40,RALS,Token Mati (Perlu Update),Mid Cap (Lapis 2),Undervalued (Murah),9.593169,0.67584664,382.0,380,368,386,0.5263157894736842,2084600,Normal,53,Positif,Uptrend,Golden Cross,Bearish MACD,Perfect Uptrend (5>20>50),Normal,Akumulasi (Naik),Normal,Seimbang / Adu Mekanik,Squeeze,Rendah,Normal,Area Tengah,< 1 Miliar,Persis di VWAP,Akumulasi Pro (Smart Money),Gorengan Sepi (< 5M),Normal (50-150%),Mark-Up (Fase Pesta),Solid (Jarang Dibanting),Normal,Naik 1 Hari Beruntun,TP: 389 | CL: 377,Open = Low (Bullish Kuat),Tidak Ideal (< 1:1),Netral / Sideways,Sentimen Positif 📰,Normal / Sedang Transisi,Dekat Support Fibo 50.0%,6,WAIT & SEE,TIDAK ADA,2026-08-20 16:40:00,Biasa / Mengikuti Pasar
16:40,RANC,Token Mati (Perlu Update),Small Cap (Lapis 3),Overvalued (Mahal),0.0,3.0651076,530.0,518,500,540,0.9523809523809524,24700,Normal,55,Positif,Uptrend,Bullish,Strong Bullish,Awal Reversal (5>20),Normal,Akumulasi (Naik),Normal,Dominan Beli (Hajar Kanan),Squeeze,Rendah,Doji (Ragu-ragu),Area Tengah,< 1 Miliar,Di Atas VWAP (Kuat),Akumulasi Pro (Smart Money),Gorengan Sepi (< 5M),Sepi (< 50%),Accumulation (Kumpul Barang),Normal,Jarum Bawah (Sinyal Pantulan Kuat),Naik 2 Hari Beruntun,TP: 551 | CL: 515,Normal,Tidak Ideal (< 1:1),Netral / Sideways,Netral / Sepi Berita,Normal / Sedang Transisi,Golden Rebound Fibo 61.8% (Golden Ratio) 🎯,7,BELI,TIDAK ADA,2026-08-20 16:40:00,Biasa / Mengikuti Pasar
16:40,RBMS,Token Mati (Perlu Update),Small Cap (Lapis 3),Fair Value (Wajar),0.0,0.34145534,63.0,64,61,72,-1.5625,9001700,Normal,48,Negatif,Downtrend,Bearish,Bearish MACD,Konsolidasi / Transisi,Normal,Akumulasi (Naik),Normal,Dominan Jual (Guyur),Normal,Sedang,Normal,Area Tengah,< 1 Miliar,Di Bawah VWAP (Lemah),Distribusi Pro (Guyuran),Gorengan Sepi (< 5M),Sepi (< 50%),Distribution (Fase Jualan),Normal,Normal,Turun 2 Hari Beruntun,TP: 67 | CL: 59,Normal,Sangat Menarik (> 1:3),Netral / Sideways,Netral / Sepi Berita,Normal / Sedang Transisi,Mengambang (Jauh dari Fibo),1,WAIT & SEE,TIDAK ADA,2026-08-20 16:40:00,Biasa / Mengikuti Pasar
16:40,RDTX,Token Mati (Perlu Update),Mid Cap (Lapis 2),Undervalued (Murah),8.628114,1.0938396,13425.0,13611,13100,14000,0.0,0,Normal,41,Negatif,Downtrend,Bearish,Bullish MACD,Strong Downtrend (5<20<50),Normal,Distribusi (Turun),Normal,Tidak Ada Transaksi,Squeeze,Rendah,Doji (Ragu-ragu),Dekat Support (Low Risk),< 1 Miliar,Di Atas VWAP (Kuat),Akumulasi Pro (Smart Money),Gorengan Sepi (< 5M),Sepi (< 50%),Mark-Down (Fase Runtuh),Solid (Jarang Dibanting),Normal,Sideways / Stagnan,TP: 13636 | CL: 13283,Normal,Ideal (1:2),Golden Cross (Awal Bullish),Netral / Sepi Berita,Supply Kering (Siap Pump) 🏜️,Golden Rebound Fibo Bottom / 100% 🎯,1,WAIT & SEE,TIDAK ADA,2026-08-20 16:40:00,Biasa / Mengikuti Pasar
16:40,RELI,Token Mati (Perlu Update),Small Cap (Lapis 3),Overvalued (Mahal),45.50919,1.7983841,530.0,491,460,605,0.9523809523809524,21300,Normal,70,Positif,Uptrend,Bullish,Strong Bullish,Perfect Uptrend (5>20>50),Normal,Akumulasi (Naik),Gap Up (+4.8%),Seimbang / Adu Mekanik,Breakout Upper,Sedang,Normal,Rawan Pucuk (High Risk),< 1 Miliar,Persis di VWAP,Distribusi Pro (Guyuran),Gorengan Sepi (< 5M),Sepi (< 50%),Mark-Up (Fase Pesta),Spesialis Tiang Jemuran (Banting Pucuk),Normal,Naik 1 Hari Beruntun,TP: 596 | CL: 485,Open = High (Tekanan Jual),Menengah (1:1),Golden Cross (Awal Bullish),Sentimen Positif 📰,Supply Banjir (Distribusi) 🌊,Dekat Support Fibo 50.0%,8,BELI,TIDAK ADA,2026-08-20 16:40:00,Biasa / Mengikuti Pasar
16:40,RICY,Token Mati (Perlu Update),Small Cap (Lapis 3),Fair Value (Wajar),0.0,0.23729102,80.0,79,74,93,0.0,1643900,Normal,54,Negatif,Uptrend,Bullish,Strong Bullish,Perfect Uptrend (5>20>50),Normal,Akumulasi (Naik),Normal,Seimbang / Adu Mekanik,Squeeze,Rendah,Doji (Ragu-ragu),Area Tengah,< 1 Miliar,Persis di VWAP,Distribusi Pro (Guyuran),Gorengan Sepi (< 5M),Normal (50-150%),Mark-Up (Fase Pesta),Spesialis Tiang Jemuran (Banting Pucuk),Normal,Sideways / Stagnan,TP: 85 | CL: 76,Normal,Ideal (1:2),Netral / Sideways,Sentimen Negatif ⚠️,Supply Kering (Siap Pump) 🏜️,Mendekati Fibo 61.8% (Golden Ratio),5,WAIT & SEE,TIDAK ADA,2026-08-20 16:40:00,Biasa / Mengikuti Pasar
16:40,RIGS,Token Mati (Perlu Update),Small Cap (Lapis 3),Overvalued (Mahal),4.8290443,9383.562,685.0,681,660,700,0.7352941176470588,145500,Tembus MA20,52,Positif,Uptrend,Bullish,Strong Bullish,Awal Reversal (5>20),Distribusi Kuat,Akumulasi (Naik),Normal,Dominan Beli (Hajar Kanan),Squeeze,Rendah,Hammer (Potensi Reversal),Area Tengah,< 1 Miliar,Persis di VWAP,Akumulasi Pro (Smart Money),Gorengan Sepi (< 5M),Anomali Tinggi (150-300%),Accumulation (Kumpul Barang),Spesialis Tiang Jemuran (Banting Pucuk),Jarum Bawah (Sinyal Pantulan Kuat),Naik 1 Hari Beruntun,TP: 706 | CL: 670,Open = High (Tekanan Jual),Tidak Ideal (< 1:1),Netral / Sideways,Sentimen Positif 📰,Normal / Sedang Transisi,Golden Rebound Fibo 23.6% 🎯,9,BELI,TIDAK ADA,2026-08-20 16:40:00,Biasa / Mengikuti Pasar
16:40,RODA,Token Mati (Perlu Update),Small Cap (Lapis 3),Fair Value (Wajar),0.0,0.51158,69.0,63,55,77,6.153846153846154,60784500,Tembus MA20,59,Positif,Uptrend,Bullish,Strong Bullish,Perfect Uptrend (5>20>50),Normal,Akumulasi (Naik),Normal,Dominan Beli (Hajar Kanan),Normal,Tinggi,Normal,Rawan Pucuk (High Risk),> 1 Miliar,Di Atas VWAP (Kuat),Akumulasi Pro (Smart Money),Gorengan Sepi (< 5M),Normal (50-150%),Mark-Up (Fase Pesta),Spesialis Tiang Jemuran (Banting Pucuk),Normal,Naik 1 Hari Beruntun,TP: 78 | CL: 62,Normal,Tidak Ideal (< 1:1),Netral / Sideways,Sentimen Positif 📰,Normal / Sedang Transisi,Mendekati Fibo 38.2%,9,BELI,TIDAK ADA,2026-08-20 16:40:00,Biasa / Mengikuti Pasar
16:40,ROTI,Token Mati (Perlu Update),Mid Cap (Lapis 2),Fair Value (Wajar),17.598343,2.096968,595.0,589,580,615,2.586206896551724,286900,Normal,53,Positif,Uptrend,Bearish,Strong Bearish,Strong Downtrend (5<20<50),Normal,Distribusi (Turun),Normal,Dominan Beli (Hajar Kanan),Squeeze,Rendah,Marubozu (Strong Bullish),Dekat Support (Low Risk),< 1 Miliar,Di Atas VWAP (Kuat),Distribusi Pro (Guyuran),Gorengan Sepi (< 5M),Normal (50-150%),Accumulation (Kumpul Barang),Spesialis Tiang Jemuran (Banting Pucuk),Normal,Naik 1 Hari Beruntun,TP: 612 | CL: 583,Open = Low (Bullish Kuat),Menengah (1:1),Netral / Sideways,Sentimen Positif 📰,Normal / Sedang Transisi,Dekat Support Fibo 38.2%,5,WAIT & SEE,TIDAK ADA,2026-08-20 16:40:00,Biasa / Mengikuti Pasar
16:40,RUIS,Token Mati (Perlu Update),Small Cap (Lapis 3),Undervalued (Murah),12.096774,0.28632548,210.0,204,190,216,-0.9433962264150944,151800,Normal,58,Negatif,Uptrend,Bullish,Bearish MACD,Perfect Uptrend (5>20>50),Normal,Akumulasi (Naik),Normal,Seimbang / Adu Mekanik,Normal,Sedang,Normal,Rawan Pucuk (High Risk),< 1 Miliar,Di Atas VWAP (Kuat),Akumulasi Pro (Smart Money),Gorengan Sepi (< 5M),Sepi (< 50%),Mark-Up (Fase Pesta),Normal,Normal,Turun 1 Hari Beruntun,TP: 222 | CL: 201,Open = High (Tekanan Jual),Tidak Ideal (< 1:1),Netral / Sideways,Sentimen Positif 📰,Normal / Sedang Transisi,Mendekati Fibo 23.6%,5,WAIT & SEE,TIDAK ADA,2026-08-20 16:40:00,Biasa / Mengikuti Pasar
16:40,SAFE,Token Mati (Perlu Update),Small Cap (Lapis 3),Overvalued (Mahal),7.512457,4.143763,392.0,389,358,446,-1.507537688442211,300000,Tembus MA20,55,Negatif,Uptrend,Bullish,Bearish MACD,Perfect Uptrend (5>20>50),Normal,Akumulasi (Naik),Normal,Seimbang / Adu Mekanik,Normal,Tinggi,Normal,Area Tengah,< 1 Miliar,Di Bawah VWAP (Lemah),Distribusi Pro (Guyuran),Gorengan Sepi (< 5M),Normal (50-150%),Mark-Up (Fase Pesta),Spesialis Tiang Jemuran (Banting Pucuk),Normal,Turun 3 Hari Beruntun,TP: 421 | CL: 372,Open = High (Tekanan Jual),Ideal (1:2),Netral / Sideways,Sentimen Positif 📰,Normal / Sedang Transisi,Mendekati Fibo 38.2%,6,WAIT & SEE,TIDAK ADA,2026-08-20 16:40:00,Biasa / Mengikuti Pasar
16:40,SAME,Token Mati (Perlu Update),Mid Cap (Lapis 2),Overvalued (Mahal),226.5625,1.3088355,290.0,296,286,304,0.0,336600,Normal,37,Negatif,Downtrend,Bearish,Bullish MACD,Strong Downtrend (5<20<50),Normal,Distribusi (Turun),Normal,Seimbang / Adu Mekanik,Squeeze,Rendah,Doji (Ragu-ragu),Dekat Support (Low Risk),< 1 Miliar,Persis di VWAP,Distribusi Pro (Guyuran),Gorengan Sepi (< 5M),Normal (50-150%),Mark-Down (Fase Runtuh),Spesialis Tiang Jemuran (Banting Pucuk),Normal,Sideways / Stagnan,TP: 299 | CL: 283,Normal,Sangat Menarik (> 1:3),Netral / Sideways,Sentimen Positif 📰,Normal / Sedang Transisi,Mendekati Fibo Bottom / 100%,2,WAIT & SEE,TIDAK ADA,2026-08-20 16:40:00,Biasa / Mengikuti Pasar
16:40,SCCO,Token Mati (Perlu Update),Mid Cap (Lapis 2),Undervalued (Murah),5.8176484,0.34118742,2380.0,2307,2230,2450,3.0303030303030303,34600,Tembus MA20,65,Positif,Uptrend,Bullish,Strong Bullish,Perfect Uptrend (5>20>50),Normal,Akumulasi (Naik),Normal,Dominan Beli (Hajar Kanan),Squeeze,Rendah,Normal,Area Tengah,< 1 Miliar,Di Atas VWAP (Kuat),Akumulasi Pro (Smart Money),Gorengan Sepi (< 5M),Normal (50-150%),Mark-Up (Fase Pesta),Spesialis Tiang Jemuran (Banting Pucuk),Normal,Naik 1 Hari Beruntun,TP: 2432 | CL: 2345,Normal,Tidak Ideal (< 1:1),Overbought (Jenuh Beli - Rawan),Sentimen Positif 📰,Normal / Sedang Transisi,Dekat Support Fibo 23.6%,9,BELI,TIDAK ADA,2026-08-20 16:40:00,Biasa / Mengikuti Pasar
16:40,SCMA,Token Mati (Perlu Update),Big Cap (Lapis 1),Fair Value (Wajar),14.0102825,2.1943953,218.0,202,192,224,4.807692307692308,124401200,Tembus MA20,65,Positif,Uptrend,Golden Cross,Strong Bullish,Awal Reversal (5>20),Akumulasi Kuat,Akumulasi (Naik),Normal,Seimbang / Adu Mekanik,Breakout Upper,Sedang,Normal,Rawan Pucuk (High Risk),> 1 Miliar,Di Atas VWAP (Kuat),Distribusi Pro (Guyuran),Ritel Aktif (5M - 50M),Anomali Tinggi (150-300%),Accumulation (Kumpul Barang),Spesialis Tiang Jemuran (Banting Pucuk),Normal,Naik 4 Hari Beruntun,TP: 230 | CL: 210,Normal,Tidak Ideal (< 1:1),Netral / Sideways,Sentimen Positif 📰,Normal / Sedang Transisi,Dekat Support Fibo 23.6%,9,BELI,TIDAK ADA,2026-08-20 16:40:00,Biasa / Mengikuti Pasar
16:40,SDMU,Token Mati (Perlu Update),Small Cap (Lapis 3),Fair Value (Wajar),0.0,2.4023674,82.0,79,73,88,2.5,6264700,Normal,54,Positif,Uptrend,Bearish,Strong Bearish,Konsolidasi / Transisi,Normal,Akumulasi (Naik),Normal,Dominan Beli (Hajar Kanan),Normal,Sedang,Marubozu (Strong Bullish),Rawan Pucuk (High Risk),< 1 Miliar,Di Atas VWAP (Kuat),Distribusi Pro (Guyuran),Gorengan Sepi (< 5M),Normal (50-150%),Mark-Up (Fase Pesta),Spesialis Tiang Jemuran (Banting Pucuk),Normal,Naik 2 Hari Beruntun,TP: 88 | CL: 78,Open = Low (Bullish Kuat),Tidak Ideal (< 1:1),Golden Cross (Awal Bullish),Sentimen Positif 📰,Normal / Sedang Transisi,Dekat Support Fibo 50.0%,6,WAIT & SEE,TIDAK ADA,2026-08-20 16:40:00,Biasa / Mengikuti Pasar
16:40,SDPC,Token Mati (Perlu Update),Small Cap (Lapis 3),Undervalued (Murah),5.8587728,0.7309351,190.0,183,176,228,1.6042780748663104,240300,Normal,63,Positif,Uptrend,Bullish,Strong Bullish,Perfect Uptrend (5>20>50),Normal,Akumulasi (Naik),Normal,Dominan Beli (Hajar Kanan),Squeeze,Rendah,Normal,Area Tengah,< 1 Miliar,Di Atas VWAP (Kuat),Akumulasi Pro (Smart Money),Gorengan Sepi (< 5M),Normal (50-150%),Mark-Up (Fase Pesta),Spesialis Tiang Jemuran (Banting Pucuk),Normal,Naik 2 Hari Beruntun,TP: 202 | CL: 181,Normal,Ideal (1:2),Netral / Sideways,Sentimen Positif 📰,Supply Kering (Siap Pump) 🏜️,Mendekati Fibo 61.8% (Golden Ratio),8,BELI,TIDAK ADA,2026-08-20 16:40:00,Biasa / Mengikuti Pasar
16:40,SDRA,Token Mati (Perlu Update),Mid Cap (Lapis 2),Fair Value (Wajar),0.0,0.2873567,216.0,218,206,240,-0.9174311926605505,835900,Normal,47,Negatif,Downtrend,Bullish,Bearish MACD,Perfect Uptrend (5>20>50),Normal,Distribusi (Turun),Normal,Dominan Jual (Guyur),Normal,Sedang,Doji (Ragu-ragu),Area Tengah,< 1 Miliar,Di Bawah VWAP (Lemah),Distribusi Pro (Guyuran),Gorengan Sepi (< 5M),Normal (50-150%),Distribution (Fase Jualan),Normal,Normal,Turun 1 Hari Beruntun,TP: 228 | CL: 207,Normal,Ideal (1:2),Netral / Sideways,Sentimen Positif 📰,Normal / Sedang Transisi,Dekat Support Fibo 61.8% (Golden Ratio),2,WAIT & SEE,TIDAK ADA,2026-08-20 16:40:00,Biasa / Mengikuti Pasar
16:40,SGRO,Token Mati (Perlu Update),Mid Cap (Lapis 2),Fair Value (Wajar),17.303402,1.7066373,4810.0,4064,3230,4850,1.050420168067227,151900,Tembus MA20,90,Positif,Uptrend,Bullish,Strong Bullish,Perfect Uptrend (5>20>50),Normal,Akumulasi (Naik),Normal,Dominan Beli (Hajar Kanan),Normal,Tinggi,Normal,Rawan Pucuk (High Risk),< 1 Miliar,Di Atas VWAP (Kuat),Akumulasi Pro (Smart Money),Gorengan Sepi (< 5M),Anomali Tinggi (150-300%),Mark-Up (Fase Pesta),Spesialis Tiang Jemuran (Banting Pucuk),Normal,Naik 1 Hari Beruntun,TP: 5116 | CL: 4605,Normal,Tidak Ideal (< 1:1),Overbought (Jenuh Beli - Rawan),Sentimen Positif 📰,Normal / Sedang Transisi,Mengambang (Jauh dari Fibo),9,BELI,TIDAK ADA,2026-08-20 16:40:00,Biasa / Mengikuti Pasar
16:40,SHID,Token Mati (Perlu Update),Small Cap (Lapis 3),Fair Value (Wajar),0.0,0.84657395,535.0,596,515,640,-2.727272727272727,19900,Normal,29,Negatif,Downtrend,Bearish,Strong Bearish,Strong Downtrend (5<20<50),Normal,Distribusi (Turun),Normal,Seimbang / Adu Mekanik,Bottom Rebound,Tinggi,Normal,Area Tengah,< 1 Miliar,Di Bawah VWAP (Lemah),Distribusi Pro (Guyuran),Gorengan Sepi (< 5M),Sepi (< 50%),Mark-Down (Fase Runtuh),Normal,Normal,Turun 1 Hari Beruntun,TP: 573 | CL: 509,Open = High (Tekanan Jual),Sangat Menarik (> 1:3),Oversold (Jenuh Jual - Peluang),Netral / Sepi Berita,Normal / Sedang Transisi,Mendekati Fibo Bottom / 100%,0,WAIT & SEE,TIDAK ADA,2026-08-20 16:40:00,Biasa / Mengikuti Pasar
16:40,SIDO,Token Mati (Perlu Update),Big Cap (Lapis 1),Overvalued (Mahal),10.746085,3.4396346,352.0,357,344,380,1.1494252873563218,45552400,Tembus MA20,41,Positif,Downtrend,Bearish,Strong Bearish,Strong Downtrend (5<20<50),Normal,Distribusi (Turun),Normal,Dominan Beli (Hajar Kanan),Normal,Sedang,Normal,Dekat Support (Low Risk),> 1 Miliar,Persis di VWAP,Distribusi Pro (Guyuran),Ritel Aktif (5M - 50M),Normal (50-150%),Mark-Down (Fase Runtuh),Spesialis Tiang Jemuran (Banting Pucuk),Normal,Naik 1 Hari Beruntun,TP: 361 | CL: 345,Normal,Sangat Menarik (> 1:3),Golden Cross (Awal Bullish),Sentimen Positif 📰,Normal / Sedang Transisi,Dekat Support Fibo Bottom / 100%,4,WAIT & SEE,TIDAK ADA,2026-08-20 16:40:00,Biasa / Mengikuti Pasar
16:40,SILO,Token Mati (Perlu Update),Big Cap (Lapis 1),Fair Value (Wajar),24.149517,2.9055374,2300.0,2234,1995,2430,-1.7094017094017095,261400,Normal,54,Negatif,Uptrend,Bullish,Strong Bullish,Perfect Uptrend (5>20>50),Normal,Distribusi (Turun),Normal,Dominan Jual (Guyur),Normal,Tinggi,Normal,Rawan Pucuk (High Risk),< 1 Miliar,Persis di VWAP,Distribusi Pro (Guyuran),Gorengan Sepi (< 5M),Sepi (< 50%),Mark-Up (Fase Pesta),Solid (Jarang Dibanting),Normal,Turun 1 Hari Beruntun,TP: 2481 | CL: 2179,Normal,Tidak Ideal (< 1:1),Death Cross (Awal Bearish),Sentimen Positif 📰,Normal / Sedang Transisi,Dekat Support Fibo 38.2%,5,WAIT & SEE,TIDAK ADA,2026-08-20 16:40:00,Biasa / Mengikuti Pasar
16:40,SIMP,Token Mati (Perlu Update),Mid Cap (Lapis 2),Undervalued (Murah),4.392857,0.45587635,620.0,594,560,630,4.201680672268908,30594700,Tembus MA20,66,Positif,Uptrend,Bullish,Bearish MACD,Perfect Uptrend (5>20>50),Akumulasi Kuat,Akumulasi (Naik),Normal,Seimbang / Adu Mekanik,Squeeze,Rendah,Normal,Rawan Pucuk (High Risk),> 1 Miliar,Di Atas VWAP (Kuat),Akumulasi Pro (Smart Money),Ritel Aktif (5M - 50M),Ledakan Ekstrem (> 300%),Mark-Up (Fase Pesta),Normal,Normal,Naik 1 Hari Beruntun,TP: 643 | CL: 604,Open = Low (Bullish Kuat),Tidak Ideal (< 1:1),Netral / Sideways,Sentimen Positif 📰,Normal / Sedang Transisi,Mendekati Fibo 23.6%,8,BELI,TIDAK ADA,2026-08-20 16:40:00,Biasa / Mengikuti Pasar
16:40,SIPD,Token Mati (Perlu Update),Mid Cap (Lapis 2),Fair Value (Wajar),0.0,1.2123492,780.0,699,660,805,3.3112582781456954,40600,Tembus MA20,72,Positif,Uptrend,Bullish,Strong Bullish,Perfect Uptrend (5>20>50),Normal,Akumulasi (Naik),Normal,Dominan Beli (Hajar Kanan),Breakout Upper,Tinggi,Normal,Rawan Pucuk (High Risk),< 1 Miliar,Di Atas VWAP (Kuat),Akumulasi Pro (Smart Money),Gorengan Sepi (< 5M),Normal (50-150%),Mark-Up (Fase Pesta),Solid (Jarang Dibanting),Normal,Naik 1 Hari Beruntun,TP: 828 | CL: 747,Normal,Tidak Ideal (< 1:1),Netral / Sideways,Sentimen Negatif ⚠️,Normal / Sedang Transisi,Mendekati Fibo 50.0%,8,BELI,TIDAK ADA,2026-08-20 16:40:00,Biasa / Mengikuti Pasar
16:40,SKBM,Token Mati (Perlu Update),Small Cap (Lapis 3),Undervalued (Murah),6.9177556,0.9004337,540.0,539,510,585,0.9345794392523363,501100,Tembus MA20,49,Positif,Uptrend,Bearish,Strong Bearish,Strong Downtrend (5<20<50),Normal,Akumulasi (Naik),Normal,Seimbang / Adu Mekanik,Squeeze,Rendah,Normal,Area Tengah,< 1 Miliar,Persis di VWAP,Akumulasi Pro (Smart Money),Gorengan Sepi (< 5M),Anomali Tinggi (150-300%),Accumulation (Kumpul Barang),Normal,Normal,Naik 1 Hari Beruntun,TP: 579 | CL: 513,Open = Low (Bullish Kuat),Menengah (1:1),Netral / Sideways,Netral / Sepi Berita,Normal / Sedang Transisi,Mengambang (Jauh dari Fibo),4,WAIT & SEE,TIDAK ADA,2026-08-20 16:40:00,Biasa / Mengikuti Pasar
16:40,SKLT,Token Mati (Perlu Update),Mid Cap (Lapis 2),Fair Value (Wajar),11.653718,1.7016726,210.0,199,183,228,0.0,213200,Normal,64,Negatif,Uptrend,Bullish,Strong Bullish,Perfect Uptrend (5>20>50),Normal,Akumulasi (Naik),Gap Up (+3.8%),Seimbang / Adu Mekanik,Normal,Sedang,Normal,Rawan Pucuk (High Risk),< 1 Miliar,Persis di VWAP,Distribusi Pro (Guyuran),Gorengan Sepi (< 5M),Sepi (< 50%),Mark-Up (Fase Pesta),Spesialis Tiang Jemuran (Banting Pucuk),Normal,Sideways / Stagnan,TP: 228 | CL: 197,Open = High (Tekanan Jual),Tidak Ideal (< 1:1),Netral / Sideways,Sentimen Positif 📰,Normal / Sedang Transisi,Mendekati Fibo 38.2%,7,BELI,TIDAK ADA,2026-08-20 16:40:00,Biasa / Mengikuti Pasar
16:40,SMAR,Token Mati (Perlu Update),Big Cap (Lapis 1),Undervalued (Murah),4.0588107,0.69067115,5800.0,5676,5400,6000,1.7543859649122806,71800,Normal,65,Positif,Uptrend,Bullish,Bearish MACD,Perfect Uptrend (5>20>50),Normal,Akumulasi (Naik),Normal,Dominan Beli (Hajar Kanan),Normal,Sedang,Normal,Area Tengah,< 1 Miliar,Di Atas VWAP (Kuat),Akumulasi Pro (Smart Money),Gorengan Sepi (< 5M),Normal (50-150%),Mark-Up (Fase Pesta),Normal,Jarum Bawah (Sinyal Pantulan Kuat),Naik 1 Hari Beruntun,TP: 6027 | CL: 5648,Normal,Tidak Ideal (< 1:1),Netral / Sideways,Sentimen Positif 📰,Normal / Sedang Transisi,Mendekati Fibo 23.6%,7,BELI,TIDAK ADA,2026-08-20 16:40:00,Biasa / Mengikuti Pasar
16:40,SMBR,Token Mati (Perlu Update),Mid Cap (Lapis 2),Undervalued (Murah),11.9370985,0.48359543,167.0,165,156,176,0.6024096385542169,3676000,Tembus MA20,56,Positif,Uptrend,Bullish,Bearish MACD,Perfect Uptrend (5>20>50),Normal,Akumulasi (Naik),Normal,Seimbang / Adu Mekanik,Normal,Sedang,Normal,Area Tengah,< 1 Miliar,Persis di VWAP,Akumulasi Pro (Smart Money),Gorengan Sepi (< 5M),Normal (50-150%),Mark-Up (Fase Pesta),Spesialis Tiang Jemuran (Banting Pucuk),Normal,Naik 1 Hari Beruntun,TP: 175 | CL: 161,Normal,Tidak Ideal (< 1:1),Netral / Sideways,Sentimen Positif 📰,Normal / Sedang Transisi,Dekat Support Fibo 23.6%,7,BELI,TIDAK ADA,2026-08-20 16:40:00,Biasa / Mengikuti Pasar
16:40,SMCB,Token Mati (Perlu Update),Mid Cap (Lapis 2),Undervalued (Murah),9.337349,0.52530867,775.0,775,775,775,0.0,0,Normal,100,Negatif,Downtrend,Bearish,Bearish MACD,Konsolidasi / Transisi,Normal,Netral,Normal,Tidak Ada Transaksi,Squeeze,Rendah,Doji (Ragu-ragu),Dekat Support (Low Risk),< 1 Miliar,Di Atas VWAP (Kuat),Netral,Gorengan Sepi (< 5M),Normal (50-150%),Sideways,Solid (Jarang Dibanting),Normal,Sideways / Stagnan,TP: 776 | CL: 774,Normal,Di Area Support,Oversold (Jenuh Jual - Peluang),Netral / Sepi Berita,Normal / Sedang Transisi,Golden Rebound Fibo 23.6% 🎯,1,WAIT & SEE,TIDAK ADA,2026-08-20 16:40:00,Biasa / Mengikuti Pasar
16:40,SMDM,Token Mati (Perlu Update),Mid Cap (Lapis 2),Overvalued (Mahal),145.28796,1.1334257,555.0,562,535,585,1.834862385321101,41900,Tembus MA20,47,Positif,Downtrend,Bearish,Strong Bearish,Konsolidasi / Transisi,Normal,Distribusi (Turun),Normal,Dominan Beli (Hajar Kanan),Squeeze,Rendah,Normal,Area Tengah,< 1 Miliar,Di Atas VWAP (Kuat),Akumulasi Pro (Smart Money),Gorengan Sepi (< 5M),Anomali Tinggi (150-300%),Distribution (Fase Jualan),Normal,Normal,Naik 1 Hari Beruntun,TP: 580 | CL: 538,Normal,Ideal (1:2),Netral / Sideways,Sentimen Positif 📰,Normal / Sedang Transisi,Dekat Support Fibo 50.0%,4,WAIT & SEE,TIDAK ADA,2026-08-20 16:40:00,Biasa / Mengikuti Pasar
16:40,SMDR,Token Mati (Perlu Update),Mid Cap (Lapis 2),Overvalued (Mahal),5.7943926,9393.939,312.0,299,279,314,1.2987012987012987,8752800,Normal,67,Positif,Uptrend,Bullish,Strong Bullish,Perfect Uptrend (5>20>50),Normal,Akumulasi (Naik),Normal,Seimbang / Adu Mekanik,Normal,Sedang,Normal,Rawan Pucuk (High Risk),> 1 Miliar,Di Atas VWAP (Kuat),Akumulasi Pro (Smart Money),Gorengan Sepi (< 5M),Normal (50-150%),Mark-Up (Fase Pesta),Normal,Normal,Naik 1 Hari Beruntun,TP: 322 | CL: 305,Normal,Tidak Ideal (< 1:1),Overbought (Jenuh Beli - Rawan),Sentimen Positif 📰,Normal / Sedang Transisi,Mendekati Fibo 23.6%,7,BELI,TIDAK ADA,2026-08-20 16:40:00,Biasa / Mengikuti Pasar
16:40,SMGR,Token Mati (Perlu Update),Big Cap (Lapis 1),Overvalued (Mahal),45.42782,0.23896825,1555.0,1526,1430,1640,1.9672131147540985,7591300,Normal,53,Positif,Uptrend,Bullish,Strong Bullish,Perfect Uptrend (5>20>50),Normal,Distribusi (Turun),Normal,Dominan Beli (Hajar Kanan),Normal,Sedang,Marubozu (Strong Bullish),Area Tengah,> 1 Miliar,Persis di VWAP,Akumulasi Pro (Smart Money),Ritel Aktif (5M - 50M),Sepi (< 50%),Mark-Up (Fase Pesta),Normal,Normal,Naik 1 Hari Beruntun,TP: 1637 | CL: 1500,Normal,Tidak Ideal (< 1:1),Netral / Sideways,Sentimen Positif 📰,Normal / Sedang Transisi,Mendekati Fibo 78.6%,7,BELI,TIDAK ADA,2026-08-20 16:40:00,Biasa / Mengikuti Pasar
16:40,SMMA,Token Mati (Perlu Update),Big Cap (Lapis 1),Overvalued (Mahal),58.89669,4.865283,20125.0,20192,19500,20600,0.12437810945273632,900,Normal,41,Positif,Downtrend,Bearish,Bullish MACD,Strong Downtrend (5<20<50),Normal,Distribusi (Turun),Normal,Dominan Beli (Hajar Kanan),Squeeze,Rendah,Marubozu (Strong Bullish),Area Tengah,< 1 Miliar,Persis di VWAP,Akumulasi Pro (Smart Money),Gorengan Sepi (< 5M),Normal (50-150%),Mark-Down (Fase Runtuh),Normal,Normal,Naik 1 Hari Beruntun,TP: 20508 | CL: 19869,Open = Low (Bullish Kuat),Tidak Ideal (< 1:1),Overbought (Jenuh Beli - Rawan),Netral / Sepi Berita,Normal / Sedang Transisi,Dekat Support Fibo 61.8% (Golden Ratio),3,WAIT & SEE,TIDAK ADA,2026-08-20 16:40:00,Biasa / Mengikuti Pasar
16:40,SMMT,Token Mati (Perlu Update),Mid Cap (Lapis 2),Overvalued (Mahal),88.180115,170909.1,1880.0,1859,1715,2010,0.53475935828877,43300,Normal,55,Positif,Uptrend,Bullish,Bearish MACD,Perfect Uptrend (5>20>50),Normal,Distribusi (Turun),Normal,Seimbang / Adu Mekanik,Squeeze,Rendah,Normal,Area Tengah,< 1 Miliar,Persis di VWAP,Distribusi Pro (Guyuran),Gorengan Sepi (< 5M),Normal (50-150%),Mark-Up (Fase Pesta),Spesialis Tiang Jemuran (Banting Pucuk),Normal,Naik 1 Hari Beruntun,TP: 1979 | CL: 1813,Normal,Tidak Ideal (< 1:1),Golden Cross (Awal Bullish),Sentimen Positif 📰,Supply Kering (Siap Pump) 🏜️,Golden Rebound Fibo 38.2% 🎯,5,WAIT & SEE,TIDAK ADA,2026-08-20 16:40:00,Biasa / Mengikuti Pasar
16:40,SMRA,Token Mati (Perlu Update),Mid Cap (Lapis 2),Undervalued (Murah),9.206877,0.460825,330.0,326,314,348,-0.6024096385542169,15410800,Normal,59,Negatif,Uptrend,Bullish,Bearish MACD,Perfect Uptrend (5>20>50),Normal,Distribusi (Turun),Normal,Dominan Jual (Guyur),Squeeze,Rendah,Normal,Area Tengah,> 1 Miliar,Di Bawah VWAP (Lemah),Distribusi Pro (Guyuran),Ritel Aktif (5M - 50M),Normal (50-150%),Mark-Up (Fase Pesta),Spesialis Tiang Jemuran (Banting Pucuk),Normal,Turun 2 Hari Beruntun,TP: 344 | CL: 320,Normal,Menengah (1:1),Netral / Sideways,Sentimen Positif 📰,Normal / Sedang Transisi,Dekat Support Fibo 23.6%,4,WAIT & SEE,TIDAK ADA,2026-08-20 16:40:00,Biasa / Mengikuti Pasar
16:40,SMSM,Token Mati (Perlu Update),Big Cap (Lapis 1),Fair Value (Wajar),8.791319,2.5139706,1745.0,1722,1656,1788,0.28735632183908044,1755800,Normal,64,Positif,Uptrend,Golden Cross,Bearish MACD,Perfect Uptrend (5>20>50),Normal,Akumulasi (Naik),Normal,Seimbang / Adu Mekanik,Squeeze,Rendah,Doji (Ragu-ragu),Area Tengah,> 1 Miliar,Persis di VWAP,Distribusi Pro (Guyuran),Gorengan Sepi (< 5M),Normal (50-150%),Mark-Up (Fase Pesta),Spesialis Tiang Jemuran (Banting Pucuk),Normal,Naik 4 Hari Beruntun,TP: 1774 | CL: 1725,Normal,Tidak Ideal (< 1:1),Death Cross (Awal Bearish),Sentimen Positif 📰,Normal / Sedang Transisi,Dekat Support Fibo 23.6%,6,WAIT & SEE,TIDAK ADA,2026-08-20 16:40:00,Biasa / Mengikuti Pasar
16:40,SOCI,Token Mati (Perlu Update),Mid Cap (Lapis 2),Overvalued (Mahal),20.553064,9482.759,550.0,475,396,560,-0.9009009009009009,12338700,Normal,75,Negatif,Uptrend,Bullish,Strong Bullish,Perfect Uptrend (5>20>50),Normal,Akumulasi (Naik),Normal,Seimbang / Adu Mekanik,Normal,Tinggi,Normal,Rawan Pucuk (High Risk),> 1 Miliar,Di Atas VWAP (Kuat),Akumulasi Pro (Smart Money),Ritel Aktif (5M - 50M),Normal (50-150%),Mark-Up (Fase Pesta),Normal,Normal,Turun 1 Hari Beruntun,TP: 590 | CL: 522,Normal,Tidak Ideal (< 1:1),Overbought (Jenuh Beli - Rawan),Sentimen Positif 📰,Normal / Sedang Transisi,Mengambang (Jauh dari Fibo),6,WAIT & SEE,TIDAK ADA,2026-08-20 16:40:00,Biasa / Mengikuti Pasar
16:40,SONA,Token Mati (Perlu Update),Mid Cap (Lapis 2),Fair Value (Wajar),17.035658,2.231306,2470.0,2551,2160,3240,-8.178438661710038,20400,Normal,48,Negatif,Downtrend,Bullish,Strong Bullish,Perfect Uptrend (5>20>50),Normal,Distribusi (Turun),Gap Down (-3.3%),Dominan Jual (Guyur),Normal,Tinggi,Normal,Rawan Pucuk (High Risk),< 1 Miliar,Di Bawah VWAP (Lemah),Distribusi Pro (Guyuran),Gorengan Sepi (< 5M),Sepi (< 50%),Distribution (Fase Jualan),Normal,Normal,Turun 3 Hari Beruntun,TP: 2763 | CL: 2274,Open = High (Tekanan Jual),Ideal (1:2),Netral / Sideways,Sentimen Positif 📰,Normal / Sedang Transisi,Dekat Support Fibo 61.8% (Golden Ratio),3,WAIT & SEE,TIDAK ADA,2026-08-20 16:40:00,Biasa / Mengikuti Pasar
16:40,SPMA,Token Mati (Perlu Update),Small Cap (Lapis 3),Undervalued (Murah),9.810875,0.35024422,166.0,165,160,173,1.2195121951219512,105700,Normal,53,Positif,Uptrend,Bearish,Bearish MACD,Konsolidasi / Transisi,Normal,Akumulasi (Naik),Normal,Dominan Beli (Hajar Kanan),Squeeze,Rendah,Marubozu (Strong Bullish),Area Tengah,< 1 Miliar,Persis di VWAP,Distribusi Pro (Guyuran),Gorengan Sepi (< 5M),Sepi (< 50%),Mark-Up (Fase Pesta),Spesialis Tiang Jemuran (Banting Pucuk),Normal,Naik 1 Hari Beruntun,TP: 173 | CL: 161,Open = Low (Bullish Kuat),Menengah (1:1),Golden Cross (Awal Bullish),Sentimen Positif 📰,Normal / Sedang Transisi,Dekat Support Fibo 50.0%,6,WAIT & SEE,TIDAK ADA,2026-08-20 16:40:00,Biasa / Mengikuti Pasar
16:40,SQMI,Token Mati (Perlu Update),Small Cap (Lapis 3),Overvalued (Mahal),0.0,9.074942,61.0,64,59,74,3.389830508474576,47358400,Tembus MA20,49,Positif,Downtrend,Bearish,Bearish MACD,Konsolidasi / Transisi,Normal,Distribusi (Turun),Gap Up (+3.4%),Seimbang / Adu Mekanik,Normal,Tinggi,Doji (Ragu-ragu),Area Tengah,> 1 Miliar,Di Bawah VWAP (Lemah),Distribusi Pro (Guyuran),Gorengan Sepi (< 5M),Normal (50-150%),Distribution (Fase Jualan),Spesialis Tiang Jemuran (Banting Pucuk),Normal,Naik 1 Hari Beruntun,TP: 69 | CL: 55,Normal,Sangat Menarik (> 1:3),Oversold (Jenuh Jual - Peluang),Netral / Sepi Berita,Normal / Sedang Transisi,Mengambang (Jauh dari Fibo),3,WAIT & SEE,TIDAK ADA,2026-08-20 16:40:00,Biasa / Mengikuti Pasar
16:40,SRAJ,Token Mati (Perlu Update),Big Cap (Lapis 1),Overvalued (Mahal),0.0,141.25546,14350.0,12718,10725,15000,-3.5294117647058822,1500,Normal,72,Negatif,Uptrend,Bullish,Strong Bullish,Perfect Uptrend (5>20>50),Normal,Akumulasi (Naik),Gap Down (-2.5%),Dominan Jual (Guyur),Normal,Tinggi,Normal,Rawan Pucuk (High Risk),< 1 Miliar,Di Atas VWAP (Kuat),Akumulasi Pro (Smart Money),Gorengan Sepi (< 5M),Normal (50-150%),Mark-Up (Fase Pesta),Normal,Normal,Turun 2 Hari Beruntun,TP: 15113 | CL: 13841,Open = High (Tekanan Jual),Tidak Ideal (< 1:1),Overbought (Jenuh Beli - Rawan),Sentimen Positif 📰,Normal / Sedang Transisi,Mengambang (Jauh dari Fibo),6,WAIT & SEE,TIDAK ADA,2026-08-20 16:40:00,Biasa / Mengikuti Pasar
16:40,SRSN,Token Mati (Perlu Update),Small Cap (Lapis 3),Undervalued (Murah),3.5265698,0.5020874,72.0,69,61,77,1.4084507042253522,36928000,Normal,58,Positif,Uptrend,Bullish,Strong Bullish,Perfect Uptrend (5>20>50),Normal,Akumulasi (Naik),Normal,Seimbang / Adu Mekanik,Normal,Tinggi,Normal,Rawan Pucuk (High Risk),> 1 Miliar,Di Atas VWAP (Kuat),Akumulasi Pro (Smart Money),Gorengan Sepi (< 5M),Normal (50-150%),Mark-Up (Fase Pesta),Normal,Normal,Naik 1 Hari Beruntun,TP: 76 | CL: 68,Open = Low (Bullish Kuat),Tidak Ideal (< 1:1),Netral / Sideways,Sentimen Positif 📰,Normal / Sedang Transisi,Dekat Support Fibo 23.6%,7,BELI,TIDAK ADA,2026-08-20 16:40:00,Biasa / Mengikuti Pasar
16:40,SRTG,Token Mati (Perlu Update),Big Cap (Lapis 1),Undervalued (Murah),1.3932831,0.4050791,1920.0,1789,1680,1925,2.127659574468085,4801100,Normal,73,Positif,Uptrend,Bullish,Strong Bullish,Perfect Uptrend (5>20>50),Normal,Akumulasi (Naik),Normal,Dominan Beli (Hajar Kanan),Breakout Upper,Sedang,Normal,Rawan Pucuk (High Risk),> 1 Miliar,Di Atas VWAP (Kuat),Akumulasi Pro (Smart Money),Ritel Aktif (5M - 50M),Normal (50-150%),Mark-Up (Fase Pesta),Normal,Normal,Naik 4 Hari Beruntun,TP: 1988 | CL: 1874,Normal,Tidak Ideal (< 1:1),Overbought (Jenuh Beli - Rawan),Sentimen Positif 📰,Normal / Sedang Transisi,Mengambang (Jauh dari Fibo),8,BELI,TIDAK ADA,2026-08-20 16:40:00,Biasa / Mengikuti Pasar
16:40,SSIA,Token Mati (Perlu Update),Mid Cap (Lapis 2),Overvalued (Mahal),40.43528,1.4739914,1770.0,1667,1555,1785,0.5681818181818182,18107500,Tembus MA20,63,Positif,Uptrend,Bullish,Strong Bullish,Perfect Uptrend (5>20>50),Normal,Akumulasi (Naik),Normal,Dominan Beli (Hajar Kanan),Breakout Upper,Sedang,Doji (Ragu-ragu),Rawan Pucuk (High Risk),> 1 Miliar,Di Atas VWAP (Kuat),Akumulasi Pro (Smart Money),Ritel Aktif (5M - 50M),Normal (50-150%),Mark-Up (Fase Pesta),Spesialis Tiang Jemuran (Banting Pucuk),Jarum Bawah (Sinyal Pantulan Kuat),Naik 4 Hari Beruntun,TP: 1858 | CL: 1710,Normal,Tidak Ideal (< 1:1),Overbought (Jenuh Beli - Rawan),Netral / Sepi Berita,Normal / Sedang Transisi,Golden Rebound Fibo 23.6% 🎯,8,BELI,TIDAK ADA,2026-08-20 16:40:00,Biasa / Mengikuti Pasar
16:40,SSMS,Token Mati (Perlu Update),Mid Cap (Lapis 2),Overvalued (Mahal),6.6024265,3.378687,930.0,938,850,1020,5.084745762711865,12990400,Tembus MA20,54,Positif,Downtrend,Bearish,Bearish MACD,Konsolidasi / Transisi,Normal,Akumulasi (Naik),Normal,Dominan Beli (Hajar Kanan),Normal,Tinggi,Normal,Area Tengah,> 1 Miliar,Di Atas VWAP (Kuat),Akumulasi Pro (Smart Money),Ritel Aktif (5M - 50M),Normal (50-150%),Distribution (Fase Jualan),Normal,Normal,Naik 1 Hari Beruntun,TP: 988 | CL: 891,Normal,Menengah (1:1),Netral / Sideways,Sentimen Positif 📰,Normal / Sedang Transisi,Mendekati Fibo 38.2%,6,WAIT & SEE,TIDAK ADA,2026-08-20 16:40:00,Biasa / Mengikuti Pasar
16:40,SSTM,Token Mati (Perlu Update),Small Cap (Lapis 3),Fair Value (Wajar),0.0,2.3505316,404.0,408,382,468,0.0,86900,Normal,47,Negatif,Downtrend,Bearish,Bearish MACD,Konsolidasi / Transisi,Normal,Distribusi (Turun),Normal,Seimbang / Adu Mekanik,Normal,Sedang,Normal,Area Tengah,< 1 Miliar,Persis di VWAP,Distribusi Pro (Guyuran),Gorengan Sepi (< 5M),Sepi (< 50%),Distribution (Fase Jualan),Normal,Normal,Sideways / Stagnan,TP: 432 | CL: 385,Normal,Ideal (1:2),Oversold (Jenuh Jual - Peluang),Sentimen Positif 📰,Normal / Sedang Transisi,Mengambang (Jauh dari Fibo),1,WAIT & SEE,TIDAK ADA,2026-08-20 16:40:00,Biasa / Mengikuti Pasar
16:40,STAR,Token Mati (Perlu Update),Mid Cap (Lapis 2),Overvalued (Mahal),78.899086,3.8015754,430.0,329,260,515,-1.3761467889908259,647300,Normal,66,Negatif,Uptrend,Bullish,Strong Bullish,Perfect Uptrend (5>20>50),Normal,Akumulasi (Naik),Normal,Dominan Jual (Guyur),Normal,Tinggi,Normal,Rawan Pucuk (High Risk),< 1 Miliar,Persis di VWAP,Distribusi Pro (Guyuran),Gorengan Sepi (< 5M),Sepi (< 50%),Mark-Up (Fase Pesta),Normal,Normal,Turun 1 Hari Beruntun,TP: 500 | CL: 383,Normal,Tidak Ideal (< 1:1),Netral / Sideways,Sentimen Positif 📰,Normal / Sedang Transisi,Mendekati Fibo 38.2%,6,WAIT & SEE,TIDAK ADA,2026-08-20 16:40:00,Biasa / Mengikuti Pasar
16:40,STTP,Token Mati (Perlu Update),Big Cap (Lapis 1),Fair Value (Wajar),9.979987,1.6396539,9425.0,9715,9400,10150,0.0,3600,Normal,41,Negatif,Downtrend,Bearish,Strong Bearish,Strong Downtrend (5<20<50),Normal,Distribusi (Turun),Normal,Dominan Jual (Guyur),Squeeze,Rendah,Doji (Ragu-ragu),Dekat Support (Low Risk),< 1 Miliar,Persis di VWAP,Distribusi Pro (Guyuran),Gorengan Sepi (< 5M),Normal (50-150%),Mark-Down (Fase Runtuh),Spesialis Tiang Jemuran (Banting Pucuk),Normal,Sideways / Stagnan,TP: 9797 | CL: 9176,Normal,Sangat Menarik (> 1:3),Oversold (Jenuh Jual - Peluang),Sentimen Negatif ⚠️,Normal / Sedang Transisi,Golden Rebound Fibo Bottom / 100% 🎯,0,WAIT & SEE,TIDAK ADA,2026-08-20 16:40:00,Biasa / Mengikuti Pasar
16:40,SULI,Token Mati (Perlu Update),Small Cap (Lapis 3),Overvalued (Mahal),0.0,46499.996,93.0,92,83,139,1.0869565217391304,8996700,Normal,53,Positif,Uptrend,Bullish,Bearish MACD,Perfect Uptrend (5>20>50),Normal,Distribusi (Turun),Normal,Dominan Jual (Guyur),Normal,Tinggi,Normal,Rawan Pucuk (High Risk),< 1 Miliar,Di Bawah VWAP (Lemah),Distribusi Pro (Guyuran),Gorengan Sepi (< 5M),Sepi (< 50%),Mark-Up (Fase Pesta),Spesialis Tiang Jemuran (Banting Pucuk),Normal,Naik 1 Hari Beruntun,TP: 105 | CL: 84,Open = Low (Bullish Kuat),Sangat Menarik (> 1:3),Oversold (Jenuh Jual - Peluang),Netral / Sepi Berita,Normal / Sedang Transisi,Mengambang (Jauh dari Fibo),4,WAIT & SEE,TIDAK ADA,2026-08-20 16:40:00,Biasa / Mengikuti Pasar
16:40,SUPR,Token Mati (Perlu Update),Big Cap (Lapis 1),Overvalued (Mahal),46.2963,6.0289726,43850.0,43850,43850,43850,0.0,0,Normal,0,Negatif,Downtrend,Bearish,Bearish MACD,Konsolidasi / Transisi,Normal,Netral,Normal,Tidak Ada Transaksi,Squeeze,Rendah,Doji (Ragu-ragu),Dekat Support (Low Risk),< 1 Miliar,Di Atas VWAP (Kuat),Netral,Gorengan Sepi (< 5M),Normal (50-150%),Sideways,Solid (Jarang Dibanting),Normal,Sideways / Stagnan,TP: 43851 | CL: 43849,Normal,Di Area Support,Oversold (Jenuh Jual - Peluang),Netral / Sepi Berita,Normal / Sedang Transisi,Normal / Sideways,0,WAIT & SEE,TIDAK ADA,2026-08-20 16:40:00,Biasa / Mengikuti Pasar
16:40,TALF,Token Mati (Perlu Update),Mid Cap (Lapis 2),Overvalued (Mahal),48.652203,0.7649789,740.0,783,555,1205,2.7777777777777777,161100,Normal,49,Positif,Downtrend,Death Cross,Bearish MACD,Konsolidasi / Transisi,Normal,Distribusi (Turun),Normal,Seimbang / Adu Mekanik,Normal,Tinggi,Normal,Rawan Pucuk (High Risk),< 1 Miliar,Di Bawah VWAP (Lemah),Distribusi Pro (Guyuran),Gorengan Sepi (< 5M),Sepi (< 50%),Distribution (Fase Jualan),Normal,Normal,Naik 1 Hari Beruntun,TP: 948 | CL: 600,Normal,Ideal (1:2),Netral / Sideways,Netral / Sepi Berita,Normal / Sedang Transisi,Mengambang (Jauh dari Fibo),1,WAIT & SEE,TIDAK ADA,2026-08-20 16:40:00,Biasa / Mengikuti Pasar
16:40,TARA,Token Mati (Perlu Update),Small Cap (Lapis 3),Fair Value (Wajar),0.0,0.29026172,30.0,30,29,33,0.0,478800,Normal,49,Negatif,Downtrend,Bullish,Bearish MACD,Perfect Uptrend (5>20>50),Normal,Distribusi (Turun),Normal,Tidak Ada Transaksi,Normal,Sedang,Doji (Ragu-ragu),Area Tengah,< 1 Miliar,Persis di VWAP,Akumulasi Pro (Smart Money),Gorengan Sepi (< 5M),Normal (50-150%),Distribution (Fase Jualan),Normal,Normal,Sideways / Stagnan,TP: 31 | CL: 29,Normal,Sangat Menarik (> 1:3),Netral / Sideways,Netral / Sepi Berita,Normal / Sedang Transisi,Dekat Support Fibo 50.0%,1,WAIT & SEE,TIDAK ADA,2026-08-20 16:40:00,Biasa / Mengikuti Pasar
16:40,TAXI,Token Mati (Perlu Update),Small Cap (Lapis 3),Overvalued (Mahal),0.0,4.198153,15.0,14,12,16,0.0,16148100,Normal,56,Negatif,Uptrend,Bullish,Strong Bullish,Perfect Uptrend (5>20>50),Normal,Akumulasi (Naik),Normal,Tidak Ada Transaksi,Normal,Tinggi,Doji (Ragu-ragu),Rawan Pucuk (High Risk),< 1 Miliar,Persis di VWAP,Distribusi Pro (Guyuran),Gorengan Sepi (< 5M),Normal (50-150%),Mark-Up (Fase Pesta),Normal,Normal,Sideways / Stagnan,TP: 16 | CL: 14,Normal,Tidak Ideal (< 1:1),Netral / Sideways,Netral / Sepi Berita,Normal / Sedang Transisi,Mendekati Fibo 38.2%,5,WAIT & SEE,TIDAK ADA,2026-08-20 16:40:00,Biasa / Mengikuti Pasar
16:40,TBIG,Token Mati (Perlu Update),Big Cap (Lapis 1),Fair Value (Wajar),21.8643,2.4543629,1410.0,1405,1330,1500,0.7142857142857143,141300,Normal,51,Positif,Uptrend,Bearish,Bullish MACD,Strong Downtrend (5<20<50),Normal,Akumulasi (Naik),Normal,Seimbang / Adu Mekanik,Normal,Sedang,Normal,Area Tengah,< 1 Miliar,Persis di VWAP,Akumulasi Pro (Smart Money),Gorengan Sepi (< 5M),Sepi (< 50%),Accumulation (Kumpul Barang),Normal,Normal,Naik 1 Hari Beruntun,TP: 1473 | CL: 1367,Normal,Menengah (1:1),Netral / Sideways,Sentimen Positif 📰,Normal / Sedang Transisi,Dekat Support Fibo 38.2%,6,WAIT & SEE,TIDAK ADA,2026-08-20 16:40:00,Biasa / Mengikuti Pasar
16:40,TBLA,Token Mati (Perlu Update),Mid Cap (Lapis 2),Undervalued (Murah),4.319728,0.41266993,635.0,629,600,665,1.6,2138200,Tembus MA20,56,Positif,Uptrend,Bearish,Bearish MACD,Konsolidasi / Transisi,Normal,Akumulasi (Naik),Normal,Seimbang / Adu Mekanik,Squeeze,Rendah,Normal,Area Tengah,> 1 Miliar,Di Atas VWAP (Kuat),Akumulasi Pro (Smart Money),Gorengan Sepi (< 5M),Anomali Tinggi (150-300%),Mark-Up (Fase Pesta),Normal,Normal,Naik 1 Hari Beruntun,TP: 658 | CL: 619,Open = Low (Bullish Kuat),Tidak Ideal (< 1:1),Netral / Sideways,Sentimen Positif 📰,Normal / Sedang Transisi,Dekat Support Fibo 23.6%,6,WAIT & SEE,TIDAK ADA,2026-08-20 16:40:00,Biasa / Mengikuti Pasar
16:40,TBMS,Token Mati (Perlu Update),Small Cap (Lapis 3),Overvalued (Mahal),64210.527,11619.048,1220.0,1191,1095,1400,2.092050209205021,28700,Normal,54,Positif,Uptrend,Bullish,Bullish MACD,Awal Reversal (5>20),Normal,Akumulasi (Naik),Gap Up (+4.2%),Dominan Jual (Guyur),Normal,Sedang,Normal,Rawan Pucuk (High Risk),< 1 Miliar,Di Atas VWAP (Kuat),Distribusi Pro (Guyuran),Gorengan Sepi (< 5M),Normal (50-150%),Accumulation (Kumpul Barang),Spesialis Tiang Jemuran (Banting Pucuk),Normal,Naik 2 Hari Beruntun,TP: 1316 | CL: 1155,Normal,Menengah (1:1),Golden Cross (Awal Bullish),Sentimen Positif 📰,Normal / Sedang Transisi,Dekat Support Fibo 50.0%,8,BELI,TIDAK ADA,2026-08-20 16:40:00,Biasa / Mengikuti Pasar
16:40,TCID,Token Mati (Perlu Update),Mid Cap (Lapis 2),Fair Value (Wajar),0.0,0.60010815,2700.0,2719,2600,2790,3.0534351145038165,800,Normal,48,Positif,Downtrend,Bearish,Strong Bearish,Strong Downtrend (5<20<50),Normal,Distribusi (Turun),Normal,Dominan Beli (Hajar Kanan),Squeeze,Rendah,Normal,Area Tengah,< 1 Miliar,Di Atas VWAP (Kuat),Distribusi Pro (Guyuran),Gorengan Sepi (< 5M),Sepi (< 50%),Mark-Down (Fase Runtuh),Normal,Normal,Naik 1 Hari Beruntun,TP: 2801 | CL: 2632,Normal,Tidak Ideal (< 1:1),Netral / Sideways,Sentimen Positif 📰,Supply Kering (Siap Pump) 🏜️,Golden Rebound Fibo 78.6% 🎯,3,WAIT & SEE,TIDAK ADA,2026-08-20 16:40:00,Biasa / Mengikuti Pasar
16:40,TELE,Token Mati (Perlu Update),Small Cap (Lapis 3),Fair Value (Wajar),0.0,-0.013883982,9.0,9,9,9,0.0,0,Normal,0,Negatif,Downtrend,Bearish,Bearish MACD,Konsolidasi / Transisi,Normal,Netral,Normal,Tidak Ada Transaksi,Squeeze,Rendah,Doji (Ragu-ragu),Dekat Support (Low Risk),< 1 Miliar,Di Atas VWAP (Kuat),Netral,Gorengan Sepi (< 5M),Normal (50-150%),Sideways,Solid (Jarang Dibanting),Normal,Sideways / Stagnan,TP: 10 | CL: 8,Normal,Di Area Support,Oversold (Jenuh Jual - Peluang),Netral / Sepi Berita,Normal / Sedang Transisi,Normal / Sideways,0,WAIT & SEE,TIDAK ADA,2026-08-20 16:40:00,Biasa / Mengikuti Pasar
16:40,TFCO,Token Mati (Perlu Update),Mid Cap (Lapis 2),Overvalued (Mahal),0.0,13076.924,850.0,781,710,850,0.0,400,Normal,65,Negatif,Uptrend,Bullish,Strong Bullish,Perfect Uptrend (5>20>50),Normal,Akumulasi (Naik),Gap Down (-5.9%),Dominan Beli (Hajar Kanan),Normal,Tinggi,Marubozu (Strong Bullish),Rawan Pucuk (High Risk),< 1 Miliar,Di Atas VWAP (Kuat),Akumulasi Pro (Smart Money),Gorengan Sepi (< 5M),Anomali Tinggi (150-300%),Mark-Up (Fase Pesta),Normal,Normal,Sideways / Stagnan,TP: 886 | CL: 825,Open = Low (Bullish Kuat),Tidak Ideal (< 1:1),Overbought (Jenuh Beli - Rawan),Sentimen Negatif ⚠️,Normal / Sedang Transisi,Mengambang (Jauh dari Fibo),6,WAIT & SEE,TIDAK ADA,2026-08-20 16:40:00,Biasa / Mengikuti Pasar
16:40,TGKA,Token Mati (Perlu Update),Mid Cap (Lapis 2),Fair Value (Wajar),10.58224,1.8379507,4880.0,4914,4700,5275,-2.0080321285140563,1000,Normal,47,Negatif,Downtrend,Bullish,Bearish MACD,Perfect Uptrend (5>20>50),Normal,Akumulasi (Naik),Normal,Seimbang / Adu Mekanik,Squeeze,Rendah,Normal,Area Tengah,< 1 Miliar,Di Bawah VWAP (Lemah),Distribusi Pro (Guyuran),Gorengan Sepi (< 5M),Sepi (< 50%),Distribution (Fase Jualan),Spesialis Tiang Jemuran (Banting Pucuk),Normal,Turun 3 Hari Beruntun,TP: 5075 | CL: 4750,Normal,Ideal (1:2),Netral / Sideways,Sentimen Positif 📰,Supply Kering (Siap Pump) 🏜️,Golden Rebound Fibo 50.0% 🎯,3,WAIT & SEE,TIDAK ADA,2026-08-20 16:40:00,Biasa / Mengikuti Pasar
16:40,TIFA,Token Mati (Perlu Update),Mid Cap (Lapis 2),Fair Value (Wajar),18.469387,1.0516407,364.0,319,250,414,-4.712041884816754,1771900,Tembus MA20,64,Negatif,Uptrend,Bullish,Strong Bullish,Perfect Uptrend (5>20>50),Distribusi Kuat,Akumulasi (Naik),Gap Up (+6.3%),Dominan Jual (Guyur),Normal,Tinggi,Normal,Rawan Pucuk (High Risk),< 1 Miliar,Persis di VWAP,Akumulasi Pro (Smart Money),Gorengan Sepi (< 5M),Ledakan Ekstrem (> 300%),Mark-Up (Fase Pesta),Spesialis Tiang Jemuran (Banting Pucuk),Normal,Turun 1 Hari Beruntun,TP: 411 | CL: 332,Normal,Tidak Ideal (< 1:1),Death Cross (Awal Bearish),Sentimen Positif 📰,Supply Banjir (Distribusi) 🌊,Dekat Support Fibo 23.6%,8,BELI,TIDAK ADA,2026-08-20 16:40:00,Biasa / Mengikuti Pasar
16:40,TINS,Token Mati (Perlu Update),Big Cap (Lapis 1),Fair Value (Wajar),7.9771285,2.8174744,4000.0,3746,3380,4120,-1.2345679012345678,46510000,Normal,63,Negatif,Uptrend,Bullish,Strong Bullish,Perfect Uptrend (5>20>50),Normal,Akumulasi (Naik),Normal,Dominan Jual (Guyur),Normal,Tinggi,Normal,Rawan Pucuk (High Risk),> 1 Miliar,Di Atas VWAP (Kuat),Distribusi Pro (Guyuran),Sultan (> 50M/hari),Normal (50-150%),Mark-Up (Fase Pesta),Spesialis Tiang Jemuran (Banting Pucuk),Normal,Turun 1 Hari Beruntun,TP: 4270 | CL: 3820,Normal,Tidak Ideal (< 1:1),Death Cross (Awal Bearish),Sentimen Positif 📰,Normal / Sedang Transisi,Mengambang (Jauh dari Fibo),6,WAIT & SEE,TIDAK ADA,2026-08-20 16:40:00,Biasa / Mengikuti Pasar
16:40,TIRA,Token Mati (Perlu Update),Small Cap (Lapis 3),Overvalued (Mahal),110.813705,1.3395284,414.0,465,396,530,0.0,47900,Normal,17,Negatif,Downtrend,Bearish,Strong Bearish,Strong Downtrend (5<20<50),Normal,Distribusi (Turun),Normal,Dominan Beli (Hajar Kanan),Normal,Tinggi,Hammer (Potensi Reversal),Area Tengah,< 1 Miliar,Persis di VWAP,Akumulasi Pro (Smart Money),Gorengan Sepi (< 5M),Sepi (< 50%),Mark-Down (Fase Runtuh),Solid (Jarang Dibanting),Jarum Bawah (Sinyal Pantulan Kuat),Sideways / Stagnan,TP: 449 | CL: 390,Open = High (Tekanan Jual),Sangat Menarik (> 1:3),Oversold (Jenuh Jual - Peluang),Netral / Sepi Berita,Normal / Sedang Transisi,Mendekati Fibo Bottom / 100%,1,WAIT & SEE,TIDAK ADA,2026-08-20 16:40:00,Biasa / Mengikuti Pasar
16:40,TIRT,Token Mati (Perlu Update),Small Cap (Lapis 3),Overvalued (Mahal),188.4984,-0.9891628,590.0,590,590,590,0.0,0,Normal,60,Negatif,Downtrend,Bearish,Bearish MACD,Konsolidasi / Transisi,Normal,Netral,Normal,Tidak Ada Transaksi,Squeeze,Rendah,Doji (Ragu-ragu),Dekat Support (Low Risk),< 1 Miliar,Di Atas VWAP (Kuat),Netral,Gorengan Sepi (< 5M),Normal (50-150%),Sideways,Solid (Jarang Dibanting),Normal,Sideways / Stagnan,TP: 591 | CL: 589,Normal,Di Area Support,Oversold (Jenuh Jual - Peluang),Netral / Sepi Berita,Normal / Sedang Transisi,Mendekati Fibo 38.2%,1,WAIT & SEE,TIDAK ADA,2026-08-20 16:40:00,Biasa / Mengikuti Pasar
16:40,TKIM,Token Mati (Perlu Update),Big Cap (Lapis 1),Overvalued (Mahal),3.1545367,8386.076,7975.0,6993,5850,8250,2.2435897435897436,1983600,Normal,76,Positif,Uptrend,Bullish,Strong Bullish,Perfect Uptrend (5>20>50),Normal,Akumulasi (Naik),Normal,Dominan Beli (Hajar Kanan),Normal,Tinggi,Marubozu (Strong Bullish),Rawan Pucuk (High Risk),> 1 Miliar,Di Atas VWAP (Kuat),Akumulasi Pro (Smart Money),Ritel Aktif (5M - 50M),Normal (50-150%),Mark-Up (Fase Pesta),Spesialis Tiang Jemuran (Banting Pucuk),Normal,Naik 1 Hari Beruntun,TP: 8430 | CL: 7671,Open = Low (Bullish Kuat),Tidak Ideal (< 1:1),Overbought (Jenuh Beli - Rawan),Sentimen Positif 📰,Normal / Sedang Transisi,Mengambang (Jauh dari Fibo),8,BELI,TIDAK ADA,2026-08-20 16:40:00,Biasa / Mengikuti Pasar
16:40,TLKM,Token Mati (Perlu Update),Big Cap (Lapis 1),Fair Value (Wajar),14.577259,1.911301,2600.0,2636,2540,2790,0.0,61333500,Normal,48,Negatif,Downtrend,Bearish,Strong Bearish,Konsolidasi / Transisi,Normal,Akumulasi (Naik),Normal,Seimbang / Adu Mekanik,Normal,Sedang,Normal,Dekat Support (Low Risk),> 1 Miliar,Persis di VWAP,Distribusi Pro (Guyuran),Sultan (> 50M/hari),Normal (50-150%),Distribution (Fase Jualan),Normal,Normal,Sideways / Stagnan,TP: 2701 | CL: 2532,Normal,Sangat Menarik (> 1:3),Oversold (Jenuh Jual - Peluang),Sentimen Positif 📰,Normal / Sedang Transisi,Golden Rebound Fibo 50.0% 🎯,2,WAIT & SEE,TIDAK ADA,2026-08-20 16:40:00,Biasa / Mengikuti Pasar
16:40,TMAS,Token Mati (Perlu Update),Mid Cap (Lapis 2),Fair Value (Wajar),11.25,2.3699179,135.0,125,116,138,0.0,4575900,Normal,70,Negatif,Uptrend,Bullish,Strong Bullish,Perfect Uptrend (5>20>50),Normal,Akumulasi (Naik),Gap Down (-3.0%),Seimbang / Adu Mekanik,Normal,Tinggi,Normal,Rawan Pucuk (High Risk),< 1 Miliar,Di Atas VWAP (Kuat),Akumulasi Pro (Smart Money),Gorengan Sepi (< 5M),Normal (50-150%),Mark-Up (Fase Pesta),Normal,Normal,Sideways / Stagnan,TP: 141 | CL: 130,Open = Low (Bullish Kuat),Tidak Ideal (< 1:1),Overbought (Jenuh Beli - Rawan),Sentimen Positif 📰,Normal / Sedang Transisi,Mendekati Fibo 23.6%,6,WAIT & SEE,TIDAK ADA,2026-08-20 16:40:00,Biasa / Mengikuti Pasar
16:40,TMPO,Token Mati (Perlu Update),Small Cap (Lapis 3),Overvalued (Mahal),37.11111,0.75958467,167.0,144,103,220,-2.9069767441860463,11351200,Normal,58,Negatif,Uptrend,Bullish,Strong Bullish,Perfect Uptrend (5>20>50),Normal,Akumulasi (Naik),Normal,Dominan Jual (Guyur),Normal,Tinggi,Normal,Rawan Pucuk (High Risk),> 1 Miliar,Di Bawah VWAP (Lemah),Distribusi Pro (Guyuran),Ritel Aktif (5M - 50M),Sepi (< 50%),Mark-Up (Fase Pesta),Spesialis Tiang Jemuran (Banting Pucuk),Normal,Turun 3 Hari Beruntun,TP: 209 | CL: 139,Normal,Tidak Ideal (< 1:1),Death Cross (Awal Bearish),Netral / Sepi Berita,Normal / Sedang Transisi,Dekat Support Fibo 38.2%,5,WAIT & SEE,TIDAK ADA,2026-08-20 16:40:00,Biasa / Mengikuti Pasar
16:40,TOBA,Token Mati (Perlu Update),Mid Cap (Lapis 2),Overvalued (Mahal),0.0,23863.637,525.0,492,438,565,2.941176470588235,15031500,Tembus MA20,61,Positif,Uptrend,Bullish,Bearish MACD,Perfect Uptrend (5>20>50),Normal,Distribusi (Turun),Gap Up (+2.9%),Seimbang / Adu Mekanik,Normal,Tinggi,Doji (Ragu-ragu),Rawan Pucuk (High Risk),> 1 Miliar,Di Atas VWAP (Kuat),Distribusi Pro (Guyuran),Ritel Aktif (5M - 50M),Normal (50-150%),Mark-Up (Fase Pesta),Normal,Jarum Bawah (Sinyal Pantulan Kuat),Naik 1 Hari Beruntun,TP: 573 | CL: 492,Normal,Tidak Ideal (< 1:1),Netral / Sideways,Netral / Sepi Berita,Normal / Sedang Transisi,Mendekati Fibo 23.6%,6,WAIT & SEE,TIDAK ADA,2026-08-20 16:40:00,Biasa / Mengikuti Pasar
16:40,TOTL,Token Mati (Perlu Update),Mid Cap (Lapis 2),Overvalued (Mahal),9.203481,3.8217585,1375.0,1249,1040,1485,-1.4336917562724014,6395300,Tembus MA20,67,Negatif,Uptrend,Bullish,Strong Bullish,Perfect Uptrend (5>20>50),Normal,Akumulasi (Naik),Normal,Dominan Beli (Hajar Kanan),Normal,Tinggi,Hammer (Potensi Reversal),Rawan Pucuk (High Risk),> 1 Miliar,Di Bawah VWAP (Lemah),Akumulasi Pro (Smart Money),Ritel Aktif (5M - 50M),Normal (50-150%),Mark-Up (Fase Pesta),Normal,Jarum Bawah (Sinyal Pantulan Kuat),Turun 2 Hari Beruntun,TP: 1467 | CL: 1313,Open = High (Tekanan Jual),Tidak Ideal (< 1:1),Death Cross (Awal Bearish),Sentimen Positif 📰,Normal / Sedang Transisi,Golden Rebound Fibo 23.6% 🎯,8,BELI,TIDAK ADA,2026-08-20 16:40:00,Biasa / Mengikuti Pasar
16:40,TOTO,Token Mati (Perlu Update),Mid Cap (Lapis 2),Undervalued (Murah),9.028309,0.951168,236.0,236,226,246,0.8547008547008548,112000,Normal,50,Positif,Downtrend,Bearish,Strong Bearish,Konsolidasi / Transisi,Normal,Akumulasi (Naik),Normal,Dominan Beli (Hajar Kanan),Normal,Sedang,Doji (Ragu-ragu),Area Tengah,< 1 Miliar,Di Atas VWAP (Kuat),Akumulasi Pro (Smart Money),Gorengan Sepi (< 5M),Sepi (< 50%),Distribution (Fase Jualan),Normal,Jarum Bawah (Sinyal Pantulan Kuat),Naik 1 Hari Beruntun,TP: 242 | CL: 231,Normal,Menengah (1:1),Netral / Sideways,Sentimen Positif 📰,Normal / Sedang Transisi,Golden Rebound Fibo 38.2% 🎯,4,WAIT & SEE,TIDAK ADA,2026-08-20 16:40:00,Biasa / Mengikuti Pasar
16:40,TOWR,Token Mati (Perlu Update),Big Cap (Lapis 1),Undervalued (Murah),6.295969,0.866488,430.0,404,384,442,1.8957345971563981,23548000,Normal,68,Positif,Uptrend,Golden Cross,Strong Bullish,Perfect Uptrend (5>20>50),Normal,Akumulasi (Naik),Normal,Seimbang / Adu Mekanik,Breakout Upper,Sedang,Normal,Rawan Pucuk (High Risk),> 1 Miliar,Di Atas VWAP (Kuat),Akumulasi Pro (Smart Money),Ritel Aktif (5M - 50M),Sepi (< 50%),Mark-Up (Fase Pesta),Spesialis Tiang Jemuran (Banting Pucuk),Normal,Naik 1 Hari Beruntun,TP: 451 | CL: 415,Normal,Tidak Ideal (< 1:1),Netral / Sideways,Sentimen Positif 📰,Normal / Sedang Transisi,Mendekati Fibo 23.6%,7,BELI,TIDAK ADA,2026-08-20 16:40:00,Biasa / Mengikuti Pasar
16:40,TPIA,Token Mati (Perlu Update),Big Cap (Lapis 1),Overvalued (Mahal),138.3427,42826.086,1970.0,2089,1940,2370,1.0256410256410255,156825700,Normal,45,Positif,Downtrend,Bearish,Strong Bearish,Konsolidasi / Transisi,Normal,Distribusi (Turun),Normal,Dominan Jual (Guyur),Bottom Rebound,Sedang,Normal,Dekat Support (Low Risk),> 1 Miliar,Di Bawah VWAP (Lemah),Distribusi Pro (Guyuran),Sultan (> 50M/hari),Sepi (< 50%),Distribution (Fase Jualan),Normal,Normal,Naik 1 Hari Beruntun,TP: 2114 | CL: 1873,Normal,Sangat Menarik (> 1:3),Oversold (Jenuh Jual - Peluang),Sentimen Negatif ⚠️,Normal / Sedang Transisi,Mendekati Fibo 61.8% (Golden Ratio),1,WAIT & SEE,TIDAK ADA,2026-08-20 16:40:00,Biasa / Mengikuti Pasar
16:40,TPMA,Token Mati (Perlu Update),Mid Cap (Lapis 2),Overvalued (Mahal),7.791328,12105.264,460.0,457,436,470,0.43668122270742354,1496400,Normal,56,Positif,Uptrend,Bullish,Bearish MACD,Perfect Uptrend (5>20>50),Normal,Akumulasi (Naik),Normal,Seimbang / Adu Mekanik,Squeeze,Rendah,Normal,Area Tengah,< 1 Miliar,Persis di VWAP,Akumulasi Pro (Smart Money),Gorengan Sepi (< 5M),Normal (50-150%),Mark-Up (Fase Pesta),Normal,Normal,Naik 1 Hari Beruntun,TP: 471 | CL: 452,Normal,Tidak Ideal (< 1:1),Netral / Sideways,Sentimen Positif 📰,Normal / Sedang Transisi,Mendekati Fibo 38.2%,6,WAIT & SEE,TIDAK ADA,2026-08-20 16:40:00,Biasa / Mengikuti Pasar
16:40,TRIM,Token Mati (Perlu Update),Mid Cap (Lapis 2),Fair Value (Wajar),5.9559264,1.8233314,615.0,589,545,655,2.5,619200,Tembus MA20,63,Positif,Uptrend,Bullish,Strong Bullish,Perfect Uptrend (5>20>50),Normal,Akumulasi (Naik),Normal,Dominan Beli (Hajar Kanan),Normal,Sedang,Marubozu (Strong Bullish),Rawan Pucuk (High Risk),< 1 Miliar,Di Atas VWAP (Kuat),Akumulasi Pro (Smart Money),Gorengan Sepi (< 5M),Anomali Tinggi (150-300%),Mark-Up (Fase Pesta),Spesialis Tiang Jemuran (Banting Pucuk),Normal,Naik 2 Hari Beruntun,TP: 667 | CL: 580,Open = Low (Bullish Kuat),Tidak Ideal (< 1:1),Netral / Sideways,Netral / Sepi Berita,Normal / Sedang Transisi,Dekat Support Fibo 23.6%,8,BELI,TIDAK ADA,2026-08-20 16:40:00,Biasa / Mengikuti Pasar
16:40,TRIS,Token Mati (Perlu Update),Small Cap (Lapis 3),Overvalued (Mahal),47.049225,0.9547514,173.0,169,164,188,0.5813953488372093,833700,Normal,58,Positif,Uptrend,Bullish,Strong Bullish,Perfect Uptrend (5>20>50),Normal,Akumulasi (Naik),Normal,Dominan Beli (Hajar Kanan),Squeeze,Rendah,Normal,Area Tengah,< 1 Miliar,Di Atas VWAP (Kuat),Akumulasi Pro (Smart Money),Gorengan Sepi (< 5M),Normal (50-150%),Mark-Up (Fase Pesta),Spesialis Tiang Jemuran (Banting Pucuk),Jarum Bawah (Sinyal Pantulan Kuat),Naik 3 Hari Beruntun,TP: 182 | CL: 166,Normal,Ideal (1:2),Golden Cross (Awal Bullish),Sentimen Positif 📰,Normal / Sedang Transisi,Mendekati Fibo 50.0%,8,BELI,TIDAK ADA,2026-08-20 16:40:00,Biasa / Mengikuti Pasar
16:40,TRST,Token Mati (Perlu Update),Mid Cap (Lapis 2),Undervalued (Murah),11.417225,0.49658597,460.0,460,440,482,-0.4329004329004329,14900,Normal,47,Negatif,Downtrend,Bearish,Bullish MACD,Strong Downtrend (5<20<50),Normal,Akumulasi (Naik),Normal,Dominan Beli (Hajar Kanan),Squeeze,Rendah,Doji (Ragu-ragu),Area Tengah,< 1 Miliar,Persis di VWAP,Akumulasi Pro (Smart Money),Gorengan Sepi (< 5M),Sepi (< 50%),Mark-Down (Fase Runtuh),Normal,Jarum Bawah (Sinyal Pantulan Kuat),Turun 1 Hari Beruntun,TP: 483 | CL: 444,Normal,Menengah (1:1),Golden Cross (Awal Bullish),Sentimen Positif 📰,Normal / Sedang Transisi,Golden Rebound Fibo 38.2% 🎯,4,WAIT & SEE,TIDAK ADA,2026-08-20 16:40:00,Biasa / Mengikuti Pasar
16:40,TRUS,Token Mati (Perlu Update),Small Cap (Lapis 3),Fair Value (Wajar),16.719301,0.86222583,448.0,413,380,490,-5.084745762711865,448500,Tembus MA20,60,Negatif,Uptrend,Bullish,Strong Bullish,Perfect Uptrend (5>20>50),Normal,Akumulasi (Naik),Normal,Dominan Jual (Guyur),Normal,Tinggi,Normal,Rawan Pucuk (High Risk),< 1 Miliar,Persis di VWAP,Akumulasi Pro (Smart Money),Gorengan Sepi (< 5M),Normal (50-150%),Mark-Up (Fase Pesta),Normal,Normal,Turun 1 Hari Beruntun,TP: 482 | CL: 424,Normal,Tidak Ideal (< 1:1),Netral / Sideways,Netral / Sepi Berita,Supply Banjir (Distribusi) 🌊,Mendekati Fibo 50.0%,6,WAIT & SEE,TIDAK ADA,2026-08-20 16:40:00,Biasa / Mengikuti Pasar
16:40,TSPC,Token Mati (Perlu Update),Big Cap (Lapis 1),Undervalued (Murah),8.384657,1.2736145,2750.0,2792,2620,2900,0.36496350364963503,1247300,Tembus MA20,54,Positif,Downtrend,Bearish,Bearish MACD,Konsolidasi / Transisi,Normal,Distribusi (Turun),Normal,Dominan Beli (Hajar Kanan),Normal,Sedang,Marubozu (Strong Bullish),Area Tengah,> 1 Miliar,Persis di VWAP,Akumulasi Pro (Smart Money),Gorengan Sepi (< 5M),Normal (50-150%),Distribution (Fase Jualan),Solid (Jarang Dibanting),Normal,Naik 1 Hari Beruntun,TP: 2833 | CL: 2694,Open = Low (Bullish Kuat),Menengah (1:1),Netral / Sideways,Sentimen Positif 📰,Normal / Sedang Transisi,Dekat Support Fibo 23.6%,5,WAIT & SEE,TIDAK ADA,2026-08-20 16:40:00,Biasa / Mengikuti Pasar
16:40,ULTJ,Token Mati (Perlu Update),Big Cap (Lapis 1),Fair Value (Wajar),8.644117,1.961165,1495.0,1462,1335,1530,-0.33333333333333337,2113800,Normal,59,Negatif,Uptrend,Bullish,Strong Bullish,Perfect Uptrend (5>20>50),Normal,Distribusi (Turun),Normal,Dominan Jual (Guyur),Normal,Tinggi,Normal,Rawan Pucuk (High Risk),> 1 Miliar,Persis di VWAP,Distribusi Pro (Guyuran),Gorengan Sepi (< 5M),Normal (50-150%),Mark-Up (Fase Pesta),Spesialis Tiang Jemuran (Banting Pucuk),Normal,Turun 3 Hari Beruntun,TP: 1544 | CL: 1462,Normal,Tidak Ideal (< 1:1),Death Cross (Awal Bearish),Sentimen Positif 📰,Normal / Sedang Transisi,Dekat Support Fibo 38.2%,5,WAIT & SEE,TIDAK ADA,2026-08-20 16:40:00,Biasa / Mengikuti Pasar
16:40,UNIC,Token Mati (Perlu Update),Mid Cap (Lapis 2),Overvalued (Mahal),5.7880783,18649.814,15125.0,14433,12575,16100,-0.3294892915980231,29600,Tembus MA20,72,Negatif,Uptrend,Bullish,Bearish MACD,Perfect Uptrend (5>20>50),Normal,Distribusi (Turun),Normal,Dominan Jual (Guyur),Normal,Tinggi,Normal,Rawan Pucuk (High Risk),< 1 Miliar,Persis di VWAP,Distribusi Pro (Guyuran),Gorengan Sepi (< 5M),Normal (50-150%),Mark-Up (Fase Pesta),Spesialis Tiang Jemuran (Banting Pucuk),Normal,Turun 1 Hari Beruntun,TP: 16164 | CL: 14432,Normal,Tidak Ideal (< 1:1),Death Cross (Awal Bearish),Sentimen Positif 📰,Normal / Sedang Transisi,Dekat Support Fibo 23.6%,5,WAIT & SEE,TIDAK ADA,2026-08-20 16:40:00,Biasa / Mengikuti Pasar
16:40,UNSP,Token Mati (Perlu Update),Mid Cap (Lapis 2),Fair Value (Wajar),0.0,-0.09298714,206.0,206,206,206,0.0,0,Normal,41,Negatif,Downtrend,Bearish,Bullish MACD,Konsolidasi / Transisi,Normal,Netral,Normal,Tidak Ada Transaksi,Squeeze,Rendah,Doji (Ragu-ragu),Dekat Support (Low Risk),< 1 Miliar,Di Atas VWAP (Kuat),Netral,Gorengan Sepi (< 5M),Normal (50-150%),Sideways,Solid (Jarang Dibanting),Normal,Sideways / Stagnan,TP: 207 | CL: 205,Normal,Di Area Support,Oversold (Jenuh Jual - Peluang),Netral / Sepi Berita,Normal / Sedang Transisi,Mengambang (Jauh dari Fibo),1,WAIT & SEE,TIDAK ADA,2026-08-20 16:40:00,Biasa / Mengikuti Pasar
16:40,UNTR,Token Mati (Perlu Update),Big Cap (Lapis 1),Undervalued (Murah),11.301947,0.8892233,23900.0,24065,23075,26175,1.378579003181336,4067900,Normal,48,Positif,Downtrend,Bearish,Strong Bearish,Konsolidasi / Transisi,Normal,Akumulasi (Naik),Normal,Dominan Beli (Hajar Kanan),Normal,Sedang,Normal,Area Tengah,> 1 Miliar,Di Atas VWAP (Kuat),Distribusi Pro (Guyuran),Sultan (> 50M/hari),Normal (50-150%),Distribution (Fase Jualan),Normal,Jarum Bawah (Sinyal Pantulan Kuat),Naik 4 Hari Beruntun,TP: 24644 | CL: 23403,Normal,Ideal (1:2),Golden Cross (Awal Bullish),Sentimen Negatif ⚠️,Normal / Sedang Transisi,Golden Rebound Fibo 50.0% 🎯,3,WAIT & SEE,TIDAK ADA,2026-08-20 16:40:00,Biasa / Mengikuti Pasar
16:40,UNVR,Token Mati (Perlu Update),Big Cap (Lapis 1),Overvalued (Mahal),18.709217,10.624439,1830.0,1758,1670,1845,2.8089887640449436,15432800,Tembus MA20,60,Positif,Uptrend,Bullish,Strong Bullish,Perfect Uptrend (5>20>50),Normal,Akumulasi (Naik),Normal,Dominan Beli (Hajar Kanan),Normal,Sedang,Normal,Area Tengah,> 1 Miliar,Di Atas VWAP (Kuat),Akumulasi Pro (Smart Money),Ritel Aktif (5M - 50M),Normal (50-150%),Mark-Up (Fase Pesta),Solid (Jarang Dibanting),Normal,Naik 1 Hari Beruntun,TP: 1902 | CL: 1781,Normal,Tidak Ideal (< 1:1),Netral / Sideways,Sentimen Positif 📰,Normal / Sedang Transisi,Mendekati Fibo 23.6%,9,BELI,TIDAK ADA,2026-08-20 16:40:00,Biasa / Mengikuti Pasar
16:40,VICO,Token Mati (Perlu Update),Mid Cap (Lapis 2),Undervalued (Murah),14.784394,0.5926926,144.0,141,137,154,-0.6896551724137931,79800,Normal,61,Negatif,Uptrend,Bullish,Strong Bullish,Perfect Uptrend (5>20>50),Normal,Akumulasi (Naik),Normal,Dominan Jual (Guyur),Squeeze,Rendah,Normal,Area Tengah,< 1 Miliar,Persis di VWAP,Distribusi Pro (Guyuran),Gorengan Sepi (< 5M),Normal (50-150%),Mark-Up (Fase Pesta),Spesialis Tiang Jemuran (Banting Pucuk),Normal,Turun 1 Hari Beruntun,TP: 152 | CL: 138,Normal,Menengah (1:1),Netral / Sideways,Sentimen Positif 📰,Normal / Sedang Transisi,Mendekati Fibo 50.0%,6,WAIT & SEE,TIDAK ADA,2026-08-20 16:40:00,Biasa / Mengikuti Pasar
16:40,VINS,Token Mati (Perlu Update),Small Cap (Lapis 3),Fair Value (Wajar),18.119614,0.9074065,143.0,141,130,148,0.7042253521126761,443900,Tembus MA20,56,Positif,Uptrend,Bullish,Strong Bullish,Perfect Uptrend (5>20>50),Normal,Akumulasi (Naik),Normal,Dominan Beli (Hajar Kanan),Squeeze,Rendah,Doji (Ragu-ragu),Rawan Pucuk (High Risk),< 1 Miliar,Persis di VWAP,Akumulasi Pro (Smart Money),Gorengan Sepi (< 5M),Ledakan Ekstrem (> 300%),Mark-Up (Fase Pesta),Spesialis Tiang Jemuran (Banting Pucuk),Jarum Bawah (Sinyal Pantulan Kuat),Naik 1 Hari Beruntun,TP: 151 | CL: 137,Normal,Tidak Ideal (< 1:1),Netral / Sideways,Netral / Sepi Berita,Normal / Sedang Transisi,Mendekati Fibo 38.2%,8,BELI,TIDAK ADA,2026-08-20 16:40:00,Biasa / Mengikuti Pasar
16:40,VIVA,Token Mati (Perlu Update),Small Cap (Lapis 3),Overvalued (Mahal),0.65181327,9.307836,55.0,49,35,63,-5.172413793103448,39797100,Normal,60,Negatif,Uptrend,Bullish,Strong Bullish,Perfect Uptrend (5>20>50),Normal,Akumulasi (Naik),Normal,Dominan Jual (Guyur),Normal,Tinggi,Normal,Rawan Pucuk (High Risk),> 1 Miliar,Di Bawah VWAP (Lemah),Akumulasi Pro (Smart Money),Gorengan Sepi (< 5M),Sepi (< 50%),Mark-Up (Fase Pesta),Normal,Normal,Turun 2 Hari Beruntun,TP: 60 | CL: 51,Open = High (Tekanan Jual),Tidak Ideal (< 1:1),Death Cross (Awal Bearish),Netral / Sepi Berita,Normal / Sedang Transisi,Dekat Support Fibo 23.6%,5,WAIT & SEE,TIDAK ADA,2026-08-20 16:40:00,Biasa / Mengikuti Pasar
16:40,VOKS,Token Mati (Perlu Update),Small Cap (Lapis 3),Fair Value (Wajar),0.0,1.72608,236.0,216,196,270,1.7241379310344827,1030400,Normal,60,Positif,Uptrend,Bullish,Strong Bullish,Perfect Uptrend (5>20>50),Normal,Akumulasi (Naik),Normal,Dominan Beli (Hajar Kanan),Normal,Tinggi,Normal,Rawan Pucuk (High Risk),< 1 Miliar,Di Atas VWAP (Kuat),Akumulasi Pro (Smart Money),Gorengan Sepi (< 5M),Sepi (< 50%),Mark-Up (Fase Pesta),Spesialis Tiang Jemuran (Banting Pucuk),Jarum Bawah (Sinyal Pantulan Kuat),Naik 2 Hari Beruntun,TP: 262 | CL: 218,Normal,Tidak Ideal (< 1:1),Netral / Sideways,Sentimen Positif 📰,Normal / Sedang Transisi,Mendekati Fibo 50.0%,8,BELI,TIDAK ADA,2026-08-20 16:40:00,Biasa / Mengikuti Pasar
16:40,VRNA,Token Mati (Perlu Update),Small Cap (Lapis 3),Overvalued (Mahal),108.85341,0.5733112,75.0,75,70,84,2.73972602739726,377000,Normal,50,Positif,Downtrend,Bearish,Strong Bearish,Konsolidasi / Transisi,Normal,Distribusi (Turun),Normal,Dominan Beli (Hajar Kanan),Squeeze,Rendah,Marubozu (Strong Bullish),Area Tengah,< 1 Miliar,Persis di VWAP,Distribusi Pro (Guyuran),Gorengan Sepi (< 5M),Sepi (< 50%),Distribution (Fase Jualan),Spesialis Tiang Jemuran (Banting Pucuk),Normal,Naik 1 Hari Beruntun,TP: 80 | CL: 71,Open = Low (Bullish Kuat),Ideal (1:2),Golden Cross (Awal Bullish),Netral / Sepi Berita,Normal / Sedang Transisi,Dekat Support Fibo 61.8% (Golden Ratio),2,WAIT & SEE,TIDAK ADA,2026-08-20 16:40:00,Biasa / Mengikuti Pasar
16:40,WAPO,Token Mati (Perlu Update),Small Cap (Lapis 3),Fair Value (Wajar),0.0,2.790906,137.0,127,117,156,0.7352941176470588,488700,Normal,68,Positif,Uptrend,Bullish,Strong Bullish,Perfect Uptrend (5>20>50),Normal,Akumulasi (Naik),Normal,Dominan Beli (Hajar Kanan),Normal,Tinggi,Normal,Rawan Pucuk (High Risk),< 1 Miliar,Di Bawah VWAP (Lemah),Distribusi Pro (Guyuran),Gorengan Sepi (< 5M),Sepi (< 50%),Mark-Up (Fase Pesta),Spesialis Tiang Jemuran (Banting Pucuk),Normal,Naik 1 Hari Beruntun,TP: 148 | CL: 129,Normal,Tidak Ideal (< 1:1),Netral / Sideways,Sentimen Positif 📰,Normal / Sedang Transisi,Mendekati Fibo 38.2%,8,BELI,TIDAK ADA,2026-08-20 16:40:00,Biasa / Mengikuti Pasar
16:40,WEHA,Token Mati (Perlu Update),Small Cap (Lapis 3),Undervalued (Murah),7.5405216,0.6017524,107.0,106,99,117,1.9047619047619049,3388000,Normal,51,Positif,Uptrend,Bullish,Bearish MACD,Perfect Uptrend (5>20>50),Normal,Akumulasi (Naik),Normal,Seimbang / Adu Mekanik,Normal,Sedang,Normal,Area Tengah,< 1 Miliar,Di Bawah VWAP (Lemah),Distribusi Pro (Guyuran),Gorengan Sepi (< 5M),Sepi (< 50%),Mark-Up (Fase Pesta),Spesialis Tiang Jemuran (Banting Pucuk),Normal,Naik 1 Hari Beruntun,TP: 115 | CL: 101,Open = Low (Bullish Kuat),Menengah (1:1),Netral / Sideways,Sentimen Positif 📰,Normal / Sedang Transisi,Mengambang (Jauh dari Fibo),6,WAIT & SEE,TIDAK ADA,2026-08-20 16:40:00,Biasa / Mengikuti Pasar
16:40,WICO,Token Mati (Perlu Update),Small Cap (Lapis 3),Fair Value (Wajar),0.0,-1.3363609,123.0,123,123,123,0.0,0,Normal,0,Negatif,Downtrend,Bearish,Bearish MACD,Konsolidasi / Transisi,Normal,Netral,Normal,Tidak Ada Transaksi,Squeeze,Rendah,Doji (Ragu-ragu),Dekat Support (Low Risk),< 1 Miliar,Di Atas VWAP (Kuat),Netral,Gorengan Sepi (< 5M),Normal (50-150%),Sideways,Solid (Jarang Dibanting),Normal,Sideways / Stagnan,TP: 124 | CL: 122,Normal,Di Area Support,Oversold (Jenuh Jual - Peluang),Netral / Sepi Berita,Normal / Sedang Transisi,Normal / Sideways,0,WAIT & SEE,TIDAK ADA,2026-08-20 16:40:00,Biasa / Mengikuti Pasar
16:40,WIIM,Token Mati (Perlu Update),Mid Cap (Lapis 2),Fair Value (Wajar),6.273571,1.530842,1725.0,1725,1570,1855,-0.2890173410404624,3064800,Tembus MA20,53,Negatif,Downtrend,Bullish,Bearish MACD,Perfect Uptrend (5>20>50),Distribusi Kuat,Distribusi (Turun),Normal,Dominan Jual (Guyur),Normal,Tinggi,Normal,Area Tengah,> 1 Miliar,Persis di VWAP,Distribusi Pro (Guyuran),Gorengan Sepi (< 5M),Anomali Tinggi (150-300%),Distribution (Fase Jualan),Normal,Normal,Turun 2 Hari Beruntun,TP: 1811 | CL: 1667,Normal,Tidak Ideal (< 1:1),Netral / Sideways,Sentimen Positif 📰,Normal / Sedang Transisi,Dekat Support Fibo 23.6%,4,WAIT & SEE,TIDAK ADA,2026-08-20 16:40:00,Biasa / Mengikuti Pasar
16:40,WIKA,Token Mati (Perlu Update),Mid Cap (Lapis 2),Fair Value (Wajar),0.0,-4.0231924,204.0,204,204,204,0.0,0,Normal,0,Negatif,Downtrend,Bearish,Bearish MACD,Konsolidasi / Transisi,Normal,Netral,Normal,Tidak Ada Transaksi,Squeeze,Rendah,Doji (Ragu-ragu),Dekat Support (Low Risk),< 1 Miliar,Di Atas VWAP (Kuat),Netral,Gorengan Sepi (< 5M),Normal (50-150%),Sideways,Solid (Jarang Dibanting),Normal,Sideways / Stagnan,TP: 205 | CL: 203,Normal,Di Area Support,Oversold (Jenuh Jual - Peluang),Netral / Sepi Berita,Normal / Sedang Transisi,Normal / Sideways,0,WAIT & SEE,TIDAK ADA,2026-08-20 16:40:00,Biasa / Mengikuti Pasar
16:40,WINS,Token Mati (Perlu Update),Mid Cap (Lapis 2),Overvalued (Mahal),6.148261,13125.0,525.0,513,494,535,1.9417475728155338,1859900,Normal,56,Positif,Uptrend,Bullish,Strong Bullish,Awal Reversal (5>20),Normal,Akumulasi (Naik),Normal,Dominan Beli (Hajar Kanan),Squeeze,Rendah,Marubozu (Strong Bullish),Area Tengah,< 1 Miliar,Di Atas VWAP (Kuat),Distribusi Pro (Guyuran),Gorengan Sepi (< 5M),Sepi (< 50%),Accumulation (Kumpul Barang),Normal,Normal,Naik 1 Hari Beruntun,TP: 548 | CL: 509,Open = Low (Bullish Kuat),Tidak Ideal (< 1:1),Netral / Sideways,Sentimen Positif 📰,Normal / Sedang Transisi,Mendekati Fibo 38.2%,8,BELI,TIDAK ADA,2026-08-20 16:40:00,Biasa / Mengikuti Pasar
16:40,WOMF,Token Mati (Perlu Update),Small Cap (Lapis 3),Undervalued (Murah),6.3978376,0.49856487,284.0,263,246,306,0.0,262800,Normal,70,Negatif,Uptrend,Bullish,Strong Bullish,Perfect Uptrend (5>20>50),Normal,Akumulasi (Naik),Gap Up (+2.1%),Seimbang / Adu Mekanik,Normal,Tinggi,Normal,Rawan Pucuk (High Risk),< 1 Miliar,Di Atas VWAP (Kuat),Akumulasi Pro (Smart Money),Gorengan Sepi (< 5M),Normal (50-150%),Mark-Up (Fase Pesta),Spesialis Tiang Jemuran (Banting Pucuk),Normal,Sideways / Stagnan,TP: 306 | CL: 268,Open = High (Tekanan Jual),Tidak Ideal (< 1:1),Netral / Sideways,Sentimen Positif 📰,Normal / Sedang Transisi,Mendekati Fibo 38.2%,7,BELI,TIDAK ADA,2026-08-20 16:40:00,Biasa / Mengikuti Pasar
16:40,WTON,Token Mati (Perlu Update),Small Cap (Lapis 3),Fair Value (Wajar),17.710583,0.19691847,82.0,77,73,95,1.2345679012345678,6970300,Normal,62,Positif,Uptrend,Bullish,Strong Bullish,Perfect Uptrend (5>20>50),Normal,Akumulasi (Naik),Normal,Dominan Beli (Hajar Kanan),Normal,Tinggi,Normal,Rawan Pucuk (High Risk),< 1 Miliar,Di Atas VWAP (Kuat),Akumulasi Pro (Smart Money),Gorengan Sepi (< 5M),Sepi (< 50%),Mark-Up (Fase Pesta),Normal,Normal,Naik 3 Hari Beruntun,TP: 88 | CL: 77,Normal,Menengah (1:1),Golden Cross (Awal Bullish),Sentimen Positif 📰,Normal / Sedang Transisi,Dekat Support Fibo 38.2%,8,BELI,TIDAK ADA,2026-08-20 16:40:00,Biasa / Mengikuti Pasar
16:40,YPAS,Token Mati (Perlu Update),Small Cap (Lapis 3),Overvalued (Mahal),40.57734,8.062378,1485.0,790,550,1680,8.394160583941606,1117900,Tembus MA20,92,Positif,Uptrend,Bullish,Strong Bullish,Perfect Uptrend (5>20>50),Akumulasi Kuat,Akumulasi (Naik),Normal,Seimbang / Adu Mekanik,Breakout Upper,Tinggi,Normal,Rawan Pucuk (High Risk),> 1 Miliar,Di Atas VWAP (Kuat),Akumulasi Pro (Smart Money),Gorengan Sepi (< 5M),Normal (50-150%),Mark-Up (Fase Pesta),Spesialis Tiang Jemuran (Banting Pucuk),Normal,Naik 1 Hari Beruntun,TP: 1696 | CL: 1343,Open = Low (Bullish Kuat),Tidak Ideal (< 1:1),Overbought (Jenuh Beli - Rawan),Netral / Sepi Berita,Normal / Sedang Transisi,Mendekati Fibo 23.6%,8,BELI,TIDAK ADA,2026-08-20 16:40:00,⚠️ Anomali (Sudah Terbang)
16:40,YULE,Token Mati (Perlu Update),Mid Cap (Lapis 2),Overvalued (Mahal),79.422386,8.083666,3520.0,3449,3260,3780,0.8595988538681949,100,Normal,58,Positif,Uptrend,Bullish,Strong Bullish,Perfect Uptrend (5>20>50),Normal,Distribusi (Turun),Normal,Tidak Ada Transaksi,Squeeze,Rendah,Doji (Ragu-ragu),Area Tengah,< 1 Miliar,Di Atas VWAP (Kuat),Distribusi Pro (Guyuran),Gorengan Sepi (< 5M),Sepi (< 50%),Mark-Up (Fase Pesta),Normal,Normal,Naik 1 Hari Beruntun,TP: 3742 | CL: 3371,Normal,Menengah (1:1),Netral / Sideways,Sentimen Positif 📰,Supply Kering (Siap Pump) 🏜️,Golden Rebound Fibo 61.8% (Golden Ratio) 🎯,6,WAIT & SEE,TIDAK ADA,2026-08-20 16:40:00,Biasa / Mengikuti Pasar
16:40,ZBRA,Token Mati (Perlu Update),Small Cap (Lapis 3),Fair Value (Wajar),0.0,0.11446389,50.0,50,50,50,0.0,0,Normal,0,Negatif,Downtrend,Bearish,Bearish MACD,Konsolidasi / Transisi,Normal,Netral,Normal,Tidak Ada Transaksi,Squeeze,Rendah,Doji (Ragu-ragu),Dekat Support (Low Risk),< 1 Miliar,Di Atas VWAP (Kuat),Netral,Gorengan Sepi (< 5M),Normal (50-150%),Sideways,Solid (Jarang Dibanting),Normal,Sideways / Stagnan,TP: 51 | CL: 49,Normal,Di Area Support,Oversold (Jenuh Jual - Peluang),Netral / Sepi Berita,Normal / Sedang Transisi,Normal / Sideways,0,WAIT & SEE,TIDAK ADA,2026-08-20 16:40:00,Biasa / Mengikuti Pasar
16:40,SHIP,Token Mati (Perlu Update),Mid Cap (Lapis 2),Overvalued (Mahal),21.45135,38947.367,2220.0,2083,1700,2430,-0.8928571428571428,114400,Tembus MA20,61,Negatif,Uptrend,Bullish,Strong Bullish,Perfect Uptrend (5>20>50),Normal,Distribusi (Turun),Normal,Seimbang / Adu Mekanik,Normal,Tinggi,Doji (Ragu-ragu),Rawan Pucuk (High Risk),< 1 Miliar,Di Bawah VWAP (Lemah),Akumulasi Pro (Smart Money),Gorengan Sepi (< 5M),Normal (50-150%),Mark-Up (Fase Pesta),Normal,Jarum Bawah (Sinyal Pantulan Kuat),Turun 3 Hari Beruntun,TP: 2500 | CL: 2032,Normal,Tidak Ideal (< 1:1),Death Cross (Awal Bearish),Sentimen Negatif ⚠️,Normal / Sedang Transisi,Mendekati Fibo 23.6%,5,WAIT & SEE,TIDAK ADA,2026-08-20 16:40:00,Biasa / Mengikuti Pasar
16:40,CASA,Token Mati (Perlu Update),Big Cap (Lapis 1),Overvalued (Mahal),711.1111,12.772581,1920.0,1830,1795,2080,6.666666666666667,52000,Tembus MA20,61,Positif,Uptrend,Golden Cross,Strong Bullish,Perfect Uptrend (5>20>50),Akumulasi Kuat,Akumulasi (Naik),Normal,Dominan Beli (Hajar Kanan),Squeeze,Rendah,Marubozu (Strong Bullish),Area Tengah,< 1 Miliar,Di Atas VWAP (Kuat),Akumulasi Pro (Smart Money),Gorengan Sepi (< 5M),Ledakan Ekstrem (> 300%),Mark-Up (Fase Pesta),Normal,Normal,Naik 1 Hari Beruntun,TP: 1998 | CL: 1867,Normal,Menengah (1:1),Netral / Sideways,Netral / Sepi Berita,Normal / Sedang Transisi,Dekat Support Fibo 38.2%,9,BELI,TIDAK ADA,2026-08-20 16:40:00,Biasa / Mengikuti Pasar
16:40,DAYA,Token Mati (Perlu Update),Mid Cap (Lapis 2),Overvalued (Mahal),24.692875,12.732801,1005.0,990,920,1025,0.0,29500,Tembus MA20,55,Negatif,Uptrend,Bullish,Strong Bullish,Awal Reversal (5>20),Normal,Distribusi (Turun),Normal,Dominan Beli (Hajar Kanan),Squeeze,Rendah,Doji (Ragu-ragu),Area Tengah,< 1 Miliar,Di Atas VWAP (Kuat),Akumulasi Pro (Smart Money),Gorengan Sepi (< 5M),Ledakan Ekstrem (> 300%),Accumulation (Kumpul Barang),Solid (Jarang Dibanting),Jarum Bawah (Sinyal Pantulan Kuat),Sideways / Stagnan,TP: 1063 | CL: 965,Normal,Tidak Ideal (< 1:1),Death Cross (Awal Bearish),Sentimen Positif 📰,Normal / Sedang Transisi,Golden Rebound Fibo 50.0% 🎯,7,BELI,TIDAK ADA,2026-08-20 16:40:00,Biasa / Mengikuti Pasar
16:40,DPUM,Token Mati (Perlu Update),Small Cap (Lapis 3),Fair Value (Wajar),0.0,1.1639508,97.0,97,91,109,-2.0202020202020203,8652100,Normal,43,Negatif,Downtrend,Bearish,Bullish MACD,Strong Downtrend (5<20<50),Normal,Distribusi (Turun),Normal,Seimbang / Adu Mekanik,Normal,Sedang,Normal,Area Tengah,< 1 Miliar,Persis di VWAP,Distribusi Pro (Guyuran),Gorengan Sepi (< 5M),Normal (50-150%),Mark-Down (Fase Runtuh),Spesialis Tiang Jemuran (Banting Pucuk),Normal,Turun 1 Hari Beruntun,TP: 104 | CL: 92,Open = High (Tekanan Jual),Ideal (1:2),Netral / Sideways,Sentimen Positif 📰,Normal / Sedang Transisi,Mengambang (Jauh dari Fibo),2,WAIT & SEE,TIDAK ADA,2026-08-20 16:40:00,Biasa / Mengikuti Pasar
16:40,IDPR,Token Mati (Perlu Update),Small Cap (Lapis 3),Fair Value (Wajar),16.189291,0.74824667,260.0,278,254,298,-0.7633587786259541,40700,Normal,29,Negatif,Downtrend,Bearish,Strong Bearish,Strong Downtrend (5<20<50),Normal,Distribusi (Turun),Normal,Dominan Jual (Guyur),Normal,Tinggi,Normal,Dekat Support (Low Risk),< 1 Miliar,Persis di VWAP,Distribusi Pro (Guyuran),Gorengan Sepi (< 5M),Normal (50-150%),Mark-Down (Fase Runtuh),Normal,Normal,Turun 1 Hari Beruntun,TP: 276 | CL: 249,Open = High (Tekanan Jual),Sangat Menarik (> 1:3),Oversold (Jenuh Jual - Peluang),Sentimen Positif 📰,Normal / Sedang Transisi,Golden Rebound Fibo Bottom / 100% 🎯,1,WAIT & SEE,TIDAK ADA,2026-08-20 16:40:00,Biasa / Mengikuti Pasar
16:40,JGLE,Token Mati (Perlu Update),Mid Cap (Lapis 2),Fair Value (Wajar),0.0,1.8984138,90.0,79,58,109,0.0,815557900,Normal,65,Negatif,Uptrend,Bullish,Strong Bullish,Perfect Uptrend (5>20>50),Normal,Distribusi (Turun),Normal,Seimbang / Adu Mekanik,Normal,Tinggi,Normal,Rawan Pucuk (High Risk),> 1 Miliar,Persis di VWAP,Akumulasi Pro (Smart Money),Sultan (> 50M/hari),Normal (50-150%),Mark-Up (Fase Pesta),Spesialis Tiang Jemuran (Banting Pucuk),Normal,Sideways / Stagnan,TP: 106 | CL: 79,Normal,Tidak Ideal (< 1:1),Netral / Sideways,Netral / Sepi Berita,Normal / Sedang Transisi,Mendekati Fibo 38.2%,4,WAIT & SEE,TIDAK ADA,2026-08-20 16:40:00,🔥 ANOMALI BANDAR (Siap Ledakan)
16:40,KINO,Token Mati (Perlu Update),Mid Cap (Lapis 2),Undervalued (Murah),8.258818,1.0164218,1335.0,1272,1145,1360,1.1363636363636365,34200,Normal,71,Positif,Uptrend,Bullish,Strong Bullish,Perfect Uptrend (5>20>50),Normal,Akumulasi (Naik),Normal,Seimbang / Adu Mekanik,Normal,Tinggi,Normal,Rawan Pucuk (High Risk),< 1 Miliar,Di Atas VWAP (Kuat),Akumulasi Pro (Smart Money),Gorengan Sepi (< 5M),Normal (50-150%),Mark-Up (Fase Pesta),Normal,Normal,Naik 2 Hari Beruntun,TP: 1418 | CL: 1279,Normal,Tidak Ideal (< 1:1),Overbought (Jenuh Beli - Rawan),Sentimen Positif 📰,Normal / Sedang Transisi,Mendekati Fibo 23.6%,7,BELI,TIDAK ADA,2026-08-20 16:40:00,Biasa / Mengikuti Pasar
16:40,MARI,Token Mati (Perlu Update),Small Cap (Lapis 3),Overvalued (Mahal),0.0,13.739546,23.0,23,23,23,0.0,0,Normal,42,Negatif,Downtrend,Bearish,Bullish MACD,Konsolidasi / Transisi,Normal,Netral,Normal,Tidak Ada Transaksi,Squeeze,Rendah,Doji (Ragu-ragu),Dekat Support (Low Risk),< 1 Miliar,Di Atas VWAP (Kuat),Netral,Gorengan Sepi (< 5M),Normal (50-150%),Sideways,Solid (Jarang Dibanting),Normal,Sideways / Stagnan,TP: 24 | CL: 22,Normal,Di Area Support,Oversold (Jenuh Jual - Peluang),Netral / Sepi Berita,Normal / Sedang Transisi,Mendekati Fibo Bottom / 100%,1,WAIT & SEE,TIDAK ADA,2026-08-20 16:40:00,Biasa / Mengikuti Pasar
16:40,MKNT,Token Mati (Perlu Update),Small Cap (Lapis 3),Fair Value (Wajar),0.0,-0.5627462,1.0,1,1,1,0.0,0,Normal,0,Negatif,Downtrend,Bearish,Bearish MACD,Konsolidasi / Transisi,Normal,Netral,Normal,Tidak Ada Transaksi,Squeeze,Rendah,Doji (Ragu-ragu),Dekat Support (Low Risk),< 1 Miliar,Di Atas VWAP (Kuat),Netral,Gorengan Sepi (< 5M),Normal (50-150%),Sideways,Solid (Jarang Dibanting),Normal,Sideways / Stagnan,TP: 2 | CL: 0,Normal,Di Area Support,Oversold (Jenuh Jual - Peluang),Netral / Sepi Berita,Normal / Sedang Transisi,Normal / Sideways,0,WAIT & SEE,TIDAK ADA,2026-08-20 16:40:00,Biasa / Mengikuti Pasar
16:40,OASA,Token Mati (Perlu Update),Mid Cap (Lapis 2),Overvalued (Mahal),0.0,3.5472612,318.0,328,304,380,1.2738853503184715,21198500,Normal,49,Positif,Downtrend,Bearish,Bearish MACD,Konsolidasi / Transisi,Normal,Distribusi (Turun),Normal,Seimbang / Adu Mekanik,Normal,Tinggi,Normal,Area Tengah,> 1 Miliar,Persis di VWAP,Distribusi Pro (Guyuran),Ritel Aktif (5M - 50M),Normal (50-150%),Distribution (Fase Jualan),Normal,Normal,Naik 1 Hari Beruntun,TP: 341 | CL: 302,Open = Low (Bullish Kuat),Sangat Menarik (> 1:3),Golden Cross (Awal Bullish),Netral / Sepi Berita,Normal / Sedang Transisi,Mengambang (Jauh dari Fibo),1,WAIT & SEE,TIDAK ADA,2026-08-20 16:40:00,Biasa / Mengikuti Pasar
16:40,POWR,Token Mati (Perlu Update),Big Cap (Lapis 1),Overvalued (Mahal),10.634233,18152.174,830.0,760,715,850,0.0,1820000,Normal,75,Negatif,Uptrend,Bullish,Strong Bullish,Perfect Uptrend (5>20>50),Normal,Akumulasi (Naik),Normal,Seimbang / Adu Mekanik,Normal,Tinggi,Doji (Ragu-ragu),Rawan Pucuk (High Risk),> 1 Miliar,Di Atas VWAP (Kuat),Akumulasi Pro (Smart Money),Gorengan Sepi (< 5M),Sepi (< 50%),Mark-Up (Fase Pesta),Normal,Normal,Sideways / Stagnan,TP: 868 | CL: 804,Normal,Tidak Ideal (< 1:1),Overbought (Jenuh Beli - Rawan),Sentimen Positif 📰,Normal / Sedang Transisi,Mendekati Fibo 23.6%,6,WAIT & SEE,TIDAK ADA,2026-08-20 16:40:00,Biasa / Mengikuti Pasar
16:40,INCF,Token Mati (Perlu Update),Small Cap (Lapis 3),Fair Value (Wajar),0.0,0.56667495,50.0,50,50,50,0.0,0,Normal,0,Negatif,Downtrend,Bearish,Bearish MACD,Konsolidasi / Transisi,Normal,Netral,Normal,Tidak Ada Transaksi,Squeeze,Rendah,Doji (Ragu-ragu),Dekat Support (Low Risk),< 1 Miliar,Di Atas VWAP (Kuat),Netral,Gorengan Sepi (< 5M),Normal (50-150%),Sideways,Solid (Jarang Dibanting),Normal,Sideways / Stagnan,TP: 51 | CL: 49,Normal,Di Area Support,Oversold (Jenuh Jual - Peluang),Netral / Sepi Berita,Normal / Sedang Transisi,Golden Rebound Fibo Bottom / 100% 🎯,0,WAIT & SEE,TIDAK ADA,2026-08-20 16:40:00,Biasa / Mengikuti Pasar
16:40,WSBP,Token Mati (Perlu Update),Small Cap (Lapis 3),Fair Value (Wajar),0.0,-0.3427844,14.0,14,14,14,0.0,0,Normal,46,Negatif,Downtrend,Bearish,Bullish MACD,Konsolidasi / Transisi,Normal,Netral,Normal,Tidak Ada Transaksi,Squeeze,Rendah,Doji (Ragu-ragu),Dekat Support (Low Risk),< 1 Miliar,Di Atas VWAP (Kuat),Netral,Gorengan Sepi (< 5M),Normal (50-150%),Sideways,Solid (Jarang Dibanting),Normal,Sideways / Stagnan,TP: 15 | CL: 13,Normal,Di Area Support,Oversold (Jenuh Jual - Peluang),Netral / Sepi Berita,Normal / Sedang Transisi,Golden Rebound Fibo 50.0% 🎯,1,WAIT & SEE,TIDAK ADA,2026-08-20 16:40:00,Biasa / Mengikuti Pasar
16:40,PBSA,Token Mati (Perlu Update),Mid Cap (Lapis 2),Overvalued (Mahal),10.243201,3.3689668,855.0,785,715,925,0.5882352941176471,725900,Normal,60,Positif,Uptrend,Bullish,Strong Bullish,Perfect Uptrend (5>20>50),Normal,Akumulasi (Naik),Normal,Seimbang / Adu Mekanik,Normal,Tinggi,Normal,Rawan Pucuk (High Risk),< 1 Miliar,Di Bawah VWAP (Lemah),Akumulasi Pro (Smart Money),Gorengan Sepi (< 5M),Sepi (< 50%),Mark-Up (Fase Pesta),Spesialis Tiang Jemuran (Banting Pucuk),Normal,Naik 1 Hari Beruntun,TP: 933 | CL: 802,Normal,Tidak Ideal (< 1:1),Death Cross (Awal Bearish),Sentimen Positif 📰,Normal / Sedang Transisi,Mendekati Fibo 23.6%,7,BELI,TIDAK ADA,2026-08-20 16:40:00,Biasa / Mengikuti Pasar
16:40,PRDA,Token Mati (Perlu Update),Mid Cap (Lapis 2),Undervalued (Murah),10.769811,0.9774372,2560.0,2385,2300,2600,5.349794238683128,2862000,Tembus MA20,68,Positif,Uptrend,Bullish,Strong Bullish,Awal Reversal (5>20),Akumulasi Kuat,Akumulasi (Naik),Normal,Dominan Beli (Hajar Kanan),Squeeze,Rendah,Normal,Rawan Pucuk (High Risk),> 1 Miliar,Di Atas VWAP (Kuat),Akumulasi Pro (Smart Money),Gorengan Sepi (< 5M),Ledakan Ekstrem (> 300%),Accumulation (Kumpul Barang),Normal,Normal,Naik 4 Hari Beruntun,TP: 2651 | CL: 2499,Open = Low (Bullish Kuat),Tidak Ideal (< 1:1),Overbought (Jenuh Beli - Rawan),Sentimen Positif 📰,Normal / Sedang Transisi,Dekat Support Fibo 50.0%,10,BELI,TIDAK ADA,2026-08-20 16:40:00,Biasa / Mengikuti Pasar
16:40,BOGA,Token Mati (Perlu Update),Mid Cap (Lapis 2),Overvalued (Mahal),1481.6514,13.550136,1620.0,1607,1500,2000,4.180064308681672,125500,Tembus MA20,54,Positif,Uptrend,Bearish,Bearish MACD,Konsolidasi / Transisi,Normal,Akumulasi (Naik),Gap Up (+7.7%),Dominan Jual (Guyur),Normal,Tinggi,Normal,Area Tengah,< 1 Miliar,Di Bawah VWAP (Lemah),Distribusi Pro (Guyuran),Gorengan Sepi (< 5M),Anomali Tinggi (150-300%),Mark-Up (Fase Pesta),Spesialis Tiang Jemuran (Banting Pucuk),Normal,Naik 1 Hari Beruntun,TP: 1898 | CL: 1434,Normal,Sangat Menarik (> 1:3),Golden Cross (Awal Bullish),Sentimen Positif 📰,Normal / Sedang Transisi,Mendekati Fibo 38.2%,7,BELI,TIDAK ADA,2026-08-20 16:40:00,Biasa / Mengikuti Pasar
16:40,BRIS,Token Mati (Perlu Update),Big Cap (Lapis 1),Fair Value (Wajar),10.386191,1.6127787,1780.0,1800,1750,1915,1.1363636363636365,6352700,Normal,48,Positif,Downtrend,Bearish,Strong Bearish,Konsolidasi / Transisi,Normal,Distribusi (Turun),Normal,Seimbang / Adu Mekanik,Squeeze,Rendah,Normal,Dekat Support (Low Risk),> 1 Miliar,Persis di VWAP,Distribusi Pro (Guyuran),Ritel Aktif (5M - 50M),Sepi (< 50%),Distribution (Fase Jualan),Normal,Normal,Naik 1 Hari Beruntun,TP: 1833 | CL: 1744,Open = Low (Bullish Kuat),Sangat Menarik (> 1:3),Golden Cross (Awal Bullish),Sentimen Positif 📰,Normal / Sedang Transisi,Dekat Support Fibo 50.0%,2,WAIT & SEE,TIDAK ADA,2026-08-20 16:40:00,Biasa / Mengikuti Pasar
16:40,PORT,Token Mati (Perlu Update),Mid Cap (Lapis 2),Fair Value (Wajar),16.204536,2.0264747,900.0,881,825,1085,-3.7433155080213902,169100,Tembus MA20,53,Negatif,Uptrend,Bullish,Strong Bullish,Perfect Uptrend (5>20>50),Distribusi Kuat,Akumulasi (Naik),Gap Up (+7.0%),Seimbang / Adu Mekanik,Normal,Sedang,Normal,Area Tengah,< 1 Miliar,Di Bawah VWAP (Lemah),Distribusi Pro (Guyuran),Gorengan Sepi (< 5M),Anomali Tinggi (150-300%),Mark-Up (Fase Pesta),Spesialis Tiang Jemuran (Banting Pucuk),Normal,Turun 2 Hari Beruntun,TP: 1006 | CL: 829,Open = High (Tekanan Jual),Ideal (1:2),Netral / Sideways,Sentimen Negatif ⚠️,Supply Banjir (Distribusi) 🌊,Mengambang (Jauh dari Fibo),7,BELI,TIDAK ADA,2026-08-20 16:40:00,Biasa / Mengikuti Pasar
16:40,CARS,Token Mati (Perlu Update),Mid Cap (Lapis 2),Undervalued (Murah),9.073724,1.307421,96.0,91,87,99,3.225806451612903,3078600,Normal,65,Positif,Uptrend,Bullish,Strong Bullish,Perfect Uptrend (5>20>50),Normal,Akumulasi (Naik),Normal,Dominan Beli (Hajar Kanan),Breakout Upper,Sedang,Normal,Rawan Pucuk (High Risk),< 1 Miliar,Di Atas VWAP (Kuat),Distribusi Pro (Guyuran),Gorengan Sepi (< 5M),Normal (50-150%),Mark-Up (Fase Pesta),Spesialis Tiang Jemuran (Banting Pucuk),Normal,Naik 1 Hari Beruntun,TP: 102 | CL: 92,Normal,Tidak Ideal (< 1:1),Netral / Sideways,Sentimen Negatif ⚠️,Normal / Sedang Transisi,Mendekati Fibo 23.6%,7,BELI,TIDAK ADA,2026-08-20 16:40:00,Biasa / Mengikuti Pasar
16:40,MINA,Token Mati (Perlu Update),Mid Cap (Lapis 2),Overvalued (Mahal),0.0,10.766208,274.0,271,252,304,0.7352941176470588,27450700,Normal,51,Positif,Uptrend,Bearish,Bullish MACD,Strong Downtrend (5<20<50),Normal,Akumulasi (Naik),Normal,Seimbang / Adu Mekanik,Normal,Sedang,Normal,Area Tengah,> 1 Miliar,Di Atas VWAP (Kuat),Distribusi Pro (Guyuran),Ritel Aktif (5M - 50M),Normal (50-150%),Accumulation (Kumpul Barang),Normal,Normal,Naik 4 Hari Beruntun,TP: 289 | CL: 263,Normal,Menengah (1:1),Netral / Sideways,Netral / Sepi Berita,Normal / Sedang Transisi,Mendekati Fibo 78.6%,5,WAIT & SEE,TIDAK ADA,2026-08-20 16:40:00,Biasa / Mengikuti Pasar
16:40,CLEO,Token Mati (Perlu Update),Mid Cap (Lapis 2),Overvalued (Mahal),22.654081,3.9092817,408.0,382,370,416,7.368421052631578,28964300,Tembus MA20,68,Positif,Uptrend,Golden Cross,Strong Bullish,Perfect Uptrend (5>20>50),Akumulasi Kuat,Akumulasi (Naik),Normal,Dominan Beli (Hajar Kanan),Breakout Upper,Sedang,Normal,Rawan Pucuk (High Risk),> 1 Miliar,Di Atas VWAP (Kuat),Akumulasi Pro (Smart Money),Gorengan Sepi (< 5M),Ledakan Ekstrem (> 300%),Mark-Up (Fase Pesta),Normal,Normal,Naik 1 Hari Beruntun,TP: 423 | CL: 397,Open = Low (Bullish Kuat),Tidak Ideal (< 1:1),Netral / Sideways,Sentimen Positif 📰,Normal / Sedang Transisi,Mendekati Fibo 23.6%,10,BELI,TIDAK ADA,2026-08-20 16:40:00,Biasa / Mengikuti Pasar
16:40,TAMU,Token Mati (Perlu Update),Small Cap (Lapis 3),Fair Value (Wajar),0.0,0.0,25.0,22,20,29,8.695652173913043,2203900,Normal,57,Positif,Uptrend,Bullish,Strong Bullish,Perfect Uptrend (5>20>50),Normal,Distribusi (Turun),Gap Up (+4.3%),Dominan Beli (Hajar Kanan),Normal,Tinggi,Marubozu (Strong Bullish),Rawan Pucuk (High Risk),< 1 Miliar,Di Bawah VWAP (Lemah),Distribusi Pro (Guyuran),Gorengan Sepi (< 5M),Sepi (< 50%),Mark-Up (Fase Pesta),Normal,Normal,Naik 1 Hari Beruntun,TP: 27 | CL: 23,Open = Low (Bullish Kuat),Tidak Ideal (< 1:1),Netral / Sideways,Netral / Sepi Berita,Normal / Sedang Transisi,Mendekati Fibo 38.2%,7,BELI,TIDAK ADA,2026-08-20 16:40:00,Biasa / Mengikuti Pasar
16:40,CSIS,Token Mati (Perlu Update),Small Cap (Lapis 3),Overvalued (Mahal),32.6684,1.0549557,226.0,194,173,232,4.62962962962963,3429300,Normal,82,Positif,Uptrend,Bullish,Strong Bullish,Perfect Uptrend (5>20>50),Normal,Akumulasi (Naik),Gap Up (+7.4%),Seimbang / Adu Mekanik,Normal,Tinggi,Normal,Rawan Pucuk (High Risk),< 1 Miliar,Di Atas VWAP (Kuat),Akumulasi Pro (Smart Money),Gorengan Sepi (< 5M),Normal (50-150%),Mark-Up (Fase Pesta),Spesialis Tiang Jemuran (Banting Pucuk),Normal,Naik 1 Hari Beruntun,TP: 244 | CL: 213,Open = High (Tekanan Jual),Tidak Ideal (< 1:1),Overbought (Jenuh Beli - Rawan),Netral / Sepi Berita,Normal / Sedang Transisi,Mengambang (Jauh dari Fibo),7,BELI,TIDAK ADA,2026-08-20 16:40:00,Biasa / Mengikuti Pasar
16:40,TGRA,Token Mati (Perlu Update),Small Cap (Lapis 3),Fair Value (Wajar),0.0,0.2933061,27.0,27,27,27,0.0,0,Normal,0,Negatif,Downtrend,Bearish,Bearish MACD,Konsolidasi / Transisi,Normal,Netral,Normal,Tidak Ada Transaksi,Squeeze,Rendah,Doji (Ragu-ragu),Dekat Support (Low Risk),< 1 Miliar,Di Atas VWAP (Kuat),Netral,Gorengan Sepi (< 5M),Normal (50-150%),Sideways,Solid (Jarang Dibanting),Normal,Sideways / Stagnan,TP: 28 | CL: 26,Normal,Di Area Support,Oversold (Jenuh Jual - Peluang),Netral / Sepi Berita,Normal / Sedang Transisi,Normal / Sideways,0,WAIT & SEE,TIDAK ADA,2026-08-20 16:40:00,Biasa / Mengikuti Pasar
16:40,FIRE,Token Mati (Perlu Update),Small Cap (Lapis 3),Fair Value (Wajar),20.958082,0.6408027,105.0,107,104,118,-0.9433962264150944,13349000,Tembus MA20,45,Negatif,Downtrend,Bearish,Bearish MACD,Konsolidasi / Transisi,Normal,Distribusi (Turun),Normal,Seimbang / Adu Mekanik,Squeeze,Rendah,Normal,Dekat Support (Low Risk),> 1 Miliar,Di Bawah VWAP (Lemah),Distribusi Pro (Guyuran),Gorengan Sepi (< 5M),Normal (50-150%),Distribution (Fase Jualan),Spesialis Tiang Jemuran (Banting Pucuk),Normal,Turun 2 Hari Beruntun,TP: 111 | CL: 100,Normal,Sangat Menarik (> 1:3),Oversold (Jenuh Jual - Peluang),Netral / Sepi Berita,Normal / Sedang Transisi,Mendekati Fibo 61.8% (Golden Ratio),1,WAIT & SEE,TIDAK ADA,2026-08-20 16:40:00,Biasa / Mengikuti Pasar
16:40,TOPS,Token Mati (Perlu Update),Small Cap (Lapis 3),Fair Value (Wajar),0.0,0.08019889,1.0,1,1,1,0.0,0,Normal,0,Negatif,Downtrend,Bearish,Bearish MACD,Konsolidasi / Transisi,Normal,Netral,Normal,Tidak Ada Transaksi,Squeeze,Rendah,Doji (Ragu-ragu),Dekat Support (Low Risk),< 1 Miliar,Di Atas VWAP (Kuat),Netral,Gorengan Sepi (< 5M),Normal (50-150%),Sideways,Solid (Jarang Dibanting),Normal,Sideways / Stagnan,TP: 2 | CL: 0,Normal,Di Area Support,Oversold (Jenuh Jual - Peluang),Netral / Sepi Berita,Normal / Sedang Transisi,Normal / Sideways,0,WAIT & SEE,TIDAK ADA,2026-08-20 16:40:00,Biasa / Mengikuti Pasar
16:40,KMTR,Token Mati (Perlu Update),Mid Cap (Lapis 2),Fair Value (Wajar),0.0,0.9054466,234.0,233,220,270,1.7391304347826086,281700,Tembus MA20,53,Positif,Uptrend,Bearish,Bearish MACD,Konsolidasi / Transisi,Normal,Akumulasi (Naik),Normal,Dominan Beli (Hajar Kanan),Normal,Sedang,Normal,Area Tengah,< 1 Miliar,Persis di VWAP,Distribusi Pro (Guyuran),Gorengan Sepi (< 5M),Normal (50-150%),Mark-Up (Fase Pesta),Spesialis Tiang Jemuran (Banting Pucuk),Normal,Naik 2 Hari Beruntun,TP: 245 | CL: 226,Normal,Ideal (1:2),Golden Cross (Awal Bullish),Netral / Sepi Berita,Normal / Sedang Transisi,Mendekati Fibo 61.8% (Golden Ratio),6,WAIT & SEE,TIDAK ADA,2026-08-20 16:40:00,Biasa / Mengikuti Pasar
16:40,MAPB,Token Mati (Perlu Update),Mid Cap (Lapis 2),Fair Value (Wajar),0.0,2.1994066,1175.0,1154,1000,1225,0.0,1100,Normal,53,Negatif,Uptrend,Bearish,Bearish MACD,Konsolidasi / Transisi,Normal,Akumulasi (Naik),Normal,Tidak Ada Transaksi,Normal,Tinggi,Doji (Ragu-ragu),Rawan Pucuk (High Risk),< 1 Miliar,Di Atas VWAP (Kuat),Distribusi Pro (Guyuran),Gorengan Sepi (< 5M),Sepi (< 50%),Mark-Up (Fase Pesta),Solid (Jarang Dibanting),Normal,Sideways / Stagnan,TP: 1286 | CL: 1100,Normal,Tidak Ideal (< 1:1),Netral / Sideways,Sentimen Positif 📰,Normal / Sedang Transisi,Dekat Support Fibo 50.0%,4,WAIT & SEE,TIDAK ADA,2026-08-20 16:40:00,Biasa / Mengikuti Pasar
16:40,WOOD,Token Mati (Perlu Update),Mid Cap (Lapis 2),Fair Value (Wajar),24.296963,0.30062297,218.0,222,200,260,0.0,2643200,Normal,50,Negatif,Downtrend,Bearish,Strong Bearish,Konsolidasi / Transisi,Normal,Akumulasi (Naik),Normal,Seimbang / Adu Mekanik,Normal,Tinggi,Doji (Ragu-ragu),Area Tengah,< 1 Miliar,Persis di VWAP,Akumulasi Pro (Smart Money),Gorengan Sepi (< 5M),Normal (50-150%),Distribution (Fase Jualan),Normal,Normal,Sideways / Stagnan,TP: 235 | CL: 206,Normal,Ideal (1:2),Golden Cross (Awal Bullish),Sentimen Positif 📰,Normal / Sedang Transisi,Dekat Support Fibo 61.8% (Golden Ratio),2,WAIT & SEE,TIDAK ADA,2026-08-20 16:40:00,Biasa / Mengikuti Pasar
16:40,HRTA,Token Mati (Perlu Update),Big Cap (Lapis 1),Fair Value (Wajar),8.101652,2.9493506,2350.0,2037,1805,2370,8.294930875576037,32734800,Tembus MA20,69,Positif,Uptrend,Bullish,Strong Bullish,Perfect Uptrend (5>20>50),Akumulasi Kuat,Akumulasi (Naik),Gap Up (+4.1%),Dominan Beli (Hajar Kanan),Breakout Upper,Tinggi,Normal,Rawan Pucuk (High Risk),> 1 Miliar,Di Atas VWAP (Kuat),Akumulasi Pro (Smart Money),Ritel Aktif (5M - 50M),Anomali Tinggi (150-300%),Mark-Up (Fase Pesta),Normal,Normal,Naik 1 Hari Beruntun,TP: 2510 | CL: 2243,Normal,Tidak Ideal (< 1:1),Overbought (Jenuh Beli - Rawan),Sentimen Positif 📰,Normal / Sedang Transisi,Mendekati Fibo 23.6%,11,BELI,TIDAK ADA,2026-08-20 16:40:00,Biasa / Mengikuti Pasar
16:40,HOKI,Token Mati (Perlu Update),Small Cap (Lapis 3),Fair Value (Wajar),0.0,0.9979134,56.0,54,53,59,0.0,8682800,Normal,59,Negatif,Uptrend,Bullish,Strong Bullish,Perfect Uptrend (5>20>50),Normal,Akumulasi (Naik),Normal,Dominan Beli (Hajar Kanan),Squeeze,Rendah,Doji (Ragu-ragu),Area Tengah,< 1 Miliar,Di Atas VWAP (Kuat),Akumulasi Pro (Smart Money),Gorengan Sepi (< 5M),Normal (50-150%),Mark-Up (Fase Pesta),Normal,Jarum Bawah (Sinyal Pantulan Kuat),Sideways / Stagnan,TP: 58 | CL: 54,Normal,Menengah (1:1),Netral / Sideways,Sentimen Positif 📰,Normal / Sedang Transisi,Golden Rebound Fibo 61.8% (Golden Ratio) 🎯,7,BELI,TIDAK ADA,2026-08-20 16:40:00,Biasa / Mengikuti Pasar
16:40,MPOW,Token Mati (Perlu Update),Small Cap (Lapis 3),Fair Value (Wajar),16.27129,0.9091064,106.0,105,91,111,0.0,1571700,Normal,56,Negatif,Uptrend,Bullish,Bearish MACD,Perfect Uptrend (5>20>50),Normal,Akumulasi (Naik),Normal,Seimbang / Adu Mekanik,Normal,Sedang,Normal,Rawan Pucuk (High Risk),< 1 Miliar,Persis di VWAP,Distribusi Pro (Guyuran),Gorengan Sepi (< 5M),Normal (50-150%),Mark-Up (Fase Pesta),Spesialis Tiang Jemuran (Banting Pucuk),Normal,Sideways / Stagnan,TP: 112 | CL: 102,Normal,Tidak Ideal (< 1:1),Death Cross (Awal Bearish),Sentimen Negatif ⚠️,Supply Kering (Siap Pump) 🏜️,Mengambang (Jauh dari Fibo),4,WAIT & SEE,TIDAK ADA,2026-08-20 16:40:00,Biasa / Mengikuti Pasar
16:40,MARK,Token Mati (Perlu Update),Mid Cap (Lapis 2),Overvalued (Mahal),12.371483,4.235797,1095.0,1046,932,1115,0.45871559633027525,12823800,Normal,62,Positif,Uptrend,Bullish,Bearish MACD,Perfect Uptrend (5>20>50),Normal,Distribusi (Turun),Normal,Seimbang / Adu Mekanik,Normal,Tinggi,Normal,Rawan Pucuk (High Risk),> 1 Miliar,Persis di VWAP,Distribusi Pro (Guyuran),Ritel Aktif (5M - 50M),Normal (50-150%),Mark-Up (Fase Pesta),Normal,Normal,Naik 1 Hari Beruntun,TP: 1150 | CL: 1058,Normal,Tidak Ideal (< 1:1),Death Cross (Awal Bearish),Sentimen Negatif ⚠️,Normal / Sedang Transisi,Mengambang (Jauh dari Fibo),4,WAIT & SEE,TIDAK ADA,2026-08-20 16:40:00,Biasa / Mengikuti Pasar
16:40,NASA,Token Mati (Perlu Update),Small Cap (Lapis 3),Fair Value (Wajar),0.0,0.31255987,31.0,30,29,31,3.3333333333333335,270700,Normal,52,Positif,Uptrend,Bearish,Bullish MACD,Strong Downtrend (5<20<50),Normal,Distribusi (Turun),Gap Down (-3.3%),Dominan Beli (Hajar Kanan),Squeeze,Rendah,Marubozu (Strong Bullish),Area Tengah,< 1 Miliar,Di Atas VWAP (Kuat),Distribusi Pro (Guyuran),Gorengan Sepi (< 5M),Normal (50-150%),Accumulation (Kumpul Barang),Normal,Normal,Naik 1 Hari Beruntun,TP: 32 | CL: 29,Open = Low (Bullish Kuat),Tidak Ideal (< 1:1),Overbought (Jenuh Beli - Rawan),Netral / Sepi Berita,Normal / Sedang Transisi,Dekat Support Fibo 78.6%,5,WAIT & SEE,TIDAK ADA,2026-08-20 16:40:00,Biasa / Mengikuti Pasar
16:40,MDKI,Token Mati (Perlu Update),Small Cap (Lapis 3),Undervalued (Murah),12.36086,0.5016349,191.0,185,177,210,1.5957446808510638,139100,Normal,64,Positif,Uptrend,Bullish,Strong Bullish,Perfect Uptrend (5>20>50),Normal,Distribusi (Turun),Normal,Dominan Beli (Hajar Kanan),Normal,Sedang,Normal,Area Tengah,< 1 Miliar,Persis di VWAP,Distribusi Pro (Guyuran),Gorengan Sepi (< 5M),Normal (50-150%),Mark-Up (Fase Pesta),Normal,Normal,Naik 1 Hari Beruntun,TP: 198 | CL: 186,Normal,Menengah (1:1),Netral / Sideways,Sentimen Positif 📰,Supply Kering (Siap Pump) 🏜️,Golden Rebound Fibo 38.2% 🎯,7,BELI,TIDAK ADA,2026-08-20 16:40:00,Biasa / Mengikuti Pasar
16:40,BELL,Token Mati (Perlu Update),Small Cap (Lapis 3),Overvalued (Mahal),1800.0001,3.525477,116.0,115,105,131,0.8695652173913043,33499300,Normal,53,Positif,Uptrend,Bearish,Bearish MACD,Konsolidasi / Transisi,Normal,Akumulasi (Naik),Normal,Seimbang / Adu Mekanik,Normal,Sedang,Normal,Rawan Pucuk (High Risk),> 1 Miliar,Di Atas VWAP (Kuat),Distribusi Pro (Guyuran),Gorengan Sepi (< 5M),Anomali Tinggi (150-300%),Mark-Up (Fase Pesta),Normal,Normal,Naik 3 Hari Beruntun,TP: 124 | CL: 110,Normal,Menengah (1:1),Netral / Sideways,Sentimen Positif 📰,Normal / Sedang Transisi,Mendekati Fibo 50.0%,5,WAIT & SEE,TIDAK ADA,2026-08-20 16:40:00,Biasa / Mengikuti Pasar
16:40,KIOS,Token Mati (Perlu Update),Small Cap (Lapis 3),Overvalued (Mahal),67.85715,0.74261683,95.0,95,89,104,1.0638297872340425,7624400,Normal,51,Positif,Downtrend,Bearish,Bearish MACD,Konsolidasi / Transisi,Normal,Akumulasi (Naik),Normal,Seimbang / Adu Mekanik,Normal,Sedang,Doji (Ragu-ragu),Area Tengah,< 1 Miliar,Persis di VWAP,Distribusi Pro (Guyuran),Gorengan Sepi (< 5M),Sepi (< 50%),Distribution (Fase Jualan),Normal,Normal,Naik 1 Hari Beruntun,TP: 101 | CL: 90,Normal,Ideal (1:2),Netral / Sideways,Netral / Sepi Berita,Normal / Sedang Transisi,Dekat Support Fibo 50.0%,3,WAIT & SEE,TIDAK ADA,2026-08-20 16:40:00,Biasa / Mengikuti Pasar
16:40,GMFI,Token Mati (Perlu Update),Mid Cap (Lapis 2),Overvalued (Mahal),3.6014407,59999.996,60.0,57,52,71,0.0,140296900,Normal,56,Negatif,Uptrend,Bullish,Strong Bullish,Perfect Uptrend (5>20>50),Normal,Distribusi (Turun),Normal,Seimbang / Adu Mekanik,Normal,Tinggi,Doji (Ragu-ragu),Rawan Pucuk (High Risk),> 1 Miliar,Persis di VWAP,Distribusi Pro (Guyuran),Ritel Aktif (5M - 50M),Sepi (< 50%),Mark-Up (Fase Pesta),Normal,Normal,Sideways / Stagnan,TP: 66 | CL: 55,Normal,Menengah (1:1),Netral / Sideways,Sentimen Positif 📰,Normal / Sedang Transisi,Mendekati Fibo 61.8% (Golden Ratio),5,WAIT & SEE,TIDAK ADA,2026-08-20 16:40:00,Biasa / Mengikuti Pasar
16:40,MTWI,Token Mati (Perlu Update),Small Cap (Lapis 3),Overvalued (Mahal),54.504505,1.713784,242.0,254,238,300,-3.2,102400,Tembus MA20,33,Negatif,Downtrend,Bearish,Strong Bearish,Strong Downtrend (5<20<50),Normal,Distribusi (Turun),Gap Down (-3.2%),Dominan Jual (Guyur),Normal,Sedang,Doji (Ragu-ragu),Dekat Support (Low Risk),< 1 Miliar,Di Bawah VWAP (Lemah),Distribusi Pro (Guyuran),Gorengan Sepi (< 5M),Ledakan Ekstrem (> 300%),Mark-Down (Fase Runtuh),Normal,Normal,Turun 1 Hari Beruntun,TP: 256 | CL: 232,Normal,Sangat Menarik (> 1:3),Oversold (Jenuh Jual - Peluang),Netral / Sepi Berita,Normal / Sedang Transisi,Mendekati Fibo 78.6%,1,WAIT & SEE,TIDAK ADA,2026-08-20 16:40:00,Biasa / Mengikuti Pasar
16:40,ZINC,Token Mati (Perlu Update),Small Cap (Lapis 3),Fair Value (Wajar),0.0,2.0006669,30.0,30,30,30,0.0,0,Normal,0,Negatif,Downtrend,Bearish,Bearish MACD,Konsolidasi / Transisi,Normal,Netral,Normal,Tidak Ada Transaksi,Squeeze,Rendah,Doji (Ragu-ragu),Dekat Support (Low Risk),< 1 Miliar,Di Atas VWAP (Kuat),Netral,Gorengan Sepi (< 5M),Normal (50-150%),Sideways,Solid (Jarang Dibanting),Normal,Sideways / Stagnan,TP: 31 | CL: 29,Normal,Di Area Support,Oversold (Jenuh Jual - Peluang),Netral / Sepi Berita,Normal / Sedang Transisi,Normal / Sideways,0,WAIT & SEE,TIDAK ADA,2026-08-20 16:40:00,Biasa / Mengikuti Pasar
16:40,MCAS,Token Mati (Perlu Update),Small Cap (Lapis 3),Fair Value (Wajar),0.0,1.7267329,296.0,275,150,370,4.225352112676056,5162400,Normal,59,Positif,Uptrend,Bullish,Bearish MACD,Perfect Uptrend (5>20>50),Normal,Distribusi (Turun),Normal,Seimbang / Adu Mekanik,Normal,Tinggi,Normal,Rawan Pucuk (High Risk),> 1 Miliar,Di Bawah VWAP (Lemah),Distribusi Pro (Guyuran),Gorengan Sepi (< 5M),Sepi (< 50%),Mark-Up (Fase Pesta),Spesialis Tiang Jemuran (Banting Pucuk),Normal,Naik 1 Hari Beruntun,TP: 348 | CL: 260,Open = Low (Bullish Kuat),Tidak Ideal (< 1:1),Golden Cross (Awal Bullish),Sentimen Positif 📰,Normal / Sedang Transisi,Mendekati Fibo 38.2%,5,WAIT & SEE,TIDAK ADA,2026-08-20 16:40:00,Biasa / Mengikuti Pasar
16:40,PPRE,Token Mati (Perlu Update),Mid Cap (Lapis 2),Fair Value (Wajar),0.0,1.2456182,113.0,104,96,118,8.653846153846153,134900100,Tembus MA20,63,Positif,Uptrend,Bearish,Strong Bullish,Konsolidasi / Transisi,Akumulasi Kuat,Akumulasi (Naik),Normal,Dominan Beli (Hajar Kanan),Breakout Upper,Sedang,Normal,Rawan Pucuk (High Risk),> 1 Miliar,Di Atas VWAP (Kuat),Akumulasi Pro (Smart Money),Ritel Aktif (5M - 50M),Anomali Tinggi (150-300%),Mark-Up (Fase Pesta),Spesialis Tiang Jemuran (Banting Pucuk),Normal,Naik 3 Hari Beruntun,TP: 120 | CL: 107,Normal,Tidak Ideal (< 1:1),Netral / Sideways,Sentimen Positif 📰,Normal / Sedang Transisi,Mendekati Fibo 23.6%,9,BELI,TIDAK ADA,2026-08-20 16:40:00,Biasa / Mengikuti Pasar
16:40,WEGE,Token Mati (Perlu Update),Small Cap (Lapis 3),Fair Value (Wajar),0.0,0.30688056,62.0,52,50,76,-8.823529411764707,868913200,Tembus MA20,70,Negatif,Uptrend,Bullish,Strong Bullish,Perfect Uptrend (5>20>50),Distribusi Kuat,Distribusi (Turun),Gap Up (+2.9%),Dominan Jual (Guyur),Breakout Upper,Tinggi,Normal,Rawan Pucuk (High Risk),> 1 Miliar,Di Bawah VWAP (Lemah),Distribusi Pro (Guyuran),Ritel Aktif (5M - 50M),Ledakan Ekstrem (> 300%),Mark-Up (Fase Pesta),Normal,Normal,Turun 1 Hari Beruntun,TP: 68 | CL: 57,Normal,Menengah (1:1),Netral / Sideways,Sentimen Positif 📰,Supply Banjir (Distribusi) 🌊,Mendekati Fibo 61.8% (Golden Ratio),7,BELI,TIDAK ADA,2026-08-20 16:40:00,🔥 ANOMALI BANDAR (Siap Ledakan)
16:40,PSSI,Token Mati (Perlu Update),Mid Cap (Lapis 2),Overvalued (Mahal),0.0,11379.311,330.0,326,302,340,0.0,330600,Tembus MA20,57,Negatif,Uptrend,Bullish,Bearish MACD,Perfect Uptrend (5>20>50),Normal,Akumulasi (Naik),Normal,Dominan Beli (Hajar Kanan),Squeeze,Rendah,Normal,Area Tengah,< 1 Miliar,Persis di VWAP,Akumulasi Pro (Smart Money),Gorengan Sepi (< 5M),Anomali Tinggi (150-300%),Mark-Up (Fase Pesta),Normal,Jarum Bawah (Sinyal Pantulan Kuat),Sideways / Stagnan,TP: 348 | CL: 318,Normal,Tidak Ideal (< 1:1),Death Cross (Awal Bearish),Sentimen Negatif ⚠️,Normal / Sedang Transisi,Mendekati Fibo 23.6%,6,WAIT & SEE,TIDAK ADA,2026-08-20 16:40:00,Biasa / Mengikuti Pasar
16:40,MORA,Token Mati (Perlu Update),Big Cap (Lapis 1),Overvalued (Mahal),213.38997,13.999841,5275.0,5710,5000,6900,2.4271844660194173,569800,Tembus MA20,36,Positif,Downtrend,Bearish,Strong Bearish,Strong Downtrend (5<20<50),Normal,Akumulasi (Naik),Normal,Dominan Jual (Guyur),Normal,Tinggi,Normal,Area Tengah,> 1 Miliar,Persis di VWAP,Distribusi Pro (Guyuran),Gorengan Sepi (< 5M),Normal (50-150%),Mark-Down (Fase Runtuh),Spesialis Tiang Jemuran (Banting Pucuk),Normal,Naik 2 Hari Beruntun,TP: 5679 | CL: 5005,Normal,Sangat Menarik (> 1:3),Golden Cross (Awal Bullish),Sentimen Negatif ⚠️,Normal / Sedang Transisi,Mendekati Fibo Bottom / 100%,3,WAIT & SEE,TIDAK ADA,2026-08-20 16:40:00,Biasa / Mengikuti Pasar
16:40,DWGL,Token Mati (Perlu Update),Mid Cap (Lapis 2),Overvalued (Mahal),11.993646,4.6740546,300.0,342,224,442,-3.8461538461538463,9112600,Normal,45,Negatif,Downtrend,Death Cross,Bearish MACD,Konsolidasi / Transisi,Normal,Distribusi (Turun),Normal,Dominan Jual (Guyur),Normal,Tinggi,Normal,Rawan Pucuk (High Risk),> 1 Miliar,Di Bawah VWAP (Lemah),Distribusi Pro (Guyuran),Gorengan Sepi (< 5M),Normal (50-150%),Distribution (Fase Jualan),Normal,Normal,Turun 2 Hari Beruntun,TP: 355 | CL: 263,Normal,Ideal (1:2),Netral / Sideways,Netral / Sepi Berita,Normal / Sedang Transisi,Mengambang (Jauh dari Fibo),0,WAIT & SEE,TIDAK ADA,2026-08-20 16:40:00,Biasa / Mengikuti Pasar
16:40,PBID,Token Mati (Perlu Update),Mid Cap (Lapis 2),Undervalued (Murah),6.436726,1.3459429,535.0,527,486,570,0.0,663800,Normal,66,Negatif,Uptrend,Bullish,Bearish MACD,Perfect Uptrend (5>20>50),Normal,Akumulasi (Naik),Normal,Seimbang / Adu Mekanik,Normal,Sedang,Doji (Ragu-ragu),Rawan Pucuk (High Risk),< 1 Miliar,Persis di VWAP,Akumulasi Pro (Smart Money),Gorengan Sepi (< 5M),Normal (50-150%),Mark-Up (Fase Pesta),Spesialis Tiang Jemuran (Banting Pucuk),Normal,Sideways / Stagnan,TP: 553 | CL: 522,Normal,Tidak Ideal (< 1:1),Netral / Sideways,Sentimen Positif 📰,Supply Kering (Siap Pump) 🏜️,Golden Rebound Fibo 38.2% 🎯,5,WAIT & SEE,TIDAK ADA,2026-08-20 16:40:00,Biasa / Mengikuti Pasar
16:40,JMAS,Token Mati (Perlu Update),Small Cap (Lapis 3),Overvalued (Mahal),178.125,1.8114791,228.0,228,228,228,0.0,0,Normal,38,Negatif,Downtrend,Bearish,Bullish MACD,Konsolidasi / Transisi,Normal,Netral,Normal,Tidak Ada Transaksi,Squeeze,Rendah,Doji (Ragu-ragu),Dekat Support (Low Risk),< 1 Miliar,Di Atas VWAP (Kuat),Netral,Gorengan Sepi (< 5M),Normal (50-150%),Sideways,Solid (Jarang Dibanting),Normal,Sideways / Stagnan,TP: 229 | CL: 227,Normal,Di Area Support,Oversold (Jenuh Jual - Peluang),Netral / Sepi Berita,Normal / Sedang Transisi,Mengambang (Jauh dari Fibo),1,WAIT & SEE,TIDAK ADA,2026-08-20 16:40:00,Biasa / Mengikuti Pasar
16:40,CAMP,Token Mati (Perlu Update),Small Cap (Lapis 3),Undervalued (Murah),13.003096,0.96811557,168.0,170,166,200,-1.1764705882352942,336400,Normal,41,Negatif,Downtrend,Death Cross,Strong Bearish,Strong Downtrend (5<20<50),Normal,Distribusi (Turun),Normal,Dominan Jual (Guyur),Squeeze,Rendah,Normal,Dekat Support (Low Risk),< 1 Miliar,Di Bawah VWAP (Lemah),Distribusi Pro (Guyuran),Gorengan Sepi (< 5M),Sepi (< 50%),Mark-Down (Fase Runtuh),Normal,Normal,Turun 1 Hari Beruntun,TP: 176 | CL: 162,Normal,Sangat Menarik (> 1:3),Oversold (Jenuh Jual - Peluang),Sentimen Positif 📰,Normal / Sedang Transisi,Golden Rebound Fibo 61.8% (Golden Ratio) 🎯,1,WAIT & SEE,TIDAK ADA,2026-08-20 16:40:00,Biasa / Mengikuti Pasar
16:40,IPCM,Token Mati (Perlu Update),Mid Cap (Lapis 2),Undervalued (Murah),9.140435,1.2040219,302.0,306,282,322,0.0,224500,Normal,41,Negatif,Downtrend,Bearish,Strong Bearish,Strong Downtrend (5<20<50),Normal,Distribusi (Turun),Normal,Dominan Beli (Hajar Kanan),Normal,Sedang,Doji (Ragu-ragu),Area Tengah,< 1 Miliar,Di Atas VWAP (Kuat),Akumulasi Pro (Smart Money),Gorengan Sepi (< 5M),Sepi (< 50%),Mark-Down (Fase Runtuh),Normal,Jarum Bawah (Sinyal Pantulan Kuat),Sideways / Stagnan,TP: 310 | CL: 296,Normal,Menengah (1:1),Netral / Sideways,Sentimen Positif 📰,Normal / Sedang Transisi,Golden Rebound Fibo 50.0% 🎯,2,WAIT & SEE,TIDAK ADA,2026-08-20 16:40:00,Biasa / Mengikuti Pasar
16:40,PCAR,Token Mati (Perlu Update),Small Cap (Lapis 3),Fair Value (Wajar),0.0,0.6526299,42.0,41,38,49,-2.3255813953488373,1230300,Normal,52,Negatif,Uptrend,Bullish,Bearish MACD,Perfect Uptrend (5>20>50),Normal,Distribusi (Turun),Gap Down (-2.3%),Tidak Ada Transaksi,Normal,Tinggi,Doji (Ragu-ragu),Rawan Pucuk (High Risk),< 1 Miliar,Persis di VWAP,Distribusi Pro (Guyuran),Gorengan Sepi (< 5M),Sepi (< 50%),Mark-Up (Fase Pesta),Normal,Normal,Turun 1 Hari Beruntun,TP: 45 | CL: 39,Normal,Ideal (1:2),Netral / Sideways,Netral / Sepi Berita,Normal / Sedang Transisi,Dekat Support Fibo 50.0%,3,WAIT & SEE,TIDAK ADA,2026-08-20 16:40:00,Biasa / Mengikuti Pasar
16:40,LCKM,Token Mati (Perlu Update),Small Cap (Lapis 3),Overvalued (Mahal),71.899734,0.799384,109.0,109,105,116,0.0,0,Normal,45,Negatif,Downtrend,Bearish,Bullish MACD,Strong Downtrend (5<20<50),Normal,Netral,Normal,Tidak Ada Transaksi,Squeeze,Rendah,Doji (Ragu-ragu),Area Tengah,< 1 Miliar,Di Atas VWAP (Kuat),Netral,Gorengan Sepi (< 5M),Normal (50-150%),Mark-Down (Fase Runtuh),Normal,Normal,Sideways / Stagnan,TP: 110 | CL: 108,Normal,Ideal (1:2),Oversold (Jenuh Jual - Peluang),Netral / Sepi Berita,Supply Kering (Siap Pump) 🏜️,Mengambang (Jauh dari Fibo),1,WAIT & SEE,TIDAK ADA,2026-08-20 16:40:00,Biasa / Mengikuti Pasar
16:40,BOSS,Token Mati (Perlu Update),Small Cap (Lapis 3),Fair Value (Wajar),0.0,-0.41981882,50.0,50,50,50,0.0,0,Normal,0,Negatif,Downtrend,Bearish,Bearish MACD,Konsolidasi / Transisi,Normal,Netral,Normal,Tidak Ada Transaksi,Squeeze,Rendah,Doji (Ragu-ragu),Dekat Support (Low Risk),< 1 Miliar,Di Atas VWAP (Kuat),Netral,Gorengan Sepi (< 5M),Normal (50-150%),Sideways,Solid (Jarang Dibanting),Normal,Sideways / Stagnan,TP: 51 | CL: 49,Normal,Di Area Support,Oversold (Jenuh Jual - Peluang),Netral / Sepi Berita,Normal / Sedang Transisi,Normal / Sideways,0,WAIT & SEE,TIDAK ADA,2026-08-20 16:40:00,Biasa / Mengikuti Pasar
16:40,HELI,Token Mati (Perlu Update),Small Cap (Lapis 3),Fair Value (Wajar),6.177485,1.8091818,197.0,191,173,240,0.0,1037400,Normal,59,Negatif,Uptrend,Bullish,Strong Bullish,Perfect Uptrend (5>20>50),Normal,Akumulasi (Naik),Normal,Dominan Beli (Hajar Kanan),Normal,Sedang,Hammer (Potensi Reversal),Rawan Pucuk (High Risk),< 1 Miliar,Persis di VWAP,Akumulasi Pro (Smart Money),Gorengan Sepi (< 5M),Sepi (< 50%),Mark-Up (Fase Pesta),Spesialis Tiang Jemuran (Banting Pucuk),Jarum Bawah (Sinyal Pantulan Kuat),Sideways / Stagnan,TP: 214 | CL: 185,Normal,Ideal (1:2),Netral / Sideways,Sentimen Positif 📰,Normal / Sedang Transisi,Mengambang (Jauh dari Fibo),7,BELI,TIDAK ADA,2026-08-20 16:40:00,Biasa / Mengikuti Pasar
16:40,INPS,Token Mati (Perlu Update),Small Cap (Lapis 3),Fair Value (Wajar),0.0,-10.3042345,695.0,693,610,770,-0.7142857142857143,139700,Normal,52,Negatif,Uptrend,Bullish,Bearish MACD,Perfect Uptrend (5>20>50),Normal,Akumulasi (Naik),Normal,Dominan Jual (Guyur),Normal,Tinggi,Normal,Rawan Pucuk (High Risk),< 1 Miliar,Di Bawah VWAP (Lemah),Distribusi Pro (Guyuran),Gorengan Sepi (< 5M),Normal (50-150%),Mark-Up (Fase Pesta),Normal,Normal,Turun 2 Hari Beruntun,TP: 736 | CL: 667,Open = High (Tekanan Jual),Tidak Ideal (< 1:1),Netral / Sideways,Netral / Sepi Berita,Normal / Sedang Transisi,Mendekati Fibo 50.0%,4,WAIT & SEE,TIDAK ADA,2026-08-20 16:40:00,Biasa / Mengikuti Pasar
16:40,GHON,Token Mati (Perlu Update),Small Cap (Lapis 3),Undervalued (Murah),9.824085,1.2664071,1605.0,1619,1570,1660,-0.3105590062111801,20100,Tembus MA20,45,Negatif,Downtrend,Bearish,Bullish MACD,Strong Downtrend (5<20<50),Normal,Distribusi (Turun),Normal,Seimbang / Adu Mekanik,Squeeze,Rendah,Normal,Dekat Support (Low Risk),< 1 Miliar,Persis di VWAP,Distribusi Pro (Guyuran),Gorengan Sepi (< 5M),Normal (50-150%),Mark-Down (Fase Runtuh),Normal,Normal,Turun 1 Hari Beruntun,TP: 1654 | CL: 1572,Open = High (Tekanan Jual),Ideal (1:2),Netral / Sideways,Sentimen Positif 📰,Normal / Sedang Transisi,Mengambang (Jauh dari Fibo),3,WAIT & SEE,TIDAK ADA,2026-08-20 16:40:00,Biasa / Mengikuti Pasar
16:40,DFAM,Token Mati (Perlu Update),Small Cap (Lapis 3),Overvalued (Mahal),0.0,24.42748,80.0,81,72,89,1.2658227848101267,3073700,Normal,45,Positif,Downtrend,Bearish,Bullish MACD,Strong Downtrend (5<20<50),Normal,Distribusi (Turun),Normal,Dominan Beli (Hajar Kanan),Normal,Sedang,Doji (Ragu-ragu),Rawan Pucuk (High Risk),< 1 Miliar,Persis di VWAP,Distribusi Pro (Guyuran),Gorengan Sepi (< 5M),Sepi (< 50%),Mark-Down (Fase Runtuh),Spesialis Tiang Jemuran (Banting Pucuk),Jarum Bawah (Sinyal Pantulan Kuat),Naik 1 Hari Beruntun,TP: 84 | CL: 76,Normal,Menengah (1:1),Netral / Sideways,Sentimen Negatif ⚠️,Normal / Sedang Transisi,Mengambang (Jauh dari Fibo),3,WAIT & SEE,TIDAK ADA,2026-08-20 16:40:00,Biasa / Mengikuti Pasar
16:40,NICK,Token Mati (Perlu Update),Small Cap (Lapis 3),Overvalued (Mahal),4.2582335,3.022916,1405.0,1325,1010,1600,0.35714285714285715,500,Normal,59,Positif,Uptrend,Bullish,Bearish MACD,Perfect Uptrend (5>20>50),Normal,Distribusi (Turun),Normal,Dominan Jual (Guyur),Normal,Tinggi,Normal,Rawan Pucuk (High Risk),< 1 Miliar,Di Bawah VWAP (Lemah),Distribusi Pro (Guyuran),Gorengan Sepi (< 5M),Sepi (< 50%),Mark-Up (Fase Pesta),Normal,Normal,Naik 1 Hari Beruntun,TP: 1519 | CL: 1328,Open = High (Tekanan Jual),Tidak Ideal (< 1:1),Death Cross (Awal Bearish),Sentimen Negatif ⚠️,Normal / Sedang Transisi,Mendekati Fibo 38.2%,4,WAIT & SEE,TIDAK ADA,2026-08-20 16:40:00,Biasa / Mengikuti Pasar
16:40,BTPS,Token Mati (Perlu Update),Mid Cap (Lapis 2),Undervalued (Murah),6.273486,0.7397005,990.0,987,960,1020,0.5076142131979695,1344300,Normal,50,Positif,Uptrend,Golden Cross,Strong Bearish,Awal Reversal (5>20),Normal,Akumulasi (Naik),Normal,Seimbang / Adu Mekanik,Squeeze,Rendah,Doji (Ragu-ragu),Area Tengah,> 1 Miliar,Persis di VWAP,Akumulasi Pro (Smart Money),Gorengan Sepi (< 5M),Normal (50-150%),Accumulation (Kumpul Barang),Spesialis Tiang Jemuran (Banting Pucuk),Jarum Bawah (Sinyal Pantulan Kuat),Naik 1 Hari Beruntun,TP: 1010 | CL: 976,Normal,Menengah (1:1),Netral / Sideways,Sentimen Positif 📰,Normal / Sedang Transisi,Golden Rebound Fibo 38.2% 🎯,5,WAIT & SEE,TIDAK ADA,2026-08-20 16:40:00,Biasa / Mengikuti Pasar
16:40,SPTO,Token Mati (Perlu Update),Mid Cap (Lapis 2),Undervalued (Murah),6.3941298,0.96061784,610.0,602,585,615,0.0,491900,Normal,65,Negatif,Uptrend,Bullish,Bearish MACD,Perfect Uptrend (5>20>50),Normal,Akumulasi (Naik),Normal,Dominan Beli (Hajar Kanan),Squeeze,Rendah,Doji (Ragu-ragu),Area Tengah,< 1 Miliar,Persis di VWAP,Akumulasi Pro (Smart Money),Gorengan Sepi (< 5M),Anomali Tinggi (150-300%),Mark-Up (Fase Pesta),Normal,Jarum Bawah (Sinyal Pantulan Kuat),Sideways / Stagnan,TP: 623 | CL: 600,Normal,Tidak Ideal (< 1:1),Overbought (Jenuh Beli - Rawan),Sentimen Positif 📰,Normal / Sedang Transisi,Mendekati Fibo 23.6%,6,WAIT & SEE,TIDAK ADA,2026-08-20 16:40:00,Biasa / Mengikuti Pasar
16:40,PRIM,Token Mati (Perlu Update),Small Cap (Lapis 3),Fair Value (Wajar),0.0,0.41097966,114.0,108,98,118,0.8849557522123894,8283800,Normal,65,Positif,Uptrend,Bullish,Bearish MACD,Perfect Uptrend (5>20>50),Normal,Akumulasi (Naik),Normal,Seimbang / Adu Mekanik,Normal,Tinggi,Normal,Rawan Pucuk (High Risk),< 1 Miliar,Persis di VWAP,Akumulasi Pro (Smart Money),Gorengan Sepi (< 5M),Normal (50-150%),Mark-Up (Fase Pesta),Normal,Normal,Naik 1 Hari Beruntun,TP: 122 | CL: 108,Normal,Tidak Ideal (< 1:1),Death Cross (Awal Bearish),Sentimen Positif 📰,Normal / Sedang Transisi,Mengambang (Jauh dari Fibo),6,WAIT & SEE,TIDAK ADA,2026-08-20 16:40:00,Biasa / Mengikuti Pasar
16:40,HEAL,Token Mati (Perlu Update),Big Cap (Lapis 1),Overvalued (Mahal),26.630644,1.9075634,690.0,766,680,840,1.4705882352941175,16408800,Tembus MA20,26,Positif,Downtrend,Bearish,Strong Bearish,Strong Downtrend (5<20<50),Normal,Distribusi (Turun),Normal,Seimbang / Adu Mekanik,Bottom Rebound,Tinggi,Normal,Dekat Support (Low Risk),> 1 Miliar,Di Bawah VWAP (Lemah),Distribusi Pro (Guyuran),Ritel Aktif (5M - 50M),Normal (50-150%),Mark-Down (Fase Runtuh),Normal,Normal,Naik 1 Hari Beruntun,TP: 725 | CL: 666,Normal,Sangat Menarik (> 1:3),Oversold (Jenuh Jual - Peluang),Sentimen Positif 📰,Normal / Sedang Transisi,Golden Rebound Fibo Bottom / 100% 🎯,3,WAIT & SEE,TIDAK ADA,2026-08-20 16:40:00,Biasa / Mengikuti Pasar
16:40,TRUK,Token Mati (Perlu Update),Small Cap (Lapis 3),Overvalued (Mahal),0.0,8.822257,775.0,591,408,880,25.0,4539800,Tembus MA20,69,Positif,Uptrend,Bullish,Strong Bullish,Perfect Uptrend (5>20>50),Normal,Distribusi (Turun),Normal,Dominan Beli (Hajar Kanan),Normal,Tinggi,Marubozu (Strong Bullish),Rawan Pucuk (High Risk),> 1 Miliar,Di Atas VWAP (Kuat),Akumulasi Pro (Smart Money),Gorengan Sepi (< 5M),Normal (50-150%),Mark-Up (Fase Pesta),Spesialis Tiang Jemuran (Banting Pucuk),Normal,Naik 1 Hari Beruntun,TP: 950 | CL: 658,Normal,Tidak Ideal (< 1:1),Netral / Sideways,Netral / Sepi Berita,Normal / Sedang Transisi,Mendekati Fibo 23.6%,7,BELI,TIDAK ADA,2026-08-20 16:40:00,⚠️ Anomali (Sudah Terbang)
16:40,PZZA,Token Mati (Perlu Update),Small Cap (Lapis 3),Overvalued (Mahal),31.11111,0.52741396,182.0,183,178,195,1.675977653631285,737200,Tembus MA20,47,Positif,Downtrend,Bearish,Strong Bearish,Strong Downtrend (5<20<50),Normal,Distribusi (Turun),Normal,Seimbang / Adu Mekanik,Squeeze,Rendah,Normal,Dekat Support (Low Risk),< 1 Miliar,Persis di VWAP,Distribusi Pro (Guyuran),Gorengan Sepi (< 5M),Normal (50-150%),Mark-Down (Fase Runtuh),Spesialis Tiang Jemuran (Banting Pucuk),Normal,Naik 1 Hari Beruntun,TP: 190 | CL: 176,Normal,Sangat Menarik (> 1:3),Golden Cross (Awal Bullish),Sentimen Positif 📰,Normal / Sedang Transisi,Mendekati Fibo 50.0%,3,WAIT & SEE,TIDAK ADA,2026-08-20 16:40:00,Biasa / Mengikuti Pasar
16:40,TUGU,Token Mati (Perlu Update),Mid Cap (Lapis 2),Undervalued (Murah),5.289575,0.5305297,1370.0,1260,1185,1460,-1.083032490974729,1035000,Normal,69,Negatif,Uptrend,Bullish,Strong Bullish,Perfect Uptrend (5>20>50),Normal,Akumulasi (Naik),Normal,Dominan Jual (Guyur),Normal,Tinggi,Normal,Rawan Pucuk (High Risk),> 1 Miliar,Persis di VWAP,Akumulasi Pro (Smart Money),Gorengan Sepi (< 5M),Sepi (< 50%),Mark-Up (Fase Pesta),Normal,Normal,Turun 2 Hari Beruntun,TP: 1429 | CL: 1330,Normal,Tidak Ideal (< 1:1),Death Cross (Awal Bearish),Sentimen Positif 📰,Normal / Sedang Transisi,Dekat Support Fibo 23.6%,6,WAIT & SEE,TIDAK ADA,2026-08-20 16:40:00,Biasa / Mengikuti Pasar
16:40,MSIN,Token Mati (Perlu Update),Big Cap (Lapis 1),Overvalued (Mahal),21.109123,3.138938,354.0,383,336,428,1.1428571428571428,48662900,Tembus MA20,29,Positif,Downtrend,Bearish,Bullish MACD,Strong Downtrend (5<20<50),Normal,Distribusi (Turun),Normal,Dominan Beli (Hajar Kanan),Bottom Rebound,Tinggi,Normal,Area Tengah,> 1 Miliar,Di Bawah VWAP (Lemah),Akumulasi Pro (Smart Money),Ritel Aktif (5M - 50M),Normal (50-150%),Mark-Down (Fase Runtuh),Solid (Jarang Dibanting),Jarum Bawah (Sinyal Pantulan Kuat),Naik 1 Hari Beruntun,TP: 378 | CL: 337,Normal,Sangat Menarik (> 1:3),Golden Cross (Awal Bullish),Netral / Sepi Berita,Normal / Sedang Transisi,Mendekati Fibo Bottom / 100%,4,WAIT & SEE,TIDAK ADA,2026-08-20 16:40:00,Biasa / Mengikuti Pasar
16:40,SWAT,Token Mati (Perlu Update),Small Cap (Lapis 3),Fair Value (Wajar),5.082592,2.2219136,16.0,16,16,16,0.0,0,Normal,0,Negatif,Downtrend,Bearish,Bearish MACD,Konsolidasi / Transisi,Normal,Netral,Normal,Tidak Ada Transaksi,Squeeze,Rendah,Doji (Ragu-ragu),Dekat Support (Low Risk),< 1 Miliar,Di Atas VWAP (Kuat),Netral,Gorengan Sepi (< 5M),Normal (50-150%),Sideways,Solid (Jarang Dibanting),Normal,Sideways / Stagnan,TP: 17 | CL: 15,Normal,Di Area Support,Oversold (Jenuh Jual - Peluang),Netral / Sepi Berita,Normal / Sedang Transisi,Normal / Sideways,0,WAIT & SEE,TIDAK ADA,2026-08-20 16:40:00,Biasa / Mengikuti Pasar
16:40,TNCA,Token Mati (Perlu Update),Small Cap (Lapis 3),Overvalued (Mahal),49.205856,1.597105,158.0,161,135,197,0.0,232000,Normal,51,Negatif,Downtrend,Death Cross,Bearish MACD,Konsolidasi / Transisi,Normal,Distribusi (Turun),Normal,Dominan Beli (Hajar Kanan),Normal,Tinggi,Doji (Ragu-ragu),Rawan Pucuk (High Risk),< 1 Miliar,Di Bawah VWAP (Lemah),Distribusi Pro (Guyuran),Gorengan Sepi (< 5M),Sepi (< 50%),Distribution (Fase Jualan),Spesialis Tiang Jemuran (Banting Pucuk),Jarum Bawah (Sinyal Pantulan Kuat),Sideways / Stagnan,TP: 170 | CL: 149,Normal,Ideal (1:2),Oversold (Jenuh Jual - Peluang),Netral / Sepi Berita,Normal / Sedang Transisi,Golden Rebound Fibo 61.8% (Golden Ratio) 🎯,2,WAIT & SEE,TIDAK ADA,2026-08-20 16:40:00,Biasa / Mengikuti Pasar
16:40,MAPA,Token Mati (Perlu Update),Big Cap (Lapis 1),Fair Value (Wajar),9.929391,2.0107837,675.0,642,580,705,4.651162790697675,27413000,Tembus MA20,59,Positif,Uptrend,Bullish,Strong Bullish,Perfect Uptrend (5>20>50),Normal,Akumulasi (Naik),Normal,Dominan Beli (Hajar Kanan),Normal,Tinggi,Normal,Rawan Pucuk (High Risk),> 1 Miliar,Di Atas VWAP (Kuat),Akumulasi Pro (Smart Money),Ritel Aktif (5M - 50M),Anomali Tinggi (150-300%),Mark-Up (Fase Pesta),Solid (Jarang Dibanting),Normal,Naik 1 Hari Beruntun,TP: 722 | CL: 643,Normal,Tidak Ideal (< 1:1),Netral / Sideways,Sentimen Positif 📰,Normal / Sedang Transisi,Dekat Support Fibo 23.6%,9,BELI,TIDAK ADA,2026-08-20 16:40:00,Biasa / Mengikuti Pasar
16:40,TCPI,Token Mati (Perlu Update),Big Cap (Lapis 1),Overvalued (Mahal),93.333336,5.8632054,2530.0,4250,2430,5625,-6.296296296296296,6543600,Tembus MA20,14,Negatif,Downtrend,Bearish,Strong Bearish,Strong Downtrend (5<20<50),Distribusi Kuat,Distribusi (Turun),Normal,Seimbang / Adu Mekanik,Normal,Tinggi,Normal,Area Tengah,> 1 Miliar,Di Bawah VWAP (Lemah),Distribusi Pro (Guyuran),Ritel Aktif (5M - 50M),Anomali Tinggi (150-300%),Mark-Down (Fase Runtuh),Solid (Jarang Dibanting),Normal,Turun 3 Hari Beruntun,TP: 3106 | CL: 2145,Normal,Sangat Menarik (> 1:3),Oversold (Jenuh Jual - Peluang),Sentimen Negatif ⚠️,Normal / Sedang Transisi,Mendekati Fibo Bottom / 100%,1,WAIT & SEE,TIDAK ADA,2026-08-20 16:40:00,🔥 ANOMALI BANDAR (Siap Ledakan)
16:40,IPCC,Token Mati (Perlu Update),Mid Cap (Lapis 2),Fair Value (Wajar),8.614315,1.6215103,1165.0,1165,1130,1230,-0.851063829787234,459900,Normal,48,Negatif,Downtrend,Bullish,Bullish MACD,Awal Reversal (5>20),Normal,Distribusi (Turun),Normal,Dominan Jual (Guyur),Squeeze,Rendah,Normal,Area Tengah,< 1 Miliar,Persis di VWAP,Akumulasi Pro (Smart Money),Gorengan Sepi (< 5M),Normal (50-150%),Sideways,Normal,Normal,Turun 1 Hari Beruntun,TP: 1195 | CL: 1145,Normal,Ideal (1:2),Death Cross (Awal Bearish),Sentimen Positif 📰,Normal / Sedang Transisi,Mendekati Fibo 38.2%,3,WAIT & SEE,TIDAK ADA,2026-08-20 16:40:00,Biasa / Mengikuti Pasar
16:40,RISE,Token Mati (Perlu Update),Big Cap (Lapis 1),Overvalued (Mahal),86.08058,5.4422398,940.0,965,890,1110,1.6216216216216217,390100,Normal,46,Positif,Downtrend,Bearish,Strong Bearish,Strong Downtrend (5<20<50),Normal,Akumulasi (Naik),Normal,Seimbang / Adu Mekanik,Normal,Tinggi,Normal,Area Tengah,< 1 Miliar,Di Atas VWAP (Kuat),Distribusi Pro (Guyuran),Gorengan Sepi (< 5M),Normal (50-150%),Mark-Down (Fase Runtuh),Normal,Normal,Naik 1 Hari Beruntun,TP: 1005 | CL: 896,Open = Low (Bullish Kuat),Sangat Menarik (> 1:3),Golden Cross (Awal Bullish),Sentimen Positif 📰,Normal / Sedang Transisi,Mendekati Fibo 78.6%,3,WAIT & SEE,TIDAK ADA,2026-08-20 16:40:00,Biasa / Mengikuti Pasar
16:40,BPTR,Token Mati (Perlu Update),Small Cap (Lapis 3),Undervalued (Murah),9.4180155,0.43502268,78.0,75,72,81,2.631578947368421,524000,Normal,61,Positif,Uptrend,Bullish,Strong Bullish,Perfect Uptrend (5>20>50),Normal,Akumulasi (Naik),Normal,Dominan Beli (Hajar Kanan),Normal,Sedang,Marubozu (Strong Bullish),Area Tengah,< 1 Miliar,Di Atas VWAP (Kuat),Akumulasi Pro (Smart Money),Gorengan Sepi (< 5M),Sepi (< 50%),Mark-Up (Fase Pesta),Spesialis Tiang Jemuran (Banting Pucuk),Normal,Naik 1 Hari Beruntun,TP: 82 | CL: 74,Open = Low (Bullish Kuat),Tidak Ideal (< 1:1),Netral / Sideways,Sentimen Negatif ⚠️,Supply Kering (Siap Pump) 🏜️,Golden Rebound Fibo 38.2% 🎯,7,BELI,TIDAK ADA,2026-08-20 16:40:00,Biasa / Mengikuti Pasar
16:40,POLL,Token Mati (Perlu Update),Small Cap (Lapis 3),Overvalued (Mahal),85.496185,0.57678145,112.0,112,112,112,0.0,0,Normal,0,Negatif,Downtrend,Bearish,Bearish MACD,Konsolidasi / Transisi,Normal,Netral,Normal,Tidak Ada Transaksi,Squeeze,Rendah,Doji (Ragu-ragu),Dekat Support (Low Risk),< 1 Miliar,Di Atas VWAP (Kuat),Netral,Gorengan Sepi (< 5M),Normal (50-150%),Sideways,Solid (Jarang Dibanting),Normal,Sideways / Stagnan,TP: 113 | CL: 111,Normal,Di Area Support,Oversold (Jenuh Jual - Peluang),Netral / Sepi Berita,Normal / Sedang Transisi,Normal / Sideways,0,WAIT & SEE,TIDAK ADA,2026-08-20 16:40:00,Biasa / Mengikuti Pasar
16:40,NFCX,Token Mati (Perlu Update),Mid Cap (Lapis 2),Overvalued (Mahal),0.0,3.7293568,1590.0,1553,1475,1880,0.6329113924050633,8800,Normal,53,Positif,Uptrend,Bullish,Bullish MACD,Awal Reversal (5>20),Normal,Akumulasi (Naik),Gap Up (+6.3%),Dominan Jual (Guyur),Normal,Sedang,Normal,Area Tengah,< 1 Miliar,Persis di VWAP,Distribusi Pro (Guyuran),Gorengan Sepi (< 5M),Sepi (< 50%),Accumulation (Kumpul Barang),Normal,Normal,Naik 2 Hari Beruntun,TP: 1706 | CL: 1512,Open = High (Tekanan Jual),Ideal (1:2),Netral / Sideways,Sentimen Positif 📰,Supply Kering (Siap Pump) 🏜️,Mendekati Fibo 78.6%,8,BELI,TIDAK ADA,2026-08-20 16:40:00,Biasa / Mengikuti Pasar
16:40,MGRO,Token Mati (Perlu Update),Mid Cap (Lapis 2),Overvalued (Mahal),0.0,7.5466213,675.0,674,640,710,0.0,3763800,Normal,51,Negatif,Uptrend,Bearish,Strong Bearish,Strong Downtrend (5<20<50),Normal,Akumulasi (Naik),Normal,Seimbang / Adu Mekanik,Squeeze,Rendah,Normal,Area Tengah,> 1 Miliar,Di Atas VWAP (Kuat),Akumulasi Pro (Smart Money),Gorengan Sepi (< 5M),Normal (50-150%),Accumulation (Kumpul Barang),Normal,Normal,Sideways / Stagnan,TP: 708 | CL: 652,Open = High (Tekanan Jual),Menengah (1:1),Netral / Sideways,Netral / Sepi Berita,Normal / Sedang Transisi,Dekat Support Fibo 38.2%,3,WAIT & SEE,TIDAK ADA,2026-08-20 16:40:00,Biasa / Mengikuti Pasar
16:40,FILM,Token Mati (Perlu Update),Mid Cap (Lapis 2),Fair Value (Wajar),0.0,2.8142228,810.0,1000,760,1280,1.25,28276700,Tembus MA20,27,Positif,Downtrend,Bearish,Strong Bearish,Strong Downtrend (5<20<50),Normal,Distribusi (Turun),Normal,Dominan Beli (Hajar Kanan),Bottom Rebound,Tinggi,Doji (Ragu-ragu),Area Tengah,> 1 Miliar,Di Bawah VWAP (Lemah),Distribusi Pro (Guyuran),Ritel Aktif (5M - 50M),Normal (50-150%),Mark-Down (Fase Runtuh),Spesialis Tiang Jemuran (Banting Pucuk),Jarum Bawah (Sinyal Pantulan Kuat),Naik 1 Hari Beruntun,TP: 923 | CL: 734,Normal,Sangat Menarik (> 1:3),Oversold (Jenuh Jual - Peluang),Netral / Sepi Berita,Normal / Sedang Transisi,Mengambang (Jauh dari Fibo),3,WAIT & SEE,TIDAK ADA,2026-08-20 16:40:00,Biasa / Mengikuti Pasar
16:40,ANDI,Token Mati (Perlu Update),Small Cap (Lapis 3),Fair Value (Wajar),0.0,1.5166385,17.0,17,16,19,0.0,7924900,Tembus MA20,40,Negatif,Downtrend,Bearish,Strong Bearish,Konsolidasi / Transisi,Normal,Distribusi (Turun),Normal,Dominan Jual (Guyur),Normal,Sedang,Doji (Ragu-ragu),Area Tengah,< 1 Miliar,Di Bawah VWAP (Lemah),Distribusi Pro (Guyuran),Gorengan Sepi (< 5M),Anomali Tinggi (150-300%),Distribution (Fase Jualan),Normal,Normal,Sideways / Stagnan,TP: 18 | CL: 16,Normal,Ideal (1:2),Netral / Sideways,Netral / Sepi Berita,Normal / Sedang Transisi,Dekat Support Fibo 50.0%,1,WAIT & SEE,TIDAK ADA,2026-08-20 16:40:00,Biasa / Mengikuti Pasar
16:40,LAND,Token Mati (Perlu Update),Small Cap (Lapis 3),Overvalued (Mahal),132.2034,0.47439772,77.0,76,68,90,1.3157894736842104,31601000,Normal,54,Positif,Uptrend,Bearish,Bearish MACD,Konsolidasi / Transisi,Normal,Akumulasi (Naik),Normal,Dominan Jual (Guyur),Normal,Tinggi,Normal,Rawan Pucuk (High Risk),> 1 Miliar,Persis di VWAP,Distribusi Pro (Guyuran),Gorengan Sepi (< 5M),Normal (50-150%),Mark-Up (Fase Pesta),Spesialis Tiang Jemuran (Banting Pucuk),Normal,Naik 1 Hari Beruntun,TP: 85 | CL: 71,Open = Low (Bullish Kuat),Menengah (1:1),Netral / Sideways,Netral / Sepi Berita,Normal / Sedang Transisi,Mendekati Fibo 38.2%,4,WAIT & SEE,TIDAK ADA,2026-08-20 16:40:00,Biasa / Mengikuti Pasar
16:40,MOLI,Token Mati (Perlu Update),Small Cap (Lapis 3),Undervalued (Murah),6.649851,0.6171355,288.0,266,242,292,4.3478260869565215,4379600,Tembus MA20,67,Positif,Uptrend,Bullish,Strong Bullish,Perfect Uptrend (5>20>50),Normal,Akumulasi (Naik),Normal,Dominan Beli (Hajar Kanan),Normal,Tinggi,Normal,Rawan Pucuk (High Risk),> 1 Miliar,Di Atas VWAP (Kuat),Akumulasi Pro (Smart Money),Gorengan Sepi (< 5M),Normal (50-150%),Mark-Up (Fase Pesta),Spesialis Tiang Jemuran (Banting Pucuk),Normal,Naik 1 Hari Beruntun,TP: 307 | CL: 275,Normal,Tidak Ideal (< 1:1),Overbought (Jenuh Beli - Rawan),Sentimen Positif 📰,Normal / Sedang Transisi,Mengambang (Jauh dari Fibo),9,BELI,TIDAK ADA,2026-08-20 16:40:00,Biasa / Mengikuti Pasar
16:40,PANI,Token Mati (Perlu Update),Big Cap (Lapis 1),Overvalued (Mahal),42.545,3.7931955,6050.0,6158,5800,6875,0.4149377593360996,2526200,Normal,45,Positif,Downtrend,Bearish,Strong Bearish,Strong Downtrend (5<20<50),Normal,Akumulasi (Naik),Normal,Dominan Jual (Guyur),Normal,Sedang,Doji (Ragu-ragu),Area Tengah,> 1 Miliar,Persis di VWAP,Distribusi Pro (Guyuran),Ritel Aktif (5M - 50M),Normal (50-150%),Mark-Down (Fase Runtuh),Spesialis Tiang Jemuran (Banting Pucuk),Normal,Naik 1 Hari Beruntun,TP: 6390 | CL: 5823,Normal,Sangat Menarik (> 1:3),Oversold (Jenuh Jual - Peluang),Netral / Sepi Berita,Normal / Sedang Transisi,Golden Rebound Fibo 78.6% 🎯,2,WAIT & SEE,TIDAK ADA,2026-08-20 16:40:00,Biasa / Mengikuti Pasar
16:40,DIGI,Token Mati (Perlu Update),Small Cap (Lapis 3),Fair Value (Wajar),0.0,-7.80409,29.0,29,29,29,0.0,0,Normal,44,Negatif,Downtrend,Bearish,Bullish MACD,Konsolidasi / Transisi,Normal,Netral,Normal,Tidak Ada Transaksi,Squeeze,Rendah,Doji (Ragu-ragu),Dekat Support (Low Risk),< 1 Miliar,Di Atas VWAP (Kuat),Netral,Gorengan Sepi (< 5M),Normal (50-150%),Sideways,Solid (Jarang Dibanting),Normal,Sideways / Stagnan,TP: 30 | CL: 28,Normal,Di Area Support,Oversold (Jenuh Jual - Peluang),Netral / Sepi Berita,Normal / Sedang Transisi,Golden Rebound Fibo 78.6% 🎯,1,WAIT & SEE,TIDAK ADA,2026-08-20 16:40:00,Biasa / Mengikuti Pasar
16:40,CITY,Token Mati (Perlu Update),Small Cap (Lapis 3),Overvalued (Mahal),41.108547,1.0711019,178.0,173,163,195,1.1363636363636365,960200,Normal,58,Positif,Uptrend,Bullish,Bearish MACD,Perfect Uptrend (5>20>50),Normal,Distribusi (Turun),Normal,Dominan Beli (Hajar Kanan),Normal,Sedang,Doji (Ragu-ragu),Area Tengah,< 1 Miliar,Persis di VWAP,Distribusi Pro (Guyuran),Gorengan Sepi (< 5M),Normal (50-150%),Mark-Up (Fase Pesta),Spesialis Tiang Jemuran (Banting Pucuk),Jarum Bawah (Sinyal Pantulan Kuat),Naik 3 Hari Beruntun,TP: 191 | CL: 168,Normal,Menengah (1:1),Golden Cross (Awal Bullish),Sentimen Negatif ⚠️,Normal / Sedang Transisi,Mengambang (Jauh dari Fibo),5,WAIT & SEE,TIDAK ADA,2026-08-20 16:40:00,Biasa / Mengikuti Pasar
16:40,SAPX,Token Mati (Perlu Update),Small Cap (Lapis 3),Overvalued (Mahal),94.32314,0.85744226,216.0,215,202,252,1.8867924528301887,124000,Normal,53,Positif,Uptrend,Bearish,Bearish MACD,Konsolidasi / Transisi,Normal,Akumulasi (Naik),Normal,Dominan Jual (Guyur),Squeeze,Rendah,Normal,Area Tengah,< 1 Miliar,Di Atas VWAP (Kuat),Distribusi Pro (Guyuran),Gorengan Sepi (< 5M),Normal (50-150%),Mark-Up (Fase Pesta),Spesialis Tiang Jemuran (Banting Pucuk),Normal,Naik 1 Hari Beruntun,TP: 230 | CL: 206,Normal,Ideal (1:2),Golden Cross (Awal Bullish),Sentimen Negatif ⚠️,Supply Kering (Siap Pump) 🏜️,Golden Rebound Fibo 50.0% 🎯,4,WAIT & SEE,TIDAK ADA,2026-08-20 16:40:00,Biasa / Mengikuti Pasar
16:40,SURE,Token Mati (Perlu Update),Mid Cap (Lapis 2),Overvalued (Mahal),1641.9753,-12.387131,2660.0,2730,2620,2920,-1.4814814814814816,700,Normal,41,Negatif,Downtrend,Bearish,Strong Bearish,Strong Downtrend (5<20<50),Normal,Akumulasi (Naik),Normal,Dominan Jual (Guyur),Squeeze,Rendah,Normal,Dekat Support (Low Risk),< 1 Miliar,Persis di VWAP,Distribusi Pro (Guyuran),Gorengan Sepi (< 5M),Normal (50-150%),Mark-Down (Fase Runtuh),Spesialis Tiang Jemuran (Banting Pucuk),Normal,Turun 1 Hari Beruntun,TP: 2745 | CL: 2602,Open = High (Tekanan Jual),Sangat Menarik (> 1:3),Netral / Sideways,Sentimen Positif 📰,Supply Kering (Siap Pump) 🏜️,Golden Rebound Fibo 78.6% 🎯,2,WAIT & SEE,TIDAK ADA,2026-08-20 16:40:00,Biasa / Mengikuti Pasar
16:40,MPRO,Token Mati (Perlu Update),Big Cap (Lapis 1),Overvalued (Mahal),0.0,165.76744,13150.0,12408,9050,17275,-1.1278195488721803,5700,Normal,59,Negatif,Uptrend,Bullish,Strong Bullish,Perfect Uptrend (5>20>50),Normal,Distribusi (Turun),Normal,Dominan Jual (Guyur),Normal,Tinggi,Normal,Rawan Pucuk (High Risk),< 1 Miliar,Di Atas VWAP (Kuat),Akumulasi Pro (Smart Money),Gorengan Sepi (< 5M),Normal (50-150%),Mark-Up (Fase Pesta),Normal,Normal,Turun 1 Hari Beruntun,TP: 14909 | CL: 11976,Normal,Menengah (1:1),Death Cross (Awal Bearish),Sentimen Negatif ⚠️,Normal / Sedang Transisi,Mengambang (Jauh dari Fibo),4,WAIT & SEE,TIDAK ADA,2026-08-20 16:40:00,Biasa / Mengikuti Pasar
16:40,GOOD,Token Mati (Perlu Update),Big Cap (Lapis 1),Fair Value (Wajar),16.105263,2.8892183,306.0,299,286,310,-0.6493506493506493,184500,Normal,54,Negatif,Uptrend,Bullish,Strong Bullish,Awal Reversal (5>20),Normal,Distribusi (Turun),Normal,Seimbang / Adu Mekanik,Normal,Sedang,Normal,Area Tengah,< 1 Miliar,Persis di VWAP,Akumulasi Pro (Smart Money),Gorengan Sepi (< 5M),Normal (50-150%),Accumulation (Kumpul Barang),Spesialis Tiang Jemuran (Banting Pucuk),Normal,Turun 1 Hari Beruntun,TP: 317 | CL: 298,Open = Low (Bullish Kuat),Tidak Ideal (< 1:1),Overbought (Jenuh Beli - Rawan),Sentimen Positif 📰,Normal / Sedang Transisi,Dekat Support Fibo 78.6%,5,WAIT & SEE,TIDAK ADA,2026-08-20 16:40:00,Biasa / Mengikuti Pasar
16:40,SKRN,Token Mati (Perlu Update),Mid Cap (Lapis 2),Overvalued (Mahal),15.494637,4.5427017,384.0,401,378,438,-0.5181347150259068,135500,Normal,44,Negatif,Downtrend,Bearish,Bearish MACD,Konsolidasi / Transisi,Normal,Distribusi (Turun),Normal,Dominan Jual (Guyur),Bottom Rebound,Sedang,Normal,Dekat Support (Low Risk),< 1 Miliar,Di Bawah VWAP (Lemah),Distribusi Pro (Guyuran),Gorengan Sepi (< 5M),Normal (50-150%),Distribution (Fase Jualan),Normal,Normal,Turun 1 Hari Beruntun,TP: 412 | CL: 365,Normal,Sangat Menarik (> 1:3),Oversold (Jenuh Jual - Peluang),Netral / Sepi Berita,Normal / Sedang Transisi,Mendekati Fibo 50.0%,0,WAIT & SEE,TIDAK ADA,2026-08-20 16:40:00,Biasa / Mengikuti Pasar
16:40,YELO,Token Mati (Perlu Update),Small Cap (Lapis 3),Undervalued (Murah),5.699733,0.6764488,94.0,87,75,102,1.0752688172043012,66288400,Normal,60,Positif,Uptrend,Bullish,Strong Bullish,Perfect Uptrend (5>20>50),Normal,Akumulasi (Naik),Normal,Seimbang / Adu Mekanik,Normal,Tinggi,Normal,Rawan Pucuk (High Risk),> 1 Miliar,Persis di VWAP,Akumulasi Pro (Smart Money),Ritel Aktif (5M - 50M),Normal (50-150%),Mark-Up (Fase Pesta),Normal,Normal,Naik 1 Hari Beruntun,TP: 105 | CL: 86,Normal,Tidak Ideal (< 1:1),Death Cross (Awal Bearish),Sentimen Positif 📰,Normal / Sedang Transisi,Mendekati Fibo 23.6%,7,BELI,TIDAK ADA,2026-08-20 16:40:00,Biasa / Mengikuti Pasar
16:40,CAKK,Token Mati (Perlu Update),Small Cap (Lapis 3),Undervalued (Murah),11.842215,1.2730289,142.0,138,127,158,0.7092198581560284,96400,Normal,54,Positif,Uptrend,Bullish,Strong Bullish,Perfect Uptrend (5>20>50),Normal,Distribusi (Turun),Normal,Seimbang / Adu Mekanik,Normal,Sedang,Normal,Rawan Pucuk (High Risk),< 1 Miliar,Persis di VWAP,Distribusi Pro (Guyuran),Gorengan Sepi (< 5M),Sepi (< 50%),Mark-Up (Fase Pesta),Spesialis Tiang Jemuran (Banting Pucuk),Normal,Naik 1 Hari Beruntun,TP: 150 | CL: 136,Open = Low (Bullish Kuat),Menengah (1:1),Netral / Sideways,Sentimen Positif 📰,Normal / Sedang Transisi,Dekat Support Fibo 50.0%,6,WAIT & SEE,TIDAK ADA,2026-08-20 16:40:00,Biasa / Mengikuti Pasar
16:40,SATU,Token Mati (Perlu Update),Small Cap (Lapis 3),Overvalued (Mahal),0.0,8.04572,252.0,261,250,274,-3.076923076923077,317000,Tembus MA20,27,Negatif,Downtrend,Bearish,Strong Bearish,Strong Downtrend (5<20<50),Distribusi Kuat,Distribusi (Turun),Normal,Dominan Jual (Guyur),Squeeze,Rendah,Normal,Dekat Support (Low Risk),< 1 Miliar,Di Bawah VWAP (Lemah),Distribusi Pro (Guyuran),Gorengan Sepi (< 5M),Ledakan Ekstrem (> 300%),Mark-Down (Fase Runtuh),Solid (Jarang Dibanting),Normal,Turun 1 Hari Beruntun,TP: 257 | CL: 248,Open = High (Tekanan Jual),Sangat Menarik (> 1:3),Netral / Sideways,Sentimen Positif 📰,Normal / Sedang Transisi,Dekat Support Fibo Bottom / 100%,2,WAIT & SEE,TIDAK ADA,2026-08-20 16:40:00,Biasa / Mengikuti Pasar
16:40,SOSS,Token Mati (Perlu Update),Small Cap (Lapis 3),Overvalued (Mahal),18.991205,4.9797254,840.0,877,785,975,0.0,1500,Normal,43,Negatif,Downtrend,Bearish,Strong Bearish,Konsolidasi / Transisi,Normal,Distribusi (Turun),Normal,Tidak Ada Transaksi,Normal,Tinggi,Doji (Ragu-ragu),Area Tengah,< 1 Miliar,Persis di VWAP,Akumulasi Pro (Smart Money),Gorengan Sepi (< 5M),Normal (50-150%),Distribution (Fase Jualan),Solid (Jarang Dibanting),Normal,Sideways / Stagnan,TP: 853 | CL: 830,Normal,Ideal (1:2),Netral / Sideways,Sentimen Positif 📰,Normal / Sedang Transisi,Mendekati Fibo 61.8% (Golden Ratio),1,WAIT & SEE,TIDAK ADA,2026-08-20 16:40:00,Biasa / Mengikuti Pasar
16:40,DEAL,Token Mati (Perlu Update),Small Cap (Lapis 3),Fair Value (Wajar),0.0,-0.12075836,6.0,6,6,6,0.0,0,Normal,0,Negatif,Downtrend,Bearish,Bearish MACD,Konsolidasi / Transisi,Normal,Netral,Normal,Tidak Ada Transaksi,Squeeze,Rendah,Doji (Ragu-ragu),Dekat Support (Low Risk),< 1 Miliar,Di Atas VWAP (Kuat),Netral,Gorengan Sepi (< 5M),Normal (50-150%),Sideways,Solid (Jarang Dibanting),Normal,Sideways / Stagnan,TP: 7 | CL: 5,Normal,Di Area Support,Oversold (Jenuh Jual - Peluang),Netral / Sepi Berita,Normal / Sedang Transisi,Normal / Sideways,0,WAIT & SEE,TIDAK ADA,2026-08-20 16:40:00,Biasa / Mengikuti Pasar
16:40,POLA,Token Mati (Perlu Update),Small Cap (Lapis 3),Overvalued (Mahal),33.928574,0.85531646,57.0,57,54,63,1.7857142857142856,10476800,Tembus MA20,47,Positif,Downtrend,Bearish,Strong Bearish,Konsolidasi / Transisi,Normal,Distribusi (Turun),Normal,Seimbang / Adu Mekanik,Normal,Sedang,Normal,Area Tengah,< 1 Miliar,Persis di VWAP,Distribusi Pro (Guyuran),Gorengan Sepi (< 5M),Normal (50-150%),Distribution (Fase Jualan),Normal,Normal,Naik 1 Hari Beruntun,TP: 61 | CL: 54,Normal,Ideal (1:2),Golden Cross (Awal Bullish),Netral / Sepi Berita,Normal / Sedang Transisi,Mendekati Fibo 78.6%,2,WAIT & SEE,TIDAK ADA,2026-08-20 16:40:00,Biasa / Mengikuti Pasar
16:40,DIVA,Token Mati (Perlu Update),Small Cap (Lapis 3),Fair Value (Wajar),0.0,0.3220018,138.0,132,110,152,0.7299270072992701,5242800,Normal,61,Positif,Uptrend,Bullish,Bearish MACD,Perfect Uptrend (5>20>50),Normal,Akumulasi (Naik),Normal,Seimbang / Adu Mekanik,Normal,Tinggi,Normal,Rawan Pucuk (High Risk),< 1 Miliar,Di Atas VWAP (Kuat),Akumulasi Pro (Smart Money),Gorengan Sepi (< 5M),Normal (50-150%),Mark-Up (Fase Pesta),Spesialis Tiang Jemuran (Banting Pucuk),Normal,Naik 3 Hari Beruntun,TP: 151 | CL: 129,Normal,Tidak Ideal (< 1:1),Netral / Sideways,Netral / Sepi Berita,Normal / Sedang Transisi,Mendekati Fibo 50.0%,5,WAIT & SEE,TIDAK ADA,2026-08-20 16:40:00,Biasa / Mengikuti Pasar
16:40,LUCK,Token Mati (Perlu Update),Small Cap (Lapis 3),Fair Value (Wajar),0.0,0.68743443,114.0,113,99,133,0.0,637800,Normal,56,Negatif,Uptrend,Bullish,Bearish MACD,Perfect Uptrend (5>20>50),Normal,Distribusi (Turun),Normal,Seimbang / Adu Mekanik,Normal,Sedang,Doji (Ragu-ragu),Rawan Pucuk (High Risk),< 1 Miliar,Persis di VWAP,Akumulasi Pro (Smart Money),Gorengan Sepi (< 5M),Sepi (< 50%),Mark-Up (Fase Pesta),Spesialis Tiang Jemuran (Banting Pucuk),Normal,Sideways / Stagnan,TP: 121 | CL: 108,Normal,Menengah (1:1),Death Cross (Awal Bearish),Sentimen Positif 📰,Supply Kering (Siap Pump) 🏜️,Golden Rebound Fibo 50.0% 🎯,4,WAIT & SEE,TIDAK ADA,2026-08-20 16:40:00,Biasa / Mengikuti Pasar
16:40,URBN,Token Mati (Perlu Update),Small Cap (Lapis 3),Fair Value (Wajar),0.0,0.73095447,202.0,211,193,236,-3.8095238095238098,140600,Normal,40,Negatif,Downtrend,Bearish,Strong Bearish,Konsolidasi / Transisi,Normal,Distribusi (Turun),Normal,Seimbang / Adu Mekanik,Bottom Rebound,Sedang,Normal,Area Tengah,< 1 Miliar,Di Bawah VWAP (Lemah),Distribusi Pro (Guyuran),Gorengan Sepi (< 5M),Normal (50-150%),Distribution (Fase Jualan),Normal,Normal,Turun 1 Hari Beruntun,TP: 208 | CL: 197,Open = High (Tekanan Jual),Sangat Menarik (> 1:3),Netral / Sideways,Sentimen Positif 📰,Normal / Sedang Transisi,Dekat Support Fibo 50.0%,1,WAIT & SEE,TIDAK ADA,2026-08-20 16:40:00,Biasa / Mengikuti Pasar
16:40,SOTS,Token Mati (Perlu Update),Small Cap (Lapis 3),Overvalued (Mahal),0.0,3.7928681,645.0,622,575,740,-1.5267175572519083,1265600,Tembus MA20,55,Negatif,Uptrend,Bullish,Strong Bullish,Perfect Uptrend (5>20>50),Distribusi Kuat,Distribusi (Turun),Normal,Seimbang / Adu Mekanik,Normal,Tinggi,Doji (Ragu-ragu),Rawan Pucuk (High Risk),< 1 Miliar,Di Bawah VWAP (Lemah),Akumulasi Pro (Smart Money),Gorengan Sepi (< 5M),Anomali Tinggi (150-300%),Mark-Up (Fase Pesta),Spesialis Tiang Jemuran (Banting Pucuk),Jarum Bawah (Sinyal Pantulan Kuat),Turun 2 Hari Beruntun,TP: 723 | CL: 592,Normal,Menengah (1:1),Netral / Sideways,Netral / Sepi Berita,Normal / Sedang Transisi,Mengambang (Jauh dari Fibo),5,WAIT & SEE,TIDAK ADA,2026-08-20 16:40:00,Biasa / Mengikuti Pasar
16:40,ZONE,Token Mati (Perlu Update),Small Cap (Lapis 3),Fair Value (Wajar),12.7589445,1.5622288,720.0,709,488,950,0.6993006993006993,66000,Normal,57,Positif,Uptrend,Bullish,Bearish MACD,Perfect Uptrend (5>20>50),Normal,Distribusi (Turun),Gap Up (+2.8%),Seimbang / Adu Mekanik,Normal,Tinggi,Normal,Rawan Pucuk (High Risk),< 1 Miliar,Persis di VWAP,Akumulasi Pro (Smart Money),Gorengan Sepi (< 5M),Sepi (< 50%),Mark-Up (Fase Pesta),Normal,Normal,Naik 1 Hari Beruntun,TP: 807 | CL: 661,Open = High (Tekanan Jual),Tidak Ideal (< 1:1),Golden Cross (Awal Bullish),Netral / Sepi Berita,Normal / Sedang Transisi,Dekat Support Fibo 38.2%,5,WAIT & SEE,TIDAK ADA,2026-08-20 16:40:00,Biasa / Mengikuti Pasar
16:40,PEHA,Token Mati (Perlu Update),Small Cap (Lapis 3),Undervalued (Murah),6.763515,0.5733899,284.0,267,252,330,0.7092198581560284,358100,Normal,60,Positif,Uptrend,Bullish,Strong Bullish,Perfect Uptrend (5>20>50),Normal,Akumulasi (Naik),Normal,Dominan Beli (Hajar Kanan),Normal,Tinggi,Normal,Rawan Pucuk (High Risk),< 1 Miliar,Di Bawah VWAP (Lemah),Distribusi Pro (Guyuran),Gorengan Sepi (< 5M),Sepi (< 50%),Mark-Up (Fase Pesta),Spesialis Tiang Jemuran (Banting Pucuk),Normal,Naik 2 Hari Beruntun,TP: 310 | CL: 266,Normal,Menengah (1:1),Golden Cross (Awal Bullish),Sentimen Positif 📰,Normal / Sedang Transisi,Dekat Support Fibo 38.2%,8,BELI,TIDAK ADA,2026-08-20 16:40:00,Biasa / Mengikuti Pasar
16:40,FOOD,Token Mati (Perlu Update),Small Cap (Lapis 3),Fair Value (Wajar),0.0,-4.55994,176.0,176,176,176,0.0,0,Normal,53,Negatif,Downtrend,Bearish,Bearish MACD,Konsolidasi / Transisi,Normal,Netral,Normal,Tidak Ada Transaksi,Squeeze,Rendah,Doji (Ragu-ragu),Dekat Support (Low Risk),< 1 Miliar,Di Atas VWAP (Kuat),Netral,Gorengan Sepi (< 5M),Normal (50-150%),Sideways,Solid (Jarang Dibanting),Normal,Sideways / Stagnan,TP: 177 | CL: 175,Normal,Di Area Support,Oversold (Jenuh Jual - Peluang),Netral / Sepi Berita,Normal / Sedang Transisi,Mendekati Fibo 23.6%,1,WAIT & SEE,TIDAK ADA,2026-08-20 16:40:00,Biasa / Mengikuti Pasar
16:40,BEEF,Token Mati (Perlu Update),Mid Cap (Lapis 2),Overvalued (Mahal),50.365726,10.343125,484.0,410,310,498,1.680672268907563,23447700,Tembus MA20,84,Positif,Uptrend,Bullish,Strong Bullish,Perfect Uptrend (5>20>50),Normal,Akumulasi (Naik),Normal,Dominan Beli (Hajar Kanan),Normal,Tinggi,Normal,Rawan Pucuk (High Risk),> 1 Miliar,Di Atas VWAP (Kuat),Akumulasi Pro (Smart Money),Ritel Aktif (5M - 50M),Normal (50-150%),Mark-Up (Fase Pesta),Spesialis Tiang Jemuran (Banting Pucuk),Jarum Bawah (Sinyal Pantulan Kuat),Naik 1 Hari Beruntun,TP: 530 | CL: 452,Normal,Tidak Ideal (< 1:1),Overbought (Jenuh Beli - Rawan),Netral / Sepi Berita,Normal / Sedang Transisi,Mengambang (Jauh dari Fibo),8,BELI,TIDAK ADA,2026-08-20 16:40:00,Biasa / Mengikuti Pasar
16:40,POLI,Token Mati (Perlu Update),Mid Cap (Lapis 2),Fair Value (Wajar),23.19277,0.72298837,770.0,741,670,810,0.6535947712418301,15300,Normal,56,Positif,Uptrend,Bullish,Strong Bullish,Perfect Uptrend (5>20>50),Normal,Distribusi (Turun),Normal,Seimbang / Adu Mekanik,Normal,Sedang,Normal,Rawan Pucuk (High Risk),< 1 Miliar,Persis di VWAP,Akumulasi Pro (Smart Money),Gorengan Sepi (< 5M),Normal (50-150%),Mark-Up (Fase Pesta),Normal,Normal,Naik 1 Hari Beruntun,TP: 838 | CL: 724,Normal,Tidak Ideal (< 1:1),Death Cross (Awal Bearish),Netral / Sepi Berita,Normal / Sedang Transisi,Mengambang (Jauh dari Fibo),5,WAIT & SEE,TIDAK ADA,2026-08-20 16:40:00,Biasa / Mengikuti Pasar
16:40,CLAY,Token Mati (Perlu Update),Mid Cap (Lapis 2),Overvalued (Mahal),279.09268,254.65671,2830.0,2620,2210,2930,3.2846715328467155,6300,Normal,65,Positif,Uptrend,Bullish,Strong Bullish,Perfect Uptrend (5>20>50),Normal,Akumulasi (Naik),Normal,Dominan Beli (Hajar Kanan),Normal,Tinggi,Marubozu (Strong Bullish),Rawan Pucuk (High Risk),< 1 Miliar,Di Atas VWAP (Kuat),Akumulasi Pro (Smart Money),Gorengan Sepi (< 5M),Sepi (< 50%),Mark-Up (Fase Pesta),Normal,Normal,Naik 1 Hari Beruntun,TP: 3062 | CL: 2675,Open = Low (Bullish Kuat),Tidak Ideal (< 1:1),Netral / Sideways,Netral / Sepi Berita,Normal / Sedang Transisi,Mendekati Fibo 23.6%,7,BELI,TIDAK ADA,2026-08-20 16:40:00,Biasa / Mengikuti Pasar
16:40,NATO,Token Mati (Perlu Update),Mid Cap (Lapis 2),Fair Value (Wajar),0.0,2.5038705,655.0,655,610,700,3.149606299212598,86700,Normal,57,Positif,Downtrend,Bearish,Bearish MACD,Konsolidasi / Transisi,Normal,Distribusi (Turun),Normal,Seimbang / Adu Mekanik,Squeeze,Rendah,Normal,Area Tengah,< 1 Miliar,Di Atas VWAP (Kuat),Distribusi Pro (Guyuran),Gorengan Sepi (< 5M),Normal (50-150%),Sideways,Spesialis Tiang Jemuran (Banting Pucuk),Normal,Naik 1 Hari Beruntun,TP: 708 | CL: 619,Open = Low (Bullish Kuat),Menengah (1:1),Golden Cross (Awal Bullish),Sentimen Negatif ⚠️,Normal / Sedang Transisi,Mendekati Fibo 38.2%,2,WAIT & SEE,TIDAK ADA,2026-08-20 16:40:00,Biasa / Mengikuti Pasar
16:40,JAYA,Token Mati (Perlu Update),Small Cap (Lapis 3),Undervalued (Murah),10.067618,0.80758405,134.0,131,122,143,0.7518796992481203,458300,Normal,61,Positif,Uptrend,Bullish,Bearish MACD,Perfect Uptrend (5>20>50),Normal,Akumulasi (Naik),Normal,Seimbang / Adu Mekanik,Normal,Sedang,Normal,Area Tengah,< 1 Miliar,Di Bawah VWAP (Lemah),Distribusi Pro (Guyuran),Gorengan Sepi (< 5M),Sepi (< 50%),Mark-Up (Fase Pesta),Spesialis Tiang Jemuran (Banting Pucuk),Normal,Naik 1 Hari Beruntun,TP: 140 | CL: 129,Open = High (Tekanan Jual),Tidak Ideal (< 1:1),Netral / Sideways,Netral / Sepi Berita,Supply Kering (Siap Pump) 🏜️,Golden Rebound Fibo 23.6% 🎯,5,WAIT & SEE,TIDAK ADA,2026-08-20 16:40:00,Biasa / Mengikuti Pasar
16:40,COCO,Token Mati (Perlu Update),Mid Cap (Lapis 2),Overvalued (Mahal),14.158075,4.4592605,103.0,107,96,155,5.1020408163265305,303164200,Normal,41,Positif,Downtrend,Bearish,Bullish MACD,Strong Downtrend (5<20<50),Normal,Distribusi (Turun),Normal,Seimbang / Adu Mekanik,Normal,Tinggi,Normal,Area Tengah,> 1 Miliar,Di Atas VWAP (Kuat),Distribusi Pro (Guyuran),Ritel Aktif (5M - 50M),Normal (50-150%),Mark-Down (Fase Runtuh),Normal,Normal,Naik 1 Hari Beruntun,TP: 112 | CL: 96,Open = Low (Bullish Kuat),Sangat Menarik (> 1:3),Golden Cross (Awal Bullish),Sentimen Positif 📰,Normal / Sedang Transisi,Mengambang (Jauh dari Fibo),3,WAIT & SEE,TIDAK ADA,2026-08-20 16:40:00,⚠️ Anomali (Sudah Terbang)
16:40,MTPS,Token Mati (Perlu Update),Small Cap (Lapis 3),Overvalued (Mahal),0.0,4.481576,81.0,81,81,81,0.0,0,Normal,0,Negatif,Downtrend,Bearish,Bearish MACD,Konsolidasi / Transisi,Normal,Netral,Normal,Tidak Ada Transaksi,Squeeze,Rendah,Doji (Ragu-ragu),Dekat Support (Low Risk),< 1 Miliar,Di Atas VWAP (Kuat),Netral,Gorengan Sepi (< 5M),Normal (50-150%),Sideways,Solid (Jarang Dibanting),Normal,Sideways / Stagnan,TP: 82 | CL: 80,Normal,Di Area Support,Oversold (Jenuh Jual - Peluang),Netral / Sepi Berita,Normal / Sedang Transisi,Normal / Sideways,0,WAIT & SEE,TIDAK ADA,2026-08-20 16:40:00,Biasa / Mengikuti Pasar
16:40,HRME,Token Mati (Perlu Update),Small Cap (Lapis 3),Fair Value (Wajar),0.0,0.48496604,43.0,42,40,48,-2.272727272727273,1054800,Normal,50,Negatif,Uptrend,Bullish,Bullish MACD,Awal Reversal (5>20),Normal,Akumulasi (Naik),Gap Down (-2.3%),Dominan Beli (Hajar Kanan),Normal,Sedang,Doji (Ragu-ragu),Area Tengah,< 1 Miliar,Persis di VWAP,Akumulasi Pro (Smart Money),Gorengan Sepi (< 5M),Normal (50-150%),Accumulation (Kumpul Barang),Normal,Jarum Bawah (Sinyal Pantulan Kuat),Turun 1 Hari Beruntun,TP: 44 | CL: 41,Normal,Ideal (1:2),Netral / Sideways,Netral / Sepi Berita,Normal / Sedang Transisi,Golden Rebound Fibo 61.8% (Golden Ratio) 🎯,5,WAIT & SEE,TIDAK ADA,2026-08-20 16:40:00,Biasa / Mengikuti Pasar
16:40,JAST,Token Mati (Perlu Update),Small Cap (Lapis 3),Fair Value (Wajar),0.0,1.6173662,83.0,83,81,92,0.0,2620900,Normal,49,Negatif,Downtrend,Bearish,Bearish MACD,Konsolidasi / Transisi,Normal,Netral,Normal,Seimbang / Adu Mekanik,Squeeze,Rendah,Normal,Dekat Support (Low Risk),< 1 Miliar,Persis di VWAP,Distribusi Pro (Guyuran),Gorengan Sepi (< 5M),Sepi (< 50%),Distribution (Fase Jualan),Spesialis Tiang Jemuran (Banting Pucuk),Normal,Sideways / Stagnan,TP: 88 | CL: 79,Open = High (Tekanan Jual),Sangat Menarik (> 1:3),Oversold (Jenuh Jual - Peluang),Netral / Sepi Berita,Normal / Sedang Transisi,Golden Rebound Fibo 61.8% (Golden Ratio) 🎯,0,WAIT & SEE,TIDAK ADA,2026-08-20 16:40:00,Biasa / Mengikuti Pasar
16:40,FITT,Token Mati (Perlu Update),Small Cap (Lapis 3),Overvalued (Mahal),0.0,6.6679015,396.0,359,344,414,4.2105263157894735,442900,Tembus MA20,68,Positif,Uptrend,Bullish,Strong Bullish,Awal Reversal (5>20),Normal,Akumulasi (Naik),Gap Down (-3.2%),Dominan Beli (Hajar Kanan),Breakout Upper,Sedang,Marubozu (Strong Bullish),Rawan Pucuk (High Risk),< 1 Miliar,Di Atas VWAP (Kuat),Akumulasi Pro (Smart Money),Gorengan Sepi (< 5M),Normal (50-150%),Accumulation (Kumpul Barang),Spesialis Tiang Jemuran (Banting Pucuk),Normal,Naik 1 Hari Beruntun,TP: 422 | CL: 378,Open = Low (Bullish Kuat),Tidak Ideal (< 1:1),Netral / Sideways,Sentimen Positif 📰,Normal / Sedang Transisi,Dekat Support Fibo 38.2%,9,BELI,TIDAK ADA,2026-08-20 16:40:00,Biasa / Mengikuti Pasar
16:40,BOLA,Token Mati (Perlu Update),Small Cap (Lapis 3),Fair Value (Wajar),0.0,1.5066768,151.0,156,146,170,0.6666666666666667,502500,Normal,43,Positif,Downtrend,Bearish,Strong Bearish,Konsolidasi / Transisi,Normal,Distribusi (Turun),Normal,Dominan Beli (Hajar Kanan),Normal,Sedang,Doji (Ragu-ragu),Area Tengah,< 1 Miliar,Persis di VWAP,Distribusi Pro (Guyuran),Gorengan Sepi (< 5M),Normal (50-150%),Distribution (Fase Jualan),Normal,Jarum Bawah (Sinyal Pantulan Kuat),Naik 2 Hari Beruntun,TP: 157 | CL: 146,Normal,Sangat Menarik (> 1:3),Golden Cross (Awal Bullish),Sentimen Negatif ⚠️,Normal / Sedang Transisi,Golden Rebound Fibo 50.0% 🎯,2,WAIT & SEE,TIDAK ADA,2026-08-20 16:40:00,Biasa / Mengikuti Pasar
16:40,CCSI,Token Mati (Perlu Update),Small Cap (Lapis 3),Undervalued (Murah),7.6889954,0.60592693,250.0,251,232,300,-3.8461538461538463,500600,Tembus MA20,47,Negatif,Downtrend,Bullish,Strong Bullish,Perfect Uptrend (5>20>50),Distribusi Kuat,Distribusi (Turun),Normal,Dominan Jual (Guyur),Normal,Sedang,Normal,Area Tengah,< 1 Miliar,Di Bawah VWAP (Lemah),Distribusi Pro (Guyuran),Gorengan Sepi (< 5M),Normal (50-150%),Distribution (Fase Jualan),Normal,Normal,Turun 2 Hari Beruntun,TP: 276 | CL: 232,Normal,Ideal (1:2),Netral / Sideways,Netral / Sepi Berita,Supply Banjir (Distribusi) 🌊,Dekat Support Fibo 50.0%,3,WAIT & SEE,TIDAK ADA,2026-08-20 16:40:00,Biasa / Mengikuti Pasar
16:40,SFAN,Token Mati (Perlu Update),Mid Cap (Lapis 2),Overvalued (Mahal),0.0,28.759771,2020.0,1981,1935,2020,0.0,39700,Normal,80,Negatif,Uptrend,Bullish,Strong Bullish,Perfect Uptrend (5>20>50),Normal,Akumulasi (Naik),Normal,Dominan Beli (Hajar Kanan),Squeeze,Rendah,Doji (Ragu-ragu),Area Tengah,< 1 Miliar,Persis di VWAP,Akumulasi Pro (Smart Money),Gorengan Sepi (< 5M),Normal (50-150%),Mark-Up (Fase Pesta),Normal,Jarum Bawah (Sinyal Pantulan Kuat),Sideways / Stagnan,TP: 2034 | CL: 2010,Normal,Tidak Ideal (< 1:1),Overbought (Jenuh Beli - Rawan),Netral / Sepi Berita,Normal / Sedang Transisi,Golden Rebound Fibo 23.6% 🎯,6,WAIT & SEE,TIDAK ADA,2026-08-20 16:40:00,Biasa / Mengikuti Pasar
16:40,POLU,Token Mati (Perlu Update),Mid Cap (Lapis 2),Overvalued (Mahal),0.0,68.277504,11125.0,11830,11000,13000,-1.3303769401330376,3900,Normal,40,Negatif,Downtrend,Bearish,Strong Bearish,Strong Downtrend (5<20<50),Normal,Distribusi (Turun),Normal,Dominan Jual (Guyur),Normal,Tinggi,Normal,Dekat Support (Low Risk),< 1 Miliar,Di Bawah VWAP (Lemah),Distribusi Pro (Guyuran),Gorengan Sepi (< 5M),Normal (50-150%),Mark-Down (Fase Runtuh),Normal,Normal,Turun 2 Hari Beruntun,TP: 11786 | CL: 10683,Normal,Sangat Menarik (> 1:3),Oversold (Jenuh Jual - Peluang),Netral / Sepi Berita,Normal / Sedang Transisi,Mengambang (Jauh dari Fibo),0,WAIT & SEE,TIDAK ADA,2026-08-20 16:40:00,Biasa / Mengikuti Pasar
16:40,KJEN,Token Mati (Perlu Update),Small Cap (Lapis 3),Fair Value (Wajar),0.0,1.3026453,163.0,148,120,193,0.6172839506172839,5218200,Normal,58,Positif,Uptrend,Bullish,Strong Bullish,Perfect Uptrend (5>20>50),Normal,Akumulasi (Naik),Normal,Seimbang / Adu Mekanik,Normal,Tinggi,Normal,Rawan Pucuk (High Risk),< 1 Miliar,Di Bawah VWAP (Lemah),Distribusi Pro (Guyuran),Ritel Aktif (5M - 50M),Sepi (< 50%),Mark-Up (Fase Pesta),Spesialis Tiang Jemuran (Banting Pucuk),Normal,Naik 1 Hari Beruntun,TP: 185 | CL: 148,Open = Low (Bullish Kuat),Tidak Ideal (< 1:1),Netral / Sideways,Netral / Sepi Berita,Normal / Sedang Transisi,Mendekati Fibo 61.8% (Golden Ratio),6,WAIT & SEE,TIDAK ADA,2026-08-20 16:40:00,Biasa / Mengikuti Pasar
16:40,KAYU,Token Mati (Perlu Update),Small Cap (Lapis 3),Overvalued (Mahal),86.1244,0.14753978,18.0,18,18,18,0.0,0,Normal,0,Negatif,Downtrend,Bearish,Bearish MACD,Konsolidasi / Transisi,Normal,Netral,Normal,Tidak Ada Transaksi,Squeeze,Rendah,Doji (Ragu-ragu),Dekat Support (Low Risk),< 1 Miliar,Di Atas VWAP (Kuat),Netral,Gorengan Sepi (< 5M),Normal (50-150%),Sideways,Solid (Jarang Dibanting),Normal,Sideways / Stagnan,TP: 19 | CL: 17,Normal,Di Area Support,Oversold (Jenuh Jual - Peluang),Netral / Sepi Berita,Normal / Sedang Transisi,Normal / Sideways,0,WAIT & SEE,TIDAK ADA,2026-08-20 16:40:00,Biasa / Mengikuti Pasar
16:40,ITIC,Token Mati (Perlu Update),Small Cap (Lapis 3),Undervalued (Murah),10.70614,0.44992352,230.0,222,202,250,0.8771929824561403,138700,Normal,61,Positif,Uptrend,Bullish,Bearish MACD,Perfect Uptrend (5>20>50),Normal,Akumulasi (Naik),Normal,Seimbang / Adu Mekanik,Normal,Tinggi,Normal,Rawan Pucuk (High Risk),< 1 Miliar,Di Atas VWAP (Kuat),Akumulasi Pro (Smart Money),Gorengan Sepi (< 5M),Sepi (< 50%),Mark-Up (Fase Pesta),Spesialis Tiang Jemuran (Banting Pucuk),Normal,Naik 3 Hari Beruntun,TP: 245 | CL: 219,Normal,Tidak Ideal (< 1:1),Netral / Sideways,Sentimen Positif 📰,Normal / Sedang Transisi,Dekat Support Fibo 38.2%,6,WAIT & SEE,TIDAK ADA,2026-08-20 16:40:00,Biasa / Mengikuti Pasar
16:40,PAMG,Token Mati (Perlu Update),Small Cap (Lapis 3),Fair Value (Wajar),0.0,0.40760174,56.0,56,54,70,0.0,4146500,Normal,50,Negatif,Downtrend,Bearish,Bearish MACD,Konsolidasi / Transisi,Normal,Distribusi (Turun),Normal,Seimbang / Adu Mekanik,Normal,Sedang,Doji (Ragu-ragu),Area Tengah,< 1 Miliar,Persis di VWAP,Distribusi Pro (Guyuran),Gorengan Sepi (< 5M),Sepi (< 50%),Distribution (Fase Jualan),Spesialis Tiang Jemuran (Banting Pucuk),Normal,Sideways / Stagnan,TP: 59 | CL: 53,Normal,Sangat Menarik (> 1:3),Oversold (Jenuh Jual - Peluang),Sentimen Positif 📰,Normal / Sedang Transisi,Mendekati Fibo 78.6%,1,WAIT & SEE,TIDAK ADA,2026-08-20 16:40:00,Biasa / Mengikuti Pasar
16:40,IPTV,Token Mati (Perlu Update),Mid Cap (Lapis 2),Fair Value (Wajar),0.0,0.2181612,30.0,30,29,33,3.4482758620689653,3679400,Tembus MA20,46,Positif,Downtrend,Bearish,Bullish MACD,Strong Downtrend (5<20<50),Normal,Distribusi (Turun),Normal,Dominan Beli (Hajar Kanan),Normal,Tinggi,Marubozu (Strong Bullish),Area Tengah,< 1 Miliar,Di Atas VWAP (Kuat),Akumulasi Pro (Smart Money),Gorengan Sepi (< 5M),Normal (50-150%),Mark-Down (Fase Runtuh),Spesialis Tiang Jemuran (Banting Pucuk),Normal,Naik 1 Hari Beruntun,TP: 31 | CL: 29,Open = Low (Bullish Kuat),Sangat Menarik (> 1:3),Golden Cross (Awal Bullish),Netral / Sepi Berita,Normal / Sedang Transisi,Dekat Support Fibo 78.6%,4,WAIT & SEE,TIDAK ADA,2026-08-20 16:40:00,Biasa / Mengikuti Pasar
16:40,BLUE,Token Mati (Perlu Update),Mid Cap (Lapis 2),Overvalued (Mahal),69.84766,10.587128,2430.0,2544,2290,2990,-0.8163265306122449,100600,Normal,37,Negatif,Downtrend,Bearish,Bullish MACD,Strong Downtrend (5<20<50),Normal,Akumulasi (Naik),Normal,Seimbang / Adu Mekanik,Normal,Tinggi,Normal,Area Tengah,< 1 Miliar,Persis di VWAP,Distribusi Pro (Guyuran),Gorengan Sepi (< 5M),Normal (50-150%),Mark-Down (Fase Runtuh),Normal,Normal,Turun 1 Hari Beruntun,TP: 2598 | CL: 2317,Normal,Sangat Menarik (> 1:3),Netral / Sideways,Sentimen Positif 📰,Normal / Sedang Transisi,Mengambang (Jauh dari Fibo),3,WAIT & SEE,TIDAK ADA,2026-08-20 16:40:00,Biasa / Mengikuti Pasar
16:40,EAST,Token Mati (Perlu Update),Small Cap (Lapis 3),Fair Value (Wajar),21.970062,0.8185588,91.0,89,87,92,1.1111111111111112,502600,Normal,62,Positif,Uptrend,Bullish,Bearish MACD,Perfect Uptrend (5>20>50),Normal,Akumulasi (Naik),Normal,Dominan Beli (Hajar Kanan),Squeeze,Rendah,Marubozu (Strong Bullish),Area Tengah,< 1 Miliar,Persis di VWAP,Akumulasi Pro (Smart Money),Gorengan Sepi (< 5M),Sepi (< 50%),Mark-Up (Fase Pesta),Normal,Normal,Naik 1 Hari Beruntun,TP: 93 | CL: 89,Open = Low (Bullish Kuat),Tidak Ideal (< 1:1),Death Cross (Awal Bearish),Sentimen Positif 📰,Supply Kering (Siap Pump) 🏜️,Golden Rebound Fibo 23.6% 🎯,7,BELI,TIDAK ADA,2026-08-20 16:40:00,Biasa / Mengikuti Pasar
16:40,LIFE,Token Mati (Perlu Update),Big Cap (Lapis 1),Overvalued (Mahal),42.915222,1.4609889,5700.0,5791,5500,6000,-0.43668122270742354,5300,Tembus MA20,45,Negatif,Downtrend,Death Cross,Strong Bearish,Strong Downtrend (5<20<50),Normal,Akumulasi (Naik),Normal,Dominan Beli (Hajar Kanan),Squeeze,Rendah,Normal,Area Tengah,< 1 Miliar,Persis di VWAP,Akumulasi Pro (Smart Money),Gorengan Sepi (< 5M),Normal (50-150%),Mark-Down (Fase Runtuh),Normal,Normal,Turun 1 Hari Beruntun,TP: 6042 | CL: 5471,Normal,Ideal (1:2),Netral / Sideways,Netral / Sepi Berita,Normal / Sedang Transisi,Mendekati Fibo Bottom / 100%,3,WAIT & SEE,TIDAK ADA,2026-08-20 16:40:00,Biasa / Mengikuti Pasar
16:40,FUJI,Token Mati (Perlu Update),Small Cap (Lapis 3),Overvalued (Mahal),55.88752,2.2428167,318.0,213,197,324,22.30769230769231,25202000,Tembus MA20,85,Positif,Uptrend,Bullish,Strong Bullish,Awal Reversal (5>20),Akumulasi Kuat,Akumulasi (Naik),Gap Up (+6.2%),Dominan Beli (Hajar Kanan),Breakout Upper,Tinggi,Normal,Rawan Pucuk (High Risk),> 1 Miliar,Di Atas VWAP (Kuat),Akumulasi Pro (Smart Money),Gorengan Sepi (< 5M),Ledakan Ekstrem (> 300%),Accumulation (Kumpul Barang),Normal,Normal,Naik 3 Hari Beruntun,TP: 346 | CL: 299,Normal,Tidak Ideal (< 1:1),Netral / Sideways,Sentimen Positif 📰,Normal / Sedang Transisi,Mengambang (Jauh dari Fibo),11,BELI,TIDAK ADA,2026-08-20 16:40:00,⚠️ Anomali (Sudah Terbang)
16:40,KOTA,Token Mati (Perlu Update),Mid Cap (Lapis 2),Overvalued (Mahal),32.31084,1.3419969,158.0,156,106,210,-1.8633540372670807,250092100,Normal,56,Negatif,Uptrend,Bullish,Bearish MACD,Perfect Uptrend (5>20>50),Normal,Distribusi (Turun),Normal,Dominan Jual (Guyur),Normal,Tinggi,Normal,Rawan Pucuk (High Risk),> 1 Miliar,Di Bawah VWAP (Lemah),Distribusi Pro (Guyuran),Sultan (> 50M/hari),Sepi (< 50%),Mark-Up (Fase Pesta),Spesialis Tiang Jemuran (Banting Pucuk),Normal,Turun 4 Hari Beruntun,TP: 186 | CL: 139,Normal,Menengah (1:1),Netral / Sideways,Netral / Sepi Berita,Normal / Sedang Transisi,Dekat Support Fibo 38.2%,3,WAIT & SEE,TIDAK ADA,2026-08-20 16:40:00,Biasa / Mengikuti Pasar
16:40,INOV,Token Mati (Perlu Update),Small Cap (Lapis 3),Undervalued (Murah),7.9185524,0.8265253,146.0,141,127,155,0.0,1018500,Normal,65,Negatif,Uptrend,Bullish,Bearish MACD,Perfect Uptrend (5>20>50),Normal,Distribusi (Turun),Normal,Dominan Jual (Guyur),Normal,Tinggi,Doji (Ragu-ragu),Rawan Pucuk (High Risk),< 1 Miliar,Persis di VWAP,Distribusi Pro (Guyuran),Gorengan Sepi (< 5M),Normal (50-150%),Mark-Up (Fase Pesta),Spesialis Tiang Jemuran (Banting Pucuk),Normal,Sideways / Stagnan,TP: 153 | CL: 140,Normal,Tidak Ideal (< 1:1),Netral / Sideways,Sentimen Positif 📰,Normal / Sedang Transisi,Mendekati Fibo 23.6%,4,WAIT & SEE,TIDAK ADA,2026-08-20 16:40:00,Biasa / Mengikuti Pasar
16:40,ARKA,Token Mati (Perlu Update),Small Cap (Lapis 3),Undervalued (Murah),12.4293785,0.37204897,22.0,22,22,22,0.0,0,Normal,34,Negatif,Downtrend,Bearish,Bullish MACD,Konsolidasi / Transisi,Normal,Netral,Normal,Tidak Ada Transaksi,Squeeze,Rendah,Doji (Ragu-ragu),Dekat Support (Low Risk),< 1 Miliar,Di Atas VWAP (Kuat),Netral,Gorengan Sepi (< 5M),Normal (50-150%),Sideways,Solid (Jarang Dibanting),Normal,Sideways / Stagnan,TP: 23 | CL: 21,Normal,Di Area Support,Oversold (Jenuh Jual - Peluang),Netral / Sepi Berita,Normal / Sedang Transisi,Mendekati Fibo Bottom / 100%,1,WAIT & SEE,TIDAK ADA,2026-08-20 16:40:00,Biasa / Mengikuti Pasar
16:40,SMKL,Token Mati (Perlu Update),Small Cap (Lapis 3),Undervalued (Murah),4.456977,0.48429817,147.0,146,133,157,0.0,72700,Normal,54,Negatif,Uptrend,Bullish,Bearish MACD,Perfect Uptrend (5>20>50),Normal,Akumulasi (Naik),Normal,Seimbang / Adu Mekanik,Normal,Sedang,Normal,Rawan Pucuk (High Risk),< 1 Miliar,Persis di VWAP,Distribusi Pro (Guyuran),Gorengan Sepi (< 5M),Sepi (< 50%),Mark-Up (Fase Pesta),Normal,Normal,Sideways / Stagnan,TP: 159 | CL: 138,Normal,Tidak Ideal (< 1:1),Golden Cross (Awal Bullish),Sentimen Positif 📰,Supply Kering (Siap Pump) 🏜️,Golden Rebound Fibo 50.0% 🎯,5,WAIT & SEE,TIDAK ADA,2026-08-20 16:40:00,Biasa / Mengikuti Pasar
16:40,HDIT,Token Mati (Perlu Update),Small Cap (Lapis 3),Fair Value (Wajar),0.0,0.31706774,50.0,50,50,61,0.0,14440400,Normal,45,Negatif,Downtrend,Bearish,Bearish MACD,Konsolidasi / Transisi,Normal,Distribusi (Turun),Normal,Dominan Jual (Guyur),Squeeze,Rendah,Doji (Ragu-ragu),Dekat Support (Low Risk),< 1 Miliar,Di Bawah VWAP (Lemah),Distribusi Pro (Guyuran),Gorengan Sepi (< 5M),Sepi (< 50%),Distribution (Fase Jualan),Spesialis Tiang Jemuran (Banting Pucuk),Normal,Sideways / Stagnan,TP: 53 | CL: 47,Normal,Di Area Support,Oversold (Jenuh Jual - Peluang),Sentimen Negatif ⚠️,Normal / Sedang Transisi,Golden Rebound Fibo Bottom / 100% 🎯,0,WAIT & SEE,TIDAK ADA,2026-08-20 16:40:00,Biasa / Mengikuti Pasar
16:40,KEEN,Token Mati (Perlu Update),Mid Cap (Lapis 2),Overvalued (Mahal),33.034714,18061.225,885.0,875,820,920,-0.5617977528089888,7628700,Normal,54,Negatif,Uptrend,Bullish,Bearish MACD,Perfect Uptrend (5>20>50),Normal,Distribusi (Turun),Normal,Seimbang / Adu Mekanik,Normal,Sedang,Normal,Area Tengah,> 1 Miliar,Persis di VWAP,Akumulasi Pro (Smart Money),Ritel Aktif (5M - 50M),Normal (50-150%),Mark-Up (Fase Pesta),Normal,Normal,Turun 1 Hari Beruntun,TP: 919 | CL: 861,Open = High (Tekanan Jual),Tidak Ideal (< 1:1),Death Cross (Awal Bearish),Sentimen Positif 📰,Normal / Sedang Transisi,Dekat Support Fibo 23.6%,4,WAIT & SEE,TIDAK ADA,2026-08-20 16:40:00,Biasa / Mengikuti Pasar
16:40,BAPI,Token Mati (Perlu Update),Small Cap (Lapis 3),Fair Value (Wajar),0.0,0.26727813,19.0,18,14,21,5.555555555555555,8200600,Normal,53,Positif,Uptrend,Bullish,Strong Bullish,Perfect Uptrend (5>20>50),Normal,Akumulasi (Naik),Gap Up (+5.6%),Dominan Beli (Hajar Kanan),Normal,Tinggi,Doji (Ragu-ragu),Rawan Pucuk (High Risk),< 1 Miliar,Di Bawah VWAP (Lemah),Akumulasi Pro (Smart Money),Gorengan Sepi (< 5M),Sepi (< 50%),Mark-Up (Fase Pesta),Normal,Jarum Bawah (Sinyal Pantulan Kuat),Naik 1 Hari Beruntun,TP: 20 | CL: 17,Normal,Tidak Ideal (< 1:1),Netral / Sideways,Netral / Sepi Berita,Normal / Sedang Transisi,Mendekati Fibo 50.0%,8,BELI,TIDAK ADA,2026-08-20 16:40:00,Biasa / Mengikuti Pasar
16:40,TFAS,Token Mati (Perlu Update),Small Cap (Lapis 3),Fair Value (Wajar),0.0,1.823895,184.0,189,180,250,0.0,212500,Normal,45,Negatif,Downtrend,Bearish,Strong Bearish,Strong Downtrend (5<20<50),Normal,Distribusi (Turun),Gap Up (+2.2%),Dominan Jual (Guyur),Normal,Sedang,Normal,Dekat Support (Low Risk),< 1 Miliar,Di Bawah VWAP (Lemah),Distribusi Pro (Guyuran),Gorengan Sepi (< 5M),Sepi (< 50%),Mark-Down (Fase Runtuh),Spesialis Tiang Jemuran (Banting Pucuk),Normal,Sideways / Stagnan,TP: 198 | CL: 174,Open = High (Tekanan Jual),Sangat Menarik (> 1:3),Oversold (Jenuh Jual - Peluang),Sentimen Positif 📰,Normal / Sedang Transisi,Golden Rebound Fibo 78.6% 🎯,2,WAIT & SEE,TIDAK ADA,2026-08-20 16:40:00,Biasa / Mengikuti Pasar
16:40,GGRP,Token Mati (Perlu Update),Mid Cap (Lapis 2),Overvalued (Mahal),0.0,5698.1133,302.0,299,290,306,0.0,1373400,Tembus MA20,56,Negatif,Uptrend,Bullish,Strong Bullish,Perfect Uptrend (5>20>50),Normal,Distribusi (Turun),Normal,Seimbang / Adu Mekanik,Squeeze,Rendah,Normal,Area Tengah,< 1 Miliar,Persis di VWAP,Akumulasi Pro (Smart Money),Gorengan Sepi (< 5M),Anomali Tinggi (150-300%),Mark-Up (Fase Pesta),Normal,Normal,Sideways / Stagnan,TP: 311 | CL: 295,Open = High (Tekanan Jual),Tidak Ideal (< 1:1),Death Cross (Awal Bearish),Sentimen Positif 📰,Supply Banjir (Distribusi) 🌊,Dekat Support Fibo 38.2%,6,WAIT & SEE,TIDAK ADA,2026-08-20 16:40:00,Biasa / Mengikuti Pasar
16:40,OPMS,Token Mati (Perlu Update),Small Cap (Lapis 3),Fair Value (Wajar),0.0,1.3685477,122.0,118,97,144,-3.1746031746031744,5734500,Normal,55,Negatif,Uptrend,Bullish,Bearish MACD,Perfect Uptrend (5>20>50),Normal,Distribusi (Turun),Normal,Dominan Jual (Guyur),Normal,Tinggi,Normal,Rawan Pucuk (High Risk),< 1 Miliar,Di Bawah VWAP (Lemah),Distribusi Pro (Guyuran),Gorengan Sepi (< 5M),Normal (50-150%),Mark-Up (Fase Pesta),Spesialis Tiang Jemuran (Banting Pucuk),Normal,Turun 1 Hari Beruntun,TP: 138 | CL: 111,Normal,Tidak Ideal (< 1:1),Netral / Sideways,Netral / Sepi Berita,Normal / Sedang Transisi,Dekat Support Fibo 38.2%,3,WAIT & SEE,TIDAK ADA,2026-08-20 16:40:00,Biasa / Mengikuti Pasar
16:40,NZIA,Token Mati (Perlu Update),Small Cap (Lapis 3),Overvalued (Mahal),101.90114,0.6430189,135.0,139,131,156,0.7462686567164178,1852600,Normal,42,Positif,Downtrend,Bearish,Strong Bearish,Strong Downtrend (5<20<50),Normal,Distribusi (Turun),Normal,Dominan Beli (Hajar Kanan),Bottom Rebound,Sedang,Hammer (Potensi Reversal),Area Tengah,< 1 Miliar,Persis di VWAP,Distribusi Pro (Guyuran),Gorengan Sepi (< 5M),Sepi (< 50%),Mark-Down (Fase Runtuh),Spesialis Tiang Jemuran (Banting Pucuk),Jarum Bawah (Sinyal Pantulan Kuat),Naik 1 Hari Beruntun,TP: 142 | CL: 130,Open = High (Tekanan Jual),Sangat Menarik (> 1:3),Golden Cross (Awal Bullish),Sentimen Positif 📰,Normal / Sedang Transisi,Mengambang (Jauh dari Fibo),3,WAIT & SEE,TIDAK ADA,2026-08-20 16:40:00,Biasa / Mengikuti Pasar
16:40,SLIS,Token Mati (Perlu Update),Small Cap (Lapis 3),Fair Value (Wajar),0.0,0.77226096,100.0,75,60,114,2.0408163265306123,236128600,Tembus MA20,76,Positif,Uptrend,Bullish,Strong Bullish,Perfect Uptrend (5>20>50),Normal,Akumulasi (Naik),Normal,Seimbang / Adu Mekanik,Normal,Tinggi,Normal,Rawan Pucuk (High Risk),> 1 Miliar,Di Atas VWAP (Kuat),Distribusi Pro (Guyuran),Sultan (> 50M/hari),Normal (50-150%),Mark-Up (Fase Pesta),Spesialis Tiang Jemuran (Banting Pucuk),Normal,Naik 1 Hari Beruntun,TP: 115 | CL: 89,Normal,Tidak Ideal (< 1:1),Netral / Sideways,Netral / Sepi Berita,Normal / Sedang Transisi,Dekat Support Fibo 23.6%,7,BELI,TIDAK ADA,2026-08-20 16:40:00,Biasa / Mengikuti Pasar
16:40,IRRA,Token Mati (Perlu Update),Small Cap (Lapis 3),Undervalued (Murah),8.757062,0.9279215,372.0,372,362,384,0.0,384200,Normal,50,Negatif,Downtrend,Bearish,Strong Bearish,Konsolidasi / Transisi,Normal,Distribusi (Turun),Normal,Dominan Beli (Hajar Kanan),Squeeze,Rendah,Hammer (Potensi Reversal),Dekat Support (Low Risk),< 1 Miliar,Persis di VWAP,Akumulasi Pro (Smart Money),Gorengan Sepi (< 5M),Normal (50-150%),Distribution (Fase Jualan),Normal,Jarum Bawah (Sinyal Pantulan Kuat),Sideways / Stagnan,TP: 383 | CL: 364,Open = High (Tekanan Jual),Menengah (1:1),Netral / Sideways,Sentimen Positif 📰,Normal / Sedang Transisi,Golden Rebound Fibo 50.0% 🎯,2,WAIT & SEE,TIDAK ADA,2026-08-20 16:40:00,Biasa / Mengikuti Pasar
16:40,DMMX,Token Mati (Perlu Update),Mid Cap (Lapis 2),Overvalued (Mahal),34.065933,1.9905182,188.0,185,160,270,1.6216216216216217,1280900,Normal,55,Positif,Uptrend,Bullish,Bearish MACD,Perfect Uptrend (5>20>50),Normal,Distribusi (Turun),Normal,Dominan Beli (Hajar Kanan),Normal,Tinggi,Hammer (Potensi Reversal),Rawan Pucuk (High Risk),< 1 Miliar,Persis di VWAP,Distribusi Pro (Guyuran),Gorengan Sepi (< 5M),Sepi (< 50%),Mark-Up (Fase Pesta),Spesialis Tiang Jemuran (Banting Pucuk),Jarum Bawah (Sinyal Pantulan Kuat),Naik 1 Hari Beruntun,TP: 208 | CL: 174,Normal,Ideal (1:2),Netral / Sideways,Sentimen Positif 📰,Normal / Sedang Transisi,Mendekati Fibo 61.8% (Golden Ratio),6,WAIT & SEE,TIDAK ADA,2026-08-20 16:40:00,Biasa / Mengikuti Pasar
16:40,SINI,Token Mati (Perlu Update),Mid Cap (Lapis 2),Fair Value (Wajar),0.0,-4.6153517,7300.0,7190,6700,7800,0.6896551724137931,983900,Normal,51,Positif,Uptrend,Bearish,Bullish MACD,Strong Downtrend (5<20<50),Normal,Akumulasi (Naik),Normal,Tidak Ada Transaksi,Normal,Sedang,Doji (Ragu-ragu),Area Tengah,> 1 Miliar,Di Atas VWAP (Kuat),Distribusi Pro (Guyuran),Ritel Aktif (5M - 50M),Normal (50-150%),Accumulation (Kumpul Barang),Solid (Jarang Dibanting),Normal,Naik 4 Hari Beruntun,TP: 7586 | CL: 7108,Normal,Tidak Ideal (< 1:1),Netral / Sideways,Sentimen Positif 📰,Normal / Sedang Transisi,Mendekati Fibo 78.6%,6,WAIT & SEE,TIDAK ADA,2026-08-20 16:40:00,Biasa / Mengikuti Pasar
16:40,WOWS,Token Mati (Perlu Update),Small Cap (Lapis 3),Fair Value (Wajar),0.0,0.28790393,64.0,59,55,65,12.280701754385964,103145700,Tembus MA20,62,Positif,Uptrend,Golden Cross,Strong Bullish,Perfect Uptrend (5>20>50),Akumulasi Kuat,Akumulasi (Naik),Normal,Dominan Beli (Hajar Kanan),Breakout Upper,Sedang,Normal,Rawan Pucuk (High Risk),> 1 Miliar,Di Atas VWAP (Kuat),Akumulasi Pro (Smart Money),Gorengan Sepi (< 5M),Ledakan Ekstrem (> 300%),Mark-Up (Fase Pesta),Spesialis Tiang Jemuran (Banting Pucuk),Normal,Naik 1 Hari Beruntun,TP: 69 | CL: 60,Normal,Tidak Ideal (< 1:1),Netral / Sideways,Sentimen Positif 📰,Normal / Sedang Transisi,Mendekati Fibo 38.2%,10,BELI,TIDAK ADA,2026-08-20 16:40:00,⚠️ Anomali (Sudah Terbang)
16:40,ESIP,Token Mati (Perlu Update),Small Cap (Lapis 3),Overvalued (Mahal),42.14047,1.4255812,126.0,128,118,151,0.0,12721700,Normal,47,Negatif,Downtrend,Bearish,Strong Bearish,Strong Downtrend (5<20<50),Normal,Akumulasi (Naik),Normal,Seimbang / Adu Mekanik,Normal,Sedang,Normal,Area Tengah,> 1 Miliar,Di Atas VWAP (Kuat),Distribusi Pro (Guyuran),Gorengan Sepi (< 5M),Normal (50-150%),Mark-Down (Fase Runtuh),Spesialis Tiang Jemuran (Banting Pucuk),Normal,Sideways / Stagnan,TP: 132 | CL: 121,Normal,Sangat Menarik (> 1:3),Golden Cross (Awal Bullish),Netral / Sepi Berita,Normal / Sedang Transisi,Mendekati Fibo 50.0%,1,WAIT & SEE,TIDAK ADA,2026-08-20 16:40:00,Biasa / Mengikuti Pasar
16:40,TEBE,Token Mati (Perlu Update),Mid Cap (Lapis 2),Fair Value (Wajar),20.139746,2.428622,1970.0,1196,995,1980,24.290220820189273,54103800,Tembus MA20,84,Positif,Uptrend,Bullish,Strong Bullish,Perfect Uptrend (5>20>50),Akumulasi Kuat,Akumulasi (Naik),Gap Up (+2.2%),Dominan Beli (Hajar Kanan),Breakout Upper,Tinggi,Marubozu (Strong Bullish),Rawan Pucuk (High Risk),> 1 Miliar,Di Atas VWAP (Kuat),Akumulasi Pro (Smart Money),Sultan (> 50M/hari),Anomali Tinggi (150-300%),Mark-Up (Fase Pesta),Spesialis Tiang Jemuran (Banting Pucuk),Normal,Naik 1 Hari Beruntun,TP: 2163 | CL: 1840,Normal,Tidak Ideal (< 1:1),Overbought (Jenuh Beli - Rawan),Sentimen Positif 📰,Normal / Sedang Transisi,Mengambang (Jauh dari Fibo),11,BELI,TIDAK ADA,2026-08-20 16:40:00,⚠️ Anomali (Sudah Terbang)
16:40,KEJU,Token Mati (Perlu Update),Mid Cap (Lapis 2),Overvalued (Mahal),17.01076,3.6617885,585.0,568,535,600,-1.680672268907563,53600,Normal,56,Negatif,Uptrend,Bullish,Strong Bullish,Perfect Uptrend (5>20>50),Normal,Akumulasi (Naik),Normal,Seimbang / Adu Mekanik,Normal,Tinggi,Normal,Area Tengah,< 1 Miliar,Di Bawah VWAP (Lemah),Akumulasi Pro (Smart Money),Gorengan Sepi (< 5M),Sepi (< 50%),Mark-Up (Fase Pesta),Normal,Normal,Turun 2 Hari Beruntun,TP: 611 | CL: 567,Open = High (Tekanan Jual),Tidak Ideal (< 1:1),Death Cross (Awal Bearish),Sentimen Positif 📰,Normal / Sedang Transisi,Dekat Support Fibo 50.0%,6,WAIT & SEE,TIDAK ADA,2026-08-20 16:40:00,Biasa / Mengikuti Pasar
16:40,PSGO,Token Mati (Perlu Update),Mid Cap (Lapis 2),Undervalued (Murah),9.236569,1.3261433,196.0,195,191,200,0.5128205128205128,1499200,Tembus MA20,51,Positif,Uptrend,Bearish,Strong Bearish,Strong Downtrend (5<20<50),Normal,Akumulasi (Naik),Normal,Seimbang / Adu Mekanik,Squeeze,Rendah,Doji (Ragu-ragu),Dekat Support (Low Risk),< 1 Miliar,Persis di VWAP,Akumulasi Pro (Smart Money),Gorengan Sepi (< 5M),Ledakan Ekstrem (> 300%),Accumulation (Kumpul Barang),Normal,Jarum Bawah (Sinyal Pantulan Kuat),Naik 2 Hari Beruntun,TP: 202 | CL: 191,Normal,Tidak Ideal (< 1:1),Netral / Sideways,Sentimen Positif 📰,Normal / Sedang Transisi,Mendekati Fibo 23.6%,6,WAIT & SEE,TIDAK ADA,2026-08-20 16:40:00,Biasa / Mengikuti Pasar
16:40,AGAR,Token Mati (Perlu Update),Mid Cap (Lapis 2),Overvalued (Mahal),909.5477,16.012455,1810.0,953,630,2000,0.0,0,Normal,89,Negatif,Uptrend,Bullish,Strong Bullish,Perfect Uptrend (5>20>50),Normal,Akumulasi (Naik),Normal,Tidak Ada Transaksi,Breakout Upper,Tinggi,Doji (Ragu-ragu),Rawan Pucuk (High Risk),< 1 Miliar,Di Atas VWAP (Kuat),Akumulasi Pro (Smart Money),Ritel Aktif (5M - 50M),Sepi (< 50%),Mark-Up (Fase Pesta),Normal,Normal,Sideways / Stagnan,TP: 2043 | CL: 1654,Normal,Tidak Ideal (< 1:1),Overbought (Jenuh Beli - Rawan),Netral / Sepi Berita,Normal / Sedang Transisi,Mengambang (Jauh dari Fibo),5,WAIT & SEE,TIDAK ADA,2026-08-20 16:40:00,Biasa / Mengikuti Pasar
16:40,IFSH,Token Mati (Perlu Update),Mid Cap (Lapis 2),Fair Value (Wajar),17.513681,2.5297928,1120.0,1151,1070,1295,-1.7543859649122806,7000,Normal,46,Negatif,Downtrend,Bearish,Bullish MACD,Strong Downtrend (5<20<50),Normal,Distribusi (Turun),Gap Down (-3.5%),Dominan Beli (Hajar Kanan),Normal,Tinggi,Marubozu (Strong Bullish),Area Tengah,< 1 Miliar,Persis di VWAP,Distribusi Pro (Guyuran),Gorengan Sepi (< 5M),Sepi (< 50%),Mark-Down (Fase Runtuh),Normal,Normal,Turun 2 Hari Beruntun,TP: 1193 | CL: 1071,Open = Low (Bullish Kuat),Sangat Menarik (> 1:3),Netral / Sideways,Sentimen Positif 📰,Normal / Sedang Transisi,Mendekati Fibo 78.6%,3,WAIT & SEE,TIDAK ADA,2026-08-20 16:40:00,Biasa / Mengikuti Pasar
16:40,REAL,Token Mati (Perlu Update),Small Cap (Lapis 3),Overvalued (Mahal),390.62497,0.88487744,50.0,51,50,66,-3.8461538461538463,147646000,Normal,40,Negatif,Downtrend,Bullish,Bearish MACD,Perfect Uptrend (5>20>50),Normal,Distribusi (Turun),Normal,Dominan Jual (Guyur),Bottom Rebound,Sedang,Normal,Dekat Support (Low Risk),> 1 Miliar,Di Bawah VWAP (Lemah),Distribusi Pro (Guyuran),Gorengan Sepi (< 5M),Normal (50-150%),Distribution (Fase Jualan),Spesialis Tiang Jemuran (Banting Pucuk),Normal,Turun 1 Hari Beruntun,TP: 54 | CL: 47,Normal,Di Area Support,Netral / Sideways,Sentimen Positif 📰,Normal / Sedang Transisi,Dekat Support Fibo Bottom / 100%,2,WAIT & SEE,TIDAK ADA,2026-08-20 16:40:00,Biasa / Mengikuti Pasar
16:40,IFII,Token Mati (Perlu Update),Mid Cap (Lapis 2),Undervalued (Murah),14.0,1.4050676,210.0,207,198,230,0.9615384615384616,22500,Normal,53,Positif,Uptrend,Golden Cross,Bullish MACD,Awal Reversal (5>20),Normal,Akumulasi (Naik),Normal,Dominan Beli (Hajar Kanan),Squeeze,Rendah,Normal,Area Tengah,< 1 Miliar,Di Atas VWAP (Kuat),Akumulasi Pro (Smart Money),Gorengan Sepi (< 5M),Sepi (< 50%),Accumulation (Kumpul Barang),Spesialis Tiang Jemuran (Banting Pucuk),Normal,Naik 1 Hari Beruntun,TP: 217 | CL: 205,Normal,Ideal (1:2),Netral / Sideways,Sentimen Positif 📰,Supply Kering (Siap Pump) 🏜️,Golden Rebound Fibo 78.6% 🎯,8,BELI,TIDAK ADA,2026-08-20 16:40:00,Biasa / Mengikuti Pasar
16:40,PMJS,Token Mati (Perlu Update),Mid Cap (Lapis 2),Undervalued (Murah),8.823529,0.6194538,126.0,115,105,133,2.4390243902439024,3038000,Normal,65,Positif,Uptrend,Bullish,Strong Bullish,Perfect Uptrend (5>20>50),Normal,Akumulasi (Naik),Normal,Dominan Beli (Hajar Kanan),Normal,Tinggi,Normal,Rawan Pucuk (High Risk),< 1 Miliar,Persis di VWAP,Akumulasi Pro (Smart Money),Gorengan Sepi (< 5M),Normal (50-150%),Mark-Up (Fase Pesta),Normal,Normal,Naik 1 Hari Beruntun,TP: 136 | CL: 118,Normal,Tidak Ideal (< 1:1),Netral / Sideways,Sentimen Positif 📰,Normal / Sedang Transisi,Dekat Support Fibo 23.6%,8,BELI,TIDAK ADA,2026-08-20 16:40:00,Biasa / Mengikuti Pasar
16:40,UCID,Token Mati (Perlu Update),Mid Cap (Lapis 2),Undervalued (Murah),1.3761468,0.4001533,452.0,418,360,458,0.8928571428571428,811100,Normal,72,Positif,Uptrend,Bullish,Strong Bullish,Perfect Uptrend (5>20>50),Normal,Akumulasi (Naik),Normal,Seimbang / Adu Mekanik,Normal,Tinggi,Normal,Rawan Pucuk (High Risk),< 1 Miliar,Di Atas VWAP (Kuat),Akumulasi Pro (Smart Money),Gorengan Sepi (< 5M),Normal (50-150%),Mark-Up (Fase Pesta),Solid (Jarang Dibanting),Normal,Naik 3 Hari Beruntun,TP: 474 | CL: 437,Open = Low (Bullish Kuat),Tidak Ideal (< 1:1),Overbought (Jenuh Beli - Rawan),Sentimen Positif 📰,Normal / Sedang Transisi,Mendekati Fibo 23.6%,7,BELI,TIDAK ADA,2026-08-20 16:40:00,Biasa / Mengikuti Pasar
16:40,GLVA,Token Mati (Perlu Update),Small Cap (Lapis 3),Undervalued (Murah),9.430518,1.1334759,310.0,307,298,338,1.9736842105263157,40900,Normal,53,Positif,Uptrend,Bullish,Strong Bullish,Perfect Uptrend (5>20>50),Normal,Akumulasi (Naik),Normal,Seimbang / Adu Mekanik,Squeeze,Rendah,Normal,Area Tengah,< 1 Miliar,Di Bawah VWAP (Lemah),Distribusi Pro (Guyuran),Gorengan Sepi (< 5M),Normal (50-150%),Mark-Up (Fase Pesta),Spesialis Tiang Jemuran (Banting Pucuk),Normal,Naik 1 Hari Beruntun,TP: 330 | CL: 296,Normal,Ideal (1:2),Golden Cross (Awal Bullish),Sentimen Positif 📰,Normal / Sedang Transisi,Dekat Support Fibo 61.8% (Golden Ratio),7,BELI,TIDAK ADA,2026-08-20 16:40:00,Biasa / Mengikuti Pasar
16:40,PGJO,Token Mati (Perlu Update),Small Cap (Lapis 3),Fair Value (Wajar),0.0,-363.96182,915.0,753,650,915,7.647058823529412,180600,Tembus MA20,70,Positif,Uptrend,Bullish,Strong Bullish,Perfect Uptrend (5>20>50),Normal,Akumulasi (Naik),Gap Up (+7.6%),Tidak Ada Transaksi,Breakout Upper,Tinggi,Doji (Ragu-ragu),Rawan Pucuk (High Risk),< 1 Miliar,Di Atas VWAP (Kuat),Akumulasi Pro (Smart Money),Gorengan Sepi (< 5M),Normal (50-150%),Mark-Up (Fase Pesta),Normal,Normal,Naik 4 Hari Beruntun,TP: 995 | CL: 861,Normal,Tidak Ideal (< 1:1),Overbought (Jenuh Beli - Rawan),Netral / Sepi Berita,Normal / Sedang Transisi,Mengambang (Jauh dari Fibo),8,BELI,TIDAK ADA,2026-08-20 16:40:00,Biasa / Mengikuti Pasar
16:40,AMAR,Token Mati (Perlu Update),Mid Cap (Lapis 2),Undervalued (Murah),14.25,1.1946179,228.0,215,202,232,0.8849557522123894,989500,Tembus MA20,73,Positif,Uptrend,Bullish,Strong Bullish,Perfect Uptrend (5>20>50),Normal,Akumulasi (Naik),Normal,Seimbang / Adu Mekanik,Normal,Sedang,Normal,Rawan Pucuk (High Risk),< 1 Miliar,Di Atas VWAP (Kuat),Akumulasi Pro (Smart Money),Gorengan Sepi (< 5M),Anomali Tinggi (150-300%),Mark-Up (Fase Pesta),Solid (Jarang Dibanting),Normal,Naik 1 Hari Beruntun,TP: 237 | CL: 221,Normal,Tidak Ideal (< 1:1),Overbought (Jenuh Beli - Rawan),Sentimen Positif 📰,Normal / Sedang Transisi,Mendekati Fibo 23.6%,8,BELI,TIDAK ADA,2026-08-20 16:40:00,Biasa / Mengikuti Pasar
16:40,CSRA,Token Mati (Perlu Update),Mid Cap (Lapis 2),Undervalued (Murah),5.975162,0.9355864,765.0,758,730,845,2.0,553200,Tembus MA20,53,Positif,Uptrend,Bearish,Bullish MACD,Strong Downtrend (5<20<50),Normal,Akumulasi (Naik),Normal,Seimbang / Adu Mekanik,Normal,Sedang,Normal,Area Tengah,< 1 Miliar,Di Atas VWAP (Kuat),Akumulasi Pro (Smart Money),Gorengan Sepi (< 5M),Anomali Tinggi (150-300%),Accumulation (Kumpul Barang),Normal,Normal,Naik 3 Hari Beruntun,TP: 792 | CL: 746,Normal,Ideal (1:2),Netral / Sideways,Sentimen Positif 📰,Normal / Sedang Transisi,Dekat Support Fibo 50.0%,7,BELI,TIDAK ADA,2026-08-20 16:40:00,Biasa / Mengikuti Pasar
16:40,INDO,Token Mati (Perlu Update),Small Cap (Lapis 3),Fair Value (Wajar),17.34104,0.71220565,181.0,175,167,187,-1.6304347826086956,44702300,Tembus MA20,61,Negatif,Uptrend,Bullish,Strong Bullish,Perfect Uptrend (5>20>50),Normal,Akumulasi (Naik),Normal,Seimbang / Adu Mekanik,Normal,Sedang,Normal,Area Tengah,> 1 Miliar,Persis di VWAP,Akumulasi Pro (Smart Money),Ritel Aktif (5M - 50M),Normal (50-150%),Mark-Up (Fase Pesta),Spesialis Tiang Jemuran (Banting Pucuk),Normal,Turun 1 Hari Beruntun,TP: 187 | CL: 176,Normal,Tidak Ideal (< 1:1),Death Cross (Awal Bearish),Sentimen Positif 📰,Normal / Sedang Transisi,Dekat Support Fibo 23.6%,7,BELI,TIDAK ADA,2026-08-20 16:40:00,Biasa / Mengikuti Pasar
16:40,AMOR,Token Mati (Perlu Update),Small Cap (Lapis 3),Fair Value (Wajar),10.408704,2.9332075,354.0,354,320,366,-1.1173184357541899,110100,Tembus MA20,55,Negatif,Downtrend,Bullish,Bearish MACD,Perfect Uptrend (5>20>50),Normal,Distribusi (Turun),Normal,Dominan Jual (Guyur),Squeeze,Rendah,Normal,Rawan Pucuk (High Risk),< 1 Miliar,Persis di VWAP,Distribusi Pro (Guyuran),Gorengan Sepi (< 5M),Normal (50-150%),Sideways,Normal,Normal,Turun 1 Hari Beruntun,TP: 365 | CL: 346,Normal,Tidak Ideal (< 1:1),Death Cross (Awal Bearish),Sentimen Positif 📰,Normal / Sedang Transisi,Dekat Support Fibo 23.6%,4,WAIT & SEE,TIDAK ADA,2026-08-20 16:40:00,Biasa / Mengikuti Pasar
16:40,TRIN,Token Mati (Perlu Update),Mid Cap (Lapis 2),Overvalued (Mahal),80.84112,2.57295,346.0,321,292,386,12.337662337662337,41908400,Tembus MA20,55,Positif,Uptrend,Bearish,Bullish MACD,Strong Downtrend (5<20<50),Akumulasi Kuat,Akumulasi (Naik),Normal,Dominan Beli (Hajar Kanan),Normal,Tinggi,Normal,Rawan Pucuk (High Risk),> 1 Miliar,Di Atas VWAP (Kuat),Akumulasi Pro (Smart Money),Ritel Aktif (5M - 50M),Ledakan Ekstrem (> 300%),Accumulation (Kumpul Barang),Normal,Normal,Naik 1 Hari Beruntun,TP: 377 | CL: 324,Normal,Tidak Ideal (< 1:1),Netral / Sideways,Sentimen Negatif ⚠️,Normal / Sedang Transisi,Mengambang (Jauh dari Fibo),8,BELI,TIDAK ADA,2026-08-20 16:40:00,Biasa / Mengikuti Pasar
16:40,DMND,Token Mati (Perlu Update),Mid Cap (Lapis 2),Undervalued (Murah),11.822376,0.8742302,615.0,620,560,640,-0.8064516129032258,5100,Normal,47,Negatif,Downtrend,Bullish,Bearish MACD,Perfect Uptrend (5>20>50),Normal,Akumulasi (Naik),Gap Up (+2.4%),Dominan Jual (Guyur),Squeeze,Rendah,Normal,Area Tengah,< 1 Miliar,Di Bawah VWAP (Lemah),Akumulasi Pro (Smart Money),Gorengan Sepi (< 5M),Sepi (< 50%),Distribution (Fase Jualan),Normal,Normal,Turun 2 Hari Beruntun,TP: 643 | CL: 595,Open = High (Tekanan Jual),Tidak Ideal (< 1:1),Death Cross (Awal Bearish),Sentimen Positif 📰,Normal / Sedang Transisi,Dekat Support Fibo 23.6%,4,WAIT & SEE,TIDAK ADA,2026-08-20 16:40:00,Biasa / Mengikuti Pasar
16:40,PURA,Token Mati (Perlu Update),Small Cap (Lapis 3),Fair Value (Wajar),22.11472,0.38738573,32.0,32,30,34,-3.0303030303030303,2793900,Normal,49,Negatif,Downtrend,Bullish,Strong Bullish,Perfect Uptrend (5>20>50),Normal,Distribusi (Turun),Gap Down (-3.0%),Dominan Jual (Guyur),Normal,Sedang,Doji (Ragu-ragu),Area Tengah,< 1 Miliar,Di Bawah VWAP (Lemah),Akumulasi Pro (Smart Money),Gorengan Sepi (< 5M),Normal (50-150%),Distribution (Fase Jualan),Normal,Normal,Turun 1 Hari Beruntun,TP: 33 | CL: 31,Normal,Menengah (1:1),Netral / Sideways,Netral / Sepi Berita,Normal / Sedang Transisi,Dekat Support Fibo 78.6%,2,WAIT & SEE,TIDAK ADA,2026-08-20 16:40:00,Biasa / Mengikuti Pasar
16:40,PTPW,Token Mati (Perlu Update),Mid Cap (Lapis 2),Fair Value (Wajar),15.532279,1.5548173,1170.0,1163,1120,1230,-0.425531914893617,34200,Tembus MA20,52,Negatif,Uptrend,Bullish,Bearish MACD,Perfect Uptrend (5>20>50),Normal,Distribusi (Turun),Normal,Seimbang / Adu Mekanik,Normal,Sedang,Normal,Area Tengah,< 1 Miliar,Persis di VWAP,Distribusi Pro (Guyuran),Gorengan Sepi (< 5M),Normal (50-150%),Mark-Up (Fase Pesta),Normal,Normal,Turun 2 Hari Beruntun,TP: 1198 | CL: 1151,Open = High (Tekanan Jual),Menengah (1:1),Netral / Sideways,Sentimen Positif 📰,Normal / Sedang Transisi,Mengambang (Jauh dari Fibo),5,WAIT & SEE,TIDAK ADA,2026-08-20 16:40:00,Biasa / Mengikuti Pasar
16:40,TAMA,Token Mati (Perlu Update),Small Cap (Lapis 3),Overvalued (Mahal),0.0,10.629414,280.0,243,185,290,6.870229007633588,14549600,Normal,73,Positif,Uptrend,Bullish,Strong Bullish,Perfect Uptrend (5>20>50),Normal,Akumulasi (Naik),Normal,Seimbang / Adu Mekanik,Normal,Tinggi,Normal,Rawan Pucuk (High Risk),> 1 Miliar,Di Atas VWAP (Kuat),Distribusi Pro (Guyuran),Gorengan Sepi (< 5M),Normal (50-150%),Mark-Up (Fase Pesta),Spesialis Tiang Jemuran (Banting Pucuk),Normal,Naik 2 Hari Beruntun,TP: 314 | CL: 257,Normal,Tidak Ideal (< 1:1),Netral / Sideways,Sentimen Negatif ⚠️,Normal / Sedang Transisi,Mengambang (Jauh dari Fibo),6,WAIT & SEE,TIDAK ADA,2026-08-20 16:40:00,Biasa / Mengikuti Pasar
16:40,IKAN,Token Mati (Perlu Update),Small Cap (Lapis 3),Overvalued (Mahal),44.387753,0.97651863,87.0,85,79,105,0.0,6054800,Normal,57,Negatif,Uptrend,Bullish,Bearish MACD,Perfect Uptrend (5>20>50),Normal,Distribusi (Turun),Normal,Seimbang / Adu Mekanik,Normal,Sedang,Doji (Ragu-ragu),Rawan Pucuk (High Risk),< 1 Miliar,Di Bawah VWAP (Lemah),Distribusi Pro (Guyuran),Gorengan Sepi (< 5M),Sepi (< 50%),Mark-Up (Fase Pesta),Spesialis Tiang Jemuran (Banting Pucuk),Normal,Sideways / Stagnan,TP: 95 | CL: 81,Normal,Ideal (1:2),Netral / Sideways,Sentimen Negatif ⚠️,Normal / Sedang Transisi,Mendekati Fibo 50.0%,3,WAIT & SEE,TIDAK ADA,2026-08-20 16:40:00,Biasa / Mengikuti Pasar
16:40,SAMF,Token Mati (Perlu Update),Mid Cap (Lapis 2),Fair Value (Wajar),10.471204,1.5671612,280.0,279,268,298,0.0,103900,Tembus MA20,52,Negatif,Uptrend,Bullish,Strong Bullish,Perfect Uptrend (5>20>50),Normal,Akumulasi (Naik),Normal,Dominan Jual (Guyur),Squeeze,Rendah,Doji (Ragu-ragu),Area Tengah,< 1 Miliar,Di Bawah VWAP (Lemah),Distribusi Pro (Guyuran),Gorengan Sepi (< 5M),Normal (50-150%),Mark-Up (Fase Pesta),Spesialis Tiang Jemuran (Banting Pucuk),Normal,Sideways / Stagnan,TP: 292 | CL: 271,Normal,Ideal (1:2),Netral / Sideways,Sentimen Positif 📰,Normal / Sedang Transisi,Dekat Support Fibo 38.2%,7,BELI,TIDAK ADA,2026-08-20 16:40:00,Biasa / Mengikuti Pasar
16:40,SBAT,Token Mati (Perlu Update),Small Cap (Lapis 3),Fair Value (Wajar),0.0,0.03221857,1.0,1,1,1,0.0,0,Normal,0,Negatif,Downtrend,Bearish,Bearish MACD,Konsolidasi / Transisi,Normal,Netral,Normal,Tidak Ada Transaksi,Squeeze,Rendah,Doji (Ragu-ragu),Dekat Support (Low Risk),< 1 Miliar,Di Atas VWAP (Kuat),Netral,Gorengan Sepi (< 5M),Normal (50-150%),Sideways,Solid (Jarang Dibanting),Normal,Sideways / Stagnan,TP: 2 | CL: 0,Normal,Di Area Support,Oversold (Jenuh Jual - Peluang),Netral / Sepi Berita,Normal / Sedang Transisi,Normal / Sideways,0,WAIT & SEE,TIDAK ADA,2026-08-20 16:40:00,Biasa / Mengikuti Pasar
16:40,KBAG,Token Mati (Perlu Update),Small Cap (Lapis 3),Fair Value (Wajar),0.0,1.0380036,49.0,46,40,51,-2.0,2788100,Normal,59,Negatif,Uptrend,Bullish,Bearish MACD,Perfect Uptrend (5>20>50),Normal,Akumulasi (Naik),Normal,Dominan Jual (Guyur),Normal,Tinggi,Normal,Rawan Pucuk (High Risk),< 1 Miliar,Di Bawah VWAP (Lemah),Akumulasi Pro (Smart Money),Gorengan Sepi (< 5M),Sepi (< 50%),Mark-Up (Fase Pesta),Normal,Normal,Turun 1 Hari Beruntun,TP: 51 | CL: 47,Open = High (Tekanan Jual),Tidak Ideal (< 1:1),Death Cross (Awal Bearish),Netral / Sepi Berita,Normal / Sedang Transisi,Mengambang (Jauh dari Fibo),4,WAIT & SEE,TIDAK ADA,2026-08-20 16:40:00,Biasa / Mengikuti Pasar
16:40,RONY,Token Mati (Perlu Update),Mid Cap (Lapis 2),Overvalued (Mahal),0.0,675.82416,1230.0,1298,1135,1590,0.40816326530612246,3600,Normal,49,Positif,Downtrend,Bearish,Bearish MACD,Konsolidasi / Transisi,Normal,Distribusi (Turun),Normal,Dominan Jual (Guyur),Normal,Tinggi,Normal,Area Tengah,< 1 Miliar,Persis di VWAP,Distribusi Pro (Guyuran),Gorengan Sepi (< 5M),Sepi (< 50%),Distribution (Fase Jualan),Spesialis Tiang Jemuran (Banting Pucuk),Normal,Naik 1 Hari Beruntun,TP: 1373 | CL: 1134,Open = Low (Bullish Kuat),Sangat Menarik (> 1:3),Netral / Sideways,Netral / Sepi Berita,Normal / Sedang Transisi,Mengambang (Jauh dari Fibo),1,WAIT & SEE,TIDAK ADA,2026-08-20 16:40:00,Biasa / Mengikuti Pasar
16:40,CSMI,Token Mati (Perlu Update),Small Cap (Lapis 3),Overvalued (Mahal),0.0,31.24219,125.0,92,70,145,-2.34375,30858500,Normal,75,Negatif,Uptrend,Bullish,Strong Bullish,Perfect Uptrend (5>20>50),Normal,Distribusi (Turun),Normal,Dominan Jual (Guyur),Normal,Tinggi,Normal,Rawan Pucuk (High Risk),> 1 Miliar,Di Bawah VWAP (Lemah),Distribusi Pro (Guyuran),Ritel Aktif (5M - 50M),Sepi (< 50%),Mark-Up (Fase Pesta),Spesialis Tiang Jemuran (Banting Pucuk),Normal,Turun 1 Hari Beruntun,TP: 143 | CL: 112,Normal,Tidak Ideal (< 1:1),Death Cross (Awal Bearish),Sentimen Negatif ⚠️,Normal / Sedang Transisi,Dekat Support Fibo 23.6%,4,WAIT & SEE,TIDAK ADA,2026-08-20 16:40:00,Biasa / Mengikuti Pasar
16:40,BBSS,Token Mati (Perlu Update),Small Cap (Lapis 3),Fair Value (Wajar),0.0,2.072782,105.0,99,90,129,-1.8691588785046727,3182200,Normal,60,Negatif,Uptrend,Bullish,Strong Bullish,Perfect Uptrend (5>20>50),Normal,Distribusi (Turun),Normal,Seimbang / Adu Mekanik,Normal,Tinggi,Normal,Rawan Pucuk (High Risk),< 1 Miliar,Di Bawah VWAP (Lemah),Distribusi Pro (Guyuran),Gorengan Sepi (< 5M),Normal (50-150%),Mark-Up (Fase Pesta),Spesialis Tiang Jemuran (Banting Pucuk),Normal,Turun 1 Hari Beruntun,TP: 117 | CL: 96,Normal,Ideal (1:2),Netral / Sideways,Sentimen Positif 📰,Normal / Sedang Transisi,Mendekati Fibo 78.6%,5,WAIT & SEE,TIDAK ADA,2026-08-20 16:40:00,Biasa / Mengikuti Pasar
16:40,CASH,Token Mati (Perlu Update),Small Cap (Lapis 3),Overvalued (Mahal),0.0,8.239674,226.0,225,195,266,-0.8771929824561403,2110300,Normal,56,Negatif,Uptrend,Bearish,Bearish MACD,Konsolidasi / Transisi,Normal,Akumulasi (Naik),Normal,Seimbang / Adu Mekanik,Normal,Tinggi,Normal,Rawan Pucuk (High Risk),< 1 Miliar,Di Atas VWAP (Kuat),Akumulasi Pro (Smart Money),Gorengan Sepi (< 5M),Normal (50-150%),Mark-Up (Fase Pesta),Normal,Normal,Turun 1 Hari Beruntun,TP: 247 | CL: 211,Normal,Menengah (1:1),Netral / Sideways,Sentimen Negatif ⚠️,Normal / Sedang Transisi,Mendekati Fibo 38.2%,3,WAIT & SEE,TIDAK ADA,2026-08-20 16:40:00,Biasa / Mengikuti Pasar
16:40,EPAC,Token Mati (Perlu Update),Small Cap (Lapis 3),Fair Value (Wajar),0.0,2.5715904,58.0,60,57,67,-1.694915254237288,51879600,Normal,40,Negatif,Downtrend,Bearish,Bullish MACD,Strong Downtrend (5<20<50),Normal,Akumulasi (Naik),Normal,Seimbang / Adu Mekanik,Bottom Rebound,Sedang,Normal,Dekat Support (Low Risk),> 1 Miliar,Di Bawah VWAP (Lemah),Distribusi Pro (Guyuran),Ritel Aktif (5M - 50M),Sepi (< 50%),Mark-Down (Fase Runtuh),Normal,Normal,Turun 1 Hari Beruntun,TP: 62 | CL: 55,Open = High (Tekanan Jual),Sangat Menarik (> 1:3),Oversold (Jenuh Jual - Peluang),Sentimen Positif 📰,Normal / Sedang Transisi,Golden Rebound Fibo 78.6% 🎯,3,WAIT & SEE,TIDAK ADA,2026-08-20 16:40:00,Biasa / Mengikuti Pasar
16:40,UANG,Token Mati (Perlu Update),Mid Cap (Lapis 2),Overvalued (Mahal),40.82327,8.940446,2400.0,2391,2150,2560,0.8403361344537815,151900,Normal,51,Positif,Uptrend,Bullish,Bearish MACD,Perfect Uptrend (5>20>50),Normal,Akumulasi (Naik),Normal,Dominan Jual (Guyur),Normal,Tinggi,Doji (Ragu-ragu),Rawan Pucuk (High Risk),< 1 Miliar,Di Bawah VWAP (Lemah),Distribusi Pro (Guyuran),Gorengan Sepi (< 5M),Anomali Tinggi (150-300%),Mark-Up (Fase Pesta),Normal,Normal,Naik 1 Hari Beruntun,TP: 2599 | CL: 2267,Normal,Tidak Ideal (< 1:1),Netral / Sideways,Sentimen Positif 📰,Normal / Sedang Transisi,Mendekati Fibo 61.8% (Golden Ratio),6,WAIT & SEE,TIDAK ADA,2026-08-20 16:40:00,Biasa / Mengikuti Pasar
16:40,PGUN,Token Mati (Perlu Update),Big Cap (Lapis 1),Overvalued (Mahal),469.41177,29.766434,10025.0,7851,7150,10200,17.941176470588236,580300,Tembus MA20,73,Positif,Uptrend,Bullish,Strong Bullish,Perfect Uptrend (5>20>50),Akumulasi Kuat,Akumulasi (Naik),Normal,Dominan Beli (Hajar Kanan),Breakout Upper,Tinggi,Marubozu (Strong Bullish),Rawan Pucuk (High Risk),> 1 Miliar,Di Atas VWAP (Kuat),Akumulasi Pro (Smart Money),Gorengan Sepi (< 5M),Ledakan Ekstrem (> 300%),Mark-Up (Fase Pesta),Spesialis Tiang Jemuran (Banting Pucuk),Normal,Naik 1 Hari Beruntun,TP: 10866 | CL: 9464,Normal,Tidak Ideal (< 1:1),Overbought (Jenuh Beli - Rawan),Sentimen Positif 📰,Normal / Sedang Transisi,Mengambang (Jauh dari Fibo),10,BELI,TIDAK ADA,2026-08-20 16:40:00,⚠️ Anomali (Sudah Terbang)
16:40,SOFA,Token Mati (Perlu Update),Small Cap (Lapis 3),Overvalued (Mahal),0.0,14.09946,332.0,244,195,332,9.933774834437086,5904400,Tembus MA20,71,Positif,Uptrend,Bullish,Strong Bullish,Perfect Uptrend (5>20>50),Normal,Akumulasi (Naik),Normal,Dominan Beli (Hajar Kanan),Breakout Upper,Tinggi,Normal,Rawan Pucuk (High Risk),> 1 Miliar,Di Atas VWAP (Kuat),Akumulasi Pro (Smart Money),Gorengan Sepi (< 5M),Normal (50-150%),Mark-Up (Fase Pesta),Normal,Normal,Naik 3 Hari Beruntun,TP: 371 | CL: 306,Normal,Tidak Ideal (< 1:1),Overbought (Jenuh Beli - Rawan),Sentimen Positif 📰,Normal / Sedang Transisi,Mendekati Fibo 50.0%,9,BELI,TIDAK ADA,2026-08-20 16:40:00,Biasa / Mengikuti Pasar
16:40,PPGL,Token Mati (Perlu Update),Small Cap (Lapis 3),Fair Value (Wajar),9.530179,2.2851415,226.0,210,188,242,0.0,2789300,Tembus MA20,66,Negatif,Uptrend,Bullish,Strong Bullish,Perfect Uptrend (5>20>50),Normal,Akumulasi (Naik),Normal,Seimbang / Adu Mekanik,Breakout Upper,Sedang,Doji (Ragu-ragu),Rawan Pucuk (High Risk),< 1 Miliar,Di Atas VWAP (Kuat),Akumulasi Pro (Smart Money),Gorengan Sepi (< 5M),Normal (50-150%),Mark-Up (Fase Pesta),Normal,Normal,Sideways / Stagnan,TP: 241 | CL: 215,Normal,Tidak Ideal (< 1:1),Death Cross (Awal Bearish),Netral / Sepi Berita,Normal / Sedang Transisi,Mengambang (Jauh dari Fibo),6,WAIT & SEE,TIDAK ADA,2026-08-20 16:40:00,Biasa / Mengikuti Pasar
16:40,TOYS,Token Mati (Perlu Update),Small Cap (Lapis 3),Fair Value (Wajar),0.0,0.04635451,8.0,8,8,8,0.0,0,Normal,0,Negatif,Downtrend,Bearish,Bearish MACD,Konsolidasi / Transisi,Normal,Netral,Normal,Tidak Ada Transaksi,Squeeze,Rendah,Doji (Ragu-ragu),Dekat Support (Low Risk),< 1 Miliar,Di Atas VWAP (Kuat),Netral,Gorengan Sepi (< 5M),Normal (50-150%),Sideways,Solid (Jarang Dibanting),Normal,Sideways / Stagnan,TP: 9 | CL: 7,Normal,Di Area Support,Oversold (Jenuh Jual - Peluang),Netral / Sepi Berita,Normal / Sedang Transisi,Normal / Sideways,0,WAIT & SEE,TIDAK ADA,2026-08-20 16:40:00,Biasa / Mengikuti Pasar
16:40,SGER,Token Mati (Perlu Update),Mid Cap (Lapis 2),Overvalued (Mahal),35.39209,3.2485938,510.0,468,424,515,7.59493670886076,64910600,Tembus MA20,71,Positif,Uptrend,Bullish,Bearish MACD,Perfect Uptrend (5>20>50),Akumulasi Kuat,Akumulasi (Naik),Normal,Dominan Beli (Hajar Kanan),Normal,Tinggi,Normal,Rawan Pucuk (High Risk),> 1 Miliar,Di Atas VWAP (Kuat),Akumulasi Pro (Smart Money),Ritel Aktif (5M - 50M),Ledakan Ekstrem (> 300%),Mark-Up (Fase Pesta),Normal,Normal,Naik 1 Hari Beruntun,TP: 538 | CL: 490,Normal,Tidak Ideal (< 1:1),Netral / Sideways,Sentimen Positif 📰,Normal / Sedang Transisi,Mengambang (Jauh dari Fibo),9,BELI,TIDAK ADA,2026-08-20 16:40:00,Biasa / Mengikuti Pasar
16:40,TRJA,Token Mati (Perlu Update),Small Cap (Lapis 3),Undervalued (Murah),3.797311,0.4734922,123.0,113,105,135,2.5,642400,Normal,66,Positif,Uptrend,Bullish,Strong Bullish,Perfect Uptrend (5>20>50),Normal,Akumulasi (Naik),Normal,Dominan Beli (Hajar Kanan),Normal,Tinggi,Normal,Rawan Pucuk (High Risk),< 1 Miliar,Persis di VWAP,Distribusi Pro (Guyuran),Gorengan Sepi (< 5M),Sepi (< 50%),Mark-Up (Fase Pesta),Spesialis Tiang Jemuran (Banting Pucuk),Normal,Naik 1 Hari Beruntun,TP: 134 | CL: 115,Open = Low (Bullish Kuat),Tidak Ideal (< 1:1),Netral / Sideways,Netral / Sepi Berita,Normal / Sedang Transisi,Mendekati Fibo 38.2%,7,BELI,TIDAK ADA,2026-08-20 16:40:00,Biasa / Mengikuti Pasar
16:40,PNGO,Token Mati (Perlu Update),Mid Cap (Lapis 2),Fair Value (Wajar),8.271298,2.1640673,3500.0,3545,3450,3650,-0.5681818181818182,2700,Normal,43,Negatif,Downtrend,Bearish,Bearish MACD,Konsolidasi / Transisi,Normal,Distribusi (Turun),Normal,Dominan Jual (Guyur),Squeeze,Rendah,Normal,Dekat Support (Low Risk),< 1 Miliar,Persis di VWAP,Distribusi Pro (Guyuran),Gorengan Sepi (< 5M),Sepi (< 50%),Distribution (Fase Jualan),Spesialis Tiang Jemuran (Banting Pucuk),Normal,Turun 2 Hari Beruntun,TP: 3528 | CL: 3480,Normal,Sangat Menarik (> 1:3),Netral / Sideways,Sentimen Positif 📰,Supply Kering (Siap Pump) 🏜️,Golden Rebound Fibo 50.0% 🎯,1,WAIT & SEE,TIDAK ADA,2026-08-20 16:40:00,Biasa / Mengikuti Pasar
16:40,SCNP,Token Mati (Perlu Update),Small Cap (Lapis 3),Fair Value (Wajar),0.0,0.95902294,147.0,153,138,200,-0.6756756756756757,186700,Normal,43,Negatif,Downtrend,Bearish,Strong Bearish,Konsolidasi / Transisi,Normal,Distribusi (Turun),Normal,Dominan Jual (Guyur),Bottom Rebound,Sedang,Normal,Area Tengah,< 1 Miliar,Persis di VWAP,Akumulasi Pro (Smart Money),Gorengan Sepi (< 5M),Sepi (< 50%),Distribution (Fase Jualan),Spesialis Tiang Jemuran (Banting Pucuk),Normal,Turun 4 Hari Beruntun,TP: 158 | CL: 139,Normal,Sangat Menarik (> 1:3),Golden Cross (Awal Bullish),Sentimen Positif 📰,Supply Kering (Siap Pump) 🏜️,Mendekati Fibo 78.6%,1,WAIT & SEE,TIDAK ADA,2026-08-20 16:40:00,Biasa / Mengikuti Pasar
16:40,BBSI,Token Mati (Perlu Update),Big Cap (Lapis 1),Overvalued (Mahal),97.2973,4.823539,4680.0,4675,4500,4730,0.21413276231263384,700,Normal,52,Positif,Uptrend,Bearish,Bearish MACD,Konsolidasi / Transisi,Normal,Akumulasi (Naik),Normal,Dominan Jual (Guyur),Squeeze,Rendah,Doji (Ragu-ragu),Area Tengah,< 1 Miliar,Persis di VWAP,Distribusi Pro (Guyuran),Gorengan Sepi (< 5M),Anomali Tinggi (150-300%),Mark-Up (Fase Pesta),Normal,Normal,Naik 1 Hari Beruntun,TP: 4780 | CL: 4612,Normal,Tidak Ideal (< 1:1),Overbought (Jenuh Beli - Rawan),Sentimen Positif 📰,Normal / Sedang Transisi,Mendekati Fibo 23.6%,5,WAIT & SEE,TIDAK ADA,2026-08-20 16:40:00,Biasa / Mengikuti Pasar
16:40,KMDS,Token Mati (Perlu Update),Small Cap (Lapis 3),Fair Value (Wajar),5.813252,1.5694683,530.0,534,505,555,0.9523809523809524,94300,Tembus MA20,49,Positif,Downtrend,Bearish,Strong Bearish,Strong Downtrend (5<20<50),Normal,Akumulasi (Naik),Normal,Seimbang / Adu Mekanik,Squeeze,Rendah,Normal,Area Tengah,< 1 Miliar,Di Atas VWAP (Kuat),Distribusi Pro (Guyuran),Gorengan Sepi (< 5M),Normal (50-150%),Mark-Down (Fase Runtuh),Solid (Jarang Dibanting),Normal,Naik 2 Hari Beruntun,TP: 554 | CL: 513,Open = High (Tekanan Jual),Menengah (1:1),Netral / Sideways,Sentimen Positif 📰,Normal / Sedang Transisi,Dekat Support Fibo 61.8% (Golden Ratio),4,WAIT & SEE,TIDAK ADA,2026-08-20 16:40:00,Biasa / Mengikuti Pasar
16:40,PURI,Token Mati (Perlu Update),Small Cap (Lapis 3),Overvalued (Mahal),25.70222,1.5547955,139.0,137,132,149,-0.7142857142857143,775100,Normal,53,Negatif,Uptrend,Bullish,Strong Bullish,Perfect Uptrend (5>20>50),Normal,Akumulasi (Naik),Normal,Dominan Jual (Guyur),Squeeze,Rendah,Normal,Area Tengah,< 1 Miliar,Persis di VWAP,Distribusi Pro (Guyuran),Gorengan Sepi (< 5M),Normal (50-150%),Mark-Up (Fase Pesta),Spesialis Tiang Jemuran (Banting Pucuk),Normal,Turun 1 Hari Beruntun,TP: 148 | CL: 132,Normal,Menengah (1:1),Netral / Sideways,Netral / Sepi Berita,Normal / Sedang Transisi,Mendekati Fibo 61.8% (Golden Ratio),5,WAIT & SEE,TIDAK ADA,2026-08-20 16:40:00,Biasa / Mengikuti Pasar
16:40,SOHO,Token Mati (Perlu Update),Big Cap (Lapis 1),Overvalued (Mahal),22.267965,5.446748,1190.0,1189,1100,1455,0.42194092827004215,22700,Normal,50,Positif,Uptrend,Bearish,Bullish MACD,Konsolidasi / Transisi,Normal,Akumulasi (Naik),Normal,Seimbang / Adu Mekanik,Squeeze,Rendah,Normal,Area Tengah,< 1 Miliar,Persis di VWAP,Distribusi Pro (Guyuran),Gorengan Sepi (< 5M),Normal (50-150%),Mark-Up (Fase Pesta),Spesialis Tiang Jemuran (Banting Pucuk),Normal,Naik 1 Hari Beruntun,TP: 1276 | CL: 1132,Open = High (Tekanan Jual),Ideal (1:2),Golden Cross (Awal Bullish),Sentimen Positif 📰,Normal / Sedang Transisi,Dekat Support Fibo 78.6%,5,WAIT & SEE,TIDAK ADA,2026-08-20 16:40:00,Biasa / Mengikuti Pasar
16:40,ROCK,Token Mati (Perlu Update),Mid Cap (Lapis 2),Overvalued (Mahal),103.71075,3.7418664,2180.0,1918,1500,2490,-0.45662100456621,36400,Normal,59,Negatif,Uptrend,Bullish,Strong Bullish,Perfect Uptrend (5>20>50),Normal,Akumulasi (Naik),Normal,Dominan Beli (Hajar Kanan),Normal,Tinggi,Doji (Ragu-ragu),Rawan Pucuk (High Risk),< 1 Miliar,Di Bawah VWAP (Lemah),Distribusi Pro (Guyuran),Gorengan Sepi (< 5M),Sepi (< 50%),Mark-Up (Fase Pesta),Normal,Jarum Bawah (Sinyal Pantulan Kuat),Turun 1 Hari Beruntun,TP: 2526 | CL: 1948,Normal,Tidak Ideal (< 1:1),Netral / Sideways,Sentimen Negatif ⚠️,Normal / Sedang Transisi,Mengambang (Jauh dari Fibo),6,WAIT & SEE,TIDAK ADA,2026-08-20 16:40:00,Biasa / Mengikuti Pasar
16:40,ENZO,Token Mati (Perlu Update),Small Cap (Lapis 3),Fair Value (Wajar),15.271839,0.9256174,75.0,72,60,96,1.3513513513513513,21309300,Normal,54,Positif,Uptrend,Bullish,Bearish MACD,Perfect Uptrend (5>20>50),Normal,Akumulasi (Naik),Normal,Seimbang / Adu Mekanik,Normal,Tinggi,Normal,Rawan Pucuk (High Risk),> 1 Miliar,Di Atas VWAP (Kuat),Akumulasi Pro (Smart Money),Gorengan Sepi (< 5M),Normal (50-150%),Mark-Up (Fase Pesta),Spesialis Tiang Jemuran (Banting Pucuk),Normal,Naik 2 Hari Beruntun,TP: 85 | CL: 68,Normal,Menengah (1:1),Golden Cross (Awal Bullish),Sentimen Positif 📰,Normal / Sedang Transisi,Dekat Support Fibo 50.0%,6,WAIT & SEE,TIDAK ADA,2026-08-20 16:40:00,Biasa / Mengikuti Pasar
16:40,PLAN,Token Mati (Perlu Update),Small Cap (Lapis 3),Fair Value (Wajar),0.0,0.6810249,40.0,38,36,41,5.263157894736842,7312400,Tembus MA20,65,Positif,Uptrend,Golden Cross,Strong Bullish,Perfect Uptrend (5>20>50),Akumulasi Kuat,Akumulasi (Naik),Gap Down (-2.6%),Dominan Beli (Hajar Kanan),Squeeze,Rendah,Normal,Rawan Pucuk (High Risk),< 1 Miliar,Di Atas VWAP (Kuat),Akumulasi Pro (Smart Money),Gorengan Sepi (< 5M),Ledakan Ekstrem (> 300%),Mark-Up (Fase Pesta),Normal,Normal,Naik 1 Hari Beruntun,TP: 42 | CL: 38,Open = Low (Bullish Kuat),Tidak Ideal (< 1:1),Netral / Sideways,Netral / Sepi Berita,Normal / Sedang Transisi,Mendekati Fibo 50.0%,9,BELI,TIDAK ADA,2026-08-20 16:40:00,Biasa / Mengikuti Pasar
16:40,PTDU,Token Mati (Perlu Update),Small Cap (Lapis 3),Fair Value (Wajar),11.330527,-9.019456,70.0,70,70,70,0.0,0,Normal,0,Negatif,Downtrend,Bearish,Bearish MACD,Konsolidasi / Transisi,Normal,Netral,Normal,Tidak Ada Transaksi,Squeeze,Rendah,Doji (Ragu-ragu),Dekat Support (Low Risk),< 1 Miliar,Di Atas VWAP (Kuat),Netral,Gorengan Sepi (< 5M),Normal (50-150%),Sideways,Solid (Jarang Dibanting),Normal,Sideways / Stagnan,TP: 71 | CL: 69,Normal,Di Area Support,Oversold (Jenuh Jual - Peluang),Netral / Sepi Berita,Normal / Sedang Transisi,Normal / Sideways,0,WAIT & SEE,TIDAK ADA,2026-08-20 16:40:00,Biasa / Mengikuti Pasar
16:40,ATAP,Token Mati (Perlu Update),Small Cap (Lapis 3),Overvalued (Mahal),187.78625,10.029354,610.0,582,515,660,-3.1746031746031744,956800,Normal,58,Negatif,Uptrend,Bullish,Bearish MACD,Perfect Uptrend (5>20>50),Normal,Distribusi (Turun),Normal,Dominan Jual (Guyur),Normal,Tinggi,Normal,Rawan Pucuk (High Risk),< 1 Miliar,Persis di VWAP,Distribusi Pro (Guyuran),Gorengan Sepi (< 5M),Normal (50-150%),Mark-Up (Fase Pesta),Spesialis Tiang Jemuran (Banting Pucuk),Normal,Turun 1 Hari Beruntun,TP: 678 | CL: 564,Open = High (Tekanan Jual),Tidak Ideal (< 1:1),Death Cross (Awal Bearish),Sentimen Positif 📰,Normal / Sedang Transisi,Mendekati Fibo 23.6%,4,WAIT & SEE,TIDAK ADA,2026-08-20 16:40:00,Biasa / Mengikuti Pasar
16:40,VICI,Token Mati (Perlu Update),Mid Cap (Lapis 2),Overvalued (Mahal),44.820717,4.1461406,685.0,596,565,695,13.223140495867769,7722400,Tembus MA20,76,Positif,Uptrend,Bullish,Strong Bullish,Awal Reversal (5>20),Akumulasi Kuat,Akumulasi (Naik),Normal,Dominan Beli (Hajar Kanan),Breakout Upper,Tinggi,Marubozu (Strong Bullish),Rawan Pucuk (High Risk),> 1 Miliar,Di Atas VWAP (Kuat),Akumulasi Pro (Smart Money),Gorengan Sepi (< 5M),Ledakan Ekstrem (> 300%),Accumulation (Kumpul Barang),Normal,Normal,Naik 1 Hari Beruntun,TP: 720 | CL: 661,Normal,Tidak Ideal (< 1:1),Overbought (Jenuh Beli - Rawan),Sentimen Positif 📰,Normal / Sedang Transisi,Mendekati Fibo 23.6%,10,BELI,TIDAK ADA,2026-08-20 16:40:00,⚠️ Anomali (Sudah Terbang)
16:40,PMMP,Token Mati (Perlu Update),Small Cap (Lapis 3),Overvalued (Mahal),12499.999,-1724.138,50.0,50,50,50,0.0,0,Normal,0,Negatif,Downtrend,Bearish,Bearish MACD,Konsolidasi / Transisi,Normal,Netral,Normal,Tidak Ada Transaksi,Squeeze,Rendah,Doji (Ragu-ragu),Dekat Support (Low Risk),< 1 Miliar,Di Atas VWAP (Kuat),Netral,Gorengan Sepi (< 5M),Normal (50-150%),Sideways,Solid (Jarang Dibanting),Normal,Sideways / Stagnan,TP: 51 | CL: 49,Normal,Di Area Support,Oversold (Jenuh Jual - Peluang),Netral / Sepi Berita,Normal / Sedang Transisi,Normal / Sideways,0,WAIT & SEE,TIDAK ADA,2026-08-20 16:40:00,Biasa / Mengikuti Pasar
16:40,BANK,Token Mati (Perlu Update),Mid Cap (Lapis 2),Overvalued (Mahal),48.300537,1.1499197,270.0,276,266,304,0.0,900700,Normal,43,Negatif,Downtrend,Bearish,Strong Bearish,Strong Downtrend (5<20<50),Normal,Distribusi (Turun),Normal,Seimbang / Adu Mekanik,Normal,Sedang,Doji (Ragu-ragu),Dekat Support (Low Risk),< 1 Miliar,Persis di VWAP,Distribusi Pro (Guyuran),Gorengan Sepi (< 5M),Sepi (< 50%),Mark-Down (Fase Runtuh),Spesialis Tiang Jemuran (Banting Pucuk),Normal,Sideways / Stagnan,TP: 279 | CL: 263,Normal,Sangat Menarik (> 1:3),Golden Cross (Awal Bullish),Netral / Sepi Berita,Normal / Sedang Transisi,Mengambang (Jauh dari Fibo),0,WAIT & SEE,TIDAK ADA,2026-08-20 16:40:00,Biasa / Mengikuti Pasar
16:40,WMUU,Token Mati (Perlu Update),Small Cap (Lapis 3),Fair Value (Wajar),0.0,0.9208731,54.0,53,50,63,0.0,76126300,Normal,52,Negatif,Uptrend,Bullish,Bearish MACD,Perfect Uptrend (5>20>50),Normal,Distribusi (Turun),Normal,Dominan Beli (Hajar Kanan),Normal,Sedang,Doji (Ragu-ragu),Area Tengah,> 1 Miliar,Di Bawah VWAP (Lemah),Distribusi Pro (Guyuran),Ritel Aktif (5M - 50M),Sepi (< 50%),Mark-Up (Fase Pesta),Spesialis Tiang Jemuran (Banting Pucuk),Jarum Bawah (Sinyal Pantulan Kuat),Sideways / Stagnan,TP: 59 | CL: 50,Normal,Ideal (1:2),Netral / Sideways,Sentimen Positif 📰,Normal / Sedang Transisi,Golden Rebound Fibo 78.6% 🎯,5,WAIT & SEE,TIDAK ADA,2026-08-20 16:40:00,Biasa / Mengikuti Pasar
16:40,EDGE,Token Mati (Perlu Update),Mid Cap (Lapis 2),Overvalued (Mahal),81.29668,5.354444,4790.0,4790,4790,4790,0.0,0,Normal,0,Negatif,Downtrend,Bearish,Bearish MACD,Konsolidasi / Transisi,Normal,Netral,Normal,Tidak Ada Transaksi,Squeeze,Rendah,Doji (Ragu-ragu),Dekat Support (Low Risk),< 1 Miliar,Di Atas VWAP (Kuat),Netral,Gorengan Sepi (< 5M),Normal (50-150%),Sideways,Solid (Jarang Dibanting),Normal,Sideways / Stagnan,TP: 4791 | CL: 4789,Normal,Di Area Support,Oversold (Jenuh Jual - Peluang),Netral / Sepi Berita,Normal / Sedang Transisi,Normal / Sideways,0,WAIT & SEE,TIDAK ADA,2026-08-20 16:40:00,Biasa / Mengikuti Pasar
16:40,UNIQ,Token Mati (Perlu Update),Small Cap (Lapis 3),Undervalued (Murah),13.72093,0.76894504,118.0,113,100,122,1.7241379310344827,1814000,Normal,64,Positif,Uptrend,Bullish,Strong Bullish,Perfect Uptrend (5>20>50),Normal,Akumulasi (Naik),Normal,Seimbang / Adu Mekanik,Normal,Sedang,Normal,Rawan Pucuk (High Risk),< 1 Miliar,Di Atas VWAP (Kuat),Akumulasi Pro (Smart Money),Gorengan Sepi (< 5M),Normal (50-150%),Mark-Up (Fase Pesta),Spesialis Tiang Jemuran (Banting Pucuk),Normal,Naik 2 Hari Beruntun,TP: 125 | CL: 113,Normal,Tidak Ideal (< 1:1),Netral / Sideways,Netral / Sepi Berita,Normal / Sedang Transisi,Mendekati Fibo 23.6%,6,WAIT & SEE,TIDAK ADA,2026-08-20 16:40:00,Biasa / Mengikuti Pasar
16:40,BEBS,Token Mati (Perlu Update),Small Cap (Lapis 3),Fair Value (Wajar),0.0,0.27855152,5.0,5,5,5,0.0,0,Normal,0,Negatif,Downtrend,Bearish,Bearish MACD,Konsolidasi / Transisi,Normal,Netral,Normal,Tidak Ada Transaksi,Squeeze,Rendah,Doji (Ragu-ragu),Dekat Support (Low Risk),< 1 Miliar,Di Atas VWAP (Kuat),Netral,Gorengan Sepi (< 5M),Normal (50-150%),Sideways,Solid (Jarang Dibanting),Normal,Sideways / Stagnan,TP: 6 | CL: 4,Normal,Di Area Support,Oversold (Jenuh Jual - Peluang),Netral / Sepi Berita,Normal / Sedang Transisi,Normal / Sideways,0,WAIT & SEE,TIDAK ADA,2026-08-20 16:40:00,Biasa / Mengikuti Pasar
16:40,SNLK,Token Mati (Perlu Update),Small Cap (Lapis 3),Fair Value (Wajar),0.0,0.6371723,230.0,225,214,244,0.0,13331300,Normal,54,Negatif,Uptrend,Bullish,Strong Bullish,Perfect Uptrend (5>20>50),Normal,Akumulasi (Naik),Normal,Seimbang / Adu Mekanik,Squeeze,Rendah,Doji (Ragu-ragu),Area Tengah,> 1 Miliar,Persis di VWAP,Akumulasi Pro (Smart Money),Gorengan Sepi (< 5M),Normal (50-150%),Mark-Up (Fase Pesta),Normal,Jarum Bawah (Sinyal Pantulan Kuat),Sideways / Stagnan,TP: 244 | CL: 220,Normal,Tidak Ideal (< 1:1),Netral / Sideways,Sentimen Negatif ⚠️,Normal / Sedang Transisi,Mendekati Fibo 78.6%,5,WAIT & SEE,TIDAK ADA,2026-08-20 16:40:00,Biasa / Mengikuti Pasar
16:40,ZYRX,Token Mati (Perlu Update),Small Cap (Lapis 3),Undervalued (Murah),2.4961596,0.55870724,130.0,126,117,140,0.0,105900,Normal,55,Negatif,Uptrend,Bullish,Strong Bullish,Awal Reversal (5>20),Normal,Akumulasi (Naik),Normal,Seimbang / Adu Mekanik,Normal,Sedang,Normal,Rawan Pucuk (High Risk),< 1 Miliar,Persis di VWAP,Akumulasi Pro (Smart Money),Gorengan Sepi (< 5M),Sepi (< 50%),Accumulation (Kumpul Barang),Normal,Normal,Sideways / Stagnan,TP: 139 | CL: 124,Open = Low (Bullish Kuat),Tidak Ideal (< 1:1),Netral / Sideways,Sentimen Positif 📰,Normal / Sedang Transisi,Dekat Support Fibo 38.2%,6,WAIT & SEE,TIDAK ADA,2026-08-20 16:40:00,Biasa / Mengikuti Pasar
16:40,LFLO,Token Mati (Perlu Update),Small Cap (Lapis 3),Overvalued (Mahal),0.0,7.181744,496.0,492,466,525,-1.782178217821782,700,Normal,47,Negatif,Uptrend,Bullish,Bullish MACD,Awal Reversal (5>20),Normal,Akumulasi (Naik),Normal,Dominan Jual (Guyur),Normal,Sedang,Normal,Area Tengah,< 1 Miliar,Di Bawah VWAP (Lemah),Akumulasi Pro (Smart Money),Gorengan Sepi (< 5M),Sepi (< 50%),Accumulation (Kumpul Barang),Solid (Jarang Dibanting),Normal,Turun 2 Hari Beruntun,TP: 519 | CL: 480,Open = High (Tekanan Jual),Tidak Ideal (< 1:1),Death Cross (Awal Bearish),Sentimen Positif 📰,Normal / Sedang Transisi,Mengambang (Jauh dari Fibo),5,WAIT & SEE,TIDAK ADA,2026-08-20 16:40:00,Biasa / Mengikuti Pasar
16:40,FIMP,Token Mati (Perlu Update),Small Cap (Lapis 3),Fair Value (Wajar),0.0,1.2991904,69.0,69,69,69,0.0,0,Normal,0,Negatif,Downtrend,Bearish,Bearish MACD,Konsolidasi / Transisi,Normal,Netral,Normal,Tidak Ada Transaksi,Squeeze,Rendah,Doji (Ragu-ragu),Dekat Support (Low Risk),< 1 Miliar,Di Atas VWAP (Kuat),Netral,Gorengan Sepi (< 5M),Normal (50-150%),Sideways,Solid (Jarang Dibanting),Normal,Sideways / Stagnan,TP: 70 | CL: 68,Normal,Di Area Support,Oversold (Jenuh Jual - Peluang),Netral / Sepi Berita,Normal / Sedang Transisi,Normal / Sideways,0,WAIT & SEE,TIDAK ADA,2026-08-20 16:40:00,Biasa / Mengikuti Pasar
16:40,TAPG,Token Mati (Perlu Update),Big Cap (Lapis 1),Overvalued (Mahal),9.409458,3.3314133,1920.0,1758,1575,1925,4.918032786885246,26694300,Tembus MA20,75,Positif,Uptrend,Bullish,Strong Bullish,Perfect Uptrend (5>20>50),Normal,Akumulasi (Naik),Normal,Dominan Beli (Hajar Kanan),Breakout Upper,Sedang,Marubozu (Strong Bullish),Rawan Pucuk (High Risk),> 1 Miliar,Di Atas VWAP (Kuat),Akumulasi Pro (Smart Money),Ritel Aktif (5M - 50M),Anomali Tinggi (150-300%),Mark-Up (Fase Pesta),Spesialis Tiang Jemuran (Banting Pucuk),Normal,Naik 1 Hari Beruntun,TP: 2007 | CL: 1861,Normal,Tidak Ideal (< 1:1),Overbought (Jenuh Beli - Rawan),Sentimen Negatif ⚠️,Normal / Sedang Transisi,Mengambang (Jauh dari Fibo),8,BELI,TIDAK ADA,2026-08-20 16:40:00,Biasa / Mengikuti Pasar
16:40,NPGF,Token Mati (Perlu Update),Small Cap (Lapis 3),Overvalued (Mahal),3000.0,0.80625653,59.0,59,55,70,-1.6666666666666667,15118500,Normal,50,Negatif,Downtrend,Bullish,Strong Bullish,Perfect Uptrend (5>20>50),Normal,Akumulasi (Naik),Normal,Seimbang / Adu Mekanik,Normal,Sedang,Normal,Area Tengah,< 1 Miliar,Di Bawah VWAP (Lemah),Distribusi Pro (Guyuran),Gorengan Sepi (< 5M),Sepi (< 50%),Distribution (Fase Jualan),Spesialis Tiang Jemuran (Banting Pucuk),Normal,Turun 1 Hari Beruntun,TP: 64 | CL: 55,Normal,Sangat Menarik (> 1:3),Netral / Sideways,Sentimen Positif 📰,Normal / Sedang Transisi,Mendekati Fibo 78.6%,4,WAIT & SEE,TIDAK ADA,2026-08-20 16:40:00,Biasa / Mengikuti Pasar
16:40,LUCY,Token Mati (Perlu Update),Small Cap (Lapis 3),Overvalued (Mahal),0.0,26.143791,302.0,266,204,332,4.861111111111112,63310700,Tembus MA20,40,Positif,Uptrend,Bullish,Bullish MACD,Awal Reversal (5>20),Akumulasi Kuat,Distribusi (Turun),Normal,Dominan Beli (Hajar Kanan),Normal,Tinggi,Normal,Rawan Pucuk (High Risk),> 1 Miliar,Di Atas VWAP (Kuat),Akumulasi Pro (Smart Money),Ritel Aktif (5M - 50M),Anomali Tinggi (150-300%),Accumulation (Kumpul Barang),Spesialis Tiang Jemuran (Banting Pucuk),Normal,Naik 2 Hari Beruntun,TP: 345 | CL: 272,Normal,Tidak Ideal (< 1:1),Netral / Sideways,Sentimen Positif 📰,Normal / Sedang Transisi,Mengambang (Jauh dari Fibo),8,BELI,TIDAK ADA,2026-08-20 16:40:00,Biasa / Mengikuti Pasar
16:40,ADCP,Token Mati (Perlu Update),Mid Cap (Lapis 2),Overvalued (Mahal),0.0,3.040438,50.0,50,50,50,0.0,0,Normal,0,Negatif,Downtrend,Bearish,Bearish MACD,Konsolidasi / Transisi,Normal,Netral,Normal,Tidak Ada Transaksi,Squeeze,Rendah,Doji (Ragu-ragu),Dekat Support (Low Risk),< 1 Miliar,Di Atas VWAP (Kuat),Netral,Gorengan Sepi (< 5M),Normal (50-150%),Sideways,Solid (Jarang Dibanting),Normal,Sideways / Stagnan,TP: 51 | CL: 49,Normal,Di Area Support,Oversold (Jenuh Jual - Peluang),Netral / Sepi Berita,Normal / Sedang Transisi,Normal / Sideways,0,WAIT & SEE,TIDAK ADA,2026-08-20 16:40:00,Biasa / Mengikuti Pasar
16:40,HOPE,Token Mati (Perlu Update),Small Cap (Lapis 3),Overvalued (Mahal),0.0,8.6548195,284.0,218,151,288,13.600000000000001,106688000,Tembus MA20,76,Positif,Uptrend,Bullish,Strong Bullish,Perfect Uptrend (5>20>50),Normal,Akumulasi (Naik),Normal,Dominan Beli (Hajar Kanan),Breakout Upper,Tinggi,Marubozu (Strong Bullish),Rawan Pucuk (High Risk),> 1 Miliar,Di Atas VWAP (Kuat),Akumulasi Pro (Smart Money),Ritel Aktif (5M - 50M),Anomali Tinggi (150-300%),Mark-Up (Fase Pesta),Spesialis Tiang Jemuran (Banting Pucuk),Normal,Naik 1 Hari Beruntun,TP: 315 | CL: 262,Normal,Tidak Ideal (< 1:1),Overbought (Jenuh Beli - Rawan),Sentimen Positif 📰,Normal / Sedang Transisi,Mengambang (Jauh dari Fibo),9,BELI,TIDAK ADA,2026-08-20 16:40:00,⚠️ Anomali (Sudah Terbang)
16:40,MGLV,Token Mati (Perlu Update),Big Cap (Lapis 1),Overvalued (Mahal),0.0,187.53363,11225.0,8958,7800,11950,2.5114155251141552,2953800,Tembus MA20,78,Positif,Uptrend,Bullish,Strong Bullish,Perfect Uptrend (5>20>50),Normal,Akumulasi (Naik),Gap Up (+2.5%),Dominan Jual (Guyur),Breakout Upper,Tinggi,Doji (Ragu-ragu),Rawan Pucuk (High Risk),> 1 Miliar,Di Atas VWAP (Kuat),Akumulasi Pro (Smart Money),Ritel Aktif (5M - 50M),Normal (50-150%),Mark-Up (Fase Pesta),Spesialis Tiang Jemuran (Banting Pucuk),Normal,Naik 5 Hari Beruntun,TP: 12400 | CL: 10441,Normal,Tidak Ideal (< 1:1),Overbought (Jenuh Beli - Rawan),Sentimen Positif 📰,Normal / Sedang Transisi,Mendekati Fibo 23.6%,9,BELI,TIDAK ADA,2026-08-20 16:40:00,Biasa / Mengikuti Pasar
16:40,TRUE,Token Mati (Perlu Update),Small Cap (Lapis 3),Fair Value (Wajar),7.6335874,1.5621582,50.0,50,50,50,0.0,0,Normal,28,Negatif,Downtrend,Bearish,Bullish MACD,Konsolidasi / Transisi,Normal,Netral,Normal,Tidak Ada Transaksi,Squeeze,Rendah,Doji (Ragu-ragu),Dekat Support (Low Risk),< 1 Miliar,Di Atas VWAP (Kuat),Netral,Gorengan Sepi (< 5M),Normal (50-150%),Sideways,Solid (Jarang Dibanting),Normal,Sideways / Stagnan,TP: 51 | CL: 49,Normal,Di Area Support,Oversold (Jenuh Jual - Peluang),Netral / Sepi Berita,Normal / Sedang Transisi,Golden Rebound Fibo Bottom / 100% 🎯,1,WAIT & SEE,TIDAK ADA,2026-08-20 16:40:00,Biasa / Mengikuti Pasar
16:40,LABA,Token Mati (Perlu Update),Small Cap (Lapis 3),Undervalued (Murah),3.522881,1.1758837,99.0,94,90,108,-1.9801980198019802,25494600,Tembus MA20,60,Negatif,Uptrend,Bullish,Strong Bullish,Perfect Uptrend (5>20>50),Normal,Akumulasi (Naik),Normal,Dominan Jual (Guyur),Normal,Sedang,Normal,Rawan Pucuk (High Risk),> 1 Miliar,Persis di VWAP,Akumulasi Pro (Smart Money),Gorengan Sepi (< 5M),Anomali Tinggi (150-300%),Mark-Up (Fase Pesta),Spesialis Tiang Jemuran (Banting Pucuk),Normal,Turun 1 Hari Beruntun,TP: 105 | CL: 94,Normal,Menengah (1:1),Netral / Sideways,Sentimen Positif 📰,Normal / Sedang Transisi,Mendekati Fibo 38.2%,7,BELI,TIDAK ADA,2026-08-20 16:40:00,Biasa / Mengikuti Pasar
16:40,ARCI,Token Mati (Perlu Update),Big Cap (Lapis 1),Overvalued (Mahal),15.796703,86249.99,1395.0,1168,1020,1425,7.307692307692308,94618600,Tembus MA20,73,Positif,Uptrend,Bullish,Strong Bullish,Perfect Uptrend (5>20>50),Akumulasi Kuat,Akumulasi (Naik),Gap Up (+5.8%),Seimbang / Adu Mekanik,Breakout Upper,Tinggi,Normal,Rawan Pucuk (High Risk),> 1 Miliar,Di Atas VWAP (Kuat),Akumulasi Pro (Smart Money),Sultan (> 50M/hari),Anomali Tinggi (150-300%),Mark-Up (Fase Pesta),Spesialis Tiang Jemuran (Banting Pucuk),Normal,Naik 1 Hari Beruntun,TP: 1506 | CL: 1320,Normal,Tidak Ideal (< 1:1),Overbought (Jenuh Beli - Rawan),Sentimen Positif 📰,Normal / Sedang Transisi,Mengambang (Jauh dari Fibo),10,BELI,TIDAK ADA,2026-08-20 16:40:00,Biasa / Mengikuti Pasar
16:40,IPAC,Token Mati (Perlu Update),Small Cap (Lapis 3),Overvalued (Mahal),48.391315,4.998919,185.0,166,147,190,5.113636363636364,404800,Tembus MA20,67,Positif,Uptrend,Bullish,Strong Bullish,Perfect Uptrend (5>20>50),Akumulasi Kuat,Akumulasi (Naik),Normal,Seimbang / Adu Mekanik,Breakout Upper,Tinggi,Normal,Rawan Pucuk (High Risk),< 1 Miliar,Di Atas VWAP (Kuat),Akumulasi Pro (Smart Money),Gorengan Sepi (< 5M),Anomali Tinggi (150-300%),Mark-Up (Fase Pesta),Spesialis Tiang Jemuran (Banting Pucuk),Normal,Naik 3 Hari Beruntun,TP: 204 | CL: 172,Normal,Tidak Ideal (< 1:1),Netral / Sideways,Netral / Sepi Berita,Normal / Sedang Transisi,Mengambang (Jauh dari Fibo),8,BELI,TIDAK ADA,2026-08-20 16:40:00,Biasa / Mengikuti Pasar
16:40,MASB,Token Mati (Perlu Update),Mid Cap (Lapis 2),Fair Value (Wajar),22.255877,1.150166,3380.0,3386,3100,3400,-0.2949852507374631,5000,Normal,49,Negatif,Downtrend,Golden Cross,Strong Bearish,Perfect Uptrend (5>20>50),Normal,Akumulasi (Naik),Normal,Tidak Ada Transaksi,Squeeze,Rendah,Doji (Ragu-ragu),Area Tengah,< 1 Miliar,Persis di VWAP,Akumulasi Pro (Smart Money),Gorengan Sepi (< 5M),Normal (50-150%),Distribution (Fase Jualan),Solid (Jarang Dibanting),Normal,Turun 1 Hari Beruntun,TP: 3468 | CL: 3320,Normal,Tidak Ideal (< 1:1),Overbought (Jenuh Beli - Rawan),Netral / Sepi Berita,Normal / Sedang Transisi,Dekat Support Fibo 38.2%,2,WAIT & SEE,TIDAK ADA,2026-08-20 16:40:00,Biasa / Mengikuti Pasar
16:40,BMHS,Token Mati (Perlu Update),Mid Cap (Lapis 2),Fair Value (Wajar),0.0,0.8371945,189.0,187,174,199,0.0,636000,Normal,59,Negatif,Uptrend,Bullish,Bearish MACD,Perfect Uptrend (5>20>50),Normal,Distribusi (Turun),Normal,Dominan Beli (Hajar Kanan),Normal,Sedang,Hammer (Potensi Reversal),Area Tengah,< 1 Miliar,Persis di VWAP,Akumulasi Pro (Smart Money),Gorengan Sepi (< 5M),Normal (50-150%),Mark-Up (Fase Pesta),Normal,Jarum Bawah (Sinyal Pantulan Kuat),Sideways / Stagnan,TP: 197 | CL: 183,Open = High (Tekanan Jual),Tidak Ideal (< 1:1),Death Cross (Awal Bearish),Sentimen Positif 📰,Normal / Sedang Transisi,Golden Rebound Fibo 23.6% 🎯,5,WAIT & SEE,TIDAK ADA,2026-08-20 16:40:00,Biasa / Mengikuti Pasar
16:40,FLMC,Token Mati (Perlu Update),Small Cap (Lapis 3),Overvalued (Mahal),5.021387,4.7471137,81.0,75,66,86,5.194805194805195,2370000,Normal,63,Positif,Uptrend,Bullish,Strong Bullish,Perfect Uptrend (5>20>50),Normal,Akumulasi (Naik),Normal,Dominan Beli (Hajar Kanan),Normal,Tinggi,Marubozu (Strong Bullish),Rawan Pucuk (High Risk),< 1 Miliar,Di Atas VWAP (Kuat),Akumulasi Pro (Smart Money),Gorengan Sepi (< 5M),Normal (50-150%),Mark-Up (Fase Pesta),Normal,Normal,Naik 2 Hari Beruntun,TP: 88 | CL: 76,Open = Low (Bullish Kuat),Tidak Ideal (< 1:1),Netral / Sideways,Sentimen Positif 📰,Normal / Sedang Transisi,Mengambang (Jauh dari Fibo),8,BELI,TIDAK ADA,2026-08-20 16:40:00,Biasa / Mengikuti Pasar
16:40,NICL,Token Mati (Perlu Update),Mid Cap (Lapis 2),Overvalued (Mahal),46.850395,6.08976,478.0,476,440,555,3.463203463203463,26751400,Tembus MA20,48,Positif,Uptrend,Bearish,Bullish MACD,Strong Downtrend (5<20<50),Normal,Akumulasi (Naik),Normal,Dominan Beli (Hajar Kanan),Normal,Sedang,Normal,Area Tengah,> 1 Miliar,Di Atas VWAP (Kuat),Akumulasi Pro (Smart Money),Ritel Aktif (5M - 50M),Normal (50-150%),Accumulation (Kumpul Barang),Normal,Normal,Naik 1 Hari Beruntun,TP: 506 | CL: 459,Normal,Ideal (1:2),Netral / Sideways,Sentimen Positif 📰,Normal / Sedang Transisi,Mendekati Fibo 78.6%,7,BELI,TIDAK ADA,2026-08-20 16:40:00,Biasa / Mengikuti Pasar
16:40,UVCR,Token Mati (Perlu Update),Small Cap (Lapis 3),Overvalued (Mahal),41.449276,2.6513395,142.0,148,129,168,-0.6993006993006993,39642100,Tembus MA20,43,Negatif,Downtrend,Bearish,Strong Bearish,Strong Downtrend (5<20<50),Normal,Distribusi (Turun),Normal,Dominan Jual (Guyur),Normal,Sedang,Normal,Rawan Pucuk (High Risk),> 1 Miliar,Persis di VWAP,Distribusi Pro (Guyuran),Gorengan Sepi (< 5M),Normal (50-150%),Mark-Down (Fase Runtuh),Normal,Normal,Turun 1 Hari Beruntun,TP: 152 | CL: 135,Normal,Ideal (1:2),Golden Cross (Awal Bullish),Sentimen Positif 📰,Normal / Sedang Transisi,Mengambang (Jauh dari Fibo),2,WAIT & SEE,TIDAK ADA,2026-08-20 16:40:00,Biasa / Mengikuti Pasar
16:40,BUKA,Token Mati (Perlu Update),Big Cap (Lapis 1),Undervalued (Murah),6.3215256,0.43842408,115.0,117,110,125,0.0,177452400,Tembus MA20,52,Negatif,Downtrend,Bearish,Bearish MACD,Konsolidasi / Transisi,Normal,Distribusi (Turun),Normal,Seimbang / Adu Mekanik,Squeeze,Rendah,Normal,Area Tengah,> 1 Miliar,Di Atas VWAP (Kuat),Akumulasi Pro (Smart Money),Ritel Aktif (5M - 50M),Anomali Tinggi (150-300%),Distribution (Fase Jualan),Normal,Normal,Sideways / Stagnan,TP: 121 | CL: 110,Normal,Ideal (1:2),Netral / Sideways,Sentimen Positif 📰,Normal / Sedang Transisi,Dekat Support Fibo 50.0%,3,WAIT & SEE,TIDAK ADA,2026-08-20 16:40:00,Biasa / Mengikuti Pasar
16:40,HAIS,Token Mati (Perlu Update),Small Cap (Lapis 3),Undervalued (Murah),8.478919,0.6133274,182.0,182,177,191,0.0,322800,Normal,51,Negatif,Downtrend,Bearish,Bearish MACD,Konsolidasi / Transisi,Normal,Distribusi (Turun),Normal,Dominan Jual (Guyur),Squeeze,Rendah,Normal,Dekat Support (Low Risk),< 1 Miliar,Persis di VWAP,Distribusi Pro (Guyuran),Gorengan Sepi (< 5M),Normal (50-150%),Distribution (Fase Jualan),Spesialis Tiang Jemuran (Banting Pucuk),Normal,Sideways / Stagnan,TP: 190 | CL: 176,Normal,Ideal (1:2),Netral / Sideways,Sentimen Positif 📰,Normal / Sedang Transisi,Mendekati Fibo 38.2%,2,WAIT & SEE,TIDAK ADA,2026-08-20 16:40:00,Biasa / Mengikuti Pasar
16:40,OILS,Token Mati (Perlu Update),Small Cap (Lapis 3),Fair Value (Wajar),0.0,1.0435184,226.0,230,210,280,0.0,2742800,Normal,53,Negatif,Downtrend,Bearish,Bearish MACD,Konsolidasi / Transisi,Normal,Akumulasi (Naik),Normal,Seimbang / Adu Mekanik,Normal,Sedang,Normal,Area Tengah,< 1 Miliar,Persis di VWAP,Distribusi Pro (Guyuran),Gorengan Sepi (< 5M),Normal (50-150%),Distribution (Fase Jualan),Spesialis Tiang Jemuran (Banting Pucuk),Normal,Sideways / Stagnan,TP: 239 | CL: 216,Open = Low (Bullish Kuat),Sangat Menarik (> 1:3),Netral / Sideways,Sentimen Positif 📰,Supply Kering (Siap Pump) 🏜️,Golden Rebound Fibo 38.2% 🎯,3,WAIT & SEE,TIDAK ADA,2026-08-20 16:40:00,Biasa / Mengikuti Pasar
16:40,GPSO,Token Mati (Perlu Update),Small Cap (Lapis 3),Overvalued (Mahal),0.0,4.7806745,302.0,291,270,356,2.027027027027027,43629800,Normal,49,Positif,Uptrend,Bearish,Bullish MACD,Strong Downtrend (5<20<50),Normal,Akumulasi (Naik),Normal,Seimbang / Adu Mekanik,Normal,Tinggi,Normal,Rawan Pucuk (High Risk),> 1 Miliar,Di Atas VWAP (Kuat),Akumulasi Pro (Smart Money),Ritel Aktif (5M - 50M),Normal (50-150%),Accumulation (Kumpul Barang),Spesialis Tiang Jemuran (Banting Pucuk),Normal,Naik 3 Hari Beruntun,TP: 327 | CL: 285,Normal,Ideal (1:2),Netral / Sideways,Sentimen Positif 📰,Normal / Sedang Transisi,Mengambang (Jauh dari Fibo),5,WAIT & SEE,TIDAK ADA,2026-08-20 16:40:00,Biasa / Mengikuti Pasar
16:40,MCOL,Token Mati (Perlu Update),Big Cap (Lapis 1),Overvalued (Mahal),9.253976,23910.256,3730.0,3732,3500,3870,-0.7978723404255319,20200,Normal,48,Negatif,Downtrend,Bullish,Bullish MACD,Awal Reversal (5>20),Normal,Distribusi (Turun),Normal,Seimbang / Adu Mekanik,Squeeze,Rendah,Normal,Area Tengah,< 1 Miliar,Persis di VWAP,Akumulasi Pro (Smart Money),Gorengan Sepi (< 5M),Normal (50-150%),Mark-Down (Fase Runtuh),Spesialis Tiang Jemuran (Banting Pucuk),Normal,Turun 2 Hari Beruntun,TP: 3861 | CL: 3642,Open = High (Tekanan Jual),Tidak Ideal (< 1:1),Netral / Sideways,Sentimen Positif 📰,Normal / Sedang Transisi,Dekat Support Fibo 38.2%,3,WAIT & SEE,TIDAK ADA,2026-08-20 16:40:00,Biasa / Mengikuti Pasar
16:40,RSGK,Token Mati (Perlu Update),Small Cap (Lapis 3),Overvalued (Mahal),25.564318,1.0308001,940.0,959,890,1150,-1.0526315789473684,8600,Normal,45,Negatif,Downtrend,Bearish,Strong Bearish,Strong Downtrend (5<20<50),Normal,Akumulasi (Naik),Normal,Seimbang / Adu Mekanik,Normal,Sedang,Normal,Area Tengah,< 1 Miliar,Di Bawah VWAP (Lemah),Akumulasi Pro (Smart Money),Gorengan Sepi (< 5M),Sepi (< 50%),Mark-Down (Fase Runtuh),Normal,Normal,Turun 2 Hari Beruntun,TP: 1011 | CL: 892,Open = High (Tekanan Jual),Sangat Menarik (> 1:3),Netral / Sideways,Netral / Sepi Berita,Normal / Sedang Transisi,Mengambang (Jauh dari Fibo),1,WAIT & SEE,TIDAK ADA,2026-08-20 16:40:00,Biasa / Mengikuti Pasar
16:40,RUNS,Token Mati (Perlu Update),Small Cap (Lapis 3),Fair Value (Wajar),0.0,1.161636,62.0,63,59,73,-1.5873015873015872,1399500,Tembus MA20,39,Negatif,Downtrend,Bearish,Bullish MACD,Strong Downtrend (5<20<50),Normal,Distribusi (Turun),Normal,Dominan Beli (Hajar Kanan),Normal,Sedang,Hammer (Potensi Reversal),Area Tengah,< 1 Miliar,Persis di VWAP,Akumulasi Pro (Smart Money),Gorengan Sepi (< 5M),Anomali Tinggi (150-300%),Mark-Down (Fase Runtuh),Normal,Jarum Bawah (Sinyal Pantulan Kuat),Turun 1 Hari Beruntun,TP: 66 | CL: 59,Open = High (Tekanan Jual),Sangat Menarik (> 1:3),Netral / Sideways,Netral / Sepi Berita,Normal / Sedang Transisi,Mengambang (Jauh dari Fibo),3,WAIT & SEE,TIDAK ADA,2026-08-20 16:40:00,Biasa / Mengikuti Pasar
16:40,SBMA,Token Mati (Perlu Update),Small Cap (Lapis 3),Undervalued (Murah),9.140149,0.4200733,108.0,107,100,120,-1.8181818181818181,406500,Normal,51,Negatif,Uptrend,Bullish,Strong Bullish,Awal Reversal (5>20),Normal,Akumulasi (Naik),Normal,Seimbang / Adu Mekanik,Squeeze,Rendah,Normal,Area Tengah,< 1 Miliar,Persis di VWAP,Akumulasi Pro (Smart Money),Gorengan Sepi (< 5M),Sepi (< 50%),Accumulation (Kumpul Barang),Normal,Normal,Turun 1 Hari Beruntun,TP: 115 | CL: 103,Open = High (Tekanan Jual),Ideal (1:2),Netral / Sideways,Sentimen Positif 📰,Normal / Sedang Transisi,Mendekati Fibo 50.0%,6,WAIT & SEE,TIDAK ADA,2026-08-20 16:40:00,Biasa / Mengikuti Pasar
16:40,CMNT,Token Mati (Perlu Update),Big Cap (Lapis 1),Overvalued (Mahal),0.0,6.0322323,795.0,796,750,835,0.6329113924050633,16482600,Normal,51,Positif,Downtrend,Bearish,Strong Bearish,Konsolidasi / Transisi,Normal,Akumulasi (Naik),Normal,Dominan Beli (Hajar Kanan),Squeeze,Rendah,Doji (Ragu-ragu),Area Tengah,> 1 Miliar,Persis di VWAP,Distribusi Pro (Guyuran),Ritel Aktif (5M - 50M),Normal (50-150%),Distribution (Fase Jualan),Normal,Jarum Bawah (Sinyal Pantulan Kuat),Naik 2 Hari Beruntun,TP: 833 | CL: 769,Normal,Tidak Ideal (< 1:1),Golden Cross (Awal Bullish),Sentimen Positif 📰,Normal / Sedang Transisi,Golden Rebound Fibo 50.0% 🎯,5,WAIT & SEE,TIDAK ADA,2026-08-20 16:40:00,Biasa / Mengikuti Pasar
16:40,GTSI,Token Mati (Perlu Update),Mid Cap (Lapis 2),Overvalued (Mahal),0.0,62666.668,188.0,169,135,199,-0.5291005291005291,45358600,Normal,63,Negatif,Uptrend,Bullish,Strong Bullish,Perfect Uptrend (5>20>50),Normal,Akumulasi (Naik),Normal,Dominan Jual (Guyur),Normal,Tinggi,Normal,Rawan Pucuk (High Risk),> 1 Miliar,Di Atas VWAP (Kuat),Distribusi Pro (Guyuran),Ritel Aktif (5M - 50M),Normal (50-150%),Mark-Up (Fase Pesta),Spesialis Tiang Jemuran (Banting Pucuk),Normal,Turun 1 Hari Beruntun,TP: 208 | CL: 174,Normal,Tidak Ideal (< 1:1),Overbought (Jenuh Beli - Rawan),Sentimen Positif 📰,Normal / Sedang Transisi,Mengambang (Jauh dari Fibo),6,WAIT & SEE,TIDAK ADA,2026-08-20 16:40:00,Biasa / Mengikuti Pasar
16:40,IDEA,Token Mati (Perlu Update),Small Cap (Lapis 3),Overvalued (Mahal),28.767122,1.0657374,62.0,63,56,72,3.3333333333333335,4063700,Tembus MA20,47,Positif,Downtrend,Bearish,Strong Bearish,Konsolidasi / Transisi,Normal,Distribusi (Turun),Normal,Dominan Beli (Hajar Kanan),Normal,Tinggi,Normal,Rawan Pucuk (High Risk),< 1 Miliar,Persis di VWAP,Akumulasi Pro (Smart Money),Gorengan Sepi (< 5M),Normal (50-150%),Distribution (Fase Jualan),Normal,Normal,Naik 1 Hari Beruntun,TP: 69 | CL: 57,Open = Low (Bullish Kuat),Ideal (1:2),Netral / Sideways,Netral / Sepi Berita,Normal / Sedang Transisi,Mendekati Fibo 50.0%,3,WAIT & SEE,TIDAK ADA,2026-08-20 16:40:00,Biasa / Mengikuti Pasar
16:40,KUAS,Token Mati (Perlu Update),Small Cap (Lapis 3),Fair Value (Wajar),16.550201,0.6805704,91.0,91,86,98,1.1111111111111112,8268000,Normal,49,Positif,Downtrend,Bearish,Bearish MACD,Konsolidasi / Transisi,Normal,Distribusi (Turun),Normal,Seimbang / Adu Mekanik,Squeeze,Rendah,Normal,Area Tengah,< 1 Miliar,Persis di VWAP,Distribusi Pro (Guyuran),Gorengan Sepi (< 5M),Normal (50-150%),Distribution (Fase Jualan),Normal,Normal,Naik 1 Hari Beruntun,TP: 95 | CL: 88,Normal,Menengah (1:1),Netral / Sideways,Sentimen Positif 📰,Normal / Sedang Transisi,Dekat Support Fibo 78.6%,2,WAIT & SEE,TIDAK ADA,2026-08-20 16:40:00,Biasa / Mengikuti Pasar
16:40,BOBA,Token Mati (Perlu Update),Small Cap (Lapis 3),Undervalued (Murah),12.259814,1.4216098,208.0,219,204,244,-0.9523809523809524,841200,Normal,34,Negatif,Downtrend,Bearish,Bullish MACD,Strong Downtrend (5<20<50),Normal,Akumulasi (Naik),Normal,Dominan Jual (Guyur),Normal,Tinggi,Normal,Dekat Support (Low Risk),< 1 Miliar,Di Bawah VWAP (Lemah),Distribusi Pro (Guyuran),Gorengan Sepi (< 5M),Normal (50-150%),Mark-Down (Fase Runtuh),Spesialis Tiang Jemuran (Banting Pucuk),Normal,Turun 2 Hari Beruntun,TP: 225 | CL: 196,Open = High (Tekanan Jual),Sangat Menarik (> 1:3),Netral / Sideways,Sentimen Positif 📰,Normal / Sedang Transisi,Dekat Support Fibo Bottom / 100%,3,WAIT & SEE,TIDAK ADA,2026-08-20 16:40:00,Biasa / Mengikuti Pasar
16:40,MTEL,Token Mati (Perlu Update),Big Cap (Lapis 1),Fair Value (Wajar),16.284233,1.0591283,440.0,443,418,462,0.0,16816500,Normal,44,Negatif,Downtrend,Bearish,Bullish MACD,Strong Downtrend (5<20<50),Normal,Akumulasi (Naik),Normal,Dominan Beli (Hajar Kanan),Normal,Sedang,Doji (Ragu-ragu),Area Tengah,> 1 Miliar,Di Atas VWAP (Kuat),Akumulasi Pro (Smart Money),Ritel Aktif (5M - 50M),Normal (50-150%),Mark-Down (Fase Runtuh),Normal,Jarum Bawah (Sinyal Pantulan Kuat),Sideways / Stagnan,TP: 453 | CL: 431,Normal,Menengah (1:1),Netral / Sideways,Sentimen Positif 📰,Normal / Sedang Transisi,Golden Rebound Fibo 78.6% 🎯,4,WAIT & SEE,TIDAK ADA,2026-08-20 16:40:00,Biasa / Mengikuti Pasar
16:40,DEPO,Token Mati (Perlu Update),Mid Cap (Lapis 2),Fair Value (Wajar),21.76521,1.2404221,254.0,243,230,276,1.6,551400,Normal,58,Positif,Uptrend,Bullish,Strong Bullish,Awal Reversal (5>20),Normal,Akumulasi (Naik),Normal,Dominan Beli (Hajar Kanan),Squeeze,Rendah,Normal,Rawan Pucuk (High Risk),< 1 Miliar,Persis di VWAP,Distribusi Pro (Guyuran),Gorengan Sepi (< 5M),Sepi (< 50%),Accumulation (Kumpul Barang),Spesialis Tiang Jemuran (Banting Pucuk),Jarum Bawah (Sinyal Pantulan Kuat),Naik 3 Hari Beruntun,TP: 269 | CL: 243,Normal,Tidak Ideal (< 1:1),Golden Cross (Awal Bullish),Sentimen Positif 📰,Normal / Sedang Transisi,Mendekati Fibo 78.6%,8,BELI,TIDAK ADA,2026-08-20 16:40:00,Biasa / Mengikuti Pasar
16:40,BINO,Token Mati (Perlu Update),Small Cap (Lapis 3),Fair Value (Wajar),20.557741,0.63682276,115.0,111,104,129,2.6785714285714284,1306300,Normal,65,Positif,Uptrend,Bullish,Bearish MACD,Perfect Uptrend (5>20>50),Normal,Akumulasi (Naik),Normal,Seimbang / Adu Mekanik,Normal,Sedang,Normal,Rawan Pucuk (High Risk),< 1 Miliar,Di Atas VWAP (Kuat),Distribusi Pro (Guyuran),Gorengan Sepi (< 5M),Normal (50-150%),Mark-Up (Fase Pesta),Spesialis Tiang Jemuran (Banting Pucuk),Normal,Naik 1 Hari Beruntun,TP: 122 | CL: 109,Normal,Menengah (1:1),Golden Cross (Awal Bullish),Sentimen Negatif ⚠️,Normal / Sedang Transisi,Mendekati Fibo 38.2%,5,WAIT & SEE,TIDAK ADA,2026-08-20 16:40:00,Biasa / Mengikuti Pasar
16:40,CMRY,Token Mati (Perlu Update),Big Cap (Lapis 1),Overvalued (Mahal),16.700186,5.151196,4650.0,4646,4520,4810,0.8676789587852495,1635600,Normal,52,Positif,Uptrend,Bullish,Bearish MACD,Perfect Uptrend (5>20>50),Normal,Akumulasi (Naik),Normal,Seimbang / Adu Mekanik,Squeeze,Rendah,Normal,Dekat Support (Low Risk),> 1 Miliar,Persis di VWAP,Akumulasi Pro (Smart Money),Ritel Aktif (5M - 50M),Normal (50-150%),Mark-Up (Fase Pesta),Spesialis Tiang Jemuran (Banting Pucuk),Normal,Naik 1 Hari Beruntun,TP: 4817 | CL: 4538,Normal,Menengah (1:1),Golden Cross (Awal Bullish),Sentimen Positif 📰,Normal / Sedang Transisi,Dekat Support Fibo 23.6%,6,WAIT & SEE,TIDAK ADA,2026-08-20 16:40:00,Biasa / Mengikuti Pasar
16:40,WGSH,Token Mati (Perlu Update),Small Cap (Lapis 3),Overvalued (Mahal),29.243698,5.597375,175.0,165,127,208,1.744186046511628,13821700,Normal,58,Positif,Uptrend,Bullish,Bearish MACD,Perfect Uptrend (5>20>50),Normal,Distribusi (Turun),Gap Up (+2.9%),Dominan Beli (Hajar Kanan),Normal,Tinggi,Hammer (Potensi Reversal),Rawan Pucuk (High Risk),> 1 Miliar,Di Bawah VWAP (Lemah),Distribusi Pro (Guyuran),Gorengan Sepi (< 5M),Normal (50-150%),Mark-Up (Fase Pesta),Normal,Jarum Bawah (Sinyal Pantulan Kuat),Naik 1 Hari Beruntun,TP: 197 | CL: 159,Open = High (Tekanan Jual),Tidak Ideal (< 1:1),Netral / Sideways,Sentimen Negatif ⚠️,Normal / Sedang Transisi,Mengambang (Jauh dari Fibo),6,WAIT & SEE,TIDAK ADA,2026-08-20 16:40:00,Biasa / Mengikuti Pasar
16:40,TAYS,Token Mati (Perlu Update),Small Cap (Lapis 3),Undervalued (Murah),8.343067,1.2359105,50.0,50,50,50,0.0,0,Normal,13,Negatif,Downtrend,Bearish,Bullish MACD,Konsolidasi / Transisi,Normal,Netral,Normal,Tidak Ada Transaksi,Squeeze,Rendah,Doji (Ragu-ragu),Dekat Support (Low Risk),< 1 Miliar,Di Atas VWAP (Kuat),Netral,Gorengan Sepi (< 5M),Normal (50-150%),Sideways,Solid (Jarang Dibanting),Normal,Sideways / Stagnan,TP: 51 | CL: 49,Normal,Di Area Support,Oversold (Jenuh Jual - Peluang),Netral / Sepi Berita,Normal / Sedang Transisi,Golden Rebound Fibo Bottom / 100% 🎯,1,WAIT & SEE,TIDAK ADA,2026-08-20 16:40:00,Biasa / Mengikuti Pasar
16:40,ADMR,Token Mati (Perlu Update),Big Cap (Lapis 1),Overvalued (Mahal),13.337543,42250.0,1700.0,1570,1420,1740,3.9755351681957185,27428000,Normal,63,Positif,Uptrend,Bullish,Strong Bullish,Perfect Uptrend (5>20>50),Normal,Distribusi (Turun),Normal,Dominan Beli (Hajar Kanan),Normal,Tinggi,Normal,Rawan Pucuk (High Risk),> 1 Miliar,Di Atas VWAP (Kuat),Distribusi Pro (Guyuran),Sultan (> 50M/hari),Normal (50-150%),Mark-Up (Fase Pesta),Spesialis Tiang Jemuran (Banting Pucuk),Normal,Naik 1 Hari Beruntun,TP: 1796 | CL: 1635,Normal,Tidak Ideal (< 1:1),Netral / Sideways,Sentimen Negatif ⚠️,Normal / Sedang Transisi,Mendekati Fibo 23.6%,6,WAIT & SEE,TIDAK ADA,2026-08-20 16:40:00,Biasa / Mengikuti Pasar
16:40,SEMA,Token Mati (Perlu Update),Small Cap (Lapis 3),Undervalued (Murah),5.666533,0.8162121,99.0,97,93,110,1.0204081632653061,255000,Normal,56,Positif,Uptrend,Bearish,Bearish MACD,Konsolidasi / Transisi,Normal,Distribusi (Turun),Normal,Seimbang / Adu Mekanik,Squeeze,Rendah,Normal,Area Tengah,< 1 Miliar,Di Atas VWAP (Kuat),Distribusi Pro (Guyuran),Gorengan Sepi (< 5M),Normal (50-150%),Mark-Up (Fase Pesta),Spesialis Tiang Jemuran (Banting Pucuk),Normal,Naik 3 Hari Beruntun,TP: 103 | CL: 96,Normal,Ideal (1:2),Netral / Sideways,Sentimen Positif 📰,Supply Kering (Siap Pump) 🏜️,Golden Rebound Fibo 38.2% 🎯,4,WAIT & SEE,TIDAK ADA,2026-08-20 16:40:00,Biasa / Mengikuti Pasar
16:40,ASLC,Token Mati (Perlu Update),Small Cap (Lapis 3),Overvalued (Mahal),25.099602,1.0597854,63.0,63,59,69,3.278688524590164,15959800,Tembus MA20,51,Positif,Downtrend,Bearish,Strong Bearish,Konsolidasi / Transisi,Normal,Distribusi (Turun),Normal,Seimbang / Adu Mekanik,Normal,Sedang,Normal,Area Tengah,> 1 Miliar,Di Atas VWAP (Kuat),Akumulasi Pro (Smart Money),Gorengan Sepi (< 5M),Anomali Tinggi (150-300%),Distribution (Fase Jualan),Solid (Jarang Dibanting),Normal,Naik 1 Hari Beruntun,TP: 66 | CL: 60,Normal,Ideal (1:2),Netral / Sideways,Sentimen Positif 📰,Normal / Sedang Transisi,Dekat Support Fibo 50.0%,4,WAIT & SEE,TIDAK ADA,2026-08-20 16:40:00,Biasa / Mengikuti Pasar
16:40,NETV,Token Mati (Perlu Update),Mid Cap (Lapis 2),Overvalued (Mahal),0.0,5.6717086,50.0,51,50,59,-1.9607843137254901,114395100,Tembus MA20,42,Negatif,Downtrend,Death Cross,Bullish MACD,Strong Downtrend (5<20<50),Normal,Distribusi (Turun),Normal,Dominan Jual (Guyur),Squeeze,Rendah,Normal,Dekat Support (Low Risk),> 1 Miliar,Di Bawah VWAP (Lemah),Distribusi Pro (Guyuran),Gorengan Sepi (< 5M),Normal (50-150%),Mark-Down (Fase Runtuh),Normal,Normal,Turun 2 Hari Beruntun,TP: 53 | CL: 47,Open = High (Tekanan Jual),Di Area Support,Oversold (Jenuh Jual - Peluang),Netral / Sepi Berita,Normal / Sedang Transisi,Golden Rebound Fibo Bottom / 100% 🎯,2,WAIT & SEE,TIDAK ADA,2026-08-20 16:40:00,Biasa / Mengikuti Pasar
16:40,BAUT,Token Mati (Perlu Update),Small Cap (Lapis 3),Fair Value (Wajar),0.0,1.1155926,39.0,32,26,39,5.405405405405405,7459300,Tembus MA20,72,Positif,Uptrend,Bullish,Strong Bullish,Perfect Uptrend (5>20>50),Normal,Akumulasi (Naik),Normal,Dominan Beli (Hajar Kanan),Normal,Tinggi,Normal,Rawan Pucuk (High Risk),< 1 Miliar,Di Atas VWAP (Kuat),Akumulasi Pro (Smart Money),Gorengan Sepi (< 5M),Normal (50-150%),Mark-Up (Fase Pesta),Solid (Jarang Dibanting),Normal,Naik 1 Hari Beruntun,TP: 41 | CL: 37,Normal,Tidak Ideal (< 1:1),Overbought (Jenuh Beli - Rawan),Netral / Sepi Berita,Normal / Sedang Transisi,Mengambang (Jauh dari Fibo),8,BELI,TIDAK ADA,2026-08-20 16:40:00,Biasa / Mengikuti Pasar
16:40,ENAK,Token Mati (Perlu Update),Small Cap (Lapis 3),Fair Value (Wajar),0.0,2.8969333,248.0,245,228,304,1.639344262295082,853500,Normal,49,Positif,Uptrend,Bearish,Bullish MACD,Strong Downtrend (5<20<50),Normal,Akumulasi (Naik),Normal,Seimbang / Adu Mekanik,Normal,Tinggi,Normal,Area Tengah,< 1 Miliar,Persis di VWAP,Distribusi Pro (Guyuran),Gorengan Sepi (< 5M),Normal (50-150%),Accumulation (Kumpul Barang),Spesialis Tiang Jemuran (Banting Pucuk),Normal,Naik 1 Hari Beruntun,TP: 272 | CL: 232,Normal,Ideal (1:2),Golden Cross (Awal Bullish),Netral / Sepi Berita,Normal / Sedang Transisi,Mengambang (Jauh dari Fibo),4,WAIT & SEE,TIDAK ADA,2026-08-20 16:40:00,Biasa / Mengikuti Pasar
16:40,NTBK,Token Mati (Perlu Update),Small Cap (Lapis 3),Overvalued (Mahal),375.0,2.4361243,83.0,89,79,103,2.4691358024691357,104148000,Tembus MA20,45,Positif,Downtrend,Bearish,Strong Bearish,Konsolidasi / Transisi,Normal,Akumulasi (Naik),Normal,Seimbang / Adu Mekanik,Normal,Tinggi,Normal,Area Tengah,> 1 Miliar,Persis di VWAP,Distribusi Pro (Guyuran),Gorengan Sepi (< 5M),Anomali Tinggi (150-300%),Distribution (Fase Jualan),Spesialis Tiang Jemuran (Banting Pucuk),Normal,Naik 1 Hari Beruntun,TP: 90 | CL: 77,Normal,Sangat Menarik (> 1:3),Golden Cross (Awal Bullish),Sentimen Positif 📰,Normal / Sedang Transisi,Dekat Support Fibo 50.0%,4,WAIT & SEE,TIDAK ADA,2026-08-20 16:40:00,Biasa / Mengikuti Pasar
16:40,SMKM,Token Mati (Perlu Update),Small Cap (Lapis 3),Undervalued (Murah),7.2199683,0.63659513,105.0,79,64,111,0.9615384615384616,9608100,Tembus MA20,86,Positif,Uptrend,Bullish,Strong Bullish,Perfect Uptrend (5>20>50),Normal,Akumulasi (Naik),Normal,Dominan Beli (Hajar Kanan),Normal,Tinggi,Doji (Ragu-ragu),Rawan Pucuk (High Risk),> 1 Miliar,Di Atas VWAP (Kuat),Akumulasi Pro (Smart Money),Gorengan Sepi (< 5M),Normal (50-150%),Mark-Up (Fase Pesta),Spesialis Tiang Jemuran (Banting Pucuk),Jarum Bawah (Sinyal Pantulan Kuat),Naik 3 Hari Beruntun,TP: 117 | CL: 97,Normal,Tidak Ideal (< 1:1),Overbought (Jenuh Beli - Rawan),Sentimen Positif 📰,Normal / Sedang Transisi,Mengambang (Jauh dari Fibo),9,BELI,TIDAK ADA,2026-08-20 16:40:00,Biasa / Mengikuti Pasar
16:40,STAA,Token Mati (Perlu Update),Big Cap (Lapis 1),Fair Value (Wajar),7.7761025,1.9275774,1135.0,1084,1025,1145,3.65296803652968,8594200,Tembus MA20,66,Positif,Uptrend,Golden Cross,Strong Bullish,Perfect Uptrend (5>20>50),Normal,Akumulasi (Naik),Normal,Dominan Beli (Hajar Kanan),Squeeze,Rendah,Normal,Rawan Pucuk (High Risk),> 1 Miliar,Di Atas VWAP (Kuat),Akumulasi Pro (Smart Money),Ritel Aktif (5M - 50M),Anomali Tinggi (150-300%),Mark-Up (Fase Pesta),Normal,Normal,Naik 4 Hari Beruntun,TP: 1179 | CL: 1105,Open = Low (Bullish Kuat),Tidak Ideal (< 1:1),Netral / Sideways,Sentimen Positif 📰,Normal / Sedang Transisi,Mendekati Fibo 23.6%,9,BELI,TIDAK ADA,2026-08-20 16:40:00,Biasa / Mengikuti Pasar
16:40,NANO,Token Mati (Perlu Update),Small Cap (Lapis 3),Undervalued (Murah),12.269938,0.8055989,33.0,30,27,36,10.0,46339400,Normal,59,Positif,Uptrend,Bullish,Strong Bullish,Perfect Uptrend (5>20>50),Normal,Akumulasi (Naik),Normal,Dominan Beli (Hajar Kanan),Normal,Tinggi,Marubozu (Strong Bullish),Rawan Pucuk (High Risk),> 1 Miliar,Di Atas VWAP (Kuat),Akumulasi Pro (Smart Money),Gorengan Sepi (< 5M),Normal (50-150%),Mark-Up (Fase Pesta),Normal,Normal,Naik 1 Hari Beruntun,TP: 36 | CL: 30,Open = Low (Bullish Kuat),Tidak Ideal (< 1:1),Netral / Sideways,Netral / Sepi Berita,Normal / Sedang Transisi,Mendekati Fibo 38.2%,7,BELI,TIDAK ADA,2026-08-20 16:40:00,Biasa / Mengikuti Pasar
16:40,BIKE,Token Mati (Perlu Update),Small Cap (Lapis 3),Overvalued (Mahal),19.572475,12.8382635,510.0,510,510,510,0.0,0,Normal,0,Negatif,Downtrend,Bearish,Bearish MACD,Konsolidasi / Transisi,Normal,Netral,Normal,Tidak Ada Transaksi,Squeeze,Rendah,Doji (Ragu-ragu),Dekat Support (Low Risk),< 1 Miliar,Di Atas VWAP (Kuat),Netral,Gorengan Sepi (< 5M),Normal (50-150%),Sideways,Solid (Jarang Dibanting),Normal,Sideways / Stagnan,TP: 511 | CL: 509,Normal,Di Area Support,Oversold (Jenuh Jual - Peluang),Netral / Sepi Berita,Normal / Sedang Transisi,Normal / Sideways,0,WAIT & SEE,TIDAK ADA,2026-08-20 16:40:00,Biasa / Mengikuti Pasar
16:40,WIRG,Token Mati (Perlu Update),Small Cap (Lapis 3),Undervalued (Murah),11.609907,1.0571569,76.0,61,54,80,13.432835820895523,567428000,Tembus MA20,76,Positif,Uptrend,Bullish,Strong Bullish,Perfect Uptrend (5>20>50),Akumulasi Kuat,Akumulasi (Naik),Normal,Seimbang / Adu Mekanik,Breakout Upper,Tinggi,Normal,Rawan Pucuk (High Risk),> 1 Miliar,Di Atas VWAP (Kuat),Akumulasi Pro (Smart Money),Ritel Aktif (5M - 50M),Anomali Tinggi (150-300%),Mark-Up (Fase Pesta),Spesialis Tiang Jemuran (Banting Pucuk),Normal,Naik 1 Hari Beruntun,TP: 83 | CL: 71,Normal,Tidak Ideal (< 1:1),Overbought (Jenuh Beli - Rawan),Sentimen Positif 📰,Normal / Sedang Transisi,Mendekati Fibo 23.6%,9,BELI,TIDAK ADA,2026-08-20 16:40:00,⚠️ Anomali (Sudah Terbang)
16:40,SICO,Token Mati (Perlu Update),Small Cap (Lapis 3),Undervalued (Murah),11.486984,0.7409019,110.0,109,105,119,0.9174311926605505,2167800,Normal,53,Positif,Uptrend,Bearish,Bearish MACD,Konsolidasi / Transisi,Normal,Akumulasi (Naik),Normal,Dominan Beli (Hajar Kanan),Squeeze,Rendah,Normal,Area Tengah,< 1 Miliar,Persis di VWAP,Distribusi Pro (Guyuran),Gorengan Sepi (< 5M),Normal (50-150%),Mark-Up (Fase Pesta),Normal,Normal,Naik 2 Hari Beruntun,TP: 116 | CL: 105,Normal,Ideal (1:2),Golden Cross (Awal Bullish),Sentimen Positif 📰,Normal / Sedang Transisi,Dekat Support Fibo 38.2%,6,WAIT & SEE,TIDAK ADA,2026-08-20 16:40:00,Biasa / Mengikuti Pasar
16:40,GOTO,Token Mati (Perlu Update),Big Cap (Lapis 1),Fair Value (Wajar),0.0,1.6453322,50.0,50,50,50,0.0,9464500,Normal,0,Negatif,Downtrend,Bearish,Bearish MACD,Konsolidasi / Transisi,Normal,Netral,Normal,Tidak Ada Transaksi,Squeeze,Rendah,Doji (Ragu-ragu),Dekat Support (Low Risk),< 1 Miliar,Persis di VWAP,Netral,Gorengan Sepi (< 5M),Sepi (< 50%),Sideways,Solid (Jarang Dibanting),Normal,Sideways / Stagnan,TP: 51 | CL: 49,Normal,Di Area Support,Oversold (Jenuh Jual - Peluang),Sentimen Negatif ⚠️,Normal / Sedang Transisi,Normal / Sideways,0,WAIT & SEE,TIDAK ADA,2026-08-20 16:40:00,🔥 ANOMALI BANDAR (Siap Ledakan)
16:40,TLDN,Token Mati (Perlu Update),Mid Cap (Lapis 2),Fair Value (Wajar),6.7744236,1.999004,570.0,550,505,605,2.7027027027027026,3874900,Tembus MA20,59,Positif,Uptrend,Bullish,Bearish MACD,Perfect Uptrend (5>20>50),Akumulasi Kuat,Akumulasi (Naik),Normal,Dominan Beli (Hajar Kanan),Normal,Tinggi,Normal,Rawan Pucuk (High Risk),> 1 Miliar,Di Atas VWAP (Kuat),Distribusi Pro (Guyuran),Gorengan Sepi (< 5M),Anomali Tinggi (150-300%),Mark-Up (Fase Pesta),Normal,Normal,Naik 1 Hari Beruntun,TP: 608 | CL: 544,Normal,Tidak Ideal (< 1:1),Netral / Sideways,Sentimen Positif 📰,Normal / Sedang Transisi,Dekat Support Fibo 23.6%,9,BELI,TIDAK ADA,2026-08-20 16:40:00,Biasa / Mengikuti Pasar
16:40,MTMH,Token Mati (Perlu Update),Mid Cap (Lapis 2),Overvalued (Mahal),39.46804,1.2422327,920.0,922,865,1050,-0.5405405405405406,37100,Tembus MA20,47,Negatif,Downtrend,Bearish,Bullish MACD,Strong Downtrend (5<20<50),Normal,Distribusi (Turun),Normal,Dominan Beli (Hajar Kanan),Squeeze,Rendah,Doji (Ragu-ragu),Area Tengah,< 1 Miliar,Persis di VWAP,Akumulasi Pro (Smart Money),Gorengan Sepi (< 5M),Ledakan Ekstrem (> 300%),Mark-Down (Fase Runtuh),Spesialis Tiang Jemuran (Banting Pucuk),Jarum Bawah (Sinyal Pantulan Kuat),Turun 1 Hari Beruntun,TP: 953 | CL: 897,Normal,Ideal (1:2),Netral / Sideways,Sentimen Positif 📰,Normal / Sedang Transisi,Mendekati Fibo 78.6%,4,WAIT & SEE,TIDAK ADA,2026-08-20 16:40:00,Biasa / Mengikuti Pasar
16:40,WINR,Token Mati (Perlu Update),Small Cap (Lapis 3),Undervalued (Murah),0.025335336,0.32629207,23.0,22,20,28,-4.166666666666666,44150100,Tembus MA20,52,Negatif,Uptrend,Bullish,Strong Bullish,Perfect Uptrend (5>20>50),Normal,Distribusi (Turun),Gap Down (-4.2%),Tidak Ada Transaksi,Normal,Tinggi,Doji (Ragu-ragu),Rawan Pucuk (High Risk),> 1 Miliar,Di Bawah VWAP (Lemah),Distribusi Pro (Guyuran),Gorengan Sepi (< 5M),Normal (50-150%),Mark-Up (Fase Pesta),Normal,Normal,Turun 2 Hari Beruntun,TP: 25 | CL: 21,Normal,Ideal (1:2),Netral / Sideways,Netral / Sepi Berita,Normal / Sedang Transisi,Mendekati Fibo 61.8% (Golden Ratio),5,WAIT & SEE,TIDAK ADA,2026-08-20 16:40:00,Biasa / Mengikuti Pasar
16:40,IBOS,Token Mati (Perlu Update),Small Cap (Lapis 3),Overvalued (Mahal),300.0,1.8362446,77.0,67,60,79,6.944444444444445,20510500,Tembus MA20,65,Positif,Uptrend,Bullish,Strong Bullish,Awal Reversal (5>20),Akumulasi Kuat,Akumulasi (Naik),Normal,Dominan Beli (Hajar Kanan),Breakout Upper,Tinggi,Normal,Rawan Pucuk (High Risk),> 1 Miliar,Di Atas VWAP (Kuat),Akumulasi Pro (Smart Money),Gorengan Sepi (< 5M),Anomali Tinggi (150-300%),Accumulation (Kumpul Barang),Normal,Normal,Naik 3 Hari Beruntun,TP: 83 | CL: 72,Normal,Tidak Ideal (< 1:1),Overbought (Jenuh Beli - Rawan),Netral / Sepi Berita,Normal / Sedang Transisi,Dekat Support Fibo 61.8% (Golden Ratio),9,BELI,TIDAK ADA,2026-08-20 16:40:00,Biasa / Mengikuti Pasar
16:40,OLIV,Token Mati (Perlu Update),Small Cap (Lapis 3),Overvalued (Mahal),52.573933,2.4587646,48.0,49,45,53,-2.0408163265306123,1785500,Normal,43,Negatif,Downtrend,Bearish,Strong Bearish,Strong Downtrend (5<20<50),Normal,Akumulasi (Naik),Gap Up (+2.0%),Seimbang / Adu Mekanik,Normal,Sedang,Normal,Area Tengah,< 1 Miliar,Persis di VWAP,Akumulasi Pro (Smart Money),Gorengan Sepi (< 5M),Normal (50-150%),Mark-Down (Fase Runtuh),Normal,Normal,Turun 1 Hari Beruntun,TP: 51 | CL: 45,Open = High (Tekanan Jual),Ideal (1:2),Netral / Sideways,Netral / Sepi Berita,Normal / Sedang Transisi,Dekat Support Fibo 78.6%,2,WAIT & SEE,TIDAK ADA,2026-08-20 16:40:00,Biasa / Mengikuti Pasar
16:40,ASHA,Token Mati (Perlu Update),Small Cap (Lapis 3),Fair Value (Wajar),0.0,2.769316,60.0,58,53,67,0.0,17397400,Normal,55,Negatif,Uptrend,Bullish,Strong Bullish,Perfect Uptrend (5>20>50),Normal,Akumulasi (Naik),Normal,Seimbang / Adu Mekanik,Normal,Sedang,Doji (Ragu-ragu),Rawan Pucuk (High Risk),> 1 Miliar,Persis di VWAP,Distribusi Pro (Guyuran),Gorengan Sepi (< 5M),Sepi (< 50%),Mark-Up (Fase Pesta),Spesialis Tiang Jemuran (Banting Pucuk),Normal,Sideways / Stagnan,TP: 65 | CL: 56,Normal,Menengah (1:1),Netral / Sideways,Sentimen Positif 📰,Normal / Sedang Transisi,Mengambang (Jauh dari Fibo),6,WAIT & SEE,TIDAK ADA,2026-08-20 16:40:00,Biasa / Mengikuti Pasar
16:40,SWID,Token Mati (Perlu Update),Small Cap (Lapis 3),Fair Value (Wajar),0.0,2.249961,115.0,105,97,138,0.8771929824561403,19685600,Normal,64,Positif,Uptrend,Bullish,Strong Bullish,Perfect Uptrend (5>20>50),Normal,Akumulasi (Naik),Gap Up (+2.6%),Seimbang / Adu Mekanik,Breakout Upper,Tinggi,Normal,Rawan Pucuk (High Risk),> 1 Miliar,Di Bawah VWAP (Lemah),Distribusi Pro (Guyuran),Ritel Aktif (5M - 50M),Sepi (< 50%),Mark-Up (Fase Pesta),Spesialis Tiang Jemuran (Banting Pucuk),Normal,Naik 2 Hari Beruntun,TP: 130 | CL: 104,Normal,Menengah (1:1),Golden Cross (Awal Bullish),Sentimen Positif 📰,Supply Banjir (Distribusi) 🌊,Dekat Support Fibo 38.2%,8,BELI,TIDAK ADA,2026-08-20 16:40:00,Biasa / Mengikuti Pasar
16:40,TRGU,Token Mati (Perlu Update),Mid Cap (Lapis 2),Overvalued (Mahal),127.61194,1.3842791,171.0,166,157,204,-0.5813953488372093,437200,Normal,55,Negatif,Uptrend,Bullish,Strong Bullish,Awal Reversal (5>20),Normal,Akumulasi (Naik),Normal,Seimbang / Adu Mekanik,Normal,Sedang,Normal,Area Tengah,< 1 Miliar,Persis di VWAP,Distribusi Pro (Guyuran),Gorengan Sepi (< 5M),Sepi (< 50%),Accumulation (Kumpul Barang),Spesialis Tiang Jemuran (Banting Pucuk),Normal,Turun 1 Hari Beruntun,TP: 185 | CL: 161,Normal,Ideal (1:2),Golden Cross (Awal Bullish),Netral / Sepi Berita,Normal / Sedang Transisi,Mendekati Fibo 78.6%,5,WAIT & SEE,TIDAK ADA,2026-08-20 16:40:00,Biasa / Mengikuti Pasar
16:40,ARKO,Token Mati (Perlu Update),Big Cap (Lapis 1),Overvalued (Mahal),232.79353,27.469028,5150.0,5001,4300,6100,-9.649122807017543,9325900,Tembus MA20,51,Negatif,Uptrend,Bullish,Strong Bullish,Awal Reversal (5>20),Distribusi Kuat,Akumulasi (Naik),Normal,Dominan Jual (Guyur),Normal,Tinggi,Normal,Rawan Pucuk (High Risk),> 1 Miliar,Di Bawah VWAP (Lemah),Distribusi Pro (Guyuran),Ritel Aktif (5M - 50M),Anomali Tinggi (150-300%),Accumulation (Kumpul Barang),Normal,Normal,Turun 1 Hari Beruntun,TP: 5794 | CL: 4720,Normal,Menengah (1:1),Netral / Sideways,Sentimen Positif 📰,Normal / Sedang Transisi,Mendekati Fibo 61.8% (Golden Ratio),7,BELI,TIDAK ADA,2026-08-20 16:40:00,Biasa / Mengikuti Pasar
16:40,CHEM,Token Mati (Perlu Update),Small Cap (Lapis 3),Fair Value (Wajar),0.0,1.0502152,69.0,66,63,77,0.0,3789800,Normal,58,Negatif,Uptrend,Bullish,Strong Bullish,Perfect Uptrend (5>20>50),Normal,Distribusi (Turun),Normal,Dominan Jual (Guyur),Normal,Sedang,Normal,Area Tengah,< 1 Miliar,Persis di VWAP,Distribusi Pro (Guyuran),Gorengan Sepi (< 5M),Sepi (< 50%),Mark-Up (Fase Pesta),Normal,Normal,Sideways / Stagnan,TP: 73 | CL: 65,Normal,Menengah (1:1),Netral / Sideways,Sentimen Positif 📰,Normal / Sedang Transisi,Dekat Support Fibo 38.2%,5,WAIT & SEE,TIDAK ADA,2026-08-20 16:40:00,Biasa / Mengikuti Pasar
16:40,DEWI,Token Mati (Perlu Update),Small Cap (Lapis 3),Fair Value (Wajar),0.0,1.7892765,149.0,128,116,158,-1.3245033112582782,41623100,Normal,81,Negatif,Uptrend,Bullish,Strong Bullish,Perfect Uptrend (5>20>50),Normal,Akumulasi (Naik),Normal,Seimbang / Adu Mekanik,Normal,Tinggi,Normal,Rawan Pucuk (High Risk),> 1 Miliar,Di Atas VWAP (Kuat),Akumulasi Pro (Smart Money),Ritel Aktif (5M - 50M),Normal (50-150%),Mark-Up (Fase Pesta),Solid (Jarang Dibanting),Normal,Turun 1 Hari Beruntun,TP: 158 | CL: 142,Normal,Tidak Ideal (< 1:1),Death Cross (Awal Bearish),Sentimen Positif 📰,Normal / Sedang Transisi,Mendekati Fibo 23.6%,6,WAIT & SEE,TIDAK ADA,2026-08-20 16:40:00,Biasa / Mengikuti Pasar
16:40,AXIO,Token Mati (Perlu Update),Small Cap (Lapis 3),Fair Value (Wajar),0.0,1.2354858,113.0,112,108,133,0.0,274600,Normal,54,Negatif,Uptrend,Bullish,Bearish MACD,Perfect Uptrend (5>20>50),Normal,Distribusi (Turun),Normal,Seimbang / Adu Mekanik,Squeeze,Rendah,Doji (Ragu-ragu),Area Tengah,< 1 Miliar,Persis di VWAP,Distribusi Pro (Guyuran),Gorengan Sepi (< 5M),Sepi (< 50%),Mark-Up (Fase Pesta),Spesialis Tiang Jemuran (Banting Pucuk),Normal,Sideways / Stagnan,TP: 118 | CL: 109,Normal,Sangat Menarik (> 1:3),Netral / Sideways,Sentimen Positif 📰,Supply Kering (Siap Pump) 🏜️,Golden Rebound Fibo 61.8% (Golden Ratio) 🎯,4,WAIT & SEE,TIDAK ADA,2026-08-20 16:40:00,Biasa / Mengikuti Pasar
16:40,KRYA,Token Mati (Perlu Update),Small Cap (Lapis 3),Overvalued (Mahal),0.0,4.0583386,65.0,61,56,68,0.0,26553800,Normal,62,Negatif,Uptrend,Bullish,Strong Bullish,Perfect Uptrend (5>20>50),Normal,Akumulasi (Naik),Normal,Seimbang / Adu Mekanik,Normal,Tinggi,Normal,Rawan Pucuk (High Risk),> 1 Miliar,Di Atas VWAP (Kuat),Akumulasi Pro (Smart Money),Gorengan Sepi (< 5M),Normal (50-150%),Mark-Up (Fase Pesta),Spesialis Tiang Jemuran (Banting Pucuk),Normal,Sideways / Stagnan,TP: 70 | CL: 61,Open = High (Tekanan Jual),Tidak Ideal (< 1:1),Netral / Sideways,Sentimen Negatif ⚠️,Normal / Sedang Transisi,Dekat Support Fibo 38.2%,5,WAIT & SEE,TIDAK ADA,2026-08-20 16:40:00,Biasa / Mengikuti Pasar
16:40,HATM,Token Mati (Perlu Update),Mid Cap (Lapis 2),Overvalued (Mahal),119.9262,3.4446757,650.0,554,424,685,0.7751937984496124,46559300,Tembus MA20,75,Positif,Uptrend,Bullish,Strong Bullish,Perfect Uptrend (5>20>50),Normal,Akumulasi (Naik),Normal,Seimbang / Adu Mekanik,Normal,Tinggi,Normal,Rawan Pucuk (High Risk),> 1 Miliar,Di Atas VWAP (Kuat),Akumulasi Pro (Smart Money),Ritel Aktif (5M - 50M),Normal (50-150%),Mark-Up (Fase Pesta),Normal,Normal,Naik 4 Hari Beruntun,TP: 740 | CL: 589,Normal,Tidak Ideal (< 1:1),Overbought (Jenuh Beli - Rawan),Netral / Sepi Berita,Normal / Sedang Transisi,Mengambang (Jauh dari Fibo),7,BELI,TIDAK ADA,2026-08-20 16:40:00,Biasa / Mengikuti Pasar
16:40,RCCC,Token Mati (Perlu Update),Small Cap (Lapis 3),Fair Value (Wajar),0.0,1.61822,108.0,100,90,110,3.8461538461538463,1412900,Tembus MA20,64,Positif,Uptrend,Bullish,Strong Bullish,Perfect Uptrend (5>20>50),Normal,Akumulasi (Naik),Normal,Dominan Beli (Hajar Kanan),Normal,Tinggi,Normal,Rawan Pucuk (High Risk),< 1 Miliar,Di Atas VWAP (Kuat),Distribusi Pro (Guyuran),Gorengan Sepi (< 5M),Normal (50-150%),Mark-Up (Fase Pesta),Spesialis Tiang Jemuran (Banting Pucuk),Normal,Naik 2 Hari Beruntun,TP: 114 | CL: 103,Normal,Tidak Ideal (< 1:1),Netral / Sideways,Netral / Sepi Berita,Normal / Sedang Transisi,Mendekati Fibo 23.6%,8,BELI,TIDAK ADA,2026-08-20 16:40:00,Biasa / Mengikuti Pasar
16:40,GULA,Token Mati (Perlu Update),Small Cap (Lapis 3),Overvalued (Mahal),0.0,5.5239544,740.0,766,660,870,0.6802721088435374,28212900,Normal,51,Positif,Downtrend,Bearish,Bearish MACD,Konsolidasi / Transisi,Normal,Distribusi (Turun),Normal,Dominan Beli (Hajar Kanan),Normal,Tinggi,Normal,Rawan Pucuk (High Risk),> 1 Miliar,Di Atas VWAP (Kuat),Distribusi Pro (Guyuran),Ritel Aktif (5M - 50M),Normal (50-150%),Distribution (Fase Jualan),Normal,Jarum Bawah (Sinyal Pantulan Kuat),Naik 1 Hari Beruntun,TP: 823 | CL: 684,Normal,Ideal (1:2),Netral / Sideways,Sentimen Positif 📰,Normal / Sedang Transisi,Mengambang (Jauh dari Fibo),4,WAIT & SEE,TIDAK ADA,2026-08-20 16:40:00,Biasa / Mengikuti Pasar
16:40,JARR,Token Mati (Perlu Update),Big Cap (Lapis 1),Overvalued (Mahal),102.27272,13.599151,2970.0,2013,1800,2970,24.789915966386555,28969600,Tembus MA20,82,Positif,Uptrend,Bullish,Strong Bullish,Perfect Uptrend (5>20>50),Akumulasi Kuat,Akumulasi (Naik),Gap Up (+8.4%),Dominan Beli (Hajar Kanan),Breakout Upper,Tinggi,Normal,Rawan Pucuk (High Risk),> 1 Miliar,Di Atas VWAP (Kuat),Akumulasi Pro (Smart Money),Sultan (> 50M/hari),Anomali Tinggi (150-300%),Mark-Up (Fase Pesta),Spesialis Tiang Jemuran (Banting Pucuk),Normal,Naik 1 Hari Beruntun,TP: 3250 | CL: 2783,Normal,Tidak Ideal (< 1:1),Overbought (Jenuh Beli - Rawan),Sentimen Positif 📰,Normal / Sedang Transisi,Mengambang (Jauh dari Fibo),11,BELI,TIDAK ADA,2026-08-20 16:40:00,⚠️ Anomali (Sudah Terbang)
16:40,AMMS,Token Mati (Perlu Update),Small Cap (Lapis 3),Fair Value (Wajar),0.0,2.798088,168.0,227,155,312,0.0,1003500,Normal,9,Negatif,Downtrend,Bearish,Strong Bearish,Strong Downtrend (5<20<50),Normal,Distribusi (Turun),Gap Up (+3.0%),Seimbang / Adu Mekanik,Normal,Tinggi,Normal,Area Tengah,< 1 Miliar,Di Bawah VWAP (Lemah),Distribusi Pro (Guyuran),Gorengan Sepi (< 5M),Normal (50-150%),Mark-Down (Fase Runtuh),Normal,Normal,Sideways / Stagnan,TP: 198 | CL: 147,Normal,Sangat Menarik (> 1:3),Oversold (Jenuh Jual - Peluang),Sentimen Positif 📰,Normal / Sedang Transisi,Mengambang (Jauh dari Fibo),2,WAIT & SEE,TIDAK ADA,2026-08-20 16:40:00,Biasa / Mengikuti Pasar
16:40,RAFI,Token Mati (Perlu Update),Small Cap (Lapis 3),Fair Value (Wajar),0.0,0.46078822,36.0,36,36,36,0.0,0,Normal,0,Negatif,Downtrend,Bearish,Bearish MACD,Konsolidasi / Transisi,Normal,Netral,Normal,Tidak Ada Transaksi,Squeeze,Rendah,Doji (Ragu-ragu),Dekat Support (Low Risk),< 1 Miliar,Di Atas VWAP (Kuat),Netral,Gorengan Sepi (< 5M),Normal (50-150%),Sideways,Solid (Jarang Dibanting),Normal,Sideways / Stagnan,TP: 37 | CL: 35,Normal,Di Area Support,Oversold (Jenuh Jual - Peluang),Netral / Sepi Berita,Normal / Sedang Transisi,Normal / Sideways,0,WAIT & SEE,TIDAK ADA,2026-08-20 16:40:00,Biasa / Mengikuti Pasar
16:40,KKES,Token Mati (Perlu Update),Small Cap (Lapis 3),Fair Value (Wajar),0.0,1.6483775,70.0,68,63,77,1.4492753623188406,2727400,Normal,58,Positif,Uptrend,Bullish,Bearish MACD,Perfect Uptrend (5>20>50),Normal,Distribusi (Turun),Normal,Dominan Beli (Hajar Kanan),Normal,Sedang,Marubozu (Strong Bullish),Rawan Pucuk (High Risk),< 1 Miliar,Di Bawah VWAP (Lemah),Akumulasi Pro (Smart Money),Gorengan Sepi (< 5M),Normal (50-150%),Mark-Up (Fase Pesta),Solid (Jarang Dibanting),Normal,Naik 1 Hari Beruntun,TP: 74 | CL: 67,Open = Low (Bullish Kuat),Menengah (1:1),Netral / Sideways,Netral / Sepi Berita,Normal / Sedang Transisi,Mendekati Fibo 23.6%,5,WAIT & SEE,TIDAK ADA,2026-08-20 16:40:00,Biasa / Mengikuti Pasar
16:40,ELPI,Token Mati (Perlu Update),Mid Cap (Lapis 2),Overvalued (Mahal),44.880318,1.968791,680.0,754,650,995,-1.4492753623188406,1077700,Normal,30,Negatif,Downtrend,Bearish,Bullish MACD,Strong Downtrend (5<20<50),Normal,Akumulasi (Naik),Normal,Seimbang / Adu Mekanik,Normal,Tinggi,Normal,Area Tengah,< 1 Miliar,Persis di VWAP,Distribusi Pro (Guyuran),Gorengan Sepi (< 5M),Normal (50-150%),Mark-Down (Fase Runtuh),Normal,Normal,Turun 1 Hari Beruntun,TP: 740 | CL: 639,Normal,Sangat Menarik (> 1:3),Oversold (Jenuh Jual - Peluang),Sentimen Positif 📰,Normal / Sedang Transisi,Mendekati Fibo Bottom / 100%,3,WAIT & SEE,TIDAK ADA,2026-08-20 16:40:00,Biasa / Mengikuti Pasar
16:40,EURO,Token Mati (Perlu Update),Mid Cap (Lapis 2),Overvalued (Mahal),2485.0745,82.28317,1665.0,1857,1625,2170,-0.8928571428571428,83800,Normal,37,Negatif,Downtrend,Bearish,Strong Bearish,Konsolidasi / Transisi,Normal,Akumulasi (Naik),Normal,Seimbang / Adu Mekanik,Normal,Tinggi,Normal,Dekat Support (Low Risk),< 1 Miliar,Di Bawah VWAP (Lemah),Distribusi Pro (Guyuran),Gorengan Sepi (< 5M),Sepi (< 50%),Distribution (Fase Jualan),Normal,Jarum Bawah (Sinyal Pantulan Kuat),Turun 3 Hari Beruntun,TP: 1870 | CL: 1527,Normal,Sangat Menarik (> 1:3),Oversold (Jenuh Jual - Peluang),Netral / Sepi Berita,Normal / Sedang Transisi,Mendekati Fibo 61.8% (Golden Ratio),1,WAIT & SEE,TIDAK ADA,2026-08-20 16:40:00,Biasa / Mengikuti Pasar
16:40,KLIN,Token Mati (Perlu Update),Small Cap (Lapis 3),Overvalued (Mahal),0.0,5.227109,116.0,116,104,133,-0.8547008547008548,7700,Normal,53,Negatif,Downtrend,Death Cross,Bearish MACD,Konsolidasi / Transisi,Normal,Distribusi (Turun),Normal,Seimbang / Adu Mekanik,Normal,Sedang,Normal,Rawan Pucuk (High Risk),< 1 Miliar,Persis di VWAP,Akumulasi Pro (Smart Money),Gorengan Sepi (< 5M),Sepi (< 50%),Distribution (Fase Jualan),Normal,Normal,Turun 1 Hari Beruntun,TP: 125 | CL: 109,Open = High (Tekanan Jual),Menengah (1:1),Netral / Sideways,Netral / Sepi Berita,Supply Kering (Siap Pump) 🏜️,Golden Rebound Fibo 50.0% 🎯,1,WAIT & SEE,TIDAK ADA,2026-08-20 16:40:00,Biasa / Mengikuti Pasar
16:40,TOOL,Token Mati (Perlu Update),Small Cap (Lapis 3),Fair Value (Wajar),0.0,0.7587425,66.0,66,61,71,0.0,22773600,Tembus MA20,49,Negatif,Downtrend,Bearish,Bearish MACD,Konsolidasi / Transisi,Normal,Distribusi (Turun),Normal,Dominan Jual (Guyur),Normal,Sedang,Doji (Ragu-ragu),Area Tengah,> 1 Miliar,Di Bawah VWAP (Lemah),Distribusi Pro (Guyuran),Gorengan Sepi (< 5M),Normal (50-150%),Distribution (Fase Jualan),Normal,Normal,Sideways / Stagnan,TP: 70 | CL: 62,Normal,Menengah (1:1),Netral / Sideways,Sentimen Positif 📰,Normal / Sedang Transisi,Dekat Support Fibo 50.0%,2,WAIT & SEE,TIDAK ADA,2026-08-20 16:40:00,Biasa / Mengikuti Pasar
16:40,BUAH,Token Mati (Perlu Update),Mid Cap (Lapis 2),Overvalued (Mahal),20.206022,5.207483,510.0,508,494,520,-0.9708737864077669,297900,Tembus MA20,50,Negatif,Uptrend,Bullish,Strong Bullish,Awal Reversal (5>20),Normal,Distribusi (Turun),Gap Down (-2.9%),Seimbang / Adu Mekanik,Squeeze,Rendah,Normal,Area Tengah,< 1 Miliar,Persis di VWAP,Akumulasi Pro (Smart Money),Gorengan Sepi (< 5M),Normal (50-150%),Accumulation (Kumpul Barang),Solid (Jarang Dibanting),Normal,Turun 1 Hari Beruntun,TP: 532 | CL: 494,Open = Low (Bullish Kuat),Tidak Ideal (< 1:1),Death Cross (Awal Bearish),Sentimen Positif 📰,Normal / Sedang Transisi,Dekat Support Fibo 38.2%,5,WAIT & SEE,TIDAK ADA,2026-08-20 16:40:00,Biasa / Mengikuti Pasar
16:40,CRAB,Token Mati (Perlu Update),Small Cap (Lapis 3),Fair Value (Wajar),0.0,1.7666194,208.0,208,208,208,0.0,0,Normal,48,Negatif,Downtrend,Bearish,Bullish MACD,Konsolidasi / Transisi,Normal,Netral,Normal,Tidak Ada Transaksi,Squeeze,Rendah,Doji (Ragu-ragu),Dekat Support (Low Risk),< 1 Miliar,Di Atas VWAP (Kuat),Netral,Gorengan Sepi (< 5M),Normal (50-150%),Sideways,Solid (Jarang Dibanting),Normal,Sideways / Stagnan,TP: 209 | CL: 207,Normal,Di Area Support,Oversold (Jenuh Jual - Peluang),Netral / Sepi Berita,Normal / Sedang Transisi,Golden Rebound Fibo 61.8% (Golden Ratio) 🎯,1,WAIT & SEE,TIDAK ADA,2026-08-20 16:40:00,Biasa / Mengikuti Pasar
16:40,MEDS,Token Mati (Perlu Update),Small Cap (Lapis 3),Fair Value (Wajar),0.0,2.2817843,71.0,74,68,83,1.4285714285714286,7833600,Normal,42,Positif,Downtrend,Bearish,Strong Bearish,Strong Downtrend (5<20<50),Normal,Distribusi (Turun),Normal,Seimbang / Adu Mekanik,Normal,Sedang,Doji (Ragu-ragu),Area Tengah,< 1 Miliar,Di Bawah VWAP (Lemah),Distribusi Pro (Guyuran),Gorengan Sepi (< 5M),Sepi (< 50%),Mark-Down (Fase Runtuh),Spesialis Tiang Jemuran (Banting Pucuk),Normal,Naik 1 Hari Beruntun,TP: 76 | CL: 67,Normal,Sangat Menarik (> 1:3),Golden Cross (Awal Bullish),Sentimen Negatif ⚠️,Normal / Sedang Transisi,Mengambang (Jauh dari Fibo),1,WAIT & SEE,TIDAK ADA,2026-08-20 16:40:00,Biasa / Mengikuti Pasar
16:40,COAL,Token Mati (Perlu Update),Small Cap (Lapis 3),Fair Value (Wajar),0.0,0.5461881,31.0,25,21,31,0.0,0,Normal,75,Negatif,Uptrend,Bullish,Strong Bullish,Perfect Uptrend (5>20>50),Normal,Netral,Normal,Tidak Ada Transaksi,Normal,Tinggi,Doji (Ragu-ragu),Rawan Pucuk (High Risk),< 1 Miliar,Di Atas VWAP (Kuat),Netral,Gorengan Sepi (< 5M),Sepi (< 50%),Mark-Up (Fase Pesta),Solid (Jarang Dibanting),Normal,Sideways / Stagnan,TP: 32 | CL: 30,Normal,Tidak Ideal (< 1:1),Overbought (Jenuh Beli - Rawan),Netral / Sepi Berita,Normal / Sedang Transisi,Mengambang (Jauh dari Fibo),4,WAIT & SEE,TIDAK ADA,2026-08-20 16:40:00,Biasa / Mengikuti Pasar
16:40,PRAY,Token Mati (Perlu Update),Big Cap (Lapis 1),Overvalued (Mahal),57.735847,3.2444124,765.0,743,680,800,-1.2903225806451613,13800,Normal,56,Negatif,Uptrend,Bullish,Strong Bullish,Perfect Uptrend (5>20>50),Normal,Akumulasi (Naik),Normal,Seimbang / Adu Mekanik,Normal,Sedang,Doji (Ragu-ragu),Rawan Pucuk (High Risk),< 1 Miliar,Persis di VWAP,Akumulasi Pro (Smart Money),Gorengan Sepi (< 5M),Normal (50-150%),Mark-Up (Fase Pesta),Normal,Jarum Bawah (Sinyal Pantulan Kuat),Turun 1 Hari Beruntun,TP: 829 | CL: 722,Normal,Tidak Ideal (< 1:1),Death Cross (Awal Bearish),Sentimen Negatif ⚠️,Normal / Sedang Transisi,Mendekati Fibo 38.2%,5,WAIT & SEE,TIDAK ADA,2026-08-20 16:40:00,Biasa / Mengikuti Pasar
16:40,CBUT,Token Mati (Perlu Update),Mid Cap (Lapis 2),Fair Value (Wajar),22.54156,2.1464698,800.0,809,745,890,5.960264900662252,98900,Tembus MA20,52,Positif,Downtrend,Bearish,Bearish MACD,Konsolidasi / Transisi,Normal,Akumulasi (Naik),Normal,Dominan Beli (Hajar Kanan),Normal,Sedang,Marubozu (Strong Bullish),Area Tengah,< 1 Miliar,Di Atas VWAP (Kuat),Akumulasi Pro (Smart Money),Gorengan Sepi (< 5M),Normal (50-150%),Distribution (Fase Jualan),Normal,Normal,Naik 1 Hari Beruntun,TP: 864 | CL: 756,Normal,Ideal (1:2),Golden Cross (Awal Bullish),Sentimen Positif 📰,Normal / Sedang Transisi,Mendekati Fibo 23.6%,6,WAIT & SEE,TIDAK ADA,2026-08-20 16:40:00,Biasa / Mengikuti Pasar
16:40,BELI,Token Mati (Perlu Update),Big Cap (Lapis 1),Overvalued (Mahal),0.0,3.9595048,264.0,257,248,274,0.0,731200,Normal,51,Negatif,Uptrend,Bullish,Bullish MACD,Awal Reversal (5>20),Normal,Distribusi (Turun),Normal,Seimbang / Adu Mekanik,Squeeze,Rendah,Doji (Ragu-ragu),Area Tengah,< 1 Miliar,Persis di VWAP,Distribusi Pro (Guyuran),Gorengan Sepi (< 5M),Normal (50-150%),Accumulation (Kumpul Barang),Normal,Normal,Sideways / Stagnan,TP: 279 | CL: 253,Normal,Tidak Ideal (< 1:1),Death Cross (Awal Bearish),Netral / Sepi Berita,Normal / Sedang Transisi,Mengambang (Jauh dari Fibo),4,WAIT & SEE,TIDAK ADA,2026-08-20 16:40:00,Biasa / Mengikuti Pasar
16:40,MKTR,Token Mati (Perlu Update),Mid Cap (Lapis 2),Overvalued (Mahal),26.114649,2.191888,123.0,122,115,153,0.0,566400,Normal,52,Negatif,Uptrend,Bullish,Strong Bullish,Perfect Uptrend (5>20>50),Normal,Akumulasi (Naik),Normal,Seimbang / Adu Mekanik,Normal,Sedang,Doji (Ragu-ragu),Area Tengah,< 1 Miliar,Persis di VWAP,Distribusi Pro (Guyuran),Gorengan Sepi (< 5M),Sepi (< 50%),Mark-Up (Fase Pesta),Normal,Normal,Sideways / Stagnan,TP: 132 | CL: 116,Normal,Sangat Menarik (> 1:3),Oversold (Jenuh Jual - Peluang),Sentimen Positif 📰,Supply Kering (Siap Pump) 🏜️,Golden Rebound Fibo 61.8% (Golden Ratio) 🎯,6,WAIT & SEE,TIDAK ADA,2026-08-20 16:40:00,Biasa / Mengikuti Pasar
16:40,OMED,Token Mati (Perlu Update),Mid Cap (Lapis 2),Fair Value (Wajar),14.990631,2.2908633,240.0,222,200,242,3.4482758620689653,37920100,Tembus MA20,67,Positif,Uptrend,Bullish,Strong Bullish,Perfect Uptrend (5>20>50),Normal,Akumulasi (Naik),Normal,Dominan Beli (Hajar Kanan),Normal,Tinggi,Normal,Rawan Pucuk (High Risk),> 1 Miliar,Di Atas VWAP (Kuat),Akumulasi Pro (Smart Money),Ritel Aktif (5M - 50M),Normal (50-150%),Mark-Up (Fase Pesta),Solid (Jarang Dibanting),Normal,Naik 3 Hari Beruntun,TP: 255 | CL: 229,Normal,Tidak Ideal (< 1:1),Netral / Sideways,Sentimen Positif 📰,Normal / Sedang Transisi,Mendekati Fibo 23.6%,9,BELI,TIDAK ADA,2026-08-20 16:40:00,Biasa / Mengikuti Pasar
16:40,BSBK,Token Mati (Perlu Update),Mid Cap (Lapis 2),Fair Value (Wajar),17.333334,0.59295076,53.0,52,51,58,0.0,28661200,Normal,51,Negatif,Uptrend,Bullish,Bearish MACD,Perfect Uptrend (5>20>50),Normal,Akumulasi (Naik),Normal,Seimbang / Adu Mekanik,Squeeze,Rendah,Doji (Ragu-ragu),Area Tengah,> 1 Miliar,Persis di VWAP,Akumulasi Pro (Smart Money),Gorengan Sepi (< 5M),Normal (50-150%),Mark-Up (Fase Pesta),Normal,Normal,Sideways / Stagnan,TP: 56 | CL: 50,Normal,Ideal (1:2),Netral / Sideways,Netral / Sepi Berita,Normal / Sedang Transisi,Dekat Support Fibo 78.6%,4,WAIT & SEE,TIDAK ADA,2026-08-20 16:40:00,Biasa / Mengikuti Pasar
16:40,PDPP,Token Mati (Perlu Update),Small Cap (Lapis 3),Fair Value (Wajar),13.264427,1.9930373,308.0,296,252,324,-0.6451612903225806,86900,Normal,62,Negatif,Uptrend,Bullish,Bearish MACD,Perfect Uptrend (5>20>50),Normal,Akumulasi (Naik),Normal,Dominan Beli (Hajar Kanan),Normal,Tinggi,Hammer (Potensi Reversal),Rawan Pucuk (High Risk),< 1 Miliar,Di Atas VWAP (Kuat),Akumulasi Pro (Smart Money),Gorengan Sepi (< 5M),Normal (50-150%),Mark-Up (Fase Pesta),Spesialis Tiang Jemuran (Banting Pucuk),Jarum Bawah (Sinyal Pantulan Kuat),Turun 1 Hari Beruntun,TP: 338 | CL: 287,Open = High (Tekanan Jual),Tidak Ideal (< 1:1),Death Cross (Awal Bearish),Netral / Sepi Berita,Normal / Sedang Transisi,Mendekati Fibo 23.6%,5,WAIT & SEE,TIDAK ADA,2026-08-20 16:40:00,Biasa / Mengikuti Pasar
16:40,KDTN,Token Mati (Perlu Update),Small Cap (Lapis 3),Overvalued (Mahal),0.0,6.782081,374.0,395,274,530,3.888888888888889,2133700,Normal,40,Positif,Downtrend,Bearish,Bullish MACD,Strong Downtrend (5<20<50),Normal,Distribusi (Turun),Gap Down (-2.2%),Dominan Beli (Hajar Kanan),Normal,Tinggi,Marubozu (Strong Bullish),Rawan Pucuk (High Risk),< 1 Miliar,Persis di VWAP,Distribusi Pro (Guyuran),Gorengan Sepi (< 5M),Sepi (< 50%),Mark-Down (Fase Runtuh),Spesialis Tiang Jemuran (Banting Pucuk),Normal,Naik 1 Hari Beruntun,TP: 446 | CL: 325,Open = Low (Bullish Kuat),Ideal (1:2),Netral / Sideways,Sentimen Positif 📰,Normal / Sedang Transisi,Mengambang (Jauh dari Fibo),4,WAIT & SEE,TIDAK ADA,2026-08-20 16:40:00,Biasa / Mengikuti Pasar
16:40,ZATA,Token Mati (Perlu Update),Small Cap (Lapis 3),Fair Value (Wajar),0.0,1.7032459,70.0,69,60,86,1.4492753623188406,252834400,Normal,58,Positif,Uptrend,Bearish,Bearish MACD,Konsolidasi / Transisi,Normal,Akumulasi (Naik),Normal,Seimbang / Adu Mekanik,Normal,Tinggi,Normal,Rawan Pucuk (High Risk),> 1 Miliar,Persis di VWAP,Distribusi Pro (Guyuran),Ritel Aktif (5M - 50M),Normal (50-150%),Mark-Up (Fase Pesta),Spesialis Tiang Jemuran (Banting Pucuk),Normal,Naik 1 Hari Beruntun,TP: 79 | CL: 63,Normal,Ideal (1:2),Netral / Sideways,Netral / Sepi Berita,Normal / Sedang Transisi,Mendekati Fibo 50.0%,4,WAIT & SEE,TIDAK ADA,2026-08-20 16:40:00,Biasa / Mengikuti Pasar
16:40,NINE,Token Mati (Perlu Update),Small Cap (Lapis 3),Overvalued (Mahal),0.0,7.234186,86.0,75,67,86,8.860759493670885,23409600,Tembus MA20,65,Positif,Uptrend,Bullish,Strong Bullish,Awal Reversal (5>20),Akumulasi Kuat,Akumulasi (Naik),Normal,Dominan Beli (Hajar Kanan),Breakout Upper,Tinggi,Marubozu (Strong Bullish),Rawan Pucuk (High Risk),> 1 Miliar,Di Atas VWAP (Kuat),Akumulasi Pro (Smart Money),Gorengan Sepi (< 5M),Anomali Tinggi (150-300%),Accumulation (Kumpul Barang),Normal,Normal,Naik 3 Hari Beruntun,TP: 93 | CL: 80,Normal,Tidak Ideal (< 1:1),Netral / Sideways,Sentimen Positif 📰,Normal / Sedang Transisi,Dekat Support Fibo 50.0%,10,BELI,TIDAK ADA,2026-08-20 16:40:00,Biasa / Mengikuti Pasar
16:40,MMIX,Token Mati (Perlu Update),Mid Cap (Lapis 2),Overvalued (Mahal),5.187847,19.54672,770.0,735,540,790,0.0,15950500,Normal,60,Negatif,Uptrend,Bullish,Strong Bullish,Perfect Uptrend (5>20>50),Normal,Akumulasi (Naik),Normal,Seimbang / Adu Mekanik,Normal,Sedang,Normal,Rawan Pucuk (High Risk),> 1 Miliar,Di Atas VWAP (Kuat),Akumulasi Pro (Smart Money),Ritel Aktif (5M - 50M),Normal (50-150%),Mark-Up (Fase Pesta),Normal,Normal,Sideways / Stagnan,TP: 811 | CL: 742,Normal,Tidak Ideal (< 1:1),Death Cross (Awal Bearish),Netral / Sepi Berita,Normal / Sedang Transisi,Mengambang (Jauh dari Fibo),5,WAIT & SEE,TIDAK ADA,2026-08-20 16:40:00,Biasa / Mengikuti Pasar
16:40,PADA,Token Mati (Perlu Update),Small Cap (Lapis 3),Overvalued (Mahal),0.0,5.908496,230.0,168,111,252,2.6785714285714284,113160200,Normal,71,Positif,Uptrend,Bullish,Strong Bullish,Perfect Uptrend (5>20>50),Normal,Akumulasi (Naik),Normal,Seimbang / Adu Mekanik,Normal,Tinggi,Normal,Rawan Pucuk (High Risk),> 1 Miliar,Di Atas VWAP (Kuat),Akumulasi Pro (Smart Money),Sultan (> 50M/hari),Normal (50-150%),Mark-Up (Fase Pesta),Spesialis Tiang Jemuran (Banting Pucuk),Normal,Naik 1 Hari Beruntun,TP: 265 | CL: 206,Normal,Tidak Ideal (< 1:1),Overbought (Jenuh Beli - Rawan),Netral / Sepi Berita,Normal / Sedang Transisi,Mengambang (Jauh dari Fibo),6,WAIT & SEE,TIDAK ADA,2026-08-20 16:40:00,Biasa / Mengikuti Pasar
16:40,ISAP,Token Mati (Perlu Update),Small Cap (Lapis 3),Fair Value (Wajar),0.0,0.56177145,24.0,24,23,26,4.3478260869565215,18385800,Tembus MA20,48,Positif,Downtrend,Bearish,Strong Bearish,Konsolidasi / Transisi,Normal,Akumulasi (Naik),Normal,Dominan Beli (Hajar Kanan),Normal,Sedang,Marubozu (Strong Bullish),Area Tengah,< 1 Miliar,Persis di VWAP,Akumulasi Pro (Smart Money),Gorengan Sepi (< 5M),Normal (50-150%),Distribution (Fase Jualan),Solid (Jarang Dibanting),Normal,Naik 1 Hari Beruntun,TP: 26 | CL: 22,Open = Low (Bullish Kuat),Ideal (1:2),Netral / Sideways,Netral / Sepi Berita,Normal / Sedang Transisi,Dekat Support Fibo 50.0%,4,WAIT & SEE,TIDAK ADA,2026-08-20 16:40:00,Biasa / Mengikuti Pasar
16:40,VTNY,Token Mati (Perlu Update),Small Cap (Lapis 3),Overvalued (Mahal),130.0,1.1725444,78.0,67,61,83,4.0,16412000,Normal,68,Positif,Uptrend,Bullish,Strong Bullish,Perfect Uptrend (5>20>50),Normal,Akumulasi (Naik),Normal,Seimbang / Adu Mekanik,Breakout Upper,Tinggi,Normal,Rawan Pucuk (High Risk),> 1 Miliar,Di Atas VWAP (Kuat),Distribusi Pro (Guyuran),Gorengan Sepi (< 5M),Sepi (< 50%),Mark-Up (Fase Pesta),Normal,Normal,Naik 1 Hari Beruntun,TP: 85 | CL: 73,Open = Low (Bullish Kuat),Tidak Ideal (< 1:1),Netral / Sideways,Sentimen Negatif ⚠️,Normal / Sedang Transisi,Mendekati Fibo 23.6%,6,WAIT & SEE,TIDAK ADA,2026-08-20 16:40:00,Biasa / Mengikuti Pasar
16:40,SOUL,Token Mati (Perlu Update),Small Cap (Lapis 3),Fair Value (Wajar),0.0,1.1616955,37.0,37,37,37,0.0,0,Normal,46,Negatif,Downtrend,Bearish,Bullish MACD,Konsolidasi / Transisi,Normal,Netral,Normal,Tidak Ada Transaksi,Squeeze,Rendah,Doji (Ragu-ragu),Dekat Support (Low Risk),< 1 Miliar,Di Atas VWAP (Kuat),Netral,Gorengan Sepi (< 5M),Normal (50-150%),Sideways,Solid (Jarang Dibanting),Normal,Sideways / Stagnan,TP: 38 | CL: 36,Normal,Di Area Support,Oversold (Jenuh Jual - Peluang),Netral / Sepi Berita,Normal / Sedang Transisi,Golden Rebound Fibo 50.0% 🎯,1,WAIT & SEE,TIDAK ADA,2026-08-20 16:40:00,Biasa / Mengikuti Pasar
16:40,ELIT,Token Mati (Perlu Update),Small Cap (Lapis 3),Fair Value (Wajar),0.0,2.1041799,184.0,174,168,187,4.545454545454546,9343100,Tembus MA20,63,Positif,Uptrend,Golden Cross,Strong Bullish,Perfect Uptrend (5>20>50),Akumulasi Kuat,Akumulasi (Naik),Gap Up (+2.3%),Dominan Beli (Hajar Kanan),Breakout Upper,Sedang,Normal,Area Tengah,> 1 Miliar,Di Atas VWAP (Kuat),Akumulasi Pro (Smart Money),Gorengan Sepi (< 5M),Anomali Tinggi (150-300%),Mark-Up (Fase Pesta),Normal,Normal,Naik 1 Hari Beruntun,TP: 192 | CL: 178,Normal,Tidak Ideal (< 1:1),Netral / Sideways,Sentimen Positif 📰,Normal / Sedang Transisi,Mendekati Fibo 38.2%,11,BELI,TIDAK ADA,2026-08-20 16:40:00,Biasa / Mengikuti Pasar
16:40,BEER,Token Mati (Perlu Update),Small Cap (Lapis 3),Fair Value (Wajar),0.0,1.3473182,79.0,76,72,98,0.0,18700000,Normal,53,Negatif,Uptrend,Bullish,Strong Bullish,Awal Reversal (5>20),Normal,Akumulasi (Naik),Normal,Dominan Jual (Guyur),Normal,Sedang,Doji (Ragu-ragu),Area Tengah,> 1 Miliar,Di Bawah VWAP (Lemah),Distribusi Pro (Guyuran),Ritel Aktif (5M - 50M),Sepi (< 50%),Accumulation (Kumpul Barang),Spesialis Tiang Jemuran (Banting Pucuk),Normal,Sideways / Stagnan,TP: 88 | CL: 72,Normal,Ideal (1:2),Netral / Sideways,Sentimen Positif 📰,Normal / Sedang Transisi,Mengambang (Jauh dari Fibo),6,WAIT & SEE,TIDAK ADA,2026-08-20 16:40:00,Biasa / Mengikuti Pasar
16:40,CBPE,Token Mati (Perlu Update),Small Cap (Lapis 3),Fair Value (Wajar),0.0,2.0514865,520.0,433,284,670,-0.9523809523809524,250300,Normal,66,Negatif,Uptrend,Bullish,Strong Bullish,Perfect Uptrend (5>20>50),Normal,Distribusi (Turun),Normal,Dominan Jual (Guyur),Normal,Tinggi,Normal,Rawan Pucuk (High Risk),< 1 Miliar,Di Bawah VWAP (Lemah),Distribusi Pro (Guyuran),Gorengan Sepi (< 5M),Sepi (< 50%),Mark-Up (Fase Pesta),Spesialis Tiang Jemuran (Banting Pucuk),Normal,Turun 3 Hari Beruntun,TP: 642 | CL: 438,Normal,Tidak Ideal (< 1:1),Death Cross (Awal Bearish),Sentimen Positif 📰,Normal / Sedang Transisi,Mendekati Fibo 38.2%,5,WAIT & SEE,TIDAK ADA,2026-08-20 16:40:00,Biasa / Mengikuti Pasar
16:40,SUNI,Token Mati (Perlu Update),Mid Cap (Lapis 2),Fair Value (Wajar),10.833832,1.978188,725.0,709,610,735,1.3986013986013985,298000,Normal,68,Positif,Uptrend,Bullish,Bearish MACD,Perfect Uptrend (5>20>50),Normal,Akumulasi (Naik),Normal,Dominan Beli (Hajar Kanan),Normal,Sedang,Normal,Rawan Pucuk (High Risk),< 1 Miliar,Di Atas VWAP (Kuat),Akumulasi Pro (Smart Money),Gorengan Sepi (< 5M),Normal (50-150%),Mark-Up (Fase Pesta),Solid (Jarang Dibanting),Normal,Naik 1 Hari Beruntun,TP: 754 | CL: 705,Open = Low (Bullish Kuat),Tidak Ideal (< 1:1),Netral / Sideways,Sentimen Positif 📰,Normal / Sedang Transisi,Mendekati Fibo 23.6%,7,BELI,TIDAK ADA,2026-08-20 16:40:00,Biasa / Mengikuti Pasar
16:40,CBRE,Token Mati (Perlu Update),Mid Cap (Lapis 2),Overvalued (Mahal),0.0,293.62766,705.0,688,655,760,2.9197080291970803,6259600,Normal,54,Positif,Uptrend,Golden Cross,Bullish MACD,Perfect Uptrend (5>20>50),Normal,Distribusi (Turun),Gap Up (+2.2%),Seimbang / Adu Mekanik,Normal,Sedang,Normal,Area Tengah,> 1 Miliar,Di Atas VWAP (Kuat),Distribusi Pro (Guyuran),Ritel Aktif (5M - 50M),Normal (50-150%),Mark-Up (Fase Pesta),Spesialis Tiang Jemuran (Banting Pucuk),Normal,Naik 1 Hari Beruntun,TP: 744 | CL: 678,Normal,Menengah (1:1),Netral / Sideways,Sentimen Negatif ⚠️,Normal / Sedang Transisi,Mengambang (Jauh dari Fibo),6,WAIT & SEE,TIDAK ADA,2026-08-20 16:40:00,Biasa / Mengikuti Pasar
16:40,WINE,Token Mati (Perlu Update),Small Cap (Lapis 3),Undervalued (Murah),10.114069,1.0529649,133.0,142,130,169,0.0,746700,Normal,34,Negatif,Downtrend,Bearish,Strong Bearish,Strong Downtrend (5<20<50),Normal,Distribusi (Turun),Normal,Seimbang / Adu Mekanik,Normal,Tinggi,Doji (Ragu-ragu),Dekat Support (Low Risk),< 1 Miliar,Di Bawah VWAP (Lemah),Distribusi Pro (Guyuran),Gorengan Sepi (< 5M),Sepi (< 50%),Mark-Down (Fase Runtuh),Spesialis Tiang Jemuran (Banting Pucuk),Normal,Sideways / Stagnan,TP: 143 | CL: 126,Normal,Sangat Menarik (> 1:3),Oversold (Jenuh Jual - Peluang),Sentimen Positif 📰,Normal / Sedang Transisi,Mengambang (Jauh dari Fibo),1,WAIT & SEE,TIDAK ADA,2026-08-20 16:40:00,Biasa / Mengikuti Pasar
16:40,BMBL,Token Mati (Perlu Update),Small Cap (Lapis 3),Fair Value (Wajar),0.0,0.41555724,27.0,31,27,34,-10.0,63552900,Tembus MA20,26,Negatif,Downtrend,Bearish,Strong Bearish,Strong Downtrend (5<20<50),Distribusi Kuat,Distribusi (Turun),Normal,Dominan Jual (Guyur),Normal,Tinggi,Normal,Dekat Support (Low Risk),> 1 Miliar,Di Bawah VWAP (Lemah),Distribusi Pro (Guyuran),Gorengan Sepi (< 5M),Ledakan Ekstrem (> 300%),Mark-Down (Fase Runtuh),Solid (Jarang Dibanting),Normal,Turun 3 Hari Beruntun,TP: 30 | CL: 24,Open = High (Tekanan Jual),Di Area Support,Netral / Sideways,Netral / Sepi Berita,Supply Banjir (Distribusi) 🌊,Mengambang (Jauh dari Fibo),1,WAIT & SEE,TIDAK ADA,2026-08-20 16:40:00,🔥 ANOMALI BANDAR (Siap Ledakan)
16:40,PEVE,Token Mati (Perlu Update),Small Cap (Lapis 3),Fair Value (Wajar),0.0,1.561227,320.0,328,306,344,1.2658227848101267,1461800,Tembus MA20,46,Positif,Downtrend,Bearish,Strong Bearish,Konsolidasi / Transisi,Normal,Distribusi (Turun),Normal,Seimbang / Adu Mekanik,Normal,Sedang,Normal,Area Tengah,< 1 Miliar,Persis di VWAP,Akumulasi Pro (Smart Money),Gorengan Sepi (< 5M),Normal (50-150%),Distribution (Fase Jualan),Normal,Normal,Naik 1 Hari Beruntun,TP: 333 | CL: 310,Open = Low (Bullish Kuat),Ideal (1:2),Golden Cross (Awal Bullish),Netral / Sepi Berita,Normal / Sedang Transisi,Dekat Support Fibo 50.0%,2,WAIT & SEE,TIDAK ADA,2026-08-20 16:40:00,Biasa / Mengikuti Pasar
16:40,LAJU,Token Mati (Perlu Update),Small Cap (Lapis 3),Fair Value (Wajar),0.0,1.0568854,68.0,66,62,73,0.0,21637300,Normal,54,Negatif,Uptrend,Bullish,Strong Bullish,Perfect Uptrend (5>20>50),Normal,Akumulasi (Naik),Normal,Seimbang / Adu Mekanik,Normal,Sedang,Doji (Ragu-ragu),Area Tengah,> 1 Miliar,Di Bawah VWAP (Lemah),Distribusi Pro (Guyuran),Gorengan Sepi (< 5M),Normal (50-150%),Mark-Up (Fase Pesta),Spesialis Tiang Jemuran (Banting Pucuk),Normal,Sideways / Stagnan,TP: 73 | CL: 64,Normal,Tidak Ideal (< 1:1),Netral / Sideways,Sentimen Positif 📰,Normal / Sedang Transisi,Mendekati Fibo 50.0%,6,WAIT & SEE,TIDAK ADA,2026-08-20 16:40:00,Biasa / Mengikuti Pasar
16:40,FWCT,Token Mati (Perlu Update),Small Cap (Lapis 3),Fair Value (Wajar),0.0,0.5822006,95.0,92,85,105,-1.0416666666666665,5620200,Normal,58,Negatif,Uptrend,Bullish,Bearish MACD,Perfect Uptrend (5>20>50),Normal,Akumulasi (Naik),Normal,Seimbang / Adu Mekanik,Normal,Sedang,Normal,Rawan Pucuk (High Risk),< 1 Miliar,Di Atas VWAP (Kuat),Akumulasi Pro (Smart Money),Gorengan Sepi (< 5M),Normal (50-150%),Mark-Up (Fase Pesta),Spesialis Tiang Jemuran (Banting Pucuk),Normal,Turun 1 Hari Beruntun,TP: 102 | CL: 89,Open = High (Tekanan Jual),Menengah (1:1),Golden Cross (Awal Bullish),Sentimen Negatif ⚠️,Normal / Sedang Transisi,Dekat Support Fibo 38.2%,4,WAIT & SEE,TIDAK ADA,2026-08-20 16:40:00,Biasa / Mengikuti Pasar
16:40,NAYZ,Token Mati (Perlu Update),Small Cap (Lapis 3),Fair Value (Wajar),0.0,2.6705887,69.0,58,54,69,9.523809523809524,60220800,Tembus MA20,68,Positif,Uptrend,Bullish,Strong Bullish,Perfect Uptrend (5>20>50),Normal,Akumulasi (Naik),Gap Up (+9.5%),Dominan Beli (Hajar Kanan),Breakout Upper,Tinggi,Doji (Ragu-ragu),Rawan Pucuk (High Risk),> 1 Miliar,Di Atas VWAP (Kuat),Akumulasi Pro (Smart Money),Gorengan Sepi (< 5M),Anomali Tinggi (150-300%),Mark-Up (Fase Pesta),Normal,Jarum Bawah (Sinyal Pantulan Kuat),Naik 2 Hari Beruntun,TP: 74 | CL: 65,Normal,Tidak Ideal (< 1:1),Netral / Sideways,Sentimen Positif 📰,Normal / Sedang Transisi,Mengambang (Jauh dari Fibo),10,BELI,TIDAK ADA,2026-08-20 16:40:00,Biasa / Mengikuti Pasar
16:40,IRSX,Token Mati (Perlu Update),Mid Cap (Lapis 2),Overvalued (Mahal),85.18518,7.5412927,368.0,347,272,394,0.546448087431694,46415500,Normal,59,Positif,Uptrend,Bullish,Strong Bullish,Perfect Uptrend (5>20>50),Normal,Akumulasi (Naik),Gap Up (+2.2%),Dominan Jual (Guyur),Normal,Tinggi,Normal,Rawan Pucuk (High Risk),> 1 Miliar,Persis di VWAP,Distribusi Pro (Guyuran),Ritel Aktif (5M - 50M),Normal (50-150%),Mark-Up (Fase Pesta),Spesialis Tiang Jemuran (Banting Pucuk),Normal,Naik 1 Hari Beruntun,TP: 404 | CL: 344,Normal,Tidak Ideal (< 1:1),Death Cross (Awal Bearish),Sentimen Positif 📰,Normal / Sedang Transisi,Dekat Support Fibo 38.2%,8,BELI,TIDAK ADA,2026-08-20 16:40:00,Biasa / Mengikuti Pasar
16:40,PACK,Token Mati (Perlu Update),Big Cap (Lapis 1),Overvalued (Mahal),17.688442,5.1549416,352.0,261,214,352,10.0,94682400,Normal,77,Positif,Uptrend,Bullish,Strong Bullish,Perfect Uptrend (5>20>50),Normal,Akumulasi (Naik),Gap Up (+3.8%),Dominan Beli (Hajar Kanan),Breakout Upper,Tinggi,Marubozu (Strong Bullish),Rawan Pucuk (High Risk),> 1 Miliar,Di Atas VWAP (Kuat),Akumulasi Pro (Smart Money),Sultan (> 50M/hari),Sepi (< 50%),Mark-Up (Fase Pesta),Normal,Normal,Naik 1 Hari Beruntun,TP: 389 | CL: 327,Open = Low (Bullish Kuat),Tidak Ideal (< 1:1),Overbought (Jenuh Beli - Rawan),Netral / Sepi Berita,Normal / Sedang Transisi,Mengambang (Jauh dari Fibo),8,BELI,TIDAK ADA,2026-08-20 16:40:00,Biasa / Mengikuti Pasar
16:40,VAST,Token Mati (Perlu Update),Small Cap (Lapis 3),Fair Value (Wajar),0.0,0.9016229,117.0,115,111,124,0.8620689655172413,1480000,Normal,54,Positif,Uptrend,Bearish,Bullish MACD,Konsolidasi / Transisi,Normal,Akumulasi (Naik),Normal,Seimbang / Adu Mekanik,Squeeze,Rendah,Normal,Area Tengah,< 1 Miliar,Di Atas VWAP (Kuat),Akumulasi Pro (Smart Money),Gorengan Sepi (< 5M),Normal (50-150%),Accumulation (Kumpul Barang),Normal,Normal,Naik 3 Hari Beruntun,TP: 123 | CL: 112,Open = Low (Bullish Kuat),Menengah (1:1),Golden Cross (Awal Bullish),Netral / Sepi Berita,Normal / Sedang Transisi,Mendekati Fibo 50.0%,5,WAIT & SEE,TIDAK ADA,2026-08-20 16:40:00,Biasa / Mengikuti Pasar
16:40,CHIP,Token Mati (Perlu Update),Small Cap (Lapis 3),Overvalued (Mahal),123.28767,9.960711,900.0,907,860,945,2.272727272727273,61600,Normal,45,Positif,Downtrend,Bearish,Strong Bearish,Strong Downtrend (5<20<50),Normal,Akumulasi (Naik),Normal,Dominan Beli (Hajar Kanan),Squeeze,Rendah,Normal,Area Tengah,< 1 Miliar,Di Atas VWAP (Kuat),Akumulasi Pro (Smart Money),Gorengan Sepi (< 5M),Normal (50-150%),Mark-Down (Fase Runtuh),Solid (Jarang Dibanting),Normal,Naik 1 Hari Beruntun,TP: 950 | CL: 866,Normal,Menengah (1:1),Golden Cross (Awal Bullish),Sentimen Negatif ⚠️,Normal / Sedang Transisi,Dekat Support Fibo 78.6%,3,WAIT & SEE,TIDAK ADA,2026-08-20 16:40:00,Biasa / Mengikuti Pasar
16:40,HALO,Token Mati (Perlu Update),Small Cap (Lapis 3),Fair Value (Wajar),0.0,1.6781836,67.0,69,64,76,0.0,3511400,Normal,47,Negatif,Downtrend,Death Cross,Bearish MACD,Konsolidasi / Transisi,Normal,Distribusi (Turun),Normal,Seimbang / Adu Mekanik,Normal,Sedang,Doji (Ragu-ragu),Area Tengah,< 1 Miliar,Di Bawah VWAP (Lemah),Distribusi Pro (Guyuran),Gorengan Sepi (< 5M),Sepi (< 50%),Distribution (Fase Jualan),Spesialis Tiang Jemuran (Banting Pucuk),Normal,Sideways / Stagnan,TP: 72 | CL: 63,Normal,Sangat Menarik (> 1:3),Oversold (Jenuh Jual - Peluang),Netral / Sepi Berita,Normal / Sedang Transisi,Mendekati Fibo 61.8% (Golden Ratio),0,WAIT & SEE,TIDAK ADA,2026-08-20 16:40:00,Biasa / Mengikuti Pasar
16:40,KING,Token Mati (Perlu Update),Small Cap (Lapis 3),Overvalued (Mahal),0.0,10.664877,286.0,278,260,310,-4.666666666666667,240100,Normal,44,Negatif,Uptrend,Bullish,Bullish MACD,Awal Reversal (5>20),Normal,Akumulasi (Naik),Normal,Dominan Jual (Guyur),Normal,Tinggi,Normal,Rawan Pucuk (High Risk),< 1 Miliar,Di Bawah VWAP (Lemah),Akumulasi Pro (Smart Money),Gorengan Sepi (< 5M),Normal (50-150%),Accumulation (Kumpul Barang),Spesialis Tiang Jemuran (Banting Pucuk),Normal,Turun 1 Hari Beruntun,TP: 312 | CL: 268,Normal,Tidak Ideal (< 1:1),Netral / Sideways,Sentimen Negatif ⚠️,Normal / Sedang Transisi,Mengambang (Jauh dari Fibo),4,WAIT & SEE,TIDAK ADA,2026-08-20 16:40:00,Biasa / Mengikuti Pasar
16:40,PGEO,Token Mati (Perlu Update),Big Cap (Lapis 1),Overvalued (Mahal),17.128222,22291.666,1065.0,1044,970,1140,1.4285714285714286,10350500,Normal,56,Positif,Uptrend,Bullish,Bearish MACD,Perfect Uptrend (5>20>50),Normal,Akumulasi (Naik),Normal,Dominan Beli (Hajar Kanan),Normal,Sedang,Normal,Area Tengah,> 1 Miliar,Di Bawah VWAP (Lemah),Distribusi Pro (Guyuran),Ritel Aktif (5M - 50M),Sepi (< 50%),Mark-Up (Fase Pesta),Normal,Normal,Naik 1 Hari Beruntun,TP: 1127 | CL: 1023,Open = Low (Bullish Kuat),Tidak Ideal (< 1:1),Netral / Sideways,Netral / Sepi Berita,Normal / Sedang Transisi,Dekat Support Fibo 23.6%,6,WAIT & SEE,TIDAK ADA,2026-08-20 16:40:00,Biasa / Mengikuti Pasar
16:40,FUTR,Token Mati (Perlu Update),Mid Cap (Lapis 2),Overvalued (Mahal),0.0,12.514666,320.0,314,246,376,-0.6211180124223602,46378400,Normal,56,Negatif,Uptrend,Bullish,Bearish MACD,Perfect Uptrend (5>20>50),Normal,Akumulasi (Naik),Normal,Seimbang / Adu Mekanik,Normal,Tinggi,Normal,Rawan Pucuk (High Risk),> 1 Miliar,Persis di VWAP,Akumulasi Pro (Smart Money),Ritel Aktif (5M - 50M),Sepi (< 50%),Mark-Up (Fase Pesta),Normal,Normal,Turun 1 Hari Beruntun,TP: 368 | CL: 287,Normal,Tidak Ideal (< 1:1),Netral / Sideways,Sentimen Positif 📰,Normal / Sedang Transisi,Mendekati Fibo 23.6%,5,WAIT & SEE,TIDAK ADA,2026-08-20 16:40:00,Biasa / Mengikuti Pasar
16:40,HILL,Token Mati (Perlu Update),Small Cap (Lapis 3),Fair Value (Wajar),0.0,-2.4286582,16.0,16,16,16,0.0,0,Normal,49,Negatif,Downtrend,Bearish,Bullish MACD,Konsolidasi / Transisi,Normal,Netral,Normal,Tidak Ada Transaksi,Squeeze,Rendah,Doji (Ragu-ragu),Dekat Support (Low Risk),< 1 Miliar,Di Atas VWAP (Kuat),Netral,Gorengan Sepi (< 5M),Normal (50-150%),Sideways,Solid (Jarang Dibanting),Normal,Sideways / Stagnan,TP: 17 | CL: 15,Normal,Di Area Support,Oversold (Jenuh Jual - Peluang),Netral / Sepi Berita,Normal / Sedang Transisi,Golden Rebound Fibo 50.0% 🎯,1,WAIT & SEE,TIDAK ADA,2026-08-20 16:40:00,Biasa / Mengikuti Pasar
16:40,BDKR,Token Mati (Perlu Update),Small Cap (Lapis 3),Overvalued (Mahal),28.822495,0.9508459,164.0,159,144,174,3.1446540880503147,10968900,Normal,60,Positif,Uptrend,Bullish,Bearish MACD,Perfect Uptrend (5>20>50),Normal,Akumulasi (Naik),Normal,Dominan Beli (Hajar Kanan),Normal,Tinggi,Marubozu (Strong Bullish),Rawan Pucuk (High Risk),> 1 Miliar,Di Atas VWAP (Kuat),Akumulasi Pro (Smart Money),Gorengan Sepi (< 5M),Normal (50-150%),Mark-Up (Fase Pesta),Solid (Jarang Dibanting),Normal,Naik 1 Hari Beruntun,TP: 173 | CL: 157,Open = Low (Bullish Kuat),Tidak Ideal (< 1:1),Netral / Sideways,Sentimen Positif 📰,Normal / Sedang Transisi,Mendekati Fibo 23.6%,7,BELI,TIDAK ADA,2026-08-20 16:40:00,Biasa / Mengikuti Pasar
16:40,PTMP,Token Mati (Perlu Update),Small Cap (Lapis 3),Fair Value (Wajar),0.0,1.2099776,65.0,64,59,85,0.0,8785600,Normal,54,Negatif,Uptrend,Bullish,Bearish MACD,Perfect Uptrend (5>20>50),Normal,Distribusi (Turun),Normal,Seimbang / Adu Mekanik,Normal,Sedang,Normal,Rawan Pucuk (High Risk),< 1 Miliar,Di Bawah VWAP (Lemah),Akumulasi Pro (Smart Money),Gorengan Sepi (< 5M),Sepi (< 50%),Mark-Up (Fase Pesta),Spesialis Tiang Jemuran (Banting Pucuk),Normal,Sideways / Stagnan,TP: 71 | CL: 60,Open = High (Tekanan Jual),Sangat Menarik (> 1:3),Netral / Sideways,Sentimen Positif 📰,Normal / Sedang Transisi,Mendekati Fibo 61.8% (Golden Ratio),4,WAIT & SEE,TIDAK ADA,2026-08-20 16:40:00,Biasa / Mengikuti Pasar
16:40,SAGE,Token Mati (Perlu Update),Small Cap (Lapis 3),Fair Value (Wajar),0.0,0.84844023,30.0,32,30,38,0.0,2224200,Normal,44,Negatif,Downtrend,Bearish,Strong Bearish,Konsolidasi / Transisi,Normal,Distribusi (Turun),Normal,Tidak Ada Transaksi,Bottom Rebound,Tinggi,Doji (Ragu-ragu),Dekat Support (Low Risk),< 1 Miliar,Di Bawah VWAP (Lemah),Distribusi Pro (Guyuran),Gorengan Sepi (< 5M),Normal (50-150%),Distribution (Fase Jualan),Normal,Normal,Sideways / Stagnan,TP: 31 | CL: 28,Normal,Di Area Support,Oversold (Jenuh Jual - Peluang),Netral / Sepi Berita,Normal / Sedang Transisi,Golden Rebound Fibo 50.0% 🎯,0,WAIT & SEE,TIDAK ADA,2026-08-20 16:40:00,Biasa / Mengikuti Pasar
16:40,TRON,Token Mati (Perlu Update),Small Cap (Lapis 3),Fair Value (Wajar),0.0,1.6864523,103.0,105,98,124,3.0,7017300,Normal,49,Positif,Downtrend,Bearish,Strong Bearish,Konsolidasi / Transisi,Normal,Akumulasi (Naik),Normal,Dominan Beli (Hajar Kanan),Normal,Tinggi,Normal,Area Tengah,< 1 Miliar,Di Atas VWAP (Kuat),Distribusi Pro (Guyuran),Gorengan Sepi (< 5M),Normal (50-150%),Distribution (Fase Jualan),Spesialis Tiang Jemuran (Banting Pucuk),Normal,Naik 1 Hari Beruntun,TP: 109 | CL: 98,Normal,Sangat Menarik (> 1:3),Golden Cross (Awal Bullish),Netral / Sepi Berita,Normal / Sedang Transisi,Mendekati Fibo 50.0%,3,WAIT & SEE,TIDAK ADA,2026-08-20 16:40:00,Biasa / Mengikuti Pasar
16:40,CUAN,Token Mati (Perlu Update),Big Cap (Lapis 1),Overvalued (Mahal),35.683205,273333.34,820.0,734,635,885,0.6134969325153374,246994800,Normal,63,Positif,Uptrend,Bullish,Strong Bullish,Perfect Uptrend (5>20>50),Normal,Distribusi (Turun),Normal,Dominan Jual (Guyur),Normal,Tinggi,Normal,Rawan Pucuk (High Risk),> 1 Miliar,Di Bawah VWAP (Lemah),Distribusi Pro (Guyuran),Sultan (> 50M/hari),Sepi (< 50%),Mark-Up (Fase Pesta),Spesialis Tiang Jemuran (Banting Pucuk),Normal,Naik 1 Hari Beruntun,TP: 897 | CL: 768,Normal,Tidak Ideal (< 1:1),Death Cross (Awal Bearish),Sentimen Positif 📰,Normal / Sedang Transisi,Mendekati Fibo 23.6%,6,WAIT & SEE,TIDAK ADA,2026-08-20 16:40:00,Biasa / Mengikuti Pasar
16:40,NSSS,Token Mati (Perlu Update),Big Cap (Lapis 1),Overvalued (Mahal),32.384342,9.522314,910.0,942,770,1190,1.675977653631285,10548400,Normal,54,Positif,Downtrend,Bearish,Bearish MACD,Konsolidasi / Transisi,Normal,Distribusi (Turun),Gap Up (+2.8%),Seimbang / Adu Mekanik,Normal,Tinggi,Normal,Rawan Pucuk (High Risk),> 1 Miliar,Di Atas VWAP (Kuat),Distribusi Pro (Guyuran),Ritel Aktif (5M - 50M),Normal (50-150%),Distribution (Fase Jualan),Spesialis Tiang Jemuran (Banting Pucuk),Normal,Naik 1 Hari Beruntun,TP: 1041 | CL: 822,Normal,Ideal (1:2),Golden Cross (Awal Bullish),Netral / Sepi Berita,Normal / Sedang Transisi,Mendekati Fibo 38.2%,3,WAIT & SEE,TIDAK ADA,2026-08-20 16:40:00,Biasa / Mengikuti Pasar
16:40,GTRA,Token Mati (Perlu Update),Small Cap (Lapis 3),Fair Value (Wajar),0.0,1.062843,228.0,238,220,268,0.0,153500,Normal,49,Negatif,Downtrend,Bearish,Bearish MACD,Konsolidasi / Transisi,Normal,Distribusi (Turun),Normal,Seimbang / Adu Mekanik,Normal,Sedang,Doji (Ragu-ragu),Area Tengah,< 1 Miliar,Persis di VWAP,Akumulasi Pro (Smart Money),Gorengan Sepi (< 5M),Sepi (< 50%),Distribution (Fase Jualan),Spesialis Tiang Jemuran (Banting Pucuk),Normal,Sideways / Stagnan,TP: 247 | CL: 215,Normal,Sangat Menarik (> 1:3),Oversold (Jenuh Jual - Peluang),Sentimen Positif 📰,Normal / Sedang Transisi,Golden Rebound Fibo 38.2% 🎯,1,WAIT & SEE,TIDAK ADA,2026-08-20 16:40:00,Biasa / Mengikuti Pasar
16:40,HAJJ,Token Mati (Perlu Update),Small Cap (Lapis 3),Fair Value (Wajar),0.0,1.330177,118.0,106,100,118,5.357142857142857,11910600,Tembus MA20,68,Positif,Uptrend,Bullish,Strong Bullish,Perfect Uptrend (5>20>50),Normal,Akumulasi (Naik),Normal,Dominan Beli (Hajar Kanan),Breakout Upper,Sedang,Marubozu (Strong Bullish),Rawan Pucuk (High Risk),> 1 Miliar,Di Atas VWAP (Kuat),Akumulasi Pro (Smart Money),Gorengan Sepi (< 5M),Normal (50-150%),Mark-Up (Fase Pesta),Normal,Normal,Naik 4 Hari Beruntun,TP: 124 | CL: 113,Open = Low (Bullish Kuat),Tidak Ideal (< 1:1),Overbought (Jenuh Beli - Rawan),Sentimen Positif 📰,Normal / Sedang Transisi,Mendekati Fibo 38.2%,9,BELI,TIDAK ADA,2026-08-20 16:40:00,Biasa / Mengikuti Pasar
16:40,JATI,Token Mati (Perlu Update),Small Cap (Lapis 3),Fair Value (Wajar),0.0,1.8250461,102.0,97,92,108,2.0,18831900,Tembus MA20,62,Positif,Uptrend,Bullish,Strong Bullish,Perfect Uptrend (5>20>50),Normal,Akumulasi (Naik),Normal,Seimbang / Adu Mekanik,Normal,Sedang,Normal,Rawan Pucuk (High Risk),> 1 Miliar,Persis di VWAP,Distribusi Pro (Guyuran),Gorengan Sepi (< 5M),Normal (50-150%),Mark-Up (Fase Pesta),Spesialis Tiang Jemuran (Banting Pucuk),Normal,Naik 2 Hari Beruntun,TP: 107 | CL: 98,Open = Low (Bullish Kuat),Tidak Ideal (< 1:1),Netral / Sideways,Sentimen Positif 📰,Normal / Sedang Transisi,Dekat Support Fibo 50.0%,8,BELI,TIDAK ADA,2026-08-20 16:40:00,Biasa / Mengikuti Pasar
16:40,TYRE,Token Mati (Perlu Update),Small Cap (Lapis 3),Fair Value (Wajar),0.0,1.1540387,113.0,113,106,132,0.0,283800,Normal,50,Negatif,Downtrend,Bearish,Bearish MACD,Konsolidasi / Transisi,Normal,Akumulasi (Naik),Normal,Seimbang / Adu Mekanik,Squeeze,Rendah,Normal,Area Tengah,< 1 Miliar,Persis di VWAP,Akumulasi Pro (Smart Money),Gorengan Sepi (< 5M),Normal (50-150%),Distribution (Fase Jualan),Normal,Normal,Sideways / Stagnan,TP: 119 | CL: 108,Normal,Ideal (1:2),Netral / Sideways,Netral / Sepi Berita,Supply Kering (Siap Pump) 🏜️,Golden Rebound Fibo 50.0% 🎯,1,WAIT & SEE,TIDAK ADA,2026-08-20 16:40:00,Biasa / Mengikuti Pasar
16:40,MPXL,Token Mati (Perlu Update),Small Cap (Lapis 3),Overvalued (Mahal),0.0,3.6398096,169.0,157,140,173,1.8072289156626504,444400,Normal,67,Positif,Uptrend,Bullish,Strong Bullish,Perfect Uptrend (5>20>50),Normal,Akumulasi (Naik),Normal,Dominan Beli (Hajar Kanan),Normal,Tinggi,Normal,Rawan Pucuk (High Risk),< 1 Miliar,Di Atas VWAP (Kuat),Akumulasi Pro (Smart Money),Gorengan Sepi (< 5M),Normal (50-150%),Mark-Up (Fase Pesta),Normal,Normal,Naik 1 Hari Beruntun,TP: 179 | CL: 162,Normal,Tidak Ideal (< 1:1),Overbought (Jenuh Beli - Rawan),Sentimen Positif 📰,Normal / Sedang Transisi,Mendekati Fibo 23.6%,8,BELI,TIDAK ADA,2026-08-20 16:40:00,Biasa / Mengikuti Pasar
16:40,SMIL,Token Mati (Perlu Update),Mid Cap (Lapis 2),Overvalued (Mahal),44.70046,4.405036,388.0,390,320,432,3.7433155080213902,25625900,Normal,58,Positif,Downtrend,Bearish,Bearish MACD,Konsolidasi / Transisi,Normal,Akumulasi (Naik),Normal,Dominan Beli (Hajar Kanan),Normal,Tinggi,Normal,Rawan Pucuk (High Risk),> 1 Miliar,Di Atas VWAP (Kuat),Akumulasi Pro (Smart Money),Ritel Aktif (5M - 50M),Normal (50-150%),Distribution (Fase Jualan),Normal,Normal,Naik 2 Hari Beruntun,TP: 417 | CL: 368,Normal,Tidak Ideal (< 1:1),Golden Cross (Awal Bullish),Sentimen Positif 📰,Normal / Sedang Transisi,Dekat Support Fibo 23.6%,5,WAIT & SEE,TIDAK ADA,2026-08-20 16:40:00,Biasa / Mengikuti Pasar
16:40,KLAS,Token Mati (Perlu Update),Small Cap (Lapis 3),Fair Value (Wajar),0.0,1.0987073,81.0,76,68,82,1.25,6016400,Normal,68,Positif,Uptrend,Bullish,Strong Bullish,Perfect Uptrend (5>20>50),Normal,Distribusi (Turun),Normal,Seimbang / Adu Mekanik,Normal,Tinggi,Normal,Rawan Pucuk (High Risk),< 1 Miliar,Di Atas VWAP (Kuat),Distribusi Pro (Guyuran),Gorengan Sepi (< 5M),Normal (50-150%),Mark-Up (Fase Pesta),Normal,Normal,Naik 1 Hari Beruntun,TP: 85 | CL: 77,Normal,Tidak Ideal (< 1:1),Overbought (Jenuh Beli - Rawan),Sentimen Positif 📰,Normal / Sedang Transisi,Mengambang (Jauh dari Fibo),6,WAIT & SEE,TIDAK ADA,2026-08-20 16:40:00,Biasa / Mengikuti Pasar
16:40,MAXI,Token Mati (Perlu Update),Small Cap (Lapis 3),Overvalued (Mahal),0.0,3.705076,50.0,50,50,51,0.0,155400,Normal,0,Negatif,Downtrend,Bearish,Bearish MACD,Konsolidasi / Transisi,Normal,Netral,Normal,Tidak Ada Transaksi,Squeeze,Rendah,Doji (Ragu-ragu),Dekat Support (Low Risk),< 1 Miliar,Persis di VWAP,Netral,Gorengan Sepi (< 5M),Sepi (< 50%),Sideways,Normal,Normal,Sideways / Stagnan,TP: 51 | CL: 49,Normal,Di Area Support,Oversold (Jenuh Jual - Peluang),Netral / Sepi Berita,Supply Kering (Siap Pump) 🏜️,Golden Rebound Fibo Bottom / 100% 🎯,0,WAIT & SEE,TIDAK ADA,2026-08-20 16:40:00,Biasa / Mengikuti Pasar
16:40,VKTR,Token Mati (Perlu Update),Big Cap (Lapis 1),Overvalued (Mahal),0.0,38.621387,930.0,814,695,960,6.2857142857142865,158014800,Tembus MA20,63,Positif,Uptrend,Bullish,Strong Bullish,Perfect Uptrend (5>20>50),Normal,Akumulasi (Naik),Normal,Seimbang / Adu Mekanik,Normal,Tinggi,Normal,Rawan Pucuk (High Risk),> 1 Miliar,Di Atas VWAP (Kuat),Distribusi Pro (Guyuran),Sultan (> 50M/hari),Normal (50-150%),Mark-Up (Fase Pesta),Spesialis Tiang Jemuran (Banting Pucuk),Normal,Naik 1 Hari Beruntun,TP: 1037 | CL: 858,Open = Low (Bullish Kuat),Tidak Ideal (< 1:1),Netral / Sideways,Sentimen Positif 📰,Normal / Sedang Transisi,Mengambang (Jauh dari Fibo),8,BELI,TIDAK ADA,2026-08-20 16:40:00,Biasa / Mengikuti Pasar
16:40,RELF,Token Mati (Perlu Update),Small Cap (Lapis 3),Fair Value (Wajar),0.0,0.79580563,35.0,35,33,40,0.0,1250200,Normal,50,Negatif,Downtrend,Bearish,Strong Bearish,Konsolidasi / Transisi,Normal,Distribusi (Turun),Gap Down (-2.9%),Dominan Beli (Hajar Kanan),Normal,Sedang,Marubozu (Strong Bullish),Area Tengah,< 1 Miliar,Di Atas VWAP (Kuat),Akumulasi Pro (Smart Money),Gorengan Sepi (< 5M),Normal (50-150%),Distribution (Fase Jualan),Normal,Normal,Sideways / Stagnan,TP: 37 | CL: 33,Open = Low (Bullish Kuat),Ideal (1:2),Netral / Sideways,Netral / Sepi Berita,Normal / Sedang Transisi,Dekat Support Fibo 61.8% (Golden Ratio),1,WAIT & SEE,TIDAK ADA,2026-08-20 16:40:00,Biasa / Mengikuti Pasar
16:40,AMMN,Token Mati (Perlu Update),Big Cap (Lapis 1),Overvalued (Mahal),31.005606,58947.37,4470.0,4218,3810,4550,7.971014492753622,154958500,Tembus MA20,62,Positif,Uptrend,Bullish,Bearish MACD,Perfect Uptrend (5>20>50),Normal,Akumulasi (Naik),Gap Up (+2.4%),Dominan Beli (Hajar Kanan),Normal,Sedang,Marubozu (Strong Bullish),Rawan Pucuk (High Risk),> 1 Miliar,Di Atas VWAP (Kuat),Akumulasi Pro (Smart Money),Sultan (> 50M/hari),Anomali Tinggi (150-300%),Mark-Up (Fase Pesta),Spesialis Tiang Jemuran (Banting Pucuk),Normal,Naik 1 Hari Beruntun,TP: 4765 | CL: 4272,Open = Low (Bullish Kuat),Tidak Ideal (< 1:1),Netral / Sideways,Sentimen Positif 📰,Normal / Sedang Transisi,Mengambang (Jauh dari Fibo),9,BELI,TIDAK ADA,2026-08-20 16:40:00,Biasa / Mengikuti Pasar
16:40,CRSN,Token Mati (Perlu Update),Small Cap (Lapis 3),Fair Value (Wajar),0.0,1.5410043,125.0,113,100,136,5.932203389830509,3672500,Tembus MA20,69,Positif,Uptrend,Bullish,Strong Bullish,Perfect Uptrend (5>20>50),Normal,Akumulasi (Naik),Normal,Seimbang / Adu Mekanik,Normal,Tinggi,Normal,Rawan Pucuk (High Risk),< 1 Miliar,Di Atas VWAP (Kuat),Distribusi Pro (Guyuran),Gorengan Sepi (< 5M),Normal (50-150%),Mark-Up (Fase Pesta),Spesialis Tiang Jemuran (Banting Pucuk),Normal,Naik 1 Hari Beruntun,TP: 139 | CL: 115,Normal,Tidak Ideal (< 1:1),Netral / Sideways,Sentimen Positif 📰,Normal / Sedang Transisi,Dekat Support Fibo 23.6%,8,BELI,TIDAK ADA,2026-08-20 16:40:00,Biasa / Mengikuti Pasar
16:40,GRPM,Token Mati (Perlu Update),Small Cap (Lapis 3),Overvalued (Mahal),0.0,3.4976914,175.0,218,160,264,-0.5681818181818182,1305000,Normal,29,Negatif,Downtrend,Bearish,Strong Bearish,Strong Downtrend (5<20<50),Normal,Distribusi (Turun),Normal,Seimbang / Adu Mekanik,Normal,Tinggi,Normal,Area Tengah,< 1 Miliar,Di Bawah VWAP (Lemah),Distribusi Pro (Guyuran),Gorengan Sepi (< 5M),Sepi (< 50%),Mark-Down (Fase Runtuh),Normal,Normal,Turun 1 Hari Beruntun,TP: 208 | CL: 152,Normal,Sangat Menarik (> 1:3),Oversold (Jenuh Jual - Peluang),Sentimen Positif 📰,Normal / Sedang Transisi,Mengambang (Jauh dari Fibo),1,WAIT & SEE,TIDAK ADA,2026-08-20 16:40:00,Biasa / Mengikuti Pasar
16:40,WIDI,Token Mati (Perlu Update),Small Cap (Lapis 3),Fair Value (Wajar),0.0,0.9457297,26.0,25,24,29,8.333333333333332,24523800,Tembus MA20,52,Positif,Uptrend,Bearish,Strong Bearish,Strong Downtrend (5<20<50),Akumulasi Kuat,Akumulasi (Naik),Gap Up (+4.2%),Dominan Beli (Hajar Kanan),Normal,Tinggi,Normal,Area Tengah,< 1 Miliar,Di Atas VWAP (Kuat),Akumulasi Pro (Smart Money),Gorengan Sepi (< 5M),Ledakan Ekstrem (> 300%),Accumulation (Kumpul Barang),Normal,Normal,Naik 1 Hari Beruntun,TP: 28 | CL: 24,Normal,Ideal (1:2),Netral / Sideways,Netral / Sepi Berita,Normal / Sedang Transisi,Mengambang (Jauh dari Fibo),8,BELI,TIDAK ADA,2026-08-20 16:40:00,Biasa / Mengikuti Pasar
16:40,TGUK,Token Mati (Perlu Update),Small Cap (Lapis 3),Overvalued (Mahal),0.0,3.7419899,80.0,114,73,137,-8.045977011494253,7344300,Normal,18,Negatif,Downtrend,Bearish,Strong Bearish,Strong Downtrend (5<20<50),Normal,Distribusi (Turun),Gap Down (-4.6%),Dominan Jual (Guyur),Normal,Tinggi,Normal,Area Tengah,< 1 Miliar,Di Bawah VWAP (Lemah),Distribusi Pro (Guyuran),Gorengan Sepi (< 5M),Sepi (< 50%),Mark-Down (Fase Runtuh),Normal,Normal,Turun 2 Hari Beruntun,TP: 91 | CL: 72,Open = High (Tekanan Jual),Sangat Menarik (> 1:3),Oversold (Jenuh Jual - Peluang),Sentimen Positif 📰,Supply Banjir (Distribusi) 🌊,Mengambang (Jauh dari Fibo),1,WAIT & SEE,TIDAK ADA,2026-08-20 16:40:00,🔥 ANOMALI BANDAR (Siap Ledakan)
16:40,INET,Token Mati (Perlu Update),Mid Cap (Lapis 2),Overvalued (Mahal),131.35594,1.906906,310.0,238,206,324,7.638888888888889,854063600,Tembus MA20,75,Positif,Uptrend,Bullish,Strong Bullish,Perfect Uptrend (5>20>50),Akumulasi Kuat,Akumulasi (Naik),Normal,Dominan Beli (Hajar Kanan),Breakout Upper,Tinggi,Normal,Rawan Pucuk (High Risk),> 1 Miliar,Di Atas VWAP (Kuat),Akumulasi Pro (Smart Money),Sultan (> 50M/hari),Anomali Tinggi (150-300%),Mark-Up (Fase Pesta),Spesialis Tiang Jemuran (Banting Pucuk),Normal,Naik 1 Hari Beruntun,TP: 341 | CL: 288,Open = Low (Bullish Kuat),Tidak Ideal (< 1:1),Overbought (Jenuh Beli - Rawan),Sentimen Positif 📰,Normal / Sedang Transisi,Mengambang (Jauh dari Fibo),10,BELI,TIDAK ADA,2026-08-20 16:40:00,⚠️ Anomali (Sudah Terbang)
16:40,MAHA,Token Mati (Perlu Update),Mid Cap (Lapis 2),Undervalued (Murah),6.5783668,1.3318793,149.0,144,137,155,1.3605442176870748,5855800,Tembus MA20,64,Positif,Uptrend,Bullish,Strong Bullish,Perfect Uptrend (5>20>50),Normal,Akumulasi (Naik),Normal,Seimbang / Adu Mekanik,Squeeze,Rendah,Normal,Area Tengah,< 1 Miliar,Persis di VWAP,Distribusi Pro (Guyuran),Gorengan Sepi (< 5M),Normal (50-150%),Mark-Up (Fase Pesta),Spesialis Tiang Jemuran (Banting Pucuk),Normal,Naik 1 Hari Beruntun,TP: 154 | CL: 145,Normal,Tidak Ideal (< 1:1),Netral / Sideways,Netral / Sepi Berita,Normal / Sedang Transisi,Dekat Support Fibo 23.6%,7,BELI,TIDAK ADA,2026-08-20 16:40:00,Biasa / Mengikuti Pasar
16:40,RMKO,Token Mati (Perlu Update),Small Cap (Lapis 3),Fair Value (Wajar),0.0,2.7712212,290.0,291,272,350,-0.684931506849315,4261100,Normal,46,Negatif,Downtrend,Bearish,Bullish MACD,Strong Downtrend (5<20<50),Normal,Akumulasi (Naik),Normal,Seimbang / Adu Mekanik,Normal,Tinggi,Normal,Area Tengah,> 1 Miliar,Persis di VWAP,Distribusi Pro (Guyuran),Gorengan Sepi (< 5M),Normal (50-150%),Mark-Down (Fase Runtuh),Spesialis Tiang Jemuran (Banting Pucuk),Normal,Turun 1 Hari Beruntun,TP: 314 | CL: 273,Normal,Sangat Menarik (> 1:3),Golden Cross (Awal Bullish),Sentimen Negatif ⚠️,Supply Banjir (Distribusi) 🌊,Mengambang (Jauh dari Fibo),2,WAIT & SEE,TIDAK ADA,2026-08-20 16:40:00,Biasa / Mengikuti Pasar
16:40,CNMA,Token Mati (Perlu Update),Mid Cap (Lapis 2),Fair Value (Wajar),12.907801,2.027584,92.0,93,89,103,-1.0752688172043012,46481400,Tembus MA20,47,Negatif,Downtrend,Bullish,Bearish MACD,Perfect Uptrend (5>20>50),Normal,Distribusi (Turun),Normal,Seimbang / Adu Mekanik,Normal,Sedang,Normal,Area Tengah,> 1 Miliar,Di Bawah VWAP (Lemah),Distribusi Pro (Guyuran),Gorengan Sepi (< 5M),Normal (50-150%),Distribution (Fase Jualan),Spesialis Tiang Jemuran (Banting Pucuk),Normal,Turun 2 Hari Beruntun,TP: 98 | CL: 87,Normal,Sangat Menarik (> 1:3),Netral / Sideways,Sentimen Positif 📰,Normal / Sedang Transisi,Dekat Support Fibo 50.0%,3,WAIT & SEE,TIDAK ADA,2026-08-20 16:40:00,Biasa / Mengikuti Pasar
16:40,FOLK,Token Mati (Perlu Update),Small Cap (Lapis 3),Overvalued (Mahal),0.0,5.9262376,204.0,203,160,228,20.710059171597635,38118700,Tembus MA20,51,Positif,Uptrend,Bearish,Strong Bearish,Konsolidasi / Transisi,Akumulasi Kuat,Akumulasi (Naik),Normal,Seimbang / Adu Mekanik,Normal,Tinggi,Normal,Rawan Pucuk (High Risk),> 1 Miliar,Di Atas VWAP (Kuat),Distribusi Pro (Guyuran),Gorengan Sepi (< 5M),Ledakan Ekstrem (> 300%),Mark-Up (Fase Pesta),Normal,Normal,Naik 1 Hari Beruntun,TP: 229 | CL: 187,Normal,Tidak Ideal (< 1:1),Netral / Sideways,Sentimen Positif 📰,Normal / Sedang Transisi,Mengambang (Jauh dari Fibo),7,BELI,TIDAK ADA,2026-08-20 16:40:00,⚠️ Anomali (Sudah Terbang)
16:40,HBAT,Token Mati (Perlu Update),Small Cap (Lapis 3),Fair Value (Wajar),0.0,2.7583416,218.0,226,204,268,0.9259259259259258,149700,Normal,32,Positif,Downtrend,Bearish,Bullish MACD,Strong Downtrend (5<20<50),Normal,Akumulasi (Naik),Normal,Dominan Beli (Hajar Kanan),Normal,Tinggi,Normal,Area Tengah,< 1 Miliar,Persis di VWAP,Akumulasi Pro (Smart Money),Gorengan Sepi (< 5M),Sepi (< 50%),Mark-Down (Fase Runtuh),Normal,Normal,Naik 1 Hari Beruntun,TP: 233 | CL: 207,Open = Low (Bullish Kuat),Sangat Menarik (> 1:3),Netral / Sideways,Sentimen Positif 📰,Normal / Sedang Transisi,Mengambang (Jauh dari Fibo),5,WAIT & SEE,TIDAK ADA,2026-08-20 16:40:00,Biasa / Mengikuti Pasar
16:40,GRIA,Token Mati (Perlu Update),Mid Cap (Lapis 2),Overvalued (Mahal),159.13979,2.7387626,147.0,136,111,191,-0.6756756756756757,2128000,Normal,63,Negatif,Uptrend,Bullish,Strong Bullish,Perfect Uptrend (5>20>50),Normal,Distribusi (Turun),Normal,Dominan Jual (Guyur),Normal,Tinggi,Normal,Rawan Pucuk (High Risk),< 1 Miliar,Di Bawah VWAP (Lemah),Distribusi Pro (Guyuran),Gorengan Sepi (< 5M),Sepi (< 50%),Mark-Up (Fase Pesta),Spesialis Tiang Jemuran (Banting Pucuk),Normal,Turun 1 Hari Beruntun,TP: 165 | CL: 134,Normal,Menengah (1:1),Netral / Sideways,Netral / Sepi Berita,Normal / Sedang Transisi,Mendekati Fibo 61.8% (Golden Ratio),4,WAIT & SEE,TIDAK ADA,2026-08-20 16:40:00,Biasa / Mengikuti Pasar
16:40,PPRI,Token Mati (Perlu Update),Small Cap (Lapis 3),Fair Value (Wajar),0.0,1.5785061,145.0,146,140,161,0.6944444444444444,909500,Normal,49,Positif,Downtrend,Bearish,Strong Bearish,Konsolidasi / Transisi,Normal,Akumulasi (Naik),Normal,Dominan Beli (Hajar Kanan),Squeeze,Rendah,Normal,Area Tengah,< 1 Miliar,Di Atas VWAP (Kuat),Akumulasi Pro (Smart Money),Gorengan Sepi (< 5M),Normal (50-150%),Distribution (Fase Jualan),Spesialis Tiang Jemuran (Banting Pucuk),Normal,Naik 3 Hari Beruntun,TP: 154 | CL: 138,Normal,Sangat Menarik (> 1:3),Golden Cross (Awal Bullish),Sentimen Positif 📰,Normal / Sedang Transisi,Mendekati Fibo 50.0%,4,WAIT & SEE,TIDAK ADA,2026-08-20 16:40:00,Biasa / Mengikuti Pasar
16:40,ERAL,Token Mati (Perlu Update),Mid Cap (Lapis 2),Undervalued (Murah),9.413908,0.88809437,306.0,302,276,320,2.684563758389262,5288900,Tembus MA20,57,Positif,Uptrend,Bearish,Bearish MACD,Konsolidasi / Transisi,Normal,Distribusi (Turun),Normal,Dominan Beli (Hajar Kanan),Normal,Sedang,Normal,Rawan Pucuk (High Risk),> 1 Miliar,Di Atas VWAP (Kuat),Distribusi Pro (Guyuran),Gorengan Sepi (< 5M),Normal (50-150%),Mark-Up (Fase Pesta),Normal,Normal,Naik 2 Hari Beruntun,TP: 321 | CL: 295,Normal,Tidak Ideal (< 1:1),Golden Cross (Awal Bullish),Sentimen Positif 📰,Normal / Sedang Transisi,Mendekati Fibo 23.6%,6,WAIT & SEE,TIDAK ADA,2026-08-20 16:40:00,Biasa / Mengikuti Pasar
16:40,CYBR,Token Mati (Perlu Update),Mid Cap (Lapis 2),Overvalued (Mahal),616.6667,29.32009,555.0,563,535,605,-0.8928571428571428,30258000,Tembus MA20,41,Negatif,Downtrend,Death Cross,Bullish MACD,Strong Downtrend (5<20<50),Normal,Distribusi (Turun),Normal,Seimbang / Adu Mekanik,Normal,Sedang,Doji (Ragu-ragu),Area Tengah,> 1 Miliar,Di Bawah VWAP (Lemah),Distribusi Pro (Guyuran),Ritel Aktif (5M - 50M),Normal (50-150%),Mark-Down (Fase Runtuh),Normal,Normal,Turun 1 Hari Beruntun,TP: 589 | CL: 532,Normal,Ideal (1:2),Netral / Sideways,Sentimen Positif 📰,Normal / Sedang Transisi,Mendekati Fibo 78.6%,3,WAIT & SEE,TIDAK ADA,2026-08-20 16:40:00,Biasa / Mengikuti Pasar
16:40,MUTU,Token Mati (Perlu Update),Small Cap (Lapis 3),Fair Value (Wajar),0.0,1.4694607,115.0,110,104,119,0.0,1514800,Normal,59,Negatif,Uptrend,Bullish,Strong Bullish,Awal Reversal (5>20),Normal,Akumulasi (Naik),Normal,Seimbang / Adu Mekanik,Normal,Sedang,Normal,Rawan Pucuk (High Risk),< 1 Miliar,Persis di VWAP,Distribusi Pro (Guyuran),Gorengan Sepi (< 5M),Sepi (< 50%),Accumulation (Kumpul Barang),Normal,Normal,Sideways / Stagnan,TP: 121 | CL: 110,Open = High (Tekanan Jual),Tidak Ideal (< 1:1),Death Cross (Awal Bearish),Sentimen Positif 📰,Normal / Sedang Transisi,Mendekati Fibo 38.2%,6,WAIT & SEE,TIDAK ADA,2026-08-20 16:40:00,Biasa / Mengikuti Pasar
16:40,LMAX,Token Mati (Perlu Update),Small Cap (Lapis 3),Fair Value (Wajar),0.0,1.4591131,115.0,113,108,123,2.6785714285714284,96000,Normal,55,Positif,Uptrend,Bearish,Bearish MACD,Konsolidasi / Transisi,Normal,Akumulasi (Naik),Normal,Dominan Beli (Hajar Kanan),Normal,Sedang,Marubozu (Strong Bullish),Area Tengah,< 1 Miliar,Di Atas VWAP (Kuat),Distribusi Pro (Guyuran),Gorengan Sepi (< 5M),Sepi (< 50%),Mark-Up (Fase Pesta),Normal,Normal,Naik 1 Hari Beruntun,TP: 124 | CL: 108,Open = Low (Bullish Kuat),Menengah (1:1),Netral / Sideways,Netral / Sepi Berita,Normal / Sedang Transisi,Dekat Support Fibo 38.2%,5,WAIT & SEE,TIDAK ADA,2026-08-20 16:40:00,Biasa / Mengikuti Pasar
16:40,HUMI,Token Mati (Perlu Update),Mid Cap (Lapis 2),Overvalued (Mahal),279.6296,18875.0,152.0,143,124,161,-1.2987012987012987,57535000,Normal,61,Negatif,Uptrend,Bullish,Strong Bullish,Perfect Uptrend (5>20>50),Normal,Akumulasi (Naik),Normal,Seimbang / Adu Mekanik,Normal,Tinggi,Normal,Rawan Pucuk (High Risk),> 1 Miliar,Di Atas VWAP (Kuat),Akumulasi Pro (Smart Money),Ritel Aktif (5M - 50M),Normal (50-150%),Mark-Up (Fase Pesta),Spesialis Tiang Jemuran (Banting Pucuk),Normal,Turun 1 Hari Beruntun,TP: 166 | CL: 142,Normal,Tidak Ideal (< 1:1),Death Cross (Awal Bearish),Netral / Sepi Berita,Normal / Sedang Transisi,Mengambang (Jauh dari Fibo),5,WAIT & SEE,TIDAK ADA,2026-08-20 16:40:00,Biasa / Mengikuti Pasar
16:40,MSIE,Token Mati (Perlu Update),Small Cap (Lapis 3),Fair Value (Wajar),0.0,1.2600288,98.0,93,76,106,3.1578947368421053,5811700,Normal,55,Positif,Uptrend,Bullish,Strong Bullish,Perfect Uptrend (5>20>50),Normal,Distribusi (Turun),Normal,Dominan Beli (Hajar Kanan),Normal,Tinggi,Normal,Rawan Pucuk (High Risk),< 1 Miliar,Persis di VWAP,Distribusi Pro (Guyuran),Gorengan Sepi (< 5M),Normal (50-150%),Mark-Up (Fase Pesta),Normal,Normal,Naik 1 Hari Beruntun,TP: 107 | CL: 92,Normal,Tidak Ideal (< 1:1),Netral / Sideways,Sentimen Negatif ⚠️,Normal / Sedang Transisi,Mengambang (Jauh dari Fibo),6,WAIT & SEE,TIDAK ADA,2026-08-20 16:40:00,Biasa / Mengikuti Pasar
16:40,RSCH,Token Mati (Perlu Update),Small Cap (Lapis 3),Overvalued (Mahal),0.0,7.0037117,332.0,309,266,342,6.41025641025641,23095700,Normal,64,Positif,Uptrend,Bullish,Strong Bullish,Perfect Uptrend (5>20>50),Normal,Akumulasi (Naik),Normal,Dominan Beli (Hajar Kanan),Normal,Tinggi,Normal,Rawan Pucuk (High Risk),> 1 Miliar,Di Atas VWAP (Kuat),Akumulasi Pro (Smart Money),Ritel Aktif (5M - 50M),Normal (50-150%),Mark-Up (Fase Pesta),Normal,Normal,Naik 1 Hari Beruntun,TP: 355 | CL: 316,Normal,Tidak Ideal (< 1:1),Netral / Sideways,Netral / Sepi Berita,Normal / Sedang Transisi,Dekat Support Fibo 38.2%,7,BELI,TIDAK ADA,2026-08-20 16:40:00,Biasa / Mengikuti Pasar
16:40,BABY,Token Mati (Perlu Update),Small Cap (Lapis 3),Fair Value (Wajar),0.0,1.060792,220.0,201,181,284,2.803738317757009,6766100,Normal,57,Positif,Uptrend,Bullish,Strong Bullish,Perfect Uptrend (5>20>50),Normal,Akumulasi (Naik),Normal,Dominan Jual (Guyur),Normal,Tinggi,Doji (Ragu-ragu),Rawan Pucuk (High Risk),> 1 Miliar,Di Bawah VWAP (Lemah),Akumulasi Pro (Smart Money),Ritel Aktif (5M - 50M),Sepi (< 50%),Mark-Up (Fase Pesta),Spesialis Tiang Jemuran (Banting Pucuk),Normal,Naik 1 Hari Beruntun,TP: 253 | CL: 197,Normal,Ideal (1:2),Golden Cross (Awal Bullish),Sentimen Positif 📰,Normal / Sedang Transisi,Dekat Support Fibo 38.2%,7,BELI,TIDAK ADA,2026-08-20 16:40:00,Biasa / Mengikuti Pasar
16:40,AEGS,Token Mati (Perlu Update),Small Cap (Lapis 3),Fair Value (Wajar),0.0,0.62358606,43.0,42,40,46,2.380952380952381,8615900,Tembus MA20,56,Positif,Uptrend,Bearish,Bearish MACD,Konsolidasi / Transisi,Akumulasi Kuat,Akumulasi (Naik),Normal,Dominan Beli (Hajar Kanan),Normal,Sedang,Normal,Area Tengah,< 1 Miliar,Di Atas VWAP (Kuat),Akumulasi Pro (Smart Money),Gorengan Sepi (< 5M),Ledakan Ekstrem (> 300%),Mark-Up (Fase Pesta),Normal,Normal,Naik 1 Hari Beruntun,TP: 45 | CL: 41,Normal,Menengah (1:1),Netral / Sideways,Netral / Sepi Berita,Normal / Sedang Transisi,Dekat Support Fibo 50.0%,7,BELI,TIDAK ADA,2026-08-20 16:40:00,Biasa / Mengikuti Pasar
16:40,IOTF,Token Mati (Perlu Update),Small Cap (Lapis 3),Fair Value (Wajar),0.0,2.1591713,65.0,58,50,79,-1.5151515151515151,63945100,Normal,60,Negatif,Uptrend,Bullish,Strong Bullish,Perfect Uptrend (5>20>50),Normal,Distribusi (Turun),Normal,Dominan Beli (Hajar Kanan),Normal,Tinggi,Hammer (Potensi Reversal),Rawan Pucuk (High Risk),> 1 Miliar,Di Bawah VWAP (Lemah),Distribusi Pro (Guyuran),Ritel Aktif (5M - 50M),Sepi (< 50%),Mark-Up (Fase Pesta),Normal,Jarum Bawah (Sinyal Pantulan Kuat),Turun 5 Hari Beruntun,TP: 74 | CL: 58,Open = High (Tekanan Jual),Tidak Ideal (< 1:1),Netral / Sideways,Sentimen Positif 📰,Normal / Sedang Transisi,Golden Rebound Fibo 50.0% 🎯,6,WAIT & SEE,TIDAK ADA,2026-08-20 16:40:00,Biasa / Mengikuti Pasar
16:40,KOCI,Token Mati (Perlu Update),Small Cap (Lapis 3),Overvalued (Mahal),0.0,3.5830512,110.0,105,95,134,0.9174311926605505,5846700,Normal,59,Positif,Uptrend,Bullish,Strong Bullish,Perfect Uptrend (5>20>50),Normal,Akumulasi (Naik),Normal,Seimbang / Adu Mekanik,Normal,Tinggi,Normal,Rawan Pucuk (High Risk),< 1 Miliar,Persis di VWAP,Distribusi Pro (Guyuran),Gorengan Sepi (< 5M),Sepi (< 50%),Mark-Up (Fase Pesta),Normal,Normal,Naik 1 Hari Beruntun,TP: 120 | CL: 103,Open = High (Tekanan Jual),Ideal (1:2),Golden Cross (Awal Bullish),Sentimen Positif 📰,Normal / Sedang Transisi,Dekat Support Fibo 38.2%,7,BELI,TIDAK ADA,2026-08-20 16:40:00,Biasa / Mengikuti Pasar
16:40,PTPS,Token Mati (Perlu Update),Small Cap (Lapis 3),Fair Value (Wajar),0.0,1.8440127,159.0,148,130,164,3.9215686274509802,9846000,Tembus MA20,69,Positif,Uptrend,Bullish,Strong Bullish,Perfect Uptrend (5>20>50),Akumulasi Kuat,Akumulasi (Naik),Normal,Seimbang / Adu Mekanik,Normal,Tinggi,Normal,Rawan Pucuk (High Risk),> 1 Miliar,Di Atas VWAP (Kuat),Akumulasi Pro (Smart Money),Gorengan Sepi (< 5M),Ledakan Ekstrem (> 300%),Mark-Up (Fase Pesta),Normal,Normal,Naik 1 Hari Beruntun,TP: 167 | CL: 153,Normal,Tidak Ideal (< 1:1),Netral / Sideways,Sentimen Positif 📰,Normal / Sedang Transisi,Mengambang (Jauh dari Fibo),9,BELI,TIDAK ADA,2026-08-20 16:40:00,Biasa / Mengikuti Pasar
16:40,BREN,Token Mati (Perlu Update),Big Cap (Lapis 1),Overvalued (Mahal),169.44989,690000.0,3450.0,3440,3210,3940,0.0,22116400,Normal,50,Negatif,Uptrend,Bullish,Strong Bullish,Awal Reversal (5>20),Normal,Distribusi (Turun),Normal,Dominan Jual (Guyur),Normal,Tinggi,Normal,Area Tengah,> 1 Miliar,Di Bawah VWAP (Lemah),Distribusi Pro (Guyuran),Sultan (> 50M/hari),Sepi (< 50%),Accumulation (Kumpul Barang),Spesialis Tiang Jemuran (Banting Pucuk),Normal,Sideways / Stagnan,TP: 3720 | CL: 3270,Normal,Ideal (1:2),Netral / Sideways,Netral / Sepi Berita,Normal / Sedang Transisi,Dekat Support Fibo 50.0%,3,WAIT & SEE,TIDAK ADA,2026-08-20 16:40:00,Biasa / Mengikuti Pasar
16:40,STRK,Token Mati (Perlu Update),Small Cap (Lapis 3),Overvalued (Mahal),0.0,6.2278433,64.0,62,57,71,8.47457627118644,37781200,Tembus MA20,50,Positif,Uptrend,Bearish,Bullish MACD,Strong Downtrend (5<20<50),Akumulasi Kuat,Akumulasi (Naik),Normal,Seimbang / Adu Mekanik,Normal,Tinggi,Normal,Rawan Pucuk (High Risk),> 1 Miliar,Di Atas VWAP (Kuat),Akumulasi Pro (Smart Money),Gorengan Sepi (< 5M),Anomali Tinggi (150-300%),Accumulation (Kumpul Barang),Normal,Normal,Naik 1 Hari Beruntun,TP: 69 | CL: 60,Open = Low (Bullish Kuat),Menengah (1:1),Netral / Sideways,Sentimen Negatif ⚠️,Normal / Sedang Transisi,Mengambang (Jauh dari Fibo),6,WAIT & SEE,TIDAK ADA,2026-08-20 16:40:00,Biasa / Mengikuti Pasar
16:40,KOKA,Token Mati (Perlu Update),Small Cap (Lapis 3),Overvalued (Mahal),0.0,3.7164593,191.0,194,172,232,8.522727272727272,64358900,Tembus MA20,54,Positif,Downtrend,Bearish,Bearish MACD,Konsolidasi / Transisi,Akumulasi Kuat,Akumulasi (Naik),Normal,Seimbang / Adu Mekanik,Normal,Tinggi,Normal,Rawan Pucuk (High Risk),> 1 Miliar,Di Atas VWAP (Kuat),Distribusi Pro (Guyuran),Gorengan Sepi (< 5M),Anomali Tinggi (150-300%),Distribution (Fase Jualan),Spesialis Tiang Jemuran (Banting Pucuk),Normal,Naik 1 Hari Beruntun,TP: 214 | CL: 175,Normal,Ideal (1:2),Golden Cross (Awal Bullish),Netral / Sepi Berita,Normal / Sedang Transisi,Mengambang (Jauh dari Fibo),5,WAIT & SEE,TIDAK ADA,2026-08-20 16:40:00,Biasa / Mengikuti Pasar
16:40,LOPI,Token Mati (Perlu Update),Small Cap (Lapis 3),Fair Value (Wajar),0.0,1.4950376,83.0,70,59,92,7.792207792207792,9747700,Normal,67,Positif,Uptrend,Bullish,Strong Bullish,Perfect Uptrend (5>20>50),Normal,Akumulasi (Naik),Normal,Dominan Beli (Hajar Kanan),Normal,Tinggi,Normal,Rawan Pucuk (High Risk),< 1 Miliar,Di Atas VWAP (Kuat),Akumulasi Pro (Smart Money),Gorengan Sepi (< 5M),Normal (50-150%),Mark-Up (Fase Pesta),Normal,Normal,Naik 1 Hari Beruntun,TP: 93 | CL: 75,Normal,Tidak Ideal (< 1:1),Netral / Sideways,Sentimen Positif 📰,Normal / Sedang Transisi,Mengambang (Jauh dari Fibo),8,BELI,TIDAK ADA,2026-08-20 16:40:00,Biasa / Mengikuti Pasar
16:40,RGAS,Token Mati (Perlu Update),Small Cap (Lapis 3),Fair Value (Wajar),0.0,2.631579,191.0,220,178,256,0.5263157894736842,3215000,Normal,36,Positif,Downtrend,Bearish,Strong Bearish,Konsolidasi / Transisi,Normal,Distribusi (Turun),Normal,Tidak Ada Transaksi,Normal,Tinggi,Doji (Ragu-ragu),Area Tengah,< 1 Miliar,Di Atas VWAP (Kuat),Akumulasi Pro (Smart Money),Gorengan Sepi (< 5M),Normal (50-150%),Distribution (Fase Jualan),Normal,Normal,Naik 1 Hari Beruntun,TP: 198 | CL: 186,Normal,Sangat Menarik (> 1:3),Golden Cross (Awal Bullish),Sentimen Positif 📰,Normal / Sedang Transisi,Mengambang (Jauh dari Fibo),2,WAIT & SEE,TIDAK ADA,2026-08-20 16:40:00,Biasa / Mengikuti Pasar
16:40,MSTI,Token Mati (Perlu Update),Mid Cap (Lapis 2),Fair Value (Wajar),7.5702147,1.9464319,1340.0,1322,1255,1370,1.5151515151515151,1122200,Normal,58,Positif,Uptrend,Golden Cross,Bearish MACD,Perfect Uptrend (5>20>50),Normal,Akumulasi (Naik),Normal,Dominan Beli (Hajar Kanan),Squeeze,Rendah,Normal,Area Tengah,> 1 Miliar,Di Atas VWAP (Kuat),Distribusi Pro (Guyuran),Gorengan Sepi (< 5M),Normal (50-150%),Mark-Up (Fase Pesta),Spesialis Tiang Jemuran (Banting Pucuk),Normal,Naik 1 Hari Beruntun,TP: 1378 | CL: 1314,Open = Low (Bullish Kuat),Tidak Ideal (< 1:1),Netral / Sideways,Sentimen Positif 📰,Normal / Sedang Transisi,Dekat Support Fibo 23.6%,7,BELI,TIDAK ADA,2026-08-20 16:40:00,Biasa / Mengikuti Pasar
16:40,IKPM,Token Mati (Perlu Update),Small Cap (Lapis 3),Fair Value (Wajar),0.0,1.4974726,198.0,191,174,220,3.125,129000,Normal,58,Positif,Uptrend,Bullish,Strong Bullish,Perfect Uptrend (5>20>50),Normal,Distribusi (Turun),Normal,Dominan Beli (Hajar Kanan),Normal,Sedang,Normal,Rawan Pucuk (High Risk),< 1 Miliar,Di Atas VWAP (Kuat),Akumulasi Pro (Smart Money),Gorengan Sepi (< 5M),Sepi (< 50%),Mark-Up (Fase Pesta),Spesialis Tiang Jemuran (Banting Pucuk),Jarum Bawah (Sinyal Pantulan Kuat),Naik 1 Hari Beruntun,TP: 213 | CL: 187,Normal,Tidak Ideal (< 1:1),Netral / Sideways,Sentimen Negatif ⚠️,Normal / Sedang Transisi,Golden Rebound Fibo 50.0% 🎯,6,WAIT & SEE,TIDAK ADA,2026-08-20 16:40:00,Biasa / Mengikuti Pasar
16:40,AYAM,Token Mati (Perlu Update),Mid Cap (Lapis 2),Overvalued (Mahal),1261.5385,9.306196,494.0,439,382,500,1.646090534979424,25042600,Normal,80,Positif,Uptrend,Bullish,Strong Bullish,Perfect Uptrend (5>20>50),Normal,Akumulasi (Naik),Normal,Dominan Beli (Hajar Kanan),Normal,Tinggi,Normal,Rawan Pucuk (High Risk),> 1 Miliar,Di Atas VWAP (Kuat),Akumulasi Pro (Smart Money),Ritel Aktif (5M - 50M),Normal (50-150%),Mark-Up (Fase Pesta),Spesialis Tiang Jemuran (Banting Pucuk),Normal,Naik 4 Hari Beruntun,TP: 521 | CL: 476,Normal,Tidak Ideal (< 1:1),Overbought (Jenuh Beli - Rawan),Sentimen Positif 📰,Normal / Sedang Transisi,Mengambang (Jauh dari Fibo),8,BELI,TIDAK ADA,2026-08-20 16:40:00,Biasa / Mengikuti Pasar
16:40,SURI,Token Mati (Perlu Update),Small Cap (Lapis 3),Overvalued (Mahal),520.0,1.4359616,79.0,73,67,88,0.0,6912100,Normal,76,Negatif,Uptrend,Bullish,Strong Bullish,Perfect Uptrend (5>20>50),Normal,Akumulasi (Naik),Normal,Seimbang / Adu Mekanik,Normal,Tinggi,Doji (Ragu-ragu),Rawan Pucuk (High Risk),< 1 Miliar,Persis di VWAP,Distribusi Pro (Guyuran),Gorengan Sepi (< 5M),Sepi (< 50%),Mark-Up (Fase Pesta),Spesialis Tiang Jemuran (Banting Pucuk),Normal,Sideways / Stagnan,TP: 85 | CL: 74,Normal,Tidak Ideal (< 1:1),Netral / Sideways,Netral / Sepi Berita,Normal / Sedang Transisi,Mengambang (Jauh dari Fibo),5,WAIT & SEE,TIDAK ADA,2026-08-20 16:40:00,Biasa / Mengikuti Pasar
16:40,ASLI,Token Mati (Perlu Update),Mid Cap (Lapis 2),Overvalued (Mahal),0.0,4.421717,266.0,206,185,282,13.675213675213676,114839000,Tembus MA20,68,Positif,Uptrend,Bullish,Strong Bullish,Awal Reversal (5>20),Akumulasi Kuat,Akumulasi (Naik),Normal,Dominan Beli (Hajar Kanan),Breakout Upper,Tinggi,Normal,Rawan Pucuk (High Risk),> 1 Miliar,Di Atas VWAP (Kuat),Akumulasi Pro (Smart Money),Ritel Aktif (5M - 50M),Ledakan Ekstrem (> 300%),Accumulation (Kumpul Barang),Spesialis Tiang Jemuran (Banting Pucuk),Normal,Naik 1 Hari Beruntun,TP: 294 | CL: 247,Normal,Tidak Ideal (< 1:1),Overbought (Jenuh Beli - Rawan),Sentimen Positif 📰,Normal / Sedang Transisi,Mendekati Fibo 23.6%,10,BELI,TIDAK ADA,2026-08-20 16:40:00,⚠️ Anomali (Sudah Terbang)
16:40,GRPH,Token Mati (Perlu Update),Small Cap (Lapis 3),Fair Value (Wajar),0.0,0.92688996,72.0,62,58,81,2.857142857142857,44676300,Tembus MA20,67,Positif,Uptrend,Bullish,Strong Bullish,Perfect Uptrend (5>20>50),Akumulasi Kuat,Akumulasi (Naik),Normal,Dominan Jual (Guyur),Normal,Tinggi,Normal,Rawan Pucuk (High Risk),> 1 Miliar,Di Bawah VWAP (Lemah),Akumulasi Pro (Smart Money),Gorengan Sepi (< 5M),Normal (50-150%),Mark-Up (Fase Pesta),Spesialis Tiang Jemuran (Banting Pucuk),Normal,Naik 1 Hari Beruntun,TP: 78 | CL: 67,Normal,Tidak Ideal (< 1:1),Death Cross (Awal Bearish),Sentimen Positif 📰,Normal / Sedang Transisi,Mendekati Fibo 38.2%,9,BELI,TIDAK ADA,2026-08-20 16:40:00,Biasa / Mengikuti Pasar
16:40,SMGA,Token Mati (Perlu Update),Small Cap (Lapis 3),Fair Value (Wajar),0.0,1.6788486,81.0,73,65,89,1.25,13858700,Normal,66,Positif,Uptrend,Bullish,Strong Bullish,Perfect Uptrend (5>20>50),Normal,Akumulasi (Naik),Normal,Seimbang / Adu Mekanik,Normal,Tinggi,Normal,Rawan Pucuk (High Risk),> 1 Miliar,Persis di VWAP,Akumulasi Pro (Smart Money),Gorengan Sepi (< 5M),Normal (50-150%),Mark-Up (Fase Pesta),Normal,Normal,Naik 1 Hari Beruntun,TP: 87 | CL: 76,Normal,Tidak Ideal (< 1:1),Death Cross (Awal Bearish),Netral / Sepi Berita,Normal / Sedang Transisi,Dekat Support Fibo 23.6%,6,WAIT & SEE,TIDAK ADA,2026-08-20 16:40:00,Biasa / Mengikuti Pasar
16:40,UNTD,Token Mati (Perlu Update),Small Cap (Lapis 3),Fair Value (Wajar),0.0,1.0056096,83.0,81,77,92,0.0,17991900,Normal,58,Negatif,Uptrend,Bullish,Bearish MACD,Perfect Uptrend (5>20>50),Normal,Akumulasi (Naik),Normal,Seimbang / Adu Mekanik,Normal,Sedang,Normal,Area Tengah,> 1 Miliar,Di Bawah VWAP (Lemah),Distribusi Pro (Guyuran),Gorengan Sepi (< 5M),Normal (50-150%),Mark-Up (Fase Pesta),Spesialis Tiang Jemuran (Banting Pucuk),Normal,Sideways / Stagnan,TP: 89 | CL: 78,Normal,Ideal (1:2),Netral / Sideways,Netral / Sepi Berita,Normal / Sedang Transisi,Dekat Support Fibo 23.6%,4,WAIT & SEE,TIDAK ADA,2026-08-20 16:40:00,Biasa / Mengikuti Pasar
16:40,TOSK,Token Mati (Perlu Update),Small Cap (Lapis 3),Fair Value (Wajar),0.0,2.0399609,73.0,69,65,76,0.0,7607200,Normal,73,Negatif,Uptrend,Bullish,Strong Bullish,Perfect Uptrend (5>20>50),Normal,Akumulasi (Naik),Normal,Seimbang / Adu Mekanik,Normal,Sedang,Doji (Ragu-ragu),Rawan Pucuk (High Risk),< 1 Miliar,Persis di VWAP,Distribusi Pro (Guyuran),Gorengan Sepi (< 5M),Sepi (< 50%),Mark-Up (Fase Pesta),Spesialis Tiang Jemuran (Banting Pucuk),Normal,Sideways / Stagnan,TP: 77 | CL: 70,Normal,Tidak Ideal (< 1:1),Death Cross (Awal Bearish),Sentimen Positif 📰,Normal / Sedang Transisi,Mendekati Fibo 23.6%,6,WAIT & SEE,TIDAK ADA,2026-08-20 16:40:00,Biasa / Mengikuti Pasar
16:40,MPIX,Token Mati (Perlu Update),Small Cap (Lapis 3),Fair Value (Wajar),0.0,0.9577779,97.0,95,87,105,0.0,2410700,Normal,55,Negatif,Uptrend,Bullish,Bearish MACD,Perfect Uptrend (5>20>50),Normal,Distribusi (Turun),Normal,Seimbang / Adu Mekanik,Normal,Sedang,Doji (Ragu-ragu),Rawan Pucuk (High Risk),< 1 Miliar,Persis di VWAP,Distribusi Pro (Guyuran),Gorengan Sepi (< 5M),Normal (50-150%),Mark-Up (Fase Pesta),Normal,Normal,Sideways / Stagnan,TP: 103 | CL: 92,Normal,Tidak Ideal (< 1:1),Netral / Sideways,Sentimen Positif 📰,Normal / Sedang Transisi,Dekat Support Fibo 23.6%,4,WAIT & SEE,TIDAK ADA,2026-08-20 16:40:00,Biasa / Mengikuti Pasar
16:40,ALII,Token Mati (Perlu Update),Big Cap (Lapis 1),Overvalued (Mahal),30.124908,6.054476,815.0,775,705,855,0.0,619600,Normal,61,Negatif,Uptrend,Bullish,Strong Bullish,Perfect Uptrend (5>20>50),Normal,Akumulasi (Naik),Normal,Seimbang / Adu Mekanik,Normal,Tinggi,Normal,Rawan Pucuk (High Risk),< 1 Miliar,Persis di VWAP,Akumulasi Pro (Smart Money),Gorengan Sepi (< 5M),Sepi (< 50%),Mark-Up (Fase Pesta),Spesialis Tiang Jemuran (Banting Pucuk),Normal,Sideways / Stagnan,TP: 875 | CL: 775,Normal,Tidak Ideal (< 1:1),Death Cross (Awal Bearish),Netral / Sepi Berita,Normal / Sedang Transisi,Dekat Support Fibo 50.0%,5,WAIT & SEE,TIDAK ADA,2026-08-20 16:40:00,Biasa / Mengikuti Pasar
16:40,MKAP,Token Mati (Perlu Update),Mid Cap (Lapis 2),Overvalued (Mahal),129.87737,11.139265,1165.0,1166,1160,1170,0.0,4000,Normal,52,Negatif,Downtrend,Bearish,Bearish MACD,Konsolidasi / Transisi,Normal,Distribusi (Turun),Normal,Dominan Jual (Guyur),Squeeze,Rendah,Doji (Ragu-ragu),Dekat Support (Low Risk),< 1 Miliar,Persis di VWAP,Distribusi Pro (Guyuran),Gorengan Sepi (< 5M),Sepi (< 50%),Distribution (Fase Jualan),Normal,Normal,Sideways / Stagnan,TP: 1172 | CL: 1160,Normal,Menengah (1:1),Netral / Sideways,Netral / Sepi Berita,Supply Kering (Siap Pump) 🏜️,Golden Rebound Fibo 50.0% 🎯,1,WAIT & SEE,TIDAK ADA,2026-08-20 16:40:00,Biasa / Mengikuti Pasar
16:40,MEJA,Token Mati (Perlu Update),Small Cap (Lapis 3),Overvalued (Mahal),0.0,4.4680552,127.0,105,90,131,-1.550387596899225,25419900,Normal,72,Negatif,Uptrend,Bullish,Strong Bullish,Perfect Uptrend (5>20>50),Normal,Akumulasi (Naik),Normal,Seimbang / Adu Mekanik,Normal,Tinggi,Normal,Rawan Pucuk (High Risk),> 1 Miliar,Di Atas VWAP (Kuat),Akumulasi Pro (Smart Money),Ritel Aktif (5M - 50M),Normal (50-150%),Mark-Up (Fase Pesta),Normal,Normal,Turun 1 Hari Beruntun,TP: 139 | CL: 118,Normal,Tidak Ideal (< 1:1),Overbought (Jenuh Beli - Rawan),Sentimen Positif 📰,Normal / Sedang Transisi,Mengambang (Jauh dari Fibo),6,WAIT & SEE,TIDAK ADA,2026-08-20 16:40:00,Biasa / Mengikuti Pasar
16:40,LIVE,Token Mati (Perlu Update),Small Cap (Lapis 3),Fair Value (Wajar),0.0,2.7089148,198.0,206,193,248,-0.5025125628140703,2681200,Normal,40,Negatif,Downtrend,Bearish,Strong Bearish,Strong Downtrend (5<20<50),Normal,Distribusi (Turun),Normal,Seimbang / Adu Mekanik,Normal,Sedang,Normal,Dekat Support (Low Risk),< 1 Miliar,Di Bawah VWAP (Lemah),Akumulasi Pro (Smart Money),Gorengan Sepi (< 5M),Sepi (< 50%),Mark-Down (Fase Runtuh),Normal,Normal,Turun 3 Hari Beruntun,TP: 219 | CL: 183,Normal,Sangat Menarik (> 1:3),Oversold (Jenuh Jual - Peluang),Netral / Sepi Berita,Normal / Sedang Transisi,Mengambang (Jauh dari Fibo),0,WAIT & SEE,TIDAK ADA,2026-08-20 16:40:00,Biasa / Mengikuti Pasar
16:40,HYGN,Token Mati (Perlu Update),Small Cap (Lapis 3),Fair Value (Wajar),0.0,2.573907,173.0,167,157,178,0.5813953488372093,2153100,Normal,69,Positif,Uptrend,Bullish,Bearish MACD,Perfect Uptrend (5>20>50),Normal,Akumulasi (Naik),Normal,Dominan Beli (Hajar Kanan),Normal,Sedang,Normal,Rawan Pucuk (High Risk),< 1 Miliar,Di Atas VWAP (Kuat),Akumulasi Pro (Smart Money),Gorengan Sepi (< 5M),Normal (50-150%),Mark-Up (Fase Pesta),Normal,Normal,Naik 3 Hari Beruntun,TP: 180 | CL: 167,Normal,Tidak Ideal (< 1:1),Netral / Sideways,Sentimen Positif 📰,Normal / Sedang Transisi,Mendekati Fibo 23.6%,7,BELI,TIDAK ADA,2026-08-20 16:40:00,Biasa / Mengikuti Pasar
16:40,BAIK,Token Mati (Perlu Update),Small Cap (Lapis 3),Fair Value (Wajar),0.0,2.6230915,316.0,626,284,785,-7.0588235294117645,236269500,Tembus MA20,17,Negatif,Downtrend,Bearish,Strong Bearish,Strong Downtrend (5<20<50),Distribusi Kuat,Distribusi (Turun),Normal,Dominan Jual (Guyur),Normal,Tinggi,Normal,Rawan Pucuk (High Risk),> 1 Miliar,Di Bawah VWAP (Lemah),Distribusi Pro (Guyuran),Sultan (> 50M/hari),Anomali Tinggi (150-300%),Mark-Down (Fase Runtuh),Normal,Normal,Turun 1 Hari Beruntun,TP: 404 | CL: 257,Normal,Sangat Menarik (> 1:3),Oversold (Jenuh Jual - Peluang),Sentimen Positif 📰,Supply Banjir (Distribusi) 🌊,Mengambang (Jauh dari Fibo),2,WAIT & SEE,TIDAK ADA,2026-08-20 16:40:00,🔥 ANOMALI BANDAR (Siap Ledakan)
16:40,VISI,Token Mati (Perlu Update),Mid Cap (Lapis 2),Overvalued (Mahal),0.0,15.250582,905.0,911,800,1020,0.5555555555555556,706400,Normal,47,Positif,Downtrend,Bullish,Bearish MACD,Awal Reversal (5>20),Normal,Distribusi (Turun),Normal,Seimbang / Adu Mekanik,Normal,Tinggi,Normal,Rawan Pucuk (High Risk),< 1 Miliar,Di Bawah VWAP (Lemah),Distribusi Pro (Guyuran),Gorengan Sepi (< 5M),Normal (50-150%),Mark-Down (Fase Runtuh),Spesialis Tiang Jemuran (Banting Pucuk),Normal,Naik 1 Hari Beruntun,TP: 991 | CL: 847,Normal,Menengah (1:1),Netral / Sideways,Sentimen Positif 📰,Normal / Sedang Transisi,Dekat Support Fibo 61.8% (Golden Ratio),3,WAIT & SEE,TIDAK ADA,2026-08-20 16:40:00,Biasa / Mengikuti Pasar
16:40,AREA,Token Mati (Perlu Update),Small Cap (Lapis 3),Fair Value (Wajar),0.0,2.849388,274.0,279,246,314,-0.7246376811594203,655200,Normal,52,Negatif,Downtrend,Bearish,Bearish MACD,Konsolidasi / Transisi,Normal,Distribusi (Turun),Normal,Dominan Beli (Hajar Kanan),Normal,Sedang,Hammer (Potensi Reversal),Rawan Pucuk (High Risk),< 1 Miliar,Persis di VWAP,Distribusi Pro (Guyuran),Gorengan Sepi (< 5M),Normal (50-150%),Distribution (Fase Jualan),Normal,Jarum Bawah (Sinyal Pantulan Kuat),Turun 1 Hari Beruntun,TP: 299 | CL: 257,Open = High (Tekanan Jual),Menengah (1:1),Netral / Sideways,Sentimen Positif 📰,Normal / Sedang Transisi,Mendekati Fibo 50.0%,3,WAIT & SEE,TIDAK ADA,2026-08-20 16:40:00,Biasa / Mengikuti Pasar
16:40,MHKI,Token Mati (Perlu Update),Small Cap (Lapis 3),Fair Value (Wajar),20.4236,1.0385814,135.0,135,123,148,1.5037593984962405,1995900,Normal,52,Positif,Downtrend,Bearish,Bearish MACD,Konsolidasi / Transisi,Normal,Akumulasi (Naik),Normal,Dominan Beli (Hajar Kanan),Squeeze,Rendah,Doji (Ragu-ragu),Area Tengah,< 1 Miliar,Di Atas VWAP (Kuat),Akumulasi Pro (Smart Money),Gorengan Sepi (< 5M),Normal (50-150%),Distribution (Fase Jualan),Normal,Jarum Bawah (Sinyal Pantulan Kuat),Naik 1 Hari Beruntun,TP: 143 | CL: 129,Normal,Menengah (1:1),Netral / Sideways,Sentimen Positif 📰,Normal / Sedang Transisi,Mendekati Fibo 38.2%,5,WAIT & SEE,TIDAK ADA,2026-08-20 16:40:00,Biasa / Mengikuti Pasar
16:40,ATLA,Token Mati (Perlu Update),Small Cap (Lapis 3),Overvalued (Mahal),166.66666,1.8630301,50.0,50,50,54,0.0,1640200,Normal,48,Negatif,Downtrend,Bearish,Strong Bearish,Konsolidasi / Transisi,Normal,Netral,Normal,Tidak Ada Transaksi,Squeeze,Rendah,Doji (Ragu-ragu),Dekat Support (Low Risk),< 1 Miliar,Persis di VWAP,Distribusi Pro (Guyuran),Gorengan Sepi (< 5M),Sepi (< 50%),Distribution (Fase Jualan),Spesialis Tiang Jemuran (Banting Pucuk),Normal,Sideways / Stagnan,TP: 50 | CL: 49,Normal,Di Area Support,Oversold (Jenuh Jual - Peluang),Sentimen Positif 📰,Supply Kering (Siap Pump) 🏜️,Golden Rebound Fibo Bottom / 100% 🎯,1,WAIT & SEE,TIDAK ADA,2026-08-20 16:40:00,Biasa / Mengikuti Pasar
16:40,DATA,Token Mati (Perlu Update),Mid Cap (Lapis 2),Overvalued (Mahal),20.801651,6.35421,1920.0,1960,1800,2090,-0.5181347150259068,891200,Normal,45,Negatif,Downtrend,Bearish,Strong Bearish,Strong Downtrend (5<20<50),Normal,Akumulasi (Naik),Normal,Dominan Jual (Guyur),Normal,Sedang,Normal,Area Tengah,> 1 Miliar,Persis di VWAP,Akumulasi Pro (Smart Money),Gorengan Sepi (< 5M),Normal (50-150%),Mark-Down (Fase Runtuh),Normal,Normal,Turun 2 Hari Beruntun,TP: 2014 | CL: 1857,Open = Low (Bullish Kuat),Menengah (1:1),Netral / Sideways,Sentimen Positif 📰,Normal / Sedang Transisi,Mendekati Fibo 50.0%,2,WAIT & SEE,TIDAK ADA,2026-08-20 16:40:00,Biasa / Mengikuti Pasar
16:40,SOLA,Token Mati (Perlu Update),Small Cap (Lapis 3),Fair Value (Wajar),0.0,1.6091357,93.0,95,87,110,3.3333333333333335,55293100,Tembus MA20,44,Positif,Downtrend,Bearish,Strong Bearish,Strong Downtrend (5<20<50),Distribusi Kuat,Akumulasi (Naik),Gap Up (+12.2%),Dominan Jual (Guyur),Normal,Tinggi,Normal,Area Tengah,> 1 Miliar,Persis di VWAP,Distribusi Pro (Guyuran),Gorengan Sepi (< 5M),Anomali Tinggi (150-300%),Mark-Down (Fase Runtuh),Normal,Normal,Naik 1 Hari Beruntun,TP: 102 | CL: 86,Normal,Ideal (1:2),Golden Cross (Awal Bullish),Sentimen Positif 📰,Normal / Sedang Transisi,Dekat Support Fibo 61.8% (Golden Ratio),5,WAIT & SEE,TIDAK ADA,2026-08-20 16:40:00,Biasa / Mengikuti Pasar
16:40,BATR,Token Mati (Perlu Update),Small Cap (Lapis 3),Fair Value (Wajar),0.0,1.8109246,98.0,93,86,103,2.083333333333333,1618900,Normal,64,Positif,Uptrend,Bullish,Strong Bullish,Perfect Uptrend (5>20>50),Normal,Akumulasi (Naik),Normal,Dominan Beli (Hajar Kanan),Normal,Sedang,Normal,Rawan Pucuk (High Risk),< 1 Miliar,Persis di VWAP,Akumulasi Pro (Smart Money),Gorengan Sepi (< 5M),Normal (50-150%),Mark-Up (Fase Pesta),Spesialis Tiang Jemuran (Banting Pucuk),Jarum Bawah (Sinyal Pantulan Kuat),Naik 1 Hari Beruntun,TP: 105 | CL: 93,Normal,Tidak Ideal (< 1:1),Death Cross (Awal Bearish),Sentimen Positif 📰,Normal / Sedang Transisi,Golden Rebound Fibo 23.6% 🎯,8,BELI,TIDAK ADA,2026-08-20 16:40:00,Biasa / Mengikuti Pasar
16:40,SPRE,Token Mati (Perlu Update),Small Cap (Lapis 3),Fair Value (Wajar),0.0,1.4581463,91.0,89,77,99,0.0,336200,Normal,56,Negatif,Uptrend,Bullish,Bearish MACD,Perfect Uptrend (5>20>50),Normal,Akumulasi (Naik),Gap Down (-9.9%),Dominan Beli (Hajar Kanan),Normal,Sedang,Marubozu (Strong Bullish),Rawan Pucuk (High Risk),< 1 Miliar,Di Atas VWAP (Kuat),Akumulasi Pro (Smart Money),Gorengan Sepi (< 5M),Sepi (< 50%),Mark-Up (Fase Pesta),Normal,Normal,Sideways / Stagnan,TP: 101 | CL: 83,Open = Low (Bullish Kuat),Tidak Ideal (< 1:1),Death Cross (Awal Bearish),Sentimen Positif 📰,Normal / Sedang Transisi,Dekat Support Fibo 23.6%,6,WAIT & SEE,TIDAK ADA,2026-08-20 16:40:00,Biasa / Mengikuti Pasar
16:40,PART,Token Mati (Perlu Update),Small Cap (Lapis 3),Fair Value (Wajar),0.0,1.3925577,97.0,101,95,109,0.0,1723800,Normal,40,Negatif,Downtrend,Bearish,Strong Bearish,Strong Downtrend (5<20<50),Normal,Distribusi (Turun),Normal,Seimbang / Adu Mekanik,Normal,Sedang,Doji (Ragu-ragu),Dekat Support (Low Risk),< 1 Miliar,Persis di VWAP,Akumulasi Pro (Smart Money),Gorengan Sepi (< 5M),Normal (50-150%),Mark-Down (Fase Runtuh),Spesialis Tiang Jemuran (Banting Pucuk),Normal,Sideways / Stagnan,TP: 102 | CL: 93,Normal,Sangat Menarik (> 1:3),Oversold (Jenuh Jual - Peluang),Sentimen Positif 📰,Normal / Sedang Transisi,Golden Rebound Fibo 38.2% 🎯,1,WAIT & SEE,TIDAK ADA,2026-08-20 16:40:00,Biasa / Mengikuti Pasar
16:40,GOLF,Token Mati (Perlu Update),Mid Cap (Lapis 2),Overvalued (Mahal),59.854015,0.39846638,162.0,161,154,177,0.6211180124223602,4673800,Tembus MA20,48,Positif,Uptrend,Bearish,Strong Bearish,Strong Downtrend (5<20<50),Normal,Distribusi (Turun),Normal,Dominan Jual (Guyur),Normal,Sedang,Doji (Ragu-ragu),Area Tengah,< 1 Miliar,Persis di VWAP,Distribusi Pro (Guyuran),Gorengan Sepi (< 5M),Normal (50-150%),Accumulation (Kumpul Barang),Spesialis Tiang Jemuran (Banting Pucuk),Normal,Naik 2 Hari Beruntun,TP: 174 | CL: 153,Normal,Ideal (1:2),Golden Cross (Awal Bullish),Sentimen Negatif ⚠️,Normal / Sedang Transisi,Mendekati Fibo 38.2%,3,WAIT & SEE,TIDAK ADA,2026-08-20 16:40:00,Biasa / Mengikuti Pasar
16:40,ISEA,Token Mati (Perlu Update),Small Cap (Lapis 3),Fair Value (Wajar),0.0,0.6082458,83.0,81,76,96,0.0,4816200,Normal,56,Negatif,Uptrend,Bullish,Bearish MACD,Perfect Uptrend (5>20>50),Normal,Akumulasi (Naik),Normal,Seimbang / Adu Mekanik,Normal,Sedang,Doji (Ragu-ragu),Area Tengah,< 1 Miliar,Di Bawah VWAP (Lemah),Distribusi Pro (Guyuran),Gorengan Sepi (< 5M),Sepi (< 50%),Mark-Up (Fase Pesta),Spesialis Tiang Jemuran (Banting Pucuk),Jarum Bawah (Sinyal Pantulan Kuat),Sideways / Stagnan,TP: 92 | CL: 76,Normal,Ideal (1:2),Netral / Sideways,Sentimen Positif 📰,Normal / Sedang Transisi,Mendekati Fibo 38.2%,5,WAIT & SEE,TIDAK ADA,2026-08-20 16:40:00,Biasa / Mengikuti Pasar
16:40,BLES,Token Mati (Perlu Update),Mid Cap (Lapis 2),Undervalued (Murah),8.293461,1.4786484,210.0,196,160,230,-2.7777777777777777,13967800,Normal,65,Negatif,Uptrend,Bullish,Bearish MACD,Perfect Uptrend (5>20>50),Normal,Distribusi (Turun),Normal,Seimbang / Adu Mekanik,Normal,Tinggi,Normal,Rawan Pucuk (High Risk),> 1 Miliar,Persis di VWAP,Akumulasi Pro (Smart Money),Gorengan Sepi (< 5M),Normal (50-150%),Mark-Up (Fase Pesta),Normal,Normal,Turun 1 Hari Beruntun,TP: 230 | CL: 196,Open = High (Tekanan Jual),Tidak Ideal (< 1:1),Death Cross (Awal Bearish),Sentimen Positif 📰,Normal / Sedang Transisi,Mendekati Fibo 23.6%,4,WAIT & SEE,TIDAK ADA,2026-08-20 16:40:00,Biasa / Mengikuti Pasar
16:40,GUNA,Token Mati (Perlu Update),Small Cap (Lapis 3),Fair Value (Wajar),0.0,0.8871074,216.0,204,192,236,0.0,81400,Normal,68,Negatif,Uptrend,Bullish,Strong Bullish,Perfect Uptrend (5>20>50),Normal,Akumulasi (Naik),Normal,Seimbang / Adu Mekanik,Breakout Upper,Sedang,Doji (Ragu-ragu),Rawan Pucuk (High Risk),< 1 Miliar,Persis di VWAP,Distribusi Pro (Guyuran),Gorengan Sepi (< 5M),Sepi (< 50%),Mark-Up (Fase Pesta),Normal,Jarum Bawah (Sinyal Pantulan Kuat),Sideways / Stagnan,TP: 230 | CL: 206,Normal,Tidak Ideal (< 1:1),Golden Cross (Awal Bullish),Sentimen Positif 📰,Normal / Sedang Transisi,Mendekati Fibo 23.6%,6,WAIT & SEE,TIDAK ADA,2026-08-20 16:40:00,Biasa / Mengikuti Pasar
16:40,LABS,Token Mati (Perlu Update),Small Cap (Lapis 3),Overvalued (Mahal),0.0,4.385965,174.0,158,144,204,-1.694915254237288,807100,Normal,72,Negatif,Uptrend,Bullish,Strong Bullish,Perfect Uptrend (5>20>50),Normal,Akumulasi (Naik),Normal,Dominan Jual (Guyur),Normal,Tinggi,Normal,Rawan Pucuk (High Risk),< 1 Miliar,Di Bawah VWAP (Lemah),Distribusi Pro (Guyuran),Gorengan Sepi (< 5M),Sepi (< 50%),Mark-Up (Fase Pesta),Normal,Normal,Turun 2 Hari Beruntun,TP: 183 | CL: 167,Normal,Menengah (1:1),Netral / Sideways,Netral / Sepi Berita,Supply Banjir (Distribusi) 🌊,Mendekati Fibo 50.0%,5,WAIT & SEE,TIDAK ADA,2026-08-20 16:40:00,Biasa / Mengikuti Pasar
16:40,DOSS,Token Mati (Perlu Update),Small Cap (Lapis 3),Fair Value (Wajar),0.0,1.3252286,166.0,160,133,191,-0.5988023952095809,2162100,Normal,60,Negatif,Uptrend,Bullish,Bearish MACD,Perfect Uptrend (5>20>50),Normal,Distribusi (Turun),Normal,Dominan Jual (Guyur),Normal,Tinggi,Normal,Rawan Pucuk (High Risk),< 1 Miliar,Di Bawah VWAP (Lemah),Distribusi Pro (Guyuran),Gorengan Sepi (< 5M),Sepi (< 50%),Mark-Up (Fase Pesta),Spesialis Tiang Jemuran (Banting Pucuk),Normal,Turun 3 Hari Beruntun,TP: 186 | CL: 152,Normal,Tidak Ideal (< 1:1),Netral / Sideways,Sentimen Positif 📰,Normal / Sedang Transisi,Mendekati Fibo 38.2%,4,WAIT & SEE,TIDAK ADA,2026-08-20 16:40:00,Biasa / Mengikuti Pasar
16:40,NEST,Token Mati (Perlu Update),Small Cap (Lapis 3),Overvalued (Mahal),117.200676,7.5192037,695.0,686,590,775,0.7246376811594203,1733600,Normal,57,Positif,Uptrend,Bullish,Bearish MACD,Perfect Uptrend (5>20>50),Normal,Akumulasi (Naik),Normal,Dominan Beli (Hajar Kanan),Normal,Tinggi,Doji (Ragu-ragu),Rawan Pucuk (High Risk),> 1 Miliar,Di Atas VWAP (Kuat),Akumulasi Pro (Smart Money),Gorengan Sepi (< 5M),Normal (50-150%),Mark-Up (Fase Pesta),Solid (Jarang Dibanting),Jarum Bawah (Sinyal Pantulan Kuat),Naik 2 Hari Beruntun,TP: 734 | CL: 668,Normal,Tidak Ideal (< 1:1),Netral / Sideways,Sentimen Positif 📰,Normal / Sedang Transisi,Mengambang (Jauh dari Fibo),7,BELI,TIDAK ADA,2026-08-20 16:40:00,Biasa / Mengikuti Pasar
16:40,PTMR,Token Mati (Perlu Update),Small Cap (Lapis 3),Overvalued (Mahal),0.0,9.058322,374.0,374,374,374,0.0,0,Normal,0,Negatif,Downtrend,Bearish,Bearish MACD,Konsolidasi / Transisi,Normal,Netral,Normal,Tidak Ada Transaksi,Squeeze,Rendah,Doji (Ragu-ragu),Dekat Support (Low Risk),< 1 Miliar,Di Atas VWAP (Kuat),Netral,Gorengan Sepi (< 5M),Normal (50-150%),Sideways,Solid (Jarang Dibanting),Normal,Sideways / Stagnan,TP: 375 | CL: 373,Normal,Di Area Support,Oversold (Jenuh Jual - Peluang),Netral / Sepi Berita,Normal / Sedang Transisi,Normal / Sideways,0,WAIT & SEE,TIDAK ADA,2026-08-20 16:40:00,Biasa / Mengikuti Pasar
16:40,VERN,Token Mati (Perlu Update),Mid Cap (Lapis 2),Fair Value (Wajar),0.0,2.0521867,228.0,208,193,246,0.0,5454900,Normal,67,Negatif,Uptrend,Bullish,Strong Bullish,Perfect Uptrend (5>20>50),Normal,Akumulasi (Naik),Normal,Seimbang / Adu Mekanik,Normal,Tinggi,Doji (Ragu-ragu),Rawan Pucuk (High Risk),> 1 Miliar,Persis di VWAP,Akumulasi Pro (Smart Money),Gorengan Sepi (< 5M),Sepi (< 50%),Mark-Up (Fase Pesta),Normal,Normal,Sideways / Stagnan,TP: 246 | CL: 215,Normal,Tidak Ideal (< 1:1),Death Cross (Awal Bearish),Sentimen Positif 📰,Normal / Sedang Transisi,Mengambang (Jauh dari Fibo),6,WAIT & SEE,TIDAK ADA,2026-08-20 16:40:00,Biasa / Mengikuti Pasar
16:40,DAAZ,Token Mati (Perlu Update),Mid Cap (Lapis 2),Fair Value (Wajar),12.729793,2.0757203,1745.0,1622,1485,1940,1.4534883720930232,323900,Normal,60,Positif,Uptrend,Bullish,Strong Bullish,Perfect Uptrend (5>20>50),Normal,Distribusi (Turun),Normal,Seimbang / Adu Mekanik,Normal,Tinggi,Normal,Rawan Pucuk (High Risk),< 1 Miliar,Persis di VWAP,Distribusi Pro (Guyuran),Gorengan Sepi (< 5M),Sepi (< 50%),Mark-Up (Fase Pesta),Spesialis Tiang Jemuran (Banting Pucuk),Normal,Naik 1 Hari Beruntun,TP: 1924 | CL: 1625,Open = Low (Bullish Kuat),Tidak Ideal (< 1:1),Netral / Sideways,Sentimen Positif 📰,Normal / Sedang Transisi,Dekat Support Fibo 50.0%,6,WAIT & SEE,TIDAK ADA,2026-08-20 16:40:00,Biasa / Mengikuti Pasar
16:40,BOAT,Token Mati (Perlu Update),Small Cap (Lapis 3),Overvalued (Mahal),0.0,20142.857,142.0,135,119,157,0.7092198581560284,1793500,Normal,66,Positif,Uptrend,Bullish,Strong Bullish,Perfect Uptrend (5>20>50),Normal,Akumulasi (Naik),Gap Up (+2.1%),Seimbang / Adu Mekanik,Normal,Tinggi,Normal,Rawan Pucuk (High Risk),< 1 Miliar,Persis di VWAP,Distribusi Pro (Guyuran),Gorengan Sepi (< 5M),Sepi (< 50%),Mark-Up (Fase Pesta),Spesialis Tiang Jemuran (Banting Pucuk),Normal,Naik 1 Hari Beruntun,TP: 152 | CL: 135,Open = High (Tekanan Jual),Tidak Ideal (< 1:1),Netral / Sideways,Sentimen Positif 📰,Normal / Sedang Transisi,Dekat Support Fibo 23.6%,8,BELI,TIDAK ADA,2026-08-20 16:40:00,Biasa / Mengikuti Pasar
16:40,NAIK,Token Mati (Perlu Update),Small Cap (Lapis 3),Undervalued (Murah),9.777778,1.3745489,89.0,87,85,93,1.1363636363636365,6184900,Tembus MA20,55,Positif,Uptrend,Bullish,Bearish MACD,Perfect Uptrend (5>20>50),Normal,Distribusi (Turun),Normal,Dominan Beli (Hajar Kanan),Squeeze,Rendah,Normal,Area Tengah,< 1 Miliar,Persis di VWAP,Akumulasi Pro (Smart Money),Gorengan Sepi (< 5M),Normal (50-150%),Mark-Up (Fase Pesta),Normal,Normal,Naik 1 Hari Beruntun,TP: 93 | CL: 86,Normal,Menengah (1:1),Netral / Sideways,Sentimen Positif 📰,Normal / Sedang Transisi,Mendekati Fibo 38.2%,7,BELI,TIDAK ADA,2026-08-20 16:40:00,Biasa / Mengikuti Pasar
16:40,AADI,Token Mati (Perlu Update),Big Cap (Lapis 1),Overvalued (Mahal),6.0949645,22141.256,9925.0,9206,8750,10000,2.056555269922879,9524100,Tembus MA20,72,Positif,Uptrend,Bullish,Strong Bullish,Perfect Uptrend (5>20>50),Normal,Akumulasi (Naik),Normal,Dominan Beli (Hajar Kanan),Breakout Upper,Sedang,Normal,Rawan Pucuk (High Risk),> 1 Miliar,Di Atas VWAP (Kuat),Akumulasi Pro (Smart Money),Sultan (> 50M/hari),Normal (50-150%),Mark-Up (Fase Pesta),Normal,Normal,Naik 1 Hari Beruntun,TP: 10345 | CL: 9644,Normal,Tidak Ideal (< 1:1),Overbought (Jenuh Beli - Rawan),Netral / Sepi Berita,Normal / Sedang Transisi,Mengambang (Jauh dari Fibo),8,BELI,TIDAK ADA,2026-08-20 16:40:00,Biasa / Mengikuti Pasar
16:40,MDIY,Token Mati (Perlu Update),Big Cap (Lapis 1),Overvalued (Mahal),20.071835,5.5476723,950.0,930,895,970,-1.0416666666666665,156500,Normal,59,Negatif,Uptrend,Bullish,Strong Bullish,Perfect Uptrend (5>20>50),Normal,Akumulasi (Naik),Normal,Seimbang / Adu Mekanik,Squeeze,Rendah,Normal,Area Tengah,< 1 Miliar,Persis di VWAP,Akumulasi Pro (Smart Money),Gorengan Sepi (< 5M),Sepi (< 50%),Mark-Up (Fase Pesta),Normal,Jarum Bawah (Sinyal Pantulan Kuat),Turun 1 Hari Beruntun,TP: 975 | CL: 932,Normal,Tidak Ideal (< 1:1),Death Cross (Awal Bearish),Sentimen Positif 📰,Normal / Sedang Transisi,Mendekati Fibo 38.2%,6,WAIT & SEE,TIDAK ADA,2026-08-20 16:40:00,Biasa / Mengikuti Pasar
16:40,KSIX,Token Mati (Perlu Update),Small Cap (Lapis 3),Fair Value (Wajar),0.0,0.7028659,416.0,352,270,500,-0.4784688995215311,820800,Normal,75,Negatif,Uptrend,Bullish,Strong Bullish,Perfect Uptrend (5>20>50),Normal,Akumulasi (Naik),Normal,Seimbang / Adu Mekanik,Normal,Tinggi,Doji (Ragu-ragu),Rawan Pucuk (High Risk),< 1 Miliar,Di Bawah VWAP (Lemah),Distribusi Pro (Guyuran),Gorengan Sepi (< 5M),Sepi (< 50%),Mark-Up (Fase Pesta),Spesialis Tiang Jemuran (Banting Pucuk),Jarum Bawah (Sinyal Pantulan Kuat),Turun 1 Hari Beruntun,TP: 475 | CL: 376,Normal,Tidak Ideal (< 1:1),Death Cross (Awal Bearish),Sentimen Positif 📰,Normal / Sedang Transisi,Golden Rebound Fibo 38.2% 🎯,6,WAIT & SEE,TIDAK ADA,2026-08-20 16:40:00,Biasa / Mengikuti Pasar
16:40,RATU,Token Mati (Perlu Update),Big Cap (Lapis 1),Overvalued (Mahal),29.162102,202857.14,4260.0,4861,4110,5275,2.6506024096385543,5634200,Normal,35,Positif,Downtrend,Bearish,Strong Bearish,Strong Downtrend (5<20<50),Normal,Distribusi (Turun),Normal,Seimbang / Adu Mekanik,Normal,Tinggi,Normal,Area Tengah,> 1 Miliar,Di Bawah VWAP (Lemah),Distribusi Pro (Guyuran),Ritel Aktif (5M - 50M),Normal (50-150%),Mark-Down (Fase Runtuh),Spesialis Tiang Jemuran (Banting Pucuk),Normal,Naik 1 Hari Beruntun,TP: 4565 | CL: 4056,Open = Low (Bullish Kuat),Sangat Menarik (> 1:3),Oversold (Jenuh Jual - Peluang),Netral / Sepi Berita,Normal / Sedang Transisi,Mendekati Fibo 78.6%,1,WAIT & SEE,TIDAK ADA,2026-08-20 16:40:00,Biasa / Mengikuti Pasar
16:40,YOII,Token Mati (Perlu Update),Small Cap (Lapis 3),Fair Value (Wajar),0.0,1.2970371,83.0,83,80,88,-1.1904761904761905,2219700,Normal,46,Negatif,Downtrend,Golden Cross,Bullish MACD,Awal Reversal (5>20),Normal,Akumulasi (Naik),Normal,Seimbang / Adu Mekanik,Squeeze,Rendah,Normal,Area Tengah,< 1 Miliar,Di Bawah VWAP (Lemah),Akumulasi Pro (Smart Money),Gorengan Sepi (< 5M),Normal (50-150%),Mark-Down (Fase Runtuh),Normal,Normal,Turun 2 Hari Beruntun,TP: 88 | CL: 79,Normal,Ideal (1:2),Netral / Sideways,Netral / Sepi Berita,Normal / Sedang Transisi,Mendekati Fibo 50.0%,3,WAIT & SEE,TIDAK ADA,2026-08-20 16:40:00,Biasa / Mengikuti Pasar
16:40,HGII,Token Mati (Perlu Update),Small Cap (Lapis 3),Fair Value (Wajar),0.0,1.0575187,124.0,122,118,143,0.8130081300813009,3319400,Tembus MA20,53,Positif,Uptrend,Bullish,Strong Bullish,Awal Reversal (5>20),Normal,Akumulasi (Naik),Normal,Seimbang / Adu Mekanik,Normal,Sedang,Doji (Ragu-ragu),Area Tengah,< 1 Miliar,Persis di VWAP,Distribusi Pro (Guyuran),Gorengan Sepi (< 5M),Normal (50-150%),Accumulation (Kumpul Barang),Spesialis Tiang Jemuran (Banting Pucuk),Normal,Naik 2 Hari Beruntun,TP: 133 | CL: 117,Normal,Sangat Menarik (> 1:3),Golden Cross (Awal Bullish),Sentimen Positif 📰,Normal / Sedang Transisi,Dekat Support Fibo 61.8% (Golden Ratio),8,BELI,TIDAK ADA,2026-08-20 16:40:00,Biasa / Mengikuti Pasar
16:40,BRRC,Token Mati (Perlu Update),Small Cap (Lapis 3),Fair Value (Wajar),0.0,0.9060286,78.0,60,54,82,21.875,418901700,Tembus MA20,77,Positif,Uptrend,Bullish,Strong Bullish,Perfect Uptrend (5>20>50),Akumulasi Kuat,Akumulasi (Naik),Normal,Dominan Beli (Hajar Kanan),Breakout Upper,Tinggi,Normal,Rawan Pucuk (High Risk),> 1 Miliar,Di Atas VWAP (Kuat),Akumulasi Pro (Smart Money),Ritel Aktif (5M - 50M),Ledakan Ekstrem (> 300%),Mark-Up (Fase Pesta),Normal,Normal,Naik 1 Hari Beruntun,TP: 86 | CL: 72,Normal,Tidak Ideal (< 1:1),Netral / Sideways,Netral / Sepi Berita,Normal / Sedang Transisi,Mendekati Fibo 23.6%,9,BELI,TIDAK ADA,2026-08-20 16:40:00,⚠️ Anomali (Sudah Terbang)
16:40,DGWG,Token Mati (Perlu Update),Mid Cap (Lapis 2),Fair Value (Wajar),7.2173915,1.749219,332.0,304,272,332,1.8404907975460123,19529400,Tembus MA20,70,Positif,Uptrend,Bullish,Strong Bullish,Perfect Uptrend (5>20>50),Normal,Akumulasi (Naik),Normal,Dominan Beli (Hajar Kanan),Normal,Tinggi,Normal,Rawan Pucuk (High Risk),> 1 Miliar,Di Atas VWAP (Kuat),Akumulasi Pro (Smart Money),Gorengan Sepi (< 5M),Normal (50-150%),Mark-Up (Fase Pesta),Normal,Normal,Naik 1 Hari Beruntun,TP: 348 | CL: 321,Normal,Tidak Ideal (< 1:1),Overbought (Jenuh Beli - Rawan),Sentimen Positif 📰,Normal / Sedang Transisi,Mendekati Fibo 23.6%,9,BELI,TIDAK ADA,2026-08-20 16:40:00,Biasa / Mengikuti Pasar
16:40,CBDK,Token Mati (Perlu Update),Big Cap (Lapis 1),Fair Value (Wajar),8.772716,2.093562,3920.0,3718,3360,4100,3.430079155672823,3739800,Tembus MA20,61,Positif,Uptrend,Golden Cross,Strong Bullish,Perfect Uptrend (5>20>50),Normal,Akumulasi (Naik),Normal,Dominan Beli (Hajar Kanan),Normal,Tinggi,Marubozu (Strong Bullish),Rawan Pucuk (High Risk),> 1 Miliar,Di Atas VWAP (Kuat),Akumulasi Pro (Smart Money),Ritel Aktif (5M - 50M),Anomali Tinggi (150-300%),Mark-Up (Fase Pesta),Normal,Normal,Naik 4 Hari Beruntun,TP: 4130 | CL: 3780,Open = Low (Bullish Kuat),Tidak Ideal (< 1:1),Netral / Sideways,Netral / Sepi Berita,Normal / Sedang Transisi,Dekat Support Fibo 23.6%,8,BELI,TIDAK ADA,2026-08-20 16:40:00,Biasa / Mengikuti Pasar
16:40,OBAT,Token Mati (Perlu Update),Small Cap (Lapis 3),Fair Value (Wajar),0.0,1.1898034,240.0,243,232,260,0.0,156000,Normal,45,Negatif,Downtrend,Bearish,Strong Bearish,Konsolidasi / Transisi,Normal,Akumulasi (Naik),Normal,Seimbang / Adu Mekanik,Squeeze,Rendah,Doji (Ragu-ragu),Area Tengah,< 1 Miliar,Persis di VWAP,Akumulasi Pro (Smart Money),Gorengan Sepi (< 5M),Normal (50-150%),Distribution (Fase Jualan),Normal,Jarum Bawah (Sinyal Pantulan Kuat),Sideways / Stagnan,TP: 251 | CL: 232,Normal,Ideal (1:2),Golden Cross (Awal Bullish),Netral / Sepi Berita,Normal / Sedang Transisi,Golden Rebound Fibo 50.0% 🎯,1,WAIT & SEE,TIDAK ADA,2026-08-20 16:40:00,Biasa / Mengikuti Pasar
16:40,MINE,Token Mati (Perlu Update),Small Cap (Lapis 3),Undervalued (Murah),5.6258793,1.0052819,240.0,228,210,258,2.564102564102564,3705900,Tembus MA20,62,Positif,Uptrend,Bullish,Strong Bullish,Perfect Uptrend (5>20>50),Normal,Akumulasi (Naik),Normal,Dominan Beli (Hajar Kanan),Normal,Sedang,Normal,Rawan Pucuk (High Risk),< 1 Miliar,Di Atas VWAP (Kuat),Akumulasi Pro (Smart Money),Gorengan Sepi (< 5M),Anomali Tinggi (150-300%),Mark-Up (Fase Pesta),Normal,Normal,Naik 1 Hari Beruntun,TP: 258 | CL: 228,Normal,Tidak Ideal (< 1:1),Netral / Sideways,Sentimen Positif 📰,Normal / Sedang Transisi,Mendekati Fibo 61.8% (Golden Ratio),9,BELI,TIDAK ADA,2026-08-20 16:40:00,Biasa / Mengikuti Pasar
16:40,ASPR,Token Mati (Perlu Update),Small Cap (Lapis 3),Fair Value (Wajar),0.0,2.4480178,160.0,151,126,168,0.0,15779700,Normal,53,Negatif,Uptrend,Bullish,Bullish MACD,Awal Reversal (5>20),Normal,Akumulasi (Naik),Normal,Seimbang / Adu Mekanik,Normal,Sedang,Doji (Ragu-ragu),Rawan Pucuk (High Risk),> 1 Miliar,Persis di VWAP,Akumulasi Pro (Smart Money),Ritel Aktif (5M - 50M),Sepi (< 50%),Accumulation (Kumpul Barang),Spesialis Tiang Jemuran (Banting Pucuk),Normal,Sideways / Stagnan,TP: 173 | CL: 151,Normal,Tidak Ideal (< 1:1),Overbought (Jenuh Beli - Rawan),Netral / Sepi Berita,Normal / Sedang Transisi,Mengambang (Jauh dari Fibo),5,WAIT & SEE,TIDAK ADA,2026-08-20 16:40:00,Biasa / Mengikuti Pasar
16:40,PSAT,Token Mati (Perlu Update),Mid Cap (Lapis 2),Fair Value (Wajar),0.0,1.0210681,895.0,877,815,945,-1.6483516483516485,22400,Normal,59,Negatif,Uptrend,Bullish,Bearish MACD,Perfect Uptrend (5>20>50),Normal,Akumulasi (Naik),Normal,Dominan Jual (Guyur),Normal,Sedang,Normal,Area Tengah,< 1 Miliar,Persis di VWAP,Akumulasi Pro (Smart Money),Gorengan Sepi (< 5M),Sepi (< 50%),Mark-Up (Fase Pesta),Normal,Normal,Turun 1 Hari Beruntun,TP: 954 | CL: 855,Normal,Tidak Ideal (< 1:1),Death Cross (Awal Bearish),Sentimen Positif 📰,Normal / Sedang Transisi,Mendekati Fibo 23.6%,5,WAIT & SEE,TIDAK ADA,2026-08-20 16:40:00,Biasa / Mengikuti Pasar
16:40,COIN,Token Mati (Perlu Update),Big Cap (Lapis 1),Overvalued (Mahal),0.0,8.563477,880.0,704,620,905,24.822695035460992,138000300,Tembus MA20,68,Positif,Uptrend,Bullish,Strong Bullish,Awal Reversal (5>20),Akumulasi Kuat,Akumulasi (Naik),Gap Up (+7.1%),Dominan Beli (Hajar Kanan),Breakout Upper,Tinggi,Marubozu (Strong Bullish),Rawan Pucuk (High Risk),> 1 Miliar,Di Atas VWAP (Kuat),Akumulasi Pro (Smart Money),Ritel Aktif (5M - 50M),Ledakan Ekstrem (> 300%),Accumulation (Kumpul Barang),Normal,Normal,Naik 1 Hari Beruntun,TP: 963 | CL: 824,Open = Low (Bullish Kuat),Tidak Ideal (< 1:1),Netral / Sideways,Sentimen Positif 📰,Normal / Sedang Transisi,Dekat Support Fibo 23.6%,11,BELI,TIDAK ADA,2026-08-20 16:40:00,⚠️ Anomali (Sudah Terbang)
16:40,CDIA,Token Mati (Perlu Update),Big Cap (Lapis 1),Overvalued (Mahal),69.513405,87499.99,705.0,685,630,790,2.1739130434782608,67821900,Tembus MA20,55,Positif,Uptrend,Bullish,Strong Bullish,Perfect Uptrend (5>20>50),Normal,Distribusi (Turun),Normal,Seimbang / Adu Mekanik,Normal,Tinggi,Normal,Rawan Pucuk (High Risk),> 1 Miliar,Persis di VWAP,Distribusi Pro (Guyuran),Ritel Aktif (5M - 50M),Normal (50-150%),Mark-Up (Fase Pesta),Spesialis Tiang Jemuran (Banting Pucuk),Normal,Naik 1 Hari Beruntun,TP: 747 | CL: 676,Normal,Menengah (1:1),Netral / Sideways,Netral / Sepi Berita,Normal / Sedang Transisi,Dekat Support Fibo 61.8% (Golden Ratio),6,WAIT & SEE,TIDAK ADA,2026-08-20 16:40:00,Biasa / Mengikuti Pasar
16:40,BLOG,Token Mati (Perlu Update),Mid Cap (Lapis 2),Fair Value (Wajar),8.46395,2.0367806,378.0,371,340,394,-1.0471204188481675,174300,Normal,56,Negatif,Uptrend,Bullish,Strong Bullish,Perfect Uptrend (5>20>50),Normal,Distribusi (Turun),Normal,Dominan Jual (Guyur),Normal,Sedang,Normal,Rawan Pucuk (High Risk),< 1 Miliar,Persis di VWAP,Akumulasi Pro (Smart Money),Gorengan Sepi (< 5M),Sepi (< 50%),Mark-Up (Fase Pesta),Normal,Normal,Turun 1 Hari Beruntun,TP: 393 | CL: 368,Open = High (Tekanan Jual),Tidak Ideal (< 1:1),Death Cross (Awal Bearish),Sentimen Positif 📰,Normal / Sedang Transisi,Dekat Support Fibo 23.6%,5,WAIT & SEE,TIDAK ADA,2026-08-20 16:40:00,Biasa / Mengikuti Pasar
16:40,MERI,Token Mati (Perlu Update),Small Cap (Lapis 3),Fair Value (Wajar),0.0,2.838177,120.0,111,99,140,0.8403361344537815,16697400,Normal,61,Positif,Uptrend,Bullish,Strong Bullish,Perfect Uptrend (5>20>50),Normal,Akumulasi (Naik),Normal,Dominan Jual (Guyur),Normal,Tinggi,Doji (Ragu-ragu),Rawan Pucuk (High Risk),> 1 Miliar,Di Bawah VWAP (Lemah),Distribusi Pro (Guyuran),Gorengan Sepi (< 5M),Normal (50-150%),Mark-Up (Fase Pesta),Spesialis Tiang Jemuran (Banting Pucuk),Normal,Naik 2 Hari Beruntun,TP: 137 | CL: 108,Normal,Tidak Ideal (< 1:1),Netral / Sideways,Sentimen Positif 📰,Normal / Sedang Transisi,Dekat Support Fibo 38.2%,7,BELI,TIDAK ADA,2026-08-20 16:40:00,Biasa / Mengikuti Pasar
16:40,KAQI,Token Mati (Perlu Update),Small Cap (Lapis 3),Fair Value (Wajar),0.0,1.6043301,99.0,93,86,106,3.125,52130100,Tembus MA20,61,Positif,Uptrend,Bullish,Strong Bullish,Perfect Uptrend (5>20>50),Normal,Akumulasi (Naik),Normal,Seimbang / Adu Mekanik,Normal,Sedang,Normal,Rawan Pucuk (High Risk),> 1 Miliar,Di Atas VWAP (Kuat),Akumulasi Pro (Smart Money),Gorengan Sepi (< 5M),Normal (50-150%),Mark-Up (Fase Pesta),Normal,Normal,Naik 4 Hari Beruntun,TP: 106 | CL: 94,Normal,Tidak Ideal (< 1:1),Netral / Sideways,Netral / Sepi Berita,Normal / Sedang Transisi,Dekat Support Fibo 23.6%,7,BELI,TIDAK ADA,2026-08-20 16:40:00,Biasa / Mengikuti Pasar
16:40,YUPI,Token Mati (Perlu Update),Big Cap (Lapis 1),Overvalued (Mahal),17.817984,6.383564,1300.0,1300,1265,1345,1.5625,7400,Normal,48,Positif,Downtrend,Bearish,Bullish MACD,Strong Downtrend (5<20<50),Normal,Distribusi (Turun),Normal,Seimbang / Adu Mekanik,Squeeze,Rendah,Normal,Dekat Support (Low Risk),< 1 Miliar,Persis di VWAP,Distribusi Pro (Guyuran),Gorengan Sepi (< 5M),Sepi (< 50%),Mark-Down (Fase Runtuh),Spesialis Tiang Jemuran (Banting Pucuk),Normal,Naik 1 Hari Beruntun,TP: 1336 | CL: 1275,Open = Low (Bullish Kuat),Menengah (1:1),Golden Cross (Awal Bullish),Sentimen Positif 📰,Supply Kering (Siap Pump) 🏜️,Mendekati Fibo 78.6%,3,WAIT & SEE,TIDAK ADA,2026-08-20 16:40:00,Biasa / Mengikuti Pasar
16:40,FORE,Token Mati (Perlu Update),Mid Cap (Lapis 2),Overvalued (Mahal),69.46827,9.792542,810.0,741,610,875,0.0,10655300,Normal,63,Negatif,Uptrend,Bullish,Strong Bullish,Perfect Uptrend (5>20>50),Normal,Distribusi (Turun),Normal,Dominan Jual (Guyur),Normal,Tinggi,Normal,Rawan Pucuk (High Risk),> 1 Miliar,Persis di VWAP,Distribusi Pro (Guyuran),Ritel Aktif (5M - 50M),Normal (50-150%),Mark-Up (Fase Pesta),Spesialis Tiang Jemuran (Banting Pucuk),Normal,Sideways / Stagnan,TP: 882 | CL: 761,Normal,Tidak Ideal (< 1:1),Netral / Sideways,Sentimen Positif 📰,Normal / Sedang Transisi,Dekat Support Fibo 50.0%,5,WAIT & SEE,TIDAK ADA,2026-08-20 16:40:00,Biasa / Mengikuti Pasar
16:40,MDLA,Token Mati (Perlu Update),Mid Cap (Lapis 2),Undervalued (Murah),7.0044203,0.9387361,208.0,209,200,214,0.0,1369700,Tembus MA20,49,Negatif,Downtrend,Death Cross,Bearish MACD,Konsolidasi / Transisi,Normal,Distribusi (Turun),Normal,Seimbang / Adu Mekanik,Squeeze,Rendah,Normal,Area Tengah,< 1 Miliar,Persis di VWAP,Distribusi Pro (Guyuran),Gorengan Sepi (< 5M),Normal (50-150%),Distribution (Fase Jualan),Normal,Normal,Sideways / Stagnan,TP: 215 | CL: 203,Open = Low (Bullish Kuat),Tidak Ideal (< 1:1),Death Cross (Awal Bearish),Sentimen Positif 📰,Normal / Sedang Transisi,Mendekati Fibo 38.2%,2,WAIT & SEE,TIDAK ADA,2026-08-20 16:40:00,Biasa / Mengikuti Pasar
16:40,DKHH,Token Mati (Perlu Update),Small Cap (Lapis 3),Fair Value (Wajar),0.0,0.7728255,63.0,63,60,69,-1.5625,2423200,Normal,49,Negatif,Downtrend,Bullish,Bearish MACD,Perfect Uptrend (5>20>50),Normal,Akumulasi (Naik),Normal,Dominan Jual (Guyur),Squeeze,Rendah,Normal,Area Tengah,< 1 Miliar,Di Bawah VWAP (Lemah),Distribusi Pro (Guyuran),Gorengan Sepi (< 5M),Sepi (< 50%),Distribution (Fase Jualan),Spesialis Tiang Jemuran (Banting Pucuk),Normal,Turun 1 Hari Beruntun,TP: 66 | CL: 60,Open = High (Tekanan Jual),Ideal (1:2),Netral / Sideways,Sentimen Positif 📰,Supply Kering (Siap Pump) 🏜️,Mendekati Fibo 61.8% (Golden Ratio),3,WAIT & SEE,TIDAK ADA,2026-08-20 16:40:00,Biasa / Mengikuti Pasar
16:40,AYLS,Token Mati (Perlu Update),Small Cap (Lapis 3),Overvalued (Mahal),0.0,4.1524506,157.0,156,145,190,0.0,1274100,Normal,53,Negatif,Uptrend,Bullish,Bearish MACD,Perfect Uptrend (5>20>50),Normal,Akumulasi (Naik),Normal,Dominan Beli (Hajar Kanan),Normal,Sedang,Normal,Area Tengah,< 1 Miliar,Persis di VWAP,Akumulasi Pro (Smart Money),Gorengan Sepi (< 5M),Normal (50-150%),Mark-Up (Fase Pesta),Normal,Normal,Sideways / Stagnan,TP: 170 | CL: 148,Normal,Ideal (1:2),Netral / Sideways,Sentimen Positif 📰,Normal / Sedang Transisi,Mendekati Fibo 50.0%,6,WAIT & SEE,TIDAK ADA,2026-08-20 16:40:00,Biasa / Mengikuti Pasar
16:40,DADA,Token Mati (Perlu Update),Small Cap (Lapis 3),Undervalued (Murah),14.947683,1.0235415,50.0,50,50,50,0.0,257000,Normal,0,Negatif,Downtrend,Bearish,Bearish MACD,Konsolidasi / Transisi,Normal,Netral,Normal,Tidak Ada Transaksi,Squeeze,Rendah,Doji (Ragu-ragu),Dekat Support (Low Risk),< 1 Miliar,Persis di VWAP,Netral,Gorengan Sepi (< 5M),Anomali Tinggi (150-300%),Sideways,Solid (Jarang Dibanting),Normal,Sideways / Stagnan,TP: 51 | CL: 49,Normal,Di Area Support,Oversold (Jenuh Jual - Peluang),Sentimen Positif 📰,Supply Kering (Siap Pump) 🏜️,Normal / Sideways,1,WAIT & SEE,TIDAK ADA,2026-08-20 16:40:00,Biasa / Mengikuti Pasar
16:40,ASPI,Token Mati (Perlu Update),Small Cap (Lapis 3),Overvalued (Mahal),0.0,5.431341,386.0,407,358,440,0.0,132800,Normal,40,Negatif,Downtrend,Bearish,Strong Bearish,Konsolidasi / Transisi,Normal,Distribusi (Turun),Normal,Seimbang / Adu Mekanik,Bottom Rebound,Sedang,Doji (Ragu-ragu),Area Tengah,< 1 Miliar,Persis di VWAP,Akumulasi Pro (Smart Money),Gorengan Sepi (< 5M),Sepi (< 50%),Distribution (Fase Jualan),Spesialis Tiang Jemuran (Banting Pucuk),Jarum Bawah (Sinyal Pantulan Kuat),Sideways / Stagnan,TP: 414 | CL: 367,Normal,Ideal (1:2),Netral / Sideways,Sentimen Positif 📰,Normal / Sedang Transisi,Mengambang (Jauh dari Fibo),1,WAIT & SEE,TIDAK ADA,2026-08-20 16:40:00,Biasa / Mengikuti Pasar
16:40,ESTA,Token Mati (Perlu Update),Small Cap (Lapis 3),Fair Value (Wajar),0.0,2.3924434,174.0,180,165,200,1.1627906976744187,65000,Normal,44,Positif,Downtrend,Bearish,Strong Bearish,Strong Downtrend (5<20<50),Normal,Akumulasi (Naik),Normal,Seimbang / Adu Mekanik,Normal,Sedang,Normal,Area Tengah,< 1 Miliar,Persis di VWAP,Distribusi Pro (Guyuran),Gorengan Sepi (< 5M),Sepi (< 50%),Mark-Down (Fase Runtuh),Spesialis Tiang Jemuran (Banting Pucuk),Normal,Naik 2 Hari Beruntun,TP: 187 | CL: 165,Normal,Ideal (1:2),Golden Cross (Awal Bullish),Sentimen Positif 📰,Normal / Sedang Transisi,Dekat Support Fibo 78.6%,3,WAIT & SEE,TIDAK ADA,2026-08-20 16:40:00,Biasa / Mengikuti Pasar
16:40,BESS,Token Mati (Perlu Update),Mid Cap (Lapis 2),Overvalued (Mahal),272.86584,4.8151155,895.0,895,760,965,-1.6483516483516485,16500,Normal,47,Negatif,Downtrend,Bullish,Bullish MACD,Awal Reversal (5>20),Normal,Distribusi (Turun),Normal,Dominan Jual (Guyur),Squeeze,Rendah,Normal,Rawan Pucuk (High Risk),< 1 Miliar,Persis di VWAP,Akumulasi Pro (Smart Money),Gorengan Sepi (< 5M),Sepi (< 50%),Mark-Down (Fase Runtuh),Spesialis Tiang Jemuran (Banting Pucuk),Normal,Turun 2 Hari Beruntun,TP: 980 | CL: 838,Open = High (Tekanan Jual),Tidak Ideal (< 1:1),Death Cross (Awal Bearish),Sentimen Positif 📰,Normal / Sedang Transisi,Mendekati Fibo 78.6%,3,WAIT & SEE,TIDAK ADA,2026-08-20 16:40:00,Biasa / Mengikuti Pasar
16:40,AMAN,Token Mati (Perlu Update),Small Cap (Lapis 3),Fair Value (Wajar),19.633944,1.0757638,234.0,248,232,266,-2.5,140000,Normal,31,Negatif,Downtrend,Bearish,Strong Bearish,Strong Downtrend (5<20<50),Normal,Distribusi (Turun),Normal,Dominan Jual (Guyur),Bottom Rebound,Sedang,Normal,Dekat Support (Low Risk),< 1 Miliar,Di Bawah VWAP (Lemah),Akumulasi Pro (Smart Money),Gorengan Sepi (< 5M),Normal (50-150%),Mark-Down (Fase Runtuh),Normal,Normal,Turun 1 Hari Beruntun,TP: 246 | CL: 225,Normal,Sangat Menarik (> 1:3),Oversold (Jenuh Jual - Peluang),Sentimen Negatif ⚠️,Normal / Sedang Transisi,Golden Rebound Fibo 61.8% (Golden Ratio) 🎯,0,WAIT & SEE,TIDAK ADA,2026-08-20 16:40:00,Biasa / Mengikuti Pasar
16:40,CARE,Token Mati (Perlu Update),Big Cap (Lapis 1),Overvalued (Mahal),2505.8823,4.6834803,426.0,423,412,434,-0.46728971962616817,101900,Normal,55,Negatif,Uptrend,Bullish,Strong Bullish,Perfect Uptrend (5>20>50),Normal,Distribusi (Turun),Normal,Dominan Jual (Guyur),Squeeze,Rendah,Normal,Area Tengah,< 1 Miliar,Persis di VWAP,Akumulasi Pro (Smart Money),Gorengan Sepi (< 5M),Normal (50-150%),Mark-Up (Fase Pesta),Normal,Normal,Turun 1 Hari Beruntun,TP: 437 | CL: 418,Normal,Tidak Ideal (< 1:1),Death Cross (Awal Bearish),Sentimen Negatif ⚠️,Normal / Sedang Transisi,Dekat Support Fibo 38.2%,4,WAIT & SEE,TIDAK ADA,2026-08-20 16:40:00,Biasa / Mengikuti Pasar
16:40,PIPA,Token Mati (Perlu Update),Small Cap (Lapis 3),Overvalued (Mahal),0.0,8.058061,151.0,123,111,167,5.594405594405594,541371500,Tembus MA20,74,Positif,Uptrend,Bullish,Strong Bullish,Perfect Uptrend (5>20>50),Akumulasi Kuat,Akumulasi (Naik),Normal,Seimbang / Adu Mekanik,Breakout Upper,Tinggi,Normal,Rawan Pucuk (High Risk),> 1 Miliar,Di Atas VWAP (Kuat),Akumulasi Pro (Smart Money),Sultan (> 50M/hari),Anomali Tinggi (150-300%),Mark-Up (Fase Pesta),Normal,Normal,Naik 2 Hari Beruntun,TP: 166 | CL: 141,Normal,Tidak Ideal (< 1:1),Netral / Sideways,Sentimen Positif 📰,Normal / Sedang Transisi,Dekat Support Fibo 23.6%,9,BELI,TIDAK ADA,2026-08-20 16:40:00,⚠️ Anomali (Sudah Terbang)
16:40,NCKL,Token Mati (Perlu Update),Big Cap (Lapis 1),Undervalued (Murah),5.582467,1.356743,950.0,909,830,965,2.7027027027027026,65816200,Tembus MA20,62,Positif,Uptrend,Bullish,Bearish MACD,Perfect Uptrend (5>20>50),Normal,Akumulasi (Naik),Normal,Seimbang / Adu Mekanik,Normal,Tinggi,Normal,Rawan Pucuk (High Risk),> 1 Miliar,Di Atas VWAP (Kuat),Distribusi Pro (Guyuran),Ritel Aktif (5M - 50M),Normal (50-150%),Mark-Up (Fase Pesta),Normal,Normal,Naik 1 Hari Beruntun,TP: 999 | CL: 916,Open = Low (Bullish Kuat),Tidak Ideal (< 1:1),Netral / Sideways,Sentimen Positif 📰,Normal / Sedang Transisi,Mendekati Fibo 23.6%,7,BELI,TIDAK ADA,2026-08-20 16:40:00,Biasa / Mengikuti Pasar
16:40,MENN,Token Mati (Perlu Update),Small Cap (Lapis 3),Fair Value (Wajar),0.0,1.9389771,53.0,53,53,53,0.0,0,Normal,0,Negatif,Downtrend,Bearish,Bearish MACD,Konsolidasi / Transisi,Normal,Netral,Normal,Tidak Ada Transaksi,Squeeze,Rendah,Doji (Ragu-ragu),Dekat Support (Low Risk),< 1 Miliar,Di Atas VWAP (Kuat),Netral,Gorengan Sepi (< 5M),Normal (50-150%),Sideways,Solid (Jarang Dibanting),Normal,Sideways / Stagnan,TP: 54 | CL: 52,Normal,Di Area Support,Oversold (Jenuh Jual - Peluang),Netral / Sepi Berita,Normal / Sedang Transisi,Normal / Sideways,0,WAIT & SEE,TIDAK ADA,2026-08-20 16:40:00,Biasa / Mengikuti Pasar
16:40,AWAN,Token Mati (Perlu Update),Small Cap (Lapis 3),Overvalued (Mahal),0.0,7.9984946,170.0,157,141,183,4.938271604938271,2140000,Normal,66,Positif,Uptrend,Bullish,Strong Bullish,Perfect Uptrend (5>20>50),Normal,Akumulasi (Naik),Normal,Dominan Beli (Hajar Kanan),Normal,Tinggi,Normal,Rawan Pucuk (High Risk),< 1 Miliar,Di Atas VWAP (Kuat),Akumulasi Pro (Smart Money),Gorengan Sepi (< 5M),Normal (50-150%),Mark-Up (Fase Pesta),Spesialis Tiang Jemuran (Banting Pucuk),Normal,Naik 1 Hari Beruntun,TP: 184 | CL: 160,Normal,Tidak Ideal (< 1:1),Netral / Sideways,Sentimen Negatif ⚠️,Normal / Sedang Transisi,Dekat Support Fibo 23.6%,7,BELI,TIDAK ADA,2026-08-20 16:40:00,Biasa / Mengikuti Pasar
16:40,MBMA,Token Mati (Perlu Update),Big Cap (Lapis 1),Overvalued (Mahal),54.58937,37666.668,570.0,523,474,580,11.76470588235294,336289200,Tembus MA20,60,Positif,Uptrend,Bullish,Strong Bullish,Perfect Uptrend (5>20>50),Akumulasi Kuat,Akumulasi (Naik),Gap Up (+2.9%),Dominan Beli (Hajar Kanan),Normal,Tinggi,Normal,Rawan Pucuk (High Risk),> 1 Miliar,Di Atas VWAP (Kuat),Akumulasi Pro (Smart Money),Sultan (> 50M/hari),Anomali Tinggi (150-300%),Mark-Up (Fase Pesta),Spesialis Tiang Jemuran (Banting Pucuk),Normal,Naik 1 Hari Beruntun,TP: 617 | CL: 538,Normal,Tidak Ideal (< 1:1),Netral / Sideways,Netral / Sepi Berita,Normal / Sedang Transisi,Mengambang (Jauh dari Fibo),10,BELI,TIDAK ADA,2026-08-20 16:40:00,⚠️ Anomali (Sudah Terbang)
16:40,RAAM,Token Mati (Perlu Update),Mid Cap (Lapis 2),Fair Value (Wajar),0.0,1.0234792,185.0,198,181,224,0.5434782608695652,529000,Normal,36,Positif,Downtrend,Bearish,Strong Bearish,Strong Downtrend (5<20<50),Normal,Distribusi (Turun),Gap Up (+2.7%),Seimbang / Adu Mekanik,Normal,Tinggi,Normal,Dekat Support (Low Risk),< 1 Miliar,Di Bawah VWAP (Lemah),Distribusi Pro (Guyuran),Gorengan Sepi (< 5M),Sepi (< 50%),Mark-Down (Fase Runtuh),Normal,Normal,Naik 1 Hari Beruntun,TP: 195 | CL: 178,Normal,Sangat Menarik (> 1:3),Oversold (Jenuh Jual - Peluang),Netral / Sepi Berita,Normal / Sedang Transisi,Mengambang (Jauh dari Fibo),2,WAIT & SEE,TIDAK ADA,2026-08-20 16:40:00,Biasa / Mengikuti Pasar
16:40,DOOH,Token Mati (Perlu Update),Mid Cap (Lapis 2),Overvalued (Mahal),97.8979,10.144071,326.0,249,150,356,0.0,0,Normal,76,Negatif,Uptrend,Bullish,Strong Bullish,Perfect Uptrend (5>20>50),Normal,Akumulasi (Naik),Normal,Tidak Ada Transaksi,Normal,Tinggi,Doji (Ragu-ragu),Rawan Pucuk (High Risk),< 1 Miliar,Di Atas VWAP (Kuat),Akumulasi Pro (Smart Money),Sultan (> 50M/hari),Sepi (< 50%),Mark-Up (Fase Pesta),Spesialis Tiang Jemuran (Banting Pucuk),Normal,Sideways / Stagnan,TP: 372 | CL: 294,Normal,Tidak Ideal (< 1:1),Death Cross (Awal Bearish),Netral / Sepi Berita,Normal / Sedang Transisi,Mengambang (Jauh dari Fibo),5,WAIT & SEE,TIDAK ADA,2026-08-20 16:40:00,Biasa / Mengikuti Pasar
16:40,CGAS,Token Mati (Perlu Update),Small Cap (Lapis 3),Undervalued (Murah),11.6119175,1.00391,152.0,152,147,162,0.6622516556291391,2935500,Normal,50,Positif,Downtrend,Bearish,Bearish MACD,Konsolidasi / Transisi,Normal,Distribusi (Turun),Normal,Dominan Beli (Hajar Kanan),Squeeze,Rendah,Normal,Area Tengah,< 1 Miliar,Persis di VWAP,Akumulasi Pro (Smart Money),Gorengan Sepi (< 5M),Normal (50-150%),Distribution (Fase Jualan),Spesialis Tiang Jemuran (Banting Pucuk),Normal,Naik 1 Hari Beruntun,TP: 157 | CL: 148,Normal,Ideal (1:2),Golden Cross (Awal Bullish),Netral / Sepi Berita,Normal / Sedang Transisi,Dekat Support Fibo 61.8% (Golden Ratio),2,WAIT & SEE,TIDAK ADA,2026-08-20 16:40:00,Biasa / Mengikuti Pasar
16:40,NICE,Token Mati (Perlu Update),Mid Cap (Lapis 2),Overvalued (Mahal),0.0,7.864154,270.0,255,240,280,3.8461538461538463,1763000,Tembus MA20,59,Positif,Uptrend,Bullish,Strong Bullish,Awal Reversal (5>20),Normal,Akumulasi (Naik),Gap Up (+2.3%),Seimbang / Adu Mekanik,Normal,Sedang,Normal,Rawan Pucuk (High Risk),< 1 Miliar,Di Atas VWAP (Kuat),Akumulasi Pro (Smart Money),Gorengan Sepi (< 5M),Anomali Tinggi (150-300%),Accumulation (Kumpul Barang),Normal,Normal,Naik 1 Hari Beruntun,TP: 287 | CL: 258,Normal,Tidak Ideal (< 1:1),Netral / Sideways,Sentimen Positif 📰,Normal / Sedang Transisi,Dekat Support Fibo 50.0%,9,BELI,TIDAK ADA,2026-08-20 16:40:00,Biasa / Mengikuti Pasar
16:40,MSJA,Token Mati (Perlu Update),Mid Cap (Lapis 2),Overvalued (Mahal),28.019926,32142.855,450.0,414,390,458,2.272727272727273,11515400,Normal,68,Positif,Uptrend,Bullish,Strong Bullish,Perfect Uptrend (5>20>50),Normal,Akumulasi (Naik),Normal,Dominan Beli (Hajar Kanan),Breakout Upper,Sedang,Normal,Rawan Pucuk (High Risk),> 1 Miliar,Di Atas VWAP (Kuat),Distribusi Pro (Guyuran),Ritel Aktif (5M - 50M),Normal (50-150%),Mark-Up (Fase Pesta),Normal,Jarum Bawah (Sinyal Pantulan Kuat),Naik 4 Hari Beruntun,TP: 477 | CL: 432,Normal,Tidak Ideal (< 1:1),Overbought (Jenuh Beli - Rawan),Sentimen Positif 📰,Normal / Sedang Transisi,Mendekati Fibo 23.6%,8,BELI,TIDAK ADA,2026-08-20 16:40:00,Biasa / Mengikuti Pasar
16:40,SMLE,Token Mati (Perlu Update),Small Cap (Lapis 3),Overvalued (Mahal),0.0,3.814567,169.0,163,137,184,3.6809815950920246,24207100,Tembus MA20,60,Positif,Uptrend,Bullish,Bearish MACD,Perfect Uptrend (5>20>50),Normal,Distribusi (Turun),Normal,Seimbang / Adu Mekanik,Normal,Tinggi,Normal,Rawan Pucuk (High Risk),> 1 Miliar,Persis di VWAP,Distribusi Pro (Guyuran),Gorengan Sepi (< 5M),Normal (50-150%),Mark-Up (Fase Pesta),Normal,Normal,Naik 1 Hari Beruntun,TP: 187 | CL: 156,Normal,Tidak Ideal (< 1:1),Death Cross (Awal Bearish),Netral / Sepi Berita,Normal / Sedang Transisi,Mengambang (Jauh dari Fibo),5,WAIT & SEE,TIDAK ADA,2026-08-20 16:40:00,Biasa / Mengikuti Pasar
16:40,ACRO,Token Mati (Perlu Update),Small Cap (Lapis 3),Fair Value (Wajar),0.0,1.20229,62.0,61,59,66,0.0,3193700,Normal,53,Negatif,Uptrend,Bullish,Strong Bullish,Perfect Uptrend (5>20>50),Normal,Distribusi (Turun),Normal,Seimbang / Adu Mekanik,Squeeze,Rendah,Doji (Ragu-ragu),Area Tengah,< 1 Miliar,Di Bawah VWAP (Lemah),Distribusi Pro (Guyuran),Gorengan Sepi (< 5M),Sepi (< 50%),Mark-Up (Fase Pesta),Spesialis Tiang Jemuran (Banting Pucuk),Normal,Sideways / Stagnan,TP: 65 | CL: 59,Normal,Menengah (1:1),Netral / Sideways,Sentimen Positif 📰,Normal / Sedang Transisi,Dekat Support Fibo 38.2%,5,WAIT & SEE,TIDAK ADA,2026-08-20 16:40:00,Biasa / Mengikuti Pasar
16:40,MANG,Token Mati (Perlu Update),Small Cap (Lapis 3),Fair Value (Wajar),0.0,1.1084534,37.0,39,37,45,0.0,4231600,Normal,33,Negatif,Downtrend,Bearish,Strong Bearish,Strong Downtrend (5<20<50),Normal,Distribusi (Turun),Gap Up (+2.7%),Dominan Jual (Guyur),Normal,Tinggi,Normal,Dekat Support (Low Risk),< 1 Miliar,Di Bawah VWAP (Lemah),Akumulasi Pro (Smart Money),Gorengan Sepi (< 5M),Normal (50-150%),Mark-Down (Fase Runtuh),Solid (Jarang Dibanting),Normal,Sideways / Stagnan,TP: 39 | CL: 35,Open = High (Tekanan Jual),Di Area Support,Oversold (Jenuh Jual - Peluang),Netral / Sepi Berita,Normal / Sedang Transisi,Mendekati Fibo Bottom / 100%,1,WAIT & SEE,TIDAK ADA,2026-08-20 16:40:00,Biasa / Mengikuti Pasar
16:40,WIFI,Token Mati (Perlu Update),Big Cap (Lapis 1),Fair Value (Wajar),20.833332,1.5077978,2120.0,1987,1885,2170,2.912621359223301,43390200,Tembus MA20,61,Positif,Uptrend,Bullish,Strong Bullish,Perfect Uptrend (5>20>50),Normal,Akumulasi (Naik),Normal,Seimbang / Adu Mekanik,Breakout Upper,Sedang,Normal,Rawan Pucuk (High Risk),> 1 Miliar,Di Atas VWAP (Kuat),Akumulasi Pro (Smart Money),Sultan (> 50M/hari),Normal (50-150%),Mark-Up (Fase Pesta),Normal,Normal,Naik 1 Hari Beruntun,TP: 2254 | CL: 2030,Open = Low (Bullish Kuat),Tidak Ideal (< 1:1),Netral / Sideways,Sentimen Negatif ⚠️,Normal / Sedang Transisi,Mengambang (Jauh dari Fibo),7,BELI,TIDAK ADA,2026-08-20 16:40:00,Biasa / Mengikuti Pasar
16:40,FAPA,Token Mati (Perlu Update),Big Cap (Lapis 1),Overvalued (Mahal),20.533598,6.250897,7450.0,7360,7275,7450,0.0,1800,Tembus MA20,66,Negatif,Uptrend,Bullish,Strong Bullish,Perfect Uptrend (5>20>50),Normal,Akumulasi (Naik),Normal,Dominan Beli (Hajar Kanan),Squeeze,Rendah,Marubozu (Strong Bullish),Dekat Support (Low Risk),< 1 Miliar,Persis di VWAP,Akumulasi Pro (Smart Money),Gorengan Sepi (< 5M),Normal (50-150%),Mark-Up (Fase Pesta),Normal,Normal,Sideways / Stagnan,TP: 7498 | CL: 7417,Open = Low (Bullish Kuat),Tidak Ideal (< 1:1),Overbought (Jenuh Beli - Rawan),Sentimen Positif 📰,Normal / Sedang Transisi,Dekat Support Fibo 38.2%,8,BELI,TIDAK ADA,2026-08-20 16:40:00,Biasa / Mengikuti Pasar
16:40,DCII,Token Mati (Perlu Update),Big Cap (Lapis 1),Overvalued (Mahal),434.7849,105.801895,205475.0,197721,182025,207500,0.0,600,Normal,62,Negatif,Uptrend,Bullish,Strong Bullish,Perfect Uptrend (5>20>50),Normal,Distribusi (Turun),Normal,Tidak Ada Transaksi,Normal,Tinggi,Doji (Ragu-ragu),Rawan Pucuk (High Risk),< 1 Miliar,Persis di VWAP,Distribusi Pro (Guyuran),Gorengan Sepi (< 5M),Normal (50-150%),Mark-Up (Fase Pesta),Normal,Normal,Sideways / Stagnan,TP: 210928 | CL: 201839,Normal,Tidak Ideal (< 1:1),Overbought (Jenuh Beli - Rawan),Sentimen Positif 📰,Normal / Sedang Transisi,Mendekati Fibo 23.6%,5,WAIT & SEE,TIDAK ADA,2026-08-20 16:40:00,Biasa / Mengikuti Pasar
16:40,KETR,Token Mati (Perlu Update),Mid Cap (Lapis 2),Overvalued (Mahal),27.875244,1.6553302,720.0,579,530,740,19.00826446280992,149971200,Tembus MA20,73,Positif,Uptrend,Bullish,Strong Bullish,Perfect Uptrend (5>20>50),Akumulasi Kuat,Akumulasi (Naik),Normal,Dominan Beli (Hajar Kanan),Breakout Upper,Tinggi,Marubozu (Strong Bullish),Rawan Pucuk (High Risk),> 1 Miliar,Di Atas VWAP (Kuat),Akumulasi Pro (Smart Money),Ritel Aktif (5M - 50M),Ledakan Ekstrem (> 300%),Mark-Up (Fase Pesta),Normal,Normal,Naik 1 Hari Beruntun,TP: 788 | CL: 674,Normal,Tidak Ideal (< 1:1),Netral / Sideways,Sentimen Negatif ⚠️,Normal / Sedang Transisi,Mengambang (Jauh dari Fibo),9,BELI,TIDAK ADA,2026-08-20 16:40:00,⚠️ Anomali (Sudah Terbang)
16:40,DGNS,Token Mati (Perlu Update),Small Cap (Lapis 3),Undervalued (Murah),4.3594,1.3848718,226.0,234,216,252,-0.8771929824561403,483400,Tembus MA20,44,Negatif,Downtrend,Bearish,Strong Bearish,Konsolidasi / Transisi,Normal,Distribusi (Turun),Normal,Dominan Beli (Hajar Kanan),Bottom Rebound,Sedang,Hammer (Potensi Reversal),Area Tengah,< 1 Miliar,Persis di VWAP,Akumulasi Pro (Smart Money),Gorengan Sepi (< 5M),Anomali Tinggi (150-300%),Distribution (Fase Jualan),Normal,Jarum Bawah (Sinyal Pantulan Kuat),Turun 1 Hari Beruntun,TP: 244 | CL: 213,Open = High (Tekanan Jual),Ideal (1:2),Golden Cross (Awal Bullish),Sentimen Positif 📰,Normal / Sedang Transisi,Mendekati Fibo 61.8% (Golden Ratio),3,WAIT & SEE,TIDAK ADA,2026-08-20 16:40:00,Biasa / Mengikuti Pasar
16:40,UFOE,Token Mati (Perlu Update),Small Cap (Lapis 3),Overvalued (Mahal),26.631659,1.6680764,143.0,138,130,149,0.7042253521126761,184300,Normal,60,Positif,Uptrend,Bullish,Strong Bullish,Perfect Uptrend (5>20>50),Normal,Akumulasi (Naik),Normal,Seimbang / Adu Mekanik,Normal,Sedang,Doji (Ragu-ragu),Rawan Pucuk (High Risk),< 1 Miliar,Persis di VWAP,Akumulasi Pro (Smart Money),Gorengan Sepi (< 5M),Sepi (< 50%),Mark-Up (Fase Pesta),Spesialis Tiang Jemuran (Banting Pucuk),Jarum Bawah (Sinyal Pantulan Kuat),Naik 1 Hari Beruntun,TP: 151 | CL: 137,Normal,Tidak Ideal (< 1:1),Netral / Sideways,Sentimen Positif 📰,Supply Kering (Siap Pump) 🏜️,Mendekati Fibo 61.8% (Golden Ratio),7,BELI,TIDAK ADA,2026-08-20 16:40:00,Biasa / Mengikuti Pasar
16:40,CHEK,Token Mati (Perlu Update),Small Cap (Lapis 3),Fair Value (Wajar),0.0,2.7274537,137.0,133,128,142,0.0,554800,Normal,62,Negatif,Uptrend,Bullish,Strong Bullish,Perfect Uptrend (5>20>50),Normal,Akumulasi (Naik),Normal,Seimbang / Adu Mekanik,Squeeze,Rendah,Doji (Ragu-ragu),Area Tengah,< 1 Miliar,Persis di VWAP,Akumulasi Pro (Smart Money),Gorengan Sepi (< 5M),Normal (50-150%),Mark-Up (Fase Pesta),Normal,Jarum Bawah (Sinyal Pantulan Kuat),Sideways / Stagnan,TP: 142 | CL: 133,Normal,Tidak Ideal (< 1:1),Netral / Sideways,Sentimen Positif 📰,Normal / Sedang Transisi,Mendekati Fibo 50.0%,6,WAIT & SEE,TIDAK ADA,2026-08-20 16:40:00,Biasa / Mengikuti Pasar
16:40,PMUI,Token Mati (Perlu Update),Small Cap (Lapis 3),Fair Value (Wajar),0.0,1.3639497,97.0,93,82,111,1.0416666666666665,2396200,Normal,61,Positif,Uptrend,Bullish,Bearish MACD,Perfect Uptrend (5>20>50),Normal,Distribusi (Turun),Gap Up (+2.1%),Seimbang / Adu Mekanik,Normal,Tinggi,Normal,Rawan Pucuk (High Risk),< 1 Miliar,Persis di VWAP,Distribusi Pro (Guyuran),Gorengan Sepi (< 5M),Normal (50-150%),Mark-Up (Fase Pesta),Spesialis Tiang Jemuran (Banting Pucuk),Normal,Naik 1 Hari Beruntun,TP: 108 | CL: 89,Open = High (Tekanan Jual),Tidak Ideal (< 1:1),Netral / Sideways,Sentimen Positif 📰,Normal / Sedang Transisi,Mendekati Fibo 38.2%,6,WAIT & SEE,TIDAK ADA,2026-08-20 16:40:00,Biasa / Mengikuti Pasar
16:40,EMAS,Token Mati (Perlu Update),Big Cap (Lapis 1),Overvalued (Mahal),0.0,314000.0,7900.0,7058,5775,8100,2.5974025974025974,19191500,Normal,75,Positif,Uptrend,Bullish,Strong Bullish,Perfect Uptrend (5>20>50),Normal,Akumulasi (Naik),Gap Up (+4.2%),Seimbang / Adu Mekanik,Normal,Tinggi,Normal,Rawan Pucuk (High Risk),> 1 Miliar,Di Atas VWAP (Kuat),Distribusi Pro (Guyuran),Sultan (> 50M/hari),Normal (50-150%),Mark-Up (Fase Pesta),Spesialis Tiang Jemuran (Banting Pucuk),Normal,Naik 1 Hari Beruntun,TP: 8398 | CL: 7567,Normal,Tidak Ideal (< 1:1),Overbought (Jenuh Beli - Rawan),Netral / Sepi Berita,Normal / Sedang Transisi,Mengambang (Jauh dari Fibo),7,BELI,TIDAK ADA,2026-08-20 16:40:00,Biasa / Mengikuti Pasar
16:40,PJHB,Token Mati (Perlu Update),Small Cap (Lapis 3),Fair Value (Wajar),0.0,0.7765406,177.0,171,161,190,0.5681818181818182,2229000,Normal,59,Positif,Uptrend,Bullish,Strong Bullish,Perfect Uptrend (5>20>50),Normal,Akumulasi (Naik),Normal,Seimbang / Adu Mekanik,Normal,Sedang,Normal,Area Tengah,< 1 Miliar,Di Atas VWAP (Kuat),Akumulasi Pro (Smart Money),Gorengan Sepi (< 5M),Normal (50-150%),Mark-Up (Fase Pesta),Normal,Normal,Naik 4 Hari Beruntun,TP: 186 | CL: 170,Normal,Tidak Ideal (< 1:1),Netral / Sideways,Sentimen Positif 📰,Normal / Sedang Transisi,Mendekati Fibo 50.0%,7,BELI,TIDAK ADA,2026-08-20 16:40:00,Biasa / Mengikuti Pasar
16:40,RLCO,Token Mati (Perlu Update),Big Cap (Lapis 1),Overvalued (Mahal),318.97812,42.017212,4380.0,4826,3980,5675,-0.904977375565611,457600,Normal,49,Negatif,Downtrend,Bearish,Bearish MACD,Konsolidasi / Transisi,Normal,Distribusi (Turun),Normal,Dominan Jual (Guyur),Normal,Tinggi,Normal,Rawan Pucuk (High Risk),> 1 Miliar,Di Bawah VWAP (Lemah),Distribusi Pro (Guyuran),Gorengan Sepi (< 5M),Normal (50-150%),Distribution (Fase Jualan),Normal,Normal,Turun 2 Hari Beruntun,TP: 4733 | CL: 4144,Normal,Sangat Menarik (> 1:3),Oversold (Jenuh Jual - Peluang),Netral / Sepi Berita,Normal / Sedang Transisi,Golden Rebound Fibo 38.2% 🎯,0,WAIT & SEE,TIDAK ADA,2026-08-20 16:40:00,Biasa / Mengikuti Pasar
16:40,SUPA,Token Mati (Perlu Update),Big Cap (Lapis 1),Overvalued (Mahal),71.05943,2.300745,550.0,580,515,625,3.7735849056603774,20498000,Tembus MA20,40,Positif,Downtrend,Bearish,Strong Bearish,Konsolidasi / Transisi,Normal,Distribusi (Turun),Normal,Seimbang / Adu Mekanik,Normal,Tinggi,Normal,Area Tengah,> 1 Miliar,Di Atas VWAP (Kuat),Distribusi Pro (Guyuran),Ritel Aktif (5M - 50M),Normal (50-150%),Distribution (Fase Jualan),Solid (Jarang Dibanting),Normal,Naik 2 Hari Beruntun,TP: 584 | CL: 527,Normal,Ideal (1:2),Golden Cross (Awal Bullish),Netral / Sepi Berita,Normal / Sedang Transisi,Mengambang (Jauh dari Fibo),2,WAIT & SEE,TIDAK ADA,2026-08-20 16:40:00,Biasa / Mengikuti Pasar
16:40,WBSA,Token Mati (Perlu Update),Mid Cap (Lapis 2),Overvalued (Mahal),0.0,12.334001,665.0,639,580,695,1.5267175572519083,9377700,Normal,55,Positif,Uptrend,Bullish,Strong Bullish,Awal Reversal (5>20),Normal,Akumulasi (Naik),Normal,Dominan Beli (Hajar Kanan),Normal,Tinggi,Normal,Rawan Pucuk (High Risk),> 1 Miliar,Di Atas VWAP (Kuat),Akumulasi Pro (Smart Money),Ritel Aktif (5M - 50M),Normal (50-150%),Accumulation (Kumpul Barang),Normal,Normal,Naik 3 Hari Beruntun,TP: 710 | CL: 635,Normal,Tidak Ideal (< 1:1),Netral / Sideways,Sentimen Positif 📰,Normal / Sedang Transisi,Mendekati Fibo 78.6%,8,BELI,TIDAK ADA,2026-08-20 16:40:00,Biasa / Mengikuti Pasar
16:40,WMPP,Token Mati (Perlu Update),Mid Cap (Lapis 2),Overvalued (Mahal),25.89928,4.1589646,36.0,29,19,41,0.0,25931300,Normal,65,Negatif,Uptrend,Bullish,Strong Bullish,Perfect Uptrend (5>20>50),Normal,Distribusi (Turun),Normal,Tidak Ada Transaksi,Normal,Tinggi,Doji (Ragu-ragu),Rawan Pucuk (High Risk),< 1 Miliar,Di Bawah VWAP (Lemah),Akumulasi Pro (Smart Money),Gorengan Sepi (< 5M),Sepi (< 50%),Mark-Up (Fase Pesta),Normal,Normal,Sideways / Stagnan,TP: 39 | CL: 33,Normal,Tidak Ideal (< 1:1),Death Cross (Awal Bearish),Netral / Sepi Berita,Normal / Sedang Transisi,Mendekati Fibo 23.6%,4,WAIT & SEE,TIDAK ADA,2026-08-20 16:40:00,Biasa / Mengikuti Pasar
16:40,RMKE,Token Mati (Perlu Update),Mid Cap (Lapis 2),Overvalued (Mahal),29.47224,4.8516307,430.0,412,388,446,-1.82648401826484,100297400,Tembus MA20,53,Negatif,Uptrend,Golden Cross,Bullish MACD,Awal Reversal (5>20),Normal,Akumulasi (Naik),Normal,Seimbang / Adu Mekanik,Normal,Sedang,Normal,Rawan Pucuk (High Risk),> 1 Miliar,Di Atas VWAP (Kuat),Akumulasi Pro (Smart Money),Ritel Aktif (5M - 50M),Normal (50-150%),Accumulation (Kumpul Barang),Normal,Normal,Turun 1 Hari Beruntun,TP: 457 | CL: 412,Normal,Tidak Ideal (< 1:1),Death Cross (Awal Bearish),Netral / Sepi Berita,Normal / Sedang Transisi,Mendekati Fibo 78.6%,6,WAIT & SEE,TIDAK ADA,2026-08-20 16:40:00,Biasa / Mengikuti Pasar
16:40,OBMD,Token Mati (Perlu Update),Small Cap (Lapis 3),Fair Value (Wajar),0.0,0.7577236,199.0,192,170,220,2.5773195876288657,1737800,Tembus MA20,57,Positif,Uptrend,Golden Cross,Bearish MACD,Perfect Uptrend (5>20>50),Akumulasi Kuat,Akumulasi (Naik),Normal,Seimbang / Adu Mekanik,Normal,Tinggi,Normal,Rawan Pucuk (High Risk),< 1 Miliar,Di Atas VWAP (Kuat),Akumulasi Pro (Smart Money),Gorengan Sepi (< 5M),Anomali Tinggi (150-300%),Mark-Up (Fase Pesta),Normal,Normal,Naik 3 Hari Beruntun,TP: 215 | CL: 188,Normal,Tidak Ideal (< 1:1),Netral / Sideways,Sentimen Negatif ⚠️,Normal / Sedang Transisi,Dekat Support Fibo 50.0%,7,BELI,TIDAK ADA,2026-08-20 16:40:00,Biasa / Mengikuti Pasar
16:40,AVIA,Token Mati (Perlu Update),Big Cap (Lapis 1),Fair Value (Wajar),11.024603,2.1115673,352.0,330,310,366,-1.1235955056179776,24582400,Tembus MA20,68,Negatif,Uptrend,Bullish,Strong Bullish,Perfect Uptrend (5>20>50),Normal,Akumulasi (Naik),Gap Up (+2.8%),Dominan Jual (Guyur),Breakout Upper,Sedang,Normal,Rawan Pucuk (High Risk),> 1 Miliar,Persis di VWAP,Akumulasi Pro (Smart Money),Ritel Aktif (5M - 50M),Anomali Tinggi (150-300%),Mark-Up (Fase Pesta),Normal,Normal,Turun 1 Hari Beruntun,TP: 365 | CL: 343,Open = High (Tekanan Jual),Tidak Ideal (< 1:1),Death Cross (Awal Bearish),Sentimen Positif 📰,Supply Banjir (Distribusi) 🌊,Dekat Support Fibo 23.6%,8,BELI,TIDAK ADA,2026-08-20 16:40:00,Biasa / Mengikuti Pasar
16:40,IPPE,Token Mati (Perlu Update),Small Cap (Lapis 3),Fair Value (Wajar),16.548464,0.22426194,14.0,14,14,14,0.0,0,Normal,0,Negatif,Downtrend,Bearish,Bearish MACD,Konsolidasi / Transisi,Normal,Netral,Normal,Tidak Ada Transaksi,Squeeze,Rendah,Doji (Ragu-ragu),Dekat Support (Low Risk),< 1 Miliar,Di Atas VWAP (Kuat),Netral,Gorengan Sepi (< 5M),Normal (50-150%),Sideways,Solid (Jarang Dibanting),Normal,Sideways / Stagnan,TP: 15 | CL: 13,Normal,Di Area Support,Oversold (Jenuh Jual - Peluang),Netral / Sepi Berita,Normal / Sedang Transisi,Normal / Sideways,0,WAIT & SEE,TIDAK ADA,2026-08-20 16:40:00,Biasa / Mengikuti Pasar
16:40,NASI,Token Mati (Perlu Update),Small Cap (Lapis 3),Overvalued (Mahal),27.021658,1.9452748,136.0,130,119,144,3.0303030303030303,1739900,Normal,62,Positif,Uptrend,Bullish,Bearish MACD,Perfect Uptrend (5>20>50),Normal,Akumulasi (Naik),Gap Up (+2.3%),Seimbang / Adu Mekanik,Normal,Sedang,Normal,Rawan Pucuk (High Risk),< 1 Miliar,Di Atas VWAP (Kuat),Distribusi Pro (Guyuran),Gorengan Sepi (< 5M),Normal (50-150%),Mark-Up (Fase Pesta),Spesialis Tiang Jemuran (Banting Pucuk),Normal,Naik 1 Hari Beruntun,TP: 145 | CL: 129,Normal,Tidak Ideal (< 1:1),Netral / Sideways,Sentimen Negatif ⚠️,Normal / Sedang Transisi,Dekat Support Fibo 23.6%,6,WAIT & SEE,TIDAK ADA,2026-08-20 16:40:00,Biasa / Mengikuti Pasar
16:40,BSML,Token Mati (Perlu Update),Small Cap (Lapis 3),Overvalued (Mahal),156.01332,7.1766,515.0,517,505,545,0.0,6912900,Normal,52,Negatif,Downtrend,Bullish,Bearish MACD,Perfect Uptrend (5>20>50),Normal,Distribusi (Turun),Normal,Seimbang / Adu Mekanik,Squeeze,Rendah,Normal,Dekat Support (Low Risk),> 1 Miliar,Persis di VWAP,Distribusi Pro (Guyuran),Ritel Aktif (5M - 50M),Normal (50-150%),Distribution (Fase Jualan),Normal,Normal,Sideways / Stagnan,TP: 539 | CL: 498,Normal,Sangat Menarik (> 1:3),Netral / Sideways,Sentimen Positif 📰,Normal / Sedang Transisi,Mendekati Fibo 23.6%,3,WAIT & SEE,TIDAK ADA,2026-08-20 16:40:00,Biasa / Mengikuti Pasar
16:40,DRMA,Token Mati (Perlu Update),Mid Cap (Lapis 2),Fair Value (Wajar),6.7905407,1.7328035,1000.0,959,900,1015,0.0,532200,Normal,75,Negatif,Uptrend,Bullish,Strong Bullish,Perfect Uptrend (5>20>50),Normal,Akumulasi (Naik),Normal,Dominan Jual (Guyur),Normal,Sedang,Normal,Rawan Pucuk (High Risk),< 1 Miliar,Persis di VWAP,Akumulasi Pro (Smart Money),Gorengan Sepi (< 5M),Normal (50-150%),Mark-Up (Fase Pesta),Spesialis Tiang Jemuran (Banting Pucuk),Normal,Sideways / Stagnan,TP: 1023 | CL: 984,Normal,Tidak Ideal (< 1:1),Overbought (Jenuh Beli - Rawan),Sentimen Positif 📰,Normal / Sedang Transisi,Mendekati Fibo 23.6%,6,WAIT & SEE,TIDAK ADA,2026-08-20 16:40:00,Biasa / Mengikuti Pasar
16:40,ADMF,Token Mati (Perlu Update),Big Cap (Lapis 1),Undervalued (Murah),5.7504215,0.6834599,8625.0,8558,8125,8875,0.0,152300,Tembus MA20,58,Negatif,Uptrend,Bullish,Bearish MACD,Perfect Uptrend (5>20>50),Akumulasi Kuat,Akumulasi (Naik),Normal,Seimbang / Adu Mekanik,Normal,Sedang,Normal,Area Tengah,> 1 Miliar,Persis di VWAP,Distribusi Pro (Guyuran),Gorengan Sepi (< 5M),Anomali Tinggi (150-300%),Mark-Up (Fase Pesta),Spesialis Tiang Jemuran (Banting Pucuk),Normal,Sideways / Stagnan,TP: 8825 | CL: 8491,Open = Low (Bullish Kuat),Tidak Ideal (< 1:1),Netral / Sideways,Sentimen Positif 📰,Normal / Sedang Transisi,Dekat Support Fibo 23.6%,7,BELI,TIDAK ADA,2026-08-20 16:40:00,Biasa / Mengikuti Pasar
16:40,ADMG,Token Mati (Perlu Update),Mid Cap (Lapis 2),Overvalued (Mahal),18.068966,8733.334,262.0,237,204,276,1.550387596899225,657300,Normal,73,Positif,Uptrend,Bullish,Strong Bullish,Perfect Uptrend (5>20>50),Normal,Akumulasi (Naik),Normal,Seimbang / Adu Mekanik,Normal,Tinggi,Doji (Ragu-ragu),Rawan Pucuk (High Risk),< 1 Miliar,Di Atas VWAP (Kuat),Distribusi Pro (Guyuran),Gorengan Sepi (< 5M),Sepi (< 50%),Mark-Up (Fase Pesta),Normal,Jarum Bawah (Sinyal Pantulan Kuat),Naik 1 Hari Beruntun,TP: 284 | CL: 247,Normal,Tidak Ideal (< 1:1),Netral / Sideways,Netral / Sepi Berita,Normal / Sedang Transisi,Mendekati Fibo 23.6%,6,WAIT & SEE,TIDAK ADA,2026-08-20 16:40:00,Biasa / Mengikuti Pasar
16:40,ADRO,Token Mati (Perlu Update),Big Cap (Lapis 1),Overvalued (Mahal),8.393756,15117.646,2570.0,2517,2390,2590,0.390625,15540200,Normal,59,Positif,Uptrend,Bullish,Bearish MACD,Perfect Uptrend (5>20>50),Normal,Akumulasi (Naik),Normal,Dominan Beli (Hajar Kanan),Squeeze,Rendah,Normal,Area Tengah,> 1 Miliar,Di Atas VWAP (Kuat),Akumulasi Pro (Smart Money),Sultan (> 50M/hari),Normal (50-150%),Mark-Up (Fase Pesta),Normal,Normal,Naik 1 Hari Beruntun,TP: 2650 | CL: 2516,Normal,Tidak Ideal (< 1:1),Overbought (Jenuh Beli - Rawan),Sentimen Positif 📰,Normal / Sedang Transisi,Mendekati Fibo 23.6%,7,BELI,TIDAK ADA,2026-08-20 16:40:00,Biasa / Mengikuti Pasar
16:40,AGII,Token Mati (Perlu Update),Mid Cap (Lapis 2),Overvalued (Mahal),86.666664,2.3165116,2870.0,2926,2760,3220,-1.7123287671232876,282900,Tembus MA20,47,Negatif,Downtrend,Bearish,Bearish MACD,Konsolidasi / Transisi,Normal,Distribusi (Turun),Normal,Seimbang / Adu Mekanik,Normal,Sedang,Normal,Area Tengah,< 1 Miliar,Persis di VWAP,Akumulasi Pro (Smart Money),Gorengan Sepi (< 5M),Anomali Tinggi (150-300%),Distribution (Fase Jualan),Normal,Normal,Turun 1 Hari Beruntun,TP: 3023 | CL: 2767,Open = High (Tekanan Jual),Sangat Menarik (> 1:3),Netral / Sideways,Sentimen Positif 📰,Normal / Sedang Transisi,Mendekati Fibo 61.8% (Golden Ratio),2,WAIT & SEE,TIDAK ADA,2026-08-20 16:40:00,Biasa / Mengikuti Pasar
16:40,AGRO,Token Mati (Perlu Update),Mid Cap (Lapis 2),Fair Value (Wajar),0.0,1.2775066,152.0,147,141,156,1.3333333333333335,3430200,Normal,57,Positif,Uptrend,Bullish,Strong Bullish,Perfect Uptrend (5>20>50),Normal,Akumulasi (Naik),Normal,Dominan Beli (Hajar Kanan),Normal,Sedang,Normal,Area Tengah,< 1 Miliar,Di Atas VWAP (Kuat),Akumulasi Pro (Smart Money),Gorengan Sepi (< 5M),Normal (50-150%),Mark-Up (Fase Pesta),Normal,Normal,Naik 1 Hari Beruntun,TP: 157 | CL: 148,Normal,Tidak Ideal (< 1:1),Netral / Sideways,Netral / Sepi Berita,Normal / Sedang Transisi,Dekat Support Fibo 38.2%,7,BELI,TIDAK ADA,2026-08-20 16:40:00,Biasa / Mengikuti Pasar
16:40,AGRS,Token Mati (Perlu Update),Mid Cap (Lapis 2),Undervalued (Murah),10.834813,0.4932402,62.0,61,59,67,1.639344262295082,5468500,Tembus MA20,54,Positif,Uptrend,Bearish,Strong Bullish,Konsolidasi / Transisi,Normal,Akumulasi (Naik),Normal,Dominan Beli (Hajar Kanan),Squeeze,Rendah,Marubozu (Strong Bullish),Area Tengah,< 1 Miliar,Di Atas VWAP (Kuat),Akumulasi Pro (Smart Money),Gorengan Sepi (< 5M),Normal (50-150%),Mark-Up (Fase Pesta),Normal,Normal,Naik 1 Hari Beruntun,TP: 65 | CL: 59,Open = Low (Bullish Kuat),Ideal (1:2),Golden Cross (Awal Bullish),Sentimen Positif 📰,Normal / Sedang Transisi,Dekat Support Fibo 38.2%,8,BELI,TIDAK ADA,2026-08-20 16:40:00,Biasa / Mengikuti Pasar
16:40,AHAP,Token Mati (Perlu Update),Small Cap (Lapis 3),Fair Value (Wajar),0.0,2.9857538,104.0,95,88,110,-1.8867924528301887,14007300,Normal,63,Negatif,Uptrend,Bullish,Strong Bullish,Perfect Uptrend (5>20>50),Normal,Akumulasi (Naik),Normal,Dominan Jual (Guyur),Normal,Tinggi,Normal,Rawan Pucuk (High Risk),> 1 Miliar,Persis di VWAP,Akumulasi Pro (Smart Money),Gorengan Sepi (< 5M),Normal (50-150%),Mark-Up (Fase Pesta),Normal,Normal,Turun 2 Hari Beruntun,TP: 111 | CL: 99,Normal,Tidak Ideal (< 1:1),Death Cross (Awal Bearish),Netral / Sepi Berita,Supply Banjir (Distribusi) 🌊,Dekat Support Fibo 23.6%,5,WAIT & SEE,TIDAK ADA,2026-08-20 16:40:00,Biasa / Mengikuti Pasar
16:40,AIMS,Token Mati (Perlu Update),Small Cap (Lapis 3),Overvalued (Mahal),21.015387,302.7027,392.0,387,332,440,0.5128205128205128,241600,Normal,51,Positif,Uptrend,Bullish,Bullish MACD,Awal Reversal (5>20),Normal,Akumulasi (Naik),Normal,Seimbang / Adu Mekanik,Normal,Sedang,Normal,Rawan Pucuk (High Risk),< 1 Miliar,Persis di VWAP,Distribusi Pro (Guyuran),Gorengan Sepi (< 5M),Normal (50-150%),Accumulation (Kumpul Barang),Spesialis Tiang Jemuran (Banting Pucuk),Normal,Naik 4 Hari Beruntun,TP: 418 | CL: 374,Normal,Tidak Ideal (< 1:1),Golden Cross (Awal Bullish),Netral / Sepi Berita,Normal / Sedang Transisi,Dekat Support Fibo 50.0%,6,WAIT & SEE,TIDAK ADA,2026-08-20 16:40:00,Biasa / Mengikuti Pasar
16:40,PNSE,Token Mati (Perlu Update),Small Cap (Lapis 3),Overvalued (Mahal),0.0,3.4258654,505.0,491,466,535,3.061224489795918,90900,Tembus MA20,55,Positif,Uptrend,Golden Cross,Bullish MACD,Awal Reversal (5>20),Akumulasi Kuat,Akumulasi (Naik),Normal,Seimbang / Adu Mekanik,Squeeze,Rendah,Normal,Area Tengah,< 1 Miliar,Persis di VWAP,Distribusi Pro (Guyuran),Gorengan Sepi (< 5M),Ledakan Ekstrem (> 300%),Accumulation (Kumpul Barang),Spesialis Tiang Jemuran (Banting Pucuk),Normal,Naik 2 Hari Beruntun,TP: 535 | CL: 484,Open = Low (Bullish Kuat),Tidak Ideal (< 1:1),Netral / Sideways,Netral / Sepi Berita,Normal / Sedang Transisi,Dekat Support Fibo 78.6%,8,BELI,TIDAK ADA,2026-08-20 16:40:00,Biasa / Mengikuti Pasar
16:40,POLY,Token Mati (Perlu Update),Small Cap (Lapis 3),Overvalued (Mahal),31999.998,-78.23961,32.0,32,32,32,0.0,0,Normal,0,Negatif,Downtrend,Bearish,Bearish MACD,Konsolidasi / Transisi,Normal,Netral,Normal,Tidak Ada Transaksi,Squeeze,Rendah,Doji (Ragu-ragu),Dekat Support (Low Risk),< 1 Miliar,Di Atas VWAP (Kuat),Netral,Gorengan Sepi (< 5M),Normal (50-150%),Sideways,Solid (Jarang Dibanting),Normal,Sideways / Stagnan,TP: 33 | CL: 31,Normal,Di Area Support,Oversold (Jenuh Jual - Peluang),Netral / Sepi Berita,Normal / Sedang Transisi,Normal / Sideways,0,WAIT & SEE,TIDAK ADA,2026-08-20 16:40:00,Biasa / Mengikuti Pasar
16:40,PPRO,Token Mati (Perlu Update),Small Cap (Lapis 3),Fair Value (Wajar),0.0,-0.23144466,16.0,16,15,18,-5.88235294117647,7018800,Normal,43,Negatif,Downtrend,Bullish,Bearish MACD,Perfect Uptrend (5>20>50),Normal,Distribusi (Turun),Gap Down (-5.9%),Tidak Ada Transaksi,Normal,Tinggi,Doji (Ragu-ragu),Area Tengah,< 1 Miliar,Di Bawah VWAP (Lemah),Akumulasi Pro (Smart Money),Gorengan Sepi (< 5M),Sepi (< 50%),Distribution (Fase Jualan),Solid (Jarang Dibanting),Normal,Turun 2 Hari Beruntun,TP: 17 | CL: 15,Normal,Ideal (1:2),Netral / Sideways,Netral / Sepi Berita,Normal / Sedang Transisi,Mendekati Fibo 50.0%,1,WAIT & SEE,TIDAK ADA,2026-08-20 16:40:00,Biasa / Mengikuti Pasar
