Waktu Update,Ticker,Broksum,Kategori,Valuasi,PER (x),PBV (x),Harga (Rp),Harga MA20,Support,Resistance,Change (%),Volume,Vol Breakout,RSI (14D),Momentum,MA Signal,MA Cross,MACD,"Trend MA (5,20,50)",Status Bandar,OBV Trend,Status Gap,Tekanan Bandar,Status BB,Risiko,Pola Candle,Posisi Entry,Likuiditas,Posisi VWAP,Kekuatan A/D,Kelas Transaksi,RVOL (Anomali Vol),Fase Siklus Bandar,Karakter Gorengan,Sinyal Cuci Barang,Streak Harian,Auto Trading Plan,Status Open,Risk/Reward Ratio,Status Stochastic,Status Sentimen,Kondisi Supply,Status Fibonacci,Total Score,Rekomendasi,Status Akuisisi,Terakhir Update,Prediksi Machine Learning
16:50,AALI,Token Mati (Perlu Update),Big Cap (Lapis 1),Undervalued (Murah),8.2139435,0.6396088,7975.0,7237,6425,8075,0.949367088607595,3636900,Tembus MA20,79,Positif,Uptrend,Bullish,Strong Bullish,Perfect Uptrend (5>20>50),Akumulasi Kuat,Akumulasi (Naik),Normal,Seimbang / Adu Mekanik,Normal,Tinggi,Normal,Rawan Pucuk (High Risk),> 1 Miliar,Di Atas VWAP (Kuat),Akumulasi Pro (Smart Money),Ritel Aktif (5M - 50M),Anomali Tinggi (150-300%),Mark-Up (Fase Pesta),Solid (Jarang Dibanting),Normal,Naik 1 Hari Beruntun,TP: 8288 | CL: 7766,Normal,Tidak Ideal (< 1:1),Overbought (Jenuh Beli - Rawan),Sentimen Positif 📰,Normal / Sedang Transisi,Mendekati Fibo 23.6%,9,BELI,TIDAK ADA,2026-08-24 16:50:01,Biasa / Mengikuti Pasar
16:50,ABBA,Token Mati (Perlu Update),Small Cap (Lapis 3),Overvalued (Mahal),0.0,4.77707,30.0,30,30,30,0.0,0,Normal,35,Negatif,Downtrend,Bearish,Bullish MACD,Konsolidasi / Transisi,Normal,Netral,Normal,Tidak Ada Transaksi,Squeeze,Rendah,Doji (Ragu-ragu),Dekat Support (Low Risk),< 1 Miliar,Di Atas VWAP (Kuat),Netral,Gorengan Sepi (< 5M),Normal (50-150%),Sideways,Solid (Jarang Dibanting),Normal,Sideways / Stagnan,TP: 31 | CL: 29,Normal,Di Area Support,Oversold (Jenuh Jual - Peluang),Netral / Sepi Berita,Normal / Sedang Transisi,Mendekati Fibo Bottom / 100%,1,WAIT & SEE,TIDAK ADA,2026-08-24 16:50:01,Biasa / Mengikuti Pasar
16:50,ABDA,Token Mati (Perlu Update),Mid Cap (Lapis 2),Fair Value (Wajar),20.790134,1.3146639,3810.0,3678,3380,4100,0.0,400,Normal,77,Negatif,Uptrend,Bullish,Strong Bullish,Perfect Uptrend (5>20>50),Normal,Netral,Normal,Dominan Beli (Hajar Kanan),Normal,Tinggi,Marubozu (Strong Bullish),Rawan Pucuk (High Risk),< 1 Miliar,Persis di VWAP,Akumulasi Pro (Smart Money),Gorengan Sepi (< 5M),Sepi (< 50%),Mark-Up (Fase Pesta),Spesialis Tiang Jemuran (Banting Pucuk),Normal,Sideways / Stagnan,TP: 3905 | CL: 3746,Open = Low (Bullish Kuat),Tidak Ideal (< 1:1),Death Cross (Awal Bearish),Sentimen Positif 📰,Normal / Sedang Transisi,Dekat Support Fibo 23.6%,6,WAIT & SEE,TIDAK ADA,2026-08-24 16:50:01,Biasa / Mengikuti Pasar
16:50,ABMM,Token Mati (Perlu Update),Mid Cap (Lapis 2),Overvalued (Mahal),5.128687,8452.012,2730.0,2626,2460,2740,0.3676470588235294,583500,Tembus MA20,73,Positif,Uptrend,Bullish,Strong Bullish,Perfect Uptrend (5>20>50),Normal,Akumulasi (Naik),Normal,Dominan Beli (Hajar Kanan),Normal,Sedang,Hammer (Potensi Reversal),Rawan Pucuk (High Risk),> 1 Miliar,Persis di VWAP,Akumulasi Pro (Smart Money),Gorengan Sepi (< 5M),Anomali Tinggi (150-300%),Mark-Up (Fase Pesta),Solid (Jarang Dibanting),Jarum Bawah (Sinyal Pantulan Kuat),Naik 1 Hari Beruntun,TP: 2813 | CL: 2674,Open = High (Tekanan Jual),Tidak Ideal (< 1:1),Overbought (Jenuh Beli - Rawan),Sentimen Positif 📰,Normal / Sedang Transisi,Mendekati Fibo 23.6%,9,BELI,TIDAK ADA,2026-08-24 16:50:01,Biasa / Mengikuti Pasar
16:50,ACES,Token Mati (Perlu Update),Mid Cap (Lapis 2),Undervalued (Murah),8.109319,0.97383815,362.0,356,344,368,0.5555555555555556,22635300,Tembus MA20,58,Positif,Uptrend,Bullish,Bearish MACD,Perfect Uptrend (5>20>50),Normal,Akumulasi (Naik),Normal,Seimbang / Adu Mekanik,Squeeze,Rendah,Normal,Area Tengah,> 1 Miliar,Di Atas VWAP (Kuat),Akumulasi Pro (Smart Money),Ritel Aktif (5M - 50M),Normal (50-150%),Mark-Up (Fase Pesta),Solid (Jarang Dibanting),Normal,Naik 1 Hari Beruntun,TP: 374 | CL: 353,Normal,Tidak Ideal (< 1:1),Death Cross (Awal Bearish),Sentimen Positif 📰,Normal / Sedang Transisi,Mendekati Fibo 23.6%,7,BELI,TIDAK ADA,2026-08-24 16:50:01,Biasa / Mengikuti Pasar
16:50,ACST,Token Mati (Perlu Update),Mid Cap (Lapis 2),Fair Value (Wajar),0.0,-2.392278,86.0,85,82,88,3.614457831325301,365500,Tembus MA20,56,Positif,Uptrend,Bearish,Bearish MACD,Konsolidasi / Transisi,Normal,Distribusi (Turun),Gap Up (+2.4%),Dominan Beli (Hajar Kanan),Squeeze,Rendah,Marubozu (Strong Bullish),Area Tengah,< 1 Miliar,Persis di VWAP,Distribusi Pro (Guyuran),Gorengan Sepi (< 5M),Normal (50-150%),Mark-Up (Fase Pesta),Normal,Normal,Naik 1 Hari Beruntun,TP: 87 | CL: 84,Open = Low (Bullish Kuat),Tidak Ideal (< 1:1),Netral / Sideways,Sentimen Negatif ⚠️,Normal / Sedang Transisi,Dekat Support Fibo 23.6%,6,WAIT & SEE,TIDAK ADA,2026-08-24 16:50:01,Biasa / Mengikuti Pasar
16:50,ADES,Token Mati (Perlu Update),Big Cap (Lapis 1),Overvalued (Mahal),19.430891,5.262567,31500.0,33926,30375,40000,-3.816793893129771,17800,Normal,42,Negatif,Downtrend,Bearish,Strong Bearish,Konsolidasi / Transisi,Normal,Distribusi (Turun),Normal,Dominan Jual (Guyur),Normal,Tinggi,Normal,Area Tengah,< 1 Miliar,Di Bawah VWAP (Lemah),Distribusi Pro (Guyuran),Gorengan Sepi (< 5M),Normal (50-150%),Distribution (Fase Jualan),Normal,Normal,Turun 2 Hari Beruntun,TP: 32563 | CL: 30791,Open = High (Tekanan Jual),Sangat Menarik (> 1:3),Netral / Sideways,Sentimen Positif 📰,Normal / Sedang Transisi,Mendekati Fibo 50.0%,1,WAIT & SEE,TIDAK ADA,2026-08-24 16:50:01,Biasa / Mengikuti Pasar
16:50,ADHI,Token Mati (Perlu Update),Mid Cap (Lapis 2),Fair Value (Wajar),0.0,0.38907662,133.0,149,132,167,-3.6231884057971016,35346200,Tembus MA20,19,Negatif,Downtrend,Bearish,Strong Bearish,Strong Downtrend (5<20<50),Distribusi Kuat,Distribusi (Turun),Normal,Dominan Jual (Guyur),Bottom Rebound,Tinggi,Normal,Dekat Support (Low Risk),> 1 Miliar,Di Bawah VWAP (Lemah),Distribusi Pro (Guyuran),Gorengan Sepi (< 5M),Anomali Tinggi (150-300%),Mark-Down (Fase Runtuh),Normal,Normal,Turun 4 Hari Beruntun,TP: 140 | CL: 127,Normal,Sangat Menarik (> 1:3),Oversold (Jenuh Jual - Peluang),Netral / Sepi Berita,Normal / Sedang Transisi,Golden Rebound Fibo Bottom / 100% 🎯,1,WAIT & SEE,TIDAK ADA,2026-08-24 16:50:01,Biasa / Mengikuti Pasar
16:50,AISA,Token Mati (Perlu Update),Small Cap (Lapis 3),Undervalued (Murah),12.845011,0.9485509,121.0,119,104,141,0.8333333333333334,3518000,Normal,60,Positif,Uptrend,Bullish,Bearish MACD,Perfect Uptrend (5>20>50),Normal,Akumulasi (Naik),Normal,Seimbang / Adu Mekanik,Normal,Sedang,Doji (Ragu-ragu),Rawan Pucuk (High Risk),< 1 Miliar,Persis di VWAP,Distribusi Pro (Guyuran),Gorengan Sepi (< 5M),Sepi (< 50%),Mark-Up (Fase Pesta),Spesialis Tiang Jemuran (Banting Pucuk),Jarum Bawah (Sinyal Pantulan Kuat),Naik 1 Hari Beruntun,TP: 127 | CL: 116,Normal,Menengah (1:1),Netral / Sideways,Sentimen Positif 📰,Normal / Sedang Transisi,Golden Rebound Fibo 38.2% 🎯,6,WAIT & SEE,TIDAK ADA,2026-08-24 16:50:01,Biasa / Mengikuti Pasar
16:50,AKKU,Token Mati (Perlu Update),Small Cap (Lapis 3),Overvalued (Mahal),336.2832,0.6251748,38.0,38,38,38,0.0,0,Normal,0,Negatif,Downtrend,Bearish,Bearish MACD,Konsolidasi / Transisi,Normal,Netral,Normal,Tidak Ada Transaksi,Squeeze,Rendah,Doji (Ragu-ragu),Dekat Support (Low Risk),< 1 Miliar,Di Atas VWAP (Kuat),Netral,Gorengan Sepi (< 5M),Normal (50-150%),Sideways,Solid (Jarang Dibanting),Normal,Sideways / Stagnan,TP: 39 | CL: 37,Normal,Di Area Support,Oversold (Jenuh Jual - Peluang),Netral / Sepi Berita,Normal / Sedang Transisi,Normal / Sideways,0,WAIT & SEE,TIDAK ADA,2026-08-24 16:50:01,Biasa / Mengikuti Pasar
16:50,AKPI,Token Mati (Perlu Update),Small Cap (Lapis 3),Undervalued (Murah),3.556839,0.1597041,505.0,504,490,555,-0.9803921568627451,108400,Normal,53,Negatif,Uptrend,Bullish,Bearish MACD,Perfect Uptrend (5>20>50),Normal,Distribusi (Turun),Normal,Seimbang / Adu Mekanik,Squeeze,Rendah,Normal,Area Tengah,< 1 Miliar,Persis di VWAP,Distribusi Pro (Guyuran),Gorengan Sepi (< 5M),Normal (50-150%),Mark-Up (Fase Pesta),Spesialis Tiang Jemuran (Banting Pucuk),Normal,Turun 2 Hari Beruntun,TP: 527 | CL: 489,Open = High (Tekanan Jual),Sangat Menarik (> 1:3),Netral / Sideways,Sentimen Negatif ⚠️,Normal / Sedang Transisi,Dekat Support Fibo 61.8% (Golden Ratio),3,WAIT & SEE,TIDAK ADA,2026-08-24 16:50:01,Biasa / Mengikuti Pasar
16:50,AKRA,Token Mati (Perlu Update),Big Cap (Lapis 1),Fair Value (Wajar),10.092942,2.1238527,1395.0,1409,1365,1470,1.0869565217391304,7922700,Normal,54,Positif,Downtrend,Bearish,Bearish MACD,Konsolidasi / Transisi,Normal,Akumulasi (Naik),Normal,Dominan Beli (Hajar Kanan),Squeeze,Rendah,Hammer (Potensi Reversal),Dekat Support (Low Risk),> 1 Miliar,Persis di VWAP,Distribusi Pro (Guyuran),Ritel Aktif (5M - 50M),Normal (50-150%),Distribution (Fase Jualan),Normal,Jarum Bawah (Sinyal Pantulan Kuat),Naik 1 Hari Beruntun,TP: 1433 | CL: 1369,Normal,Ideal (1:2),Golden Cross (Awal Bullish),Sentimen Positif 📰,Normal / Sedang Transisi,Golden Rebound Fibo 23.6% 🎯,5,WAIT & SEE,TIDAK ADA,2026-08-24 16:50:01,Biasa / Mengikuti Pasar
16:50,AKSI,Token Mati (Perlu Update),Small Cap (Lapis 3),Undervalued (Murah),9.422851,1.0827686,240.0,231,218,280,4.3478260869565215,2447700,Tembus MA20,61,Positif,Uptrend,Bearish,Bearish MACD,Konsolidasi / Transisi,Akumulasi Kuat,Akumulasi (Naik),Normal,Seimbang / Adu Mekanik,Normal,Sedang,Normal,Rawan Pucuk (High Risk),< 1 Miliar,Persis di VWAP,Distribusi Pro (Guyuran),Gorengan Sepi (< 5M),Ledakan Ekstrem (> 300%),Mark-Up (Fase Pesta),Spesialis Tiang Jemuran (Banting Pucuk),Normal,Naik 1 Hari Beruntun,TP: 261 | CL: 225,Normal,Ideal (1:2),Golden Cross (Awal Bullish),Netral / Sepi Berita,Normal / Sedang Transisi,Mendekati Fibo 38.2%,6,WAIT & SEE,TIDAK ADA,2026-08-24 16:50:01,Biasa / Mengikuti Pasar
16:50,ALDO,Token Mati (Perlu Update),Mid Cap (Lapis 2),Overvalued (Mahal),27.702906,2.2494752,925.0,862,750,1035,-0.5376344086021506,29000,Normal,64,Negatif,Uptrend,Bullish,Strong Bullish,Perfect Uptrend (5>20>50),Normal,Distribusi (Turun),Normal,Dominan Beli (Hajar Kanan),Normal,Tinggi,Hammer (Potensi Reversal),Rawan Pucuk (High Risk),< 1 Miliar,Di Atas VWAP (Kuat),Akumulasi Pro (Smart Money),Gorengan Sepi (< 5M),Sepi (< 50%),Mark-Up (Fase Pesta),Spesialis Tiang Jemuran (Banting Pucuk),Jarum Bawah (Sinyal Pantulan Kuat),Turun 1 Hari Beruntun,TP: 1025 | CL: 858,Open = High (Tekanan Jual),Tidak Ideal (< 1:1),Death Cross (Awal Bearish),Netral / Sepi Berita,Normal / Sedang Transisi,Mendekati Fibo 38.2%,5,WAIT & SEE,TIDAK ADA,2026-08-24 16:50:01,Biasa / Mengikuti Pasar
16:50,ALKA,Token Mati (Perlu Update),Mid Cap (Lapis 2),Overvalued (Mahal),120.802895,9.934148,4580.0,2282,1105,5025,13.930348258706468,685900,Tembus MA20,95,Positif,Uptrend,Bullish,Strong Bullish,Perfect Uptrend (5>20>50),Distribusi Kuat,Akumulasi (Naik),Gap Up (+23.9%),Seimbang / Adu Mekanik,Breakout Upper,Tinggi,Normal,Rawan Pucuk (High Risk),> 1 Miliar,Di Atas VWAP (Kuat),Akumulasi Pro (Smart Money),Gorengan Sepi (< 5M),Anomali Tinggi (150-300%),Mark-Up (Fase Pesta),Solid (Jarang Dibanting),Normal,Naik 5 Hari Beruntun,TP: 5055 | CL: 4262,Normal,Tidak Ideal (< 1:1),Overbought (Jenuh Beli - Rawan),Netral / Sepi Berita,Supply Banjir (Distribusi) 🌊,Mengambang (Jauh dari Fibo),8,BELI,TIDAK ADA,2026-08-24 16:50:01,⚠️ Anomali (Sudah Terbang)
16:50,ALMI,Token Mati (Perlu Update),Small Cap (Lapis 3),Overvalued (Mahal),0.0,74000.0,74.0,74,74,74,0.0,0,Normal,0,Negatif,Downtrend,Bearish,Bearish MACD,Konsolidasi / Transisi,Normal,Netral,Normal,Tidak Ada Transaksi,Squeeze,Rendah,Doji (Ragu-ragu),Dekat Support (Low Risk),< 1 Miliar,Di Atas VWAP (Kuat),Netral,Gorengan Sepi (< 5M),Normal (50-150%),Sideways,Solid (Jarang Dibanting),Normal,Sideways / Stagnan,TP: 75 | CL: 73,Normal,Di Area Support,Oversold (Jenuh Jual - Peluang),Netral / Sepi Berita,Normal / Sedang Transisi,Normal / Sideways,0,WAIT & SEE,TIDAK ADA,2026-08-24 16:50:01,Biasa / Mengikuti Pasar
16:50,ALTO,Token Mati (Perlu Update),Small Cap (Lapis 3),Fair Value (Wajar),0.0,0.13290901,18.0,18,18,18,0.0,0,Normal,0,Negatif,Downtrend,Bearish,Bearish MACD,Konsolidasi / Transisi,Normal,Netral,Normal,Tidak Ada Transaksi,Squeeze,Rendah,Doji (Ragu-ragu),Dekat Support (Low Risk),< 1 Miliar,Di Atas VWAP (Kuat),Netral,Gorengan Sepi (< 5M),Normal (50-150%),Sideways,Solid (Jarang Dibanting),Normal,Sideways / Stagnan,TP: 19 | CL: 17,Normal,Di Area Support,Oversold (Jenuh Jual - Peluang),Netral / Sepi Berita,Normal / Sedang Transisi,Normal / Sideways,0,WAIT & SEE,TIDAK ADA,2026-08-24 16:50:01,Biasa / Mengikuti Pasar
16:50,AMAG,Token Mati (Perlu Update),Mid Cap (Lapis 2),Undervalued (Murah),8.651059,0.89816475,388.0,387,376,392,0.0,59400,Normal,48,Negatif,Uptrend,Bullish,Bullish MACD,Awal Reversal (5>20),Normal,Distribusi (Turun),Normal,Dominan Jual (Guyur),Squeeze,Rendah,Normal,Area Tengah,< 1 Miliar,Persis di VWAP,Distribusi Pro (Guyuran),Gorengan Sepi (< 5M),Sepi (< 50%),Accumulation (Kumpul Barang),Solid (Jarang Dibanting),Normal,Sideways / Stagnan,TP: 394 | CL: 383,Open = High (Tekanan Jual),Tidak Ideal (< 1:1),Overbought (Jenuh Beli - Rawan),Sentimen Positif 📰,Supply Kering (Siap Pump) 🏜️,Golden Rebound Fibo 23.6% 🎯,4,WAIT & SEE,TIDAK ADA,2026-08-24 16:50:01,Biasa / Mengikuti Pasar
16:50,AMFG,Token Mati (Perlu Update),Mid Cap (Lapis 2),Undervalued (Murah),12.804245,0.30211645,3330.0,3315,3100,3400,0.0,500,Normal,61,Negatif,Uptrend,Bullish,Bearish MACD,Perfect Uptrend (5>20>50),Normal,Netral,Normal,Dominan Beli (Hajar Kanan),Squeeze,Rendah,Doji (Ragu-ragu),Area Tengah,< 1 Miliar,Persis di VWAP,Akumulasi Pro (Smart Money),Gorengan Sepi (< 5M),Sepi (< 50%),Mark-Up (Fase Pesta),Normal,Jarum Bawah (Sinyal Pantulan Kuat),Sideways / Stagnan,TP: 3406 | CL: 3279,Normal,Tidak Ideal (< 1:1),Netral / Sideways,Sentimen Positif 📰,Supply Kering (Siap Pump) 🏜️,Mendekati Fibo 23.6%,5,WAIT & SEE,TIDAK ADA,2026-08-24 16:50:01,Biasa / Mengikuti Pasar
16:50,AMIN,Token Mati (Perlu Update),Small Cap (Lapis 3),Fair Value (Wajar),0.0,1.2831411,240.0,243,230,260,0.0,17300,Normal,42,Negatif,Downtrend,Bearish,Strong Bearish,Strong Downtrend (5<20<50),Normal,Distribusi (Turun),Normal,Seimbang / Adu Mekanik,Squeeze,Rendah,Doji (Ragu-ragu),Area Tengah,< 1 Miliar,Persis di VWAP,Akumulasi Pro (Smart Money),Gorengan Sepi (< 5M),Normal (50-150%),Mark-Down (Fase Runtuh),Normal,Jarum Bawah (Sinyal Pantulan Kuat),Sideways / Stagnan,TP: 254 | CL: 230,Normal,Ideal (1:2),Netral / Sideways,Sentimen Positif 📰,Supply Kering (Siap Pump) 🏜️,Golden Rebound Fibo 61.8% (Golden Ratio) 🎯,1,WAIT & SEE,TIDAK ADA,2026-08-24 16:50:01,Biasa / Mengikuti Pasar
16:50,AMRT,Token Mati (Perlu Update),Big Cap (Lapis 1),Overvalued (Mahal),16.45923,3.2664273,1415.0,1369,1295,1455,-1.7361111111111112,26062100,Normal,55,Negatif,Uptrend,Bullish,Strong Bullish,Awal Reversal (5>20),Normal,Akumulasi (Naik),Normal,Seimbang / Adu Mekanik,Normal,Sedang,Normal,Area Tengah,> 1 Miliar,Di Atas VWAP (Kuat),Distribusi Pro (Guyuran),Ritel Aktif (5M - 50M),Normal (50-150%),Accumulation (Kumpul Barang),Solid (Jarang Dibanting),Normal,Turun 1 Hari Beruntun,TP: 1497 | CL: 1360,Normal,Tidak Ideal (< 1:1),Netral / Sideways,Sentimen Positif 📰,Normal / Sedang Transisi,Dekat Support Fibo 23.6%,6,WAIT & SEE,TIDAK ADA,2026-08-24 16:50:01,Biasa / Mengikuti Pasar
16:50,ANJT,Token Mati (Perlu Update),Mid Cap (Lapis 2),Fair Value (Wajar),0.0,1.2700977,1610.0,1495,1355,1625,0.9404388714733543,101000,Tembus MA20,69,Positif,Uptrend,Bullish,Strong Bullish,Perfect Uptrend (5>20>50),Normal,Akumulasi (Naik),Normal,Dominan Beli (Hajar Kanan),Breakout Upper,Sedang,Normal,Rawan Pucuk (High Risk),< 1 Miliar,Di Atas VWAP (Kuat),Akumulasi Pro (Smart Money),Gorengan Sepi (< 5M),Normal (50-150%),Mark-Up (Fase Pesta),Normal,Jarum Bawah (Sinyal Pantulan Kuat),Naik 3 Hari Beruntun,TP: 1671 | CL: 1568,Normal,Tidak Ideal (< 1:1),Overbought (Jenuh Beli - Rawan),Netral / Sepi Berita,Normal / Sedang Transisi,Mendekati Fibo 23.6%,8,BELI,TIDAK ADA,2026-08-24 16:50:01,Biasa / Mengikuti Pasar
16:50,ANTM,Token Mati (Perlu Update),Big Cap (Lapis 1),Fair Value (Wajar),9.033244,1.9733347,3190.0,3026,2800,3250,0.6309148264984227,109559600,Tembus MA20,61,Positif,Uptrend,Bullish,Strong Bullish,Perfect Uptrend (5>20>50),Normal,Akumulasi (Naik),Normal,Dominan Jual (Guyur),Normal,Tinggi,Doji (Ragu-ragu),Rawan Pucuk (High Risk),> 1 Miliar,Di Atas VWAP (Kuat),Distribusi Pro (Guyuran),Sultan (> 50M/hari),Normal (50-150%),Mark-Up (Fase Pesta),Normal,Normal,Naik 3 Hari Beruntun,TP: 3347 | CL: 3085,Normal,Tidak Ideal (< 1:1),Overbought (Jenuh Beli - Rawan),Sentimen Positif 📰,Normal / Sedang Transisi,Mendekati Fibo 23.6%,8,BELI,TIDAK ADA,2026-08-24 16:50:01,Biasa / Mengikuti Pasar
16:50,APEX,Token Mati (Perlu Update),Small Cap (Lapis 3),Overvalued (Mahal),6.484642,9500.0,189.0,169,140,204,-2.072538860103627,15316900,Normal,70,Negatif,Uptrend,Bullish,Strong Bullish,Perfect Uptrend (5>20>50),Normal,Akumulasi (Naik),Normal,Seimbang / Adu Mekanik,Normal,Tinggi,Normal,Rawan Pucuk (High Risk),> 1 Miliar,Persis di VWAP,Akumulasi Pro (Smart Money),Ritel Aktif (5M - 50M),Sepi (< 50%),Mark-Up (Fase Pesta),Normal,Normal,Turun 1 Hari Beruntun,TP: 202 | CL: 179,Normal,Tidak Ideal (< 1:1),Death Cross (Awal Bearish),Sentimen Positif 📰,Normal / Sedang Transisi,Mendekati Fibo 23.6%,6,WAIT & SEE,TIDAK ADA,2026-08-24 16:50:01,Biasa / Mengikuti Pasar
16:50,APIC,Token Mati (Perlu Update),Mid Cap (Lapis 2),Overvalued (Mahal),59.863167,1.9056122,530.0,592,500,665,-0.9345794392523363,384758200,Tembus MA20,34,Negatif,Downtrend,Bearish,Strong Bearish,Strong Downtrend (5<20<50),Distribusi Kuat,Distribusi (Turun),Normal,Dominan Jual (Guyur),Normal,Tinggi,Normal,Area Tengah,> 1 Miliar,Di Bawah VWAP (Lemah),Distribusi Pro (Guyuran),Ritel Aktif (5M - 50M),Ledakan Ekstrem (> 300%),Mark-Down (Fase Runtuh),Normal,Normal,Turun 2 Hari Beruntun,TP: 579 | CL: 496,Normal,Sangat Menarik (> 1:3),Netral / Sideways,Sentimen Positif 📰,Supply Banjir (Distribusi) 🌊,Mengambang (Jauh dari Fibo),2,WAIT & SEE,TIDAK ADA,2026-08-24 16:50:01,🔥 ANOMALI BANDAR (Siap Ledakan)
16:50,APII,Token Mati (Perlu Update),Small Cap (Lapis 3),Undervalued (Murah),10.062826,0.50033486,189.0,187,167,202,1.06951871657754,30200,Normal,54,Positif,Uptrend,Bullish,Bearish MACD,Perfect Uptrend (5>20>50),Normal,Akumulasi (Naik),Normal,Seimbang / Adu Mekanik,Normal,Sedang,Doji (Ragu-ragu),Rawan Pucuk (High Risk),< 1 Miliar,Persis di VWAP,Akumulasi Pro (Smart Money),Gorengan Sepi (< 5M),Sepi (< 50%),Mark-Up (Fase Pesta),Spesialis Tiang Jemuran (Banting Pucuk),Normal,Naik 1 Hari Beruntun,TP: 198 | CL: 182,Normal,Tidak Ideal (< 1:1),Netral / Sideways,Sentimen Positif 📰,Supply Kering (Siap Pump) 🏜️,Mendekati Fibo 38.2%,6,WAIT & SEE,TIDAK ADA,2026-08-24 16:50:01,Biasa / Mengikuti Pasar
16:50,APLI,Token Mati (Perlu Update),Small Cap (Lapis 3),Overvalued (Mahal),25.07016,1.2441565,268.0,255,234,320,-0.7407407407407408,269500,Normal,63,Negatif,Uptrend,Bullish,Strong Bullish,Perfect Uptrend (5>20>50),Normal,Akumulasi (Naik),Normal,Seimbang / Adu Mekanik,Normal,Tinggi,Normal,Rawan Pucuk (High Risk),< 1 Miliar,Di Bawah VWAP (Lemah),Distribusi Pro (Guyuran),Gorengan Sepi (< 5M),Sepi (< 50%),Mark-Up (Fase Pesta),Spesialis Tiang Jemuran (Banting Pucuk),Normal,Turun 2 Hari Beruntun,TP: 293 | CL: 251,Normal,Ideal (1:2),Netral / Sideways,Sentimen Positif 📰,Normal / Sedang Transisi,Dekat Support Fibo 50.0%,6,WAIT & SEE,TIDAK ADA,2026-08-24 16:50:01,Biasa / Mengikuti Pasar
16:50,APLN,Token Mati (Perlu Update),Mid Cap (Lapis 2),Undervalued (Murah),7.932961,0.2749109,142.0,129,115,163,-0.6993006993006993,43443100,Normal,61,Negatif,Uptrend,Bullish,Strong Bullish,Perfect Uptrend (5>20>50),Normal,Akumulasi (Naik),Normal,Dominan Jual (Guyur),Normal,Tinggi,Normal,Rawan Pucuk (High Risk),> 1 Miliar,Di Bawah VWAP (Lemah),Distribusi Pro (Guyuran),Ritel Aktif (5M - 50M),Sepi (< 50%),Mark-Up (Fase Pesta),Spesialis Tiang Jemuran (Banting Pucuk),Normal,Turun 2 Hari Beruntun,TP: 154 | CL: 133,Normal,Tidak Ideal (< 1:1),Netral / Sideways,Sentimen Positif 📰,Normal / Sedang Transisi,Dekat Support Fibo 38.2%,6,WAIT & SEE,TIDAK ADA,2026-08-24 16:50:01,Biasa / Mengikuti Pasar
16:50,ARGO,Token Mati (Perlu Update),Mid Cap (Lapis 2),Overvalued (Mahal),138.41464,22.582571,1135.0,1167,1075,1255,-1.7316017316017316,53300,Normal,52,Negatif,Downtrend,Bearish,Bearish MACD,Konsolidasi / Transisi,Normal,Distribusi (Turun),Normal,Dominan Beli (Hajar Kanan),Squeeze,Rendah,Hammer (Potensi Reversal),Area Tengah,< 1 Miliar,Di Bawah VWAP (Lemah),Akumulasi Pro (Smart Money),Gorengan Sepi (< 5M),Sepi (< 50%),Distribution (Fase Jualan),Normal,Jarum Bawah (Sinyal Pantulan Kuat),Turun 1 Hari Beruntun,TP: 1211 | CL: 1083,Open = High (Tekanan Jual),Ideal (1:2),Netral / Sideways,Sentimen Positif 📰,Normal / Sedang Transisi,Golden Rebound Fibo 23.6% 🎯,3,WAIT & SEE,TIDAK ADA,2026-08-24 16:50:01,Biasa / Mengikuti Pasar
16:50,ARII,Token Mati (Perlu Update),Mid Cap (Lapis 2),Overvalued (Mahal),12.906057,14000.0,294.0,278,250,318,2.083333333333333,76800,Normal,65,Positif,Uptrend,Bullish,Strong Bullish,Perfect Uptrend (5>20>50),Normal,Akumulasi (Naik),Normal,Dominan Beli (Hajar Kanan),Breakout Upper,Sedang,Normal,Rawan Pucuk (High Risk),< 1 Miliar,Di Atas VWAP (Kuat),Distribusi Pro (Guyuran),Gorengan Sepi (< 5M),Normal (50-150%),Mark-Up (Fase Pesta),Spesialis Tiang Jemuran (Banting Pucuk),Normal,Naik 3 Hari Beruntun,TP: 319 | CL: 277,Normal,Tidak Ideal (< 1:1),Netral / Sideways,Netral / Sepi Berita,Normal / Sedang Transisi,Dekat Support Fibo 38.2%,7,BELI,TIDAK ADA,2026-08-24 16:50:01,Biasa / Mengikuti Pasar
16:50,ARNA,Token Mati (Perlu Update),Mid Cap (Lapis 2),Fair Value (Wajar),8.197832,1.8723477,484.0,493,480,505,-1.2244897959183674,1871600,Normal,47,Negatif,Downtrend,Bearish,Bearish MACD,Konsolidasi / Transisi,Normal,Distribusi (Turun),Normal,Dominan Jual (Guyur),Squeeze,Rendah,Normal,Dekat Support (Low Risk),< 1 Miliar,Di Bawah VWAP (Lemah),Akumulasi Pro (Smart Money),Gorengan Sepi (< 5M),Normal (50-150%),Distribution (Fase Jualan),Spesialis Tiang Jemuran (Banting Pucuk),Normal,Turun 2 Hari Beruntun,TP: 493 | CL: 477,Normal,Sangat Menarik (> 1:3),Oversold (Jenuh Jual - Peluang),Sentimen Positif 📰,Normal / Sedang Transisi,Golden Rebound Fibo 23.6% 🎯,1,WAIT & SEE,TIDAK ADA,2026-08-24 16:50:01,Biasa / Mengikuti Pasar
16:50,ARTA,Token Mati (Perlu Update),Small Cap (Lapis 3),Overvalued (Mahal),0.0,6.60673,2220.0,2393,2210,2950,-3.4782608695652173,1000,Normal,37,Negatif,Downtrend,Bearish,Strong Bearish,Strong Downtrend (5<20<50),Normal,Distribusi (Turun),Normal,Dominan Jual (Guyur),Bottom Rebound,Tinggi,Normal,Dekat Support (Low Risk),< 1 Miliar,Di Bawah VWAP (Lemah),Distribusi Pro (Guyuran),Gorengan Sepi (< 5M),Sepi (< 50%),Mark-Down (Fase Runtuh),Normal,Normal,Turun 1 Hari Beruntun,TP: 2340 | CL: 2140,Open = High (Tekanan Jual),Sangat Menarik (> 1:3),Oversold (Jenuh Jual - Peluang),Sentimen Positif 📰,Normal / Sedang Transisi,Golden Rebound Fibo 78.6% 🎯,1,WAIT & SEE,TIDAK ADA,2026-08-24 16:50:01,Biasa / Mengikuti Pasar
16:50,ARTI,Token Mati (Perlu Update),Small Cap (Lapis 3),Fair Value (Wajar),1.0695187,-0.072920844,2.0,2,2,2,0.0,0,Normal,0,Negatif,Downtrend,Bearish,Bearish MACD,Konsolidasi / Transisi,Normal,Netral,Normal,Tidak Ada Transaksi,Squeeze,Rendah,Doji (Ragu-ragu),Dekat Support (Low Risk),< 1 Miliar,Di Atas VWAP (Kuat),Netral,Gorengan Sepi (< 5M),Normal (50-150%),Sideways,Solid (Jarang Dibanting),Normal,Sideways / Stagnan,TP: 3 | CL: 1,Normal,Di Area Support,Oversold (Jenuh Jual - Peluang),Netral / Sepi Berita,Normal / Sedang Transisi,Normal / Sideways,0,WAIT & SEE,TIDAK ADA,2026-08-24 16:50:01,Biasa / Mengikuti Pasar
16:50,ARTO,Token Mati (Perlu Update),Big Cap (Lapis 1),Overvalued (Mahal),42.348007,1.5509924,1010.0,1196,1005,1355,-4.716981132075472,16744900,Tembus MA20,34,Negatif,Downtrend,Bearish,Strong Bearish,Konsolidasi / Transisi,Distribusi Kuat,Distribusi (Turun),Normal,Dominan Jual (Guyur),Bottom Rebound,Tinggi,Normal,Dekat Support (Low Risk),> 1 Miliar,Di Bawah VWAP (Lemah),Distribusi Pro (Guyuran),Ritel Aktif (5M - 50M),Anomali Tinggi (150-300%),Distribution (Fase Jualan),Normal,Normal,Turun 1 Hari Beruntun,TP: 1100 | CL: 949,Normal,Sangat Menarik (> 1:3),Oversold (Jenuh Jual - Peluang),Sentimen Positif 📰,Supply Banjir (Distribusi) 🌊,Golden Rebound Fibo 61.8% (Golden Ratio) 🎯,2,WAIT & SEE,TIDAK ADA,2026-08-24 16:50:01,Biasa / Mengikuti Pasar
16:50,ASBI,Token Mati (Perlu Update),Small Cap (Lapis 3),Undervalued (Murah),8.457691,0.3116539,416.0,419,392,438,0.0,500,Normal,49,Negatif,Downtrend,Bearish,Strong Bearish,Konsolidasi / Transisi,Normal,Akumulasi (Naik),Normal,Dominan Jual (Guyur),Squeeze,Rendah,Doji (Ragu-ragu),Area Tengah,< 1 Miliar,Persis di VWAP,Distribusi Pro (Guyuran),Gorengan Sepi (< 5M),Sepi (< 50%),Distribution (Fase Jualan),Normal,Normal,Sideways / Stagnan,TP: 441 | CL: 399,Normal,Tidak Ideal (< 1:1),Netral / Sideways,Netral / Sepi Berita,Supply Kering (Siap Pump) 🏜️,Golden Rebound Fibo 61.8% (Golden Ratio) 🎯,1,WAIT & SEE,TIDAK ADA,2026-08-24 16:50:01,Biasa / Mengikuti Pasar
16:50,ASDM,Token Mati (Perlu Update),Small Cap (Lapis 3),Undervalued (Murah),10.40604,0.5420163,510.0,511,498,535,0.0,22500,Normal,50,Negatif,Downtrend,Bearish,Bearish MACD,Konsolidasi / Transisi,Normal,Akumulasi (Naik),Normal,Dominan Beli (Hajar Kanan),Squeeze,Rendah,Doji (Ragu-ragu),Dekat Support (Low Risk),< 1 Miliar,Persis di VWAP,Akumulasi Pro (Smart Money),Gorengan Sepi (< 5M),Anomali Tinggi (150-300%),Distribution (Fase Jualan),Normal,Jarum Bawah (Sinyal Pantulan Kuat),Sideways / Stagnan,TP: 526 | CL: 499,Normal,Ideal (1:2),Oversold (Jenuh Jual - Peluang),Sentimen Positif 📰,Normal / Sedang Transisi,Golden Rebound Fibo 50.0% 🎯,3,WAIT & SEE,TIDAK ADA,2026-08-24 16:50:01,Biasa / Mengikuti Pasar
16:50,ASGR,Token Mati (Perlu Update),Mid Cap (Lapis 2),Undervalued (Murah),8.531207,1.3273078,1910.0,1815,1740,1970,6.70391061452514,2551000,Tembus MA20,69,Positif,Uptrend,Bearish,Bearish MACD,Konsolidasi / Transisi,Akumulasi Kuat,Akumulasi (Naik),Normal,Dominan Beli (Hajar Kanan),Normal,Sedang,Normal,Area Tengah,> 1 Miliar,Di Atas VWAP (Kuat),Akumulasi Pro (Smart Money),Gorengan Sepi (< 5M),Anomali Tinggi (150-300%),Mark-Up (Fase Pesta),Spesialis Tiang Jemuran (Banting Pucuk),Normal,Naik 3 Hari Beruntun,TP: 1970 | CL: 1869,Normal,Tidak Ideal (< 1:1),Netral / Sideways,Sentimen Positif 📰,Normal / Sedang Transisi,Mendekati Fibo 23.6%,8,BELI,TIDAK ADA,2026-08-24 16:50:01,Biasa / Mengikuti Pasar
16:50,ASII,Token Mati (Perlu Update),Big Cap (Lapis 1),Undervalued (Murah),6.446469,0.82766265,4750.0,4922,4720,5275,-0.6276150627615062,29845800,Normal,40,Negatif,Downtrend,Bearish,Strong Bearish,Konsolidasi / Transisi,Normal,Distribusi (Turun),Normal,Dominan Jual (Guyur),Normal,Sedang,Normal,Dekat Support (Low Risk),> 1 Miliar,Persis di VWAP,Distribusi Pro (Guyuran),Sultan (> 50M/hari),Normal (50-150%),Distribution (Fase Jualan),Normal,Normal,Turun 2 Hari Beruntun,TP: 4908 | CL: 4644,Open = High (Tekanan Jual),Sangat Menarik (> 1:3),Oversold (Jenuh Jual - Peluang),Sentimen Positif 📰,Normal / Sedang Transisi,Mendekati Fibo 78.6%,1,WAIT & SEE,TIDAK ADA,2026-08-24 16:50:01,Biasa / Mengikuti Pasar
16:50,ASJT,Token Mati (Perlu Update),Small Cap (Lapis 3),Fair Value (Wajar),0.0,0.7318488,159.0,155,149,188,-1.2422360248447204,166700,Normal,52,Negatif,Uptrend,Bullish,Strong Bullish,Awal Reversal (5>20),Normal,Akumulasi (Naik),Normal,Dominan Jual (Guyur),Normal,Sedang,Normal,Area Tengah,< 1 Miliar,Persis di VWAP,Akumulasi Pro (Smart Money),Gorengan Sepi (< 5M),Normal (50-150%),Accumulation (Kumpul Barang),Normal,Normal,Turun 2 Hari Beruntun,TP: 166 | CL: 154,Normal,Ideal (1:2),Death Cross (Awal Bearish),Netral / Sepi Berita,Supply Kering (Siap Pump) 🏜️,Mengambang (Jauh dari Fibo),5,WAIT & SEE,TIDAK ADA,2026-08-24 16:50:01,Biasa / Mengikuti Pasar
16:50,ASMI,Token Mati (Perlu Update),Small Cap (Lapis 3),Fair Value (Wajar),0.0,0.55347997,16.0,16,15,19,0.0,9686600,Normal,46,Negatif,Downtrend,Bearish,Strong Bearish,Konsolidasi / Transisi,Normal,Distribusi (Turun),Normal,Tidak Ada Transaksi,Normal,Sedang,Doji (Ragu-ragu),Area Tengah,< 1 Miliar,Di Bawah VWAP (Lemah),Distribusi Pro (Guyuran),Gorengan Sepi (< 5M),Sepi (< 50%),Distribution (Fase Jualan),Normal,Normal,Sideways / Stagnan,TP: 17 | CL: 15,Normal,Sangat Menarik (> 1:3),Netral / Sideways,Netral / Sepi Berita,Normal / Sedang Transisi,Mengambang (Jauh dari Fibo),0,WAIT & SEE,TIDAK ADA,2026-08-24 16:50:01,Biasa / Mengikuti Pasar
16:50,ASRI,Token Mati (Perlu Update),Mid Cap (Lapis 2),Undervalued (Murah),8.506224,0.2099474,125.0,122,115,141,-0.7936507936507936,12925000,Normal,55,Negatif,Uptrend,Bullish,Strong Bullish,Perfect Uptrend (5>20>50),Normal,Distribusi (Turun),Normal,Dominan Jual (Guyur),Normal,Sedang,Normal,Area Tengah,> 1 Miliar,Di Bawah VWAP (Lemah),Distribusi Pro (Guyuran),Ritel Aktif (5M - 50M),Sepi (< 50%),Mark-Up (Fase Pesta),Spesialis Tiang Jemuran (Banting Pucuk),Normal,Turun 2 Hari Beruntun,TP: 133 | CL: 119,Normal,Ideal (1:2),Netral / Sideways,Netral / Sepi Berita,Normal / Sedang Transisi,Dekat Support Fibo 38.2%,4,WAIT & SEE,TIDAK ADA,2026-08-24 16:50:01,Biasa / Mengikuti Pasar
16:50,ASRM,Token Mati (Perlu Update),Small Cap (Lapis 3),Overvalued (Mahal),64.13302,0.44470212,270.0,267,250,278,0.0,3800,Normal,62,Negatif,Uptrend,Bullish,Bearish MACD,Perfect Uptrend (5>20>50),Normal,Netral,Normal,Dominan Beli (Hajar Kanan),Squeeze,Rendah,Doji (Ragu-ragu),Area Tengah,< 1 Miliar,Di Atas VWAP (Kuat),Akumulasi Pro (Smart Money),Gorengan Sepi (< 5M),Sepi (< 50%),Mark-Up (Fase Pesta),Normal,Jarum Bawah (Sinyal Pantulan Kuat),Sideways / Stagnan,TP: 277 | CL: 264,Normal,Tidak Ideal (< 1:1),Netral / Sideways,Sentimen Positif 📰,Supply Kering (Siap Pump) 🏜️,Mendekati Fibo 23.6%,5,WAIT & SEE,TIDAK ADA,2026-08-24 16:50:01,Biasa / Mengikuti Pasar
16:50,ASSA,Token Mati (Perlu Update),Mid Cap (Lapis 2),Undervalued (Murah),5.580357,1.0203831,625.0,621,565,685,-2.34375,11401900,Tembus MA20,51,Negatif,Uptrend,Bullish,Strong Bullish,Perfect Uptrend (5>20>50),Normal,Distribusi (Turun),Normal,Seimbang / Adu Mekanik,Normal,Sedang,Normal,Rawan Pucuk (High Risk),> 1 Miliar,Di Bawah VWAP (Lemah),Distribusi Pro (Guyuran),Ritel Aktif (5M - 50M),Normal (50-150%),Mark-Up (Fase Pesta),Spesialis Tiang Jemuran (Banting Pucuk),Normal,Turun 2 Hari Beruntun,TP: 664 | CL: 598,Normal,Menengah (1:1),Netral / Sideways,Sentimen Positif 📰,Normal / Sedang Transisi,Mendekati Fibo 38.2%,6,WAIT & SEE,TIDAK ADA,2026-08-24 16:50:01,Biasa / Mengikuti Pasar
16:50,ATIC,Token Mati (Perlu Update),Mid Cap (Lapis 2),Fair Value (Wajar),7.4984045,1.74546,470.0,467,450,515,-0.423728813559322,133700,Tembus MA20,51,Negatif,Uptrend,Bearish,Bullish MACD,Strong Downtrend (5<20<50),Normal,Akumulasi (Naik),Normal,Dominan Beli (Hajar Kanan),Squeeze,Rendah,Hammer (Potensi Reversal),Area Tengah,< 1 Miliar,Persis di VWAP,Akumulasi Pro (Smart Money),Gorengan Sepi (< 5M),Anomali Tinggi (150-300%),Accumulation (Kumpul Barang),Spesialis Tiang Jemuran (Banting Pucuk),Jarum Bawah (Sinyal Pantulan Kuat),Turun 1 Hari Beruntun,TP: 487 | CL: 458,Open = High (Tekanan Jual),Ideal (1:2),Netral / Sideways,Netral / Sepi Berita,Normal / Sedang Transisi,Mendekati Fibo Bottom / 100%,6,WAIT & SEE,TIDAK ADA,2026-08-24 16:50:01,Biasa / Mengikuti Pasar
16:50,AUTO,Token Mati (Perlu Update),Big Cap (Lapis 1),Undervalued (Murah),6.1674185,0.931351,3100.0,2825,2540,3140,2.6490066225165565,6087900,Tembus MA20,89,Positif,Uptrend,Bullish,Strong Bullish,Perfect Uptrend (5>20>50),Akumulasi Kuat,Akumulasi (Naik),Normal,Dominan Beli (Hajar Kanan),Breakout Upper,Tinggi,Normal,Rawan Pucuk (High Risk),> 1 Miliar,Di Atas VWAP (Kuat),Akumulasi Pro (Smart Money),Ritel Aktif (5M - 50M),Anomali Tinggi (150-300%),Mark-Up (Fase Pesta),Spesialis Tiang Jemuran (Banting Pucuk),Normal,Naik 3 Hari Beruntun,TP: 3199 | CL: 3033,Normal,Tidak Ideal (< 1:1),Overbought (Jenuh Beli - Rawan),Sentimen Negatif ⚠️,Normal / Sedang Transisi,Mendekati Fibo 23.6%,9,BELI,TIDAK ADA,2026-08-24 16:50:01,Biasa / Mengikuti Pasar
16:50,BABP,Token Mati (Perlu Update),Mid Cap (Lapis 2),Overvalued (Mahal),26.88172,0.58640707,50.0,50,50,50,0.0,75300,Normal,48,Negatif,Downtrend,Bearish,Bullish MACD,Konsolidasi / Transisi,Normal,Netral,Normal,Tidak Ada Transaksi,Squeeze,Rendah,Doji (Ragu-ragu),Dekat Support (Low Risk),< 1 Miliar,Persis di VWAP,Netral,Gorengan Sepi (< 5M),Sepi (< 50%),Sideways,Solid (Jarang Dibanting),Normal,Sideways / Stagnan,TP: 51 | CL: 49,Normal,Di Area Support,Oversold (Jenuh Jual - Peluang),Sentimen Positif 📰,Normal / Sedang Transisi,Golden Rebound Fibo Bottom / 100% 🎯,2,WAIT & SEE,TIDAK ADA,2026-08-24 16:50:01,Biasa / Mengikuti Pasar
16:50,BACA,Token Mati (Perlu Update),Mid Cap (Lapis 2),Fair Value (Wajar),16.386555,0.34278682,117.0,116,111,121,-0.847457627118644,1489300,Normal,55,Negatif,Uptrend,Bullish,Bearish MACD,Perfect Uptrend (5>20>50),Normal,Distribusi (Turun),Normal,Seimbang / Adu Mekanik,Squeeze,Rendah,Normal,Area Tengah,< 1 Miliar,Persis di VWAP,Akumulasi Pro (Smart Money),Gorengan Sepi (< 5M),Normal (50-150%),Mark-Up (Fase Pesta),Normal,Normal,Turun 1 Hari Beruntun,TP: 121 | CL: 113,Normal,Tidak Ideal (< 1:1),Netral / Sideways,Netral / Sepi Berita,Normal / Sedang Transisi,Mendekati Fibo 50.0%,3,WAIT & SEE,TIDAK ADA,2026-08-24 16:50:01,Biasa / Mengikuti Pasar
16:50,BAJA,Token Mati (Perlu Update),Small Cap (Lapis 3),Overvalued (Mahal),317.5,10.712327,254.0,311,184,376,-4.511278195488721,9856900,Normal,42,Negatif,Downtrend,Death Cross,Bearish MACD,Konsolidasi / Transisi,Normal,Distribusi (Turun),Gap Up (+5.3%),Dominan Jual (Guyur),Normal,Tinggi,Normal,Rawan Pucuk (High Risk),> 1 Miliar,Di Bawah VWAP (Lemah),Distribusi Pro (Guyuran),Gorengan Sepi (< 5M),Ledakan Ekstrem (> 300%),Distribution (Fase Jualan),Normal,Normal,Turun 4 Hari Beruntun,TP: 281 | CL: 235,Open = High (Tekanan Jual),Ideal (1:2),Oversold (Jenuh Jual - Peluang),Netral / Sepi Berita,Normal / Sedang Transisi,Mendekati Fibo 50.0%,1,WAIT & SEE,TIDAK ADA,2026-08-24 16:50:01,Biasa / Mengikuti Pasar
16:50,BALI,Token Mati (Perlu Update),Mid Cap (Lapis 2),Overvalued (Mahal),27.845036,2.0472767,1265.0,1231,1170,1360,0.796812749003984,12500,Normal,55,Positif,Uptrend,Bullish,Strong Bullish,Awal Reversal (5>20),Normal,Akumulasi (Naik),Normal,Dominan Beli (Hajar Kanan),Normal,Sedang,Hammer (Potensi Reversal),Area Tengah,< 1 Miliar,Persis di VWAP,Akumulasi Pro (Smart Money),Gorengan Sepi (< 5M),Sepi (< 50%),Accumulation (Kumpul Barang),Normal,Jarum Bawah (Sinyal Pantulan Kuat),Naik 1 Hari Beruntun,TP: 1313 | CL: 1232,Open = High (Tekanan Jual),Menengah (1:1),Golden Cross (Awal Bullish),Netral / Sepi Berita,Normal / Sedang Transisi,Golden Rebound Fibo 61.8% (Golden Ratio) 🎯,7,BELI,TIDAK ADA,2026-08-24 16:50:01,Biasa / Mengikuti Pasar
16:50,BAPA,Token Mati (Perlu Update),Small Cap (Lapis 3),Fair Value (Wajar),0.0,0.8396355,145.0,157,137,185,-1.3605442176870748,7082500,Normal,34,Negatif,Downtrend,Bearish,Bullish MACD,Strong Downtrend (5<20<50),Normal,Akumulasi (Naik),Normal,Seimbang / Adu Mekanik,Normal,Tinggi,Normal,Area Tengah,> 1 Miliar,Persis di VWAP,Distribusi Pro (Guyuran),Gorengan Sepi (< 5M),Normal (50-150%),Mark-Down (Fase Runtuh),Spesialis Tiang Jemuran (Banting Pucuk),Normal,Turun 1 Hari Beruntun,TP: 158 | CL: 135,Open = High (Tekanan Jual),Sangat Menarik (> 1:3),Oversold (Jenuh Jual - Peluang),Netral / Sepi Berita,Normal / Sedang Transisi,Mendekati Fibo Bottom / 100%,2,WAIT & SEE,TIDAK ADA,2026-08-24 16:50:01,Biasa / Mengikuti Pasar
16:50,BATA,Token Mati (Perlu Update),Small Cap (Lapis 3),Fair Value (Wajar),0.0,-0.433301,59.0,59,59,59,0.0,0,Normal,45,Negatif,Downtrend,Bearish,Bullish MACD,Konsolidasi / Transisi,Normal,Netral,Normal,Tidak Ada Transaksi,Squeeze,Rendah,Doji (Ragu-ragu),Dekat Support (Low Risk),< 1 Miliar,Di Atas VWAP (Kuat),Netral,Gorengan Sepi (< 5M),Normal (50-150%),Sideways,Solid (Jarang Dibanting),Normal,Sideways / Stagnan,TP: 60 | CL: 58,Normal,Di Area Support,Oversold (Jenuh Jual - Peluang),Netral / Sepi Berita,Normal / Sedang Transisi,Golden Rebound Fibo 78.6% 🎯,1,WAIT & SEE,TIDAK ADA,2026-08-24 16:50:01,Biasa / Mengikuti Pasar
16:50,BAYU,Token Mati (Perlu Update),Small Cap (Lapis 3),Overvalued (Mahal),54.384773,0.76153624,1280.0,1188,1050,1320,0.7874015748031495,176400,Tembus MA20,74,Positif,Uptrend,Bullish,Strong Bullish,Perfect Uptrend (5>20>50),Normal,Akumulasi (Naik),Normal,Seimbang / Adu Mekanik,Breakout Upper,Tinggi,Doji (Ragu-ragu),Rawan Pucuk (High Risk),< 1 Miliar,Di Atas VWAP (Kuat),Akumulasi Pro (Smart Money),Gorengan Sepi (< 5M),Anomali Tinggi (150-300%),Mark-Up (Fase Pesta),Normal,Jarum Bawah (Sinyal Pantulan Kuat),Naik 2 Hari Beruntun,TP: 1330 | CL: 1246,Normal,Tidak Ideal (< 1:1),Death Cross (Awal Bearish),Sentimen Positif 📰,Normal / Sedang Transisi,Mendekati Fibo 23.6%,8,BELI,TIDAK ADA,2026-08-24 16:50:01,Biasa / Mengikuti Pasar
16:50,BBCA,Token Mati (Perlu Update),Big Cap (Lapis 1),Fair Value (Wajar),13.502351,2.8957372,6400.0,6357,6125,6500,-0.7751937984496124,63564000,Normal,54,Negatif,Uptrend,Bullish,Bearish MACD,Perfect Uptrend (5>20>50),Normal,Distribusi (Turun),Normal,Seimbang / Adu Mekanik,Squeeze,Rendah,Normal,Area Tengah,> 1 Miliar,Persis di VWAP,Distribusi Pro (Guyuran),Sultan (> 50M/hari),Normal (50-150%),Mark-Up (Fase Pesta),Normal,Normal,Turun 1 Hari Beruntun,TP: 6584 | CL: 6276,Open = High (Tekanan Jual),Tidak Ideal (< 1:1),Death Cross (Awal Bearish),Sentimen Positif 📰,Normal / Sedang Transisi,Mendekati Fibo 23.6%,4,WAIT & SEE,TIDAK ADA,2026-08-24 16:50:01,Biasa / Mengikuti Pasar
16:50,BBHI,Token Mati (Perlu Update),Big Cap (Lapis 1),Overvalued (Mahal),33.333332,2.6642957,905.0,909,895,945,0.0,28201000,Tembus MA20,46,Negatif,Downtrend,Bearish,Bullish MACD,Strong Downtrend (5<20<50),Normal,Netral,Normal,Dominan Beli (Hajar Kanan),Squeeze,Rendah,Doji (Ragu-ragu),Dekat Support (Low Risk),> 1 Miliar,Persis di VWAP,Akumulasi Pro (Smart Money),Ritel Aktif (5M - 50M),Normal (50-150%),Mark-Down (Fase Runtuh),Normal,Jarum Bawah (Sinyal Pantulan Kuat),Sideways / Stagnan,TP: 922 | CL: 893,Normal,Sangat Menarik (> 1:3),Golden Cross (Awal Bullish),Sentimen Positif 📰,Normal / Sedang Transisi,Golden Rebound Fibo 61.8% (Golden Ratio) 🎯,4,WAIT & SEE,TIDAK ADA,2026-08-24 16:50:01,Biasa / Mengikuti Pasar
16:50,BBKP,Token Mati (Perlu Update),Big Cap (Lapis 1),Fair Value (Wajar),0.0,1.303872,56.0,54,51,57,0.0,70511900,Tembus MA20,62,Negatif,Uptrend,Bullish,Strong Bullish,Perfect Uptrend (5>20>50),Normal,Akumulasi (Naik),Normal,Dominan Beli (Hajar Kanan),Normal,Sedang,Doji (Ragu-ragu),Area Tengah,> 1 Miliar,Di Atas VWAP (Kuat),Akumulasi Pro (Smart Money),Gorengan Sepi (< 5M),Normal (50-150%),Mark-Up (Fase Pesta),Spesialis Tiang Jemuran (Banting Pucuk),Jarum Bawah (Sinyal Pantulan Kuat),Sideways / Stagnan,TP: 58 | CL: 54,Normal,Tidak Ideal (< 1:1),Death Cross (Awal Bearish),Sentimen Positif 📰,Normal / Sedang Transisi,Golden Rebound Fibo 38.2% 🎯,8,BELI,TIDAK ADA,2026-08-24 16:50:01,Biasa / Mengikuti Pasar
16:50,BBLD,Token Mati (Perlu Update),Mid Cap (Lapis 2),Overvalued (Mahal),333.33334,0.7838337,680.0,618,560,750,0.0,114700,Tembus MA20,65,Negatif,Uptrend,Bullish,Strong Bullish,Perfect Uptrend (5>20>50),Normal,Akumulasi (Naik),Normal,Seimbang / Adu Mekanik,Normal,Tinggi,Normal,Rawan Pucuk (High Risk),< 1 Miliar,Persis di VWAP,Akumulasi Pro (Smart Money),Gorengan Sepi (< 5M),Normal (50-150%),Mark-Up (Fase Pesta),Spesialis Tiang Jemuran (Banting Pucuk),Normal,Sideways / Stagnan,TP: 770 | CL: 620,Normal,Tidak Ideal (< 1:1),Death Cross (Awal Bearish),Sentimen Positif 📰,Normal / Sedang Transisi,Mendekati Fibo 38.2%,7,BELI,TIDAK ADA,2026-08-24 16:50:01,Biasa / Mengikuti Pasar
16:50,BBMD,Token Mati (Perlu Update),Mid Cap (Lapis 2),Overvalued (Mahal),26.710402,1.5009683,1995.0,1994,1900,2050,2.307692307692308,30500,Tembus MA20,53,Positif,Uptrend,Bearish,Bearish MACD,Konsolidasi / Transisi,Normal,Akumulasi (Naik),Normal,Dominan Beli (Hajar Kanan),Squeeze,Rendah,Normal,Area Tengah,< 1 Miliar,Persis di VWAP,Akumulasi Pro (Smart Money),Gorengan Sepi (< 5M),Anomali Tinggi (150-300%),Mark-Up (Fase Pesta),Normal,Jarum Bawah (Sinyal Pantulan Kuat),Naik 1 Hari Beruntun,TP: 2025 | CL: 1974,Normal,Tidak Ideal (< 1:1),Netral / Sideways,Sentimen Positif 📰,Normal / Sedang Transisi,Golden Rebound Fibo 50.0% 🎯,7,BELI,TIDAK ADA,2026-08-24 16:50:01,Biasa / Mengikuti Pasar
16:50,BBNI,Token Mati (Perlu Update),Big Cap (Lapis 1),Undervalued (Murah),6.5943565,0.8295821,3670.0,3588,3450,3780,-1.6085790884718498,28974400,Normal,57,Negatif,Uptrend,Bullish,Strong Bullish,Perfect Uptrend (5>20>50),Normal,Akumulasi (Naik),Normal,Dominan Jual (Guyur),Squeeze,Rendah,Normal,Area Tengah,> 1 Miliar,Persis di VWAP,Akumulasi Pro (Smart Money),Sultan (> 50M/hari),Normal (50-150%),Mark-Up (Fase Pesta),Normal,Normal,Turun 1 Hari Beruntun,TP: 3781 | CL: 3595,Normal,Tidak Ideal (< 1:1),Death Cross (Awal Bearish),Netral / Sepi Berita,Normal / Sedang Transisi,Mendekati Fibo 38.2%,5,WAIT & SEE,TIDAK ADA,2026-08-24 16:50:01,Biasa / Mengikuti Pasar
16:50,BBRI,Token Mati (Perlu Update),Big Cap (Lapis 1),Undervalued (Murah),8.12569,1.4068949,3170.0,3067,2910,3250,-1.8575851393188854,137104900,Normal,61,Negatif,Uptrend,Bullish,Strong Bullish,Perfect Uptrend (5>20>50),Normal,Akumulasi (Naik),Normal,Dominan Jual (Guyur),Normal,Sedang,Normal,Area Tengah,> 1 Miliar,Persis di VWAP,Akumulasi Pro (Smart Money),Sultan (> 50M/hari),Normal (50-150%),Mark-Up (Fase Pesta),Normal,Normal,Turun 1 Hari Beruntun,TP: 3266 | CL: 3105,Normal,Tidak Ideal (< 1:1),Death Cross (Awal Bearish),Sentimen Positif 📰,Normal / Sedang Transisi,Mendekati Fibo 23.6%,6,WAIT & SEE,TIDAK ADA,2026-08-24 16:50:01,Biasa / Mengikuti Pasar
16:50,BBRM,Token Mati (Perlu Update),Small Cap (Lapis 3),Overvalued (Mahal),8.345428,19166.666,115.0,115,107,125,-0.8620689655172413,4259400,Normal,49,Negatif,Downtrend,Bearish,Bearish MACD,Konsolidasi / Transisi,Normal,Distribusi (Turun),Normal,Seimbang / Adu Mekanik,Normal,Sedang,Normal,Area Tengah,< 1 Miliar,Persis di VWAP,Distribusi Pro (Guyuran),Gorengan Sepi (< 5M),Normal (50-150%),Distribution (Fase Jualan),Normal,Normal,Turun 1 Hari Beruntun,TP: 121 | CL: 110,Normal,Menengah (1:1),Netral / Sideways,Sentimen Positif 📰,Normal / Sedang Transisi,Dekat Support Fibo 50.0%,1,WAIT & SEE,TIDAK ADA,2026-08-24 16:50:01,Biasa / Mengikuti Pasar
16:50,BBTN,Token Mati (Perlu Update),Big Cap (Lapis 1),Undervalued (Murah),4.0430813,0.45027977,1205.0,1215,1180,1250,-1.6326530612244898,8583000,Normal,47,Negatif,Downtrend,Bearish,Strong Bearish,Konsolidasi / Transisi,Normal,Distribusi (Turun),Normal,Dominan Jual (Guyur),Squeeze,Rendah,Normal,Dekat Support (Low Risk),> 1 Miliar,Persis di VWAP,Distribusi Pro (Guyuran),Ritel Aktif (5M - 50M),Normal (50-150%),Distribution (Fase Jualan),Normal,Normal,Turun 1 Hari Beruntun,TP: 1240 | CL: 1181,Open = High (Tekanan Jual),Ideal (1:2),Netral / Sideways,Sentimen Positif 📰,Normal / Sedang Transisi,Dekat Support Fibo 61.8% (Golden Ratio),1,WAIT & SEE,TIDAK ADA,2026-08-24 16:50:01,Biasa / Mengikuti Pasar
16:50,BBYB,Token Mati (Perlu Update),Mid Cap (Lapis 2),Undervalued (Murah),5.756053,0.7612465,252.0,253,220,274,-1.5625,19635200,Normal,51,Negatif,Downtrend,Bearish,Bearish MACD,Konsolidasi / Transisi,Normal,Akumulasi (Naik),Normal,Dominan Jual (Guyur),Normal,Sedang,Normal,Rawan Pucuk (High Risk),> 1 Miliar,Di Bawah VWAP (Lemah),Distribusi Pro (Guyuran),Ritel Aktif (5M - 50M),Normal (50-150%),Distribution (Fase Jualan),Spesialis Tiang Jemuran (Banting Pucuk),Normal,Turun 1 Hari Beruntun,TP: 266 | CL: 242,Normal,Tidak Ideal (< 1:1),Netral / Sideways,Sentimen Positif 📰,Normal / Sedang Transisi,Dekat Support Fibo 38.2%,3,WAIT & SEE,TIDAK ADA,2026-08-24 16:50:01,Biasa / Mengikuti Pasar
16:50,BCAP,Token Mati (Perlu Update),Mid Cap (Lapis 2),Undervalued (Murah),7.374631,0.46965998,50.0,50,50,50,0.0,353000,Normal,45,Negatif,Downtrend,Bearish,Bullish MACD,Konsolidasi / Transisi,Normal,Netral,Normal,Tidak Ada Transaksi,Squeeze,Rendah,Doji (Ragu-ragu),Dekat Support (Low Risk),< 1 Miliar,Persis di VWAP,Netral,Gorengan Sepi (< 5M),Normal (50-150%),Sideways,Solid (Jarang Dibanting),Normal,Sideways / Stagnan,TP: 51 | CL: 49,Normal,Di Area Support,Oversold (Jenuh Jual - Peluang),Sentimen Positif 📰,Normal / Sedang Transisi,Golden Rebound Fibo Bottom / 100% 🎯,2,WAIT & SEE,TIDAK ADA,2026-08-24 16:50:01,Biasa / Mengikuti Pasar
16:50,BCIC,Token Mati (Perlu Update),Mid Cap (Lapis 2),Fair Value (Wajar),0.0,0.5912131,128.0,127,122,144,-1.5384615384615385,784000,Normal,52,Negatif,Uptrend,Bullish,Bearish MACD,Perfect Uptrend (5>20>50),Normal,Akumulasi (Naik),Normal,Seimbang / Adu Mekanik,Squeeze,Rendah,Normal,Area Tengah,< 1 Miliar,Di Bawah VWAP (Lemah),Akumulasi Pro (Smart Money),Gorengan Sepi (< 5M),Sepi (< 50%),Mark-Up (Fase Pesta),Spesialis Tiang Jemuran (Banting Pucuk),Normal,Turun 1 Hari Beruntun,TP: 138 | CL: 121,Open = High (Tekanan Jual),Ideal (1:2),Netral / Sideways,Sentimen Positif 📰,Supply Kering (Siap Pump) 🏜️,Golden Rebound Fibo 50.0% 🎯,5,WAIT & SEE,TIDAK ADA,2026-08-24 16:50:01,Biasa / Mengikuti Pasar
16:50,BCIP,Token Mati (Perlu Update),Small Cap (Lapis 3),Undervalued (Murah),4.5323744,0.1775213,63.0,63,61,65,-3.076923076923077,10858200,Tembus MA20,51,Negatif,Downtrend,Bullish,Bearish MACD,Perfect Uptrend (5>20>50),Normal,Akumulasi (Naik),Normal,Seimbang / Adu Mekanik,Squeeze,Rendah,Normal,Area Tengah,< 1 Miliar,Di Bawah VWAP (Lemah),Akumulasi Pro (Smart Money),Gorengan Sepi (< 5M),Normal (50-150%),Distribution (Fase Jualan),Normal,Normal,Turun 1 Hari Beruntun,TP: 66 | CL: 60,Open = High (Tekanan Jual),Menengah (1:1),Netral / Sideways,Sentimen Positif 📰,Normal / Sedang Transisi,Mendekati Fibo 38.2%,5,WAIT & SEE,TIDAK ADA,2026-08-24 16:50:01,Biasa / Mengikuti Pasar
16:50,BDMN,Token Mati (Perlu Update),Big Cap (Lapis 1),Undervalued (Murah),9.165275,0.7700886,4280.0,4237,4010,4680,-0.46511627906976744,2370500,Tembus MA20,53,Negatif,Uptrend,Bullish,Bearish MACD,Perfect Uptrend (5>20>50),Normal,Akumulasi (Naik),Normal,Dominan Jual (Guyur),Normal,Sedang,Normal,Area Tengah,> 1 Miliar,Persis di VWAP,Distribusi Pro (Guyuran),Ritel Aktif (5M - 50M),Normal (50-150%),Mark-Up (Fase Pesta),Normal,Normal,Turun 1 Hari Beruntun,TP: 4479 | CL: 4147,Open = High (Tekanan Jual),Menengah (1:1),Netral / Sideways,Sentimen Positif 📰,Normal / Sedang Transisi,Dekat Support Fibo 50.0%,6,WAIT & SEE,TIDAK ADA,2026-08-24 16:50:01,Biasa / Mengikuti Pasar
16:50,BEKS,Token Mati (Perlu Update),Mid Cap (Lapis 2),Fair Value (Wajar),17.692308,0.6303615,23.0,22,20,24,0.0,4911500,Normal,54,Negatif,Uptrend,Bullish,Strong Bullish,Perfect Uptrend (5>20>50),Normal,Distribusi (Turun),Normal,Tidak Ada Transaksi,Normal,Tinggi,Doji (Ragu-ragu),Rawan Pucuk (High Risk),< 1 Miliar,Di Bawah VWAP (Lemah),Distribusi Pro (Guyuran),Gorengan Sepi (< 5M),Sepi (< 50%),Mark-Up (Fase Pesta),Normal,Normal,Sideways / Stagnan,TP: 23 | CL: 22,Normal,Tidak Ideal (< 1:1),Netral / Sideways,Netral / Sepi Berita,Normal / Sedang Transisi,Dekat Support Fibo 23.6%,4,WAIT & SEE,TIDAK ADA,2026-08-24 16:50:01,Biasa / Mengikuti Pasar
16:50,BEST,Token Mati (Perlu Update),Mid Cap (Lapis 2),Undervalued (Murah),5.2195525,0.26426563,126.0,111,98,131,2.4390243902439024,92417000,Tembus MA20,69,Positif,Uptrend,Bullish,Strong Bullish,Perfect Uptrend (5>20>50),Akumulasi Kuat,Akumulasi (Naik),Normal,Seimbang / Adu Mekanik,Normal,Tinggi,Normal,Rawan Pucuk (High Risk),> 1 Miliar,Di Atas VWAP (Kuat),Akumulasi Pro (Smart Money),Ritel Aktif (5M - 50M),Anomali Tinggi (150-300%),Mark-Up (Fase Pesta),Spesialis Tiang Jemuran (Banting Pucuk),Normal,Naik 1 Hari Beruntun,TP: 135 | CL: 120,Open = Low (Bullish Kuat),Tidak Ideal (< 1:1),Death Cross (Awal Bearish),Sentimen Negatif ⚠️,Normal / Sedang Transisi,Mendekati Fibo 23.6%,8,BELI,TIDAK ADA,2026-08-24 16:50:01,Biasa / Mengikuti Pasar
16:50,BFIN,Token Mati (Perlu Update),Big Cap (Lapis 1),Undervalued (Murah),7.918133,1.1521949,850.0,893,750,960,-3.4090909090909087,29355900,Normal,47,Negatif,Downtrend,Death Cross,Bearish MACD,Konsolidasi / Transisi,Normal,Distribusi (Turun),Normal,Dominan Jual (Guyur),Normal,Tinggi,Normal,Rawan Pucuk (High Risk),> 1 Miliar,Di Bawah VWAP (Lemah),Distribusi Pro (Guyuran),Ritel Aktif (5M - 50M),Normal (50-150%),Distribution (Fase Jualan),Normal,Normal,Turun 4 Hari Beruntun,TP: 900 | CL: 816,Open = High (Tekanan Jual),Menengah (1:1),Oversold (Jenuh Jual - Peluang),Sentimen Positif 📰,Normal / Sedang Transisi,Mendekati Fibo 38.2%,1,WAIT & SEE,TIDAK ADA,2026-08-24 16:50:01,Biasa / Mengikuti Pasar
16:50,BGTG,Token Mati (Perlu Update),Mid Cap (Lapis 2),Undervalued (Murah),11.375388,0.70089585,110.0,110,105,117,-0.9009009009009009,2936700,Normal,49,Negatif,Downtrend,Bearish,Bearish MACD,Konsolidasi / Transisi,Normal,Distribusi (Turun),Normal,Dominan Jual (Guyur),Normal,Sedang,Normal,Area Tengah,< 1 Miliar,Persis di VWAP,Akumulasi Pro (Smart Money),Gorengan Sepi (< 5M),Normal (50-150%),Distribution (Fase Jualan),Normal,Normal,Turun 2 Hari Beruntun,TP: 115 | CL: 106,Normal,Menengah (1:1),Netral / Sideways,Sentimen Positif 📰,Normal / Sedang Transisi,Mendekati Fibo 38.2%,1,WAIT & SEE,TIDAK ADA,2026-08-24 16:50:01,Biasa / Mengikuti Pasar
16:50,BHIT,Token Mati (Perlu Update),Mid Cap (Lapis 2),Undervalued (Murah),5.7522125,0.13192679,26.0,25,25,27,0.0,3216800,Normal,50,Negatif,Uptrend,Bearish,Bullish MACD,Konsolidasi / Transisi,Normal,Akumulasi (Naik),Normal,Dominan Beli (Hajar Kanan),Normal,Sedang,Doji (Ragu-ragu),Area Tengah,< 1 Miliar,Di Atas VWAP (Kuat),Akumulasi Pro (Smart Money),Gorengan Sepi (< 5M),Sepi (< 50%),Accumulation (Kumpul Barang),Normal,Jarum Bawah (Sinyal Pantulan Kuat),Sideways / Stagnan,TP: 26 | CL: 25,Normal,Menengah (1:1),Netral / Sideways,Netral / Sepi Berita,Normal / Sedang Transisi,Mendekati Fibo 78.6%,4,WAIT & SEE,TIDAK ADA,2026-08-24 16:50:01,Biasa / Mengikuti Pasar
16:50,BIKA,Token Mati (Perlu Update),Small Cap (Lapis 3),Fair Value (Wajar),0.5161944,-0.19020678,55.0,55,55,55,0.0,0,Normal,0,Negatif,Downtrend,Bearish,Bearish MACD,Konsolidasi / Transisi,Normal,Netral,Normal,Tidak Ada Transaksi,Squeeze,Rendah,Doji (Ragu-ragu),Dekat Support (Low Risk),< 1 Miliar,Di Atas VWAP (Kuat),Netral,Gorengan Sepi (< 5M),Normal (50-150%),Sideways,Solid (Jarang Dibanting),Normal,Sideways / Stagnan,TP: 56 | CL: 54,Normal,Di Area Support,Oversold (Jenuh Jual - Peluang),Netral / Sepi Berita,Normal / Sedang Transisi,Normal / Sideways,0,WAIT & SEE,TIDAK ADA,2026-08-24 16:50:01,Biasa / Mengikuti Pasar
16:50,BIMA,Token Mati (Perlu Update),Small Cap (Lapis 3),Fair Value (Wajar),0.0,2.058233,82.0,82,82,82,0.0,0,Normal,0,Negatif,Downtrend,Bearish,Bearish MACD,Konsolidasi / Transisi,Normal,Netral,Normal,Tidak Ada Transaksi,Squeeze,Rendah,Doji (Ragu-ragu),Dekat Support (Low Risk),< 1 Miliar,Di Atas VWAP (Kuat),Netral,Gorengan Sepi (< 5M),Normal (50-150%),Sideways,Solid (Jarang Dibanting),Normal,Sideways / Stagnan,TP: 83 | CL: 81,Normal,Di Area Support,Oversold (Jenuh Jual - Peluang),Netral / Sepi Berita,Normal / Sedang Transisi,Normal / Sideways,0,WAIT & SEE,TIDAK ADA,2026-08-24 16:50:01,Biasa / Mengikuti Pasar
16:50,BINA,Token Mati (Perlu Update),Big Cap (Lapis 1),Overvalued (Mahal),0.0,8.610027,4170.0,4124,3950,4400,0.0,306900,Normal,54,Negatif,Uptrend,Bullish,Strong Bullish,Perfect Uptrend (5>20>50),Normal,Akumulasi (Naik),Normal,Seimbang / Adu Mekanik,Normal,Sedang,Doji (Ragu-ragu),Area Tengah,> 1 Miliar,Persis di VWAP,Akumulasi Pro (Smart Money),Gorengan Sepi (< 5M),Normal (50-150%),Mark-Up (Fase Pesta),Normal,Normal,Sideways / Stagnan,TP: 4361 | CL: 4042,Normal,Menengah (1:1),Netral / Sideways,Sentimen Positif 📰,Normal / Sedang Transisi,Dekat Support Fibo 23.6%,6,WAIT & SEE,TIDAK ADA,2026-08-24 16:50:01,Biasa / Mengikuti Pasar
16:50,BIPI,Token Mati (Perlu Update),Mid Cap (Lapis 2),Overvalued (Mahal),34.490738,21285.713,149.0,148,132,164,-1.9736842105263157,433198800,Normal,50,Negatif,Uptrend,Bullish,Bearish MACD,Perfect Uptrend (5>20>50),Normal,Akumulasi (Naik),Normal,Dominan Jual (Guyur),Normal,Tinggi,Normal,Rawan Pucuk (High Risk),> 1 Miliar,Di Bawah VWAP (Lemah),Distribusi Pro (Guyuran),Sultan (> 50M/hari),Normal (50-150%),Mark-Up (Fase Pesta),Spesialis Tiang Jemuran (Banting Pucuk),Normal,Turun 1 Hari Beruntun,TP: 161 | CL: 140,Normal,Tidak Ideal (< 1:1),Netral / Sideways,Sentimen Negatif ⚠️,Normal / Sedang Transisi,Mengambang (Jauh dari Fibo),3,WAIT & SEE,TIDAK ADA,2026-08-24 16:50:01,🔥 ANOMALI BANDAR (Siap Ledakan)
16:50,BIPP,Token Mati (Perlu Update),Small Cap (Lapis 3),Fair Value (Wajar),0.0,0.4382313,70.0,66,58,79,0.0,10834300,Normal,55,Negatif,Uptrend,Bullish,Strong Bullish,Perfect Uptrend (5>20>50),Normal,Akumulasi (Naik),Normal,Dominan Jual (Guyur),Normal,Tinggi,Normal,Rawan Pucuk (High Risk),< 1 Miliar,Di Bawah VWAP (Lemah),Akumulasi Pro (Smart Money),Ritel Aktif (5M - 50M),Sepi (< 50%),Mark-Up (Fase Pesta),Spesialis Tiang Jemuran (Banting Pucuk),Normal,Sideways / Stagnan,TP: 79 | CL: 63,Normal,Tidak Ideal (< 1:1),Netral / Sideways,Netral / Sepi Berita,Supply Banjir (Distribusi) 🌊,Mendekati Fibo 38.2%,5,WAIT & SEE,TIDAK ADA,2026-08-24 16:50:01,Biasa / Mengikuti Pasar
16:50,BIRD,Token Mati (Perlu Update),Mid Cap (Lapis 2),Undervalued (Murah),6.570726,0.667106,1635.0,1621,1580,1670,-0.60790273556231,982800,Tembus MA20,58,Negatif,Uptrend,Bullish,Bearish MACD,Perfect Uptrend (5>20>50),Normal,Distribusi (Turun),Normal,Seimbang / Adu Mekanik,Squeeze,Rendah,Normal,Area Tengah,> 1 Miliar,Persis di VWAP,Distribusi Pro (Guyuran),Gorengan Sepi (< 5M),Normal (50-150%),Mark-Up (Fase Pesta),Normal,Normal,Turun 3 Hari Beruntun,TP: 1669 | CL: 1611,Open = High (Tekanan Jual),Tidak Ideal (< 1:1),Death Cross (Awal Bearish),Sentimen Positif 📰,Normal / Sedang Transisi,Mendekati Fibo 23.6%,5,WAIT & SEE,TIDAK ADA,2026-08-24 16:50:01,Biasa / Mengikuti Pasar
16:50,BISI,Token Mati (Perlu Update),Mid Cap (Lapis 2),Undervalued (Murah),8.597397,0.59322584,700.0,677,630,705,1.4492753623188406,190200,Normal,63,Positif,Uptrend,Bullish,Strong Bullish,Perfect Uptrend (5>20>50),Normal,Akumulasi (Naik),Normal,Seimbang / Adu Mekanik,Normal,Sedang,Normal,Rawan Pucuk (High Risk),< 1 Miliar,Di Atas VWAP (Kuat),Akumulasi Pro (Smart Money),Gorengan Sepi (< 5M),Normal (50-150%),Mark-Up (Fase Pesta),Normal,Normal,Naik 3 Hari Beruntun,TP: 724 | CL: 683,Normal,Tidak Ideal (< 1:1),Overbought (Jenuh Beli - Rawan),Sentimen Positif 📰,Normal / Sedang Transisi,Dekat Support Fibo 38.2%,7,BELI,TIDAK ADA,2026-08-24 16:50:01,Biasa / Mengikuti Pasar
16:50,BJBR,Token Mati (Perlu Update),Mid Cap (Lapis 2),Undervalued (Murah),5.7969956,0.517405,795.0,787,770,795,0.6329113924050633,1598200,Normal,58,Positif,Uptrend,Bullish,Bearish MACD,Perfect Uptrend (5>20>50),Normal,Akumulasi (Naik),Normal,Dominan Beli (Hajar Kanan),Squeeze,Rendah,Marubozu (Strong Bullish),Area Tengah,> 1 Miliar,Persis di VWAP,Akumulasi Pro (Smart Money),Gorengan Sepi (< 5M),Normal (50-150%),Mark-Up (Fase Pesta),Normal,Normal,Naik 1 Hari Beruntun,TP: 809 | CL: 785,Open = Low (Bullish Kuat),Tidak Ideal (< 1:1),Netral / Sideways,Sentimen Positif 📰,Normal / Sedang Transisi,Dekat Support Fibo 23.6%,7,BELI,TIDAK ADA,2026-08-24 16:50:01,Biasa / Mengikuti Pasar
16:50,BJTM,Token Mati (Perlu Update),Mid Cap (Lapis 2),Undervalued (Murah),4.982752,0.5991501,520.0,516,510,525,0.0,5232800,Normal,55,Negatif,Uptrend,Bullish,Strong Bullish,Perfect Uptrend (5>20>50),Normal,Akumulasi (Naik),Normal,Dominan Beli (Hajar Kanan),Squeeze,Rendah,Doji (Ragu-ragu),Dekat Support (Low Risk),> 1 Miliar,Persis di VWAP,Akumulasi Pro (Smart Money),Gorengan Sepi (< 5M),Normal (50-150%),Mark-Up (Fase Pesta),Normal,Jarum Bawah (Sinyal Pantulan Kuat),Sideways / Stagnan,TP: 530 | CL: 513,Normal,Tidak Ideal (< 1:1),Netral / Sideways,Sentimen Positif 📰,Normal / Sedang Transisi,Golden Rebound Fibo 38.2% 🎯,7,BELI,TIDAK ADA,2026-08-24 16:50:01,Biasa / Mengikuti Pasar
16:50,BKDP,Token Mati (Perlu Update),Mid Cap (Lapis 2),Overvalued (Mahal),0.0,4.2375007,169.0,167,141,180,0.0,0,Normal,68,Negatif,Uptrend,Bullish,Bearish MACD,Perfect Uptrend (5>20>50),Normal,Netral,Normal,Tidak Ada Transaksi,Normal,Sedang,Doji (Ragu-ragu),Rawan Pucuk (High Risk),< 1 Miliar,Di Atas VWAP (Kuat),Netral,Gorengan Sepi (< 5M),Normal (50-150%),Mark-Up (Fase Pesta),Solid (Jarang Dibanting),Normal,Sideways / Stagnan,TP: 170 | CL: 168,Normal,Tidak Ideal (< 1:1),Oversold (Jenuh Jual - Peluang),Netral / Sepi Berita,Normal / Sedang Transisi,Mengambang (Jauh dari Fibo),3,WAIT & SEE,TIDAK ADA,2026-08-24 16:50:01,Biasa / Mengikuti Pasar
16:50,BKSL,Token Mati (Perlu Update),Big Cap (Lapis 1),Undervalued (Murah),14.259259,0.84246,77.0,72,63,82,0.0,151609100,Normal,61,Negatif,Uptrend,Bullish,Strong Bullish,Perfect Uptrend (5>20>50),Normal,Akumulasi (Naik),Normal,Seimbang / Adu Mekanik,Normal,Tinggi,Doji (Ragu-ragu),Rawan Pucuk (High Risk),> 1 Miliar,Di Bawah VWAP (Lemah),Akumulasi Pro (Smart Money),Ritel Aktif (5M - 50M),Normal (50-150%),Mark-Up (Fase Pesta),Normal,Jarum Bawah (Sinyal Pantulan Kuat),Sideways / Stagnan,TP: 84 | CL: 72,Normal,Tidak Ideal (< 1:1),Death Cross (Awal Bearish),Netral / Sepi Berita,Normal / Sedang Transisi,Golden Rebound Fibo 23.6% 🎯,5,WAIT & SEE,TIDAK ADA,2026-08-24 16:50:01,Biasa / Mengikuti Pasar
16:50,BKSW,Token Mati (Perlu Update),Mid Cap (Lapis 2),Fair Value (Wajar),0.0,0.3818537,51.0,52,51,54,-1.9230769230769231,3581300,Tembus MA20,43,Negatif,Downtrend,Bearish,Strong Bearish,Konsolidasi / Transisi,Normal,Distribusi (Turun),Normal,Dominan Jual (Guyur),Squeeze,Rendah,Normal,Dekat Support (Low Risk),< 1 Miliar,Di Bawah VWAP (Lemah),Distribusi Pro (Guyuran),Gorengan Sepi (< 5M),Anomali Tinggi (150-300%),Distribution (Fase Jualan),Normal,Normal,Turun 2 Hari Beruntun,TP: 53 | CL: 49,Open = High (Tekanan Jual),Di Area Support,Netral / Sideways,Netral / Sepi Berita,Normal / Sedang Transisi,Dekat Support Fibo Bottom / 100%,1,WAIT & SEE,TIDAK ADA,2026-08-24 16:50:01,Biasa / Mengikuti Pasar
16:50,BLTA,Token Mati (Perlu Update),Small Cap (Lapis 3),Overvalued (Mahal),29.357798,10666.667,32.0,32,32,34,0.0,3229500,Normal,42,Negatif,Downtrend,Bearish,Strong Bearish,Strong Downtrend (5<20<50),Normal,Distribusi (Turun),Gap Up (+3.1%),Dominan Jual (Guyur),Squeeze,Rendah,Normal,Dekat Support (Low Risk),< 1 Miliar,Di Bawah VWAP (Lemah),Distribusi Pro (Guyuran),Gorengan Sepi (< 5M),Normal (50-150%),Mark-Down (Fase Runtuh),Spesialis Tiang Jemuran (Banting Pucuk),Normal,Sideways / Stagnan,TP: 33 | CL: 31,Open = High (Tekanan Jual),Di Area Support,Oversold (Jenuh Jual - Peluang),Netral / Sepi Berita,Normal / Sedang Transisi,Mendekati Fibo 78.6%,1,WAIT & SEE,TIDAK ADA,2026-08-24 16:50:01,Biasa / Mengikuti Pasar
16:50,BLTZ,Token Mati (Perlu Update),Mid Cap (Lapis 2),Overvalued (Mahal),25.322865,4.1049557,2000.0,2395,2000,2540,-9.090909090909092,300,Tembus MA20,1,Negatif,Downtrend,Bearish,Strong Bearish,Strong Downtrend (5<20<50),Normal,Distribusi (Turun),Gap Down (-9.1%),Tidak Ada Transaksi,Normal,Tinggi,Doji (Ragu-ragu),Dekat Support (Low Risk),< 1 Miliar,Di Bawah VWAP (Lemah),Akumulasi Pro (Smart Money),Gorengan Sepi (< 5M),Normal (50-150%),Mark-Down (Fase Runtuh),Solid (Jarang Dibanting),Normal,Turun 1 Hari Beruntun,TP: 2058 | CL: 1960,Normal,Di Area Support,Oversold (Jenuh Jual - Peluang),Netral / Sepi Berita,Normal / Sedang Transisi,Golden Rebound Fibo Bottom / 100% 🎯,1,WAIT & SEE,TIDAK ADA,2026-08-24 16:50:01,🔥 ANOMALI BANDAR (Siap Ledakan)
16:50,BMAS,Token Mati (Perlu Update),Mid Cap (Lapis 2),Overvalued (Mahal),2600.0,1.4473553,520.0,491,464,610,4.0,1058800,Tembus MA20,63,Positif,Uptrend,Bullish,Strong Bullish,Perfect Uptrend (5>20>50),Distribusi Kuat,Akumulasi (Naik),Gap Up (+5.0%),Dominan Jual (Guyur),Breakout Upper,Sedang,Normal,Rawan Pucuk (High Risk),< 1 Miliar,Di Atas VWAP (Kuat),Distribusi Pro (Guyuran),Gorengan Sepi (< 5M),Anomali Tinggi (150-300%),Mark-Up (Fase Pesta),Spesialis Tiang Jemuran (Banting Pucuk),Normal,Naik 3 Hari Beruntun,TP: 588 | CL: 474,Normal,Ideal (1:2),Golden Cross (Awal Bullish),Netral / Sepi Berita,Normal / Sedang Transisi,Dekat Support Fibo 61.8% (Golden Ratio),8,BELI,TIDAK ADA,2026-08-24 16:50:01,Biasa / Mengikuti Pasar
16:50,BMRI,Token Mati (Perlu Update),Big Cap (Lapis 1),Undervalued (Murah),6.265176,1.3708446,4190.0,4168,4060,4280,-0.7109004739336493,75269900,Normal,51,Negatif,Uptrend,Bullish,Strong Bearish,Awal Reversal (5>20),Normal,Distribusi (Turun),Normal,Seimbang / Adu Mekanik,Squeeze,Rendah,Normal,Area Tengah,> 1 Miliar,Persis di VWAP,Distribusi Pro (Guyuran),Sultan (> 50M/hari),Normal (50-150%),Accumulation (Kumpul Barang),Normal,Normal,Turun 1 Hari Beruntun,TP: 4296 | CL: 4119,Open = High (Tekanan Jual),Tidak Ideal (< 1:1),Netral / Sideways,Sentimen Negatif ⚠️,Normal / Sedang Transisi,Dekat Support Fibo 50.0%,3,WAIT & SEE,TIDAK ADA,2026-08-24 16:50:01,Biasa / Mengikuti Pasar
16:50,BMSR,Token Mati (Perlu Update),Small Cap (Lapis 3),Undervalued (Murah),3.170116,0.379392,314.0,308,300,322,1.948051948051948,14300,Normal,56,Positif,Uptrend,Golden Cross,Strong Bullish,Perfect Uptrend (5>20>50),Normal,Akumulasi (Naik),Gap Up (+3.9%),Seimbang / Adu Mekanik,Squeeze,Rendah,Normal,Area Tengah,< 1 Miliar,Di Atas VWAP (Kuat),Akumulasi Pro (Smart Money),Gorengan Sepi (< 5M),Sepi (< 50%),Mark-Up (Fase Pesta),Normal,Normal,Naik 1 Hari Beruntun,TP: 324 | CL: 306,Open = High (Tekanan Jual),Tidak Ideal (< 1:1),Netral / Sideways,Sentimen Positif 📰,Normal / Sedang Transisi,Mendekati Fibo 50.0%,8,BELI,TIDAK ADA,2026-08-24 16:50:01,Biasa / Mengikuti Pasar
16:50,BMTR,Token Mati (Perlu Update),Mid Cap (Lapis 2),Undervalued (Murah),2.9040406,0.11706205,115.0,115,110,118,-1.7094017094017095,67309800,Tembus MA20,48,Negatif,Downtrend,Bullish,Bullish MACD,Awal Reversal (5>20),Normal,Distribusi (Turun),Normal,Seimbang / Adu Mekanik,Squeeze,Rendah,Normal,Area Tengah,> 1 Miliar,Persis di VWAP,Akumulasi Pro (Smart Money),Ritel Aktif (5M - 50M),Normal (50-150%),Mark-Down (Fase Runtuh),Solid (Jarang Dibanting),Normal,Turun 1 Hari Beruntun,TP: 119 | CL: 111,Open = High (Tekanan Jual),Tidak Ideal (< 1:1),Netral / Sideways,Sentimen Negatif ⚠️,Normal / Sedang Transisi,Dekat Support Fibo 61.8% (Golden Ratio),3,WAIT & SEE,TIDAK ADA,2026-08-24 16:50:01,Biasa / Mengikuti Pasar
16:50,BNBA,Token Mati (Perlu Update),Mid Cap (Lapis 2),Overvalued (Mahal),134.25926,0.7543762,725.0,736,720,775,-0.684931506849315,58500,Normal,45,Negatif,Downtrend,Bearish,Strong Bearish,Strong Downtrend (5<20<50),Normal,Distribusi (Turun),Normal,Seimbang / Adu Mekanik,Squeeze,Rendah,Normal,Dekat Support (Low Risk),< 1 Miliar,Di Bawah VWAP (Lemah),Akumulasi Pro (Smart Money),Gorengan Sepi (< 5M),Sepi (< 50%),Mark-Down (Fase Runtuh),Normal,Normal,Turun 3 Hari Beruntun,TP: 746 | CL: 710,Open = High (Tekanan Jual),Sangat Menarik (> 1:3),Netral / Sideways,Sentimen Positif 📰,Normal / Sedang Transisi,Mendekati Fibo 61.8% (Golden Ratio),1,WAIT & SEE,TIDAK ADA,2026-08-24 16:50:01,Biasa / Mengikuti Pasar
16:50,BNBR,Token Mati (Perlu Update),Big Cap (Lapis 1),Overvalued (Mahal),45.90909,4.52793,101.0,100,88,113,-1.9417475728155338,1082579000,Normal,51,Negatif,Uptrend,Bullish,Bearish MACD,Perfect Uptrend (5>20>50),Normal,Distribusi (Turun),Normal,Dominan Jual (Guyur),Normal,Tinggi,Normal,Rawan Pucuk (High Risk),> 1 Miliar,Di Bawah VWAP (Lemah),Distribusi Pro (Guyuran),Sultan (> 50M/hari),Normal (50-150%),Mark-Up (Fase Pesta),Normal,Normal,Turun 2 Hari Beruntun,TP: 110 | CL: 94,Normal,Tidak Ideal (< 1:1),Netral / Sideways,Netral / Sepi Berita,Normal / Sedang Transisi,Mendekati Fibo 61.8% (Golden Ratio),3,WAIT & SEE,TIDAK ADA,2026-08-24 16:50:01,🔥 ANOMALI BANDAR (Siap Ledakan)
16:50,BNGA,Token Mati (Perlu Update),Big Cap (Lapis 1),Undervalued (Murah),6.141605,0.7505234,1675.0,1653,1620,1690,0.6006006006006006,1239800,Normal,62,Positif,Uptrend,Bullish,Strong Bullish,Perfect Uptrend (5>20>50),Normal,Akumulasi (Naik),Normal,Dominan Beli (Hajar Kanan),Squeeze,Rendah,Normal,Area Tengah,> 1 Miliar,Persis di VWAP,Akumulasi Pro (Smart Money),Gorengan Sepi (< 5M),Normal (50-150%),Mark-Up (Fase Pesta),Spesialis Tiang Jemuran (Banting Pucuk),Normal,Naik 1 Hari Beruntun,TP: 1703 | CL: 1656,Normal,Tidak Ideal (< 1:1),Netral / Sideways,Sentimen Positif 📰,Normal / Sedang Transisi,Mendekati Fibo 23.6%,8,BELI,TIDAK ADA,2026-08-24 16:50:01,Biasa / Mengikuti Pasar
16:50,BNII,Token Mati (Perlu Update),Big Cap (Lapis 1),Undervalued (Murah),8.222698,0.4627956,192.0,192,186,197,-0.5181347150259068,503500,Normal,50,Negatif,Downtrend,Bullish,Bearish MACD,Perfect Uptrend (5>20>50),Normal,Distribusi (Turun),Normal,Seimbang / Adu Mekanik,Squeeze,Rendah,Normal,Area Tengah,< 1 Miliar,Persis di VWAP,Akumulasi Pro (Smart Money),Gorengan Sepi (< 5M),Normal (50-150%),Distribution (Fase Jualan),Normal,Normal,Turun 1 Hari Beruntun,TP: 196 | CL: 189,Normal,Tidak Ideal (< 1:1),Netral / Sideways,Sentimen Positif 📰,Normal / Sedang Transisi,Dekat Support Fibo 38.2%,2,WAIT & SEE,TIDAK ADA,2026-08-24 16:50:01,Biasa / Mengikuti Pasar
16:50,BNLI,Token Mati (Perlu Update),Big Cap (Lapis 1),Fair Value (Wajar),21.080498,1.7229234,2150.0,2187,2000,2370,-0.9216589861751152,64600,Normal,36,Negatif,Downtrend,Bearish,Bullish MACD,Strong Downtrend (5<20<50),Normal,Akumulasi (Naik),Normal,Dominan Jual (Guyur),Normal,Sedang,Normal,Area Tengah,< 1 Miliar,Persis di VWAP,Akumulasi Pro (Smart Money),Gorengan Sepi (< 5M),Normal (50-150%),Mark-Down (Fase Runtuh),Solid (Jarang Dibanting),Normal,Turun 1 Hari Beruntun,TP: 2213 | CL: 2107,Open = High (Tekanan Jual),Menengah (1:1),Death Cross (Awal Bearish),Sentimen Positif 📰,Supply Kering (Siap Pump) 🏜️,Mengambang (Jauh dari Fibo),3,WAIT & SEE,TIDAK ADA,2026-08-24 16:50:01,Biasa / Mengikuti Pasar
16:50,BOLT,Token Mati (Perlu Update),Mid Cap (Lapis 2),Fair Value (Wajar),12.54902,2.22105,800.0,795,770,810,1.2658227848101267,11500,Tembus MA20,55,Positif,Uptrend,Bearish,Bearish MACD,Konsolidasi / Transisi,Normal,Akumulasi (Naik),Normal,Dominan Beli (Hajar Kanan),Squeeze,Rendah,Normal,Area Tengah,< 1 Miliar,Persis di VWAP,Distribusi Pro (Guyuran),Gorengan Sepi (< 5M),Normal (50-150%),Mark-Up (Fase Pesta),Normal,Normal,Naik 1 Hari Beruntun,TP: 816 | CL: 789,Normal,Tidak Ideal (< 1:1),Netral / Sideways,Sentimen Positif 📰,Normal / Sedang Transisi,Dekat Support Fibo 38.2%,7,BELI,TIDAK ADA,2026-08-24 16:50:01,Biasa / Mengikuti Pasar
16:50,BPFI,Token Mati (Perlu Update),Small Cap (Lapis 3),Undervalued (Murah),6.263048,0.52012223,242.0,259,234,286,-5.46875,3458400,Tembus MA20,38,Negatif,Downtrend,Bearish,Strong Bearish,Konsolidasi / Transisi,Distribusi Kuat,Distribusi (Turun),Normal,Seimbang / Adu Mekanik,Normal,Sedang,Normal,Area Tengah,< 1 Miliar,Di Bawah VWAP (Lemah),Distribusi Pro (Guyuran),Gorengan Sepi (< 5M),Ledakan Ekstrem (> 300%),Distribution (Fase Jualan),Normal,Normal,Turun 1 Hari Beruntun,TP: 263 | CL: 228,Open = High (Tekanan Jual),Sangat Menarik (> 1:3),Oversold (Jenuh Jual - Peluang),Sentimen Positif 📰,Supply Banjir (Distribusi) 🌊,Mendekati Fibo 78.6%,2,WAIT & SEE,TIDAK ADA,2026-08-24 16:50:01,Biasa / Mengikuti Pasar
16:50,BPII,Token Mati (Perlu Update),Mid Cap (Lapis 2),Overvalued (Mahal),56.97941,3.4811056,498.0,456,432,620,-1.3861386138613863,95700,Tembus MA20,66,Negatif,Uptrend,Bullish,Strong Bullish,Perfect Uptrend (5>20>50),Normal,Akumulasi (Naik),Normal,Dominan Jual (Guyur),Normal,Tinggi,Normal,Rawan Pucuk (High Risk),< 1 Miliar,Di Bawah VWAP (Lemah),Distribusi Pro (Guyuran),Gorengan Sepi (< 5M),Normal (50-150%),Mark-Up (Fase Pesta),Spesialis Tiang Jemuran (Banting Pucuk),Normal,Turun 2 Hari Beruntun,TP: 557 | CL: 458,Open = High (Tekanan Jual),Ideal (1:2),Netral / Sideways,Sentimen Positif 📰,Supply Banjir (Distribusi) 🌊,Dekat Support Fibo 61.8% (Golden Ratio),7,BELI,TIDAK ADA,2026-08-24 16:50:01,Biasa / Mengikuti Pasar
16:50,BRAM,Token Mati (Perlu Update),Mid Cap (Lapis 2),Overvalued (Mahal),19.89373,9852.632,4680.0,4541,4450,4790,0.8620689655172413,400,Normal,60,Positif,Uptrend,Bullish,Strong Bullish,Perfect Uptrend (5>20>50),Normal,Distribusi (Turun),Gap Down (-3.0%),Dominan Beli (Hajar Kanan),Squeeze,Rendah,Marubozu (Strong Bullish),Area Tengah,< 1 Miliar,Di Atas VWAP (Kuat),Distribusi Pro (Guyuran),Gorengan Sepi (< 5M),Sepi (< 50%),Mark-Up (Fase Pesta),Normal,Normal,Naik 2 Hari Beruntun,TP: 4884 | CL: 4543,Open = Low (Bullish Kuat),Tidak Ideal (< 1:1),Netral / Sideways,Sentimen Positif 📰,Supply Kering (Siap Pump) 🏜️,Golden Rebound Fibo 38.2% 🎯,7,BELI,TIDAK ADA,2026-08-24 16:50:01,Biasa / Mengikuti Pasar
16:50,BRMS,Token Mati (Perlu Update),Big Cap (Lapis 1),Overvalued (Mahal),145.0,80555.56,730.0,612,535,745,5.0359712230215825,507220500,Tembus MA20,73,Positif,Uptrend,Bullish,Strong Bullish,Perfect Uptrend (5>20>50),Normal,Akumulasi (Naik),Normal,Seimbang / Adu Mekanik,Breakout Upper,Tinggi,Normal,Rawan Pucuk (High Risk),> 1 Miliar,Di Atas VWAP (Kuat),Akumulasi Pro (Smart Money),Sultan (> 50M/hari),Normal (50-150%),Mark-Up (Fase Pesta),Spesialis Tiang Jemuran (Banting Pucuk),Normal,Naik 3 Hari Beruntun,TP: 785 | CL: 692,Open = Low (Bullish Kuat),Tidak Ideal (< 1:1),Overbought (Jenuh Beli - Rawan),Sentimen Positif 📰,Normal / Sedang Transisi,Mengambang (Jauh dari Fibo),8,BELI,TIDAK ADA,2026-08-24 16:50:01,⚠️ Anomali (Sudah Terbang)
16:50,BRNA,Token Mati (Perlu Update),Small Cap (Lapis 3),Fair Value (Wajar),0.0,0.61890495,605.0,633,585,750,-4.724409448818897,429100,Tembus MA20,45,Negatif,Downtrend,Bullish,Bearish MACD,Perfect Uptrend (5>20>50),Normal,Distribusi (Turun),Normal,Dominan Jual (Guyur),Normal,Tinggi,Normal,Area Tengah,< 1 Miliar,Di Bawah VWAP (Lemah),Distribusi Pro (Guyuran),Gorengan Sepi (< 5M),Normal (50-150%),Distribution (Fase Jualan),Spesialis Tiang Jemuran (Banting Pucuk),Normal,Turun 5 Hari Beruntun,TP: 699 | CL: 541,Normal,Sangat Menarik (> 1:3),Netral / Sideways,Sentimen Negatif ⚠️,Normal / Sedang Transisi,Mendekati Fibo 78.6%,2,WAIT & SEE,TIDAK ADA,2026-08-24 16:50:01,Biasa / Mengikuti Pasar
16:50,BRPT,Token Mati (Perlu Update),Big Cap (Lapis 1),Overvalued (Mahal),69.606,71346.16,1865.0,1847,1695,1965,-1.3227513227513228,66701000,Normal,55,Negatif,Uptrend,Bullish,Bearish MACD,Perfect Uptrend (5>20>50),Normal,Akumulasi (Naik),Normal,Seimbang / Adu Mekanik,Normal,Sedang,Normal,Rawan Pucuk (High Risk),> 1 Miliar,Persis di VWAP,Distribusi Pro (Guyuran),Sultan (> 50M/hari),Normal (50-150%),Mark-Up (Fase Pesta),Normal,Normal,Turun 1 Hari Beruntun,TP: 1970 | CL: 1794,Normal,Tidak Ideal (< 1:1),Netral / Sideways,Sentimen Positif 📰,Normal / Sedang Transisi,Dekat Support Fibo 38.2%,5,WAIT & SEE,TIDAK ADA,2026-08-24 16:50:01,Biasa / Mengikuti Pasar
16:50,BSDE,Token Mati (Perlu Update),Big Cap (Lapis 1),Undervalued (Murah),7.0762663,0.29396805,630.0,594,555,705,-0.7874015748031495,19478200,Normal,60,Negatif,Uptrend,Bullish,Strong Bullish,Perfect Uptrend (5>20>50),Normal,Akumulasi (Naik),Normal,Seimbang / Adu Mekanik,Normal,Tinggi,Normal,Rawan Pucuk (High Risk),> 1 Miliar,Di Bawah VWAP (Lemah),Distribusi Pro (Guyuran),Ritel Aktif (5M - 50M),Normal (50-150%),Mark-Up (Fase Pesta),Normal,Normal,Turun 3 Hari Beruntun,TP: 669 | CL: 603,Normal,Menengah (1:1),Netral / Sideways,Sentimen Negatif ⚠️,Normal / Sedang Transisi,Mendekati Fibo 50.0%,5,WAIT & SEE,TIDAK ADA,2026-08-24 16:50:01,Biasa / Mengikuti Pasar
16:50,BSIM,Token Mati (Perlu Update),Big Cap (Lapis 1),Overvalued (Mahal),51.636364,1.6797936,710.0,699,685,725,0.7092198581560284,13500,Normal,55,Positif,Uptrend,Bullish,Strong Bullish,Awal Reversal (5>20),Normal,Akumulasi (Naik),Gap Up (+2.1%),Seimbang / Adu Mekanik,Squeeze,Rendah,Normal,Area Tengah,< 1 Miliar,Persis di VWAP,Distribusi Pro (Guyuran),Gorengan Sepi (< 5M),Normal (50-150%),Accumulation (Kumpul Barang),Normal,Normal,Naik 1 Hari Beruntun,TP: 731 | CL: 695,Open = High (Tekanan Jual),Tidak Ideal (< 1:1),Netral / Sideways,Netral / Sepi Berita,Normal / Sedang Transisi,Mendekati Fibo 78.6%,7,BELI,TIDAK ADA,2026-08-24 16:50:01,Biasa / Mengikuti Pasar
16:50,BSSR,Token Mati (Perlu Update),Big Cap (Lapis 1),Overvalued (Mahal),7.3971033,39649.12,4510.0,4345,4200,4520,0.8948545861297539,1353100,Tembus MA20,81,Positif,Uptrend,Bullish,Strong Bullish,Perfect Uptrend (5>20>50),Normal,Akumulasi (Naik),Normal,Dominan Beli (Hajar Kanan),Squeeze,Rendah,Normal,Area Tengah,> 1 Miliar,Di Atas VWAP (Kuat),Akumulasi Pro (Smart Money),Gorengan Sepi (< 5M),Anomali Tinggi (150-300%),Mark-Up (Fase Pesta),Normal,Normal,Naik 2 Hari Beruntun,TP: 4567 | CL: 4471,Open = Low (Bullish Kuat),Tidak Ideal (< 1:1),Overbought (Jenuh Beli - Rawan),Sentimen Positif 📰,Normal / Sedang Transisi,Mendekati Fibo 23.6%,9,BELI,TIDAK ADA,2026-08-24 16:50:01,Biasa / Mengikuti Pasar
16:50,BSWD,Token Mati (Perlu Update),Mid Cap (Lapis 2),Overvalued (Mahal),78.75264,1.5409675,1490.0,1178,1125,1490,0.0,200,Tembus MA20,87,Negatif,Uptrend,Bullish,Strong Bullish,Awal Reversal (5>20),Normal,Akumulasi (Naik),Normal,Tidak Ada Transaksi,Breakout Upper,Tinggi,Doji (Ragu-ragu),Rawan Pucuk (High Risk),< 1 Miliar,Di Atas VWAP (Kuat),Netral,Gorengan Sepi (< 5M),Normal (50-150%),Accumulation (Kumpul Barang),Solid (Jarang Dibanting),Normal,Sideways / Stagnan,TP: 1529 | CL: 1463,Normal,Tidak Ideal (< 1:1),Overbought (Jenuh Beli - Rawan),Sentimen Positif 📰,Normal / Sedang Transisi,Mengambang (Jauh dari Fibo),7,BELI,TIDAK ADA,2026-08-24 16:50:01,Biasa / Mengikuti Pasar
16:50,BTEK,Token Mati (Perlu Update),Small Cap (Lapis 3),Fair Value (Wajar),0.0,2.0300446,10.0,10,10,12,-9.090909090909092,73226500,Normal,45,Negatif,Downtrend,Bearish,Strong Bearish,Strong Downtrend (5<20<50),Normal,Distribusi (Turun),Gap Down (-9.1%),Dominan Jual (Guyur),Normal,Tinggi,Doji (Ragu-ragu),Dekat Support (Low Risk),< 1 Miliar,Di Bawah VWAP (Lemah),Distribusi Pro (Guyuran),Gorengan Sepi (< 5M),Normal (50-150%),Mark-Down (Fase Runtuh),Spesialis Tiang Jemuran (Banting Pucuk),Normal,Turun 1 Hari Beruntun,TP: 11 | CL: 9,Normal,Di Area Support,Netral / Sideways,Netral / Sepi Berita,Normal / Sedang Transisi,Dekat Support Fibo 78.6%,0,WAIT & SEE,TIDAK ADA,2026-08-24 16:50:01,🔥 ANOMALI BANDAR (Siap Ledakan)
16:50,BTON,Token Mati (Perlu Update),Small Cap (Lapis 3),Overvalued (Mahal),26.750355,0.7745079,358.0,362,336,374,-1.6483516483516485,500,Normal,47,Negatif,Downtrend,Bearish,Bearish MACD,Konsolidasi / Transisi,Normal,Akumulasi (Naik),Normal,Dominan Jual (Guyur),Squeeze,Rendah,Normal,Area Tengah,< 1 Miliar,Di Bawah VWAP (Lemah),Akumulasi Pro (Smart Money),Gorengan Sepi (< 5M),Sepi (< 50%),Distribution (Fase Jualan),Solid (Jarang Dibanting),Normal,Turun 1 Hari Beruntun,TP: 376 | CL: 345,Open = High (Tekanan Jual),Tidak Ideal (< 1:1),Netral / Sideways,Sentimen Positif 📰,Normal / Sedang Transisi,Dekat Support Fibo 61.8% (Golden Ratio),2,WAIT & SEE,TIDAK ADA,2026-08-24 16:50:01,Biasa / Mengikuti Pasar
16:50,BTPN,Token Mati (Perlu Update),Big Cap (Lapis 1),Overvalued (Mahal),51.88006,0.47627643,2180.0,2168,2100,2260,-0.9090909090909091,11400,Normal,51,Negatif,Uptrend,Bearish,Bullish MACD,Strong Downtrend (5<20<50),Normal,Akumulasi (Naik),Normal,Seimbang / Adu Mekanik,Squeeze,Rendah,Doji (Ragu-ragu),Area Tengah,< 1 Miliar,Persis di VWAP,Akumulasi Pro (Smart Money),Gorengan Sepi (< 5M),Sepi (< 50%),Accumulation (Kumpul Barang),Normal,Normal,Turun 1 Hari Beruntun,TP: 2267 | CL: 2121,Normal,Menengah (1:1),Netral / Sideways,Sentimen Positif 📰,Normal / Sedang Transisi,Dekat Support Fibo 61.8% (Golden Ratio),5,WAIT & SEE,TIDAK ADA,2026-08-24 16:50:01,Biasa / Mengikuti Pasar
16:50,BUDI,Token Mati (Perlu Update),Small Cap (Lapis 3),Undervalued (Murah),6.020799,0.6076341,218.0,215,204,228,0.0,173200,Normal,58,Negatif,Uptrend,Bullish,Bearish MACD,Perfect Uptrend (5>20>50),Normal,Distribusi (Turun),Normal,Seimbang / Adu Mekanik,Normal,Sedang,Normal,Area Tengah,< 1 Miliar,Persis di VWAP,Akumulasi Pro (Smart Money),Gorengan Sepi (< 5M),Sepi (< 50%),Mark-Up (Fase Pesta),Spesialis Tiang Jemuran (Banting Pucuk),Normal,Sideways / Stagnan,TP: 228 | CL: 211,Open = Low (Bullish Kuat),Tidak Ideal (< 1:1),Netral / Sideways,Sentimen Positif 📰,Normal / Sedang Transisi,Dekat Support Fibo 38.2%,4,WAIT & SEE,TIDAK ADA,2026-08-24 16:50:01,Biasa / Mengikuti Pasar
16:50,BUKK,Token Mati (Perlu Update),Mid Cap (Lapis 2),Undervalued (Murah),12.343335,0.3495616,975.0,1018,950,1080,-2.9850746268656714,85800,Tembus MA20,40,Negatif,Downtrend,Bearish,Strong Bearish,Strong Downtrend (5<20<50),Distribusi Kuat,Distribusi (Turun),Normal,Seimbang / Adu Mekanik,Normal,Sedang,Normal,Dekat Support (Low Risk),< 1 Miliar,Di Bawah VWAP (Lemah),Distribusi Pro (Guyuran),Gorengan Sepi (< 5M),Anomali Tinggi (150-300%),Mark-Down (Fase Runtuh),Normal,Normal,Turun 3 Hari Beruntun,TP: 1031 | CL: 937,Normal,Sangat Menarik (> 1:3),Netral / Sideways,Sentimen Positif 📰,Normal / Sedang Transisi,Mengambang (Jauh dari Fibo),2,WAIT & SEE,TIDAK ADA,2026-08-24 16:50:01,Biasa / Mengikuti Pasar
16:50,BULL,Token Mati (Perlu Update),Mid Cap (Lapis 2),Overvalued (Mahal),12.622721,32142.855,450.0,439,386,482,-2.1739130434782608,196064200,Normal,57,Negatif,Uptrend,Bullish,Bearish MACD,Perfect Uptrend (5>20>50),Normal,Akumulasi (Naik),Normal,Dominan Jual (Guyur),Normal,Tinggi,Normal,Rawan Pucuk (High Risk),> 1 Miliar,Persis di VWAP,Akumulasi Pro (Smart Money),Sultan (> 50M/hari),Normal (50-150%),Mark-Up (Fase Pesta),Spesialis Tiang Jemuran (Banting Pucuk),Normal,Turun 2 Hari Beruntun,TP: 488 | CL: 424,Normal,Tidak Ideal (< 1:1),Death Cross (Awal Bearish),Sentimen Positif 📰,Normal / Sedang Transisi,Mendekati Fibo 23.6%,5,WAIT & SEE,TIDAK ADA,2026-08-24 16:50:01,Biasa / Mengikuti Pasar
16:50,BUMI,Token Mati (Perlu Update),Big Cap (Lapis 1),Overvalued (Mahal),33.39041,48749.996,194.0,177,157,202,-1.0204081632653061,3246389500,Tembus MA20,65,Negatif,Uptrend,Bullish,Strong Bullish,Perfect Uptrend (5>20>50),Normal,Akumulasi (Naik),Normal,Dominan Jual (Guyur),Normal,Tinggi,Normal,Rawan Pucuk (High Risk),> 1 Miliar,Di Atas VWAP (Kuat),Distribusi Pro (Guyuran),Sultan (> 50M/hari),Normal (50-150%),Mark-Up (Fase Pesta),Spesialis Tiang Jemuran (Banting Pucuk),Normal,Turun 1 Hari Beruntun,TP: 206 | CL: 185,Normal,Tidak Ideal (< 1:1),Death Cross (Awal Bearish),Netral / Sepi Berita,Normal / Sedang Transisi,Mendekati Fibo 23.6%,6,WAIT & SEE,TIDAK ADA,2026-08-24 16:50:01,🔥 ANOMALI BANDAR (Siap Ledakan)
16:50,BUVA,Token Mati (Perlu Update),Big Cap (Lapis 1),Overvalued (Mahal),752.52527,8.510979,745.0,773,695,910,-1.9736842105263157,67286000,Normal,44,Negatif,Downtrend,Bearish,Strong Bearish,Strong Downtrend (5<20<50),Normal,Akumulasi (Naik),Normal,Dominan Jual (Guyur),Normal,Tinggi,Normal,Area Tengah,> 1 Miliar,Persis di VWAP,Distribusi Pro (Guyuran),Sultan (> 50M/hari),Normal (50-150%),Mark-Down (Fase Runtuh),Normal,Normal,Turun 1 Hari Beruntun,TP: 798 | CL: 709,Normal,Sangat Menarik (> 1:3),Golden Cross (Awal Bullish),Sentimen Positif 📰,Normal / Sedang Transisi,Mendekati Fibo 61.8% (Golden Ratio),2,WAIT & SEE,TIDAK ADA,2026-08-24 16:50:01,Biasa / Mengikuti Pasar
16:50,BVIC,Token Mati (Perlu Update),Mid Cap (Lapis 2),Overvalued (Mahal),32.179928,0.3957194,93.0,92,90,98,-1.0638297872340425,1783000,Normal,56,Negatif,Uptrend,Bullish,Bearish MACD,Perfect Uptrend (5>20>50),Normal,Distribusi (Turun),Normal,Seimbang / Adu Mekanik,Squeeze,Rendah,Normal,Area Tengah,< 1 Miliar,Persis di VWAP,Distribusi Pro (Guyuran),Gorengan Sepi (< 5M),Normal (50-150%),Mark-Up (Fase Pesta),Spesialis Tiang Jemuran (Banting Pucuk),Normal,Turun 1 Hari Beruntun,TP: 96 | CL: 90,Normal,Ideal (1:2),Netral / Sideways,Sentimen Positif 📰,Normal / Sedang Transisi,Dekat Support Fibo 38.2%,4,WAIT & SEE,TIDAK ADA,2026-08-24 16:50:01,Biasa / Mengikuti Pasar
16:50,BWPT,Token Mati (Perlu Update),Mid Cap (Lapis 2),Undervalued (Murah),8.301008,1.1101197,107.0,91,74,118,-3.6036036036036037,238051400,Normal,68,Negatif,Uptrend,Bullish,Strong Bullish,Perfect Uptrend (5>20>50),Normal,Akumulasi (Naik),Normal,Dominan Jual (Guyur),Normal,Tinggi,Normal,Rawan Pucuk (High Risk),> 1 Miliar,Persis di VWAP,Akumulasi Pro (Smart Money),Sultan (> 50M/hari),Normal (50-150%),Mark-Up (Fase Pesta),Spesialis Tiang Jemuran (Banting Pucuk),Normal,Turun 2 Hari Beruntun,TP: 117 | CL: 100,Normal,Tidak Ideal (< 1:1),Death Cross (Awal Bearish),Sentimen Negatif ⚠️,Supply Banjir (Distribusi) 🌊,Mendekati Fibo 23.6%,5,WAIT & SEE,TIDAK ADA,2026-08-24 16:50:01,Biasa / Mengikuti Pasar
16:50,BYAN,Token Mati (Perlu Update),Big Cap (Lapis 1),Overvalued (Mahal),33.95643,204729.73,15150.0,13160,11100,18650,-2.8846153846153846,434800,Normal,64,Negatif,Uptrend,Bullish,Strong Bullish,Perfect Uptrend (5>20>50),Normal,Akumulasi (Naik),Normal,Seimbang / Adu Mekanik,Normal,Tinggi,Normal,Rawan Pucuk (High Risk),> 1 Miliar,Di Bawah VWAP (Lemah),Akumulasi Pro (Smart Money),Ritel Aktif (5M - 50M),Sepi (< 50%),Mark-Up (Fase Pesta),Spesialis Tiang Jemuran (Banting Pucuk),Normal,Turun 2 Hari Beruntun,TP: 16706 | CL: 14112,Open = High (Tekanan Jual),Tidak Ideal (< 1:1),Death Cross (Awal Bearish),Sentimen Positif 📰,Normal / Sedang Transisi,Dekat Support Fibo 38.2%,6,WAIT & SEE,TIDAK ADA,2026-08-24 16:50:01,Biasa / Mengikuti Pasar
16:50,CANI,Token Mati (Perlu Update),Small Cap (Lapis 3),Fair Value (Wajar),0.0,-3292.6829,135.0,135,135,135,0.0,0,Normal,48,Negatif,Downtrend,Bearish,Bullish MACD,Konsolidasi / Transisi,Normal,Netral,Normal,Tidak Ada Transaksi,Squeeze,Rendah,Doji (Ragu-ragu),Dekat Support (Low Risk),< 1 Miliar,Di Atas VWAP (Kuat),Netral,Gorengan Sepi (< 5M),Normal (50-150%),Sideways,Solid (Jarang Dibanting),Normal,Sideways / Stagnan,TP: 136 | CL: 134,Normal,Di Area Support,Oversold (Jenuh Jual - Peluang),Netral / Sepi Berita,Normal / Sedang Transisi,Golden Rebound Fibo 50.0% 🎯,1,WAIT & SEE,TIDAK ADA,2026-08-24 16:50:01,Biasa / Mengikuti Pasar
16:50,CASS,Token Mati (Perlu Update),Mid Cap (Lapis 2),Fair Value (Wajar),8.114558,2.214252,1870.0,1886,1840,2000,0.5376344086021506,64900,Normal,50,Positif,Downtrend,Bearish,Bearish MACD,Konsolidasi / Transisi,Normal,Distribusi (Turun),Normal,Seimbang / Adu Mekanik,Squeeze,Rendah,Normal,Dekat Support (Low Risk),< 1 Miliar,Persis di VWAP,Akumulasi Pro (Smart Money),Gorengan Sepi (< 5M),Sepi (< 50%),Distribution (Fase Jualan),Spesialis Tiang Jemuran (Banting Pucuk),Normal,Naik 2 Hari Beruntun,TP: 1943 | CL: 1820,Open = Low (Bullish Kuat),Sangat Menarik (> 1:3),Golden Cross (Awal Bullish),Sentimen Negatif ⚠️,Supply Kering (Siap Pump) 🏜️,Golden Rebound Fibo 50.0% 🎯,1,WAIT & SEE,TIDAK ADA,2026-08-24 16:50:01,Biasa / Mengikuti Pasar
16:50,CEKA,Token Mati (Perlu Update),Mid Cap (Lapis 2),Undervalued (Murah),6.0222907,0.6350502,2210.0,2204,2140,2300,-0.45045045045045046,29700,Tembus MA20,54,Negatif,Uptrend,Bearish,Bearish MACD,Konsolidasi / Transisi,Normal,Akumulasi (Naik),Normal,Seimbang / Adu Mekanik,Squeeze,Rendah,Normal,Area Tengah,< 1 Miliar,Persis di VWAP,Akumulasi Pro (Smart Money),Gorengan Sepi (< 5M),Anomali Tinggi (150-300%),Mark-Up (Fase Pesta),Spesialis Tiang Jemuran (Banting Pucuk),Normal,Turun 1 Hari Beruntun,TP: 2264 | CL: 2173,Normal,Menengah (1:1),Netral / Sideways,Sentimen Positif 📰,Normal / Sedang Transisi,Dekat Support Fibo 50.0%,5,WAIT & SEE,TIDAK ADA,2026-08-24 16:50:01,Biasa / Mengikuti Pasar
16:50,CENT,Token Mati (Perlu Update),Mid Cap (Lapis 2),Fair Value (Wajar),0.0,1.3506281,105.0,83,77,112,22.093023255813954,274414900,Tembus MA20,80,Positif,Uptrend,Bullish,Strong Bullish,Perfect Uptrend (5>20>50),Akumulasi Kuat,Akumulasi (Naik),Normal,Dominan Beli (Hajar Kanan),Breakout Upper,Tinggi,Normal,Rawan Pucuk (High Risk),> 1 Miliar,Di Atas VWAP (Kuat),Akumulasi Pro (Smart Money),Ritel Aktif (5M - 50M),Ledakan Ekstrem (> 300%),Mark-Up (Fase Pesta),Normal,Normal,Naik 1 Hari Beruntun,TP: 113 | CL: 99,Open = Low (Bullish Kuat),Tidak Ideal (< 1:1),Netral / Sideways,Netral / Sepi Berita,Normal / Sedang Transisi,Mendekati Fibo 23.6%,9,BELI,TIDAK ADA,2026-08-24 16:50:01,⚠️ Anomali (Sudah Terbang)
16:50,CFIN,Token Mati (Perlu Update),Mid Cap (Lapis 2),Undervalued (Murah),6.025532,0.24788007,352.0,347,330,360,-1.675977653631285,4344600,Tembus MA20,60,Negatif,Uptrend,Bullish,Bearish MACD,Perfect Uptrend (5>20>50),Normal,Akumulasi (Naik),Normal,Dominan Beli (Hajar Kanan),Normal,Sedang,Normal,Area Tengah,> 1 Miliar,Persis di VWAP,Akumulasi Pro (Smart Money),Gorengan Sepi (< 5M),Anomali Tinggi (150-300%),Mark-Up (Fase Pesta),Normal,Jarum Bawah (Sinyal Pantulan Kuat),Turun 1 Hari Beruntun,TP: 363 | CL: 344,Normal,Tidak Ideal (< 1:1),Death Cross (Awal Bearish),Sentimen Positif 📰,Normal / Sedang Transisi,Mendekati Fibo 23.6%,7,BELI,TIDAK ADA,2026-08-24 16:50:01,Biasa / Mengikuti Pasar
16:50,CINT,Token Mati (Perlu Update),Small Cap (Lapis 3),Fair Value (Wajar),0.0,0.59163624,180.0,176,167,200,0.0,166900,Normal,58,Negatif,Uptrend,Bullish,Strong Bullish,Perfect Uptrend (5>20>50),Normal,Akumulasi (Naik),Normal,Seimbang / Adu Mekanik,Squeeze,Rendah,Doji (Ragu-ragu),Area Tengah,< 1 Miliar,Persis di VWAP,Distribusi Pro (Guyuran),Gorengan Sepi (< 5M),Normal (50-150%),Mark-Up (Fase Pesta),Spesialis Tiang Jemuran (Banting Pucuk),Normal,Sideways / Stagnan,TP: 187 | CL: 175,Normal,Ideal (1:2),Netral / Sideways,Sentimen Positif 📰,Supply Kering (Siap Pump) 🏜️,Mendekati Fibo 61.8% (Golden Ratio),6,WAIT & SEE,TIDAK ADA,2026-08-24 16:50:01,Biasa / Mengikuti Pasar
16:50,CITA,Token Mati (Perlu Update),Big Cap (Lapis 1),Fair Value (Wajar),9.362757,1.5883628,3250.0,3236,3140,3320,0.9316770186335404,22300,Normal,55,Positif,Uptrend,Bearish,Bearish MACD,Konsolidasi / Transisi,Normal,Distribusi (Turun),Normal,Dominan Beli (Hajar Kanan),Squeeze,Rendah,Marubozu (Strong Bullish),Area Tengah,< 1 Miliar,Di Atas VWAP (Kuat),Distribusi Pro (Guyuran),Gorengan Sepi (< 5M),Sepi (< 50%),Mark-Up (Fase Pesta),Spesialis Tiang Jemuran (Banting Pucuk),Normal,Naik 2 Hari Beruntun,TP: 3347 | CL: 3185,Open = Low (Bullish Kuat),Tidak Ideal (< 1:1),Netral / Sideways,Sentimen Positif 📰,Normal / Sedang Transisi,Mendekati Fibo 38.2%,5,WAIT & SEE,TIDAK ADA,2026-08-24 16:50:01,Biasa / Mengikuti Pasar
16:50,CLPI,Token Mati (Perlu Update),Small Cap (Lapis 3),Undervalued (Murah),6.567029,0.83869374,1595.0,1586,1505,1620,-0.3125,73400,Normal,62,Negatif,Uptrend,Bullish,Bearish MACD,Perfect Uptrend (5>20>50),Normal,Distribusi (Turun),Normal,Dominan Jual (Guyur),Squeeze,Rendah,Normal,Area Tengah,< 1 Miliar,Persis di VWAP,Akumulasi Pro (Smart Money),Gorengan Sepi (< 5M),Normal (50-150%),Mark-Up (Fase Pesta),Spesialis Tiang Jemuran (Banting Pucuk),Normal,Turun 1 Hari Beruntun,TP: 1626 | CL: 1574,Normal,Tidak Ideal (< 1:1),Netral / Sideways,Sentimen Positif 📰,Normal / Sedang Transisi,Mendekati Fibo 23.6%,4,WAIT & SEE,TIDAK ADA,2026-08-24 16:50:01,Biasa / Mengikuti Pasar
16:50,CMNP,Token Mati (Perlu Update),Mid Cap (Lapis 2),Undervalued (Murah),7.8475337,0.60390264,1365.0,1364,1305,1400,-0.7272727272727273,200200,Tembus MA20,51,Negatif,Uptrend,Bullish,Strong Bullish,Perfect Uptrend (5>20>50),Distribusi Kuat,Akumulasi (Naik),Normal,Seimbang / Adu Mekanik,Squeeze,Rendah,Normal,Area Tengah,< 1 Miliar,Persis di VWAP,Akumulasi Pro (Smart Money),Gorengan Sepi (< 5M),Anomali Tinggi (150-300%),Mark-Up (Fase Pesta),Normal,Jarum Bawah (Sinyal Pantulan Kuat),Turun 1 Hari Beruntun,TP: 1414 | CL: 1331,Normal,Tidak Ideal (< 1:1),Death Cross (Awal Bearish),Sentimen Positif 📰,Normal / Sedang Transisi,Golden Rebound Fibo 50.0% 🎯,7,BELI,TIDAK ADA,2026-08-24 16:50:01,Biasa / Mengikuti Pasar
16:50,CMPP,Token Mati (Perlu Update),Small Cap (Lapis 3),Fair Value (Wajar),0.0,-0.047031812,69.0,69,69,69,0.0,0,Normal,46,Negatif,Downtrend,Bearish,Bullish MACD,Konsolidasi / Transisi,Normal,Netral,Normal,Tidak Ada Transaksi,Squeeze,Rendah,Doji (Ragu-ragu),Dekat Support (Low Risk),< 1 Miliar,Di Atas VWAP (Kuat),Netral,Gorengan Sepi (< 5M),Normal (50-150%),Sideways,Solid (Jarang Dibanting),Normal,Sideways / Stagnan,TP: 70 | CL: 68,Normal,Di Area Support,Oversold (Jenuh Jual - Peluang),Netral / Sepi Berita,Normal / Sedang Transisi,Golden Rebound Fibo 78.6% 🎯,1,WAIT & SEE,TIDAK ADA,2026-08-24 16:50:01,Biasa / Mengikuti Pasar
16:50,CNKO,Token Mati (Perlu Update),Small Cap (Lapis 3),Fair Value (Wajar),1.7281644,-0.35224676,37.0,37,37,37,0.0,0,Normal,43,Negatif,Downtrend,Bearish,Bullish MACD,Konsolidasi / Transisi,Normal,Netral,Normal,Tidak Ada Transaksi,Squeeze,Rendah,Doji (Ragu-ragu),Dekat Support (Low Risk),< 1 Miliar,Di Atas VWAP (Kuat),Netral,Gorengan Sepi (< 5M),Normal (50-150%),Sideways,Solid (Jarang Dibanting),Normal,Sideways / Stagnan,TP: 38 | CL: 36,Normal,Di Area Support,Oversold (Jenuh Jual - Peluang),Netral / Sepi Berita,Normal / Sedang Transisi,Mendekati Fibo 61.8% (Golden Ratio),1,WAIT & SEE,TIDAK ADA,2026-08-24 16:50:01,Biasa / Mengikuti Pasar
16:50,CPIN,Token Mati (Perlu Update),Big Cap (Lapis 1),Undervalued (Murah),6.6315627,1.4143833,3010.0,3111,2900,3370,-0.6600660066006601,8718700,Normal,41,Negatif,Downtrend,Bearish,Strong Bearish,Strong Downtrend (5<20<50),Normal,Distribusi (Turun),Normal,Dominan Jual (Guyur),Normal,Sedang,Normal,Area Tengah,> 1 Miliar,Persis di VWAP,Distribusi Pro (Guyuran),Ritel Aktif (5M - 50M),Normal (50-150%),Mark-Down (Fase Runtuh),Normal,Normal,Turun 1 Hari Beruntun,TP: 3107 | CL: 2945,Open = High (Tekanan Jual),Sangat Menarik (> 1:3),Golden Cross (Awal Bullish),Netral / Sepi Berita,Normal / Sedang Transisi,Mendekati Fibo Bottom / 100%,0,WAIT & SEE,TIDAK ADA,2026-08-24 16:50:01,Biasa / Mengikuti Pasar
16:50,CPRO,Token Mati (Perlu Update),Mid Cap (Lapis 2),Undervalued (Murah),9.259259,0.7482902,50.0,50,50,54,0.0,4217800,Normal,45,Negatif,Downtrend,Bearish,Strong Bearish,Konsolidasi / Transisi,Normal,Distribusi (Turun),Normal,Tidak Ada Transaksi,Squeeze,Rendah,Doji (Ragu-ragu),Dekat Support (Low Risk),< 1 Miliar,Persis di VWAP,Distribusi Pro (Guyuran),Ritel Aktif (5M - 50M),Sepi (< 50%),Distribution (Fase Jualan),Spesialis Tiang Jemuran (Banting Pucuk),Normal,Sideways / Stagnan,TP: 52 | CL: 48,Normal,Di Area Support,Oversold (Jenuh Jual - Peluang),Netral / Sepi Berita,Normal / Sedang Transisi,Golden Rebound Fibo Bottom / 100% 🎯,0,WAIT & SEE,TIDAK ADA,2026-08-24 16:50:01,Biasa / Mengikuti Pasar
16:50,CSAP,Token Mati (Perlu Update),Mid Cap (Lapis 2),Undervalued (Murah),9.011808,0.4527098,290.0,288,270,360,-0.684931506849315,59900,Normal,52,Negatif,Uptrend,Bullish,Bearish MACD,Perfect Uptrend (5>20>50),Normal,Akumulasi (Naik),Normal,Seimbang / Adu Mekanik,Squeeze,Rendah,Normal,Area Tengah,< 1 Miliar,Persis di VWAP,Distribusi Pro (Guyuran),Gorengan Sepi (< 5M),Sepi (< 50%),Mark-Up (Fase Pesta),Spesialis Tiang Jemuran (Banting Pucuk),Normal,Turun 1 Hari Beruntun,TP: 322 | CL: 268,Open = High (Tekanan Jual),Sangat Menarik (> 1:3),Oversold (Jenuh Jual - Peluang),Sentimen Positif 📰,Supply Kering (Siap Pump) 🏜️,Mendekati Fibo 78.6%,5,WAIT & SEE,TIDAK ADA,2026-08-24 16:50:01,Biasa / Mengikuti Pasar
16:50,CTBN,Token Mati (Perlu Update),Mid Cap (Lapis 2),Overvalued (Mahal),35.77035,24921.873,3190.0,4001,3190,4680,-8.069164265129682,428200,Tembus MA20,11,Negatif,Downtrend,Bearish,Strong Bearish,Strong Downtrend (5<20<50),Distribusi Kuat,Distribusi (Turun),Normal,Dominan Jual (Guyur),Normal,Tinggi,Normal,Dekat Support (Low Risk),> 1 Miliar,Di Bawah VWAP (Lemah),Distribusi Pro (Guyuran),Gorengan Sepi (< 5M),Anomali Tinggi (150-300%),Mark-Down (Fase Runtuh),Spesialis Tiang Jemuran (Banting Pucuk),Normal,Turun 4 Hari Beruntun,TP: 3388 | CL: 3057,Normal,Di Area Support,Oversold (Jenuh Jual - Peluang),Sentimen Positif 📰,Supply Banjir (Distribusi) 🌊,Golden Rebound Fibo Bottom / 100% 🎯,2,WAIT & SEE,TIDAK ADA,2026-08-24 16:50:01,🔥 ANOMALI BANDAR (Siap Ledakan)
16:50,CTRA,Token Mati (Perlu Update),Big Cap (Lapis 1),Undervalued (Murah),4.522059,0.46531194,620.0,599,550,655,-0.8,6062200,Normal,59,Negatif,Uptrend,Bullish,Strong Bullish,Perfect Uptrend (5>20>50),Normal,Distribusi (Turun),Normal,Seimbang / Adu Mekanik,Normal,Tinggi,Normal,Rawan Pucuk (High Risk),> 1 Miliar,Di Bawah VWAP (Lemah),Distribusi Pro (Guyuran),Ritel Aktif (5M - 50M),Normal (50-150%),Mark-Up (Fase Pesta),Normal,Normal,Turun 1 Hari Beruntun,TP: 650 | CL: 600,Normal,Tidak Ideal (< 1:1),Death Cross (Awal Bearish),Sentimen Positif 📰,Normal / Sedang Transisi,Dekat Support Fibo 23.6%,5,WAIT & SEE,TIDAK ADA,2026-08-24 16:50:01,Biasa / Mengikuti Pasar
16:50,CTTH,Token Mati (Perlu Update),Small Cap (Lapis 3),Fair Value (Wajar),0.0,1.0469865,132.0,129,115,148,-2.2222222222222223,8038200,Normal,53,Negatif,Uptrend,Bullish,Strong Bullish,Perfect Uptrend (5>20>50),Normal,Akumulasi (Naik),Normal,Seimbang / Adu Mekanik,Normal,Sedang,Normal,Rawan Pucuk (High Risk),> 1 Miliar,Persis di VWAP,Distribusi Pro (Guyuran),Gorengan Sepi (< 5M),Normal (50-150%),Mark-Up (Fase Pesta),Spesialis Tiang Jemuran (Banting Pucuk),Normal,Turun 1 Hari Beruntun,TP: 144 | CL: 124,Open = High (Tekanan Jual),Tidak Ideal (< 1:1),Netral / Sideways,Sentimen Negatif ⚠️,Normal / Sedang Transisi,Dekat Support Fibo 50.0%,5,WAIT & SEE,TIDAK ADA,2026-08-24 16:50:01,Biasa / Mengikuti Pasar
16:50,DART,Token Mati (Perlu Update),Small Cap (Lapis 3),Fair Value (Wajar),0.0,0.49380672,167.0,149,122,214,-0.5952380952380952,597000,Normal,60,Negatif,Uptrend,Bullish,Strong Bullish,Perfect Uptrend (5>20>50),Normal,Distribusi (Turun),Normal,Seimbang / Adu Mekanik,Normal,Tinggi,Normal,Rawan Pucuk (High Risk),< 1 Miliar,Persis di VWAP,Distribusi Pro (Guyuran),Gorengan Sepi (< 5M),Sepi (< 50%),Mark-Up (Fase Pesta),Spesialis Tiang Jemuran (Banting Pucuk),Normal,Turun 1 Hari Beruntun,TP: 195 | CL: 148,Open = High (Tekanan Jual),Menengah (1:1),Golden Cross (Awal Bullish),Sentimen Positif 📰,Normal / Sedang Transisi,Mendekati Fibo 50.0%,5,WAIT & SEE,TIDAK ADA,2026-08-24 16:50:01,Biasa / Mengikuti Pasar
16:50,DEFI,Token Mati (Perlu Update),Small Cap (Lapis 3),Fair Value (Wajar),0.0,2.6910114,106.0,106,100,126,-0.9345794392523363,13879400,Normal,47,Negatif,Downtrend,Bearish,Bullish MACD,Strong Downtrend (5<20<50),Normal,Distribusi (Turun),Normal,Dominan Jual (Guyur),Normal,Sedang,Normal,Area Tengah,> 1 Miliar,Di Bawah VWAP (Lemah),Distribusi Pro (Guyuran),Gorengan Sepi (< 5M),Normal (50-150%),Mark-Down (Fase Runtuh),Spesialis Tiang Jemuran (Banting Pucuk),Normal,Turun 1 Hari Beruntun,TP: 115 | CL: 100,Normal,Sangat Menarik (> 1:3),Oversold (Jenuh Jual - Peluang),Sentimen Positif 📰,Normal / Sedang Transisi,Mengambang (Jauh dari Fibo),2,WAIT & SEE,TIDAK ADA,2026-08-24 16:50:01,Biasa / Mengikuti Pasar
16:50,DEWA,Token Mati (Perlu Update),Big Cap (Lapis 1),Fair Value (Wajar),3.908344,2.1800992,452.0,456,430,496,-1.3100436681222707,292312800,Normal,56,Negatif,Downtrend,Bearish,Bearish MACD,Konsolidasi / Transisi,Normal,Akumulasi (Naik),Normal,Dominan Jual (Guyur),Normal,Sedang,Normal,Area Tengah,> 1 Miliar,Persis di VWAP,Distribusi Pro (Guyuran),Sultan (> 50M/hari),Normal (50-150%),Distribution (Fase Jualan),Spesialis Tiang Jemuran (Banting Pucuk),Normal,Turun 1 Hari Beruntun,TP: 482 | CL: 431,Normal,Ideal (1:2),Netral / Sideways,Netral / Sepi Berita,Normal / Sedang Transisi,Mendekati Fibo 23.6%,2,WAIT & SEE,TIDAK ADA,2026-08-24 16:50:01,Biasa / Mengikuti Pasar
16:50,DGIK,Token Mati (Perlu Update),Small Cap (Lapis 3),Undervalued (Murah),12.488522,0.91978896,136.0,129,121,147,0.7407407407407408,10702000,Tembus MA20,62,Positif,Uptrend,Bullish,Strong Bullish,Perfect Uptrend (5>20>50),Normal,Akumulasi (Naik),Normal,Dominan Jual (Guyur),Normal,Sedang,Doji (Ragu-ragu),Rawan Pucuk (High Risk),> 1 Miliar,Persis di VWAP,Distribusi Pro (Guyuran),Gorengan Sepi (< 5M),Normal (50-150%),Mark-Up (Fase Pesta),Spesialis Tiang Jemuran (Banting Pucuk),Normal,Naik 2 Hari Beruntun,TP: 147 | CL: 128,Normal,Tidak Ideal (< 1:1),Netral / Sideways,Sentimen Positif 📰,Normal / Sedang Transisi,Dekat Support Fibo 38.2%,8,BELI,TIDAK ADA,2026-08-24 16:50:01,Biasa / Mengikuti Pasar
16:50,DILD,Token Mati (Perlu Update),Mid Cap (Lapis 2),Fair Value (Wajar),20.068027,0.21626416,119.0,116,113,126,-0.8333333333333334,17481400,Normal,58,Negatif,Uptrend,Bullish,Strong Bullish,Perfect Uptrend (5>20>50),Normal,Akumulasi (Naik),Normal,Dominan Jual (Guyur),Squeeze,Rendah,Doji (Ragu-ragu),Area Tengah,> 1 Miliar,Persis di VWAP,Distribusi Pro (Guyuran),Gorengan Sepi (< 5M),Normal (50-150%),Mark-Up (Fase Pesta),Spesialis Tiang Jemuran (Banting Pucuk),Normal,Turun 1 Hari Beruntun,TP: 125 | CL: 114,Normal,Menengah (1:1),Golden Cross (Awal Bullish),Sentimen Positif 📰,Normal / Sedang Transisi,Dekat Support Fibo 38.2%,6,WAIT & SEE,TIDAK ADA,2026-08-24 16:50:01,Biasa / Mengikuti Pasar
16:50,DKFT,Token Mati (Perlu Update),Mid Cap (Lapis 2),Fair Value (Wajar),5.5087223,2.365744,660.0,666,630,715,-2.2222222222222223,3020800,Normal,49,Negatif,Downtrend,Bearish,Bearish MACD,Konsolidasi / Transisi,Normal,Akumulasi (Naik),Normal,Dominan Jual (Guyur),Normal,Sedang,Normal,Area Tengah,> 1 Miliar,Persis di VWAP,Akumulasi Pro (Smart Money),Gorengan Sepi (< 5M),Normal (50-150%),Distribution (Fase Jualan),Normal,Normal,Turun 1 Hari Beruntun,TP: 697 | CL: 635,Open = High (Tekanan Jual),Ideal (1:2),Netral / Sideways,Sentimen Positif 📰,Normal / Sedang Transisi,Dekat Support Fibo 38.2%,2,WAIT & SEE,TIDAK ADA,2026-08-24 16:50:01,Biasa / Mengikuti Pasar
16:50,DLTA,Token Mati (Perlu Update),Mid Cap (Lapis 2),Fair Value (Wajar),9.652301,2.1220999,1785.0,1782,1760,1805,0.0,68900,Normal,57,Negatif,Uptrend,Bullish,Bearish MACD,Perfect Uptrend (5>20>50),Normal,Distribusi (Turun),Normal,Seimbang / Adu Mekanik,Squeeze,Rendah,Normal,Dekat Support (Low Risk),< 1 Miliar,Persis di VWAP,Distribusi Pro (Guyuran),Gorengan Sepi (< 5M),Normal (50-150%),Mark-Up (Fase Pesta),Normal,Normal,Sideways / Stagnan,TP: 1812 | CL: 1766,Open = High (Tekanan Jual),Tidak Ideal (< 1:1),Netral / Sideways,Sentimen Positif 📰,Normal / Sedang Transisi,Dekat Support Fibo 23.6%,4,WAIT & SEE,TIDAK ADA,2026-08-24 16:50:01,Biasa / Mengikuti Pasar
16:50,DMAS,Token Mati (Perlu Update),Mid Cap (Lapis 2),Undervalued (Murah),5.438813,1.2106621,176.0,150,136,183,5.389221556886228,656991500,Tembus MA20,84,Positif,Uptrend,Bullish,Strong Bullish,Perfect Uptrend (5>20>50),Akumulasi Kuat,Akumulasi (Naik),Normal,Seimbang / Adu Mekanik,Breakout Upper,Tinggi,Normal,Rawan Pucuk (High Risk),> 1 Miliar,Di Atas VWAP (Kuat),Akumulasi Pro (Smart Money),Sultan (> 50M/hari),Anomali Tinggi (150-300%),Mark-Up (Fase Pesta),Normal,Normal,Naik 1 Hari Beruntun,TP: 185 | CL: 169,Normal,Tidak Ideal (< 1:1),Overbought (Jenuh Beli - Rawan),Sentimen Negatif ⚠️,Normal / Sedang Transisi,Mendekati Fibo 23.6%,8,BELI,TIDAK ADA,2026-08-24 16:50:01,⚠️ Anomali (Sudah Terbang)
16:50,DNAR,Token Mati (Perlu Update),Mid Cap (Lapis 2),Undervalued (Murah),9.567198,0.5443987,126.0,124,119,133,-0.7874015748031495,446600,Normal,58,Negatif,Uptrend,Bullish,Bearish MACD,Perfect Uptrend (5>20>50),Normal,Distribusi (Turun),Normal,Dominan Jual (Guyur),Squeeze,Rendah,Normal,Area Tengah,< 1 Miliar,Di Bawah VWAP (Lemah),Distribusi Pro (Guyuran),Gorengan Sepi (< 5M),Sepi (< 50%),Mark-Up (Fase Pesta),Normal,Normal,Turun 1 Hari Beruntun,TP: 132 | CL: 122,Normal,Menengah (1:1),Netral / Sideways,Sentimen Positif 📰,Supply Kering (Siap Pump) 🏜️,Golden Rebound Fibo 38.2% 🎯,4,WAIT & SEE,TIDAK ADA,2026-08-24 16:50:01,Biasa / Mengikuti Pasar
16:50,DNET,Token Mati (Perlu Update),Big Cap (Lapis 1),Overvalued (Mahal),126.57423,9.039981,9950.0,9818,9500,10625,0.0,20700,Tembus MA20,54,Negatif,Uptrend,Bullish,Strong Bullish,Awal Reversal (5>20),Normal,Akumulasi (Naik),Normal,Dominan Jual (Guyur),Squeeze,Rendah,Doji (Ragu-ragu),Area Tengah,< 1 Miliar,Persis di VWAP,Akumulasi Pro (Smart Money),Gorengan Sepi (< 5M),Normal (50-150%),Accumulation (Kumpul Barang),Normal,Normal,Sideways / Stagnan,TP: 10311 | CL: 9708,Normal,Ideal (1:2),Netral / Sideways,Sentimen Positif 📰,Normal / Sedang Transisi,Dekat Support Fibo 61.8% (Golden Ratio),7,BELI,TIDAK ADA,2026-08-24 16:50:01,Biasa / Mengikuti Pasar
16:50,DOID,Token Mati (Perlu Update),Mid Cap (Lapis 2),Overvalued (Mahal),0.0,239999.98,236.0,215,200,248,2.608695652173913,6221200,Tembus MA20,70,Positif,Uptrend,Golden Cross,Strong Bullish,Perfect Uptrend (5>20>50),Akumulasi Kuat,Akumulasi (Naik),Normal,Dominan Beli (Hajar Kanan),Breakout Upper,Sedang,Normal,Rawan Pucuk (High Risk),> 1 Miliar,Di Atas VWAP (Kuat),Akumulasi Pro (Smart Money),Gorengan Sepi (< 5M),Anomali Tinggi (150-300%),Mark-Up (Fase Pesta),Normal,Normal,Naik 2 Hari Beruntun,TP: 249 | CL: 227,Open = Low (Bullish Kuat),Tidak Ideal (< 1:1),Netral / Sideways,Sentimen Negatif ⚠️,Normal / Sedang Transisi,Dekat Support Fibo 23.6%,9,BELI,TIDAK ADA,2026-08-24 16:50:01,Biasa / Mengikuti Pasar
16:50,DPNS,Token Mati (Perlu Update),Small Cap (Lapis 3),Undervalued (Murah),4.298511,0.3023119,310.0,310,310,310,0.0,0,Normal,0,Negatif,Downtrend,Bearish,Bearish MACD,Konsolidasi / Transisi,Normal,Netral,Normal,Tidak Ada Transaksi,Squeeze,Rendah,Doji (Ragu-ragu),Dekat Support (Low Risk),< 1 Miliar,Di Atas VWAP (Kuat),Netral,Gorengan Sepi (< 5M),Normal (50-150%),Sideways,Solid (Jarang Dibanting),Normal,Sideways / Stagnan,TP: 311 | CL: 309,Normal,Di Area Support,Oversold (Jenuh Jual - Peluang),Netral / Sepi Berita,Normal / Sedang Transisi,Normal / Sideways,0,WAIT & SEE,TIDAK ADA,2026-08-24 16:50:01,Biasa / Mengikuti Pasar
16:50,DSFI,Token Mati (Perlu Update),Small Cap (Lapis 3),Undervalued (Murah),9.055076,0.54299915,85.0,82,77,91,0.0,6611000,Normal,62,Negatif,Uptrend,Bullish,Strong Bullish,Perfect Uptrend (5>20>50),Normal,Akumulasi (Naik),Normal,Dominan Jual (Guyur),Normal,Sedang,Doji (Ragu-ragu),Rawan Pucuk (High Risk),< 1 Miliar,Persis di VWAP,Distribusi Pro (Guyuran),Gorengan Sepi (< 5M),Sepi (< 50%),Mark-Up (Fase Pesta),Spesialis Tiang Jemuran (Banting Pucuk),Normal,Sideways / Stagnan,TP: 91 | CL: 80,Normal,Tidak Ideal (< 1:1),Netral / Sideways,Sentimen Negatif ⚠️,Normal / Sedang Transisi,Dekat Support Fibo 23.6%,5,WAIT & SEE,TIDAK ADA,2026-08-24 16:50:01,Biasa / Mengikuti Pasar
16:50,DSNG,Token Mati (Perlu Update),Big Cap (Lapis 1),Undervalued (Murah),8.033896,1.29136,1460.0,1352,1230,1475,1.3888888888888888,3783900,Normal,67,Positif,Uptrend,Bullish,Strong Bullish,Perfect Uptrend (5>20>50),Normal,Akumulasi (Naik),Normal,Seimbang / Adu Mekanik,Breakout Upper,Tinggi,Normal,Rawan Pucuk (High Risk),> 1 Miliar,Di Atas VWAP (Kuat),Akumulasi Pro (Smart Money),Ritel Aktif (5M - 50M),Normal (50-150%),Mark-Up (Fase Pesta),Normal,Normal,Naik 3 Hari Beruntun,TP: 1533 | CL: 1410,Open = Low (Bullish Kuat),Tidak Ideal (< 1:1),Overbought (Jenuh Beli - Rawan),Netral / Sepi Berita,Normal / Sedang Transisi,Mengambang (Jauh dari Fibo),6,WAIT & SEE,TIDAK ADA,2026-08-24 16:50:01,Biasa / Mengikuti Pasar
16:50,DSSA,Token Mati (Perlu Update),Big Cap (Lapis 1),Overvalued (Mahal),42.617046,88750.0,1070.0,938,805,1100,1.9047619047619049,558748400,Tembus MA20,69,Positif,Uptrend,Bullish,Strong Bullish,Perfect Uptrend (5>20>50),Normal,Akumulasi (Naik),Gap Up (+2.9%),Seimbang / Adu Mekanik,Normal,Tinggi,Normal,Rawan Pucuk (High Risk),> 1 Miliar,Di Atas VWAP (Kuat),Distribusi Pro (Guyuran),Sultan (> 50M/hari),Normal (50-150%),Mark-Up (Fase Pesta),Spesialis Tiang Jemuran (Banting Pucuk),Normal,Naik 2 Hari Beruntun,TP: 1170 | CL: 1003,Normal,Tidak Ideal (< 1:1),Overbought (Jenuh Beli - Rawan),Netral / Sepi Berita,Normal / Sedang Transisi,Mengambang (Jauh dari Fibo),8,BELI,TIDAK ADA,2026-08-24 16:50:01,🔥 ANOMALI BANDAR (Siap Ledakan)
16:50,DUTI,Token Mati (Perlu Update),Mid Cap (Lapis 2),Undervalued (Murah),14.044862,0.86114514,4790.0,4412,4050,4800,0.0,10100,Tembus MA20,94,Negatif,Uptrend,Bullish,Strong Bullish,Perfect Uptrend (5>20>50),Normal,Akumulasi (Naik),Normal,Tidak Ada Transaksi,Normal,Tinggi,Doji (Ragu-ragu),Rawan Pucuk (High Risk),< 1 Miliar,Di Atas VWAP (Kuat),Akumulasi Pro (Smart Money),Gorengan Sepi (< 5M),Anomali Tinggi (150-300%),Mark-Up (Fase Pesta),Solid (Jarang Dibanting),Normal,Sideways / Stagnan,TP: 4845 | CL: 4752,Normal,Tidak Ideal (< 1:1),Overbought (Jenuh Beli - Rawan),Sentimen Positif 📰,Normal / Sedang Transisi,Mengambang (Jauh dari Fibo),7,BELI,TIDAK ADA,2026-08-24 16:50:01,Biasa / Mengikuti Pasar
16:50,DVLA,Token Mati (Perlu Update),Mid Cap (Lapis 2),Undervalued (Murah),12.952943,1.1796688,1580.0,1583,1550,1600,0.0,5600,Normal,54,Negatif,Downtrend,Bearish,Bearish MACD,Konsolidasi / Transisi,Normal,Akumulasi (Naik),Normal,Seimbang / Adu Mekanik,Squeeze,Rendah,Normal,Dekat Support (Low Risk),< 1 Miliar,Persis di VWAP,Akumulasi Pro (Smart Money),Gorengan Sepi (< 5M),Normal (50-150%),Distribution (Fase Jualan),Normal,Normal,Sideways / Stagnan,TP: 1597 | CL: 1568,Open = High (Tekanan Jual),Tidak Ideal (< 1:1),Netral / Sideways,Sentimen Positif 📰,Normal / Sedang Transisi,Dekat Support Fibo 23.6%,3,WAIT & SEE,TIDAK ADA,2026-08-24 16:50:01,Biasa / Mengikuti Pasar
16:50,DYAN,Token Mati (Perlu Update),Small Cap (Lapis 3),Undervalued (Murah),8.186047,0.50710815,88.0,85,77,93,0.0,989700,Normal,60,Negatif,Uptrend,Bullish,Strong Bullish,Perfect Uptrend (5>20>50),Normal,Akumulasi (Naik),Normal,Seimbang / Adu Mekanik,Normal,Sedang,Normal,Rawan Pucuk (High Risk),< 1 Miliar,Di Bawah VWAP (Lemah),Akumulasi Pro (Smart Money),Gorengan Sepi (< 5M),Sepi (< 50%),Mark-Up (Fase Pesta),Spesialis Tiang Jemuran (Banting Pucuk),Normal,Sideways / Stagnan,TP: 93 | CL: 84,Open = High (Tekanan Jual),Tidak Ideal (< 1:1),Death Cross (Awal Bearish),Sentimen Positif 📰,Normal / Sedang Transisi,Dekat Support Fibo 23.6%,6,WAIT & SEE,TIDAK ADA,2026-08-24 16:50:01,Biasa / Mengikuti Pasar
16:50,ECII,Token Mati (Perlu Update),Small Cap (Lapis 3),Fair Value (Wajar),0.0,0.19824848,159.0,158,146,190,1.9230769230769231,513900,Normal,56,Positif,Uptrend,Bearish,Bearish MACD,Konsolidasi / Transisi,Normal,Akumulasi (Naik),Normal,Seimbang / Adu Mekanik,Normal,Sedang,Normal,Area Tengah,< 1 Miliar,Di Atas VWAP (Kuat),Akumulasi Pro (Smart Money),Gorengan Sepi (< 5M),Normal (50-150%),Mark-Up (Fase Pesta),Spesialis Tiang Jemuran (Banting Pucuk),Normal,Naik 3 Hari Beruntun,TP: 167 | CL: 153,Open = Low (Bullish Kuat),Ideal (1:2),Netral / Sideways,Netral / Sepi Berita,Normal / Sedang Transisi,Dekat Support Fibo 38.2%,4,WAIT & SEE,TIDAK ADA,2026-08-24 16:50:01,Biasa / Mengikuti Pasar
16:50,EKAD,Token Mati (Perlu Update),Mid Cap (Lapis 2),Undervalued (Murah),2.6389012,1.0938562,386.0,226,164,386,24.516129032258064,64959400,Tembus MA20,92,Positif,Uptrend,Bullish,Strong Bullish,Perfect Uptrend (5>20>50),Akumulasi Kuat,Akumulasi (Naik),Normal,Dominan Beli (Hajar Kanan),Breakout Upper,Tinggi,Marubozu (Strong Bullish),Rawan Pucuk (High Risk),> 1 Miliar,Di Atas VWAP (Kuat),Akumulasi Pro (Smart Money),Ritel Aktif (5M - 50M),Anomali Tinggi (150-300%),Mark-Up (Fase Pesta),Normal,Normal,Naik 3 Hari Beruntun,TP: 427 | CL: 358,Normal,Tidak Ideal (< 1:1),Overbought (Jenuh Beli - Rawan),Sentimen Positif 📰,Normal / Sedang Transisi,Mengambang (Jauh dari Fibo),10,BELI,TIDAK ADA,2026-08-24 16:50:01,⚠️ Anomali (Sudah Terbang)
16:50,ELSA,Token Mati (Perlu Update),Mid Cap (Lapis 2),Undervalued (Murah),6.300268,0.9486402,705.0,695,650,740,-1.3986013986013985,11422100,Normal,57,Negatif,Uptrend,Bullish,Bearish MACD,Perfect Uptrend (5>20>50),Normal,Akumulasi (Naik),Normal,Dominan Jual (Guyur),Normal,Sedang,Normal,Area Tengah,> 1 Miliar,Di Bawah VWAP (Lemah),Akumulasi Pro (Smart Money),Ritel Aktif (5M - 50M),Normal (50-150%),Mark-Up (Fase Pesta),Normal,Normal,Turun 2 Hari Beruntun,TP: 741 | CL: 680,Normal,Tidak Ideal (< 1:1),Death Cross (Awal Bearish),Netral / Sepi Berita,Normal / Sedang Transisi,Mendekati Fibo 23.6%,4,WAIT & SEE,TIDAK ADA,2026-08-24 16:50:01,Biasa / Mengikuti Pasar
16:50,ELTY,Token Mati (Perlu Update),Mid Cap (Lapis 2),Fair Value (Wajar),0.0,0.3064159,39.0,36,29,46,-2.5,38123000,Normal,61,Negatif,Uptrend,Bullish,Bearish MACD,Perfect Uptrend (5>20>50),Normal,Distribusi (Turun),Normal,Dominan Jual (Guyur),Normal,Tinggi,Normal,Rawan Pucuk (High Risk),> 1 Miliar,Persis di VWAP,Distribusi Pro (Guyuran),Gorengan Sepi (< 5M),Sepi (< 50%),Mark-Up (Fase Pesta),Normal,Normal,Turun 1 Hari Beruntun,TP: 42 | CL: 36,Open = High (Tekanan Jual),Tidak Ideal (< 1:1),Netral / Sideways,Netral / Sepi Berita,Normal / Sedang Transisi,Mengambang (Jauh dari Fibo),3,WAIT & SEE,TIDAK ADA,2026-08-24 16:50:01,Biasa / Mengikuti Pasar
16:50,EMDE,Token Mati (Perlu Update),Small Cap (Lapis 3),Fair Value (Wajar),0.0,0.14197631,76.0,74,66,94,-1.2987012987012987,8283700,Normal,55,Negatif,Uptrend,Bullish,Bearish MACD,Perfect Uptrend (5>20>50),Normal,Akumulasi (Naik),Normal,Dominan Jual (Guyur),Normal,Tinggi,Normal,Rawan Pucuk (High Risk),< 1 Miliar,Di Bawah VWAP (Lemah),Distribusi Pro (Guyuran),Gorengan Sepi (< 5M),Normal (50-150%),Mark-Up (Fase Pesta),Spesialis Tiang Jemuran (Banting Pucuk),Normal,Turun 1 Hari Beruntun,TP: 84 | CL: 70,Normal,Ideal (1:2),Netral / Sideways,Netral / Sepi Berita,Normal / Sedang Transisi,Mendekati Fibo 50.0%,4,WAIT & SEE,TIDAK ADA,2026-08-24 16:50:01,Biasa / Mengikuti Pasar
16:50,EMTK,Token Mati (Perlu Update),Big Cap (Lapis 1),Undervalued (Murah),14.433551,0.8853342,525.0,521,494,565,-2.7777777777777777,30020000,Normal,50,Negatif,Uptrend,Bullish,Strong Bullish,Awal Reversal (5>20),Normal,Akumulasi (Naik),Normal,Dominan Jual (Guyur),Normal,Sedang,Normal,Area Tengah,> 1 Miliar,Di Bawah VWAP (Lemah),Distribusi Pro (Guyuran),Ritel Aktif (5M - 50M),Normal (50-150%),Accumulation (Kumpul Barang),Normal,Normal,Turun 2 Hari Beruntun,TP: 556 | CL: 504,Normal,Menengah (1:1),Netral / Sideways,Sentimen Negatif ⚠️,Normal / Sedang Transisi,Dekat Support Fibo 78.6%,4,WAIT & SEE,TIDAK ADA,2026-08-24 16:50:01,Biasa / Mengikuti Pasar
16:50,ENRG,Token Mati (Perlu Update),Big Cap (Lapis 1),Overvalued (Mahal),28.959276,35555.56,1280.0,1235,927,1415,-1.5384615384615385,49752200,Normal,51,Negatif,Uptrend,Bullish,Bullish MACD,Awal Reversal (5>20),Normal,Akumulasi (Naik),Normal,Seimbang / Adu Mekanik,Normal,Tinggi,Doji (Ragu-ragu),Rawan Pucuk (High Risk),> 1 Miliar,Persis di VWAP,Distribusi Pro (Guyuran),Sultan (> 50M/hari),Sepi (< 50%),Accumulation (Kumpul Barang),Normal,Jarum Bawah (Sinyal Pantulan Kuat),Turun 2 Hari Beruntun,TP: 1427 | CL: 1181,Normal,Tidak Ideal (< 1:1),Overbought (Jenuh Beli - Rawan),Sentimen Positif 📰,Normal / Sedang Transisi,Golden Rebound Fibo 50.0% 🎯,6,WAIT & SEE,TIDAK ADA,2026-08-24 16:50:01,Biasa / Mengikuti Pasar
16:50,EPMT,Token Mati (Perlu Update),Mid Cap (Lapis 2),Undervalued (Murah),7.777015,0.7807326,2380.0,2342,2260,2470,-3.643724696356275,14500,Normal,54,Negatif,Uptrend,Bullish,Strong Bullish,Perfect Uptrend (5>20>50),Normal,Distribusi (Turun),Normal,Dominan Jual (Guyur),Normal,Sedang,Normal,Area Tengah,< 1 Miliar,Persis di VWAP,Akumulasi Pro (Smart Money),Gorengan Sepi (< 5M),Sepi (< 50%),Mark-Up (Fase Pesta),Normal,Normal,Turun 1 Hari Beruntun,TP: 2478 | CL: 2314,Open = High (Tekanan Jual),Tidak Ideal (< 1:1),Netral / Sideways,Sentimen Positif 📰,Supply Kering (Siap Pump) 🏜️,Golden Rebound Fibo 38.2% 🎯,5,WAIT & SEE,TIDAK ADA,2026-08-24 16:50:01,Biasa / Mengikuti Pasar
16:50,ERAA,Token Mati (Perlu Update),Mid Cap (Lapis 2),Undervalued (Murah),5.324126,0.7887177,478.0,444,372,488,0.8438818565400843,55049400,Normal,80,Positif,Uptrend,Bullish,Bearish MACD,Perfect Uptrend (5>20>50),Normal,Akumulasi (Naik),Normal,Seimbang / Adu Mekanik,Normal,Tinggi,Normal,Rawan Pucuk (High Risk),> 1 Miliar,Di Atas VWAP (Kuat),Distribusi Pro (Guyuran),Ritel Aktif (5M - 50M),Normal (50-150%),Mark-Up (Fase Pesta),Spesialis Tiang Jemuran (Banting Pucuk),Normal,Naik 2 Hari Beruntun,TP: 504 | CL: 460,Normal,Tidak Ideal (< 1:1),Netral / Sideways,Sentimen Positif 📰,Normal / Sedang Transisi,Mengambang (Jauh dari Fibo),6,WAIT & SEE,TIDAK ADA,2026-08-24 16:50:01,Biasa / Mengikuti Pasar
16:50,ERTX,Token Mati (Perlu Update),Small Cap (Lapis 3),Overvalued (Mahal),183999.98,8000.0,183.0,184,164,232,0.0,543600,Normal,57,Negatif,Downtrend,Death Cross,Bearish MACD,Konsolidasi / Transisi,Normal,Distribusi (Turun),Normal,Dominan Beli (Hajar Kanan),Normal,Tinggi,Doji (Ragu-ragu),Rawan Pucuk (High Risk),< 1 Miliar,Persis di VWAP,Distribusi Pro (Guyuran),Gorengan Sepi (< 5M),Normal (50-150%),Distribution (Fase Jualan),Spesialis Tiang Jemuran (Banting Pucuk),Jarum Bawah (Sinyal Pantulan Kuat),Sideways / Stagnan,TP: 196 | CL: 174,Normal,Ideal (1:2),Golden Cross (Awal Bullish),Sentimen Positif 📰,Normal / Sedang Transisi,Mengambang (Jauh dari Fibo),3,WAIT & SEE,TIDAK ADA,2026-08-24 16:50:01,Biasa / Mengikuti Pasar
16:50,ESSA,Token Mati (Perlu Update),Big Cap (Lapis 1),Overvalued (Mahal),11.672045,24600.0,615.0,639,600,735,-1.6,98400600,Tembus MA20,46,Negatif,Downtrend,Bearish,Bearish MACD,Konsolidasi / Transisi,Normal,Distribusi (Turun),Normal,Dominan Jual (Guyur),Normal,Tinggi,Normal,Dekat Support (Low Risk),> 1 Miliar,Di Bawah VWAP (Lemah),Distribusi Pro (Guyuran),Ritel Aktif (5M - 50M),Normal (50-150%),Distribution (Fase Jualan),Solid (Jarang Dibanting),Normal,Turun 2 Hari Beruntun,TP: 658 | CL: 586,Normal,Sangat Menarik (> 1:3),Oversold (Jenuh Jual - Peluang),Sentimen Positif 📰,Normal / Sedang Transisi,Golden Rebound Fibo 50.0% 🎯,2,WAIT & SEE,TIDAK ADA,2026-08-24 16:50:01,Biasa / Mengikuti Pasar
16:50,ESTI,Token Mati (Perlu Update),Small Cap (Lapis 3),Overvalued (Mahal),162000.0,1.8208385,162.0,162,126,220,-0.6134969325153374,1349300,Normal,54,Negatif,Downtrend,Death Cross,Bearish MACD,Konsolidasi / Transisi,Normal,Akumulasi (Naik),Normal,Seimbang / Adu Mekanik,Normal,Tinggi,Normal,Rawan Pucuk (High Risk),< 1 Miliar,Di Bawah VWAP (Lemah),Distribusi Pro (Guyuran),Gorengan Sepi (< 5M),Sepi (< 50%),Distribution (Fase Jualan),Normal,Normal,Turun 2 Hari Beruntun,TP: 184 | CL: 147,Normal,Ideal (1:2),Oversold (Jenuh Jual - Peluang),Sentimen Positif 📰,Normal / Sedang Transisi,Golden Rebound Fibo 50.0% 🎯,3,WAIT & SEE,TIDAK ADA,2026-08-24 16:50:01,Biasa / Mengikuti Pasar
16:50,ETWA,Token Mati (Perlu Update),Small Cap (Lapis 3),Fair Value (Wajar),0.0,-0.75840473,70.0,70,70,70,0.0,0,Normal,0,Negatif,Downtrend,Bearish,Bearish MACD,Konsolidasi / Transisi,Normal,Netral,Normal,Tidak Ada Transaksi,Squeeze,Rendah,Doji (Ragu-ragu),Dekat Support (Low Risk),< 1 Miliar,Di Atas VWAP (Kuat),Netral,Gorengan Sepi (< 5M),Normal (50-150%),Sideways,Solid (Jarang Dibanting),Normal,Sideways / Stagnan,TP: 71 | CL: 69,Normal,Di Area Support,Oversold (Jenuh Jual - Peluang),Netral / Sepi Berita,Normal / Sedang Transisi,Normal / Sideways,0,WAIT & SEE,TIDAK ADA,2026-08-24 16:50:01,Biasa / Mengikuti Pasar
16:50,EXCL,Token Mati (Perlu Update),Big Cap (Lapis 1),Fair Value (Wajar),0.0,1.6924173,2710.0,2591,2350,2930,-4.577464788732395,9333700,Tembus MA20,55,Negatif,Uptrend,Bullish,Strong Bullish,Perfect Uptrend (5>20>50),Normal,Distribusi (Turun),Normal,Dominan Jual (Guyur),Normal,Tinggi,Normal,Rawan Pucuk (High Risk),> 1 Miliar,Di Bawah VWAP (Lemah),Distribusi Pro (Guyuran),Ritel Aktif (5M - 50M),Normal (50-150%),Mark-Up (Fase Pesta),Normal,Normal,Turun 1 Hari Beruntun,TP: 2879 | CL: 2597,Open = High (Tekanan Jual),Tidak Ideal (< 1:1),Death Cross (Awal Bearish),Netral / Sepi Berita,Normal / Sedang Transisi,Mendekati Fibo 50.0%,5,WAIT & SEE,TIDAK ADA,2026-08-24 16:50:01,Biasa / Mengikuti Pasar
16:50,FAST,Token Mati (Perlu Update),Mid Cap (Lapis 2),Overvalued (Mahal),0.0,8.657847,466.0,389,270,565,-1.2711864406779663,13698600,Normal,63,Negatif,Uptrend,Bullish,Strong Bullish,Perfect Uptrend (5>20>50),Normal,Akumulasi (Naik),Normal,Dominan Jual (Guyur),Normal,Tinggi,Normal,Rawan Pucuk (High Risk),> 1 Miliar,Di Bawah VWAP (Lemah),Distribusi Pro (Guyuran),Sultan (> 50M/hari),Sepi (< 50%),Mark-Up (Fase Pesta),Normal,Normal,Turun 2 Hari Beruntun,TP: 552 | CL: 408,Normal,Tidak Ideal (< 1:1),Death Cross (Awal Bearish),Netral / Sepi Berita,Supply Banjir (Distribusi) 🌊,Mengambang (Jauh dari Fibo),5,WAIT & SEE,TIDAK ADA,2026-08-24 16:50:01,Biasa / Mengikuti Pasar
16:50,FASW,Token Mati (Perlu Update),Big Cap (Lapis 1),Overvalued (Mahal),0.0,3.013094,5312.4970703125,5312,5312,5312,0.0,0,Normal,0,Negatif,Downtrend,Bearish,Bearish MACD,Konsolidasi / Transisi,Normal,Netral,Normal,Tidak Ada Transaksi,Squeeze,Rendah,Doji (Ragu-ragu),Dekat Support (Low Risk),< 1 Miliar,Di Atas VWAP (Kuat),Netral,Gorengan Sepi (< 5M),Normal (50-150%),Sideways,Solid (Jarang Dibanting),Normal,Sideways / Stagnan,TP: 5313 | CL: 5311,Normal,Di Area Support,Oversold (Jenuh Jual - Peluang),Netral / Sepi Berita,Normal / Sedang Transisi,Normal / Sideways,0,WAIT & SEE,TIDAK ADA,2026-08-24 16:50:01,Biasa / Mengikuti Pasar
16:50,FISH,Token Mati (Perlu Update),Mid Cap (Lapis 2),Overvalued (Mahal),56.956116,17428.572,610.0,605,570,645,2.5210084033613445,10200,Normal,50,Positif,Uptrend,Bearish,Bullish MACD,Strong Downtrend (5<20<50),Normal,Akumulasi (Naik),Gap Up (+2.5%),Dominan Beli (Hajar Kanan),Squeeze,Rendah,Doji (Ragu-ragu),Area Tengah,< 1 Miliar,Di Atas VWAP (Kuat),Akumulasi Pro (Smart Money),Gorengan Sepi (< 5M),Sepi (< 50%),Accumulation (Kumpul Barang),Normal,Jarum Bawah (Sinyal Pantulan Kuat),Naik 1 Hari Beruntun,TP: 632 | CL: 595,Normal,Tidak Ideal (< 1:1),Netral / Sideways,Netral / Sepi Berita,Normal / Sedang Transisi,Golden Rebound Fibo 50.0% 🎯,6,WAIT & SEE,TIDAK ADA,2026-08-24 16:50:01,Biasa / Mengikuti Pasar
16:50,FMII,Token Mati (Perlu Update),Mid Cap (Lapis 2),Fair Value (Wajar),0.0,2.3452287,254.0,251,240,260,-0.78125,42500,Tembus MA20,53,Negatif,Uptrend,Bullish,Strong Bullish,Perfect Uptrend (5>20>50),Normal,Distribusi (Turun),Normal,Seimbang / Adu Mekanik,Squeeze,Rendah,Normal,Area Tengah,< 1 Miliar,Persis di VWAP,Akumulasi Pro (Smart Money),Gorengan Sepi (< 5M),Normal (50-150%),Mark-Up (Fase Pesta),Normal,Normal,Turun 1 Hari Beruntun,TP: 269 | CL: 243,Open = High (Tekanan Jual),Tidak Ideal (< 1:1),Netral / Sideways,Sentimen Positif 📰,Normal / Sedang Transisi,Mendekati Fibo 38.2%,6,WAIT & SEE,TIDAK ADA,2026-08-24 16:50:01,Biasa / Mengikuti Pasar
16:50,FORU,Token Mati (Perlu Update),Small Cap (Lapis 3),Overvalued (Mahal),0.0,61.076694,2110.0,2491,1865,3500,-7.048458149779736,567200,Normal,36,Negatif,Downtrend,Bearish,Strong Bearish,Strong Downtrend (5<20<50),Normal,Distribusi (Turun),Normal,Dominan Jual (Guyur),Normal,Tinggi,Normal,Rawan Pucuk (High Risk),> 1 Miliar,Di Bawah VWAP (Lemah),Akumulasi Pro (Smart Money),Gorengan Sepi (< 5M),Sepi (< 50%),Mark-Down (Fase Runtuh),Solid (Jarang Dibanting),Normal,Turun 4 Hari Beruntun,TP: 2419 | CL: 1903,Open = High (Tekanan Jual),Sangat Menarik (> 1:3),Netral / Sideways,Sentimen Positif 📰,Normal / Sedang Transisi,Mengambang (Jauh dari Fibo),1,WAIT & SEE,TIDAK ADA,2026-08-24 16:50:01,Biasa / Mengikuti Pasar
16:50,FPNI,Token Mati (Perlu Update),Mid Cap (Lapis 2),Overvalued (Mahal),10.194538,27250.0,545.0,426,290,630,0.9259259259259258,7751100,Normal,79,Positif,Uptrend,Bullish,Strong Bullish,Perfect Uptrend (5>20>50),Normal,Akumulasi (Naik),Normal,Seimbang / Adu Mekanik,Normal,Tinggi,Normal,Rawan Pucuk (High Risk),> 1 Miliar,Di Atas VWAP (Kuat),Akumulasi Pro (Smart Money),Ritel Aktif (5M - 50M),Sepi (< 50%),Mark-Up (Fase Pesta),Normal,Normal,Naik 2 Hari Beruntun,TP: 606 | CL: 504,Normal,Tidak Ideal (< 1:1),Death Cross (Awal Bearish),Netral / Sepi Berita,Normal / Sedang Transisi,Dekat Support Fibo 23.6%,6,WAIT & SEE,TIDAK ADA,2026-08-24 16:50:01,Biasa / Mengikuti Pasar
16:50,GDST,Token Mati (Perlu Update),Mid Cap (Lapis 2),Undervalued (Murah),10.492107,0.7045415,114.0,111,89,150,0.0,12107000,Normal,57,Negatif,Uptrend,Bullish,Bearish MACD,Perfect Uptrend (5>20>50),Normal,Akumulasi (Naik),Normal,Seimbang / Adu Mekanik,Normal,Tinggi,Doji (Ragu-ragu),Rawan Pucuk (High Risk),> 1 Miliar,Persis di VWAP,Distribusi Pro (Guyuran),Gorengan Sepi (< 5M),Normal (50-150%),Mark-Up (Fase Pesta),Spesialis Tiang Jemuran (Banting Pucuk),Normal,Sideways / Stagnan,TP: 129 | CL: 103,Normal,Menengah (1:1),Netral / Sideways,Sentimen Positif 📰,Normal / Sedang Transisi,Mendekati Fibo 50.0%,5,WAIT & SEE,TIDAK ADA,2026-08-24 16:50:01,Biasa / Mengikuti Pasar
16:50,GDYR,Token Mati (Perlu Update),Small Cap (Lapis 3),Overvalued (Mahal),185000.0,7449.664,1110.0,1099,1060,1125,0.0,7600,Normal,55,Negatif,Uptrend,Bullish,Strong Bullish,Perfect Uptrend (5>20>50),Normal,Distribusi (Turun),Normal,Dominan Jual (Guyur),Squeeze,Rendah,Doji (Ragu-ragu),Area Tengah,< 1 Miliar,Persis di VWAP,Distribusi Pro (Guyuran),Gorengan Sepi (< 5M),Sepi (< 50%),Mark-Up (Fase Pesta),Normal,Normal,Sideways / Stagnan,TP: 1141 | CL: 1089,Normal,Tidak Ideal (< 1:1),Death Cross (Awal Bearish),Netral / Sepi Berita,Normal / Sedang Transisi,Dekat Support Fibo 50.0%,4,WAIT & SEE,TIDAK ADA,2026-08-24 16:50:01,Biasa / Mengikuti Pasar
16:50,GEMA,Token Mati (Perlu Update),Small Cap (Lapis 3),Fair Value (Wajar),0.0,0.3061115,83.0,81,79,87,0.0,977300,Normal,62,Negatif,Uptrend,Bullish,Strong Bullish,Perfect Uptrend (5>20>50),Normal,Akumulasi (Naik),Normal,Seimbang / Adu Mekanik,Squeeze,Rendah,Doji (Ragu-ragu),Area Tengah,< 1 Miliar,Di Atas VWAP (Kuat),Distribusi Pro (Guyuran),Gorengan Sepi (< 5M),Sepi (< 50%),Mark-Up (Fase Pesta),Spesialis Tiang Jemuran (Banting Pucuk),Normal,Sideways / Stagnan,TP: 87 | CL: 80,Normal,Menengah (1:1),Netral / Sideways,Sentimen Negatif ⚠️,Normal / Sedang Transisi,Dekat Support Fibo 38.2%,5,WAIT & SEE,TIDAK ADA,2026-08-24 16:50:01,Biasa / Mengikuti Pasar
16:50,GEMS,Token Mati (Perlu Update),Big Cap (Lapis 1),Overvalued (Mahal),9.751148,50939.848,6750.0,6556,6350,6800,0.7462686567164178,115200,Tembus MA20,62,Positif,Uptrend,Bullish,Strong Bullish,Perfect Uptrend (5>20>50),Normal,Akumulasi (Naik),Normal,Seimbang / Adu Mekanik,Squeeze,Rendah,Doji (Ragu-ragu),Area Tengah,< 1 Miliar,Persis di VWAP,Akumulasi Pro (Smart Money),Gorengan Sepi (< 5M),Normal (50-150%),Mark-Up (Fase Pesta),Spesialis Tiang Jemuran (Banting Pucuk),Normal,Naik 3 Hari Beruntun,TP: 6937 | CL: 6625,Normal,Tidak Ideal (< 1:1),Overbought (Jenuh Beli - Rawan),Sentimen Positif 📰,Normal / Sedang Transisi,Dekat Support Fibo 50.0%,8,BELI,TIDAK ADA,2026-08-24 16:50:01,Biasa / Mengikuti Pasar
16:50,GGRM,Token Mati (Perlu Update),Big Cap (Lapis 1),Undervalued (Murah),8.85648,0.61100423,20325.0,19916,17450,21825,-1.6928657799274487,1019300,Normal,60,Negatif,Uptrend,Bullish,Bearish MACD,Perfect Uptrend (5>20>50),Normal,Akumulasi (Naik),Normal,Seimbang / Adu Mekanik,Normal,Tinggi,Normal,Rawan Pucuk (High Risk),> 1 Miliar,Persis di VWAP,Akumulasi Pro (Smart Money),Ritel Aktif (5M - 50M),Normal (50-150%),Mark-Up (Fase Pesta),Spesialis Tiang Jemuran (Banting Pucuk),Normal,Turun 1 Hari Beruntun,TP: 21404 | CL: 19605,Normal,Tidak Ideal (< 1:1),Netral / Sideways,Sentimen Positif 📰,Normal / Sedang Transisi,Mendekati Fibo 23.6%,5,WAIT & SEE,TIDAK ADA,2026-08-24 16:50:01,Biasa / Mengikuti Pasar
16:50,GIAA,Token Mati (Perlu Update),Big Cap (Lapis 1),Fair Value (Wajar),0.0,0.0,70.0,63,52,84,-2.7777777777777777,206486100,Normal,61,Negatif,Uptrend,Bullish,Strong Bullish,Perfect Uptrend (5>20>50),Normal,Distribusi (Turun),Normal,Dominan Jual (Guyur),Normal,Tinggi,Normal,Rawan Pucuk (High Risk),> 1 Miliar,Di Bawah VWAP (Lemah),Distribusi Pro (Guyuran),Ritel Aktif (5M - 50M),Sepi (< 50%),Mark-Up (Fase Pesta),Solid (Jarang Dibanting),Normal,Turun 2 Hari Beruntun,TP: 78 | CL: 64,Normal,Tidak Ideal (< 1:1),Death Cross (Awal Bearish),Sentimen Positif 📰,Normal / Sedang Transisi,Mendekati Fibo 50.0%,5,WAIT & SEE,TIDAK ADA,2026-08-24 16:50:01,Biasa / Mengikuti Pasar
16:50,GJTL,Token Mati (Perlu Update),Mid Cap (Lapis 2),Undervalued (Murah),3.0193634,0.43682817,1375.0,1296,1150,1400,0.0,3856400,Normal,75,Negatif,Uptrend,Bullish,Strong Bullish,Perfect Uptrend (5>20>50),Normal,Akumulasi (Naik),Normal,Dominan Jual (Guyur),Normal,Tinggi,Doji (Ragu-ragu),Rawan Pucuk (High Risk),> 1 Miliar,Di Atas VWAP (Kuat),Akumulasi Pro (Smart Money),Ritel Aktif (5M - 50M),Normal (50-150%),Mark-Up (Fase Pesta),Normal,Normal,Sideways / Stagnan,TP: 1425 | CL: 1341,Normal,Tidak Ideal (< 1:1),Death Cross (Awal Bearish),Sentimen Positif 📰,Normal / Sedang Transisi,Mendekati Fibo 23.6%,6,WAIT & SEE,TIDAK ADA,2026-08-24 16:50:01,Biasa / Mengikuti Pasar
16:50,GLOB,Token Mati (Perlu Update),Small Cap (Lapis 3),Fair Value (Wajar),0.0,-0.14307141,155.0,155,155,155,0.0,0,Normal,0,Negatif,Downtrend,Bearish,Bearish MACD,Konsolidasi / Transisi,Normal,Netral,Normal,Tidak Ada Transaksi,Squeeze,Rendah,Doji (Ragu-ragu),Dekat Support (Low Risk),< 1 Miliar,Di Atas VWAP (Kuat),Netral,Gorengan Sepi (< 5M),Normal (50-150%),Sideways,Solid (Jarang Dibanting),Normal,Sideways / Stagnan,TP: 156 | CL: 154,Normal,Di Area Support,Oversold (Jenuh Jual - Peluang),Netral / Sepi Berita,Normal / Sedang Transisi,Normal / Sideways,0,WAIT & SEE,TIDAK ADA,2026-08-24 16:50:01,Biasa / Mengikuti Pasar
16:50,GMTD,Token Mati (Perlu Update),Mid Cap (Lapis 2),Overvalued (Mahal),106.4227,1.7101895,1460.0,1298,1220,1525,17.741935483870968,72600,Tembus MA20,66,Positif,Uptrend,Bearish,Bullish MACD,Strong Downtrend (5<20<50),Akumulasi Kuat,Akumulasi (Naik),Normal,Dominan Beli (Hajar Kanan),Breakout Upper,Tinggi,Marubozu (Strong Bullish),Rawan Pucuk (High Risk),< 1 Miliar,Di Atas VWAP (Kuat),Akumulasi Pro (Smart Money),Gorengan Sepi (< 5M),Ledakan Ekstrem (> 300%),Accumulation (Kumpul Barang),Normal,Normal,Naik 1 Hari Beruntun,TP: 1548 | CL: 1400,Normal,Tidak Ideal (< 1:1),Netral / Sideways,Sentimen Positif 📰,Normal / Sedang Transisi,Mengambang (Jauh dari Fibo),9,BELI,TIDAK ADA,2026-08-24 16:50:01,⚠️ Anomali (Sudah Terbang)
16:50,GOLD,Token Mati (Perlu Update),Small Cap (Lapis 3),Fair Value (Wajar),23.073685,0.7870736,274.0,270,258,306,-2.142857142857143,227100,Normal,54,Negatif,Uptrend,Bullish,Strong Bullish,Perfect Uptrend (5>20>50),Normal,Akumulasi (Naik),Normal,Seimbang / Adu Mekanik,Normal,Sedang,Normal,Area Tengah,< 1 Miliar,Di Bawah VWAP (Lemah),Distribusi Pro (Guyuran),Gorengan Sepi (< 5M),Normal (50-150%),Mark-Up (Fase Pesta),Spesialis Tiang Jemuran (Banting Pucuk),Normal,Turun 2 Hari Beruntun,TP: 294 | CL: 260,Normal,Ideal (1:2),Netral / Sideways,Sentimen Positif 📰,Supply Banjir (Distribusi) 🌊,Mendekati Fibo 61.8% (Golden Ratio),6,WAIT & SEE,TIDAK ADA,2026-08-24 16:50:01,Biasa / Mengikuti Pasar
16:50,GPRA,Token Mati (Perlu Update),Small Cap (Lapis 3),Undervalued (Murah),6.9899244,0.34928176,110.0,106,97,114,0.9174311926605505,107729800,Normal,58,Positif,Uptrend,Bullish,Strong Bullish,Perfect Uptrend (5>20>50),Normal,Akumulasi (Naik),Normal,Dominan Beli (Hajar Kanan),Normal,Sedang,Normal,Rawan Pucuk (High Risk),> 1 Miliar,Persis di VWAP,Distribusi Pro (Guyuran),Ritel Aktif (5M - 50M),Normal (50-150%),Mark-Up (Fase Pesta),Normal,Normal,Naik 1 Hari Beruntun,TP: 117 | CL: 105,Normal,Tidak Ideal (< 1:1),Death Cross (Awal Bearish),Netral / Sepi Berita,Normal / Sedang Transisi,Dekat Support Fibo 23.6%,7,BELI,TIDAK ADA,2026-08-24 16:50:01,Biasa / Mengikuti Pasar
16:50,GSMF,Token Mati (Perlu Update),Mid Cap (Lapis 2),Overvalued (Mahal),55.555553,0.58276486,96.0,88,83,113,0.0,4841200,Normal,67,Negatif,Uptrend,Bullish,Strong Bullish,Perfect Uptrend (5>20>50),Normal,Akumulasi (Naik),Normal,Seimbang / Adu Mekanik,Breakout Upper,Tinggi,Normal,Rawan Pucuk (High Risk),< 1 Miliar,Di Bawah VWAP (Lemah),Distribusi Pro (Guyuran),Ritel Aktif (5M - 50M),Sepi (< 50%),Mark-Up (Fase Pesta),Spesialis Tiang Jemuran (Banting Pucuk),Normal,Sideways / Stagnan,TP: 106 | CL: 89,Normal,Menengah (1:1),Netral / Sideways,Netral / Sepi Berita,Supply Banjir (Distribusi) 🌊,Mendekati Fibo 38.2%,5,WAIT & SEE,TIDAK ADA,2026-08-24 16:50:01,Biasa / Mengikuti Pasar
16:50,GTBO,Token Mati (Perlu Update),Small Cap (Lapis 3),Overvalued (Mahal),0.0,9444.445,170.0,170,170,170,0.0,0,Normal,28,Negatif,Downtrend,Bearish,Bullish MACD,Konsolidasi / Transisi,Normal,Netral,Normal,Tidak Ada Transaksi,Squeeze,Rendah,Doji (Ragu-ragu),Dekat Support (Low Risk),< 1 Miliar,Di Atas VWAP (Kuat),Netral,Gorengan Sepi (< 5M),Normal (50-150%),Sideways,Solid (Jarang Dibanting),Normal,Sideways / Stagnan,TP: 171 | CL: 169,Normal,Di Area Support,Oversold (Jenuh Jual - Peluang),Netral / Sepi Berita,Normal / Sedang Transisi,Mengambang (Jauh dari Fibo),1,WAIT & SEE,TIDAK ADA,2026-08-24 16:50:01,Biasa / Mengikuti Pasar
16:50,GWSA,Token Mati (Perlu Update),Mid Cap (Lapis 2),Undervalued (Murah),9.673659,0.1775988,167.0,137,120,168,6.369426751592357,16728100,Tembus MA20,82,Positif,Uptrend,Bullish,Strong Bullish,Perfect Uptrend (5>20>50),Akumulasi Kuat,Akumulasi (Naik),Normal,Dominan Beli (Hajar Kanan),Breakout Upper,Tinggi,Normal,Rawan Pucuk (High Risk),> 1 Miliar,Di Atas VWAP (Kuat),Akumulasi Pro (Smart Money),Gorengan Sepi (< 5M),Ledakan Ekstrem (> 300%),Mark-Up (Fase Pesta),Spesialis Tiang Jemuran (Banting Pucuk),Normal,Naik 5 Hari Beruntun,TP: 179 | CL: 158,Normal,Tidak Ideal (< 1:1),Overbought (Jenuh Beli - Rawan),Sentimen Negatif ⚠️,Normal / Sedang Transisi,Mengambang (Jauh dari Fibo),9,BELI,TIDAK ADA,2026-08-24 16:50:01,Biasa / Mengikuti Pasar
16:50,GZCO,Token Mati (Perlu Update),Mid Cap (Lapis 2),Undervalued (Murah),9.267793,0.867336,180.0,170,142,202,-1.639344262295082,20562100,Normal,63,Negatif,Uptrend,Bullish,Strong Bullish,Perfect Uptrend (5>20>50),Normal,Akumulasi (Naik),Normal,Dominan Jual (Guyur),Normal,Tinggi,Normal,Rawan Pucuk (High Risk),> 1 Miliar,Di Bawah VWAP (Lemah),Distribusi Pro (Guyuran),Ritel Aktif (5M - 50M),Sepi (< 50%),Mark-Up (Fase Pesta),Spesialis Tiang Jemuran (Banting Pucuk),Normal,Turun 2 Hari Beruntun,TP: 192 | CL: 171,Normal,Tidak Ideal (< 1:1),Netral / Sideways,Sentimen Positif 📰,Supply Banjir (Distribusi) 🌊,Mengambang (Jauh dari Fibo),6,WAIT & SEE,TIDAK ADA,2026-08-24 16:50:01,Biasa / Mengikuti Pasar
16:50,HADE,Token Mati (Perlu Update),Small Cap (Lapis 3),Overvalued (Mahal),0.0,8.603239,17.0,18,17,20,0.0,3076100,Normal,45,Negatif,Downtrend,Bearish,Strong Bearish,Konsolidasi / Transisi,Normal,Distribusi (Turun),Normal,Tidak Ada Transaksi,Normal,Tinggi,Doji (Ragu-ragu),Dekat Support (Low Risk),< 1 Miliar,Di Bawah VWAP (Lemah),Distribusi Pro (Guyuran),Gorengan Sepi (< 5M),Normal (50-150%),Distribution (Fase Jualan),Normal,Normal,Sideways / Stagnan,TP: 18 | CL: 16,Normal,Di Area Support,Oversold (Jenuh Jual - Peluang),Netral / Sepi Berita,Normal / Sedang Transisi,Mendekati Fibo 50.0%,0,WAIT & SEE,TIDAK ADA,2026-08-24 16:50:01,Biasa / Mengikuti Pasar
16:50,HDFA,Token Mati (Perlu Update),Small Cap (Lapis 3),Fair Value (Wajar),0.0,1.3016682,98.0,96,86,130,0.0,707000,Normal,55,Negatif,Uptrend,Bullish,Bearish MACD,Perfect Uptrend (5>20>50),Normal,Akumulasi (Naik),Normal,Dominan Jual (Guyur),Normal,Tinggi,Normal,Rawan Pucuk (High Risk),< 1 Miliar,Di Bawah VWAP (Lemah),Distribusi Pro (Guyuran),Gorengan Sepi (< 5M),Sepi (< 50%),Mark-Up (Fase Pesta),Spesialis Tiang Jemuran (Banting Pucuk),Normal,Sideways / Stagnan,TP: 113 | CL: 87,Normal,Ideal (1:2),Netral / Sideways,Netral / Sepi Berita,Normal / Sedang Transisi,Mendekati Fibo 61.8% (Golden Ratio),4,WAIT & SEE,TIDAK ADA,2026-08-24 16:50:01,Biasa / Mengikuti Pasar
16:50,HERO,Token Mati (Perlu Update),Mid Cap (Lapis 2),Overvalued (Mahal),112.37458,0.8165666,336.0,339,318,372,-1.1764705882352942,52500,Normal,49,Negatif,Downtrend,Bearish,Bearish MACD,Konsolidasi / Transisi,Normal,Distribusi (Turun),Normal,Dominan Jual (Guyur),Squeeze,Rendah,Normal,Area Tengah,< 1 Miliar,Persis di VWAP,Distribusi Pro (Guyuran),Gorengan Sepi (< 5M),Sepi (< 50%),Distribution (Fase Jualan),Normal,Normal,Turun 1 Hari Beruntun,TP: 356 | CL: 322,Open = High (Tekanan Jual),Ideal (1:2),Netral / Sideways,Sentimen Positif 📰,Normal / Sedang Transisi,Mendekati Fibo 78.6%,1,WAIT & SEE,TIDAK ADA,2026-08-24 16:50:01,Biasa / Mengikuti Pasar
16:50,HEXA,Token Mati (Perlu Update),Mid Cap (Lapis 2),Overvalued (Mahal),14.293732,21435.643,4330.0,4433,4320,4510,-0.2304147465437788,466500,Tembus MA20,35,Negatif,Downtrend,Bearish,Strong Bearish,Konsolidasi / Transisi,Normal,Distribusi (Turun),Normal,Seimbang / Adu Mekanik,Squeeze,Rendah,Normal,Dekat Support (Low Risk),> 1 Miliar,Persis di VWAP,Distribusi Pro (Guyuran),Gorengan Sepi (< 5M),Normal (50-150%),Distribution (Fase Jualan),Normal,Normal,Turun 2 Hari Beruntun,TP: 4387 | CL: 4291,Open = High (Tekanan Jual),Sangat Menarik (> 1:3),Oversold (Jenuh Jual - Peluang),Sentimen Positif 📰,Supply Banjir (Distribusi) 🌊,Golden Rebound Fibo 50.0% 🎯,2,WAIT & SEE,TIDAK ADA,2026-08-24 16:50:01,Biasa / Mengikuti Pasar
16:50,HITS,Token Mati (Perlu Update),Small Cap (Lapis 3),Overvalued (Mahal),24.21712,14499.999,116.0,116,116,116,0.0,0,Normal,0,Negatif,Downtrend,Bearish,Bearish MACD,Konsolidasi / Transisi,Normal,Netral,Normal,Tidak Ada Transaksi,Squeeze,Rendah,Doji (Ragu-ragu),Dekat Support (Low Risk),< 1 Miliar,Di Atas VWAP (Kuat),Netral,Gorengan Sepi (< 5M),Normal (50-150%),Sideways,Solid (Jarang Dibanting),Normal,Sideways / Stagnan,TP: 117 | CL: 115,Normal,Di Area Support,Oversold (Jenuh Jual - Peluang),Netral / Sepi Berita,Normal / Sedang Transisi,Normal / Sideways,0,WAIT & SEE,TIDAK ADA,2026-08-24 16:50:01,Biasa / Mengikuti Pasar
16:50,HMSP,Token Mati (Perlu Update),Big Cap (Lapis 1),Overvalued (Mahal),9.930686,3.3282108,740.0,742,710,790,-0.6711409395973155,10232100,Normal,54,Negatif,Downtrend,Bullish,Bearish MACD,Perfect Uptrend (5>20>50),Normal,Distribusi (Turun),Normal,Dominan Jual (Guyur),Normal,Sedang,Normal,Area Tengah,> 1 Miliar,Persis di VWAP,Akumulasi Pro (Smart Money),Ritel Aktif (5M - 50M),Normal (50-150%),Distribution (Fase Jualan),Normal,Normal,Turun 2 Hari Beruntun,TP: 772 | CL: 718,Normal,Ideal (1:2),Netral / Sideways,Sentimen Positif 📰,Normal / Sedang Transisi,Mendekati Fibo 38.2%,3,WAIT & SEE,TIDAK ADA,2026-08-24 16:50:01,Biasa / Mengikuti Pasar
16:50,HRUM,Token Mati (Perlu Update),Big Cap (Lapis 1),Overvalued (Mahal),15.479361,12739.727,930.0,853,775,955,1.0869565217391304,33722600,Tembus MA20,67,Positif,Uptrend,Bullish,Strong Bullish,Perfect Uptrend (5>20>50),Normal,Akumulasi (Naik),Normal,Seimbang / Adu Mekanik,Normal,Tinggi,Normal,Rawan Pucuk (High Risk),> 1 Miliar,Di Atas VWAP (Kuat),Akumulasi Pro (Smart Money),Ritel Aktif (5M - 50M),Normal (50-150%),Mark-Up (Fase Pesta),Normal,Normal,Naik 3 Hari Beruntun,TP: 987 | CL: 891,Normal,Tidak Ideal (< 1:1),Overbought (Jenuh Beli - Rawan),Netral / Sepi Berita,Normal / Sedang Transisi,Mengambang (Jauh dari Fibo),7,BELI,TIDAK ADA,2026-08-24 16:50:01,Biasa / Mengikuti Pasar
16:50,IATA,Token Mati (Perlu Update),Mid Cap (Lapis 2),Overvalued (Mahal),65.36313,29249.998,116.0,101,57,138,-3.3333333333333335,317952900,Normal,63,Negatif,Uptrend,Bullish,Strong Bullish,Perfect Uptrend (5>20>50),Normal,Distribusi (Turun),Normal,Dominan Jual (Guyur),Normal,Tinggi,Normal,Rawan Pucuk (High Risk),> 1 Miliar,Di Bawah VWAP (Lemah),Distribusi Pro (Guyuran),Sultan (> 50M/hari),Sepi (< 50%),Mark-Up (Fase Pesta),Normal,Normal,Turun 1 Hari Beruntun,TP: 135 | CL: 103,Normal,Tidak Ideal (< 1:1),Death Cross (Awal Bearish),Sentimen Negatif ⚠️,Normal / Sedang Transisi,Mengambang (Jauh dari Fibo),4,WAIT & SEE,TIDAK ADA,2026-08-24 16:50:01,🔥 ANOMALI BANDAR (Siap Ledakan)
16:50,IBFN,Token Mati (Perlu Update),Small Cap (Lapis 3),Fair Value (Wajar),0.0,-0.12351173,63.0,63,63,63,0.0,0,Normal,46,Negatif,Downtrend,Bearish,Bullish MACD,Konsolidasi / Transisi,Normal,Netral,Normal,Tidak Ada Transaksi,Squeeze,Rendah,Doji (Ragu-ragu),Dekat Support (Low Risk),< 1 Miliar,Di Atas VWAP (Kuat),Netral,Gorengan Sepi (< 5M),Normal (50-150%),Sideways,Solid (Jarang Dibanting),Normal,Sideways / Stagnan,TP: 64 | CL: 62,Normal,Di Area Support,Oversold (Jenuh Jual - Peluang),Netral / Sepi Berita,Normal / Sedang Transisi,Golden Rebound Fibo 61.8% (Golden Ratio) 🎯,1,WAIT & SEE,TIDAK ADA,2026-08-24 16:50:01,Biasa / Mengikuti Pasar
16:50,IBST,Token Mati (Perlu Update),Big Cap (Lapis 1),Overvalued (Mahal),29.15477,4.1746283,8475.0,8475,8475,8475,0.0,0,Normal,0,Negatif,Downtrend,Bearish,Bearish MACD,Konsolidasi / Transisi,Normal,Netral,Normal,Tidak Ada Transaksi,Squeeze,Rendah,Doji (Ragu-ragu),Dekat Support (Low Risk),< 1 Miliar,Di Atas VWAP (Kuat),Netral,Gorengan Sepi (< 5M),Normal (50-150%),Sideways,Solid (Jarang Dibanting),Normal,Sideways / Stagnan,TP: 8476 | CL: 8474,Normal,Di Area Support,Oversold (Jenuh Jual - Peluang),Netral / Sepi Berita,Normal / Sedang Transisi,Normal / Sideways,0,WAIT & SEE,TIDAK ADA,2026-08-24 16:50:01,Biasa / Mengikuti Pasar
16:50,ICBP,Token Mati (Perlu Update),Big Cap (Lapis 1),Fair Value (Wajar),12.245607,1.7128408,7725.0,7397,6875,7800,1.3114754098360655,3389300,Normal,71,Positif,Uptrend,Bullish,Strong Bullish,Perfect Uptrend (5>20>50),Normal,Akumulasi (Naik),Normal,Dominan Beli (Hajar Kanan),Normal,Tinggi,Normal,Rawan Pucuk (High Risk),> 1 Miliar,Persis di VWAP,Akumulasi Pro (Smart Money),Ritel Aktif (5M - 50M),Normal (50-150%),Mark-Up (Fase Pesta),Normal,Normal,Naik 1 Hari Beruntun,TP: 7968 | CL: 7562,Normal,Tidak Ideal (< 1:1),Overbought (Jenuh Beli - Rawan),Sentimen Negatif ⚠️,Normal / Sedang Transisi,Mendekati Fibo 23.6%,7,BELI,TIDAK ADA,2026-08-24 16:50:01,Biasa / Mengikuti Pasar
16:50,ICON,Token Mati (Perlu Update),Small Cap (Lapis 3),Fair Value (Wajar),0.0,0.86857665,125.0,119,96,153,-7.4074074074074066,12956100,Normal,55,Negatif,Uptrend,Bullish,Strong Bullish,Perfect Uptrend (5>20>50),Normal,Distribusi (Turun),Normal,Dominan Jual (Guyur),Normal,Tinggi,Normal,Rawan Pucuk (High Risk),> 1 Miliar,Di Bawah VWAP (Lemah),Distribusi Pro (Guyuran),Gorengan Sepi (< 5M),Sepi (< 50%),Mark-Up (Fase Pesta),Spesialis Tiang Jemuran (Banting Pucuk),Normal,Turun 2 Hari Beruntun,TP: 146 | CL: 110,Normal,Tidak Ideal (< 1:1),Netral / Sideways,Sentimen Positif 📰,Normal / Sedang Transisi,Dekat Support Fibo 50.0%,5,WAIT & SEE,TIDAK ADA,2026-08-24 16:50:01,Biasa / Mengikuti Pasar
16:50,IGAR,Token Mati (Perlu Update),Small Cap (Lapis 3),Undervalued (Murah),6.3621535,0.60674655,468.0,444,414,500,-0.425531914893617,31300,Normal,76,Negatif,Uptrend,Bullish,Strong Bullish,Perfect Uptrend (5>20>50),Normal,Akumulasi (Naik),Normal,Seimbang / Adu Mekanik,Normal,Sedang,Normal,Rawan Pucuk (High Risk),< 1 Miliar,Persis di VWAP,Distribusi Pro (Guyuran),Gorengan Sepi (< 5M),Normal (50-150%),Mark-Up (Fase Pesta),Spesialis Tiang Jemuran (Banting Pucuk),Normal,Turun 1 Hari Beruntun,TP: 482 | CL: 458,Open = High (Tekanan Jual),Tidak Ideal (< 1:1),Death Cross (Awal Bearish),Sentimen Positif 📰,Normal / Sedang Transisi,Dekat Support Fibo 38.2%,6,WAIT & SEE,TIDAK ADA,2026-08-24 16:50:01,Biasa / Mengikuti Pasar
16:50,IKAI,Token Mati (Perlu Update),Small Cap (Lapis 3),Fair Value (Wajar),0.0,0.43173233,20.0,20,19,23,0.0,12157900,Normal,48,Negatif,Downtrend,Bearish,Bearish MACD,Konsolidasi / Transisi,Normal,Distribusi (Turun),Normal,Dominan Beli (Hajar Kanan),Normal,Tinggi,Doji (Ragu-ragu),Area Tengah,< 1 Miliar,Di Bawah VWAP (Lemah),Distribusi Pro (Guyuran),Gorengan Sepi (< 5M),Normal (50-150%),Distribution (Fase Jualan),Normal,Jarum Bawah (Sinyal Pantulan Kuat),Sideways / Stagnan,TP: 21 | CL: 19,Normal,Sangat Menarik (> 1:3),Golden Cross (Awal Bullish),Netral / Sepi Berita,Normal / Sedang Transisi,Mendekati Fibo 50.0%,1,WAIT & SEE,TIDAK ADA,2026-08-24 16:50:01,Biasa / Mengikuti Pasar
16:50,IKBI,Token Mati (Perlu Update),Small Cap (Lapis 3),Overvalued (Mahal),4.9092946,7291.667,525.0,555,504,753,0.0,315600,Normal,46,Negatif,Downtrend,Bearish,Bearish MACD,Konsolidasi / Transisi,Normal,Distribusi (Turun),Normal,Dominan Beli (Hajar Kanan),Normal,Tinggi,Doji (Ragu-ragu),Area Tengah,< 1 Miliar,Di Bawah VWAP (Lemah),Distribusi Pro (Guyuran),Gorengan Sepi (< 5M),Sepi (< 50%),Distribution (Fase Jualan),Normal,Jarum Bawah (Sinyal Pantulan Kuat),Sideways / Stagnan,TP: 603 | CL: 472,Normal,Sangat Menarik (> 1:3),Oversold (Jenuh Jual - Peluang),Sentimen Positif 📰,Normal / Sedang Transisi,Mendekati Fibo 78.6%,2,WAIT & SEE,TIDAK ADA,2026-08-24 16:50:01,Biasa / Mengikuti Pasar
16:50,IMAS,Token Mati (Perlu Update),Mid Cap (Lapis 2),Overvalued (Mahal),35.188866,0.24949305,885.0,863,820,920,-1.1173184357541899,192700,Normal,59,Negatif,Uptrend,Bullish,Strong Bullish,Perfect Uptrend (5>20>50),Normal,Akumulasi (Naik),Normal,Dominan Jual (Guyur),Squeeze,Rendah,Normal,Area Tengah,< 1 Miliar,Persis di VWAP,Distribusi Pro (Guyuran),Gorengan Sepi (< 5M),Normal (50-150%),Mark-Up (Fase Pesta),Normal,Normal,Turun 2 Hari Beruntun,TP: 925 | CL: 857,Normal,Tidak Ideal (< 1:1),Death Cross (Awal Bearish),Sentimen Positif 📰,Normal / Sedang Transisi,Dekat Support Fibo 38.2%,6,WAIT & SEE,TIDAK ADA,2026-08-24 16:50:01,Biasa / Mengikuti Pasar
16:50,IMJS,Token Mati (Perlu Update),Mid Cap (Lapis 2),Undervalued (Murah),9.5951185,0.34118855,173.0,161,144,178,0.5813953488372093,4949000,Tembus MA20,70,Positif,Uptrend,Bullish,Strong Bullish,Perfect Uptrend (5>20>50),Normal,Akumulasi (Naik),Normal,Dominan Jual (Guyur),Normal,Tinggi,Doji (Ragu-ragu),Rawan Pucuk (High Risk),< 1 Miliar,Di Atas VWAP (Kuat),Distribusi Pro (Guyuran),Gorengan Sepi (< 5M),Normal (50-150%),Mark-Up (Fase Pesta),Spesialis Tiang Jemuran (Banting Pucuk),Normal,Naik 6 Hari Beruntun,TP: 182 | CL: 166,Normal,Tidak Ideal (< 1:1),Death Cross (Awal Bearish),Sentimen Positif 📰,Normal / Sedang Transisi,Mendekati Fibo 23.6%,8,BELI,TIDAK ADA,2026-08-24 16:50:01,Biasa / Mengikuti Pasar
16:50,IMPC,Token Mati (Perlu Update),Big Cap (Lapis 1),Overvalued (Mahal),96.235794,23.47906,1360.0,1485,1335,1610,-1.4492753623188406,6242700,Normal,37,Negatif,Downtrend,Bearish,Strong Bearish,Strong Downtrend (5<20<50),Normal,Distribusi (Turun),Normal,Dominan Jual (Guyur),Normal,Tinggi,Normal,Dekat Support (Low Risk),> 1 Miliar,Di Bawah VWAP (Lemah),Distribusi Pro (Guyuran),Ritel Aktif (5M - 50M),Normal (50-150%),Mark-Down (Fase Runtuh),Normal,Normal,Turun 2 Hari Beruntun,TP: 1447 | CL: 1301,Normal,Sangat Menarik (> 1:3),Oversold (Jenuh Jual - Peluang),Sentimen Positif 📰,Normal / Sedang Transisi,Mengambang (Jauh dari Fibo),1,WAIT & SEE,TIDAK ADA,2026-08-24 16:50:01,Biasa / Mengikuti Pasar
16:50,INAF,Token Mati (Perlu Update),Small Cap (Lapis 3),Fair Value (Wajar),0.0,-0.5276603,126.0,126,126,126,0.0,0,Normal,0,Negatif,Downtrend,Bearish,Bearish MACD,Konsolidasi / Transisi,Normal,Netral,Normal,Tidak Ada Transaksi,Squeeze,Rendah,Doji (Ragu-ragu),Dekat Support (Low Risk),< 1 Miliar,Di Atas VWAP (Kuat),Netral,Gorengan Sepi (< 5M),Normal (50-150%),Sideways,Solid (Jarang Dibanting),Normal,Sideways / Stagnan,TP: 127 | CL: 125,Normal,Di Area Support,Oversold (Jenuh Jual - Peluang),Netral / Sepi Berita,Normal / Sedang Transisi,Normal / Sideways,0,WAIT & SEE,TIDAK ADA,2026-08-24 16:50:01,Biasa / Mengikuti Pasar
16:50,INAI,Token Mati (Perlu Update),Small Cap (Lapis 3),Fair Value (Wajar),0.0,1.7504351,178.0,177,157,220,1.1363636363636365,6381900,Tembus MA20,58,Positif,Uptrend,Bearish,Bearish MACD,Konsolidasi / Transisi,Normal,Akumulasi (Naik),Normal,Dominan Jual (Guyur),Normal,Sedang,Doji (Ragu-ragu),Rawan Pucuk (High Risk),> 1 Miliar,Di Bawah VWAP (Lemah),Distribusi Pro (Guyuran),Gorengan Sepi (< 5M),Anomali Tinggi (150-300%),Mark-Up (Fase Pesta),Spesialis Tiang Jemuran (Banting Pucuk),Normal,Naik 1 Hari Beruntun,TP: 192 | CL: 168,Normal,Ideal (1:2),Golden Cross (Awal Bullish),Sentimen Negatif ⚠️,Normal / Sedang Transisi,Mendekati Fibo 50.0%,5,WAIT & SEE,TIDAK ADA,2026-08-24 16:50:01,Biasa / Mengikuti Pasar
16:50,INCI,Token Mati (Perlu Update),Small Cap (Lapis 3),Undervalued (Murah),8.020342,0.2896168,675.0,666,635,690,0.7462686567164178,12400,Normal,56,Positif,Uptrend,Bullish,Bearish MACD,Perfect Uptrend (5>20>50),Normal,Distribusi (Turun),Normal,Dominan Beli (Hajar Kanan),Squeeze,Rendah,Normal,Area Tengah,< 1 Miliar,Di Atas VWAP (Kuat),Akumulasi Pro (Smart Money),Gorengan Sepi (< 5M),Sepi (< 50%),Mark-Up (Fase Pesta),Spesialis Tiang Jemuran (Banting Pucuk),Normal,Naik 2 Hari Beruntun,TP: 704 | CL: 655,Normal,Tidak Ideal (< 1:1),Netral / Sideways,Sentimen Positif 📰,Supply Kering (Siap Pump) 🏜️,Golden Rebound Fibo 38.2% 🎯,6,WAIT & SEE,TIDAK ADA,2026-08-24 16:50:01,Biasa / Mengikuti Pasar
16:50,INCO,Token Mati (Perlu Update),Big Cap (Lapis 1),Overvalued (Mahal),19.84127,19330.855,5200.0,5170,4620,5700,0.0,8789400,Normal,53,Negatif,Uptrend,Bullish,Bearish MACD,Perfect Uptrend (5>20>50),Normal,Distribusi (Turun),Normal,Seimbang / Adu Mekanik,Normal,Tinggi,Normal,Rawan Pucuk (High Risk),> 1 Miliar,Persis di VWAP,Distribusi Pro (Guyuran),Ritel Aktif (5M - 50M),Normal (50-150%),Mark-Up (Fase Pesta),Normal,Normal,Sideways / Stagnan,TP: 5542 | CL: 4971,Normal,Tidak Ideal (< 1:1),Netral / Sideways,Sentimen Positif 📰,Normal / Sedang Transisi,Mendekati Fibo 38.2%,4,WAIT & SEE,TIDAK ADA,2026-08-24 16:50:01,Biasa / Mengikuti Pasar
16:50,INDF,Token Mati (Perlu Update),Big Cap (Lapis 1),Undervalued (Murah),6.7429953,0.8418327,7375.0,7212,6800,7450,0.0,1821300,Normal,65,Negatif,Uptrend,Bullish,Bearish MACD,Perfect Uptrend (5>20>50),Normal,Distribusi (Turun),Normal,Dominan Beli (Hajar Kanan),Normal,Sedang,Doji (Ragu-ragu),Area Tengah,> 1 Miliar,Persis di VWAP,Distribusi Pro (Guyuran),Ritel Aktif (5M - 50M),Sepi (< 50%),Mark-Up (Fase Pesta),Normal,Jarum Bawah (Sinyal Pantulan Kuat),Sideways / Stagnan,TP: 7583 | CL: 7235,Normal,Tidak Ideal (< 1:1),Overbought (Jenuh Beli - Rawan),Sentimen Positif 📰,Normal / Sedang Transisi,Mendekati Fibo 23.6%,5,WAIT & SEE,TIDAK ADA,2026-08-24 16:50:01,Biasa / Mengikuti Pasar
16:50,INDR,Token Mati (Perlu Update),Mid Cap (Lapis 2),Overvalued (Mahal),8.774454,4326.241,2440.0,2295,1930,2600,-0.40816326530612246,9800,Normal,68,Negatif,Uptrend,Bullish,Strong Bullish,Perfect Uptrend (5>20>50),Normal,Distribusi (Turun),Gap Down (-2.4%),Dominan Jual (Guyur),Normal,Tinggi,Normal,Rawan Pucuk (High Risk),< 1 Miliar,Di Atas VWAP (Kuat),Akumulasi Pro (Smart Money),Gorengan Sepi (< 5M),Sepi (< 50%),Mark-Up (Fase Pesta),Spesialis Tiang Jemuran (Banting Pucuk),Normal,Turun 1 Hari Beruntun,TP: 2626 | CL: 2315,Open = Low (Bullish Kuat),Tidak Ideal (< 1:1),Death Cross (Awal Bearish),Sentimen Positif 📰,Normal / Sedang Transisi,Mendekati Fibo 23.6%,5,WAIT & SEE,TIDAK ADA,2026-08-24 16:50:01,Biasa / Mengikuti Pasar
16:50,INDS,Token Mati (Perlu Update),Mid Cap (Lapis 2),Overvalued (Mahal),27.868853,0.52150035,274.0,271,258,288,3.007518796992481,2249500,Tembus MA20,54,Positif,Uptrend,Bearish,Strong Bearish,Konsolidasi / Transisi,Normal,Distribusi (Turun),Normal,Dominan Beli (Hajar Kanan),Normal,Sedang,Normal,Area Tengah,< 1 Miliar,Di Atas VWAP (Kuat),Akumulasi Pro (Smart Money),Gorengan Sepi (< 5M),Normal (50-150%),Mark-Up (Fase Pesta),Normal,Normal,Naik 1 Hari Beruntun,TP: 288 | CL: 264,Normal,Tidak Ideal (< 1:1),Netral / Sideways,Sentimen Positif 📰,Normal / Sedang Transisi,Mendekati Fibo 50.0%,6,WAIT & SEE,TIDAK ADA,2026-08-24 16:50:01,Biasa / Mengikuti Pasar
16:50,INDX,Token Mati (Perlu Update),Small Cap (Lapis 3),Overvalued (Mahal),769.2308,1.1392765,60.0,60,60,60,0.0,0,Normal,32,Negatif,Downtrend,Bearish,Bullish MACD,Konsolidasi / Transisi,Normal,Netral,Normal,Tidak Ada Transaksi,Squeeze,Rendah,Doji (Ragu-ragu),Dekat Support (Low Risk),< 1 Miliar,Di Atas VWAP (Kuat),Netral,Gorengan Sepi (< 5M),Normal (50-150%),Sideways,Solid (Jarang Dibanting),Normal,Sideways / Stagnan,TP: 61 | CL: 59,Normal,Di Area Support,Oversold (Jenuh Jual - Peluang),Netral / Sepi Berita,Normal / Sedang Transisi,Mengambang (Jauh dari Fibo),1,WAIT & SEE,TIDAK ADA,2026-08-24 16:50:01,Biasa / Mengikuti Pasar
16:50,INDY,Token Mati (Perlu Update),Big Cap (Lapis 1),Overvalued (Mahal),54.275986,11782.608,2700.0,2586,2310,2780,1.1235955056179776,27888000,Normal,59,Positif,Uptrend,Bullish,Bearish MACD,Perfect Uptrend (5>20>50),Normal,Akumulasi (Naik),Normal,Seimbang / Adu Mekanik,Normal,Sedang,Normal,Rawan Pucuk (High Risk),> 1 Miliar,Persis di VWAP,Distribusi Pro (Guyuran),Sultan (> 50M/hari),Normal (50-150%),Mark-Up (Fase Pesta),Normal,Normal,Naik 1 Hari Beruntun,TP: 2922 | CL: 2551,Normal,Tidak Ideal (< 1:1),Overbought (Jenuh Beli - Rawan),Sentimen Positif 📰,Normal / Sedang Transisi,Mengambang (Jauh dari Fibo),6,WAIT & SEE,TIDAK ADA,2026-08-24 16:50:01,Biasa / Mengikuti Pasar
16:50,INKP,Token Mati (Perlu Update),Big Cap (Lapis 1),Overvalued (Mahal),4.046846,6634.9805,8725.0,8401,7600,8850,-0.2857142857142857,4737400,Tembus MA20,68,Negatif,Uptrend,Bullish,Strong Bullish,Perfect Uptrend (5>20>50),Normal,Akumulasi (Naik),Normal,Dominan Beli (Hajar Kanan),Normal,Sedang,Normal,Rawan Pucuk (High Risk),> 1 Miliar,Persis di VWAP,Akumulasi Pro (Smart Money),Ritel Aktif (5M - 50M),Normal (50-150%),Mark-Up (Fase Pesta),Normal,Jarum Bawah (Sinyal Pantulan Kuat),Turun 1 Hari Beruntun,TP: 9059 | CL: 8501,Normal,Tidak Ideal (< 1:1),Overbought (Jenuh Beli - Rawan),Sentimen Positif 📰,Normal / Sedang Transisi,Mengambang (Jauh dari Fibo),8,BELI,TIDAK ADA,2026-08-24 16:50:01,Biasa / Mengikuti Pasar
16:50,INPC,Token Mati (Perlu Update),Mid Cap (Lapis 2),Fair Value (Wajar),0.0,0.746943,144.0,140,129,149,-0.6896551724137931,1588300,Normal,58,Negatif,Uptrend,Bullish,Strong Bullish,Perfect Uptrend (5>20>50),Normal,Akumulasi (Naik),Normal,Seimbang / Adu Mekanik,Normal,Sedang,Normal,Rawan Pucuk (High Risk),< 1 Miliar,Persis di VWAP,Akumulasi Pro (Smart Money),Gorengan Sepi (< 5M),Sepi (< 50%),Mark-Up (Fase Pesta),Spesialis Tiang Jemuran (Banting Pucuk),Normal,Turun 2 Hari Beruntun,TP: 152 | CL: 138,Open = High (Tekanan Jual),Tidak Ideal (< 1:1),Death Cross (Awal Bearish),Netral / Sepi Berita,Normal / Sedang Transisi,Dekat Support Fibo 23.6%,5,WAIT & SEE,TIDAK ADA,2026-08-24 16:50:01,Biasa / Mengikuti Pasar
16:50,INPP,Token Mati (Perlu Update),Mid Cap (Lapis 2),Overvalued (Mahal),270.6767,1.4037604,720.0,716,665,844,-2.7027027027027026,130700,Normal,50,Negatif,Uptrend,Bullish,Strong Bullish,Perfect Uptrend (5>20>50),Normal,Akumulasi (Naik),Gap Down (-2.7%),Dominan Beli (Hajar Kanan),Normal,Tinggi,Doji (Ragu-ragu),Area Tengah,< 1 Miliar,Di Bawah VWAP (Lemah),Akumulasi Pro (Smart Money),Gorengan Sepi (< 5M),Sepi (< 50%),Mark-Up (Fase Pesta),Normal,Jarum Bawah (Sinyal Pantulan Kuat),Turun 1 Hari Beruntun,TP: 802 | CL: 665,Normal,Ideal (1:2),Netral / Sideways,Sentimen Positif 📰,Normal / Sedang Transisi,Golden Rebound Fibo 61.8% (Golden Ratio) 🎯,6,WAIT & SEE,TIDAK ADA,2026-08-24 16:50:01,Biasa / Mengikuti Pasar
16:50,INTA,Token Mati (Perlu Update),Small Cap (Lapis 3),Fair Value (Wajar),0.0,-0.106124796,61.0,61,61,61,0.0,0,Normal,43,Negatif,Downtrend,Bearish,Bullish MACD,Konsolidasi / Transisi,Normal,Netral,Normal,Tidak Ada Transaksi,Squeeze,Rendah,Doji (Ragu-ragu),Dekat Support (Low Risk),< 1 Miliar,Di Atas VWAP (Kuat),Netral,Gorengan Sepi (< 5M),Normal (50-150%),Sideways,Solid (Jarang Dibanting),Normal,Sideways / Stagnan,TP: 62 | CL: 60,Normal,Di Area Support,Oversold (Jenuh Jual - Peluang),Netral / Sepi Berita,Normal / Sedang Transisi,Mendekati Fibo Bottom / 100%,1,WAIT & SEE,TIDAK ADA,2026-08-24 16:50:01,Biasa / Mengikuti Pasar
16:50,INTD,Token Mati (Perlu Update),Small Cap (Lapis 3),Overvalued (Mahal),57.75444,4.94553,286.0,269,226,342,-1.3793103448275863,44600,Normal,60,Negatif,Uptrend,Bullish,Strong Bullish,Perfect Uptrend (5>20>50),Normal,Akumulasi (Naik),Normal,Dominan Jual (Guyur),Normal,Tinggi,Normal,Rawan Pucuk (High Risk),< 1 Miliar,Di Bawah VWAP (Lemah),Distribusi Pro (Guyuran),Gorengan Sepi (< 5M),Sepi (< 50%),Mark-Up (Fase Pesta),Spesialis Tiang Jemuran (Banting Pucuk),Normal,Turun 2 Hari Beruntun,TP: 331 | CL: 255,Open = High (Tekanan Jual),Tidak Ideal (< 1:1),Netral / Sideways,Sentimen Negatif ⚠️,Normal / Sedang Transisi,Mendekati Fibo 50.0%,5,WAIT & SEE,TIDAK ADA,2026-08-24 16:50:01,Biasa / Mengikuti Pasar
16:50,INTP,Token Mati (Perlu Update),Big Cap (Lapis 1),Undervalued (Murah),7.9651656,0.8409032,5650.0,5153,4530,5675,2.727272727272727,1623200,Normal,77,Positif,Uptrend,Bullish,Strong Bullish,Perfect Uptrend (5>20>50),Normal,Distribusi (Turun),Normal,Dominan Beli (Hajar Kanan),Normal,Tinggi,Normal,Rawan Pucuk (High Risk),> 1 Miliar,Di Atas VWAP (Kuat),Akumulasi Pro (Smart Money),Ritel Aktif (5M - 50M),Normal (50-150%),Mark-Up (Fase Pesta),Normal,Normal,Naik 1 Hari Beruntun,TP: 5915 | CL: 5472,Normal,Tidak Ideal (< 1:1),Overbought (Jenuh Beli - Rawan),Sentimen Positif 📰,Normal / Sedang Transisi,Mengambang (Jauh dari Fibo),7,BELI,TIDAK ADA,2026-08-24 16:50:01,Biasa / Mengikuti Pasar
16:50,IPOL,Token Mati (Perlu Update),Small Cap (Lapis 3),Overvalued (Mahal),20.0,4222.222,114.0,110,104,136,0.0,827900,Normal,63,Negatif,Uptrend,Bullish,Strong Bullish,Perfect Uptrend (5>20>50),Normal,Akumulasi (Naik),Normal,Seimbang / Adu Mekanik,Normal,Sedang,Doji (Ragu-ragu),Area Tengah,< 1 Miliar,Persis di VWAP,Distribusi Pro (Guyuran),Gorengan Sepi (< 5M),Normal (50-150%),Mark-Up (Fase Pesta),Spesialis Tiang Jemuran (Banting Pucuk),Normal,Sideways / Stagnan,TP: 122 | CL: 108,Normal,Ideal (1:2),Netral / Sideways,Netral / Sepi Berita,Normal / Sedang Transisi,Dekat Support Fibo 61.8% (Golden Ratio),5,WAIT & SEE,TIDAK ADA,2026-08-24 16:50:01,Biasa / Mengikuti Pasar
16:50,ISAT,Token Mati (Perlu Update),Big Cap (Lapis 1),Fair Value (Wajar),11.33523,2.2893376,2620.0,2229,1855,2850,-3.6764705882352944,70634600,Tembus MA20,72,Negatif,Uptrend,Bullish,Strong Bullish,Perfect Uptrend (5>20>50),Normal,Akumulasi (Naik),Normal,Dominan Jual (Guyur),Normal,Tinggi,Normal,Rawan Pucuk (High Risk),> 1 Miliar,Di Bawah VWAP (Lemah),Distribusi Pro (Guyuran),Sultan (> 50M/hari),Normal (50-150%),Mark-Up (Fase Pesta),Normal,Normal,Turun 3 Hari Beruntun,TP: 2878 | CL: 2447,Normal,Tidak Ideal (< 1:1),Death Cross (Awal Bearish),Sentimen Positif 📰,Normal / Sedang Transisi,Dekat Support Fibo 23.6%,7,BELI,TIDAK ADA,2026-08-24 16:50:01,Biasa / Mengikuti Pasar
16:50,ISSP,Token Mati (Perlu Update),Mid Cap (Lapis 2),Undervalued (Murah),5.3789115,0.5224807,422.0,431,400,448,-2.314814814814815,830700,Normal,49,Negatif,Downtrend,Death Cross,Bearish MACD,Konsolidasi / Transisi,Normal,Distribusi (Turun),Normal,Dominan Jual (Guyur),Squeeze,Rendah,Normal,Area Tengah,< 1 Miliar,Di Bawah VWAP (Lemah),Akumulasi Pro (Smart Money),Gorengan Sepi (< 5M),Normal (50-150%),Distribution (Fase Jualan),Normal,Normal,Turun 1 Hari Beruntun,TP: 438 | CL: 411,Open = High (Tekanan Jual),Menengah (1:1),Netral / Sideways,Sentimen Positif 📰,Normal / Sedang Transisi,Mendekati Fibo 38.2%,1,WAIT & SEE,TIDAK ADA,2026-08-24 16:50:01,Biasa / Mengikuti Pasar
16:50,ITMA,Token Mati (Perlu Update),Mid Cap (Lapis 2),Overvalued (Mahal),45.950157,6797.2354,1475.0,1385,1295,1650,-1.6666666666666667,34500,Normal,58,Negatif,Uptrend,Bullish,Strong Bullish,Awal Reversal (5>20),Normal,Akumulasi (Naik),Normal,Dominan Beli (Hajar Kanan),Normal,Tinggi,Normal,Rawan Pucuk (High Risk),< 1 Miliar,Di Bawah VWAP (Lemah),Distribusi Pro (Guyuran),Gorengan Sepi (< 5M),Normal (50-150%),Accumulation (Kumpul Barang),Normal,Jarum Bawah (Sinyal Pantulan Kuat),Turun 1 Hari Beruntun,TP: 1610 | CL: 1385,Normal,Tidak Ideal (< 1:1),Death Cross (Awal Bearish),Sentimen Positif 📰,Supply Banjir (Distribusi) 🌊,Mendekati Fibo 61.8% (Golden Ratio),7,BELI,TIDAK ADA,2026-08-24 16:50:01,Biasa / Mengikuti Pasar
16:50,ITMG,Token Mati (Perlu Update),Big Cap (Lapis 1),Overvalued (Mahal),7.5069094,14756.238,25425.0,24795,24175,25550,0.8928571428571428,1198900,Normal,64,Positif,Uptrend,Bullish,Bearish MACD,Perfect Uptrend (5>20>50),Normal,Akumulasi (Naik),Normal,Dominan Beli (Hajar Kanan),Squeeze,Rendah,Normal,Area Tengah,> 1 Miliar,Di Atas VWAP (Kuat),Distribusi Pro (Guyuran),Ritel Aktif (5M - 50M),Normal (50-150%),Mark-Up (Fase Pesta),Normal,Normal,Naik 1 Hari Beruntun,TP: 26075 | CL: 24991,Normal,Tidak Ideal (< 1:1),Overbought (Jenuh Beli - Rawan),Sentimen Positif 📰,Normal / Sedang Transisi,Mendekati Fibo 23.6%,7,BELI,TIDAK ADA,2026-08-24 16:50:01,Biasa / Mengikuti Pasar
16:50,JAWA,Token Mati (Perlu Update),Mid Cap (Lapis 2),Fair Value (Wajar),0.0,1.699912,143.0,128,118,145,9.16030534351145,26679300,Tembus MA20,73,Positif,Uptrend,Bullish,Strong Bullish,Perfect Uptrend (5>20>50),Akumulasi Kuat,Akumulasi (Naik),Normal,Dominan Beli (Hajar Kanan),Breakout Upper,Tinggi,Normal,Rawan Pucuk (High Risk),> 1 Miliar,Di Atas VWAP (Kuat),Akumulasi Pro (Smart Money),Gorengan Sepi (< 5M),Ledakan Ekstrem (> 300%),Mark-Up (Fase Pesta),Spesialis Tiang Jemuran (Banting Pucuk),Normal,Naik 3 Hari Beruntun,TP: 150 | CL: 137,Normal,Tidak Ideal (< 1:1),Netral / Sideways,Netral / Sepi Berita,Normal / Sedang Transisi,Mendekati Fibo 38.2%,9,BELI,TIDAK ADA,2026-08-24 16:50:01,Biasa / Mengikuti Pasar
16:50,JECC,Token Mati (Perlu Update),Small Cap (Lapis 3),Undervalued (Murah),5.4614263,0.5292637,635.0,630,585,655,0.0,35100,Tembus MA20,52,Negatif,Uptrend,Bullish,Bearish MACD,Perfect Uptrend (5>20>50),Normal,Distribusi (Turun),Normal,Seimbang / Adu Mekanik,Squeeze,Rendah,Normal,Area Tengah,< 1 Miliar,Persis di VWAP,Distribusi Pro (Guyuran),Gorengan Sepi (< 5M),Anomali Tinggi (150-300%),Mark-Up (Fase Pesta),Normal,Normal,Sideways / Stagnan,TP: 656 | CL: 620,Open = High (Tekanan Jual),Tidak Ideal (< 1:1),Netral / Sideways,Sentimen Positif 📰,Normal / Sedang Transisi,Mengambang (Jauh dari Fibo),5,WAIT & SEE,TIDAK ADA,2026-08-24 16:50:01,Biasa / Mengikuti Pasar
16:50,JIHD,Token Mati (Perlu Update),Mid Cap (Lapis 2),Fair Value (Wajar),0.0,0.29104403,438.0,432,410,456,0.9216589861751152,52700,Normal,53,Positif,Uptrend,Bullish,Strong Bullish,Perfect Uptrend (5>20>50),Normal,Akumulasi (Naik),Normal,Seimbang / Adu Mekanik,Normal,Sedang,Normal,Area Tengah,< 1 Miliar,Persis di VWAP,Akumulasi Pro (Smart Money),Gorengan Sepi (< 5M),Sepi (< 50%),Mark-Up (Fase Pesta),Spesialis Tiang Jemuran (Banting Pucuk),Normal,Naik 1 Hari Beruntun,TP: 457 | CL: 425,Normal,Tidak Ideal (< 1:1),Netral / Sideways,Netral / Sepi Berita,Normal / Sedang Transisi,Mendekati Fibo 38.2%,6,WAIT & SEE,TIDAK ADA,2026-08-24 16:50:01,Biasa / Mengikuti Pasar
16:50,JKON,Token Mati (Perlu Update),Mid Cap (Lapis 2),Undervalued (Murah),5.046948,0.41821676,86.0,81,65,102,-1.1494252873563218,15816800,Normal,63,Negatif,Uptrend,Bullish,Bearish MACD,Perfect Uptrend (5>20>50),Normal,Distribusi (Turun),Normal,Seimbang / Adu Mekanik,Normal,Tinggi,Normal,Rawan Pucuk (High Risk),> 1 Miliar,Persis di VWAP,Distribusi Pro (Guyuran),Gorengan Sepi (< 5M),Normal (50-150%),Mark-Up (Fase Pesta),Spesialis Tiang Jemuran (Banting Pucuk),Normal,Turun 1 Hari Beruntun,TP: 93 | CL: 81,Normal,Tidak Ideal (< 1:1),Netral / Sideways,Sentimen Positif 📰,Normal / Sedang Transisi,Dekat Support Fibo 38.2%,4,WAIT & SEE,TIDAK ADA,2026-08-24 16:50:01,Biasa / Mengikuti Pasar
16:50,JPFA,Token Mati (Perlu Update),Big Cap (Lapis 1),Undervalued (Murah),4.94355,1.256689,2210.0,2209,2070,2450,0.0,8407700,Normal,53,Negatif,Uptrend,Bullish,Bearish MACD,Perfect Uptrend (5>20>50),Normal,Distribusi (Turun),Normal,Seimbang / Adu Mekanik,Normal,Sedang,Normal,Area Tengah,> 1 Miliar,Di Bawah VWAP (Lemah),Distribusi Pro (Guyuran),Ritel Aktif (5M - 50M),Normal (50-150%),Mark-Up (Fase Pesta),Normal,Normal,Sideways / Stagnan,TP: 2315 | CL: 2140,Normal,Ideal (1:2),Netral / Sideways,Sentimen Positif 📰,Normal / Sedang Transisi,Dekat Support Fibo 50.0%,4,WAIT & SEE,TIDAK ADA,2026-08-24 16:50:01,Biasa / Mengikuti Pasar
16:50,JRPT,Token Mati (Perlu Update),Big Cap (Lapis 1),Undervalued (Murah),9.923947,1.254411,1070.0,1079,1070,1135,-0.46511627906976744,355300,Normal,41,Negatif,Downtrend,Bearish,Strong Bearish,Konsolidasi / Transisi,Normal,Distribusi (Turun),Normal,Dominan Jual (Guyur),Squeeze,Rendah,Normal,Dekat Support (Low Risk),< 1 Miliar,Persis di VWAP,Akumulasi Pro (Smart Money),Gorengan Sepi (< 5M),Normal (50-150%),Distribution (Fase Jualan),Solid (Jarang Dibanting),Normal,Turun 1 Hari Beruntun,TP: 1089 | CL: 1057,Normal,Di Area Support,Oversold (Jenuh Jual - Peluang),Sentimen Positif 📰,Supply Kering (Siap Pump) 🏜️,Golden Rebound Fibo 61.8% (Golden Ratio) 🎯,1,WAIT & SEE,TIDAK ADA,2026-08-24 16:50:01,Biasa / Mengikuti Pasar
16:50,JSMR,Token Mati (Perlu Update),Big Cap (Lapis 1),Undervalued (Murah),5.714877,0.5403068,2750.0,2750,2660,2830,-1.4336917562724014,2576800,Tembus MA20,49,Negatif,Downtrend,Bullish,Strong Bullish,Perfect Uptrend (5>20>50),Normal,Akumulasi (Naik),Normal,Dominan Jual (Guyur),Squeeze,Rendah,Normal,Area Tengah,> 1 Miliar,Persis di VWAP,Distribusi Pro (Guyuran),Ritel Aktif (5M - 50M),Normal (50-150%),Sideways,Normal,Normal,Turun 1 Hari Beruntun,TP: 2826 | CL: 2699,Normal,Tidak Ideal (< 1:1),Netral / Sideways,Sentimen Positif 📰,Normal / Sedang Transisi,Mendekati Fibo 78.6%,5,WAIT & SEE,TIDAK ADA,2026-08-24 16:50:01,Biasa / Mengikuti Pasar
16:50,JSPT,Token Mati (Perlu Update),Mid Cap (Lapis 2),Undervalued (Murah),7.2303987,1.3447039,1410.0,1405,1325,1600,0.3558718861209964,8600,Normal,52,Positif,Uptrend,Bearish,Bearish MACD,Konsolidasi / Transisi,Normal,Akumulasi (Naik),Gap Up (+4.3%),Seimbang / Adu Mekanik,Normal,Tinggi,Normal,Area Tengah,< 1 Miliar,Persis di VWAP,Akumulasi Pro (Smart Money),Gorengan Sepi (< 5M),Sepi (< 50%),Mark-Up (Fase Pesta),Spesialis Tiang Jemuran (Banting Pucuk),Normal,Naik 1 Hari Beruntun,TP: 1491 | CL: 1355,Open = High (Tekanan Jual),Ideal (1:2),Netral / Sideways,Sentimen Positif 📰,Normal / Sedang Transisi,Mendekati Fibo 38.2%,6,WAIT & SEE,TIDAK ADA,2026-08-24 16:50:01,Biasa / Mengikuti Pasar
16:50,JTPE,Token Mati (Perlu Update),Mid Cap (Lapis 2),Overvalued (Mahal),12.111741,3.41886,620.0,611,580,630,-0.8,1080600,Normal,56,Negatif,Uptrend,Bullish,Strong Bullish,Perfect Uptrend (5>20>50),Normal,Akumulasi (Naik),Normal,Seimbang / Adu Mekanik,Squeeze,Rendah,Doji (Ragu-ragu),Area Tengah,< 1 Miliar,Persis di VWAP,Akumulasi Pro (Smart Money),Gorengan Sepi (< 5M),Normal (50-150%),Mark-Up (Fase Pesta),Normal,Jarum Bawah (Sinyal Pantulan Kuat),Turun 1 Hari Beruntun,TP: 641 | CL: 605,Normal,Tidak Ideal (< 1:1),Death Cross (Awal Bearish),Sentimen Positif 📰,Normal / Sedang Transisi,Golden Rebound Fibo 23.6% 🎯,6,WAIT & SEE,TIDAK ADA,2026-08-24 16:50:01,Biasa / Mengikuti Pasar
16:50,KAEF,Token Mati (Perlu Update),Mid Cap (Lapis 2),Fair Value (Wajar),0.0,0.8380634,436.0,448,420,488,-1.3574660633484164,421900,Normal,40,Negatif,Downtrend,Bearish,Strong Bearish,Strong Downtrend (5<20<50),Normal,Distribusi (Turun),Normal,Dominan Jual (Guyur),Squeeze,Rendah,Normal,Area Tengah,< 1 Miliar,Di Bawah VWAP (Lemah),Distribusi Pro (Guyuran),Gorengan Sepi (< 5M),Normal (50-150%),Mark-Down (Fase Runtuh),Spesialis Tiang Jemuran (Banting Pucuk),Normal,Turun 1 Hari Beruntun,TP: 461 | CL: 419,Open = High (Tekanan Jual),Sangat Menarik (> 1:3),Netral / Sideways,Sentimen Positif 📰,Supply Banjir (Distribusi) 🌊,Mendekati Fibo 78.6%,1,WAIT & SEE,TIDAK ADA,2026-08-24 16:50:01,Biasa / Mengikuti Pasar
16:50,KARW,Token Mati (Perlu Update),Small Cap (Lapis 3),Overvalued (Mahal),238.20226,-3854.5454,212.0,212,212,212,0.0,0,Normal,29,Negatif,Downtrend,Bearish,Bullish MACD,Konsolidasi / Transisi,Normal,Netral,Normal,Tidak Ada Transaksi,Squeeze,Rendah,Doji (Ragu-ragu),Dekat Support (Low Risk),< 1 Miliar,Di Atas VWAP (Kuat),Netral,Gorengan Sepi (< 5M),Normal (50-150%),Sideways,Solid (Jarang Dibanting),Normal,Sideways / Stagnan,TP: 213 | CL: 211,Normal,Di Area Support,Oversold (Jenuh Jual - Peluang),Netral / Sepi Berita,Normal / Sedang Transisi,Golden Rebound Fibo Bottom / 100% 🎯,1,WAIT & SEE,TIDAK ADA,2026-08-24 16:50:01,Biasa / Mengikuti Pasar
16:50,KBLI,Token Mati (Perlu Update),Mid Cap (Lapis 2),Undervalued (Murah),6.1122427,0.4556381,330.0,326,318,340,1.2269938650306749,411800,Normal,59,Positif,Uptrend,Golden Cross,Bearish MACD,Perfect Uptrend (5>20>50),Normal,Akumulasi (Naik),Normal,Dominan Beli (Hajar Kanan),Squeeze,Rendah,Doji (Ragu-ragu),Area Tengah,< 1 Miliar,Di Atas VWAP (Kuat),Akumulasi Pro (Smart Money),Gorengan Sepi (< 5M),Normal (50-150%),Mark-Up (Fase Pesta),Spesialis Tiang Jemuran (Banting Pucuk),Jarum Bawah (Sinyal Pantulan Kuat),Naik 1 Hari Beruntun,TP: 342 | CL: 322,Normal,Tidak Ideal (< 1:1),Netral / Sideways,Sentimen Positif 📰,Normal / Sedang Transisi,Golden Rebound Fibo 50.0% 🎯,7,BELI,TIDAK ADA,2026-08-24 16:50:01,Biasa / Mengikuti Pasar
16:50,KBLM,Token Mati (Perlu Update),Small Cap (Lapis 3),Overvalued (Mahal),97.68638,0.2356845,304.0,302,286,312,-0.6535947712418301,55300,Normal,55,Negatif,Uptrend,Bullish,Bearish MACD,Perfect Uptrend (5>20>50),Normal,Distribusi (Turun),Normal,Seimbang / Adu Mekanik,Squeeze,Rendah,Normal,Area Tengah,< 1 Miliar,Persis di VWAP,Akumulasi Pro (Smart Money),Gorengan Sepi (< 5M),Anomali Tinggi (150-300%),Mark-Up (Fase Pesta),Normal,Normal,Turun 1 Hari Beruntun,TP: 316 | CL: 295,Open = High (Tekanan Jual),Tidak Ideal (< 1:1),Death Cross (Awal Bearish),Sentimen Positif 📰,Normal / Sedang Transisi,Dekat Support Fibo 23.6%,4,WAIT & SEE,TIDAK ADA,2026-08-24 16:50:01,Biasa / Mengikuti Pasar
16:50,KBLV,Token Mati (Perlu Update),Small Cap (Lapis 3),Fair Value (Wajar),0.0,0.16720307,146.0,137,116,172,-2.666666666666667,14800600,Normal,59,Negatif,Uptrend,Bullish,Bearish MACD,Perfect Uptrend (5>20>50),Normal,Akumulasi (Naik),Normal,Dominan Jual (Guyur),Normal,Tinggi,Normal,Rawan Pucuk (High Risk),> 1 Miliar,Di Bawah VWAP (Lemah),Distribusi Pro (Guyuran),Ritel Aktif (5M - 50M),Sepi (< 50%),Mark-Up (Fase Pesta),Spesialis Tiang Jemuran (Banting Pucuk),Normal,Turun 1 Hari Beruntun,TP: 165 | CL: 132,Normal,Tidak Ideal (< 1:1),Netral / Sideways,Sentimen Positif 📰,Normal / Sedang Transisi,Dekat Support Fibo 23.6%,5,WAIT & SEE,TIDAK ADA,2026-08-24 16:50:01,Biasa / Mengikuti Pasar
16:50,KDSI,Token Mati (Perlu Update),Small Cap (Lapis 3),Undervalued (Murah),2.5649033,0.9341562,460.0,456,428,470,1.3215859030837005,6000,Normal,57,Positif,Uptrend,Bullish,Bearish MACD,Perfect Uptrend (5>20>50),Normal,Akumulasi (Naik),Normal,Seimbang / Adu Mekanik,Squeeze,Rendah,Normal,Area Tengah,< 1 Miliar,Persis di VWAP,Akumulasi Pro (Smart Money),Gorengan Sepi (< 5M),Sepi (< 50%),Mark-Up (Fase Pesta),Normal,Normal,Naik 1 Hari Beruntun,TP: 480 | CL: 446,Normal,Tidak Ideal (< 1:1),Netral / Sideways,Sentimen Positif 📰,Supply Kering (Siap Pump) 🏜️,Golden Rebound Fibo 23.6% 🎯,6,WAIT & SEE,TIDAK ADA,2026-08-24 16:50:01,Biasa / Mengikuti Pasar
16:50,KIAS,Token Mati (Perlu Update),Small Cap (Lapis 3),Fair Value (Wajar),0.0,0.4524692,21.0,21,21,21,0.0,0,Normal,0,Negatif,Downtrend,Bearish,Bearish MACD,Konsolidasi / Transisi,Normal,Netral,Normal,Tidak Ada Transaksi,Squeeze,Rendah,Doji (Ragu-ragu),Dekat Support (Low Risk),< 1 Miliar,Di Atas VWAP (Kuat),Netral,Gorengan Sepi (< 5M),Normal (50-150%),Sideways,Solid (Jarang Dibanting),Normal,Sideways / Stagnan,TP: 22 | CL: 20,Normal,Di Area Support,Oversold (Jenuh Jual - Peluang),Netral / Sepi Berita,Normal / Sedang Transisi,Normal / Sideways,0,WAIT & SEE,TIDAK ADA,2026-08-24 16:50:01,Biasa / Mengikuti Pasar
16:50,KICI,Token Mati (Perlu Update),Small Cap (Lapis 3),Undervalued (Murah),2.6643224,0.49365267,197.0,194,182,214,1.0256410256410255,130900,Normal,58,Positif,Uptrend,Bearish,Bearish MACD,Konsolidasi / Transisi,Normal,Akumulasi (Naik),Normal,Dominan Jual (Guyur),Squeeze,Rendah,Doji (Ragu-ragu),Area Tengah,< 1 Miliar,Persis di VWAP,Distribusi Pro (Guyuran),Gorengan Sepi (< 5M),Sepi (< 50%),Mark-Up (Fase Pesta),Spesialis Tiang Jemuran (Banting Pucuk),Normal,Naik 2 Hari Beruntun,TP: 211 | CL: 187,Normal,Menengah (1:1),Golden Cross (Awal Bullish),Netral / Sepi Berita,Normal / Sedang Transisi,Dekat Support Fibo 50.0%,4,WAIT & SEE,TIDAK ADA,2026-08-24 16:50:01,Biasa / Mengikuti Pasar
16:50,KIJA,Token Mati (Perlu Update),Mid Cap (Lapis 2),Fair Value (Wajar),0.0,0.71461946,208.0,141,119,222,4.0,1291228700,Tembus MA20,81,Positif,Uptrend,Bullish,Strong Bullish,Perfect Uptrend (5>20>50),Akumulasi Kuat,Akumulasi (Naik),Gap Up (+2.0%),Seimbang / Adu Mekanik,Breakout Upper,Tinggi,Normal,Rawan Pucuk (High Risk),> 1 Miliar,Di Atas VWAP (Kuat),Distribusi Pro (Guyuran),Sultan (> 50M/hari),Normal (50-150%),Mark-Up (Fase Pesta),Normal,Normal,Naik 1 Hari Beruntun,TP: 231 | CL: 192,Normal,Tidak Ideal (< 1:1),Overbought (Jenuh Beli - Rawan),Netral / Sepi Berita,Normal / Sedang Transisi,Mengambang (Jauh dari Fibo),9,BELI,TIDAK ADA,2026-08-24 16:50:01,🔥 ANOMALI BANDAR (Siap Ledakan)
16:50,KKGI,Token Mati (Perlu Update),Mid Cap (Lapis 2),Overvalued (Mahal),20.462507,9733.334,290.0,276,264,294,2.8368794326241136,3918100,Tembus MA20,70,Positif,Uptrend,Bullish,Strong Bullish,Perfect Uptrend (5>20>50),Akumulasi Kuat,Akumulasi (Naik),Normal,Dominan Beli (Hajar Kanan),Squeeze,Rendah,Normal,Area Tengah,> 1 Miliar,Di Atas VWAP (Kuat),Akumulasi Pro (Smart Money),Gorengan Sepi (< 5M),Anomali Tinggi (150-300%),Mark-Up (Fase Pesta),Normal,Normal,Naik 2 Hari Beruntun,TP: 301 | CL: 282,Normal,Tidak Ideal (< 1:1),Overbought (Jenuh Beli - Rawan),Sentimen Positif 📰,Normal / Sedang Transisi,Mengambang (Jauh dari Fibo),10,BELI,TIDAK ADA,2026-08-24 16:50:01,Biasa / Mengikuti Pasar
16:50,KLBF,Token Mati (Perlu Update),Big Cap (Lapis 1),Undervalued (Murah),10.120694,1.4971926,805.0,769,690,835,-0.6172839506172839,55148300,Normal,60,Negatif,Uptrend,Bullish,Strong Bullish,Perfect Uptrend (5>20>50),Normal,Distribusi (Turun),Normal,Dominan Jual (Guyur),Normal,Tinggi,Normal,Rawan Pucuk (High Risk),> 1 Miliar,Persis di VWAP,Distribusi Pro (Guyuran),Sultan (> 50M/hari),Normal (50-150%),Mark-Up (Fase Pesta),Normal,Normal,Turun 2 Hari Beruntun,TP: 852 | CL: 773,Normal,Tidak Ideal (< 1:1),Death Cross (Awal Bearish),Sentimen Positif 📰,Normal / Sedang Transisi,Dekat Support Fibo 23.6%,5,WAIT & SEE,TIDAK ADA,2026-08-24 16:50:01,Biasa / Mengikuti Pasar
16:50,KOBX,Token Mati (Perlu Update),Small Cap (Lapis 3),Overvalued (Mahal),28166.666,0.795223,169.0,167,144,210,0.0,1231000,Normal,57,Negatif,Uptrend,Bullish,Bearish MACD,Perfect Uptrend (5>20>50),Normal,Distribusi (Turun),Normal,Dominan Jual (Guyur),Normal,Tinggi,Normal,Rawan Pucuk (High Risk),< 1 Miliar,Persis di VWAP,Distribusi Pro (Guyuran),Gorengan Sepi (< 5M),Sepi (< 50%),Mark-Up (Fase Pesta),Spesialis Tiang Jemuran (Banting Pucuk),Normal,Sideways / Stagnan,TP: 180 | CL: 161,Normal,Ideal (1:2),Netral / Sideways,Netral / Sepi Berita,Normal / Sedang Transisi,Mendekati Fibo 61.8% (Golden Ratio),3,WAIT & SEE,TIDAK ADA,2026-08-24 16:50:01,Biasa / Mengikuti Pasar
16:50,KOIN,Token Mati (Perlu Update),Small Cap (Lapis 3),Fair Value (Wajar),18.181818,-0.84972876,78.0,78,78,78,0.0,0,Normal,55,Negatif,Downtrend,Bearish,Bearish MACD,Konsolidasi / Transisi,Normal,Netral,Normal,Tidak Ada Transaksi,Squeeze,Rendah,Doji (Ragu-ragu),Dekat Support (Low Risk),< 1 Miliar,Di Atas VWAP (Kuat),Netral,Gorengan Sepi (< 5M),Normal (50-150%),Sideways,Solid (Jarang Dibanting),Normal,Sideways / Stagnan,TP: 79 | CL: 77,Normal,Di Area Support,Oversold (Jenuh Jual - Peluang),Netral / Sepi Berita,Normal / Sedang Transisi,Golden Rebound Fibo 23.6% 🎯,1,WAIT & SEE,TIDAK ADA,2026-08-24 16:50:01,Biasa / Mengikuti Pasar
16:50,KONI,Token Mati (Perlu Update),Small Cap (Lapis 3),Overvalued (Mahal),31.936129,3.8324535,2240.0,2369,2230,2500,-1.3215859030837005,27000,Tembus MA20,38,Negatif,Downtrend,Bearish,Strong Bearish,Strong Downtrend (5<20<50),Normal,Distribusi (Turun),Gap Up (+2.2%),Dominan Jual (Guyur),Normal,Sedang,Normal,Dekat Support (Low Risk),< 1 Miliar,Di Bawah VWAP (Lemah),Distribusi Pro (Guyuran),Gorengan Sepi (< 5M),Normal (50-150%),Mark-Down (Fase Runtuh),Normal,Normal,Turun 3 Hari Beruntun,TP: 2383 | CL: 2144,Open = High (Tekanan Jual),Sangat Menarik (> 1:3),Oversold (Jenuh Jual - Peluang),Netral / Sepi Berita,Normal / Sedang Transisi,Mengambang (Jauh dari Fibo),2,WAIT & SEE,TIDAK ADA,2026-08-24 16:50:01,Biasa / Mengikuti Pasar
16:50,KOPI,Token Mati (Perlu Update),Small Cap (Lapis 3),Overvalued (Mahal),85.606384,1.9299175,204.0,206,193,260,0.0,202400,Normal,52,Negatif,Downtrend,Bearish,Bearish MACD,Konsolidasi / Transisi,Normal,Distribusi (Turun),Normal,Seimbang / Adu Mekanik,Normal,Sedang,Doji (Ragu-ragu),Area Tengah,< 1 Miliar,Persis di VWAP,Distribusi Pro (Guyuran),Gorengan Sepi (< 5M),Sepi (< 50%),Distribution (Fase Jualan),Spesialis Tiang Jemuran (Banting Pucuk),Normal,Sideways / Stagnan,TP: 218 | CL: 194,Normal,Sangat Menarik (> 1:3),Golden Cross (Awal Bullish),Sentimen Positif 📰,Supply Kering (Siap Pump) 🏜️,Mendekati Fibo 50.0%,2,WAIT & SEE,TIDAK ADA,2026-08-24 16:50:01,Biasa / Mengikuti Pasar
16:50,KPIG,Token Mati (Perlu Update),Mid Cap (Lapis 2),Undervalued (Murah),10.328639,0.23986654,66.0,75,63,88,-1.4925373134328357,103570000,Normal,33,Negatif,Downtrend,Bearish,Strong Bearish,Strong Downtrend (5<20<50),Normal,Distribusi (Turun),Normal,Seimbang / Adu Mekanik,Normal,Tinggi,Normal,Area Tengah,> 1 Miliar,Di Bawah VWAP (Lemah),Distribusi Pro (Guyuran),Ritel Aktif (5M - 50M),Sepi (< 50%),Mark-Down (Fase Runtuh),Solid (Jarang Dibanting),Normal,Turun 2 Hari Beruntun,TP: 72 | CL: 61,Normal,Sangat Menarik (> 1:3),Oversold (Jenuh Jual - Peluang),Sentimen Positif 📰,Normal / Sedang Transisi,Mendekati Fibo Bottom / 100%,1,WAIT & SEE,TIDAK ADA,2026-08-24 16:50:01,Biasa / Mengikuti Pasar
16:50,KRAS,Token Mati (Perlu Update),Mid Cap (Lapis 2),Overvalued (Mahal),0.5444386,6514.2856,226.0,224,208,236,-1.7391304347826086,2361900,Normal,52,Negatif,Uptrend,Bullish,Bearish MACD,Perfect Uptrend (5>20>50),Normal,Akumulasi (Naik),Normal,Seimbang / Adu Mekanik,Normal,Sedang,Normal,Area Tengah,< 1 Miliar,Persis di VWAP,Distribusi Pro (Guyuran),Gorengan Sepi (< 5M),Normal (50-150%),Mark-Up (Fase Pesta),Spesialis Tiang Jemuran (Banting Pucuk),Normal,Turun 1 Hari Beruntun,TP: 239 | CL: 217,Open = High (Tekanan Jual),Tidak Ideal (< 1:1),Netral / Sideways,Sentimen Positif 📰,Normal / Sedang Transisi,Mendekati Fibo 38.2%,5,WAIT & SEE,TIDAK ADA,2026-08-24 16:50:01,Biasa / Mengikuti Pasar
16:50,KREN,Token Mati (Perlu Update),Small Cap (Lapis 3),Fair Value (Wajar),0.0,-12999.999,13.0,13,12,15,0.0,33415200,Tembus MA20,51,Negatif,Downtrend,Bearish,Bearish MACD,Konsolidasi / Transisi,Normal,Distribusi (Turun),Gap Up (+7.7%),Dominan Jual (Guyur),Normal,Sedang,Normal,Area Tengah,< 1 Miliar,Persis di VWAP,Distribusi Pro (Guyuran),Gorengan Sepi (< 5M),Anomali Tinggi (150-300%),Distribution (Fase Jualan),Normal,Normal,Sideways / Stagnan,TP: 14 | CL: 12,Open = High (Tekanan Jual),Ideal (1:2),Netral / Sideways,Netral / Sepi Berita,Normal / Sedang Transisi,Dekat Support Fibo 61.8% (Golden Ratio),3,WAIT & SEE,TIDAK ADA,2026-08-24 16:50:01,Biasa / Mengikuti Pasar
16:50,LAPD,Token Mati (Perlu Update),Small Cap (Lapis 3),Fair Value (Wajar),0.0,-11.459387,67.0,64,59,74,0.0,31161600,Normal,55,Negatif,Uptrend,Bullish,Strong Bullish,Perfect Uptrend (5>20>50),Normal,Akumulasi (Naik),Normal,Dominan Jual (Guyur),Normal,Sedang,Doji (Ragu-ragu),Rawan Pucuk (High Risk),> 1 Miliar,Persis di VWAP,Distribusi Pro (Guyuran),Gorengan Sepi (< 5M),Normal (50-150%),Mark-Up (Fase Pesta),Spesialis Tiang Jemuran (Banting Pucuk),Normal,Sideways / Stagnan,TP: 73 | CL: 62,Normal,Tidak Ideal (< 1:1),Golden Cross (Awal Bullish),Sentimen Positif 📰,Normal / Sedang Transisi,Mendekati Fibo 61.8% (Golden Ratio),6,WAIT & SEE,TIDAK ADA,2026-08-24 16:50:01,Biasa / Mengikuti Pasar
16:50,LEAD,Token Mati (Perlu Update),Small Cap (Lapis 3),Overvalued (Mahal),0.0,11888.89,107.0,108,97,119,-2.727272727272727,15145900,Normal,50,Negatif,Downtrend,Bullish,Bearish MACD,Perfect Uptrend (5>20>50),Normal,Distribusi (Turun),Normal,Seimbang / Adu Mekanik,Normal,Tinggi,Normal,Rawan Pucuk (High Risk),> 1 Miliar,Di Bawah VWAP (Lemah),Distribusi Pro (Guyuran),Gorengan Sepi (< 5M),Normal (50-150%),Distribution (Fase Jualan),Spesialis Tiang Jemuran (Banting Pucuk),Normal,Turun 2 Hari Beruntun,TP: 115 | CL: 101,Normal,Menengah (1:1),Netral / Sideways,Netral / Sepi Berita,Normal / Sedang Transisi,Mengambang (Jauh dari Fibo),1,WAIT & SEE,TIDAK ADA,2026-08-24 16:50:01,Biasa / Mengikuti Pasar
16:50,LINK,Token Mati (Perlu Update),Mid Cap (Lapis 2),Fair Value (Wajar),0.0,1.1435323,1475.0,1436,1340,1655,-1.6666666666666667,43400,Tembus MA20,53,Negatif,Uptrend,Bullish,Strong Bullish,Awal Reversal (5>20),Distribusi Kuat,Distribusi (Turun),Normal,Seimbang / Adu Mekanik,Normal,Tinggi,Hammer (Potensi Reversal),Rawan Pucuk (High Risk),< 1 Miliar,Di Bawah VWAP (Lemah),Distribusi Pro (Guyuran),Gorengan Sepi (< 5M),Anomali Tinggi (150-300%),Accumulation (Kumpul Barang),Spesialis Tiang Jemuran (Banting Pucuk),Jarum Bawah (Sinyal Pantulan Kuat),Turun 2 Hari Beruntun,TP: 1605 | CL: 1387,Open = High (Tekanan Jual),Menengah (1:1),Netral / Sideways,Netral / Sepi Berita,Normal / Sedang Transisi,Mendekati Fibo 50.0%,5,WAIT & SEE,TIDAK ADA,2026-08-24 16:50:01,Biasa / Mengikuti Pasar
16:50,LION,Token Mati (Perlu Update),Small Cap (Lapis 3),Fair Value (Wajar),0.0,0.4056781,348.0,349,326,422,0.0,19100,Normal,51,Negatif,Downtrend,Bearish,Bearish MACD,Konsolidasi / Transisi,Normal,Akumulasi (Naik),Normal,Seimbang / Adu Mekanik,Squeeze,Rendah,Doji (Ragu-ragu),Area Tengah,< 1 Miliar,Persis di VWAP,Distribusi Pro (Guyuran),Gorengan Sepi (< 5M),Normal (50-150%),Distribution (Fase Jualan),Normal,Normal,Sideways / Stagnan,TP: 364 | CL: 336,Normal,Sangat Menarik (> 1:3),Netral / Sideways,Netral / Sepi Berita,Supply Kering (Siap Pump) 🏜️,Mendekati Fibo 61.8% (Golden Ratio),2,WAIT & SEE,TIDAK ADA,2026-08-24 16:50:01,Biasa / Mengikuti Pasar
16:50,LMPI,Token Mati (Perlu Update),Small Cap (Lapis 3),Fair Value (Wajar),0.0,-4.112497,155.0,146,137,183,0.0,466200,Normal,61,Negatif,Uptrend,Bullish,Strong Bullish,Perfect Uptrend (5>20>50),Normal,Akumulasi (Naik),Normal,Seimbang / Adu Mekanik,Normal,Tinggi,Doji (Ragu-ragu),Rawan Pucuk (High Risk),< 1 Miliar,Di Bawah VWAP (Lemah),Distribusi Pro (Guyuran),Gorengan Sepi (< 5M),Sepi (< 50%),Mark-Up (Fase Pesta),Spesialis Tiang Jemuran (Banting Pucuk),Normal,Sideways / Stagnan,TP: 170 | CL: 144,Normal,Ideal (1:2),Netral / Sideways,Sentimen Negatif ⚠️,Normal / Sedang Transisi,Mendekati Fibo 50.0%,5,WAIT & SEE,TIDAK ADA,2026-08-24 16:50:01,Biasa / Mengikuti Pasar
16:50,LMSH,Token Mati (Perlu Update),Small Cap (Lapis 3),Undervalued (Murah),12.194541,0.26389357,256.0,256,256,256,0.0,0,Normal,0,Negatif,Downtrend,Bearish,Bearish MACD,Konsolidasi / Transisi,Normal,Netral,Normal,Tidak Ada Transaksi,Squeeze,Rendah,Doji (Ragu-ragu),Dekat Support (Low Risk),< 1 Miliar,Di Atas VWAP (Kuat),Netral,Gorengan Sepi (< 5M),Normal (50-150%),Sideways,Solid (Jarang Dibanting),Normal,Sideways / Stagnan,TP: 257 | CL: 255,Normal,Di Area Support,Oversold (Jenuh Jual - Peluang),Netral / Sepi Berita,Normal / Sedang Transisi,Normal / Sideways,0,WAIT & SEE,TIDAK ADA,2026-08-24 16:50:01,Biasa / Mengikuti Pasar
16:50,LPCK,Token Mati (Perlu Update),Mid Cap (Lapis 2),Undervalued (Murah),11.960784,0.45558837,605.0,581,505,670,-0.819672131147541,321600,Normal,62,Negatif,Uptrend,Bullish,Bearish MACD,Perfect Uptrend (5>20>50),Normal,Distribusi (Turun),Normal,Dominan Jual (Guyur),Normal,Tinggi,Doji (Ragu-ragu),Rawan Pucuk (High Risk),< 1 Miliar,Di Bawah VWAP (Lemah),Distribusi Pro (Guyuran),Gorengan Sepi (< 5M),Normal (50-150%),Mark-Up (Fase Pesta),Spesialis Tiang Jemuran (Banting Pucuk),Normal,Turun 2 Hari Beruntun,TP: 652 | CL: 573,Normal,Tidak Ideal (< 1:1),Netral / Sideways,Sentimen Positif 📰,Normal / Sedang Transisi,Mendekati Fibo 38.2%,4,WAIT & SEE,TIDAK ADA,2026-08-24 16:50:01,Biasa / Mengikuti Pasar
16:50,LPGI,Token Mati (Perlu Update),Mid Cap (Lapis 2),Fair Value (Wajar),12.169811,1.7332746,645.0,632,585,650,3.2,4400,Normal,52,Positif,Uptrend,Golden Cross,Bullish MACD,Awal Reversal (5>20),Normal,Distribusi (Turun),Normal,Dominan Beli (Hajar Kanan),Squeeze,Rendah,Normal,Rawan Pucuk (High Risk),< 1 Miliar,Di Atas VWAP (Kuat),Akumulasi Pro (Smart Money),Gorengan Sepi (< 5M),Sepi (< 50%),Accumulation (Kumpul Barang),Normal,Normal,Naik 1 Hari Beruntun,TP: 690 | CL: 615,Normal,Tidak Ideal (< 1:1),Netral / Sideways,Sentimen Positif 📰,Supply Kering (Siap Pump) 🏜️,Golden Rebound Fibo 61.8% (Golden Ratio) 🎯,7,BELI,TIDAK ADA,2026-08-24 16:50:01,Biasa / Mengikuti Pasar
16:50,LPIN,Token Mati (Perlu Update),Small Cap (Lapis 3),Undervalued (Murah),6.897679,0.51954705,422.0,420,410,438,-0.4716981132075472,46200,Normal,57,Negatif,Uptrend,Bullish,Bearish MACD,Perfect Uptrend (5>20>50),Normal,Distribusi (Turun),Normal,Dominan Jual (Guyur),Squeeze,Rendah,Normal,Dekat Support (Low Risk),< 1 Miliar,Persis di VWAP,Distribusi Pro (Guyuran),Gorengan Sepi (< 5M),Normal (50-150%),Mark-Up (Fase Pesta),Normal,Normal,Turun 1 Hari Beruntun,TP: 431 | CL: 415,Normal,Menengah (1:1),Netral / Sideways,Sentimen Positif 📰,Normal / Sedang Transisi,Dekat Support Fibo 23.6%,4,WAIT & SEE,TIDAK ADA,2026-08-24 16:50:01,Biasa / Mengikuti Pasar
16:50,LPKR,Token Mati (Perlu Update),Mid Cap (Lapis 2),Undervalued (Murah),6.2314544,0.14673549,64.0,62,59,74,0.0,152389000,Normal,54,Negatif,Uptrend,Bullish,Strong Bullish,Perfect Uptrend (5>20>50),Normal,Akumulasi (Naik),Normal,Seimbang / Adu Mekanik,Normal,Sedang,Doji (Ragu-ragu),Area Tengah,> 1 Miliar,Persis di VWAP,Akumulasi Pro (Smart Money),Ritel Aktif (5M - 50M),Normal (50-150%),Mark-Up (Fase Pesta),Spesialis Tiang Jemuran (Banting Pucuk),Jarum Bawah (Sinyal Pantulan Kuat),Sideways / Stagnan,TP: 69 | CL: 60,Normal,Ideal (1:2),Netral / Sideways,Sentimen Negatif ⚠️,Normal / Sedang Transisi,Mendekati Fibo 61.8% (Golden Ratio),5,WAIT & SEE,TIDAK ADA,2026-08-24 16:50:01,Biasa / Mengikuti Pasar
16:50,LPLI,Token Mati (Perlu Update),Small Cap (Lapis 3),Undervalued (Murah),0.52036685,0.16541968,244.0,246,236,296,-0.8130081300813009,75000,Normal,48,Negatif,Downtrend,Bearish,Strong Bearish,Konsolidasi / Transisi,Normal,Akumulasi (Naik),Normal,Seimbang / Adu Mekanik,Squeeze,Rendah,Normal,Area Tengah,< 1 Miliar,Persis di VWAP,Akumulasi Pro (Smart Money),Gorengan Sepi (< 5M),Sepi (< 50%),Distribution (Fase Jualan),Normal,Normal,Turun 1 Hari Beruntun,TP: 257 | CL: 235,Normal,Sangat Menarik (> 1:3),Netral / Sideways,Sentimen Positif 📰,Supply Kering (Siap Pump) 🏜️,Mendekati Fibo 61.8% (Golden Ratio),2,WAIT & SEE,TIDAK ADA,2026-08-24 16:50:01,Biasa / Mengikuti Pasar
16:50,LPPF,Token Mati (Perlu Update),Mid Cap (Lapis 2),Overvalued (Mahal),4.6825924,12.0451565,1615.0,1582,1515,1650,-0.9202453987730062,1309800,Tembus MA20,60,Negatif,Uptrend,Bullish,Strong Bullish,Perfect Uptrend (5>20>50),Normal,Akumulasi (Naik),Normal,Seimbang / Adu Mekanik,Squeeze,Rendah,Normal,Area Tengah,> 1 Miliar,Persis di VWAP,Akumulasi Pro (Smart Money),Gorengan Sepi (< 5M),Normal (50-150%),Mark-Up (Fase Pesta),Spesialis Tiang Jemuran (Banting Pucuk),Normal,Turun 1 Hari Beruntun,TP: 1648 | CL: 1592,Open = High (Tekanan Jual),Tidak Ideal (< 1:1),Death Cross (Awal Bearish),Sentimen Positif 📰,Normal / Sedang Transisi,Dekat Support Fibo 23.6%,7,BELI,TIDAK ADA,2026-08-24 16:50:01,Biasa / Mengikuti Pasar
16:50,LPPS,Token Mati (Perlu Update),Small Cap (Lapis 3),Fair Value (Wajar),0.0,0.20478804,82.0,81,77,88,1.2345679012345678,1689500,Normal,56,Positif,Uptrend,Bullish,Bearish MACD,Perfect Uptrend (5>20>50),Normal,Akumulasi (Naik),Normal,Seimbang / Adu Mekanik,Normal,Sedang,Normal,Area Tengah,< 1 Miliar,Persis di VWAP,Akumulasi Pro (Smart Money),Gorengan Sepi (< 5M),Normal (50-150%),Mark-Up (Fase Pesta),Spesialis Tiang Jemuran (Banting Pucuk),Normal,Naik 1 Hari Beruntun,TP: 88 | CL: 77,Normal,Menengah (1:1),Netral / Sideways,Sentimen Positif 📰,Normal / Sedang Transisi,Mengambang (Jauh dari Fibo),6,WAIT & SEE,TIDAK ADA,2026-08-24 16:50:01,Biasa / Mengikuti Pasar
16:50,LRNA,Token Mati (Perlu Update),Small Cap (Lapis 3),Fair Value (Wajar),0.0,0.2664223,191.0,187,178,242,0.5263157894736842,185000,Normal,61,Positif,Uptrend,Bullish,Strong Bullish,Perfect Uptrend (5>20>50),Normal,Akumulasi (Naik),Normal,Seimbang / Adu Mekanik,Squeeze,Rendah,Doji (Ragu-ragu),Area Tengah,< 1 Miliar,Persis di VWAP,Distribusi Pro (Guyuran),Gorengan Sepi (< 5M),Sepi (< 50%),Mark-Up (Fase Pesta),Spesialis Tiang Jemuran (Banting Pucuk),Normal,Naik 2 Hari Beruntun,TP: 204 | CL: 182,Normal,Sangat Menarik (> 1:3),Golden Cross (Awal Bullish),Sentimen Positif 📰,Supply Kering (Siap Pump) 🏜️,Golden Rebound Fibo 61.8% (Golden Ratio) 🎯,7,BELI,TIDAK ADA,2026-08-24 16:50:01,Biasa / Mengikuti Pasar
16:50,LSIP,Token Mati (Perlu Update),Mid Cap (Lapis 2),Undervalued (Murah),4.835781,0.69757783,1460.0,1429,1350,1485,0.0,10985300,Tembus MA20,65,Negatif,Uptrend,Bullish,Bearish MACD,Perfect Uptrend (5>20>50),Normal,Akumulasi (Naik),Normal,Seimbang / Adu Mekanik,Normal,Sedang,Doji (Ragu-ragu),Area Tengah,> 1 Miliar,Persis di VWAP,Akumulasi Pro (Smart Money),Ritel Aktif (5M - 50M),Anomali Tinggi (150-300%),Mark-Up (Fase Pesta),Normal,Normal,Sideways / Stagnan,TP: 1506 | CL: 1428,Normal,Tidak Ideal (< 1:1),Death Cross (Awal Bearish),Netral / Sepi Berita,Normal / Sedang Transisi,Mengambang (Jauh dari Fibo),5,WAIT & SEE,TIDAK ADA,2026-08-24 16:50:01,Biasa / Mengikuti Pasar
16:50,LTLS,Token Mati (Perlu Update),Mid Cap (Lapis 2),Undervalued (Murah),6.514277,0.369794,835.0,828,740,865,-1.7647058823529411,57300,Normal,57,Negatif,Uptrend,Bullish,Bearish MACD,Perfect Uptrend (5>20>50),Normal,Akumulasi (Naik),Normal,Dominan Jual (Guyur),Normal,Sedang,Normal,Rawan Pucuk (High Risk),< 1 Miliar,Persis di VWAP,Akumulasi Pro (Smart Money),Gorengan Sepi (< 5M),Normal (50-150%),Mark-Up (Fase Pesta),Normal,Normal,Turun 1 Hari Beruntun,TP: 874 | CL: 808,Open = High (Tekanan Jual),Tidak Ideal (< 1:1),Death Cross (Awal Bearish),Sentimen Positif 📰,Normal / Sedang Transisi,Dekat Support Fibo 23.6%,5,WAIT & SEE,TIDAK ADA,2026-08-24 16:50:01,Biasa / Mengikuti Pasar
16:50,MAIN,Token Mati (Perlu Update),Mid Cap (Lapis 2),Undervalued (Murah),3.2216184,0.52172196,670.0,679,645,720,-0.7407407407407408,2065900,Tembus MA20,45,Negatif,Downtrend,Bearish,Strong Bearish,Strong Downtrend (5<20<50),Normal,Distribusi (Turun),Normal,Seimbang / Adu Mekanik,Normal,Sedang,Normal,Area Tengah,> 1 Miliar,Persis di VWAP,Distribusi Pro (Guyuran),Gorengan Sepi (< 5M),Anomali Tinggi (150-300%),Mark-Down (Fase Runtuh),Normal,Normal,Turun 1 Hari Beruntun,TP: 691 | CL: 655,Open = High (Tekanan Jual),Ideal (1:2),Netral / Sideways,Netral / Sepi Berita,Normal / Sedang Transisi,Mendekati Fibo 78.6%,1,WAIT & SEE,TIDAK ADA,2026-08-24 16:50:01,Biasa / Mengikuti Pasar
16:50,MAPI,Token Mati (Perlu Update),Big Cap (Lapis 1),Fair Value (Wajar),10.030865,1.6228268,1505.0,1565,1360,1940,-0.33112582781456956,1836200,Normal,46,Negatif,Downtrend,Bearish,Strong Bearish,Konsolidasi / Transisi,Normal,Distribusi (Turun),Normal,Dominan Jual (Guyur),Normal,Tinggi,Normal,Rawan Pucuk (High Risk),> 1 Miliar,Persis di VWAP,Akumulasi Pro (Smart Money),Ritel Aktif (5M - 50M),Sepi (< 50%),Distribution (Fase Jualan),Normal,Normal,Turun 2 Hari Beruntun,TP: 1621 | CL: 1427,Normal,Ideal (1:2),Oversold (Jenuh Jual - Peluang),Sentimen Negatif ⚠️,Normal / Sedang Transisi,Golden Rebound Fibo 78.6% 🎯,0,WAIT & SEE,TIDAK ADA,2026-08-24 16:50:01,Biasa / Mengikuti Pasar
16:50,MAYA,Token Mati (Perlu Update),Mid Cap (Lapis 2),Overvalued (Mahal),76.83398,0.26805967,199.0,199,192,208,-1.4851485148514851,284500,Normal,52,Negatif,Downtrend,Bearish,Bearish MACD,Konsolidasi / Transisi,Normal,Akumulasi (Naik),Normal,Dominan Jual (Guyur),Squeeze,Rendah,Normal,Area Tengah,< 1 Miliar,Persis di VWAP,Akumulasi Pro (Smart Money),Gorengan Sepi (< 5M),Sepi (< 50%),Distribution (Fase Jualan),Spesialis Tiang Jemuran (Banting Pucuk),Normal,Turun 1 Hari Beruntun,TP: 206 | CL: 193,Open = High (Tekanan Jual),Menengah (1:1),Netral / Sideways,Sentimen Positif 📰,Normal / Sedang Transisi,Dekat Support Fibo 23.6%,3,WAIT & SEE,TIDAK ADA,2026-08-24 16:50:01,Biasa / Mengikuti Pasar
16:50,MBAP,Token Mati (Perlu Update),Mid Cap (Lapis 2),Overvalued (Mahal),82.91174,9833.333,1475.0,1444,1390,1490,0.3401360544217687,44700,Normal,61,Positif,Uptrend,Bullish,Strong Bullish,Perfect Uptrend (5>20>50),Normal,Akumulasi (Naik),Normal,Dominan Beli (Hajar Kanan),Squeeze,Rendah,Hammer (Potensi Reversal),Area Tengah,< 1 Miliar,Persis di VWAP,Akumulasi Pro (Smart Money),Gorengan Sepi (< 5M),Normal (50-150%),Mark-Up (Fase Pesta),Spesialis Tiang Jemuran (Banting Pucuk),Jarum Bawah (Sinyal Pantulan Kuat),Naik 1 Hari Beruntun,TP: 1533 | CL: 1435,Normal,Tidak Ideal (< 1:1),Overbought (Jenuh Beli - Rawan),Sentimen Positif 📰,Normal / Sedang Transisi,Golden Rebound Fibo 38.2% 🎯,8,BELI,TIDAK ADA,2026-08-24 16:50:01,Biasa / Mengikuti Pasar
16:50,MBSS,Token Mati (Perlu Update),Mid Cap (Lapis 2),Undervalued (Murah),13.350945,1.2058189,2830.0,2813,2530,2940,0.0,1526900,Tembus MA20,62,Negatif,Uptrend,Bullish,Bearish MACD,Perfect Uptrend (5>20>50),Normal,Distribusi (Turun),Normal,Seimbang / Adu Mekanik,Squeeze,Rendah,Doji (Ragu-ragu),Rawan Pucuk (High Risk),> 1 Miliar,Persis di VWAP,Distribusi Pro (Guyuran),Gorengan Sepi (< 5M),Normal (50-150%),Mark-Up (Fase Pesta),Spesialis Tiang Jemuran (Banting Pucuk),Normal,Sideways / Stagnan,TP: 2867 | CL: 2805,Normal,Tidak Ideal (< 1:1),Golden Cross (Awal Bullish),Netral / Sepi Berita,Normal / Sedang Transisi,Mendekati Fibo 23.6%,4,WAIT & SEE,TIDAK ADA,2026-08-24 16:50:01,Biasa / Mengikuti Pasar
16:50,MBTO,Token Mati (Perlu Update),Small Cap (Lapis 3),Fair Value (Wajar),0.0,0.39148682,129.0,127,115,167,0.0,3850800,Normal,56,Negatif,Uptrend,Bullish,Bearish MACD,Perfect Uptrend (5>20>50),Normal,Distribusi (Turun),Normal,Seimbang / Adu Mekanik,Normal,Tinggi,Doji (Ragu-ragu),Rawan Pucuk (High Risk),< 1 Miliar,Persis di VWAP,Akumulasi Pro (Smart Money),Gorengan Sepi (< 5M),Normal (50-150%),Mark-Up (Fase Pesta),Spesialis Tiang Jemuran (Banting Pucuk),Jarum Bawah (Sinyal Pantulan Kuat),Sideways / Stagnan,TP: 142 | CL: 120,Normal,Ideal (1:2),Netral / Sideways,Sentimen Negatif ⚠️,Normal / Sedang Transisi,Golden Rebound Fibo 50.0% 🎯,3,WAIT & SEE,TIDAK ADA,2026-08-24 16:50:01,Biasa / Mengikuti Pasar
16:50,MCOR,Token Mati (Perlu Update),Mid Cap (Lapis 2),Undervalued (Murah),8.760951,0.36483604,70.0,68,67,71,1.4492753623188406,1170300,Normal,58,Positif,Uptrend,Bullish,Strong Bullish,Perfect Uptrend (5>20>50),Normal,Akumulasi (Naik),Normal,Dominan Beli (Hajar Kanan),Squeeze,Rendah,Normal,Area Tengah,< 1 Miliar,Di Atas VWAP (Kuat),Akumulasi Pro (Smart Money),Gorengan Sepi (< 5M),Sepi (< 50%),Mark-Up (Fase Pesta),Spesialis Tiang Jemuran (Banting Pucuk),Normal,Naik 1 Hari Beruntun,TP: 72 | CL: 68,Normal,Tidak Ideal (< 1:1),Netral / Sideways,Sentimen Positif 📰,Normal / Sedang Transisi,Dekat Support Fibo 23.6%,8,BELI,TIDAK ADA,2026-08-24 16:50:01,Biasa / Mengikuti Pasar
16:50,MDIA,Token Mati (Perlu Update),Mid Cap (Lapis 2),Overvalued (Mahal),3150.0,10.763251,252.0,236,118,296,-10.0,35634900,Normal,67,Negatif,Uptrend,Bullish,Bearish MACD,Perfect Uptrend (5>20>50),Normal,Distribusi (Turun),Gap Down (-7.1%),Dominan Jual (Guyur),Normal,Tinggi,Normal,Rawan Pucuk (High Risk),> 1 Miliar,Di Bawah VWAP (Lemah),Distribusi Pro (Guyuran),Gorengan Sepi (< 5M),Sepi (< 50%),Mark-Up (Fase Pesta),Normal,Normal,Turun 1 Hari Beruntun,TP: 279 | CL: 233,Open = High (Tekanan Jual),Tidak Ideal (< 1:1),Netral / Sideways,Sentimen Positif 📰,Normal / Sedang Transisi,Mendekati Fibo 23.6%,4,WAIT & SEE,TIDAK ADA,2026-08-24 16:50:01,Biasa / Mengikuti Pasar
16:50,MDKA,Token Mati (Perlu Update),Big Cap (Lapis 1),Overvalued (Mahal),1661.017,84000.0,2930.0,2836,2550,3080,-0.6779661016949152,31980300,Normal,57,Negatif,Uptrend,Bullish,Strong Bullish,Perfect Uptrend (5>20>50),Normal,Distribusi (Turun),Normal,Seimbang / Adu Mekanik,Normal,Tinggi,Normal,Rawan Pucuk (High Risk),> 1 Miliar,Persis di VWAP,Distribusi Pro (Guyuran),Sultan (> 50M/hari),Normal (50-150%),Mark-Up (Fase Pesta),Spesialis Tiang Jemuran (Banting Pucuk),Normal,Turun 1 Hari Beruntun,TP: 3115 | CL: 2806,Normal,Tidak Ideal (< 1:1),Death Cross (Awal Bearish),Sentimen Positif 📰,Normal / Sedang Transisi,Dekat Support Fibo 23.6%,5,WAIT & SEE,TIDAK ADA,2026-08-24 16:50:01,Biasa / Mengikuti Pasar
16:50,MDLN,Token Mati (Perlu Update),Small Cap (Lapis 3),Fair Value (Wajar),0.0,0.1902421,50.0,50,50,52,0.0,5210400,Tembus MA20,48,Negatif,Downtrend,Bearish,Strong Bearish,Strong Downtrend (5<20<50),Normal,Netral,Normal,Tidak Ada Transaksi,Squeeze,Rendah,Doji (Ragu-ragu),Dekat Support (Low Risk),< 1 Miliar,Persis di VWAP,Netral,Gorengan Sepi (< 5M),Normal (50-150%),Mark-Down (Fase Runtuh),Spesialis Tiang Jemuran (Banting Pucuk),Normal,Sideways / Stagnan,TP: 50 | CL: 49,Normal,Di Area Support,Oversold (Jenuh Jual - Peluang),Sentimen Positif 📰,Normal / Sedang Transisi,Golden Rebound Fibo Bottom / 100% 🎯,2,WAIT & SEE,TIDAK ADA,2026-08-24 16:50:01,Biasa / Mengikuti Pasar
16:50,MDRN,Token Mati (Perlu Update),Small Cap (Lapis 3),Fair Value (Wajar),2.8230186,-0.8300345,26.0,26,26,26,0.0,0,Normal,38,Negatif,Downtrend,Bearish,Bullish MACD,Konsolidasi / Transisi,Normal,Netral,Normal,Tidak Ada Transaksi,Squeeze,Rendah,Doji (Ragu-ragu),Dekat Support (Low Risk),< 1 Miliar,Di Atas VWAP (Kuat),Netral,Gorengan Sepi (< 5M),Normal (50-150%),Sideways,Solid (Jarang Dibanting),Normal,Sideways / Stagnan,TP: 27 | CL: 25,Normal,Di Area Support,Oversold (Jenuh Jual - Peluang),Netral / Sepi Berita,Normal / Sedang Transisi,Mendekati Fibo Bottom / 100%,1,WAIT & SEE,TIDAK ADA,2026-08-24 16:50:01,Biasa / Mengikuti Pasar
16:50,MEDC,Token Mati (Perlu Update),Big Cap (Lapis 1),Overvalued (Mahal),12.879485,15730.337,1400.0,1325,1225,1445,0.7194244604316548,32940400,Normal,61,Positif,Uptrend,Bullish,Strong Bullish,Perfect Uptrend (5>20>50),Normal,Akumulasi (Naik),Normal,Seimbang / Adu Mekanik,Normal,Tinggi,Normal,Rawan Pucuk (High Risk),> 1 Miliar,Persis di VWAP,Akumulasi Pro (Smart Money),Sultan (> 50M/hari),Normal (50-150%),Mark-Up (Fase Pesta),Normal,Normal,Naik 1 Hari Beruntun,TP: 1482 | CL: 1345,Normal,Tidak Ideal (< 1:1),Death Cross (Awal Bearish),Netral / Sepi Berita,Normal / Sedang Transisi,Mendekati Fibo 23.6%,6,WAIT & SEE,TIDAK ADA,2026-08-24 16:50:01,Biasa / Mengikuti Pasar
16:50,MEGA,Token Mati (Perlu Update),Big Cap (Lapis 1),Fair Value (Wajar),14.184398,2.0787532,1980.0,1983,1750,2000,0.0,26400,Normal,47,Negatif,Downtrend,Bearish,Strong Bearish,Strong Downtrend (5<20<50),Normal,Distribusi (Turun),Normal,Dominan Beli (Hajar Kanan),Squeeze,Rendah,Doji (Ragu-ragu),Rawan Pucuk (High Risk),< 1 Miliar,Persis di VWAP,Akumulasi Pro (Smart Money),Gorengan Sepi (< 5M),Normal (50-150%),Mark-Down (Fase Runtuh),Normal,Jarum Bawah (Sinyal Pantulan Kuat),Sideways / Stagnan,TP: 2032 | CL: 1945,Normal,Tidak Ideal (< 1:1),Overbought (Jenuh Beli - Rawan),Sentimen Positif 📰,Normal / Sedang Transisi,Golden Rebound Fibo 50.0% 🎯,2,WAIT & SEE,TIDAK ADA,2026-08-24 16:50:01,Biasa / Mengikuti Pasar
16:50,MERK,Token Mati (Perlu Update),Mid Cap (Lapis 2),Fair Value (Wajar),5.3028264,1.8304867,3940.0,3935,3700,4030,-0.25316455696202533,15200,Normal,53,Negatif,Uptrend,Golden Cross,Bearish MACD,Perfect Uptrend (5>20>50),Normal,Akumulasi (Naik),Normal,Seimbang / Adu Mekanik,Squeeze,Rendah,Doji (Ragu-ragu),Area Tengah,< 1 Miliar,Persis di VWAP,Akumulasi Pro (Smart Money),Gorengan Sepi (< 5M),Sepi (< 50%),Mark-Up (Fase Pesta),Normal,Jarum Bawah (Sinyal Pantulan Kuat),Turun 2 Hari Beruntun,TP: 4060 | CL: 3860,Normal,Tidak Ideal (< 1:1),Death Cross (Awal Bearish),Sentimen Positif 📰,Normal / Sedang Transisi,Golden Rebound Fibo 23.6% 🎯,5,WAIT & SEE,TIDAK ADA,2026-08-24 16:50:01,Biasa / Mengikuti Pasar
16:50,MFMI,Token Mati (Perlu Update),Small Cap (Lapis 3),Overvalued (Mahal),37.839096,8.798884,1300.0,1300,1300,1300,0.0,0,Normal,100,Negatif,Downtrend,Bearish,Bearish MACD,Konsolidasi / Transisi,Normal,Netral,Normal,Tidak Ada Transaksi,Squeeze,Rendah,Doji (Ragu-ragu),Dekat Support (Low Risk),< 1 Miliar,Di Atas VWAP (Kuat),Netral,Gorengan Sepi (< 5M),Normal (50-150%),Sideways,Solid (Jarang Dibanting),Normal,Sideways / Stagnan,TP: 1301 | CL: 1299,Normal,Di Area Support,Oversold (Jenuh Jual - Peluang),Netral / Sepi Berita,Normal / Sedang Transisi,Golden Rebound Fibo 23.6% 🎯,1,WAIT & SEE,TIDAK ADA,2026-08-24 16:50:01,Biasa / Mengikuti Pasar
16:50,MGNA,Token Mati (Perlu Update),Small Cap (Lapis 3),Overvalued (Mahal),2.665038,11.947729,96.0,105,89,163,-2.0408163265306123,2069700,Normal,44,Negatif,Downtrend,Bearish,Bearish MACD,Konsolidasi / Transisi,Normal,Distribusi (Turun),Gap Up (+2.0%),Dominan Jual (Guyur),Normal,Tinggi,Normal,Area Tengah,< 1 Miliar,Di Bawah VWAP (Lemah),Distribusi Pro (Guyuran),Gorengan Sepi (< 5M),Sepi (< 50%),Distribution (Fase Jualan),Spesialis Tiang Jemuran (Banting Pucuk),Normal,Turun 1 Hari Beruntun,TP: 107 | CL: 88,Open = High (Tekanan Jual),Sangat Menarik (> 1:3),Oversold (Jenuh Jual - Peluang),Sentimen Negatif ⚠️,Normal / Sedang Transisi,Mengambang (Jauh dari Fibo),1,WAIT & SEE,TIDAK ADA,2026-08-24 16:50:01,Biasa / Mengikuti Pasar
16:50,MICE,Token Mati (Perlu Update),Small Cap (Lapis 3),Undervalued (Murah),7.3211546,0.31718796,525.0,520,500,540,-0.9433962264150944,152300,Tembus MA20,57,Negatif,Uptrend,Bullish,Bearish MACD,Perfect Uptrend (5>20>50),Distribusi Kuat,Distribusi (Turun),Normal,Dominan Jual (Guyur),Squeeze,Rendah,Normal,Area Tengah,< 1 Miliar,Persis di VWAP,Distribusi Pro (Guyuran),Gorengan Sepi (< 5M),Ledakan Ekstrem (> 300%),Mark-Up (Fase Pesta),Normal,Normal,Turun 1 Hari Beruntun,TP: 540 | CL: 514,Open = High (Tekanan Jual),Tidak Ideal (< 1:1),Netral / Sideways,Sentimen Positif 📰,Normal / Sedang Transisi,Dekat Support Fibo 23.6%,5,WAIT & SEE,TIDAK ADA,2026-08-24 16:50:01,Biasa / Mengikuti Pasar
16:50,MIDI,Token Mati (Perlu Update),Mid Cap (Lapis 2),Fair Value (Wajar),10.54614,2.0212812,280.0,279,266,294,-1.4084507042253522,7212600,Normal,51,Negatif,Uptrend,Golden Cross,Bullish MACD,Awal Reversal (5>20),Normal,Akumulasi (Naik),Normal,Dominan Jual (Guyur),Squeeze,Rendah,Normal,Area Tengah,> 1 Miliar,Persis di VWAP,Distribusi Pro (Guyuran),Gorengan Sepi (< 5M),Normal (50-150%),Accumulation (Kumpul Barang),Normal,Normal,Turun 1 Hari Beruntun,TP: 290 | CL: 273,Normal,Menengah (1:1),Death Cross (Awal Bearish),Sentimen Positif 📰,Normal / Sedang Transisi,Dekat Support Fibo 50.0%,6,WAIT & SEE,TIDAK ADA,2026-08-24 16:50:01,Biasa / Mengikuti Pasar
16:50,MIKA,Token Mati (Perlu Update),Big Cap (Lapis 1),Overvalued (Mahal),18.133438,3.4980323,1845.0,1795,1690,1905,1.095890410958904,4947200,Tembus MA20,60,Positif,Uptrend,Golden Cross,Bearish MACD,Perfect Uptrend (5>20>50),Normal,Akumulasi (Naik),Normal,Seimbang / Adu Mekanik,Normal,Sedang,Normal,Area Tengah,> 1 Miliar,Di Atas VWAP (Kuat),Akumulasi Pro (Smart Money),Ritel Aktif (5M - 50M),Normal (50-150%),Mark-Up (Fase Pesta),Normal,Normal,Naik 4 Hari Beruntun,TP: 1937 | CL: 1783,Open = Low (Bullish Kuat),Tidak Ideal (< 1:1),Netral / Sideways,Sentimen Positif 📰,Normal / Sedang Transisi,Mendekati Fibo 23.6%,7,BELI,TIDAK ADA,2026-08-24 16:50:01,Biasa / Mengikuti Pasar
16:50,MIRA,Token Mati (Perlu Update),Small Cap (Lapis 3),Fair Value (Wajar),0.0,0.7516076,27.0,25,20,31,0.0,2943300,Normal,55,Negatif,Uptrend,Bullish,Bearish MACD,Perfect Uptrend (5>20>50),Normal,Distribusi (Turun),Normal,Dominan Jual (Guyur),Normal,Tinggi,Doji (Ragu-ragu),Rawan Pucuk (High Risk),< 1 Miliar,Di Bawah VWAP (Lemah),Distribusi Pro (Guyuran),Gorengan Sepi (< 5M),Sepi (< 50%),Mark-Up (Fase Pesta),Normal,Normal,Sideways / Stagnan,TP: 29 | CL: 25,Normal,Tidak Ideal (< 1:1),Death Cross (Awal Bearish),Netral / Sepi Berita,Normal / Sedang Transisi,Mengambang (Jauh dari Fibo),3,WAIT & SEE,TIDAK ADA,2026-08-24 16:50:01,Biasa / Mengikuti Pasar
16:50,MITI,Token Mati (Perlu Update),Small Cap (Lapis 3),Overvalued (Mahal),56.666668,1.6405835,204.0,192,153,256,2.0,1544900,Normal,59,Positif,Uptrend,Bullish,Strong Bullish,Perfect Uptrend (5>20>50),Normal,Akumulasi (Naik),Gap Up (+3.0%),Seimbang / Adu Mekanik,Normal,Tinggi,Normal,Rawan Pucuk (High Risk),< 1 Miliar,Persis di VWAP,Akumulasi Pro (Smart Money),Gorengan Sepi (< 5M),Normal (50-150%),Mark-Up (Fase Pesta),Normal,Jarum Bawah (Sinyal Pantulan Kuat),Naik 1 Hari Beruntun,TP: 228 | CL: 187,Normal,Menengah (1:1),Netral / Sideways,Netral / Sepi Berita,Normal / Sedang Transisi,Mendekati Fibo 50.0%,7,BELI,TIDAK ADA,2026-08-24 16:50:01,Biasa / Mengikuti Pasar
16:50,MKPI,Token Mati (Perlu Update),Big Cap (Lapis 1),Fair Value (Wajar),18.038282,2.819991,22175.0,21915,21050,22175,0.1128668171557562,40000,Normal,71,Positif,Uptrend,Bullish,Bearish MACD,Perfect Uptrend (5>20>50),Normal,Akumulasi (Naik),Normal,Dominan Beli (Hajar Kanan),Squeeze,Rendah,Marubozu (Strong Bullish),Area Tengah,< 1 Miliar,Persis di VWAP,Akumulasi Pro (Smart Money),Gorengan Sepi (< 5M),Normal (50-150%),Mark-Up (Fase Pesta),Normal,Normal,Naik 3 Hari Beruntun,TP: 22367 | CL: 22046,Open = Low (Bullish Kuat),Tidak Ideal (< 1:1),Overbought (Jenuh Beli - Rawan),Sentimen Positif 📰,Normal / Sedang Transisi,Dekat Support Fibo 23.6%,7,BELI,TIDAK ADA,2026-08-24 16:50:01,Biasa / Mengikuti Pasar
16:50,MLBI,Token Mati (Perlu Update),Big Cap (Lapis 1),Overvalued (Mahal),11.286681,13.159777,6900.0,6827,6300,7200,0.0,100300,Normal,64,Negatif,Uptrend,Bullish,Bearish MACD,Perfect Uptrend (5>20>50),Normal,Akumulasi (Naik),Normal,Seimbang / Adu Mekanik,Normal,Sedang,Doji (Ragu-ragu),Area Tengah,< 1 Miliar,Persis di VWAP,Akumulasi Pro (Smart Money),Gorengan Sepi (< 5M),Anomali Tinggi (150-300%),Mark-Up (Fase Pesta),Normal,Jarum Bawah (Sinyal Pantulan Kuat),Sideways / Stagnan,TP: 7074 | CL: 6783,Normal,Tidak Ideal (< 1:1),Netral / Sideways,Sentimen Positif 📰,Normal / Sedang Transisi,Golden Rebound Fibo 23.6% 🎯,5,WAIT & SEE,TIDAK ADA,2026-08-24 16:50:01,Biasa / Mengikuti Pasar
16:50,MLIA,Token Mati (Perlu Update),Mid Cap (Lapis 2),Fair Value (Wajar),0.0,0.2904033,230.0,231,230,236,-0.8620689655172413,27100,Normal,41,Negatif,Downtrend,Bullish,Bullish MACD,Awal Reversal (5>20),Normal,Akumulasi (Naik),Normal,Dominan Jual (Guyur),Squeeze,Rendah,Normal,Dekat Support (Low Risk),< 1 Miliar,Di Bawah VWAP (Lemah),Akumulasi Pro (Smart Money),Gorengan Sepi (< 5M),Normal (50-150%),Mark-Down (Fase Runtuh),Solid (Jarang Dibanting),Normal,Turun 1 Hari Beruntun,TP: 233 | CL: 227,Open = High (Tekanan Jual),Di Area Support,Netral / Sideways,Sentimen Negatif ⚠️,Normal / Sedang Transisi,Dekat Support Fibo Bottom / 100%,3,WAIT & SEE,TIDAK ADA,2026-08-24 16:50:01,Biasa / Mengikuti Pasar
16:50,MLPL,Token Mati (Perlu Update),Mid Cap (Lapis 2),Fair Value (Wajar),0.0,0.242433,95.0,95,91,107,-2.0618556701030926,30389800,Normal,52,Negatif,Downtrend,Bearish,Bearish MACD,Konsolidasi / Transisi,Normal,Akumulasi (Naik),Normal,Seimbang / Adu Mekanik,Normal,Sedang,Normal,Area Tengah,> 1 Miliar,Persis di VWAP,Akumulasi Pro (Smart Money),Gorengan Sepi (< 5M),Normal (50-150%),Distribution (Fase Jualan),Normal,Normal,Turun 2 Hari Beruntun,TP: 101 | CL: 90,Open = High (Tekanan Jual),Sangat Menarik (> 1:3),Netral / Sideways,Sentimen Positif 📰,Normal / Sedang Transisi,Mendekati Fibo 38.2%,3,WAIT & SEE,TIDAK ADA,2026-08-24 16:50:01,Biasa / Mengikuti Pasar
16:50,MLPT,Token Mati (Perlu Update),Big Cap (Lapis 1),Overvalued (Mahal),167.48769,84.189674,1355.0,1542,1265,2000,-3.214285714285714,4249000,Normal,49,Negatif,Downtrend,Bearish,Bearish MACD,Konsolidasi / Transisi,Normal,Akumulasi (Naik),Normal,Dominan Jual (Guyur),Normal,Tinggi,Normal,Area Tengah,> 1 Miliar,Di Bawah VWAP (Lemah),Distribusi Pro (Guyuran),Ritel Aktif (5M - 50M),Normal (50-150%),Distribution (Fase Jualan),Solid (Jarang Dibanting),Normal,Turun 2 Hari Beruntun,TP: 1537 | CL: 1233,Normal,Sangat Menarik (> 1:3),Netral / Sideways,Netral / Sepi Berita,Normal / Sedang Transisi,Mengambang (Jauh dari Fibo),1,WAIT & SEE,TIDAK ADA,2026-08-24 16:50:01,Biasa / Mengikuti Pasar
16:50,MMLP,Token Mati (Perlu Update),Mid Cap (Lapis 2),Fair Value (Wajar),20.0,0.43677595,300.0,294,280,320,0.0,982400,Tembus MA20,55,Negatif,Uptrend,Bullish,Strong Bullish,Awal Reversal (5>20),Normal,Akumulasi (Naik),Normal,Seimbang / Adu Mekanik,Squeeze,Rendah,Doji (Ragu-ragu),Area Tengah,< 1 Miliar,Persis di VWAP,Distribusi Pro (Guyuran),Gorengan Sepi (< 5M),Normal (50-150%),Accumulation (Kumpul Barang),Spesialis Tiang Jemuran (Banting Pucuk),Normal,Sideways / Stagnan,TP: 315 | CL: 289,Normal,Menengah (1:1),Netral / Sideways,Sentimen Positif 📰,Normal / Sedang Transisi,Dekat Support Fibo 38.2%,7,BELI,TIDAK ADA,2026-08-24 16:50:01,Biasa / Mengikuti Pasar
16:50,MNCN,Token Mati (Perlu Update),Mid Cap (Lapis 2),Undervalued (Murah),2.2563875,0.12137041,204.0,202,198,210,-0.9708737864077669,35516800,Tembus MA20,50,Negatif,Uptrend,Bullish,Bullish MACD,Awal Reversal (5>20),Normal,Akumulasi (Naik),Normal,Seimbang / Adu Mekanik,Squeeze,Rendah,Normal,Area Tengah,> 1 Miliar,Persis di VWAP,Akumulasi Pro (Smart Money),Ritel Aktif (5M - 50M),Normal (50-150%),Accumulation (Kumpul Barang),Normal,Normal,Turun 1 Hari Beruntun,TP: 208 | CL: 201,Normal,Menengah (1:1),Death Cross (Awal Bearish),Netral / Sepi Berita,Normal / Sedang Transisi,Dekat Support Fibo 78.6%,5,WAIT & SEE,TIDAK ADA,2026-08-24 16:50:01,Biasa / Mengikuti Pasar
16:50,MPMX,Token Mati (Perlu Update),Mid Cap (Lapis 2),Undervalued (Murah),8.59878,0.79988146,1015.0,1001,975,1020,0.0,3220700,Tembus MA20,66,Negatif,Uptrend,Bullish,Bearish MACD,Perfect Uptrend (5>20>50),Normal,Akumulasi (Naik),Normal,Dominan Jual (Guyur),Squeeze,Rendah,Doji (Ragu-ragu),Area Tengah,> 1 Miliar,Persis di VWAP,Distribusi Pro (Guyuran),Gorengan Sepi (< 5M),Normal (50-150%),Mark-Up (Fase Pesta),Normal,Normal,Sideways / Stagnan,TP: 1033 | CL: 1002,Normal,Tidak Ideal (< 1:1),Netral / Sideways,Sentimen Positif 📰,Normal / Sedang Transisi,Mendekati Fibo 23.6%,6,WAIT & SEE,TIDAK ADA,2026-08-24 16:50:01,Biasa / Mengikuti Pasar
16:50,MPPA,Token Mati (Perlu Update),Mid Cap (Lapis 2),Fair Value (Wajar),0.0,-16.649324,48.0,48,46,52,0.0,4932100,Normal,50,Negatif,Downtrend,Bullish,Bearish MACD,Perfect Uptrend (5>20>50),Normal,Distribusi (Turun),Normal,Tidak Ada Transaksi,Normal,Sedang,Doji (Ragu-ragu),Area Tengah,< 1 Miliar,Di Bawah VWAP (Lemah),Distribusi Pro (Guyuran),Gorengan Sepi (< 5M),Normal (50-150%),Distribution (Fase Jualan),Solid (Jarang Dibanting),Normal,Sideways / Stagnan,TP: 49 | CL: 46,Normal,Ideal (1:2),Netral / Sideways,Netral / Sepi Berita,Normal / Sedang Transisi,Dekat Support Fibo 38.2%,1,WAIT & SEE,TIDAK ADA,2026-08-24 16:50:01,Biasa / Mengikuti Pasar
16:50,MRAT,Token Mati (Perlu Update),Small Cap (Lapis 3),Overvalued (Mahal),55.88235,0.3095134,418.0,435,414,550,0.0,665200,Normal,33,Negatif,Downtrend,Bearish,Strong Bearish,Strong Downtrend (5<20<50),Normal,Distribusi (Turun),Normal,Dominan Jual (Guyur),Bottom Rebound,Sedang,Normal,Dekat Support (Low Risk),< 1 Miliar,Di Bawah VWAP (Lemah),Distribusi Pro (Guyuran),Gorengan Sepi (< 5M),Sepi (< 50%),Mark-Down (Fase Runtuh),Spesialis Tiang Jemuran (Banting Pucuk),Normal,Sideways / Stagnan,TP: 444 | CL: 400,Normal,Sangat Menarik (> 1:3),Oversold (Jenuh Jual - Peluang),Sentimen Positif 📰,Normal / Sedang Transisi,Golden Rebound Fibo Bottom / 100% 🎯,1,WAIT & SEE,TIDAK ADA,2026-08-24 16:50:01,Biasa / Mengikuti Pasar
16:50,MREI,Token Mati (Perlu Update),Small Cap (Lapis 3),Undervalued (Murah),5.1679587,0.29116395,920.0,920,920,920,0.0,0,Normal,30,Negatif,Downtrend,Bearish,Bullish MACD,Konsolidasi / Transisi,Normal,Netral,Normal,Tidak Ada Transaksi,Squeeze,Rendah,Doji (Ragu-ragu),Dekat Support (Low Risk),< 1 Miliar,Di Atas VWAP (Kuat),Netral,Gorengan Sepi (< 5M),Normal (50-150%),Sideways,Solid (Jarang Dibanting),Normal,Sideways / Stagnan,TP: 921 | CL: 919,Normal,Di Area Support,Oversold (Jenuh Jual - Peluang),Netral / Sepi Berita,Normal / Sedang Transisi,Golden Rebound Fibo 61.8% (Golden Ratio) 🎯,1,WAIT & SEE,TIDAK ADA,2026-08-24 16:50:01,Biasa / Mengikuti Pasar
16:50,MSKY,Token Mati (Perlu Update),Small Cap (Lapis 3),Fair Value (Wajar),0.0,0.90116733,65.0,65,56,76,-2.9850746268656714,11565000,Normal,50,Negatif,Downtrend,Bullish,Bearish MACD,Perfect Uptrend (5>20>50),Normal,Distribusi (Turun),Normal,Seimbang / Adu Mekanik,Normal,Tinggi,Normal,Rawan Pucuk (High Risk),< 1 Miliar,Di Bawah VWAP (Lemah),Distribusi Pro (Guyuran),Gorengan Sepi (< 5M),Sepi (< 50%),Distribution (Fase Jualan),Spesialis Tiang Jemuran (Banting Pucuk),Jarum Bawah (Sinyal Pantulan Kuat),Turun 1 Hari Beruntun,TP: 73 | CL: 59,Normal,Menengah (1:1),Netral / Sideways,Netral / Sepi Berita,Normal / Sedang Transisi,Golden Rebound Fibo 50.0% 🎯,1,WAIT & SEE,TIDAK ADA,2026-08-24 16:50:01,Biasa / Mengikuti Pasar
16:50,MTDL,Token Mati (Perlu Update),Mid Cap (Lapis 2),Undervalued (Murah),7.575757,1.3467996,515.0,509,500,525,0.9803921568627451,1611400,Normal,54,Positif,Uptrend,Bullish,Strong Bullish,Perfect Uptrend (5>20>50),Normal,Akumulasi (Naik),Normal,Dominan Beli (Hajar Kanan),Squeeze,Rendah,Normal,Dekat Support (Low Risk),< 1 Miliar,Persis di VWAP,Akumulasi Pro (Smart Money),Gorengan Sepi (< 5M),Normal (50-150%),Mark-Up (Fase Pesta),Normal,Normal,Naik 2 Hari Beruntun,TP: 531 | CL: 503,Normal,Tidak Ideal (< 1:1),Netral / Sideways,Sentimen Positif 📰,Normal / Sedang Transisi,Dekat Support Fibo 23.6%,8,BELI,TIDAK ADA,2026-08-24 16:50:01,Biasa / Mengikuti Pasar
16:50,MTFN,Token Mati (Perlu Update),Small Cap (Lapis 3),Fair Value (Wajar),0.0,-0.75691414,13.0,13,13,13,0.0,0,Normal,39,Negatif,Downtrend,Bearish,Bullish MACD,Konsolidasi / Transisi,Normal,Netral,Normal,Tidak Ada Transaksi,Squeeze,Rendah,Doji (Ragu-ragu),Dekat Support (Low Risk),< 1 Miliar,Di Atas VWAP (Kuat),Netral,Gorengan Sepi (< 5M),Normal (50-150%),Sideways,Solid (Jarang Dibanting),Normal,Sideways / Stagnan,TP: 14 | CL: 12,Normal,Di Area Support,Oversold (Jenuh Jual - Peluang),Netral / Sepi Berita,Normal / Sedang Transisi,Mengambang (Jauh dari Fibo),1,WAIT & SEE,TIDAK ADA,2026-08-24 16:50:01,Biasa / Mengikuti Pasar
16:50,MTLA,Token Mati (Perlu Update),Mid Cap (Lapis 2),Undervalued (Murah),10.4593935,0.6996979,510.0,519,500,575,0.0,9300,Normal,47,Negatif,Downtrend,Bearish,Strong Bearish,Konsolidasi / Transisi,Normal,Distribusi (Turun),Normal,Dominan Jual (Guyur),Normal,Sedang,Normal,Dekat Support (Low Risk),< 1 Miliar,Persis di VWAP,Distribusi Pro (Guyuran),Gorengan Sepi (< 5M),Sepi (< 50%),Distribution (Fase Jualan),Normal,Normal,Sideways / Stagnan,TP: 535 | CL: 493,Open = High (Tekanan Jual),Sangat Menarik (> 1:3),Golden Cross (Awal Bullish),Netral / Sepi Berita,Normal / Sedang Transisi,Mengambang (Jauh dari Fibo),0,WAIT & SEE,TIDAK ADA,2026-08-24 16:50:01,Biasa / Mengikuti Pasar
16:50,MTSM,Token Mati (Perlu Update),Small Cap (Lapis 3),Overvalued (Mahal),0.0,4.03548,500.0,500,500,500,0.0,0,Normal,0,Negatif,Downtrend,Bearish,Bearish MACD,Konsolidasi / Transisi,Normal,Netral,Normal,Tidak Ada Transaksi,Squeeze,Rendah,Doji (Ragu-ragu),Dekat Support (Low Risk),< 1 Miliar,Di Atas VWAP (Kuat),Netral,Gorengan Sepi (< 5M),Normal (50-150%),Sideways,Solid (Jarang Dibanting),Normal,Sideways / Stagnan,TP: 501 | CL: 499,Normal,Di Area Support,Oversold (Jenuh Jual - Peluang),Netral / Sepi Berita,Normal / Sedang Transisi,Normal / Sideways,0,WAIT & SEE,TIDAK ADA,2026-08-24 16:50:01,Biasa / Mengikuti Pasar
16:50,MYOH,Token Mati (Perlu Update),Mid Cap (Lapis 2),Overvalued (Mahal),9.610625,14207.316,1165.0,1066,1015,1250,0.43103448275862066,82600,Normal,73,Positif,Uptrend,Bullish,Strong Bullish,Perfect Uptrend (5>20>50),Normal,Akumulasi (Naik),Gap Up (+7.8%),Dominan Jual (Guyur),Breakout Upper,Tinggi,Normal,Rawan Pucuk (High Risk),< 1 Miliar,Di Atas VWAP (Kuat),Distribusi Pro (Guyuran),Gorengan Sepi (< 5M),Sepi (< 50%),Mark-Up (Fase Pesta),Spesialis Tiang Jemuran (Banting Pucuk),Normal,Naik 3 Hari Beruntun,TP: 1244 | CL: 1111,Open = High (Tekanan Jual),Tidak Ideal (< 1:1),Death Cross (Awal Bearish),Netral / Sepi Berita,Normal / Sedang Transisi,Dekat Support Fibo 38.2%,7,BELI,TIDAK ADA,2026-08-24 16:50:01,Biasa / Mengikuti Pasar
16:50,MYOR,Token Mati (Perlu Update),Big Cap (Lapis 1),Fair Value (Wajar),10.591149,1.9703561,1620.0,1683,1620,1745,-3.2835820895522385,20393900,Tembus MA20,37,Negatif,Downtrend,Bearish,Strong Bearish,Strong Downtrend (5<20<50),Distribusi Kuat,Distribusi (Turun),Normal,Dominan Jual (Guyur),Squeeze,Rendah,Normal,Dekat Support (Low Risk),> 1 Miliar,Di Bawah VWAP (Lemah),Distribusi Pro (Guyuran),Ritel Aktif (5M - 50M),Anomali Tinggi (150-300%),Mark-Down (Fase Runtuh),Normal,Normal,Turun 2 Hari Beruntun,TP: 1676 | CL: 1582,Normal,Di Area Support,Netral / Sideways,Sentimen Positif 📰,Normal / Sedang Transisi,Dekat Support Fibo 78.6%,2,WAIT & SEE,TIDAK ADA,2026-08-24 16:50:01,Biasa / Mengikuti Pasar
16:50,MYTX,Token Mati (Perlu Update),Small Cap (Lapis 3),Fair Value (Wajar),3.5344827,-0.5943063,41.0,41,41,41,0.0,0,Normal,47,Negatif,Downtrend,Bearish,Bullish MACD,Konsolidasi / Transisi,Normal,Netral,Normal,Tidak Ada Transaksi,Squeeze,Rendah,Doji (Ragu-ragu),Dekat Support (Low Risk),< 1 Miliar,Di Atas VWAP (Kuat),Netral,Gorengan Sepi (< 5M),Normal (50-150%),Sideways,Solid (Jarang Dibanting),Normal,Sideways / Stagnan,TP: 42 | CL: 40,Normal,Di Area Support,Oversold (Jenuh Jual - Peluang),Netral / Sepi Berita,Normal / Sedang Transisi,Mendekati Fibo 78.6%,1,WAIT & SEE,TIDAK ADA,2026-08-24 16:50:01,Biasa / Mengikuti Pasar
16:50,NELY,Token Mati (Perlu Update),Small Cap (Lapis 3),Undervalued (Murah),7.3196983,0.54759073,204.0,201,194,212,0.9900990099009901,514500,Normal,53,Positif,Uptrend,Bullish,Bullish MACD,Awal Reversal (5>20),Normal,Akumulasi (Naik),Normal,Dominan Beli (Hajar Kanan),Squeeze,Rendah,Normal,Area Tengah,< 1 Miliar,Persis di VWAP,Akumulasi Pro (Smart Money),Gorengan Sepi (< 5M),Normal (50-150%),Accumulation (Kumpul Barang),Spesialis Tiang Jemuran (Banting Pucuk),Normal,Naik 1 Hari Beruntun,TP: 212 | CL: 198,Normal,Tidak Ideal (< 1:1),Netral / Sideways,Sentimen Positif 📰,Normal / Sedang Transisi,Mendekati Fibo 61.8% (Golden Ratio),8,BELI,TIDAK ADA,2026-08-24 16:50:01,Biasa / Mengikuti Pasar
16:50,NIKL,Token Mati (Perlu Update),Small Cap (Lapis 3),Overvalued (Mahal),15.732087,9181.818,199.0,194,180,208,-0.5,2653700,Normal,55,Negatif,Uptrend,Bullish,Strong Bullish,Perfect Uptrend (5>20>50),Normal,Akumulasi (Naik),Normal,Dominan Jual (Guyur),Normal,Sedang,Normal,Rawan Pucuk (High Risk),< 1 Miliar,Persis di VWAP,Akumulasi Pro (Smart Money),Gorengan Sepi (< 5M),Normal (50-150%),Mark-Up (Fase Pesta),Spesialis Tiang Jemuran (Banting Pucuk),Normal,Turun 1 Hari Beruntun,TP: 210 | CL: 191,Normal,Tidak Ideal (< 1:1),Death Cross (Awal Bearish),Sentimen Positif 📰,Normal / Sedang Transisi,Mendekati Fibo 78.6%,6,WAIT & SEE,TIDAK ADA,2026-08-24 16:50:01,Biasa / Mengikuti Pasar
16:50,NIRO,Token Mati (Perlu Update),Mid Cap (Lapis 2),Fair Value (Wajar),0.0,2.1502807,162.0,156,130,192,3.1847133757961785,181000,Normal,55,Positif,Uptrend,Bullish,Bearish MACD,Perfect Uptrend (5>20>50),Normal,Akumulasi (Naik),Normal,Dominan Beli (Hajar Kanan),Normal,Tinggi,Normal,Rawan Pucuk (High Risk),< 1 Miliar,Di Atas VWAP (Kuat),Akumulasi Pro (Smart Money),Gorengan Sepi (< 5M),Normal (50-150%),Mark-Up (Fase Pesta),Spesialis Tiang Jemuran (Banting Pucuk),Normal,Naik 1 Hari Beruntun,TP: 181 | CL: 148,Normal,Tidak Ideal (< 1:1),Golden Cross (Awal Bullish),Netral / Sepi Berita,Normal / Sedang Transisi,Mendekati Fibo 61.8% (Golden Ratio),6,WAIT & SEE,TIDAK ADA,2026-08-24 16:50:01,Biasa / Mengikuti Pasar
16:50,NISP,Token Mati (Perlu Update),Big Cap (Lapis 1),Undervalued (Murah),5.5589733,0.6541325,1265.0,1265,1230,1310,0.3968253968253968,1690500,Normal,55,Positif,Downtrend,Bearish,Bearish MACD,Konsolidasi / Transisi,Normal,Akumulasi (Naik),Normal,Seimbang / Adu Mekanik,Squeeze,Rendah,Normal,Dekat Support (Low Risk),> 1 Miliar,Persis di VWAP,Akumulasi Pro (Smart Money),Gorengan Sepi (< 5M),Normal (50-150%),Distribution (Fase Jualan),Normal,Normal,Naik 1 Hari Beruntun,TP: 1293 | CL: 1246,Normal,Menengah (1:1),Golden Cross (Awal Bullish),Sentimen Positif 📰,Normal / Sedang Transisi,Dekat Support Fibo 38.2%,4,WAIT & SEE,TIDAK ADA,2026-08-24 16:50:01,Biasa / Mengikuti Pasar
16:50,NOBU,Token Mati (Perlu Update),Mid Cap (Lapis 2),Undervalued (Murah),6.4306636,0.84832174,500.0,487,432,535,-0.9900990099009901,2686400,Tembus MA20,58,Negatif,Uptrend,Bullish,Bearish MACD,Perfect Uptrend (5>20>50),Normal,Distribusi (Turun),Normal,Seimbang / Adu Mekanik,Normal,Tinggi,Normal,Rawan Pucuk (High Risk),> 1 Miliar,Persis di VWAP,Akumulasi Pro (Smart Money),Gorengan Sepi (< 5M),Anomali Tinggi (150-300%),Mark-Up (Fase Pesta),Normal,Normal,Turun 1 Hari Beruntun,TP: 527 | CL: 481,Open = High (Tekanan Jual),Tidak Ideal (< 1:1),Netral / Sideways,Sentimen Positif 📰,Normal / Sedang Transisi,Mendekati Fibo 38.2%,5,WAIT & SEE,TIDAK ADA,2026-08-24 16:50:01,Biasa / Mengikuti Pasar
16:50,NRCA,Token Mati (Perlu Update),Mid Cap (Lapis 2),Undervalued (Murah),7.663333,1.0831512,595.0,522,462,610,3.4782608695652173,23841500,Tembus MA20,72,Positif,Uptrend,Bullish,Strong Bullish,Perfect Uptrend (5>20>50),Akumulasi Kuat,Akumulasi (Naik),Normal,Dominan Beli (Hajar Kanan),Breakout Upper,Tinggi,Normal,Rawan Pucuk (High Risk),> 1 Miliar,Di Atas VWAP (Kuat),Akumulasi Pro (Smart Money),Ritel Aktif (5M - 50M),Anomali Tinggi (150-300%),Mark-Up (Fase Pesta),Normal,Normal,Naik 2 Hari Beruntun,TP: 645 | CL: 561,Normal,Tidak Ideal (< 1:1),Overbought (Jenuh Beli - Rawan),Sentimen Positif 📰,Normal / Sedang Transisi,Mengambang (Jauh dari Fibo),10,BELI,TIDAK ADA,2026-08-24 16:50:01,Biasa / Mengikuti Pasar
16:50,OKAS,Token Mati (Perlu Update),Small Cap (Lapis 3),Overvalued (Mahal),0.0,17857.143,125.0,113,97,143,0.0,8518000,Normal,67,Negatif,Uptrend,Bullish,Strong Bullish,Perfect Uptrend (5>20>50),Normal,Akumulasi (Naik),Normal,Seimbang / Adu Mekanik,Normal,Tinggi,Doji (Ragu-ragu),Rawan Pucuk (High Risk),> 1 Miliar,Di Bawah VWAP (Lemah),Distribusi Pro (Guyuran),Gorengan Sepi (< 5M),Sepi (< 50%),Mark-Up (Fase Pesta),Spesialis Tiang Jemuran (Banting Pucuk),Normal,Sideways / Stagnan,TP: 140 | CL: 114,Normal,Tidak Ideal (< 1:1),Death Cross (Awal Bearish),Sentimen Positif 📰,Normal / Sedang Transisi,Mendekati Fibo 38.2%,6,WAIT & SEE,TIDAK ADA,2026-08-24 16:50:01,Biasa / Mengikuti Pasar
16:50,OMRE,Token Mati (Perlu Update),Mid Cap (Lapis 2),Fair Value (Wajar),0.0,0.8863677,955.0,998,900,1150,-2.5510204081632653,17000,Tembus MA20,44,Negatif,Downtrend,Bearish,Strong Bearish,Strong Downtrend (5<20<50),Normal,Distribusi (Turun),Normal,Seimbang / Adu Mekanik,Normal,Sedang,Hammer (Potensi Reversal),Area Tengah,< 1 Miliar,Persis di VWAP,Akumulasi Pro (Smart Money),Gorengan Sepi (< 5M),Anomali Tinggi (150-300%),Mark-Down (Fase Runtuh),Spesialis Tiang Jemuran (Banting Pucuk),Jarum Bawah (Sinyal Pantulan Kuat),Turun 1 Hari Beruntun,TP: 1062 | CL: 883,Open = High (Tekanan Jual),Sangat Menarik (> 1:3),Netral / Sideways,Netral / Sepi Berita,Normal / Sedang Transisi,Mengambang (Jauh dari Fibo),1,WAIT & SEE,TIDAK ADA,2026-08-24 16:50:01,Biasa / Mengikuti Pasar
16:50,PADI,Token Mati (Perlu Update),Mid Cap (Lapis 2),Overvalued (Mahal),0.0,6.257521,78.0,71,61,82,8.333333333333332,2357322600,Tembus MA20,59,Positif,Uptrend,Golden Cross,Bullish MACD,Awal Reversal (5>20),Akumulasi Kuat,Akumulasi (Naik),Normal,Seimbang / Adu Mekanik,Breakout Upper,Tinggi,Normal,Rawan Pucuk (High Risk),> 1 Miliar,Di Atas VWAP (Kuat),Distribusi Pro (Guyuran),Sultan (> 50M/hari),Ledakan Ekstrem (> 300%),Accumulation (Kumpul Barang),Spesialis Tiang Jemuran (Banting Pucuk),Normal,Naik 3 Hari Beruntun,TP: 84 | CL: 73,Normal,Tidak Ideal (< 1:1),Netral / Sideways,Netral / Sepi Berita,Normal / Sedang Transisi,Mendekati Fibo 50.0%,8,BELI,TIDAK ADA,2026-08-24 16:50:01,⚠️ Anomali (Sudah Terbang)
16:50,PALM,Token Mati (Perlu Update),Mid Cap (Lapis 2),Undervalued (Murah),8.291033,0.9236627,294.0,292,282,310,0.0,69400,Normal,49,Negatif,Uptrend,Bearish,Bullish MACD,Strong Downtrend (5<20<50),Normal,Distribusi (Turun),Normal,Seimbang / Adu Mekanik,Squeeze,Rendah,Doji (Ragu-ragu),Area Tengah,< 1 Miliar,Di Atas VWAP (Kuat),Akumulasi Pro (Smart Money),Gorengan Sepi (< 5M),Sepi (< 50%),Accumulation (Kumpul Barang),Solid (Jarang Dibanting),Normal,Sideways / Stagnan,TP: 302 | CL: 288,Normal,Menengah (1:1),Netral / Sideways,Sentimen Positif 📰,Normal / Sedang Transisi,Dekat Support Fibo 50.0%,3,WAIT & SEE,TIDAK ADA,2026-08-24 16:50:01,Biasa / Mengikuti Pasar
16:50,PANR,Token Mati (Perlu Update),Small Cap (Lapis 3),Fair Value (Wajar),0.0,0.6280019,418.0,420,404,440,-0.9478672985781991,56300,Normal,48,Negatif,Downtrend,Death Cross,Bearish MACD,Konsolidasi / Transisi,Normal,Distribusi (Turun),Normal,Dominan Jual (Guyur),Normal,Sedang,Normal,Area Tengah,< 1 Miliar,Persis di VWAP,Distribusi Pro (Guyuran),Gorengan Sepi (< 5M),Normal (50-150%),Distribution (Fase Jualan),Normal,Normal,Turun 1 Hari Beruntun,TP: 433 | CL: 408,Open = High (Tekanan Jual),Ideal (1:2),Netral / Sideways,Sentimen Positif 📰,Normal / Sedang Transisi,Dekat Support Fibo 78.6%,1,WAIT & SEE,TIDAK ADA,2026-08-24 16:50:01,Biasa / Mengikuti Pasar
16:50,PANS,Token Mati (Perlu Update),Mid Cap (Lapis 2),Undervalued (Murah),6.476577,0.7870705,1560.0,1551,1515,1585,-0.3194888178913738,148600,Normal,54,Negatif,Uptrend,Bullish,Strong Bullish,Perfect Uptrend (5>20>50),Normal,Akumulasi (Naik),Normal,Seimbang / Adu Mekanik,Squeeze,Rendah,Normal,Dekat Support (Low Risk),< 1 Miliar,Persis di VWAP,Akumulasi Pro (Smart Money),Gorengan Sepi (< 5M),Normal (50-150%),Mark-Up (Fase Pesta),Normal,Normal,Turun 1 Hari Beruntun,TP: 1593 | CL: 1537,Normal,Tidak Ideal (< 1:1),Overbought (Jenuh Beli - Rawan),Sentimen Positif 📰,Normal / Sedang Transisi,Dekat Support Fibo 23.6%,6,WAIT & SEE,TIDAK ADA,2026-08-24 16:50:01,Biasa / Mengikuti Pasar
16:50,PBRX,Token Mati (Perlu Update),Small Cap (Lapis 3),Overvalued (Mahal),0.0,8666.667,26.0,26,26,28,0.0,9661100,Tembus MA20,46,Negatif,Downtrend,Bearish,Strong Bearish,Strong Downtrend (5<20<50),Normal,Distribusi (Turun),Gap Up (+3.8%),Dominan Jual (Guyur),Normal,Sedang,Normal,Dekat Support (Low Risk),< 1 Miliar,Persis di VWAP,Distribusi Pro (Guyuran),Gorengan Sepi (< 5M),Anomali Tinggi (150-300%),Mark-Down (Fase Runtuh),Normal,Normal,Sideways / Stagnan,TP: 27 | CL: 25,Open = High (Tekanan Jual),Di Area Support,Oversold (Jenuh Jual - Peluang),Netral / Sepi Berita,Normal / Sedang Transisi,Golden Rebound Fibo 50.0% 🎯,2,WAIT & SEE,TIDAK ADA,2026-08-24 16:50:01,Biasa / Mengikuti Pasar
16:50,PDES,Token Mati (Perlu Update),Small Cap (Lapis 3),Fair Value (Wajar),0.0,2.5081515,380.0,396,356,590,0.0,38200,Normal,43,Negatif,Downtrend,Bearish,Strong Bearish,Strong Downtrend (5<20<50),Normal,Distribusi (Turun),Gap Down (-2.6%),Dominan Beli (Hajar Kanan),Normal,Tinggi,Marubozu (Strong Bullish),Area Tengah,< 1 Miliar,Di Atas VWAP (Kuat),Akumulasi Pro (Smart Money),Gorengan Sepi (< 5M),Sepi (< 50%),Mark-Down (Fase Runtuh),Normal,Normal,Sideways / Stagnan,TP: 439 | CL: 340,Open = Low (Bullish Kuat),Sangat Menarik (> 1:3),Oversold (Jenuh Jual - Peluang),Sentimen Positif 📰,Normal / Sedang Transisi,Mengambang (Jauh dari Fibo),2,WAIT & SEE,TIDAK ADA,2026-08-24 16:50:01,Biasa / Mengikuti Pasar
16:50,PEGE,Token Mati (Perlu Update),Small Cap (Lapis 3),Fair Value (Wajar),0.0,2.4059901,115.0,101,87,121,-1.7094017094017095,9638500,Normal,64,Negatif,Uptrend,Bullish,Strong Bullish,Awal Reversal (5>20),Normal,Akumulasi (Naik),Normal,Dominan Jual (Guyur),Normal,Tinggi,Normal,Rawan Pucuk (High Risk),> 1 Miliar,Di Atas VWAP (Kuat),Distribusi Pro (Guyuran),Gorengan Sepi (< 5M),Sepi (< 50%),Accumulation (Kumpul Barang),Normal,Normal,Turun 2 Hari Beruntun,TP: 125 | CL: 108,Normal,Tidak Ideal (< 1:1),Death Cross (Awal Bearish),Netral / Sepi Berita,Normal / Sedang Transisi,Mengambang (Jauh dari Fibo),5,WAIT & SEE,TIDAK ADA,2026-08-24 16:50:01,Biasa / Mengikuti Pasar
16:50,PGAS,Token Mati (Perlu Update),Big Cap (Lapis 1),Overvalued (Mahal),8.616818,13119.658,1530.0,1505,1470,1560,0.6578947368421052,35378100,Tembus MA20,56,Positif,Uptrend,Bullish,Strong Bullish,Perfect Uptrend (5>20>50),Normal,Akumulasi (Naik),Normal,Seimbang / Adu Mekanik,Squeeze,Rendah,Doji (Ragu-ragu),Area Tengah,> 1 Miliar,Persis di VWAP,Distribusi Pro (Guyuran),Ritel Aktif (5M - 50M),Normal (50-150%),Mark-Up (Fase Pesta),Spesialis Tiang Jemuran (Banting Pucuk),Normal,Naik 1 Hari Beruntun,TP: 1570 | CL: 1502,Normal,Tidak Ideal (< 1:1),Netral / Sideways,Sentimen Positif 📰,Normal / Sedang Transisi,Dekat Support Fibo 61.8% (Golden Ratio),8,BELI,TIDAK ADA,2026-08-24 16:50:01,Biasa / Mengikuti Pasar
16:50,PGLI,Token Mati (Perlu Update),Small Cap (Lapis 3),Overvalued (Mahal),0.0,7.7311926,208.0,205,185,246,0.9708737864077669,751700,Normal,55,Positif,Uptrend,Bullish,Bearish MACD,Perfect Uptrend (5>20>50),Normal,Akumulasi (Naik),Normal,Dominan Jual (Guyur),Normal,Tinggi,Normal,Rawan Pucuk (High Risk),< 1 Miliar,Di Bawah VWAP (Lemah),Distribusi Pro (Guyuran),Gorengan Sepi (< 5M),Normal (50-150%),Mark-Up (Fase Pesta),Spesialis Tiang Jemuran (Banting Pucuk),Normal,Naik 1 Hari Beruntun,TP: 234 | CL: 190,Normal,Ideal (1:2),Netral / Sideways,Netral / Sepi Berita,Normal / Sedang Transisi,Mendekati Fibo 50.0%,5,WAIT & SEE,TIDAK ADA,2026-08-24 16:50:01,Biasa / Mengikuti Pasar
16:50,PICO,Token Mati (Perlu Update),Small Cap (Lapis 3),Fair Value (Wajar),0.0,0.4918274,184.0,134,123,184,34.306569343065696,35348100,Tembus MA20,89,Positif,Uptrend,Bullish,Strong Bullish,Perfect Uptrend (5>20>50),Akumulasi Kuat,Akumulasi (Naik),Gap Up (+25.5%),Dominan Beli (Hajar Kanan),Breakout Upper,Tinggi,Normal,Rawan Pucuk (High Risk),> 1 Miliar,Di Atas VWAP (Kuat),Akumulasi Pro (Smart Money),Gorengan Sepi (< 5M),Ledakan Ekstrem (> 300%),Mark-Up (Fase Pesta),Normal,Normal,Naik 1 Hari Beruntun,TP: 195 | CL: 176,Normal,Tidak Ideal (< 1:1),Netral / Sideways,Netral / Sepi Berita,Normal / Sedang Transisi,Mengambang (Jauh dari Fibo),10,BELI,TIDAK ADA,2026-08-24 16:50:01,⚠️ Anomali (Sudah Terbang)
16:50,PJAA,Token Mati (Perlu Update),Small Cap (Lapis 3),Undervalued (Murah),4.6,0.4088765,460.0,456,444,470,0.0,65300,Normal,54,Negatif,Uptrend,Bullish,Strong Bullish,Awal Reversal (5>20),Normal,Akumulasi (Naik),Normal,Dominan Beli (Hajar Kanan),Squeeze,Rendah,Doji (Ragu-ragu),Area Tengah,< 1 Miliar,Persis di VWAP,Akumulasi Pro (Smart Money),Gorengan Sepi (< 5M),Normal (50-150%),Accumulation (Kumpul Barang),Normal,Jarum Bawah (Sinyal Pantulan Kuat),Sideways / Stagnan,TP: 469 | CL: 453,Normal,Tidak Ideal (< 1:1),Death Cross (Awal Bearish),Sentimen Positif 📰,Supply Kering (Siap Pump) 🏜️,Golden Rebound Fibo 50.0% 🎯,7,BELI,TIDAK ADA,2026-08-24 16:50:01,Biasa / Mengikuti Pasar
16:50,PKPK,Token Mati (Perlu Update),Mid Cap (Lapis 2),Overvalued (Mahal),46.54355,13.739857,3700.0,3804,3450,4070,-0.2695417789757413,877500,Normal,53,Negatif,Downtrend,Bearish,Bearish MACD,Konsolidasi / Transisi,Normal,Distribusi (Turun),Normal,Dominan Jual (Guyur),Normal,Sedang,Normal,Area Tengah,> 1 Miliar,Persis di VWAP,Akumulasi Pro (Smart Money),Gorengan Sepi (< 5M),Normal (50-150%),Distribution (Fase Jualan),Normal,Normal,Turun 1 Hari Beruntun,TP: 3887 | CL: 3575,Normal,Menengah (1:1),Golden Cross (Awal Bullish),Sentimen Positif 📰,Normal / Sedang Transisi,Dekat Support Fibo 23.6%,2,WAIT & SEE,TIDAK ADA,2026-08-24 16:50:01,Biasa / Mengikuti Pasar
16:50,PLIN,Token Mati (Perlu Update),Mid Cap (Lapis 2),Undervalued (Murah),8.896923,0.78069234,2510.0,2510,2510,2510,0.0,0,Normal,0,Negatif,Downtrend,Bearish,Bearish MACD,Konsolidasi / Transisi,Normal,Netral,Normal,Tidak Ada Transaksi,Squeeze,Rendah,Doji (Ragu-ragu),Dekat Support (Low Risk),< 1 Miliar,Di Atas VWAP (Kuat),Netral,Gorengan Sepi (< 5M),Normal (50-150%),Sideways,Solid (Jarang Dibanting),Normal,Sideways / Stagnan,TP: 2511 | CL: 2509,Normal,Di Area Support,Oversold (Jenuh Jual - Peluang),Netral / Sepi Berita,Normal / Sedang Transisi,Normal / Sideways,0,WAIT & SEE,TIDAK ADA,2026-08-24 16:50:01,Biasa / Mengikuti Pasar
16:50,PNBN,Token Mati (Perlu Update),Big Cap (Lapis 1),Undervalued (Murah),7.879908,0.40397695,895.0,900,870,915,-1.1049723756906076,2574800,Tembus MA20,48,Negatif,Downtrend,Bullish,Bearish MACD,Perfect Uptrend (5>20>50),Normal,Distribusi (Turun),Normal,Dominan Jual (Guyur),Squeeze,Rendah,Normal,Dekat Support (Low Risk),> 1 Miliar,Persis di VWAP,Distribusi Pro (Guyuran),Gorengan Sepi (< 5M),Anomali Tinggi (150-300%),Distribution (Fase Jualan),Normal,Normal,Turun 1 Hari Beruntun,TP: 918 | CL: 879,Normal,Tidak Ideal (< 1:1),Netral / Sideways,Sentimen Positif 📰,Normal / Sedang Transisi,Dekat Support Fibo 23.6%,3,WAIT & SEE,TIDAK ADA,2026-08-24 16:50:01,Biasa / Mengikuti Pasar
16:50,PNBS,Token Mati (Perlu Update),Mid Cap (Lapis 2),Overvalued (Mahal),25.906736,0.6449366,50.0,50,50,51,0.0,3679000,Normal,47,Negatif,Downtrend,Bearish,Strong Bearish,Strong Downtrend (5<20<50),Normal,Netral,Normal,Dominan Jual (Guyur),Squeeze,Rendah,Doji (Ragu-ragu),Dekat Support (Low Risk),< 1 Miliar,Persis di VWAP,Distribusi Pro (Guyuran),Gorengan Sepi (< 5M),Sepi (< 50%),Mark-Down (Fase Runtuh),Spesialis Tiang Jemuran (Banting Pucuk),Normal,Sideways / Stagnan,TP: 50 | CL: 49,Normal,Di Area Support,Oversold (Jenuh Jual - Peluang),Sentimen Positif 📰,Normal / Sedang Transisi,Golden Rebound Fibo Bottom / 100% 🎯,1,WAIT & SEE,TIDAK ADA,2026-08-24 16:50:01,Biasa / Mengikuti Pasar
16:50,PNIN,Token Mati (Perlu Update),Mid Cap (Lapis 2),Undervalued (Murah),2.700865,0.13116832,715.0,714,695,750,1.4184397163120568,709700,Tembus MA20,48,Positif,Uptrend,Bearish,Bullish MACD,Strong Downtrend (5<20<50),Akumulasi Kuat,Akumulasi (Naik),Normal,Dominan Jual (Guyur),Squeeze,Rendah,Normal,Dekat Support (Low Risk),< 1 Miliar,Persis di VWAP,Distribusi Pro (Guyuran),Gorengan Sepi (< 5M),Anomali Tinggi (150-300%),Accumulation (Kumpul Barang),Normal,Normal,Naik 1 Hari Beruntun,TP: 741 | CL: 697,Open = Low (Bullish Kuat),Ideal (1:2),Netral / Sideways,Netral / Sepi Berita,Normal / Sedang Transisi,Dekat Support Fibo 50.0%,6,WAIT & SEE,TIDAK ADA,2026-08-24 16:50:01,Biasa / Mengikuti Pasar
16:50,PNLF,Token Mati (Perlu Update),Mid Cap (Lapis 2),Undervalued (Murah),3.4493194,0.23133469,228.0,230,222,244,-3.389830508474576,71769700,Tembus MA20,48,Negatif,Downtrend,Bullish,Bearish MACD,Perfect Uptrend (5>20>50),Distribusi Kuat,Distribusi (Turun),Normal,Seimbang / Adu Mekanik,Normal,Sedang,Normal,Dekat Support (Low Risk),> 1 Miliar,Di Bawah VWAP (Lemah),Distribusi Pro (Guyuran),Ritel Aktif (5M - 50M),Anomali Tinggi (150-300%),Distribution (Fase Jualan),Normal,Normal,Turun 2 Hari Beruntun,TP: 237 | CL: 222,Open = High (Tekanan Jual),Ideal (1:2),Netral / Sideways,Sentimen Positif 📰,Normal / Sedang Transisi,Dekat Support Fibo 38.2%,3,WAIT & SEE,TIDAK ADA,2026-08-24 16:50:01,Biasa / Mengikuti Pasar
16:50,PSAB,Token Mati (Perlu Update),Big Cap (Lapis 1),Overvalued (Mahal),3.2099888,27608.695,635.0,492,412,650,-0.78125,95727000,Normal,83,Negatif,Uptrend,Bullish,Strong Bullish,Perfect Uptrend (5>20>50),Normal,Akumulasi (Naik),Normal,Seimbang / Adu Mekanik,Normal,Tinggi,Doji (Ragu-ragu),Rawan Pucuk (High Risk),> 1 Miliar,Di Atas VWAP (Kuat),Akumulasi Pro (Smart Money),Sultan (> 50M/hari),Normal (50-150%),Mark-Up (Fase Pesta),Normal,Jarum Bawah (Sinyal Pantulan Kuat),Turun 1 Hari Beruntun,TP: 687 | CL: 599,Normal,Tidak Ideal (< 1:1),Overbought (Jenuh Beli - Rawan),Sentimen Positif 📰,Normal / Sedang Transisi,Mengambang (Jauh dari Fibo),6,WAIT & SEE,TIDAK ADA,2026-08-24 16:50:01,Biasa / Mengikuti Pasar
16:50,PSDN,Token Mati (Perlu Update),Small Cap (Lapis 3),Overvalued (Mahal),23.661486,4.2071,137.0,131,115,160,3.787878787878788,5143200,Normal,60,Positif,Uptrend,Bullish,Bearish MACD,Perfect Uptrend (5>20>50),Normal,Akumulasi (Naik),Gap Up (+2.3%),Seimbang / Adu Mekanik,Normal,Tinggi,Normal,Rawan Pucuk (High Risk),< 1 Miliar,Di Atas VWAP (Kuat),Distribusi Pro (Guyuran),Gorengan Sepi (< 5M),Normal (50-150%),Mark-Up (Fase Pesta),Spesialis Tiang Jemuran (Banting Pucuk),Normal,Naik 1 Hari Beruntun,TP: 150 | CL: 128,Normal,Menengah (1:1),Netral / Sideways,Netral / Sepi Berita,Normal / Sedang Transisi,Mendekati Fibo 38.2%,6,WAIT & SEE,TIDAK ADA,2026-08-24 16:50:01,Biasa / Mengikuti Pasar
16:50,PSKT,Token Mati (Perlu Update),Mid Cap (Lapis 2),Overvalued (Mahal),0.0,8.475681,260.0,223,200,268,18.181818181818183,84689500,Tembus MA20,74,Positif,Uptrend,Golden Cross,Strong Bullish,Perfect Uptrend (5>20>50),Akumulasi Kuat,Akumulasi (Naik),Gap Up (+3.6%),Dominan Beli (Hajar Kanan),Breakout Upper,Tinggi,Normal,Rawan Pucuk (High Risk),> 1 Miliar,Di Atas VWAP (Kuat),Akumulasi Pro (Smart Money),Ritel Aktif (5M - 50M),Ledakan Ekstrem (> 300%),Mark-Up (Fase Pesta),Normal,Normal,Naik 2 Hari Beruntun,TP: 279 | CL: 247,Normal,Tidak Ideal (< 1:1),Netral / Sideways,Sentimen Negatif ⚠️,Normal / Sedang Transisi,Mengambang (Jauh dari Fibo),10,BELI,TIDAK ADA,2026-08-24 16:50:01,⚠️ Anomali (Sudah Terbang)
16:50,PTBA,Token Mati (Perlu Update),Big Cap (Lapis 1),Undervalued (Murah),8.554084,1.2134194,2470.0,2362,2310,2510,2.9166666666666665,33360700,Tembus MA20,66,Positif,Uptrend,Bullish,Strong Bullish,Awal Reversal (5>20),Akumulasi Kuat,Akumulasi (Naik),Normal,Seimbang / Adu Mekanik,Squeeze,Rendah,Normal,Area Tengah,> 1 Miliar,Di Atas VWAP (Kuat),Akumulasi Pro (Smart Money),Ritel Aktif (5M - 50M),Anomali Tinggi (150-300%),Accumulation (Kumpul Barang),Normal,Normal,Naik 1 Hari Beruntun,TP: 2532 | CL: 2428,Normal,Tidak Ideal (< 1:1),Death Cross (Awal Bearish),Sentimen Positif 📰,Normal / Sedang Transisi,Dekat Support Fibo 61.8% (Golden Ratio),9,BELI,TIDAK ADA,2026-08-24 16:50:01,Biasa / Mengikuti Pasar
16:50,PTIS,Token Mati (Perlu Update),Small Cap (Lapis 3),Overvalued (Mahal),0.0,7135.1353,264.0,265,248,314,0.0,15200,Normal,48,Negatif,Downtrend,Bearish,Bullish MACD,Strong Downtrend (5<20<50),Normal,Akumulasi (Naik),Normal,Seimbang / Adu Mekanik,Normal,Sedang,Normal,Area Tengah,< 1 Miliar,Persis di VWAP,Distribusi Pro (Guyuran),Gorengan Sepi (< 5M),Sepi (< 50%),Mark-Down (Fase Runtuh),Spesialis Tiang Jemuran (Banting Pucuk),Jarum Bawah (Sinyal Pantulan Kuat),Sideways / Stagnan,TP: 283 | CL: 251,Normal,Sangat Menarik (> 1:3),Netral / Sideways,Netral / Sepi Berita,Supply Banjir (Distribusi) 🌊,Golden Rebound Fibo 78.6% 🎯,2,WAIT & SEE,TIDAK ADA,2026-08-24 16:50:01,Biasa / Mengikuti Pasar
16:50,PTPP,Token Mati (Perlu Update),Mid Cap (Lapis 2),Fair Value (Wajar),0.0,0.3714284,206.0,202,195,216,-1.9047619047619049,12980800,Tembus MA20,53,Negatif,Uptrend,Bullish,Strong Bullish,Perfect Uptrend (5>20>50),Normal,Distribusi (Turun),Normal,Seimbang / Adu Mekanik,Squeeze,Rendah,Normal,Area Tengah,> 1 Miliar,Persis di VWAP,Distribusi Pro (Guyuran),Gorengan Sepi (< 5M),Normal (50-150%),Mark-Up (Fase Pesta),Spesialis Tiang Jemuran (Banting Pucuk),Normal,Turun 1 Hari Beruntun,TP: 218 | CL: 197,Open = High (Tekanan Jual),Tidak Ideal (< 1:1),Death Cross (Awal Bearish),Sentimen Positif 📰,Normal / Sedang Transisi,Dekat Support Fibo 50.0%,6,WAIT & SEE,TIDAK ADA,2026-08-24 16:50:01,Biasa / Mengikuti Pasar
16:50,PTRO,Token Mati (Perlu Update),Big Cap (Lapis 1),Overvalued (Mahal),99.15287,198076.92,5125.0,4983,4420,5600,-3.30188679245283,28857000,Normal,58,Negatif,Uptrend,Bullish,Bearish MACD,Perfect Uptrend (5>20>50),Normal,Akumulasi (Naik),Normal,Dominan Jual (Guyur),Normal,Tinggi,Normal,Rawan Pucuk (High Risk),> 1 Miliar,Di Bawah VWAP (Lemah),Distribusi Pro (Guyuran),Sultan (> 50M/hari),Normal (50-150%),Mark-Up (Fase Pesta),Spesialis Tiang Jemuran (Banting Pucuk),Normal,Turun 1 Hari Beruntun,TP: 5496 | CL: 4877,Open = High (Tekanan Jual),Tidak Ideal (< 1:1),Death Cross (Awal Bearish),Sentimen Positif 📰,Normal / Sedang Transisi,Dekat Support Fibo 23.6%,5,WAIT & SEE,TIDAK ADA,2026-08-24 16:50:01,Biasa / Mengikuti Pasar
16:50,PTSN,Token Mati (Perlu Update),Mid Cap (Lapis 2),Overvalued (Mahal),7.4129725,12333.333,298.0,281,250,340,0.0,317700,Normal,69,Negatif,Uptrend,Bullish,Strong Bullish,Perfect Uptrend (5>20>50),Normal,Akumulasi (Naik),Normal,Dominan Jual (Guyur),Normal,Tinggi,Normal,Rawan Pucuk (High Risk),< 1 Miliar,Di Atas VWAP (Kuat),Akumulasi Pro (Smart Money),Gorengan Sepi (< 5M),Normal (50-150%),Mark-Up (Fase Pesta),Spesialis Tiang Jemuran (Banting Pucuk),Normal,Sideways / Stagnan,TP: 316 | CL: 286,Normal,Tidak Ideal (< 1:1),Netral / Sideways,Sentimen Positif 📰,Normal / Sedang Transisi,Mendekati Fibo 38.2%,6,WAIT & SEE,TIDAK ADA,2026-08-24 16:50:01,Biasa / Mengikuti Pasar
16:50,PTSP,Token Mati (Perlu Update),Small Cap (Lapis 3),Undervalued (Murah),7.1888156,1.0477726,905.0,917,850,1180,0.0,6000,Normal,48,Negatif,Downtrend,Bearish,Bearish MACD,Konsolidasi / Transisi,Normal,Distribusi (Turun),Normal,Seimbang / Adu Mekanik,Normal,Sedang,Doji (Ragu-ragu),Area Tengah,< 1 Miliar,Persis di VWAP,Distribusi Pro (Guyuran),Gorengan Sepi (< 5M),Sepi (< 50%),Distribution (Fase Jualan),Spesialis Tiang Jemuran (Banting Pucuk),Normal,Sideways / Stagnan,TP: 1018 | CL: 829,Normal,Sangat Menarik (> 1:3),Oversold (Jenuh Jual - Peluang),Sentimen Positif 📰,Normal / Sedang Transisi,Golden Rebound Fibo 78.6% 🎯,1,WAIT & SEE,TIDAK ADA,2026-08-24 16:50:01,Biasa / Mengikuti Pasar
16:50,PUDP,Token Mati (Perlu Update),Small Cap (Lapis 3),Fair Value (Wajar),0.0,0.36754957,280.0,300,276,328,-2.7777777777777777,397000,Tembus MA20,36,Negatif,Downtrend,Bearish,Strong Bearish,Konsolidasi / Transisi,Distribusi Kuat,Distribusi (Turun),Normal,Seimbang / Adu Mekanik,Bottom Rebound,Sedang,Normal,Dekat Support (Low Risk),< 1 Miliar,Di Bawah VWAP (Lemah),Distribusi Pro (Guyuran),Gorengan Sepi (< 5M),Anomali Tinggi (150-300%),Distribution (Fase Jualan),Spesialis Tiang Jemuran (Banting Pucuk),Normal,Turun 1 Hari Beruntun,TP: 303 | CL: 264,Normal,Sangat Menarik (> 1:3),Oversold (Jenuh Jual - Peluang),Sentimen Positif 📰,Normal / Sedang Transisi,Mengambang (Jauh dari Fibo),2,WAIT & SEE,TIDAK ADA,2026-08-24 16:50:01,Biasa / Mengikuti Pasar
16:50,PWON,Token Mati (Perlu Update),Big Cap (Lapis 1),Undervalued (Murah),5.781352,0.56078273,268.0,261,252,278,-0.7407407407407408,43607500,Normal,57,Negatif,Uptrend,Bullish,Strong Bullish,Perfect Uptrend (5>20>50),Normal,Akumulasi (Naik),Normal,Seimbang / Adu Mekanik,Squeeze,Rendah,Normal,Area Tengah,> 1 Miliar,Persis di VWAP,Akumulasi Pro (Smart Money),Ritel Aktif (5M - 50M),Normal (50-150%),Mark-Up (Fase Pesta),Spesialis Tiang Jemuran (Banting Pucuk),Normal,Turun 1 Hari Beruntun,TP: 280 | CL: 260,Normal,Tidak Ideal (< 1:1),Death Cross (Awal Bearish),Sentimen Positif 📰,Normal / Sedang Transisi,Dekat Support Fibo 38.2%,6,WAIT & SEE,TIDAK ADA,2026-08-24 16:50:01,Biasa / Mengikuti Pasar
16:50,PYFA,Token Mati (Perlu Update),Mid Cap (Lapis 2),Overvalued (Mahal),0.0,3.8102746,232.0,214,197,254,-1.694915254237288,10246400,Normal,62,Negatif,Uptrend,Bullish,Strong Bullish,Perfect Uptrend (5>20>50),Normal,Akumulasi (Naik),Normal,Dominan Jual (Guyur),Normal,Tinggi,Normal,Rawan Pucuk (High Risk),> 1 Miliar,Persis di VWAP,Akumulasi Pro (Smart Money),Ritel Aktif (5M - 50M),Normal (50-150%),Mark-Up (Fase Pesta),Normal,Normal,Turun 1 Hari Beruntun,TP: 249 | CL: 220,Normal,Tidak Ideal (< 1:1),Death Cross (Awal Bearish),Sentimen Positif 📰,Supply Banjir (Distribusi) 🌊,Dekat Support Fibo 23.6%,6,WAIT & SEE,TIDAK ADA,2026-08-24 16:50:01,Biasa / Mengikuti Pasar
16:50,RAJA,Token Mati (Perlu Update),Big Cap (Lapis 1),Overvalued (Mahal),25.582108,83500.0,840.0,866,800,925,-1.1764705882352942,26405200,Normal,48,Negatif,Downtrend,Bearish,Strong Bearish,Konsolidasi / Transisi,Normal,Distribusi (Turun),Normal,Dominan Jual (Guyur),Normal,Sedang,Normal,Area Tengah,> 1 Miliar,Persis di VWAP,Distribusi Pro (Guyuran),Sultan (> 50M/hari),Sepi (< 50%),Distribution (Fase Jualan),Normal,Normal,Turun 1 Hari Beruntun,TP: 888 | CL: 807,Normal,Ideal (1:2),Golden Cross (Awal Bullish),Sentimen Positif 📰,Normal / Sedang Transisi,Mendekati Fibo 38.2%,1,WAIT & SEE,TIDAK ADA,2026-08-24 16:50:01,Biasa / Mengikuti Pasar
16:50,RALS,Token Mati (Perlu Update),Mid Cap (Lapis 2),Undervalued (Murah),9.588353,0.67584664,382.0,380,368,384,0.0,2047500,Normal,54,Negatif,Uptrend,Bullish,Bearish MACD,Perfect Uptrend (5>20>50),Normal,Distribusi (Turun),Normal,Seimbang / Adu Mekanik,Squeeze,Rendah,Doji (Ragu-ragu),Area Tengah,< 1 Miliar,Persis di VWAP,Distribusi Pro (Guyuran),Gorengan Sepi (< 5M),Normal (50-150%),Mark-Up (Fase Pesta),Solid (Jarang Dibanting),Normal,Sideways / Stagnan,TP: 388 | CL: 377,Normal,Tidak Ideal (< 1:1),Netral / Sideways,Sentimen Positif 📰,Normal / Sedang Transisi,Dekat Support Fibo 38.2%,4,WAIT & SEE,TIDAK ADA,2026-08-24 16:50:01,Biasa / Mengikuti Pasar
16:50,RANC,Token Mati (Perlu Update),Small Cap (Lapis 3),Overvalued (Mahal),0.0,3.0072753,525.0,518,500,540,0.9615384615384616,22700,Normal,53,Positif,Uptrend,Bullish,Strong Bullish,Awal Reversal (5>20),Normal,Akumulasi (Naik),Normal,Dominan Beli (Hajar Kanan),Squeeze,Rendah,Hammer (Potensi Reversal),Area Tengah,< 1 Miliar,Persis di VWAP,Akumulasi Pro (Smart Money),Gorengan Sepi (< 5M),Sepi (< 50%),Accumulation (Kumpul Barang),Normal,Jarum Bawah (Sinyal Pantulan Kuat),Naik 1 Hari Beruntun,TP: 548 | CL: 509,Open = High (Tekanan Jual),Tidak Ideal (< 1:1),Netral / Sideways,Sentimen Positif 📰,Normal / Sedang Transisi,Golden Rebound Fibo 61.8% (Golden Ratio) 🎯,8,BELI,TIDAK ADA,2026-08-24 16:50:01,Biasa / Mengikuti Pasar
16:50,RBMS,Token Mati (Perlu Update),Small Cap (Lapis 3),Fair Value (Wajar),0.0,0.34679058,65.0,64,61,69,1.5625,19473400,Normal,52,Positif,Uptrend,Bearish,Bearish MACD,Konsolidasi / Transisi,Normal,Akumulasi (Naik),Normal,Seimbang / Adu Mekanik,Normal,Sedang,Doji (Ragu-ragu),Area Tengah,> 1 Miliar,Persis di VWAP,Akumulasi Pro (Smart Money),Gorengan Sepi (< 5M),Normal (50-150%),Mark-Up (Fase Pesta),Normal,Jarum Bawah (Sinyal Pantulan Kuat),Naik 2 Hari Beruntun,TP: 69 | CL: 61,Normal,Menengah (1:1),Netral / Sideways,Netral / Sepi Berita,Normal / Sedang Transisi,Mendekati Fibo 61.8% (Golden Ratio),4,WAIT & SEE,TIDAK ADA,2026-08-24 16:50:01,Biasa / Mengikuti Pasar
16:50,RDTX,Token Mati (Perlu Update),Mid Cap (Lapis 2),Undervalued (Murah),8.867071,1.0739473,13700.0,13587,13100,14000,2.0484171322160147,300,Normal,51,Positif,Uptrend,Bearish,Bullish MACD,Strong Downtrend (5<20<50),Normal,Distribusi (Turun),Normal,Seimbang / Adu Mekanik,Squeeze,Rendah,Normal,Area Tengah,< 1 Miliar,Di Atas VWAP (Kuat),Akumulasi Pro (Smart Money),Gorengan Sepi (< 5M),Normal (50-150%),Accumulation (Kumpul Barang),Solid (Jarang Dibanting),Normal,Naik 1 Hari Beruntun,TP: 13911 | CL: 13558,Open = Low (Bullish Kuat),Tidak Ideal (< 1:1),Netral / Sideways,Sentimen Positif 📰,Supply Kering (Siap Pump) 🏜️,Mendekati Fibo Bottom / 100%,5,WAIT & SEE,TIDAK ADA,2026-08-24 16:50:01,Biasa / Mengikuti Pasar
16:50,RELI,Token Mati (Perlu Update),Small Cap (Lapis 3),Overvalued (Mahal),44.650524,1.7644523,520.0,494,460,605,-0.9523809523809524,16100,Normal,63,Negatif,Uptrend,Bullish,Strong Bullish,Perfect Uptrend (5>20>50),Normal,Akumulasi (Naik),Normal,Dominan Beli (Hajar Kanan),Normal,Tinggi,Normal,Rawan Pucuk (High Risk),< 1 Miliar,Di Bawah VWAP (Lemah),Distribusi Pro (Guyuran),Gorengan Sepi (< 5M),Sepi (< 50%),Mark-Up (Fase Pesta),Spesialis Tiang Jemuran (Banting Pucuk),Normal,Turun 2 Hari Beruntun,TP: 585 | CL: 476,Normal,Menengah (1:1),Netral / Sideways,Sentimen Positif 📰,Normal / Sedang Transisi,Dekat Support Fibo 61.8% (Golden Ratio),7,BELI,TIDAK ADA,2026-08-24 16:50:01,Biasa / Mengikuti Pasar
16:50,RICY,Token Mati (Perlu Update),Small Cap (Lapis 3),Fair Value (Wajar),0.0,0.23143198,79.0,79,74,93,-1.25,869400,Normal,50,Negatif,Downtrend,Bullish,Bearish MACD,Perfect Uptrend (5>20>50),Normal,Distribusi (Turun),Normal,Dominan Jual (Guyur),Squeeze,Rendah,Normal,Area Tengah,< 1 Miliar,Di Bawah VWAP (Lemah),Distribusi Pro (Guyuran),Gorengan Sepi (< 5M),Normal (50-150%),Distribution (Fase Jualan),Spesialis Tiang Jemuran (Banting Pucuk),Normal,Turun 1 Hari Beruntun,TP: 83 | CL: 75,Open = High (Tekanan Jual),Ideal (1:2),Netral / Sideways,Sentimen Negatif ⚠️,Supply Kering (Siap Pump) 🏜️,Golden Rebound Fibo 50.0% 🎯,1,WAIT & SEE,TIDAK ADA,2026-08-24 16:50:01,Biasa / Mengikuti Pasar
16:50,RIGS,Token Mati (Perlu Update),Small Cap (Lapis 3),Overvalued (Mahal),4.7934585,9315.068,680.0,680,660,695,-1.4492753623188406,47300,Tembus MA20,49,Negatif,Downtrend,Bullish,Strong Bullish,Awal Reversal (5>20),Normal,Akumulasi (Naik),Normal,Seimbang / Adu Mekanik,Squeeze,Rendah,Normal,Area Tengah,< 1 Miliar,Persis di VWAP,Akumulasi Pro (Smart Money),Gorengan Sepi (< 5M),Normal (50-150%),Mark-Down (Fase Runtuh),Spesialis Tiang Jemuran (Banting Pucuk),Normal,Turun 1 Hari Beruntun,TP: 702 | CL: 665,Open = High (Tekanan Jual),Tidak Ideal (< 1:1),Death Cross (Awal Bearish),Sentimen Positif 📰,Normal / Sedang Transisi,Dekat Support Fibo 23.6%,5,WAIT & SEE,TIDAK ADA,2026-08-24 16:50:01,Biasa / Mengikuti Pasar
16:50,RODA,Token Mati (Perlu Update),Small Cap (Lapis 3),Fair Value (Wajar),0.0,0.48965514,67.0,64,55,77,-1.4705882352941175,10049800,Normal,54,Negatif,Uptrend,Bullish,Strong Bullish,Perfect Uptrend (5>20>50),Normal,Akumulasi (Naik),Normal,Seimbang / Adu Mekanik,Normal,Tinggi,Normal,Rawan Pucuk (High Risk),< 1 Miliar,Di Bawah VWAP (Lemah),Akumulasi Pro (Smart Money),Gorengan Sepi (< 5M),Sepi (< 50%),Mark-Up (Fase Pesta),Spesialis Tiang Jemuran (Banting Pucuk),Normal,Turun 2 Hari Beruntun,TP: 76 | CL: 60,Open = High (Tekanan Jual),Tidak Ideal (< 1:1),Netral / Sideways,Sentimen Positif 📰,Normal / Sedang Transisi,Dekat Support Fibo 38.2%,6,WAIT & SEE,TIDAK ADA,2026-08-24 16:50:01,Biasa / Mengikuti Pasar
16:50,ROTI,Token Mati (Perlu Update),Mid Cap (Lapis 2),Fair Value (Wajar),17.450459,2.0793464,590.0,587,580,610,0.8547008547008548,714200,Tembus MA20,50,Positif,Uptrend,Bearish,Strong Bearish,Strong Downtrend (5<20<50),Normal,Akumulasi (Naik),Normal,Seimbang / Adu Mekanik,Squeeze,Rendah,Doji (Ragu-ragu),Dekat Support (Low Risk),< 1 Miliar,Persis di VWAP,Distribusi Pro (Guyuran),Gorengan Sepi (< 5M),Anomali Tinggi (150-300%),Accumulation (Kumpul Barang),Spesialis Tiang Jemuran (Banting Pucuk),Normal,Naik 1 Hari Beruntun,TP: 605 | CL: 579,Normal,Ideal (1:2),Netral / Sideways,Sentimen Positif 📰,Normal / Sedang Transisi,Dekat Support Fibo 38.2%,5,WAIT & SEE,TIDAK ADA,2026-08-24 16:50:01,Biasa / Mengikuti Pasar
16:50,RUIS,Token Mati (Perlu Update),Small Cap (Lapis 3),Undervalued (Murah),11.859528,0.28087166,206.0,205,190,216,-1.9047619047619049,338400,Normal,53,Negatif,Uptrend,Bullish,Bearish MACD,Perfect Uptrend (5>20>50),Normal,Akumulasi (Naik),Normal,Seimbang / Adu Mekanik,Normal,Sedang,Normal,Area Tengah,< 1 Miliar,Di Bawah VWAP (Lemah),Akumulasi Pro (Smart Money),Gorengan Sepi (< 5M),Normal (50-150%),Mark-Up (Fase Pesta),Normal,Normal,Turun 1 Hari Beruntun,TP: 218 | CL: 197,Normal,Tidak Ideal (< 1:1),Netral / Sideways,Sentimen Positif 📰,Normal / Sedang Transisi,Dekat Support Fibo 23.6%,5,WAIT & SEE,TIDAK ADA,2026-08-24 16:50:01,Biasa / Mengikuti Pasar
16:50,SAFE,Token Mati (Perlu Update),Small Cap (Lapis 3),Overvalued (Mahal),9.430708,5.2008457,492.0,395,360,492,24.873096446700508,6340300,Tembus MA20,79,Positif,Uptrend,Bullish,Strong Bullish,Perfect Uptrend (5>20>50),Akumulasi Kuat,Akumulasi (Naik),Gap Up (+3.6%),Dominan Beli (Hajar Kanan),Breakout Upper,Tinggi,Marubozu (Strong Bullish),Rawan Pucuk (High Risk),> 1 Miliar,Di Atas VWAP (Kuat),Akumulasi Pro (Smart Money),Gorengan Sepi (< 5M),Ledakan Ekstrem (> 300%),Mark-Up (Fase Pesta),Spesialis Tiang Jemuran (Banting Pucuk),Normal,Naik 2 Hari Beruntun,TP: 531 | CL: 465,Normal,Tidak Ideal (< 1:1),Netral / Sideways,Netral / Sepi Berita,Normal / Sedang Transisi,Mengambang (Jauh dari Fibo),10,BELI,TIDAK ADA,2026-08-24 16:50:01,⚠️ Anomali (Sudah Terbang)
16:50,SAME,Token Mati (Perlu Update),Mid Cap (Lapis 2),Overvalued (Mahal),234.64568,1.3449414,298.0,295,286,306,3.4722222222222223,3321400,Tembus MA20,49,Positif,Uptrend,Bearish,Bullish MACD,Strong Downtrend (5<20<50),Akumulasi Kuat,Akumulasi (Naik),Gap Up (+2.1%),Seimbang / Adu Mekanik,Squeeze,Rendah,Normal,Area Tengah,< 1 Miliar,Di Atas VWAP (Kuat),Distribusi Pro (Guyuran),Gorengan Sepi (< 5M),Ledakan Ekstrem (> 300%),Accumulation (Kumpul Barang),Spesialis Tiang Jemuran (Banting Pucuk),Normal,Naik 1 Hari Beruntun,TP: 309 | CL: 290,Normal,Tidak Ideal (< 1:1),Netral / Sideways,Sentimen Positif 📰,Normal / Sedang Transisi,Mengambang (Jauh dari Fibo),8,BELI,TIDAK ADA,2026-08-24 16:50:01,Biasa / Mengikuti Pasar
16:50,SCCO,Token Mati (Perlu Update),Mid Cap (Lapis 2),Undervalued (Murah),5.7453,0.33688673,2350.0,2310,2260,2380,0.4273504273504274,3200,Normal,59,Positif,Uptrend,Bullish,Strong Bullish,Perfect Uptrend (5>20>50),Normal,Akumulasi (Naik),Normal,Dominan Beli (Hajar Kanan),Squeeze,Rendah,Hammer (Potensi Reversal),Area Tengah,< 1 Miliar,Persis di VWAP,Akumulasi Pro (Smart Money),Gorengan Sepi (< 5M),Sepi (< 50%),Mark-Up (Fase Pesta),Spesialis Tiang Jemuran (Banting Pucuk),Jarum Bawah (Sinyal Pantulan Kuat),Naik 1 Hari Beruntun,TP: 2398 | CL: 2317,Normal,Tidak Ideal (< 1:1),Death Cross (Awal Bearish),Sentimen Positif 📰,Normal / Sedang Transisi,Golden Rebound Fibo 38.2% 🎯,8,BELI,TIDAK ADA,2026-08-24 16:50:01,Biasa / Mengikuti Pasar
16:50,SCMA,Token Mati (Perlu Update),Big Cap (Lapis 1),Fair Value (Wajar),13.376205,2.093735,208.0,203,192,224,-3.7037037037037033,35034000,Normal,52,Negatif,Uptrend,Bullish,Strong Bullish,Awal Reversal (5>20),Normal,Akumulasi (Naik),Normal,Dominan Jual (Guyur),Normal,Sedang,Normal,Area Tengah,> 1 Miliar,Di Bawah VWAP (Lemah),Distribusi Pro (Guyuran),Ritel Aktif (5M - 50M),Normal (50-150%),Accumulation (Kumpul Barang),Normal,Normal,Turun 2 Hari Beruntun,TP: 219 | CL: 200,Open = High (Tekanan Jual),Menengah (1:1),Netral / Sideways,Sentimen Positif 📰,Normal / Sedang Transisi,Dekat Support Fibo 38.2%,6,WAIT & SEE,TIDAK ADA,2026-08-24 16:50:01,Biasa / Mengikuti Pasar
16:50,SDMU,Token Mati (Perlu Update),Small Cap (Lapis 3),Fair Value (Wajar),0.0,2.6074474,90.0,81,73,104,-6.25,171325400,Tembus MA20,61,Negatif,Uptrend,Bullish,Strong Bullish,Perfect Uptrend (5>20>50),Normal,Akumulasi (Naik),Gap Down (-6.2%),Seimbang / Adu Mekanik,Normal,Tinggi,Doji (Ragu-ragu),Rawan Pucuk (High Risk),> 1 Miliar,Di Bawah VWAP (Lemah),Akumulasi Pro (Smart Money),Ritel Aktif (5M - 50M),Ledakan Ekstrem (> 300%),Mark-Up (Fase Pesta),Spesialis Tiang Jemuran (Banting Pucuk),Normal,Turun 1 Hari Beruntun,TP: 99 | CL: 83,Normal,Tidak Ideal (< 1:1),Netral / Sideways,Netral / Sepi Berita,Normal / Sedang Transisi,Dekat Support Fibo 38.2%,6,WAIT & SEE,TIDAK ADA,2026-08-24 16:50:01,Biasa / Mengikuti Pasar
16:50,SDPC,Token Mati (Perlu Update),Small Cap (Lapis 3),Undervalued (Murah),5.9821153,0.74632317,192.0,184,176,228,0.0,4684100,Tembus MA20,66,Negatif,Uptrend,Bullish,Strong Bullish,Perfect Uptrend (5>20>50),Distribusi Kuat,Akumulasi (Naik),Gap Up (+2.1%),Dominan Jual (Guyur),Normal,Sedang,Normal,Area Tengah,< 1 Miliar,Di Bawah VWAP (Lemah),Distribusi Pro (Guyuran),Gorengan Sepi (< 5M),Ledakan Ekstrem (> 300%),Mark-Up (Fase Pesta),Spesialis Tiang Jemuran (Banting Pucuk),Normal,Sideways / Stagnan,TP: 205 | CL: 182,Normal,Ideal (1:2),Netral / Sideways,Sentimen Positif 📰,Supply Banjir (Distribusi) 🌊,Mendekati Fibo 61.8% (Golden Ratio),8,BELI,TIDAK ADA,2026-08-24 16:50:01,Biasa / Mengikuti Pasar
16:50,SDRA,Token Mati (Perlu Update),Mid Cap (Lapis 2),Fair Value (Wajar),0.0,0.2873567,218.0,219,206,240,0.0,904000,Normal,50,Negatif,Downtrend,Bearish,Bearish MACD,Konsolidasi / Transisi,Normal,Distribusi (Turun),Normal,Seimbang / Adu Mekanik,Normal,Sedang,Doji (Ragu-ragu),Area Tengah,< 1 Miliar,Persis di VWAP,Akumulasi Pro (Smart Money),Gorengan Sepi (< 5M),Normal (50-150%),Distribution (Fase Jualan),Normal,Normal,Sideways / Stagnan,TP: 226 | CL: 212,Normal,Ideal (1:2),Golden Cross (Awal Bullish),Sentimen Positif 📰,Normal / Sedang Transisi,Dekat Support Fibo 61.8% (Golden Ratio),1,WAIT & SEE,TIDAK ADA,2026-08-24 16:50:01,Biasa / Mengikuti Pasar
16:50,SGRO,Token Mati (Perlu Update),Mid Cap (Lapis 2),Fair Value (Wajar),17.295315,1.7066373,4810.0,4216,3230,4970,-0.2074688796680498,12200,Normal,90,Negatif,Uptrend,Bullish,Strong Bullish,Perfect Uptrend (5>20>50),Normal,Akumulasi (Naik),Normal,Dominan Jual (Guyur),Normal,Tinggi,Normal,Rawan Pucuk (High Risk),< 1 Miliar,Persis di VWAP,Akumulasi Pro (Smart Money),Gorengan Sepi (< 5M),Sepi (< 50%),Mark-Up (Fase Pesta),Spesialis Tiang Jemuran (Banting Pucuk),Normal,Turun 1 Hari Beruntun,TP: 4997 | CL: 4685,Normal,Tidak Ideal (< 1:1),Overbought (Jenuh Beli - Rawan),Sentimen Positif 📰,Normal / Sedang Transisi,Mengambang (Jauh dari Fibo),6,WAIT & SEE,TIDAK ADA,2026-08-24 16:50:01,Biasa / Mengikuti Pasar
16:50,SHID,Token Mati (Perlu Update),Small Cap (Lapis 3),Fair Value (Wajar),0.0,0.8782216,555.0,590,515,635,1.834862385321101,5800,Normal,39,Positif,Downtrend,Bearish,Strong Bearish,Strong Downtrend (5<20<50),Normal,Akumulasi (Naik),Normal,Dominan Beli (Hajar Kanan),Normal,Tinggi,Normal,Area Tengah,< 1 Miliar,Di Atas VWAP (Kuat),Distribusi Pro (Guyuran),Gorengan Sepi (< 5M),Sepi (< 50%),Mark-Down (Fase Runtuh),Normal,Normal,Naik 2 Hari Beruntun,TP: 593 | CL: 529,Normal,Ideal (1:2),Golden Cross (Awal Bullish),Netral / Sepi Berita,Normal / Sedang Transisi,Mengambang (Jauh dari Fibo),3,WAIT & SEE,TIDAK ADA,2026-08-24 16:50:01,Biasa / Mengikuti Pasar
16:50,SIDO,Token Mati (Perlu Update),Big Cap (Lapis 1),Overvalued (Mahal),10.7394905,3.4396346,350.0,354,344,372,0.0,17904700,Normal,39,Negatif,Downtrend,Bearish,Bullish MACD,Strong Downtrend (5<20<50),Normal,Akumulasi (Naik),Normal,Seimbang / Adu Mekanik,Squeeze,Rendah,Doji (Ragu-ragu),Dekat Support (Low Risk),> 1 Miliar,Persis di VWAP,Akumulasi Pro (Smart Money),Ritel Aktif (5M - 50M),Normal (50-150%),Mark-Down (Fase Runtuh),Spesialis Tiang Jemuran (Banting Pucuk),Normal,Sideways / Stagnan,TP: 358 | CL: 344,Normal,Sangat Menarik (> 1:3),Netral / Sideways,Sentimen Positif 📰,Normal / Sedang Transisi,Dekat Support Fibo Bottom / 100%,3,WAIT & SEE,TIDAK ADA,2026-08-24 16:50:01,Biasa / Mengikuti Pasar
16:50,SILO,Token Mati (Perlu Update),Big Cap (Lapis 1),Fair Value (Wajar),23.31443,2.804475,2210.0,2254,1995,2430,-3.91304347826087,624100,Tembus MA20,46,Negatif,Downtrend,Bullish,Bearish MACD,Perfect Uptrend (5>20>50),Normal,Distribusi (Turun),Gap Down (-3.0%),Dominan Jual (Guyur),Normal,Tinggi,Normal,Rawan Pucuk (High Risk),> 1 Miliar,Di Bawah VWAP (Lemah),Distribusi Pro (Guyuran),Gorengan Sepi (< 5M),Normal (50-150%),Distribution (Fase Jualan),Normal,Normal,Turun 1 Hari Beruntun,TP: 2367 | CL: 2105,Normal,Menengah (1:1),Netral / Sideways,Netral / Sepi Berita,Normal / Sedang Transisi,Dekat Support Fibo 61.8% (Golden Ratio),2,WAIT & SEE,TIDAK ADA,2026-08-24 16:50:01,Biasa / Mengikuti Pasar
16:50,SIMP,Token Mati (Perlu Update),Mid Cap (Lapis 2),Undervalued (Murah),4.4295206,0.45958266,615.0,596,565,630,0.0,7305400,Normal,64,Negatif,Uptrend,Bullish,Bearish MACD,Perfect Uptrend (5>20>50),Normal,Akumulasi (Naik),Normal,Seimbang / Adu Mekanik,Normal,Sedang,Normal,Area Tengah,> 1 Miliar,Persis di VWAP,Akumulasi Pro (Smart Money),Ritel Aktif (5M - 50M),Normal (50-150%),Mark-Up (Fase Pesta),Normal,Normal,Sideways / Stagnan,TP: 637 | CL: 600,Normal,Tidak Ideal (< 1:1),Netral / Sideways,Sentimen Positif 📰,Normal / Sedang Transisi,Mendekati Fibo 23.6%,5,WAIT & SEE,TIDAK ADA,2026-08-24 16:50:01,Biasa / Mengikuti Pasar
16:50,SIPD,Token Mati (Perlu Update),Mid Cap (Lapis 2),Fair Value (Wajar),0.0,1.2045777,740.0,703,660,805,-1.3333333333333335,23000,Normal,58,Negatif,Uptrend,Bullish,Strong Bullish,Perfect Uptrend (5>20>50),Normal,Akumulasi (Naik),Gap Up (+4.0%),Dominan Jual (Guyur),Normal,Tinggi,Normal,Rawan Pucuk (High Risk),< 1 Miliar,Di Bawah VWAP (Lemah),Akumulasi Pro (Smart Money),Gorengan Sepi (< 5M),Normal (50-150%),Mark-Up (Fase Pesta),Solid (Jarang Dibanting),Normal,Turun 2 Hari Beruntun,TP: 793 | CL: 704,Open = High (Tekanan Jual),Tidak Ideal (< 1:1),Death Cross (Awal Bearish),Sentimen Negatif ⚠️,Normal / Sedang Transisi,Mendekati Fibo 61.8% (Golden Ratio),6,WAIT & SEE,TIDAK ADA,2026-08-24 16:50:01,Biasa / Mengikuti Pasar
16:50,SKBM,Token Mati (Perlu Update),Small Cap (Lapis 3),Undervalued (Murah),6.9177556,0.9004337,540.0,538,510,585,0.9345794392523363,187800,Normal,49,Positif,Uptrend,Bearish,Strong Bearish,Strong Downtrend (5<20<50),Normal,Akumulasi (Naik),Normal,Seimbang / Adu Mekanik,Squeeze,Rendah,Doji (Ragu-ragu),Area Tengah,< 1 Miliar,Persis di VWAP,Akumulasi Pro (Smart Money),Gorengan Sepi (< 5M),Normal (50-150%),Accumulation (Kumpul Barang),Normal,Jarum Bawah (Sinyal Pantulan Kuat),Naik 1 Hari Beruntun,TP: 573 | CL: 517,Normal,Menengah (1:1),Netral / Sideways,Sentimen Positif 📰,Normal / Sedang Transisi,Mengambang (Jauh dari Fibo),4,WAIT & SEE,TIDAK ADA,2026-08-24 16:50:01,Biasa / Mengikuti Pasar
16:50,SKLT,Token Mati (Perlu Update),Mid Cap (Lapis 2),Fair Value (Wajar),11.875693,1.7340853,214.0,202,183,228,0.9433962264150944,211500,Normal,67,Positif,Uptrend,Bullish,Strong Bullish,Perfect Uptrend (5>20>50),Normal,Akumulasi (Naik),Normal,Dominan Beli (Hajar Kanan),Normal,Sedang,Normal,Rawan Pucuk (High Risk),< 1 Miliar,Di Atas VWAP (Kuat),Akumulasi Pro (Smart Money),Gorengan Sepi (< 5M),Sepi (< 50%),Mark-Up (Fase Pesta),Spesialis Tiang Jemuran (Banting Pucuk),Normal,Naik 2 Hari Beruntun,TP: 231 | CL: 202,Normal,Tidak Ideal (< 1:1),Netral / Sideways,Sentimen Positif 📰,Normal / Sedang Transisi,Dekat Support Fibo 23.6%,8,BELI,TIDAK ADA,2026-08-24 16:50:01,Biasa / Mengikuti Pasar
16:50,SMAR,Token Mati (Perlu Update),Big Cap (Lapis 1),Undervalued (Murah),4.0588393,0.69067115,5825.0,5701,5400,6000,-1.2711864406779663,84000,Tembus MA20,63,Negatif,Uptrend,Bullish,Bearish MACD,Perfect Uptrend (5>20>50),Normal,Akumulasi (Naik),Normal,Seimbang / Adu Mekanik,Normal,Sedang,Normal,Area Tengah,< 1 Miliar,Persis di VWAP,Akumulasi Pro (Smart Money),Gorengan Sepi (< 5M),Normal (50-150%),Mark-Up (Fase Pesta),Normal,Normal,Turun 1 Hari Beruntun,TP: 6041 | CL: 5680,Open = High (Tekanan Jual),Tidak Ideal (< 1:1),Netral / Sideways,Sentimen Positif 📰,Normal / Sedang Transisi,Mendekati Fibo 23.6%,6,WAIT & SEE,TIDAK ADA,2026-08-24 16:50:01,Biasa / Mengikuti Pasar
16:50,SMBR,Token Mati (Perlu Update),Mid Cap (Lapis 2),Undervalued (Murah),12.062812,0.48938698,168.0,165,156,176,-1.1764705882352942,1469600,Normal,57,Negatif,Uptrend,Bullish,Bearish MACD,Perfect Uptrend (5>20>50),Normal,Akumulasi (Naik),Normal,Dominan Jual (Guyur),Normal,Sedang,Normal,Area Tengah,< 1 Miliar,Persis di VWAP,Akumulasi Pro (Smart Money),Gorengan Sepi (< 5M),Sepi (< 50%),Mark-Up (Fase Pesta),Spesialis Tiang Jemuran (Banting Pucuk),Normal,Turun 1 Hari Beruntun,TP: 176 | CL: 162,Normal,Tidak Ideal (< 1:1),Netral / Sideways,Sentimen Positif 📰,Normal / Sedang Transisi,Dekat Support Fibo 23.6%,5,WAIT & SEE,TIDAK ADA,2026-08-24 16:50:01,Biasa / Mengikuti Pasar
16:50,SMCB,Token Mati (Perlu Update),Mid Cap (Lapis 2),Undervalued (Murah),9.337349,0.52530867,775.0,775,775,775,0.0,0,Normal,100,Negatif,Downtrend,Bearish,Bearish MACD,Konsolidasi / Transisi,Normal,Netral,Normal,Tidak Ada Transaksi,Squeeze,Rendah,Doji (Ragu-ragu),Dekat Support (Low Risk),< 1 Miliar,Di Atas VWAP (Kuat),Netral,Gorengan Sepi (< 5M),Normal (50-150%),Sideways,Solid (Jarang Dibanting),Normal,Sideways / Stagnan,TP: 776 | CL: 774,Normal,Di Area Support,Oversold (Jenuh Jual - Peluang),Netral / Sepi Berita,Normal / Sedang Transisi,Golden Rebound Fibo 23.6% 🎯,1,WAIT & SEE,TIDAK ADA,2026-08-24 16:50:01,Biasa / Mengikuti Pasar
16:50,SMDM,Token Mati (Perlu Update),Mid Cap (Lapis 2),Overvalued (Mahal),143.60313,1.1232146,540.0,558,535,580,0.0,29000,Normal,41,Negatif,Downtrend,Bearish,Strong Bearish,Strong Downtrend (5<20<50),Normal,Distribusi (Turun),Normal,Dominan Jual (Guyur),Squeeze,Rendah,Normal,Dekat Support (Low Risk),< 1 Miliar,Di Bawah VWAP (Lemah),Akumulasi Pro (Smart Money),Gorengan Sepi (< 5M),Normal (50-150%),Mark-Down (Fase Runtuh),Normal,Normal,Sideways / Stagnan,TP: 565 | CL: 522,Open = High (Tekanan Jual),Sangat Menarik (> 1:3),Netral / Sideways,Sentimen Positif 📰,Normal / Sedang Transisi,Mendekati Fibo 61.8% (Golden Ratio),1,WAIT & SEE,TIDAK ADA,2026-08-24 16:50:01,Biasa / Mengikuti Pasar
16:50,SMDR,Token Mati (Perlu Update),Mid Cap (Lapis 2),Overvalued (Mahal),5.8713536,9515.151,314.0,301,279,316,0.641025641025641,9488700,Normal,68,Positif,Uptrend,Bullish,Strong Bullish,Perfect Uptrend (5>20>50),Normal,Akumulasi (Naik),Normal,Dominan Beli (Hajar Kanan),Normal,Sedang,Normal,Rawan Pucuk (High Risk),> 1 Miliar,Di Atas VWAP (Kuat),Akumulasi Pro (Smart Money),Gorengan Sepi (< 5M),Normal (50-150%),Mark-Up (Fase Pesta),Normal,Normal,Naik 3 Hari Beruntun,TP: 322 | CL: 308,Normal,Tidak Ideal (< 1:1),Overbought (Jenuh Beli - Rawan),Sentimen Positif 📰,Normal / Sedang Transisi,Mendekati Fibo 23.6%,8,BELI,TIDAK ADA,2026-08-24 16:50:01,Biasa / Mengikuti Pasar
16:50,SMGR,Token Mati (Perlu Update),Big Cap (Lapis 1),Overvalued (Mahal),44.169613,0.23200801,1510.0,1531,1430,1640,-3.5143769968051117,25550200,Tembus MA20,48,Negatif,Downtrend,Bullish,Bearish MACD,Perfect Uptrend (5>20>50),Normal,Distribusi (Turun),Normal,Dominan Jual (Guyur),Normal,Sedang,Normal,Area Tengah,> 1 Miliar,Di Bawah VWAP (Lemah),Distribusi Pro (Guyuran),Ritel Aktif (5M - 50M),Anomali Tinggi (150-300%),Distribution (Fase Jualan),Normal,Normal,Turun 1 Hari Beruntun,TP: 1596 | CL: 1452,Open = High (Tekanan Jual),Ideal (1:2),Netral / Sideways,Sentimen Positif 📰,Normal / Sedang Transisi,Mendekati Fibo 78.6%,3,WAIT & SEE,TIDAK ADA,2026-08-24 16:50:01,Biasa / Mengikuti Pasar
16:50,SMMA,Token Mati (Perlu Update),Big Cap (Lapis 1),Overvalued (Mahal),58.87867,4.859239,20100.0,20152,19450,20500,-0.49504950495049505,85500,Tembus MA20,41,Negatif,Downtrend,Bearish,Bullish MACD,Strong Downtrend (5<20<50),Distribusi Kuat,Distribusi (Turun),Normal,Dominan Beli (Hajar Kanan),Squeeze,Rendah,Doji (Ragu-ragu),Area Tengah,> 1 Miliar,Persis di VWAP,Akumulasi Pro (Smart Money),Gorengan Sepi (< 5M),Ledakan Ekstrem (> 300%),Mark-Down (Fase Runtuh),Normal,Jarum Bawah (Sinyal Pantulan Kuat),Turun 1 Hari Beruntun,TP: 20587 | CL: 19775,Normal,Tidak Ideal (< 1:1),Overbought (Jenuh Beli - Rawan),Sentimen Negatif ⚠️,Supply Banjir (Distribusi) 🌊,Mengambang (Jauh dari Fibo),3,WAIT & SEE,TIDAK ADA,2026-08-24 16:50:01,Biasa / Mengikuti Pasar
16:50,SMMT,Token Mati (Perlu Update),Mid Cap (Lapis 2),Overvalued (Mahal),97.60676,189090.9,2080.0,1871,1715,2150,8.333333333333332,312800,Tembus MA20,73,Positif,Uptrend,Bullish,Strong Bullish,Perfect Uptrend (5>20>50),Akumulasi Kuat,Akumulasi (Naik),Normal,Dominan Beli (Hajar Kanan),Breakout Upper,Sedang,Normal,Rawan Pucuk (High Risk),< 1 Miliar,Di Atas VWAP (Kuat),Akumulasi Pro (Smart Money),Gorengan Sepi (< 5M),Ledakan Ekstrem (> 300%),Mark-Up (Fase Pesta),Spesialis Tiang Jemuran (Banting Pucuk),Normal,Naik 3 Hari Beruntun,TP: 2202 | CL: 1998,Normal,Tidak Ideal (< 1:1),Netral / Sideways,Sentimen Positif 📰,Normal / Sedang Transisi,Mendekati Fibo 23.6%,10,BELI,TIDAK ADA,2026-08-24 16:50:01,Biasa / Mengikuti Pasar
16:50,SMRA,Token Mati (Perlu Update),Mid Cap (Lapis 2),Undervalued (Murah),8.821082,0.44139263,318.0,325,314,348,-3.048780487804878,34892700,Tembus MA20,48,Negatif,Downtrend,Bullish,Bearish MACD,Perfect Uptrend (5>20>50),Distribusi Kuat,Distribusi (Turun),Normal,Dominan Jual (Guyur),Squeeze,Rendah,Normal,Dekat Support (Low Risk),> 1 Miliar,Di Bawah VWAP (Lemah),Distribusi Pro (Guyuran),Ritel Aktif (5M - 50M),Anomali Tinggi (150-300%),Distribution (Fase Jualan),Spesialis Tiang Jemuran (Banting Pucuk),Normal,Turun 2 Hari Beruntun,TP: 333 | CL: 308,Normal,Sangat Menarik (> 1:3),Netral / Sideways,Sentimen Negatif ⚠️,Normal / Sedang Transisi,Dekat Support Fibo 38.2%,2,WAIT & SEE,TIDAK ADA,2026-08-24 16:50:01,Biasa / Mengikuti Pasar
16:50,SMSM,Token Mati (Perlu Update),Mid Cap (Lapis 2),Fair Value (Wajar),8.721662,2.4924223,1740.0,1726,1656,1788,-0.28653295128939826,948600,Normal,61,Negatif,Uptrend,Bullish,Bearish MACD,Perfect Uptrend (5>20>50),Normal,Akumulasi (Naik),Normal,Dominan Jual (Guyur),Squeeze,Rendah,Normal,Area Tengah,> 1 Miliar,Persis di VWAP,Distribusi Pro (Guyuran),Gorengan Sepi (< 5M),Normal (50-150%),Mark-Up (Fase Pesta),Spesialis Tiang Jemuran (Banting Pucuk),Normal,Turun 1 Hari Beruntun,TP: 1765 | CL: 1723,Open = High (Tekanan Jual),Tidak Ideal (< 1:1),Netral / Sideways,Sentimen Positif 📰,Normal / Sedang Transisi,Dekat Support Fibo 23.6%,5,WAIT & SEE,TIDAK ADA,2026-08-24 16:50:01,Biasa / Mengikuti Pasar
16:50,SOCI,Token Mati (Perlu Update),Mid Cap (Lapis 2),Overvalued (Mahal),20.217148,9310.345,545.0,487,400,560,0.0,8449100,Normal,73,Negatif,Uptrend,Bullish,Strong Bullish,Perfect Uptrend (5>20>50),Normal,Akumulasi (Naik),Normal,Dominan Beli (Hajar Kanan),Normal,Tinggi,Doji (Ragu-ragu),Rawan Pucuk (High Risk),> 1 Miliar,Di Atas VWAP (Kuat),Akumulasi Pro (Smart Money),Ritel Aktif (5M - 50M),Normal (50-150%),Mark-Up (Fase Pesta),Normal,Jarum Bawah (Sinyal Pantulan Kuat),Sideways / Stagnan,TP: 584 | CL: 518,Normal,Tidak Ideal (< 1:1),Overbought (Jenuh Beli - Rawan),Netral / Sepi Berita,Normal / Sedang Transisi,Mengambang (Jauh dari Fibo),6,WAIT & SEE,TIDAK ADA,2026-08-24 16:50:01,Biasa / Mengikuti Pasar
16:50,SONA,Token Mati (Perlu Update),Mid Cap (Lapis 2),Fair Value (Wajar),16.973713,2.2222724,2460.0,2545,2160,3240,9.821428571428571,77600,Tembus MA20,49,Positif,Downtrend,Bullish,Bearish MACD,Perfect Uptrend (5>20>50),Normal,Distribusi (Turun),Gap Down (-3.1%),Dominan Beli (Hajar Kanan),Normal,Tinggi,Marubozu (Strong Bullish),Rawan Pucuk (High Risk),< 1 Miliar,Persis di VWAP,Akumulasi Pro (Smart Money),Gorengan Sepi (< 5M),Normal (50-150%),Distribution (Fase Jualan),Normal,Normal,Naik 1 Hari Beruntun,TP: 2778 | CL: 2247,Open = Low (Bullish Kuat),Ideal (1:2),Golden Cross (Awal Bullish),Sentimen Positif 📰,Normal / Sedang Transisi,Dekat Support Fibo 61.8% (Golden Ratio),5,WAIT & SEE,TIDAK ADA,2026-08-24 16:50:01,Biasa / Mengikuti Pasar
16:50,SPMA,Token Mati (Perlu Update),Small Cap (Lapis 3),Undervalued (Murah),9.751773,0.34813434,165.0,164,160,173,-0.6024096385542169,457900,Normal,50,Negatif,Uptrend,Bullish,Strong Bearish,Perfect Uptrend (5>20>50),Normal,Distribusi (Turun),Normal,Dominan Jual (Guyur),Squeeze,Rendah,Normal,Area Tengah,< 1 Miliar,Persis di VWAP,Distribusi Pro (Guyuran),Gorengan Sepi (< 5M),Normal (50-150%),Mark-Up (Fase Pesta),Spesialis Tiang Jemuran (Banting Pucuk),Normal,Turun 1 Hari Beruntun,TP: 172 | CL: 160,Normal,Ideal (1:2),Netral / Sideways,Sentimen Positif 📰,Normal / Sedang Transisi,Dekat Support Fibo 50.0%,3,WAIT & SEE,TIDAK ADA,2026-08-24 16:50:01,Biasa / Mengikuti Pasar
16:50,SQMI,Token Mati (Perlu Update),Small Cap (Lapis 3),Overvalued (Mahal),0.0,9.074942,61.0,63,59,74,-1.6129032258064515,9292400,Normal,49,Negatif,Downtrend,Bearish,Bearish MACD,Konsolidasi / Transisi,Normal,Distribusi (Turun),Normal,Dominan Jual (Guyur),Normal,Tinggi,Normal,Area Tengah,< 1 Miliar,Di Bawah VWAP (Lemah),Distribusi Pro (Guyuran),Gorengan Sepi (< 5M),Sepi (< 50%),Distribution (Fase Jualan),Spesialis Tiang Jemuran (Banting Pucuk),Normal,Turun 1 Hari Beruntun,TP: 69 | CL: 55,Normal,Sangat Menarik (> 1:3),Oversold (Jenuh Jual - Peluang),Netral / Sepi Berita,Normal / Sedang Transisi,Mengambang (Jauh dari Fibo),0,WAIT & SEE,TIDAK ADA,2026-08-24 16:50:01,Biasa / Mengikuti Pasar
16:50,SRAJ,Token Mati (Perlu Update),Big Cap (Lapis 1),Overvalued (Mahal),0.0,127.96661,13000.0,12978,10825,15000,-7.801418439716312,9200,Tembus MA20,51,Negatif,Uptrend,Bullish,Strong Bullish,Perfect Uptrend (5>20>50),Normal,Distribusi (Turun),Normal,Seimbang / Adu Mekanik,Normal,Tinggi,Normal,Rawan Pucuk (High Risk),< 1 Miliar,Di Bawah VWAP (Lemah),Distribusi Pro (Guyuran),Gorengan Sepi (< 5M),Ledakan Ekstrem (> 300%),Mark-Up (Fase Pesta),Normal,Normal,Turun 4 Hari Beruntun,TP: 13825 | CL: 12450,Open = High (Tekanan Jual),Tidak Ideal (< 1:1),Netral / Sideways,Netral / Sepi Berita,Normal / Sedang Transisi,Mendekati Fibo 38.2%,5,WAIT & SEE,TIDAK ADA,2026-08-24 16:50:01,Biasa / Mengikuti Pasar
16:50,SRSN,Token Mati (Perlu Update),Small Cap (Lapis 3),Undervalued (Murah),3.3816423,0.4814537,70.0,69,61,77,-2.7777777777777777,31461100,Normal,52,Negatif,Uptrend,Bullish,Bearish MACD,Perfect Uptrend (5>20>50),Normal,Akumulasi (Naik),Normal,Dominan Jual (Guyur),Normal,Tinggi,Normal,Rawan Pucuk (High Risk),> 1 Miliar,Di Bawah VWAP (Lemah),Distribusi Pro (Guyuran),Gorengan Sepi (< 5M),Normal (50-150%),Mark-Up (Fase Pesta),Normal,Normal,Turun 1 Hari Beruntun,TP: 74 | CL: 67,Normal,Tidak Ideal (< 1:1),Netral / Sideways,Sentimen Positif 📰,Normal / Sedang Transisi,Dekat Support Fibo 38.2%,5,WAIT & SEE,TIDAK ADA,2026-08-24 16:50:01,Biasa / Mengikuti Pasar
16:50,SRTG,Token Mati (Perlu Update),Big Cap (Lapis 1),Undervalued (Murah),1.4078068,0.4092987,1940.0,1809,1680,1945,1.3054830287206265,6144700,Normal,73,Positif,Uptrend,Bullish,Strong Bullish,Perfect Uptrend (5>20>50),Normal,Akumulasi (Naik),Normal,Dominan Beli (Hajar Kanan),Normal,Tinggi,Normal,Rawan Pucuk (High Risk),> 1 Miliar,Di Atas VWAP (Kuat),Akumulasi Pro (Smart Money),Ritel Aktif (5M - 50M),Normal (50-150%),Mark-Up (Fase Pesta),Normal,Normal,Naik 1 Hari Beruntun,TP: 2006 | CL: 1895,Normal,Tidak Ideal (< 1:1),Overbought (Jenuh Beli - Rawan),Sentimen Positif 📰,Normal / Sedang Transisi,Mengambang (Jauh dari Fibo),8,BELI,TIDAK ADA,2026-08-24 16:50:01,Biasa / Mengikuti Pasar
16:50,SSIA,Token Mati (Perlu Update),Mid Cap (Lapis 2),Overvalued (Mahal),43.50813,1.586733,1900.0,1682,1555,1920,7.042253521126761,70395300,Tembus MA20,73,Positif,Uptrend,Bullish,Strong Bullish,Perfect Uptrend (5>20>50),Akumulasi Kuat,Akumulasi (Naik),Normal,Dominan Beli (Hajar Kanan),Breakout Upper,Tinggi,Normal,Rawan Pucuk (High Risk),> 1 Miliar,Di Atas VWAP (Kuat),Akumulasi Pro (Smart Money),Sultan (> 50M/hari),Anomali Tinggi (150-300%),Mark-Up (Fase Pesta),Spesialis Tiang Jemuran (Banting Pucuk),Normal,Naik 6 Hari Beruntun,TP: 1998 | CL: 1834,Normal,Tidak Ideal (< 1:1),Overbought (Jenuh Beli - Rawan),Sentimen Positif 📰,Normal / Sedang Transisi,Mendekati Fibo 23.6%,10,BELI,TIDAK ADA,2026-08-24 16:50:01,Biasa / Mengikuti Pasar
16:50,SSMS,Token Mati (Perlu Update),Mid Cap (Lapis 2),Overvalued (Mahal),6.5291853,3.3421607,915.0,936,850,1020,-1.0810810810810811,9461700,Normal,52,Negatif,Downtrend,Bearish,Bearish MACD,Konsolidasi / Transisi,Normal,Akumulasi (Naik),Normal,Dominan Jual (Guyur),Normal,Tinggi,Normal,Area Tengah,> 1 Miliar,Persis di VWAP,Distribusi Pro (Guyuran),Ritel Aktif (5M - 50M),Normal (50-150%),Distribution (Fase Jualan),Normal,Normal,Turun 1 Hari Beruntun,TP: 970 | CL: 877,Normal,Ideal (1:2),Netral / Sideways,Sentimen Positif 📰,Normal / Sedang Transisi,Mendekati Fibo 38.2%,3,WAIT & SEE,TIDAK ADA,2026-08-24 16:50:01,Biasa / Mengikuti Pasar
16:50,SSTM,Token Mati (Perlu Update),Small Cap (Lapis 3),Fair Value (Wajar),0.0,2.3156228,398.0,409,382,468,-1.4851485148514851,779600,Tembus MA20,45,Negatif,Downtrend,Bearish,Strong Bearish,Konsolidasi / Transisi,Distribusi Kuat,Distribusi (Turun),Normal,Seimbang / Adu Mekanik,Normal,Sedang,Normal,Area Tengah,< 1 Miliar,Persis di VWAP,Distribusi Pro (Guyuran),Gorengan Sepi (< 5M),Ledakan Ekstrem (> 300%),Distribution (Fase Jualan),Normal,Normal,Turun 2 Hari Beruntun,TP: 425 | CL: 379,Open = High (Tekanan Jual),Sangat Menarik (> 1:3),Oversold (Jenuh Jual - Peluang),Sentimen Positif 📰,Normal / Sedang Transisi,Mengambang (Jauh dari Fibo),2,WAIT & SEE,TIDAK ADA,2026-08-24 16:50:01,Biasa / Mengikuti Pasar
16:50,STAR,Token Mati (Perlu Update),Mid Cap (Lapis 2),Overvalued (Mahal),77.34807,3.7131667,420.0,343,260,515,0.4784688995215311,824200,Normal,63,Positif,Uptrend,Bullish,Strong Bullish,Perfect Uptrend (5>20>50),Normal,Akumulasi (Naik),Normal,Dominan Jual (Guyur),Normal,Tinggi,Doji (Ragu-ragu),Rawan Pucuk (High Risk),< 1 Miliar,Di Bawah VWAP (Lemah),Distribusi Pro (Guyuran),Gorengan Sepi (< 5M),Sepi (< 50%),Mark-Up (Fase Pesta),Normal,Normal,Naik 1 Hari Beruntun,TP: 496 | CL: 369,Normal,Tidak Ideal (< 1:1),Death Cross (Awal Bearish),Sentimen Positif 📰,Normal / Sedang Transisi,Mendekati Fibo 38.2%,7,BELI,TIDAK ADA,2026-08-24 16:50:01,Biasa / Mengikuti Pasar
16:50,STTP,Token Mati (Perlu Update),Big Cap (Lapis 1),Fair Value (Wajar),10.032931,1.6483524,9475.0,9660,9400,10150,0.5305039787798408,3300,Normal,43,Positif,Downtrend,Bearish,Strong Bearish,Strong Downtrend (5<20<50),Normal,Distribusi (Turun),Gap Up (+2.1%),Seimbang / Adu Mekanik,Squeeze,Rendah,Normal,Dekat Support (Low Risk),< 1 Miliar,Persis di VWAP,Distribusi Pro (Guyuran),Gorengan Sepi (< 5M),Normal (50-150%),Mark-Down (Fase Runtuh),Spesialis Tiang Jemuran (Banting Pucuk),Normal,Naik 1 Hari Beruntun,TP: 9850 | CL: 9225,Open = High (Tekanan Jual),Sangat Menarik (> 1:3),Oversold (Jenuh Jual - Peluang),Netral / Sepi Berita,Normal / Sedang Transisi,Golden Rebound Fibo Bottom / 100% 🎯,2,WAIT & SEE,TIDAK ADA,2026-08-24 16:50:01,Biasa / Mengikuti Pasar
16:50,SULI,Token Mati (Perlu Update),Small Cap (Lapis 3),Overvalued (Mahal),0.0,45999.996,93.0,92,83,139,1.0869565217391304,26228100,Normal,53,Positif,Uptrend,Bullish,Bearish MACD,Perfect Uptrend (5>20>50),Normal,Akumulasi (Naik),Normal,Seimbang / Adu Mekanik,Normal,Tinggi,Normal,Rawan Pucuk (High Risk),> 1 Miliar,Persis di VWAP,Distribusi Pro (Guyuran),Gorengan Sepi (< 5M),Sepi (< 50%),Mark-Up (Fase Pesta),Spesialis Tiang Jemuran (Banting Pucuk),Normal,Naik 1 Hari Beruntun,TP: 105 | CL: 84,Normal,Sangat Menarik (> 1:3),Oversold (Jenuh Jual - Peluang),Netral / Sepi Berita,Normal / Sedang Transisi,Mengambang (Jauh dari Fibo),5,WAIT & SEE,TIDAK ADA,2026-08-24 16:50:01,Biasa / Mengikuti Pasar
16:50,SUPR,Token Mati (Perlu Update),Big Cap (Lapis 1),Overvalued (Mahal),46.2963,6.0289726,43850.0,43850,43850,43850,0.0,0,Normal,0,Negatif,Downtrend,Bearish,Bearish MACD,Konsolidasi / Transisi,Normal,Netral,Normal,Tidak Ada Transaksi,Squeeze,Rendah,Doji (Ragu-ragu),Dekat Support (Low Risk),< 1 Miliar,Di Atas VWAP (Kuat),Netral,Gorengan Sepi (< 5M),Normal (50-150%),Sideways,Solid (Jarang Dibanting),Normal,Sideways / Stagnan,TP: 43851 | CL: 43849,Normal,Di Area Support,Oversold (Jenuh Jual - Peluang),Netral / Sepi Berita,Normal / Sedang Transisi,Normal / Sideways,0,WAIT & SEE,TIDAK ADA,2026-08-24 16:50:01,Biasa / Mengikuti Pasar
16:50,TALF,Token Mati (Perlu Update),Small Cap (Lapis 3),Overvalued (Mahal),47.337276,0.74430376,725.0,795,555,1205,-1.3605442176870748,57300,Normal,47,Negatif,Downtrend,Bearish,Bearish MACD,Konsolidasi / Transisi,Normal,Distribusi (Turun),Gap Up (+2.0%),Dominan Jual (Guyur),Normal,Tinggi,Normal,Rawan Pucuk (High Risk),< 1 Miliar,Di Bawah VWAP (Lemah),Distribusi Pro (Guyuran),Gorengan Sepi (< 5M),Sepi (< 50%),Distribution (Fase Jualan),Normal,Normal,Turun 1 Hari Beruntun,TP: 909 | CL: 602,Open = High (Tekanan Jual),Ideal (1:2),Oversold (Jenuh Jual - Peluang),Netral / Sepi Berita,Normal / Sedang Transisi,Mengambang (Jauh dari Fibo),1,WAIT & SEE,TIDAK ADA,2026-08-24 16:50:01,Biasa / Mengikuti Pasar
16:50,TARA,Token Mati (Perlu Update),Small Cap (Lapis 3),Fair Value (Wajar),0.0,0.29026172,30.0,30,29,32,0.0,281400,Normal,49,Negatif,Downtrend,Death Cross,Strong Bearish,Konsolidasi / Transisi,Normal,Akumulasi (Naik),Gap Down (-3.3%),Dominan Beli (Hajar Kanan),Normal,Sedang,Marubozu (Strong Bullish),Area Tengah,< 1 Miliar,Persis di VWAP,Akumulasi Pro (Smart Money),Gorengan Sepi (< 5M),Sepi (< 50%),Distribution (Fase Jualan),Normal,Normal,Sideways / Stagnan,TP: 31 | CL: 29,Open = Low (Bullish Kuat),Ideal (1:2),Golden Cross (Awal Bullish),Netral / Sepi Berita,Normal / Sedang Transisi,Dekat Support Fibo 50.0%,2,WAIT & SEE,TIDAK ADA,2026-08-24 16:50:01,Biasa / Mengikuti Pasar
16:50,TAXI,Token Mati (Perlu Update),Small Cap (Lapis 3),Overvalued (Mahal),0.0,3.7593985,14.0,14,12,16,0.0,15832600,Normal,50,Negatif,Downtrend,Bullish,Bearish MACD,Perfect Uptrend (5>20>50),Normal,Distribusi (Turun),Normal,Tidak Ada Transaksi,Normal,Tinggi,Doji (Ragu-ragu),Rawan Pucuk (High Risk),< 1 Miliar,Di Bawah VWAP (Lemah),Distribusi Pro (Guyuran),Gorengan Sepi (< 5M),Sepi (< 50%),Distribution (Fase Jualan),Normal,Normal,Sideways / Stagnan,TP: 15 | CL: 13,Normal,Menengah (1:1),Oversold (Jenuh Jual - Peluang),Netral / Sepi Berita,Normal / Sedang Transisi,Golden Rebound Fibo 50.0% 🎯,1,WAIT & SEE,TIDAK ADA,2026-08-24 16:50:01,Biasa / Mengikuti Pasar
16:50,TBIG,Token Mati (Perlu Update),Big Cap (Lapis 1),Fair Value (Wajar),22.571608,2.5329723,1450.0,1412,1330,1570,0.0,571700,Normal,56,Negatif,Uptrend,Bullish,Strong Bullish,Perfect Uptrend (5>20>50),Normal,Akumulasi (Naik),Gap Up (+2.4%),Dominan Jual (Guyur),Normal,Sedang,Normal,Area Tengah,< 1 Miliar,Persis di VWAP,Distribusi Pro (Guyuran),Gorengan Sepi (< 5M),Normal (50-150%),Mark-Up (Fase Pesta),Spesialis Tiang Jemuran (Banting Pucuk),Normal,Sideways / Stagnan,TP: 1525 | CL: 1400,Normal,Menengah (1:1),Golden Cross (Awal Bullish),Sentimen Positif 📰,Normal / Sedang Transisi,Dekat Support Fibo 38.2%,7,BELI,TIDAK ADA,2026-08-24 16:50:01,Biasa / Mengikuti Pasar
16:50,TBLA,Token Mati (Perlu Update),Mid Cap (Lapis 2),Undervalued (Murah),4.287464,0.40942058,630.0,627,600,665,-0.7874015748031495,422200,Normal,53,Negatif,Uptrend,Golden Cross,Bearish MACD,Perfect Uptrend (5>20>50),Normal,Akumulasi (Naik),Normal,Dominan Jual (Guyur),Squeeze,Rendah,Normal,Area Tengah,< 1 Miliar,Persis di VWAP,Akumulasi Pro (Smart Money),Gorengan Sepi (< 5M),Sepi (< 50%),Mark-Up (Fase Pesta),Normal,Normal,Turun 1 Hari Beruntun,TP: 647 | CL: 618,Normal,Menengah (1:1),Death Cross (Awal Bearish),Sentimen Positif 📰,Normal / Sedang Transisi,Dekat Support Fibo 23.6%,5,WAIT & SEE,TIDAK ADA,2026-08-24 16:50:01,Biasa / Mengikuti Pasar
16:50,TBMS,Token Mati (Perlu Update),Small Cap (Lapis 3),Overvalued (Mahal),64473.688,11666.667,1225.0,1192,1095,1400,0.823045267489712,13300,Normal,55,Positif,Uptrend,Bullish,Strong Bullish,Awal Reversal (5>20),Normal,Distribusi (Turun),Normal,Seimbang / Adu Mekanik,Normal,Sedang,Normal,Rawan Pucuk (High Risk),< 1 Miliar,Persis di VWAP,Distribusi Pro (Guyuran),Gorengan Sepi (< 5M),Normal (50-150%),Accumulation (Kumpul Barang),Spesialis Tiang Jemuran (Banting Pucuk),Normal,Naik 1 Hari Beruntun,TP: 1329 | CL: 1155,Normal,Menengah (1:1),Golden Cross (Awal Bullish),Sentimen Positif 📰,Normal / Sedang Transisi,Dekat Support Fibo 50.0%,6,WAIT & SEE,TIDAK ADA,2026-08-24 16:50:01,Biasa / Mengikuti Pasar
16:50,TCID,Token Mati (Perlu Update),Mid Cap (Lapis 2),Fair Value (Wajar),0.0,0.60010815,2700.0,2712,2600,2790,-0.36900369003690037,1000,Normal,48,Negatif,Downtrend,Bearish,Bullish MACD,Strong Downtrend (5<20<50),Normal,Distribusi (Turun),Normal,Dominan Beli (Hajar Kanan),Squeeze,Rendah,Marubozu (Strong Bullish),Area Tengah,< 1 Miliar,Di Atas VWAP (Kuat),Distribusi Pro (Guyuran),Gorengan Sepi (< 5M),Sepi (< 50%),Mark-Down (Fase Runtuh),Normal,Normal,Turun 1 Hari Beruntun,TP: 2797 | CL: 2635,Open = Low (Bullish Kuat),Tidak Ideal (< 1:1),Death Cross (Awal Bearish),Sentimen Positif 📰,Supply Kering (Siap Pump) 🏜️,Golden Rebound Fibo 78.6% 🎯,3,WAIT & SEE,TIDAK ADA,2026-08-24 16:50:01,Biasa / Mengikuti Pasar
16:50,TELE,Token Mati (Perlu Update),Small Cap (Lapis 3),Fair Value (Wajar),0.0,-0.013883982,9.0,9,9,9,0.0,0,Normal,0,Negatif,Downtrend,Bearish,Bearish MACD,Konsolidasi / Transisi,Normal,Netral,Normal,Tidak Ada Transaksi,Squeeze,Rendah,Doji (Ragu-ragu),Dekat Support (Low Risk),< 1 Miliar,Di Atas VWAP (Kuat),Netral,Gorengan Sepi (< 5M),Normal (50-150%),Sideways,Solid (Jarang Dibanting),Normal,Sideways / Stagnan,TP: 10 | CL: 8,Normal,Di Area Support,Oversold (Jenuh Jual - Peluang),Netral / Sepi Berita,Normal / Sedang Transisi,Normal / Sideways,0,WAIT & SEE,TIDAK ADA,2026-08-24 16:50:01,Biasa / Mengikuti Pasar
16:50,TFCO,Token Mati (Perlu Update),Mid Cap (Lapis 2),Overvalued (Mahal),0.0,14000.001,910.0,802,720,960,-5.208333333333334,500,Normal,66,Negatif,Uptrend,Bullish,Strong Bullish,Perfect Uptrend (5>20>50),Normal,Akumulasi (Naik),Normal,Dominan Jual (Guyur),Normal,Tinggi,Normal,Rawan Pucuk (High Risk),< 1 Miliar,Di Atas VWAP (Kuat),Akumulasi Pro (Smart Money),Gorengan Sepi (< 5M),Normal (50-150%),Mark-Up (Fase Pesta),Normal,Normal,Turun 1 Hari Beruntun,TP: 958 | CL: 877,Open = High (Tekanan Jual),Tidak Ideal (< 1:1),Death Cross (Awal Bearish),Sentimen Negatif ⚠️,Normal / Sedang Transisi,Mendekati Fibo 23.6%,5,WAIT & SEE,TIDAK ADA,2026-08-24 16:50:01,Biasa / Mengikuti Pasar
16:50,TGKA,Token Mati (Perlu Update),Mid Cap (Lapis 2),Fair Value (Wajar),11.171367,1.9396405,5150.0,4933,4700,5275,3.0,6100,Tembus MA20,65,Positif,Uptrend,Bullish,Strong Bullish,Perfect Uptrend (5>20>50),Normal,Akumulasi (Naik),Normal,Dominan Beli (Hajar Kanan),Squeeze,Rendah,Marubozu (Strong Bullish),Area Tengah,< 1 Miliar,Di Atas VWAP (Kuat),Akumulasi Pro (Smart Money),Gorengan Sepi (< 5M),Normal (50-150%),Mark-Up (Fase Pesta),Spesialis Tiang Jemuran (Banting Pucuk),Normal,Naik 2 Hari Beruntun,TP: 5366 | CL: 5005,Normal,Tidak Ideal (< 1:1),Netral / Sideways,Sentimen Positif 📰,Normal / Sedang Transisi,Dekat Support Fibo 23.6%,9,BELI,TIDAK ADA,2026-08-24 16:50:01,Biasa / Mengikuti Pasar
16:50,TIFA,Token Mati (Perlu Update),Mid Cap (Lapis 2),Fair Value (Wajar),16.72616,0.9528679,338.0,326,250,414,-1.744186046511628,166300,Normal,56,Negatif,Uptrend,Bullish,Bearish MACD,Perfect Uptrend (5>20>50),Normal,Distribusi (Turun),Normal,Seimbang / Adu Mekanik,Normal,Tinggi,Normal,Rawan Pucuk (High Risk),< 1 Miliar,Di Bawah VWAP (Lemah),Akumulasi Pro (Smart Money),Gorengan Sepi (< 5M),Sepi (< 50%),Mark-Up (Fase Pesta),Spesialis Tiang Jemuran (Banting Pucuk),Normal,Turun 3 Hari Beruntun,TP: 376 | CL: 312,Open = High (Tekanan Jual),Tidak Ideal (< 1:1),Netral / Sideways,Netral / Sepi Berita,Normal / Sedang Transisi,Dekat Support Fibo 38.2%,3,WAIT & SEE,TIDAK ADA,2026-08-24 16:50:01,Biasa / Mengikuti Pasar
16:50,TINS,Token Mati (Perlu Update),Big Cap (Lapis 1),Fair Value (Wajar),8.298009,2.9304557,4150.0,3799,3400,4220,2.977667493796526,56082100,Normal,67,Positif,Uptrend,Bullish,Strong Bullish,Perfect Uptrend (5>20>50),Normal,Akumulasi (Naik),Normal,Seimbang / Adu Mekanik,Normal,Tinggi,Normal,Rawan Pucuk (High Risk),> 1 Miliar,Di Atas VWAP (Kuat),Akumulasi Pro (Smart Money),Sultan (> 50M/hari),Normal (50-150%),Mark-Up (Fase Pesta),Normal,Normal,Naik 2 Hari Beruntun,TP: 4391 | CL: 3989,Normal,Tidak Ideal (< 1:1),Overbought (Jenuh Beli - Rawan),Sentimen Positif 📰,Normal / Sedang Transisi,Mengambang (Jauh dari Fibo),7,BELI,TIDAK ADA,2026-08-24 16:50:01,Biasa / Mengikuti Pasar
16:50,TIRA,Token Mati (Perlu Update),Small Cap (Lapis 3),Overvalued (Mahal),112.95503,1.365413,418.0,455,396,530,0.0,721500,Normal,20,Negatif,Downtrend,Bearish,Bullish MACD,Strong Downtrend (5<20<50),Normal,Akumulasi (Naik),Normal,Seimbang / Adu Mekanik,Normal,Tinggi,Doji (Ragu-ragu),Area Tengah,< 1 Miliar,Persis di VWAP,Akumulasi Pro (Smart Money),Gorengan Sepi (< 5M),Normal (50-150%),Mark-Down (Fase Runtuh),Normal,Normal,Sideways / Stagnan,TP: 454 | CL: 393,Normal,Sangat Menarik (> 1:3),Golden Cross (Awal Bullish),Sentimen Positif 📰,Normal / Sedang Transisi,Mendekati Fibo Bottom / 100%,3,WAIT & SEE,TIDAK ADA,2026-08-24 16:50:01,Biasa / Mengikuti Pasar
16:50,TIRT,Token Mati (Perlu Update),Small Cap (Lapis 3),Overvalued (Mahal),188.4984,-0.9891628,590.0,590,590,590,0.0,0,Normal,59,Negatif,Downtrend,Bearish,Bearish MACD,Konsolidasi / Transisi,Normal,Netral,Normal,Tidak Ada Transaksi,Squeeze,Rendah,Doji (Ragu-ragu),Dekat Support (Low Risk),< 1 Miliar,Di Atas VWAP (Kuat),Netral,Gorengan Sepi (< 5M),Normal (50-150%),Sideways,Solid (Jarang Dibanting),Normal,Sideways / Stagnan,TP: 591 | CL: 589,Normal,Di Area Support,Oversold (Jenuh Jual - Peluang),Netral / Sepi Berita,Normal / Sedang Transisi,Mendekati Fibo 38.2%,1,WAIT & SEE,TIDAK ADA,2026-08-24 16:50:01,Biasa / Mengikuti Pasar
16:50,TKIM,Token Mati (Perlu Update),Big Cap (Lapis 1),Overvalued (Mahal),3.2072031,8517.933,8050.0,7190,5850,8250,1.257861635220126,1501900,Normal,78,Positif,Uptrend,Bullish,Strong Bullish,Perfect Uptrend (5>20>50),Normal,Akumulasi (Naik),Normal,Dominan Beli (Hajar Kanan),Normal,Tinggi,Normal,Rawan Pucuk (High Risk),> 1 Miliar,Di Atas VWAP (Kuat),Akumulasi Pro (Smart Money),Ritel Aktif (5M - 50M),Normal (50-150%),Mark-Up (Fase Pesta),Spesialis Tiang Jemuran (Banting Pucuk),Normal,Naik 3 Hari Beruntun,TP: 8438 | CL: 7791,Normal,Tidak Ideal (< 1:1),Overbought (Jenuh Beli - Rawan),Sentimen Positif 📰,Normal / Sedang Transisi,Mengambang (Jauh dari Fibo),8,BELI,TIDAK ADA,2026-08-24 16:50:01,Biasa / Mengikuti Pasar
16:50,TLKM,Token Mati (Perlu Update),Big Cap (Lapis 1),Fair Value (Wajar),14.697633,1.9260033,2610.0,2633,2540,2790,0.0,33541400,Normal,49,Negatif,Downtrend,Bearish,Strong Bearish,Konsolidasi / Transisi,Normal,Akumulasi (Naik),Normal,Dominan Jual (Guyur),Normal,Sedang,Normal,Dekat Support (Low Risk),> 1 Miliar,Persis di VWAP,Distribusi Pro (Guyuran),Sultan (> 50M/hari),Sepi (< 50%),Distribution (Fase Jualan),Normal,Normal,Sideways / Stagnan,TP: 2695 | CL: 2552,Normal,Ideal (1:2),Oversold (Jenuh Jual - Peluang),Sentimen Positif 📰,Normal / Sedang Transisi,Golden Rebound Fibo 50.0% 🎯,2,WAIT & SEE,TIDAK ADA,2026-08-24 16:50:01,Biasa / Mengikuti Pasar
16:50,TMAS,Token Mati (Perlu Update),Mid Cap (Lapis 2),Fair Value (Wajar),11.823481,2.4928024,141.0,127,117,143,2.1739130434782608,16371100,Tembus MA20,76,Positif,Uptrend,Bullish,Strong Bullish,Perfect Uptrend (5>20>50),Akumulasi Kuat,Akumulasi (Naik),Normal,Seimbang / Adu Mekanik,Breakout Upper,Tinggi,Normal,Rawan Pucuk (High Risk),> 1 Miliar,Di Atas VWAP (Kuat),Akumulasi Pro (Smart Money),Gorengan Sepi (< 5M),Anomali Tinggi (150-300%),Mark-Up (Fase Pesta),Solid (Jarang Dibanting),Normal,Naik 3 Hari Beruntun,TP: 148 | CL: 136,Open = Low (Bullish Kuat),Tidak Ideal (< 1:1),Overbought (Jenuh Beli - Rawan),Sentimen Positif 📰,Normal / Sedang Transisi,Mendekati Fibo 23.6%,9,BELI,TIDAK ADA,2026-08-24 16:50:01,Biasa / Mengikuti Pasar
16:50,TMPO,Token Mati (Perlu Update),Small Cap (Lapis 3),Overvalued (Mahal),41.333332,0.8460045,186.0,151,104,220,12.727272727272727,96623900,Tembus MA20,64,Positif,Uptrend,Bullish,Strong Bullish,Perfect Uptrend (5>20>50),Normal,Distribusi (Turun),Gap Up (+4.8%),Dominan Beli (Hajar Kanan),Normal,Tinggi,Normal,Rawan Pucuk (High Risk),> 1 Miliar,Di Atas VWAP (Kuat),Distribusi Pro (Guyuran),Ritel Aktif (5M - 50M),Normal (50-150%),Mark-Up (Fase Pesta),Spesialis Tiang Jemuran (Banting Pucuk),Normal,Naik 1 Hari Beruntun,TP: 227 | CL: 158,Normal,Tidak Ideal (< 1:1),Netral / Sideways,Netral / Sepi Berita,Normal / Sedang Transisi,Mengambang (Jauh dari Fibo),8,BELI,TIDAK ADA,2026-08-24 16:50:01,⚠️ Anomali (Sudah Terbang)
16:50,TOBA,Token Mati (Perlu Update),Mid Cap (Lapis 2),Overvalued (Mahal),0.0,25681.818,565.0,501,438,600,-0.8771929824561403,15516900,Normal,67,Negatif,Uptrend,Bullish,Strong Bullish,Perfect Uptrend (5>20>50),Normal,Akumulasi (Naik),Normal,Seimbang / Adu Mekanik,Normal,Tinggi,Normal,Rawan Pucuk (High Risk),> 1 Miliar,Di Atas VWAP (Kuat),Akumulasi Pro (Smart Money),Ritel Aktif (5M - 50M),Normal (50-150%),Mark-Up (Fase Pesta),Normal,Normal,Turun 1 Hari Beruntun,TP: 619 | CL: 528,Normal,Tidak Ideal (< 1:1),Netral / Sideways,Sentimen Positif 📰,Supply Banjir (Distribusi) 🌊,Mengambang (Jauh dari Fibo),6,WAIT & SEE,TIDAK ADA,2026-08-24 16:50:01,Biasa / Mengikuti Pasar
16:50,TOTL,Token Mati (Perlu Update),Mid Cap (Lapis 2),Overvalued (Mahal),10.073628,4.1830883,1505.0,1288,1040,1520,7.885304659498208,8026000,Tembus MA20,76,Positif,Uptrend,Bullish,Strong Bullish,Perfect Uptrend (5>20>50),Normal,Akumulasi (Naik),Normal,Dominan Beli (Hajar Kanan),Normal,Tinggi,Marubozu (Strong Bullish),Rawan Pucuk (High Risk),> 1 Miliar,Di Atas VWAP (Kuat),Akumulasi Pro (Smart Money),Ritel Aktif (5M - 50M),Normal (50-150%),Mark-Up (Fase Pesta),Normal,Normal,Naik 2 Hari Beruntun,TP: 1608 | CL: 1435,Open = Low (Bullish Kuat),Tidak Ideal (< 1:1),Overbought (Jenuh Beli - Rawan),Sentimen Positif 📰,Normal / Sedang Transisi,Mengambang (Jauh dari Fibo),9,BELI,TIDAK ADA,2026-08-24 16:50:01,Biasa / Mengikuti Pasar
16:50,TOTO,Token Mati (Perlu Update),Mid Cap (Lapis 2),Undervalued (Murah),8.951798,0.94310725,234.0,235,226,246,0.0,570500,Normal,45,Negatif,Downtrend,Bearish,Strong Bearish,Strong Downtrend (5<20<50),Normal,Distribusi (Turun),Normal,Seimbang / Adu Mekanik,Squeeze,Rendah,Doji (Ragu-ragu),Area Tengah,< 1 Miliar,Persis di VWAP,Akumulasi Pro (Smart Money),Gorengan Sepi (< 5M),Normal (50-150%),Mark-Down (Fase Runtuh),Normal,Normal,Sideways / Stagnan,TP: 240 | CL: 230,Normal,Menengah (1:1),Netral / Sideways,Sentimen Positif 📰,Normal / Sedang Transisi,Dekat Support Fibo 38.2%,1,WAIT & SEE,TIDAK ADA,2026-08-24 16:50:01,Biasa / Mengikuti Pasar
16:50,TOWR,Token Mati (Perlu Update),Big Cap (Lapis 1),Undervalued (Murah),6.704896,0.9231741,454.0,407,384,458,4.6082949308755765,111209800,Tembus MA20,76,Positif,Uptrend,Bullish,Strong Bullish,Perfect Uptrend (5>20>50),Normal,Akumulasi (Naik),Normal,Dominan Beli (Hajar Kanan),Breakout Upper,Tinggi,Normal,Rawan Pucuk (High Risk),> 1 Miliar,Di Atas VWAP (Kuat),Akumulasi Pro (Smart Money),Ritel Aktif (5M - 50M),Anomali Tinggi (150-300%),Mark-Up (Fase Pesta),Spesialis Tiang Jemuran (Banting Pucuk),Normal,Naik 3 Hari Beruntun,TP: 477 | CL: 438,Normal,Tidak Ideal (< 1:1),Overbought (Jenuh Beli - Rawan),Sentimen Positif 📰,Normal / Sedang Transisi,Mengambang (Jauh dari Fibo),9,BELI,TIDAK ADA,2026-08-24 16:50:01,Biasa / Mengikuti Pasar
16:50,TPIA,Token Mati (Perlu Update),Big Cap (Lapis 1),Overvalued (Mahal),140.04222,43260.87,1990.0,2077,1940,2270,-1.9704433497536946,208443900,Normal,47,Negatif,Downtrend,Bearish,Strong Bearish,Konsolidasi / Transisi,Normal,Distribusi (Turun),Gap Up (+2.5%),Dominan Jual (Guyur),Normal,Sedang,Normal,Dekat Support (Low Risk),> 1 Miliar,Persis di VWAP,Distribusi Pro (Guyuran),Sultan (> 50M/hari),Normal (50-150%),Distribution (Fase Jualan),Spesialis Tiang Jemuran (Banting Pucuk),Normal,Turun 1 Hari Beruntun,TP: 2133 | CL: 1894,Open = High (Tekanan Jual),Sangat Menarik (> 1:3),Oversold (Jenuh Jual - Peluang),Sentimen Positif 📰,Normal / Sedang Transisi,Mendekati Fibo 38.2%,2,WAIT & SEE,TIDAK ADA,2026-08-24 16:50:01,Biasa / Mengikuti Pasar
16:50,TPMA,Token Mati (Perlu Update),Mid Cap (Lapis 2),Overvalued (Mahal),7.732745,12000.0,456.0,458,436,470,-0.8695652173913043,1212400,Normal,51,Negatif,Downtrend,Bearish,Bearish MACD,Konsolidasi / Transisi,Normal,Akumulasi (Naik),Normal,Dominan Jual (Guyur),Squeeze,Rendah,Normal,Area Tengah,< 1 Miliar,Persis di VWAP,Distribusi Pro (Guyuran),Gorengan Sepi (< 5M),Normal (50-150%),Distribution (Fase Jualan),Normal,Normal,Turun 1 Hari Beruntun,TP: 466 | CL: 449,Normal,Tidak Ideal (< 1:1),Netral / Sideways,Sentimen Positif 📰,Normal / Sedang Transisi,Mendekati Fibo 38.2%,3,WAIT & SEE,TIDAK ADA,2026-08-24 16:50:01,Biasa / Mengikuti Pasar
16:50,TRIM,Token Mati (Perlu Update),Mid Cap (Lapis 2),Fair Value (Wajar),6.007348,1.8385258,605.0,591,545,655,-0.819672131147541,48900,Normal,59,Negatif,Uptrend,Bullish,Bearish MACD,Perfect Uptrend (5>20>50),Normal,Akumulasi (Naik),Normal,Seimbang / Adu Mekanik,Normal,Sedang,Normal,Rawan Pucuk (High Risk),< 1 Miliar,Persis di VWAP,Akumulasi Pro (Smart Money),Gorengan Sepi (< 5M),Sepi (< 50%),Mark-Up (Fase Pesta),Spesialis Tiang Jemuran (Banting Pucuk),Normal,Turun 1 Hari Beruntun,TP: 652 | CL: 573,Open = High (Tekanan Jual),Tidak Ideal (< 1:1),Netral / Sideways,Netral / Sepi Berita,Normal / Sedang Transisi,Mendekati Fibo 38.2%,4,WAIT & SEE,TIDAK ADA,2026-08-24 16:50:01,Biasa / Mengikuti Pasar
16:50,TRIS,Token Mati (Perlu Update),Small Cap (Lapis 3),Overvalued (Mahal),47.593147,1.0063428,175.0,170,164,188,-0.5681818181818182,623400,Normal,61,Negatif,Uptrend,Bullish,Strong Bullish,Perfect Uptrend (5>20>50),Normal,Akumulasi (Naik),Normal,Dominan Jual (Guyur),Squeeze,Rendah,Normal,Area Tengah,< 1 Miliar,Persis di VWAP,Akumulasi Pro (Smart Money),Gorengan Sepi (< 5M),Normal (50-150%),Mark-Up (Fase Pesta),Spesialis Tiang Jemuran (Banting Pucuk),Normal,Turun 1 Hari Beruntun,TP: 183 | CL: 169,Normal,Menengah (1:1),Golden Cross (Awal Bullish),Sentimen Positif 📰,Normal / Sedang Transisi,Mendekati Fibo 50.0%,6,WAIT & SEE,TIDAK ADA,2026-08-24 16:50:01,Biasa / Mengikuti Pasar
16:50,TRST,Token Mati (Perlu Update),Mid Cap (Lapis 2),Undervalued (Murah),11.414392,0.49658597,460.0,458,440,482,0.43668122270742354,82500,Normal,47,Positif,Uptrend,Golden Cross,Bullish MACD,Awal Reversal (5>20),Normal,Akumulasi (Naik),Normal,Seimbang / Adu Mekanik,Squeeze,Rendah,Normal,Area Tengah,< 1 Miliar,Persis di VWAP,Akumulasi Pro (Smart Money),Gorengan Sepi (< 5M),Normal (50-150%),Accumulation (Kumpul Barang),Normal,Normal,Naik 1 Hari Beruntun,TP: 480 | CL: 446,Normal,Menengah (1:1),Golden Cross (Awal Bullish),Sentimen Positif 📰,Normal / Sedang Transisi,Dekat Support Fibo 38.2%,6,WAIT & SEE,TIDAK ADA,2026-08-24 16:50:01,Biasa / Mengikuti Pasar
16:50,TRUS,Token Mati (Perlu Update),Small Cap (Lapis 3),Fair Value (Wajar),16.644993,0.8583937,448.0,417,382,490,0.4484304932735426,134700,Normal,60,Positif,Uptrend,Bullish,Strong Bullish,Perfect Uptrend (5>20>50),Normal,Akumulasi (Naik),Normal,Dominan Jual (Guyur),Normal,Tinggi,Doji (Ragu-ragu),Rawan Pucuk (High Risk),< 1 Miliar,Persis di VWAP,Akumulasi Pro (Smart Money),Gorengan Sepi (< 5M),Sepi (< 50%),Mark-Up (Fase Pesta),Normal,Normal,Naik 1 Hari Beruntun,TP: 485 | CL: 422,Normal,Tidak Ideal (< 1:1),Death Cross (Awal Bearish),Sentimen Positif 📰,Normal / Sedang Transisi,Mendekati Fibo 50.0%,7,BELI,TIDAK ADA,2026-08-24 16:50:01,Biasa / Mengikuti Pasar
16:50,TSPC,Token Mati (Perlu Update),Big Cap (Lapis 1),Undervalued (Murah),8.352895,1.2689832,2740.0,2795,2670,2900,0.7352941176470588,584800,Normal,52,Positif,Downtrend,Bearish,Bearish MACD,Konsolidasi / Transisi,Normal,Distribusi (Turun),Normal,Dominan Beli (Hajar Kanan),Squeeze,Rendah,Marubozu (Strong Bullish),Dekat Support (Low Risk),> 1 Miliar,Persis di VWAP,Akumulasi Pro (Smart Money),Gorengan Sepi (< 5M),Normal (50-150%),Distribution (Fase Jualan),Normal,Normal,Naik 1 Hari Beruntun,TP: 2815 | CL: 2690,Open = Low (Bullish Kuat),Ideal (1:2),Golden Cross (Awal Bullish),Sentimen Positif 📰,Normal / Sedang Transisi,Mendekati Fibo 38.2%,4,WAIT & SEE,TIDAK ADA,2026-08-24 16:50:01,Biasa / Mengikuti Pasar
16:50,ULTJ,Token Mati (Perlu Update),Big Cap (Lapis 1),Fair Value (Wajar),8.673027,1.9677241,1500.0,1472,1335,1530,0.0,1821700,Normal,61,Negatif,Uptrend,Bullish,Bearish MACD,Perfect Uptrend (5>20>50),Normal,Distribusi (Turun),Normal,Seimbang / Adu Mekanik,Normal,Tinggi,Doji (Ragu-ragu),Rawan Pucuk (High Risk),> 1 Miliar,Persis di VWAP,Akumulasi Pro (Smart Money),Gorengan Sepi (< 5M),Normal (50-150%),Mark-Up (Fase Pesta),Spesialis Tiang Jemuran (Banting Pucuk),Jarum Bawah (Sinyal Pantulan Kuat),Sideways / Stagnan,TP: 1534 | CL: 1477,Normal,Tidak Ideal (< 1:1),Netral / Sideways,Sentimen Positif 📰,Normal / Sedang Transisi,Golden Rebound Fibo 38.2% 🎯,4,WAIT & SEE,TIDAK ADA,2026-08-24 16:50:01,Biasa / Mengikuti Pasar
16:50,UNIC,Token Mati (Perlu Update),Mid Cap (Lapis 2),Overvalued (Mahal),5.803308,18680.64,15150.0,14677,12575,16100,0.1652892561983471,8200,Normal,72,Positif,Uptrend,Bullish,Bearish MACD,Perfect Uptrend (5>20>50),Normal,Distribusi (Turun),Normal,Dominan Beli (Hajar Kanan),Normal,Tinggi,Doji (Ragu-ragu),Rawan Pucuk (High Risk),< 1 Miliar,Persis di VWAP,Distribusi Pro (Guyuran),Gorengan Sepi (< 5M),Normal (50-150%),Mark-Up (Fase Pesta),Spesialis Tiang Jemuran (Banting Pucuk),Jarum Bawah (Sinyal Pantulan Kuat),Naik 1 Hari Beruntun,TP: 15723 | CL: 14767,Normal,Tidak Ideal (< 1:1),Netral / Sideways,Sentimen Positif 📰,Normal / Sedang Transisi,Golden Rebound Fibo 23.6% 🎯,6,WAIT & SEE,TIDAK ADA,2026-08-24 16:50:01,Biasa / Mengikuti Pasar
16:50,UNSP,Token Mati (Perlu Update),Mid Cap (Lapis 2),Fair Value (Wajar),0.0,-0.09298714,206.0,206,206,206,0.0,0,Normal,38,Negatif,Downtrend,Bearish,Bullish MACD,Konsolidasi / Transisi,Normal,Netral,Normal,Tidak Ada Transaksi,Squeeze,Rendah,Doji (Ragu-ragu),Dekat Support (Low Risk),< 1 Miliar,Di Atas VWAP (Kuat),Netral,Gorengan Sepi (< 5M),Normal (50-150%),Sideways,Solid (Jarang Dibanting),Normal,Sideways / Stagnan,TP: 207 | CL: 205,Normal,Di Area Support,Oversold (Jenuh Jual - Peluang),Netral / Sepi Berita,Normal / Sedang Transisi,Mengambang (Jauh dari Fibo),1,WAIT & SEE,TIDAK ADA,2026-08-24 16:50:01,Biasa / Mengikuti Pasar
16:50,UNTR,Token Mati (Perlu Update),Big Cap (Lapis 1),Undervalued (Murah),11.405811,0.89759463,24125.0,23912,23075,25675,0.9414225941422595,2683600,Normal,52,Positif,Uptrend,Bearish,Bullish MACD,Strong Downtrend (5<20<50),Normal,Akumulasi (Naik),Normal,Dominan Beli (Hajar Kanan),Normal,Sedang,Normal,Area Tengah,> 1 Miliar,Di Atas VWAP (Kuat),Distribusi Pro (Guyuran),Sultan (> 50M/hari),Normal (50-150%),Accumulation (Kumpul Barang),Normal,Normal,Naik 6 Hari Beruntun,TP: 24783 | CL: 23685,Normal,Menengah (1:1),Netral / Sideways,Sentimen Negatif ⚠️,Normal / Sedang Transisi,Dekat Support Fibo 50.0%,6,WAIT & SEE,TIDAK ADA,2026-08-24 16:50:01,Biasa / Mengikuti Pasar
16:50,UNVR,Token Mati (Perlu Update),Big Cap (Lapis 1),Overvalued (Mahal),18.314457,10.392844,1800.0,1770,1675,1845,0.2785515320334262,3606800,Normal,55,Positif,Uptrend,Bullish,Strong Bullish,Perfect Uptrend (5>20>50),Normal,Akumulasi (Naik),Normal,Seimbang / Adu Mekanik,Normal,Sedang,Doji (Ragu-ragu),Area Tengah,> 1 Miliar,Persis di VWAP,Akumulasi Pro (Smart Money),Ritel Aktif (5M - 50M),Sepi (< 50%),Mark-Up (Fase Pesta),Normal,Normal,Naik 1 Hari Beruntun,TP: 1869 | CL: 1753,Normal,Tidak Ideal (< 1:1),Death Cross (Awal Bearish),Sentimen Positif 📰,Normal / Sedang Transisi,Mendekati Fibo 23.6%,7,BELI,TIDAK ADA,2026-08-24 16:50:01,Biasa / Mengikuti Pasar
16:50,VICO,Token Mati (Perlu Update),Mid Cap (Lapis 2),Undervalued (Murah),14.887064,0.59597695,145.0,142,137,157,0.0,83400,Normal,64,Negatif,Uptrend,Bullish,Strong Bullish,Perfect Uptrend (5>20>50),Normal,Akumulasi (Naik),Normal,Seimbang / Adu Mekanik,Squeeze,Rendah,Normal,Area Tengah,< 1 Miliar,Di Bawah VWAP (Lemah),Distribusi Pro (Guyuran),Gorengan Sepi (< 5M),Normal (50-150%),Mark-Up (Fase Pesta),Spesialis Tiang Jemuran (Banting Pucuk),Normal,Sideways / Stagnan,TP: 154 | CL: 138,Open = Low (Bullish Kuat),Ideal (1:2),Netral / Sideways,Sentimen Positif 📰,Normal / Sedang Transisi,Mendekati Fibo 50.0%,6,WAIT & SEE,TIDAK ADA,2026-08-24 16:50:01,Biasa / Mengikuti Pasar
16:50,VINS,Token Mati (Perlu Update),Small Cap (Lapis 3),Fair Value (Wajar),18.499746,0.926443,146.0,141,134,168,2.8169014084507045,1294300,Tembus MA20,63,Positif,Uptrend,Bullish,Strong Bullish,Perfect Uptrend (5>20>50),Normal,Akumulasi (Naik),Gap Up (+3.5%),Seimbang / Adu Mekanik,Squeeze,Rendah,Normal,Area Tengah,< 1 Miliar,Di Bawah VWAP (Lemah),Distribusi Pro (Guyuran),Gorengan Sepi (< 5M),Normal (50-150%),Mark-Up (Fase Pesta),Spesialis Tiang Jemuran (Banting Pucuk),Normal,Naik 1 Hari Beruntun,TP: 156 | CL: 139,Normal,Ideal (1:2),Netral / Sideways,Netral / Sepi Berita,Supply Banjir (Distribusi) 🌊,Dekat Support Fibo 38.2%,8,BELI,TIDAK ADA,2026-08-24 16:50:01,Biasa / Mengikuti Pasar
16:50,VIVA,Token Mati (Perlu Update),Small Cap (Lapis 3),Overvalued (Mahal),0.58070636,8.292436,49.0,50,35,63,-7.547169811320755,47540500,Normal,51,Negatif,Downtrend,Bullish,Bearish MACD,Perfect Uptrend (5>20>50),Normal,Distribusi (Turun),Normal,Dominan Jual (Guyur),Normal,Tinggi,Normal,Rawan Pucuk (High Risk),> 1 Miliar,Di Bawah VWAP (Lemah),Distribusi Pro (Guyuran),Gorengan Sepi (< 5M),Normal (50-150%),Distribution (Fase Jualan),Normal,Normal,Turun 4 Hari Beruntun,TP: 55 | CL: 44,Open = High (Tekanan Jual),Menengah (1:1),Netral / Sideways,Netral / Sepi Berita,Normal / Sedang Transisi,Dekat Support Fibo 38.2%,2,WAIT & SEE,TIDAK ADA,2026-08-24 16:50:01,Biasa / Mengikuti Pasar
16:50,VOKS,Token Mati (Perlu Update),Small Cap (Lapis 3),Fair Value (Wajar),0.0,1.6675687,228.0,220,196,270,-2.564102564102564,274700,Normal,55,Negatif,Uptrend,Bullish,Strong Bullish,Perfect Uptrend (5>20>50),Normal,Akumulasi (Naik),Normal,Seimbang / Adu Mekanik,Normal,Tinggi,Normal,Rawan Pucuk (High Risk),< 1 Miliar,Persis di VWAP,Akumulasi Pro (Smart Money),Gorengan Sepi (< 5M),Sepi (< 50%),Mark-Up (Fase Pesta),Normal,Normal,Turun 2 Hari Beruntun,TP: 256 | CL: 209,Open = High (Tekanan Jual),Menengah (1:1),Netral / Sideways,Netral / Sepi Berita,Normal / Sedang Transisi,Dekat Support Fibo 50.0%,5,WAIT & SEE,TIDAK ADA,2026-08-24 16:50:01,Biasa / Mengikuti Pasar
16:50,VRNA,Token Mati (Perlu Update),Small Cap (Lapis 3),Overvalued (Mahal),108.85341,0.5733112,75.0,75,70,84,1.3513513513513513,151400,Normal,50,Positif,Downtrend,Bearish,Strong Bearish,Konsolidasi / Transisi,Normal,Distribusi (Turun),Normal,Dominan Beli (Hajar Kanan),Squeeze,Rendah,Doji (Ragu-ragu),Area Tengah,< 1 Miliar,Persis di VWAP,Distribusi Pro (Guyuran),Gorengan Sepi (< 5M),Sepi (< 50%),Distribution (Fase Jualan),Spesialis Tiang Jemuran (Banting Pucuk),Jarum Bawah (Sinyal Pantulan Kuat),Naik 1 Hari Beruntun,TP: 80 | CL: 71,Normal,Ideal (1:2),Golden Cross (Awal Bullish),Sentimen Positif 📰,Normal / Sedang Transisi,Golden Rebound Fibo 61.8% (Golden Ratio) 🎯,3,WAIT & SEE,TIDAK ADA,2026-08-24 16:50:01,Biasa / Mengikuti Pasar
16:50,WAPO,Token Mati (Perlu Update),Small Cap (Lapis 3),Fair Value (Wajar),0.0,2.9131355,143.0,129,117,156,2.877697841726619,1337000,Normal,73,Positif,Uptrend,Bullish,Strong Bullish,Perfect Uptrend (5>20>50),Normal,Distribusi (Turun),Normal,Seimbang / Adu Mekanik,Normal,Tinggi,Normal,Rawan Pucuk (High Risk),< 1 Miliar,Di Atas VWAP (Kuat),Distribusi Pro (Guyuran),Gorengan Sepi (< 5M),Sepi (< 50%),Mark-Up (Fase Pesta),Spesialis Tiang Jemuran (Banting Pucuk),Normal,Naik 3 Hari Beruntun,TP: 155 | CL: 134,Normal,Tidak Ideal (< 1:1),Netral / Sideways,Netral / Sepi Berita,Normal / Sedang Transisi,Dekat Support Fibo 23.6%,5,WAIT & SEE,TIDAK ADA,2026-08-24 16:50:01,Biasa / Mengikuti Pasar
16:50,WEHA,Token Mati (Perlu Update),Small Cap (Lapis 3),Undervalued (Murah),7.610994,0.6073763,107.0,107,99,117,-0.9259259259259258,2997500,Normal,51,Negatif,Downtrend,Bullish,Bearish MACD,Perfect Uptrend (5>20>50),Normal,Distribusi (Turun),Normal,Dominan Jual (Guyur),Normal,Sedang,Normal,Area Tengah,< 1 Miliar,Persis di VWAP,Distribusi Pro (Guyuran),Gorengan Sepi (< 5M),Normal (50-150%),Distribution (Fase Jualan),Spesialis Tiang Jemuran (Banting Pucuk),Normal,Turun 1 Hari Beruntun,TP: 114 | CL: 102,Normal,Menengah (1:1),Netral / Sideways,Sentimen Positif 📰,Normal / Sedang Transisi,Mengambang (Jauh dari Fibo),3,WAIT & SEE,TIDAK ADA,2026-08-24 16:50:01,Biasa / Mengikuti Pasar
16:50,WICO,Token Mati (Perlu Update),Small Cap (Lapis 3),Fair Value (Wajar),0.0,-1.3363609,123.0,123,123,123,0.0,0,Normal,0,Negatif,Downtrend,Bearish,Bearish MACD,Konsolidasi / Transisi,Normal,Netral,Normal,Tidak Ada Transaksi,Squeeze,Rendah,Doji (Ragu-ragu),Dekat Support (Low Risk),< 1 Miliar,Di Atas VWAP (Kuat),Netral,Gorengan Sepi (< 5M),Normal (50-150%),Sideways,Solid (Jarang Dibanting),Normal,Sideways / Stagnan,TP: 124 | CL: 122,Normal,Di Area Support,Oversold (Jenuh Jual - Peluang),Netral / Sepi Berita,Normal / Sedang Transisi,Normal / Sideways,0,WAIT & SEE,TIDAK ADA,2026-08-24 16:50:01,Biasa / Mengikuti Pasar
16:50,WIIM,Token Mati (Perlu Update),Mid Cap (Lapis 2),Fair Value (Wajar),6.2570276,1.5264176,1715.0,1737,1570,1855,-1.1527377521613833,1637300,Tembus MA20,51,Negatif,Downtrend,Death Cross,Bearish MACD,Konsolidasi / Transisi,Normal,Distribusi (Turun),Normal,Seimbang / Adu Mekanik,Normal,Sedang,Normal,Area Tengah,> 1 Miliar,Di Bawah VWAP (Lemah),Distribusi Pro (Guyuran),Gorengan Sepi (< 5M),Normal (50-150%),Distribution (Fase Jualan),Normal,Normal,Turun 1 Hari Beruntun,TP: 1798 | CL: 1659,Open = High (Tekanan Jual),Tidak Ideal (< 1:1),Netral / Sideways,Sentimen Positif 📰,Normal / Sedang Transisi,Mendekati Fibo 38.2%,3,WAIT & SEE,TIDAK ADA,2026-08-24 16:50:01,Biasa / Mengikuti Pasar
16:50,WIKA,Token Mati (Perlu Update),Mid Cap (Lapis 2),Fair Value (Wajar),0.0,-4.0231924,204.0,204,204,204,0.0,0,Normal,0,Negatif,Downtrend,Bearish,Bearish MACD,Konsolidasi / Transisi,Normal,Netral,Normal,Tidak Ada Transaksi,Squeeze,Rendah,Doji (Ragu-ragu),Dekat Support (Low Risk),< 1 Miliar,Di Atas VWAP (Kuat),Netral,Gorengan Sepi (< 5M),Normal (50-150%),Sideways,Solid (Jarang Dibanting),Normal,Sideways / Stagnan,TP: 205 | CL: 203,Normal,Di Area Support,Oversold (Jenuh Jual - Peluang),Netral / Sepi Berita,Normal / Sedang Transisi,Normal / Sideways,0,WAIT & SEE,TIDAK ADA,2026-08-24 16:50:01,Biasa / Mengikuti Pasar
16:50,WINS,Token Mati (Perlu Update),Mid Cap (Lapis 2),Overvalued (Mahal),6.035392,12875.0,515.0,514,498,535,-0.9615384615384616,2485000,Normal,50,Negatif,Uptrend,Bullish,Strong Bullish,Awal Reversal (5>20),Normal,Distribusi (Turun),Normal,Dominan Jual (Guyur),Squeeze,Rendah,Normal,Area Tengah,> 1 Miliar,Persis di VWAP,Distribusi Pro (Guyuran),Gorengan Sepi (< 5M),Sepi (< 50%),Accumulation (Kumpul Barang),Normal,Normal,Turun 1 Hari Beruntun,TP: 536 | CL: 500,Open = High (Tekanan Jual),Menengah (1:1),Death Cross (Awal Bearish),Sentimen Positif 📰,Normal / Sedang Transisi,Dekat Support Fibo 38.2%,4,WAIT & SEE,TIDAK ADA,2026-08-24 16:50:01,Biasa / Mengikuti Pasar
16:50,WOMF,Token Mati (Perlu Update),Small Cap (Lapis 3),Undervalued (Murah),6.2190175,0.4845208,276.0,266,246,306,-1.4285714285714286,268900,Normal,59,Negatif,Uptrend,Bullish,Strong Bullish,Perfect Uptrend (5>20>50),Normal,Akumulasi (Naik),Normal,Dominan Jual (Guyur),Normal,Tinggi,Normal,Rawan Pucuk (High Risk),< 1 Miliar,Di Bawah VWAP (Lemah),Akumulasi Pro (Smart Money),Gorengan Sepi (< 5M),Normal (50-150%),Mark-Up (Fase Pesta),Spesialis Tiang Jemuran (Banting Pucuk),Normal,Turun 2 Hari Beruntun,TP: 294 | CL: 263,Normal,Menengah (1:1),Netral / Sideways,Sentimen Positif 📰,Normal / Sedang Transisi,Dekat Support Fibo 38.2%,6,WAIT & SEE,TIDAK ADA,2026-08-24 16:50:01,Biasa / Mengikuti Pasar
16:50,WTON,Token Mati (Perlu Update),Small Cap (Lapis 3),Fair Value (Wajar),17.278618,0.19211559,81.0,77,73,95,-1.2195121951219512,2129800,Normal,59,Negatif,Uptrend,Bullish,Strong Bullish,Perfect Uptrend (5>20>50),Normal,Akumulasi (Naik),Normal,Seimbang / Adu Mekanik,Normal,Tinggi,Normal,Rawan Pucuk (High Risk),< 1 Miliar,Persis di VWAP,Akumulasi Pro (Smart Money),Gorengan Sepi (< 5M),Sepi (< 50%),Mark-Up (Fase Pesta),Normal,Normal,Turun 1 Hari Beruntun,TP: 87 | CL: 76,Open = High (Tekanan Jual),Ideal (1:2),Netral / Sideways,Sentimen Positif 📰,Normal / Sedang Transisi,Mendekati Fibo 50.0%,6,WAIT & SEE,TIDAK ADA,2026-08-24 16:50:01,Biasa / Mengikuti Pasar
16:50,YPAS,Token Mati (Perlu Update),Mid Cap (Lapis 2),Overvalued (Mahal),41.166847,8.170597,1510.0,880,550,1765,1.6835016835016834,316400,Normal,92,Positif,Uptrend,Bullish,Strong Bullish,Perfect Uptrend (5>20>50),Normal,Akumulasi (Naik),Gap Up (+4.4%),Dominan Jual (Guyur),Normal,Tinggi,Normal,Rawan Pucuk (High Risk),< 1 Miliar,Di Atas VWAP (Kuat),Distribusi Pro (Guyuran),Gorengan Sepi (< 5M),Sepi (< 50%),Mark-Up (Fase Pesta),Spesialis Tiang Jemuran (Banting Pucuk),Normal,Naik 3 Hari Beruntun,TP: 1748 | CL: 1351,Normal,Tidak Ideal (< 1:1),Death Cross (Awal Bearish),Netral / Sepi Berita,Normal / Sedang Transisi,Mendekati Fibo 23.6%,7,BELI,TIDAK ADA,2026-08-24 16:50:01,Biasa / Mengikuti Pasar
16:50,YULE,Token Mati (Perlu Update),Mid Cap (Lapis 2),Overvalued (Mahal),78.57304,7.991806,3480.0,3450,3260,3780,0.5780346820809248,800,Normal,54,Positif,Uptrend,Bullish,Bearish MACD,Perfect Uptrend (5>20>50),Normal,Distribusi (Turun),Gap Up (+2.0%),Seimbang / Adu Mekanik,Squeeze,Rendah,Normal,Area Tengah,< 1 Miliar,Persis di VWAP,Distribusi Pro (Guyuran),Gorengan Sepi (< 5M),Normal (50-150%),Mark-Up (Fase Pesta),Normal,Normal,Naik 1 Hari Beruntun,TP: 3668 | CL: 3354,Open = High (Tekanan Jual),Menengah (1:1),Golden Cross (Awal Bullish),Sentimen Positif 📰,Supply Kering (Siap Pump) 🏜️,Golden Rebound Fibo 61.8% (Golden Ratio) 🎯,6,WAIT & SEE,TIDAK ADA,2026-08-24 16:50:01,Biasa / Mengikuti Pasar
16:50,ZBRA,Token Mati (Perlu Update),Small Cap (Lapis 3),Fair Value (Wajar),0.0,0.11446389,50.0,50,50,50,0.0,0,Normal,0,Negatif,Downtrend,Bearish,Bearish MACD,Konsolidasi / Transisi,Normal,Netral,Normal,Tidak Ada Transaksi,Squeeze,Rendah,Doji (Ragu-ragu),Dekat Support (Low Risk),< 1 Miliar,Di Atas VWAP (Kuat),Netral,Gorengan Sepi (< 5M),Normal (50-150%),Sideways,Solid (Jarang Dibanting),Normal,Sideways / Stagnan,TP: 51 | CL: 49,Normal,Di Area Support,Oversold (Jenuh Jual - Peluang),Netral / Sepi Berita,Normal / Sedang Transisi,Normal / Sideways,0,WAIT & SEE,TIDAK ADA,2026-08-24 16:50:01,Biasa / Mengikuti Pasar
16:50,SHIP,Token Mati (Perlu Update),Mid Cap (Lapis 2),Overvalued (Mahal),21.303381,38596.492,2200.0,2131,1700,2430,-4.3478260869565215,33600,Normal,57,Negatif,Uptrend,Bullish,Bearish MACD,Perfect Uptrend (5>20>50),Normal,Distribusi (Turun),Normal,Dominan Jual (Guyur),Normal,Tinggi,Normal,Rawan Pucuk (High Risk),< 1 Miliar,Di Bawah VWAP (Lemah),Akumulasi Pro (Smart Money),Gorengan Sepi (< 5M),Sepi (< 50%),Mark-Up (Fase Pesta),Normal,Normal,Turun 1 Hari Beruntun,TP: 2487 | CL: 2008,Open = High (Tekanan Jual),Tidak Ideal (< 1:1),Death Cross (Awal Bearish),Sentimen Positif 📰,Normal / Sedang Transisi,Dekat Support Fibo 23.6%,4,WAIT & SEE,TIDAK ADA,2026-08-24 16:50:01,Biasa / Mengikuti Pasar
16:50,CASA,Token Mati (Perlu Update),Big Cap (Lapis 1),Overvalued (Mahal),659.34064,11.974295,1800.0,1829,1795,1970,-1.098901098901099,10800,Normal,48,Negatif,Downtrend,Bullish,Bearish MACD,Awal Reversal (5>20),Normal,Distribusi (Turun),Normal,Dominan Jual (Guyur),Squeeze,Rendah,Normal,Dekat Support (Low Risk),< 1 Miliar,Di Bawah VWAP (Lemah),Distribusi Pro (Guyuran),Gorengan Sepi (< 5M),Sepi (< 50%),Mark-Down (Fase Runtuh),Normal,Normal,Turun 2 Hari Beruntun,TP: 1894 | CL: 1736,Normal,Sangat Menarik (> 1:3),Netral / Sideways,Netral / Sepi Berita,Supply Banjir (Distribusi) 🌊,Dekat Support Fibo 50.0%,1,WAIT & SEE,TIDAK ADA,2026-08-24 16:50:01,Biasa / Mengikuti Pasar
16:50,DAYA,Token Mati (Perlu Update),Mid Cap (Lapis 2),Overvalued (Mahal),26.289927,13.556315,1070.0,997,920,1260,5.9405940594059405,69700,Tembus MA20,75,Positif,Uptrend,Bullish,Strong Bullish,Awal Reversal (5>20),Akumulasi Kuat,Akumulasi (Naik),Normal,Seimbang / Adu Mekanik,Breakout Upper,Sedang,Normal,Rawan Pucuk (High Risk),< 1 Miliar,Persis di VWAP,Distribusi Pro (Guyuran),Gorengan Sepi (< 5M),Ledakan Ekstrem (> 300%),Accumulation (Kumpul Barang),Normal,Normal,Naik 2 Hari Beruntun,TP: 1154 | CL: 1013,Normal,Menengah (1:1),Netral / Sideways,Sentimen Positif 📰,Normal / Sedang Transisi,Mendekati Fibo 61.8% (Golden Ratio),9,BELI,TIDAK ADA,2026-08-24 16:50:01,Biasa / Mengikuti Pasar
16:50,DPUM,Token Mati (Perlu Update),Small Cap (Lapis 3),Fair Value (Wajar),0.0,1.166094,93.0,97,90,106,0.0,5402600,Normal,36,Negatif,Downtrend,Bearish,Bullish MACD,Strong Downtrend (5<20<50),Normal,Distribusi (Turun),Normal,Seimbang / Adu Mekanik,Bottom Rebound,Sedang,Doji (Ragu-ragu),Area Tengah,< 1 Miliar,Di Bawah VWAP (Lemah),Akumulasi Pro (Smart Money),Gorengan Sepi (< 5M),Normal (50-150%),Mark-Down (Fase Runtuh),Spesialis Tiang Jemuran (Banting Pucuk),Normal,Sideways / Stagnan,TP: 99 | CL: 88,Normal,Sangat Menarik (> 1:3),Golden Cross (Awal Bullish),Netral / Sepi Berita,Normal / Sedang Transisi,Mengambang (Jauh dari Fibo),1,WAIT & SEE,TIDAK ADA,2026-08-24 16:50:01,Biasa / Mengikuti Pasar
16:50,IDPR,Token Mati (Perlu Update),Small Cap (Lapis 3),Fair Value (Wajar),16.552584,0.7655139,266.0,275,254,298,2.307692307692308,33600,Normal,38,Positif,Downtrend,Bearish,Strong Bearish,Strong Downtrend (5<20<50),Normal,Akumulasi (Naik),Normal,Seimbang / Adu Mekanik,Normal,Tinggi,Normal,Area Tengah,< 1 Miliar,Di Atas VWAP (Kuat),Distribusi Pro (Guyuran),Gorengan Sepi (< 5M),Normal (50-150%),Mark-Down (Fase Runtuh),Normal,Normal,Naik 1 Hari Beruntun,TP: 282 | CL: 255,Open = Low (Bullish Kuat),Ideal (1:2),Golden Cross (Awal Bullish),Sentimen Positif 📰,Normal / Sedang Transisi,Dekat Support Fibo 78.6%,3,WAIT & SEE,TIDAK ADA,2026-08-24 16:50:01,Biasa / Mengikuti Pasar
16:50,JGLE,Token Mati (Perlu Update),Mid Cap (Lapis 2),Fair Value (Wajar),0.0,1.8351333,87.0,81,58,109,-2.247191011235955,346817700,Normal,60,Negatif,Uptrend,Bullish,Bearish MACD,Perfect Uptrend (5>20>50),Normal,Akumulasi (Naik),Normal,Dominan Jual (Guyur),Normal,Tinggi,Normal,Rawan Pucuk (High Risk),> 1 Miliar,Di Bawah VWAP (Lemah),Distribusi Pro (Guyuran),Sultan (> 50M/hari),Sepi (< 50%),Mark-Up (Fase Pesta),Spesialis Tiang Jemuran (Banting Pucuk),Normal,Turun 2 Hari Beruntun,TP: 102 | CL: 76,Open = High (Tekanan Jual),Tidak Ideal (< 1:1),Death Cross (Awal Bearish),Netral / Sepi Berita,Normal / Sedang Transisi,Dekat Support Fibo 38.2%,4,WAIT & SEE,TIDAK ADA,2026-08-24 16:50:01,🔥 ANOMALI BANDAR (Siap Ledakan)
16:50,KINO,Token Mati (Perlu Update),Mid Cap (Lapis 2),Undervalued (Murah),8.417718,1.0355273,1350.0,1285,1145,1415,-0.36900369003690037,155100,Tembus MA20,69,Negatif,Uptrend,Bullish,Strong Bullish,Perfect Uptrend (5>20>50),Distribusi Kuat,Akumulasi (Naik),Normal,Seimbang / Adu Mekanik,Normal,Tinggi,Normal,Rawan Pucuk (High Risk),< 1 Miliar,Persis di VWAP,Akumulasi Pro (Smart Money),Gorengan Sepi (< 5M),Anomali Tinggi (150-300%),Mark-Up (Fase Pesta),Normal,Jarum Bawah (Sinyal Pantulan Kuat),Turun 1 Hari Beruntun,TP: 1438 | CL: 1290,Normal,Tidak Ideal (< 1:1),Death Cross (Awal Bearish),Sentimen Positif 📰,Supply Banjir (Distribusi) 🌊,Golden Rebound Fibo 23.6% 🎯,7,BELI,TIDAK ADA,2026-08-24 16:50:01,Biasa / Mengikuti Pasar
16:50,MARI,Token Mati (Perlu Update),Small Cap (Lapis 3),Overvalued (Mahal),0.0,13.739546,23.0,23,23,23,0.0,0,Normal,40,Negatif,Downtrend,Bearish,Bullish MACD,Konsolidasi / Transisi,Normal,Netral,Normal,Tidak Ada Transaksi,Squeeze,Rendah,Doji (Ragu-ragu),Dekat Support (Low Risk),< 1 Miliar,Di Atas VWAP (Kuat),Netral,Gorengan Sepi (< 5M),Normal (50-150%),Sideways,Solid (Jarang Dibanting),Normal,Sideways / Stagnan,TP: 24 | CL: 22,Normal,Di Area Support,Oversold (Jenuh Jual - Peluang),Netral / Sepi Berita,Normal / Sedang Transisi,Mendekati Fibo Bottom / 100%,1,WAIT & SEE,TIDAK ADA,2026-08-24 16:50:01,Biasa / Mengikuti Pasar
16:50,MKNT,Token Mati (Perlu Update),Small Cap (Lapis 3),Fair Value (Wajar),0.0,-0.5627462,1.0,1,1,1,0.0,0,Normal,0,Negatif,Downtrend,Bearish,Bearish MACD,Konsolidasi / Transisi,Normal,Netral,Normal,Tidak Ada Transaksi,Squeeze,Rendah,Doji (Ragu-ragu),Dekat Support (Low Risk),< 1 Miliar,Di Atas VWAP (Kuat),Netral,Gorengan Sepi (< 5M),Normal (50-150%),Sideways,Solid (Jarang Dibanting),Normal,Sideways / Stagnan,TP: 2 | CL: 0,Normal,Di Area Support,Oversold (Jenuh Jual - Peluang),Netral / Sepi Berita,Normal / Sedang Transisi,Normal / Sideways,0,WAIT & SEE,TIDAK ADA,2026-08-24 16:50:01,Biasa / Mengikuti Pasar
16:50,OASA,Token Mati (Perlu Update),Mid Cap (Lapis 2),Overvalued (Mahal),0.0,3.8558073,318.0,326,304,364,-2.4539877300613497,15869000,Normal,49,Negatif,Downtrend,Bearish,Bearish MACD,Konsolidasi / Transisi,Normal,Akumulasi (Naik),Normal,Dominan Jual (Guyur),Normal,Tinggi,Normal,Area Tengah,> 1 Miliar,Di Bawah VWAP (Lemah),Distribusi Pro (Guyuran),Ritel Aktif (5M - 50M),Normal (50-150%),Distribution (Fase Jualan),Normal,Normal,Turun 1 Hari Beruntun,TP: 342 | CL: 301,Normal,Sangat Menarik (> 1:3),Netral / Sideways,Sentimen Positif 📰,Normal / Sedang Transisi,Mendekati Fibo 50.0%,2,WAIT & SEE,TIDAK ADA,2026-08-24 16:50:01,Biasa / Mengikuti Pasar
16:50,POWR,Token Mati (Perlu Update),Big Cap (Lapis 1),Overvalued (Mahal),11.605662,20222.22,910.0,774,715,945,8.982035928143713,25156000,Tembus MA20,85,Positif,Uptrend,Bullish,Strong Bullish,Perfect Uptrend (5>20>50),Akumulasi Kuat,Akumulasi (Naik),Normal,Seimbang / Adu Mekanik,Breakout Upper,Tinggi,Normal,Rawan Pucuk (High Risk),> 1 Miliar,Di Atas VWAP (Kuat),Akumulasi Pro (Smart Money),Ritel Aktif (5M - 50M),Anomali Tinggi (150-300%),Mark-Up (Fase Pesta),Normal,Normal,Naik 1 Hari Beruntun,TP: 959 | CL: 876,Normal,Tidak Ideal (< 1:1),Overbought (Jenuh Beli - Rawan),Sentimen Positif 📰,Normal / Sedang Transisi,Mendekati Fibo 23.6%,9,BELI,TIDAK ADA,2026-08-24 16:50:01,⚠️ Anomali (Sudah Terbang)
16:50,INCF,Token Mati (Perlu Update),Small Cap (Lapis 3),Fair Value (Wajar),0.0,0.56667495,50.0,50,50,50,0.0,0,Normal,0,Negatif,Downtrend,Bearish,Bearish MACD,Konsolidasi / Transisi,Normal,Netral,Normal,Tidak Ada Transaksi,Squeeze,Rendah,Doji (Ragu-ragu),Dekat Support (Low Risk),< 1 Miliar,Di Atas VWAP (Kuat),Netral,Gorengan Sepi (< 5M),Normal (50-150%),Sideways,Solid (Jarang Dibanting),Normal,Sideways / Stagnan,TP: 51 | CL: 49,Normal,Di Area Support,Oversold (Jenuh Jual - Peluang),Netral / Sepi Berita,Normal / Sedang Transisi,Normal / Sideways,0,WAIT & SEE,TIDAK ADA,2026-08-24 16:50:01,Biasa / Mengikuti Pasar
16:50,WSBP,Token Mati (Perlu Update),Small Cap (Lapis 3),Fair Value (Wajar),0.0,-0.3427844,14.0,14,14,14,0.0,0,Normal,45,Negatif,Downtrend,Bearish,Bullish MACD,Konsolidasi / Transisi,Normal,Netral,Normal,Tidak Ada Transaksi,Squeeze,Rendah,Doji (Ragu-ragu),Dekat Support (Low Risk),< 1 Miliar,Di Atas VWAP (Kuat),Netral,Gorengan Sepi (< 5M),Normal (50-150%),Sideways,Solid (Jarang Dibanting),Normal,Sideways / Stagnan,TP: 15 | CL: 13,Normal,Di Area Support,Oversold (Jenuh Jual - Peluang),Netral / Sepi Berita,Normal / Sedang Transisi,Golden Rebound Fibo 50.0% 🎯,1,WAIT & SEE,TIDAK ADA,2026-08-24 16:50:01,Biasa / Mengikuti Pasar
16:50,PBSA,Token Mati (Perlu Update),Mid Cap (Lapis 2),Overvalued (Mahal),9.644183,3.1719513,810.0,788,715,925,-6.358381502890173,2111300,Tembus MA20,53,Negatif,Uptrend,Bullish,Strong Bullish,Perfect Uptrend (5>20>50),Normal,Akumulasi (Naik),Normal,Dominan Jual (Guyur),Normal,Tinggi,Normal,Rawan Pucuk (High Risk),> 1 Miliar,Di Bawah VWAP (Lemah),Distribusi Pro (Guyuran),Gorengan Sepi (< 5M),Normal (50-150%),Mark-Up (Fase Pesta),Spesialis Tiang Jemuran (Banting Pucuk),Normal,Turun 1 Hari Beruntun,TP: 890 | CL: 756,Open = High (Tekanan Jual),Menengah (1:1),Netral / Sideways,Sentimen Positif 📰,Normal / Sedang Transisi,Mendekati Fibo 38.2%,7,BELI,TIDAK ADA,2026-08-24 16:50:01,Biasa / Mengikuti Pasar
16:50,PRDA,Token Mati (Perlu Update),Mid Cap (Lapis 2),Undervalued (Murah),10.43675,0.9470111,2490.0,2398,2300,2600,-1.5810276679841897,527800,Normal,58,Negatif,Uptrend,Bullish,Strong Bullish,Awal Reversal (5>20),Normal,Akumulasi (Naik),Normal,Seimbang / Adu Mekanik,Normal,Sedang,Normal,Area Tengah,> 1 Miliar,Persis di VWAP,Akumulasi Pro (Smart Money),Gorengan Sepi (< 5M),Normal (50-150%),Accumulation (Kumpul Barang),Normal,Normal,Turun 2 Hari Beruntun,TP: 2584 | CL: 2427,Open = High (Tekanan Jual),Tidak Ideal (< 1:1),Death Cross (Awal Bearish),Netral / Sepi Berita,Supply Banjir (Distribusi) 🌊,Dekat Support Fibo 61.8% (Golden Ratio),5,WAIT & SEE,TIDAK ADA,2026-08-24 16:50:01,Biasa / Mengikuti Pasar
16:50,BOGA,Token Mati (Perlu Update),Mid Cap (Lapis 2),Overvalued (Mahal),1405.4054,13.088676,1560.0,1609,1500,2000,-1.2658227848101267,34800,Normal,48,Negatif,Downtrend,Bearish,Bearish MACD,Konsolidasi / Transisi,Normal,Akumulasi (Naik),Normal,Dominan Jual (Guyur),Normal,Tinggi,Normal,Area Tengah,< 1 Miliar,Di Bawah VWAP (Lemah),Distribusi Pro (Guyuran),Gorengan Sepi (< 5M),Sepi (< 50%),Distribution (Fase Jualan),Spesialis Tiang Jemuran (Banting Pucuk),Normal,Turun 1 Hari Beruntun,TP: 1785 | CL: 1410,Normal,Sangat Menarik (> 1:3),Oversold (Jenuh Jual - Peluang),Sentimen Positif 📰,Normal / Sedang Transisi,Mengambang (Jauh dari Fibo),2,WAIT & SEE,TIDAK ADA,2026-08-24 16:50:01,Biasa / Mengikuti Pasar
16:50,BRIS,Token Mati (Perlu Update),Big Cap (Lapis 1),Fair Value (Wajar),10.559878,1.631255,1805.0,1793,1750,1870,0.0,16937900,Tembus MA20,52,Negatif,Uptrend,Bearish,Bullish MACD,Konsolidasi / Transisi,Normal,Akumulasi (Naik),Normal,Dominan Beli (Hajar Kanan),Squeeze,Rendah,Doji (Ragu-ragu),Area Tengah,> 1 Miliar,Persis di VWAP,Distribusi Pro (Guyuran),Ritel Aktif (5M - 50M),Normal (50-150%),Mark-Up (Fase Pesta),Spesialis Tiang Jemuran (Banting Pucuk),Jarum Bawah (Sinyal Pantulan Kuat),Sideways / Stagnan,TP: 1860 | CL: 1768,Normal,Menengah (1:1),Netral / Sideways,Sentimen Positif 📰,Normal / Sedang Transisi,Golden Rebound Fibo 50.0% 🎯,7,BELI,TIDAK ADA,2026-08-24 16:50:01,Biasa / Mengikuti Pasar
16:50,PORT,Token Mati (Perlu Update),Mid Cap (Lapis 2),Fair Value (Wajar),16.564638,2.0715075,920.0,885,825,1085,0.546448087431694,15100,Normal,56,Positif,Uptrend,Bullish,Strong Bullish,Perfect Uptrend (5>20>50),Normal,Akumulasi (Naik),Gap Up (+3.8%),Dominan Jual (Guyur),Normal,Sedang,Normal,Rawan Pucuk (High Risk),< 1 Miliar,Di Bawah VWAP (Lemah),Distribusi Pro (Guyuran),Gorengan Sepi (< 5M),Sepi (< 50%),Mark-Up (Fase Pesta),Spesialis Tiang Jemuran (Banting Pucuk),Normal,Naik 2 Hari Beruntun,TP: 1039 | CL: 840,Normal,Ideal (1:2),Golden Cross (Awal Bullish),Sentimen Positif 📰,Supply Banjir (Distribusi) 🌊,Dekat Support Fibo 61.8% (Golden Ratio),8,BELI,TIDAK ADA,2026-08-24 16:50:01,Biasa / Mengikuti Pasar
16:50,CARS,Token Mati (Perlu Update),Mid Cap (Lapis 2),Undervalued (Murah),10.018904,1.4436107,107.0,92,87,113,5.9405940594059405,15559600,Tembus MA20,78,Positif,Uptrend,Bullish,Strong Bullish,Perfect Uptrend (5>20>50),Akumulasi Kuat,Akumulasi (Naik),Normal,Dominan Beli (Hajar Kanan),Breakout Upper,Tinggi,Normal,Rawan Pucuk (High Risk),> 1 Miliar,Di Atas VWAP (Kuat),Distribusi Pro (Guyuran),Gorengan Sepi (< 5M),Anomali Tinggi (150-300%),Mark-Up (Fase Pesta),Spesialis Tiang Jemuran (Banting Pucuk),Normal,Naik 3 Hari Beruntun,TP: 114 | CL: 101,Normal,Tidak Ideal (< 1:1),Netral / Sideways,Sentimen Negatif ⚠️,Normal / Sedang Transisi,Dekat Support Fibo 23.6%,9,BELI,TIDAK ADA,2026-08-24 16:50:01,Biasa / Mengikuti Pasar
16:50,MINA,Token Mati (Perlu Update),Mid Cap (Lapis 2),Overvalued (Mahal),0.0,11.2377205,284.0,271,252,302,0.0,156011900,Tembus MA20,57,Negatif,Uptrend,Bullish,Bullish MACD,Awal Reversal (5>20),Normal,Akumulasi (Naik),Normal,Seimbang / Adu Mekanik,Breakout Upper,Sedang,Doji (Ragu-ragu),Rawan Pucuk (High Risk),> 1 Miliar,Persis di VWAP,Distribusi Pro (Guyuran),Ritel Aktif (5M - 50M),Anomali Tinggi (150-300%),Accumulation (Kumpul Barang),Spesialis Tiang Jemuran (Banting Pucuk),Normal,Sideways / Stagnan,TP: 301 | CL: 272,Normal,Tidak Ideal (< 1:1),Netral / Sideways,Netral / Sepi Berita,Normal / Sedang Transisi,Dekat Support Fibo 61.8% (Golden Ratio),6,WAIT & SEE,TIDAK ADA,2026-08-24 16:50:01,Biasa / Mengikuti Pasar
16:50,CLEO,Token Mati (Perlu Update),Mid Cap (Lapis 2),Overvalued (Mahal),22.234575,3.8326292,400.0,384,370,416,-1.9607843137254901,14716900,Tembus MA20,61,Negatif,Uptrend,Bullish,Strong Bullish,Perfect Uptrend (5>20>50),Normal,Akumulasi (Naik),Normal,Dominan Jual (Guyur),Normal,Sedang,Normal,Area Tengah,> 1 Miliar,Persis di VWAP,Akumulasi Pro (Smart Money),Ritel Aktif (5M - 50M),Normal (50-150%),Mark-Up (Fase Pesta),Normal,Normal,Turun 1 Hari Beruntun,TP: 416 | CL: 388,Normal,Tidak Ideal (< 1:1),Death Cross (Awal Bearish),Sentimen Positif 📰,Supply Banjir (Distribusi) 🌊,Dekat Support Fibo 23.6%,7,BELI,TIDAK ADA,2026-08-24 16:50:01,Biasa / Mengikuti Pasar
16:50,TAMU,Token Mati (Perlu Update),Small Cap (Lapis 3),Fair Value (Wajar),0.0,0.0,25.0,23,20,29,-7.4074074074074066,5667500,Normal,55,Negatif,Uptrend,Bullish,Strong Bullish,Perfect Uptrend (5>20>50),Normal,Distribusi (Turun),Normal,Dominan Jual (Guyur),Normal,Tinggi,Normal,Rawan Pucuk (High Risk),< 1 Miliar,Di Bawah VWAP (Lemah),Distribusi Pro (Guyuran),Gorengan Sepi (< 5M),Normal (50-150%),Mark-Up (Fase Pesta),Normal,Normal,Turun 1 Hari Beruntun,TP: 27 | CL: 23,Open = High (Tekanan Jual),Tidak Ideal (< 1:1),Death Cross (Awal Bearish),Netral / Sepi Berita,Normal / Sedang Transisi,Mendekati Fibo 38.2%,4,WAIT & SEE,TIDAK ADA,2026-08-24 16:50:01,Biasa / Mengikuti Pasar
16:50,CSIS,Token Mati (Perlu Update),Small Cap (Lapis 3),Overvalued (Mahal),33.2466,1.0736275,230.0,200,173,236,0.0,3637700,Normal,83,Negatif,Uptrend,Bullish,Strong Bullish,Perfect Uptrend (5>20>50),Normal,Akumulasi (Naik),Normal,Seimbang / Adu Mekanik,Normal,Tinggi,Doji (Ragu-ragu),Rawan Pucuk (High Risk),< 1 Miliar,Di Atas VWAP (Kuat),Distribusi Pro (Guyuran),Gorengan Sepi (< 5M),Normal (50-150%),Mark-Up (Fase Pesta),Spesialis Tiang Jemuran (Banting Pucuk),Jarum Bawah (Sinyal Pantulan Kuat),Sideways / Stagnan,TP: 248 | CL: 217,Normal,Tidak Ideal (< 1:1),Overbought (Jenuh Beli - Rawan),Sentimen Positif 📰,Normal / Sedang Transisi,Mengambang (Jauh dari Fibo),6,WAIT & SEE,TIDAK ADA,2026-08-24 16:50:01,Biasa / Mengikuti Pasar
16:50,TGRA,Token Mati (Perlu Update),Small Cap (Lapis 3),Fair Value (Wajar),0.0,0.2933061,27.0,27,27,27,0.0,0,Normal,0,Negatif,Downtrend,Bearish,Bearish MACD,Konsolidasi / Transisi,Normal,Netral,Normal,Tidak Ada Transaksi,Squeeze,Rendah,Doji (Ragu-ragu),Dekat Support (Low Risk),< 1 Miliar,Di Atas VWAP (Kuat),Netral,Gorengan Sepi (< 5M),Normal (50-150%),Sideways,Solid (Jarang Dibanting),Normal,Sideways / Stagnan,TP: 28 | CL: 26,Normal,Di Area Support,Oversold (Jenuh Jual - Peluang),Netral / Sepi Berita,Normal / Sedang Transisi,Normal / Sideways,0,WAIT & SEE,TIDAK ADA,2026-08-24 16:50:01,Biasa / Mengikuti Pasar
16:50,FIRE,Token Mati (Perlu Update),Small Cap (Lapis 3),Fair Value (Wajar),24.151695,0.7384488,121.0,108,104,137,8.035714285714286,241636300,Tembus MA20,69,Positif,Uptrend,Bullish,Strong Bullish,Perfect Uptrend (5>20>50),Distribusi Kuat,Akumulasi (Naik),Gap Up (+9.8%),Dominan Jual (Guyur),Breakout Upper,Sedang,Normal,Rawan Pucuk (High Risk),> 1 Miliar,Persis di VWAP,Distribusi Pro (Guyuran),Ritel Aktif (5M - 50M),Ledakan Ekstrem (> 300%),Mark-Up (Fase Pesta),Spesialis Tiang Jemuran (Banting Pucuk),Normal,Naik 2 Hari Beruntun,TP: 131 | CL: 114,Normal,Tidak Ideal (< 1:1),Netral / Sideways,Netral / Sepi Berita,Supply Banjir (Distribusi) 🌊,Mendekati Fibo 38.2%,8,BELI,TIDAK ADA,2026-08-24 16:50:01,Biasa / Mengikuti Pasar
16:50,TOPS,Token Mati (Perlu Update),Small Cap (Lapis 3),Fair Value (Wajar),0.0,0.08019889,1.0,1,1,1,0.0,0,Normal,0,Negatif,Downtrend,Bearish,Bearish MACD,Konsolidasi / Transisi,Normal,Netral,Normal,Tidak Ada Transaksi,Squeeze,Rendah,Doji (Ragu-ragu),Dekat Support (Low Risk),< 1 Miliar,Di Atas VWAP (Kuat),Netral,Gorengan Sepi (< 5M),Normal (50-150%),Sideways,Solid (Jarang Dibanting),Normal,Sideways / Stagnan,TP: 2 | CL: 0,Normal,Di Area Support,Oversold (Jenuh Jual - Peluang),Netral / Sepi Berita,Normal / Sedang Transisi,Normal / Sideways,0,WAIT & SEE,TIDAK ADA,2026-08-24 16:50:01,Biasa / Mengikuti Pasar
16:50,KMTR,Token Mati (Perlu Update),Mid Cap (Lapis 2),Fair Value (Wajar),0.0,0.88223004,228.0,233,220,260,-3.389830508474576,35200,Normal,47,Negatif,Downtrend,Bearish,Bearish MACD,Konsolidasi / Transisi,Normal,Akumulasi (Naik),Normal,Dominan Jual (Guyur),Normal,Sedang,Normal,Area Tengah,< 1 Miliar,Di Bawah VWAP (Lemah),Distribusi Pro (Guyuran),Gorengan Sepi (< 5M),Sepi (< 50%),Distribution (Fase Jualan),Spesialis Tiang Jemuran (Banting Pucuk),Normal,Turun 1 Hari Beruntun,TP: 240 | CL: 219,Normal,Sangat Menarik (> 1:3),Netral / Sideways,Netral / Sepi Berita,Normal / Sedang Transisi,Mendekati Fibo 78.6%,1,WAIT & SEE,TIDAK ADA,2026-08-24 16:50:01,Biasa / Mengikuti Pasar
16:50,MAPB,Token Mati (Perlu Update),Mid Cap (Lapis 2),Fair Value (Wajar),0.0,2.1994066,1175.0,1158,1000,1225,0.0,0,Normal,53,Negatif,Uptrend,Bearish,Bearish MACD,Konsolidasi / Transisi,Normal,Akumulasi (Naik),Normal,Tidak Ada Transaksi,Normal,Tinggi,Doji (Ragu-ragu),Rawan Pucuk (High Risk),< 1 Miliar,Di Atas VWAP (Kuat),Distribusi Pro (Guyuran),Gorengan Sepi (< 5M),Sepi (< 50%),Mark-Up (Fase Pesta),Solid (Jarang Dibanting),Normal,Sideways / Stagnan,TP: 1284 | CL: 1101,Normal,Tidak Ideal (< 1:1),Netral / Sideways,Netral / Sepi Berita,Normal / Sedang Transisi,Dekat Support Fibo 50.0%,3,WAIT & SEE,TIDAK ADA,2026-08-24 16:50:01,Biasa / Mengikuti Pasar
16:50,WOOD,Token Mati (Perlu Update),Mid Cap (Lapis 2),Fair Value (Wajar),23.873873,0.29505587,212.0,222,204,260,0.0,1329500,Normal,46,Negatif,Downtrend,Bearish,Strong Bearish,Konsolidasi / Transisi,Normal,Distribusi (Turun),Normal,Seimbang / Adu Mekanik,Normal,Tinggi,Doji (Ragu-ragu),Area Tengah,< 1 Miliar,Di Bawah VWAP (Lemah),Akumulasi Pro (Smart Money),Gorengan Sepi (< 5M),Sepi (< 50%),Distribution (Fase Jualan),Normal,Jarum Bawah (Sinyal Pantulan Kuat),Sideways / Stagnan,TP: 227 | CL: 201,Normal,Sangat Menarik (> 1:3),Oversold (Jenuh Jual - Peluang),Sentimen Positif 📰,Normal / Sedang Transisi,Golden Rebound Fibo 61.8% (Golden Ratio) 🎯,1,WAIT & SEE,TIDAK ADA,2026-08-24 16:50:01,Biasa / Mengikuti Pasar
16:50,HRTA,Token Mati (Perlu Update),Big Cap (Lapis 1),Fair Value (Wajar),8.3114,2.9586127,2400.0,2079,1805,2450,2.564102564102564,17535400,Tembus MA20,71,Positif,Uptrend,Bullish,Strong Bullish,Perfect Uptrend (5>20>50),Normal,Akumulasi (Naik),Normal,Seimbang / Adu Mekanik,Normal,Tinggi,Normal,Rawan Pucuk (High Risk),> 1 Miliar,Di Atas VWAP (Kuat),Akumulasi Pro (Smart Money),Ritel Aktif (5M - 50M),Normal (50-150%),Mark-Up (Fase Pesta),Normal,Normal,Naik 1 Hari Beruntun,TP: 2573 | CL: 2284,Normal,Tidak Ideal (< 1:1),Overbought (Jenuh Beli - Rawan),Sentimen Positif 📰,Normal / Sedang Transisi,Mengambang (Jauh dari Fibo),8,BELI,TIDAK ADA,2026-08-24 16:50:01,Biasa / Mengikuti Pasar
16:50,HOKI,Token Mati (Perlu Update),Small Cap (Lapis 3),Fair Value (Wajar),0.0,1.0342011,57.0,54,53,60,1.7857142857142856,17916100,Normal,62,Positif,Uptrend,Bullish,Strong Bullish,Perfect Uptrend (5>20>50),Normal,Akumulasi (Naik),Normal,Seimbang / Adu Mekanik,Normal,Sedang,Doji (Ragu-ragu),Area Tengah,> 1 Miliar,Di Atas VWAP (Kuat),Distribusi Pro (Guyuran),Gorengan Sepi (< 5M),Normal (50-150%),Mark-Up (Fase Pesta),Normal,Normal,Naik 2 Hari Beruntun,TP: 60 | CL: 54,Normal,Tidak Ideal (< 1:1),Netral / Sideways,Sentimen Positif 📰,Normal / Sedang Transisi,Dekat Support Fibo 50.0%,7,BELI,TIDAK ADA,2026-08-24 16:50:01,Biasa / Mengikuti Pasar
16:50,MPOW,Token Mati (Perlu Update),Small Cap (Lapis 3),Fair Value (Wajar),16.727493,0.93459535,110.0,106,99,117,2.803738317757009,26230800,Tembus MA20,65,Positif,Uptrend,Bullish,Bearish MACD,Perfect Uptrend (5>20>50),Akumulasi Kuat,Akumulasi (Naik),Normal,Seimbang / Adu Mekanik,Normal,Sedang,Normal,Rawan Pucuk (High Risk),> 1 Miliar,Persis di VWAP,Distribusi Pro (Guyuran),Gorengan Sepi (< 5M),Ledakan Ekstrem (> 300%),Mark-Up (Fase Pesta),Spesialis Tiang Jemuran (Banting Pucuk),Normal,Naik 2 Hari Beruntun,TP: 116 | CL: 105,Normal,Tidak Ideal (< 1:1),Death Cross (Awal Bearish),Sentimen Negatif ⚠️,Normal / Sedang Transisi,Mendekati Fibo 50.0%,7,BELI,TIDAK ADA,2026-08-24 16:50:01,Biasa / Mengikuti Pasar
16:50,MARK,Token Mati (Perlu Update),Mid Cap (Lapis 2),Overvalued (Mahal),12.360312,4.235797,1095.0,1061,932,1115,0.0,9994900,Normal,61,Negatif,Uptrend,Bullish,Bearish MACD,Perfect Uptrend (5>20>50),Normal,Akumulasi (Naik),Normal,Seimbang / Adu Mekanik,Normal,Tinggi,Normal,Rawan Pucuk (High Risk),> 1 Miliar,Persis di VWAP,Akumulasi Pro (Smart Money),Ritel Aktif (5M - 50M),Normal (50-150%),Mark-Up (Fase Pesta),Normal,Normal,Sideways / Stagnan,TP: 1148 | CL: 1059,Normal,Tidak Ideal (< 1:1),Death Cross (Awal Bearish),Netral / Sepi Berita,Normal / Sedang Transisi,Mengambang (Jauh dari Fibo),4,WAIT & SEE,TIDAK ADA,2026-08-24 16:50:01,Biasa / Mengikuti Pasar
16:50,NASA,Token Mati (Perlu Update),Small Cap (Lapis 3),Fair Value (Wajar),0.0,0.2925304,29.0,30,29,31,-3.3333333333333335,458000,Tembus MA20,44,Negatif,Downtrend,Death Cross,Strong Bearish,Strong Downtrend (5<20<50),Normal,Distribusi (Turun),Normal,Dominan Jual (Guyur),Bottom Rebound,Sedang,Normal,Dekat Support (Low Risk),< 1 Miliar,Di Bawah VWAP (Lemah),Distribusi Pro (Guyuran),Gorengan Sepi (< 5M),Normal (50-150%),Mark-Down (Fase Runtuh),Normal,Normal,Turun 2 Hari Beruntun,TP: 30 | CL: 27,Open = High (Tekanan Jual),Di Area Support,Netral / Sideways,Netral / Sepi Berita,Normal / Sedang Transisi,Mendekati Fibo Bottom / 100%,1,WAIT & SEE,TIDAK ADA,2026-08-24 16:50:01,Biasa / Mengikuti Pasar
16:50,MDKI,Token Mati (Perlu Update),Small Cap (Lapis 3),Undervalued (Murah),12.36086,0.5016349,191.0,186,177,210,-0.5208333333333333,66500,Normal,63,Negatif,Uptrend,Bullish,Strong Bullish,Perfect Uptrend (5>20>50),Normal,Akumulasi (Naik),Normal,Seimbang / Adu Mekanik,Normal,Sedang,Normal,Area Tengah,< 1 Miliar,Persis di VWAP,Akumulasi Pro (Smart Money),Gorengan Sepi (< 5M),Sepi (< 50%),Mark-Up (Fase Pesta),Normal,Normal,Turun 1 Hari Beruntun,TP: 197 | CL: 186,Open = High (Tekanan Jual),Menengah (1:1),Netral / Sideways,Sentimen Positif 📰,Supply Kering (Siap Pump) 🏜️,Golden Rebound Fibo 38.2% 🎯,6,WAIT & SEE,TIDAK ADA,2026-08-24 16:50:01,Biasa / Mengikuti Pasar
16:50,BELL,Token Mati (Perlu Update),Small Cap (Lapis 3),Overvalued (Mahal),1769.2308,3.4652123,115.0,115,105,124,0.0,7646400,Normal,51,Negatif,Downtrend,Golden Cross,Bearish MACD,Perfect Uptrend (5>20>50),Normal,Akumulasi (Naik),Normal,Seimbang / Adu Mekanik,Normal,Sedang,Doji (Ragu-ragu),Area Tengah,< 1 Miliar,Persis di VWAP,Akumulasi Pro (Smart Money),Gorengan Sepi (< 5M),Normal (50-150%),Distribution (Fase Jualan),Normal,Jarum Bawah (Sinyal Pantulan Kuat),Sideways / Stagnan,TP: 121 | CL: 110,Normal,Tidak Ideal (< 1:1),Netral / Sideways,Sentimen Positif 📰,Normal / Sedang Transisi,Mendekati Fibo 50.0%,4,WAIT & SEE,TIDAK ADA,2026-08-24 16:50:01,Biasa / Mengikuti Pasar
16:50,KIOS,Token Mati (Perlu Update),Small Cap (Lapis 3),Overvalued (Mahal),70.0,0.76606786,99.0,95,91,117,2.0618556701030926,69614900,Tembus MA20,56,Positif,Uptrend,Golden Cross,Bearish MACD,Perfect Uptrend (5>20>50),Akumulasi Kuat,Akumulasi (Naik),Normal,Seimbang / Adu Mekanik,Normal,Sedang,Doji (Ragu-ragu),Area Tengah,> 1 Miliar,Di Bawah VWAP (Lemah),Distribusi Pro (Guyuran),Ritel Aktif (5M - 50M),Anomali Tinggi (150-300%),Mark-Up (Fase Pesta),Spesialis Tiang Jemuran (Banting Pucuk),Normal,Naik 3 Hari Beruntun,TP: 108 | CL: 92,Normal,Ideal (1:2),Golden Cross (Awal Bullish),Netral / Sepi Berita,Normal / Sedang Transisi,Mendekati Fibo 50.0%,7,BELI,TIDAK ADA,2026-08-24 16:50:01,Biasa / Mengikuti Pasar
16:50,GMFI,Token Mati (Perlu Update),Mid Cap (Lapis 2),Overvalued (Mahal),3.5456731,58999.996,58.0,58,52,71,-3.3333333333333335,153596600,Normal,51,Negatif,Downtrend,Bullish,Bearish MACD,Perfect Uptrend (5>20>50),Normal,Akumulasi (Naik),Normal,Seimbang / Adu Mekanik,Normal,Tinggi,Normal,Rawan Pucuk (High Risk),> 1 Miliar,Di Bawah VWAP (Lemah),Distribusi Pro (Guyuran),Ritel Aktif (5M - 50M),Sepi (< 50%),Sideways,Normal,Normal,Turun 1 Hari Beruntun,TP: 64 | CL: 53,Open = High (Tekanan Jual),Ideal (1:2),Netral / Sideways,Sentimen Positif 📰,Normal / Sedang Transisi,Mengambang (Jauh dari Fibo),4,WAIT & SEE,TIDAK ADA,2026-08-24 16:50:01,Biasa / Mengikuti Pasar
16:50,MTWI,Token Mati (Perlu Update),Small Cap (Lapis 3),Overvalued (Mahal),55.855854,1.7562746,248.0,253,238,300,-1.5873015873015872,64200,Normal,41,Negatif,Downtrend,Bearish,Strong Bearish,Strong Downtrend (5<20<50),Normal,Distribusi (Turun),Normal,Seimbang / Adu Mekanik,Squeeze,Rendah,Normal,Area Tengah,< 1 Miliar,Persis di VWAP,Distribusi Pro (Guyuran),Gorengan Sepi (< 5M),Anomali Tinggi (150-300%),Mark-Down (Fase Runtuh),Normal,Normal,Turun 1 Hari Beruntun,TP: 261 | CL: 239,Normal,Sangat Menarik (> 1:3),Netral / Sideways,Netral / Sepi Berita,Normal / Sedang Transisi,Dekat Support Fibo 61.8% (Golden Ratio),0,WAIT & SEE,TIDAK ADA,2026-08-24 16:50:01,Biasa / Mengikuti Pasar
16:50,ZINC,Token Mati (Perlu Update),Small Cap (Lapis 3),Fair Value (Wajar),0.0,2.0006669,30.0,30,30,30,0.0,0,Normal,0,Negatif,Downtrend,Bearish,Bearish MACD,Konsolidasi / Transisi,Normal,Netral,Normal,Tidak Ada Transaksi,Squeeze,Rendah,Doji (Ragu-ragu),Dekat Support (Low Risk),< 1 Miliar,Di Atas VWAP (Kuat),Netral,Gorengan Sepi (< 5M),Normal (50-150%),Sideways,Solid (Jarang Dibanting),Normal,Sideways / Stagnan,TP: 31 | CL: 29,Normal,Di Area Support,Oversold (Jenuh Jual - Peluang),Netral / Sepi Berita,Normal / Sedang Transisi,Normal / Sideways,0,WAIT & SEE,TIDAK ADA,2026-08-24 16:50:01,Biasa / Mengikuti Pasar
16:50,MCAS,Token Mati (Perlu Update),Small Cap (Lapis 3),Fair Value (Wajar),0.0,1.7267329,296.0,286,220,370,-1.3333333333333335,1911800,Normal,58,Negatif,Uptrend,Bullish,Bearish MACD,Perfect Uptrend (5>20>50),Normal,Distribusi (Turun),Normal,Dominan Jual (Guyur),Normal,Tinggi,Normal,Rawan Pucuk (High Risk),< 1 Miliar,Persis di VWAP,Distribusi Pro (Guyuran),Gorengan Sepi (< 5M),Sepi (< 50%),Mark-Up (Fase Pesta),Spesialis Tiang Jemuran (Banting Pucuk),Normal,Turun 1 Hari Beruntun,TP: 339 | CL: 266,Normal,Tidak Ideal (< 1:1),Netral / Sideways,Sentimen Positif 📰,Normal / Sedang Transisi,Mendekati Fibo 38.2%,4,WAIT & SEE,TIDAK ADA,2026-08-24 16:50:01,Biasa / Mengikuti Pasar
16:50,PPRE,Token Mati (Perlu Update),Mid Cap (Lapis 2),Fair Value (Wajar),0.0,1.1684561,107.0,104,96,115,-1.834862385321101,24958000,Normal,53,Negatif,Uptrend,Bullish,Strong Bullish,Perfect Uptrend (5>20>50),Normal,Akumulasi (Naik),Normal,Dominan Jual (Guyur),Normal,Sedang,Normal,Rawan Pucuk (High Risk),> 1 Miliar,Di Bawah VWAP (Lemah),Distribusi Pro (Guyuran),Ritel Aktif (5M - 50M),Sepi (< 50%),Mark-Up (Fase Pesta),Spesialis Tiang Jemuran (Banting Pucuk),Normal,Turun 2 Hari Beruntun,TP: 115 | CL: 101,Normal,Tidak Ideal (< 1:1),Netral / Sideways,Sentimen Positif 📰,Normal / Sedang Transisi,Mendekati Fibo 38.2%,6,WAIT & SEE,TIDAK ADA,2026-08-24 16:50:01,Biasa / Mengikuti Pasar
16:50,WEGE,Token Mati (Perlu Update),Small Cap (Lapis 3),Fair Value (Wajar),0.0,0.28213212,57.0,53,50,76,-3.389830508474576,48544900,Normal,57,Negatif,Uptrend,Bullish,Strong Bullish,Perfect Uptrend (5>20>50),Normal,Distribusi (Turun),Normal,Dominan Jual (Guyur),Normal,Tinggi,Normal,Rawan Pucuk (High Risk),> 1 Miliar,Di Bawah VWAP (Lemah),Distribusi Pro (Guyuran),Ritel Aktif (5M - 50M),Sepi (< 50%),Mark-Up (Fase Pesta),Normal,Normal,Turun 3 Hari Beruntun,TP: 64 | CL: 52,Normal,Ideal (1:2),Netral / Sideways,Sentimen Positif 📰,Supply Banjir (Distribusi) 🌊,Mendekati Fibo 78.6%,5,WAIT & SEE,TIDAK ADA,2026-08-24 16:50:01,Biasa / Mengikuti Pasar
16:50,PSSI,Token Mati (Perlu Update),Mid Cap (Lapis 2),Overvalued (Mahal),0.0,11379.311,330.0,326,302,338,-1.1976047904191618,98200,Normal,56,Negatif,Uptrend,Bullish,Bearish MACD,Perfect Uptrend (5>20>50),Normal,Akumulasi (Naik),Normal,Seimbang / Adu Mekanik,Squeeze,Rendah,Normal,Area Tengah,< 1 Miliar,Persis di VWAP,Akumulasi Pro (Smart Money),Gorengan Sepi (< 5M),Normal (50-150%),Mark-Up (Fase Pesta),Normal,Normal,Turun 1 Hari Beruntun,TP: 344 | CL: 320,Open = High (Tekanan Jual),Tidak Ideal (< 1:1),Death Cross (Awal Bearish),Netral / Sepi Berita,Normal / Sedang Transisi,Mendekati Fibo 23.6%,4,WAIT & SEE,TIDAK ADA,2026-08-24 16:50:01,Biasa / Mengikuti Pasar
16:50,MORA,Token Mati (Perlu Update),Big Cap (Lapis 1),Overvalued (Mahal),211.30952,14.132541,5325.0,5587,5000,6800,1.4285714285714286,225700,Normal,39,Positif,Downtrend,Bearish,Bullish MACD,Strong Downtrend (5<20<50),Normal,Akumulasi (Naik),Normal,Seimbang / Adu Mekanik,Normal,Tinggi,Normal,Area Tengah,> 1 Miliar,Di Atas VWAP (Kuat),Distribusi Pro (Guyuran),Gorengan Sepi (< 5M),Normal (50-150%),Mark-Down (Fase Runtuh),Spesialis Tiang Jemuran (Banting Pucuk),Normal,Naik 4 Hari Beruntun,TP: 5734 | CL: 5051,Normal,Sangat Menarik (> 1:3),Golden Cross (Awal Bullish),Netral / Sepi Berita,Normal / Sedang Transisi,Mengambang (Jauh dari Fibo),3,WAIT & SEE,TIDAK ADA,2026-08-24 16:50:01,Biasa / Mengikuti Pasar
16:50,DWGL,Token Mati (Perlu Update),Mid Cap (Lapis 2),Overvalued (Mahal),11.918951,4.6431003,298.0,348,224,442,4.195804195804196,12333900,Tembus MA20,45,Positif,Downtrend,Bearish,Bearish MACD,Konsolidasi / Transisi,Normal,Distribusi (Turun),Normal,Dominan Beli (Hajar Kanan),Normal,Tinggi,Normal,Rawan Pucuk (High Risk),> 1 Miliar,Di Bawah VWAP (Lemah),Distribusi Pro (Guyuran),Gorengan Sepi (< 5M),Normal (50-150%),Distribution (Fase Jualan),Normal,Normal,Naik 1 Hari Beruntun,TP: 349 | CL: 264,Normal,Ideal (1:2),Oversold (Jenuh Jual - Peluang),Netral / Sepi Berita,Normal / Sedang Transisi,Mengambang (Jauh dari Fibo),3,WAIT & SEE,TIDAK ADA,2026-08-24 16:50:01,Biasa / Mengikuti Pasar
16:50,PBID,Token Mati (Perlu Update),Mid Cap (Lapis 2),Undervalued (Murah),6.4966607,1.3586404,535.0,532,490,570,-0.9259259259259258,1643500,Normal,63,Negatif,Uptrend,Bullish,Bearish MACD,Perfect Uptrend (5>20>50),Normal,Distribusi (Turun),Normal,Seimbang / Adu Mekanik,Squeeze,Rendah,Doji (Ragu-ragu),Area Tengah,< 1 Miliar,Persis di VWAP,Akumulasi Pro (Smart Money),Gorengan Sepi (< 5M),Anomali Tinggi (150-300%),Mark-Up (Fase Pesta),Spesialis Tiang Jemuran (Banting Pucuk),Normal,Turun 1 Hari Beruntun,TP: 552 | CL: 523,Normal,Tidak Ideal (< 1:1),Death Cross (Awal Bearish),Sentimen Positif 📰,Normal / Sedang Transisi,Dekat Support Fibo 38.2%,4,WAIT & SEE,TIDAK ADA,2026-08-24 16:50:01,Biasa / Mengikuti Pasar
16:50,JMAS,Token Mati (Perlu Update),Small Cap (Lapis 3),Overvalued (Mahal),178.125,1.8114791,228.0,228,228,228,0.0,0,Normal,32,Negatif,Downtrend,Bearish,Bullish MACD,Konsolidasi / Transisi,Normal,Netral,Normal,Tidak Ada Transaksi,Squeeze,Rendah,Doji (Ragu-ragu),Dekat Support (Low Risk),< 1 Miliar,Di Atas VWAP (Kuat),Netral,Gorengan Sepi (< 5M),Normal (50-150%),Sideways,Solid (Jarang Dibanting),Normal,Sideways / Stagnan,TP: 229 | CL: 227,Normal,Di Area Support,Oversold (Jenuh Jual - Peluang),Netral / Sepi Berita,Normal / Sedang Transisi,Mengambang (Jauh dari Fibo),1,WAIT & SEE,TIDAK ADA,2026-08-24 16:50:01,Biasa / Mengikuti Pasar
16:50,CAMP,Token Mati (Perlu Update),Mid Cap (Lapis 2),Undervalued (Murah),13.157895,0.9796407,170.0,170,166,200,0.0,60800,Normal,47,Negatif,Downtrend,Bearish,Bullish MACD,Strong Downtrend (5<20<50),Normal,Akumulasi (Naik),Normal,Seimbang / Adu Mekanik,Squeeze,Rendah,Normal,Dekat Support (Low Risk),< 1 Miliar,Persis di VWAP,Distribusi Pro (Guyuran),Gorengan Sepi (< 5M),Sepi (< 50%),Mark-Down (Fase Runtuh),Normal,Normal,Sideways / Stagnan,TP: 178 | CL: 164,Open = High (Tekanan Jual),Sangat Menarik (> 1:3),Oversold (Jenuh Jual - Peluang),Sentimen Positif 📰,Supply Kering (Siap Pump) 🏜️,Golden Rebound Fibo 61.8% (Golden Ratio) 🎯,3,WAIT & SEE,TIDAK ADA,2026-08-24 16:50:01,Biasa / Mengikuti Pasar
16:50,IPCM,Token Mati (Perlu Update),Mid Cap (Lapis 2),Undervalued (Murah),9.200969,1.2119956,302.0,304,282,320,0.0,448300,Normal,41,Negatif,Downtrend,Bearish,Strong Bearish,Strong Downtrend (5<20<50),Normal,Netral,Normal,Dominan Jual (Guyur),Squeeze,Rendah,Doji (Ragu-ragu),Area Tengah,< 1 Miliar,Persis di VWAP,Distribusi Pro (Guyuran),Gorengan Sepi (< 5M),Normal (50-150%),Mark-Down (Fase Runtuh),Normal,Normal,Sideways / Stagnan,TP: 309 | CL: 296,Normal,Tidak Ideal (< 1:1),Netral / Sideways,Sentimen Positif 📰,Normal / Sedang Transisi,Dekat Support Fibo 50.0%,1,WAIT & SEE,TIDAK ADA,2026-08-24 16:50:01,Biasa / Mengikuti Pasar
16:50,PCAR,Token Mati (Perlu Update),Small Cap (Lapis 3),Fair Value (Wajar),0.0,0.6526299,42.0,42,38,49,-2.3255813953488373,2761200,Normal,52,Negatif,Downtrend,Bullish,Bearish MACD,Perfect Uptrend (5>20>50),Normal,Distribusi (Turun),Normal,Dominan Jual (Guyur),Normal,Tinggi,Normal,Rawan Pucuk (High Risk),< 1 Miliar,Di Bawah VWAP (Lemah),Distribusi Pro (Guyuran),Gorengan Sepi (< 5M),Normal (50-150%),Distribution (Fase Jualan),Normal,Normal,Turun 1 Hari Beruntun,TP: 44 | CL: 40,Normal,Ideal (1:2),Netral / Sideways,Netral / Sepi Berita,Normal / Sedang Transisi,Dekat Support Fibo 50.0%,2,WAIT & SEE,TIDAK ADA,2026-08-24 16:50:01,Biasa / Mengikuti Pasar
16:50,LCKM,Token Mati (Perlu Update),Small Cap (Lapis 3),Overvalued (Mahal),71.899734,0.799384,109.0,109,105,116,0.0,0,Normal,48,Negatif,Downtrend,Bearish,Bullish MACD,Strong Downtrend (5<20<50),Normal,Netral,Normal,Tidak Ada Transaksi,Squeeze,Rendah,Doji (Ragu-ragu),Area Tengah,< 1 Miliar,Di Atas VWAP (Kuat),Netral,Gorengan Sepi (< 5M),Normal (50-150%),Mark-Down (Fase Runtuh),Solid (Jarang Dibanting),Normal,Sideways / Stagnan,TP: 110 | CL: 108,Normal,Ideal (1:2),Oversold (Jenuh Jual - Peluang),Netral / Sepi Berita,Supply Kering (Siap Pump) 🏜️,Mengambang (Jauh dari Fibo),1,WAIT & SEE,TIDAK ADA,2026-08-24 16:50:01,Biasa / Mengikuti Pasar
16:50,BOSS,Token Mati (Perlu Update),Small Cap (Lapis 3),Fair Value (Wajar),0.0,-0.41981882,50.0,50,50,50,0.0,0,Normal,0,Negatif,Downtrend,Bearish,Bearish MACD,Konsolidasi / Transisi,Normal,Netral,Normal,Tidak Ada Transaksi,Squeeze,Rendah,Doji (Ragu-ragu),Dekat Support (Low Risk),< 1 Miliar,Di Atas VWAP (Kuat),Netral,Gorengan Sepi (< 5M),Normal (50-150%),Sideways,Solid (Jarang Dibanting),Normal,Sideways / Stagnan,TP: 51 | CL: 49,Normal,Di Area Support,Oversold (Jenuh Jual - Peluang),Netral / Sepi Berita,Normal / Sedang Transisi,Normal / Sideways,0,WAIT & SEE,TIDAK ADA,2026-08-24 16:50:01,Biasa / Mengikuti Pasar
16:50,HELI,Token Mati (Perlu Update),Small Cap (Lapis 3),Fair Value (Wajar),6.1755486,1.8091818,197.0,193,179,240,-1.0050251256281406,855800,Normal,58,Negatif,Uptrend,Bullish,Strong Bullish,Perfect Uptrend (5>20>50),Normal,Distribusi (Turun),Normal,Dominan Jual (Guyur),Normal,Sedang,Normal,Rawan Pucuk (High Risk),< 1 Miliar,Persis di VWAP,Akumulasi Pro (Smart Money),Gorengan Sepi (< 5M),Sepi (< 50%),Mark-Up (Fase Pesta),Spesialis Tiang Jemuran (Banting Pucuk),Normal,Turun 1 Hari Beruntun,TP: 214 | CL: 185,Normal,Ideal (1:2),Netral / Sideways,Sentimen Positif 📰,Normal / Sedang Transisi,Mengambang (Jauh dari Fibo),5,WAIT & SEE,TIDAK ADA,2026-08-24 16:50:01,Biasa / Mengikuti Pasar
16:50,INPS,Token Mati (Perlu Update),Small Cap (Lapis 3),Fair Value (Wajar),0.0,-10.0077095,675.0,692,610,770,0.7462686567164178,258000,Tembus MA20,48,Positif,Downtrend,Bullish,Bearish MACD,Perfect Uptrend (5>20>50),Normal,Akumulasi (Naik),Normal,Dominan Jual (Guyur),Normal,Tinggi,Normal,Rawan Pucuk (High Risk),< 1 Miliar,Di Bawah VWAP (Lemah),Distribusi Pro (Guyuran),Gorengan Sepi (< 5M),Anomali Tinggi (150-300%),Distribution (Fase Jualan),Spesialis Tiang Jemuran (Banting Pucuk),Normal,Naik 1 Hari Beruntun,TP: 717 | CL: 646,Open = Low (Bullish Kuat),Menengah (1:1),Oversold (Jenuh Jual - Peluang),Sentimen Negatif ⚠️,Normal / Sedang Transisi,Golden Rebound Fibo 50.0% 🎯,4,WAIT & SEE,TIDAK ADA,2026-08-24 16:50:01,Biasa / Mengikuti Pasar
16:50,GHON,Token Mati (Perlu Update),Small Cap (Lapis 3),Undervalued (Murah),9.885294,1.2742975,1640.0,1619,1570,1660,1.8633540372670807,23700,Tembus MA20,55,Positif,Uptrend,Bearish,Bullish MACD,Strong Downtrend (5<20<50),Normal,Akumulasi (Naik),Normal,Dominan Beli (Hajar Kanan),Squeeze,Rendah,Marubozu (Strong Bullish),Area Tengah,< 1 Miliar,Di Atas VWAP (Kuat),Akumulasi Pro (Smart Money),Gorengan Sepi (< 5M),Anomali Tinggi (150-300%),Accumulation (Kumpul Barang),Normal,Normal,Naik 1 Hari Beruntun,TP: 1683 | CL: 1611,Open = Low (Bullish Kuat),Tidak Ideal (< 1:1),Netral / Sideways,Sentimen Positif 📰,Normal / Sedang Transisi,Mengambang (Jauh dari Fibo),8,BELI,TIDAK ADA,2026-08-24 16:50:01,Biasa / Mengikuti Pasar
16:50,DFAM,Token Mati (Perlu Update),Small Cap (Lapis 3),Overvalued (Mahal),0.0,25.343512,83.0,80,72,89,2.4691358024691357,22855100,Tembus MA20,53,Positif,Uptrend,Bearish,Bullish MACD,Strong Downtrend (5<20<50),Normal,Akumulasi (Naik),Normal,Dominan Jual (Guyur),Normal,Sedang,Normal,Rawan Pucuk (High Risk),> 1 Miliar,Di Atas VWAP (Kuat),Distribusi Pro (Guyuran),Gorengan Sepi (< 5M),Anomali Tinggi (150-300%),Accumulation (Kumpul Barang),Spesialis Tiang Jemuran (Banting Pucuk),Normal,Naik 3 Hari Beruntun,TP: 87 | CL: 79,Open = Low (Bullish Kuat),Tidak Ideal (< 1:1),Golden Cross (Awal Bullish),Sentimen Negatif ⚠️,Normal / Sedang Transisi,Mengambang (Jauh dari Fibo),6,WAIT & SEE,TIDAK ADA,2026-08-24 16:50:01,Biasa / Mengikuti Pasar
16:50,NICK,Token Mati (Perlu Update),Small Cap (Lapis 3),Overvalued (Mahal),4.546157,3.2273126,1500.0,1368,1010,1640,0.0,150600,Tembus MA20,65,Negatif,Uptrend,Bullish,Bearish MACD,Perfect Uptrend (5>20>50),Akumulasi Kuat,Distribusi (Turun),Gap Down (-3.0%),Dominan Beli (Hajar Kanan),Normal,Tinggi,Normal,Rawan Pucuk (High Risk),< 1 Miliar,Di Atas VWAP (Kuat),Akumulasi Pro (Smart Money),Gorengan Sepi (< 5M),Ledakan Ekstrem (> 300%),Mark-Up (Fase Pesta),Normal,Normal,Sideways / Stagnan,TP: 1636 | CL: 1408,Normal,Tidak Ideal (< 1:1),Netral / Sideways,Netral / Sepi Berita,Normal / Sedang Transisi,Dekat Support Fibo 23.6%,6,WAIT & SEE,TIDAK ADA,2026-08-24 16:50:01,Biasa / Mengikuti Pasar
16:50,BTPS,Token Mati (Perlu Update),Mid Cap (Lapis 2),Undervalued (Murah),6.241641,0.7359457,985.0,985,960,1010,-0.5050505050505051,2520200,Tembus MA20,47,Negatif,Downtrend,Bullish,Strong Bearish,Awal Reversal (5>20),Normal,Distribusi (Turun),Normal,Seimbang / Adu Mekanik,Squeeze,Rendah,Doji (Ragu-ragu),Dekat Support (Low Risk),> 1 Miliar,Persis di VWAP,Distribusi Pro (Guyuran),Gorengan Sepi (< 5M),Anomali Tinggi (150-300%),Sideways,Spesialis Tiang Jemuran (Banting Pucuk),Normal,Turun 1 Hari Beruntun,TP: 1006 | CL: 970,Normal,Menengah (1:1),Netral / Sideways,Sentimen Positif 📰,Normal / Sedang Transisi,Dekat Support Fibo 38.2%,3,WAIT & SEE,TIDAK ADA,2026-08-24 16:50:01,Biasa / Mengikuti Pasar
16:50,SPTO,Token Mati (Perlu Update),Mid Cap (Lapis 2),Undervalued (Murah),6.498952,0.9763657,620.0,603,585,625,1.639344262295082,1641500,Tembus MA20,71,Positif,Uptrend,Bullish,Bearish MACD,Perfect Uptrend (5>20>50),Akumulasi Kuat,Akumulasi (Naik),Normal,Dominan Beli (Hajar Kanan),Squeeze,Rendah,Normal,Area Tengah,> 1 Miliar,Di Atas VWAP (Kuat),Akumulasi Pro (Smart Money),Gorengan Sepi (< 5M),Ledakan Ekstrem (> 300%),Mark-Up (Fase Pesta),Normal,Normal,Naik 1 Hari Beruntun,TP: 633 | CL: 610,Normal,Tidak Ideal (< 1:1),Overbought (Jenuh Beli - Rawan),Sentimen Positif 📰,Normal / Sedang Transisi,Mendekati Fibo 23.6%,9,BELI,TIDAK ADA,2026-08-24 16:50:01,Biasa / Mengikuti Pasar
16:50,PRIM,Token Mati (Perlu Update),Small Cap (Lapis 3),Fair Value (Wajar),0.0,0.43261018,119.0,110,101,123,1.7094017094017095,10852000,Normal,71,Positif,Uptrend,Bullish,Strong Bullish,Perfect Uptrend (5>20>50),Normal,Akumulasi (Naik),Normal,Dominan Jual (Guyur),Normal,Tinggi,Normal,Rawan Pucuk (High Risk),> 1 Miliar,Di Atas VWAP (Kuat),Akumulasi Pro (Smart Money),Gorengan Sepi (< 5M),Anomali Tinggi (150-300%),Mark-Up (Fase Pesta),Spesialis Tiang Jemuran (Banting Pucuk),Normal,Naik 3 Hari Beruntun,TP: 125 | CL: 114,Open = Low (Bullish Kuat),Tidak Ideal (< 1:1),Death Cross (Awal Bearish),Sentimen Positif 📰,Normal / Sedang Transisi,Mengambang (Jauh dari Fibo),7,BELI,TIDAK ADA,2026-08-24 16:50:01,Biasa / Mengikuti Pasar
16:50,HEAL,Token Mati (Perlu Update),Mid Cap (Lapis 2),Fair Value (Wajar),24.865072,1.7831571,650.0,750,645,820,-2.2556390977443606,32943700,Tembus MA20,22,Negatif,Downtrend,Bearish,Strong Bearish,Strong Downtrend (5<20<50),Distribusi Kuat,Distribusi (Turun),Gap Up (+2.3%),Dominan Jual (Guyur),Bottom Rebound,Tinggi,Normal,Dekat Support (Low Risk),> 1 Miliar,Di Bawah VWAP (Lemah),Distribusi Pro (Guyuran),Ritel Aktif (5M - 50M),Anomali Tinggi (150-300%),Mark-Down (Fase Runtuh),Normal,Normal,Turun 2 Hari Beruntun,TP: 690 | CL: 623,Open = High (Tekanan Jual),Sangat Menarik (> 1:3),Oversold (Jenuh Jual - Peluang),Sentimen Positif 📰,Normal / Sedang Transisi,Golden Rebound Fibo Bottom / 100% 🎯,3,WAIT & SEE,TIDAK ADA,2026-08-24 16:50:01,Biasa / Mengikuti Pasar
16:50,TRUK,Token Mati (Perlu Update),Small Cap (Lapis 3),Overvalued (Mahal),0.0,9.049929,795.0,629,408,895,-0.625,1146700,Normal,70,Negatif,Uptrend,Bullish,Strong Bullish,Perfect Uptrend (5>20>50),Normal,Akumulasi (Naik),Gap Up (+6.2%),Dominan Jual (Guyur),Normal,Tinggi,Normal,Rawan Pucuk (High Risk),< 1 Miliar,Di Atas VWAP (Kuat),Akumulasi Pro (Smart Money),Gorengan Sepi (< 5M),Sepi (< 50%),Mark-Up (Fase Pesta),Normal,Normal,Turun 1 Hari Beruntun,TP: 977 | CL: 673,Normal,Tidak Ideal (< 1:1),Death Cross (Awal Bearish),Netral / Sepi Berita,Normal / Sedang Transisi,Mendekati Fibo 23.6%,6,WAIT & SEE,TIDAK ADA,2026-08-24 16:50:01,Biasa / Mengikuti Pasar
16:50,PZZA,Token Mati (Perlu Update),Small Cap (Lapis 3),Overvalued (Mahal),31.005112,0.52741396,182.0,182,178,195,1.1111111111111112,337500,Normal,48,Positif,Downtrend,Bearish,Strong Bearish,Strong Downtrend (5<20<50),Normal,Akumulasi (Naik),Normal,Seimbang / Adu Mekanik,Squeeze,Rendah,Normal,Dekat Support (Low Risk),< 1 Miliar,Persis di VWAP,Distribusi Pro (Guyuran),Gorengan Sepi (< 5M),Normal (50-150%),Mark-Down (Fase Runtuh),Spesialis Tiang Jemuran (Banting Pucuk),Normal,Naik 1 Hari Beruntun,TP: 188 | CL: 177,Open = Low (Bullish Kuat),Sangat Menarik (> 1:3),Golden Cross (Awal Bullish),Sentimen Positif 📰,Normal / Sedang Transisi,Mendekati Fibo 50.0%,3,WAIT & SEE,TIDAK ADA,2026-08-24 16:50:01,Biasa / Mengikuti Pasar
16:50,TUGU,Token Mati (Perlu Update),Mid Cap (Lapis 2),Undervalued (Murah),5.3267455,0.53440213,1380.0,1274,1185,1460,0.7299270072992701,1491300,Normal,70,Positif,Uptrend,Bullish,Strong Bullish,Perfect Uptrend (5>20>50),Normal,Akumulasi (Naik),Normal,Seimbang / Adu Mekanik,Normal,Tinggi,Normal,Rawan Pucuk (High Risk),> 1 Miliar,Di Bawah VWAP (Lemah),Distribusi Pro (Guyuran),Gorengan Sepi (< 5M),Normal (50-150%),Mark-Up (Fase Pesta),Spesialis Tiang Jemuran (Banting Pucuk),Normal,Naik 2 Hari Beruntun,TP: 1441 | CL: 1339,Normal,Tidak Ideal (< 1:1),Netral / Sideways,Sentimen Positif 📰,Normal / Sedang Transisi,Dekat Support Fibo 23.6%,7,BELI,TIDAK ADA,2026-08-24 16:50:01,Biasa / Mengikuti Pasar
16:50,MSIN,Token Mati (Perlu Update),Big Cap (Lapis 1),Fair Value (Wajar),19.892792,2.9615967,334.0,377,330,424,-2.9069767441860463,30181900,Normal,24,Negatif,Downtrend,Bearish,Strong Bearish,Strong Downtrend (5<20<50),Normal,Distribusi (Turun),Normal,Dominan Jual (Guyur),Normal,Tinggi,Normal,Dekat Support (Low Risk),> 1 Miliar,Di Bawah VWAP (Lemah),Akumulasi Pro (Smart Money),Ritel Aktif (5M - 50M),Normal (50-150%),Mark-Down (Fase Runtuh),Solid (Jarang Dibanting),Normal,Turun 2 Hari Beruntun,TP: 358 | CL: 317,Open = High (Tekanan Jual),Sangat Menarik (> 1:3),Oversold (Jenuh Jual - Peluang),Netral / Sepi Berita,Normal / Sedang Transisi,Golden Rebound Fibo Bottom / 100% 🎯,0,WAIT & SEE,TIDAK ADA,2026-08-24 16:50:01,Biasa / Mengikuti Pasar
16:50,SWAT,Token Mati (Perlu Update),Small Cap (Lapis 3),Fair Value (Wajar),5.082592,2.2219136,16.0,16,16,16,0.0,0,Normal,0,Negatif,Downtrend,Bearish,Bearish MACD,Konsolidasi / Transisi,Normal,Netral,Normal,Tidak Ada Transaksi,Squeeze,Rendah,Doji (Ragu-ragu),Dekat Support (Low Risk),< 1 Miliar,Di Atas VWAP (Kuat),Netral,Gorengan Sepi (< 5M),Normal (50-150%),Sideways,Solid (Jarang Dibanting),Normal,Sideways / Stagnan,TP: 17 | CL: 15,Normal,Di Area Support,Oversold (Jenuh Jual - Peluang),Netral / Sepi Berita,Normal / Sedang Transisi,Normal / Sideways,0,WAIT & SEE,TIDAK ADA,2026-08-24 16:50:01,Biasa / Mengikuti Pasar
16:50,TNCA,Token Mati (Perlu Update),Small Cap (Lapis 3),Overvalued (Mahal),50.140144,1.6274297,161.0,162,150,197,1.89873417721519,3104300,Normal,55,Positif,Downtrend,Bearish,Bearish MACD,Konsolidasi / Transisi,Normal,Distribusi (Turun),Normal,Seimbang / Adu Mekanik,Squeeze,Rendah,Normal,Area Tengah,< 1 Miliar,Di Bawah VWAP (Lemah),Distribusi Pro (Guyuran),Gorengan Sepi (< 5M),Anomali Tinggi (150-300%),Distribution (Fase Jualan),Spesialis Tiang Jemuran (Banting Pucuk),Normal,Naik 1 Hari Beruntun,TP: 172 | CL: 153,Normal,Sangat Menarik (> 1:3),Golden Cross (Awal Bullish),Netral / Sepi Berita,Supply Kering (Siap Pump) 🏜️,Golden Rebound Fibo 50.0% 🎯,2,WAIT & SEE,TIDAK ADA,2026-08-24 16:50:01,Biasa / Mengikuti Pasar
16:50,MAPA,Token Mati (Perlu Update),Big Cap (Lapis 1),Fair Value (Wajar),9.704455,1.9660996,655.0,648,580,705,-2.2388059701492535,4242500,Normal,53,Negatif,Uptrend,Bullish,Bearish MACD,Perfect Uptrend (5>20>50),Normal,Akumulasi (Naik),Normal,Dominan Jual (Guyur),Normal,Tinggi,Normal,Rawan Pucuk (High Risk),> 1 Miliar,Di Bawah VWAP (Lemah),Akumulasi Pro (Smart Money),Ritel Aktif (5M - 50M),Sepi (< 50%),Mark-Up (Fase Pesta),Solid (Jarang Dibanting),Normal,Turun 2 Hari Beruntun,TP: 695 | CL: 627,Open = High (Tekanan Jual),Tidak Ideal (< 1:1),Netral / Sideways,Sentimen Positif 📰,Normal / Sedang Transisi,Mendekati Fibo 38.2%,5,WAIT & SEE,TIDAK ADA,2026-08-24 16:50:01,Biasa / Mengikuti Pasar
16:50,TCPI,Token Mati (Perlu Update),Big Cap (Lapis 1),Overvalued (Mahal),83.98365,5.2582717,2250.0,3920,2160,5550,-3.0172413793103448,6845600,Tembus MA20,13,Negatif,Downtrend,Bearish,Strong Bearish,Strong Downtrend (5<20<50),Distribusi Kuat,Distribusi (Turun),Normal,Seimbang / Adu Mekanik,Normal,Tinggi,Normal,Area Tengah,> 1 Miliar,Di Bawah VWAP (Lemah),Distribusi Pro (Guyuran),Ritel Aktif (5M - 50M),Anomali Tinggi (150-300%),Mark-Down (Fase Runtuh),Solid (Jarang Dibanting),Normal,Turun 5 Hari Beruntun,TP: 2765 | CL: 1906,Normal,Sangat Menarik (> 1:3),Oversold (Jenuh Jual - Peluang),Sentimen Negatif ⚠️,Supply Banjir (Distribusi) 🌊,Mendekati Fibo Bottom / 100%,1,WAIT & SEE,TIDAK ADA,2026-08-24 16:50:01,Biasa / Mengikuti Pasar
16:50,IPCC,Token Mati (Perlu Update),Mid Cap (Lapis 2),Fair Value (Wajar),8.502772,1.6006324,1150.0,1159,1130,1190,-0.4329004329004329,1048000,Tembus MA20,43,Negatif,Downtrend,Bullish,Strong Bearish,Awal Reversal (5>20),Normal,Distribusi (Turun),Normal,Seimbang / Adu Mekanik,Squeeze,Rendah,Normal,Dekat Support (Low Risk),> 1 Miliar,Di Bawah VWAP (Lemah),Distribusi Pro (Guyuran),Gorengan Sepi (< 5M),Anomali Tinggi (150-300%),Mark-Down (Fase Runtuh),Normal,Normal,Turun 3 Hari Beruntun,TP: 1178 | CL: 1130,Normal,Ideal (1:2),Netral / Sideways,Sentimen Positif 📰,Normal / Sedang Transisi,Dekat Support Fibo 38.2%,3,WAIT & SEE,TIDAK ADA,2026-08-24 16:50:01,Biasa / Mengikuti Pasar
16:50,RISE,Token Mati (Perlu Update),Big Cap (Lapis 1),Overvalued (Mahal),82.57299,5.239603,915.0,955,890,1110,-3.1746031746031744,2974300,Tembus MA20,42,Negatif,Downtrend,Bearish,Strong Bearish,Strong Downtrend (5<20<50),Distribusi Kuat,Distribusi (Turun),Normal,Seimbang / Adu Mekanik,Normal,Sedang,Normal,Dekat Support (Low Risk),> 1 Miliar,Di Bawah VWAP (Lemah),Distribusi Pro (Guyuran),Gorengan Sepi (< 5M),Ledakan Ekstrem (> 300%),Mark-Down (Fase Runtuh),Normal,Normal,Turun 1 Hari Beruntun,TP: 980 | CL: 871,Normal,Sangat Menarik (> 1:3),Netral / Sideways,Sentimen Positif 📰,Normal / Sedang Transisi,Dekat Support Fibo 78.6%,2,WAIT & SEE,TIDAK ADA,2026-08-24 16:50:01,Biasa / Mengikuti Pasar
16:50,BPTR,Token Mati (Perlu Update),Small Cap (Lapis 3),Undervalued (Murah),9.4180155,0.43502268,78.0,75,72,81,1.2987012987012987,1398100,Normal,62,Positif,Uptrend,Bullish,Strong Bullish,Perfect Uptrend (5>20>50),Normal,Akumulasi (Naik),Normal,Dominan Beli (Hajar Kanan),Normal,Sedang,Marubozu (Strong Bullish),Area Tengah,< 1 Miliar,Di Atas VWAP (Kuat),Akumulasi Pro (Smart Money),Gorengan Sepi (< 5M),Normal (50-150%),Mark-Up (Fase Pesta),Spesialis Tiang Jemuran (Banting Pucuk),Normal,Naik 1 Hari Beruntun,TP: 82 | CL: 75,Open = Low (Bullish Kuat),Tidak Ideal (< 1:1),Netral / Sideways,Sentimen Negatif ⚠️,Normal / Sedang Transisi,Dekat Support Fibo 38.2%,7,BELI,TIDAK ADA,2026-08-24 16:50:01,Biasa / Mengikuti Pasar
16:50,POLL,Token Mati (Perlu Update),Small Cap (Lapis 3),Overvalued (Mahal),85.496185,0.57678145,112.0,112,112,112,0.0,0,Normal,0,Negatif,Downtrend,Bearish,Bearish MACD,Konsolidasi / Transisi,Normal,Netral,Normal,Tidak Ada Transaksi,Squeeze,Rendah,Doji (Ragu-ragu),Dekat Support (Low Risk),< 1 Miliar,Di Atas VWAP (Kuat),Netral,Gorengan Sepi (< 5M),Normal (50-150%),Sideways,Solid (Jarang Dibanting),Normal,Sideways / Stagnan,TP: 113 | CL: 111,Normal,Di Area Support,Oversold (Jenuh Jual - Peluang),Netral / Sepi Berita,Normal / Sedang Transisi,Normal / Sideways,0,WAIT & SEE,TIDAK ADA,2026-08-24 16:50:01,Biasa / Mengikuti Pasar
16:50,NFCX,Token Mati (Perlu Update),Mid Cap (Lapis 2),Overvalued (Mahal),0.0,4.0225453,1715.0,1567,1475,1880,-0.5797101449275363,18000,Normal,66,Negatif,Uptrend,Bullish,Strong Bullish,Awal Reversal (5>20),Normal,Akumulasi (Naik),Normal,Dominan Jual (Guyur),Breakout Upper,Tinggi,Normal,Rawan Pucuk (High Risk),< 1 Miliar,Di Atas VWAP (Kuat),Distribusi Pro (Guyuran),Gorengan Sepi (< 5M),Sepi (< 50%),Accumulation (Kumpul Barang),Spesialis Tiang Jemuran (Banting Pucuk),Normal,Turun 1 Hari Beruntun,TP: 1847 | CL: 1626,Normal,Tidak Ideal (< 1:1),Netral / Sideways,Sentimen Positif 📰,Normal / Sedang Transisi,Dekat Support Fibo 38.2%,6,WAIT & SEE,TIDAK ADA,2026-08-24 16:50:01,Biasa / Mengikuti Pasar
16:50,MGRO,Token Mati (Perlu Update),Mid Cap (Lapis 2),Overvalued (Mahal),0.0,7.5466213,665.0,674,640,710,-1.4814814814814816,3235900,Normal,47,Negatif,Downtrend,Bearish,Strong Bearish,Strong Downtrend (5<20<50),Normal,Akumulasi (Naik),Normal,Dominan Jual (Guyur),Squeeze,Rendah,Normal,Area Tengah,> 1 Miliar,Di Bawah VWAP (Lemah),Akumulasi Pro (Smart Money),Gorengan Sepi (< 5M),Normal (50-150%),Mark-Down (Fase Runtuh),Normal,Normal,Turun 2 Hari Beruntun,TP: 692 | CL: 646,Normal,Ideal (1:2),Netral / Sideways,Netral / Sepi Berita,Normal / Sedang Transisi,Dekat Support Fibo 50.0%,1,WAIT & SEE,TIDAK ADA,2026-08-24 16:50:01,Biasa / Mengikuti Pasar
16:50,FILM,Token Mati (Perlu Update),Mid Cap (Lapis 2),Fair Value (Wajar),0.0,2.7792635,790.0,967,760,1175,-2.4691358024691357,23850800,Tembus MA20,26,Negatif,Downtrend,Bearish,Bullish MACD,Strong Downtrend (5<20<50),Normal,Distribusi (Turun),Normal,Dominan Jual (Guyur),Normal,Tinggi,Normal,Area Tengah,> 1 Miliar,Di Bawah VWAP (Lemah),Distribusi Pro (Guyuran),Ritel Aktif (5M - 50M),Normal (50-150%),Mark-Down (Fase Runtuh),Spesialis Tiang Jemuran (Banting Pucuk),Normal,Turun 2 Hari Beruntun,TP: 901 | CL: 715,Normal,Sangat Menarik (> 1:3),Oversold (Jenuh Jual - Peluang),Netral / Sepi Berita,Normal / Sedang Transisi,Mendekati Fibo Bottom / 100%,2,WAIT & SEE,TIDAK ADA,2026-08-24 16:50:01,Biasa / Mengikuti Pasar
16:50,ANDI,Token Mati (Perlu Update),Small Cap (Lapis 3),Fair Value (Wajar),0.0,1.5166385,17.0,17,16,18,0.0,5471800,Normal,40,Negatif,Downtrend,Bearish,Strong Bearish,Strong Downtrend (5<20<50),Normal,Distribusi (Turun),Normal,Tidak Ada Transaksi,Normal,Sedang,Doji (Ragu-ragu),Area Tengah,< 1 Miliar,Persis di VWAP,Distribusi Pro (Guyuran),Gorengan Sepi (< 5M),Normal (50-150%),Mark-Down (Fase Runtuh),Normal,Normal,Sideways / Stagnan,TP: 17 | CL: 16,Normal,Menengah (1:1),Netral / Sideways,Netral / Sepi Berita,Normal / Sedang Transisi,Dekat Support Fibo 50.0%,0,WAIT & SEE,TIDAK ADA,2026-08-24 16:50:01,Biasa / Mengikuti Pasar
16:50,LAND,Token Mati (Perlu Update),Small Cap (Lapis 3),Overvalued (Mahal),128.81357,0.46223366,76.0,76,68,87,-2.564102564102564,11858300,Normal,52,Negatif,Downtrend,Bearish,Bearish MACD,Konsolidasi / Transisi,Normal,Akumulasi (Naik),Normal,Seimbang / Adu Mekanik,Normal,Tinggi,Normal,Rawan Pucuk (High Risk),< 1 Miliar,Di Bawah VWAP (Lemah),Distribusi Pro (Guyuran),Gorengan Sepi (< 5M),Sepi (< 50%),Distribution (Fase Jualan),Spesialis Tiang Jemuran (Banting Pucuk),Normal,Turun 1 Hari Beruntun,TP: 83 | CL: 70,Open = High (Tekanan Jual),Menengah (1:1),Netral / Sideways,Sentimen Positif 📰,Normal / Sedang Transisi,Dekat Support Fibo 38.2%,3,WAIT & SEE,TIDAK ADA,2026-08-24 16:50:01,Biasa / Mengikuti Pasar
16:50,MOLI,Token Mati (Perlu Update),Small Cap (Lapis 3),Undervalued (Murah),6.4649243,0.60011107,282.0,269,242,300,-0.7042253521126761,2519700,Normal,62,Negatif,Uptrend,Bullish,Strong Bullish,Perfect Uptrend (5>20>50),Normal,Akumulasi (Naik),Normal,Dominan Jual (Guyur),Normal,Tinggi,Normal,Rawan Pucuk (High Risk),< 1 Miliar,Persis di VWAP,Distribusi Pro (Guyuran),Gorengan Sepi (< 5M),Normal (50-150%),Mark-Up (Fase Pesta),Spesialis Tiang Jemuran (Banting Pucuk),Normal,Turun 2 Hari Beruntun,TP: 300 | CL: 269,Normal,Tidak Ideal (< 1:1),Death Cross (Awal Bearish),Sentimen Positif 📰,Normal / Sedang Transisi,Mendekati Fibo 23.6%,6,WAIT & SEE,TIDAK ADA,2026-08-24 16:50:01,Biasa / Mengikuti Pasar
16:50,PANI,Token Mati (Perlu Update),Big Cap (Lapis 1),Overvalued (Mahal),42.20961,3.7619758,6025.0,6142,5800,6875,-1.2295081967213115,4044200,Normal,44,Negatif,Downtrend,Bearish,Strong Bearish,Strong Downtrend (5<20<50),Normal,Akumulasi (Naik),Normal,Dominan Jual (Guyur),Normal,Sedang,Normal,Area Tengah,> 1 Miliar,Di Bawah VWAP (Lemah),Distribusi Pro (Guyuran),Ritel Aktif (5M - 50M),Normal (50-150%),Mark-Down (Fase Runtuh),Spesialis Tiang Jemuran (Banting Pucuk),Normal,Turun 1 Hari Beruntun,TP: 6341 | CL: 5814,Normal,Sangat Menarik (> 1:3),Oversold (Jenuh Jual - Peluang),Sentimen Positif 📰,Normal / Sedang Transisi,Golden Rebound Fibo 78.6% 🎯,2,WAIT & SEE,TIDAK ADA,2026-08-24 16:50:01,Biasa / Mengikuti Pasar
16:50,DIGI,Token Mati (Perlu Update),Small Cap (Lapis 3),Fair Value (Wajar),0.0,-7.80409,29.0,29,29,29,0.0,0,Normal,44,Negatif,Downtrend,Bearish,Bullish MACD,Konsolidasi / Transisi,Normal,Netral,Normal,Tidak Ada Transaksi,Squeeze,Rendah,Doji (Ragu-ragu),Dekat Support (Low Risk),< 1 Miliar,Di Atas VWAP (Kuat),Netral,Gorengan Sepi (< 5M),Normal (50-150%),Sideways,Solid (Jarang Dibanting),Normal,Sideways / Stagnan,TP: 30 | CL: 28,Normal,Di Area Support,Oversold (Jenuh Jual - Peluang),Netral / Sepi Berita,Normal / Sedang Transisi,Golden Rebound Fibo 78.6% 🎯,1,WAIT & SEE,TIDAK ADA,2026-08-24 16:50:01,Biasa / Mengikuti Pasar
16:50,CITY,Token Mati (Perlu Update),Small Cap (Lapis 3),Overvalued (Mahal),40.877598,1.0650845,178.0,173,163,195,1.1363636363636365,351600,Normal,57,Positif,Uptrend,Bullish,Bearish MACD,Perfect Uptrend (5>20>50),Normal,Akumulasi (Naik),Normal,Seimbang / Adu Mekanik,Normal,Sedang,Doji (Ragu-ragu),Area Tengah,< 1 Miliar,Persis di VWAP,Akumulasi Pro (Smart Money),Gorengan Sepi (< 5M),Sepi (< 50%),Mark-Up (Fase Pesta),Spesialis Tiang Jemuran (Banting Pucuk),Jarum Bawah (Sinyal Pantulan Kuat),Naik 1 Hari Beruntun,TP: 191 | CL: 169,Normal,Menengah (1:1),Netral / Sideways,Netral / Sepi Berita,Supply Kering (Siap Pump) 🏜️,Golden Rebound Fibo 23.6% 🎯,5,WAIT & SEE,TIDAK ADA,2026-08-24 16:50:01,Biasa / Mengikuti Pasar
16:50,SAPX,Token Mati (Perlu Update),Small Cap (Lapis 3),Overvalued (Mahal),95.19651,0.86538154,218.0,215,204,252,0.0,65300,Normal,56,Negatif,Uptrend,Bearish,Strong Bullish,Konsolidasi / Transisi,Normal,Akumulasi (Naik),Normal,Dominan Jual (Guyur),Squeeze,Rendah,Normal,Area Tengah,< 1 Miliar,Di Atas VWAP (Kuat),Akumulasi Pro (Smart Money),Gorengan Sepi (< 5M),Sepi (< 50%),Mark-Up (Fase Pesta),Spesialis Tiang Jemuran (Banting Pucuk),Normal,Sideways / Stagnan,TP: 232 | CL: 208,Normal,Ideal (1:2),Netral / Sideways,Sentimen Negatif ⚠️,Supply Kering (Siap Pump) 🏜️,Golden Rebound Fibo 50.0% 🎯,4,WAIT & SEE,TIDAK ADA,2026-08-24 16:50:01,Biasa / Mengikuti Pasar
16:50,SURE,Token Mati (Perlu Update),Mid Cap (Lapis 2),Overvalued (Mahal),1617.2839,-12.200858,2620.0,2720,2600,2820,-2.9629629629629632,1600,Tembus MA20,39,Negatif,Downtrend,Bearish,Strong Bearish,Strong Downtrend (5<20<50),Normal,Distribusi (Turun),Normal,Dominan Jual (Guyur),Squeeze,Rendah,Normal,Dekat Support (Low Risk),< 1 Miliar,Di Bawah VWAP (Lemah),Distribusi Pro (Guyuran),Gorengan Sepi (< 5M),Normal (50-150%),Mark-Down (Fase Runtuh),Spesialis Tiang Jemuran (Banting Pucuk),Normal,Turun 1 Hari Beruntun,TP: 2702 | CL: 2565,Open = High (Tekanan Jual),Sangat Menarik (> 1:3),Netral / Sideways,Netral / Sepi Berita,Normal / Sedang Transisi,Dekat Support Fibo 78.6%,1,WAIT & SEE,TIDAK ADA,2026-08-24 16:50:01,Biasa / Mengikuti Pasar
16:50,MPRO,Token Mati (Perlu Update),Big Cap (Lapis 1),Overvalued (Mahal),0.0,157.57361,12500.0,12275,9050,17275,-4.761904761904762,6000,Normal,54,Negatif,Uptrend,Bullish,Bearish MACD,Perfect Uptrend (5>20>50),Normal,Distribusi (Turun),Gap Down (-7.6%),Dominan Beli (Hajar Kanan),Normal,Tinggi,Normal,Rawan Pucuk (High Risk),< 1 Miliar,Di Bawah VWAP (Lemah),Distribusi Pro (Guyuran),Gorengan Sepi (< 5M),Normal (50-150%),Mark-Up (Fase Pesta),Normal,Jarum Bawah (Sinyal Pantulan Kuat),Turun 3 Hari Beruntun,TP: 14251 | CL: 11332,Normal,Menengah (1:1),Death Cross (Awal Bearish),Netral / Sepi Berita,Normal / Sedang Transisi,Mendekati Fibo 50.0%,4,WAIT & SEE,TIDAK ADA,2026-08-24 16:50:01,Biasa / Mengikuti Pasar
16:50,GOOD,Token Mati (Perlu Update),Big Cap (Lapis 1),Fair Value (Wajar),16.210526,2.908102,308.0,300,286,310,0.6535947712418301,179200,Normal,56,Positif,Uptrend,Bullish,Strong Bullish,Awal Reversal (5>20),Normal,Akumulasi (Naik),Normal,Dominan Beli (Hajar Kanan),Normal,Sedang,Normal,Area Tengah,< 1 Miliar,Persis di VWAP,Akumulasi Pro (Smart Money),Gorengan Sepi (< 5M),Normal (50-150%),Accumulation (Kumpul Barang),Spesialis Tiang Jemuran (Banting Pucuk),Normal,Naik 2 Hari Beruntun,TP: 317 | CL: 301,Normal,Tidak Ideal (< 1:1),Netral / Sideways,Sentimen Positif 📰,Normal / Sedang Transisi,Mendekati Fibo 78.6%,8,BELI,TIDAK ADA,2026-08-24 16:50:01,Biasa / Mengikuti Pasar
16:50,SKRN,Token Mati (Perlu Update),Mid Cap (Lapis 2),Overvalued (Mahal),15.513127,4.5427017,390.0,400,378,436,0.5154639175257731,121800,Normal,48,Positif,Downtrend,Bearish,Bearish MACD,Konsolidasi / Transisi,Normal,Distribusi (Turun),Normal,Dominan Beli (Hajar Kanan),Normal,Sedang,Normal,Area Tengah,< 1 Miliar,Persis di VWAP,Akumulasi Pro (Smart Money),Gorengan Sepi (< 5M),Normal (50-150%),Distribution (Fase Jualan),Normal,Normal,Naik 1 Hari Beruntun,TP: 415 | CL: 373,Normal,Sangat Menarik (> 1:3),Netral / Sideways,Netral / Sepi Berita,Normal / Sedang Transisi,Dekat Support Fibo 38.2%,2,WAIT & SEE,TIDAK ADA,2026-08-24 16:50:01,Biasa / Mengikuti Pasar
16:50,YELO,Token Mati (Perlu Update),Small Cap (Lapis 3),Undervalued (Murah),5.699733,0.6764488,94.0,88,75,102,0.0,30294200,Normal,60,Negatif,Uptrend,Bullish,Strong Bullish,Perfect Uptrend (5>20>50),Normal,Akumulasi (Naik),Normal,Seimbang / Adu Mekanik,Normal,Tinggi,Normal,Rawan Pucuk (High Risk),> 1 Miliar,Di Bawah VWAP (Lemah),Akumulasi Pro (Smart Money),Ritel Aktif (5M - 50M),Sepi (< 50%),Mark-Up (Fase Pesta),Normal,Normal,Sideways / Stagnan,TP: 103 | CL: 87,Normal,Tidak Ideal (< 1:1),Netral / Sideways,Sentimen Positif 📰,Normal / Sedang Transisi,Mendekati Fibo 23.6%,6,WAIT & SEE,TIDAK ADA,2026-08-24 16:50:01,Biasa / Mengikuti Pasar
16:50,CAKK,Token Mati (Perlu Update),Small Cap (Lapis 3),Undervalued (Murah),12.34259,1.3268188,148.0,139,128,158,2.7777777777777777,1276100,Tembus MA20,62,Positif,Uptrend,Bullish,Strong Bullish,Perfect Uptrend (5>20>50),Normal,Akumulasi (Naik),Normal,Seimbang / Adu Mekanik,Normal,Sedang,Normal,Rawan Pucuk (High Risk),< 1 Miliar,Di Atas VWAP (Kuat),Distribusi Pro (Guyuran),Gorengan Sepi (< 5M),Anomali Tinggi (150-300%),Mark-Up (Fase Pesta),Spesialis Tiang Jemuran (Banting Pucuk),Normal,Naik 3 Hari Beruntun,TP: 155 | CL: 142,Normal,Tidak Ideal (< 1:1),Netral / Sideways,Sentimen Negatif ⚠️,Normal / Sedang Transisi,Mendekati Fibo 38.2%,7,BELI,TIDAK ADA,2026-08-24 16:50:01,Biasa / Mengikuti Pasar
16:50,SATU,Token Mati (Perlu Update),Small Cap (Lapis 3),Overvalued (Mahal),0.0,7.9818654,250.0,259,246,272,-0.7936507936507936,61300,Normal,24,Negatif,Downtrend,Bearish,Strong Bearish,Strong Downtrend (5<20<50),Normal,Distribusi (Turun),Normal,Seimbang / Adu Mekanik,Squeeze,Rendah,Normal,Dekat Support (Low Risk),< 1 Miliar,Di Bawah VWAP (Lemah),Distribusi Pro (Guyuran),Gorengan Sepi (< 5M),Normal (50-150%),Mark-Down (Fase Runtuh),Solid (Jarang Dibanting),Normal,Turun 1 Hari Beruntun,TP: 256 | CL: 245,Normal,Sangat Menarik (> 1:3),Golden Cross (Awal Bullish),Sentimen Positif 📰,Normal / Sedang Transisi,Dekat Support Fibo Bottom / 100%,1,WAIT & SEE,TIDAK ADA,2026-08-24 16:50:01,Biasa / Mengikuti Pasar
16:50,SOSS,Token Mati (Perlu Update),Small Cap (Lapis 3),Overvalued (Mahal),18.991205,4.9797254,840.0,872,785,975,0.0,0,Normal,43,Negatif,Downtrend,Bearish,Strong Bearish,Konsolidasi / Transisi,Normal,Netral,Normal,Tidak Ada Transaksi,Normal,Tinggi,Doji (Ragu-ragu),Area Tengah,< 1 Miliar,Persis di VWAP,Netral,Gorengan Sepi (< 5M),Sepi (< 50%),Distribution (Fase Jualan),Solid (Jarang Dibanting),Normal,Sideways / Stagnan,TP: 853 | CL: 830,Normal,Ideal (1:2),Netral / Sideways,Netral / Sepi Berita,Normal / Sedang Transisi,Mendekati Fibo 61.8% (Golden Ratio),0,WAIT & SEE,TIDAK ADA,2026-08-24 16:50:01,Biasa / Mengikuti Pasar
16:50,DEAL,Token Mati (Perlu Update),Small Cap (Lapis 3),Fair Value (Wajar),0.0,-0.12075836,6.0,6,6,6,0.0,0,Normal,0,Negatif,Downtrend,Bearish,Bearish MACD,Konsolidasi / Transisi,Normal,Netral,Normal,Tidak Ada Transaksi,Squeeze,Rendah,Doji (Ragu-ragu),Dekat Support (Low Risk),< 1 Miliar,Di Atas VWAP (Kuat),Netral,Gorengan Sepi (< 5M),Normal (50-150%),Sideways,Solid (Jarang Dibanting),Normal,Sideways / Stagnan,TP: 7 | CL: 5,Normal,Di Area Support,Oversold (Jenuh Jual - Peluang),Netral / Sepi Berita,Normal / Sedang Transisi,Normal / Sideways,0,WAIT & SEE,TIDAK ADA,2026-08-24 16:50:01,Biasa / Mengikuti Pasar
16:50,POLA,Token Mati (Perlu Update),Small Cap (Lapis 3),Overvalued (Mahal),33.333336,0.84031093,55.0,57,54,63,-1.7857142857142856,22264400,Tembus MA20,41,Negatif,Downtrend,Bearish,Strong Bearish,Strong Downtrend (5<20<50),Normal,Distribusi (Turun),Normal,Dominan Jual (Guyur),Bottom Rebound,Sedang,Doji (Ragu-ragu),Dekat Support (Low Risk),> 1 Miliar,Di Bawah VWAP (Lemah),Distribusi Pro (Guyuran),Gorengan Sepi (< 5M),Anomali Tinggi (150-300%),Mark-Down (Fase Runtuh),Normal,Normal,Turun 2 Hari Beruntun,TP: 59 | CL: 51,Normal,Sangat Menarik (> 1:3),Netral / Sideways,Sentimen Positif 📰,Normal / Sedang Transisi,Dekat Support Fibo 78.6%,2,WAIT & SEE,TIDAK ADA,2026-08-24 16:50:01,Biasa / Mengikuti Pasar
16:50,DIVA,Token Mati (Perlu Update),Small Cap (Lapis 3),Fair Value (Wajar),0.0,0.31966847,136.0,134,110,152,-0.7299270072992701,1662800,Normal,58,Negatif,Uptrend,Bullish,Bearish MACD,Perfect Uptrend (5>20>50),Normal,Akumulasi (Naik),Normal,Seimbang / Adu Mekanik,Normal,Tinggi,Doji (Ragu-ragu),Rawan Pucuk (High Risk),< 1 Miliar,Persis di VWAP,Akumulasi Pro (Smart Money),Gorengan Sepi (< 5M),Sepi (< 50%),Mark-Up (Fase Pesta),Spesialis Tiang Jemuran (Banting Pucuk),Normal,Turun 2 Hari Beruntun,TP: 148 | CL: 127,Normal,Tidak Ideal (< 1:1),Netral / Sideways,Netral / Sepi Berita,Normal / Sedang Transisi,Mengambang (Jauh dari Fibo),4,WAIT & SEE,TIDAK ADA,2026-08-24 16:50:01,Biasa / Mengikuti Pasar
16:50,LUCK,Token Mati (Perlu Update),Small Cap (Lapis 3),Fair Value (Wajar),0.0,0.6934646,116.0,113,99,120,1.7543859649122806,11001300,Tembus MA20,59,Positif,Uptrend,Bullish,Bearish MACD,Perfect Uptrend (5>20>50),Normal,Akumulasi (Naik),Normal,Seimbang / Adu Mekanik,Normal,Sedang,Doji (Ragu-ragu),Rawan Pucuk (High Risk),> 1 Miliar,Persis di VWAP,Distribusi Pro (Guyuran),Gorengan Sepi (< 5M),Anomali Tinggi (150-300%),Mark-Up (Fase Pesta),Spesialis Tiang Jemuran (Banting Pucuk),Normal,Naik 2 Hari Beruntun,TP: 123 | CL: 111,Normal,Tidak Ideal (< 1:1),Netral / Sideways,Sentimen Positif 📰,Normal / Sedang Transisi,Mendekati Fibo 50.0%,7,BELI,TIDAK ADA,2026-08-24 16:50:01,Biasa / Mengikuti Pasar
16:50,URBN,Token Mati (Perlu Update),Small Cap (Lapis 3),Fair Value (Wajar),0.0,0.796089,220.0,211,193,222,0.0,98200,Normal,56,Negatif,Uptrend,Golden Cross,Strong Bullish,Awal Reversal (5>20),Normal,Akumulasi (Naik),Gap Down (-2.7%),Dominan Beli (Hajar Kanan),Normal,Sedang,Normal,Rawan Pucuk (High Risk),< 1 Miliar,Di Atas VWAP (Kuat),Akumulasi Pro (Smart Money),Gorengan Sepi (< 5M),Normal (50-150%),Accumulation (Kumpul Barang),Normal,Normal,Sideways / Stagnan,TP: 229 | CL: 213,Normal,Tidak Ideal (< 1:1),Netral / Sideways,Sentimen Positif 📰,Normal / Sedang Transisi,Mendekati Fibo 38.2%,7,BELI,TIDAK ADA,2026-08-24 16:50:01,Biasa / Mengikuti Pasar
16:50,SOTS,Token Mati (Perlu Update),Small Cap (Lapis 3),Overvalued (Mahal),0.0,3.6752598,620.0,622,575,740,-3.125,348500,Normal,47,Negatif,Downtrend,Bullish,Strong Bullish,Perfect Uptrend (5>20>50),Normal,Distribusi (Turun),Normal,Seimbang / Adu Mekanik,Normal,Tinggi,Normal,Area Tengah,< 1 Miliar,Di Bawah VWAP (Lemah),Akumulasi Pro (Smart Money),Gorengan Sepi (< 5M),Normal (50-150%),Distribution (Fase Jualan),Spesialis Tiang Jemuran (Banting Pucuk),Normal,Turun 4 Hari Beruntun,TP: 703 | CL: 564,Normal,Ideal (1:2),Netral / Sideways,Netral / Sepi Berita,Normal / Sedang Transisi,Mengambang (Jauh dari Fibo),2,WAIT & SEE,TIDAK ADA,2026-08-24 16:50:01,Biasa / Mengikuti Pasar
16:50,ZONE,Token Mati (Perlu Update),Small Cap (Lapis 3),Fair Value (Wajar),12.5817375,1.5405312,710.0,730,500,950,-1.3888888888888888,5200,Normal,56,Negatif,Downtrend,Bearish,Bearish MACD,Konsolidasi / Transisi,Normal,Akumulasi (Naik),Normal,Dominan Jual (Guyur),Normal,Tinggi,Normal,Rawan Pucuk (High Risk),< 1 Miliar,Persis di VWAP,Akumulasi Pro (Smart Money),Gorengan Sepi (< 5M),Sepi (< 50%),Distribution (Fase Jualan),Normal,Normal,Turun 1 Hari Beruntun,TP: 789 | CL: 657,Normal,Menengah (1:1),Netral / Sideways,Sentimen Positif 📰,Normal / Sedang Transisi,Dekat Support Fibo 38.2%,3,WAIT & SEE,TIDAK ADA,2026-08-24 16:50:01,Biasa / Mengikuti Pasar
16:50,PEHA,Token Mati (Perlu Update),Small Cap (Lapis 3),Undervalued (Murah),6.6206236,0.561276,278.0,269,252,330,-1.4184397163120568,1444400,Tembus MA20,55,Negatif,Uptrend,Bullish,Strong Bullish,Perfect Uptrend (5>20>50),Normal,Distribusi (Turun),Normal,Dominan Jual (Guyur),Normal,Tinggi,Normal,Rawan Pucuk (High Risk),< 1 Miliar,Di Bawah VWAP (Lemah),Distribusi Pro (Guyuran),Gorengan Sepi (< 5M),Normal (50-150%),Mark-Up (Fase Pesta),Spesialis Tiang Jemuran (Banting Pucuk),Normal,Turun 2 Hari Beruntun,TP: 307 | CL: 258,Normal,Ideal (1:2),Netral / Sideways,Sentimen Positif 📰,Normal / Sedang Transisi,Mendekati Fibo 50.0%,6,WAIT & SEE,TIDAK ADA,2026-08-24 16:50:01,Biasa / Mengikuti Pasar
16:50,FOOD,Token Mati (Perlu Update),Small Cap (Lapis 3),Fair Value (Wajar),0.0,-4.55994,176.0,176,176,176,0.0,0,Normal,54,Negatif,Downtrend,Bearish,Bearish MACD,Konsolidasi / Transisi,Normal,Netral,Normal,Tidak Ada Transaksi,Squeeze,Rendah,Doji (Ragu-ragu),Dekat Support (Low Risk),< 1 Miliar,Di Atas VWAP (Kuat),Netral,Gorengan Sepi (< 5M),Normal (50-150%),Sideways,Solid (Jarang Dibanting),Normal,Sideways / Stagnan,TP: 177 | CL: 175,Normal,Di Area Support,Oversold (Jenuh Jual - Peluang),Netral / Sepi Berita,Normal / Sedang Transisi,Mendekati Fibo 23.6%,1,WAIT & SEE,TIDAK ADA,2026-08-24 16:50:01,Biasa / Mengikuti Pasar
16:50,BEEF,Token Mati (Perlu Update),Mid Cap (Lapis 2),Overvalued (Mahal),49.52978,10.171455,476.0,423,330,498,0.0,6499600,Normal,79,Negatif,Uptrend,Bullish,Bearish MACD,Perfect Uptrend (5>20>50),Normal,Akumulasi (Naik),Normal,Seimbang / Adu Mekanik,Normal,Tinggi,Doji (Ragu-ragu),Rawan Pucuk (High Risk),> 1 Miliar,Di Atas VWAP (Kuat),Akumulasi Pro (Smart Money),Ritel Aktif (5M - 50M),Sepi (< 50%),Mark-Up (Fase Pesta),Spesialis Tiang Jemuran (Banting Pucuk),Normal,Sideways / Stagnan,TP: 525 | CL: 443,Normal,Tidak Ideal (< 1:1),Overbought (Jenuh Beli - Rawan),Netral / Sepi Berita,Normal / Sedang Transisi,Mengambang (Jauh dari Fibo),4,WAIT & SEE,TIDAK ADA,2026-08-24 16:50:01,Biasa / Mengikuti Pasar
16:50,POLI,Token Mati (Perlu Update),Mid Cap (Lapis 2),Fair Value (Wajar),23.623232,0.7370726,785.0,747,670,840,4.666666666666667,56800,Tembus MA20,57,Positif,Uptrend,Bullish,Strong Bullish,Perfect Uptrend (5>20>50),Akumulasi Kuat,Akumulasi (Naik),Normal,Seimbang / Adu Mekanik,Normal,Sedang,Normal,Rawan Pucuk (High Risk),< 1 Miliar,Di Atas VWAP (Kuat),Akumulasi Pro (Smart Money),Gorengan Sepi (< 5M),Anomali Tinggi (150-300%),Mark-Up (Fase Pesta),Normal,Normal,Naik 1 Hari Beruntun,TP: 858 | CL: 735,Normal,Tidak Ideal (< 1:1),Death Cross (Awal Bearish),Netral / Sepi Berita,Normal / Sedang Transisi,Dekat Support Fibo 61.8% (Golden Ratio),8,BELI,TIDAK ADA,2026-08-24 16:50:01,Biasa / Mengikuti Pasar
16:50,CLAY,Token Mati (Perlu Update),Mid Cap (Lapis 2),Overvalued (Mahal),269.23077,245.65823,2730.0,2651,2210,2930,-0.36496350364963503,11700,Normal,55,Negatif,Uptrend,Bullish,Strong Bullish,Perfect Uptrend (5>20>50),Normal,Distribusi (Turun),Normal,Dominan Beli (Hajar Kanan),Normal,Tinggi,Hammer (Potensi Reversal),Rawan Pucuk (High Risk),< 1 Miliar,Persis di VWAP,Akumulasi Pro (Smart Money),Gorengan Sepi (< 5M),Normal (50-150%),Mark-Up (Fase Pesta),Spesialis Tiang Jemuran (Banting Pucuk),Jarum Bawah (Sinyal Pantulan Kuat),Turun 2 Hari Beruntun,TP: 2936 | CL: 2592,Normal,Tidak Ideal (< 1:1),Netral / Sideways,Netral / Sepi Berita,Normal / Sedang Transisi,Mendekati Fibo 38.2%,5,WAIT & SEE,TIDAK ADA,2026-08-24 16:50:01,Biasa / Mengikuti Pasar
16:50,NATO,Token Mati (Perlu Update),Mid Cap (Lapis 2),Fair Value (Wajar),0.0,2.522984,660.0,656,610,700,-0.7518796992481203,76500,Normal,58,Negatif,Uptrend,Bearish,Bearish MACD,Konsolidasi / Transisi,Normal,Akumulasi (Naik),Gap Down (-2.3%),Seimbang / Adu Mekanik,Squeeze,Rendah,Normal,Area Tengah,< 1 Miliar,Di Atas VWAP (Kuat),Akumulasi Pro (Smart Money),Gorengan Sepi (< 5M),Normal (50-150%),Mark-Up (Fase Pesta),Spesialis Tiang Jemuran (Banting Pucuk),Normal,Turun 1 Hari Beruntun,TP: 710 | CL: 626,Open = Low (Bullish Kuat),Tidak Ideal (< 1:1),Death Cross (Awal Bearish),Netral / Sepi Berita,Normal / Sedang Transisi,Dekat Support Fibo 23.6%,3,WAIT & SEE,TIDAK ADA,2026-08-24 16:50:01,Biasa / Mengikuti Pasar
16:50,JAYA,Token Mati (Perlu Update),Small Cap (Lapis 3),Undervalued (Murah),10.217881,0.81036794,136.0,132,122,147,0.7407407407407408,10103000,Tembus MA20,66,Positif,Uptrend,Bullish,Bearish MACD,Perfect Uptrend (5>20>50),Akumulasi Kuat,Akumulasi (Naik),Normal,Dominan Jual (Guyur),Squeeze,Rendah,Doji (Ragu-ragu),Rawan Pucuk (High Risk),> 1 Miliar,Di Bawah VWAP (Lemah),Distribusi Pro (Guyuran),Gorengan Sepi (< 5M),Ledakan Ekstrem (> 300%),Mark-Up (Fase Pesta),Spesialis Tiang Jemuran (Banting Pucuk),Normal,Naik 3 Hari Beruntun,TP: 142 | CL: 131,Normal,Tidak Ideal (< 1:1),Netral / Sideways,Netral / Sepi Berita,Normal / Sedang Transisi,Mendekati Fibo 38.2%,7,BELI,TIDAK ADA,2026-08-24 16:50:01,Biasa / Mengikuti Pasar
16:50,COCO,Token Mati (Perlu Update),Mid Cap (Lapis 2),Overvalued (Mahal),14.020618,4.415967,102.0,104,96,119,-0.9708737864077669,107603500,Normal,40,Negatif,Downtrend,Bearish,Bullish MACD,Strong Downtrend (5<20<50),Normal,Akumulasi (Naik),Normal,Dominan Jual (Guyur),Normal,Tinggi,Normal,Area Tengah,> 1 Miliar,Persis di VWAP,Distribusi Pro (Guyuran),Ritel Aktif (5M - 50M),Normal (50-150%),Mark-Down (Fase Runtuh),Normal,Normal,Turun 1 Hari Beruntun,TP: 109 | CL: 96,Normal,Ideal (1:2),Netral / Sideways,Sentimen Positif 📰,Normal / Sedang Transisi,Mengambang (Jauh dari Fibo),3,WAIT & SEE,TIDAK ADA,2026-08-24 16:50:01,Biasa / Mengikuti Pasar
16:50,MTPS,Token Mati (Perlu Update),Small Cap (Lapis 3),Overvalued (Mahal),0.0,4.481576,81.0,81,81,81,0.0,0,Normal,0,Negatif,Downtrend,Bearish,Bearish MACD,Konsolidasi / Transisi,Normal,Netral,Normal,Tidak Ada Transaksi,Squeeze,Rendah,Doji (Ragu-ragu),Dekat Support (Low Risk),< 1 Miliar,Di Atas VWAP (Kuat),Netral,Gorengan Sepi (< 5M),Normal (50-150%),Sideways,Solid (Jarang Dibanting),Normal,Sideways / Stagnan,TP: 82 | CL: 80,Normal,Di Area Support,Oversold (Jenuh Jual - Peluang),Netral / Sepi Berita,Normal / Sedang Transisi,Normal / Sideways,0,WAIT & SEE,TIDAK ADA,2026-08-24 16:50:01,Biasa / Mengikuti Pasar
16:50,HRME,Token Mati (Perlu Update),Small Cap (Lapis 3),Fair Value (Wajar),0.0,0.4624095,41.0,42,40,45,-2.380952380952381,836400,Normal,43,Negatif,Downtrend,Bullish,Strong Bearish,Awal Reversal (5>20),Normal,Distribusi (Turun),Gap Down (-2.4%),Dominan Jual (Guyur),Normal,Sedang,Doji (Ragu-ragu),Dekat Support (Low Risk),< 1 Miliar,Di Bawah VWAP (Lemah),Akumulasi Pro (Smart Money),Gorengan Sepi (< 5M),Normal (50-150%),Mark-Down (Fase Runtuh),Normal,Normal,Turun 3 Hari Beruntun,TP: 43 | CL: 39,Normal,Sangat Menarik (> 1:3),Netral / Sideways,Netral / Sepi Berita,Normal / Sedang Transisi,Mendekati Fibo 78.6%,1,WAIT & SEE,TIDAK ADA,2026-08-24 16:50:01,Biasa / Mengikuti Pasar
16:50,JAST,Token Mati (Perlu Update),Small Cap (Lapis 3),Fair Value (Wajar),0.0,1.7537706,90.0,83,81,99,7.142857142857142,233179300,Tembus MA20,69,Positif,Uptrend,Golden Cross,Strong Bullish,Perfect Uptrend (5>20>50),Akumulasi Kuat,Akumulasi (Naik),Normal,Seimbang / Adu Mekanik,Breakout Upper,Sedang,Normal,Rawan Pucuk (High Risk),> 1 Miliar,Persis di VWAP,Distribusi Pro (Guyuran),Gorengan Sepi (< 5M),Ledakan Ekstrem (> 300%),Mark-Up (Fase Pesta),Spesialis Tiang Jemuran (Banting Pucuk),Normal,Naik 2 Hari Beruntun,TP: 96 | CL: 85,Normal,Menengah (1:1),Netral / Sideways,Netral / Sepi Berita,Normal / Sedang Transisi,Dekat Support Fibo 38.2%,8,BELI,TIDAK ADA,2026-08-24 16:50:01,Biasa / Mengikuti Pasar
16:50,FITT,Token Mati (Perlu Update),Small Cap (Lapis 3),Overvalued (Mahal),0.0,6.832254,384.0,363,344,414,-2.5380710659898478,212200,Normal,59,Negatif,Uptrend,Bullish,Strong Bullish,Awal Reversal (5>20),Normal,Akumulasi (Naik),Gap Down (-2.5%),Dominan Jual (Guyur),Normal,Tinggi,Doji (Ragu-ragu),Rawan Pucuk (High Risk),< 1 Miliar,Persis di VWAP,Akumulasi Pro (Smart Money),Gorengan Sepi (< 5M),Sepi (< 50%),Accumulation (Kumpul Barang),Spesialis Tiang Jemuran (Banting Pucuk),Normal,Turun 2 Hari Beruntun,TP: 412 | CL: 364,Normal,Tidak Ideal (< 1:1),Death Cross (Awal Bearish),Netral / Sepi Berita,Normal / Sedang Transisi,Mendekati Fibo 50.0%,5,WAIT & SEE,TIDAK ADA,2026-08-24 16:50:01,Biasa / Mengikuti Pasar
16:50,BOLA,Token Mati (Perlu Update),Small Cap (Lapis 3),Fair Value (Wajar),0.0,1.5479556,150.0,155,146,166,0.6711409395973155,635100,Normal,42,Positif,Downtrend,Bearish,Strong Bearish,Strong Downtrend (5<20<50),Normal,Akumulasi (Naik),Normal,Dominan Beli (Hajar Kanan),Normal,Sedang,Normal,Dekat Support (Low Risk),< 1 Miliar,Persis di VWAP,Akumulasi Pro (Smart Money),Gorengan Sepi (< 5M),Normal (50-150%),Mark-Down (Fase Runtuh),Normal,Normal,Naik 1 Hari Beruntun,TP: 156 | CL: 145,Normal,Sangat Menarik (> 1:3),Golden Cross (Awal Bullish),Sentimen Negatif ⚠️,Normal / Sedang Transisi,Dekat Support Fibo 50.0%,3,WAIT & SEE,TIDAK ADA,2026-08-24 16:50:01,Biasa / Mengikuti Pasar
16:50,CCSI,Token Mati (Perlu Update),Small Cap (Lapis 3),Undervalued (Murah),7.8735313,0.62046915,256.0,252,232,300,0.7874015748031495,374000,Tembus MA20,53,Positif,Uptrend,Bullish,Strong Bullish,Perfect Uptrend (5>20>50),Normal,Akumulasi (Naik),Normal,Seimbang / Adu Mekanik,Normal,Sedang,Normal,Rawan Pucuk (High Risk),< 1 Miliar,Di Bawah VWAP (Lemah),Distribusi Pro (Guyuran),Gorengan Sepi (< 5M),Normal (50-150%),Mark-Up (Fase Pesta),Spesialis Tiang Jemuran (Banting Pucuk),Normal,Naik 2 Hari Beruntun,TP: 283 | CL: 237,Normal,Ideal (1:2),Golden Cross (Awal Bullish),Netral / Sepi Berita,Normal / Sedang Transisi,Dekat Support Fibo 50.0%,7,BELI,TIDAK ADA,2026-08-24 16:50:01,Biasa / Mengikuti Pasar
16:50,SFAN,Token Mati (Perlu Update),Mid Cap (Lapis 2),Overvalued (Mahal),0.0,28.902145,2030.0,1989,1945,2030,0.0,50000,Tembus MA20,83,Negatif,Uptrend,Bullish,Strong Bullish,Perfect Uptrend (5>20>50),Normal,Akumulasi (Naik),Normal,Dominan Beli (Hajar Kanan),Squeeze,Rendah,Marubozu (Strong Bullish),Area Tengah,< 1 Miliar,Persis di VWAP,Akumulasi Pro (Smart Money),Gorengan Sepi (< 5M),Normal (50-150%),Mark-Up (Fase Pesta),Normal,Normal,Sideways / Stagnan,TP: 2045 | CL: 2020,Open = Low (Bullish Kuat),Tidak Ideal (< 1:1),Overbought (Jenuh Beli - Rawan),Netral / Sepi Berita,Normal / Sedang Transisi,Dekat Support Fibo 23.6%,7,BELI,TIDAK ADA,2026-08-24 16:50:01,Biasa / Mengikuti Pasar
16:50,POLU,Token Mati (Perlu Update),Big Cap (Lapis 1),Overvalued (Mahal),0.0,83.77419,13650.0,11826,11000,13650,20.0,43500,Tembus MA20,65,Positif,Uptrend,Bearish,Bullish MACD,Strong Downtrend (5<20<50),Akumulasi Kuat,Akumulasi (Naik),Normal,Dominan Beli (Hajar Kanan),Breakout Upper,Tinggi,Marubozu (Strong Bullish),Rawan Pucuk (High Risk),< 1 Miliar,Di Atas VWAP (Kuat),Akumulasi Pro (Smart Money),Gorengan Sepi (< 5M),Ledakan Ekstrem (> 300%),Accumulation (Kumpul Barang),Normal,Normal,Naik 2 Hari Beruntun,TP: 14539 | CL: 13057,Normal,Tidak Ideal (< 1:1),Netral / Sideways,Netral / Sepi Berita,Normal / Sedang Transisi,Mengambang (Jauh dari Fibo),8,BELI,TIDAK ADA,2026-08-24 16:50:01,⚠️ Anomali (Sudah Terbang)
16:50,KJEN,Token Mati (Perlu Update),Small Cap (Lapis 3),Fair Value (Wajar),0.0,1.2946535,162.0,152,122,193,-2.4096385542168677,3015700,Normal,57,Negatif,Uptrend,Bullish,Strong Bullish,Perfect Uptrend (5>20>50),Normal,Akumulasi (Naik),Normal,Dominan Jual (Guyur),Normal,Tinggi,Normal,Rawan Pucuk (High Risk),< 1 Miliar,Di Bawah VWAP (Lemah),Distribusi Pro (Guyuran),Ritel Aktif (5M - 50M),Sepi (< 50%),Mark-Up (Fase Pesta),Spesialis Tiang Jemuran (Banting Pucuk),Normal,Turun 2 Hari Beruntun,TP: 182 | CL: 148,Normal,Tidak Ideal (< 1:1),Netral / Sideways,Netral / Sepi Berita,Normal / Sedang Transisi,Mendekati Fibo 61.8% (Golden Ratio),5,WAIT & SEE,TIDAK ADA,2026-08-24 16:50:01,Biasa / Mengikuti Pasar
16:50,KAYU,Token Mati (Perlu Update),Small Cap (Lapis 3),Overvalued (Mahal),86.1244,0.14753978,18.0,18,18,18,0.0,0,Normal,0,Negatif,Downtrend,Bearish,Bearish MACD,Konsolidasi / Transisi,Normal,Netral,Normal,Tidak Ada Transaksi,Squeeze,Rendah,Doji (Ragu-ragu),Dekat Support (Low Risk),< 1 Miliar,Di Atas VWAP (Kuat),Netral,Gorengan Sepi (< 5M),Normal (50-150%),Sideways,Solid (Jarang Dibanting),Normal,Sideways / Stagnan,TP: 19 | CL: 17,Normal,Di Area Support,Oversold (Jenuh Jual - Peluang),Netral / Sepi Berita,Normal / Sedang Transisi,Normal / Sideways,0,WAIT & SEE,TIDAK ADA,2026-08-24 16:50:01,Biasa / Mengikuti Pasar
16:50,ITIC,Token Mati (Perlu Update),Small Cap (Lapis 3),Undervalued (Murah),10.519946,0.44209877,224.0,223,208,250,-0.8849557522123894,1027100,Normal,54,Negatif,Uptrend,Bullish,Bearish MACD,Perfect Uptrend (5>20>50),Normal,Distribusi (Turun),Normal,Dominan Jual (Guyur),Normal,Sedang,Normal,Area Tengah,< 1 Miliar,Di Bawah VWAP (Lemah),Distribusi Pro (Guyuran),Gorengan Sepi (< 5M),Anomali Tinggi (150-300%),Mark-Up (Fase Pesta),Spesialis Tiang Jemuran (Banting Pucuk),Normal,Turun 2 Hari Beruntun,TP: 241 | CL: 212,Normal,Ideal (1:2),Netral / Sideways,Sentimen Positif 📰,Normal / Sedang Transisi,Mendekati Fibo 38.2%,4,WAIT & SEE,TIDAK ADA,2026-08-24 16:50:01,Biasa / Mengikuti Pasar
16:50,PAMG,Token Mati (Perlu Update),Small Cap (Lapis 3),Fair Value (Wajar),0.0,0.40760174,56.0,56,54,70,0.0,6629900,Normal,51,Negatif,Downtrend,Bearish,Bearish MACD,Konsolidasi / Transisi,Normal,Netral,Normal,Seimbang / Adu Mekanik,Normal,Sedang,Normal,Area Tengah,< 1 Miliar,Persis di VWAP,Distribusi Pro (Guyuran),Gorengan Sepi (< 5M),Sepi (< 50%),Distribution (Fase Jualan),Spesialis Tiang Jemuran (Banting Pucuk),Normal,Sideways / Stagnan,TP: 59 | CL: 53,Open = High (Tekanan Jual),Sangat Menarik (> 1:3),Oversold (Jenuh Jual - Peluang),Sentimen Positif 📰,Normal / Sedang Transisi,Mendekati Fibo 78.6%,2,WAIT & SEE,TIDAK ADA,2026-08-24 16:50:01,Biasa / Mengikuti Pasar
16:50,IPTV,Token Mati (Perlu Update),Mid Cap (Lapis 2),Fair Value (Wajar),0.0,0.22543323,31.0,30,29,33,0.0,488900,Normal,51,Negatif,Uptrend,Bearish,Bullish MACD,Konsolidasi / Transisi,Normal,Akumulasi (Naik),Normal,Dominan Beli (Hajar Kanan),Normal,Sedang,Doji (Ragu-ragu),Area Tengah,< 1 Miliar,Di Atas VWAP (Kuat),Akumulasi Pro (Smart Money),Gorengan Sepi (< 5M),Sepi (< 50%),Accumulation (Kumpul Barang),Normal,Jarum Bawah (Sinyal Pantulan Kuat),Sideways / Stagnan,TP: 32 | CL: 30,Normal,Menengah (1:1),Netral / Sideways,Netral / Sepi Berita,Normal / Sedang Transisi,Mendekati Fibo 78.6%,5,WAIT & SEE,TIDAK ADA,2026-08-24 16:50:01,Biasa / Mengikuti Pasar
16:50,BLUE,Token Mati (Perlu Update),Mid Cap (Lapis 2),Overvalued (Mahal),76.258995,11.545633,2700.0,2522,2290,2970,-2.877697841726619,809200,Tembus MA20,54,Negatif,Uptrend,Golden Cross,Bullish MACD,Awal Reversal (5>20),Distribusi Kuat,Akumulasi (Naik),Gap Up (+2.5%),Seimbang / Adu Mekanik,Normal,Tinggi,Normal,Rawan Pucuk (High Risk),> 1 Miliar,Di Atas VWAP (Kuat),Akumulasi Pro (Smart Money),Gorengan Sepi (< 5M),Ledakan Ekstrem (> 300%),Accumulation (Kumpul Barang),Normal,Normal,Turun 1 Hari Beruntun,TP: 2945 | CL: 2536,Normal,Tidak Ideal (< 1:1),Netral / Sideways,Netral / Sepi Berita,Normal / Sedang Transisi,Mendekati Fibo 78.6%,7,BELI,TIDAK ADA,2026-08-24 16:50:01,Biasa / Mengikuti Pasar
16:50,EAST,Token Mati (Perlu Update),Small Cap (Lapis 3),Fair Value (Wajar),21.970062,0.8185588,91.0,90,87,92,1.1111111111111112,1976500,Tembus MA20,59,Positif,Uptrend,Bullish,Bearish MACD,Perfect Uptrend (5>20>50),Normal,Distribusi (Turun),Normal,Dominan Beli (Hajar Kanan),Squeeze,Rendah,Doji (Ragu-ragu),Area Tengah,< 1 Miliar,Persis di VWAP,Distribusi Pro (Guyuran),Gorengan Sepi (< 5M),Normal (50-150%),Mark-Up (Fase Pesta),Normal,Jarum Bawah (Sinyal Pantulan Kuat),Naik 1 Hari Beruntun,TP: 93 | CL: 89,Normal,Tidak Ideal (< 1:1),Netral / Sideways,Sentimen Positif 📰,Normal / Sedang Transisi,Golden Rebound Fibo 23.6% 🎯,7,BELI,TIDAK ADA,2026-08-24 16:50:01,Biasa / Mengikuti Pasar
16:50,LIFE,Token Mati (Perlu Update),Big Cap (Lapis 1),Overvalued (Mahal),42.921684,1.4609889,5700.0,5791,5500,6000,0.4405286343612335,5600,Tembus MA20,45,Positif,Downtrend,Bearish,Strong Bearish,Strong Downtrend (5<20<50),Normal,Akumulasi (Naik),Normal,Dominan Beli (Hajar Kanan),Squeeze,Rendah,Marubozu (Strong Bullish),Area Tengah,< 1 Miliar,Persis di VWAP,Akumulasi Pro (Smart Money),Gorengan Sepi (< 5M),Normal (50-150%),Mark-Down (Fase Runtuh),Normal,Normal,Naik 1 Hari Beruntun,TP: 6045 | CL: 5469,Open = Low (Bullish Kuat),Ideal (1:2),Golden Cross (Awal Bullish),Netral / Sepi Berita,Normal / Sedang Transisi,Mendekati Fibo Bottom / 100%,4,WAIT & SEE,TIDAK ADA,2026-08-24 16:50:01,Biasa / Mengikuti Pasar
16:50,FUJI,Token Mati (Perlu Update),Small Cap (Lapis 3),Overvalued (Mahal),60.21127,2.412086,342.0,229,197,386,-6.043956043956044,3995000,Tembus MA20,79,Negatif,Uptrend,Bullish,Strong Bullish,Perfect Uptrend (5>20>50),Normal,Akumulasi (Naik),Gap Down (-3.8%),Seimbang / Adu Mekanik,Breakout Upper,Tinggi,Normal,Rawan Pucuk (High Risk),> 1 Miliar,Di Atas VWAP (Kuat),Akumulasi Pro (Smart Money),Gorengan Sepi (< 5M),Normal (50-150%),Mark-Up (Fase Pesta),Normal,Normal,Turun 1 Hari Beruntun,TP: 381 | CL: 315,Normal,Tidak Ideal (< 1:1),Death Cross (Awal Bearish),Netral / Sepi Berita,Supply Banjir (Distribusi) 🌊,Dekat Support Fibo 23.6%,6,WAIT & SEE,TIDAK ADA,2026-08-24 16:50:01,Biasa / Mengikuti Pasar
16:50,KOTA,Token Mati (Perlu Update),Mid Cap (Lapis 2),Overvalued (Mahal),32.719837,1.3589841,161.0,160,111,210,-3.592814371257485,404233600,Normal,56,Negatif,Uptrend,Bullish,Bearish MACD,Perfect Uptrend (5>20>50),Normal,Distribusi (Turun),Normal,Dominan Jual (Guyur),Normal,Tinggi,Normal,Rawan Pucuk (High Risk),> 1 Miliar,Di Bawah VWAP (Lemah),Distribusi Pro (Guyuran),Sultan (> 50M/hari),Normal (50-150%),Mark-Up (Fase Pesta),Spesialis Tiang Jemuran (Banting Pucuk),Normal,Turun 1 Hari Beruntun,TP: 187 | CL: 143,Normal,Tidak Ideal (< 1:1),Netral / Sideways,Netral / Sepi Berita,Normal / Sedang Transisi,Mendekati Fibo 38.2%,3,WAIT & SEE,TIDAK ADA,2026-08-24 16:50:01,🔥 ANOMALI BANDAR (Siap Ledakan)
16:50,INOV,Token Mati (Perlu Update),Small Cap (Lapis 3),Undervalued (Murah),7.97242,0.8321479,148.0,142,127,155,0.6802721088435374,2128200,Normal,67,Positif,Uptrend,Bullish,Bearish MACD,Perfect Uptrend (5>20>50),Normal,Akumulasi (Naik),Normal,Seimbang / Adu Mekanik,Normal,Tinggi,Normal,Rawan Pucuk (High Risk),< 1 Miliar,Persis di VWAP,Akumulasi Pro (Smart Money),Gorengan Sepi (< 5M),Normal (50-150%),Mark-Up (Fase Pesta),Normal,Normal,Naik 1 Hari Beruntun,TP: 154 | CL: 143,Normal,Tidak Ideal (< 1:1),Netral / Sideways,Sentimen Positif 📰,Normal / Sedang Transisi,Mendekati Fibo 23.6%,6,WAIT & SEE,TIDAK ADA,2026-08-24 16:50:01,Biasa / Mengikuti Pasar
16:50,ARKA,Token Mati (Perlu Update),Small Cap (Lapis 3),Undervalued (Murah),12.4293785,0.37204897,22.0,22,22,22,0.0,0,Normal,34,Negatif,Downtrend,Bearish,Bullish MACD,Konsolidasi / Transisi,Normal,Netral,Normal,Tidak Ada Transaksi,Squeeze,Rendah,Doji (Ragu-ragu),Dekat Support (Low Risk),< 1 Miliar,Di Atas VWAP (Kuat),Netral,Gorengan Sepi (< 5M),Normal (50-150%),Sideways,Solid (Jarang Dibanting),Normal,Sideways / Stagnan,TP: 23 | CL: 21,Normal,Di Area Support,Oversold (Jenuh Jual - Peluang),Netral / Sepi Berita,Normal / Sedang Transisi,Mendekati Fibo Bottom / 100%,1,WAIT & SEE,TIDAK ADA,2026-08-24 16:50:01,Biasa / Mengikuti Pasar
16:50,SMKL,Token Mati (Perlu Update),Small Cap (Lapis 3),Undervalued (Murah),4.426657,0.48100364,146.0,147,137,157,-0.6802721088435374,109300,Normal,52,Negatif,Downtrend,Death Cross,Bearish MACD,Konsolidasi / Transisi,Normal,Distribusi (Turun),Normal,Seimbang / Adu Mekanik,Squeeze,Rendah,Normal,Area Tengah,< 1 Miliar,Persis di VWAP,Distribusi Pro (Guyuran),Gorengan Sepi (< 5M),Normal (50-150%),Distribution (Fase Jualan),Normal,Normal,Turun 2 Hari Beruntun,TP: 157 | CL: 138,Open = High (Tekanan Jual),Menengah (1:1),Netral / Sideways,Sentimen Positif 📰,Supply Kering (Siap Pump) 🏜️,Golden Rebound Fibo 50.0% 🎯,2,WAIT & SEE,TIDAK ADA,2026-08-24 16:50:01,Biasa / Mengikuti Pasar
16:50,HDIT,Token Mati (Perlu Update),Small Cap (Lapis 3),Fair Value (Wajar),0.0,0.31706774,50.0,50,50,61,0.0,738700,Normal,45,Negatif,Downtrend,Bearish,Strong Bearish,Strong Downtrend (5<20<50),Normal,Distribusi (Turun),Normal,Tidak Ada Transaksi,Squeeze,Rendah,Doji (Ragu-ragu),Dekat Support (Low Risk),< 1 Miliar,Persis di VWAP,Distribusi Pro (Guyuran),Gorengan Sepi (< 5M),Sepi (< 50%),Mark-Down (Fase Runtuh),Spesialis Tiang Jemuran (Banting Pucuk),Normal,Sideways / Stagnan,TP: 53 | CL: 48,Normal,Di Area Support,Oversold (Jenuh Jual - Peluang),Sentimen Negatif ⚠️,Supply Kering (Siap Pump) 🏜️,Golden Rebound Fibo Bottom / 100% 🎯,0,WAIT & SEE,TIDAK ADA,2026-08-24 16:50:01,Biasa / Mengikuti Pasar
16:50,KEEN,Token Mati (Perlu Update),Mid Cap (Lapis 2),Overvalued (Mahal),31.823288,17346.94,850.0,876,820,920,-2.2988505747126435,9344300,Tembus MA20,44,Negatif,Downtrend,Death Cross,Bearish MACD,Konsolidasi / Transisi,Normal,Distribusi (Turun),Normal,Dominan Jual (Guyur),Normal,Sedang,Normal,Area Tengah,> 1 Miliar,Di Bawah VWAP (Lemah),Distribusi Pro (Guyuran),Ritel Aktif (5M - 50M),Normal (50-150%),Distribution (Fase Jualan),Solid (Jarang Dibanting),Normal,Turun 3 Hari Beruntun,TP: 884 | CL: 826,Open = High (Tekanan Jual),Ideal (1:2),Netral / Sideways,Sentimen Positif 📰,Normal / Sedang Transisi,Dekat Support Fibo 38.2%,2,WAIT & SEE,TIDAK ADA,2026-08-24 16:50:01,Biasa / Mengikuti Pasar
16:50,BAPI,Token Mati (Perlu Update),Small Cap (Lapis 3),Fair Value (Wajar),0.0,0.26727813,19.0,18,17,21,0.0,2898700,Normal,53,Negatif,Uptrend,Bullish,Bearish MACD,Perfect Uptrend (5>20>50),Normal,Distribusi (Turun),Gap Down (-5.3%),Dominan Beli (Hajar Kanan),Normal,Tinggi,Marubozu (Strong Bullish),Rawan Pucuk (High Risk),< 1 Miliar,Persis di VWAP,Distribusi Pro (Guyuran),Gorengan Sepi (< 5M),Sepi (< 50%),Mark-Up (Fase Pesta),Normal,Normal,Sideways / Stagnan,TP: 20 | CL: 17,Open = Low (Bullish Kuat),Menengah (1:1),Netral / Sideways,Netral / Sepi Berita,Normal / Sedang Transisi,Mendekati Fibo 50.0%,4,WAIT & SEE,TIDAK ADA,2026-08-24 16:50:01,Biasa / Mengikuti Pasar
16:50,TFAS,Token Mati (Perlu Update),Small Cap (Lapis 3),Fair Value (Wajar),0.0,1.8536323,187.0,189,181,250,1.0810810810810811,395800,Normal,49,Positif,Downtrend,Bearish,Strong Bearish,Strong Downtrend (5<20<50),Normal,Akumulasi (Naik),Normal,Seimbang / Adu Mekanik,Normal,Sedang,Normal,Area Tengah,< 1 Miliar,Persis di VWAP,Distribusi Pro (Guyuran),Gorengan Sepi (< 5M),Normal (50-150%),Mark-Down (Fase Runtuh),Spesialis Tiang Jemuran (Banting Pucuk),Normal,Naik 2 Hari Beruntun,TP: 200 | CL: 178,Normal,Sangat Menarik (> 1:3),Golden Cross (Awal Bullish),Sentimen Positif 📰,Normal / Sedang Transisi,Dekat Support Fibo 78.6%,3,WAIT & SEE,TIDAK ADA,2026-08-24 16:50:01,Biasa / Mengikuti Pasar
16:50,GGRP,Token Mati (Perlu Update),Mid Cap (Lapis 2),Overvalued (Mahal),0.0,5698.1133,302.0,300,290,306,0.6666666666666667,863500,Tembus MA20,55,Positif,Uptrend,Bullish,Bearish MACD,Perfect Uptrend (5>20>50),Normal,Distribusi (Turun),Normal,Seimbang / Adu Mekanik,Squeeze,Rendah,Doji (Ragu-ragu),Area Tengah,< 1 Miliar,Persis di VWAP,Akumulasi Pro (Smart Money),Gorengan Sepi (< 5M),Normal (50-150%),Mark-Up (Fase Pesta),Normal,Normal,Naik 1 Hari Beruntun,TP: 310 | CL: 296,Normal,Tidak Ideal (< 1:1),Netral / Sideways,Netral / Sepi Berita,Normal / Sedang Transisi,Dekat Support Fibo 38.2%,5,WAIT & SEE,TIDAK ADA,2026-08-24 16:50:01,Biasa / Mengikuti Pasar
16:50,OPMS,Token Mati (Perlu Update),Small Cap (Lapis 3),Fair Value (Wajar),0.0,1.3685477,125.0,121,98,144,1.6260162601626018,6679800,Normal,58,Positif,Uptrend,Bullish,Bearish MACD,Perfect Uptrend (5>20>50),Normal,Distribusi (Turun),Normal,Seimbang / Adu Mekanik,Normal,Tinggi,Doji (Ragu-ragu),Rawan Pucuk (High Risk),< 1 Miliar,Persis di VWAP,Distribusi Pro (Guyuran),Gorengan Sepi (< 5M),Normal (50-150%),Mark-Up (Fase Pesta),Spesialis Tiang Jemuran (Banting Pucuk),Normal,Naik 1 Hari Beruntun,TP: 137 | CL: 116,Normal,Tidak Ideal (< 1:1),Netral / Sideways,Netral / Sepi Berita,Normal / Sedang Transisi,Mendekati Fibo 38.2%,4,WAIT & SEE,TIDAK ADA,2026-08-24 16:50:01,Biasa / Mengikuti Pasar
16:50,NZIA,Token Mati (Perlu Update),Small Cap (Lapis 3),Overvalued (Mahal),119.39163,0.75338787,158.0,139,131,176,17.037037037037038,250183800,Tembus MA20,65,Positif,Uptrend,Bearish,Bullish MACD,Strong Downtrend (5<20<50),Akumulasi Kuat,Akumulasi (Naik),Normal,Seimbang / Adu Mekanik,Breakout Upper,Tinggi,Normal,Rawan Pucuk (High Risk),> 1 Miliar,Di Atas VWAP (Kuat),Akumulasi Pro (Smart Money),Ritel Aktif (5M - 50M),Ledakan Ekstrem (> 300%),Accumulation (Kumpul Barang),Spesialis Tiang Jemuran (Banting Pucuk),Normal,Naik 1 Hari Beruntun,TP: 170 | CL: 149,Normal,Tidak Ideal (< 1:1),Netral / Sideways,Sentimen Positif 📰,Normal / Sedang Transisi,Mengambang (Jauh dari Fibo),8,BELI,TIDAK ADA,2026-08-24 16:50:01,⚠️ Anomali (Sudah Terbang)
16:50,SLIS,Token Mati (Perlu Update),Small Cap (Lapis 3),Fair Value (Wajar),0.0,0.7488591,97.0,79,60,114,-1.0204081632653061,51508200,Normal,71,Negatif,Uptrend,Bullish,Strong Bullish,Perfect Uptrend (5>20>50),Normal,Distribusi (Turun),Gap Up (+2.0%),Dominan Jual (Guyur),Normal,Tinggi,Normal,Rawan Pucuk (High Risk),> 1 Miliar,Di Bawah VWAP (Lemah),Distribusi Pro (Guyuran),Ritel Aktif (5M - 50M),Sepi (< 50%),Mark-Up (Fase Pesta),Spesialis Tiang Jemuran (Banting Pucuk),Normal,Turun 2 Hari Beruntun,TP: 112 | CL: 86,Open = High (Tekanan Jual),Tidak Ideal (< 1:1),Death Cross (Awal Bearish),Netral / Sepi Berita,Normal / Sedang Transisi,Mengambang (Jauh dari Fibo),5,WAIT & SEE,TIDAK ADA,2026-08-24 16:50:01,Biasa / Mengikuti Pasar
16:50,IRRA,Token Mati (Perlu Update),Small Cap (Lapis 3),Undervalued (Murah),8.757062,0.9279215,368.0,372,362,384,-1.0752688172043012,520700,Normal,43,Negatif,Downtrend,Bearish,Strong Bearish,Konsolidasi / Transisi,Normal,Distribusi (Turun),Normal,Dominan Jual (Guyur),Squeeze,Rendah,Normal,Dekat Support (Low Risk),< 1 Miliar,Persis di VWAP,Akumulasi Pro (Smart Money),Gorengan Sepi (< 5M),Normal (50-150%),Distribution (Fase Jualan),Normal,Normal,Turun 2 Hari Beruntun,TP: 379 | CL: 360,Open = High (Tekanan Jual),Ideal (1:2),Netral / Sideways,Sentimen Positif 📰,Normal / Sedang Transisi,Dekat Support Fibo 50.0%,1,WAIT & SEE,TIDAK ADA,2026-08-24 16:50:01,Biasa / Mengikuti Pasar
16:50,DMMX,Token Mati (Perlu Update),Mid Cap (Lapis 2),Overvalued (Mahal),33.516483,1.9584131,183.0,187,168,270,-1.0810810810810811,1711800,Normal,51,Negatif,Downtrend,Bearish,Bearish MACD,Konsolidasi / Transisi,Normal,Distribusi (Turun),Normal,Dominan Jual (Guyur),Normal,Tinggi,Normal,Area Tengah,< 1 Miliar,Di Bawah VWAP (Lemah),Distribusi Pro (Guyuran),Gorengan Sepi (< 5M),Normal (50-150%),Distribution (Fase Jualan),Spesialis Tiang Jemuran (Banting Pucuk),Normal,Turun 2 Hari Beruntun,TP: 200 | CL: 171,Normal,Sangat Menarik (> 1:3),Oversold (Jenuh Jual - Peluang),Sentimen Positif 📰,Normal / Sedang Transisi,Mendekati Fibo 61.8% (Golden Ratio),2,WAIT & SEE,TIDAK ADA,2026-08-24 16:50:01,Biasa / Mengikuti Pasar
16:50,SINI,Token Mati (Perlu Update),Big Cap (Lapis 1),Fair Value (Wajar),0.0,-5.5004873,8700.0,7317,6700,8875,7.739938080495357,9848300,Tembus MA20,67,Positif,Uptrend,Bullish,Strong Bullish,Awal Reversal (5>20),Distribusi Kuat,Akumulasi (Naik),Gap Up (+9.9%),Dominan Jual (Guyur),Breakout Upper,Tinggi,Normal,Rawan Pucuk (High Risk),> 1 Miliar,Di Atas VWAP (Kuat),Distribusi Pro (Guyuran),Ritel Aktif (5M - 50M),Ledakan Ekstrem (> 300%),Accumulation (Kumpul Barang),Solid (Jarang Dibanting),Normal,Naik 6 Hari Beruntun,TP: 9107 | CL: 8428,Open = High (Tekanan Jual),Tidak Ideal (< 1:1),Overbought (Jenuh Beli - Rawan),Sentimen Positif 📰,Supply Banjir (Distribusi) 🌊,Mendekati Fibo 61.8% (Golden Ratio),9,BELI,TIDAK ADA,2026-08-24 16:50:01,Biasa / Mengikuti Pasar
16:50,WOWS,Token Mati (Perlu Update),Small Cap (Lapis 3),Fair Value (Wajar),0.0,0.27876413,61.0,59,55,68,-1.6129032258064515,16919800,Normal,53,Negatif,Uptrend,Bullish,Strong Bullish,Perfect Uptrend (5>20>50),Normal,Distribusi (Turun),Normal,Seimbang / Adu Mekanik,Normal,Sedang,Normal,Rawan Pucuk (High Risk),> 1 Miliar,Persis di VWAP,Akumulasi Pro (Smart Money),Gorengan Sepi (< 5M),Normal (50-150%),Mark-Up (Fase Pesta),Normal,Normal,Turun 2 Hari Beruntun,TP: 67 | CL: 57,Normal,Menengah (1:1),Netral / Sideways,Sentimen Positif 📰,Supply Banjir (Distribusi) 🌊,Dekat Support Fibo 50.0%,5,WAIT & SEE,TIDAK ADA,2026-08-24 16:50:01,Biasa / Mengikuti Pasar
16:50,ESIP,Token Mati (Perlu Update),Small Cap (Lapis 3),Overvalued (Mahal),41.471573,1.4029529,124.0,127,118,144,-1.5873015873015872,8776300,Normal,45,Negatif,Downtrend,Bearish,Strong Bearish,Strong Downtrend (5<20<50),Normal,Akumulasi (Naik),Normal,Seimbang / Adu Mekanik,Normal,Sedang,Normal,Area Tengah,> 1 Miliar,Di Bawah VWAP (Lemah),Distribusi Pro (Guyuran),Gorengan Sepi (< 5M),Normal (50-150%),Mark-Down (Fase Runtuh),Normal,Normal,Turun 2 Hari Beruntun,TP: 130 | CL: 119,Normal,Sangat Menarik (> 1:3),Netral / Sideways,Sentimen Positif 📰,Supply Kering (Siap Pump) 🏜️,Mendekati Fibo 50.0%,2,WAIT & SEE,TIDAK ADA,2026-08-24 16:50:01,Biasa / Mengikuti Pasar
16:50,TEBE,Token Mati (Perlu Update),Mid Cap (Lapis 2),Fair Value (Wajar),17.985611,2.1684127,1750.0,1259,995,1980,0.0,9139200,Normal,74,Negatif,Uptrend,Bullish,Strong Bullish,Perfect Uptrend (5>20>50),Normal,Akumulasi (Naik),Normal,Dominan Jual (Guyur),Normal,Tinggi,Doji (Ragu-ragu),Rawan Pucuk (High Risk),> 1 Miliar,Di Atas VWAP (Kuat),Akumulasi Pro (Smart Money),Sultan (> 50M/hari),Sepi (< 50%),Mark-Up (Fase Pesta),Spesialis Tiang Jemuran (Banting Pucuk),Normal,Sideways / Stagnan,TP: 1956 | CL: 1612,Normal,Tidak Ideal (< 1:1),Death Cross (Awal Bearish),Sentimen Positif 📰,Normal / Sedang Transisi,Mendekati Fibo 23.6%,6,WAIT & SEE,TIDAK ADA,2026-08-24 16:50:01,Biasa / Mengikuti Pasar
16:50,KEJU,Token Mati (Perlu Update),Mid Cap (Lapis 2),Overvalued (Mahal),16.860464,3.6304913,580.0,572,535,600,-0.8547008547008548,44600,Normal,54,Negatif,Uptrend,Bullish,Strong Bullish,Perfect Uptrend (5>20>50),Normal,Distribusi (Turun),Normal,Seimbang / Adu Mekanik,Normal,Sedang,Doji (Ragu-ragu),Area Tengah,< 1 Miliar,Di Bawah VWAP (Lemah),Akumulasi Pro (Smart Money),Gorengan Sepi (< 5M),Sepi (< 50%),Mark-Up (Fase Pesta),Normal,Normal,Turun 1 Hari Beruntun,TP: 606 | CL: 562,Normal,Tidak Ideal (< 1:1),Death Cross (Awal Bearish),Sentimen Positif 📰,Normal / Sedang Transisi,Dekat Support Fibo 50.0%,5,WAIT & SEE,TIDAK ADA,2026-08-24 16:50:01,Biasa / Mengikuti Pasar
16:50,PSGO,Token Mati (Perlu Update),Mid Cap (Lapis 2),Undervalued (Murah),9.185116,1.3193773,195.0,195,191,199,-0.5102040816326531,128000,Normal,48,Negatif,Downtrend,Bearish,Strong Bearish,Strong Downtrend (5<20<50),Normal,Distribusi (Turun),Normal,Dominan Jual (Guyur),Squeeze,Rendah,Normal,Dekat Support (Low Risk),< 1 Miliar,Persis di VWAP,Distribusi Pro (Guyuran),Gorengan Sepi (< 5M),Sepi (< 50%),Mark-Down (Fase Runtuh),Solid (Jarang Dibanting),Normal,Turun 1 Hari Beruntun,TP: 200 | CL: 191,Open = High (Tekanan Jual),Menengah (1:1),Netral / Sideways,Sentimen Positif 📰,Supply Banjir (Distribusi) 🌊,Mendekati Fibo 23.6%,1,WAIT & SEE,TIDAK ADA,2026-08-24 16:50:01,Biasa / Mengikuti Pasar
16:50,AGAR,Token Mati (Perlu Update),Mid Cap (Lapis 2),Overvalued (Mahal),909.5477,16.012455,1810.0,1071,630,2000,0.0,0,Normal,89,Negatif,Uptrend,Bullish,Strong Bullish,Perfect Uptrend (5>20>50),Normal,Akumulasi (Naik),Normal,Tidak Ada Transaksi,Normal,Tinggi,Doji (Ragu-ragu),Rawan Pucuk (High Risk),< 1 Miliar,Di Atas VWAP (Kuat),Akumulasi Pro (Smart Money),Gorengan Sepi (< 5M),Sepi (< 50%),Mark-Up (Fase Pesta),Normal,Normal,Sideways / Stagnan,TP: 2043 | CL: 1654,Normal,Tidak Ideal (< 1:1),Overbought (Jenuh Beli - Rawan),Netral / Sepi Berita,Normal / Sedang Transisi,Mengambang (Jauh dari Fibo),5,WAIT & SEE,TIDAK ADA,2026-08-24 16:50:01,Biasa / Mengikuti Pasar
16:50,IFSH,Token Mati (Perlu Update),Mid Cap (Lapis 2),Fair Value (Wajar),16.898764,2.439443,1080.0,1140,1065,1295,-1.8181818181818181,20800,Tembus MA20,43,Negatif,Downtrend,Bearish,Strong Bearish,Strong Downtrend (5<20<50),Normal,Distribusi (Turun),Normal,Seimbang / Adu Mekanik,Normal,Tinggi,Normal,Dekat Support (Low Risk),< 1 Miliar,Di Bawah VWAP (Lemah),Distribusi Pro (Guyuran),Gorengan Sepi (< 5M),Normal (50-150%),Mark-Down (Fase Runtuh),Solid (Jarang Dibanting),Normal,Turun 4 Hari Beruntun,TP: 1144 | CL: 1037,Open = High (Tekanan Jual),Sangat Menarik (> 1:3),Oversold (Jenuh Jual - Peluang),Sentimen Positif 📰,Normal / Sedang Transisi,Golden Rebound Fibo 78.6% 🎯,2,WAIT & SEE,TIDAK ADA,2026-08-24 16:50:01,Biasa / Mengikuti Pasar
16:50,REAL,Token Mati (Perlu Update),Small Cap (Lapis 3),Overvalued (Mahal),390.62497,0.88487744,51.0,51,50,56,0.0,87150500,Normal,47,Negatif,Downtrend,Death Cross,Bearish MACD,Konsolidasi / Transisi,Normal,Distribusi (Turun),Normal,Seimbang / Adu Mekanik,Normal,Sedang,Doji (Ragu-ragu),Dekat Support (Low Risk),> 1 Miliar,Persis di VWAP,Akumulasi Pro (Smart Money),Ritel Aktif (5M - 50M),Normal (50-150%),Distribution (Fase Jualan),Spesialis Tiang Jemuran (Banting Pucuk),Normal,Sideways / Stagnan,TP: 55 | CL: 48,Normal,Sangat Menarik (> 1:3),Oversold (Jenuh Jual - Peluang),Netral / Sepi Berita,Normal / Sedang Transisi,Golden Rebound Fibo Bottom / 100% 🎯,0,WAIT & SEE,TIDAK ADA,2026-08-24 16:50:01,Biasa / Mengikuti Pasar
16:50,IFII,Token Mati (Perlu Update),Mid Cap (Lapis 2),Undervalued (Murah),13.866667,1.391686,208.0,206,198,230,0.0,39400,Normal,48,Negatif,Uptrend,Bullish,Bullish MACD,Awal Reversal (5>20),Normal,Akumulasi (Naik),Normal,Seimbang / Adu Mekanik,Squeeze,Rendah,Doji (Ragu-ragu),Area Tengah,< 1 Miliar,Persis di VWAP,Akumulasi Pro (Smart Money),Gorengan Sepi (< 5M),Sepi (< 50%),Accumulation (Kumpul Barang),Spesialis Tiang Jemuran (Banting Pucuk),Normal,Sideways / Stagnan,TP: 214 | CL: 203,Normal,Ideal (1:2),Netral / Sideways,Sentimen Positif 📰,Supply Kering (Siap Pump) 🏜️,Golden Rebound Fibo 78.6% 🎯,5,WAIT & SEE,TIDAK ADA,2026-08-24 16:50:01,Biasa / Mengikuti Pasar
16:50,PMJS,Token Mati (Perlu Update),Mid Cap (Lapis 2),Undervalued (Murah),8.753502,0.614465,125.0,117,105,133,0.0,165200,Normal,63,Negatif,Uptrend,Bullish,Strong Bullish,Perfect Uptrend (5>20>50),Normal,Akumulasi (Naik),Normal,Seimbang / Adu Mekanik,Normal,Tinggi,Doji (Ragu-ragu),Rawan Pucuk (High Risk),< 1 Miliar,Persis di VWAP,Akumulasi Pro (Smart Money),Gorengan Sepi (< 5M),Sepi (< 50%),Mark-Up (Fase Pesta),Normal,Jarum Bawah (Sinyal Pantulan Kuat),Sideways / Stagnan,TP: 133 | CL: 119,Normal,Tidak Ideal (< 1:1),Death Cross (Awal Bearish),Sentimen Positif 📰,Normal / Sedang Transisi,Golden Rebound Fibo 23.6% 🎯,6,WAIT & SEE,TIDAK ADA,2026-08-24 16:50:01,Biasa / Mengikuti Pasar
16:50,UCID,Token Mati (Perlu Update),Mid Cap (Lapis 2),Undervalued (Murah),1.4249893,0.414381,466.0,425,360,472,2.643171806167401,2641700,Tembus MA20,76,Positif,Uptrend,Bullish,Strong Bullish,Perfect Uptrend (5>20>50),Normal,Akumulasi (Naik),Normal,Seimbang / Adu Mekanik,Normal,Tinggi,Normal,Rawan Pucuk (High Risk),> 1 Miliar,Di Atas VWAP (Kuat),Akumulasi Pro (Smart Money),Gorengan Sepi (< 5M),Anomali Tinggi (150-300%),Mark-Up (Fase Pesta),Solid (Jarang Dibanting),Normal,Naik 5 Hari Beruntun,TP: 485 | CL: 453,Open = Low (Bullish Kuat),Tidak Ideal (< 1:1),Overbought (Jenuh Beli - Rawan),Sentimen Positif 📰,Normal / Sedang Transisi,Mendekati Fibo 23.6%,8,BELI,TIDAK ADA,2026-08-24 16:50:01,Biasa / Mengikuti Pasar
16:50,GLVA,Token Mati (Perlu Update),Small Cap (Lapis 3),Undervalued (Murah),9.49136,1.1407887,314.0,308,298,338,0.0,19400,Normal,57,Negatif,Uptrend,Bullish,Strong Bullish,Perfect Uptrend (5>20>50),Normal,Distribusi (Turun),Normal,Dominan Beli (Hajar Kanan),Squeeze,Rendah,Hammer (Potensi Reversal),Area Tengah,< 1 Miliar,Persis di VWAP,Distribusi Pro (Guyuran),Gorengan Sepi (< 5M),Sepi (< 50%),Mark-Up (Fase Pesta),Spesialis Tiang Jemuran (Banting Pucuk),Jarum Bawah (Sinyal Pantulan Kuat),Sideways / Stagnan,TP: 336 | CL: 299,Open = High (Tekanan Jual),Menengah (1:1),Golden Cross (Awal Bullish),Sentimen Positif 📰,Normal / Sedang Transisi,Mendekati Fibo 61.8% (Golden Ratio),6,WAIT & SEE,TIDAK ADA,2026-08-24 16:50:01,Biasa / Mengikuti Pasar
16:50,PGJO,Token Mati (Perlu Update),Small Cap (Lapis 3),Fair Value (Wajar),0.0,-357.99524,900.0,772,650,915,1.1235955056179776,119000,Normal,69,Positif,Uptrend,Bullish,Strong Bullish,Perfect Uptrend (5>20>50),Normal,Akumulasi (Naik),Normal,Dominan Beli (Hajar Kanan),Normal,Tinggi,Marubozu (Strong Bullish),Rawan Pucuk (High Risk),< 1 Miliar,Di Atas VWAP (Kuat),Akumulasi Pro (Smart Money),Gorengan Sepi (< 5M),Normal (50-150%),Mark-Up (Fase Pesta),Normal,Normal,Naik 1 Hari Beruntun,TP: 969 | CL: 853,Open = Low (Bullish Kuat),Tidak Ideal (< 1:1),Overbought (Jenuh Beli - Rawan),Netral / Sepi Berita,Normal / Sedang Transisi,Mengambang (Jauh dari Fibo),7,BELI,TIDAK ADA,2026-08-24 16:50:01,Biasa / Mengikuti Pasar
16:50,AMAR,Token Mati (Perlu Update),Mid Cap (Lapis 2),Undervalued (Murah),14.116178,1.1841388,226.0,217,202,234,-2.586206896551724,392200,Normal,64,Negatif,Uptrend,Bullish,Strong Bullish,Perfect Uptrend (5>20>50),Normal,Akumulasi (Naik),Normal,Dominan Jual (Guyur),Normal,Sedang,Normal,Rawan Pucuk (High Risk),< 1 Miliar,Persis di VWAP,Akumulasi Pro (Smart Money),Gorengan Sepi (< 5M),Normal (50-150%),Mark-Up (Fase Pesta),Solid (Jarang Dibanting),Normal,Turun 1 Hari Beruntun,TP: 235 | CL: 219,Open = High (Tekanan Jual),Tidak Ideal (< 1:1),Death Cross (Awal Bearish),Sentimen Positif 📰,Normal / Sedang Transisi,Mendekati Fibo 23.6%,6,WAIT & SEE,TIDAK ADA,2026-08-24 16:50:01,Biasa / Mengikuti Pasar
16:50,CSRA,Token Mati (Perlu Update),Mid Cap (Lapis 2),Undervalued (Murah),6.0923223,0.9539312,780.0,755,730,815,0.6451612903225806,786000,Tembus MA20,58,Positif,Uptrend,Golden Cross,Bullish MACD,Awal Reversal (5>20),Normal,Akumulasi (Naik),Normal,Seimbang / Adu Mekanik,Normal,Sedang,Doji (Ragu-ragu),Area Tengah,< 1 Miliar,Di Atas VWAP (Kuat),Distribusi Pro (Guyuran),Gorengan Sepi (< 5M),Ledakan Ekstrem (> 300%),Accumulation (Kumpul Barang),Normal,Normal,Naik 5 Hari Beruntun,TP: 803 | CL: 764,Normal,Tidak Ideal (< 1:1),Netral / Sideways,Sentimen Positif 📰,Normal / Sedang Transisi,Dekat Support Fibo 38.2%,8,BELI,TIDAK ADA,2026-08-24 16:50:01,Biasa / Mengikuti Pasar
16:50,INDO,Token Mati (Perlu Update),Small Cap (Lapis 3),Fair Value (Wajar),17.630058,0.72407573,182.0,176,167,187,-1.0869565217391304,16662900,Normal,61,Negatif,Uptrend,Bullish,Strong Bullish,Perfect Uptrend (5>20>50),Normal,Distribusi (Turun),Normal,Dominan Jual (Guyur),Normal,Sedang,Normal,Area Tengah,> 1 Miliar,Persis di VWAP,Akumulasi Pro (Smart Money),Ritel Aktif (5M - 50M),Normal (50-150%),Mark-Up (Fase Pesta),Normal,Normal,Turun 1 Hari Beruntun,TP: 188 | CL: 177,Open = High (Tekanan Jual),Tidak Ideal (< 1:1),Death Cross (Awal Bearish),Netral / Sepi Berita,Normal / Sedang Transisi,Dekat Support Fibo 23.6%,4,WAIT & SEE,TIDAK ADA,2026-08-24 16:50:01,Biasa / Mengikuti Pasar
16:50,AMOR,Token Mati (Perlu Update),Small Cap (Lapis 3),Fair Value (Wajar),10.526317,2.966351,358.0,355,320,366,0.0,22300,Normal,59,Negatif,Uptrend,Bullish,Bearish MACD,Perfect Uptrend (5>20>50),Normal,Distribusi (Turun),Normal,Dominan Beli (Hajar Kanan),Squeeze,Rendah,Doji (Ragu-ragu),Rawan Pucuk (High Risk),< 1 Miliar,Persis di VWAP,Distribusi Pro (Guyuran),Gorengan Sepi (< 5M),Sepi (< 50%),Mark-Up (Fase Pesta),Normal,Jarum Bawah (Sinyal Pantulan Kuat),Sideways / Stagnan,TP: 368 | CL: 351,Normal,Tidak Ideal (< 1:1),Netral / Sideways,Sentimen Positif 📰,Normal / Sedang Transisi,Mendekati Fibo 23.6%,5,WAIT & SEE,TIDAK ADA,2026-08-24 16:50:01,Biasa / Mengikuti Pasar
16:50,TRIN,Token Mati (Perlu Update),Mid Cap (Lapis 2),Overvalued (Mahal),80.27843,2.57295,346.0,321,292,380,-2.8089887640449436,30271800,Tembus MA20,55,Negatif,Uptrend,Bullish,Bullish MACD,Awal Reversal (5>20),Distribusi Kuat,Akumulasi (Naik),Normal,Dominan Jual (Guyur),Normal,Tinggi,Normal,Rawan Pucuk (High Risk),> 1 Miliar,Di Atas VWAP (Kuat),Akumulasi Pro (Smart Money),Ritel Aktif (5M - 50M),Anomali Tinggi (150-300%),Accumulation (Kumpul Barang),Normal,Normal,Turun 1 Hari Beruntun,TP: 382 | CL: 321,Normal,Tidak Ideal (< 1:1),Death Cross (Awal Bearish),Sentimen Negatif ⚠️,Supply Banjir (Distribusi) 🌊,Dekat Support Fibo 78.6%,6,WAIT & SEE,TIDAK ADA,2026-08-24 16:50:01,Biasa / Mengikuti Pasar
16:50,DMND,Token Mati (Perlu Update),Mid Cap (Lapis 2),Undervalued (Murah),11.83375,0.8742302,615.0,620,560,640,0.819672131147541,39200,Tembus MA20,48,Positif,Downtrend,Bearish,Bearish MACD,Konsolidasi / Transisi,Normal,Akumulasi (Naik),Normal,Dominan Jual (Guyur),Squeeze,Rendah,Normal,Area Tengah,< 1 Miliar,Persis di VWAP,Distribusi Pro (Guyuran),Gorengan Sepi (< 5M),Anomali Tinggi (150-300%),Distribution (Fase Jualan),Normal,Normal,Naik 1 Hari Beruntun,TP: 641 | CL: 597,Open = Low (Bullish Kuat),Tidak Ideal (< 1:1),Netral / Sideways,Sentimen Positif 📰,Normal / Sedang Transisi,Dekat Support Fibo 23.6%,4,WAIT & SEE,TIDAK ADA,2026-08-24 16:50:01,Biasa / Mengikuti Pasar
16:50,PURA,Token Mati (Perlu Update),Small Cap (Lapis 3),Fair Value (Wajar),22.11472,0.38738573,32.0,32,30,34,0.0,2563400,Normal,49,Negatif,Downtrend,Bullish,Bearish MACD,Perfect Uptrend (5>20>50),Normal,Distribusi (Turun),Normal,Tidak Ada Transaksi,Normal,Sedang,Doji (Ragu-ragu),Area Tengah,< 1 Miliar,Di Bawah VWAP (Lemah),Distribusi Pro (Guyuran),Gorengan Sepi (< 5M),Normal (50-150%),Distribution (Fase Jualan),Spesialis Tiang Jemuran (Banting Pucuk),Normal,Sideways / Stagnan,TP: 33 | CL: 31,Normal,Menengah (1:1),Oversold (Jenuh Jual - Peluang),Netral / Sepi Berita,Normal / Sedang Transisi,Mendekati Fibo 78.6%,1,WAIT & SEE,TIDAK ADA,2026-08-24 16:50:01,Biasa / Mengikuti Pasar
16:50,PTPW,Token Mati (Perlu Update),Mid Cap (Lapis 2),Fair Value (Wajar),15.665033,1.5681063,1180.0,1169,1120,1230,0.0,30300,Normal,55,Negatif,Uptrend,Bullish,Bearish MACD,Perfect Uptrend (5>20>50),Normal,Akumulasi (Naik),Normal,Dominan Jual (Guyur),Normal,Sedang,Normal,Area Tengah,< 1 Miliar,Persis di VWAP,Akumulasi Pro (Smart Money),Gorengan Sepi (< 5M),Normal (50-150%),Mark-Up (Fase Pesta),Normal,Normal,Sideways / Stagnan,TP: 1208 | CL: 1161,Normal,Tidak Ideal (< 1:1),Netral / Sideways,Sentimen Positif 📰,Normal / Sedang Transisi,Mengambang (Jauh dari Fibo),5,WAIT & SEE,TIDAK ADA,2026-08-24 16:50:01,Biasa / Mengikuti Pasar
16:50,TAMA,Token Mati (Perlu Update),Small Cap (Lapis 3),Overvalued (Mahal),0.0,9.794246,260.0,248,204,290,-2.9850746268656714,7897300,Normal,62,Negatif,Uptrend,Bullish,Bearish MACD,Perfect Uptrend (5>20>50),Normal,Akumulasi (Naik),Normal,Dominan Jual (Guyur),Normal,Tinggi,Normal,Rawan Pucuk (High Risk),> 1 Miliar,Di Bawah VWAP (Lemah),Distribusi Pro (Guyuran),Gorengan Sepi (< 5M),Normal (50-150%),Mark-Up (Fase Pesta),Spesialis Tiang Jemuran (Banting Pucuk),Normal,Turun 2 Hari Beruntun,TP: 291 | CL: 238,Normal,Tidak Ideal (< 1:1),Netral / Sideways,Sentimen Negatif ⚠️,Normal / Sedang Transisi,Mendekati Fibo 23.6%,4,WAIT & SEE,TIDAK ADA,2026-08-24 16:50:01,Biasa / Mengikuti Pasar
16:50,IKAN,Token Mati (Perlu Update),Small Cap (Lapis 3),Overvalued (Mahal),44.897957,0.98774296,87.0,85,79,105,0.0,3351300,Normal,57,Negatif,Uptrend,Bullish,Bearish MACD,Perfect Uptrend (5>20>50),Normal,Distribusi (Turun),Normal,Seimbang / Adu Mekanik,Normal,Sedang,Doji (Ragu-ragu),Rawan Pucuk (High Risk),< 1 Miliar,Persis di VWAP,Distribusi Pro (Guyuran),Gorengan Sepi (< 5M),Sepi (< 50%),Mark-Up (Fase Pesta),Spesialis Tiang Jemuran (Banting Pucuk),Normal,Sideways / Stagnan,TP: 95 | CL: 81,Normal,Ideal (1:2),Golden Cross (Awal Bullish),Netral / Sepi Berita,Supply Kering (Siap Pump) 🏜️,Mendekati Fibo 50.0%,3,WAIT & SEE,TIDAK ADA,2026-08-24 16:50:01,Biasa / Mengikuti Pasar
16:50,SAMF,Token Mati (Perlu Update),Mid Cap (Lapis 2),Fair Value (Wajar),10.83707,1.6231313,294.0,280,268,340,-0.6756756756756757,422500,Tembus MA20,65,Negatif,Uptrend,Bullish,Strong Bullish,Perfect Uptrend (5>20>50),Normal,Akumulasi (Naik),Normal,Seimbang / Adu Mekanik,Squeeze,Rendah,Normal,Area Tengah,< 1 Miliar,Di Bawah VWAP (Lemah),Distribusi Pro (Guyuran),Gorengan Sepi (< 5M),Normal (50-150%),Mark-Up (Fase Pesta),Spesialis Tiang Jemuran (Banting Pucuk),Normal,Turun 1 Hari Beruntun,TP: 313 | CL: 281,Normal,Ideal (1:2),Netral / Sideways,Sentimen Positif 📰,Supply Banjir (Distribusi) 🌊,Dekat Support Fibo 50.0%,7,BELI,TIDAK ADA,2026-08-24 16:50:01,Biasa / Mengikuti Pasar
16:50,SBAT,Token Mati (Perlu Update),Small Cap (Lapis 3),Fair Value (Wajar),0.0,0.03221857,1.0,1,1,1,0.0,0,Normal,0,Negatif,Downtrend,Bearish,Bearish MACD,Konsolidasi / Transisi,Normal,Netral,Normal,Tidak Ada Transaksi,Squeeze,Rendah,Doji (Ragu-ragu),Dekat Support (Low Risk),< 1 Miliar,Di Atas VWAP (Kuat),Netral,Gorengan Sepi (< 5M),Normal (50-150%),Sideways,Solid (Jarang Dibanting),Normal,Sideways / Stagnan,TP: 2 | CL: 0,Normal,Di Area Support,Oversold (Jenuh Jual - Peluang),Netral / Sepi Berita,Normal / Sedang Transisi,Normal / Sideways,0,WAIT & SEE,TIDAK ADA,2026-08-24 16:50:01,Biasa / Mengikuti Pasar
16:50,KBAG,Token Mati (Perlu Update),Small Cap (Lapis 3),Fair Value (Wajar),0.0,0.9744524,46.0,47,40,51,-4.166666666666666,4128500,Normal,50,Negatif,Downtrend,Bullish,Bearish MACD,Perfect Uptrend (5>20>50),Normal,Distribusi (Turun),Gap Down (-4.2%),Tidak Ada Transaksi,Normal,Tinggi,Doji (Ragu-ragu),Rawan Pucuk (High Risk),< 1 Miliar,Di Bawah VWAP (Lemah),Distribusi Pro (Guyuran),Gorengan Sepi (< 5M),Normal (50-150%),Distribution (Fase Jualan),Normal,Normal,Turun 2 Hari Beruntun,TP: 48 | CL: 44,Normal,Tidak Ideal (< 1:1),Netral / Sideways,Netral / Sepi Berita,Normal / Sedang Transisi,Mengambang (Jauh dari Fibo),1,WAIT & SEE,TIDAK ADA,2026-08-24 16:50:01,Biasa / Mengikuti Pasar
16:50,RONY,Token Mati (Perlu Update),Mid Cap (Lapis 2),Overvalued (Mahal),0.0,697.8022,1270.0,1285,1135,1490,2.4193548387096775,9000,Normal,52,Positif,Downtrend,Bearish,Bearish MACD,Konsolidasi / Transisi,Normal,Akumulasi (Naik),Normal,Dominan Beli (Hajar Kanan),Normal,Tinggi,Normal,Rawan Pucuk (High Risk),< 1 Miliar,Di Atas VWAP (Kuat),Distribusi Pro (Guyuran),Gorengan Sepi (< 5M),Normal (50-150%),Distribution (Fase Jualan),Spesialis Tiang Jemuran (Banting Pucuk),Normal,Naik 3 Hari Beruntun,TP: 1389 | CL: 1190,Normal,Ideal (1:2),Netral / Sideways,Netral / Sepi Berita,Normal / Sedang Transisi,Dekat Support Fibo 61.8% (Golden Ratio),4,WAIT & SEE,TIDAK ADA,2026-08-24 16:50:01,Biasa / Mengikuti Pasar
16:50,CSMI,Token Mati (Perlu Update),Small Cap (Lapis 3),Overvalued (Mahal),0.0,41.739567,167.0,96,70,167,34.67741935483871,288849300,Tembus MA20,85,Positif,Uptrend,Bullish,Strong Bullish,Perfect Uptrend (5>20>50),Akumulasi Kuat,Akumulasi (Naik),Normal,Dominan Beli (Hajar Kanan),Breakout Upper,Tinggi,Marubozu (Strong Bullish),Rawan Pucuk (High Risk),> 1 Miliar,Di Atas VWAP (Kuat),Akumulasi Pro (Smart Money),Ritel Aktif (5M - 50M),Anomali Tinggi (150-300%),Mark-Up (Fase Pesta),Spesialis Tiang Jemuran (Banting Pucuk),Normal,Naik 1 Hari Beruntun,TP: 190 | CL: 151,Open = Low (Bullish Kuat),Tidak Ideal (< 1:1),Overbought (Jenuh Beli - Rawan),Netral / Sepi Berita,Normal / Sedang Transisi,Mengambang (Jauh dari Fibo),9,BELI,TIDAK ADA,2026-08-24 16:50:01,⚠️ Anomali (Sudah Terbang)
16:50,BBSS,Token Mati (Perlu Update),Small Cap (Lapis 3),Fair Value (Wajar),0.0,1.9750093,102.0,99,91,129,-1.9230769230769231,876500,Normal,53,Negatif,Uptrend,Bullish,Strong Bullish,Perfect Uptrend (5>20>50),Normal,Distribusi (Turun),Normal,Dominan Jual (Guyur),Normal,Tinggi,Normal,Rawan Pucuk (High Risk),< 1 Miliar,Di Bawah VWAP (Lemah),Distribusi Pro (Guyuran),Gorengan Sepi (< 5M),Sepi (< 50%),Mark-Up (Fase Pesta),Spesialis Tiang Jemuran (Banting Pucuk),Normal,Turun 3 Hari Beruntun,TP: 114 | CL: 93,Open = High (Tekanan Jual),Ideal (1:2),Netral / Sideways,Sentimen Negatif ⚠️,Normal / Sedang Transisi,Mendekati Fibo 78.6%,4,WAIT & SEE,TIDAK ADA,2026-08-24 16:50:01,Biasa / Mengikuti Pasar
16:50,CASH,Token Mati (Perlu Update),Small Cap (Lapis 3),Overvalued (Mahal),0.0,7.8782845,218.0,223,195,266,-2.6785714285714284,980100,Normal,51,Negatif,Downtrend,Bearish,Bearish MACD,Konsolidasi / Transisi,Normal,Akumulasi (Naik),Normal,Dominan Jual (Guyur),Normal,Tinggi,Normal,Rawan Pucuk (High Risk),< 1 Miliar,Persis di VWAP,Akumulasi Pro (Smart Money),Gorengan Sepi (< 5M),Normal (50-150%),Distribution (Fase Jualan),Normal,Normal,Turun 3 Hari Beruntun,TP: 237 | CL: 204,Normal,Ideal (1:2),Death Cross (Awal Bearish),Sentimen Positif 📰,Normal / Sedang Transisi,Mengambang (Jauh dari Fibo),3,WAIT & SEE,TIDAK ADA,2026-08-24 16:50:01,Biasa / Mengikuti Pasar
16:50,EPAC,Token Mati (Perlu Update),Small Cap (Lapis 3),Fair Value (Wajar),0.0,2.727743,58.0,59,57,66,-1.694915254237288,27664200,Normal,41,Negatif,Downtrend,Bearish,Bullish MACD,Strong Downtrend (5<20<50),Normal,Distribusi (Turun),Normal,Seimbang / Adu Mekanik,Bottom Rebound,Sedang,Normal,Dekat Support (Low Risk),> 1 Miliar,Persis di VWAP,Distribusi Pro (Guyuran),Gorengan Sepi (< 5M),Sepi (< 50%),Mark-Down (Fase Runtuh),Normal,Normal,Turun 1 Hari Beruntun,TP: 62 | CL: 55,Open = High (Tekanan Jual),Sangat Menarik (> 1:3),Oversold (Jenuh Jual - Peluang),Sentimen Positif 📰,Normal / Sedang Transisi,Golden Rebound Fibo 78.6% 🎯,2,WAIT & SEE,TIDAK ADA,2026-08-24 16:50:01,Biasa / Mengikuti Pasar
16:50,UANG,Token Mati (Perlu Update),Mid Cap (Lapis 2),Overvalued (Mahal),41.885704,9.201209,2490.0,2401,2150,2560,-1.1904761904761905,134700,Normal,55,Negatif,Uptrend,Bullish,Strong Bullish,Perfect Uptrend (5>20>50),Normal,Akumulasi (Naik),Normal,Dominan Jual (Guyur),Normal,Tinggi,Normal,Rawan Pucuk (High Risk),< 1 Miliar,Persis di VWAP,Akumulasi Pro (Smart Money),Gorengan Sepi (< 5M),Normal (50-150%),Mark-Up (Fase Pesta),Normal,Normal,Turun 1 Hari Beruntun,TP: 2663 | CL: 2374,Open = High (Tekanan Jual),Tidak Ideal (< 1:1),Netral / Sideways,Sentimen Positif 📰,Normal / Sedang Transisi,Dekat Support Fibo 50.0%,6,WAIT & SEE,TIDAK ADA,2026-08-24 16:50:01,Biasa / Mengikuti Pasar
16:50,PGUN,Token Mati (Perlu Update),Big Cap (Lapis 1),Overvalued (Mahal),475.96384,29.841036,10000.0,8000,7150,10500,4.712041884816754,136100,Tembus MA20,71,Positif,Uptrend,Bullish,Strong Bullish,Perfect Uptrend (5>20>50),Normal,Akumulasi (Naik),Normal,Seimbang / Adu Mekanik,Breakout Upper,Tinggi,Normal,Rawan Pucuk (High Risk),> 1 Miliar,Di Atas VWAP (Kuat),Akumulasi Pro (Smart Money),Gorengan Sepi (< 5M),Normal (50-150%),Mark-Up (Fase Pesta),Spesialis Tiang Jemuran (Banting Pucuk),Normal,Naik 1 Hari Beruntun,TP: 11004 | CL: 9330,Open = Low (Bullish Kuat),Tidak Ideal (< 1:1),Netral / Sideways,Sentimen Positif 📰,Normal / Sedang Transisi,Mengambang (Jauh dari Fibo),8,BELI,TIDAK ADA,2026-08-24 16:50:01,Biasa / Mengikuti Pasar
16:50,SOFA,Token Mati (Perlu Update),Small Cap (Lapis 3),Overvalued (Mahal),0.0,15.458445,360.0,257,195,382,2.857142857142857,11268200,Tembus MA20,75,Positif,Uptrend,Bullish,Strong Bullish,Perfect Uptrend (5>20>50),Distribusi Kuat,Akumulasi (Naik),Gap Up (+5.1%),Seimbang / Adu Mekanik,Breakout Upper,Tinggi,Normal,Rawan Pucuk (High Risk),> 1 Miliar,Di Atas VWAP (Kuat),Akumulasi Pro (Smart Money),Gorengan Sepi (< 5M),Anomali Tinggi (150-300%),Mark-Up (Fase Pesta),Normal,Jarum Bawah (Sinyal Pantulan Kuat),Naik 5 Hari Beruntun,TP: 405 | CL: 329,Normal,Tidak Ideal (< 1:1),Overbought (Jenuh Beli - Rawan),Sentimen Positif 📰,Normal / Sedang Transisi,Mendekati Fibo 38.2%,9,BELI,TIDAK ADA,2026-08-24 16:50:01,Biasa / Mengikuti Pasar
16:50,PPGL,Token Mati (Perlu Update),Small Cap (Lapis 3),Fair Value (Wajar),10.282561,2.4655476,246.0,212,188,246,9.821428571428571,6517600,Tembus MA20,74,Positif,Uptrend,Bullish,Strong Bullish,Perfect Uptrend (5>20>50),Akumulasi Kuat,Akumulasi (Naik),Normal,Dominan Beli (Hajar Kanan),Breakout Upper,Tinggi,Marubozu (Strong Bullish),Rawan Pucuk (High Risk),> 1 Miliar,Di Atas VWAP (Kuat),Akumulasi Pro (Smart Money),Gorengan Sepi (< 5M),Anomali Tinggi (150-300%),Mark-Up (Fase Pesta),Normal,Normal,Naik 1 Hari Beruntun,TP: 263 | CL: 234,Normal,Tidak Ideal (< 1:1),Overbought (Jenuh Beli - Rawan),Netral / Sepi Berita,Normal / Sedang Transisi,Mengambang (Jauh dari Fibo),9,BELI,TIDAK ADA,2026-08-24 16:50:01,Biasa / Mengikuti Pasar
16:50,TOYS,Token Mati (Perlu Update),Small Cap (Lapis 3),Fair Value (Wajar),0.0,0.04635451,8.0,8,8,8,0.0,0,Normal,0,Negatif,Downtrend,Bearish,Bearish MACD,Konsolidasi / Transisi,Normal,Netral,Normal,Tidak Ada Transaksi,Squeeze,Rendah,Doji (Ragu-ragu),Dekat Support (Low Risk),< 1 Miliar,Di Atas VWAP (Kuat),Netral,Gorengan Sepi (< 5M),Normal (50-150%),Sideways,Solid (Jarang Dibanting),Normal,Sideways / Stagnan,TP: 9 | CL: 7,Normal,Di Area Support,Oversold (Jenuh Jual - Peluang),Netral / Sepi Berita,Normal / Sedang Transisi,Normal / Sideways,0,WAIT & SEE,TIDAK ADA,2026-08-24 16:50:01,Biasa / Mengikuti Pasar
16:50,SGER,Token Mati (Perlu Update),Mid Cap (Lapis 2),Overvalued (Mahal),38.220985,3.5033855,540.0,478,424,555,0.9345794392523363,59477600,Tembus MA20,77,Positif,Uptrend,Bullish,Strong Bullish,Perfect Uptrend (5>20>50),Akumulasi Kuat,Akumulasi (Naik),Normal,Seimbang / Adu Mekanik,Breakout Upper,Tinggi,Normal,Rawan Pucuk (High Risk),> 1 Miliar,Di Atas VWAP (Kuat),Akumulasi Pro (Smart Money),Ritel Aktif (5M - 50M),Anomali Tinggi (150-300%),Mark-Up (Fase Pesta),Normal,Normal,Naik 3 Hari Beruntun,TP: 570 | CL: 519,Normal,Tidak Ideal (< 1:1),Overbought (Jenuh Beli - Rawan),Sentimen Positif 📰,Normal / Sedang Transisi,Mengambang (Jauh dari Fibo),9,BELI,TIDAK ADA,2026-08-24 16:50:01,Biasa / Mengikuti Pasar
16:50,TRJA,Token Mati (Perlu Update),Small Cap (Lapis 3),Undervalued (Murah),3.797311,0.4734922,122.0,114,105,135,-0.8130081300813009,354700,Normal,64,Negatif,Uptrend,Bullish,Strong Bullish,Perfect Uptrend (5>20>50),Normal,Distribusi (Turun),Normal,Seimbang / Adu Mekanik,Normal,Tinggi,Normal,Rawan Pucuk (High Risk),< 1 Miliar,Di Bawah VWAP (Lemah),Distribusi Pro (Guyuran),Gorengan Sepi (< 5M),Sepi (< 50%),Mark-Up (Fase Pesta),Spesialis Tiang Jemuran (Banting Pucuk),Normal,Turun 1 Hari Beruntun,TP: 133 | CL: 114,Normal,Tidak Ideal (< 1:1),Death Cross (Awal Bearish),Sentimen Negatif ⚠️,Normal / Sedang Transisi,Mendekati Fibo 38.2%,4,WAIT & SEE,TIDAK ADA,2026-08-24 16:50:01,Biasa / Mengikuti Pasar
16:50,PNGO,Token Mati (Perlu Update),Mid Cap (Lapis 2),Fair Value (Wajar),8.273644,2.1640673,3500.0,3544,3450,3570,-1.1299435028248588,500,Normal,44,Negatif,Downtrend,Bearish,Bearish MACD,Konsolidasi / Transisi,Normal,Distribusi (Turun),Normal,Dominan Jual (Guyur),Squeeze,Rendah,Normal,Dekat Support (Low Risk),< 1 Miliar,Persis di VWAP,Distribusi Pro (Guyuran),Gorengan Sepi (< 5M),Sepi (< 50%),Distribution (Fase Jualan),Normal,Normal,Turun 1 Hari Beruntun,TP: 3534 | CL: 3477,Open = High (Tekanan Jual),Menengah (1:1),Netral / Sideways,Sentimen Positif 📰,Supply Kering (Siap Pump) 🏜️,Golden Rebound Fibo 50.0% 🎯,1,WAIT & SEE,TIDAK ADA,2026-08-24 16:50:01,Biasa / Mengikuti Pasar
16:50,SCNP,Token Mati (Perlu Update),Small Cap (Lapis 3),Fair Value (Wajar),0.0,0.9720709,149.0,153,138,200,-0.6666666666666667,403800,Normal,46,Negatif,Downtrend,Bearish,Strong Bearish,Konsolidasi / Transisi,Normal,Distribusi (Turun),Normal,Dominan Jual (Guyur),Normal,Sedang,Doji (Ragu-ragu),Area Tengah,< 1 Miliar,Persis di VWAP,Distribusi Pro (Guyuran),Gorengan Sepi (< 5M),Normal (50-150%),Distribution (Fase Jualan),Spesialis Tiang Jemuran (Banting Pucuk),Normal,Turun 1 Hari Beruntun,TP: 159 | CL: 141,Normal,Sangat Menarik (> 1:3),Golden Cross (Awal Bullish),Sentimen Positif 📰,Supply Kering (Siap Pump) 🏜️,Mendekati Fibo 78.6%,1,WAIT & SEE,TIDAK ADA,2026-08-24 16:50:01,Biasa / Mengikuti Pasar
16:50,BBSI,Token Mati (Perlu Update),Big Cap (Lapis 1),Overvalued (Mahal),96.8815,4.8029256,4660.0,4673,4500,4700,-0.21413276231263384,100,Normal,49,Negatif,Downtrend,Death Cross,Bearish MACD,Strong Downtrend (5<20<50),Normal,Distribusi (Turun),Normal,Tidak Ada Transaksi,Squeeze,Rendah,Doji (Ragu-ragu),Area Tengah,< 1 Miliar,Persis di VWAP,Akumulasi Pro (Smart Money),Gorengan Sepi (< 5M),Sepi (< 50%),Mark-Down (Fase Runtuh),Normal,Normal,Turun 2 Hari Beruntun,TP: 4739 | CL: 4607,Normal,Tidak Ideal (< 1:1),Death Cross (Awal Bearish),Sentimen Positif 📰,Normal / Sedang Transisi,Mendekati Fibo 23.6%,1,WAIT & SEE,TIDAK ADA,2026-08-24 16:50:01,Biasa / Mengikuti Pasar
16:50,KMDS,Token Mati (Perlu Update),Small Cap (Lapis 3),Fair Value (Wajar),5.813252,1.5694683,530.0,532,505,555,0.0,114100,Tembus MA20,48,Negatif,Downtrend,Bearish,Strong Bearish,Strong Downtrend (5<20<50),Normal,Akumulasi (Naik),Normal,Seimbang / Adu Mekanik,Squeeze,Rendah,Normal,Area Tengah,< 1 Miliar,Persis di VWAP,Distribusi Pro (Guyuran),Gorengan Sepi (< 5M),Normal (50-150%),Mark-Down (Fase Runtuh),Solid (Jarang Dibanting),Normal,Sideways / Stagnan,TP: 551 | CL: 515,Open = High (Tekanan Jual),Menengah (1:1),Netral / Sideways,Sentimen Positif 📰,Normal / Sedang Transisi,Dekat Support Fibo 61.8% (Golden Ratio),3,WAIT & SEE,TIDAK ADA,2026-08-24 16:50:01,Biasa / Mengikuti Pasar
16:50,PURI,Token Mati (Perlu Update),Small Cap (Lapis 3),Overvalued (Mahal),28.272444,1.710275,155.0,138,132,161,6.896551724137931,11918000,Tembus MA20,73,Positif,Uptrend,Bullish,Strong Bullish,Perfect Uptrend (5>20>50),Akumulasi Kuat,Akumulasi (Naik),Normal,Seimbang / Adu Mekanik,Breakout Upper,Sedang,Normal,Rawan Pucuk (High Risk),> 1 Miliar,Di Atas VWAP (Kuat),Akumulasi Pro (Smart Money),Gorengan Sepi (< 5M),Ledakan Ekstrem (> 300%),Mark-Up (Fase Pesta),Spesialis Tiang Jemuran (Banting Pucuk),Normal,Naik 2 Hari Beruntun,TP: 166 | CL: 147,Open = Low (Bullish Kuat),Tidak Ideal (< 1:1),Netral / Sideways,Sentimen Positif 📰,Normal / Sedang Transisi,Mendekati Fibo 38.2%,9,BELI,TIDAK ADA,2026-08-24 16:50:01,Biasa / Mengikuti Pasar
16:50,SOHO,Token Mati (Perlu Update),Big Cap (Lapis 1),Overvalued (Mahal),22.413149,5.4925184,1200.0,1189,1100,1455,0.41841004184100417,29500,Normal,53,Positif,Uptrend,Golden Cross,Bullish MACD,Perfect Uptrend (5>20>50),Normal,Akumulasi (Naik),Normal,Dominan Beli (Hajar Kanan),Squeeze,Rendah,Marubozu (Strong Bullish),Area Tengah,< 1 Miliar,Persis di VWAP,Distribusi Pro (Guyuran),Gorengan Sepi (< 5M),Normal (50-150%),Mark-Up (Fase Pesta),Spesialis Tiang Jemuran (Banting Pucuk),Normal,Naik 3 Hari Beruntun,TP: 1252 | CL: 1165,Open = Low (Bullish Kuat),Ideal (1:2),Netral / Sideways,Sentimen Positif 📰,Normal / Sedang Transisi,Mendekati Fibo 78.6%,8,BELI,TIDAK ADA,2026-08-24 16:50:01,Biasa / Mengikuti Pasar
16:50,ROCK,Token Mati (Perlu Update),Mid Cap (Lapis 2),Overvalued (Mahal),101.0916,3.6560435,2130.0,1950,1500,2490,-0.9302325581395349,57200,Normal,57,Negatif,Uptrend,Bullish,Strong Bullish,Perfect Uptrend (5>20>50),Normal,Akumulasi (Naik),Normal,Dominan Jual (Guyur),Normal,Tinggi,Doji (Ragu-ragu),Rawan Pucuk (High Risk),< 1 Miliar,Di Bawah VWAP (Lemah),Distribusi Pro (Guyuran),Gorengan Sepi (< 5M),Sepi (< 50%),Mark-Up (Fase Pesta),Normal,Normal,Turun 3 Hari Beruntun,TP: 2487 | CL: 1891,Normal,Tidak Ideal (< 1:1),Death Cross (Awal Bearish),Netral / Sepi Berita,Normal / Sedang Transisi,Mengambang (Jauh dari Fibo),5,WAIT & SEE,TIDAK ADA,2026-08-24 16:50:01,Biasa / Mengikuti Pasar
16:50,ENZO,Token Mati (Perlu Update),Small Cap (Lapis 3),Undervalued (Murah),14.864591,0.9009343,74.0,73,60,96,-1.3333333333333335,5776700,Normal,52,Negatif,Uptrend,Bullish,Bearish MACD,Perfect Uptrend (5>20>50),Normal,Distribusi (Turun),Normal,Dominan Jual (Guyur),Normal,Tinggi,Normal,Rawan Pucuk (High Risk),< 1 Miliar,Persis di VWAP,Akumulasi Pro (Smart Money),Gorengan Sepi (< 5M),Sepi (< 50%),Mark-Up (Fase Pesta),Spesialis Tiang Jemuran (Banting Pucuk),Normal,Turun 2 Hari Beruntun,TP: 84 | CL: 67,Normal,Ideal (1:2),Netral / Sideways,Sentimen Positif 📰,Normal / Sedang Transisi,Dekat Support Fibo 50.0%,4,WAIT & SEE,TIDAK ADA,2026-08-24 16:50:01,Biasa / Mengikuti Pasar
16:50,PLAN,Token Mati (Perlu Update),Small Cap (Lapis 3),Fair Value (Wajar),0.0,0.7150762,42.0,38,36,43,7.6923076923076925,15019300,Tembus MA20,69,Positif,Uptrend,Bullish,Strong Bullish,Perfect Uptrend (5>20>50),Akumulasi Kuat,Akumulasi (Naik),Normal,Dominan Beli (Hajar Kanan),Breakout Upper,Sedang,Marubozu (Strong Bullish),Rawan Pucuk (High Risk),< 1 Miliar,Di Atas VWAP (Kuat),Akumulasi Pro (Smart Money),Gorengan Sepi (< 5M),Ledakan Ekstrem (> 300%),Mark-Up (Fase Pesta),Normal,Normal,Naik 1 Hari Beruntun,TP: 44 | CL: 40,Open = Low (Bullish Kuat),Tidak Ideal (< 1:1),Netral / Sideways,Netral / Sepi Berita,Normal / Sedang Transisi,Dekat Support Fibo 23.6%,9,BELI,TIDAK ADA,2026-08-24 16:50:01,Biasa / Mengikuti Pasar
16:50,PTDU,Token Mati (Perlu Update),Small Cap (Lapis 3),Fair Value (Wajar),11.330527,-9.019456,70.0,70,70,70,0.0,0,Normal,0,Negatif,Downtrend,Bearish,Bearish MACD,Konsolidasi / Transisi,Normal,Netral,Normal,Tidak Ada Transaksi,Squeeze,Rendah,Doji (Ragu-ragu),Dekat Support (Low Risk),< 1 Miliar,Di Atas VWAP (Kuat),Netral,Gorengan Sepi (< 5M),Normal (50-150%),Sideways,Solid (Jarang Dibanting),Normal,Sideways / Stagnan,TP: 71 | CL: 69,Normal,Di Area Support,Oversold (Jenuh Jual - Peluang),Netral / Sepi Berita,Normal / Sedang Transisi,Normal / Sideways,0,WAIT & SEE,TIDAK ADA,2026-08-24 16:50:01,Biasa / Mengikuti Pasar
16:50,ATAP,Token Mati (Perlu Update),Small Cap (Lapis 3),Overvalued (Mahal),181.67938,9.703197,595.0,586,515,660,-0.8333333333333334,1138900,Normal,55,Negatif,Uptrend,Bullish,Bearish MACD,Perfect Uptrend (5>20>50),Normal,Distribusi (Turun),Normal,Seimbang / Adu Mekanik,Normal,Tinggi,Normal,Rawan Pucuk (High Risk),< 1 Miliar,Di Bawah VWAP (Lemah),Distribusi Pro (Guyuran),Gorengan Sepi (< 5M),Normal (50-150%),Mark-Up (Fase Pesta),Spesialis Tiang Jemuran (Banting Pucuk),Normal,Turun 3 Hari Beruntun,TP: 657 | CL: 553,Open = High (Tekanan Jual),Tidak Ideal (< 1:1),Netral / Sideways,Netral / Sepi Berita,Normal / Sedang Transisi,Dekat Support Fibo 23.6%,3,WAIT & SEE,TIDAK ADA,2026-08-24 16:50:01,Biasa / Mengikuti Pasar
16:50,VICI,Token Mati (Perlu Update),Mid Cap (Lapis 2),Overvalued (Mahal),49.70179,4.606823,750.0,609,565,780,6.382978723404255,12555600,Tembus MA20,83,Positif,Uptrend,Bullish,Strong Bullish,Perfect Uptrend (5>20>50),Akumulasi Kuat,Akumulasi (Naik),Gap Up (+2.8%),Seimbang / Adu Mekanik,Breakout Upper,Tinggi,Normal,Rawan Pucuk (High Risk),> 1 Miliar,Di Atas VWAP (Kuat),Akumulasi Pro (Smart Money),Gorengan Sepi (< 5M),Ledakan Ekstrem (> 300%),Mark-Up (Fase Pesta),Solid (Jarang Dibanting),Normal,Naik 3 Hari Beruntun,TP: 795 | CL: 719,Normal,Tidak Ideal (< 1:1),Overbought (Jenuh Beli - Rawan),Sentimen Positif 📰,Normal / Sedang Transisi,Mengambang (Jauh dari Fibo),10,BELI,TIDAK ADA,2026-08-24 16:50:01,Biasa / Mengikuti Pasar
16:50,PMMP,Token Mati (Perlu Update),Small Cap (Lapis 3),Overvalued (Mahal),12499.999,-1724.138,50.0,50,50,50,0.0,0,Normal,0,Negatif,Downtrend,Bearish,Bearish MACD,Konsolidasi / Transisi,Normal,Netral,Normal,Tidak Ada Transaksi,Squeeze,Rendah,Doji (Ragu-ragu),Dekat Support (Low Risk),< 1 Miliar,Di Atas VWAP (Kuat),Netral,Gorengan Sepi (< 5M),Normal (50-150%),Sideways,Solid (Jarang Dibanting),Normal,Sideways / Stagnan,TP: 51 | CL: 49,Normal,Di Area Support,Oversold (Jenuh Jual - Peluang),Netral / Sepi Berita,Normal / Sedang Transisi,Normal / Sideways,0,WAIT & SEE,TIDAK ADA,2026-08-24 16:50:01,Biasa / Mengikuti Pasar
16:50,BANK,Token Mati (Perlu Update),Mid Cap (Lapis 2),Overvalued (Mahal),48.658318,1.1584376,272.0,274,266,290,0.7407407407407408,2126600,Normal,47,Positif,Downtrend,Bearish,Strong Bearish,Strong Downtrend (5<20<50),Normal,Akumulasi (Naik),Gap Up (+2.2%),Seimbang / Adu Mekanik,Squeeze,Rendah,Normal,Dekat Support (Low Risk),< 1 Miliar,Persis di VWAP,Distribusi Pro (Guyuran),Gorengan Sepi (< 5M),Normal (50-150%),Mark-Down (Fase Runtuh),Normal,Normal,Naik 1 Hari Beruntun,TP: 282 | CL: 265,Open = High (Tekanan Jual),Sangat Menarik (> 1:3),Netral / Sideways,Sentimen Positif 📰,Normal / Sedang Transisi,Dekat Support Fibo 50.0%,4,WAIT & SEE,TIDAK ADA,2026-08-24 16:50:01,Biasa / Mengikuti Pasar
16:50,WMUU,Token Mati (Perlu Update),Small Cap (Lapis 3),Fair Value (Wajar),0.0,0.8526603,50.0,53,50,63,0.0,17282100,Normal,40,Negatif,Downtrend,Bearish,Strong Bearish,Konsolidasi / Transisi,Normal,Distribusi (Turun),Normal,Tidak Ada Transaksi,Bottom Rebound,Tinggi,Doji (Ragu-ragu),Dekat Support (Low Risk),< 1 Miliar,Di Bawah VWAP (Lemah),Distribusi Pro (Guyuran),Ritel Aktif (5M - 50M),Sepi (< 50%),Distribution (Fase Jualan),Spesialis Tiang Jemuran (Banting Pucuk),Normal,Sideways / Stagnan,TP: 55 | CL: 46,Normal,Di Area Support,Oversold (Jenuh Jual - Peluang),Netral / Sepi Berita,Normal / Sedang Transisi,Golden Rebound Fibo Bottom / 100% 🎯,0,WAIT & SEE,TIDAK ADA,2026-08-24 16:50:01,Biasa / Mengikuti Pasar
16:50,EDGE,Token Mati (Perlu Update),Mid Cap (Lapis 2),Overvalued (Mahal),81.29668,5.354444,4790.0,4790,4790,4790,0.0,0,Normal,0,Negatif,Downtrend,Bearish,Bearish MACD,Konsolidasi / Transisi,Normal,Netral,Normal,Tidak Ada Transaksi,Squeeze,Rendah,Doji (Ragu-ragu),Dekat Support (Low Risk),< 1 Miliar,Di Atas VWAP (Kuat),Netral,Gorengan Sepi (< 5M),Normal (50-150%),Sideways,Solid (Jarang Dibanting),Normal,Sideways / Stagnan,TP: 4791 | CL: 4789,Normal,Di Area Support,Oversold (Jenuh Jual - Peluang),Netral / Sepi Berita,Normal / Sedang Transisi,Normal / Sideways,0,WAIT & SEE,TIDAK ADA,2026-08-24 16:50:01,Biasa / Mengikuti Pasar
16:50,UNIQ,Token Mati (Perlu Update),Small Cap (Lapis 3),Undervalued (Murah),13.620489,0.7624286,117.0,113,104,122,0.0,1000300,Normal,61,Negatif,Uptrend,Bullish,Strong Bullish,Perfect Uptrend (5>20>50),Normal,Distribusi (Turun),Normal,Seimbang / Adu Mekanik,Normal,Sedang,Normal,Rawan Pucuk (High Risk),< 1 Miliar,Persis di VWAP,Distribusi Pro (Guyuran),Gorengan Sepi (< 5M),Normal (50-150%),Mark-Up (Fase Pesta),Spesialis Tiang Jemuran (Banting Pucuk),Normal,Sideways / Stagnan,TP: 124 | CL: 112,Open = Low (Bullish Kuat),Tidak Ideal (< 1:1),Death Cross (Awal Bearish),Netral / Sepi Berita,Normal / Sedang Transisi,Mendekati Fibo 23.6%,4,WAIT & SEE,TIDAK ADA,2026-08-24 16:50:01,Biasa / Mengikuti Pasar
16:50,BEBS,Token Mati (Perlu Update),Small Cap (Lapis 3),Fair Value (Wajar),0.0,0.27855152,5.0,5,5,5,0.0,0,Normal,0,Negatif,Downtrend,Bearish,Bearish MACD,Konsolidasi / Transisi,Normal,Netral,Normal,Tidak Ada Transaksi,Squeeze,Rendah,Doji (Ragu-ragu),Dekat Support (Low Risk),< 1 Miliar,Di Atas VWAP (Kuat),Netral,Gorengan Sepi (< 5M),Normal (50-150%),Sideways,Solid (Jarang Dibanting),Normal,Sideways / Stagnan,TP: 6 | CL: 4,Normal,Di Area Support,Oversold (Jenuh Jual - Peluang),Netral / Sepi Berita,Normal / Sedang Transisi,Normal / Sideways,0,WAIT & SEE,TIDAK ADA,2026-08-24 16:50:01,Biasa / Mengikuti Pasar
16:50,SNLK,Token Mati (Perlu Update),Small Cap (Lapis 3),Fair Value (Wajar),0.0,0.6427615,228.0,226,214,244,-2.564102564102564,13473100,Normal,51,Negatif,Uptrend,Bullish,Strong Bullish,Perfect Uptrend (5>20>50),Normal,Akumulasi (Naik),Normal,Dominan Jual (Guyur),Squeeze,Rendah,Normal,Area Tengah,> 1 Miliar,Persis di VWAP,Akumulasi Pro (Smart Money),Gorengan Sepi (< 5M),Normal (50-150%),Mark-Up (Fase Pesta),Normal,Normal,Turun 1 Hari Beruntun,TP: 241 | CL: 218,Normal,Menengah (1:1),Netral / Sideways,Sentimen Negatif ⚠️,Normal / Sedang Transisi,Dekat Support Fibo 78.6%,5,WAIT & SEE,TIDAK ADA,2026-08-24 16:50:01,Biasa / Mengikuti Pasar
16:50,ZYRX,Token Mati (Perlu Update),Small Cap (Lapis 3),Undervalued (Murah),2.5153608,0.56300503,130.0,126,117,140,-1.5151515151515151,977900,Normal,54,Negatif,Uptrend,Bullish,Strong Bullish,Awal Reversal (5>20),Normal,Akumulasi (Naik),Normal,Dominan Jual (Guyur),Normal,Sedang,Normal,Rawan Pucuk (High Risk),< 1 Miliar,Di Bawah VWAP (Lemah),Distribusi Pro (Guyuran),Gorengan Sepi (< 5M),Normal (50-150%),Accumulation (Kumpul Barang),Normal,Normal,Turun 1 Hari Beruntun,TP: 140 | CL: 123,Normal,Tidak Ideal (< 1:1),Death Cross (Awal Bearish),Sentimen Positif 📰,Normal / Sedang Transisi,Dekat Support Fibo 38.2%,6,WAIT & SEE,TIDAK ADA,2026-08-24 16:50:01,Biasa / Mengikuti Pasar
16:50,LFLO,Token Mati (Perlu Update),Small Cap (Lapis 3),Overvalued (Mahal),0.0,7.4568515,515.0,496,466,555,-1.9047619047619049,2000,Normal,54,Negatif,Uptrend,Bullish,Strong Bullish,Awal Reversal (5>20),Normal,Akumulasi (Naik),Normal,Seimbang / Adu Mekanik,Normal,Sedang,Normal,Rawan Pucuk (High Risk),< 1 Miliar,Persis di VWAP,Akumulasi Pro (Smart Money),Gorengan Sepi (< 5M),Sepi (< 50%),Accumulation (Kumpul Barang),Normal,Normal,Turun 1 Hari Beruntun,TP: 545 | CL: 495,Normal,Tidak Ideal (< 1:1),Death Cross (Awal Bearish),Sentimen Positif 📰,Normal / Sedang Transisi,Dekat Support Fibo 61.8% (Golden Ratio),6,WAIT & SEE,TIDAK ADA,2026-08-24 16:50:01,Biasa / Mengikuti Pasar
16:50,FIMP,Token Mati (Perlu Update),Small Cap (Lapis 3),Fair Value (Wajar),0.0,1.2991904,69.0,69,69,69,0.0,0,Normal,0,Negatif,Downtrend,Bearish,Bearish MACD,Konsolidasi / Transisi,Normal,Netral,Normal,Tidak Ada Transaksi,Squeeze,Rendah,Doji (Ragu-ragu),Dekat Support (Low Risk),< 1 Miliar,Di Atas VWAP (Kuat),Netral,Gorengan Sepi (< 5M),Normal (50-150%),Sideways,Solid (Jarang Dibanting),Normal,Sideways / Stagnan,TP: 70 | CL: 68,Normal,Di Area Support,Oversold (Jenuh Jual - Peluang),Netral / Sepi Berita,Normal / Sedang Transisi,Normal / Sideways,0,WAIT & SEE,TIDAK ADA,2026-08-24 16:50:01,Biasa / Mengikuti Pasar
16:50,TAPG,Token Mati (Perlu Update),Big Cap (Lapis 1),Overvalued (Mahal),9.581455,3.3921423,1955.0,1786,1637,1980,-0.25510204081632654,15145200,Normal,76,Negatif,Uptrend,Bullish,Strong Bullish,Perfect Uptrend (5>20>50),Normal,Akumulasi (Naik),Normal,Seimbang / Adu Mekanik,Breakout Upper,Tinggi,Doji (Ragu-ragu),Rawan Pucuk (High Risk),> 1 Miliar,Di Atas VWAP (Kuat),Akumulasi Pro (Smart Money),Ritel Aktif (5M - 50M),Normal (50-150%),Mark-Up (Fase Pesta),Spesialis Tiang Jemuran (Banting Pucuk),Jarum Bawah (Sinyal Pantulan Kuat),Turun 1 Hari Beruntun,TP: 2036 | CL: 1900,Normal,Tidak Ideal (< 1:1),Overbought (Jenuh Beli - Rawan),Sentimen Negatif ⚠️,Normal / Sedang Transisi,Mengambang (Jauh dari Fibo),5,WAIT & SEE,TIDAK ADA,2026-08-24 16:50:01,Biasa / Mengikuti Pasar
16:50,NPGF,Token Mati (Perlu Update),Small Cap (Lapis 3),Overvalued (Mahal),2950.0,0.79281896,60.0,59,55,70,0.0,9364400,Normal,54,Negatif,Uptrend,Bullish,Strong Bullish,Perfect Uptrend (5>20>50),Normal,Akumulasi (Naik),Normal,Seimbang / Adu Mekanik,Normal,Sedang,Doji (Ragu-ragu),Area Tengah,< 1 Miliar,Persis di VWAP,Distribusi Pro (Guyuran),Gorengan Sepi (< 5M),Sepi (< 50%),Mark-Up (Fase Pesta),Spesialis Tiang Jemuran (Banting Pucuk),Normal,Sideways / Stagnan,TP: 65 | CL: 56,Normal,Ideal (1:2),Netral / Sideways,Sentimen Positif 📰,Supply Kering (Siap Pump) 🏜️,Golden Rebound Fibo 61.8% (Golden Ratio) 🎯,6,WAIT & SEE,TIDAK ADA,2026-08-24 16:50:01,Biasa / Mengikuti Pasar
16:50,LUCY,Token Mati (Perlu Update),Small Cap (Lapis 3),Overvalued (Mahal),0.0,26.315788,306.0,266,204,330,2.0,31895200,Tembus MA20,41,Positif,Uptrend,Bullish,Bullish MACD,Awal Reversal (5>20),Normal,Akumulasi (Naik),Normal,Seimbang / Adu Mekanik,Normal,Tinggi,Normal,Rawan Pucuk (High Risk),> 1 Miliar,Di Atas VWAP (Kuat),Akumulasi Pro (Smart Money),Ritel Aktif (5M - 50M),Normal (50-150%),Accumulation (Kumpul Barang),Spesialis Tiang Jemuran (Banting Pucuk),Normal,Naik 1 Hari Beruntun,TP: 348 | CL: 277,Normal,Tidak Ideal (< 1:1),Netral / Sideways,Sentimen Positif 📰,Normal / Sedang Transisi,Mengambang (Jauh dari Fibo),7,BELI,TIDAK ADA,2026-08-24 16:50:01,Biasa / Mengikuti Pasar
16:50,ADCP,Token Mati (Perlu Update),Mid Cap (Lapis 2),Overvalued (Mahal),0.0,3.040438,50.0,50,50,50,0.0,0,Normal,0,Negatif,Downtrend,Bearish,Bearish MACD,Konsolidasi / Transisi,Normal,Netral,Normal,Tidak Ada Transaksi,Squeeze,Rendah,Doji (Ragu-ragu),Dekat Support (Low Risk),< 1 Miliar,Di Atas VWAP (Kuat),Netral,Gorengan Sepi (< 5M),Normal (50-150%),Sideways,Solid (Jarang Dibanting),Normal,Sideways / Stagnan,TP: 51 | CL: 49,Normal,Di Area Support,Oversold (Jenuh Jual - Peluang),Netral / Sepi Berita,Normal / Sedang Transisi,Normal / Sideways,0,WAIT & SEE,TIDAK ADA,2026-08-24 16:50:01,Biasa / Mengikuti Pasar
16:50,HOPE,Token Mati (Perlu Update),Small Cap (Lapis 3),Overvalued (Mahal),0.0,7.856858,254.0,226,151,288,-5.9259259259259265,52172200,Normal,63,Negatif,Uptrend,Bullish,Strong Bullish,Perfect Uptrend (5>20>50),Normal,Akumulasi (Naik),Normal,Dominan Jual (Guyur),Normal,Tinggi,Normal,Rawan Pucuk (High Risk),> 1 Miliar,Di Bawah VWAP (Lemah),Akumulasi Pro (Smart Money),Ritel Aktif (5M - 50M),Normal (50-150%),Mark-Up (Fase Pesta),Spesialis Tiang Jemuran (Banting Pucuk),Normal,Turun 2 Hari Beruntun,TP: 287 | CL: 231,Normal,Tidak Ideal (< 1:1),Death Cross (Awal Bearish),Sentimen Positif 📰,Normal / Sedang Transisi,Mendekati Fibo 23.6%,6,WAIT & SEE,TIDAK ADA,2026-08-24 16:50:01,Biasa / Mengikuti Pasar
16:50,MGLV,Token Mati (Perlu Update),Big Cap (Lapis 1),Overvalued (Mahal),0.0,188.79507,11225.0,9217,7800,11950,0.44742729306487694,434800,Normal,78,Positif,Uptrend,Bullish,Strong Bullish,Perfect Uptrend (5>20>50),Normal,Akumulasi (Naik),Gap Down (-6.0%),Dominan Beli (Hajar Kanan),Normal,Tinggi,Normal,Rawan Pucuk (High Risk),> 1 Miliar,Di Atas VWAP (Kuat),Distribusi Pro (Guyuran),Ritel Aktif (5M - 50M),Sepi (< 50%),Mark-Up (Fase Pesta),Spesialis Tiang Jemuran (Banting Pucuk),Normal,Naik 7 Hari Beruntun,TP: 12548 | CL: 10342,Open = Low (Bullish Kuat),Tidak Ideal (< 1:1),Overbought (Jenuh Beli - Rawan),Sentimen Positif 📰,Normal / Sedang Transisi,Mendekati Fibo 23.6%,8,BELI,TIDAK ADA,2026-08-24 16:50:01,Biasa / Mengikuti Pasar
16:50,TRUE,Token Mati (Perlu Update),Small Cap (Lapis 3),Fair Value (Wajar),7.6335874,1.5621582,50.0,50,50,50,0.0,0,Normal,27,Negatif,Downtrend,Bearish,Bullish MACD,Konsolidasi / Transisi,Normal,Netral,Normal,Tidak Ada Transaksi,Squeeze,Rendah,Doji (Ragu-ragu),Dekat Support (Low Risk),< 1 Miliar,Di Atas VWAP (Kuat),Netral,Gorengan Sepi (< 5M),Normal (50-150%),Sideways,Solid (Jarang Dibanting),Normal,Sideways / Stagnan,TP: 51 | CL: 49,Normal,Di Area Support,Oversold (Jenuh Jual - Peluang),Netral / Sepi Berita,Normal / Sedang Transisi,Golden Rebound Fibo Bottom / 100% 🎯,1,WAIT & SEE,TIDAK ADA,2026-08-24 16:50:01,Biasa / Mengikuti Pasar
16:50,LABA,Token Mati (Perlu Update),Small Cap (Lapis 3),Undervalued (Murah),3.5584657,1.1877613,99.0,95,90,108,-1.0,5908800,Normal,59,Negatif,Uptrend,Bullish,Strong Bullish,Perfect Uptrend (5>20>50),Normal,Akumulasi (Naik),Gap Up (+3.0%),Dominan Jual (Guyur),Normal,Sedang,Normal,Rawan Pucuk (High Risk),< 1 Miliar,Persis di VWAP,Akumulasi Pro (Smart Money),Gorengan Sepi (< 5M),Sepi (< 50%),Mark-Up (Fase Pesta),Spesialis Tiang Jemuran (Banting Pucuk),Normal,Turun 1 Hari Beruntun,TP: 106 | CL: 94,Open = High (Tekanan Jual),Menengah (1:1),Netral / Sideways,Sentimen Positif 📰,Normal / Sedang Transisi,Mendekati Fibo 38.2%,7,BELI,TIDAK ADA,2026-08-24 16:50:01,Biasa / Mengikuti Pasar
16:50,ARCI,Token Mati (Perlu Update),Big Cap (Lapis 1),Overvalued (Mahal),16.37467,89374.99,1430.0,1198,1020,1455,2.5089605734767026,60269700,Tembus MA20,75,Positif,Uptrend,Bullish,Strong Bullish,Perfect Uptrend (5>20>50),Normal,Akumulasi (Naik),Normal,Seimbang / Adu Mekanik,Normal,Tinggi,Normal,Rawan Pucuk (High Risk),> 1 Miliar,Di Atas VWAP (Kuat),Akumulasi Pro (Smart Money),Sultan (> 50M/hari),Normal (50-150%),Mark-Up (Fase Pesta),Spesialis Tiang Jemuran (Banting Pucuk),Normal,Naik 3 Hari Beruntun,TP: 1544 | CL: 1353,Normal,Tidak Ideal (< 1:1),Overbought (Jenuh Beli - Rawan),Sentimen Positif 📰,Normal / Sedang Transisi,Mengambang (Jauh dari Fibo),8,BELI,TIDAK ADA,2026-08-24 16:50:01,Biasa / Mengikuti Pasar
16:50,IPAC,Token Mati (Perlu Update),Small Cap (Lapis 3),Overvalued (Mahal),46.560295,4.809771,185.0,168,151,190,1.6483516483516485,52400,Normal,65,Positif,Uptrend,Bullish,Strong Bullish,Perfect Uptrend (5>20>50),Normal,Akumulasi (Naik),Normal,Seimbang / Adu Mekanik,Normal,Tinggi,Normal,Rawan Pucuk (High Risk),< 1 Miliar,Di Atas VWAP (Kuat),Akumulasi Pro (Smart Money),Gorengan Sepi (< 5M),Sepi (< 50%),Mark-Up (Fase Pesta),Spesialis Tiang Jemuran (Banting Pucuk),Normal,Naik 1 Hari Beruntun,TP: 204 | CL: 172,Normal,Tidak Ideal (< 1:1),Overbought (Jenuh Beli - Rawan),Sentimen Positif 📰,Normal / Sedang Transisi,Mengambang (Jauh dari Fibo),7,BELI,TIDAK ADA,2026-08-24 16:50:01,Biasa / Mengikuti Pasar
16:50,MASB,Token Mati (Perlu Update),Mid Cap (Lapis 2),Fair Value (Wajar),22.321724,1.153569,3390.0,3386,3100,3400,0.0,11000,Tembus MA20,52,Negatif,Uptrend,Bullish,Strong Bullish,Perfect Uptrend (5>20>50),Normal,Akumulasi (Naik),Normal,Dominan Beli (Hajar Kanan),Squeeze,Rendah,Normal,Area Tengah,< 1 Miliar,Persis di VWAP,Akumulasi Pro (Smart Money),Gorengan Sepi (< 5M),Normal (50-150%),Mark-Up (Fase Pesta),Solid (Jarang Dibanting),Normal,Sideways / Stagnan,TP: 3480 | CL: 3330,Normal,Tidak Ideal (< 1:1),Overbought (Jenuh Beli - Rawan),Netral / Sepi Berita,Normal / Sedang Transisi,Dekat Support Fibo 38.2%,7,BELI,TIDAK ADA,2026-08-24 16:50:01,Biasa / Mengikuti Pasar
16:50,BMHS,Token Mati (Perlu Update),Mid Cap (Lapis 2),Fair Value (Wajar),0.0,0.8371945,189.0,188,176,199,0.0,856800,Normal,59,Negatif,Uptrend,Bullish,Bearish MACD,Perfect Uptrend (5>20>50),Normal,Netral,Normal,Seimbang / Adu Mekanik,Squeeze,Rendah,Doji (Ragu-ragu),Area Tengah,< 1 Miliar,Persis di VWAP,Akumulasi Pro (Smart Money),Gorengan Sepi (< 5M),Normal (50-150%),Mark-Up (Fase Pesta),Normal,Jarum Bawah (Sinyal Pantulan Kuat),Sideways / Stagnan,TP: 196 | CL: 183,Normal,Tidak Ideal (< 1:1),Netral / Sideways,Sentimen Positif 📰,Normal / Sedang Transisi,Golden Rebound Fibo 23.6% 🎯,4,WAIT & SEE,TIDAK ADA,2026-08-24 16:50:01,Biasa / Mengikuti Pasar
16:50,FLMC,Token Mati (Perlu Update),Small Cap (Lapis 3),Overvalued (Mahal),4.58744,4.3368692,75.0,75,66,86,-5.063291139240507,1796000,Normal,50,Negatif,Downtrend,Bullish,Strong Bullish,Perfect Uptrend (5>20>50),Normal,Akumulasi (Naik),Normal,Seimbang / Adu Mekanik,Normal,Tinggi,Normal,Rawan Pucuk (High Risk),< 1 Miliar,Di Bawah VWAP (Lemah),Akumulasi Pro (Smart Money),Gorengan Sepi (< 5M),Normal (50-150%),Distribution (Fase Jualan),Normal,Normal,Turun 2 Hari Beruntun,TP: 82 | CL: 69,Normal,Menengah (1:1),Death Cross (Awal Bearish),Sentimen Positif 📰,Normal / Sedang Transisi,Dekat Support Fibo 78.6%,4,WAIT & SEE,TIDAK ADA,2026-08-24 16:50:01,Biasa / Mengikuti Pasar
16:50,NICL,Token Mati (Perlu Update),Mid Cap (Lapis 2),Overvalued (Mahal),48.031498,6.2432833,488.0,474,440,505,0.8264462809917356,28181100,Tembus MA20,52,Positif,Uptrend,Golden Cross,Bullish MACD,Awal Reversal (5>20),Normal,Akumulasi (Naik),Normal,Seimbang / Adu Mekanik,Normal,Sedang,Normal,Rawan Pucuk (High Risk),> 1 Miliar,Di Atas VWAP (Kuat),Akumulasi Pro (Smart Money),Ritel Aktif (5M - 50M),Normal (50-150%),Accumulation (Kumpul Barang),Normal,Normal,Naik 3 Hari Beruntun,TP: 514 | CL: 470,Normal,Tidak Ideal (< 1:1),Overbought (Jenuh Beli - Rawan),Sentimen Positif 📰,Normal / Sedang Transisi,Mendekati Fibo 78.6%,8,BELI,TIDAK ADA,2026-08-24 16:50:01,Biasa / Mengikuti Pasar
16:50,UVCR,Token Mati (Perlu Update),Small Cap (Lapis 3),Overvalued (Mahal),41.15942,2.6327987,140.0,148,129,168,-0.7092198581560284,51745900,Tembus MA20,41,Negatif,Downtrend,Bearish,Strong Bearish,Strong Downtrend (5<20<50),Normal,Distribusi (Turun),Normal,Seimbang / Adu Mekanik,Normal,Tinggi,Normal,Area Tengah,> 1 Miliar,Persis di VWAP,Distribusi Pro (Guyuran),Ritel Aktif (5M - 50M),Normal (50-150%),Mark-Down (Fase Runtuh),Normal,Jarum Bawah (Sinyal Pantulan Kuat),Turun 3 Hari Beruntun,TP: 150 | CL: 133,Normal,Ideal (1:2),Netral / Sideways,Sentimen Positif 📰,Normal / Sedang Transisi,Mengambang (Jauh dari Fibo),2,WAIT & SEE,TIDAK ADA,2026-08-24 16:50:01,Biasa / Mengikuti Pasar
16:50,BUKA,Token Mati (Perlu Update),Big Cap (Lapis 1),Undervalued (Murah),6.158038,0.42708552,113.0,116,110,125,-0.8771929824561403,141068600,Tembus MA20,48,Negatif,Downtrend,Bearish,Bearish MACD,Konsolidasi / Transisi,Normal,Distribusi (Turun),Normal,Seimbang / Adu Mekanik,Bottom Rebound,Sedang,Doji (Ragu-ragu),Dekat Support (Low Risk),> 1 Miliar,Di Bawah VWAP (Lemah),Akumulasi Pro (Smart Money),Ritel Aktif (5M - 50M),Normal (50-150%),Distribution (Fase Jualan),Normal,Jarum Bawah (Sinyal Pantulan Kuat),Turun 2 Hari Beruntun,TP: 119 | CL: 108,Normal,Sangat Menarik (> 1:3),Netral / Sideways,Sentimen Positif 📰,Normal / Sedang Transisi,Golden Rebound Fibo 50.0% 🎯,2,WAIT & SEE,TIDAK ADA,2026-08-24 16:50:01,Biasa / Mengikuti Pasar
16:50,HAIS,Token Mati (Perlu Update),Small Cap (Lapis 3),Undervalued (Murah),8.432332,0.60995746,181.0,182,177,191,-1.092896174863388,766900,Tembus MA20,49,Negatif,Downtrend,Bearish,Bearish MACD,Konsolidasi / Transisi,Normal,Distribusi (Turun),Normal,Dominan Jual (Guyur),Squeeze,Rendah,Normal,Dekat Support (Low Risk),< 1 Miliar,Persis di VWAP,Distribusi Pro (Guyuran),Gorengan Sepi (< 5M),Normal (50-150%),Distribution (Fase Jualan),Spesialis Tiang Jemuran (Banting Pucuk),Normal,Turun 1 Hari Beruntun,TP: 188 | CL: 176,Normal,Ideal (1:2),Netral / Sideways,Sentimen Positif 📰,Normal / Sedang Transisi,Mendekati Fibo 38.2%,2,WAIT & SEE,TIDAK ADA,2026-08-24 16:50:01,Biasa / Mengikuti Pasar
16:50,OILS,Token Mati (Perlu Update),Small Cap (Lapis 3),Fair Value (Wajar),0.0,1.0250491,222.0,227,210,252,-0.8928571428571428,2175700,Normal,49,Negatif,Downtrend,Bearish,Bearish MACD,Konsolidasi / Transisi,Normal,Distribusi (Turun),Normal,Seimbang / Adu Mekanik,Squeeze,Rendah,Normal,Area Tengah,< 1 Miliar,Di Bawah VWAP (Lemah),Distribusi Pro (Guyuran),Gorengan Sepi (< 5M),Normal (50-150%),Distribution (Fase Jualan),Spesialis Tiang Jemuran (Banting Pucuk),Normal,Turun 1 Hari Beruntun,TP: 234 | CL: 213,Normal,Ideal (1:2),Netral / Sideways,Sentimen Positif 📰,Supply Kering (Siap Pump) 🏜️,Mengambang (Jauh dari Fibo),1,WAIT & SEE,TIDAK ADA,2026-08-24 16:50:01,Biasa / Mengikuti Pasar
16:50,GPSO,Token Mati (Perlu Update),Small Cap (Lapis 3),Overvalued (Mahal),0.0,4.559054,288.0,288,270,324,-0.6896551724137931,4652100,Normal,45,Negatif,Downtrend,Bullish,Bullish MACD,Awal Reversal (5>20),Normal,Akumulasi (Naik),Normal,Dominan Beli (Hajar Kanan),Normal,Tinggi,Hammer (Potensi Reversal),Area Tengah,> 1 Miliar,Di Bawah VWAP (Lemah),Akumulasi Pro (Smart Money),Ritel Aktif (5M - 50M),Sepi (< 50%),Mark-Down (Fase Runtuh),Spesialis Tiang Jemuran (Banting Pucuk),Jarum Bawah (Sinyal Pantulan Kuat),Turun 2 Hari Beruntun,TP: 310 | CL: 272,Open = High (Tekanan Jual),Ideal (1:2),Netral / Sideways,Sentimen Positif 📰,Normal / Sedang Transisi,Mengambang (Jauh dari Fibo),5,WAIT & SEE,TIDAK ADA,2026-08-24 16:50:01,Biasa / Mengikuti Pasar
16:50,MCOL,Token Mati (Perlu Update),Big Cap (Lapis 1),Overvalued (Mahal),9.013036,23269.23,3630.0,3728,3500,3870,-3.2,88700,Tembus MA20,40,Negatif,Downtrend,Bullish,Strong Bearish,Awal Reversal (5>20),Distribusi Kuat,Distribusi (Turun),Normal,Dominan Jual (Guyur),Squeeze,Rendah,Normal,Area Tengah,< 1 Miliar,Di Bawah VWAP (Lemah),Distribusi Pro (Guyuran),Gorengan Sepi (< 5M),Ledakan Ekstrem (> 300%),Mark-Down (Fase Runtuh),Spesialis Tiang Jemuran (Banting Pucuk),Normal,Turun 1 Hari Beruntun,TP: 3765 | CL: 3540,Normal,Ideal (1:2),Netral / Sideways,Sentimen Positif 📰,Normal / Sedang Transisi,Dekat Support Fibo 50.0%,3,WAIT & SEE,TIDAK ADA,2026-08-24 16:50:01,Biasa / Mengikuti Pasar
16:50,RSGK,Token Mati (Perlu Update),Small Cap (Lapis 3),Overvalued (Mahal),25.564318,1.0308001,940.0,956,910,1010,-2.083333333333333,12600,Normal,46,Negatif,Downtrend,Bearish,Strong Bearish,Strong Downtrend (5<20<50),Normal,Akumulasi (Naik),Gap Up (+2.1%),Dominan Jual (Guyur),Normal,Sedang,Normal,Area Tengah,< 1 Miliar,Di Bawah VWAP (Lemah),Akumulasi Pro (Smart Money),Gorengan Sepi (< 5M),Normal (50-150%),Mark-Down (Fase Runtuh),Normal,Normal,Turun 1 Hari Beruntun,TP: 1012 | CL: 891,Normal,Ideal (1:2),Netral / Sideways,Netral / Sepi Berita,Normal / Sedang Transisi,Mengambang (Jauh dari Fibo),2,WAIT & SEE,TIDAK ADA,2026-08-24 16:50:01,Biasa / Mengikuti Pasar
16:50,RUNS,Token Mati (Perlu Update),Small Cap (Lapis 3),Fair Value (Wajar),0.0,1.17713,63.0,63,59,67,0.0,988200,Tembus MA20,42,Negatif,Downtrend,Bearish,Bullish MACD,Strong Downtrend (5<20<50),Normal,Netral,Normal,Dominan Beli (Hajar Kanan),Normal,Sedang,Doji (Ragu-ragu),Area Tengah,< 1 Miliar,Persis di VWAP,Akumulasi Pro (Smart Money),Gorengan Sepi (< 5M),Normal (50-150%),Mark-Down (Fase Runtuh),Normal,Jarum Bawah (Sinyal Pantulan Kuat),Sideways / Stagnan,TP: 67 | CL: 60,Normal,Menengah (1:1),Netral / Sideways,Netral / Sepi Berita,Normal / Sedang Transisi,Mengambang (Jauh dari Fibo),3,WAIT & SEE,TIDAK ADA,2026-08-24 16:50:01,Biasa / Mengikuti Pasar
16:50,SBMA,Token Mati (Perlu Update),Small Cap (Lapis 3),Undervalued (Murah),9.140149,0.4200733,108.0,107,100,120,0.9345794392523363,522200,Normal,51,Positif,Uptrend,Bullish,Strong Bullish,Awal Reversal (5>20),Normal,Akumulasi (Naik),Normal,Seimbang / Adu Mekanik,Squeeze,Rendah,Normal,Area Tengah,< 1 Miliar,Persis di VWAP,Akumulasi Pro (Smart Money),Gorengan Sepi (< 5M),Sepi (< 50%),Accumulation (Kumpul Barang),Normal,Normal,Naik 1 Hari Beruntun,TP: 115 | CL: 103,Open = Low (Bullish Kuat),Ideal (1:2),Golden Cross (Awal Bullish),Sentimen Positif 📰,Normal / Sedang Transisi,Mendekati Fibo 50.0%,7,BELI,TIDAK ADA,2026-08-24 16:50:01,Biasa / Mengikuti Pasar
16:50,CMNT,Token Mati (Perlu Update),Big Cap (Lapis 1),Overvalued (Mahal),0.0,5.766662,755.0,794,755,835,-1.3071895424836601,18389000,Normal,36,Negatif,Downtrend,Bearish,Strong Bearish,Konsolidasi / Transisi,Normal,Distribusi (Turun),Normal,Dominan Jual (Guyur),Normal,Sedang,Normal,Dekat Support (Low Risk),> 1 Miliar,Di Bawah VWAP (Lemah),Distribusi Pro (Guyuran),Ritel Aktif (5M - 50M),Normal (50-150%),Distribution (Fase Jualan),Normal,Normal,Turun 2 Hari Beruntun,TP: 794 | CL: 728,Normal,Di Area Support,Oversold (Jenuh Jual - Peluang),Sentimen Positif 📰,Normal / Sedang Transisi,Golden Rebound Fibo Bottom / 100% 🎯,1,WAIT & SEE,TIDAK ADA,2026-08-24 16:50:01,Biasa / Mengikuti Pasar
16:50,GTSI,Token Mati (Perlu Update),Mid Cap (Lapis 2),Overvalued (Mahal),0.0,59333.332,179.0,172,135,199,-2.185792349726776,23451100,Normal,57,Negatif,Uptrend,Bullish,Bearish MACD,Perfect Uptrend (5>20>50),Normal,Distribusi (Turun),Normal,Dominan Jual (Guyur),Normal,Tinggi,Normal,Rawan Pucuk (High Risk),> 1 Miliar,Di Bawah VWAP (Lemah),Distribusi Pro (Guyuran),Ritel Aktif (5M - 50M),Normal (50-150%),Mark-Up (Fase Pesta),Normal,Normal,Turun 3 Hari Beruntun,TP: 199 | CL: 165,Open = High (Tekanan Jual),Tidak Ideal (< 1:1),Death Cross (Awal Bearish),Sentimen Positif 📰,Normal / Sedang Transisi,Mendekati Fibo 23.6%,4,WAIT & SEE,TIDAK ADA,2026-08-24 16:50:01,Biasa / Mengikuti Pasar
16:50,IDEA,Token Mati (Perlu Update),Small Cap (Lapis 3),Overvalued (Mahal),28.310501,1.0330923,62.0,63,56,72,0.0,1036700,Normal,47,Negatif,Downtrend,Bearish,Strong Bearish,Konsolidasi / Transisi,Normal,Distribusi (Turun),Normal,Dominan Beli (Hajar Kanan),Normal,Tinggi,Marubozu (Strong Bullish),Rawan Pucuk (High Risk),< 1 Miliar,Di Atas VWAP (Kuat),Akumulasi Pro (Smart Money),Gorengan Sepi (< 5M),Sepi (< 50%),Distribution (Fase Jualan),Normal,Normal,Sideways / Stagnan,TP: 68 | CL: 57,Open = Low (Bullish Kuat),Ideal (1:2),Netral / Sideways,Sentimen Positif 📰,Normal / Sedang Transisi,Mendekati Fibo 50.0%,2,WAIT & SEE,TIDAK ADA,2026-08-24 16:50:01,Biasa / Mengikuti Pasar
16:50,KUAS,Token Mati (Perlu Update),Small Cap (Lapis 3),Fair Value (Wajar),16.917984,0.6956942,93.0,91,86,108,0.0,63737500,Tembus MA20,54,Negatif,Uptrend,Bearish,Bearish MACD,Konsolidasi / Transisi,Distribusi Kuat,Akumulasi (Naik),Gap Up (+2.2%),Dominan Jual (Guyur),Squeeze,Rendah,Normal,Area Tengah,> 1 Miliar,Di Bawah VWAP (Lemah),Distribusi Pro (Guyuran),Ritel Aktif (5M - 50M),Anomali Tinggi (150-300%),Mark-Up (Fase Pesta),Normal,Normal,Sideways / Stagnan,TP: 99 | CL: 88,Normal,Ideal (1:2),Golden Cross (Awal Bullish),Sentimen Positif 📰,Supply Banjir (Distribusi) 🌊,Mendekati Fibo 78.6%,6,WAIT & SEE,TIDAK ADA,2026-08-24 16:50:01,Biasa / Mengikuti Pasar
16:50,BOBA,Token Mati (Perlu Update),Small Cap (Lapis 3),Undervalued (Murah),12.141932,1.4079405,206.0,217,204,244,-1.9047619047619049,763000,Normal,33,Negatif,Downtrend,Bearish,Bullish MACD,Strong Downtrend (5<20<50),Normal,Akumulasi (Naik),Normal,Dominan Jual (Guyur),Normal,Tinggi,Normal,Dekat Support (Low Risk),< 1 Miliar,Di Bawah VWAP (Lemah),Distribusi Pro (Guyuran),Gorengan Sepi (< 5M),Normal (50-150%),Mark-Down (Fase Runtuh),Spesialis Tiang Jemuran (Banting Pucuk),Normal,Turun 1 Hari Beruntun,TP: 222 | CL: 194,Normal,Sangat Menarik (> 1:3),Oversold (Jenuh Jual - Peluang),Sentimen Positif 📰,Normal / Sedang Transisi,Golden Rebound Fibo Bottom / 100% 🎯,3,WAIT & SEE,TIDAK ADA,2026-08-24 16:50:01,Biasa / Mengikuti Pasar
16:50,MTEL,Token Mati (Perlu Update),Big Cap (Lapis 1),Fair Value (Wajar),16.65433,1.1344156,450.0,442,418,462,2.272727272727273,62421500,Tembus MA20,53,Positif,Uptrend,Bearish,Bullish MACD,Strong Downtrend (5<20<50),Normal,Akumulasi (Naik),Gap Up (+4.1%),Seimbang / Adu Mekanik,Normal,Sedang,Normal,Area Tengah,> 1 Miliar,Di Atas VWAP (Kuat),Akumulasi Pro (Smart Money),Ritel Aktif (5M - 50M),Anomali Tinggi (150-300%),Accumulation (Kumpul Barang),Normal,Normal,Naik 1 Hari Beruntun,TP: 463 | CL: 441,Normal,Tidak Ideal (< 1:1),Netral / Sideways,Sentimen Positif 📰,Normal / Sedang Transisi,Mendekati Fibo 78.6%,8,BELI,TIDAK ADA,2026-08-24 16:50:01,Biasa / Mengikuti Pasar
16:50,DEPO,Token Mati (Perlu Update),Mid Cap (Lapis 2),Fair Value (Wajar),21.440825,1.2208879,250.0,244,234,276,-1.574803149606299,268200,Normal,54,Negatif,Uptrend,Bullish,Strong Bullish,Perfect Uptrend (5>20>50),Normal,Akumulasi (Naik),Normal,Dominan Jual (Guyur),Normal,Sedang,Normal,Area Tengah,< 1 Miliar,Di Bawah VWAP (Lemah),Distribusi Pro (Guyuran),Gorengan Sepi (< 5M),Sepi (< 50%),Mark-Up (Fase Pesta),Spesialis Tiang Jemuran (Banting Pucuk),Normal,Turun 2 Hari Beruntun,TP: 265 | CL: 239,Open = High (Tekanan Jual),Ideal (1:2),Netral / Sideways,Sentimen Positif 📰,Supply Kering (Siap Pump) 🏜️,Mendekati Fibo 78.6%,6,WAIT & SEE,TIDAK ADA,2026-08-24 16:50:01,Biasa / Mengikuti Pasar
16:50,BINO,Token Mati (Perlu Update),Small Cap (Lapis 3),Fair Value (Wajar),20.378979,0.6312852,116.0,112,104,129,0.0,1469400,Normal,67,Negatif,Uptrend,Bullish,Bearish MACD,Perfect Uptrend (5>20>50),Normal,Akumulasi (Naik),Normal,Seimbang / Adu Mekanik,Normal,Sedang,Doji (Ragu-ragu),Rawan Pucuk (High Risk),< 1 Miliar,Di Atas VWAP (Kuat),Akumulasi Pro (Smart Money),Gorengan Sepi (< 5M),Normal (50-150%),Mark-Up (Fase Pesta),Spesialis Tiang Jemuran (Banting Pucuk),Normal,Sideways / Stagnan,TP: 123 | CL: 110,Normal,Menengah (1:1),Netral / Sideways,Sentimen Negatif ⚠️,Normal / Sedang Transisi,Mendekati Fibo 38.2%,4,WAIT & SEE,TIDAK ADA,2026-08-24 16:50:01,Biasa / Mengikuti Pasar
16:50,CMRY,Token Mati (Perlu Update),Big Cap (Lapis 1),Overvalued (Mahal),16.61225,5.1290402,4620.0,4657,4520,4810,-1.702127659574468,2835100,Tembus MA20,49,Negatif,Downtrend,Bullish,Bearish MACD,Perfect Uptrend (5>20>50),Normal,Distribusi (Turun),Normal,Dominan Jual (Guyur),Squeeze,Rendah,Normal,Dekat Support (Low Risk),> 1 Miliar,Persis di VWAP,Distribusi Pro (Guyuran),Ritel Aktif (5M - 50M),Anomali Tinggi (150-300%),Distribution (Fase Jualan),Normal,Normal,Turun 2 Hari Beruntun,TP: 4790 | CL: 4506,Normal,Ideal (1:2),Netral / Sideways,Sentimen Positif 📰,Normal / Sedang Transisi,Dekat Support Fibo 38.2%,3,WAIT & SEE,TIDAK ADA,2026-08-24 16:50:01,Biasa / Mengikuti Pasar
16:50,WGSH,Token Mati (Perlu Update),Small Cap (Lapis 3),Overvalued (Mahal),29.7479,5.6938815,175.0,169,129,208,-2.7777777777777777,39018400,Tembus MA20,57,Negatif,Uptrend,Bullish,Bearish MACD,Perfect Uptrend (5>20>50),Normal,Distribusi (Turun),Normal,Seimbang / Adu Mekanik,Normal,Tinggi,Normal,Rawan Pucuk (High Risk),> 1 Miliar,Di Bawah VWAP (Lemah),Distribusi Pro (Guyuran),Ritel Aktif (5M - 50M),Anomali Tinggi (150-300%),Mark-Up (Fase Pesta),Normal,Normal,Turun 1 Hari Beruntun,TP: 195 | CL: 161,Open = High (Tekanan Jual),Tidak Ideal (< 1:1),Netral / Sideways,Netral / Sepi Berita,Normal / Sedang Transisi,Mengambang (Jauh dari Fibo),4,WAIT & SEE,TIDAK ADA,2026-08-24 16:50:01,Biasa / Mengikuti Pasar
16:50,TAYS,Token Mati (Perlu Update),Small Cap (Lapis 3),Undervalued (Murah),8.343067,1.2359105,50.0,50,50,50,0.0,0,Normal,0,Negatif,Downtrend,Bearish,Bullish MACD,Konsolidasi / Transisi,Normal,Netral,Normal,Tidak Ada Transaksi,Squeeze,Rendah,Doji (Ragu-ragu),Dekat Support (Low Risk),< 1 Miliar,Di Atas VWAP (Kuat),Netral,Gorengan Sepi (< 5M),Normal (50-150%),Sideways,Solid (Jarang Dibanting),Normal,Sideways / Stagnan,TP: 51 | CL: 49,Normal,Di Area Support,Oversold (Jenuh Jual - Peluang),Netral / Sepi Berita,Normal / Sedang Transisi,Golden Rebound Fibo Bottom / 100% 🎯,1,WAIT & SEE,TIDAK ADA,2026-08-24 16:50:01,Biasa / Mengikuti Pasar
16:50,ADMR,Token Mati (Perlu Update),Big Cap (Lapis 1),Overvalued (Mahal),13.324371,42125.0,1685.0,1585,1420,1740,0.5970149253731344,38206600,Tembus MA20,61,Positif,Uptrend,Bullish,Strong Bullish,Perfect Uptrend (5>20>50),Normal,Distribusi (Turun),Normal,Dominan Jual (Guyur),Normal,Tinggi,Doji (Ragu-ragu),Rawan Pucuk (High Risk),> 1 Miliar,Persis di VWAP,Distribusi Pro (Guyuran),Sultan (> 50M/hari),Normal (50-150%),Mark-Up (Fase Pesta),Spesialis Tiang Jemuran (Banting Pucuk),Normal,Naik 1 Hari Beruntun,TP: 1780 | CL: 1621,Normal,Tidak Ideal (< 1:1),Death Cross (Awal Bearish),Sentimen Positif 📰,Normal / Sedang Transisi,Mendekati Fibo 23.6%,7,BELI,TIDAK ADA,2026-08-24 16:50:01,Biasa / Mengikuti Pasar
16:50,SEMA,Token Mati (Perlu Update),Small Cap (Lapis 3),Undervalued (Murah),6.009959,0.8656795,104.0,98,93,110,0.9708737864077669,1734500,Tembus MA20,68,Positif,Uptrend,Bullish,Strong Bullish,Perfect Uptrend (5>20>50),Normal,Akumulasi (Naik),Normal,Seimbang / Adu Mekanik,Breakout Upper,Sedang,Doji (Ragu-ragu),Rawan Pucuk (High Risk),< 1 Miliar,Di Atas VWAP (Kuat),Distribusi Pro (Guyuran),Gorengan Sepi (< 5M),Anomali Tinggi (150-300%),Mark-Up (Fase Pesta),Spesialis Tiang Jemuran (Banting Pucuk),Normal,Naik 5 Hari Beruntun,TP: 108 | CL: 100,Normal,Tidak Ideal (< 1:1),Netral / Sideways,Sentimen Negatif ⚠️,Normal / Sedang Transisi,Dekat Support Fibo 23.6%,7,BELI,TIDAK ADA,2026-08-24 16:50:01,Biasa / Mengikuti Pasar
16:50,ASLC,Token Mati (Perlu Update),Small Cap (Lapis 3),Overvalued (Mahal),27.888447,1.1775393,71.0,63,59,72,12.698412698412698,109193200,Tembus MA20,71,Positif,Uptrend,Golden Cross,Strong Bullish,Perfect Uptrend (5>20>50),Akumulasi Kuat,Akumulasi (Naik),Normal,Dominan Beli (Hajar Kanan),Breakout Upper,Tinggi,Marubozu (Strong Bullish),Rawan Pucuk (High Risk),> 1 Miliar,Di Atas VWAP (Kuat),Akumulasi Pro (Smart Money),Gorengan Sepi (< 5M),Ledakan Ekstrem (> 300%),Mark-Up (Fase Pesta),Solid (Jarang Dibanting),Normal,Naik 1 Hari Beruntun,TP: 75 | CL: 68,Open = Low (Bullish Kuat),Tidak Ideal (< 1:1),Netral / Sideways,Sentimen Positif 📰,Normal / Sedang Transisi,Mengambang (Jauh dari Fibo),10,BELI,TIDAK ADA,2026-08-24 16:50:01,⚠️ Anomali (Sudah Terbang)
16:50,NETV,Token Mati (Perlu Update),Mid Cap (Lapis 2),Overvalued (Mahal),0.0,5.560498,50.0,51,50,59,0.0,3805800,Normal,42,Negatif,Downtrend,Bearish,Strong Bearish,Strong Downtrend (5<20<50),Normal,Distribusi (Turun),Normal,Tidak Ada Transaksi,Squeeze,Rendah,Doji (Ragu-ragu),Dekat Support (Low Risk),< 1 Miliar,Di Bawah VWAP (Lemah),Distribusi Pro (Guyuran),Gorengan Sepi (< 5M),Sepi (< 50%),Mark-Down (Fase Runtuh),Normal,Normal,Sideways / Stagnan,TP: 52 | CL: 48,Normal,Di Area Support,Oversold (Jenuh Jual - Peluang),Netral / Sepi Berita,Normal / Sedang Transisi,Golden Rebound Fibo Bottom / 100% 🎯,0,WAIT & SEE,TIDAK ADA,2026-08-24 16:50:01,Biasa / Mengikuti Pasar
16:50,BAUT,Token Mati (Perlu Update),Small Cap (Lapis 3),Fair Value (Wajar),0.0,1.0297778,36.0,33,26,39,-2.7027027027027026,4472100,Normal,59,Negatif,Uptrend,Bullish,Strong Bullish,Perfect Uptrend (5>20>50),Normal,Akumulasi (Naik),Gap Up (+2.7%),Dominan Jual (Guyur),Normal,Tinggi,Normal,Rawan Pucuk (High Risk),< 1 Miliar,Di Bawah VWAP (Lemah),Akumulasi Pro (Smart Money),Gorengan Sepi (< 5M),Normal (50-150%),Mark-Up (Fase Pesta),Solid (Jarang Dibanting),Normal,Turun 2 Hari Beruntun,TP: 38 | CL: 34,Open = High (Tekanan Jual),Tidak Ideal (< 1:1),Death Cross (Awal Bearish),Netral / Sepi Berita,Normal / Sedang Transisi,Mendekati Fibo 23.6%,6,WAIT & SEE,TIDAK ADA,2026-08-24 16:50:01,Biasa / Mengikuti Pasar
16:50,ENAK,Token Mati (Perlu Update),Small Cap (Lapis 3),Fair Value (Wajar),0.0,2.801952,234.0,242,228,280,-3.3057851239669422,297200,Normal,41,Negatif,Downtrend,Bearish,Bullish MACD,Strong Downtrend (5<20<50),Normal,Akumulasi (Naik),Normal,Dominan Jual (Guyur),Bottom Rebound,Sedang,Normal,Dekat Support (Low Risk),< 1 Miliar,Di Bawah VWAP (Lemah),Distribusi Pro (Guyuran),Gorengan Sepi (< 5M),Sepi (< 50%),Mark-Down (Fase Runtuh),Spesialis Tiang Jemuran (Banting Pucuk),Normal,Turun 2 Hari Beruntun,TP: 258 | CL: 217,Normal,Sangat Menarik (> 1:3),Netral / Sideways,Sentimen Positif 📰,Normal / Sedang Transisi,Dekat Support Fibo 78.6%,3,WAIT & SEE,TIDAK ADA,2026-08-24 16:50:01,Biasa / Mengikuti Pasar
16:50,NTBK,Token Mati (Perlu Update),Small Cap (Lapis 3),Overvalued (Mahal),361.60712,2.34912,81.0,88,79,103,-2.4096385542168677,20222600,Normal,43,Negatif,Downtrend,Bearish,Strong Bearish,Konsolidasi / Transisi,Normal,Akumulasi (Naik),Gap Up (+2.4%),Dominan Jual (Guyur),Normal,Tinggi,Normal,Dekat Support (Low Risk),> 1 Miliar,Di Bawah VWAP (Lemah),Distribusi Pro (Guyuran),Gorengan Sepi (< 5M),Normal (50-150%),Distribution (Fase Jualan),Spesialis Tiang Jemuran (Banting Pucuk),Normal,Turun 1 Hari Beruntun,TP: 88 | CL: 75,Open = High (Tekanan Jual),Sangat Menarik (> 1:3),Oversold (Jenuh Jual - Peluang),Sentimen Positif 📰,Normal / Sedang Transisi,Mengambang (Jauh dari Fibo),3,WAIT & SEE,TIDAK ADA,2026-08-24 16:50:01,Biasa / Mengikuti Pasar
16:50,SMKM,Token Mati (Perlu Update),Small Cap (Lapis 3),Undervalued (Murah),6.807399,0.61668414,99.0,82,64,111,-1.0,2101400,Normal,74,Negatif,Uptrend,Bullish,Strong Bullish,Perfect Uptrend (5>20>50),Normal,Akumulasi (Naik),Normal,Seimbang / Adu Mekanik,Normal,Tinggi,Doji (Ragu-ragu),Rawan Pucuk (High Risk),< 1 Miliar,Di Bawah VWAP (Lemah),Akumulasi Pro (Smart Money),Gorengan Sepi (< 5M),Sepi (< 50%),Mark-Up (Fase Pesta),Normal,Normal,Turun 2 Hari Beruntun,TP: 111 | CL: 90,Normal,Tidak Ideal (< 1:1),Death Cross (Awal Bearish),Sentimen Positif 📰,Normal / Sedang Transisi,Dekat Support Fibo 23.6%,6,WAIT & SEE,TIDAK ADA,2026-08-24 16:50:01,Biasa / Mengikuti Pasar
16:50,STAA,Token Mati (Perlu Update),Big Cap (Lapis 1),Fair Value (Wajar),7.9087925,1.9615434,1155.0,1093,1045,1185,-0.43103448275862066,5807600,Tembus MA20,69,Negatif,Uptrend,Bullish,Strong Bullish,Perfect Uptrend (5>20>50),Normal,Akumulasi (Naik),Normal,Seimbang / Adu Mekanik,Breakout Upper,Sedang,Normal,Rawan Pucuk (High Risk),> 1 Miliar,Di Atas VWAP (Kuat),Akumulasi Pro (Smart Money),Ritel Aktif (5M - 50M),Normal (50-150%),Mark-Up (Fase Pesta),Normal,Jarum Bawah (Sinyal Pantulan Kuat),Turun 1 Hari Beruntun,TP: 1200 | CL: 1125,Normal,Tidak Ideal (< 1:1),Death Cross (Awal Bearish),Sentimen Positif 📰,Normal / Sedang Transisi,Mendekati Fibo 23.6%,7,BELI,TIDAK ADA,2026-08-24 16:50:01,Biasa / Mengikuti Pasar
16:50,NANO,Token Mati (Perlu Update),Small Cap (Lapis 3),Undervalued (Murah),12.653374,0.8307739,33.0,30,27,36,-5.714285714285714,68974600,Tembus MA20,57,Negatif,Uptrend,Bullish,Strong Bullish,Perfect Uptrend (5>20>50),Normal,Distribusi (Turun),Normal,Dominan Jual (Guyur),Normal,Tinggi,Normal,Rawan Pucuk (High Risk),> 1 Miliar,Persis di VWAP,Akumulasi Pro (Smart Money),Gorengan Sepi (< 5M),Normal (50-150%),Mark-Up (Fase Pesta),Normal,Normal,Turun 1 Hari Beruntun,TP: 36 | CL: 30,Normal,Tidak Ideal (< 1:1),Death Cross (Awal Bearish),Netral / Sepi Berita,Normal / Sedang Transisi,Mendekati Fibo 38.2%,5,WAIT & SEE,TIDAK ADA,2026-08-24 16:50:01,Biasa / Mengikuti Pasar
16:50,BIKE,Token Mati (Perlu Update),Small Cap (Lapis 3),Overvalued (Mahal),19.111948,12.536187,498.0,509,464,535,-2.3529411764705883,1287400,Tembus MA20,0,Negatif,Downtrend,Death Cross,Strong Bearish,Strong Downtrend (5<20<50),Distribusi Kuat,Distribusi (Turun),Gap Up (+2.9%),Seimbang / Adu Mekanik,Squeeze,Rendah,Normal,Area Tengah,< 1 Miliar,Persis di VWAP,Distribusi Pro (Guyuran),Gorengan Sepi (< 5M),Ledakan Ekstrem (> 300%),Mark-Down (Fase Runtuh),Solid (Jarang Dibanting),Normal,Turun 1 Hari Beruntun,TP: 505 | CL: 492,Normal,Menengah (1:1),Golden Cross (Awal Bullish),Sentimen Positif 📰,Supply Banjir (Distribusi) 🌊,Dekat Support Fibo 61.8% (Golden Ratio),3,WAIT & SEE,TIDAK ADA,2026-08-24 16:50:01,🔥 ANOMALI BANDAR (Siap Ledakan)
16:50,WIRG,Token Mati (Perlu Update),Small Cap (Lapis 3),Undervalued (Murah),12.229102,1.1135386,79.0,63,54,81,2.5974025974025974,181286900,Tembus MA20,79,Positif,Uptrend,Bullish,Strong Bullish,Perfect Uptrend (5>20>50),Normal,Akumulasi (Naik),Normal,Seimbang / Adu Mekanik,Breakout Upper,Tinggi,Normal,Rawan Pucuk (High Risk),> 1 Miliar,Di Atas VWAP (Kuat),Akumulasi Pro (Smart Money),Ritel Aktif (5M - 50M),Normal (50-150%),Mark-Up (Fase Pesta),Spesialis Tiang Jemuran (Banting Pucuk),Normal,Naik 3 Hari Beruntun,TP: 86 | CL: 73,Normal,Tidak Ideal (< 1:1),Overbought (Jenuh Beli - Rawan),Sentimen Positif 📰,Normal / Sedang Transisi,Mengambang (Jauh dari Fibo),8,BELI,TIDAK ADA,2026-08-24 16:50:01,Biasa / Mengikuti Pasar
16:50,SICO,Token Mati (Perlu Update),Small Cap (Lapis 3),Undervalued (Murah),11.697755,0.7544964,112.0,109,105,117,2.7522935779816518,2574400,Tembus MA20,58,Positif,Uptrend,Golden Cross,Strong Bullish,Perfect Uptrend (5>20>50),Normal,Akumulasi (Naik),Normal,Dominan Beli (Hajar Kanan),Squeeze,Rendah,Normal,Area Tengah,< 1 Miliar,Di Atas VWAP (Kuat),Distribusi Pro (Guyuran),Gorengan Sepi (< 5M),Normal (50-150%),Mark-Up (Fase Pesta),Spesialis Tiang Jemuran (Banting Pucuk),Normal,Naik 1 Hari Beruntun,TP: 118 | CL: 107,Normal,Tidak Ideal (< 1:1),Netral / Sideways,Sentimen Positif 📰,Normal / Sedang Transisi,Mendekati Fibo 38.2%,9,BELI,TIDAK ADA,2026-08-24 16:50:01,Biasa / Mengikuti Pasar
16:50,GOTO,Token Mati (Perlu Update),Big Cap (Lapis 1),Fair Value (Wajar),0.0,1.6453322,50.0,50,50,50,0.0,7146500,Normal,0,Negatif,Downtrend,Bearish,Bearish MACD,Konsolidasi / Transisi,Normal,Netral,Normal,Tidak Ada Transaksi,Squeeze,Rendah,Doji (Ragu-ragu),Dekat Support (Low Risk),< 1 Miliar,Persis di VWAP,Netral,Gorengan Sepi (< 5M),Sepi (< 50%),Sideways,Solid (Jarang Dibanting),Normal,Sideways / Stagnan,TP: 51 | CL: 49,Normal,Di Area Support,Oversold (Jenuh Jual - Peluang),Sentimen Negatif ⚠️,Supply Kering (Siap Pump) 🏜️,Normal / Sideways,0,WAIT & SEE,TIDAK ADA,2026-08-24 16:50:01,🔥 ANOMALI BANDAR (Siap Ledakan)
16:50,TLDN,Token Mati (Perlu Update),Mid Cap (Lapis 2),Fair Value (Wajar),6.7157974,1.9814689,565.0,554,505,605,-0.8771929824561403,1279400,Normal,56,Negatif,Uptrend,Bullish,Bearish MACD,Perfect Uptrend (5>20>50),Normal,Akumulasi (Naik),Normal,Dominan Jual (Guyur),Normal,Tinggi,Normal,Rawan Pucuk (High Risk),< 1 Miliar,Persis di VWAP,Distribusi Pro (Guyuran),Gorengan Sepi (< 5M),Normal (50-150%),Mark-Up (Fase Pesta),Normal,Normal,Turun 2 Hari Beruntun,TP: 601 | CL: 540,Normal,Tidak Ideal (< 1:1),Netral / Sideways,Sentimen Positif 📰,Normal / Sedang Transisi,Dekat Support Fibo 23.6%,5,WAIT & SEE,TIDAK ADA,2026-08-24 16:50:01,Biasa / Mengikuti Pasar
16:50,MTMH,Token Mati (Perlu Update),Mid Cap (Lapis 2),Overvalued (Mahal),41.41631,1.302994,965.0,926,865,975,1.0471204188481675,25800,Tembus MA20,58,Positif,Uptrend,Bullish,Strong Bullish,Awal Reversal (5>20),Normal,Akumulasi (Naik),Normal,Dominan Beli (Hajar Kanan),Squeeze,Rendah,Hammer (Potensi Reversal),Rawan Pucuk (High Risk),< 1 Miliar,Di Atas VWAP (Kuat),Akumulasi Pro (Smart Money),Gorengan Sepi (< 5M),Anomali Tinggi (150-300%),Accumulation (Kumpul Barang),Spesialis Tiang Jemuran (Banting Pucuk),Jarum Bawah (Sinyal Pantulan Kuat),Naik 1 Hari Beruntun,TP: 1004 | CL: 938,Normal,Tidak Ideal (< 1:1),Overbought (Jenuh Beli - Rawan),Sentimen Positif 📰,Normal / Sedang Transisi,Golden Rebound Fibo 50.0% 🎯,9,BELI,TIDAK ADA,2026-08-24 16:50:01,Biasa / Mengikuti Pasar
16:50,WINR,Token Mati (Perlu Update),Small Cap (Lapis 3),Undervalued (Murah),0.0242338,0.31210545,22.0,22,20,28,0.0,11461200,Normal,49,Negatif,Downtrend,Bullish,Bearish MACD,Perfect Uptrend (5>20>50),Normal,Distribusi (Turun),Normal,Dominan Jual (Guyur),Normal,Tinggi,Doji (Ragu-ragu),Rawan Pucuk (High Risk),< 1 Miliar,Di Bawah VWAP (Lemah),Distribusi Pro (Guyuran),Gorengan Sepi (< 5M),Sepi (< 50%),Distribution (Fase Jualan),Normal,Normal,Sideways / Stagnan,TP: 24 | CL: 20,Normal,Ideal (1:2),Netral / Sideways,Netral / Sepi Berita,Normal / Sedang Transisi,Dekat Support Fibo 61.8% (Golden Ratio),1,WAIT & SEE,TIDAK ADA,2026-08-24 16:50:01,Biasa / Mengikuti Pasar
16:50,IBOS,Token Mati (Perlu Update),Small Cap (Lapis 3),Overvalued (Mahal),350.0,2.1422853,91.0,69,60,91,5.813953488372093,16715800,Tembus MA20,77,Positif,Uptrend,Bullish,Strong Bullish,Awal Reversal (5>20),Akumulasi Kuat,Akumulasi (Naik),Normal,Dominan Beli (Hajar Kanan),Breakout Upper,Tinggi,Normal,Rawan Pucuk (High Risk),> 1 Miliar,Di Atas VWAP (Kuat),Akumulasi Pro (Smart Money),Gorengan Sepi (< 5M),Anomali Tinggi (150-300%),Accumulation (Kumpul Barang),Normal,Normal,Naik 5 Hari Beruntun,TP: 99 | CL: 85,Normal,Tidak Ideal (< 1:1),Overbought (Jenuh Beli - Rawan),Netral / Sepi Berita,Normal / Sedang Transisi,Mendekati Fibo 38.2%,9,BELI,TIDAK ADA,2026-08-24 16:50:01,Biasa / Mengikuti Pasar
16:50,OLIV,Token Mati (Perlu Update),Small Cap (Lapis 3),Overvalued (Mahal),51.47864,2.4075403,47.0,49,44,53,0.0,9164500,Tembus MA20,38,Negatif,Downtrend,Bearish,Strong Bearish,Strong Downtrend (5<20<50),Normal,Distribusi (Turun),Normal,Dominan Beli (Hajar Kanan),Bottom Rebound,Sedang,Doji (Ragu-ragu),Area Tengah,< 1 Miliar,Persis di VWAP,Akumulasi Pro (Smart Money),Gorengan Sepi (< 5M),Anomali Tinggi (150-300%),Mark-Down (Fase Runtuh),Solid (Jarang Dibanting),Jarum Bawah (Sinyal Pantulan Kuat),Sideways / Stagnan,TP: 50 | CL: 44,Normal,Ideal (1:2),Golden Cross (Awal Bullish),Netral / Sepi Berita,Normal / Sedang Transisi,Mengambang (Jauh dari Fibo),2,WAIT & SEE,TIDAK ADA,2026-08-24 16:50:01,Biasa / Mengikuti Pasar
16:50,ASHA,Token Mati (Perlu Update),Small Cap (Lapis 3),Fair Value (Wajar),0.0,2.769316,59.0,58,53,67,-1.6666666666666667,12150400,Normal,51,Negatif,Uptrend,Bullish,Bearish MACD,Perfect Uptrend (5>20>50),Normal,Distribusi (Turun),Normal,Dominan Jual (Guyur),Normal,Sedang,Normal,Rawan Pucuk (High Risk),< 1 Miliar,Di Bawah VWAP (Lemah),Distribusi Pro (Guyuran),Gorengan Sepi (< 5M),Sepi (< 50%),Mark-Up (Fase Pesta),Spesialis Tiang Jemuran (Banting Pucuk),Normal,Turun 1 Hari Beruntun,TP: 63 | CL: 56,Normal,Menengah (1:1),Netral / Sideways,Sentimen Positif 📰,Normal / Sedang Transisi,Dekat Support Fibo 61.8% (Golden Ratio),4,WAIT & SEE,TIDAK ADA,2026-08-24 16:50:01,Biasa / Mengikuti Pasar
16:50,SWID,Token Mati (Perlu Update),Small Cap (Lapis 3),Fair Value (Wajar),0.0,2.386915,123.0,107,97,148,-0.8064516129032258,16741900,Normal,69,Negatif,Uptrend,Bullish,Strong Bullish,Perfect Uptrend (5>20>50),Normal,Akumulasi (Naik),Normal,Seimbang / Adu Mekanik,Breakout Upper,Tinggi,Normal,Rawan Pucuk (High Risk),> 1 Miliar,Persis di VWAP,Distribusi Pro (Guyuran),Ritel Aktif (5M - 50M),Sepi (< 50%),Mark-Up (Fase Pesta),Spesialis Tiang Jemuran (Banting Pucuk),Normal,Turun 1 Hari Beruntun,TP: 141 | CL: 110,Open = High (Tekanan Jual),Tidak Ideal (< 1:1),Golden Cross (Awal Bullish),Sentimen Positif 📰,Supply Banjir (Distribusi) 🌊,Mendekati Fibo 38.2%,6,WAIT & SEE,TIDAK ADA,2026-08-24 16:50:01,Biasa / Mengikuti Pasar
16:50,TRGU,Token Mati (Perlu Update),Mid Cap (Lapis 2),Overvalued (Mahal),127.61194,1.3842791,171.0,166,157,204,0.5882352941176471,37600,Normal,55,Positif,Uptrend,Bullish,Strong Bullish,Awal Reversal (5>20),Normal,Akumulasi (Naik),Normal,Seimbang / Adu Mekanik,Normal,Sedang,Normal,Area Tengah,< 1 Miliar,Persis di VWAP,Akumulasi Pro (Smart Money),Gorengan Sepi (< 5M),Sepi (< 50%),Accumulation (Kumpul Barang),Spesialis Tiang Jemuran (Banting Pucuk),Normal,Naik 1 Hari Beruntun,TP: 185 | CL: 161,Normal,Ideal (1:2),Netral / Sideways,Netral / Sepi Berita,Supply Kering (Siap Pump) 🏜️,Mendekati Fibo 78.6%,6,WAIT & SEE,TIDAK ADA,2026-08-24 16:50:01,Biasa / Mengikuti Pasar
16:50,ARKO,Token Mati (Perlu Update),Big Cap (Lapis 1),Overvalued (Mahal),238.09525,27.86713,5225.0,4955,4300,6100,-0.4761904761904762,5012900,Tembus MA20,52,Negatif,Uptrend,Bullish,Strong Bullish,Awal Reversal (5>20),Normal,Distribusi (Turun),Normal,Dominan Jual (Guyur),Normal,Tinggi,Normal,Rawan Pucuk (High Risk),> 1 Miliar,Di Bawah VWAP (Lemah),Distribusi Pro (Guyuran),Ritel Aktif (5M - 50M),Normal (50-150%),Accumulation (Kumpul Barang),Normal,Normal,Turun 1 Hari Beruntun,TP: 5852 | CL: 4806,Normal,Tidak Ideal (< 1:1),Golden Cross (Awal Bullish),Netral / Sepi Berita,Normal / Sedang Transisi,Dekat Support Fibo 50.0%,5,WAIT & SEE,TIDAK ADA,2026-08-24 16:50:01,Biasa / Mengikuti Pasar
16:50,CHEM,Token Mati (Perlu Update),Small Cap (Lapis 3),Fair Value (Wajar),0.0,1.0652183,70.0,67,63,77,-1.4084507042253522,8806400,Normal,59,Negatif,Uptrend,Bullish,Strong Bullish,Perfect Uptrend (5>20>50),Normal,Akumulasi (Naik),Normal,Dominan Jual (Guyur),Normal,Tinggi,Normal,Rawan Pucuk (High Risk),< 1 Miliar,Persis di VWAP,Distribusi Pro (Guyuran),Gorengan Sepi (< 5M),Sepi (< 50%),Mark-Up (Fase Pesta),Spesialis Tiang Jemuran (Banting Pucuk),Normal,Turun 1 Hari Beruntun,TP: 75 | CL: 66,Open = High (Tekanan Jual),Menengah (1:1),Netral / Sideways,Sentimen Positif 📰,Normal / Sedang Transisi,Mendekati Fibo 38.2%,6,WAIT & SEE,TIDAK ADA,2026-08-24 16:50:01,Biasa / Mengikuti Pasar
16:50,DEWI,Token Mati (Perlu Update),Small Cap (Lapis 3),Fair Value (Wajar),0.0,1.7892765,147.0,131,116,158,1.3793103448275863,49027200,Normal,73,Positif,Uptrend,Bullish,Strong Bullish,Perfect Uptrend (5>20>50),Normal,Akumulasi (Naik),Normal,Seimbang / Adu Mekanik,Normal,Tinggi,Normal,Rawan Pucuk (High Risk),> 1 Miliar,Persis di VWAP,Akumulasi Pro (Smart Money),Ritel Aktif (5M - 50M),Normal (50-150%),Mark-Up (Fase Pesta),Solid (Jarang Dibanting),Normal,Naik 1 Hari Beruntun,TP: 157 | CL: 139,Open = Low (Bullish Kuat),Tidak Ideal (< 1:1),Netral / Sideways,Sentimen Positif 📰,Normal / Sedang Transisi,Dekat Support Fibo 23.6%,7,BELI,TIDAK ADA,2026-08-24 16:50:01,Biasa / Mengikuti Pasar
16:50,AXIO,Token Mati (Perlu Update),Small Cap (Lapis 3),Fair Value (Wajar),0.0,1.2901533,119.0,112,108,124,5.3097345132743365,10880900,Tembus MA20,67,Positif,Uptrend,Bullish,Strong Bullish,Perfect Uptrend (5>20>50),Akumulasi Kuat,Akumulasi (Naik),Normal,Seimbang / Adu Mekanik,Squeeze,Rendah,Normal,Rawan Pucuk (High Risk),> 1 Miliar,Di Atas VWAP (Kuat),Akumulasi Pro (Smart Money),Gorengan Sepi (< 5M),Ledakan Ekstrem (> 300%),Mark-Up (Fase Pesta),Normal,Normal,Naik 1 Hari Beruntun,TP: 125 | CL: 114,Open = Low (Bullish Kuat),Tidak Ideal (< 1:1),Netral / Sideways,Sentimen Positif 📰,Normal / Sedang Transisi,Mendekati Fibo 50.0%,9,BELI,TIDAK ADA,2026-08-24 16:50:01,Biasa / Mengikuti Pasar
16:50,KRYA,Token Mati (Perlu Update),Small Cap (Lapis 3),Overvalued (Mahal),0.0,4.12175,65.0,62,56,68,0.0,22061900,Normal,61,Negatif,Uptrend,Bullish,Strong Bullish,Perfect Uptrend (5>20>50),Normal,Akumulasi (Naik),Normal,Seimbang / Adu Mekanik,Normal,Sedang,Doji (Ragu-ragu),Rawan Pucuk (High Risk),> 1 Miliar,Persis di VWAP,Akumulasi Pro (Smart Money),Gorengan Sepi (< 5M),Normal (50-150%),Mark-Up (Fase Pesta),Spesialis Tiang Jemuran (Banting Pucuk),Normal,Sideways / Stagnan,TP: 70 | CL: 61,Normal,Tidak Ideal (< 1:1),Netral / Sideways,Sentimen Negatif ⚠️,Normal / Sedang Transisi,Dekat Support Fibo 38.2%,5,WAIT & SEE,TIDAK ADA,2026-08-24 16:50:01,Biasa / Mengikuti Pasar
16:50,HATM,Token Mati (Perlu Update),Mid Cap (Lapis 2),Overvalued (Mahal),108.85609,3.1267056,590.0,566,444,685,3.508771929824561,10054900,Normal,58,Positif,Uptrend,Bullish,Bearish MACD,Perfect Uptrend (5>20>50),Normal,Akumulasi (Naik),Gap Down (-2.6%),Dominan Beli (Hajar Kanan),Normal,Tinggi,Normal,Rawan Pucuk (High Risk),> 1 Miliar,Di Bawah VWAP (Lemah),Akumulasi Pro (Smart Money),Ritel Aktif (5M - 50M),Sepi (< 50%),Mark-Up (Fase Pesta),Normal,Normal,Naik 1 Hari Beruntun,TP: 690 | CL: 523,Normal,Tidak Ideal (< 1:1),Death Cross (Awal Bearish),Netral / Sepi Berita,Normal / Sedang Transisi,Dekat Support Fibo 23.6%,6,WAIT & SEE,TIDAK ADA,2026-08-24 16:50:01,Biasa / Mengikuti Pasar
16:50,RCCC,Token Mati (Perlu Update),Small Cap (Lapis 3),Fair Value (Wajar),0.0,1.6032364,107.0,101,90,111,-0.9259259259259258,1074200,Normal,62,Negatif,Uptrend,Bullish,Strong Bullish,Perfect Uptrend (5>20>50),Normal,Distribusi (Turun),Normal,Dominan Jual (Guyur),Normal,Tinggi,Normal,Rawan Pucuk (High Risk),< 1 Miliar,Persis di VWAP,Distribusi Pro (Guyuran),Gorengan Sepi (< 5M),Normal (50-150%),Mark-Up (Fase Pesta),Spesialis Tiang Jemuran (Banting Pucuk),Normal,Turun 1 Hari Beruntun,TP: 113 | CL: 102,Normal,Tidak Ideal (< 1:1),Death Cross (Awal Bearish),Netral / Sepi Berita,Normal / Sedang Transisi,Mendekati Fibo 23.6%,4,WAIT & SEE,TIDAK ADA,2026-08-24 16:50:01,Biasa / Mengikuti Pasar
16:50,GULA,Token Mati (Perlu Update),Small Cap (Lapis 3),Overvalued (Mahal),0.0,5.7478986,775.0,767,660,870,3.3333333333333335,34312500,Normal,57,Positif,Uptrend,Bearish,Bearish MACD,Konsolidasi / Transisi,Normal,Akumulasi (Naik),Normal,Dominan Beli (Hajar Kanan),Normal,Tinggi,Normal,Rawan Pucuk (High Risk),> 1 Miliar,Di Atas VWAP (Kuat),Akumulasi Pro (Smart Money),Ritel Aktif (5M - 50M),Normal (50-150%),Mark-Up (Fase Pesta),Normal,Normal,Naik 3 Hari Beruntun,TP: 846 | CL: 727,Normal,Tidak Ideal (< 1:1),Netral / Sideways,Sentimen Positif 📰,Normal / Sedang Transisi,Dekat Support Fibo 23.6%,6,WAIT & SEE,TIDAK ADA,2026-08-24 16:50:01,Biasa / Mengikuti Pasar
16:50,JARR,Token Mati (Perlu Update),Big Cap (Lapis 1),Overvalued (Mahal),109.147606,14.423342,3160.0,2132,1800,3490,2.9315960912052117,13332000,Tembus MA20,85,Positif,Uptrend,Bullish,Strong Bullish,Perfect Uptrend (5>20>50),Normal,Akumulasi (Naik),Gap Down (-2.3%),Seimbang / Adu Mekanik,Breakout Upper,Tinggi,Normal,Rawan Pucuk (High Risk),> 1 Miliar,Di Atas VWAP (Kuat),Akumulasi Pro (Smart Money),Sultan (> 50M/hari),Normal (50-150%),Mark-Up (Fase Pesta),Spesialis Tiang Jemuran (Banting Pucuk),Normal,Naik 3 Hari Beruntun,TP: 3505 | CL: 2929,Open = Low (Bullish Kuat),Tidak Ideal (< 1:1),Death Cross (Awal Bearish),Netral / Sepi Berita,Normal / Sedang Transisi,Mengambang (Jauh dari Fibo),7,BELI,TIDAK ADA,2026-08-24 16:50:01,Biasa / Mengikuti Pasar
16:50,AMMS,Token Mati (Perlu Update),Small Cap (Lapis 3),Overvalued (Mahal),0.0,3.1311936,188.0,215,155,312,9.941520467836257,2273300,Tembus MA20,29,Positif,Downtrend,Bearish,Strong Bearish,Strong Downtrend (5<20<50),Normal,Akumulasi (Naik),Normal,Dominan Beli (Hajar Kanan),Normal,Tinggi,Marubozu (Strong Bullish),Rawan Pucuk (High Risk),< 1 Miliar,Di Atas VWAP (Kuat),Akumulasi Pro (Smart Money),Gorengan Sepi (< 5M),Anomali Tinggi (150-300%),Mark-Down (Fase Runtuh),Solid (Jarang Dibanting),Normal,Naik 1 Hari Beruntun,TP: 215 | CL: 169,Normal,Sangat Menarik (> 1:3),Golden Cross (Awal Bullish),Sentimen Positif 📰,Normal / Sedang Transisi,Mengambang (Jauh dari Fibo),5,WAIT & SEE,TIDAK ADA,2026-08-24 16:50:01,⚠️ Anomali (Sudah Terbang)
16:50,RAFI,Token Mati (Perlu Update),Small Cap (Lapis 3),Fair Value (Wajar),0.0,0.46078822,36.0,36,36,36,0.0,0,Normal,0,Negatif,Downtrend,Bearish,Bearish MACD,Konsolidasi / Transisi,Normal,Netral,Normal,Tidak Ada Transaksi,Squeeze,Rendah,Doji (Ragu-ragu),Dekat Support (Low Risk),< 1 Miliar,Di Atas VWAP (Kuat),Netral,Gorengan Sepi (< 5M),Normal (50-150%),Sideways,Solid (Jarang Dibanting),Normal,Sideways / Stagnan,TP: 37 | CL: 35,Normal,Di Area Support,Oversold (Jenuh Jual - Peluang),Netral / Sepi Berita,Normal / Sedang Transisi,Normal / Sideways,0,WAIT & SEE,TIDAK ADA,2026-08-24 16:50:01,Biasa / Mengikuti Pasar
16:50,KKES,Token Mati (Perlu Update),Small Cap (Lapis 3),Fair Value (Wajar),0.0,1.5306363,65.0,68,63,77,-4.411764705882353,8888000,Tembus MA20,48,Negatif,Downtrend,Bullish,Bearish MACD,Perfect Uptrend (5>20>50),Normal,Distribusi (Turun),Gap Down (-2.9%),Dominan Jual (Guyur),Normal,Sedang,Normal,Area Tengah,< 1 Miliar,Di Bawah VWAP (Lemah),Distribusi Pro (Guyuran),Gorengan Sepi (< 5M),Anomali Tinggi (150-300%),Distribution (Fase Jualan),Solid (Jarang Dibanting),Normal,Turun 2 Hari Beruntun,TP: 69 | CL: 61,Open = High (Tekanan Jual),Sangat Menarik (> 1:3),Netral / Sideways,Netral / Sepi Berita,Normal / Sedang Transisi,Mengambang (Jauh dari Fibo),2,WAIT & SEE,TIDAK ADA,2026-08-24 16:50:01,Biasa / Mengikuti Pasar
16:50,ELPI,Token Mati (Perlu Update),Mid Cap (Lapis 2),Overvalued (Mahal),44.45919,1.9542073,670.0,727,650,975,-2.18978102189781,1278200,Normal,30,Negatif,Downtrend,Bearish,Bullish MACD,Strong Downtrend (5<20<50),Normal,Akumulasi (Naik),Normal,Seimbang / Adu Mekanik,Normal,Tinggi,Normal,Area Tengah,< 1 Miliar,Di Bawah VWAP (Lemah),Distribusi Pro (Guyuran),Gorengan Sepi (< 5M),Normal (50-150%),Mark-Down (Fase Runtuh),Spesialis Tiang Jemuran (Banting Pucuk),Normal,Turun 1 Hari Beruntun,TP: 728 | CL: 630,Normal,Sangat Menarik (> 1:3),Oversold (Jenuh Jual - Peluang),Sentimen Positif 📰,Normal / Sedang Transisi,Mendekati Fibo Bottom / 100%,3,WAIT & SEE,TIDAK ADA,2026-08-24 16:50:01,Biasa / Mengikuti Pasar
16:50,EURO,Token Mati (Perlu Update),Mid Cap (Lapis 2),Overvalued (Mahal),1868.75,73.88189,1480.0,1805,1440,2050,-7.210031347962382,682500,Normal,27,Negatif,Downtrend,Bearish,Strong Bearish,Konsolidasi / Transisi,Normal,Distribusi (Turun),Normal,Dominan Jual (Guyur),Normal,Tinggi,Normal,Dekat Support (Low Risk),> 1 Miliar,Di Bawah VWAP (Lemah),Distribusi Pro (Guyuran),Gorengan Sepi (< 5M),Sepi (< 50%),Distribution (Fase Jualan),Normal,Normal,Turun 2 Hari Beruntun,TP: 1686 | CL: 1342,Open = High (Tekanan Jual),Sangat Menarik (> 1:3),Oversold (Jenuh Jual - Peluang),Netral / Sepi Berita,Normal / Sedang Transisi,Golden Rebound Fibo 61.8% (Golden Ratio) 🎯,0,WAIT & SEE,TIDAK ADA,2026-08-24 16:50:01,🔥 ANOMALI BANDAR (Siap Ledakan)
16:50,KLIN,Token Mati (Perlu Update),Small Cap (Lapis 3),Overvalued (Mahal),0.0,5.4073544,120.0,116,104,133,6.1946902654867255,713000,Tembus MA20,57,Positif,Uptrend,Bearish,Bearish MACD,Konsolidasi / Transisi,Akumulasi Kuat,Akumulasi (Naik),Normal,Seimbang / Adu Mekanik,Normal,Sedang,Normal,Rawan Pucuk (High Risk),< 1 Miliar,Di Atas VWAP (Kuat),Akumulasi Pro (Smart Money),Gorengan Sepi (< 5M),Ledakan Ekstrem (> 300%),Mark-Up (Fase Pesta),Normal,Normal,Naik 1 Hari Beruntun,TP: 129 | CL: 113,Open = Low (Bullish Kuat),Tidak Ideal (< 1:1),Netral / Sideways,Netral / Sepi Berita,Normal / Sedang Transisi,Mendekati Fibo 50.0%,6,WAIT & SEE,TIDAK ADA,2026-08-24 16:50:01,Biasa / Mengikuti Pasar
16:50,TOOL,Token Mati (Perlu Update),Small Cap (Lapis 3),Fair Value (Wajar),0.0,0.7587425,67.0,66,61,71,0.0,44184200,Tembus MA20,52,Negatif,Uptrend,Bullish,Bearish MACD,Perfect Uptrend (5>20>50),Distribusi Kuat,Akumulasi (Naik),Normal,Dominan Jual (Guyur),Squeeze,Rendah,Normal,Area Tengah,> 1 Miliar,Persis di VWAP,Distribusi Pro (Guyuran),Gorengan Sepi (< 5M),Anomali Tinggi (150-300%),Mark-Up (Fase Pesta),Normal,Normal,Sideways / Stagnan,TP: 72 | CL: 63,Normal,Tidak Ideal (< 1:1),Netral / Sideways,Sentimen Positif 📰,Normal / Sedang Transisi,Mendekati Fibo 50.0%,6,WAIT & SEE,TIDAK ADA,2026-08-24 16:50:01,Biasa / Mengikuti Pasar
16:50,BUAH,Token Mati (Perlu Update),Mid Cap (Lapis 2),Overvalued (Mahal),20.198019,5.207483,510.0,508,494,520,0.9900990099009901,212900,Normal,50,Positif,Uptrend,Bullish,Strong Bearish,Awal Reversal (5>20),Normal,Distribusi (Turun),Normal,Seimbang / Adu Mekanik,Squeeze,Rendah,Doji (Ragu-ragu),Area Tengah,< 1 Miliar,Persis di VWAP,Akumulasi Pro (Smart Money),Gorengan Sepi (< 5M),Normal (50-150%),Accumulation (Kumpul Barang),Solid (Jarang Dibanting),Jarum Bawah (Sinyal Pantulan Kuat),Naik 1 Hari Beruntun,TP: 534 | CL: 493,Normal,Tidak Ideal (< 1:1),Netral / Sideways,Sentimen Positif 📰,Normal / Sedang Transisi,Golden Rebound Fibo 38.2% 🎯,4,WAIT & SEE,TIDAK ADA,2026-08-24 16:50:01,Biasa / Mengikuti Pasar
16:50,CRAB,Token Mati (Perlu Update),Small Cap (Lapis 3),Fair Value (Wajar),0.0,1.7666194,208.0,208,208,208,0.0,0,Normal,47,Negatif,Downtrend,Bearish,Bullish MACD,Konsolidasi / Transisi,Normal,Netral,Normal,Tidak Ada Transaksi,Squeeze,Rendah,Doji (Ragu-ragu),Dekat Support (Low Risk),< 1 Miliar,Di Atas VWAP (Kuat),Netral,Gorengan Sepi (< 5M),Normal (50-150%),Sideways,Solid (Jarang Dibanting),Normal,Sideways / Stagnan,TP: 209 | CL: 207,Normal,Di Area Support,Oversold (Jenuh Jual - Peluang),Netral / Sepi Berita,Normal / Sedang Transisi,Golden Rebound Fibo 61.8% (Golden Ratio) 🎯,1,WAIT & SEE,TIDAK ADA,2026-08-24 16:50:01,Biasa / Mengikuti Pasar
16:50,MEDS,Token Mati (Perlu Update),Small Cap (Lapis 3),Fair Value (Wajar),0.0,2.3139222,72.0,73,68,80,1.4084507042253522,29178800,Tembus MA20,45,Positif,Downtrend,Bearish,Strong Bearish,Strong Downtrend (5<20<50),Normal,Distribusi (Turun),Normal,Seimbang / Adu Mekanik,Normal,Sedang,Normal,Area Tengah,> 1 Miliar,Persis di VWAP,Distribusi Pro (Guyuran),Gorengan Sepi (< 5M),Normal (50-150%),Mark-Down (Fase Runtuh),Spesialis Tiang Jemuran (Banting Pucuk),Normal,Naik 2 Hari Beruntun,TP: 76 | CL: 68,Open = Low (Bullish Kuat),Ideal (1:2),Golden Cross (Awal Bullish),Sentimen Negatif ⚠️,Normal / Sedang Transisi,Dekat Support Fibo 78.6%,2,WAIT & SEE,TIDAK ADA,2026-08-24 16:50:01,Biasa / Mengikuti Pasar
16:50,COAL,Token Mati (Perlu Update),Small Cap (Lapis 3),Fair Value (Wajar),0.0,0.5461881,31.0,26,21,31,0.0,0,Normal,75,Negatif,Uptrend,Bullish,Strong Bullish,Perfect Uptrend (5>20>50),Normal,Netral,Normal,Tidak Ada Transaksi,Normal,Tinggi,Doji (Ragu-ragu),Rawan Pucuk (High Risk),< 1 Miliar,Di Atas VWAP (Kuat),Netral,Gorengan Sepi (< 5M),Sepi (< 50%),Mark-Up (Fase Pesta),Solid (Jarang Dibanting),Normal,Sideways / Stagnan,TP: 32 | CL: 30,Normal,Tidak Ideal (< 1:1),Overbought (Jenuh Beli - Rawan),Netral / Sepi Berita,Normal / Sedang Transisi,Mengambang (Jauh dari Fibo),4,WAIT & SEE,TIDAK ADA,2026-08-24 16:50:01,Biasa / Mengikuti Pasar
16:50,PRAY,Token Mati (Perlu Update),Big Cap (Lapis 1),Overvalued (Mahal),56.93816,3.2020018,755.0,745,680,800,-3.205128205128205,53900,Tembus MA20,53,Negatif,Uptrend,Bullish,Strong Bullish,Perfect Uptrend (5>20>50),Distribusi Kuat,Distribusi (Turun),Normal,Dominan Jual (Guyur),Normal,Sedang,Normal,Rawan Pucuk (High Risk),< 1 Miliar,Di Bawah VWAP (Lemah),Distribusi Pro (Guyuran),Gorengan Sepi (< 5M),Anomali Tinggi (150-300%),Mark-Up (Fase Pesta),Spesialis Tiang Jemuran (Banting Pucuk),Normal,Turun 1 Hari Beruntun,TP: 813 | CL: 716,Normal,Tidak Ideal (< 1:1),Death Cross (Awal Bearish),Sentimen Negatif ⚠️,Normal / Sedang Transisi,Mendekati Fibo 38.2%,5,WAIT & SEE,TIDAK ADA,2026-08-24 16:50:01,Biasa / Mengikuti Pasar
16:50,CBUT,Token Mati (Perlu Update),Mid Cap (Lapis 2),Fair Value (Wajar),21.837135,2.0793927,775.0,804,745,890,-0.641025641025641,64900,Normal,47,Negatif,Downtrend,Bearish,Bearish MACD,Konsolidasi / Transisi,Normal,Distribusi (Turun),Normal,Dominan Jual (Guyur),Normal,Sedang,Normal,Area Tengah,< 1 Miliar,Di Bawah VWAP (Lemah),Distribusi Pro (Guyuran),Gorengan Sepi (< 5M),Normal (50-150%),Distribution (Fase Jualan),Normal,Normal,Turun 2 Hari Beruntun,TP: 843 | CL: 729,Normal,Sangat Menarik (> 1:3),Netral / Sideways,Sentimen Positif 📰,Normal / Sedang Transisi,Mengambang (Jauh dari Fibo),1,WAIT & SEE,TIDAK ADA,2026-08-24 16:50:01,Biasa / Mengikuti Pasar
16:50,BELI,Token Mati (Perlu Update),Big Cap (Lapis 1),Overvalued (Mahal),0.0,3.8995123,264.0,258,248,274,-0.7518796992481203,741900,Normal,51,Negatif,Uptrend,Bullish,Bullish MACD,Awal Reversal (5>20),Normal,Distribusi (Turun),Normal,Seimbang / Adu Mekanik,Normal,Sedang,Normal,Area Tengah,< 1 Miliar,Persis di VWAP,Distribusi Pro (Guyuran),Gorengan Sepi (< 5M),Normal (50-150%),Accumulation (Kumpul Barang),Normal,Normal,Turun 1 Hari Beruntun,TP: 279 | CL: 253,Normal,Tidak Ideal (< 1:1),Death Cross (Awal Bearish),Sentimen Positif 📰,Normal / Sedang Transisi,Mengambang (Jauh dari Fibo),5,WAIT & SEE,TIDAK ADA,2026-08-24 16:50:01,Biasa / Mengikuti Pasar
16:50,MKTR,Token Mati (Perlu Update),Mid Cap (Lapis 2),Overvalued (Mahal),26.114649,2.191888,122.0,122,115,153,-0.8130081300813009,276700,Normal,50,Negatif,Downtrend,Bullish,Bearish MACD,Perfect Uptrend (5>20>50),Normal,Akumulasi (Naik),Normal,Seimbang / Adu Mekanik,Normal,Sedang,Normal,Area Tengah,< 1 Miliar,Persis di VWAP,Akumulasi Pro (Smart Money),Gorengan Sepi (< 5M),Sepi (< 50%),Distribution (Fase Jualan),Normal,Normal,Turun 1 Hari Beruntun,TP: 131 | CL: 115,Normal,Sangat Menarik (> 1:3),Oversold (Jenuh Jual - Peluang),Sentimen Positif 📰,Supply Kering (Siap Pump) 🏜️,Mengambang (Jauh dari Fibo),3,WAIT & SEE,TIDAK ADA,2026-08-24 16:50:01,Biasa / Mengikuti Pasar
16:50,OMED,Token Mati (Perlu Update),Mid Cap (Lapis 2),Fair Value (Wajar),14.865708,2.2717729,236.0,225,200,248,0.8547008547008548,41505000,Tembus MA20,64,Positif,Uptrend,Bullish,Strong Bullish,Perfect Uptrend (5>20>50),Normal,Akumulasi (Naik),Normal,Seimbang / Adu Mekanik,Normal,Tinggi,Normal,Rawan Pucuk (High Risk),> 1 Miliar,Persis di VWAP,Akumulasi Pro (Smart Money),Ritel Aktif (5M - 50M),Normal (50-150%),Mark-Up (Fase Pesta),Normal,Normal,Naik 1 Hari Beruntun,TP: 253 | CL: 224,Normal,Tidak Ideal (< 1:1),Death Cross (Awal Bearish),Sentimen Positif 📰,Normal / Sedang Transisi,Dekat Support Fibo 23.6%,8,BELI,TIDAK ADA,2026-08-24 16:50:01,Biasa / Mengikuti Pasar
16:50,BSBK,Token Mati (Perlu Update),Mid Cap (Lapis 2),Fair Value (Wajar),17.0,0.58154786,50.0,52,50,58,-1.9607843137254901,32572500,Normal,37,Negatif,Downtrend,Bearish,Strong Bearish,Konsolidasi / Transisi,Normal,Distribusi (Turun),Normal,Dominan Jual (Guyur),Squeeze,Rendah,Doji (Ragu-ragu),Dekat Support (Low Risk),> 1 Miliar,Di Bawah VWAP (Lemah),Distribusi Pro (Guyuran),Gorengan Sepi (< 5M),Normal (50-150%),Distribution (Fase Jualan),Normal,Normal,Turun 4 Hari Beruntun,TP: 53 | CL: 47,Normal,Di Area Support,Oversold (Jenuh Jual - Peluang),Netral / Sepi Berita,Normal / Sedang Transisi,Golden Rebound Fibo Bottom / 100% 🎯,0,WAIT & SEE,TIDAK ADA,2026-08-24 16:50:01,Biasa / Mengikuti Pasar
16:50,PDPP,Token Mati (Perlu Update),Small Cap (Lapis 3),Fair Value (Wajar),13.787161,2.0706882,320.0,302,252,382,-3.614457831325301,460300,Tembus MA20,64,Negatif,Uptrend,Bullish,Strong Bullish,Perfect Uptrend (5>20>50),Normal,Akumulasi (Naik),Gap Up (+5.4%),Dominan Jual (Guyur),Normal,Tinggi,Normal,Rawan Pucuk (High Risk),< 1 Miliar,Di Bawah VWAP (Lemah),Distribusi Pro (Guyuran),Gorengan Sepi (< 5M),Anomali Tinggi (150-300%),Mark-Up (Fase Pesta),Spesialis Tiang Jemuran (Banting Pucuk),Normal,Turun 1 Hari Beruntun,TP: 355 | CL: 296,Normal,Tidak Ideal (< 1:1),Netral / Sideways,Sentimen Positif 📰,Normal / Sedang Transisi,Mendekati Fibo 38.2%,8,BELI,TIDAK ADA,2026-08-24 16:50:01,Biasa / Mengikuti Pasar
16:50,KDTN,Token Mati (Perlu Update),Small Cap (Lapis 3),Overvalued (Mahal),0.0,6.3537393,358.0,385,274,530,-0.5555555555555556,10741300,Normal,38,Negatif,Downtrend,Bearish,Bullish MACD,Strong Downtrend (5<20<50),Normal,Distribusi (Turun),Normal,Dominan Beli (Hajar Kanan),Normal,Tinggi,Doji (Ragu-ragu),Rawan Pucuk (High Risk),> 1 Miliar,Persis di VWAP,Akumulasi Pro (Smart Money),Gorengan Sepi (< 5M),Anomali Tinggi (150-300%),Mark-Down (Fase Runtuh),Spesialis Tiang Jemuran (Banting Pucuk),Jarum Bawah (Sinyal Pantulan Kuat),Turun 2 Hari Beruntun,TP: 422 | CL: 315,Normal,Ideal (1:2),Oversold (Jenuh Jual - Peluang),Sentimen Positif 📰,Normal / Sedang Transisi,Mengambang (Jauh dari Fibo),3,WAIT & SEE,TIDAK ADA,2026-08-24 16:50:01,Biasa / Mengikuti Pasar
16:50,ZATA,Token Mati (Perlu Update),Small Cap (Lapis 3),Fair Value (Wajar),0.0,1.6789138,68.0,69,60,81,-2.857142857142857,32943800,Normal,53,Negatif,Downtrend,Bullish,Bearish MACD,Perfect Uptrend (5>20>50),Normal,Akumulasi (Naik),Normal,Dominan Jual (Guyur),Normal,Tinggi,Normal,Rawan Pucuk (High Risk),> 1 Miliar,Di Bawah VWAP (Lemah),Distribusi Pro (Guyuran),Ritel Aktif (5M - 50M),Sepi (< 50%),Distribution (Fase Jualan),Spesialis Tiang Jemuran (Banting Pucuk),Normal,Turun 2 Hari Beruntun,TP: 75 | CL: 62,Open = High (Tekanan Jual),Ideal (1:2),Netral / Sideways,Netral / Sepi Berita,Normal / Sedang Transisi,Dekat Support Fibo 50.0%,3,WAIT & SEE,TIDAK ADA,2026-08-24 16:50:01,Biasa / Mengikuti Pasar
16:50,NINE,Token Mati (Perlu Update),Small Cap (Lapis 3),Overvalued (Mahal),0.0,8.580081,103.0,77,67,103,9.574468085106384,37847400,Tembus MA20,79,Positif,Uptrend,Bullish,Strong Bullish,Awal Reversal (5>20),Akumulasi Kuat,Akumulasi (Naik),Normal,Dominan Beli (Hajar Kanan),Breakout Upper,Tinggi,Marubozu (Strong Bullish),Rawan Pucuk (High Risk),> 1 Miliar,Di Atas VWAP (Kuat),Akumulasi Pro (Smart Money),Gorengan Sepi (< 5M),Anomali Tinggi (150-300%),Accumulation (Kumpul Barang),Normal,Normal,Naik 5 Hari Beruntun,TP: 111 | CL: 97,Open = Low (Bullish Kuat),Tidak Ideal (< 1:1),Overbought (Jenuh Beli - Rawan),Sentimen Positif 📰,Normal / Sedang Transisi,Mengambang (Jauh dari Fibo),10,BELI,TIDAK ADA,2026-08-24 16:50:01,⚠️ Anomali (Sudah Terbang)
16:50,MMIX,Token Mati (Perlu Update),Mid Cap (Lapis 2),Overvalued (Mahal),5.2557106,19.929989,780.0,745,640,790,0.6451612903225806,31141500,Tembus MA20,62,Positif,Uptrend,Bullish,Strong Bullish,Perfect Uptrend (5>20>50),Normal,Akumulasi (Naik),Normal,Seimbang / Adu Mekanik,Normal,Sedang,Normal,Rawan Pucuk (High Risk),> 1 Miliar,Di Atas VWAP (Kuat),Akumulasi Pro (Smart Money),Ritel Aktif (5M - 50M),Normal (50-150%),Mark-Up (Fase Pesta),Normal,Normal,Naik 1 Hari Beruntun,TP: 822 | CL: 751,Normal,Tidak Ideal (< 1:1),Overbought (Jenuh Beli - Rawan),Sentimen Negatif ⚠️,Normal / Sedang Transisi,Mengambang (Jauh dari Fibo),7,BELI,TIDAK ADA,2026-08-24 16:50:01,Biasa / Mengikuti Pasar
16:50,PADA,Token Mati (Perlu Update),Small Cap (Lapis 3),Overvalued (Mahal),0.0,5.908496,230.0,179,114,252,0.0,143609300,Tembus MA20,70,Negatif,Uptrend,Bullish,Strong Bullish,Perfect Uptrend (5>20>50),Normal,Akumulasi (Naik),Gap Up (+2.6%),Dominan Jual (Guyur),Normal,Tinggi,Normal,Rawan Pucuk (High Risk),> 1 Miliar,Di Atas VWAP (Kuat),Akumulasi Pro (Smart Money),Sultan (> 50M/hari),Normal (50-150%),Mark-Up (Fase Pesta),Spesialis Tiang Jemuran (Banting Pucuk),Normal,Sideways / Stagnan,TP: 265 | CL: 206,Normal,Tidak Ideal (< 1:1),Death Cross (Awal Bearish),Netral / Sepi Berita,Normal / Sedang Transisi,Mengambang (Jauh dari Fibo),7,BELI,TIDAK ADA,2026-08-24 16:50:01,Biasa / Mengikuti Pasar
16:50,ISAP,Token Mati (Perlu Update),Small Cap (Lapis 3),Fair Value (Wajar),0.0,0.5383643,23.0,24,22,25,0.0,27197200,Tembus MA20,42,Negatif,Downtrend,Bearish,Strong Bearish,Konsolidasi / Transisi,Normal,Distribusi (Turun),Normal,Seimbang / Adu Mekanik,Normal,Sedang,Doji (Ragu-ragu),Area Tengah,< 1 Miliar,Di Bawah VWAP (Lemah),Distribusi Pro (Guyuran),Gorengan Sepi (< 5M),Normal (50-150%),Distribution (Fase Jualan),Normal,Normal,Sideways / Stagnan,TP: 25 | CL: 21,Normal,Ideal (1:2),Golden Cross (Awal Bullish),Netral / Sepi Berita,Normal / Sedang Transisi,Dekat Support Fibo 50.0%,1,WAIT & SEE,TIDAK ADA,2026-08-24 16:50:01,Biasa / Mengikuti Pasar
16:50,VTNY,Token Mati (Perlu Update),Small Cap (Lapis 3),Overvalued (Mahal),141.66666,1.2709521,85.0,69,61,92,-3.4090909090909087,42346300,Tembus MA20,71,Negatif,Uptrend,Bullish,Strong Bullish,Perfect Uptrend (5>20>50),Normal,Akumulasi (Naik),Normal,Dominan Jual (Guyur),Normal,Tinggi,Normal,Rawan Pucuk (High Risk),> 1 Miliar,Di Atas VWAP (Kuat),Distribusi Pro (Guyuran),Gorengan Sepi (< 5M),Normal (50-150%),Mark-Up (Fase Pesta),Normal,Normal,Turun 1 Hari Beruntun,TP: 93 | CL: 79,Normal,Tidak Ideal (< 1:1),Death Cross (Awal Bearish),Sentimen Negatif ⚠️,Normal / Sedang Transisi,Mendekati Fibo 23.6%,6,WAIT & SEE,TIDAK ADA,2026-08-24 16:50:01,Biasa / Mengikuti Pasar
16:50,SOUL,Token Mati (Perlu Update),Small Cap (Lapis 3),Fair Value (Wajar),0.0,1.1616955,37.0,37,37,37,0.0,0,Normal,46,Negatif,Downtrend,Bearish,Bullish MACD,Konsolidasi / Transisi,Normal,Netral,Normal,Tidak Ada Transaksi,Squeeze,Rendah,Doji (Ragu-ragu),Dekat Support (Low Risk),< 1 Miliar,Di Atas VWAP (Kuat),Netral,Gorengan Sepi (< 5M),Normal (50-150%),Sideways,Solid (Jarang Dibanting),Normal,Sideways / Stagnan,TP: 38 | CL: 36,Normal,Di Area Support,Oversold (Jenuh Jual - Peluang),Netral / Sepi Berita,Normal / Sedang Transisi,Mendekati Fibo 50.0%,1,WAIT & SEE,TIDAK ADA,2026-08-24 16:50:01,Biasa / Mengikuti Pasar
16:50,ELIT,Token Mati (Perlu Update),Small Cap (Lapis 3),Fair Value (Wajar),0.0,2.9275544,256.0,179,168,256,34.031413612565444,161455000,Tembus MA20,88,Positif,Uptrend,Bullish,Strong Bullish,Perfect Uptrend (5>20>50),Akumulasi Kuat,Akumulasi (Naik),Gap Up (+2.1%),Dominan Beli (Hajar Kanan),Breakout Upper,Tinggi,Marubozu (Strong Bullish),Rawan Pucuk (High Risk),> 1 Miliar,Di Atas VWAP (Kuat),Akumulasi Pro (Smart Money),Ritel Aktif (5M - 50M),Ledakan Ekstrem (> 300%),Mark-Up (Fase Pesta),Spesialis Tiang Jemuran (Banting Pucuk),Normal,Naik 3 Hari Beruntun,TP: 275 | CL: 243,Normal,Tidak Ideal (< 1:1),Netral / Sideways,Sentimen Positif 📰,Normal / Sedang Transisi,Mengambang (Jauh dari Fibo),11,BELI,TIDAK ADA,2026-08-24 16:50:01,⚠️ Anomali (Sudah Terbang)
16:50,BEER,Token Mati (Perlu Update),Small Cap (Lapis 3),Fair Value (Wajar),0.0,1.3814275,82.0,76,72,98,-1.2048192771084338,16015800,Normal,59,Negatif,Uptrend,Bullish,Strong Bullish,Awal Reversal (5>20),Normal,Akumulasi (Naik),Normal,Seimbang / Adu Mekanik,Normal,Tinggi,Normal,Rawan Pucuk (High Risk),> 1 Miliar,Persis di VWAP,Distribusi Pro (Guyuran),Gorengan Sepi (< 5M),Sepi (< 50%),Accumulation (Kumpul Barang),Spesialis Tiang Jemuran (Banting Pucuk),Normal,Turun 1 Hari Beruntun,TP: 91 | CL: 75,Open = High (Tekanan Jual),Ideal (1:2),Golden Cross (Awal Bullish),Sentimen Negatif ⚠️,Normal / Sedang Transisi,Mengambang (Jauh dari Fibo),5,WAIT & SEE,TIDAK ADA,2026-08-24 16:50:01,Biasa / Mengikuti Pasar
16:50,CBPE,Token Mati (Perlu Update),Small Cap (Lapis 3),Fair Value (Wajar),0.0,2.0319486,520.0,457,286,670,0.0,46900,Normal,65,Negatif,Uptrend,Bullish,Bearish MACD,Perfect Uptrend (5>20>50),Normal,Distribusi (Turun),Normal,Seimbang / Adu Mekanik,Normal,Tinggi,Doji (Ragu-ragu),Rawan Pucuk (High Risk),< 1 Miliar,Di Bawah VWAP (Lemah),Distribusi Pro (Guyuran),Gorengan Sepi (< 5M),Sepi (< 50%),Mark-Up (Fase Pesta),Spesialis Tiang Jemuran (Banting Pucuk),Normal,Sideways / Stagnan,TP: 640 | CL: 439,Normal,Tidak Ideal (< 1:1),Death Cross (Awal Bearish),Sentimen Positif 📰,Normal / Sedang Transisi,Mendekati Fibo 38.2%,4,WAIT & SEE,TIDAK ADA,2026-08-24 16:50:01,Biasa / Mengikuti Pasar
16:50,SUNI,Token Mati (Perlu Update),Mid Cap (Lapis 2),Fair Value (Wajar),10.678017,1.9509027,715.0,715,660,735,-0.6944444444444444,230900,Normal,61,Negatif,Downtrend,Bullish,Bearish MACD,Perfect Uptrend (5>20>50),Normal,Distribusi (Turun),Normal,Seimbang / Adu Mekanik,Squeeze,Rendah,Normal,Area Tengah,< 1 Miliar,Persis di VWAP,Akumulasi Pro (Smart Money),Gorengan Sepi (< 5M),Normal (50-150%),Distribution (Fase Jualan),Solid (Jarang Dibanting),Normal,Turun 2 Hari Beruntun,TP: 740 | CL: 698,Open = High (Tekanan Jual),Tidak Ideal (< 1:1),Death Cross (Awal Bearish),Sentimen Positif 📰,Normal / Sedang Transisi,Dekat Support Fibo 23.6%,3,WAIT & SEE,TIDAK ADA,2026-08-24 16:50:01,Biasa / Mengikuti Pasar
16:50,CBRE,Token Mati (Perlu Update),Mid Cap (Lapis 2),Overvalued (Mahal),0.0,287.38025,685.0,685,655,725,-2.8368794326241136,23175500,Tembus MA20,47,Negatif,Downtrend,Bullish,Bullish MACD,Awal Reversal (5>20),Distribusi Kuat,Distribusi (Turun),Normal,Dominan Jual (Guyur),Squeeze,Rendah,Normal,Area Tengah,> 1 Miliar,Di Bawah VWAP (Lemah),Distribusi Pro (Guyuran),Ritel Aktif (5M - 50M),Anomali Tinggi (150-300%),Mark-Down (Fase Runtuh),Spesialis Tiang Jemuran (Banting Pucuk),Normal,Turun 1 Hari Beruntun,TP: 724 | CL: 658,Normal,Menengah (1:1),Netral / Sideways,Sentimen Negatif ⚠️,Normal / Sedang Transisi,Mendekati Fibo 78.6%,3,WAIT & SEE,TIDAK ADA,2026-08-24 16:50:01,Biasa / Mengikuti Pasar
16:50,WINE,Token Mati (Perlu Update),Small Cap (Lapis 3),Undervalued (Murah),9.87842,1.0292139,130.0,140,128,169,-1.5151515151515151,1082800,Normal,31,Negatif,Downtrend,Bearish,Strong Bearish,Strong Downtrend (5<20<50),Normal,Distribusi (Turun),Normal,Seimbang / Adu Mekanik,Normal,Tinggi,Normal,Dekat Support (Low Risk),< 1 Miliar,Di Bawah VWAP (Lemah),Distribusi Pro (Guyuran),Gorengan Sepi (< 5M),Normal (50-150%),Mark-Down (Fase Runtuh),Normal,Normal,Turun 2 Hari Beruntun,TP: 140 | CL: 123,Open = High (Tekanan Jual),Sangat Menarik (> 1:3),Oversold (Jenuh Jual - Peluang),Netral / Sepi Berita,Normal / Sedang Transisi,Mengambang (Jauh dari Fibo),0,WAIT & SEE,TIDAK ADA,2026-08-24 16:50:01,Biasa / Mengikuti Pasar
16:50,BMBL,Token Mati (Perlu Update),Small Cap (Lapis 3),Fair Value (Wajar),0.0,0.4001662,26.0,31,25,34,-3.7037037037037033,13455700,Tembus MA20,23,Negatif,Downtrend,Bearish,Strong Bearish,Strong Downtrend (5<20<50),Normal,Distribusi (Turun),Gap Down (-3.7%),Dominan Jual (Guyur),Normal,Tinggi,Doji (Ragu-ragu),Area Tengah,< 1 Miliar,Di Bawah VWAP (Lemah),Distribusi Pro (Guyuran),Gorengan Sepi (< 5M),Normal (50-150%),Mark-Down (Fase Runtuh),Normal,Normal,Turun 1 Hari Beruntun,TP: 29 | CL: 23,Normal,Sangat Menarik (> 1:3),Oversold (Jenuh Jual - Peluang),Netral / Sepi Berita,Normal / Sedang Transisi,Mengambang (Jauh dari Fibo),1,WAIT & SEE,TIDAK ADA,2026-08-24 16:50:01,Biasa / Mengikuti Pasar
16:50,PEVE,Token Mati (Perlu Update),Small Cap (Lapis 3),Fair Value (Wajar),0.0,1.4609683,312.0,327,296,344,-0.6369426751592357,1328900,Normal,40,Negatif,Downtrend,Bearish,Strong Bearish,Konsolidasi / Transisi,Normal,Distribusi (Turun),Normal,Dominan Beli (Hajar Kanan),Bottom Rebound,Sedang,Doji (Ragu-ragu),Area Tengah,< 1 Miliar,Persis di VWAP,Akumulasi Pro (Smart Money),Gorengan Sepi (< 5M),Normal (50-150%),Distribution (Fase Jualan),Spesialis Tiang Jemuran (Banting Pucuk),Jarum Bawah (Sinyal Pantulan Kuat),Turun 1 Hari Beruntun,TP: 326 | CL: 302,Normal,Ideal (1:2),Golden Cross (Awal Bullish),Netral / Sepi Berita,Normal / Sedang Transisi,Mendekati Fibo 61.8% (Golden Ratio),1,WAIT & SEE,TIDAK ADA,2026-08-24 16:50:01,Biasa / Mengikuti Pasar
16:50,LAJU,Token Mati (Perlu Update),Small Cap (Lapis 3),Fair Value (Wajar),0.0,1.0568854,69.0,66,62,73,1.4705882352941175,8484900,Normal,56,Positif,Uptrend,Bullish,Strong Bullish,Perfect Uptrend (5>20>50),Normal,Akumulasi (Naik),Normal,Dominan Beli (Hajar Kanan),Normal,Sedang,Normal,Rawan Pucuk (High Risk),< 1 Miliar,Di Atas VWAP (Kuat),Akumulasi Pro (Smart Money),Gorengan Sepi (< 5M),Sepi (< 50%),Mark-Up (Fase Pesta),Spesialis Tiang Jemuran (Banting Pucuk),Normal,Naik 1 Hari Beruntun,TP: 73 | CL: 66,Normal,Tidak Ideal (< 1:1),Netral / Sideways,Sentimen Positif 📰,Normal / Sedang Transisi,Dekat Support Fibo 38.2%,8,BELI,TIDAK ADA,2026-08-24 16:50:01,Biasa / Mengikuti Pasar
16:50,FWCT,Token Mati (Perlu Update),Small Cap (Lapis 3),Fair Value (Wajar),0.0,0.5822006,95.0,92,85,105,2.1505376344086025,2653000,Normal,57,Positif,Uptrend,Bullish,Bearish MACD,Perfect Uptrend (5>20>50),Normal,Akumulasi (Naik),Normal,Seimbang / Adu Mekanik,Normal,Sedang,Normal,Rawan Pucuk (High Risk),< 1 Miliar,Di Atas VWAP (Kuat),Akumulasi Pro (Smart Money),Gorengan Sepi (< 5M),Sepi (< 50%),Mark-Up (Fase Pesta),Normal,Normal,Naik 1 Hari Beruntun,TP: 100 | CL: 91,Normal,Menengah (1:1),Netral / Sideways,Sentimen Negatif ⚠️,Supply Kering (Siap Pump) 🏜️,Golden Rebound Fibo 38.2% 🎯,5,WAIT & SEE,TIDAK ADA,2026-08-24 16:50:01,Biasa / Mengikuti Pasar
16:50,NAYZ,Token Mati (Perlu Update),Small Cap (Lapis 3),Fair Value (Wajar),0.0,2.9184062,71.0,60,54,82,-5.333333333333334,138433700,Tembus MA20,66,Negatif,Uptrend,Bullish,Strong Bullish,Perfect Uptrend (5>20>50),Distribusi Kuat,Akumulasi (Naik),Normal,Dominan Jual (Guyur),Breakout Upper,Tinggi,Normal,Rawan Pucuk (High Risk),> 1 Miliar,Persis di VWAP,Akumulasi Pro (Smart Money),Gorengan Sepi (< 5M),Ledakan Ekstrem (> 300%),Mark-Up (Fase Pesta),Normal,Normal,Turun 1 Hari Beruntun,TP: 77 | CL: 66,Normal,Tidak Ideal (< 1:1),Death Cross (Awal Bearish),Sentimen Positif 📰,Supply Banjir (Distribusi) 🌊,Mendekati Fibo 38.2%,7,BELI,TIDAK ADA,2026-08-24 16:50:01,Biasa / Mengikuti Pasar
16:50,IRSX,Token Mati (Perlu Update),Mid Cap (Lapis 2),Overvalued (Mahal),86.57407,7.6642485,372.0,353,272,394,-1.0638297872340425,49230400,Normal,60,Negatif,Uptrend,Bullish,Bearish MACD,Perfect Uptrend (5>20>50),Normal,Akumulasi (Naik),Normal,Dominan Jual (Guyur),Normal,Tinggi,Normal,Rawan Pucuk (High Risk),> 1 Miliar,Persis di VWAP,Distribusi Pro (Guyuran),Ritel Aktif (5M - 50M),Normal (50-150%),Mark-Up (Fase Pesta),Spesialis Tiang Jemuran (Banting Pucuk),Normal,Turun 1 Hari Beruntun,TP: 401 | CL: 352,Normal,Tidak Ideal (< 1:1),Netral / Sideways,Sentimen Positif 📰,Normal / Sedang Transisi,Mendekati Fibo 23.6%,5,WAIT & SEE,TIDAK ADA,2026-08-24 16:50:01,Biasa / Mengikuti Pasar
16:50,PACK,Token Mati (Perlu Update),Big Cap (Lapis 1),Overvalued (Mahal),23.271132,6.209361,424.0,279,214,424,9.844559585492227,577277900,Tembus MA20,85,Positif,Uptrend,Bullish,Strong Bullish,Perfect Uptrend (5>20>50),Akumulasi Kuat,Akumulasi (Naik),Gap Up (+3.6%),Dominan Beli (Hajar Kanan),Breakout Upper,Tinggi,Normal,Rawan Pucuk (High Risk),> 1 Miliar,Di Atas VWAP (Kuat),Akumulasi Pro (Smart Money),Sultan (> 50M/hari),Anomali Tinggi (150-300%),Mark-Up (Fase Pesta),Normal,Normal,Naik 3 Hari Beruntun,TP: 464 | CL: 396,Normal,Tidak Ideal (< 1:1),Overbought (Jenuh Beli - Rawan),Netral / Sepi Berita,Normal / Sedang Transisi,Mengambang (Jauh dari Fibo),10,BELI,TIDAK ADA,2026-08-24 16:50:01,⚠️ Anomali (Sudah Terbang)
16:50,VAST,Token Mati (Perlu Update),Small Cap (Lapis 3),Fair Value (Wajar),0.0,0.87850434,114.0,115,111,124,-1.7241379310344827,1672200,Normal,47,Negatif,Downtrend,Bullish,Bullish MACD,Awal Reversal (5>20),Normal,Akumulasi (Naik),Normal,Dominan Jual (Guyur),Squeeze,Rendah,Normal,Dekat Support (Low Risk),< 1 Miliar,Di Bawah VWAP (Lemah),Akumulasi Pro (Smart Money),Gorengan Sepi (< 5M),Normal (50-150%),Mark-Down (Fase Runtuh),Normal,Normal,Turun 2 Hari Beruntun,TP: 120 | CL: 109,Open = High (Tekanan Jual),Sangat Menarik (> 1:3),Netral / Sideways,Netral / Sepi Berita,Normal / Sedang Transisi,Dekat Support Fibo 50.0%,3,WAIT & SEE,TIDAK ADA,2026-08-24 16:50:01,Biasa / Mengikuti Pasar
16:50,CHIP,Token Mati (Perlu Update),Small Cap (Lapis 3),Overvalued (Mahal),119.04762,9.684024,875.0,902,850,945,0.0,141400,Tembus MA20,36,Negatif,Downtrend,Bearish,Strong Bearish,Strong Downtrend (5<20<50),Normal,Distribusi (Turun),Normal,Seimbang / Adu Mekanik,Squeeze,Rendah,Doji (Ragu-ragu),Dekat Support (Low Risk),< 1 Miliar,Persis di VWAP,Akumulasi Pro (Smart Money),Gorengan Sepi (< 5M),Normal (50-150%),Mark-Down (Fase Runtuh),Solid (Jarang Dibanting),Normal,Sideways / Stagnan,TP: 930 | CL: 837,Normal,Ideal (1:2),Netral / Sideways,Sentimen Negatif ⚠️,Normal / Sedang Transisi,Mendekati Fibo Bottom / 100%,1,WAIT & SEE,TIDAK ADA,2026-08-24 16:50:01,Biasa / Mengikuti Pasar
16:50,HALO,Token Mati (Perlu Update),Small Cap (Lapis 3),Fair Value (Wajar),0.0,1.7028627,68.0,69,65,76,1.4925373134328357,3652500,Normal,50,Positif,Downtrend,Bearish,Bearish MACD,Konsolidasi / Transisi,Normal,Distribusi (Turun),Normal,Seimbang / Adu Mekanik,Normal,Sedang,Doji (Ragu-ragu),Area Tengah,< 1 Miliar,Persis di VWAP,Distribusi Pro (Guyuran),Gorengan Sepi (< 5M),Sepi (< 50%),Distribution (Fase Jualan),Spesialis Tiang Jemuran (Banting Pucuk),Normal,Naik 1 Hari Beruntun,TP: 72 | CL: 64,Normal,Ideal (1:2),Golden Cross (Awal Bullish),Netral / Sepi Berita,Supply Kering (Siap Pump) 🏜️,Mendekati Fibo 50.0%,1,WAIT & SEE,TIDAK ADA,2026-08-24 16:50:01,Biasa / Mengikuti Pasar
16:50,KING,Token Mati (Perlu Update),Small Cap (Lapis 3),Overvalued (Mahal),0.0,10.664877,278.0,277,250,310,1.4598540145985401,527200,Normal,42,Positif,Uptrend,Bullish,Bullish MACD,Awal Reversal (5>20),Normal,Akumulasi (Naik),Normal,Seimbang / Adu Mekanik,Normal,Tinggi,Normal,Rawan Pucuk (High Risk),< 1 Miliar,Di Bawah VWAP (Lemah),Distribusi Pro (Guyuran),Gorengan Sepi (< 5M),Normal (50-150%),Accumulation (Kumpul Barang),Spesialis Tiang Jemuran (Banting Pucuk),Normal,Naik 2 Hari Beruntun,TP: 307 | CL: 258,Normal,Menengah (1:1),Golden Cross (Awal Bullish),Sentimen Negatif ⚠️,Normal / Sedang Transisi,Mengambang (Jauh dari Fibo),5,WAIT & SEE,TIDAK ADA,2026-08-24 16:50:01,Biasa / Mengikuti Pasar
16:50,PGEO,Token Mati (Perlu Update),Big Cap (Lapis 1),Overvalued (Mahal),16.984457,22083.334,1060.0,1050,970,1140,-0.4694835680751174,11784100,Normal,55,Negatif,Uptrend,Bullish,Bearish MACD,Perfect Uptrend (5>20>50),Normal,Distribusi (Turun),Normal,Seimbang / Adu Mekanik,Normal,Sedang,Normal,Area Tengah,> 1 Miliar,Di Bawah VWAP (Lemah),Distribusi Pro (Guyuran),Ritel Aktif (5M - 50M),Normal (50-150%),Mark-Up (Fase Pesta),Normal,Normal,Turun 2 Hari Beruntun,TP: 1121 | CL: 1018,Normal,Tidak Ideal (< 1:1),Netral / Sideways,Netral / Sepi Berita,Normal / Sedang Transisi,Dekat Support Fibo 23.6%,3,WAIT & SEE,TIDAK ADA,2026-08-24 16:50:01,Biasa / Mengikuti Pasar
16:50,FUTR,Token Mati (Perlu Update),Mid Cap (Lapis 2),Overvalued (Mahal),0.0,13.375049,340.0,318,250,376,-1.7341040462427744,39460700,Normal,59,Negatif,Uptrend,Bullish,Bearish MACD,Perfect Uptrend (5>20>50),Normal,Akumulasi (Naik),Normal,Seimbang / Adu Mekanik,Normal,Tinggi,Normal,Rawan Pucuk (High Risk),> 1 Miliar,Di Atas VWAP (Kuat),Akumulasi Pro (Smart Money),Ritel Aktif (5M - 50M),Normal (50-150%),Mark-Up (Fase Pesta),Normal,Normal,Turun 1 Hari Beruntun,TP: 385 | CL: 309,Normal,Tidak Ideal (< 1:1),Netral / Sideways,Sentimen Positif 📰,Normal / Sedang Transisi,Mengambang (Jauh dari Fibo),5,WAIT & SEE,TIDAK ADA,2026-08-24 16:50:01,Biasa / Mengikuti Pasar
16:50,HILL,Token Mati (Perlu Update),Small Cap (Lapis 3),Fair Value (Wajar),0.0,-2.4286582,16.0,16,16,16,0.0,0,Normal,50,Negatif,Downtrend,Bearish,Strong Bearish,Konsolidasi / Transisi,Normal,Netral,Normal,Tidak Ada Transaksi,Squeeze,Rendah,Doji (Ragu-ragu),Dekat Support (Low Risk),< 1 Miliar,Di Atas VWAP (Kuat),Netral,Gorengan Sepi (< 5M),Normal (50-150%),Sideways,Solid (Jarang Dibanting),Normal,Sideways / Stagnan,TP: 17 | CL: 15,Normal,Di Area Support,Oversold (Jenuh Jual - Peluang),Netral / Sepi Berita,Normal / Sedang Transisi,Golden Rebound Fibo 50.0% 🎯,0,WAIT & SEE,TIDAK ADA,2026-08-24 16:50:01,Biasa / Mengikuti Pasar
16:50,BDKR,Token Mati (Perlu Update),Small Cap (Lapis 3),Overvalued (Mahal),28.070177,0.92765456,160.0,160,145,174,-0.6211180124223602,7345700,Normal,54,Negatif,Downtrend,Bullish,Bearish MACD,Perfect Uptrend (5>20>50),Normal,Akumulasi (Naik),Normal,Seimbang / Adu Mekanik,Normal,Sedang,Normal,Rawan Pucuk (High Risk),> 1 Miliar,Persis di VWAP,Akumulasi Pro (Smart Money),Gorengan Sepi (< 5M),Normal (50-150%),Distribution (Fase Jualan),Solid (Jarang Dibanting),Normal,Turun 2 Hari Beruntun,TP: 168 | CL: 154,Open = High (Tekanan Jual),Tidak Ideal (< 1:1),Netral / Sideways,Netral / Sepi Berita,Normal / Sedang Transisi,Dekat Support Fibo 23.6%,3,WAIT & SEE,TIDAK ADA,2026-08-24 16:50:01,Biasa / Mengikuti Pasar
16:50,PTMP,Token Mati (Perlu Update),Small Cap (Lapis 3),Fair Value (Wajar),0.0,1.2285926,66.0,64,59,85,0.0,38659700,Normal,57,Negatif,Uptrend,Bullish,Bearish MACD,Perfect Uptrend (5>20>50),Normal,Akumulasi (Naik),Normal,Dominan Jual (Guyur),Normal,Sedang,Doji (Ragu-ragu),Rawan Pucuk (High Risk),> 1 Miliar,Persis di VWAP,Distribusi Pro (Guyuran),Gorengan Sepi (< 5M),Anomali Tinggi (150-300%),Mark-Up (Fase Pesta),Spesialis Tiang Jemuran (Banting Pucuk),Normal,Sideways / Stagnan,TP: 72 | CL: 61,Normal,Ideal (1:2),Oversold (Jenuh Jual - Peluang),Sentimen Positif 📰,Normal / Sedang Transisi,Mendekati Fibo 61.8% (Golden Ratio),5,WAIT & SEE,TIDAK ADA,2026-08-24 16:50:01,Biasa / Mengikuti Pasar
16:50,SAGE,Token Mati (Perlu Update),Small Cap (Lapis 3),Fair Value (Wajar),0.0,0.84844023,30.0,32,30,38,-3.225806451612903,2205200,Normal,44,Negatif,Downtrend,Bearish,Strong Bearish,Konsolidasi / Transisi,Normal,Distribusi (Turun),Gap Down (-3.2%),Tidak Ada Transaksi,Normal,Tinggi,Doji (Ragu-ragu),Dekat Support (Low Risk),< 1 Miliar,Persis di VWAP,Distribusi Pro (Guyuran),Gorengan Sepi (< 5M),Normal (50-150%),Distribution (Fase Jualan),Normal,Normal,Turun 1 Hari Beruntun,TP: 31 | CL: 29,Normal,Di Area Support,Oversold (Jenuh Jual - Peluang),Netral / Sepi Berita,Normal / Sedang Transisi,Golden Rebound Fibo 50.0% 🎯,0,WAIT & SEE,TIDAK ADA,2026-08-24 16:50:01,Biasa / Mengikuti Pasar
16:50,TRON,Token Mati (Perlu Update),Small Cap (Lapis 3),Fair Value (Wajar),0.0,1.6699184,102.0,105,98,118,-1.9230769230769231,45339900,Tembus MA20,48,Negatif,Downtrend,Bearish,Strong Bearish,Konsolidasi / Transisi,Distribusi Kuat,Distribusi (Turun),Normal,Dominan Jual (Guyur),Normal,Tinggi,Normal,Area Tengah,> 1 Miliar,Di Bawah VWAP (Lemah),Distribusi Pro (Guyuran),Gorengan Sepi (< 5M),Ledakan Ekstrem (> 300%),Distribution (Fase Jualan),Spesialis Tiang Jemuran (Banting Pucuk),Normal,Turun 1 Hari Beruntun,TP: 109 | CL: 97,Normal,Sangat Menarik (> 1:3),Netral / Sideways,Netral / Sepi Berita,Normal / Sedang Transisi,Mendekati Fibo 50.0%,1,WAIT & SEE,TIDAK ADA,2026-08-24 16:50:01,Biasa / Mengikuti Pasar
16:50,CUAN,Token Mati (Perlu Update),Big Cap (Lapis 1),Overvalued (Mahal),35.932056,275000.0,825.0,745,635,885,-1.1976047904191618,222710700,Normal,62,Negatif,Uptrend,Bullish,Strong Bullish,Perfect Uptrend (5>20>50),Normal,Akumulasi (Naik),Normal,Dominan Jual (Guyur),Normal,Tinggi,Normal,Rawan Pucuk (High Risk),> 1 Miliar,Di Bawah VWAP (Lemah),Distribusi Pro (Guyuran),Sultan (> 50M/hari),Sepi (< 50%),Mark-Up (Fase Pesta),Spesialis Tiang Jemuran (Banting Pucuk),Normal,Turun 1 Hari Beruntun,TP: 903 | CL: 772,Normal,Tidak Ideal (< 1:1),Death Cross (Awal Bearish),Sentimen Positif 📰,Normal / Sedang Transisi,Mendekati Fibo 23.6%,6,WAIT & SEE,TIDAK ADA,2026-08-24 16:50:01,Biasa / Mengikuti Pasar
16:50,NSSS,Token Mati (Perlu Update),Big Cap (Lapis 1),Overvalued (Mahal),31.383736,9.208392,880.0,950,790,1190,-1.1235955056179776,2977800,Normal,51,Negatif,Downtrend,Bearish,Bearish MACD,Konsolidasi / Transisi,Normal,Distribusi (Turun),Normal,Dominan Jual (Guyur),Normal,Tinggi,Normal,Rawan Pucuk (High Risk),> 1 Miliar,Di Bawah VWAP (Lemah),Distribusi Pro (Guyuran),Ritel Aktif (5M - 50M),Sepi (< 50%),Distribution (Fase Jualan),Spesialis Tiang Jemuran (Banting Pucuk),Normal,Turun 2 Hari Beruntun,TP: 986 | CL: 809,Open = High (Tekanan Jual),Sangat Menarik (> 1:3),Oversold (Jenuh Jual - Peluang),Sentimen Positif 📰,Normal / Sedang Transisi,Golden Rebound Fibo 38.2% 🎯,2,WAIT & SEE,TIDAK ADA,2026-08-24 16:50:01,Biasa / Mengikuti Pasar
16:50,GTRA,Token Mati (Perlu Update),Small Cap (Lapis 3),Fair Value (Wajar),0.0,1.062843,228.0,237,220,268,0.0,399300,Normal,49,Negatif,Downtrend,Bearish,Bearish MACD,Konsolidasi / Transisi,Normal,Akumulasi (Naik),Normal,Seimbang / Adu Mekanik,Normal,Tinggi,Normal,Area Tengah,< 1 Miliar,Persis di VWAP,Akumulasi Pro (Smart Money),Gorengan Sepi (< 5M),Normal (50-150%),Distribution (Fase Jualan),Spesialis Tiang Jemuran (Banting Pucuk),Normal,Sideways / Stagnan,TP: 246 | CL: 215,Open = High (Tekanan Jual),Sangat Menarik (> 1:3),Oversold (Jenuh Jual - Peluang),Sentimen Positif 📰,Normal / Sedang Transisi,Golden Rebound Fibo 38.2% 🎯,2,WAIT & SEE,TIDAK ADA,2026-08-24 16:50:01,Biasa / Mengikuti Pasar
16:50,HAJJ,Token Mati (Perlu Update),Small Cap (Lapis 3),Fair Value (Wajar),0.0,1.2738136,113.0,108,101,120,-2.586206896551724,6482100,Normal,59,Negatif,Uptrend,Bullish,Strong Bullish,Perfect Uptrend (5>20>50),Normal,Akumulasi (Naik),Normal,Dominan Jual (Guyur),Normal,Sedang,Normal,Rawan Pucuk (High Risk),< 1 Miliar,Persis di VWAP,Akumulasi Pro (Smart Money),Gorengan Sepi (< 5M),Normal (50-150%),Mark-Up (Fase Pesta),Normal,Normal,Turun 2 Hari Beruntun,TP: 120 | CL: 108,Normal,Tidak Ideal (< 1:1),Death Cross (Awal Bearish),Sentimen Positif 📰,Normal / Sedang Transisi,Mendekati Fibo 38.2%,6,WAIT & SEE,TIDAK ADA,2026-08-24 16:50:01,Biasa / Mengikuti Pasar
16:50,JATI,Token Mati (Perlu Update),Small Cap (Lapis 3),Fair Value (Wajar),0.0,1.8608313,104.0,98,93,108,-0.9523809523809524,16952000,Tembus MA20,64,Negatif,Uptrend,Bullish,Strong Bullish,Perfect Uptrend (5>20>50),Normal,Akumulasi (Naik),Normal,Dominan Jual (Guyur),Normal,Sedang,Normal,Rawan Pucuk (High Risk),> 1 Miliar,Di Atas VWAP (Kuat),Distribusi Pro (Guyuran),Gorengan Sepi (< 5M),Normal (50-150%),Mark-Up (Fase Pesta),Spesialis Tiang Jemuran (Banting Pucuk),Normal,Turun 1 Hari Beruntun,TP: 109 | CL: 100,Normal,Tidak Ideal (< 1:1),Death Cross (Awal Bearish),Sentimen Positif 📰,Normal / Sedang Transisi,Dekat Support Fibo 50.0%,7,BELI,TIDAK ADA,2026-08-24 16:50:01,Biasa / Mengikuti Pasar
16:50,TYRE,Token Mati (Perlu Update),Small Cap (Lapis 3),Fair Value (Wajar),0.0,1.1336131,111.0,113,106,132,-0.8928571428571428,1028200,Normal,45,Negatif,Downtrend,Bearish,Bearish MACD,Konsolidasi / Transisi,Normal,Distribusi (Turun),Normal,Dominan Jual (Guyur),Squeeze,Rendah,Normal,Area Tengah,< 1 Miliar,Di Bawah VWAP (Lemah),Distribusi Pro (Guyuran),Gorengan Sepi (< 5M),Normal (50-150%),Distribution (Fase Jualan),Spesialis Tiang Jemuran (Banting Pucuk),Normal,Turun 2 Hari Beruntun,TP: 117 | CL: 106,Open = High (Tekanan Jual),Sangat Menarik (> 1:3),Netral / Sideways,Netral / Sepi Berita,Normal / Sedang Transisi,Dekat Support Fibo 50.0%,0,WAIT & SEE,TIDAK ADA,2026-08-24 16:50:01,Biasa / Mengikuti Pasar
16:50,MPXL,Token Mati (Perlu Update),Small Cap (Lapis 3),Overvalued (Mahal),0.0,3.6398096,168.0,159,142,173,0.0,131400,Normal,65,Negatif,Uptrend,Bullish,Strong Bullish,Perfect Uptrend (5>20>50),Normal,Akumulasi (Naik),Normal,Dominan Jual (Guyur),Normal,Tinggi,Doji (Ragu-ragu),Rawan Pucuk (High Risk),< 1 Miliar,Persis di VWAP,Distribusi Pro (Guyuran),Gorengan Sepi (< 5M),Sepi (< 50%),Mark-Up (Fase Pesta),Normal,Normal,Sideways / Stagnan,TP: 178 | CL: 161,Normal,Tidak Ideal (< 1:1),Netral / Sideways,Sentimen Positif 📰,Normal / Sedang Transisi,Mendekati Fibo 23.6%,6,WAIT & SEE,TIDAK ADA,2026-08-24 16:50:01,Biasa / Mengikuti Pasar
16:50,SMIL,Token Mati (Perlu Update),Mid Cap (Lapis 2),Overvalued (Mahal),45.16129,4.450449,392.0,392,340,432,-2.0,24489500,Normal,58,Negatif,Downtrend,Bearish,Bearish MACD,Konsolidasi / Transisi,Normal,Akumulasi (Naik),Normal,Seimbang / Adu Mekanik,Normal,Tinggi,Normal,Rawan Pucuk (High Risk),> 1 Miliar,Di Atas VWAP (Kuat),Akumulasi Pro (Smart Money),Ritel Aktif (5M - 50M),Normal (50-150%),Distribution (Fase Jualan),Normal,Normal,Turun 1 Hari Beruntun,TP: 421 | CL: 372,Normal,Tidak Ideal (< 1:1),Netral / Sideways,Sentimen Positif 📰,Normal / Sedang Transisi,Dekat Support Fibo 23.6%,3,WAIT & SEE,TIDAK ADA,2026-08-24 16:50:01,Biasa / Mengikuti Pasar
16:50,KLAS,Token Mati (Perlu Update),Small Cap (Lapis 3),Fair Value (Wajar),0.0,1.1102836,82.0,77,68,83,1.2345679012345678,9838800,Normal,71,Positif,Uptrend,Bullish,Strong Bullish,Perfect Uptrend (5>20>50),Normal,Akumulasi (Naik),Normal,Dominan Beli (Hajar Kanan),Normal,Sedang,Normal,Rawan Pucuk (High Risk),< 1 Miliar,Di Atas VWAP (Kuat),Akumulasi Pro (Smart Money),Gorengan Sepi (< 5M),Normal (50-150%),Mark-Up (Fase Pesta),Normal,Normal,Naik 1 Hari Beruntun,TP: 86 | CL: 78,Normal,Tidak Ideal (< 1:1),Overbought (Jenuh Beli - Rawan),Sentimen Positif 📰,Normal / Sedang Transisi,Mengambang (Jauh dari Fibo),8,BELI,TIDAK ADA,2026-08-24 16:50:01,Biasa / Mengikuti Pasar
16:50,MAXI,Token Mati (Perlu Update),Small Cap (Lapis 3),Overvalued (Mahal),0.0,3.705076,50.0,50,50,50,0.0,44900,Normal,0,Negatif,Downtrend,Bearish,Bearish MACD,Konsolidasi / Transisi,Normal,Netral,Normal,Tidak Ada Transaksi,Squeeze,Rendah,Doji (Ragu-ragu),Dekat Support (Low Risk),< 1 Miliar,Persis di VWAP,Netral,Gorengan Sepi (< 5M),Sepi (< 50%),Sideways,Solid (Jarang Dibanting),Normal,Sideways / Stagnan,TP: 51 | CL: 49,Normal,Di Area Support,Oversold (Jenuh Jual - Peluang),Netral / Sepi Berita,Supply Kering (Siap Pump) 🏜️,Golden Rebound Fibo Bottom / 100% 🎯,0,WAIT & SEE,TIDAK ADA,2026-08-24 16:50:01,Biasa / Mengikuti Pasar
16:50,VKTR,Token Mati (Perlu Update),Big Cap (Lapis 1),Overvalued (Mahal),0.0,37.57189,895.0,826,695,960,-2.185792349726776,26636800,Normal,59,Negatif,Uptrend,Bullish,Strong Bullish,Perfect Uptrend (5>20>50),Normal,Akumulasi (Naik),Normal,Dominan Jual (Guyur),Normal,Tinggi,Normal,Rawan Pucuk (High Risk),> 1 Miliar,Di Bawah VWAP (Lemah),Distribusi Pro (Guyuran),Sultan (> 50M/hari),Sepi (< 50%),Mark-Up (Fase Pesta),Spesialis Tiang Jemuran (Banting Pucuk),Normal,Turun 2 Hari Beruntun,TP: 999 | CL: 825,Normal,Tidak Ideal (< 1:1),Death Cross (Awal Bearish),Sentimen Positif 📰,Normal / Sedang Transisi,Mengambang (Jauh dari Fibo),6,WAIT & SEE,TIDAK ADA,2026-08-24 16:50:01,Biasa / Mengikuti Pasar
16:50,RELF,Token Mati (Perlu Update),Small Cap (Lapis 3),Fair Value (Wajar),0.0,0.8366839,35.0,35,33,38,-2.7777777777777777,3337000,Tembus MA20,49,Negatif,Downtrend,Golden Cross,Strong Bullish,Perfect Uptrend (5>20>50),Normal,Akumulasi (Naik),Gap Down (-2.8%),Seimbang / Adu Mekanik,Squeeze,Rendah,Doji (Ragu-ragu),Area Tengah,< 1 Miliar,Persis di VWAP,Akumulasi Pro (Smart Money),Gorengan Sepi (< 5M),Normal (50-150%),Distribution (Fase Jualan),Normal,Normal,Turun 1 Hari Beruntun,TP: 37 | CL: 33,Normal,Ideal (1:2),Death Cross (Awal Bearish),Netral / Sepi Berita,Normal / Sedang Transisi,Dekat Support Fibo 61.8% (Golden Ratio),4,WAIT & SEE,TIDAK ADA,2026-08-24 16:50:01,Biasa / Mengikuti Pasar
16:50,AMMN,Token Mati (Perlu Update),Big Cap (Lapis 1),Overvalued (Mahal),31.12436,59078.95,4490.0,4253,3810,4600,0.2232142857142857,62505400,Normal,62,Positif,Uptrend,Bullish,Bearish MACD,Perfect Uptrend (5>20>50),Normal,Akumulasi (Naik),Normal,Dominan Jual (Guyur),Normal,Tinggi,Doji (Ragu-ragu),Rawan Pucuk (High Risk),> 1 Miliar,Di Atas VWAP (Kuat),Akumulasi Pro (Smart Money),Sultan (> 50M/hari),Normal (50-150%),Mark-Up (Fase Pesta),Spesialis Tiang Jemuran (Banting Pucuk),Normal,Naik 3 Hari Beruntun,TP: 4761 | CL: 4309,Normal,Tidak Ideal (< 1:1),Death Cross (Awal Bearish),Netral / Sepi Berita,Normal / Sedang Transisi,Mengambang (Jauh dari Fibo),5,WAIT & SEE,TIDAK ADA,2026-08-24 16:50:01,Biasa / Mengikuti Pasar
16:50,CRSN,Token Mati (Perlu Update),Small Cap (Lapis 3),Fair Value (Wajar),0.0,1.6031415,128.0,115,100,136,4.0650406504065035,1012300,Normal,72,Positif,Uptrend,Bullish,Strong Bullish,Perfect Uptrend (5>20>50),Normal,Akumulasi (Naik),Gap Up (+2.4%),Seimbang / Adu Mekanik,Normal,Tinggi,Normal,Rawan Pucuk (High Risk),< 1 Miliar,Di Atas VWAP (Kuat),Distribusi Pro (Guyuran),Gorengan Sepi (< 5M),Sepi (< 50%),Mark-Up (Fase Pesta),Spesialis Tiang Jemuran (Banting Pucuk),Normal,Naik 1 Hari Beruntun,TP: 142 | CL: 118,Normal,Tidak Ideal (< 1:1),Netral / Sideways,Sentimen Positif 📰,Normal / Sedang Transisi,Mendekati Fibo 23.6%,8,BELI,TIDAK ADA,2026-08-24 16:50:01,Biasa / Mengikuti Pasar
16:50,GRPM,Token Mati (Perlu Update),Small Cap (Lapis 3),Overvalued (Mahal),0.0,3.437731,172.0,213,160,264,-0.5780346820809248,4737700,Tembus MA20,28,Negatif,Downtrend,Bearish,Strong Bearish,Strong Downtrend (5<20<50),Normal,Distribusi (Turun),Normal,Seimbang / Adu Mekanik,Normal,Tinggi,Normal,Area Tengah,< 1 Miliar,Di Bawah VWAP (Lemah),Distribusi Pro (Guyuran),Gorengan Sepi (< 5M),Normal (50-150%),Mark-Down (Fase Runtuh),Solid (Jarang Dibanting),Normal,Turun 2 Hari Beruntun,TP: 202 | CL: 151,Normal,Sangat Menarik (> 1:3),Oversold (Jenuh Jual - Peluang),Sentimen Positif 📰,Normal / Sedang Transisi,Mengambang (Jauh dari Fibo),2,WAIT & SEE,TIDAK ADA,2026-08-24 16:50:01,Biasa / Mengikuti Pasar
16:50,WIDI,Token Mati (Perlu Update),Small Cap (Lapis 3),Fair Value (Wajar),0.0,1.018478,28.0,25,24,29,3.7037037037037033,41100400,Tembus MA20,62,Positif,Uptrend,Golden Cross,Strong Bullish,Awal Reversal (5>20),Akumulasi Kuat,Akumulasi (Naik),Normal,Seimbang / Adu Mekanik,Breakout Upper,Sedang,Normal,Rawan Pucuk (High Risk),> 1 Miliar,Di Atas VWAP (Kuat),Akumulasi Pro (Smart Money),Gorengan Sepi (< 5M),Ledakan Ekstrem (> 300%),Accumulation (Kumpul Barang),Normal,Normal,Naik 3 Hari Beruntun,TP: 30 | CL: 26,Normal,Tidak Ideal (< 1:1),Death Cross (Awal Bearish),Netral / Sepi Berita,Normal / Sedang Transisi,Dekat Support Fibo 23.6%,8,BELI,TIDAK ADA,2026-08-24 16:50:01,Biasa / Mengikuti Pasar
16:50,TGUK,Token Mati (Perlu Update),Small Cap (Lapis 3),Overvalued (Mahal),0.0,3.2274663,69.0,108,69,137,-5.47945205479452,3567100,Normal,15,Negatif,Downtrend,Bearish,Strong Bearish,Strong Downtrend (5<20<50),Normal,Distribusi (Turun),Gap Down (-4.1%),Dominan Jual (Guyur),Normal,Tinggi,Normal,Dekat Support (Low Risk),< 1 Miliar,Di Bawah VWAP (Lemah),Akumulasi Pro (Smart Money),Gorengan Sepi (< 5M),Sepi (< 50%),Mark-Down (Fase Runtuh),Normal,Normal,Turun 4 Hari Beruntun,TP: 81 | CL: 60,Open = High (Tekanan Jual),Di Area Support,Oversold (Jenuh Jual - Peluang),Sentimen Positif 📰,Normal / Sedang Transisi,Golden Rebound Fibo Bottom / 100% 🎯,1,WAIT & SEE,TIDAK ADA,2026-08-24 16:50:01,🔥 ANOMALI BANDAR (Siap Ledakan)
16:50,INET,Token Mati (Perlu Update),Mid Cap (Lapis 2),Overvalued (Mahal),141.88034,2.042235,330.0,248,206,360,0.0,891254600,Tembus MA20,78,Negatif,Uptrend,Bullish,Strong Bullish,Perfect Uptrend (5>20>50),Distribusi Kuat,Akumulasi (Naik),Gap Up (+2.4%),Dominan Jual (Guyur),Breakout Upper,Tinggi,Normal,Rawan Pucuk (High Risk),> 1 Miliar,Di Atas VWAP (Kuat),Akumulasi Pro (Smart Money),Sultan (> 50M/hari),Normal (50-150%),Mark-Up (Fase Pesta),Spesialis Tiang Jemuran (Banting Pucuk),Normal,Sideways / Stagnan,TP: 364 | CL: 306,Normal,Tidak Ideal (< 1:1),Death Cross (Awal Bearish),Sentimen Positif 📰,Supply Banjir (Distribusi) 🌊,Mengambang (Jauh dari Fibo),8,BELI,TIDAK ADA,2026-08-24 16:50:01,🔥 ANOMALI BANDAR (Siap Ledakan)
16:50,MAHA,Token Mati (Perlu Update),Mid Cap (Lapis 2),Undervalued (Murah),6.5342164,1.3229405,148.0,145,137,155,0.6802721088435374,3499500,Normal,60,Positif,Uptrend,Bullish,Bearish MACD,Perfect Uptrend (5>20>50),Normal,Akumulasi (Naik),Normal,Dominan Beli (Hajar Kanan),Squeeze,Rendah,Hammer (Potensi Reversal),Area Tengah,< 1 Miliar,Persis di VWAP,Distribusi Pro (Guyuran),Gorengan Sepi (< 5M),Normal (50-150%),Mark-Up (Fase Pesta),Spesialis Tiang Jemuran (Banting Pucuk),Jarum Bawah (Sinyal Pantulan Kuat),Naik 1 Hari Beruntun,TP: 153 | CL: 144,Normal,Tidak Ideal (< 1:1),Netral / Sideways,Netral / Sepi Berita,Normal / Sedang Transisi,Golden Rebound Fibo 23.6% 🎯,6,WAIT & SEE,TIDAK ADA,2026-08-24 16:50:01,Biasa / Mengikuti Pasar
16:50,RMKO,Token Mati (Perlu Update),Small Cap (Lapis 3),Fair Value (Wajar),0.0,2.7138855,284.0,287,272,316,-2.0689655172413794,3414800,Normal,44,Negatif,Downtrend,Bearish,Bullish MACD,Strong Downtrend (5<20<50),Normal,Akumulasi (Naik),Normal,Seimbang / Adu Mekanik,Normal,Sedang,Normal,Area Tengah,< 1 Miliar,Di Bawah VWAP (Lemah),Distribusi Pro (Guyuran),Gorengan Sepi (< 5M),Normal (50-150%),Mark-Down (Fase Runtuh),Normal,Normal,Turun 1 Hari Beruntun,TP: 307 | CL: 268,Open = High (Tekanan Jual),Ideal (1:2),Netral / Sideways,Sentimen Negatif ⚠️,Normal / Sedang Transisi,Mendekati Fibo 78.6%,2,WAIT & SEE,TIDAK ADA,2026-08-24 16:50:01,Biasa / Mengikuti Pasar
16:50,CNMA,Token Mati (Perlu Update),Mid Cap (Lapis 2),Fair Value (Wajar),13.049645,2.0498652,92.0,93,89,103,-1.0752688172043012,13513200,Normal,47,Negatif,Downtrend,Bearish,Bearish MACD,Konsolidasi / Transisi,Normal,Distribusi (Turun),Normal,Seimbang / Adu Mekanik,Normal,Sedang,Normal,Area Tengah,> 1 Miliar,Persis di VWAP,Distribusi Pro (Guyuran),Gorengan Sepi (< 5M),Sepi (< 50%),Distribution (Fase Jualan),Spesialis Tiang Jemuran (Banting Pucuk),Normal,Turun 1 Hari Beruntun,TP: 97 | CL: 88,Open = High (Tekanan Jual),Sangat Menarik (> 1:3),Oversold (Jenuh Jual - Peluang),Sentimen Positif 📰,Normal / Sedang Transisi,Golden Rebound Fibo 50.0% 🎯,1,WAIT & SEE,TIDAK ADA,2026-08-24 16:50:01,Biasa / Mengikuti Pasar
16:50,FOLK,Token Mati (Perlu Update),Small Cap (Lapis 3),Overvalued (Mahal),0.0,5.866073,196.0,200,160,228,5.9459459459459465,14842900,Tembus MA20,48,Positif,Downtrend,Bearish,Strong Bearish,Strong Downtrend (5<20<50),Normal,Akumulasi (Naik),Normal,Seimbang / Adu Mekanik,Normal,Tinggi,Normal,Rawan Pucuk (High Risk),> 1 Miliar,Di Atas VWAP (Kuat),Distribusi Pro (Guyuran),Gorengan Sepi (< 5M),Normal (50-150%),Mark-Down (Fase Runtuh),Normal,Normal,Naik 1 Hari Beruntun,TP: 224 | CL: 177,Normal,Tidak Ideal (< 1:1),Netral / Sideways,Sentimen Positif 📰,Normal / Sedang Transisi,Mendekati Fibo 50.0%,4,WAIT & SEE,TIDAK ADA,2026-08-24 16:50:01,Biasa / Mengikuti Pasar
16:50,HBAT,Token Mati (Perlu Update),Small Cap (Lapis 3),Fair Value (Wajar),0.0,2.9354827,232.0,222,204,258,9.433962264150944,756600,Tembus MA20,45,Positif,Uptrend,Bearish,Bullish MACD,Strong Downtrend (5<20<50),Normal,Distribusi (Turun),Normal,Dominan Beli (Hajar Kanan),Normal,Sedang,Normal,Rawan Pucuk (High Risk),< 1 Miliar,Di Atas VWAP (Kuat),Akumulasi Pro (Smart Money),Gorengan Sepi (< 5M),Anomali Tinggi (150-300%),Accumulation (Kumpul Barang),Normal,Normal,Naik 1 Hari Beruntun,TP: 248 | CL: 221,Normal,Tidak Ideal (< 1:1),Netral / Sideways,Sentimen Positif 📰,Normal / Sedang Transisi,Mengambang (Jauh dari Fibo),6,WAIT & SEE,TIDAK ADA,2026-08-24 16:50:01,Biasa / Mengikuti Pasar
16:50,GRIA,Token Mati (Perlu Update),Mid Cap (Lapis 2),Overvalued (Mahal),240.86021,4.1451545,224.0,144,112,238,23.076923076923077,233717200,Tembus MA20,86,Positif,Uptrend,Bullish,Strong Bullish,Perfect Uptrend (5>20>50),Akumulasi Kuat,Akumulasi (Naik),Gap Up (+7.1%),Seimbang / Adu Mekanik,Breakout Upper,Tinggi,Normal,Rawan Pucuk (High Risk),> 1 Miliar,Di Atas VWAP (Kuat),Akumulasi Pro (Smart Money),Ritel Aktif (5M - 50M),Ledakan Ekstrem (> 300%),Mark-Up (Fase Pesta),Spesialis Tiang Jemuran (Banting Pucuk),Normal,Naik 2 Hari Beruntun,TP: 250 | CL: 206,Normal,Tidak Ideal (< 1:1),Netral / Sideways,Sentimen Positif 📰,Normal / Sedang Transisi,Mengambang (Jauh dari Fibo),10,BELI,TIDAK ADA,2026-08-24 16:50:01,⚠️ Anomali (Sudah Terbang)
16:50,PPRI,Token Mati (Perlu Update),Small Cap (Lapis 3),Fair Value (Wajar),0.0,1.6111649,144.0,146,140,161,-3.3557046979865772,4596300,Tembus MA20,48,Negatif,Downtrend,Bearish,Strong Bearish,Konsolidasi / Transisi,Distribusi Kuat,Akumulasi (Naik),Normal,Seimbang / Adu Mekanik,Squeeze,Rendah,Normal,Dekat Support (Low Risk),< 1 Miliar,Di Bawah VWAP (Lemah),Akumulasi Pro (Smart Money),Gorengan Sepi (< 5M),Anomali Tinggi (150-300%),Distribution (Fase Jualan),Spesialis Tiang Jemuran (Banting Pucuk),Normal,Turun 1 Hari Beruntun,TP: 153 | CL: 137,Open = High (Tekanan Jual),Sangat Menarik (> 1:3),Netral / Sideways,Sentimen Positif 📰,Supply Banjir (Distribusi) 🌊,Mendekati Fibo 50.0%,3,WAIT & SEE,TIDAK ADA,2026-08-24 16:50:01,Biasa / Mengikuti Pasar
16:50,ERAL,Token Mati (Perlu Update),Mid Cap (Lapis 2),Undervalued (Murah),9.165401,0.8651758,300.0,303,276,320,-1.3157894736842104,2891600,Normal,52,Negatif,Downtrend,Bearish,Bearish MACD,Konsolidasi / Transisi,Normal,Distribusi (Turun),Normal,Dominan Jual (Guyur),Normal,Sedang,Normal,Area Tengah,< 1 Miliar,Persis di VWAP,Distribusi Pro (Guyuran),Gorengan Sepi (< 5M),Normal (50-150%),Distribution (Fase Jualan),Normal,Normal,Turun 2 Hari Beruntun,TP: 316 | CL: 289,Normal,Tidak Ideal (< 1:1),Netral / Sideways,Sentimen Positif 📰,Normal / Sedang Transisi,Dekat Support Fibo 23.6%,2,WAIT & SEE,TIDAK ADA,2026-08-24 16:50:01,Biasa / Mengikuti Pasar
16:50,CYBR,Token Mati (Perlu Update),Mid Cap (Lapis 2),Overvalued (Mahal),613.63635,28.527655,550.0,561,535,605,0.0,18776500,Normal,39,Negatif,Downtrend,Bearish,Strong Bearish,Strong Downtrend (5<20<50),Normal,Distribusi (Turun),Normal,Seimbang / Adu Mekanik,Normal,Sedang,Normal,Dekat Support (Low Risk),> 1 Miliar,Di Bawah VWAP (Lemah),Akumulasi Pro (Smart Money),Ritel Aktif (5M - 50M),Normal (50-150%),Mark-Down (Fase Runtuh),Normal,Normal,Sideways / Stagnan,TP: 586 | CL: 525,Open = High (Tekanan Jual),Sangat Menarik (> 1:3),Netral / Sideways,Sentimen Positif 📰,Normal / Sedang Transisi,Mendekati Fibo 78.6%,1,WAIT & SEE,TIDAK ADA,2026-08-24 16:50:01,Biasa / Mengikuti Pasar
16:50,MUTU,Token Mati (Perlu Update),Small Cap (Lapis 3),Fair Value (Wajar),0.0,1.6100179,126.0,112,104,141,5.0,105580800,Tembus MA20,74,Positif,Uptrend,Bullish,Strong Bullish,Perfect Uptrend (5>20>50),Distribusi Kuat,Akumulasi (Naik),Gap Up (+11.7%),Dominan Jual (Guyur),Breakout Upper,Tinggi,Normal,Rawan Pucuk (High Risk),> 1 Miliar,Di Bawah VWAP (Lemah),Distribusi Pro (Guyuran),Gorengan Sepi (< 5M),Ledakan Ekstrem (> 300%),Mark-Up (Fase Pesta),Normal,Normal,Naik 3 Hari Beruntun,TP: 134 | CL: 120,Normal,Tidak Ideal (< 1:1),Death Cross (Awal Bearish),Sentimen Positif 📰,Supply Banjir (Distribusi) 🌊,Dekat Support Fibo 38.2%,9,BELI,TIDAK ADA,2026-08-24 16:50:01,Biasa / Mengikuti Pasar
16:50,LMAX,Token Mati (Perlu Update),Small Cap (Lapis 3),Fair Value (Wajar),0.0,1.3956734,110.0,113,108,121,-2.6548672566371683,825900,Tembus MA20,49,Negatif,Downtrend,Bearish,Bearish MACD,Konsolidasi / Transisi,Distribusi Kuat,Distribusi (Turun),Normal,Dominan Jual (Guyur),Bottom Rebound,Sedang,Normal,Dekat Support (Low Risk),< 1 Miliar,Di Bawah VWAP (Lemah),Distribusi Pro (Guyuran),Gorengan Sepi (< 5M),Anomali Tinggi (150-300%),Distribution (Fase Jualan),Normal,Normal,Turun 2 Hari Beruntun,TP: 119 | CL: 103,Open = High (Tekanan Jual),Sangat Menarik (> 1:3),Netral / Sideways,Netral / Sepi Berita,Normal / Sedang Transisi,Mengambang (Jauh dari Fibo),1,WAIT & SEE,TIDAK ADA,2026-08-24 16:50:01,Biasa / Mengikuti Pasar
16:50,HUMI,Token Mati (Perlu Update),Mid Cap (Lapis 2),Overvalued (Mahal),281.13208,18625.0,149.0,144,123,160,-1.3245033112582782,34051100,Normal,58,Negatif,Uptrend,Bullish,Bearish MACD,Perfect Uptrend (5>20>50),Normal,Distribusi (Turun),Normal,Seimbang / Adu Mekanik,Normal,Tinggi,Normal,Rawan Pucuk (High Risk),> 1 Miliar,Di Bawah VWAP (Lemah),Akumulasi Pro (Smart Money),Ritel Aktif (5M - 50M),Normal (50-150%),Mark-Up (Fase Pesta),Normal,Normal,Turun 3 Hari Beruntun,TP: 161 | CL: 140,Normal,Tidak Ideal (< 1:1),Netral / Sideways,Sentimen Negatif ⚠️,Normal / Sedang Transisi,Mendekati Fibo 23.6%,3,WAIT & SEE,TIDAK ADA,2026-08-24 16:50:01,Biasa / Mengikuti Pasar
16:50,MSIE,Token Mati (Perlu Update),Small Cap (Lapis 3),Fair Value (Wajar),0.0,1.1957417,92.0,95,78,106,-2.127659574468085,1359600,Normal,47,Negatif,Downtrend,Death Cross,Bearish MACD,Konsolidasi / Transisi,Normal,Distribusi (Turun),Normal,Dominan Jual (Guyur),Normal,Tinggi,Normal,Rawan Pucuk (High Risk),< 1 Miliar,Di Bawah VWAP (Lemah),Distribusi Pro (Guyuran),Gorengan Sepi (< 5M),Sepi (< 50%),Distribution (Fase Jualan),Normal,Normal,Turun 2 Hari Beruntun,TP: 100 | CL: 86,Normal,Menengah (1:1),Netral / Sideways,Sentimen Negatif ⚠️,Normal / Sedang Transisi,Mengambang (Jauh dari Fibo),0,WAIT & SEE,TIDAK ADA,2026-08-24 16:50:01,Biasa / Mengikuti Pasar
16:50,RSCH,Token Mati (Perlu Update),Small Cap (Lapis 3),Overvalued (Mahal),0.0,7.5655937,342.0,315,266,352,3.6363636363636362,24207300,Tembus MA20,68,Positif,Uptrend,Bullish,Strong Bullish,Perfect Uptrend (5>20>50),Normal,Akumulasi (Naik),Normal,Seimbang / Adu Mekanik,Breakout Upper,Tinggi,Normal,Rawan Pucuk (High Risk),> 1 Miliar,Di Atas VWAP (Kuat),Akumulasi Pro (Smart Money),Ritel Aktif (5M - 50M),Normal (50-150%),Mark-Up (Fase Pesta),Normal,Normal,Naik 3 Hari Beruntun,TP: 364 | CL: 327,Open = Low (Bullish Kuat),Tidak Ideal (< 1:1),Netral / Sideways,Netral / Sepi Berita,Normal / Sedang Transisi,Mendekati Fibo 38.2%,7,BELI,TIDAK ADA,2026-08-24 16:50:01,Biasa / Mengikuti Pasar
16:50,BABY,Token Mati (Perlu Update),Small Cap (Lapis 3),Fair Value (Wajar),0.0,1.0134351,214.0,203,181,284,-2.727272727272727,3615300,Normal,54,Negatif,Uptrend,Bullish,Strong Bullish,Perfect Uptrend (5>20>50),Normal,Distribusi (Turun),Normal,Dominan Jual (Guyur),Normal,Tinggi,Normal,Rawan Pucuk (High Risk),< 1 Miliar,Di Bawah VWAP (Lemah),Distribusi Pro (Guyuran),Gorengan Sepi (< 5M),Sepi (< 50%),Mark-Up (Fase Pesta),Spesialis Tiang Jemuran (Banting Pucuk),Normal,Turun 2 Hari Beruntun,TP: 248 | CL: 191,Normal,Ideal (1:2),Netral / Sideways,Sentimen Positif 📰,Normal / Sedang Transisi,Mengambang (Jauh dari Fibo),5,WAIT & SEE,TIDAK ADA,2026-08-24 16:50:01,Biasa / Mengikuti Pasar
16:50,IOTF,Token Mati (Perlu Update),Small Cap (Lapis 3),Fair Value (Wajar),0.0,2.2603824,67.0,60,51,79,1.5151515151515151,154691800,Tembus MA20,63,Positif,Uptrend,Bullish,Strong Bullish,Perfect Uptrend (5>20>50),Normal,Distribusi (Turun),Normal,Dominan Jual (Guyur),Normal,Tinggi,Doji (Ragu-ragu),Rawan Pucuk (High Risk),> 1 Miliar,Persis di VWAP,Distribusi Pro (Guyuran),Ritel Aktif (5M - 50M),Normal (50-150%),Mark-Up (Fase Pesta),Normal,Normal,Naik 2 Hari Beruntun,TP: 76 | CL: 60,Normal,Tidak Ideal (< 1:1),Netral / Sideways,Sentimen Positif 📰,Normal / Sedang Transisi,Mendekati Fibo 50.0%,7,BELI,TIDAK ADA,2026-08-24 16:50:01,Biasa / Mengikuti Pasar
16:50,KOCI,Token Mati (Perlu Update),Small Cap (Lapis 3),Overvalued (Mahal),0.0,3.6159232,109.0,106,95,134,0.0,22388300,Normal,57,Negatif,Uptrend,Bullish,Bearish MACD,Perfect Uptrend (5>20>50),Normal,Akumulasi (Naik),Normal,Seimbang / Adu Mekanik,Normal,Tinggi,Doji (Ragu-ragu),Rawan Pucuk (High Risk),> 1 Miliar,Persis di VWAP,Distribusi Pro (Guyuran),Gorengan Sepi (< 5M),Anomali Tinggi (150-300%),Mark-Up (Fase Pesta),Normal,Normal,Sideways / Stagnan,TP: 117 | CL: 103,Normal,Ideal (1:2),Netral / Sideways,Sentimen Positif 📰,Normal / Sedang Transisi,Mengambang (Jauh dari Fibo),5,WAIT & SEE,TIDAK ADA,2026-08-24 16:50:01,Biasa / Mengikuti Pasar
16:50,PTPS,Token Mati (Perlu Update),Small Cap (Lapis 3),Fair Value (Wajar),0.0,1.8208177,158.0,149,130,164,-1.25,3238700,Normal,66,Negatif,Uptrend,Bullish,Strong Bullish,Perfect Uptrend (5>20>50),Normal,Akumulasi (Naik),Normal,Seimbang / Adu Mekanik,Normal,Tinggi,Normal,Rawan Pucuk (High Risk),< 1 Miliar,Persis di VWAP,Akumulasi Pro (Smart Money),Gorengan Sepi (< 5M),Normal (50-150%),Mark-Up (Fase Pesta),Normal,Normal,Turun 1 Hari Beruntun,TP: 165 | CL: 153,Normal,Tidak Ideal (< 1:1),Death Cross (Awal Bearish),Sentimen Positif 📰,Normal / Sedang Transisi,Mengambang (Jauh dari Fibo),6,WAIT & SEE,TIDAK ADA,2026-08-24 16:50:01,Biasa / Mengikuti Pasar
16:50,BREN,Token Mati (Perlu Update),Big Cap (Lapis 1),Overvalued (Mahal),167.07497,682000.0,3410.0,3424,3210,3940,-1.4450867052023122,29553300,Normal,49,Negatif,Downtrend,Bullish,Bearish MACD,Awal Reversal (5>20),Normal,Distribusi (Turun),Normal,Dominan Jual (Guyur),Normal,Tinggi,Normal,Area Tengah,> 1 Miliar,Di Bawah VWAP (Lemah),Distribusi Pro (Guyuran),Sultan (> 50M/hari),Normal (50-150%),Mark-Down (Fase Runtuh),Normal,Normal,Turun 1 Hari Beruntun,TP: 3678 | CL: 3230,Normal,Ideal (1:2),Netral / Sideways,Netral / Sepi Berita,Normal / Sedang Transisi,Dekat Support Fibo 50.0%,1,WAIT & SEE,TIDAK ADA,2026-08-24 16:50:01,Biasa / Mengikuti Pasar
16:50,STRK,Token Mati (Perlu Update),Small Cap (Lapis 3),Overvalued (Mahal),0.0,6.419469,66.0,62,57,77,0.0,45946200,Tembus MA20,55,Negatif,Uptrend,Golden Cross,Bullish MACD,Awal Reversal (5>20),Normal,Akumulasi (Naik),Normal,Dominan Jual (Guyur),Normal,Tinggi,Normal,Rawan Pucuk (High Risk),> 1 Miliar,Di Bawah VWAP (Lemah),Distribusi Pro (Guyuran),Gorengan Sepi (< 5M),Normal (50-150%),Accumulation (Kumpul Barang),Spesialis Tiang Jemuran (Banting Pucuk),Normal,Sideways / Stagnan,TP: 72 | CL: 61,Normal,Menengah (1:1),Netral / Sideways,Sentimen Negatif ⚠️,Supply Banjir (Distribusi) 🌊,Mengambang (Jauh dari Fibo),6,WAIT & SEE,TIDAK ADA,2026-08-24 16:50:01,Biasa / Mengikuti Pasar
16:50,KOKA,Token Mati (Perlu Update),Small Cap (Lapis 3),Overvalued (Mahal),0.0,3.580254,184.0,191,172,224,-2.127659574468085,9631100,Normal,50,Negatif,Downtrend,Bearish,Bearish MACD,Konsolidasi / Transisi,Normal,Akumulasi (Naik),Normal,Dominan Jual (Guyur),Normal,Tinggi,Normal,Area Tengah,> 1 Miliar,Di Bawah VWAP (Lemah),Distribusi Pro (Guyuran),Gorengan Sepi (< 5M),Sepi (< 50%),Distribution (Fase Jualan),Spesialis Tiang Jemuran (Banting Pucuk),Normal,Turun 2 Hari Beruntun,TP: 204 | CL: 170,Normal,Sangat Menarik (> 1:3),Netral / Sideways,Sentimen Negatif ⚠️,Normal / Sedang Transisi,Mendekati Fibo 50.0%,1,WAIT & SEE,TIDAK ADA,2026-08-24 16:50:01,Biasa / Mengikuti Pasar
16:50,LOPI,Token Mati (Perlu Update),Small Cap (Lapis 3),Fair Value (Wajar),0.0,1.4770252,81.0,72,59,92,-1.2195121951219512,2686900,Normal,63,Negatif,Uptrend,Bullish,Strong Bullish,Perfect Uptrend (5>20>50),Normal,Akumulasi (Naik),Normal,Dominan Jual (Guyur),Normal,Tinggi,Doji (Ragu-ragu),Rawan Pucuk (High Risk),< 1 Miliar,Di Atas VWAP (Kuat),Akumulasi Pro (Smart Money),Gorengan Sepi (< 5M),Sepi (< 50%),Mark-Up (Fase Pesta),Spesialis Tiang Jemuran (Banting Pucuk),Normal,Turun 2 Hari Beruntun,TP: 92 | CL: 73,Normal,Tidak Ideal (< 1:1),Death Cross (Awal Bearish),Sentimen Positif 📰,Normal / Sedang Transisi,Mengambang (Jauh dari Fibo),6,WAIT & SEE,TIDAK ADA,2026-08-24 16:50:01,Biasa / Mengikuti Pasar
16:50,RGAS,Token Mati (Perlu Update),Small Cap (Lapis 3),Overvalued (Mahal),0.0,3.2240286,234.0,221,178,256,13.592233009708737,694513100,Tembus MA20,62,Positif,Uptrend,Bearish,Strong Bearish,Konsolidasi / Transisi,Akumulasi Kuat,Akumulasi (Naik),Normal,Dominan Beli (Hajar Kanan),Normal,Tinggi,Marubozu (Strong Bullish),Rawan Pucuk (High Risk),> 1 Miliar,Di Atas VWAP (Kuat),Akumulasi Pro (Smart Money),Ritel Aktif (5M - 50M),Ledakan Ekstrem (> 300%),Mark-Up (Fase Pesta),Solid (Jarang Dibanting),Normal,Naik 3 Hari Beruntun,TP: 246 | CL: 225,Open = Low (Bullish Kuat),Tidak Ideal (< 1:1),Netral / Sideways,Sentimen Positif 📰,Normal / Sedang Transisi,Mengambang (Jauh dari Fibo),8,BELI,TIDAK ADA,2026-08-24 16:50:01,⚠️ Anomali (Sudah Terbang)
16:50,MSTI,Token Mati (Perlu Update),Mid Cap (Lapis 2),Fair Value (Wajar),7.5412235,1.9391961,1340.0,1322,1255,1365,0.7518796992481203,783400,Normal,57,Positif,Uptrend,Bullish,Bearish MACD,Perfect Uptrend (5>20>50),Normal,Akumulasi (Naik),Normal,Dominan Beli (Hajar Kanan),Squeeze,Rendah,Normal,Area Tengah,> 1 Miliar,Persis di VWAP,Distribusi Pro (Guyuran),Gorengan Sepi (< 5M),Normal (50-150%),Mark-Up (Fase Pesta),Normal,Normal,Naik 1 Hari Beruntun,TP: 1372 | CL: 1318,Normal,Tidak Ideal (< 1:1),Netral / Sideways,Sentimen Positif 📰,Normal / Sedang Transisi,Dekat Support Fibo 23.6%,7,BELI,TIDAK ADA,2026-08-24 16:50:01,Biasa / Mengikuti Pasar
16:50,IKPM,Token Mati (Perlu Update),Small Cap (Lapis 3),Fair Value (Wajar),0.0,1.4670671,193.0,193,174,220,-2.525252525252525,188000,Normal,50,Negatif,Downtrend,Bullish,Strong Bullish,Perfect Uptrend (5>20>50),Normal,Distribusi (Turun),Gap Up (+4.0%),Dominan Jual (Guyur),Normal,Sedang,Normal,Rawan Pucuk (High Risk),< 1 Miliar,Di Bawah VWAP (Lemah),Distribusi Pro (Guyuran),Gorengan Sepi (< 5M),Sepi (< 50%),Distribution (Fase Jualan),Spesialis Tiang Jemuran (Banting Pucuk),Normal,Turun 2 Hari Beruntun,TP: 210 | CL: 181,Open = High (Tekanan Jual),Menengah (1:1),Netral / Sideways,Sentimen Negatif ⚠️,Normal / Sedang Transisi,Mendekati Fibo 61.8% (Golden Ratio),3,WAIT & SEE,TIDAK ADA,2026-08-24 16:50:01,Biasa / Mengikuti Pasar
16:50,AYAM,Token Mati (Perlu Update),Mid Cap (Lapis 2),Overvalued (Mahal),1215.3846,8.965726,474.0,448,382,500,-3.2653061224489797,13682500,Normal,66,Negatif,Uptrend,Bullish,Strong Bullish,Perfect Uptrend (5>20>50),Normal,Akumulasi (Naik),Normal,Dominan Jual (Guyur),Normal,Tinggi,Normal,Rawan Pucuk (High Risk),> 1 Miliar,Di Bawah VWAP (Lemah),Akumulasi Pro (Smart Money),Ritel Aktif (5M - 50M),Normal (50-150%),Mark-Up (Fase Pesta),Normal,Normal,Turun 2 Hari Beruntun,TP: 499 | CL: 457,Open = High (Tekanan Jual),Tidak Ideal (< 1:1),Death Cross (Awal Bearish),Sentimen Positif 📰,Normal / Sedang Transisi,Mendekati Fibo 23.6%,6,WAIT & SEE,TIDAK ADA,2026-08-24 16:50:01,Biasa / Mengikuti Pasar
16:50,SURI,Token Mati (Perlu Update),Small Cap (Lapis 3),Overvalued (Mahal),540.0,1.4822406,80.0,74,68,88,-1.2345679012345678,9594800,Normal,74,Negatif,Uptrend,Bullish,Strong Bullish,Perfect Uptrend (5>20>50),Normal,Akumulasi (Naik),Normal,Seimbang / Adu Mekanik,Normal,Tinggi,Normal,Rawan Pucuk (High Risk),< 1 Miliar,Di Atas VWAP (Kuat),Akumulasi Pro (Smart Money),Gorengan Sepi (< 5M),Sepi (< 50%),Mark-Up (Fase Pesta),Spesialis Tiang Jemuran (Banting Pucuk),Normal,Turun 1 Hari Beruntun,TP: 86 | CL: 75,Normal,Tidak Ideal (< 1:1),Netral / Sideways,Netral / Sepi Berita,Normal / Sedang Transisi,Dekat Support Fibo 23.6%,5,WAIT & SEE,TIDAK ADA,2026-08-24 16:50:01,Biasa / Mengikuti Pasar
16:50,ASLI,Token Mati (Perlu Update),Mid Cap (Lapis 2),Overvalued (Mahal),0.0,4.050428,242.0,209,185,282,1.680672268907563,27349800,Tembus MA20,61,Positif,Uptrend,Bullish,Strong Bullish,Perfect Uptrend (5>20>50),Normal,Akumulasi (Naik),Normal,Seimbang / Adu Mekanik,Normal,Tinggi,Normal,Rawan Pucuk (High Risk),> 1 Miliar,Di Bawah VWAP (Lemah),Akumulasi Pro (Smart Money),Ritel Aktif (5M - 50M),Normal (50-150%),Mark-Up (Fase Pesta),Spesialis Tiang Jemuran (Banting Pucuk),Normal,Naik 1 Hari Beruntun,TP: 273 | CL: 221,Normal,Tidak Ideal (< 1:1),Death Cross (Awal Bearish),Sentimen Positif 📰,Normal / Sedang Transisi,Mengambang (Jauh dari Fibo),8,BELI,TIDAK ADA,2026-08-24 16:50:01,Biasa / Mengikuti Pasar
16:50,GRPH,Token Mati (Perlu Update),Small Cap (Lapis 3),Fair Value (Wajar),0.0,0.9903755,78.0,64,58,83,0.0,46543100,Tembus MA20,74,Negatif,Uptrend,Bullish,Strong Bullish,Perfect Uptrend (5>20>50),Distribusi Kuat,Akumulasi (Naik),Gap Up (+2.6%),Seimbang / Adu Mekanik,Breakout Upper,Tinggi,Normal,Rawan Pucuk (High Risk),> 1 Miliar,Di Atas VWAP (Kuat),Akumulasi Pro (Smart Money),Ritel Aktif (5M - 50M),Normal (50-150%),Mark-Up (Fase Pesta),Normal,Normal,Sideways / Stagnan,TP: 86 | CL: 72,Normal,Tidak Ideal (< 1:1),Netral / Sideways,Sentimen Positif 📰,Supply Banjir (Distribusi) 🌊,Mendekati Fibo 23.6%,8,BELI,TIDAK ADA,2026-08-24 16:50:01,Biasa / Mengikuti Pasar
16:50,SMGA,Token Mati (Perlu Update),Small Cap (Lapis 3),Fair Value (Wajar),0.0,1.6788486,81.0,74,65,89,-1.2195121951219512,4164200,Normal,64,Negatif,Uptrend,Bullish,Strong Bullish,Perfect Uptrend (5>20>50),Normal,Akumulasi (Naik),Normal,Dominan Jual (Guyur),Normal,Tinggi,Doji (Ragu-ragu),Rawan Pucuk (High Risk),< 1 Miliar,Persis di VWAP,Akumulasi Pro (Smart Money),Gorengan Sepi (< 5M),Sepi (< 50%),Mark-Up (Fase Pesta),Normal,Normal,Turun 1 Hari Beruntun,TP: 87 | CL: 76,Normal,Tidak Ideal (< 1:1),Death Cross (Awal Bearish),Netral / Sepi Berita,Normal / Sedang Transisi,Dekat Support Fibo 23.6%,5,WAIT & SEE,TIDAK ADA,2026-08-24 16:50:01,Biasa / Mengikuti Pasar
16:50,UNTD,Token Mati (Perlu Update),Small Cap (Lapis 3),Fair Value (Wajar),0.0,1.0056096,83.0,81,77,92,0.0,9927800,Normal,58,Negatif,Uptrend,Bullish,Bearish MACD,Perfect Uptrend (5>20>50),Normal,Distribusi (Turun),Normal,Seimbang / Adu Mekanik,Normal,Sedang,Normal,Area Tengah,< 1 Miliar,Persis di VWAP,Distribusi Pro (Guyuran),Gorengan Sepi (< 5M),Sepi (< 50%),Mark-Up (Fase Pesta),Spesialis Tiang Jemuran (Banting Pucuk),Normal,Sideways / Stagnan,TP: 89 | CL: 78,Open = Low (Bullish Kuat),Ideal (1:2),Netral / Sideways,Netral / Sepi Berita,Normal / Sedang Transisi,Dekat Support Fibo 23.6%,3,WAIT & SEE,TIDAK ADA,2026-08-24 16:50:01,Biasa / Mengikuti Pasar
16:50,TOSK,Token Mati (Perlu Update),Small Cap (Lapis 3),Fair Value (Wajar),0.0,2.0399609,74.0,70,65,76,1.36986301369863,5773800,Normal,76,Positif,Uptrend,Bullish,Strong Bullish,Perfect Uptrend (5>20>50),Normal,Akumulasi (Naik),Normal,Dominan Beli (Hajar Kanan),Normal,Sedang,Marubozu (Strong Bullish),Rawan Pucuk (High Risk),< 1 Miliar,Di Atas VWAP (Kuat),Akumulasi Pro (Smart Money),Gorengan Sepi (< 5M),Sepi (< 50%),Mark-Up (Fase Pesta),Spesialis Tiang Jemuran (Banting Pucuk),Normal,Naik 1 Hari Beruntun,TP: 77 | CL: 71,Open = Low (Bullish Kuat),Tidak Ideal (< 1:1),Netral / Sideways,Sentimen Positif 📰,Normal / Sedang Transisi,Mendekati Fibo 23.6%,8,BELI,TIDAK ADA,2026-08-24 16:50:01,Biasa / Mengikuti Pasar
16:50,MPIX,Token Mati (Perlu Update),Small Cap (Lapis 3),Fair Value (Wajar),0.0,0.9976854,100.0,96,87,105,2.0408163265306123,12513800,Tembus MA20,63,Positif,Uptrend,Bullish,Strong Bullish,Perfect Uptrend (5>20>50),Akumulasi Kuat,Akumulasi (Naik),Normal,Seimbang / Adu Mekanik,Normal,Sedang,Normal,Rawan Pucuk (High Risk),> 1 Miliar,Di Atas VWAP (Kuat),Akumulasi Pro (Smart Money),Gorengan Sepi (< 5M),Ledakan Ekstrem (> 300%),Mark-Up (Fase Pesta),Normal,Normal,Naik 2 Hari Beruntun,TP: 106 | CL: 95,Normal,Tidak Ideal (< 1:1),Netral / Sideways,Sentimen Positif 📰,Normal / Sedang Transisi,Mendekati Fibo 23.6%,9,BELI,TIDAK ADA,2026-08-24 16:50:01,Biasa / Mengikuti Pasar
16:50,ALII,Token Mati (Perlu Update),Big Cap (Lapis 1),Overvalued (Mahal),28.948332,5.8329706,790.0,779,705,855,-1.8633540372670807,798600,Normal,52,Negatif,Uptrend,Bullish,Strong Bullish,Perfect Uptrend (5>20>50),Normal,Distribusi (Turun),Normal,Seimbang / Adu Mekanik,Normal,Tinggi,Normal,Rawan Pucuk (High Risk),< 1 Miliar,Di Bawah VWAP (Lemah),Distribusi Pro (Guyuran),Gorengan Sepi (< 5M),Normal (50-150%),Mark-Up (Fase Pesta),Normal,Normal,Turun 2 Hari Beruntun,TP: 848 | CL: 751,Normal,Tidak Ideal (< 1:1),Netral / Sideways,Netral / Sepi Berita,Normal / Sedang Transisi,Dekat Support Fibo 61.8% (Golden Ratio),4,WAIT & SEE,TIDAK ADA,2026-08-24 16:50:01,Biasa / Mengikuti Pasar
16:50,MKAP,Token Mati (Perlu Update),Mid Cap (Lapis 2),Overvalued (Mahal),129.87737,11.139265,1165.0,1166,1160,1170,0.0,50300,Normal,52,Negatif,Downtrend,Bearish,Bearish MACD,Konsolidasi / Transisi,Normal,Akumulasi (Naik),Normal,Dominan Jual (Guyur),Squeeze,Rendah,Normal,Dekat Support (Low Risk),< 1 Miliar,Persis di VWAP,Distribusi Pro (Guyuran),Gorengan Sepi (< 5M),Anomali Tinggi (150-300%),Distribution (Fase Jualan),Normal,Normal,Sideways / Stagnan,TP: 1172 | CL: 1160,Open = High (Tekanan Jual),Menengah (1:1),Netral / Sideways,Netral / Sepi Berita,Supply Kering (Siap Pump) 🏜️,Golden Rebound Fibo 50.0% 🎯,2,WAIT & SEE,TIDAK ADA,2026-08-24 16:50:01,Biasa / Mengikuti Pasar
16:50,MEJA,Token Mati (Perlu Update),Small Cap (Lapis 3),Overvalued (Mahal),0.0,4.1514215,118.0,108,90,136,-9.923664122137405,116917900,Tembus MA20,59,Negatif,Uptrend,Bullish,Strong Bullish,Perfect Uptrend (5>20>50),Distribusi Kuat,Akumulasi (Naik),Normal,Dominan Jual (Guyur),Normal,Tinggi,Normal,Rawan Pucuk (High Risk),> 1 Miliar,Di Bawah VWAP (Lemah),Distribusi Pro (Guyuran),Ritel Aktif (5M - 50M),Anomali Tinggi (150-300%),Mark-Up (Fase Pesta),Normal,Normal,Turun 1 Hari Beruntun,TP: 131 | CL: 108,Normal,Tidak Ideal (< 1:1),Death Cross (Awal Bearish),Sentimen Positif 📰,Normal / Sedang Transisi,Mengambang (Jauh dari Fibo),7,BELI,TIDAK ADA,2026-08-24 16:50:01,Biasa / Mengikuti Pasar
16:50,LIVE,Token Mati (Perlu Update),Small Cap (Lapis 3),Fair Value (Wajar),0.0,2.5857823,189.0,205,188,248,-1.5625,2012800,Normal,33,Negatif,Downtrend,Bearish,Strong Bearish,Strong Downtrend (5<20<50),Normal,Distribusi (Turun),Normal,Dominan Jual (Guyur),Bottom Rebound,Tinggi,Normal,Dekat Support (Low Risk),< 1 Miliar,Di Bawah VWAP (Lemah),Distribusi Pro (Guyuran),Gorengan Sepi (< 5M),Sepi (< 50%),Mark-Down (Fase Runtuh),Normal,Normal,Turun 5 Hari Beruntun,TP: 210 | CL: 174,Normal,Sangat Menarik (> 1:3),Oversold (Jenuh Jual - Peluang),Netral / Sepi Berita,Normal / Sedang Transisi,Golden Rebound Fibo Bottom / 100% 🎯,0,WAIT & SEE,TIDAK ADA,2026-08-24 16:50:01,Biasa / Mengikuti Pasar
16:50,HYGN,Token Mati (Perlu Update),Small Cap (Lapis 3),Fair Value (Wajar),0.0,2.6482973,178.0,168,158,179,1.7142857142857144,1103400,Normal,74,Positif,Uptrend,Bullish,Strong Bullish,Perfect Uptrend (5>20>50),Normal,Akumulasi (Naik),Normal,Dominan Beli (Hajar Kanan),Breakout Upper,Sedang,Normal,Rawan Pucuk (High Risk),< 1 Miliar,Di Atas VWAP (Kuat),Akumulasi Pro (Smart Money),Gorengan Sepi (< 5M),Normal (50-150%),Mark-Up (Fase Pesta),Spesialis Tiang Jemuran (Banting Pucuk),Normal,Naik 1 Hari Beruntun,TP: 184 | CL: 173,Normal,Tidak Ideal (< 1:1),Overbought (Jenuh Beli - Rawan),Sentimen Positif 📰,Normal / Sedang Transisi,Mengambang (Jauh dari Fibo),8,BELI,TIDAK ADA,2026-08-24 16:50:01,Biasa / Mengikuti Pasar
16:50,BAIK,Token Mati (Perlu Update),Small Cap (Lapis 3),Fair Value (Wajar),0.0,2.4746146,300.0,605,284,785,-5.063291139240507,57153700,Normal,16,Negatif,Downtrend,Bearish,Strong Bearish,Strong Downtrend (5<20<50),Normal,Akumulasi (Naik),Normal,Dominan Jual (Guyur),Normal,Tinggi,Normal,Area Tengah,> 1 Miliar,Di Bawah VWAP (Lemah),Distribusi Pro (Guyuran),Sultan (> 50M/hari),Sepi (< 50%),Mark-Down (Fase Runtuh),Normal,Normal,Turun 2 Hari Beruntun,TP: 389 | CL: 240,Normal,Sangat Menarik (> 1:3),Oversold (Jenuh Jual - Peluang),Netral / Sepi Berita,Supply Banjir (Distribusi) 🌊,Mendekati Fibo Bottom / 100%,1,WAIT & SEE,TIDAK ADA,2026-08-24 16:50:01,🔥 ANOMALI BANDAR (Siap Ledakan)
16:50,VISI,Token Mati (Perlu Update),Mid Cap (Lapis 2),Overvalued (Mahal),0.0,15.082067,895.0,912,800,1020,-3.2432432432432434,537600,Normal,46,Negatif,Downtrend,Bullish,Bearish MACD,Awal Reversal (5>20),Normal,Distribusi (Turun),Normal,Dominan Jual (Guyur),Normal,Tinggi,Normal,Rawan Pucuk (High Risk),< 1 Miliar,Di Bawah VWAP (Lemah),Distribusi Pro (Guyuran),Gorengan Sepi (< 5M),Normal (50-150%),Mark-Down (Fase Runtuh),Spesialis Tiang Jemuran (Banting Pucuk),Normal,Turun 1 Hari Beruntun,TP: 986 | CL: 834,Normal,Menengah (1:1),Netral / Sideways,Sentimen Positif 📰,Normal / Sedang Transisi,Dekat Support Fibo 61.8% (Golden Ratio),2,WAIT & SEE,TIDAK ADA,2026-08-24 16:50:01,Biasa / Mengikuti Pasar
16:50,AREA,Token Mati (Perlu Update),Small Cap (Lapis 3),Overvalued (Mahal),0.0,3.49414,338.0,280,246,346,19.014084507042252,15619500,Tembus MA20,72,Positif,Uptrend,Golden Cross,Strong Bullish,Perfect Uptrend (5>20>50),Akumulasi Kuat,Akumulasi (Naik),Normal,Dominan Beli (Hajar Kanan),Breakout Upper,Tinggi,Marubozu (Strong Bullish),Rawan Pucuk (High Risk),> 1 Miliar,Di Atas VWAP (Kuat),Akumulasi Pro (Smart Money),Gorengan Sepi (< 5M),Ledakan Ekstrem (> 300%),Mark-Up (Fase Pesta),Spesialis Tiang Jemuran (Banting Pucuk),Normal,Naik 2 Hari Beruntun,TP: 371 | CL: 315,Normal,Tidak Ideal (< 1:1),Netral / Sideways,Sentimen Positif 📰,Normal / Sedang Transisi,Mengambang (Jauh dari Fibo),10,BELI,TIDAK ADA,2026-08-24 16:50:01,⚠️ Anomali (Sudah Terbang)
16:50,MHKI,Token Mati (Perlu Update),Small Cap (Lapis 3),Fair Value (Wajar),21.331316,1.0847405,141.0,135,123,148,-1.3986013986013985,5348100,Tembus MA20,59,Negatif,Uptrend,Bullish,Strong Bullish,Perfect Uptrend (5>20>50),Normal,Akumulasi (Naik),Normal,Dominan Jual (Guyur),Normal,Sedang,Normal,Rawan Pucuk (High Risk),< 1 Miliar,Di Atas VWAP (Kuat),Akumulasi Pro (Smart Money),Gorengan Sepi (< 5M),Normal (50-150%),Mark-Up (Fase Pesta),Normal,Normal,Turun 1 Hari Beruntun,TP: 149 | CL: 135,Normal,Tidak Ideal (< 1:1),Netral / Sideways,Sentimen Positif 📰,Normal / Sedang Transisi,Dekat Support Fibo 23.6%,7,BELI,TIDAK ADA,2026-08-24 16:50:01,Biasa / Mengikuti Pasar
16:50,ATLA,Token Mati (Perlu Update),Small Cap (Lapis 3),Overvalued (Mahal),166.66666,1.8630301,50.0,50,50,52,0.0,299000,Normal,48,Negatif,Downtrend,Bearish,Strong Bearish,Konsolidasi / Transisi,Normal,Netral,Normal,Tidak Ada Transaksi,Squeeze,Rendah,Doji (Ragu-ragu),Dekat Support (Low Risk),< 1 Miliar,Persis di VWAP,Netral,Gorengan Sepi (< 5M),Sepi (< 50%),Sideways,Spesialis Tiang Jemuran (Banting Pucuk),Normal,Sideways / Stagnan,TP: 50 | CL: 49,Normal,Di Area Support,Oversold (Jenuh Jual - Peluang),Sentimen Positif 📰,Supply Kering (Siap Pump) 🏜️,Golden Rebound Fibo Bottom / 100% 🎯,1,WAIT & SEE,TIDAK ADA,2026-08-24 16:50:01,Biasa / Mengikuti Pasar
16:50,DATA,Token Mati (Perlu Update),Mid Cap (Lapis 2),Overvalued (Mahal),20.693027,6.3210287,1905.0,1951,1800,2090,-0.2617801047120419,1043000,Normal,44,Negatif,Downtrend,Bearish,Strong Bearish,Strong Downtrend (5<20<50),Normal,Distribusi (Turun),Normal,Dominan Jual (Guyur),Normal,Sedang,Doji (Ragu-ragu),Area Tengah,> 1 Miliar,Di Bawah VWAP (Lemah),Distribusi Pro (Guyuran),Gorengan Sepi (< 5M),Normal (50-150%),Mark-Down (Fase Runtuh),Normal,Normal,Turun 4 Hari Beruntun,TP: 1991 | CL: 1847,Normal,Ideal (1:2),Netral / Sideways,Netral / Sepi Berita,Normal / Sedang Transisi,Mendekati Fibo 50.0%,0,WAIT & SEE,TIDAK ADA,2026-08-24 16:50:01,Biasa / Mengikuti Pasar
16:50,SOLA,Token Mati (Perlu Update),Small Cap (Lapis 3),Fair Value (Wajar),0.0,1.6091357,93.0,94,87,110,1.0869565217391304,14182000,Normal,45,Positif,Downtrend,Bearish,Bullish MACD,Strong Downtrend (5<20<50),Normal,Akumulasi (Naik),Normal,Dominan Jual (Guyur),Normal,Tinggi,Doji (Ragu-ragu),Area Tengah,> 1 Miliar,Persis di VWAP,Distribusi Pro (Guyuran),Gorengan Sepi (< 5M),Normal (50-150%),Mark-Down (Fase Runtuh),Normal,Normal,Naik 1 Hari Beruntun,TP: 101 | CL: 87,Normal,Ideal (1:2),Golden Cross (Awal Bullish),Sentimen Positif 📰,Normal / Sedang Transisi,Dekat Support Fibo 61.8% (Golden Ratio),4,WAIT & SEE,TIDAK ADA,2026-08-24 16:50:01,Biasa / Mengikuti Pasar
16:50,BATR,Token Mati (Perlu Update),Small Cap (Lapis 3),Fair Value (Wajar),0.0,1.7554882,95.0,93,86,103,-3.061224489795918,1390800,Normal,55,Negatif,Uptrend,Bullish,Strong Bullish,Perfect Uptrend (5>20>50),Normal,Akumulasi (Naik),Normal,Dominan Jual (Guyur),Normal,Sedang,Normal,Rawan Pucuk (High Risk),< 1 Miliar,Di Bawah VWAP (Lemah),Distribusi Pro (Guyuran),Gorengan Sepi (< 5M),Normal (50-150%),Mark-Up (Fase Pesta),Spesialis Tiang Jemuran (Banting Pucuk),Normal,Turun 1 Hari Beruntun,TP: 101 | CL: 90,Open = High (Tekanan Jual),Tidak Ideal (< 1:1),Netral / Sideways,Sentimen Positif 📰,Normal / Sedang Transisi,Mendekati Fibo 38.2%,6,WAIT & SEE,TIDAK ADA,2026-08-24 16:50:01,Biasa / Mengikuti Pasar
16:50,SPRE,Token Mati (Perlu Update),Small Cap (Lapis 3),Fair Value (Wajar),0.0,1.4100757,88.0,89,79,99,-3.296703296703297,1339000,Normal,51,Negatif,Downtrend,Bullish,Bearish MACD,Perfect Uptrend (5>20>50),Normal,Akumulasi (Naik),Gap Down (-6.6%),Seimbang / Adu Mekanik,Normal,Sedang,Normal,Rawan Pucuk (High Risk),< 1 Miliar,Di Bawah VWAP (Lemah),Akumulasi Pro (Smart Money),Gorengan Sepi (< 5M),Normal (50-150%),Distribution (Fase Jualan),Normal,Normal,Turun 1 Hari Beruntun,TP: 98 | CL: 80,Normal,Menengah (1:1),Death Cross (Awal Bearish),Sentimen Positif 📰,Normal / Sedang Transisi,Mendekati Fibo 38.2%,4,WAIT & SEE,TIDAK ADA,2026-08-24 16:50:01,Biasa / Mengikuti Pasar
16:50,PART,Token Mati (Perlu Update),Small Cap (Lapis 3),Fair Value (Wajar),0.0,1.5074079,105.0,100,95,114,7.142857142857142,59112800,Tembus MA20,59,Positif,Uptrend,Bearish,Bullish MACD,Strong Downtrend (5<20<50),Akumulasi Kuat,Akumulasi (Naik),Normal,Seimbang / Adu Mekanik,Normal,Sedang,Normal,Rawan Pucuk (High Risk),> 1 Miliar,Persis di VWAP,Distribusi Pro (Guyuran),Gorengan Sepi (< 5M),Ledakan Ekstrem (> 300%),Accumulation (Kumpul Barang),Spesialis Tiang Jemuran (Banting Pucuk),Normal,Naik 2 Hari Beruntun,TP: 111 | CL: 100,Normal,Tidak Ideal (< 1:1),Netral / Sideways,Sentimen Positif 📰,Normal / Sedang Transisi,Dekat Support Fibo 23.6%,8,BELI,TIDAK ADA,2026-08-24 16:50:01,Biasa / Mengikuti Pasar
16:50,GOLF,Token Mati (Perlu Update),Mid Cap (Lapis 2),Overvalued (Mahal),59.854015,0.39846638,163.0,161,154,177,0.6172839506172839,1240300,Normal,50,Positif,Uptrend,Bearish,Strong Bearish,Strong Downtrend (5<20<50),Normal,Akumulasi (Naik),Normal,Seimbang / Adu Mekanik,Normal,Sedang,Normal,Area Tengah,< 1 Miliar,Persis di VWAP,Distribusi Pro (Guyuran),Gorengan Sepi (< 5M),Sepi (< 50%),Accumulation (Kumpul Barang),Spesialis Tiang Jemuran (Banting Pucuk),Normal,Naik 1 Hari Beruntun,TP: 175 | CL: 154,Normal,Ideal (1:2),Golden Cross (Awal Bullish),Netral / Sepi Berita,Normal / Sedang Transisi,Mendekati Fibo 38.2%,3,WAIT & SEE,TIDAK ADA,2026-08-24 16:50:01,Biasa / Mengikuti Pasar
16:50,ISEA,Token Mati (Perlu Update),Small Cap (Lapis 3),Fair Value (Wajar),0.0,0.6082458,82.0,81,76,96,-1.2048192771084338,8758300,Normal,54,Negatif,Uptrend,Bullish,Bearish MACD,Perfect Uptrend (5>20>50),Normal,Akumulasi (Naik),Normal,Dominan Jual (Guyur),Normal,Sedang,Normal,Area Tengah,< 1 Miliar,Di Bawah VWAP (Lemah),Distribusi Pro (Guyuran),Gorengan Sepi (< 5M),Sepi (< 50%),Mark-Up (Fase Pesta),Spesialis Tiang Jemuran (Banting Pucuk),Normal,Turun 1 Hari Beruntun,TP: 90 | CL: 76,Normal,Ideal (1:2),Netral / Sideways,Sentimen Positif 📰,Supply Kering (Siap Pump) 🏜️,Mendekati Fibo 38.2%,5,WAIT & SEE,TIDAK ADA,2026-08-24 16:50:01,Biasa / Mengikuti Pasar
16:50,BLES,Token Mati (Perlu Update),Mid Cap (Lapis 2),Undervalued (Murah),8.373206,1.4928662,208.0,201,161,230,-2.803738317757009,7674900,Normal,62,Negatif,Uptrend,Bullish,Bearish MACD,Perfect Uptrend (5>20>50),Normal,Distribusi (Turun),Normal,Dominan Jual (Guyur),Normal,Tinggi,Normal,Rawan Pucuk (High Risk),> 1 Miliar,Di Bawah VWAP (Lemah),Akumulasi Pro (Smart Money),Gorengan Sepi (< 5M),Normal (50-150%),Mark-Up (Fase Pesta),Normal,Normal,Turun 1 Hari Beruntun,TP: 226 | CL: 195,Open = High (Tekanan Jual),Tidak Ideal (< 1:1),Netral / Sideways,Sentimen Positif 📰,Normal / Sedang Transisi,Mendekati Fibo 23.6%,4,WAIT & SEE,TIDAK ADA,2026-08-24 16:50:01,Biasa / Mengikuti Pasar
16:50,GUNA,Token Mati (Perlu Update),Small Cap (Lapis 3),Fair Value (Wajar),0.0,0.8953213,218.0,206,192,236,0.0,181900,Normal,69,Negatif,Uptrend,Bullish,Strong Bullish,Perfect Uptrend (5>20>50),Normal,Distribusi (Turun),Normal,Seimbang / Adu Mekanik,Normal,Sedang,Doji (Ragu-ragu),Rawan Pucuk (High Risk),< 1 Miliar,Di Atas VWAP (Kuat),Distribusi Pro (Guyuran),Gorengan Sepi (< 5M),Sepi (< 50%),Mark-Up (Fase Pesta),Normal,Normal,Sideways / Stagnan,TP: 232 | CL: 208,Normal,Tidak Ideal (< 1:1),Netral / Sideways,Netral / Sepi Berita,Normal / Sedang Transisi,Mendekati Fibo 23.6%,4,WAIT & SEE,TIDAK ADA,2026-08-24 16:50:01,Biasa / Mengikuti Pasar
16:50,LABS,Token Mati (Perlu Update),Small Cap (Lapis 3),Overvalued (Mahal),0.0,4.2347245,168.0,160,146,204,-1.1764705882352942,1279300,Normal,62,Negatif,Uptrend,Bullish,Strong Bullish,Perfect Uptrend (5>20>50),Normal,Akumulasi (Naik),Normal,Seimbang / Adu Mekanik,Normal,Tinggi,Normal,Rawan Pucuk (High Risk),< 1 Miliar,Di Bawah VWAP (Lemah),Distribusi Pro (Guyuran),Gorengan Sepi (< 5M),Sepi (< 50%),Mark-Up (Fase Pesta),Normal,Normal,Turun 4 Hari Beruntun,TP: 178 | CL: 161,Open = High (Tekanan Jual),Ideal (1:2),Netral / Sideways,Netral / Sepi Berita,Normal / Sedang Transisi,Dekat Support Fibo 50.0%,5,WAIT & SEE,TIDAK ADA,2026-08-24 16:50:01,Biasa / Mengikuti Pasar
16:50,DOSS,Token Mati (Perlu Update),Small Cap (Lapis 3),Fair Value (Wajar),0.0,1.3331641,169.0,163,133,191,0.5952380952380952,1175300,Normal,63,Positif,Uptrend,Bullish,Bearish MACD,Perfect Uptrend (5>20>50),Normal,Distribusi (Turun),Normal,Seimbang / Adu Mekanik,Normal,Tinggi,Normal,Rawan Pucuk (High Risk),< 1 Miliar,Persis di VWAP,Distribusi Pro (Guyuran),Gorengan Sepi (< 5M),Sepi (< 50%),Mark-Up (Fase Pesta),Spesialis Tiang Jemuran (Banting Pucuk),Normal,Naik 1 Hari Beruntun,TP: 185 | CL: 157,Normal,Tidak Ideal (< 1:1),Netral / Sideways,Sentimen Positif 📰,Normal / Sedang Transisi,Mendekati Fibo 38.2%,5,WAIT & SEE,TIDAK ADA,2026-08-24 16:50:01,Biasa / Mengikuti Pasar
16:50,NEST,Token Mati (Perlu Update),Small Cap (Lapis 3),Overvalued (Mahal),116.357506,7.465109,690.0,695,595,775,0.0,1443300,Normal,56,Negatif,Downtrend,Bearish,Bearish MACD,Konsolidasi / Transisi,Normal,Akumulasi (Naik),Normal,Seimbang / Adu Mekanik,Normal,Tinggi,Doji (Ragu-ragu),Rawan Pucuk (High Risk),< 1 Miliar,Persis di VWAP,Akumulasi Pro (Smart Money),Gorengan Sepi (< 5M),Normal (50-150%),Distribution (Fase Jualan),Solid (Jarang Dibanting),Normal,Sideways / Stagnan,TP: 718 | CL: 671,Normal,Tidak Ideal (< 1:1),Golden Cross (Awal Bullish),Sentimen Positif 📰,Normal / Sedang Transisi,Mendekati Fibo 38.2%,3,WAIT & SEE,TIDAK ADA,2026-08-24 16:50:01,Biasa / Mengikuti Pasar
16:50,PTMR,Token Mati (Perlu Update),Small Cap (Lapis 3),Overvalued (Mahal),0.0,9.058322,374.0,374,374,374,0.0,0,Normal,0,Negatif,Downtrend,Bearish,Bearish MACD,Konsolidasi / Transisi,Normal,Netral,Normal,Tidak Ada Transaksi,Squeeze,Rendah,Doji (Ragu-ragu),Dekat Support (Low Risk),< 1 Miliar,Di Atas VWAP (Kuat),Netral,Gorengan Sepi (< 5M),Normal (50-150%),Sideways,Solid (Jarang Dibanting),Normal,Sideways / Stagnan,TP: 375 | CL: 373,Normal,Di Area Support,Oversold (Jenuh Jual - Peluang),Netral / Sepi Berita,Normal / Sedang Transisi,Normal / Sideways,0,WAIT & SEE,TIDAK ADA,2026-08-24 16:50:01,Biasa / Mengikuti Pasar
16:50,VERN,Token Mati (Perlu Update),Mid Cap (Lapis 2),Fair Value (Wajar),0.0,2.1601965,240.0,212,193,250,-2.4390243902439024,14013500,Tembus MA20,68,Negatif,Uptrend,Bullish,Strong Bullish,Perfect Uptrend (5>20>50),Normal,Akumulasi (Naik),Normal,Seimbang / Adu Mekanik,Normal,Tinggi,Normal,Rawan Pucuk (High Risk),> 1 Miliar,Di Atas VWAP (Kuat),Akumulasi Pro (Smart Money),Gorengan Sepi (< 5M),Normal (50-150%),Mark-Up (Fase Pesta),Normal,Normal,Turun 1 Hari Beruntun,TP: 260 | CL: 226,Normal,Tidak Ideal (< 1:1),Overbought (Jenuh Beli - Rawan),Netral / Sepi Berita,Normal / Sedang Transisi,Mengambang (Jauh dari Fibo),6,WAIT & SEE,TIDAK ADA,2026-08-24 16:50:01,Biasa / Mengikuti Pasar
16:50,DAAZ,Token Mati (Perlu Update),Mid Cap (Lapis 2),Fair Value (Wajar),12.739086,2.0757203,1730.0,1640,1485,1940,-0.8595988538681949,294100,Normal,59,Negatif,Uptrend,Bullish,Strong Bullish,Perfect Uptrend (5>20>50),Normal,Distribusi (Turun),Normal,Dominan Jual (Guyur),Normal,Tinggi,Normal,Rawan Pucuk (High Risk),< 1 Miliar,Di Bawah VWAP (Lemah),Distribusi Pro (Guyuran),Gorengan Sepi (< 5M),Sepi (< 50%),Mark-Up (Fase Pesta),Spesialis Tiang Jemuran (Banting Pucuk),Normal,Turun 2 Hari Beruntun,TP: 1906 | CL: 1612,Open = High (Tekanan Jual),Tidak Ideal (< 1:1),Death Cross (Awal Bearish),Sentimen Positif 📰,Normal / Sedang Transisi,Dekat Support Fibo 50.0%,5,WAIT & SEE,TIDAK ADA,2026-08-24 16:50:01,Biasa / Mengikuti Pasar
16:50,BOAT,Token Mati (Perlu Update),Small Cap (Lapis 3),Overvalued (Mahal),0.0,20428.57,141.0,136,120,157,0.0,3248000,Normal,66,Negatif,Uptrend,Bullish,Bearish MACD,Perfect Uptrend (5>20>50),Normal,Distribusi (Turun),Normal,Dominan Jual (Guyur),Normal,Sedang,Doji (Ragu-ragu),Rawan Pucuk (High Risk),< 1 Miliar,Persis di VWAP,Distribusi Pro (Guyuran),Gorengan Sepi (< 5M),Normal (50-150%),Mark-Up (Fase Pesta),Spesialis Tiang Jemuran (Banting Pucuk),Normal,Sideways / Stagnan,TP: 149 | CL: 135,Normal,Tidak Ideal (< 1:1),Netral / Sideways,Sentimen Positif 📰,Normal / Sedang Transisi,Dekat Support Fibo 23.6%,4,WAIT & SEE,TIDAK ADA,2026-08-24 16:50:01,Biasa / Mengikuti Pasar
16:50,NAIK,Token Mati (Perlu Update),Small Cap (Lapis 3),Fair Value (Wajar),10.777778,1.5151278,97.0,88,85,103,5.434782608695652,62333100,Tembus MA20,73,Positif,Uptrend,Bullish,Strong Bullish,Perfect Uptrend (5>20>50),Akumulasi Kuat,Akumulasi (Naik),Normal,Seimbang / Adu Mekanik,Breakout Upper,Sedang,Normal,Rawan Pucuk (High Risk),> 1 Miliar,Di Atas VWAP (Kuat),Distribusi Pro (Guyuran),Gorengan Sepi (< 5M),Ledakan Ekstrem (> 300%),Mark-Up (Fase Pesta),Spesialis Tiang Jemuran (Banting Pucuk),Normal,Naik 2 Hari Beruntun,TP: 102 | CL: 93,Open = Low (Bullish Kuat),Tidak Ideal (< 1:1),Netral / Sideways,Sentimen Positif 📰,Normal / Sedang Transisi,Mendekati Fibo 23.6%,9,BELI,TIDAK ADA,2026-08-24 16:50:01,Biasa / Mengikuti Pasar
16:50,AADI,Token Mati (Perlu Update),Big Cap (Lapis 1),Overvalued (Mahal),6.331225,22982.062,10175.0,9311,8750,10325,3.826530612244898,13777100,Tembus MA20,73,Positif,Uptrend,Bullish,Strong Bullish,Perfect Uptrend (5>20>50),Normal,Akumulasi (Naik),Normal,Dominan Beli (Hajar Kanan),Breakout Upper,Tinggi,Normal,Rawan Pucuk (High Risk),> 1 Miliar,Di Atas VWAP (Kuat),Akumulasi Pro (Smart Money),Sultan (> 50M/hari),Normal (50-150%),Mark-Up (Fase Pesta),Normal,Normal,Naik 1 Hari Beruntun,TP: 10619 | CL: 9878,Normal,Tidak Ideal (< 1:1),Overbought (Jenuh Beli - Rawan),Sentimen Positif 📰,Normal / Sedang Transisi,Mengambang (Jauh dari Fibo),9,BELI,TIDAK ADA,2026-08-24 16:50:01,Biasa / Mengikuti Pasar
16:50,MDIY,Token Mati (Perlu Update),Big Cap (Lapis 1),Overvalued (Mahal),19.945124,5.518474,945.0,930,895,970,0.5319148936170213,456600,Normal,56,Positif,Uptrend,Bullish,Bearish MACD,Perfect Uptrend (5>20>50),Normal,Distribusi (Turun),Normal,Dominan Jual (Guyur),Squeeze,Rendah,Doji (Ragu-ragu),Area Tengah,< 1 Miliar,Persis di VWAP,Distribusi Pro (Guyuran),Gorengan Sepi (< 5M),Normal (50-150%),Mark-Up (Fase Pesta),Spesialis Tiang Jemuran (Banting Pucuk),Normal,Naik 1 Hari Beruntun,TP: 972 | CL: 926,Normal,Tidak Ideal (< 1:1),Netral / Sideways,Sentimen Positif 📰,Normal / Sedang Transisi,Dekat Support Fibo 38.2%,5,WAIT & SEE,TIDAK ADA,2026-08-24 16:50:01,Biasa / Mengikuti Pasar
16:50,KSIX,Token Mati (Perlu Update),Small Cap (Lapis 3),Fair Value (Wajar),0.0,0.7198434,416.0,366,270,500,-1.4218009478672986,540100,Normal,73,Negatif,Uptrend,Bullish,Strong Bullish,Perfect Uptrend (5>20>50),Normal,Akumulasi (Naik),Normal,Seimbang / Adu Mekanik,Normal,Tinggi,Normal,Rawan Pucuk (High Risk),< 1 Miliar,Di Bawah VWAP (Lemah),Distribusi Pro (Guyuran),Gorengan Sepi (< 5M),Sepi (< 50%),Mark-Up (Fase Pesta),Spesialis Tiang Jemuran (Banting Pucuk),Normal,Turun 1 Hari Beruntun,TP: 471 | CL: 379,Normal,Tidak Ideal (< 1:1),Death Cross (Awal Bearish),Sentimen Positif 📰,Normal / Sedang Transisi,Dekat Support Fibo 38.2%,6,WAIT & SEE,TIDAK ADA,2026-08-24 16:50:01,Biasa / Mengikuti Pasar
16:50,RATU,Token Mati (Perlu Update),Big Cap (Lapis 1),Overvalued (Mahal),30.143179,209523.81,4390.0,4801,4110,5250,-0.45351473922902497,5855700,Normal,39,Negatif,Downtrend,Bearish,Strong Bearish,Strong Downtrend (5<20<50),Normal,Distribusi (Turun),Normal,Dominan Jual (Guyur),Normal,Tinggi,Normal,Area Tengah,> 1 Miliar,Persis di VWAP,Distribusi Pro (Guyuran),Ritel Aktif (5M - 50M),Normal (50-150%),Mark-Down (Fase Runtuh),Normal,Normal,Turun 1 Hari Beruntun,TP: 4693 | CL: 4187,Normal,Sangat Menarik (> 1:3),Golden Cross (Awal Bullish),Sentimen Positif 📰,Normal / Sedang Transisi,Mengambang (Jauh dari Fibo),1,WAIT & SEE,TIDAK ADA,2026-08-24 16:50:01,Biasa / Mengikuti Pasar
16:50,YOII,Token Mati (Perlu Update),Small Cap (Lapis 3),Fair Value (Wajar),0.0,1.2814102,82.0,83,80,87,-2.380952380952381,3090700,Normal,42,Negatif,Downtrend,Bullish,Strong Bearish,Awal Reversal (5>20),Normal,Distribusi (Turun),Normal,Dominan Jual (Guyur),Squeeze,Rendah,Normal,Dekat Support (Low Risk),< 1 Miliar,Di Bawah VWAP (Lemah),Akumulasi Pro (Smart Money),Gorengan Sepi (< 5M),Normal (50-150%),Mark-Down (Fase Runtuh),Normal,Normal,Turun 1 Hari Beruntun,TP: 86 | CL: 79,Open = High (Tekanan Jual),Ideal (1:2),Netral / Sideways,Netral / Sepi Berita,Normal / Sedang Transisi,Dekat Support Fibo 50.0%,1,WAIT & SEE,TIDAK ADA,2026-08-24 16:50:01,Biasa / Mengikuti Pasar
16:50,HGII,Token Mati (Perlu Update),Small Cap (Lapis 3),Fair Value (Wajar),0.0,1.0747142,125.0,122,118,143,1.6260162601626018,879100,Normal,54,Positif,Uptrend,Bullish,Strong Bullish,Awal Reversal (5>20),Normal,Akumulasi (Naik),Normal,Seimbang / Adu Mekanik,Normal,Sedang,Normal,Area Tengah,< 1 Miliar,Persis di VWAP,Distribusi Pro (Guyuran),Gorengan Sepi (< 5M),Sepi (< 50%),Accumulation (Kumpul Barang),Spesialis Tiang Jemuran (Banting Pucuk),Normal,Naik 1 Hari Beruntun,TP: 135 | CL: 118,Normal,Ideal (1:2),Golden Cross (Awal Bullish),Sentimen Positif 📰,Normal / Sedang Transisi,Mendekati Fibo 61.8% (Golden Ratio),7,BELI,TIDAK ADA,2026-08-24 16:50:01,Biasa / Mengikuti Pasar
16:50,BRRC,Token Mati (Perlu Update),Small Cap (Lapis 3),Fair Value (Wajar),0.0,0.8595656,74.0,63,55,101,-7.5,41587100,Normal,62,Negatif,Uptrend,Bullish,Strong Bullish,Perfect Uptrend (5>20>50),Normal,Akumulasi (Naik),Normal,Dominan Jual (Guyur),Normal,Tinggi,Normal,Rawan Pucuk (High Risk),> 1 Miliar,Di Bawah VWAP (Lemah),Distribusi Pro (Guyuran),Ritel Aktif (5M - 50M),Sepi (< 50%),Mark-Up (Fase Pesta),Normal,Normal,Turun 2 Hari Beruntun,TP: 85 | CL: 66,Open = High (Tekanan Jual),Menengah (1:1),Netral / Sideways,Sentimen Positif 📰,Supply Banjir (Distribusi) 🌊,Mengambang (Jauh dari Fibo),6,WAIT & SEE,TIDAK ADA,2026-08-24 16:50:01,Biasa / Mengikuti Pasar
16:50,DGWG,Token Mati (Perlu Update),Mid Cap (Lapis 2),Fair Value (Wajar),7.5233746,1.8229812,346.0,310,272,352,0.5813953488372093,17782200,Tembus MA20,76,Positif,Uptrend,Bullish,Strong Bullish,Perfect Uptrend (5>20>50),Normal,Akumulasi (Naik),Normal,Seimbang / Adu Mekanik,Normal,Tinggi,Normal,Rawan Pucuk (High Risk),> 1 Miliar,Di Atas VWAP (Kuat),Akumulasi Pro (Smart Money),Ritel Aktif (5M - 50M),Normal (50-150%),Mark-Up (Fase Pesta),Normal,Normal,Naik 3 Hari Beruntun,TP: 363 | CL: 334,Normal,Tidak Ideal (< 1:1),Overbought (Jenuh Beli - Rawan),Sentimen Positif 📰,Normal / Sedang Transisi,Mendekati Fibo 23.6%,8,BELI,TIDAK ADA,2026-08-24 16:50:01,Biasa / Mengikuti Pasar
16:50,CBDK,Token Mati (Perlu Update),Big Cap (Lapis 1),Fair Value (Wajar),8.660818,2.0668583,3880.0,3740,3360,4100,-1.2722646310432568,1530000,Normal,59,Negatif,Uptrend,Bullish,Strong Bullish,Perfect Uptrend (5>20>50),Normal,Akumulasi (Naik),Normal,Seimbang / Adu Mekanik,Normal,Tinggi,Normal,Rawan Pucuk (High Risk),> 1 Miliar,Persis di VWAP,Akumulasi Pro (Smart Money),Ritel Aktif (5M - 50M),Normal (50-150%),Mark-Up (Fase Pesta),Normal,Normal,Turun 1 Hari Beruntun,TP: 4075 | CL: 3750,Open = High (Tekanan Jual),Tidak Ideal (< 1:1),Death Cross (Awal Bearish),Sentimen Negatif ⚠️,Normal / Sedang Transisi,Dekat Support Fibo 23.6%,5,WAIT & SEE,TIDAK ADA,2026-08-24 16:50:01,Biasa / Mengikuti Pasar
16:50,OBAT,Token Mati (Perlu Update),Small Cap (Lapis 3),Fair Value (Wajar),0.0,1.1997184,242.0,243,232,260,-0.819672131147541,136200,Normal,48,Negatif,Downtrend,Bearish,Strong Bearish,Konsolidasi / Transisi,Normal,Akumulasi (Naik),Normal,Seimbang / Adu Mekanik,Squeeze,Rendah,Doji (Ragu-ragu),Area Tengah,< 1 Miliar,Persis di VWAP,Akumulasi Pro (Smart Money),Gorengan Sepi (< 5M),Normal (50-150%),Distribution (Fase Jualan),Normal,Jarum Bawah (Sinyal Pantulan Kuat),Turun 1 Hari Beruntun,TP: 253 | CL: 234,Normal,Ideal (1:2),Netral / Sideways,Sentimen Positif 📰,Normal / Sedang Transisi,Mendekati Fibo 50.0%,2,WAIT & SEE,TIDAK ADA,2026-08-24 16:50:01,Biasa / Mengikuti Pasar
16:50,MINE,Token Mati (Perlu Update),Small Cap (Lapis 3),Undervalued (Murah),5.6271977,1.0052819,240.0,230,210,258,0.0,541900,Normal,61,Negatif,Uptrend,Bullish,Strong Bullish,Perfect Uptrend (5>20>50),Normal,Akumulasi (Naik),Normal,Seimbang / Adu Mekanik,Normal,Sedang,Doji (Ragu-ragu),Rawan Pucuk (High Risk),< 1 Miliar,Di Atas VWAP (Kuat),Akumulasi Pro (Smart Money),Gorengan Sepi (< 5M),Sepi (< 50%),Mark-Up (Fase Pesta),Normal,Jarum Bawah (Sinyal Pantulan Kuat),Sideways / Stagnan,TP: 254 | CL: 230,Normal,Tidak Ideal (< 1:1),Netral / Sideways,Sentimen Positif 📰,Normal / Sedang Transisi,Golden Rebound Fibo 50.0% 🎯,6,WAIT & SEE,TIDAK ADA,2026-08-24 16:50:01,Biasa / Mengikuti Pasar
16:50,ASPR,Token Mati (Perlu Update),Small Cap (Lapis 3),Fair Value (Wajar),0.0,2.3103168,151.0,152,126,167,-4.430379746835443,28122900,Normal,46,Negatif,Downtrend,Bullish,Strong Bullish,Awal Reversal (5>20),Normal,Distribusi (Turun),Normal,Dominan Jual (Guyur),Normal,Sedang,Normal,Rawan Pucuk (High Risk),> 1 Miliar,Di Bawah VWAP (Lemah),Distribusi Pro (Guyuran),Ritel Aktif (5M - 50M),Normal (50-150%),Mark-Down (Fase Runtuh),Normal,Normal,Turun 2 Hari Beruntun,TP: 163 | CL: 142,Normal,Tidak Ideal (< 1:1),Netral / Sideways,Netral / Sepi Berita,Normal / Sedang Transisi,Mengambang (Jauh dari Fibo),2,WAIT & SEE,TIDAK ADA,2026-08-24 16:50:01,Biasa / Mengikuti Pasar
16:50,PSAT,Token Mati (Perlu Update),Mid Cap (Lapis 2),Fair Value (Wajar),0.0,1.0210681,900.0,883,815,945,0.0,147300,Tembus MA20,62,Negatif,Uptrend,Bullish,Bearish MACD,Perfect Uptrend (5>20>50),Normal,Akumulasi (Naik),Normal,Dominan Beli (Hajar Kanan),Normal,Sedang,Normal,Rawan Pucuk (High Risk),< 1 Miliar,Persis di VWAP,Akumulasi Pro (Smart Money),Gorengan Sepi (< 5M),Anomali Tinggi (150-300%),Mark-Up (Fase Pesta),Normal,Normal,Sideways / Stagnan,TP: 949 | CL: 867,Normal,Tidak Ideal (< 1:1),Death Cross (Awal Bearish),Sentimen Positif 📰,Normal / Sedang Transisi,Mendekati Fibo 23.6%,7,BELI,TIDAK ADA,2026-08-24 16:50:01,Biasa / Mengikuti Pasar
16:50,COIN,Token Mati (Perlu Update),Big Cap (Lapis 1),Overvalued (Mahal),0.0,8.222884,845.0,713,620,1095,1.1976047904191618,83000900,Tembus MA20,63,Positif,Uptrend,Bullish,Strong Bullish,Perfect Uptrend (5>20>50),Distribusi Kuat,Distribusi (Turun),Normal,Dominan Jual (Guyur),Breakout Upper,Tinggi,Doji (Ragu-ragu),Rawan Pucuk (High Risk),> 1 Miliar,Di Bawah VWAP (Lemah),Distribusi Pro (Guyuran),Sultan (> 50M/hari),Normal (50-150%),Mark-Up (Fase Pesta),Normal,Normal,Naik 1 Hari Beruntun,TP: 954 | CL: 771,Normal,Menengah (1:1),Netral / Sideways,Sentimen Positif 📰,Supply Banjir (Distribusi) 🌊,Dekat Support Fibo 50.0%,7,BELI,TIDAK ADA,2026-08-24 16:50:01,Biasa / Mengikuti Pasar
16:50,CDIA,Token Mati (Perlu Update),Big Cap (Lapis 1),Overvalued (Mahal),67.46032,84999.99,690.0,684,630,735,-2.8169014084507045,58922400,Tembus MA20,51,Negatif,Uptrend,Bullish,Strong Bullish,Perfect Uptrend (5>20>50),Normal,Akumulasi (Naik),Normal,Dominan Jual (Guyur),Normal,Sedang,Normal,Area Tengah,> 1 Miliar,Di Bawah VWAP (Lemah),Distribusi Pro (Guyuran),Ritel Aktif (5M - 50M),Normal (50-150%),Mark-Up (Fase Pesta),Spesialis Tiang Jemuran (Banting Pucuk),Normal,Turun 1 Hari Beruntun,TP: 733 | CL: 660,Normal,Tidak Ideal (< 1:1),Netral / Sideways,Netral / Sepi Berita,Normal / Sedang Transisi,Mengambang (Jauh dari Fibo),6,WAIT & SEE,TIDAK ADA,2026-08-24 16:50:01,Biasa / Mengikuti Pasar
16:50,BLOG,Token Mati (Perlu Update),Mid Cap (Lapis 2),Fair Value (Wajar),8.553515,2.0583339,382.0,371,340,388,0.0,357800,Normal,59,Negatif,Uptrend,Bullish,Bearish MACD,Perfect Uptrend (5>20>50),Normal,Distribusi (Turun),Normal,Dominan Beli (Hajar Kanan),Normal,Sedang,Doji (Ragu-ragu),Rawan Pucuk (High Risk),< 1 Miliar,Persis di VWAP,Akumulasi Pro (Smart Money),Gorengan Sepi (< 5M),Normal (50-150%),Mark-Up (Fase Pesta),Normal,Jarum Bawah (Sinyal Pantulan Kuat),Sideways / Stagnan,TP: 395 | CL: 373,Normal,Tidak Ideal (< 1:1),Overbought (Jenuh Beli - Rawan),Sentimen Positif 📰,Normal / Sedang Transisi,Golden Rebound Fibo 23.6% 🎯,5,WAIT & SEE,TIDAK ADA,2026-08-24 16:50:01,Biasa / Mengikuti Pasar
16:50,MERI,Token Mati (Perlu Update),Small Cap (Lapis 3),Fair Value (Wajar),0.0,2.861633,122.0,113,99,140,-1.6129032258064515,4729900,Normal,62,Negatif,Uptrend,Bullish,Strong Bullish,Perfect Uptrend (5>20>50),Normal,Akumulasi (Naik),Normal,Dominan Jual (Guyur),Normal,Tinggi,Normal,Rawan Pucuk (High Risk),< 1 Miliar,Di Bawah VWAP (Lemah),Distribusi Pro (Guyuran),Gorengan Sepi (< 5M),Sepi (< 50%),Mark-Up (Fase Pesta),Spesialis Tiang Jemuran (Banting Pucuk),Normal,Turun 1 Hari Beruntun,TP: 140 | CL: 109,Normal,Tidak Ideal (< 1:1),Death Cross (Awal Bearish),Sentimen Positif 📰,Normal / Sedang Transisi,Dekat Support Fibo 38.2%,6,WAIT & SEE,TIDAK ADA,2026-08-24 16:50:01,Biasa / Mengikuti Pasar
16:50,KAQI,Token Mati (Perlu Update),Small Cap (Lapis 3),Fair Value (Wajar),0.0,1.555714,97.0,94,86,106,-2.0202020202020203,33891400,Normal,57,Negatif,Uptrend,Bullish,Strong Bullish,Perfect Uptrend (5>20>50),Normal,Akumulasi (Naik),Normal,Seimbang / Adu Mekanik,Normal,Sedang,Normal,Rawan Pucuk (High Risk),> 1 Miliar,Persis di VWAP,Distribusi Pro (Guyuran),Gorengan Sepi (< 5M),Normal (50-150%),Mark-Up (Fase Pesta),Normal,Normal,Turun 1 Hari Beruntun,TP: 104 | CL: 92,Normal,Tidak Ideal (< 1:1),Netral / Sideways,Netral / Sepi Berita,Normal / Sedang Transisi,Mendekati Fibo 38.2%,5,WAIT & SEE,TIDAK ADA,2026-08-24 16:50:01,Biasa / Mengikuti Pasar
16:50,YUPI,Token Mati (Perlu Update),Big Cap (Lapis 1),Overvalued (Mahal),19.723326,7.071025,1440.0,1307,1265,1500,8.679245283018867,793000,Tembus MA20,69,Positif,Uptrend,Golden Cross,Strong Bullish,Awal Reversal (5>20),Akumulasi Kuat,Akumulasi (Naik),Normal,Seimbang / Adu Mekanik,Breakout Upper,Sedang,Normal,Rawan Pucuk (High Risk),> 1 Miliar,Di Atas VWAP (Kuat),Akumulasi Pro (Smart Money),Gorengan Sepi (< 5M),Ledakan Ekstrem (> 300%),Accumulation (Kumpul Barang),Normal,Normal,Naik 3 Hari Beruntun,TP: 1491 | CL: 1405,Normal,Tidak Ideal (< 1:1),Netral / Sideways,Sentimen Positif 📰,Normal / Sedang Transisi,Dekat Support Fibo 61.8% (Golden Ratio),9,BELI,TIDAK ADA,2026-08-24 16:50:01,Biasa / Mengikuti Pasar
16:50,FORE,Token Mati (Perlu Update),Mid Cap (Lapis 2),Overvalued (Mahal),68.80342,9.732095,800.0,756,610,875,-3.614457831325301,9096500,Normal,59,Negatif,Uptrend,Bullish,Strong Bullish,Perfect Uptrend (5>20>50),Normal,Akumulasi (Naik),Normal,Dominan Jual (Guyur),Normal,Tinggi,Normal,Rawan Pucuk (High Risk),> 1 Miliar,Di Bawah VWAP (Lemah),Distribusi Pro (Guyuran),Ritel Aktif (5M - 50M),Normal (50-150%),Mark-Up (Fase Pesta),Spesialis Tiang Jemuran (Banting Pucuk),Normal,Turun 1 Hari Beruntun,TP: 868 | CL: 754,Normal,Tidak Ideal (< 1:1),Death Cross (Awal Bearish),Sentimen Positif 📰,Normal / Sedang Transisi,Mendekati Fibo 38.2%,6,WAIT & SEE,TIDAK ADA,2026-08-24 16:50:01,Biasa / Mengikuti Pasar
16:50,MDLA,Token Mati (Perlu Update),Mid Cap (Lapis 2),Undervalued (Murah),7.07002,0.94785005,208.0,209,200,214,0.9708737864077669,1424100,Tembus MA20,49,Positif,Downtrend,Bearish,Bearish MACD,Konsolidasi / Transisi,Normal,Distribusi (Turun),Normal,Seimbang / Adu Mekanik,Squeeze,Rendah,Normal,Area Tengah,< 1 Miliar,Persis di VWAP,Distribusi Pro (Guyuran),Gorengan Sepi (< 5M),Normal (50-150%),Distribution (Fase Jualan),Normal,Normal,Naik 1 Hari Beruntun,TP: 214 | CL: 204,Open = Low (Bullish Kuat),Tidak Ideal (< 1:1),Netral / Sideways,Sentimen Positif 📰,Normal / Sedang Transisi,Mendekati Fibo 38.2%,3,WAIT & SEE,TIDAK ADA,2026-08-24 16:50:01,Biasa / Mengikuti Pasar
16:50,DKHH,Token Mati (Perlu Update),Small Cap (Lapis 3),Fair Value (Wajar),0.0,0.79697627,66.0,63,60,70,3.125,55094400,Tembus MA20,64,Positif,Uptrend,Bullish,Strong Bullish,Perfect Uptrend (5>20>50),Akumulasi Kuat,Akumulasi (Naik),Normal,Seimbang / Adu Mekanik,Squeeze,Rendah,Normal,Rawan Pucuk (High Risk),> 1 Miliar,Persis di VWAP,Distribusi Pro (Guyuran),Gorengan Sepi (< 5M),Ledakan Ekstrem (> 300%),Mark-Up (Fase Pesta),Spesialis Tiang Jemuran (Banting Pucuk),Normal,Naik 1 Hari Beruntun,TP: 70 | CL: 63,Open = Low (Bullish Kuat),Tidak Ideal (< 1:1),Netral / Sideways,Sentimen Positif 📰,Normal / Sedang Transisi,Mendekati Fibo 38.2%,9,BELI,TIDAK ADA,2026-08-24 16:50:01,Biasa / Mengikuti Pasar
16:50,AYLS,Token Mati (Perlu Update),Small Cap (Lapis 3),Overvalued (Mahal),0.0,3.9937582,151.0,156,145,190,-1.3071895424836601,1875500,Normal,46,Negatif,Downtrend,Bearish,Bearish MACD,Konsolidasi / Transisi,Normal,Distribusi (Turun),Normal,Seimbang / Adu Mekanik,Normal,Sedang,Normal,Area Tengah,< 1 Miliar,Di Bawah VWAP (Lemah),Distribusi Pro (Guyuran),Gorengan Sepi (< 5M),Anomali Tinggi (150-300%),Distribution (Fase Jualan),Normal,Normal,Turun 3 Hari Beruntun,TP: 160 | CL: 144,Normal,Sangat Menarik (> 1:3),Oversold (Jenuh Jual - Peluang),Sentimen Positif 📰,Normal / Sedang Transisi,Golden Rebound Fibo 50.0% 🎯,1,WAIT & SEE,TIDAK ADA,2026-08-24 16:50:01,Biasa / Mengikuti Pasar
16:50,DADA,Token Mati (Perlu Update),Small Cap (Lapis 3),Undervalued (Murah),14.947683,1.0235415,50.0,50,50,50,0.0,56100,Normal,0,Negatif,Downtrend,Bearish,Bearish MACD,Konsolidasi / Transisi,Normal,Netral,Normal,Tidak Ada Transaksi,Squeeze,Rendah,Doji (Ragu-ragu),Dekat Support (Low Risk),< 1 Miliar,Persis di VWAP,Netral,Gorengan Sepi (< 5M),Sepi (< 50%),Sideways,Solid (Jarang Dibanting),Normal,Sideways / Stagnan,TP: 51 | CL: 49,Normal,Di Area Support,Oversold (Jenuh Jual - Peluang),Netral / Sepi Berita,Supply Kering (Siap Pump) 🏜️,Normal / Sideways,0,WAIT & SEE,TIDAK ADA,2026-08-24 16:50:01,Biasa / Mengikuti Pasar
16:50,ASPI,Token Mati (Perlu Update),Small Cap (Lapis 3),Overvalued (Mahal),0.0,5.2343497,372.0,403,358,438,-3.6269430051813467,1144200,Tembus MA20,37,Negatif,Downtrend,Bearish,Strong Bearish,Konsolidasi / Transisi,Normal,Distribusi (Turun),Normal,Seimbang / Adu Mekanik,Normal,Tinggi,Normal,Area Tengah,< 1 Miliar,Di Bawah VWAP (Lemah),Akumulasi Pro (Smart Money),Gorengan Sepi (< 5M),Anomali Tinggi (150-300%),Distribution (Fase Jualan),Spesialis Tiang Jemuran (Banting Pucuk),Normal,Turun 1 Hari Beruntun,TP: 399 | CL: 353,Open = High (Tekanan Jual),Sangat Menarik (> 1:3),Netral / Sideways,Sentimen Positif 📰,Normal / Sedang Transisi,Mengambang (Jauh dari Fibo),2,WAIT & SEE,TIDAK ADA,2026-08-24 16:50:01,Biasa / Mengikuti Pasar
16:50,ESTA,Token Mati (Perlu Update),Small Cap (Lapis 3),Fair Value (Wajar),0.0,2.3924434,174.0,179,165,200,1.1627906976744187,954700,Tembus MA20,45,Positif,Downtrend,Bearish,Strong Bearish,Strong Downtrend (5<20<50),Normal,Akumulasi (Naik),Gap Up (+2.3%),Seimbang / Adu Mekanik,Normal,Tinggi,Normal,Area Tengah,< 1 Miliar,Persis di VWAP,Distribusi Pro (Guyuran),Gorengan Sepi (< 5M),Normal (50-150%),Mark-Down (Fase Runtuh),Spesialis Tiang Jemuran (Banting Pucuk),Normal,Naik 1 Hari Beruntun,TP: 184 | CL: 166,Normal,Ideal (1:2),Golden Cross (Awal Bullish),Sentimen Positif 📰,Normal / Sedang Transisi,Dekat Support Fibo 78.6%,5,WAIT & SEE,TIDAK ADA,2026-08-24 16:50:01,Biasa / Mengikuti Pasar
16:50,BESS,Token Mati (Perlu Update),Mid Cap (Lapis 2),Overvalued (Mahal),288.162,4.9765162,925.0,899,760,965,-2.1164021164021163,465800,Tembus MA20,54,Negatif,Uptrend,Bullish,Strong Bullish,Awal Reversal (5>20),Distribusi Kuat,Distribusi (Turun),Normal,Dominan Beli (Hajar Kanan),Normal,Sedang,Hammer (Potensi Reversal),Rawan Pucuk (High Risk),< 1 Miliar,Di Atas VWAP (Kuat),Akumulasi Pro (Smart Money),Gorengan Sepi (< 5M),Anomali Tinggi (150-300%),Accumulation (Kumpul Barang),Spesialis Tiang Jemuran (Banting Pucuk),Jarum Bawah (Sinyal Pantulan Kuat),Turun 1 Hari Beruntun,TP: 1001 | CL: 874,Open = High (Tekanan Jual),Tidak Ideal (< 1:1),Death Cross (Awal Bearish),Sentimen Positif 📰,Normal / Sedang Transisi,Golden Rebound Fibo 61.8% (Golden Ratio) 🎯,7,BELI,TIDAK ADA,2026-08-24 16:50:01,Biasa / Mengikuti Pasar
16:50,AMAN,Token Mati (Perlu Update),Small Cap (Lapis 3),Fair Value (Wajar),19.269104,1.0575306,232.0,246,230,262,-1.694915254237288,364400,Tembus MA20,29,Negatif,Downtrend,Bearish,Strong Bearish,Strong Downtrend (5<20<50),Normal,Distribusi (Turun),Normal,Dominan Jual (Guyur),Bottom Rebound,Sedang,Normal,Dekat Support (Low Risk),< 1 Miliar,Di Bawah VWAP (Lemah),Distribusi Pro (Guyuran),Gorengan Sepi (< 5M),Anomali Tinggi (150-300%),Mark-Down (Fase Runtuh),Normal,Normal,Turun 1 Hari Beruntun,TP: 244 | CL: 223,Normal,Sangat Menarik (> 1:3),Oversold (Jenuh Jual - Peluang),Sentimen Positif 📰,Normal / Sedang Transisi,Golden Rebound Fibo 61.8% (Golden Ratio) 🎯,2,WAIT & SEE,TIDAK ADA,2026-08-24 16:50:01,Biasa / Mengikuti Pasar
16:50,CARE,Token Mati (Perlu Update),Big Cap (Lapis 1),Overvalued (Mahal),2433.3333,4.815409,438.0,425,412,444,-0.45454545454545453,77600,Normal,71,Negatif,Uptrend,Bullish,Strong Bullish,Perfect Uptrend (5>20>50),Normal,Akumulasi (Naik),Normal,Seimbang / Adu Mekanik,Squeeze,Rendah,Normal,Area Tengah,< 1 Miliar,Di Atas VWAP (Kuat),Akumulasi Pro (Smart Money),Gorengan Sepi (< 5M),Normal (50-150%),Mark-Up (Fase Pesta),Normal,Normal,Turun 1 Hari Beruntun,TP: 450 | CL: 429,Open = High (Tekanan Jual),Tidak Ideal (< 1:1),Death Cross (Awal Bearish),Sentimen Negatif ⚠️,Normal / Sedang Transisi,Dekat Support Fibo 23.6%,5,WAIT & SEE,TIDAK ADA,2026-08-24 16:50:01,Biasa / Mengikuti Pasar
16:50,PIPA,Token Mati (Perlu Update),Small Cap (Lapis 3),Overvalued (Mahal),0.0,10.779657,202.0,130,111,218,12.849162011173185,1019535900,Tembus MA20,87,Positif,Uptrend,Bullish,Strong Bullish,Perfect Uptrend (5>20>50),Akumulasi Kuat,Akumulasi (Naik),Normal,Seimbang / Adu Mekanik,Breakout Upper,Tinggi,Normal,Rawan Pucuk (High Risk),> 1 Miliar,Di Atas VWAP (Kuat),Akumulasi Pro (Smart Money),Sultan (> 50M/hari),Anomali Tinggi (150-300%),Mark-Up (Fase Pesta),Normal,Normal,Naik 4 Hari Beruntun,TP: 225 | CL: 186,Open = Low (Bullish Kuat),Tidak Ideal (< 1:1),Netral / Sideways,Sentimen Positif 📰,Normal / Sedang Transisi,Mengambang (Jauh dari Fibo),9,BELI,TIDAK ADA,2026-08-24 16:50:01,⚠️ Anomali (Sudah Terbang)
16:50,NCKL,Token Mati (Perlu Update),Big Cap (Lapis 1),Undervalued (Murah),5.6136622,1.3639215,955.0,918,830,975,0.0,29522300,Normal,63,Negatif,Uptrend,Bullish,Bearish MACD,Perfect Uptrend (5>20>50),Normal,Akumulasi (Naik),Normal,Dominan Jual (Guyur),Normal,Tinggi,Normal,Rawan Pucuk (High Risk),> 1 Miliar,Persis di VWAP,Distribusi Pro (Guyuran),Ritel Aktif (5M - 50M),Normal (50-150%),Mark-Up (Fase Pesta),Normal,Normal,Sideways / Stagnan,TP: 1000 | CL: 925,Normal,Tidak Ideal (< 1:1),Death Cross (Awal Bearish),Sentimen Positif 📰,Normal / Sedang Transisi,Mendekati Fibo 23.6%,5,WAIT & SEE,TIDAK ADA,2026-08-24 16:50:01,Biasa / Mengikuti Pasar
16:50,MENN,Token Mati (Perlu Update),Small Cap (Lapis 3),Fair Value (Wajar),0.0,1.9389771,53.0,53,53,53,0.0,0,Normal,0,Negatif,Downtrend,Bearish,Bearish MACD,Konsolidasi / Transisi,Normal,Netral,Normal,Tidak Ada Transaksi,Squeeze,Rendah,Doji (Ragu-ragu),Dekat Support (Low Risk),< 1 Miliar,Di Atas VWAP (Kuat),Netral,Gorengan Sepi (< 5M),Normal (50-150%),Sideways,Solid (Jarang Dibanting),Normal,Sideways / Stagnan,TP: 54 | CL: 52,Normal,Di Area Support,Oversold (Jenuh Jual - Peluang),Netral / Sepi Berita,Normal / Sedang Transisi,Normal / Sideways,0,WAIT & SEE,TIDAK ADA,2026-08-24 16:50:01,Biasa / Mengikuti Pasar
16:50,AWAN,Token Mati (Perlu Update),Small Cap (Lapis 3),Overvalued (Mahal),0.0,7.8573446,167.0,159,141,183,-0.5952380952380952,1246100,Normal,61,Negatif,Uptrend,Bullish,Strong Bullish,Perfect Uptrend (5>20>50),Normal,Akumulasi (Naik),Normal,Seimbang / Adu Mekanik,Normal,Sedang,Doji (Ragu-ragu),Rawan Pucuk (High Risk),< 1 Miliar,Persis di VWAP,Akumulasi Pro (Smart Money),Gorengan Sepi (< 5M),Sepi (< 50%),Mark-Up (Fase Pesta),Normal,Normal,Turun 2 Hari Beruntun,TP: 179 | CL: 158,Normal,Tidak Ideal (< 1:1),Netral / Sideways,Sentimen Negatif ⚠️,Normal / Sedang Transisi,Mendekati Fibo 38.2%,5,WAIT & SEE,TIDAK ADA,2026-08-24 16:50:01,Biasa / Mengikuti Pasar
16:50,MBMA,Token Mati (Perlu Update),Big Cap (Lapis 1),Overvalued (Mahal),54.642166,37666.668,565.0,527,474,585,0.0,90212600,Normal,60,Negatif,Uptrend,Bullish,Strong Bullish,Perfect Uptrend (5>20>50),Normal,Akumulasi (Naik),Normal,Dominan Jual (Guyur),Normal,Tinggi,Normal,Rawan Pucuk (High Risk),> 1 Miliar,Di Atas VWAP (Kuat),Distribusi Pro (Guyuran),Sultan (> 50M/hari),Normal (50-150%),Mark-Up (Fase Pesta),Spesialis Tiang Jemuran (Banting Pucuk),Normal,Sideways / Stagnan,TP: 612 | CL: 533,Normal,Tidak Ideal (< 1:1),Death Cross (Awal Bearish),Netral / Sepi Berita,Normal / Sedang Transisi,Mendekati Fibo 23.6%,5,WAIT & SEE,TIDAK ADA,2026-08-24 16:50:01,Biasa / Mengikuti Pasar
16:50,RAAM,Token Mati (Perlu Update),Mid Cap (Lapis 2),Fair Value (Wajar),0.0,1.056673,190.0,196,181,218,-2.564102564102564,723700,Normal,44,Negatif,Downtrend,Bearish,Strong Bearish,Strong Downtrend (5<20<50),Normal,Akumulasi (Naik),Normal,Dominan Jual (Guyur),Normal,Tinggi,Normal,Area Tengah,< 1 Miliar,Persis di VWAP,Akumulasi Pro (Smart Money),Gorengan Sepi (< 5M),Sepi (< 50%),Mark-Down (Fase Runtuh),Normal,Normal,Turun 1 Hari Beruntun,TP: 201 | CL: 182,Normal,Sangat Menarik (> 1:3),Netral / Sideways,Netral / Sepi Berita,Normal / Sedang Transisi,Dekat Support Fibo 61.8% (Golden Ratio),1,WAIT & SEE,TIDAK ADA,2026-08-24 16:50:01,Biasa / Mengikuti Pasar
16:50,DOOH,Token Mati (Perlu Update),Mid Cap (Lapis 2),Overvalued (Mahal),97.8979,10.144071,326.0,264,169,356,0.0,0,Normal,76,Negatif,Uptrend,Bullish,Strong Bullish,Perfect Uptrend (5>20>50),Normal,Akumulasi (Naik),Normal,Tidak Ada Transaksi,Normal,Tinggi,Doji (Ragu-ragu),Rawan Pucuk (High Risk),< 1 Miliar,Di Atas VWAP (Kuat),Akumulasi Pro (Smart Money),Sultan (> 50M/hari),Sepi (< 50%),Mark-Up (Fase Pesta),Normal,Normal,Sideways / Stagnan,TP: 364 | CL: 300,Normal,Tidak Ideal (< 1:1),Death Cross (Awal Bearish),Netral / Sepi Berita,Normal / Sedang Transisi,Mengambang (Jauh dari Fibo),5,WAIT & SEE,TIDAK ADA,2026-08-24 16:50:01,Biasa / Mengikuti Pasar
16:50,CGAS,Token Mati (Perlu Update),Small Cap (Lapis 3),Undervalued (Murah),11.603053,1.00391,152.0,152,147,162,1.3333333333333335,3583200,Tembus MA20,51,Positif,Downtrend,Bearish,Strong Bearish,Konsolidasi / Transisi,Normal,Distribusi (Turun),Normal,Seimbang / Adu Mekanik,Squeeze,Rendah,Normal,Area Tengah,< 1 Miliar,Persis di VWAP,Distribusi Pro (Guyuran),Gorengan Sepi (< 5M),Normal (50-150%),Distribution (Fase Jualan),Spesialis Tiang Jemuran (Banting Pucuk),Normal,Naik 1 Hari Beruntun,TP: 157 | CL: 148,Normal,Ideal (1:2),Netral / Sideways,Netral / Sepi Berita,Normal / Sedang Transisi,Dekat Support Fibo 61.8% (Golden Ratio),3,WAIT & SEE,TIDAK ADA,2026-08-24 16:50:01,Biasa / Mengikuti Pasar
16:50,NICE,Token Mati (Perlu Update),Mid Cap (Lapis 2),Overvalued (Mahal),0.0,7.864154,272.0,258,240,280,0.7407407407407408,1239700,Tembus MA20,60,Positif,Uptrend,Bullish,Strong Bullish,Awal Reversal (5>20),Normal,Akumulasi (Naik),Gap Up (+3.0%),Seimbang / Adu Mekanik,Normal,Sedang,Normal,Rawan Pucuk (High Risk),< 1 Miliar,Di Atas VWAP (Kuat),Akumulasi Pro (Smart Money),Gorengan Sepi (< 5M),Normal (50-150%),Accumulation (Kumpul Barang),Normal,Normal,Naik 1 Hari Beruntun,TP: 290 | CL: 260,Open = High (Tekanan Jual),Tidak Ideal (< 1:1),Netral / Sideways,Netral / Sepi Berita,Normal / Sedang Transisi,Dekat Support Fibo 38.2%,8,BELI,TIDAK ADA,2026-08-24 16:50:01,Biasa / Mengikuti Pasar
16:50,MSJA,Token Mati (Perlu Update),Mid Cap (Lapis 2),Overvalued (Mahal),27.074234,31000.0,434.0,417,390,458,-0.91324200913242,11487300,Normal,57,Negatif,Uptrend,Bullish,Strong Bullish,Perfect Uptrend (5>20>50),Normal,Akumulasi (Naik),Normal,Seimbang / Adu Mekanik,Normal,Tinggi,Normal,Rawan Pucuk (High Risk),> 1 Miliar,Di Bawah VWAP (Lemah),Distribusi Pro (Guyuran),Ritel Aktif (5M - 50M),Normal (50-150%),Mark-Up (Fase Pesta),Normal,Normal,Turun 2 Hari Beruntun,TP: 461 | CL: 416,Open = High (Tekanan Jual),Tidak Ideal (< 1:1),Death Cross (Awal Bearish),Sentimen Positif 📰,Normal / Sedang Transisi,Dekat Support Fibo 38.2%,6,WAIT & SEE,TIDAK ADA,2026-08-24 16:50:01,Biasa / Mengikuti Pasar
16:50,SMLE,Token Mati (Perlu Update),Small Cap (Lapis 3),Overvalued (Mahal),0.0,3.4779875,149.0,164,138,184,-5.095541401273886,22317600,Tembus MA20,46,Negatif,Downtrend,Death Cross,Bearish MACD,Konsolidasi / Transisi,Normal,Distribusi (Turun),Normal,Dominan Jual (Guyur),Bottom Rebound,Tinggi,Normal,Area Tengah,> 1 Miliar,Di Bawah VWAP (Lemah),Distribusi Pro (Guyuran),Gorengan Sepi (< 5M),Normal (50-150%),Distribution (Fase Jualan),Normal,Normal,Turun 2 Hari Beruntun,TP: 169 | CL: 135,Open = High (Tekanan Jual),Sangat Menarik (> 1:3),Netral / Sideways,Netral / Sepi Berita,Normal / Sedang Transisi,Mengambang (Jauh dari Fibo),1,WAIT & SEE,TIDAK ADA,2026-08-24 16:50:01,Biasa / Mengikuti Pasar
16:50,ACRO,Token Mati (Perlu Update),Small Cap (Lapis 3),Fair Value (Wajar),0.0,1.20229,63.0,61,59,66,0.0,2720600,Normal,57,Negatif,Uptrend,Bullish,Strong Bullish,Perfect Uptrend (5>20>50),Normal,Distribusi (Turun),Normal,Dominan Beli (Hajar Kanan),Normal,Sedang,Doji (Ragu-ragu),Area Tengah,< 1 Miliar,Persis di VWAP,Akumulasi Pro (Smart Money),Gorengan Sepi (< 5M),Sepi (< 50%),Mark-Up (Fase Pesta),Spesialis Tiang Jemuran (Banting Pucuk),Jarum Bawah (Sinyal Pantulan Kuat),Sideways / Stagnan,TP: 66 | CL: 60,Normal,Tidak Ideal (< 1:1),Netral / Sideways,Sentimen Positif 📰,Normal / Sedang Transisi,Mendekati Fibo 38.2%,6,WAIT & SEE,TIDAK ADA,2026-08-24 16:50:01,Biasa / Mengikuti Pasar
16:50,MANG,Token Mati (Perlu Update),Small Cap (Lapis 3),Fair Value (Wajar),0.0,1.166793,40.0,38,37,43,5.263157894736842,14938500,Tembus MA20,55,Positif,Uptrend,Bearish,Bullish MACD,Strong Downtrend (5<20<50),Akumulasi Kuat,Akumulasi (Naik),Gap Down (-2.6%),Dominan Beli (Hajar Kanan),Normal,Sedang,Normal,Area Tengah,< 1 Miliar,Di Atas VWAP (Kuat),Akumulasi Pro (Smart Money),Gorengan Sepi (< 5M),Anomali Tinggi (150-300%),Accumulation (Kumpul Barang),Solid (Jarang Dibanting),Normal,Naik 1 Hari Beruntun,TP: 42 | CL: 38,Open = Low (Bullish Kuat),Menengah (1:1),Netral / Sideways,Netral / Sepi Berita,Normal / Sedang Transisi,Dekat Support Fibo 78.6%,8,BELI,TIDAK ADA,2026-08-24 16:50:01,Biasa / Mengikuti Pasar
16:50,WIFI,Token Mati (Perlu Update),Big Cap (Lapis 1),Fair Value (Wajar),20.534487,1.486461,2090.0,1998,1885,2210,0.0,51423600,Tembus MA20,59,Negatif,Uptrend,Bullish,Strong Bullish,Perfect Uptrend (5>20>50),Normal,Akumulasi (Naik),Normal,Dominan Jual (Guyur),Normal,Sedang,Normal,Rawan Pucuk (High Risk),> 1 Miliar,Persis di VWAP,Akumulasi Pro (Smart Money),Sultan (> 50M/hari),Normal (50-150%),Mark-Up (Fase Pesta),Normal,Normal,Sideways / Stagnan,TP: 2230 | CL: 1996,Normal,Tidak Ideal (< 1:1),Death Cross (Awal Bearish),Sentimen Negatif ⚠️,Normal / Sedang Transisi,Mendekati Fibo 23.6%,6,WAIT & SEE,TIDAK ADA,2026-08-24 16:50:01,Biasa / Mengikuti Pasar
16:50,FAPA,Token Mati (Perlu Update),Big Cap (Lapis 1),Overvalued (Mahal),20.533598,6.250897,7450.0,7376,7275,7475,0.0,500,Normal,63,Negatif,Uptrend,Bullish,Strong Bullish,Perfect Uptrend (5>20>50),Normal,Distribusi (Turun),Normal,Dominan Beli (Hajar Kanan),Squeeze,Rendah,Doji (Ragu-ragu),Dekat Support (Low Risk),< 1 Miliar,Persis di VWAP,Akumulasi Pro (Smart Money),Gorengan Sepi (< 5M),Sepi (< 50%),Mark-Up (Fase Pesta),Normal,Jarum Bawah (Sinyal Pantulan Kuat),Sideways / Stagnan,TP: 7500 | CL: 7416,Normal,Tidak Ideal (< 1:1),Overbought (Jenuh Beli - Rawan),Sentimen Positif 📰,Normal / Sedang Transisi,Golden Rebound Fibo 38.2% 🎯,6,WAIT & SEE,TIDAK ADA,2026-08-24 16:50:01,Biasa / Mengikuti Pasar
16:50,DCII,Token Mati (Perlu Update),Big Cap (Lapis 1),Overvalued (Mahal),434.7826,104.887924,203700.0,199158,182300,207500,0.0,200,Normal,58,Negatif,Uptrend,Bullish,Strong Bullish,Perfect Uptrend (5>20>50),Normal,Distribusi (Turun),Normal,Tidak Ada Transaksi,Normal,Sedang,Doji (Ragu-ragu),Rawan Pucuk (High Risk),< 1 Miliar,Persis di VWAP,Distribusi Pro (Guyuran),Gorengan Sepi (< 5M),Sepi (< 50%),Mark-Up (Fase Pesta),Normal,Normal,Sideways / Stagnan,TP: 208400 | CL: 200566,Normal,Tidak Ideal (< 1:1),Overbought (Jenuh Beli - Rawan),Netral / Sepi Berita,Normal / Sedang Transisi,Mendekati Fibo 23.6%,4,WAIT & SEE,TIDAK ADA,2026-08-24 16:50:01,Biasa / Mengikuti Pasar
16:50,KETR,Token Mati (Perlu Update),Mid Cap (Lapis 2),Overvalued (Mahal),27.539062,1.6321788,700.0,592,530,750,-2.097902097902098,48752400,Tembus MA20,69,Negatif,Uptrend,Bullish,Strong Bullish,Perfect Uptrend (5>20>50),Normal,Akumulasi (Naik),Normal,Dominan Jual (Guyur),Normal,Tinggi,Normal,Rawan Pucuk (High Risk),> 1 Miliar,Di Atas VWAP (Kuat),Akumulasi Pro (Smart Money),Ritel Aktif (5M - 50M),Normal (50-150%),Mark-Up (Fase Pesta),Normal,Normal,Turun 1 Hari Beruntun,TP: 770 | CL: 653,Normal,Tidak Ideal (< 1:1),Death Cross (Awal Bearish),Sentimen Positif 📰,Supply Banjir (Distribusi) 🌊,Mendekati Fibo 23.6%,7,BELI,TIDAK ADA,2026-08-24 16:50:01,Biasa / Mengikuti Pasar
16:50,DGNS,Token Mati (Perlu Update),Small Cap (Lapis 3),Undervalued (Murah),4.2822423,1.3259114,222.0,232,216,250,-1.7699115044247788,153800,Normal,41,Negatif,Downtrend,Bearish,Strong Bearish,Konsolidasi / Transisi,Normal,Distribusi (Turun),Normal,Seimbang / Adu Mekanik,Bottom Rebound,Sedang,Normal,Dekat Support (Low Risk),< 1 Miliar,Di Bawah VWAP (Lemah),Akumulasi Pro (Smart Money),Gorengan Sepi (< 5M),Normal (50-150%),Distribution (Fase Jualan),Spesialis Tiang Jemuran (Banting Pucuk),Normal,Turun 1 Hari Beruntun,TP: 239 | CL: 210,Open = High (Tekanan Jual),Sangat Menarik (> 1:3),Netral / Sideways,Sentimen Positif 📰,Normal / Sedang Transisi,Dekat Support Fibo 61.8% (Golden Ratio),1,WAIT & SEE,TIDAK ADA,2026-08-24 16:50:01,Biasa / Mengikuti Pasar
16:50,UFOE,Token Mati (Perlu Update),Small Cap (Lapis 3),Overvalued (Mahal),26.631659,1.6234509,142.0,139,130,149,0.0,351800,Normal,57,Negatif,Uptrend,Bullish,Strong Bullish,Perfect Uptrend (5>20>50),Normal,Distribusi (Turun),Normal,Dominan Beli (Hajar Kanan),Squeeze,Rendah,Normal,Area Tengah,< 1 Miliar,Persis di VWAP,Akumulasi Pro (Smart Money),Gorengan Sepi (< 5M),Normal (50-150%),Mark-Up (Fase Pesta),Normal,Jarum Bawah (Sinyal Pantulan Kuat),Sideways / Stagnan,TP: 150 | CL: 136,Normal,Tidak Ideal (< 1:1),Death Cross (Awal Bearish),Netral / Sepi Berita,Normal / Sedang Transisi,Golden Rebound Fibo 61.8% (Golden Ratio) 🎯,5,WAIT & SEE,TIDAK ADA,2026-08-24 16:50:01,Biasa / Mengikuti Pasar
16:50,CHEK,Token Mati (Perlu Update),Small Cap (Lapis 3),Fair Value (Wajar),0.0,2.7075453,136.0,133,128,142,-0.7299270072992701,509000,Normal,59,Negatif,Uptrend,Bullish,Strong Bullish,Perfect Uptrend (5>20>50),Normal,Akumulasi (Naik),Normal,Seimbang / Adu Mekanik,Squeeze,Rendah,Normal,Area Tengah,< 1 Miliar,Persis di VWAP,Akumulasi Pro (Smart Money),Gorengan Sepi (< 5M),Normal (50-150%),Mark-Up (Fase Pesta),Normal,Normal,Turun 1 Hari Beruntun,TP: 140 | CL: 132,Open = High (Tekanan Jual),Tidak Ideal (< 1:1),Death Cross (Awal Bearish),Netral / Sepi Berita,Normal / Sedang Transisi,Mendekati Fibo 50.0%,5,WAIT & SEE,TIDAK ADA,2026-08-24 16:50:01,Biasa / Mengikuti Pasar
16:50,PMUI,Token Mati (Perlu Update),Small Cap (Lapis 3),Fair Value (Wajar),0.0,1.378011,99.0,94,82,111,0.0,2773200,Normal,64,Negatif,Uptrend,Bullish,Bearish MACD,Perfect Uptrend (5>20>50),Normal,Akumulasi (Naik),Normal,Seimbang / Adu Mekanik,Normal,Tinggi,Normal,Rawan Pucuk (High Risk),< 1 Miliar,Di Atas VWAP (Kuat),Akumulasi Pro (Smart Money),Gorengan Sepi (< 5M),Normal (50-150%),Mark-Up (Fase Pesta),Spesialis Tiang Jemuran (Banting Pucuk),Normal,Sideways / Stagnan,TP: 106 | CL: 93,Normal,Tidak Ideal (< 1:1),Netral / Sideways,Sentimen Positif 📰,Normal / Sedang Transisi,Mengambang (Jauh dari Fibo),5,WAIT & SEE,TIDAK ADA,2026-08-24 16:50:01,Biasa / Mengikuti Pasar
16:50,EMAS,Token Mati (Perlu Update),Big Cap (Lapis 1),Overvalued (Mahal),0.0,346000.0,8575.0,7268,6050,8600,8.544303797468354,57928900,Tembus MA20,83,Positif,Uptrend,Bullish,Strong Bullish,Perfect Uptrend (5>20>50),Akumulasi Kuat,Akumulasi (Naik),Normal,Dominan Beli (Hajar Kanan),Normal,Tinggi,Marubozu (Strong Bullish),Rawan Pucuk (High Risk),> 1 Miliar,Di Atas VWAP (Kuat),Akumulasi Pro (Smart Money),Sultan (> 50M/hari),Anomali Tinggi (150-300%),Mark-Up (Fase Pesta),Spesialis Tiang Jemuran (Banting Pucuk),Normal,Naik 1 Hari Beruntun,TP: 9118 | CL: 8212,Normal,Tidak Ideal (< 1:1),Overbought (Jenuh Beli - Rawan),Sentimen Positif 📰,Normal / Sedang Transisi,Mengambang (Jauh dari Fibo),10,BELI,TIDAK ADA,2026-08-24 16:50:01,⚠️ Anomali (Sudah Terbang)
16:50,PJHB,Token Mati (Perlu Update),Small Cap (Lapis 3),Fair Value (Wajar),0.0,0.8467363,193.0,172,161,220,7.82122905027933,57458900,Tembus MA20,72,Positif,Uptrend,Bullish,Strong Bullish,Perfect Uptrend (5>20>50),Distribusi Kuat,Akumulasi (Naik),Gap Up (+8.9%),Dominan Jual (Guyur),Breakout Upper,Tinggi,Doji (Ragu-ragu),Rawan Pucuk (High Risk),> 1 Miliar,Di Bawah VWAP (Lemah),Distribusi Pro (Guyuran),Gorengan Sepi (< 5M),Ledakan Ekstrem (> 300%),Mark-Up (Fase Pesta),Normal,Normal,Naik 6 Hari Beruntun,TP: 205 | CL: 184,Normal,Tidak Ideal (< 1:1),Netral / Sideways,Sentimen Positif 📰,Supply Banjir (Distribusi) 🌊,Mendekati Fibo 38.2%,9,BELI,TIDAK ADA,2026-08-24 16:50:01,Biasa / Mengikuti Pasar
16:50,RLCO,Token Mati (Perlu Update),Big Cap (Lapis 1),Overvalued (Mahal),316.86047,41.921062,4360.0,4816,4210,5675,-1.8018018018018018,818900,Normal,48,Negatif,Downtrend,Bearish,Bearish MACD,Konsolidasi / Transisi,Normal,Akumulasi (Naik),Normal,Seimbang / Adu Mekanik,Normal,Tinggi,Normal,Area Tengah,> 1 Miliar,Di Bawah VWAP (Lemah),Akumulasi Pro (Smart Money),Gorengan Sepi (< 5M),Anomali Tinggi (150-300%),Distribution (Fase Jualan),Normal,Normal,Turun 1 Hari Beruntun,TP: 4635 | CL: 4176,Normal,Sangat Menarik (> 1:3),Oversold (Jenuh Jual - Peluang),Sentimen Positif 📰,Normal / Sedang Transisi,Golden Rebound Fibo 38.2% 🎯,2,WAIT & SEE,TIDAK ADA,2026-08-24 16:50:01,Biasa / Mengikuti Pasar
16:50,SUPA,Token Mati (Perlu Update),Big Cap (Lapis 1),Overvalued (Mahal),67.82946,2.1961658,525.0,574,515,620,-3.669724770642202,12217200,Normal,34,Negatif,Downtrend,Bearish,Strong Bearish,Konsolidasi / Transisi,Normal,Akumulasi (Naik),Normal,Dominan Jual (Guyur),Normal,Tinggi,Normal,Dekat Support (Low Risk),> 1 Miliar,Di Bawah VWAP (Lemah),Distribusi Pro (Guyuran),Ritel Aktif (5M - 50M),Sepi (< 50%),Distribution (Fase Jualan),Solid (Jarang Dibanting),Normal,Turun 2 Hari Beruntun,TP: 559 | CL: 501,Open = High (Tekanan Jual),Sangat Menarik (> 1:3),Netral / Sideways,Netral / Sepi Berita,Normal / Sedang Transisi,Mengambang (Jauh dari Fibo),1,WAIT & SEE,TIDAK ADA,2026-08-24 16:50:01,Biasa / Mengikuti Pasar
16:50,WBSA,Token Mati (Perlu Update),Mid Cap (Lapis 2),Overvalued (Mahal),0.0,12.704948,685.0,647,580,725,-4.195804195804196,16946200,Tembus MA20,57,Negatif,Uptrend,Bullish,Strong Bullish,Awal Reversal (5>20),Normal,Akumulasi (Naik),Normal,Dominan Jual (Guyur),Normal,Tinggi,Normal,Rawan Pucuk (High Risk),> 1 Miliar,Persis di VWAP,Akumulasi Pro (Smart Money),Ritel Aktif (5M - 50M),Normal (50-150%),Accumulation (Kumpul Barang),Solid (Jarang Dibanting),Normal,Turun 1 Hari Beruntun,TP: 735 | CL: 651,Normal,Tidak Ideal (< 1:1),Death Cross (Awal Bearish),Sentimen Positif 📰,Normal / Sedang Transisi,Mengambang (Jauh dari Fibo),7,BELI,TIDAK ADA,2026-08-24 16:50:01,Biasa / Mengikuti Pasar
16:50,WMPP,Token Mati (Perlu Update),Small Cap (Lapis 3),Overvalued (Mahal),21.582733,3.465804,30.0,30,20,41,-9.090909090909092,84474600,Tembus MA20,50,Negatif,Downtrend,Bullish,Bearish MACD,Perfect Uptrend (5>20>50),Normal,Distribusi (Turun),Gap Down (-6.1%),Dominan Jual (Guyur),Normal,Tinggi,Normal,Rawan Pucuk (High Risk),> 1 Miliar,Di Bawah VWAP (Lemah),Distribusi Pro (Guyuran),Gorengan Sepi (< 5M),Normal (50-150%),Distribution (Fase Jualan),Normal,Normal,Turun 2 Hari Beruntun,TP: 34 | CL: 27,Open = High (Tekanan Jual),Menengah (1:1),Netral / Sideways,Netral / Sepi Berita,Normal / Sedang Transisi,Mengambang (Jauh dari Fibo),2,WAIT & SEE,TIDAK ADA,2026-08-24 16:50:01,🔥 ANOMALI BANDAR (Siap Ledakan)
16:50,RMKE,Token Mati (Perlu Update),Mid Cap (Lapis 2),Overvalued (Mahal),28.51268,4.6936703,416.0,412,388,446,-1.8867924528301887,83780800,Normal,48,Negatif,Uptrend,Bullish,Bullish MACD,Awal Reversal (5>20),Normal,Akumulasi (Naik),Normal,Dominan Jual (Guyur),Normal,Sedang,Normal,Area Tengah,> 1 Miliar,Di Bawah VWAP (Lemah),Akumulasi Pro (Smart Money),Ritel Aktif (5M - 50M),Normal (50-150%),Accumulation (Kumpul Barang),Normal,Normal,Turun 3 Hari Beruntun,TP: 443 | CL: 398,Normal,Menengah (1:1),Netral / Sideways,Netral / Sepi Berita,Normal / Sedang Transisi,Dekat Support Fibo 78.6%,4,WAIT & SEE,TIDAK ADA,2026-08-24 16:50:01,Biasa / Mengikuti Pasar
16:50,OBMD,Token Mati (Perlu Update),Small Cap (Lapis 3),Fair Value (Wajar),0.0,0.746243,195.0,191,170,208,-0.5102040816326531,383300,Normal,54,Negatif,Uptrend,Bullish,Bearish MACD,Perfect Uptrend (5>20>50),Normal,Akumulasi (Naik),Normal,Dominan Beli (Hajar Kanan),Normal,Sedang,Normal,Rawan Pucuk (High Risk),< 1 Miliar,Persis di VWAP,Akumulasi Pro (Smart Money),Gorengan Sepi (< 5M),Sepi (< 50%),Mark-Up (Fase Pesta),Normal,Jarum Bawah (Sinyal Pantulan Kuat),Turun 2 Hari Beruntun,TP: 210 | CL: 184,Normal,Tidak Ideal (< 1:1),Death Cross (Awal Bearish),Sentimen Negatif ⚠️,Normal / Sedang Transisi,Mendekati Fibo 61.8% (Golden Ratio),5,WAIT & SEE,TIDAK ADA,2026-08-24 16:50:01,Biasa / Mengikuti Pasar
16:50,AVIA,Token Mati (Perlu Update),Big Cap (Lapis 1),Fair Value (Wajar),10.903427,2.1766846,350.0,332,310,366,0.0,8927500,Normal,66,Negatif,Uptrend,Bullish,Strong Bullish,Perfect Uptrend (5>20>50),Normal,Akumulasi (Naik),Normal,Dominan Jual (Guyur),Normal,Sedang,Normal,Rawan Pucuk (High Risk),> 1 Miliar,Persis di VWAP,Distribusi Pro (Guyuran),Ritel Aktif (5M - 50M),Normal (50-150%),Mark-Up (Fase Pesta),Normal,Normal,Sideways / Stagnan,TP: 362 | CL: 341,Normal,Tidak Ideal (< 1:1),Death Cross (Awal Bearish),Sentimen Positif 📰,Normal / Sedang Transisi,Dekat Support Fibo 23.6%,6,WAIT & SEE,TIDAK ADA,2026-08-24 16:50:01,Biasa / Mengikuti Pasar
16:50,IPPE,Token Mati (Perlu Update),Small Cap (Lapis 3),Fair Value (Wajar),16.548464,0.22426194,14.0,14,14,14,0.0,0,Normal,0,Negatif,Downtrend,Bearish,Bearish MACD,Konsolidasi / Transisi,Normal,Netral,Normal,Tidak Ada Transaksi,Squeeze,Rendah,Doji (Ragu-ragu),Dekat Support (Low Risk),< 1 Miliar,Di Atas VWAP (Kuat),Netral,Gorengan Sepi (< 5M),Normal (50-150%),Sideways,Solid (Jarang Dibanting),Normal,Sideways / Stagnan,TP: 15 | CL: 13,Normal,Di Area Support,Oversold (Jenuh Jual - Peluang),Netral / Sepi Berita,Normal / Sedang Transisi,Normal / Sideways,0,WAIT & SEE,TIDAK ADA,2026-08-24 16:50:01,Biasa / Mengikuti Pasar
16:50,NASI,Token Mati (Perlu Update),Small Cap (Lapis 3),Overvalued (Mahal),29.207232,2.1026132,147.0,133,119,163,1.3793103448275863,4906900,Normal,72,Positif,Uptrend,Bullish,Strong Bullish,Perfect Uptrend (5>20>50),Normal,Akumulasi (Naik),Normal,Dominan Jual (Guyur),Breakout Upper,Tinggi,Normal,Rawan Pucuk (High Risk),< 1 Miliar,Persis di VWAP,Distribusi Pro (Guyuran),Gorengan Sepi (< 5M),Normal (50-150%),Mark-Up (Fase Pesta),Spesialis Tiang Jemuran (Banting Pucuk),Normal,Naik 3 Hari Beruntun,TP: 158 | CL: 139,Open = Low (Bullish Kuat),Tidak Ideal (< 1:1),Death Cross (Awal Bearish),Sentimen Positif 📰,Normal / Sedang Transisi,Mengambang (Jauh dari Fibo),7,BELI,TIDAK ADA,2026-08-24 16:50:01,Biasa / Mengikuti Pasar
16:50,BSML,Token Mati (Perlu Update),Small Cap (Lapis 3),Overvalued (Mahal),156.01332,7.1766,515.0,517,505,545,-0.9615384615384616,6376700,Normal,51,Negatif,Downtrend,Death Cross,Bearish MACD,Konsolidasi / Transisi,Normal,Distribusi (Turun),Normal,Seimbang / Adu Mekanik,Squeeze,Rendah,Normal,Dekat Support (Low Risk),> 1 Miliar,Persis di VWAP,Akumulasi Pro (Smart Money),Ritel Aktif (5M - 50M),Normal (50-150%),Distribution (Fase Jualan),Normal,Normal,Turun 1 Hari Beruntun,TP: 538 | CL: 499,Normal,Sangat Menarik (> 1:3),Netral / Sideways,Sentimen Positif 📰,Normal / Sedang Transisi,Mendekati Fibo 23.6%,2,WAIT & SEE,TIDAK ADA,2026-08-24 16:50:01,Biasa / Mengikuti Pasar
16:50,DRMA,Token Mati (Perlu Update),Mid Cap (Lapis 2),Fair Value (Wajar),6.824785,1.7414244,1015.0,970,905,1025,0.0,686500,Tembus MA20,78,Negatif,Uptrend,Bullish,Strong Bullish,Perfect Uptrend (5>20>50),Normal,Akumulasi (Naik),Normal,Seimbang / Adu Mekanik,Normal,Sedang,Doji (Ragu-ragu),Rawan Pucuk (High Risk),< 1 Miliar,Di Atas VWAP (Kuat),Akumulasi Pro (Smart Money),Gorengan Sepi (< 5M),Normal (50-150%),Mark-Up (Fase Pesta),Normal,Normal,Sideways / Stagnan,TP: 1035 | CL: 1001,Normal,Tidak Ideal (< 1:1),Overbought (Jenuh Beli - Rawan),Sentimen Positif 📰,Normal / Sedang Transisi,Mendekati Fibo 23.6%,7,BELI,TIDAK ADA,2026-08-24 16:50:01,Biasa / Mengikuti Pasar
16:50,ADMF,Token Mati (Perlu Update),Big Cap (Lapis 1),Undervalued (Murah),5.800348,0.689403,8700.0,8598,8125,8875,0.5780346820809248,56900,Normal,62,Positif,Uptrend,Bullish,Bearish MACD,Perfect Uptrend (5>20>50),Normal,Akumulasi (Naik),Normal,Seimbang / Adu Mekanik,Normal,Sedang,Normal,Area Tengah,< 1 Miliar,Persis di VWAP,Distribusi Pro (Guyuran),Gorengan Sepi (< 5M),Normal (50-150%),Mark-Up (Fase Pesta),Spesialis Tiang Jemuran (Banting Pucuk),Normal,Naik 2 Hari Beruntun,TP: 8855 | CL: 8596,Normal,Tidak Ideal (< 1:1),Netral / Sideways,Sentimen Positif 📰,Normal / Sedang Transisi,Dekat Support Fibo 23.6%,6,WAIT & SEE,TIDAK ADA,2026-08-24 16:50:01,Biasa / Mengikuti Pasar
16:50,ADMG,Token Mati (Perlu Update),Mid Cap (Lapis 2),Overvalued (Mahal),17.793104,8600.0,258.0,241,214,276,0.0,421300,Normal,70,Negatif,Uptrend,Bullish,Strong Bullish,Perfect Uptrend (5>20>50),Normal,Distribusi (Turun),Normal,Seimbang / Adu Mekanik,Normal,Tinggi,Doji (Ragu-ragu),Rawan Pucuk (High Risk),< 1 Miliar,Persis di VWAP,Distribusi Pro (Guyuran),Gorengan Sepi (< 5M),Sepi (< 50%),Mark-Up (Fase Pesta),Spesialis Tiang Jemuran (Banting Pucuk),Normal,Sideways / Stagnan,TP: 277 | CL: 244,Normal,Tidak Ideal (< 1:1),Netral / Sideways,Sentimen Positif 📰,Normal / Sedang Transisi,Dekat Support Fibo 23.6%,5,WAIT & SEE,TIDAK ADA,2026-08-24 16:50:01,Biasa / Mengikuti Pasar
16:50,ADRO,Token Mati (Perlu Update),Big Cap (Lapis 1),Overvalued (Mahal),8.569093,15411.765,2620.0,2521,2390,2630,2.7450980392156863,49529800,Tembus MA20,64,Positif,Uptrend,Bullish,Strong Bullish,Perfect Uptrend (5>20>50),Normal,Akumulasi (Naik),Normal,Dominan Beli (Hajar Kanan),Squeeze,Rendah,Normal,Area Tengah,> 1 Miliar,Di Atas VWAP (Kuat),Akumulasi Pro (Smart Money),Sultan (> 50M/hari),Anomali Tinggi (150-300%),Mark-Up (Fase Pesta),Normal,Normal,Naik 1 Hari Beruntun,TP: 2699 | CL: 2567,Normal,Tidak Ideal (< 1:1),Overbought (Jenuh Beli - Rawan),Sentimen Positif 📰,Normal / Sedang Transisi,Mendekati Fibo 23.6%,9,BELI,TIDAK ADA,2026-08-24 16:50:01,Biasa / Mengikuti Pasar
16:50,AGII,Token Mati (Perlu Update),Mid Cap (Lapis 2),Overvalued (Mahal),83.9372,2.2517142,2770.0,2920,2760,3220,-3.8194444444444446,572900,Tembus MA20,40,Negatif,Downtrend,Bearish,Strong Bearish,Konsolidasi / Transisi,Distribusi Kuat,Distribusi (Turun),Normal,Dominan Jual (Guyur),Bottom Rebound,Sedang,Normal,Dekat Support (Low Risk),> 1 Miliar,Di Bawah VWAP (Lemah),Distribusi Pro (Guyuran),Gorengan Sepi (< 5M),Ledakan Ekstrem (> 300%),Distribution (Fase Jualan),Normal,Normal,Turun 1 Hari Beruntun,TP: 2886 | CL: 2692,Normal,Sangat Menarik (> 1:3),Oversold (Jenuh Jual - Peluang),Sentimen Positif 📰,Normal / Sedang Transisi,Mengambang (Jauh dari Fibo),2,WAIT & SEE,TIDAK ADA,2026-08-24 16:50:01,Biasa / Mengikuti Pasar
16:50,AGRO,Token Mati (Perlu Update),Mid Cap (Lapis 2),Fair Value (Wajar),0.0,1.2690463,150.0,148,141,155,-1.9607843137254901,5215000,Tembus MA20,52,Negatif,Uptrend,Bullish,Strong Bullish,Perfect Uptrend (5>20>50),Normal,Akumulasi (Naik),Normal,Dominan Jual (Guyur),Normal,Sedang,Normal,Area Tengah,< 1 Miliar,Di Bawah VWAP (Lemah),Distribusi Pro (Guyuran),Gorengan Sepi (< 5M),Normal (50-150%),Mark-Up (Fase Pesta),Normal,Normal,Turun 1 Hari Beruntun,TP: 155 | CL: 146,Normal,Tidak Ideal (< 1:1),Death Cross (Awal Bearish),Sentimen Positif 📰,Normal / Sedang Transisi,Dekat Support Fibo 38.2%,7,BELI,TIDAK ADA,2026-08-24 16:50:01,Biasa / Mengikuti Pasar
16:50,AGRS,Token Mati (Perlu Update),Mid Cap (Lapis 2),Undervalued (Murah),10.834813,0.4932402,61.0,61,59,67,-1.6129032258064515,7646100,Tembus MA20,49,Negatif,Downtrend,Bearish,Bullish MACD,Konsolidasi / Transisi,Normal,Distribusi (Turun),Normal,Seimbang / Adu Mekanik,Squeeze,Rendah,Doji (Ragu-ragu),Area Tengah,< 1 Miliar,Persis di VWAP,Distribusi Pro (Guyuran),Gorengan Sepi (< 5M),Anomali Tinggi (150-300%),Distribution (Fase Jualan),Normal,Normal,Turun 1 Hari Beruntun,TP: 63 | CL: 59,Normal,Sangat Menarik (> 1:3),Netral / Sideways,Sentimen Positif 📰,Normal / Sedang Transisi,Mendekati Fibo 50.0%,3,WAIT & SEE,TIDAK ADA,2026-08-24 16:50:01,Biasa / Mengikuti Pasar
16:50,AHAP,Token Mati (Perlu Update),Small Cap (Lapis 3),Fair Value (Wajar),0.0,2.7582676,97.0,95,88,110,-3.9603960396039604,25220300,Tembus MA20,51,Negatif,Uptrend,Bullish,Strong Bullish,Perfect Uptrend (5>20>50),Normal,Distribusi (Turun),Normal,Dominan Jual (Guyur),Normal,Tinggi,Normal,Rawan Pucuk (High Risk),> 1 Miliar,Di Bawah VWAP (Lemah),Akumulasi Pro (Smart Money),Gorengan Sepi (< 5M),Normal (50-150%),Mark-Up (Fase Pesta),Normal,Normal,Turun 4 Hari Beruntun,TP: 104 | CL: 91,Normal,Menengah (1:1),Netral / Sideways,Netral / Sepi Berita,Normal / Sedang Transisi,Mendekati Fibo 38.2%,5,WAIT & SEE,TIDAK ADA,2026-08-24 16:50:01,Biasa / Mengikuti Pasar
16:50,AIMS,Token Mati (Perlu Update),Small Cap (Lapis 3),Overvalued (Mahal),20.47928,294.9807,382.0,389,332,440,0.5263157894736842,84500,Normal,46,Positif,Downtrend,Bearish,Strong Bearish,Strong Downtrend (5<20<50),Normal,Akumulasi (Naik),Normal,Dominan Jual (Guyur),Normal,Sedang,Normal,Rawan Pucuk (High Risk),< 1 Miliar,Di Bawah VWAP (Lemah),Distribusi Pro (Guyuran),Gorengan Sepi (< 5M),Sepi (< 50%),Mark-Down (Fase Runtuh),Spesialis Tiang Jemuran (Banting Pucuk),Normal,Naik 1 Hari Beruntun,TP: 407 | CL: 364,Open = Low (Bullish Kuat),Menengah (1:1),Netral / Sideways,Netral / Sepi Berita,Normal / Sedang Transisi,Mendekati Fibo 61.8% (Golden Ratio),2,WAIT & SEE,TIDAK ADA,2026-08-24 16:50:01,Biasa / Mengikuti Pasar
16:50,PNSE,Token Mati (Perlu Update),Small Cap (Lapis 3),Overvalued (Mahal),0.0,3.4258654,505.0,492,466,535,-0.9803921568627451,5300,Normal,55,Negatif,Uptrend,Bullish,Bullish MACD,Awal Reversal (5>20),Normal,Akumulasi (Naik),Gap Up (+2.9%),Seimbang / Adu Mekanik,Squeeze,Rendah,Normal,Area Tengah,< 1 Miliar,Persis di VWAP,Distribusi Pro (Guyuran),Gorengan Sepi (< 5M),Sepi (< 50%),Accumulation (Kumpul Barang),Spesialis Tiang Jemuran (Banting Pucuk),Normal,Turun 1 Hari Beruntun,TP: 541 | CL: 480,Open = High (Tekanan Jual),Tidak Ideal (< 1:1),Netral / Sideways,Netral / Sepi Berita,Supply Banjir (Distribusi) 🌊,Mendekati Fibo 78.6%,6,WAIT & SEE,TIDAK ADA,2026-08-24 16:50:01,Biasa / Mengikuti Pasar
16:50,POLY,Token Mati (Perlu Update),Small Cap (Lapis 3),Overvalued (Mahal),31999.998,-78.23961,32.0,32,32,32,0.0,0,Normal,0,Negatif,Downtrend,Bearish,Bearish MACD,Konsolidasi / Transisi,Normal,Netral,Normal,Tidak Ada Transaksi,Squeeze,Rendah,Doji (Ragu-ragu),Dekat Support (Low Risk),< 1 Miliar,Di Atas VWAP (Kuat),Netral,Gorengan Sepi (< 5M),Normal (50-150%),Sideways,Solid (Jarang Dibanting),Normal,Sideways / Stagnan,TP: 33 | CL: 31,Normal,Di Area Support,Oversold (Jenuh Jual - Peluang),Netral / Sepi Berita,Normal / Sedang Transisi,Normal / Sideways,0,WAIT & SEE,TIDAK ADA,2026-08-24 16:50:01,Biasa / Mengikuti Pasar
16:50,PPRO,Token Mati (Perlu Update),Mid Cap (Lapis 2),Fair Value (Wajar),0.0,-0.24590994,17.0,16,15,18,0.0,9742300,Normal,51,Negatif,Uptrend,Bullish,Bearish MACD,Awal Reversal (5>20),Normal,Distribusi (Turun),Normal,Dominan Beli (Hajar Kanan),Normal,Tinggi,Doji (Ragu-ragu),Rawan Pucuk (High Risk),< 1 Miliar,Persis di VWAP,Akumulasi Pro (Smart Money),Gorengan Sepi (< 5M),Sepi (< 50%),Accumulation (Kumpul Barang),Solid (Jarang Dibanting),Jarum Bawah (Sinyal Pantulan Kuat),Sideways / Stagnan,TP: 18 | CL: 16,Normal,Tidak Ideal (< 1:1),Netral / Sideways,Netral / Sepi Berita,Normal / Sedang Transisi,Mendekati Fibo 38.2%,4,WAIT & SEE,TIDAK ADA,2026-08-24 16:50:01,Biasa / Mengikuti Pasar
