Waktu Update,Ticker,Broksum,Kategori,Valuasi,PER (x),PBV (x),Harga (Rp),Harga MA20,Support,Resistance,Change (%),Volume,Vol Breakout,RSI (14D),Momentum,MA Signal,MA Cross,MACD,"Trend MA (5,20,50)",Status Bandar,OBV Trend,Status Gap,Tekanan Bandar,Status BB,Risiko,Pola Candle,Posisi Entry,Likuiditas,Posisi VWAP,Kekuatan A/D,Kelas Transaksi,RVOL (Anomali Vol),Fase Siklus Bandar,Karakter Gorengan,Sinyal Cuci Barang,Streak Harian,Auto Trading Plan,Status Open,Risk/Reward Ratio,Status Stochastic,Status Sentimen,Kondisi Supply,Status Fibonacci,Total Score,Rekomendasi,Status Akuisisi,Terakhir Update,Prediksi Machine Learning
16:40,AALI,Token Mati (Perlu Update),Big Cap (Lapis 1),Undervalued (Murah),8.192498,0.63760376,7925.0,7166,6425,8025,-0.9375,966100,Normal,79,Negatif,Uptrend,Bullish,Strong Bullish,Perfect Uptrend (5>20>50),Normal,Akumulasi (Naik),Normal,Dominan Jual (Guyur),Normal,Tinggi,Normal,Rawan Pucuk (High Risk),> 1 Miliar,Di Atas VWAP (Kuat),Akumulasi Pro (Smart Money),Ritel Aktif (5M - 50M),Normal (50-150%),Mark-Up (Fase Pesta),Solid (Jarang Dibanting),Normal,Turun 1 Hari Beruntun,TP: 8249 | CL: 7708,Normal,Tidak Ideal (< 1:1),Overbought (Jenuh Beli - Rawan),Sentimen Positif 📰,Normal / Sedang Transisi,Mendekati Fibo 23.6%,6,WAIT & SEE,TIDAK ADA,2026-08-21 16:40:01,Biasa / Mengikuti Pasar
16:40,ABBA,Token Mati (Perlu Update),Small Cap (Lapis 3),Overvalued (Mahal),0.0,4.77707,30.0,30,30,30,0.0,0,Normal,32,Negatif,Downtrend,Bearish,Bullish MACD,Konsolidasi / Transisi,Normal,Netral,Normal,Tidak Ada Transaksi,Squeeze,Rendah,Doji (Ragu-ragu),Dekat Support (Low Risk),< 1 Miliar,Di Atas VWAP (Kuat),Netral,Gorengan Sepi (< 5M),Normal (50-150%),Sideways,Solid (Jarang Dibanting),Normal,Sideways / Stagnan,TP: 31 | CL: 29,Normal,Di Area Support,Oversold (Jenuh Jual - Peluang),Netral / Sepi Berita,Normal / Sedang Transisi,Mendekati Fibo Bottom / 100%,1,WAIT & SEE,TIDAK ADA,2026-08-21 16:40:01,Biasa / Mengikuti Pasar
16:40,ABDA,Token Mati (Perlu Update),Mid Cap (Lapis 2),Fair Value (Wajar),20.790134,1.3146639,3810.0,3640,3380,4100,0.0,1000,Normal,77,Negatif,Uptrend,Bullish,Strong Bullish,Perfect Uptrend (5>20>50),Normal,Distribusi (Turun),Normal,Tidak Ada Transaksi,Normal,Tinggi,Doji (Ragu-ragu),Rawan Pucuk (High Risk),< 1 Miliar,Persis di VWAP,Distribusi Pro (Guyuran),Gorengan Sepi (< 5M),Sepi (< 50%),Mark-Up (Fase Pesta),Spesialis Tiang Jemuran (Banting Pucuk),Normal,Sideways / Stagnan,TP: 3970 | CL: 3702,Normal,Tidak Ideal (< 1:1),Death Cross (Awal Bearish),Netral / Sepi Berita,Normal / Sedang Transisi,Dekat Support Fibo 23.6%,4,WAIT & SEE,TIDAK ADA,2026-08-21 16:40:01,Biasa / Mengikuti Pasar
16:40,ABMM,Token Mati (Perlu Update),Mid Cap (Lapis 2),Overvalued (Mahal),5.0677886,8390.093,2710.0,2613,2460,2740,-0.3676470588235294,211700,Normal,70,Negatif,Uptrend,Bullish,Strong Bullish,Perfect Uptrend (5>20>50),Normal,Akumulasi (Naik),Normal,Dominan Jual (Guyur),Normal,Sedang,Normal,Rawan Pucuk (High Risk),< 1 Miliar,Persis di VWAP,Akumulasi Pro (Smart Money),Gorengan Sepi (< 5M),Normal (50-150%),Mark-Up (Fase Pesta),Solid (Jarang Dibanting),Normal,Turun 1 Hari Beruntun,TP: 2795 | CL: 2652,Normal,Tidak Ideal (< 1:1),Overbought (Jenuh Beli - Rawan),Sentimen Positif 📰,Normal / Sedang Transisi,Mendekati Fibo 23.6%,6,WAIT & SEE,TIDAK ADA,2026-08-21 16:40:01,Biasa / Mengikuti Pasar
16:40,ACES,Token Mati (Perlu Update),Mid Cap (Lapis 2),Undervalued (Murah),8.066323,0.9684579,358.0,355,344,366,-1.1049723756906076,9518000,Normal,55,Negatif,Uptrend,Bullish,Bearish MACD,Perfect Uptrend (5>20>50),Normal,Akumulasi (Naik),Normal,Dominan Jual (Guyur),Squeeze,Rendah,Normal,Area Tengah,> 1 Miliar,Persis di VWAP,Akumulasi Pro (Smart Money),Ritel Aktif (5M - 50M),Sepi (< 50%),Mark-Up (Fase Pesta),Solid (Jarang Dibanting),Normal,Turun 1 Hari Beruntun,TP: 370 | CL: 349,Normal,Tidak Ideal (< 1:1),Death Cross (Awal Bearish),Sentimen Positif 📰,Normal / Sedang Transisi,Mendekati Fibo 23.6%,5,WAIT & SEE,TIDAK ADA,2026-08-21 16:40:01,Biasa / Mengikuti Pasar
16:40,ACST,Token Mati (Perlu Update),Mid Cap (Lapis 2),Fair Value (Wajar),0.0,-2.3088262,83.0,85,82,90,-2.3529411764705883,41300,Normal,46,Negatif,Downtrend,Death Cross,Bearish MACD,Konsolidasi / Transisi,Normal,Distribusi (Turun),Normal,Dominan Jual (Guyur),Squeeze,Rendah,Normal,Dekat Support (Low Risk),< 1 Miliar,Di Bawah VWAP (Lemah),Distribusi Pro (Guyuran),Gorengan Sepi (< 5M),Sepi (< 50%),Distribution (Fase Jualan),Normal,Normal,Turun 1 Hari Beruntun,TP: 84 | CL: 82,Open = High (Tekanan Jual),Sangat Menarik (> 1:3),Netral / Sideways,Sentimen Negatif ⚠️,Normal / Sedang Transisi,Dekat Support Fibo 38.2%,0,WAIT & SEE,TIDAK ADA,2026-08-21 16:40:01,Biasa / Mengikuti Pasar
16:40,ADES,Token Mati (Perlu Update),Big Cap (Lapis 1),Overvalued (Mahal),20.258593,5.483929,32825.0,34168,30375,40000,-0.5303030303030304,8400,Normal,48,Negatif,Downtrend,Bearish,Strong Bearish,Konsolidasi / Transisi,Normal,Distribusi (Turun),Normal,Dominan Jual (Guyur),Normal,Tinggi,Normal,Area Tengah,< 1 Miliar,Persis di VWAP,Distribusi Pro (Guyuran),Gorengan Sepi (< 5M),Normal (50-150%),Distribution (Fase Jualan),Normal,Normal,Turun 1 Hari Beruntun,TP: 34067 | CL: 31996,Open = High (Tekanan Jual),Ideal (1:2),Golden Cross (Awal Bullish),Sentimen Positif 📰,Normal / Sedang Transisi,Dekat Support Fibo 38.2%,1,WAIT & SEE,TIDAK ADA,2026-08-21 16:40:01,Biasa / Mengikuti Pasar
16:40,ADHI,Token Mati (Perlu Update),Mid Cap (Lapis 2),Fair Value (Wajar),0.0,0.38907662,133.0,149,132,167,-3.6231884057971016,30491400,Tembus MA20,19,Negatif,Downtrend,Bearish,Strong Bearish,Strong Downtrend (5<20<50),Distribusi Kuat,Distribusi (Turun),Normal,Dominan Jual (Guyur),Bottom Rebound,Tinggi,Normal,Dekat Support (Low Risk),> 1 Miliar,Di Bawah VWAP (Lemah),Distribusi Pro (Guyuran),Gorengan Sepi (< 5M),Anomali Tinggi (150-300%),Mark-Down (Fase Runtuh),Normal,Normal,Turun 4 Hari Beruntun,TP: 140 | CL: 127,Normal,Sangat Menarik (> 1:3),Oversold (Jenuh Jual - Peluang),Netral / Sepi Berita,Normal / Sedang Transisi,Golden Rebound Fibo Bottom / 100% 🎯,1,WAIT & SEE,TIDAK ADA,2026-08-21 16:40:01,🔥 ANOMALI BANDAR (Siap Ledakan)
16:40,AISA,Token Mati (Perlu Update),Small Cap (Lapis 3),Undervalued (Murah),12.845011,0.9485509,120.0,118,104,141,-1.639344262295082,12291100,Normal,58,Negatif,Uptrend,Bullish,Bearish MACD,Perfect Uptrend (5>20>50),Normal,Akumulasi (Naik),Normal,Dominan Jual (Guyur),Normal,Tinggi,Normal,Rawan Pucuk (High Risk),> 1 Miliar,Di Bawah VWAP (Lemah),Distribusi Pro (Guyuran),Gorengan Sepi (< 5M),Normal (50-150%),Mark-Up (Fase Pesta),Spesialis Tiang Jemuran (Banting Pucuk),Normal,Turun 1 Hari Beruntun,TP: 126 | CL: 115,Normal,Menengah (1:1),Netral / Sideways,Sentimen Positif 📰,Normal / Sedang Transisi,Dekat Support Fibo 38.2%,5,WAIT & SEE,TIDAK ADA,2026-08-21 16:40:01,Biasa / Mengikuti Pasar
16:40,AKKU,Token Mati (Perlu Update),Small Cap (Lapis 3),Overvalued (Mahal),336.2832,0.6251748,38.0,38,38,38,0.0,0,Normal,0,Negatif,Downtrend,Bearish,Bearish MACD,Konsolidasi / Transisi,Normal,Netral,Normal,Tidak Ada Transaksi,Squeeze,Rendah,Doji (Ragu-ragu),Dekat Support (Low Risk),< 1 Miliar,Di Atas VWAP (Kuat),Netral,Gorengan Sepi (< 5M),Normal (50-150%),Sideways,Solid (Jarang Dibanting),Normal,Sideways / Stagnan,TP: 39 | CL: 37,Normal,Di Area Support,Oversold (Jenuh Jual - Peluang),Netral / Sepi Berita,Normal / Sedang Transisi,Normal / Sideways,0,WAIT & SEE,TIDAK ADA,2026-08-21 16:40:01,Biasa / Mengikuti Pasar
16:40,AKPI,Token Mati (Perlu Update),Small Cap (Lapis 3),Undervalued (Murah),3.5918021,0.16128533,510.0,503,490,555,-0.9708737864077669,48500,Normal,57,Negatif,Uptrend,Bullish,Strong Bullish,Perfect Uptrend (5>20>50),Normal,Distribusi (Turun),Normal,Seimbang / Adu Mekanik,Squeeze,Rendah,Normal,Area Tengah,< 1 Miliar,Persis di VWAP,Distribusi Pro (Guyuran),Gorengan Sepi (< 5M),Sepi (< 50%),Mark-Up (Fase Pesta),Spesialis Tiang Jemuran (Banting Pucuk),Normal,Turun 1 Hari Beruntun,TP: 533 | CL: 494,Open = High (Tekanan Jual),Ideal (1:2),Netral / Sideways,Sentimen Negatif ⚠️,Normal / Sedang Transisi,Dekat Support Fibo 61.8% (Golden Ratio),4,WAIT & SEE,TIDAK ADA,2026-08-21 16:40:01,Biasa / Mengikuti Pasar
16:40,AKRA,Token Mati (Perlu Update),Big Cap (Lapis 1),Fair Value (Wajar),10.058827,2.1162128,1390.0,1410,1366,1470,-0.35842293906810035,7977800,Normal,53,Negatif,Downtrend,Bearish,Bearish MACD,Konsolidasi / Transisi,Normal,Distribusi (Turun),Normal,Seimbang / Adu Mekanik,Squeeze,Rendah,Normal,Dekat Support (Low Risk),> 1 Miliar,Persis di VWAP,Distribusi Pro (Guyuran),Ritel Aktif (5M - 50M),Normal (50-150%),Distribution (Fase Jualan),Normal,Normal,Turun 1 Hari Beruntun,TP: 1428 | CL: 1364,Open = High (Tekanan Jual),Sangat Menarik (> 1:3),Oversold (Jenuh Jual - Peluang),Sentimen Positif 📰,Normal / Sedang Transisi,Golden Rebound Fibo 23.6% 🎯,2,WAIT & SEE,TIDAK ADA,2026-08-21 16:40:01,Biasa / Mengikuti Pasar
16:40,AKSI,Token Mati (Perlu Update),Small Cap (Lapis 3),Undervalued (Murah),9.030231,1.0376532,230.0,230,218,280,0.0,103700,Normal,53,Negatif,Downtrend,Bearish,Bearish MACD,Konsolidasi / Transisi,Normal,Akumulasi (Naik),Normal,Dominan Jual (Guyur),Normal,Sedang,Normal,Area Tengah,< 1 Miliar,Di Atas VWAP (Kuat),Akumulasi Pro (Smart Money),Gorengan Sepi (< 5M),Sepi (< 50%),Distribution (Fase Jualan),Spesialis Tiang Jemuran (Banting Pucuk),Normal,Sideways / Stagnan,TP: 248 | CL: 217,Normal,Sangat Menarik (> 1:3),Golden Cross (Awal Bullish),Netral / Sepi Berita,Supply Kering (Siap Pump) 🏜️,Mendekati Fibo 50.0%,2,WAIT & SEE,TIDAK ADA,2026-08-21 16:40:01,Biasa / Mengikuti Pasar
16:40,ALDO,Token Mati (Perlu Update),Mid Cap (Lapis 2),Overvalued (Mahal),27.852652,2.2616346,930.0,856,750,1035,0.5405405405405406,86700,Normal,65,Positif,Uptrend,Bullish,Strong Bullish,Perfect Uptrend (5>20>50),Normal,Distribusi (Turun),Normal,Dominan Beli (Hajar Kanan),Normal,Tinggi,Normal,Rawan Pucuk (High Risk),< 1 Miliar,Di Atas VWAP (Kuat),Akumulasi Pro (Smart Money),Gorengan Sepi (< 5M),Sepi (< 50%),Mark-Up (Fase Pesta),Spesialis Tiang Jemuran (Banting Pucuk),Jarum Bawah (Sinyal Pantulan Kuat),Naik 2 Hari Beruntun,TP: 1032 | CL: 861,Normal,Tidak Ideal (< 1:1),Netral / Sideways,Netral / Sepi Berita,Normal / Sedang Transisi,Mendekati Fibo 38.2%,6,WAIT & SEE,TIDAK ADA,2026-08-21 16:40:01,Biasa / Mengikuti Pasar
16:40,ALKA,Token Mati (Perlu Update),Mid Cap (Lapis 2),Overvalued (Mahal),119.74785,9.847387,4540.0,2280,1105,5025,12.935323383084576,648900,Tembus MA20,95,Positif,Uptrend,Bullish,Strong Bullish,Perfect Uptrend (5>20>50),Distribusi Kuat,Akumulasi (Naik),Gap Up (+23.9%),Seimbang / Adu Mekanik,Breakout Upper,Tinggi,Normal,Rawan Pucuk (High Risk),> 1 Miliar,Di Atas VWAP (Kuat),Akumulasi Pro (Smart Money),Gorengan Sepi (< 5M),Anomali Tinggi (150-300%),Mark-Up (Fase Pesta),Solid (Jarang Dibanting),Normal,Naik 5 Hari Beruntun,TP: 5015 | CL: 4222,Normal,Tidak Ideal (< 1:1),Overbought (Jenuh Beli - Rawan),Netral / Sepi Berita,Supply Banjir (Distribusi) 🌊,Mengambang (Jauh dari Fibo),8,BELI,TIDAK ADA,2026-08-21 16:40:01,⚠️ Anomali (Sudah Terbang)
16:40,ALMI,Token Mati (Perlu Update),Small Cap (Lapis 3),Overvalued (Mahal),0.0,74000.0,74.0,74,74,74,0.0,0,Normal,0,Negatif,Downtrend,Bearish,Bearish MACD,Konsolidasi / Transisi,Normal,Netral,Normal,Tidak Ada Transaksi,Squeeze,Rendah,Doji (Ragu-ragu),Dekat Support (Low Risk),< 1 Miliar,Di Atas VWAP (Kuat),Netral,Gorengan Sepi (< 5M),Normal (50-150%),Sideways,Solid (Jarang Dibanting),Normal,Sideways / Stagnan,TP: 75 | CL: 73,Normal,Di Area Support,Oversold (Jenuh Jual - Peluang),Netral / Sepi Berita,Normal / Sedang Transisi,Normal / Sideways,0,WAIT & SEE,TIDAK ADA,2026-08-21 16:40:01,Biasa / Mengikuti Pasar
16:40,ALTO,Token Mati (Perlu Update),Small Cap (Lapis 3),Fair Value (Wajar),0.0,0.13290901,18.0,18,18,18,0.0,0,Normal,0,Negatif,Downtrend,Bearish,Bearish MACD,Konsolidasi / Transisi,Normal,Netral,Normal,Tidak Ada Transaksi,Squeeze,Rendah,Doji (Ragu-ragu),Dekat Support (Low Risk),< 1 Miliar,Di Atas VWAP (Kuat),Netral,Gorengan Sepi (< 5M),Normal (50-150%),Sideways,Solid (Jarang Dibanting),Normal,Sideways / Stagnan,TP: 19 | CL: 17,Normal,Di Area Support,Oversold (Jenuh Jual - Peluang),Netral / Sepi Berita,Normal / Sedang Transisi,Normal / Sideways,0,WAIT & SEE,TIDAK ADA,2026-08-21 16:40:01,Biasa / Mengikuti Pasar
16:40,AMAG,Token Mati (Perlu Update),Mid Cap (Lapis 2),Undervalued (Murah),8.651059,0.89816475,388.0,387,376,392,0.0,53800,Normal,48,Negatif,Uptrend,Bullish,Bullish MACD,Awal Reversal (5>20),Normal,Distribusi (Turun),Normal,Dominan Jual (Guyur),Squeeze,Rendah,Normal,Area Tengah,< 1 Miliar,Persis di VWAP,Akumulasi Pro (Smart Money),Gorengan Sepi (< 5M),Sepi (< 50%),Accumulation (Kumpul Barang),Solid (Jarang Dibanting),Normal,Sideways / Stagnan,TP: 394 | CL: 383,Open = High (Tekanan Jual),Tidak Ideal (< 1:1),Overbought (Jenuh Beli - Rawan),Sentimen Positif 📰,Supply Kering (Siap Pump) 🏜️,Golden Rebound Fibo 23.6% 🎯,4,WAIT & SEE,TIDAK ADA,2026-08-21 16:40:01,Biasa / Mengikuti Pasar
16:40,AMFG,Token Mati (Perlu Update),Mid Cap (Lapis 2),Undervalued (Murah),12.804245,0.30211645,3330.0,3310,3100,3400,0.0,700,Normal,61,Negatif,Uptrend,Bullish,Bearish MACD,Perfect Uptrend (5>20>50),Normal,Netral,Normal,Dominan Beli (Hajar Kanan),Squeeze,Rendah,Marubozu (Strong Bullish),Area Tengah,< 1 Miliar,Persis di VWAP,Akumulasi Pro (Smart Money),Gorengan Sepi (< 5M),Sepi (< 50%),Mark-Up (Fase Pesta),Normal,Normal,Sideways / Stagnan,TP: 3412 | CL: 3275,Open = Low (Bullish Kuat),Tidak Ideal (< 1:1),Netral / Sideways,Sentimen Positif 📰,Supply Kering (Siap Pump) 🏜️,Mendekati Fibo 38.2%,5,WAIT & SEE,TIDAK ADA,2026-08-21 16:40:01,Biasa / Mengikuti Pasar
16:40,AMIN,Token Mati (Perlu Update),Small Cap (Lapis 3),Fair Value (Wajar),0.0,1.2831411,240.0,243,230,260,0.0,5300,Normal,43,Negatif,Downtrend,Bearish,Strong Bearish,Strong Downtrend (5<20<50),Normal,Distribusi (Turun),Normal,Seimbang / Adu Mekanik,Squeeze,Rendah,Normal,Area Tengah,< 1 Miliar,Persis di VWAP,Akumulasi Pro (Smart Money),Gorengan Sepi (< 5M),Sepi (< 50%),Mark-Down (Fase Runtuh),Normal,Normal,Sideways / Stagnan,TP: 254 | CL: 230,Open = High (Tekanan Jual),Ideal (1:2),Netral / Sideways,Sentimen Positif 📰,Normal / Sedang Transisi,Dekat Support Fibo 61.8% (Golden Ratio),1,WAIT & SEE,TIDAK ADA,2026-08-21 16:40:01,Biasa / Mengikuti Pasar
16:40,AMRT,Token Mati (Perlu Update),Big Cap (Lapis 1),Overvalued (Mahal),16.728624,3.324138,1440.0,1367,1295,1455,4.7272727272727275,36935500,Normal,58,Positif,Uptrend,Bullish,Strong Bullish,Awal Reversal (5>20),Normal,Akumulasi (Naik),Normal,Dominan Beli (Hajar Kanan),Normal,Sedang,Normal,Rawan Pucuk (High Risk),> 1 Miliar,Di Atas VWAP (Kuat),Akumulasi Pro (Smart Money),Ritel Aktif (5M - 50M),Normal (50-150%),Accumulation (Kumpul Barang),Solid (Jarang Dibanting),Normal,Naik 2 Hari Beruntun,TP: 1521 | CL: 1385,Open = Low (Bullish Kuat),Tidak Ideal (< 1:1),Netral / Sideways,Sentimen Positif 📰,Normal / Sedang Transisi,Dekat Support Fibo 23.6%,8,BELI,TIDAK ADA,2026-08-21 16:40:01,Biasa / Mengikuti Pasar
16:40,ANJT,Token Mati (Perlu Update),Mid Cap (Lapis 2),Fair Value (Wajar),0.0,1.2582645,1595.0,1487,1355,1620,1.2698412698412698,130600,Tembus MA20,68,Positif,Uptrend,Bullish,Strong Bullish,Perfect Uptrend (5>20>50),Normal,Akumulasi (Naik),Normal,Seimbang / Adu Mekanik,Breakout Upper,Sedang,Normal,Rawan Pucuk (High Risk),< 1 Miliar,Di Atas VWAP (Kuat),Akumulasi Pro (Smart Money),Gorengan Sepi (< 5M),Anomali Tinggi (150-300%),Mark-Up (Fase Pesta),Normal,Normal,Naik 2 Hari Beruntun,TP: 1653 | CL: 1556,Open = Low (Bullish Kuat),Tidak Ideal (< 1:1),Netral / Sideways,Netral / Sepi Berita,Normal / Sedang Transisi,Mendekati Fibo 23.6%,7,BELI,TIDAK ADA,2026-08-21 16:40:01,Biasa / Mengikuti Pasar
16:40,ANTM,Token Mati (Perlu Update),Big Cap (Lapis 1),Fair Value (Wajar),9.01003,1.9671487,3180.0,3017,2800,3220,1.2738853503184715,99212800,Tembus MA20,61,Positif,Uptrend,Bullish,Strong Bullish,Perfect Uptrend (5>20>50),Normal,Akumulasi (Naik),Normal,Dominan Beli (Hajar Kanan),Normal,Sedang,Normal,Rawan Pucuk (High Risk),> 1 Miliar,Di Atas VWAP (Kuat),Akumulasi Pro (Smart Money),Sultan (> 50M/hari),Normal (50-150%),Mark-Up (Fase Pesta),Normal,Normal,Naik 2 Hari Beruntun,TP: 3335 | CL: 3076,Normal,Tidak Ideal (< 1:1),Netral / Sideways,Sentimen Positif 📰,Normal / Sedang Transisi,Mengambang (Jauh dari Fibo),9,BELI,TIDAK ADA,2026-08-21 16:40:01,Biasa / Mengikuti Pasar
16:40,APEX,Token Mati (Perlu Update),Small Cap (Lapis 3),Overvalued (Mahal),6.523955,9600.0,193.0,167,140,204,0.0,13680200,Normal,75,Negatif,Uptrend,Bullish,Strong Bullish,Perfect Uptrend (5>20>50),Normal,Akumulasi (Naik),Normal,Seimbang / Adu Mekanik,Normal,Tinggi,Normal,Rawan Pucuk (High Risk),> 1 Miliar,Di Atas VWAP (Kuat),Akumulasi Pro (Smart Money),Ritel Aktif (5M - 50M),Sepi (< 50%),Mark-Up (Fase Pesta),Normal,Normal,Sideways / Stagnan,TP: 207 | CL: 183,Normal,Tidak Ideal (< 1:1),Death Cross (Awal Bearish),Sentimen Positif 📰,Supply Banjir (Distribusi) 🌊,Mengambang (Jauh dari Fibo),6,WAIT & SEE,TIDAK ADA,2026-08-21 16:40:01,Biasa / Mengikuti Pasar
16:40,APIC,Token Mati (Perlu Update),Mid Cap (Lapis 2),Overvalued (Mahal),60.657597,1.9419096,535.0,598,500,705,-3.6036036036036037,750400,Normal,34,Negatif,Downtrend,Bearish,Strong Bearish,Strong Downtrend (5<20<50),Normal,Distribusi (Turun),Normal,Dominan Jual (Guyur),Normal,Tinggi,Normal,Area Tengah,< 1 Miliar,Persis di VWAP,Distribusi Pro (Guyuran),Gorengan Sepi (< 5M),Normal (50-150%),Mark-Down (Fase Runtuh),Normal,Normal,Turun 1 Hari Beruntun,TP: 582 | CL: 503,Open = High (Tekanan Jual),Sangat Menarik (> 1:3),Golden Cross (Awal Bullish),Netral / Sepi Berita,Normal / Sedang Transisi,Mengambang (Jauh dari Fibo),0,WAIT & SEE,TIDAK ADA,2026-08-21 16:40:01,Biasa / Mengikuti Pasar
16:40,APII,Token Mati (Perlu Update),Small Cap (Lapis 3),Undervalued (Murah),9.956342,0.49504033,187.0,187,167,202,-2.094240837696335,75000,Normal,51,Negatif,Downtrend,Bullish,Bearish MACD,Perfect Uptrend (5>20>50),Normal,Akumulasi (Naik),Normal,Dominan Jual (Guyur),Normal,Sedang,Normal,Rawan Pucuk (High Risk),< 1 Miliar,Di Bawah VWAP (Lemah),Akumulasi Pro (Smart Money),Gorengan Sepi (< 5M),Sepi (< 50%),Distribution (Fase Jualan),Spesialis Tiang Jemuran (Banting Pucuk),Normal,Turun 1 Hari Beruntun,TP: 197 | CL: 179,Normal,Tidak Ideal (< 1:1),Netral / Sideways,Sentimen Positif 📰,Normal / Sedang Transisi,Dekat Support Fibo 38.2%,4,WAIT & SEE,TIDAK ADA,2026-08-21 16:40:01,Biasa / Mengikuti Pasar
16:40,APLI,Token Mati (Perlu Update),Small Cap (Lapis 3),Overvalued (Mahal),25.07016,1.2441565,268.0,254,234,320,-1.4705882352941175,344500,Normal,63,Negatif,Uptrend,Bullish,Strong Bullish,Perfect Uptrend (5>20>50),Normal,Akumulasi (Naik),Normal,Dominan Jual (Guyur),Normal,Tinggi,Normal,Rawan Pucuk (High Risk),< 1 Miliar,Di Bawah VWAP (Lemah),Distribusi Pro (Guyuran),Gorengan Sepi (< 5M),Normal (50-150%),Mark-Up (Fase Pesta),Spesialis Tiang Jemuran (Banting Pucuk),Normal,Turun 1 Hari Beruntun,TP: 293 | CL: 251,Normal,Ideal (1:2),Netral / Sideways,Sentimen Positif 📰,Supply Banjir (Distribusi) 🌊,Mendekati Fibo 50.0%,6,WAIT & SEE,TIDAK ADA,2026-08-21 16:40:01,Biasa / Mengikuti Pasar
16:40,APLN,Token Mati (Perlu Update),Mid Cap (Lapis 2),Undervalued (Murah),8.044693,0.27878287,144.0,129,115,163,-1.36986301369863,40060800,Normal,64,Negatif,Uptrend,Bullish,Strong Bullish,Perfect Uptrend (5>20>50),Normal,Akumulasi (Naik),Normal,Dominan Jual (Guyur),Normal,Tinggi,Normal,Rawan Pucuk (High Risk),> 1 Miliar,Persis di VWAP,Distribusi Pro (Guyuran),Ritel Aktif (5M - 50M),Sepi (< 50%),Mark-Up (Fase Pesta),Spesialis Tiang Jemuran (Banting Pucuk),Normal,Turun 1 Hari Beruntun,TP: 156 | CL: 135,Normal,Tidak Ideal (< 1:1),Death Cross (Awal Bearish),Sentimen Positif 📰,Supply Banjir (Distribusi) 🌊,Dekat Support Fibo 38.2%,6,WAIT & SEE,TIDAK ADA,2026-08-21 16:40:01,Biasa / Mengikuti Pasar
16:40,ARGO,Token Mati (Perlu Update),Mid Cap (Lapis 2),Overvalued (Mahal),140.85367,22.980503,1155.0,1166,1050,1255,0.0,925300,Tembus MA20,58,Negatif,Downtrend,Bearish,Bearish MACD,Konsolidasi / Transisi,Distribusi Kuat,Akumulasi (Naik),Normal,Seimbang / Adu Mekanik,Squeeze,Rendah,Doji (Ragu-ragu),Rawan Pucuk (High Risk),> 1 Miliar,Persis di VWAP,Akumulasi Pro (Smart Money),Gorengan Sepi (< 5M),Anomali Tinggi (150-300%),Distribution (Fase Jualan),Normal,Normal,Sideways / Stagnan,TP: 1231 | CL: 1103,Normal,Tidak Ideal (< 1:1),Netral / Sideways,Sentimen Positif 📰,Normal / Sedang Transisi,Mendekati Fibo 23.6%,4,WAIT & SEE,TIDAK ADA,2026-08-21 16:40:01,Biasa / Mengikuti Pasar
16:40,ARII,Token Mati (Perlu Update),Mid Cap (Lapis 2),Overvalued (Mahal),12.581914,13714.286,288.0,277,250,318,1.4084507042253522,37100,Normal,61,Positif,Uptrend,Bullish,Strong Bullish,Awal Reversal (5>20),Normal,Distribusi (Turun),Gap Up (+3.5%),Dominan Jual (Guyur),Normal,Sedang,Normal,Rawan Pucuk (High Risk),< 1 Miliar,Persis di VWAP,Distribusi Pro (Guyuran),Gorengan Sepi (< 5M),Sepi (< 50%),Accumulation (Kumpul Barang),Spesialis Tiang Jemuran (Banting Pucuk),Normal,Naik 2 Hari Beruntun,TP: 313 | CL: 271,Open = High (Tekanan Jual),Tidak Ideal (< 1:1),Golden Cross (Awal Bullish),Netral / Sepi Berita,Normal / Sedang Transisi,Mendekati Fibo 50.0%,6,WAIT & SEE,TIDAK ADA,2026-08-21 16:40:01,Biasa / Mengikuti Pasar
16:40,ARNA,Token Mati (Perlu Update),Mid Cap (Lapis 2),Fair Value (Wajar),8.333333,1.9032956,492.0,493,476,505,0.0,2159300,Normal,64,Negatif,Downtrend,Death Cross,Bearish MACD,Konsolidasi / Transisi,Normal,Distribusi (Turun),Normal,Dominan Beli (Hajar Kanan),Squeeze,Rendah,Doji (Ragu-ragu),Area Tengah,> 1 Miliar,Persis di VWAP,Akumulasi Pro (Smart Money),Gorengan Sepi (< 5M),Normal (50-150%),Distribution (Fase Jualan),Spesialis Tiang Jemuran (Banting Pucuk),Jarum Bawah (Sinyal Pantulan Kuat),Sideways / Stagnan,TP: 501 | CL: 485,Normal,Tidak Ideal (< 1:1),Netral / Sideways,Sentimen Positif 📰,Normal / Sedang Transisi,Mendekati Fibo 23.6%,3,WAIT & SEE,TIDAK ADA,2026-08-21 16:40:01,Biasa / Mengikuti Pasar
16:40,ARTA,Token Mati (Perlu Update),Mid Cap (Lapis 2),Overvalued (Mahal),0.0,6.8448105,2300.0,2407,2250,2950,0.43668122270742354,1700,Normal,42,Positif,Downtrend,Bearish,Strong Bearish,Strong Downtrend (5<20<50),Normal,Distribusi (Turun),Normal,Dominan Jual (Guyur),Normal,Tinggi,Normal,Dekat Support (Low Risk),< 1 Miliar,Persis di VWAP,Akumulasi Pro (Smart Money),Gorengan Sepi (< 5M),Normal (50-150%),Mark-Down (Fase Runtuh),Normal,Normal,Naik 2 Hari Beruntun,TP: 2442 | CL: 2205,Open = Low (Bullish Kuat),Sangat Menarik (> 1:3),Oversold (Jenuh Jual - Peluang),Sentimen Positif 📰,Normal / Sedang Transisi,Mendekati Fibo 78.6%,2,WAIT & SEE,TIDAK ADA,2026-08-21 16:40:01,Biasa / Mengikuti Pasar
16:40,ARTI,Token Mati (Perlu Update),Small Cap (Lapis 3),Fair Value (Wajar),1.0695187,-0.072920844,2.0,2,2,2,0.0,0,Normal,0,Negatif,Downtrend,Bearish,Bearish MACD,Konsolidasi / Transisi,Normal,Netral,Normal,Tidak Ada Transaksi,Squeeze,Rendah,Doji (Ragu-ragu),Dekat Support (Low Risk),< 1 Miliar,Di Atas VWAP (Kuat),Netral,Gorengan Sepi (< 5M),Normal (50-150%),Sideways,Solid (Jarang Dibanting),Normal,Sideways / Stagnan,TP: 3 | CL: 1,Normal,Di Area Support,Oversold (Jenuh Jual - Peluang),Netral / Sepi Berita,Normal / Sedang Transisi,Normal / Sideways,0,WAIT & SEE,TIDAK ADA,2026-08-21 16:40:01,Biasa / Mengikuti Pasar
16:40,ARTO,Token Mati (Perlu Update),Big Cap (Lapis 1),Overvalued (Mahal),44.672817,1.6354524,1070.0,1209,1055,1355,1.4218009478672986,10689100,Tembus MA20,39,Positif,Downtrend,Bearish,Strong Bearish,Konsolidasi / Transisi,Normal,Distribusi (Turun),Normal,Seimbang / Adu Mekanik,Normal,Tinggi,Normal,Dekat Support (Low Risk),> 1 Miliar,Di Bawah VWAP (Lemah),Distribusi Pro (Guyuran),Ritel Aktif (5M - 50M),Normal (50-150%),Distribution (Fase Jualan),Normal,Normal,Naik 1 Hari Beruntun,TP: 1156 | CL: 1012,Normal,Sangat Menarik (> 1:3),Oversold (Jenuh Jual - Peluang),Sentimen Positif 📰,Normal / Sedang Transisi,Mengambang (Jauh dari Fibo),3,WAIT & SEE,TIDAK ADA,2026-08-21 16:40:01,Biasa / Mengikuti Pasar
16:40,ASBI,Token Mati (Perlu Update),Small Cap (Lapis 3),Undervalued (Murah),8.457691,0.3116539,416.0,419,392,438,0.9708737864077669,6200,Normal,49,Positif,Downtrend,Bearish,Strong Bearish,Konsolidasi / Transisi,Normal,Akumulasi (Naik),Normal,Seimbang / Adu Mekanik,Squeeze,Rendah,Normal,Area Tengah,< 1 Miliar,Persis di VWAP,Distribusi Pro (Guyuran),Gorengan Sepi (< 5M),Normal (50-150%),Distribution (Fase Jualan),Normal,Normal,Naik 2 Hari Beruntun,TP: 441 | CL: 398,Open = Low (Bullish Kuat),Tidak Ideal (< 1:1),Netral / Sideways,Sentimen Positif 📰,Supply Kering (Siap Pump) 🏜️,Golden Rebound Fibo 61.8% (Golden Ratio) 🎯,3,WAIT & SEE,TIDAK ADA,2026-08-21 16:40:01,Biasa / Mengikuti Pasar
16:40,ASDM,Token Mati (Perlu Update),Small Cap (Lapis 3),Undervalued (Murah),10.40604,0.5420163,510.0,511,498,535,0.0,2700,Normal,50,Negatif,Downtrend,Death Cross,Bearish MACD,Konsolidasi / Transisi,Normal,Distribusi (Turun),Normal,Dominan Jual (Guyur),Squeeze,Rendah,Normal,Dekat Support (Low Risk),< 1 Miliar,Persis di VWAP,Distribusi Pro (Guyuran),Gorengan Sepi (< 5M),Sepi (< 50%),Distribution (Fase Jualan),Normal,Normal,Sideways / Stagnan,TP: 527 | CL: 498,Open = High (Tekanan Jual),Ideal (1:2),Netral / Sideways,Sentimen Positif 📰,Normal / Sedang Transisi,Dekat Support Fibo 50.0%,1,WAIT & SEE,TIDAK ADA,2026-08-21 16:40:01,Biasa / Mengikuti Pasar
16:40,ASGR,Token Mati (Perlu Update),Mid Cap (Lapis 2),Undervalued (Murah),7.99697,1.2441345,1795.0,1814,1740,1970,0.8426966292134831,738600,Normal,53,Positif,Downtrend,Bearish,Bearish MACD,Konsolidasi / Transisi,Normal,Akumulasi (Naik),Normal,Seimbang / Adu Mekanik,Normal,Sedang,Normal,Area Tengah,> 1 Miliar,Persis di VWAP,Distribusi Pro (Guyuran),Gorengan Sepi (< 5M),Normal (50-150%),Distribution (Fase Jualan),Spesialis Tiang Jemuran (Banting Pucuk),Normal,Naik 2 Hari Beruntun,TP: 1846 | CL: 1760,Normal,Sangat Menarik (> 1:3),Netral / Sideways,Sentimen Positif 📰,Normal / Sedang Transisi,Mendekati Fibo 38.2%,4,WAIT & SEE,TIDAK ADA,2026-08-21 16:40:01,Biasa / Mengikuti Pasar
16:40,ASII,Token Mati (Perlu Update),Big Cap (Lapis 1),Undervalued (Murah),6.4859605,0.83286804,4810.0,4935,4720,5275,0.41753653444676403,25841600,Normal,44,Positif,Downtrend,Bearish,Strong Bearish,Konsolidasi / Transisi,Normal,Akumulasi (Naik),Normal,Seimbang / Adu Mekanik,Normal,Sedang,Normal,Dekat Support (Low Risk),> 1 Miliar,Persis di VWAP,Distribusi Pro (Guyuran),Sultan (> 50M/hari),Normal (50-150%),Distribution (Fase Jualan),Normal,Normal,Naik 2 Hari Beruntun,TP: 4990 | CL: 4690,Normal,Sangat Menarik (> 1:3),Oversold (Jenuh Jual - Peluang),Sentimen Positif 📰,Normal / Sedang Transisi,Golden Rebound Fibo 78.6% 🎯,3,WAIT & SEE,TIDAK ADA,2026-08-21 16:40:01,Biasa / Mengikuti Pasar
16:40,ASJT,Token Mati (Perlu Update),Small Cap (Lapis 3),Fair Value (Wajar),0.0,0.74565727,162.0,155,149,212,-1.2195121951219512,105100,Normal,56,Negatif,Uptrend,Bullish,Strong Bullish,Awal Reversal (5>20),Normal,Akumulasi (Naik),Normal,Dominan Jual (Guyur),Normal,Sedang,Normal,Area Tengah,< 1 Miliar,Di Atas VWAP (Kuat),Akumulasi Pro (Smart Money),Gorengan Sepi (< 5M),Sepi (< 50%),Accumulation (Kumpul Barang),Spesialis Tiang Jemuran (Banting Pucuk),Normal,Turun 1 Hari Beruntun,TP: 169 | CL: 156,Normal,Sangat Menarik (> 1:3),Netral / Sideways,Sentimen Positif 📰,Supply Kering (Siap Pump) 🏜️,Mengambang (Jauh dari Fibo),6,WAIT & SEE,TIDAK ADA,2026-08-21 16:40:01,Biasa / Mengikuti Pasar
16:40,ASMI,Token Mati (Perlu Update),Small Cap (Lapis 3),Fair Value (Wajar),0.0,0.55347997,16.0,16,15,19,-5.88235294117647,8468500,Normal,46,Negatif,Downtrend,Bearish,Strong Bearish,Konsolidasi / Transisi,Normal,Akumulasi (Naik),Normal,Dominan Jual (Guyur),Normal,Tinggi,Normal,Area Tengah,< 1 Miliar,Di Bawah VWAP (Lemah),Distribusi Pro (Guyuran),Gorengan Sepi (< 5M),Sepi (< 50%),Distribution (Fase Jualan),Normal,Normal,Turun 1 Hari Beruntun,TP: 17 | CL: 15,Open = High (Tekanan Jual),Sangat Menarik (> 1:3),Netral / Sideways,Netral / Sepi Berita,Normal / Sedang Transisi,Mengambang (Jauh dari Fibo),1,WAIT & SEE,TIDAK ADA,2026-08-21 16:40:01,Biasa / Mengikuti Pasar
16:40,ASRI,Token Mati (Perlu Update),Mid Cap (Lapis 2),Undervalued (Murah),8.776779,0.21677496,127.0,121,115,141,-1.550387596899225,16283200,Normal,59,Negatif,Uptrend,Bullish,Strong Bullish,Perfect Uptrend (5>20>50),Normal,Distribusi (Turun),Normal,Dominan Jual (Guyur),Normal,Sedang,Normal,Rawan Pucuk (High Risk),> 1 Miliar,Di Bawah VWAP (Lemah),Distribusi Pro (Guyuran),Ritel Aktif (5M - 50M),Normal (50-150%),Mark-Up (Fase Pesta),Spesialis Tiang Jemuran (Banting Pucuk),Normal,Turun 1 Hari Beruntun,TP: 135 | CL: 121,Open = High (Tekanan Jual),Menengah (1:1),Netral / Sideways,Sentimen Negatif ⚠️,Supply Banjir (Distribusi) 🌊,Mendekati Fibo 38.2%,4,WAIT & SEE,TIDAK ADA,2026-08-21 16:40:01,Biasa / Mengikuti Pasar
16:40,ASRM,Token Mati (Perlu Update),Small Cap (Lapis 3),Overvalued (Mahal),64.13302,0.44470212,270.0,266,250,278,0.0,1700,Normal,63,Negatif,Uptrend,Bullish,Bearish MACD,Perfect Uptrend (5>20>50),Normal,Netral,Normal,Dominan Beli (Hajar Kanan),Squeeze,Rendah,Doji (Ragu-ragu),Area Tengah,< 1 Miliar,Di Atas VWAP (Kuat),Akumulasi Pro (Smart Money),Gorengan Sepi (< 5M),Sepi (< 50%),Mark-Up (Fase Pesta),Normal,Jarum Bawah (Sinyal Pantulan Kuat),Sideways / Stagnan,TP: 278 | CL: 264,Normal,Tidak Ideal (< 1:1),Netral / Sideways,Sentimen Positif 📰,Normal / Sedang Transisi,Mendekati Fibo 23.6%,5,WAIT & SEE,TIDAK ADA,2026-08-21 16:40:01,Biasa / Mengikuti Pasar
16:40,ASSA,Token Mati (Perlu Update),Mid Cap (Lapis 2),Undervalued (Murah),5.7158165,1.0448724,640.0,621,565,685,-0.7751937984496124,19554200,Tembus MA20,58,Negatif,Uptrend,Bullish,Strong Bullish,Perfect Uptrend (5>20>50),Distribusi Kuat,Distribusi (Turun),Normal,Dominan Jual (Guyur),Normal,Sedang,Normal,Rawan Pucuk (High Risk),> 1 Miliar,Di Bawah VWAP (Lemah),Distribusi Pro (Guyuran),Ritel Aktif (5M - 50M),Anomali Tinggi (150-300%),Mark-Up (Fase Pesta),Spesialis Tiang Jemuran (Banting Pucuk),Normal,Turun 1 Hari Beruntun,TP: 678 | CL: 614,Normal,Tidak Ideal (< 1:1),Netral / Sideways,Sentimen Positif 📰,Normal / Sedang Transisi,Dekat Support Fibo 23.6%,6,WAIT & SEE,TIDAK ADA,2026-08-21 16:40:01,Biasa / Mengikuti Pasar
16:40,ATIC,Token Mati (Perlu Update),Mid Cap (Lapis 2),Fair Value (Wajar),7.529112,1.7528875,472.0,468,450,515,1.7241379310344827,120200,Tembus MA20,52,Positif,Uptrend,Bearish,Bullish MACD,Strong Downtrend (5<20<50),Normal,Akumulasi (Naik),Normal,Dominan Beli (Hajar Kanan),Squeeze,Rendah,Normal,Area Tengah,< 1 Miliar,Di Atas VWAP (Kuat),Akumulasi Pro (Smart Money),Gorengan Sepi (< 5M),Anomali Tinggi (150-300%),Accumulation (Kumpul Barang),Spesialis Tiang Jemuran (Banting Pucuk),Normal,Naik 1 Hari Beruntun,TP: 491 | CL: 459,Normal,Ideal (1:2),Netral / Sideways,Netral / Sepi Berita,Normal / Sedang Transisi,Mengambang (Jauh dari Fibo),7,BELI,TIDAK ADA,2026-08-21 16:40:01,Biasa / Mengikuti Pasar
16:40,AUTO,Token Mati (Perlu Update),Big Cap (Lapis 1),Undervalued (Murah),6.029027,0.91025245,3020.0,2798,2540,3030,2.3728813559322033,3457300,Tembus MA20,86,Positif,Uptrend,Bullish,Strong Bullish,Perfect Uptrend (5>20>50),Normal,Akumulasi (Naik),Normal,Dominan Beli (Hajar Kanan),Breakout Upper,Tinggi,Marubozu (Strong Bullish),Rawan Pucuk (High Risk),> 1 Miliar,Di Atas VWAP (Kuat),Akumulasi Pro (Smart Money),Ritel Aktif (5M - 50M),Normal (50-150%),Mark-Up (Fase Pesta),Spesialis Tiang Jemuran (Banting Pucuk),Normal,Naik 2 Hari Beruntun,TP: 3111 | CL: 2959,Open = Low (Bullish Kuat),Tidak Ideal (< 1:1),Overbought (Jenuh Beli - Rawan),Sentimen Negatif ⚠️,Normal / Sedang Transisi,Mengambang (Jauh dari Fibo),8,BELI,TIDAK ADA,2026-08-21 16:40:01,Biasa / Mengikuti Pasar
16:40,BABP,Token Mati (Perlu Update),Mid Cap (Lapis 2),Overvalued (Mahal),26.88172,0.58640707,50.0,50,50,50,0.0,1213600,Tembus MA20,48,Negatif,Downtrend,Bearish,Bullish MACD,Konsolidasi / Transisi,Normal,Netral,Normal,Tidak Ada Transaksi,Squeeze,Rendah,Doji (Ragu-ragu),Dekat Support (Low Risk),< 1 Miliar,Persis di VWAP,Netral,Gorengan Sepi (< 5M),Anomali Tinggi (150-300%),Sideways,Solid (Jarang Dibanting),Normal,Sideways / Stagnan,TP: 51 | CL: 49,Normal,Di Area Support,Oversold (Jenuh Jual - Peluang),Sentimen Positif 📰,Normal / Sedang Transisi,Golden Rebound Fibo Bottom / 100% 🎯,3,WAIT & SEE,TIDAK ADA,2026-08-21 16:40:01,Biasa / Mengikuti Pasar
16:40,BACA,Token Mati (Perlu Update),Mid Cap (Lapis 2),Fair Value (Wajar),16.223776,0.339857,116.0,116,111,121,0.0,728700,Normal,53,Negatif,Downtrend,Bullish,Bearish MACD,Perfect Uptrend (5>20>50),Normal,Distribusi (Turun),Normal,Dominan Jual (Guyur),Squeeze,Rendah,Normal,Area Tengah,< 1 Miliar,Persis di VWAP,Akumulasi Pro (Smart Money),Gorengan Sepi (< 5M),Normal (50-150%),Sideways,Normal,Normal,Sideways / Stagnan,TP: 120 | CL: 112,Normal,Menengah (1:1),Netral / Sideways,Netral / Sepi Berita,Normal / Sedang Transisi,Mendekati Fibo 50.0%,2,WAIT & SEE,TIDAK ADA,2026-08-21 16:40:01,Biasa / Mengikuti Pasar
16:40,BAJA,Token Mati (Perlu Update),Small Cap (Lapis 3),Overvalued (Mahal),336.70886,11.218422,266.0,310,167,376,-9.523809523809524,2955600,Normal,45,Negatif,Downtrend,Bullish,Bearish MACD,Perfect Uptrend (5>20>50),Normal,Distribusi (Turun),Gap Down (-9.5%),Tidak Ada Transaksi,Normal,Tinggi,Doji (Ragu-ragu),Rawan Pucuk (High Risk),< 1 Miliar,Di Bawah VWAP (Lemah),Distribusi Pro (Guyuran),Gorengan Sepi (< 5M),Ledakan Ekstrem (> 300%),Distribution (Fase Jualan),Normal,Normal,Turun 3 Hari Beruntun,TP: 290 | CL: 249,Normal,Menengah (1:1),Netral / Sideways,Sentimen Negatif ⚠️,Normal / Sedang Transisi,Mengambang (Jauh dari Fibo),1,WAIT & SEE,TIDAK ADA,2026-08-21 16:40:01,Biasa / Mengikuti Pasar
16:40,BALI,Token Mati (Perlu Update),Mid Cap (Lapis 2),Overvalued (Mahal),27.526976,2.0230007,1250.0,1228,1170,1360,-1.185770750988142,4300,Normal,53,Negatif,Uptrend,Bullish,Strong Bullish,Awal Reversal (5>20),Normal,Akumulasi (Naik),Normal,Dominan Jual (Guyur),Normal,Sedang,Normal,Area Tengah,< 1 Miliar,Persis di VWAP,Akumulasi Pro (Smart Money),Gorengan Sepi (< 5M),Sepi (< 50%),Accumulation (Kumpul Barang),Normal,Normal,Turun 2 Hari Beruntun,TP: 1299 | CL: 1217,Open = High (Tekanan Jual),Menengah (1:1),Netral / Sideways,Netral / Sepi Berita,Normal / Sedang Transisi,Dekat Support Fibo 61.8% (Golden Ratio),5,WAIT & SEE,TIDAK ADA,2026-08-21 16:40:01,Biasa / Mengikuti Pasar
16:40,BAPA,Token Mati (Perlu Update),Small Cap (Lapis 3),Fair Value (Wajar),0.0,0.8631218,147.0,159,137,234,1.3793103448275863,12281800,Normal,35,Positif,Downtrend,Bearish,Bullish MACD,Strong Downtrend (5<20<50),Normal,Akumulasi (Naik),Normal,Dominan Jual (Guyur),Normal,Tinggi,Normal,Area Tengah,> 1 Miliar,Di Atas VWAP (Kuat),Distribusi Pro (Guyuran),Gorengan Sepi (< 5M),Normal (50-150%),Mark-Down (Fase Runtuh),Spesialis Tiang Jemuran (Banting Pucuk),Normal,Naik 2 Hari Beruntun,TP: 161 | CL: 137,Normal,Sangat Menarik (> 1:3),Golden Cross (Awal Bullish),Netral / Sepi Berita,Normal / Sedang Transisi,Mengambang (Jauh dari Fibo),3,WAIT & SEE,TIDAK ADA,2026-08-21 16:40:01,Biasa / Mengikuti Pasar
16:40,BATA,Token Mati (Perlu Update),Small Cap (Lapis 3),Fair Value (Wajar),0.0,-0.433301,59.0,59,59,59,0.0,0,Normal,45,Negatif,Downtrend,Bearish,Bullish MACD,Konsolidasi / Transisi,Normal,Netral,Normal,Tidak Ada Transaksi,Squeeze,Rendah,Doji (Ragu-ragu),Dekat Support (Low Risk),< 1 Miliar,Di Atas VWAP (Kuat),Netral,Gorengan Sepi (< 5M),Normal (50-150%),Sideways,Solid (Jarang Dibanting),Normal,Sideways / Stagnan,TP: 60 | CL: 58,Normal,Di Area Support,Oversold (Jenuh Jual - Peluang),Netral / Sepi Berita,Normal / Sedang Transisi,Golden Rebound Fibo 78.6% 🎯,1,WAIT & SEE,TIDAK ADA,2026-08-21 16:40:01,Biasa / Mengikuti Pasar
16:40,BAYU,Token Mati (Perlu Update),Small Cap (Lapis 3),Overvalued (Mahal),54.597214,0.764511,1285.0,1182,1050,1320,2.3904382470119523,176200,Tembus MA20,75,Positif,Uptrend,Bullish,Strong Bullish,Perfect Uptrend (5>20>50),Normal,Akumulasi (Naik),Normal,Seimbang / Adu Mekanik,Breakout Upper,Sedang,Normal,Rawan Pucuk (High Risk),< 1 Miliar,Di Atas VWAP (Kuat),Akumulasi Pro (Smart Money),Gorengan Sepi (< 5M),Anomali Tinggi (150-300%),Mark-Up (Fase Pesta),Normal,Normal,Naik 1 Hari Beruntun,TP: 1340 | CL: 1247,Open = Low (Bullish Kuat),Tidak Ideal (< 1:1),Overbought (Jenuh Beli - Rawan),Sentimen Positif 📰,Normal / Sedang Transisi,Mendekati Fibo 23.6%,8,BELI,TIDAK ADA,2026-08-21 16:40:01,Biasa / Mengikuti Pasar
16:40,BBCA,Token Mati (Perlu Update),Big Cap (Lapis 1),Fair Value (Wajar),13.655995,2.9298046,6450.0,6351,6125,6500,0.78125,77628200,Normal,57,Positif,Uptrend,Bullish,Bearish MACD,Perfect Uptrend (5>20>50),Normal,Distribusi (Turun),Normal,Seimbang / Adu Mekanik,Squeeze,Rendah,Normal,Area Tengah,> 1 Miliar,Di Atas VWAP (Kuat),Distribusi Pro (Guyuran),Sultan (> 50M/hari),Normal (50-150%),Mark-Up (Fase Pesta),Normal,Normal,Naik 2 Hari Beruntun,TP: 6629 | CL: 6330,Open = Low (Bullish Kuat),Tidak Ideal (< 1:1),Netral / Sideways,Sentimen Positif 📰,Normal / Sedang Transisi,Mendekati Fibo 23.6%,5,WAIT & SEE,TIDAK ADA,2026-08-21 16:40:01,Biasa / Mengikuti Pasar
16:40,BBHI,Token Mati (Perlu Update),Big Cap (Lapis 1),Overvalued (Mahal),33.14917,2.649576,900.0,908,895,945,-0.5524861878453038,12370100,Tembus MA20,45,Negatif,Downtrend,Bearish,Strong Bearish,Strong Downtrend (5<20<50),Normal,Distribusi (Turun),Normal,Dominan Jual (Guyur),Squeeze,Rendah,Normal,Dekat Support (Low Risk),> 1 Miliar,Persis di VWAP,Distribusi Pro (Guyuran),Ritel Aktif (5M - 50M),Normal (50-150%),Mark-Down (Fase Runtuh),Normal,Normal,Turun 1 Hari Beruntun,TP: 920 | CL: 886,Open = High (Tekanan Jual),Sangat Menarik (> 1:3),Oversold (Jenuh Jual - Peluang),Sentimen Positif 📰,Normal / Sedang Transisi,Mengambang (Jauh dari Fibo),2,WAIT & SEE,TIDAK ADA,2026-08-21 16:40:01,Biasa / Mengikuti Pasar
16:40,BBKP,Token Mati (Perlu Update),Big Cap (Lapis 1),Fair Value (Wajar),0.0,1.303872,56.0,54,51,57,0.0,56587600,Normal,62,Negatif,Uptrend,Bullish,Strong Bullish,Perfect Uptrend (5>20>50),Normal,Akumulasi (Naik),Normal,Dominan Beli (Hajar Kanan),Normal,Sedang,Normal,Area Tengah,> 1 Miliar,Di Atas VWAP (Kuat),Akumulasi Pro (Smart Money),Gorengan Sepi (< 5M),Normal (50-150%),Mark-Up (Fase Pesta),Spesialis Tiang Jemuran (Banting Pucuk),Normal,Sideways / Stagnan,TP: 58 | CL: 54,Normal,Tidak Ideal (< 1:1),Netral / Sideways,Sentimen Positif 📰,Normal / Sedang Transisi,Dekat Support Fibo 38.2%,7,BELI,TIDAK ADA,2026-08-21 16:40:01,Biasa / Mengikuti Pasar
16:40,BBLD,Token Mati (Perlu Update),Mid Cap (Lapis 2),Overvalued (Mahal),325.24274,0.7723067,670.0,613,560,750,-2.18978102189781,30000,Normal,62,Negatif,Uptrend,Bullish,Strong Bullish,Perfect Uptrend (5>20>50),Normal,Akumulasi (Naik),Normal,Dominan Jual (Guyur),Normal,Tinggi,Normal,Rawan Pucuk (High Risk),< 1 Miliar,Persis di VWAP,Akumulasi Pro (Smart Money),Gorengan Sepi (< 5M),Sepi (< 50%),Mark-Up (Fase Pesta),Spesialis Tiang Jemuran (Banting Pucuk),Normal,Turun 2 Hari Beruntun,TP: 759 | CL: 610,Normal,Tidak Ideal (< 1:1),Death Cross (Awal Bearish),Sentimen Positif 📰,Supply Banjir (Distribusi) 🌊,Dekat Support Fibo 38.2%,6,WAIT & SEE,TIDAK ADA,2026-08-21 16:40:01,Biasa / Mengikuti Pasar
16:40,BBMD,Token Mati (Perlu Update),Mid Cap (Lapis 2),Overvalued (Mahal),26.107912,1.467112,1950.0,1994,1900,2050,0.0,1200,Normal,43,Negatif,Downtrend,Bearish,Bearish MACD,Konsolidasi / Transisi,Normal,Distribusi (Turun),Normal,Dominan Jual (Guyur),Squeeze,Rendah,Normal,Dekat Support (Low Risk),< 1 Miliar,Persis di VWAP,Distribusi Pro (Guyuran),Gorengan Sepi (< 5M),Sepi (< 50%),Distribution (Fase Jualan),Normal,Normal,Sideways / Stagnan,TP: 1977 | CL: 1931,Open = High (Tekanan Jual),Ideal (1:2),Oversold (Jenuh Jual - Peluang),Sentimen Positif 📰,Supply Kering (Siap Pump) 🏜️,Golden Rebound Fibo 61.8% (Golden Ratio) 🎯,1,WAIT & SEE,TIDAK ADA,2026-08-21 16:40:01,Biasa / Mengikuti Pasar
16:40,BBNI,Token Mati (Perlu Update),Big Cap (Lapis 1),Undervalued (Murah),6.7566347,0.84998167,3750.0,3581,3450,3780,4.456824512534819,81085400,Tembus MA20,63,Positif,Uptrend,Bullish,Strong Bullish,Perfect Uptrend (5>20>50),Akumulasi Kuat,Akumulasi (Naik),Normal,Dominan Beli (Hajar Kanan),Squeeze,Rendah,Normal,Area Tengah,> 1 Miliar,Di Atas VWAP (Kuat),Akumulasi Pro (Smart Money),Sultan (> 50M/hari),Anomali Tinggi (150-300%),Mark-Up (Fase Pesta),Normal,Normal,Naik 2 Hari Beruntun,TP: 3859 | CL: 3677,Normal,Tidak Ideal (< 1:1),Netral / Sideways,Sentimen Positif 📰,Normal / Sedang Transisi,Dekat Support Fibo 23.6%,10,BELI,TIDAK ADA,2026-08-21 16:40:01,Biasa / Mengikuti Pasar
16:40,BBRI,Token Mati (Perlu Update),Big Cap (Lapis 1),Undervalued (Murah),8.302275,1.4380603,3220.0,3056,2910,3250,2.547770700636943,309766800,Tembus MA20,67,Positif,Uptrend,Bullish,Strong Bullish,Perfect Uptrend (5>20>50),Normal,Akumulasi (Naik),Normal,Seimbang / Adu Mekanik,Breakout Upper,Sedang,Normal,Rawan Pucuk (High Risk),> 1 Miliar,Di Atas VWAP (Kuat),Akumulasi Pro (Smart Money),Sultan (> 50M/hari),Anomali Tinggi (150-300%),Mark-Up (Fase Pesta),Normal,Normal,Naik 2 Hari Beruntun,TP: 3314 | CL: 3157,Normal,Tidak Ideal (< 1:1),Overbought (Jenuh Beli - Rawan),Sentimen Positif 📰,Normal / Sedang Transisi,Mendekati Fibo 23.6%,8,BELI,TIDAK ADA,2026-08-21 16:40:01,Biasa / Mengikuti Pasar
16:40,BBRM,Token Mati (Perlu Update),Small Cap (Lapis 3),Overvalued (Mahal),8.387564,19333.334,116.0,115,107,125,0.8695652173913043,2584500,Normal,51,Positif,Uptrend,Bearish,Bearish MACD,Konsolidasi / Transisi,Normal,Akumulasi (Naik),Normal,Dominan Beli (Hajar Kanan),Normal,Sedang,Doji (Ragu-ragu),Area Tengah,< 1 Miliar,Persis di VWAP,Akumulasi Pro (Smart Money),Gorengan Sepi (< 5M),Normal (50-150%),Mark-Up (Fase Pesta),Normal,Jarum Bawah (Sinyal Pantulan Kuat),Naik 1 Hari Beruntun,TP: 122 | CL: 111,Normal,Menengah (1:1),Netral / Sideways,Sentimen Positif 📰,Supply Kering (Siap Pump) 🏜️,Mendekati Fibo 50.0%,6,WAIT & SEE,TIDAK ADA,2026-08-21 16:40:01,Biasa / Mengikuti Pasar
16:40,BBTN,Token Mati (Perlu Update),Big Cap (Lapis 1),Undervalued (Murah),4.1107383,0.4577533,1230.0,1215,1180,1255,2.0746887966804977,16564900,Tembus MA20,55,Positif,Uptrend,Bearish,Bearish MACD,Konsolidasi / Transisi,Normal,Distribusi (Turun),Normal,Dominan Beli (Hajar Kanan),Squeeze,Rendah,Marubozu (Strong Bullish),Area Tengah,> 1 Miliar,Di Atas VWAP (Kuat),Distribusi Pro (Guyuran),Ritel Aktif (5M - 50M),Normal (50-150%),Mark-Up (Fase Pesta),Normal,Normal,Naik 2 Hari Beruntun,TP: 1265 | CL: 1206,Open = Low (Bullish Kuat),Tidak Ideal (< 1:1),Netral / Sideways,Sentimen Positif 📰,Normal / Sedang Transisi,Dekat Support Fibo 50.0%,6,WAIT & SEE,TIDAK ADA,2026-08-21 16:40:01,Biasa / Mengikuti Pasar
16:40,BBYB,Token Mati (Perlu Update),Mid Cap (Lapis 2),Undervalued (Murah),5.8460836,0.77332973,258.0,252,220,274,1.574803149606299,22584200,Normal,56,Positif,Uptrend,Bearish,Bearish MACD,Konsolidasi / Transisi,Normal,Akumulasi (Naik),Normal,Seimbang / Adu Mekanik,Normal,Sedang,Normal,Rawan Pucuk (High Risk),> 1 Miliar,Di Atas VWAP (Kuat),Distribusi Pro (Guyuran),Ritel Aktif (5M - 50M),Normal (50-150%),Mark-Up (Fase Pesta),Normal,Normal,Naik 2 Hari Beruntun,TP: 272 | CL: 248,Normal,Tidak Ideal (< 1:1),Golden Cross (Awal Bullish),Sentimen Positif 📰,Normal / Sedang Transisi,Mendekati Fibo 38.2%,5,WAIT & SEE,TIDAK ADA,2026-08-21 16:40:01,Biasa / Mengikuti Pasar
16:40,BCAP,Token Mati (Perlu Update),Mid Cap (Lapis 2),Undervalued (Murah),7.374631,0.46965998,50.0,50,50,51,0.0,81800,Normal,46,Negatif,Downtrend,Bearish,Strong Bearish,Konsolidasi / Transisi,Normal,Netral,Normal,Tidak Ada Transaksi,Squeeze,Rendah,Doji (Ragu-ragu),Dekat Support (Low Risk),< 1 Miliar,Persis di VWAP,Netral,Gorengan Sepi (< 5M),Sepi (< 50%),Sideways,Solid (Jarang Dibanting),Normal,Sideways / Stagnan,TP: 51 | CL: 49,Normal,Di Area Support,Oversold (Jenuh Jual - Peluang),Sentimen Positif 📰,Supply Kering (Siap Pump) 🏜️,Golden Rebound Fibo Bottom / 100% 🎯,1,WAIT & SEE,TIDAK ADA,2026-08-21 16:40:01,Biasa / Mengikuti Pasar
16:40,BCIC,Token Mati (Perlu Update),Mid Cap (Lapis 2),Fair Value (Wajar),0.0,0.6004508,130.0,127,118,150,0.0,377600,Normal,56,Negatif,Uptrend,Bullish,Strong Bullish,Perfect Uptrend (5>20>50),Normal,Akumulasi (Naik),Normal,Seimbang / Adu Mekanik,Squeeze,Rendah,Doji (Ragu-ragu),Rawan Pucuk (High Risk),< 1 Miliar,Persis di VWAP,Akumulasi Pro (Smart Money),Gorengan Sepi (< 5M),Sepi (< 50%),Mark-Up (Fase Pesta),Spesialis Tiang Jemuran (Banting Pucuk),Jarum Bawah (Sinyal Pantulan Kuat),Sideways / Stagnan,TP: 139 | CL: 123,Normal,Ideal (1:2),Golden Cross (Awal Bullish),Sentimen Positif 📰,Supply Kering (Siap Pump) 🏜️,Golden Rebound Fibo 50.0% 🎯,6,WAIT & SEE,TIDAK ADA,2026-08-21 16:40:01,Biasa / Mengikuti Pasar
16:40,BCIP,Token Mati (Perlu Update),Small Cap (Lapis 3),Undervalued (Murah),4.676259,0.1831569,65.0,63,61,65,0.0,11142000,Tembus MA20,65,Negatif,Uptrend,Bullish,Strong Bullish,Perfect Uptrend (5>20>50),Normal,Akumulasi (Naik),Normal,Dominan Beli (Hajar Kanan),Squeeze,Rendah,Normal,Area Tengah,< 1 Miliar,Di Atas VWAP (Kuat),Akumulasi Pro (Smart Money),Gorengan Sepi (< 5M),Normal (50-150%),Mark-Up (Fase Pesta),Normal,Normal,Sideways / Stagnan,TP: 68 | CL: 62,Normal,Tidak Ideal (< 1:1),Overbought (Jenuh Beli - Rawan),Sentimen Positif 📰,Normal / Sedang Transisi,Dekat Support Fibo 23.6%,8,BELI,TIDAK ADA,2026-08-21 16:40:01,Biasa / Mengikuti Pasar
16:40,BDMN,Token Mati (Perlu Update),Big Cap (Lapis 1),Undervalued (Murah),9.250932,0.77728575,4320.0,4228,4010,4680,0.46511627906976744,1318900,Normal,56,Positif,Uptrend,Bullish,Strong Bullish,Perfect Uptrend (5>20>50),Normal,Distribusi (Turun),Normal,Seimbang / Adu Mekanik,Normal,Sedang,Normal,Area Tengah,> 1 Miliar,Di Atas VWAP (Kuat),Distribusi Pro (Guyuran),Ritel Aktif (5M - 50M),Normal (50-150%),Mark-Up (Fase Pesta),Normal,Normal,Naik 1 Hari Beruntun,TP: 4518 | CL: 4187,Normal,Menengah (1:1),Netral / Sideways,Sentimen Positif 📰,Normal / Sedang Transisi,Dekat Support Fibo 50.0%,6,WAIT & SEE,TIDAK ADA,2026-08-21 16:40:01,Biasa / Mengikuti Pasar
16:40,BEKS,Token Mati (Perlu Update),Mid Cap (Lapis 2),Fair Value (Wajar),17.692308,0.6303615,23.0,22,20,24,-4.166666666666666,14503500,Tembus MA20,54,Negatif,Uptrend,Bullish,Strong Bullish,Perfect Uptrend (5>20>50),Normal,Distribusi (Turun),Normal,Dominan Jual (Guyur),Normal,Tinggi,Normal,Rawan Pucuk (High Risk),< 1 Miliar,Di Bawah VWAP (Lemah),Distribusi Pro (Guyuran),Gorengan Sepi (< 5M),Normal (50-150%),Mark-Up (Fase Pesta),Normal,Normal,Turun 1 Hari Beruntun,TP: 23 | CL: 22,Open = High (Tekanan Jual),Tidak Ideal (< 1:1),Death Cross (Awal Bearish),Netral / Sepi Berita,Normal / Sedang Transisi,Dekat Support Fibo 23.6%,5,WAIT & SEE,TIDAK ADA,2026-08-21 16:40:01,Biasa / Mengikuti Pasar
16:40,BEST,Token Mati (Perlu Update),Mid Cap (Lapis 2),Undervalued (Murah),5.093168,0.25797358,123.0,109,98,130,-3.90625,58118900,Tembus MA20,67,Negatif,Uptrend,Bullish,Strong Bullish,Perfect Uptrend (5>20>50),Distribusi Kuat,Akumulasi (Naik),Normal,Dominan Jual (Guyur),Normal,Tinggi,Normal,Rawan Pucuk (High Risk),> 1 Miliar,Persis di VWAP,Akumulasi Pro (Smart Money),Ritel Aktif (5M - 50M),Anomali Tinggi (150-300%),Mark-Up (Fase Pesta),Normal,Normal,Turun 1 Hari Beruntun,TP: 131 | CL: 117,Open = High (Tekanan Jual),Tidak Ideal (< 1:1),Death Cross (Awal Bearish),Sentimen Negatif ⚠️,Supply Banjir (Distribusi) 🌊,Mendekati Fibo 23.6%,6,WAIT & SEE,TIDAK ADA,2026-08-21 16:40:01,Biasa / Mengikuti Pasar
16:40,BFIN,Token Mati (Perlu Update),Big Cap (Lapis 1),Undervalued (Murah),8.151167,1.1858847,880.0,888,750,960,-1.1235955056179776,20008400,Normal,54,Negatif,Downtrend,Bullish,Bearish MACD,Perfect Uptrend (5>20>50),Normal,Distribusi (Turun),Normal,Seimbang / Adu Mekanik,Normal,Tinggi,Normal,Rawan Pucuk (High Risk),> 1 Miliar,Di Bawah VWAP (Lemah),Distribusi Pro (Guyuran),Ritel Aktif (5M - 50M),Normal (50-150%),Distribution (Fase Jualan),Normal,Normal,Turun 3 Hari Beruntun,TP: 933 | CL: 844,Open = High (Tekanan Jual),Tidak Ideal (< 1:1),Netral / Sideways,Sentimen Positif 📰,Normal / Sedang Transisi,Dekat Support Fibo 23.6%,3,WAIT & SEE,TIDAK ADA,2026-08-21 16:40:01,Biasa / Mengikuti Pasar
16:40,BGTG,Token Mati (Perlu Update),Mid Cap (Lapis 2),Undervalued (Murah),11.478801,0.70726764,111.0,110,105,117,-0.8928571428571428,3175700,Normal,51,Negatif,Uptrend,Bearish,Bearish MACD,Konsolidasi / Transisi,Normal,Akumulasi (Naik),Normal,Seimbang / Adu Mekanik,Normal,Sedang,Normal,Area Tengah,< 1 Miliar,Persis di VWAP,Akumulasi Pro (Smart Money),Gorengan Sepi (< 5M),Normal (50-150%),Mark-Up (Fase Pesta),Normal,Normal,Turun 1 Hari Beruntun,TP: 116 | CL: 107,Open = High (Tekanan Jual),Menengah (1:1),Netral / Sideways,Sentimen Positif 📰,Normal / Sedang Transisi,Dekat Support Fibo 23.6%,4,WAIT & SEE,TIDAK ADA,2026-08-21 16:40:01,Biasa / Mengikuti Pasar
16:40,BHIT,Token Mati (Perlu Update),Mid Cap (Lapis 2),Undervalued (Murah),5.7522125,0.13192679,26.0,25,25,27,0.0,10961300,Tembus MA20,50,Negatif,Uptrend,Bearish,Bullish MACD,Konsolidasi / Transisi,Normal,Akumulasi (Naik),Normal,Tidak Ada Transaksi,Normal,Sedang,Doji (Ragu-ragu),Area Tengah,< 1 Miliar,Persis di VWAP,Akumulasi Pro (Smart Money),Gorengan Sepi (< 5M),Normal (50-150%),Accumulation (Kumpul Barang),Normal,Normal,Sideways / Stagnan,TP: 26 | CL: 25,Normal,Menengah (1:1),Netral / Sideways,Netral / Sepi Berita,Normal / Sedang Transisi,Mendekati Fibo 78.6%,4,WAIT & SEE,TIDAK ADA,2026-08-21 16:40:01,Biasa / Mengikuti Pasar
16:40,BIKA,Token Mati (Perlu Update),Small Cap (Lapis 3),Fair Value (Wajar),0.5161944,-0.19020678,55.0,55,55,55,0.0,0,Normal,0,Negatif,Downtrend,Bearish,Bearish MACD,Konsolidasi / Transisi,Normal,Netral,Normal,Tidak Ada Transaksi,Squeeze,Rendah,Doji (Ragu-ragu),Dekat Support (Low Risk),< 1 Miliar,Di Atas VWAP (Kuat),Netral,Gorengan Sepi (< 5M),Normal (50-150%),Sideways,Solid (Jarang Dibanting),Normal,Sideways / Stagnan,TP: 56 | CL: 54,Normal,Di Area Support,Oversold (Jenuh Jual - Peluang),Netral / Sepi Berita,Normal / Sedang Transisi,Normal / Sideways,0,WAIT & SEE,TIDAK ADA,2026-08-21 16:40:01,Biasa / Mengikuti Pasar
16:40,BIMA,Token Mati (Perlu Update),Small Cap (Lapis 3),Fair Value (Wajar),0.0,2.058233,82.0,82,82,82,0.0,0,Normal,0,Negatif,Downtrend,Bearish,Bearish MACD,Konsolidasi / Transisi,Normal,Netral,Normal,Tidak Ada Transaksi,Squeeze,Rendah,Doji (Ragu-ragu),Dekat Support (Low Risk),< 1 Miliar,Di Atas VWAP (Kuat),Netral,Gorengan Sepi (< 5M),Normal (50-150%),Sideways,Solid (Jarang Dibanting),Normal,Sideways / Stagnan,TP: 83 | CL: 81,Normal,Di Area Support,Oversold (Jenuh Jual - Peluang),Netral / Sepi Berita,Normal / Sedang Transisi,Normal / Sideways,0,WAIT & SEE,TIDAK ADA,2026-08-21 16:40:01,Biasa / Mengikuti Pasar
16:40,BINA,Token Mati (Perlu Update),Big Cap (Lapis 1),Overvalued (Mahal),0.0,8.568732,4150.0,4117,3950,4400,0.24154589371980675,126000,Normal,53,Positif,Uptrend,Bullish,Strong Bullish,Perfect Uptrend (5>20>50),Normal,Akumulasi (Naik),Normal,Dominan Beli (Hajar Kanan),Normal,Sedang,Hammer (Potensi Reversal),Area Tengah,< 1 Miliar,Persis di VWAP,Akumulasi Pro (Smart Money),Gorengan Sepi (< 5M),Normal (50-150%),Mark-Up (Fase Pesta),Normal,Jarum Bawah (Sinyal Pantulan Kuat),Naik 1 Hari Beruntun,TP: 4343 | CL: 4020,Normal,Menengah (1:1),Netral / Sideways,Sentimen Positif 📰,Normal / Sedang Transisi,Golden Rebound Fibo 23.6% 🎯,8,BELI,TIDAK ADA,2026-08-21 16:40:01,Biasa / Mengikuti Pasar
16:40,BIPI,Token Mati (Perlu Update),Mid Cap (Lapis 2),Overvalued (Mahal),35.334873,21857.143,153.0,148,132,165,0.6578947368421052,1038929500,Tembus MA20,54,Positif,Uptrend,Bullish,Bearish MACD,Perfect Uptrend (5>20>50),Normal,Akumulasi (Naik),Normal,Dominan Jual (Guyur),Normal,Tinggi,Normal,Rawan Pucuk (High Risk),> 1 Miliar,Persis di VWAP,Distribusi Pro (Guyuran),Sultan (> 50M/hari),Anomali Tinggi (150-300%),Mark-Up (Fase Pesta),Spesialis Tiang Jemuran (Banting Pucuk),Normal,Naik 2 Hari Beruntun,TP: 166 | CL: 144,Normal,Tidak Ideal (< 1:1),Netral / Sideways,Sentimen Negatif ⚠️,Normal / Sedang Transisi,Mendekati Fibo 61.8% (Golden Ratio),6,WAIT & SEE,TIDAK ADA,2026-08-21 16:40:01,🔥 ANOMALI BANDAR (Siap Ledakan)
16:40,BIPP,Token Mati (Perlu Update),Small Cap (Lapis 3),Fair Value (Wajar),0.0,0.44449174,71.0,66,58,79,-2.73972602739726,31435400,Normal,56,Negatif,Uptrend,Golden Cross,Strong Bullish,Perfect Uptrend (5>20>50),Normal,Akumulasi (Naik),Normal,Seimbang / Adu Mekanik,Normal,Tinggi,Normal,Rawan Pucuk (High Risk),> 1 Miliar,Persis di VWAP,Akumulasi Pro (Smart Money),Ritel Aktif (5M - 50M),Normal (50-150%),Mark-Up (Fase Pesta),Spesialis Tiang Jemuran (Banting Pucuk),Normal,Turun 1 Hari Beruntun,TP: 80 | CL: 64,Normal,Tidak Ideal (< 1:1),Netral / Sideways,Netral / Sepi Berita,Supply Banjir (Distribusi) 🌊,Mendekati Fibo 38.2%,5,WAIT & SEE,TIDAK ADA,2026-08-21 16:40:01,Biasa / Mengikuti Pasar
16:40,BIRD,Token Mati (Perlu Update),Mid Cap (Lapis 2),Undervalued (Murah),6.635205,0.673245,1645.0,1620,1580,1670,-0.6042296072507553,661100,Normal,62,Negatif,Uptrend,Bullish,Bearish MACD,Perfect Uptrend (5>20>50),Normal,Akumulasi (Naik),Normal,Dominan Jual (Guyur),Squeeze,Rendah,Normal,Area Tengah,> 1 Miliar,Persis di VWAP,Distribusi Pro (Guyuran),Gorengan Sepi (< 5M),Normal (50-150%),Mark-Up (Fase Pesta),Normal,Normal,Turun 2 Hari Beruntun,TP: 1680 | CL: 1621,Open = High (Tekanan Jual),Tidak Ideal (< 1:1),Death Cross (Awal Bearish),Sentimen Positif 📰,Normal / Sedang Transisi,Mendekati Fibo 23.6%,5,WAIT & SEE,TIDAK ADA,2026-08-21 16:40:01,Biasa / Mengikuti Pasar
16:40,BISI,Token Mati (Perlu Update),Mid Cap (Lapis 2),Undervalued (Murah),8.471456,0.5847512,690.0,674,630,700,0.7299270072992701,294500,Normal,59,Positif,Uptrend,Bullish,Strong Bullish,Perfect Uptrend (5>20>50),Normal,Distribusi (Turun),Normal,Seimbang / Adu Mekanik,Normal,Sedang,Normal,Area Tengah,< 1 Miliar,Di Atas VWAP (Kuat),Akumulasi Pro (Smart Money),Gorengan Sepi (< 5M),Normal (50-150%),Mark-Up (Fase Pesta),Normal,Normal,Naik 2 Hari Beruntun,TP: 715 | CL: 673,Open = Low (Bullish Kuat),Tidak Ideal (< 1:1),Netral / Sideways,Sentimen Positif 📰,Normal / Sedang Transisi,Dekat Support Fibo 38.2%,6,WAIT & SEE,TIDAK ADA,2026-08-21 16:40:01,Biasa / Mengikuti Pasar
16:40,BJBR,Token Mati (Perlu Update),Mid Cap (Lapis 2),Undervalued (Murah),5.7969956,0.517405,795.0,787,770,795,0.6329113924050633,1461000,Normal,58,Positif,Uptrend,Bullish,Bearish MACD,Perfect Uptrend (5>20>50),Normal,Akumulasi (Naik),Normal,Dominan Beli (Hajar Kanan),Squeeze,Rendah,Normal,Area Tengah,> 1 Miliar,Persis di VWAP,Akumulasi Pro (Smart Money),Gorengan Sepi (< 5M),Normal (50-150%),Mark-Up (Fase Pesta),Normal,Normal,Naik 2 Hari Beruntun,TP: 809 | CL: 785,Normal,Tidak Ideal (< 1:1),Netral / Sideways,Sentimen Positif 📰,Normal / Sedang Transisi,Dekat Support Fibo 23.6%,7,BELI,TIDAK ADA,2026-08-21 16:40:01,Biasa / Mengikuti Pasar
16:40,BJTM,Token Mati (Perlu Update),Mid Cap (Lapis 2),Undervalued (Murah),5.030663,0.6049112,520.0,516,510,525,0.0,6834600,Tembus MA20,55,Negatif,Uptrend,Golden Cross,Strong Bullish,Perfect Uptrend (5>20>50),Normal,Akumulasi (Naik),Normal,Seimbang / Adu Mekanik,Squeeze,Rendah,Doji (Ragu-ragu),Dekat Support (Low Risk),> 1 Miliar,Persis di VWAP,Akumulasi Pro (Smart Money),Gorengan Sepi (< 5M),Normal (50-150%),Mark-Up (Fase Pesta),Normal,Normal,Sideways / Stagnan,TP: 531 | CL: 512,Normal,Tidak Ideal (< 1:1),Netral / Sideways,Sentimen Positif 📰,Normal / Sedang Transisi,Dekat Support Fibo 38.2%,7,BELI,TIDAK ADA,2026-08-21 16:40:01,Biasa / Mengikuti Pasar
16:40,BKDP,Token Mati (Perlu Update),Mid Cap (Lapis 2),Overvalued (Mahal),0.0,4.2375007,169.0,166,141,180,0.0,0,Normal,68,Negatif,Uptrend,Bullish,Bearish MACD,Perfect Uptrend (5>20>50),Normal,Netral,Normal,Tidak Ada Transaksi,Normal,Tinggi,Doji (Ragu-ragu),Rawan Pucuk (High Risk),< 1 Miliar,Di Atas VWAP (Kuat),Netral,Gorengan Sepi (< 5M),Normal (50-150%),Mark-Up (Fase Pesta),Solid (Jarang Dibanting),Normal,Sideways / Stagnan,TP: 170 | CL: 168,Normal,Tidak Ideal (< 1:1),Oversold (Jenuh Jual - Peluang),Netral / Sepi Berita,Normal / Sedang Transisi,Mengambang (Jauh dari Fibo),3,WAIT & SEE,TIDAK ADA,2026-08-21 16:40:01,Biasa / Mengikuti Pasar
16:40,BKSL,Token Mati (Perlu Update),Big Cap (Lapis 1),Undervalued (Murah),14.259259,0.84246,77.0,72,63,82,-1.282051282051282,112194600,Normal,61,Negatif,Uptrend,Bullish,Strong Bullish,Perfect Uptrend (5>20>50),Normal,Akumulasi (Naik),Normal,Dominan Jual (Guyur),Normal,Tinggi,Normal,Rawan Pucuk (High Risk),> 1 Miliar,Persis di VWAP,Akumulasi Pro (Smart Money),Ritel Aktif (5M - 50M),Sepi (< 50%),Mark-Up (Fase Pesta),Normal,Normal,Turun 2 Hari Beruntun,TP: 84 | CL: 72,Open = High (Tekanan Jual),Tidak Ideal (< 1:1),Death Cross (Awal Bearish),Sentimen Negatif ⚠️,Normal / Sedang Transisi,Mendekati Fibo 38.2%,5,WAIT & SEE,TIDAK ADA,2026-08-21 16:40:01,Biasa / Mengikuti Pasar
16:40,BKSW,Token Mati (Perlu Update),Mid Cap (Lapis 2),Fair Value (Wajar),0.0,0.38934103,52.0,52,51,54,-1.8867924528301887,3307900,Tembus MA20,48,Negatif,Downtrend,Death Cross,Bearish MACD,Konsolidasi / Transisi,Normal,Akumulasi (Naik),Normal,Seimbang / Adu Mekanik,Squeeze,Rendah,Doji (Ragu-ragu),Dekat Support (Low Risk),< 1 Miliar,Persis di VWAP,Akumulasi Pro (Smart Money),Gorengan Sepi (< 5M),Normal (50-150%),Distribution (Fase Jualan),Normal,Normal,Turun 1 Hari Beruntun,TP: 54 | CL: 50,Normal,Ideal (1:2),Netral / Sideways,Netral / Sepi Berita,Normal / Sedang Transisi,Dekat Support Fibo 78.6%,2,WAIT & SEE,TIDAK ADA,2026-08-21 16:40:01,Biasa / Mengikuti Pasar
16:40,BLTA,Token Mati (Perlu Update),Small Cap (Lapis 3),Overvalued (Mahal),29.357798,10666.667,32.0,32,32,34,-3.0303030303030303,3284200,Normal,43,Negatif,Downtrend,Death Cross,Strong Bearish,Strong Downtrend (5<20<50),Normal,Distribusi (Turun),Gap Down (-3.0%),Tidak Ada Transaksi,Squeeze,Rendah,Doji (Ragu-ragu),Dekat Support (Low Risk),< 1 Miliar,Di Bawah VWAP (Lemah),Akumulasi Pro (Smart Money),Gorengan Sepi (< 5M),Normal (50-150%),Mark-Down (Fase Runtuh),Spesialis Tiang Jemuran (Banting Pucuk),Normal,Turun 1 Hari Beruntun,TP: 33 | CL: 31,Normal,Di Area Support,Netral / Sideways,Netral / Sepi Berita,Normal / Sedang Transisi,Mendekati Fibo 78.6%,0,WAIT & SEE,TIDAK ADA,2026-08-21 16:40:01,Biasa / Mengikuti Pasar
16:40,BLTZ,Token Mati (Perlu Update),Mid Cap (Lapis 2),Overvalued (Mahal),27.855152,4.515451,2200.0,2439,2190,2540,0.0,0,Normal,1,Negatif,Downtrend,Bearish,Strong Bearish,Strong Downtrend (5<20<50),Normal,Distribusi (Turun),Normal,Tidak Ada Transaksi,Normal,Tinggi,Doji (Ragu-ragu),Dekat Support (Low Risk),< 1 Miliar,Persis di VWAP,Akumulasi Pro (Smart Money),Gorengan Sepi (< 5M),Sepi (< 50%),Mark-Down (Fase Runtuh),Solid (Jarang Dibanting),Normal,Sideways / Stagnan,TP: 2237 | CL: 2175,Normal,Sangat Menarik (> 1:3),Oversold (Jenuh Jual - Peluang),Netral / Sepi Berita,Normal / Sedang Transisi,Golden Rebound Fibo Bottom / 100% 🎯,0,WAIT & SEE,TIDAK ADA,2026-08-21 16:40:01,Biasa / Mengikuti Pasar
16:40,BMAS,Token Mati (Perlu Update),Mid Cap (Lapis 2),Overvalued (Mahal),2480.0,1.3805542,496.0,488,460,610,0.0,149000,Normal,54,Negatif,Uptrend,Bullish,Strong Bullish,Perfect Uptrend (5>20>50),Normal,Akumulasi (Naik),Gap Up (+8.9%),Dominan Jual (Guyur),Normal,Sedang,Normal,Area Tengah,< 1 Miliar,Persis di VWAP,Distribusi Pro (Guyuran),Gorengan Sepi (< 5M),Sepi (< 50%),Mark-Up (Fase Pesta),Normal,Normal,Sideways / Stagnan,TP: 559 | CL: 453,Open = High (Tekanan Jual),Sangat Menarik (> 1:3),Golden Cross (Awal Bullish),Netral / Sepi Berita,Normal / Sedang Transisi,Dekat Support Fibo 78.6%,6,WAIT & SEE,TIDAK ADA,2026-08-21 16:40:01,Biasa / Mengikuti Pasar
16:40,BMRI,Token Mati (Perlu Update),Big Cap (Lapis 1),Undervalued (Murah),6.3238025,1.3839628,4220.0,4165,4060,4290,1.6867469879518073,126509900,Normal,54,Positif,Uptrend,Golden Cross,Strong Bearish,Awal Reversal (5>20),Normal,Akumulasi (Naik),Normal,Dominan Beli (Hajar Kanan),Squeeze,Rendah,Normal,Area Tengah,> 1 Miliar,Di Atas VWAP (Kuat),Distribusi Pro (Guyuran),Sultan (> 50M/hari),Normal (50-150%),Accumulation (Kumpul Barang),Normal,Normal,Naik 2 Hari Beruntun,TP: 4330 | CL: 4146,Open = Low (Bullish Kuat),Tidak Ideal (< 1:1),Netral / Sideways,Netral / Sepi Berita,Normal / Sedang Transisi,Dekat Support Fibo 38.2%,6,WAIT & SEE,TIDAK ADA,2026-08-21 16:40:01,Biasa / Mengikuti Pasar
16:40,BMSR,Token Mati (Perlu Update),Small Cap (Lapis 3),Undervalued (Murah),3.0893488,0.36972597,306.0,307,300,322,-1.2903225806451613,27600,Normal,50,Negatif,Downtrend,Bearish,Bearish MACD,Konsolidasi / Transisi,Normal,Akumulasi (Naik),Normal,Dominan Jual (Guyur),Squeeze,Rendah,Normal,Dekat Support (Low Risk),< 1 Miliar,Di Bawah VWAP (Lemah),Akumulasi Pro (Smart Money),Gorengan Sepi (< 5M),Normal (50-150%),Distribution (Fase Jualan),Normal,Normal,Turun 2 Hari Beruntun,TP: 316 | CL: 299,Open = High (Tekanan Jual),Ideal (1:2),Netral / Sideways,Sentimen Positif 📰,Normal / Sedang Transisi,Dekat Support Fibo 50.0%,2,WAIT & SEE,TIDAK ADA,2026-08-21 16:40:01,Biasa / Mengikuti Pasar
16:40,BMTR,Token Mati (Perlu Update),Mid Cap (Lapis 2),Undervalued (Murah),2.9040406,0.11706205,116.0,115,110,120,-0.8547008547008548,53154200,Tembus MA20,51,Negatif,Uptrend,Golden Cross,Bullish MACD,Awal Reversal (5>20),Normal,Distribusi (Turun),Normal,Seimbang / Adu Mekanik,Squeeze,Rendah,Normal,Area Tengah,> 1 Miliar,Persis di VWAP,Akumulasi Pro (Smart Money),Ritel Aktif (5M - 50M),Normal (50-150%),Accumulation (Kumpul Barang),Solid (Jarang Dibanting),Normal,Turun 1 Hari Beruntun,TP: 120 | CL: 112,Normal,Tidak Ideal (< 1:1),Death Cross (Awal Bearish),Sentimen Negatif ⚠️,Normal / Sedang Transisi,Dekat Support Fibo 61.8% (Golden Ratio),5,WAIT & SEE,TIDAK ADA,2026-08-21 16:40:01,Biasa / Mengikuti Pasar
16:40,BNBA,Token Mati (Perlu Update),Mid Cap (Lapis 2),Overvalued (Mahal),132.35294,0.7491735,720.0,736,720,775,-2.0408163265306123,185000,Tembus MA20,43,Negatif,Downtrend,Bearish,Strong Bearish,Strong Downtrend (5<20<50),Normal,Distribusi (Turun),Normal,Dominan Jual (Guyur),Squeeze,Rendah,Normal,Dekat Support (Low Risk),< 1 Miliar,Di Bawah VWAP (Lemah),Distribusi Pro (Guyuran),Gorengan Sepi (< 5M),Normal (50-150%),Mark-Down (Fase Runtuh),Normal,Normal,Turun 2 Hari Beruntun,TP: 742 | CL: 705,Normal,Di Area Support,Netral / Sideways,Netral / Sepi Berita,Normal / Sedang Transisi,Mendekati Fibo 61.8% (Golden Ratio),1,WAIT & SEE,TIDAK ADA,2026-08-21 16:40:01,Biasa / Mengikuti Pasar
16:40,BNBR,Token Mati (Perlu Update),Big Cap (Lapis 1),Overvalued (Mahal),47.727272,4.707254,105.0,101,88,113,0.9615384615384616,3126836200,Tembus MA20,55,Positif,Uptrend,Golden Cross,Strong Bullish,Perfect Uptrend (5>20>50),Normal,Akumulasi (Naik),Normal,Dominan Jual (Guyur),Normal,Tinggi,Doji (Ragu-ragu),Rawan Pucuk (High Risk),> 1 Miliar,Di Atas VWAP (Kuat),Distribusi Pro (Guyuran),Sultan (> 50M/hari),Anomali Tinggi (150-300%),Mark-Up (Fase Pesta),Normal,Normal,Naik 2 Hari Beruntun,TP: 114 | CL: 98,Normal,Tidak Ideal (< 1:1),Netral / Sideways,Sentimen Positif 📰,Normal / Sedang Transisi,Mendekati Fibo 61.8% (Golden Ratio),8,BELI,TIDAK ADA,2026-08-21 16:40:01,🔥 ANOMALI BANDAR (Siap Ledakan)
16:40,BNGA,Token Mati (Perlu Update),Big Cap (Lapis 1),Undervalued (Murah),6.1049385,0.74604267,1665.0,1652,1620,1690,0.0,1198600,Normal,59,Negatif,Uptrend,Bullish,Strong Bullish,Perfect Uptrend (5>20>50),Normal,Akumulasi (Naik),Normal,Dominan Jual (Guyur),Squeeze,Rendah,Normal,Dekat Support (Low Risk),> 1 Miliar,Persis di VWAP,Akumulasi Pro (Smart Money),Gorengan Sepi (< 5M),Normal (50-150%),Mark-Up (Fase Pesta),Spesialis Tiang Jemuran (Banting Pucuk),Normal,Sideways / Stagnan,TP: 1693 | CL: 1646,Open = Low (Bullish Kuat),Tidak Ideal (< 1:1),Death Cross (Awal Bearish),Sentimen Positif 📰,Normal / Sedang Transisi,Dekat Support Fibo 23.6%,6,WAIT & SEE,TIDAK ADA,2026-08-21 16:40:01,Biasa / Mengikuti Pasar
16:40,BNII,Token Mati (Perlu Update),Big Cap (Lapis 1),Undervalued (Murah),8.265525,0.46520597,193.0,192,186,197,0.0,442300,Normal,55,Negatif,Uptrend,Bullish,Bearish MACD,Perfect Uptrend (5>20>50),Normal,Distribusi (Turun),Normal,Dominan Beli (Hajar Kanan),Squeeze,Rendah,Doji (Ragu-ragu),Area Tengah,< 1 Miliar,Persis di VWAP,Akumulasi Pro (Smart Money),Gorengan Sepi (< 5M),Normal (50-150%),Mark-Up (Fase Pesta),Normal,Jarum Bawah (Sinyal Pantulan Kuat),Sideways / Stagnan,TP: 197 | CL: 190,Normal,Tidak Ideal (< 1:1),Netral / Sideways,Sentimen Positif 📰,Normal / Sedang Transisi,Golden Rebound Fibo 23.6% 🎯,5,WAIT & SEE,TIDAK ADA,2026-08-21 16:40:01,Biasa / Mengikuti Pasar
16:40,BNLI,Token Mati (Perlu Update),Big Cap (Lapis 1),Fair Value (Wajar),21.383032,1.7469642,2180.0,2199,2000,2400,0.9259259259259258,41800,Normal,40,Positif,Downtrend,Bearish,Bullish MACD,Strong Downtrend (5<20<50),Normal,Distribusi (Turun),Normal,Dominan Beli (Hajar Kanan),Normal,Sedang,Marubozu (Strong Bullish),Area Tengah,< 1 Miliar,Di Atas VWAP (Kuat),Akumulasi Pro (Smart Money),Gorengan Sepi (< 5M),Normal (50-150%),Mark-Down (Fase Runtuh),Solid (Jarang Dibanting),Normal,Naik 1 Hari Beruntun,TP: 2245 | CL: 2136,Open = Low (Bullish Kuat),Menengah (1:1),Netral / Sideways,Sentimen Positif 📰,Normal / Sedang Transisi,Mengambang (Jauh dari Fibo),4,WAIT & SEE,TIDAK ADA,2026-08-21 16:40:01,Biasa / Mengikuti Pasar
16:40,BOLT,Token Mati (Perlu Update),Mid Cap (Lapis 2),Fair Value (Wajar),12.392157,2.193287,790.0,795,770,810,0.0,6500,Normal,48,Negatif,Downtrend,Bearish,Bearish MACD,Konsolidasi / Transisi,Normal,Distribusi (Turun),Normal,Dominan Jual (Guyur),Squeeze,Rendah,Normal,Dekat Support (Low Risk),< 1 Miliar,Persis di VWAP,Distribusi Pro (Guyuran),Gorengan Sepi (< 5M),Normal (50-150%),Distribution (Fase Jualan),Normal,Normal,Sideways / Stagnan,TP: 806 | CL: 778,Normal,Menengah (1:1),Oversold (Jenuh Jual - Peluang),Sentimen Positif 📰,Normal / Sedang Transisi,Golden Rebound Fibo 50.0% 🎯,1,WAIT & SEE,TIDAK ADA,2026-08-21 16:40:01,Biasa / Mengikuti Pasar
16:40,BPFI,Token Mati (Perlu Update),Small Cap (Lapis 3),Undervalued (Murah),6.6805844,0.55479705,256.0,260,244,286,0.0,22800,Normal,49,Negatif,Downtrend,Bearish,Bearish MACD,Konsolidasi / Transisi,Normal,Distribusi (Turun),Normal,Dominan Beli (Hajar Kanan),Squeeze,Rendah,Doji (Ragu-ragu),Area Tengah,< 1 Miliar,Di Bawah VWAP (Lemah),Distribusi Pro (Guyuran),Gorengan Sepi (< 5M),Sepi (< 50%),Distribution (Fase Jualan),Normal,Jarum Bawah (Sinyal Pantulan Kuat),Sideways / Stagnan,TP: 275 | CL: 243,Normal,Ideal (1:2),Golden Cross (Awal Bullish),Sentimen Positif 📰,Normal / Sedang Transisi,Golden Rebound Fibo 50.0% 🎯,2,WAIT & SEE,TIDAK ADA,2026-08-21 16:40:01,Biasa / Mengikuti Pasar
16:40,BPII,Token Mati (Perlu Update),Mid Cap (Lapis 2),Overvalued (Mahal),57.91284,3.5300367,505.0,453,432,620,-0.9803921568627451,96100,Tembus MA20,70,Negatif,Uptrend,Bullish,Strong Bullish,Perfect Uptrend (5>20>50),Normal,Akumulasi (Naik),Normal,Dominan Jual (Guyur),Normal,Tinggi,Normal,Rawan Pucuk (High Risk),< 1 Miliar,Di Bawah VWAP (Lemah),Distribusi Pro (Guyuran),Gorengan Sepi (< 5M),Normal (50-150%),Mark-Up (Fase Pesta),Spesialis Tiang Jemuran (Banting Pucuk),Normal,Turun 1 Hari Beruntun,TP: 564 | CL: 465,Normal,Ideal (1:2),Netral / Sideways,Sentimen Positif 📰,Supply Banjir (Distribusi) 🌊,Dekat Support Fibo 61.8% (Golden Ratio),7,BELI,TIDAK ADA,2026-08-21 16:40:01,Biasa / Mengikuti Pasar
16:40,BRAM,Token Mati (Perlu Update),Mid Cap (Lapis 2),Overvalued (Mahal),19.640211,9768.421,4640.0,4530,4450,4790,3.111111111111111,400,Normal,57,Positif,Uptrend,Golden Cross,Strong Bullish,Perfect Uptrend (5>20>50),Normal,Akumulasi (Naik),Gap Up (+2.2%),Dominan Beli (Hajar Kanan),Squeeze,Rendah,Marubozu (Strong Bullish),Area Tengah,< 1 Miliar,Persis di VWAP,Distribusi Pro (Guyuran),Gorengan Sepi (< 5M),Sepi (< 50%),Mark-Up (Fase Pesta),Normal,Normal,Naik 1 Hari Beruntun,TP: 4835 | CL: 4510,Open = Low (Bullish Kuat),Tidak Ideal (< 1:1),Netral / Sideways,Sentimen Positif 📰,Normal / Sedang Transisi,Dekat Support Fibo 50.0%,9,BELI,TIDAK ADA,2026-08-21 16:40:01,Biasa / Mengikuti Pasar
16:40,BRMS,Token Mati (Perlu Update),Big Cap (Lapis 1),Overvalued (Mahal),139.0,77222.23,695.0,604,535,705,1.4598540145985401,345386600,Normal,69,Positif,Uptrend,Bullish,Strong Bullish,Perfect Uptrend (5>20>50),Normal,Akumulasi (Naik),Gap Up (+2.2%),Seimbang / Adu Mekanik,Breakout Upper,Tinggi,Normal,Rawan Pucuk (High Risk),> 1 Miliar,Di Atas VWAP (Kuat),Akumulasi Pro (Smart Money),Sultan (> 50M/hari),Normal (50-150%),Mark-Up (Fase Pesta),Spesialis Tiang Jemuran (Banting Pucuk),Jarum Bawah (Sinyal Pantulan Kuat),Naik 2 Hari Beruntun,TP: 748 | CL: 659,Normal,Tidak Ideal (< 1:1),Overbought (Jenuh Beli - Rawan),Sentimen Positif 📰,Normal / Sedang Transisi,Mendekati Fibo 23.6%,8,BELI,TIDAK ADA,2026-08-21 16:40:01,🔥 ANOMALI BANDAR (Siap Ledakan)
16:40,BRNA,Token Mati (Perlu Update),Small Cap (Lapis 3),Fair Value (Wajar),0.0,0.6495944,635.0,632,585,750,-0.78125,189000,Normal,51,Negatif,Uptrend,Bullish,Bearish MACD,Perfect Uptrend (5>20>50),Normal,Akumulasi (Naik),Normal,Seimbang / Adu Mekanik,Normal,Tinggi,Normal,Area Tengah,< 1 Miliar,Di Bawah VWAP (Lemah),Distribusi Pro (Guyuran),Gorengan Sepi (< 5M),Normal (50-150%),Mark-Up (Fase Pesta),Spesialis Tiang Jemuran (Banting Pucuk),Jarum Bawah (Sinyal Pantulan Kuat),Turun 4 Hari Beruntun,TP: 728 | CL: 572,Normal,Ideal (1:2),Netral / Sideways,Sentimen Negatif ⚠️,Normal / Sedang Transisi,Mendekati Fibo 61.8% (Golden Ratio),4,WAIT & SEE,TIDAK ADA,2026-08-21 16:40:01,Biasa / Mengikuti Pasar
16:40,BRPT,Token Mati (Perlu Update),Big Cap (Lapis 1),Overvalued (Mahal),70.12649,72500.0,1885.0,1840,1690,1965,0.26595744680851063,73230400,Normal,57,Positif,Uptrend,Bullish,Bearish MACD,Perfect Uptrend (5>20>50),Normal,Akumulasi (Naik),Normal,Dominan Jual (Guyur),Normal,Sedang,Normal,Rawan Pucuk (High Risk),> 1 Miliar,Persis di VWAP,Distribusi Pro (Guyuran),Sultan (> 50M/hari),Sepi (< 50%),Mark-Up (Fase Pesta),Normal,Normal,Naik 3 Hari Beruntun,TP: 1995 | CL: 1811,Open = Low (Bullish Kuat),Tidak Ideal (< 1:1),Netral / Sideways,Sentimen Positif 📰,Normal / Sedang Transisi,Dekat Support Fibo 38.2%,6,WAIT & SEE,TIDAK ADA,2026-08-21 16:40:01,Biasa / Mengikuti Pasar
16:40,BSDE,Token Mati (Perlu Update),Big Cap (Lapis 1),Undervalued (Murah),7.190203,0.2986342,640.0,592,555,705,-0.7751937984496124,9743700,Normal,64,Negatif,Uptrend,Bullish,Strong Bullish,Perfect Uptrend (5>20>50),Normal,Akumulasi (Naik),Normal,Dominan Jual (Guyur),Normal,Tinggi,Normal,Rawan Pucuk (High Risk),> 1 Miliar,Di Bawah VWAP (Lemah),Distribusi Pro (Guyuran),Ritel Aktif (5M - 50M),Sepi (< 50%),Mark-Up (Fase Pesta),Normal,Normal,Turun 2 Hari Beruntun,TP: 678 | CL: 614,Normal,Tidak Ideal (< 1:1),Death Cross (Awal Bearish),Sentimen Positif 📰,Supply Banjir (Distribusi) 🌊,Mendekati Fibo 50.0%,6,WAIT & SEE,TIDAK ADA,2026-08-21 16:40:01,Biasa / Mengikuti Pasar
16:40,BSIM,Token Mati (Perlu Update),Big Cap (Lapis 1),Overvalued (Mahal),51.272728,1.667964,705.0,698,685,725,0.0,52900,Tembus MA20,52,Negatif,Uptrend,Bullish,Bullish MACD,Awal Reversal (5>20),Distribusi Kuat,Akumulasi (Naik),Normal,Dominan Jual (Guyur),Squeeze,Rendah,Normal,Dekat Support (Low Risk),< 1 Miliar,Persis di VWAP,Distribusi Pro (Guyuran),Gorengan Sepi (< 5M),Anomali Tinggi (150-300%),Accumulation (Kumpul Barang),Normal,Normal,Sideways / Stagnan,TP: 727 | CL: 690,Normal,Menengah (1:1),Netral / Sideways,Netral / Sepi Berita,Normal / Sedang Transisi,Mendekati Fibo 78.6%,6,WAIT & SEE,TIDAK ADA,2026-08-21 16:40:01,Biasa / Mengikuti Pasar
16:40,BSSR,Token Mati (Perlu Update),Big Cap (Lapis 1),Overvalued (Mahal),7.2638435,39122.81,4460.0,4332,4200,4480,0.6772009029345373,833300,Tembus MA20,78,Positif,Uptrend,Bullish,Strong Bullish,Perfect Uptrend (5>20>50),Normal,Akumulasi (Naik),Normal,Seimbang / Adu Mekanik,Squeeze,Rendah,Normal,Area Tengah,> 1 Miliar,Persis di VWAP,Akumulasi Pro (Smart Money),Gorengan Sepi (< 5M),Normal (50-150%),Mark-Up (Fase Pesta),Normal,Normal,Naik 1 Hari Beruntun,TP: 4516 | CL: 4422,Open = Low (Bullish Kuat),Tidak Ideal (< 1:1),Overbought (Jenuh Beli - Rawan),Sentimen Positif 📰,Normal / Sedang Transisi,Mendekati Fibo 23.6%,8,BELI,TIDAK ADA,2026-08-21 16:40:01,Biasa / Mengikuti Pasar
16:40,BSWD,Token Mati (Perlu Update),Mid Cap (Lapis 2),Overvalued (Mahal),79.12905,1.5409675,1490.0,1166,1125,1490,9.96309963099631,1400,Tembus MA20,87,Positif,Uptrend,Bullish,Strong Bullish,Awal Reversal (5>20),Normal,Akumulasi (Naik),Gap Up (+10.0%),Tidak Ada Transaksi,Breakout Upper,Tinggi,Doji (Ragu-ragu),Rawan Pucuk (High Risk),< 1 Miliar,Di Atas VWAP (Kuat),Netral,Gorengan Sepi (< 5M),Ledakan Ekstrem (> 300%),Accumulation (Kumpul Barang),Solid (Jarang Dibanting),Normal,Naik 3 Hari Beruntun,TP: 1529 | CL: 1463,Normal,Tidak Ideal (< 1:1),Overbought (Jenuh Beli - Rawan),Sentimen Positif 📰,Normal / Sedang Transisi,Mengambang (Jauh dari Fibo),9,BELI,TIDAK ADA,2026-08-21 16:40:01,⚠️ Anomali (Sudah Terbang)
16:40,BTEK,Token Mati (Perlu Update),Small Cap (Lapis 3),Fair Value (Wajar),0.0,2.0300446,10.0,10,10,12,0.0,83118100,Tembus MA20,45,Negatif,Downtrend,Bearish,Strong Bearish,Strong Downtrend (5<20<50),Normal,Distribusi (Turun),Normal,Tidak Ada Transaksi,Normal,Tinggi,Doji (Ragu-ragu),Dekat Support (Low Risk),< 1 Miliar,Di Bawah VWAP (Lemah),Distribusi Pro (Guyuran),Gorengan Sepi (< 5M),Normal (50-150%),Mark-Down (Fase Runtuh),Normal,Normal,Sideways / Stagnan,TP: 11 | CL: 9,Normal,Di Area Support,Netral / Sideways,Netral / Sepi Berita,Normal / Sedang Transisi,Dekat Support Fibo 78.6%,1,WAIT & SEE,TIDAK ADA,2026-08-21 16:40:01,Biasa / Mengikuti Pasar
16:40,BTON,Token Mati (Perlu Update),Small Cap (Lapis 3),Overvalued (Mahal),26.899797,0.7788347,360.0,362,336,380,-1.098901098901099,41000,Tembus MA20,49,Negatif,Downtrend,Death Cross,Bearish MACD,Konsolidasi / Transisi,Normal,Distribusi (Turun),Normal,Seimbang / Adu Mekanik,Squeeze,Rendah,Normal,Area Tengah,< 1 Miliar,Persis di VWAP,Distribusi Pro (Guyuran),Gorengan Sepi (< 5M),Anomali Tinggi (150-300%),Distribution (Fase Jualan),Solid (Jarang Dibanting),Normal,Turun 1 Hari Beruntun,TP: 378 | CL: 347,Normal,Tidak Ideal (< 1:1),Death Cross (Awal Bearish),Sentimen Positif 📰,Normal / Sedang Transisi,Dekat Support Fibo 61.8% (Golden Ratio),2,WAIT & SEE,TIDAK ADA,2026-08-21 16:40:01,Biasa / Mengikuti Pasar
16:40,BTPN,Token Mati (Perlu Update),Big Cap (Lapis 1),Overvalued (Mahal),52.11804,0.47846118,2190.0,2171,2100,2260,-0.45454545454545453,66700,Tembus MA20,53,Negatif,Uptrend,Bearish,Bullish MACD,Konsolidasi / Transisi,Akumulasi Kuat,Distribusi (Turun),Gap Down (-2.3%),Dominan Beli (Hajar Kanan),Squeeze,Rendah,Normal,Area Tengah,< 1 Miliar,Persis di VWAP,Akumulasi Pro (Smart Money),Gorengan Sepi (< 5M),Anomali Tinggi (150-300%),Mark-Up (Fase Pesta),Normal,Normal,Turun 1 Hari Beruntun,TP: 2281 | CL: 2129,Normal,Tidak Ideal (< 1:1),Netral / Sideways,Sentimen Positif 📰,Normal / Sedang Transisi,Mendekati Fibo 61.8% (Golden Ratio),7,BELI,TIDAK ADA,2026-08-21 16:40:01,Biasa / Mengikuti Pasar
16:40,BUDI,Token Mati (Perlu Update),Small Cap (Lapis 3),Undervalued (Murah),5.9644322,0.60211015,218.0,214,204,228,0.9259259259259258,144600,Normal,58,Positif,Uptrend,Bullish,Bearish MACD,Perfect Uptrend (5>20>50),Normal,Distribusi (Turun),Normal,Seimbang / Adu Mekanik,Normal,Sedang,Doji (Ragu-ragu),Area Tengah,< 1 Miliar,Persis di VWAP,Akumulasi Pro (Smart Money),Gorengan Sepi (< 5M),Sepi (< 50%),Mark-Up (Fase Pesta),Spesialis Tiang Jemuran (Banting Pucuk),Jarum Bawah (Sinyal Pantulan Kuat),Naik 1 Hari Beruntun,TP: 228 | CL: 211,Normal,Tidak Ideal (< 1:1),Netral / Sideways,Sentimen Positif 📰,Normal / Sedang Transisi,Golden Rebound Fibo 38.2% 🎯,5,WAIT & SEE,TIDAK ADA,2026-08-21 16:40:01,Biasa / Mengikuti Pasar
16:40,BUKK,Token Mati (Perlu Update),Mid Cap (Lapis 2),Undervalued (Murah),12.729576,0.36031735,1005.0,1022,990,1085,-1.4705882352941175,4800,Normal,45,Negatif,Downtrend,Bearish,Strong Bearish,Strong Downtrend (5<20<50),Normal,Akumulasi (Naik),Normal,Dominan Jual (Guyur),Squeeze,Rendah,Normal,Dekat Support (Low Risk),< 1 Miliar,Persis di VWAP,Akumulasi Pro (Smart Money),Gorengan Sepi (< 5M),Sepi (< 50%),Mark-Down (Fase Runtuh),Normal,Normal,Turun 2 Hari Beruntun,TP: 1059 | CL: 968,Normal,Sangat Menarik (> 1:3),Netral / Sideways,Sentimen Positif 📰,Normal / Sedang Transisi,Dekat Support Fibo 61.8% (Golden Ratio),2,WAIT & SEE,TIDAK ADA,2026-08-21 16:40:01,Biasa / Mengikuti Pasar
16:40,BULL,Token Mati (Perlu Update),Mid Cap (Lapis 2),Overvalued (Mahal),12.845573,32857.14,460.0,439,374,482,-0.4329004329004329,270900600,Normal,60,Negatif,Uptrend,Bullish,Bearish MACD,Perfect Uptrend (5>20>50),Normal,Akumulasi (Naik),Normal,Seimbang / Adu Mekanik,Normal,Tinggi,Normal,Rawan Pucuk (High Risk),> 1 Miliar,Di Atas VWAP (Kuat),Akumulasi Pro (Smart Money),Sultan (> 50M/hari),Normal (50-150%),Mark-Up (Fase Pesta),Spesialis Tiang Jemuran (Banting Pucuk),Normal,Turun 1 Hari Beruntun,TP: 499 | CL: 433,Normal,Tidak Ideal (< 1:1),Death Cross (Awal Bearish),Sentimen Positif 📰,Normal / Sedang Transisi,Mengambang (Jauh dari Fibo),5,WAIT & SEE,TIDAK ADA,2026-08-21 16:40:01,Biasa / Mengikuti Pasar
16:40,BUMI,Token Mati (Perlu Update),Big Cap (Lapis 1),Overvalued (Mahal),33.39012,48999.996,197.0,176,157,202,3.684210526315789,1673528804,Normal,68,Positif,Uptrend,Bullish,Strong Bullish,Perfect Uptrend (5>20>50),Normal,Akumulasi (Naik),Normal,Seimbang / Adu Mekanik,Normal,Tinggi,Normal,Rawan Pucuk (High Risk),> 1 Miliar,Di Atas VWAP (Kuat),Akumulasi Pro (Smart Money),Sultan (> 50M/hari),Normal (50-150%),Mark-Up (Fase Pesta),Spesialis Tiang Jemuran (Banting Pucuk),Normal,Naik 2 Hari Beruntun,TP: 209 | CL: 188,Normal,Tidak Ideal (< 1:1),Overbought (Jenuh Beli - Rawan),Netral / Sepi Berita,Normal / Sedang Transisi,Mengambang (Jauh dari Fibo),6,WAIT & SEE,TIDAK ADA,2026-08-21 16:40:01,🔥 ANOMALI BANDAR (Siap Ledakan)
16:40,BUVA,Token Mati (Perlu Update),Big Cap (Lapis 1),Overvalued (Mahal),768.0412,8.510979,750.0,778,695,910,0.6711409395973155,223687200,Tembus MA20,45,Positif,Downtrend,Bearish,Strong Bearish,Strong Downtrend (5<20<50),Normal,Akumulasi (Naik),Normal,Dominan Jual (Guyur),Normal,Tinggi,Doji (Ragu-ragu),Area Tengah,> 1 Miliar,Persis di VWAP,Distribusi Pro (Guyuran),Sultan (> 50M/hari),Anomali Tinggi (150-300%),Mark-Down (Fase Runtuh),Normal,Normal,Naik 2 Hari Beruntun,TP: 814 | CL: 707,Normal,Ideal (1:2),Golden Cross (Awal Bullish),Netral / Sepi Berita,Normal / Sedang Transisi,Mendekati Fibo 61.8% (Golden Ratio),3,WAIT & SEE,TIDAK ADA,2026-08-21 16:40:01,Biasa / Mengikuti Pasar
16:40,BVIC,Token Mati (Perlu Update),Mid Cap (Lapis 2),Overvalued (Mahal),32.87197,0.40422952,95.0,92,90,98,1.0638297872340425,1165800,Normal,63,Positif,Uptrend,Golden Cross,Bearish MACD,Perfect Uptrend (5>20>50),Normal,Akumulasi (Naik),Normal,Seimbang / Adu Mekanik,Squeeze,Rendah,Normal,Area Tengah,< 1 Miliar,Di Atas VWAP (Kuat),Akumulasi Pro (Smart Money),Gorengan Sepi (< 5M),Normal (50-150%),Mark-Up (Fase Pesta),Spesialis Tiang Jemuran (Banting Pucuk),Normal,Naik 2 Hari Beruntun,TP: 98 | CL: 92,Open = Low (Bullish Kuat),Tidak Ideal (< 1:1),Netral / Sideways,Sentimen Positif 📰,Supply Kering (Siap Pump) 🏜️,Mendekati Fibo 38.2%,6,WAIT & SEE,TIDAK ADA,2026-08-21 16:40:01,Biasa / Mengikuti Pasar
16:40,BWPT,Token Mati (Perlu Update),Mid Cap (Lapis 2),Undervalued (Murah),8.611326,1.1516196,112.0,89,74,118,0.0,701161900,Tembus MA20,76,Negatif,Uptrend,Bullish,Strong Bullish,Perfect Uptrend (5>20>50),Normal,Akumulasi (Naik),Normal,Seimbang / Adu Mekanik,Breakout Upper,Tinggi,Normal,Rawan Pucuk (High Risk),> 1 Miliar,Di Atas VWAP (Kuat),Akumulasi Pro (Smart Money),Sultan (> 50M/hari),Anomali Tinggi (150-300%),Mark-Up (Fase Pesta),Spesialis Tiang Jemuran (Banting Pucuk),Normal,Sideways / Stagnan,TP: 122 | CL: 104,Normal,Tidak Ideal (< 1:1),Overbought (Jenuh Beli - Rawan),Sentimen Negatif ⚠️,Supply Banjir (Distribusi) 🌊,Mengambang (Jauh dari Fibo),6,WAIT & SEE,TIDAK ADA,2026-08-21 16:40:01,🔥 ANOMALI BANDAR (Siap Ledakan)
16:40,BYAN,Token Mati (Perlu Update),Big Cap (Lapis 1),Overvalued (Mahal),35.37552,214189.19,15825.0,13012,11100,18650,-2.1638330757341575,895100,Tembus MA20,71,Negatif,Uptrend,Bullish,Strong Bullish,Perfect Uptrend (5>20>50),Normal,Akumulasi (Naik),Normal,Dominan Jual (Guyur),Normal,Tinggi,Normal,Rawan Pucuk (High Risk),> 1 Miliar,Di Bawah VWAP (Lemah),Akumulasi Pro (Smart Money),Sultan (> 50M/hari),Normal (50-150%),Mark-Up (Fase Pesta),Spesialis Tiang Jemuran (Banting Pucuk),Normal,Turun 1 Hari Beruntun,TP: 17298 | CL: 14842,Normal,Tidak Ideal (< 1:1),Death Cross (Awal Bearish),Sentimen Positif 📰,Supply Banjir (Distribusi) 🌊,Mengambang (Jauh dari Fibo),7,BELI,TIDAK ADA,2026-08-21 16:40:01,Biasa / Mengikuti Pasar
16:40,CANI,Token Mati (Perlu Update),Small Cap (Lapis 3),Fair Value (Wajar),0.0,-3292.6829,135.0,135,135,135,0.0,0,Normal,51,Negatif,Downtrend,Bearish,Bearish MACD,Konsolidasi / Transisi,Normal,Netral,Normal,Tidak Ada Transaksi,Squeeze,Rendah,Doji (Ragu-ragu),Dekat Support (Low Risk),< 1 Miliar,Di Atas VWAP (Kuat),Netral,Gorengan Sepi (< 5M),Normal (50-150%),Sideways,Solid (Jarang Dibanting),Normal,Sideways / Stagnan,TP: 136 | CL: 134,Normal,Di Area Support,Oversold (Jenuh Jual - Peluang),Netral / Sepi Berita,Normal / Sedang Transisi,Golden Rebound Fibo 50.0% 🎯,1,WAIT & SEE,TIDAK ADA,2026-08-21 16:40:01,Biasa / Mengikuti Pasar
16:40,CASS,Token Mati (Perlu Update),Mid Cap (Lapis 2),Fair Value (Wajar),8.02812,2.19057,1850.0,1885,1840,2000,0.27100271002710025,263100,Normal,44,Positif,Downtrend,Bearish,Bearish MACD,Konsolidasi / Transisi,Normal,Distribusi (Turun),Normal,Seimbang / Adu Mekanik,Squeeze,Rendah,Normal,Dekat Support (Low Risk),< 1 Miliar,Persis di VWAP,Distribusi Pro (Guyuran),Gorengan Sepi (< 5M),Normal (50-150%),Distribution (Fase Jualan),Spesialis Tiang Jemuran (Banting Pucuk),Normal,Naik 1 Hari Beruntun,TP: 1921 | CL: 1802,Normal,Sangat Menarik (> 1:3),Oversold (Jenuh Jual - Peluang),Netral / Sepi Berita,Supply Kering (Siap Pump) 🏜️,Golden Rebound Fibo 50.0% 🎯,1,WAIT & SEE,TIDAK ADA,2026-08-21 16:40:01,Biasa / Mengikuti Pasar
16:40,CEKA,Token Mati (Perlu Update),Mid Cap (Lapis 2),Undervalued (Murah),6.021142,0.6350502,2210.0,2201,2140,2300,0.91324200913242,19400,Normal,54,Positif,Uptrend,Bearish,Bearish MACD,Konsolidasi / Transisi,Normal,Akumulasi (Naik),Normal,Seimbang / Adu Mekanik,Squeeze,Rendah,Normal,Area Tengah,< 1 Miliar,Persis di VWAP,Akumulasi Pro (Smart Money),Gorengan Sepi (< 5M),Normal (50-150%),Mark-Up (Fase Pesta),Spesialis Tiang Jemuran (Banting Pucuk),Normal,Naik 1 Hari Beruntun,TP: 2271 | CL: 2169,Open = Low (Bullish Kuat),Menengah (1:1),Netral / Sideways,Sentimen Positif 📰,Normal / Sedang Transisi,Dekat Support Fibo 50.0%,5,WAIT & SEE,TIDAK ADA,2026-08-21 16:40:01,Biasa / Mengikuti Pasar
16:40,CENT,Token Mati (Perlu Update),Mid Cap (Lapis 2),Fair Value (Wajar),0.0,1.0957927,86.0,82,77,89,0.0,3160100,Normal,61,Negatif,Uptrend,Bullish,Strong Bullish,Perfect Uptrend (5>20>50),Normal,Akumulasi (Naik),Normal,Dominan Jual (Guyur),Normal,Sedang,Doji (Ragu-ragu),Rawan Pucuk (High Risk),< 1 Miliar,Persis di VWAP,Akumulasi Pro (Smart Money),Gorengan Sepi (< 5M),Normal (50-150%),Mark-Up (Fase Pesta),Normal,Normal,Sideways / Stagnan,TP: 91 | CL: 82,Normal,Tidak Ideal (< 1:1),Netral / Sideways,Netral / Sepi Berita,Normal / Sedang Transisi,Dekat Support Fibo 23.6%,5,WAIT & SEE,TIDAK ADA,2026-08-21 16:40:01,Biasa / Mengikuti Pasar
16:40,CFIN,Token Mati (Perlu Update),Mid Cap (Lapis 2),Undervalued (Murah),6.093617,0.25068098,358.0,346,330,360,0.0,1574200,Normal,71,Negatif,Uptrend,Bullish,Strong Bullish,Perfect Uptrend (5>20>50),Normal,Akumulasi (Naik),Normal,Seimbang / Adu Mekanik,Normal,Sedang,Doji (Ragu-ragu),Area Tengah,< 1 Miliar,Di Atas VWAP (Kuat),Akumulasi Pro (Smart Money),Gorengan Sepi (< 5M),Normal (50-150%),Mark-Up (Fase Pesta),Normal,Jarum Bawah (Sinyal Pantulan Kuat),Sideways / Stagnan,TP: 368 | CL: 351,Normal,Tidak Ideal (< 1:1),Overbought (Jenuh Beli - Rawan),Sentimen Positif 📰,Normal / Sedang Transisi,Mengambang (Jauh dari Fibo),6,WAIT & SEE,TIDAK ADA,2026-08-21 16:40:01,Biasa / Mengikuti Pasar
16:40,CINT,Token Mati (Perlu Update),Small Cap (Lapis 3),Fair Value (Wajar),0.0,0.59163624,179.0,176,167,200,0.0,45100,Normal,57,Negatif,Uptrend,Bullish,Strong Bullish,Perfect Uptrend (5>20>50),Normal,Akumulasi (Naik),Normal,Dominan Jual (Guyur),Normal,Sedang,Normal,Area Tengah,< 1 Miliar,Persis di VWAP,Distribusi Pro (Guyuran),Gorengan Sepi (< 5M),Sepi (< 50%),Mark-Up (Fase Pesta),Spesialis Tiang Jemuran (Banting Pucuk),Normal,Sideways / Stagnan,TP: 186 | CL: 173,Normal,Ideal (1:2),Death Cross (Awal Bearish),Sentimen Positif 📰,Supply Kering (Siap Pump) 🏜️,Mendekati Fibo 61.8% (Golden Ratio),6,WAIT & SEE,TIDAK ADA,2026-08-21 16:40:01,Biasa / Mengikuti Pasar
16:40,CITA,Token Mati (Perlu Update),Big Cap (Lapis 1),Fair Value (Wajar),9.306479,1.5785884,3230.0,3240,3140,3370,1.2539184952978055,77900,Normal,53,Positif,Downtrend,Bearish,Bearish MACD,Konsolidasi / Transisi,Normal,Distribusi (Turun),Normal,Seimbang / Adu Mekanik,Squeeze,Rendah,Normal,Dekat Support (Low Risk),< 1 Miliar,Di Atas VWAP (Kuat),Distribusi Pro (Guyuran),Gorengan Sepi (< 5M),Normal (50-150%),Distribution (Fase Jualan),Spesialis Tiang Jemuran (Banting Pucuk),Normal,Naik 1 Hari Beruntun,TP: 3331 | CL: 3162,Open = Low (Bullish Kuat),Ideal (1:2),Netral / Sideways,Sentimen Positif 📰,Normal / Sedang Transisi,Mendekati Fibo 38.2%,3,WAIT & SEE,TIDAK ADA,2026-08-21 16:40:01,Biasa / Mengikuti Pasar
16:40,CLPI,Token Mati (Perlu Update),Small Cap (Lapis 3),Undervalued (Murah),6.567029,0.83869374,1595.0,1583,1505,1620,-0.3125,76300,Normal,63,Negatif,Uptrend,Bullish,Bearish MACD,Perfect Uptrend (5>20>50),Normal,Distribusi (Turun),Normal,Dominan Beli (Hajar Kanan),Squeeze,Rendah,Normal,Area Tengah,< 1 Miliar,Persis di VWAP,Akumulasi Pro (Smart Money),Gorengan Sepi (< 5M),Normal (50-150%),Mark-Up (Fase Pesta),Normal,Jarum Bawah (Sinyal Pantulan Kuat),Turun 1 Hari Beruntun,TP: 1626 | CL: 1573,Normal,Tidak Ideal (< 1:1),Death Cross (Awal Bearish),Sentimen Positif 📰,Normal / Sedang Transisi,Mendekati Fibo 23.6%,5,WAIT & SEE,TIDAK ADA,2026-08-21 16:40:01,Biasa / Mengikuti Pasar
16:40,CMNP,Token Mati (Perlu Update),Mid Cap (Lapis 2),Undervalued (Murah),7.902753,0.60832685,1375.0,1362,1305,1395,0.36496350364963503,21000,Normal,55,Positif,Uptrend,Bullish,Strong Bullish,Perfect Uptrend (5>20>50),Normal,Akumulasi (Naik),Normal,Seimbang / Adu Mekanik,Squeeze,Rendah,Normal,Area Tengah,< 1 Miliar,Persis di VWAP,Akumulasi Pro (Smart Money),Gorengan Sepi (< 5M),Sepi (< 50%),Mark-Up (Fase Pesta),Normal,Normal,Naik 1 Hari Beruntun,TP: 1418 | CL: 1345,Open = High (Tekanan Jual),Tidak Ideal (< 1:1),Netral / Sideways,Sentimen Positif 📰,Supply Kering (Siap Pump) 🏜️,Golden Rebound Fibo 50.0% 🎯,7,BELI,TIDAK ADA,2026-08-21 16:40:01,Biasa / Mengikuti Pasar
16:40,CMPP,Token Mati (Perlu Update),Small Cap (Lapis 3),Fair Value (Wajar),0.0,-0.047031812,69.0,69,69,69,0.0,0,Normal,43,Negatif,Downtrend,Bearish,Bullish MACD,Konsolidasi / Transisi,Normal,Netral,Normal,Tidak Ada Transaksi,Squeeze,Rendah,Doji (Ragu-ragu),Dekat Support (Low Risk),< 1 Miliar,Di Atas VWAP (Kuat),Netral,Gorengan Sepi (< 5M),Normal (50-150%),Sideways,Solid (Jarang Dibanting),Normal,Sideways / Stagnan,TP: 70 | CL: 68,Normal,Di Area Support,Oversold (Jenuh Jual - Peluang),Netral / Sepi Berita,Normal / Sedang Transisi,Golden Rebound Fibo 78.6% 🎯,1,WAIT & SEE,TIDAK ADA,2026-08-21 16:40:01,Biasa / Mengikuti Pasar
16:40,CNKO,Token Mati (Perlu Update),Small Cap (Lapis 3),Fair Value (Wajar),1.7281644,-0.35224676,37.0,37,37,37,0.0,0,Normal,44,Negatif,Downtrend,Bearish,Bullish MACD,Konsolidasi / Transisi,Normal,Netral,Normal,Tidak Ada Transaksi,Squeeze,Rendah,Doji (Ragu-ragu),Dekat Support (Low Risk),< 1 Miliar,Di Atas VWAP (Kuat),Netral,Gorengan Sepi (< 5M),Normal (50-150%),Sideways,Solid (Jarang Dibanting),Normal,Sideways / Stagnan,TP: 38 | CL: 36,Normal,Di Area Support,Oversold (Jenuh Jual - Peluang),Netral / Sepi Berita,Normal / Sedang Transisi,Mengambang (Jauh dari Fibo),1,WAIT & SEE,TIDAK ADA,2026-08-21 16:40:01,Biasa / Mengikuti Pasar
16:40,CPIN,Token Mati (Perlu Update),Big Cap (Lapis 1),Undervalued (Murah),6.6533012,1.4190823,3030.0,3122,2900,3370,0.33112582781456956,5640700,Normal,42,Positif,Downtrend,Bearish,Strong Bearish,Strong Downtrend (5<20<50),Normal,Distribusi (Turun),Normal,Dominan Beli (Hajar Kanan),Normal,Sedang,Normal,Area Tengah,> 1 Miliar,Persis di VWAP,Distribusi Pro (Guyuran),Ritel Aktif (5M - 50M),Sepi (< 50%),Mark-Down (Fase Runtuh),Normal,Normal,Naik 2 Hari Beruntun,TP: 3145 | CL: 2952,Normal,Ideal (1:2),Golden Cross (Awal Bullish),Sentimen Negatif ⚠️,Normal / Sedang Transisi,Mendekati Fibo Bottom / 100%,2,WAIT & SEE,TIDAK ADA,2026-08-21 16:40:01,Biasa / Mengikuti Pasar
16:40,CPRO,Token Mati (Perlu Update),Mid Cap (Lapis 2),Undervalued (Murah),9.259259,0.7482902,50.0,50,50,54,0.0,31418800,Normal,45,Negatif,Downtrend,Death Cross,Bearish MACD,Konsolidasi / Transisi,Normal,Distribusi (Turun),Normal,Tidak Ada Transaksi,Squeeze,Rendah,Doji (Ragu-ragu),Dekat Support (Low Risk),> 1 Miliar,Di Bawah VWAP (Lemah),Distribusi Pro (Guyuran),Ritel Aktif (5M - 50M),Sepi (< 50%),Distribution (Fase Jualan),Spesialis Tiang Jemuran (Banting Pucuk),Normal,Sideways / Stagnan,TP: 52 | CL: 48,Normal,Di Area Support,Oversold (Jenuh Jual - Peluang),Sentimen Positif 📰,Normal / Sedang Transisi,Golden Rebound Fibo Bottom / 100% 🎯,1,WAIT & SEE,TIDAK ADA,2026-08-21 16:40:01,Biasa / Mengikuti Pasar
16:40,CSAP,Token Mati (Perlu Update),Mid Cap (Lapis 2),Undervalued (Murah),9.009009,0.4527098,290.0,288,270,360,0.0,128300,Normal,52,Negatif,Uptrend,Death Cross,Bearish MACD,Konsolidasi / Transisi,Normal,Distribusi (Turun),Gap Up (+6.2%),Seimbang / Adu Mekanik,Squeeze,Rendah,Normal,Area Tengah,< 1 Miliar,Persis di VWAP,Distribusi Pro (Guyuran),Gorengan Sepi (< 5M),Sepi (< 50%),Mark-Up (Fase Pesta),Spesialis Tiang Jemuran (Banting Pucuk),Normal,Sideways / Stagnan,TP: 322 | CL: 268,Open = High (Tekanan Jual),Sangat Menarik (> 1:3),Oversold (Jenuh Jual - Peluang),Sentimen Positif 📰,Normal / Sedang Transisi,Mendekati Fibo 78.6%,4,WAIT & SEE,TIDAK ADA,2026-08-21 16:40:01,Biasa / Mengikuti Pasar
16:40,CTBN,Token Mati (Perlu Update),Mid Cap (Lapis 2),Overvalued (Mahal),38.95232,27187.498,3480.0,4074,3470,4760,-0.28653295128939826,190900,Tembus MA20,15,Negatif,Downtrend,Bearish,Strong Bearish,Strong Downtrend (5<20<50),Distribusi Kuat,Distribusi (Turun),Normal,Dominan Jual (Guyur),Normal,Tinggi,Normal,Dekat Support (Low Risk),< 1 Miliar,Di Bawah VWAP (Lemah),Distribusi Pro (Guyuran),Gorengan Sepi (< 5M),Anomali Tinggi (150-300%),Mark-Down (Fase Runtuh),Spesialis Tiang Jemuran (Banting Pucuk),Normal,Turun 3 Hari Beruntun,TP: 3670 | CL: 3352,Normal,Sangat Menarik (> 1:3),Oversold (Jenuh Jual - Peluang),Sentimen Positif 📰,Supply Banjir (Distribusi) 🌊,Golden Rebound Fibo Bottom / 100% 🎯,2,WAIT & SEE,TIDAK ADA,2026-08-21 16:40:01,Biasa / Mengikuti Pasar
16:40,CTRA,Token Mati (Perlu Update),Big Cap (Lapis 1),Undervalued (Murah),4.632353,0.47666103,630.0,597,550,655,0.8,5805000,Normal,62,Positif,Uptrend,Bullish,Strong Bullish,Perfect Uptrend (5>20>50),Normal,Akumulasi (Naik),Normal,Seimbang / Adu Mekanik,Normal,Tinggi,Doji (Ragu-ragu),Rawan Pucuk (High Risk),> 1 Miliar,Persis di VWAP,Distribusi Pro (Guyuran),Ritel Aktif (5M - 50M),Sepi (< 50%),Mark-Up (Fase Pesta),Normal,Normal,Naik 2 Hari Beruntun,TP: 660 | CL: 610,Normal,Tidak Ideal (< 1:1),Netral / Sideways,Sentimen Positif 📰,Normal / Sedang Transisi,Mendekati Fibo 23.6%,7,BELI,TIDAK ADA,2026-08-21 16:40:01,Biasa / Mengikuti Pasar
16:40,CTTH,Token Mati (Perlu Update),Small Cap (Lapis 3),Fair Value (Wajar),0.0,1.0709633,134.0,128,115,148,2.2900763358778624,10793900,Normal,55,Positif,Uptrend,Bullish,Strong Bullish,Perfect Uptrend (5>20>50),Normal,Akumulasi (Naik),Normal,Dominan Beli (Hajar Kanan),Normal,Sedang,Normal,Rawan Pucuk (High Risk),> 1 Miliar,Persis di VWAP,Distribusi Pro (Guyuran),Gorengan Sepi (< 5M),Normal (50-150%),Mark-Up (Fase Pesta),Spesialis Tiang Jemuran (Banting Pucuk),Normal,Naik 2 Hari Beruntun,TP: 146 | CL: 125,Normal,Tidak Ideal (< 1:1),Golden Cross (Awal Bullish),Sentimen Negatif ⚠️,Normal / Sedang Transisi,Mendekati Fibo 61.8% (Golden Ratio),7,BELI,TIDAK ADA,2026-08-21 16:40:01,Biasa / Mengikuti Pasar
16:40,DART,Token Mati (Perlu Update),Small Cap (Lapis 3),Fair Value (Wajar),0.0,0.4908498,166.0,147,121,214,1.2195121951219512,959100,Normal,60,Positif,Uptrend,Bullish,Strong Bullish,Perfect Uptrend (5>20>50),Normal,Distribusi (Turun),Normal,Dominan Beli (Hajar Kanan),Normal,Tinggi,Normal,Rawan Pucuk (High Risk),< 1 Miliar,Persis di VWAP,Distribusi Pro (Guyuran),Gorengan Sepi (< 5M),Sepi (< 50%),Mark-Up (Fase Pesta),Spesialis Tiang Jemuran (Banting Pucuk),Normal,Naik 1 Hari Beruntun,TP: 194 | CL: 146,Normal,Menengah (1:1),Golden Cross (Awal Bullish),Sentimen Positif 📰,Normal / Sedang Transisi,Mendekati Fibo 50.0%,7,BELI,TIDAK ADA,2026-08-21 16:40:01,Biasa / Mengikuti Pasar
16:40,DEFI,Token Mati (Perlu Update),Small Cap (Lapis 3),Fair Value (Wajar),0.0,2.716161,108.0,106,100,126,0.9345794392523363,17378900,Normal,50,Positif,Uptrend,Bearish,Bullish MACD,Strong Downtrend (5<20<50),Normal,Akumulasi (Naik),Normal,Seimbang / Adu Mekanik,Normal,Sedang,Normal,Area Tengah,> 1 Miliar,Persis di VWAP,Distribusi Pro (Guyuran),Gorengan Sepi (< 5M),Normal (50-150%),Accumulation (Kumpul Barang),Spesialis Tiang Jemuran (Banting Pucuk),Normal,Naik 1 Hari Beruntun,TP: 117 | CL: 101,Normal,Ideal (1:2),Golden Cross (Awal Bullish),Sentimen Positif 📰,Normal / Sedang Transisi,Mendekati Fibo 78.6%,5,WAIT & SEE,TIDAK ADA,2026-08-21 16:40:01,Biasa / Mengikuti Pasar
16:40,DEWA,Token Mati (Perlu Update),Big Cap (Lapis 1),Fair Value (Wajar),3.9432724,2.1993923,458.0,455,430,496,0.43859649122807015,526412500,Normal,58,Positif,Uptrend,Bearish,Bearish MACD,Konsolidasi / Transisi,Normal,Akumulasi (Naik),Normal,Dominan Jual (Guyur),Normal,Sedang,Doji (Ragu-ragu),Area Tengah,> 1 Miliar,Di Atas VWAP (Kuat),Distribusi Pro (Guyuran),Sultan (> 50M/hari),Normal (50-150%),Mark-Up (Fase Pesta),Spesialis Tiang Jemuran (Banting Pucuk),Normal,Naik 2 Hari Beruntun,TP: 488 | CL: 437,Normal,Menengah (1:1),Golden Cross (Awal Bullish),Sentimen Positif 📰,Normal / Sedang Transisi,Mendekati Fibo 23.6%,5,WAIT & SEE,TIDAK ADA,2026-08-21 16:40:01,🔥 ANOMALI BANDAR (Siap Ledakan)
16:40,DGIK,Token Mati (Perlu Update),Small Cap (Lapis 3),Undervalued (Murah),12.304867,0.9062627,134.0,128,121,147,0.7518796992481203,8913600,Tembus MA20,59,Positif,Uptrend,Bullish,Strong Bullish,Perfect Uptrend (5>20>50),Normal,Akumulasi (Naik),Normal,Seimbang / Adu Mekanik,Normal,Sedang,Normal,Rawan Pucuk (High Risk),> 1 Miliar,Persis di VWAP,Distribusi Pro (Guyuran),Gorengan Sepi (< 5M),Normal (50-150%),Mark-Up (Fase Pesta),Spesialis Tiang Jemuran (Banting Pucuk),Normal,Naik 1 Hari Beruntun,TP: 144 | CL: 127,Normal,Menengah (1:1),Netral / Sideways,Sentimen Positif 📰,Normal / Sedang Transisi,Mendekati Fibo 50.0%,8,BELI,TIDAK ADA,2026-08-21 16:40:01,Biasa / Mengikuti Pasar
16:40,DILD,Token Mati (Perlu Update),Mid Cap (Lapis 2),Fair Value (Wajar),20.373514,0.21992965,119.0,116,113,126,1.7094017094017095,12779800,Normal,59,Positif,Uptrend,Golden Cross,Strong Bullish,Perfect Uptrend (5>20>50),Normal,Akumulasi (Naik),Normal,Seimbang / Adu Mekanik,Squeeze,Rendah,Normal,Area Tengah,> 1 Miliar,Persis di VWAP,Distribusi Pro (Guyuran),Gorengan Sepi (< 5M),Sepi (< 50%),Mark-Up (Fase Pesta),Normal,Normal,Naik 1 Hari Beruntun,TP: 125 | CL: 114,Open = Low (Bullish Kuat),Menengah (1:1),Golden Cross (Awal Bullish),Sentimen Positif 📰,Normal / Sedang Transisi,Dekat Support Fibo 38.2%,7,BELI,TIDAK ADA,2026-08-21 16:40:01,Biasa / Mengikuti Pasar
16:40,DKFT,Token Mati (Perlu Update),Mid Cap (Lapis 2),Fair Value (Wajar),5.592188,2.4015887,670.0,665,625,715,-0.7407407407407408,3212600,Normal,53,Negatif,Uptrend,Bearish,Bearish MACD,Konsolidasi / Transisi,Normal,Akumulasi (Naik),Normal,Seimbang / Adu Mekanik,Normal,Sedang,Normal,Area Tengah,> 1 Miliar,Di Atas VWAP (Kuat),Akumulasi Pro (Smart Money),Gorengan Sepi (< 5M),Normal (50-150%),Mark-Up (Fase Pesta),Normal,Normal,Turun 1 Hari Beruntun,TP: 707 | CL: 645,Open = High (Tekanan Jual),Menengah (1:1),Golden Cross (Awal Bullish),Sentimen Positif 📰,Normal / Sedang Transisi,Dekat Support Fibo 38.2%,4,WAIT & SEE,TIDAK ADA,2026-08-21 16:40:01,Biasa / Mengikuti Pasar
16:40,DLTA,Token Mati (Perlu Update),Mid Cap (Lapis 2),Fair Value (Wajar),9.643957,2.1220999,1785.0,1782,1760,1805,-0.27932960893854747,74500,Normal,57,Negatif,Uptrend,Bullish,Bearish MACD,Perfect Uptrend (5>20>50),Normal,Distribusi (Turun),Normal,Dominan Jual (Guyur),Squeeze,Rendah,Normal,Dekat Support (Low Risk),< 1 Miliar,Persis di VWAP,Distribusi Pro (Guyuran),Gorengan Sepi (< 5M),Normal (50-150%),Mark-Up (Fase Pesta),Normal,Normal,Turun 1 Hari Beruntun,TP: 1811 | CL: 1767,Normal,Tidak Ideal (< 1:1),Netral / Sideways,Sentimen Positif 📰,Normal / Sedang Transisi,Dekat Support Fibo 23.6%,4,WAIT & SEE,TIDAK ADA,2026-08-21 16:40:01,Biasa / Mengikuti Pasar
16:40,DMAS,Token Mati (Perlu Update),Mid Cap (Lapis 2),Undervalued (Murah),5.12979,1.1418744,166.0,148,136,170,-1.7751479289940828,208267400,Tembus MA20,77,Negatif,Uptrend,Bullish,Strong Bullish,Perfect Uptrend (5>20>50),Normal,Akumulasi (Naik),Normal,Seimbang / Adu Mekanik,Normal,Tinggi,Normal,Rawan Pucuk (High Risk),> 1 Miliar,Di Atas VWAP (Kuat),Akumulasi Pro (Smart Money),Sultan (> 50M/hari),Normal (50-150%),Mark-Up (Fase Pesta),Normal,Normal,Turun 1 Hari Beruntun,TP: 173 | CL: 160,Open = High (Tekanan Jual),Tidak Ideal (< 1:1),Overbought (Jenuh Beli - Rawan),Sentimen Negatif ⚠️,Supply Banjir (Distribusi) 🌊,Mendekati Fibo 23.6%,6,WAIT & SEE,TIDAK ADA,2026-08-21 16:40:01,Biasa / Mengikuti Pasar
16:40,DNAR,Token Mati (Perlu Update),Mid Cap (Lapis 2),Undervalued (Murah),9.567198,0.5443987,126.0,124,116,133,0.0,289900,Normal,59,Negatif,Uptrend,Bullish,Bearish MACD,Perfect Uptrend (5>20>50),Normal,Akumulasi (Naik),Normal,Dominan Jual (Guyur),Squeeze,Rendah,Normal,Area Tengah,< 1 Miliar,Persis di VWAP,Distribusi Pro (Guyuran),Gorengan Sepi (< 5M),Sepi (< 50%),Mark-Up (Fase Pesta),Normal,Normal,Sideways / Stagnan,TP: 132 | CL: 121,Normal,Tidak Ideal (< 1:1),Netral / Sideways,Netral / Sepi Berita,Supply Kering (Siap Pump) 🏜️,Golden Rebound Fibo 38.2% 🎯,4,WAIT & SEE,TIDAK ADA,2026-08-21 16:40:01,Biasa / Mengikuti Pasar
16:40,DNET,Token Mati (Perlu Update),Big Cap (Lapis 1),Overvalued (Mahal),127.22159,9.039981,9950.0,9806,9500,10000,0.5050505050505051,3400,Normal,55,Positif,Uptrend,Bullish,Strong Bullish,Awal Reversal (5>20),Normal,Akumulasi (Naik),Normal,Dominan Beli (Hajar Kanan),Squeeze,Rendah,Marubozu (Strong Bullish),Area Tengah,< 1 Miliar,Di Atas VWAP (Kuat),Akumulasi Pro (Smart Money),Gorengan Sepi (< 5M),Sepi (< 50%),Accumulation (Kumpul Barang),Normal,Normal,Naik 1 Hari Beruntun,TP: 10258 | CL: 9744,Open = Low (Bullish Kuat),Tidak Ideal (< 1:1),Overbought (Jenuh Beli - Rawan),Sentimen Positif 📰,Supply Kering (Siap Pump) 🏜️,Golden Rebound Fibo 61.8% (Golden Ratio) 🎯,8,BELI,TIDAK ADA,2026-08-21 16:40:01,Biasa / Mengikuti Pasar
16:40,DOID,Token Mati (Perlu Update),Mid Cap (Lapis 2),Overvalued (Mahal),0.0,223999.98,224.0,214,200,248,5.660377358490567,20366100,Tembus MA20,62,Positif,Uptrend,Bearish,Bearish MACD,Konsolidasi / Transisi,Akumulasi Kuat,Akumulasi (Naik),Normal,Seimbang / Adu Mekanik,Normal,Sedang,Normal,Rawan Pucuk (High Risk),> 1 Miliar,Persis di VWAP,Distribusi Pro (Guyuran),Gorengan Sepi (< 5M),Ledakan Ekstrem (> 300%),Mark-Up (Fase Pesta),Normal,Normal,Naik 1 Hari Beruntun,TP: 237 | CL: 215,Open = Low (Bullish Kuat),Menengah (1:1),Netral / Sideways,Sentimen Negatif ⚠️,Normal / Sedang Transisi,Dekat Support Fibo 50.0%,6,WAIT & SEE,TIDAK ADA,2026-08-21 16:40:01,Biasa / Mengikuti Pasar
16:40,DPNS,Token Mati (Perlu Update),Small Cap (Lapis 3),Undervalued (Murah),4.298511,0.3023119,310.0,310,310,310,0.0,0,Normal,0,Negatif,Downtrend,Bearish,Bearish MACD,Konsolidasi / Transisi,Normal,Netral,Normal,Tidak Ada Transaksi,Squeeze,Rendah,Doji (Ragu-ragu),Dekat Support (Low Risk),< 1 Miliar,Di Atas VWAP (Kuat),Netral,Gorengan Sepi (< 5M),Normal (50-150%),Sideways,Solid (Jarang Dibanting),Normal,Sideways / Stagnan,TP: 311 | CL: 309,Normal,Di Area Support,Oversold (Jenuh Jual - Peluang),Netral / Sepi Berita,Normal / Sedang Transisi,Normal / Sideways,0,WAIT & SEE,TIDAK ADA,2026-08-21 16:40:01,Biasa / Mengikuti Pasar
16:40,DSFI,Token Mati (Perlu Update),Small Cap (Lapis 3),Undervalued (Murah),9.161607,0.5493874,86.0,81,77,91,0.0,2803600,Normal,65,Negatif,Uptrend,Bullish,Strong Bullish,Perfect Uptrend (5>20>50),Normal,Akumulasi (Naik),Normal,Dominan Jual (Guyur),Normal,Sedang,Doji (Ragu-ragu),Rawan Pucuk (High Risk),< 1 Miliar,Di Atas VWAP (Kuat),Distribusi Pro (Guyuran),Gorengan Sepi (< 5M),Sepi (< 50%),Mark-Up (Fase Pesta),Spesialis Tiang Jemuran (Banting Pucuk),Normal,Sideways / Stagnan,TP: 92 | CL: 81,Normal,Tidak Ideal (< 1:1),Death Cross (Awal Bearish),Sentimen Negatif ⚠️,Normal / Sedang Transisi,Mendekati Fibo 23.6%,5,WAIT & SEE,TIDAK ADA,2026-08-21 16:40:01,Biasa / Mengikuti Pasar
16:40,DSNG,Token Mati (Perlu Update),Big Cap (Lapis 1),Undervalued (Murah),7.977553,1.2825152,1455.0,1345,1230,1475,2.464788732394366,8813600,Tembus MA20,66,Positif,Uptrend,Bullish,Strong Bullish,Perfect Uptrend (5>20>50),Normal,Akumulasi (Naik),Normal,Seimbang / Adu Mekanik,Breakout Upper,Sedang,Normal,Rawan Pucuk (High Risk),> 1 Miliar,Di Atas VWAP (Kuat),Akumulasi Pro (Smart Money),Ritel Aktif (5M - 50M),Anomali Tinggi (150-300%),Mark-Up (Fase Pesta),Solid (Jarang Dibanting),Normal,Naik 2 Hari Beruntun,TP: 1533 | CL: 1402,Open = Low (Bullish Kuat),Tidak Ideal (< 1:1),Overbought (Jenuh Beli - Rawan),Sentimen Positif 📰,Normal / Sedang Transisi,Mengambang (Jauh dari Fibo),8,BELI,TIDAK ADA,2026-08-21 16:40:01,Biasa / Mengikuti Pasar
16:40,DSSA,Token Mati (Perlu Update),Big Cap (Lapis 1),Overvalued (Mahal),42.247906,88333.336,1060.0,928,805,1080,3.9215686274509802,540849200,Tembus MA20,68,Positif,Uptrend,Bullish,Strong Bullish,Perfect Uptrend (5>20>50),Normal,Akumulasi (Naik),Normal,Seimbang / Adu Mekanik,Normal,Tinggi,Normal,Rawan Pucuk (High Risk),> 1 Miliar,Di Atas VWAP (Kuat),Akumulasi Pro (Smart Money),Sultan (> 50M/hari),Normal (50-150%),Mark-Up (Fase Pesta),Spesialis Tiang Jemuran (Banting Pucuk),Normal,Naik 1 Hari Beruntun,TP: 1159 | CL: 993,Normal,Tidak Ideal (< 1:1),Overbought (Jenuh Beli - Rawan),Sentimen Positif 📰,Normal / Sedang Transisi,Mengambang (Jauh dari Fibo),8,BELI,TIDAK ADA,2026-08-21 16:40:01,🔥 ANOMALI BANDAR (Siap Ledakan)
16:40,DUTI,Token Mati (Perlu Update),Mid Cap (Lapis 2),Undervalued (Murah),14.044862,0.86114514,4790.0,4387,4050,4800,0.0,100,Normal,94,Negatif,Uptrend,Bullish,Strong Bullish,Perfect Uptrend (5>20>50),Normal,Akumulasi (Naik),Normal,Tidak Ada Transaksi,Breakout Upper,Tinggi,Doji (Ragu-ragu),Rawan Pucuk (High Risk),< 1 Miliar,Di Atas VWAP (Kuat),Akumulasi Pro (Smart Money),Gorengan Sepi (< 5M),Sepi (< 50%),Mark-Up (Fase Pesta),Solid (Jarang Dibanting),Normal,Sideways / Stagnan,TP: 4845 | CL: 4752,Normal,Tidak Ideal (< 1:1),Overbought (Jenuh Beli - Rawan),Sentimen Positif 📰,Normal / Sedang Transisi,Mengambang (Jauh dari Fibo),6,WAIT & SEE,TIDAK ADA,2026-08-21 16:40:01,Biasa / Mengikuti Pasar
16:40,DVLA,Token Mati (Perlu Update),Mid Cap (Lapis 2),Undervalued (Murah),12.904547,1.1759356,1575.0,1583,1550,1600,-0.6309148264984227,5200,Normal,51,Negatif,Downtrend,Bearish,Bearish MACD,Konsolidasi / Transisi,Normal,Akumulasi (Naik),Normal,Dominan Jual (Guyur),Squeeze,Rendah,Normal,Dekat Support (Low Risk),< 1 Miliar,Persis di VWAP,Akumulasi Pro (Smart Money),Gorengan Sepi (< 5M),Normal (50-150%),Distribution (Fase Jualan),Normal,Normal,Turun 1 Hari Beruntun,TP: 1595 | CL: 1561,Open = High (Tekanan Jual),Menengah (1:1),Netral / Sideways,Sentimen Positif 📰,Normal / Sedang Transisi,Dekat Support Fibo 23.6%,3,WAIT & SEE,TIDAK ADA,2026-08-21 16:40:01,Biasa / Mengikuti Pasar
16:40,DYAN,Token Mati (Perlu Update),Small Cap (Lapis 3),Undervalued (Murah),8.27907,0.5128707,89.0,85,77,93,-2.197802197802198,3012400,Normal,64,Negatif,Uptrend,Bullish,Strong Bullish,Perfect Uptrend (5>20>50),Normal,Akumulasi (Naik),Normal,Seimbang / Adu Mekanik,Normal,Tinggi,Normal,Rawan Pucuk (High Risk),< 1 Miliar,Persis di VWAP,Akumulasi Pro (Smart Money),Gorengan Sepi (< 5M),Normal (50-150%),Mark-Up (Fase Pesta),Spesialis Tiang Jemuran (Banting Pucuk),Normal,Turun 1 Hari Beruntun,TP: 95 | CL: 85,Normal,Tidak Ideal (< 1:1),Death Cross (Awal Bearish),Sentimen Positif 📰,Normal / Sedang Transisi,Mendekati Fibo 23.6%,6,WAIT & SEE,TIDAK ADA,2026-08-21 16:40:01,Biasa / Mengikuti Pasar
16:40,ECII,Token Mati (Perlu Update),Small Cap (Lapis 3),Fair Value (Wajar),0.0,0.19453132,157.0,158,143,190,1.2903225806451613,355700,Normal,54,Positif,Downtrend,Bearish,Bearish MACD,Konsolidasi / Transisi,Normal,Akumulasi (Naik),Normal,Seimbang / Adu Mekanik,Normal,Sedang,Normal,Area Tengah,< 1 Miliar,Di Atas VWAP (Kuat),Akumulasi Pro (Smart Money),Gorengan Sepi (< 5M),Sepi (< 50%),Distribution (Fase Jualan),Spesialis Tiang Jemuran (Banting Pucuk),Jarum Bawah (Sinyal Pantulan Kuat),Naik 2 Hari Beruntun,TP: 165 | CL: 151,Normal,Ideal (1:2),Golden Cross (Awal Bullish),Netral / Sepi Berita,Normal / Sedang Transisi,Mendekati Fibo 50.0%,3,WAIT & SEE,TIDAK ADA,2026-08-21 16:40:01,Biasa / Mengikuti Pasar
16:40,EKAD,Token Mati (Perlu Update),Mid Cap (Lapis 2),Undervalued (Murah),2.1056519,0.87281793,308.0,215,164,368,0.0,4985100,Normal,87,Negatif,Uptrend,Bullish,Strong Bullish,Perfect Uptrend (5>20>50),Normal,Akumulasi (Naik),Normal,Seimbang / Adu Mekanik,Normal,Tinggi,Doji (Ragu-ragu),Rawan Pucuk (High Risk),> 1 Miliar,Di Bawah VWAP (Lemah),Distribusi Pro (Guyuran),Ritel Aktif (5M - 50M),Sepi (< 50%),Mark-Up (Fase Pesta),Normal,Jarum Bawah (Sinyal Pantulan Kuat),Sideways / Stagnan,TP: 341 | CL: 286,Normal,Tidak Ideal (< 1:1),Netral / Sideways,Sentimen Positif 📰,Normal / Sedang Transisi,Mengambang (Jauh dari Fibo),6,WAIT & SEE,TIDAK ADA,2026-08-21 16:40:01,Biasa / Mengikuti Pasar
16:40,ELSA,Token Mati (Perlu Update),Mid Cap (Lapis 2),Undervalued (Murah),6.3890624,0.9620961,715.0,693,650,740,-2.054794520547945,11119600,Normal,60,Negatif,Uptrend,Bullish,Bearish MACD,Perfect Uptrend (5>20>50),Normal,Akumulasi (Naik),Normal,Dominan Jual (Guyur),Normal,Sedang,Normal,Rawan Pucuk (High Risk),> 1 Miliar,Persis di VWAP,Akumulasi Pro (Smart Money),Ritel Aktif (5M - 50M),Normal (50-150%),Mark-Up (Fase Pesta),Normal,Normal,Turun 1 Hari Beruntun,TP: 753 | CL: 689,Normal,Tidak Ideal (< 1:1),Death Cross (Awal Bearish),Netral / Sepi Berita,Normal / Sedang Transisi,Mendekati Fibo 23.6%,4,WAIT & SEE,TIDAK ADA,2026-08-21 16:40:01,Biasa / Mengikuti Pasar
16:40,ELTY,Token Mati (Perlu Update),Mid Cap (Lapis 2),Fair Value (Wajar),0.0,0.3142727,40.0,36,29,46,5.263157894736842,93468600,Normal,64,Positif,Uptrend,Bullish,Bearish MACD,Perfect Uptrend (5>20>50),Normal,Distribusi (Turun),Gap Up (+5.3%),Tidak Ada Transaksi,Normal,Tinggi,Doji (Ragu-ragu),Rawan Pucuk (High Risk),> 1 Miliar,Di Atas VWAP (Kuat),Distribusi Pro (Guyuran),Gorengan Sepi (< 5M),Normal (50-150%),Mark-Up (Fase Pesta),Normal,Normal,Naik 1 Hari Beruntun,TP: 43 | CL: 37,Normal,Tidak Ideal (< 1:1),Netral / Sideways,Netral / Sepi Berita,Normal / Sedang Transisi,Dekat Support Fibo 23.6%,5,WAIT & SEE,TIDAK ADA,2026-08-21 16:40:01,Biasa / Mengikuti Pasar
16:40,EMDE,Token Mati (Perlu Update),Small Cap (Lapis 3),Fair Value (Wajar),0.0,0.14323157,77.0,74,66,94,0.0,12878600,Normal,58,Negatif,Uptrend,Bullish,Bearish MACD,Perfect Uptrend (5>20>50),Normal,Akumulasi (Naik),Normal,Dominan Jual (Guyur),Normal,Tinggi,Doji (Ragu-ragu),Rawan Pucuk (High Risk),< 1 Miliar,Persis di VWAP,Distribusi Pro (Guyuran),Gorengan Sepi (< 5M),Normal (50-150%),Mark-Up (Fase Pesta),Spesialis Tiang Jemuran (Banting Pucuk),Normal,Sideways / Stagnan,TP: 85 | CL: 71,Normal,Ideal (1:2),Netral / Sideways,Netral / Sepi Berita,Normal / Sedang Transisi,Mengambang (Jauh dari Fibo),4,WAIT & SEE,TIDAK ADA,2026-08-21 16:40:01,Biasa / Mengikuti Pasar
16:40,EMTK,Token Mati (Perlu Update),Big Cap (Lapis 1),Undervalued (Murah),14.833968,0.91039085,545.0,521,494,565,-0.9090909090909091,44836500,Tembus MA20,58,Negatif,Uptrend,Golden Cross,Strong Bullish,Awal Reversal (5>20),Normal,Akumulasi (Naik),Normal,Seimbang / Adu Mekanik,Normal,Sedang,Normal,Rawan Pucuk (High Risk),> 1 Miliar,Di Atas VWAP (Kuat),Akumulasi Pro (Smart Money),Ritel Aktif (5M - 50M),Normal (50-150%),Accumulation (Kumpul Barang),Normal,Normal,Turun 1 Hari Beruntun,TP: 576 | CL: 524,Normal,Tidak Ideal (< 1:1),Netral / Sideways,Sentimen Positif 📰,Normal / Sedang Transisi,Mendekati Fibo 78.6%,7,BELI,TIDAK ADA,2026-08-21 16:40:01,Biasa / Mengikuti Pasar
16:40,ENRG,Token Mati (Perlu Update),Big Cap (Lapis 1),Overvalued (Mahal),29.358627,36111.113,1300.0,1242,927,1460,-0.7633587786259541,73226300,Normal,53,Negatif,Uptrend,Bullish,Bullish MACD,Awal Reversal (5>20),Normal,Akumulasi (Naik),Normal,Dominan Jual (Guyur),Normal,Tinggi,Normal,Rawan Pucuk (High Risk),> 1 Miliar,Persis di VWAP,Distribusi Pro (Guyuran),Sultan (> 50M/hari),Normal (50-150%),Accumulation (Kumpul Barang),Normal,Normal,Turun 1 Hari Beruntun,TP: 1448 | CL: 1201,Normal,Tidak Ideal (< 1:1),Overbought (Jenuh Beli - Rawan),Sentimen Positif 📰,Normal / Sedang Transisi,Dekat Support Fibo 50.0%,6,WAIT & SEE,TIDAK ADA,2026-08-21 16:40:01,Biasa / Mengikuti Pasar
16:40,EPMT,Token Mati (Perlu Update),Mid Cap (Lapis 2),Undervalued (Murah),7.6804914,0.7708914,2350.0,2333,2260,2460,0.0,21600,Normal,53,Negatif,Uptrend,Bullish,Strong Bullish,Perfect Uptrend (5>20>50),Normal,Akumulasi (Naik),Normal,Dominan Jual (Guyur),Squeeze,Rendah,Doji (Ragu-ragu),Area Tengah,< 1 Miliar,Persis di VWAP,Akumulasi Pro (Smart Money),Gorengan Sepi (< 5M),Sepi (< 50%),Mark-Up (Fase Pesta),Spesialis Tiang Jemuran (Banting Pucuk),Normal,Sideways / Stagnan,TP: 2443 | CL: 2287,Normal,Menengah (1:1),Netral / Sideways,Sentimen Positif 📰,Normal / Sedang Transisi,Dekat Support Fibo 38.2%,6,WAIT & SEE,TIDAK ADA,2026-08-21 16:40:01,Biasa / Mengikuti Pasar
16:40,ERAA,Token Mati (Perlu Update),Mid Cap (Lapis 2),Undervalued (Murah),5.2813373,0.78211755,474.0,440,372,488,1.7167381974248928,42341300,Normal,79,Positif,Uptrend,Bullish,Bearish MACD,Perfect Uptrend (5>20>50),Normal,Akumulasi (Naik),Normal,Seimbang / Adu Mekanik,Normal,Tinggi,Normal,Rawan Pucuk (High Risk),> 1 Miliar,Di Atas VWAP (Kuat),Distribusi Pro (Guyuran),Ritel Aktif (5M - 50M),Normal (50-150%),Mark-Up (Fase Pesta),Spesialis Tiang Jemuran (Banting Pucuk),Normal,Naik 1 Hari Beruntun,TP: 500 | CL: 456,Normal,Tidak Ideal (< 1:1),Netral / Sideways,Sentimen Positif 📰,Normal / Sedang Transisi,Mengambang (Jauh dari Fibo),6,WAIT & SEE,TIDAK ADA,2026-08-21 16:40:01,Biasa / Mengikuti Pasar
16:40,ERTX,Token Mati (Perlu Update),Small Cap (Lapis 3),Overvalued (Mahal),183999.98,8000.0,184.0,184,164,232,0.0,1488600,Normal,58,Negatif,Downtrend,Bullish,Bearish MACD,Perfect Uptrend (5>20>50),Normal,Distribusi (Turun),Gap Up (+3.8%),Seimbang / Adu Mekanik,Normal,Tinggi,Normal,Rawan Pucuk (High Risk),< 1 Miliar,Persis di VWAP,Distribusi Pro (Guyuran),Gorengan Sepi (< 5M),Anomali Tinggi (150-300%),Distribution (Fase Jualan),Spesialis Tiang Jemuran (Banting Pucuk),Normal,Sideways / Stagnan,TP: 202 | CL: 171,Normal,Ideal (1:2),Oversold (Jenuh Jual - Peluang),Sentimen Positif 📰,Normal / Sedang Transisi,Golden Rebound Fibo 38.2% 🎯,4,WAIT & SEE,TIDAK ADA,2026-08-21 16:40:01,Biasa / Mengikuti Pasar
16:40,ESSA,Token Mati (Perlu Update),Big Cap (Lapis 1),Overvalued (Mahal),11.909263,25200.0,630.0,640,600,735,-0.7874015748031495,37630500,Normal,50,Negatif,Downtrend,Death Cross,Bearish MACD,Konsolidasi / Transisi,Normal,Distribusi (Turun),Normal,Seimbang / Adu Mekanik,Normal,Tinggi,Normal,Area Tengah,> 1 Miliar,Di Bawah VWAP (Lemah),Distribusi Pro (Guyuran),Ritel Aktif (5M - 50M),Sepi (< 50%),Distribution (Fase Jualan),Normal,Normal,Turun 1 Hari Beruntun,TP: 673 | CL: 600,Open = High (Tekanan Jual),Sangat Menarik (> 1:3),Oversold (Jenuh Jual - Peluang),Sentimen Negatif ⚠️,Normal / Sedang Transisi,Mendekati Fibo 50.0%,0,WAIT & SEE,TIDAK ADA,2026-08-21 16:40:01,Biasa / Mengikuti Pasar
16:40,ESTI,Token Mati (Perlu Update),Small Cap (Lapis 3),Overvalued (Mahal),163000.0,1.8320782,163.0,160,126,220,-1.2121212121212122,2209900,Normal,55,Negatif,Uptrend,Bullish,Bearish MACD,Perfect Uptrend (5>20>50),Normal,Akumulasi (Naik),Normal,Dominan Jual (Guyur),Normal,Tinggi,Normal,Rawan Pucuk (High Risk),< 1 Miliar,Persis di VWAP,Distribusi Pro (Guyuran),Gorengan Sepi (< 5M),Sepi (< 50%),Mark-Up (Fase Pesta),Normal,Normal,Turun 1 Hari Beruntun,TP: 187 | CL: 146,Normal,Ideal (1:2),Netral / Sideways,Sentimen Positif 📰,Normal / Sedang Transisi,Mendekati Fibo 50.0%,5,WAIT & SEE,TIDAK ADA,2026-08-21 16:40:01,Biasa / Mengikuti Pasar
16:40,ETWA,Token Mati (Perlu Update),Small Cap (Lapis 3),Fair Value (Wajar),0.0,-0.75840473,70.0,70,70,70,0.0,0,Normal,0,Negatif,Downtrend,Bearish,Bearish MACD,Konsolidasi / Transisi,Normal,Netral,Normal,Tidak Ada Transaksi,Squeeze,Rendah,Doji (Ragu-ragu),Dekat Support (Low Risk),< 1 Miliar,Di Atas VWAP (Kuat),Netral,Gorengan Sepi (< 5M),Normal (50-150%),Sideways,Solid (Jarang Dibanting),Normal,Sideways / Stagnan,TP: 71 | CL: 69,Normal,Di Area Support,Oversold (Jenuh Jual - Peluang),Netral / Sepi Berita,Normal / Sedang Transisi,Normal / Sideways,0,WAIT & SEE,TIDAK ADA,2026-08-21 16:40:01,Biasa / Mengikuti Pasar
16:40,EXCL,Token Mati (Perlu Update),Big Cap (Lapis 1),Fair Value (Wajar),0.0,1.7798483,2850.0,2577,2350,2930,0.7067137809187279,2890400,Normal,65,Positif,Uptrend,Bullish,Strong Bullish,Perfect Uptrend (5>20>50),Normal,Akumulasi (Naik),Normal,Seimbang / Adu Mekanik,Normal,Tinggi,Normal,Rawan Pucuk (High Risk),> 1 Miliar,Di Atas VWAP (Kuat),Akumulasi Pro (Smart Money),Ritel Aktif (5M - 50M),Sepi (< 50%),Mark-Up (Fase Pesta),Solid (Jarang Dibanting),Normal,Naik 1 Hari Beruntun,TP: 3011 | CL: 2742,Normal,Tidak Ideal (< 1:1),Overbought (Jenuh Beli - Rawan),Netral / Sepi Berita,Normal / Sedang Transisi,Dekat Support Fibo 23.6%,6,WAIT & SEE,TIDAK ADA,2026-08-21 16:40:01,Biasa / Mengikuti Pasar
16:40,FAST,Token Mati (Perlu Update),Mid Cap (Lapis 2),Overvalued (Mahal),0.0,8.919076,476.0,381,270,565,-3.2520325203252036,60356300,Tembus MA20,65,Negatif,Uptrend,Bullish,Strong Bullish,Perfect Uptrend (5>20>50),Normal,Akumulasi (Naik),Normal,Dominan Jual (Guyur),Normal,Tinggi,Normal,Rawan Pucuk (High Risk),> 1 Miliar,Di Bawah VWAP (Lemah),Distribusi Pro (Guyuran),Sultan (> 50M/hari),Normal (50-150%),Mark-Up (Fase Pesta),Normal,Normal,Turun 1 Hari Beruntun,TP: 563 | CL: 417,Normal,Tidak Ideal (< 1:1),Death Cross (Awal Bearish),Netral / Sepi Berita,Supply Banjir (Distribusi) 🌊,Mengambang (Jauh dari Fibo),6,WAIT & SEE,TIDAK ADA,2026-08-21 16:40:01,Biasa / Mengikuti Pasar
16:40,FASW,Token Mati (Perlu Update),Big Cap (Lapis 1),Overvalued (Mahal),0.0,3.013094,5312.4970703125,5312,5312,5312,0.0,0,Normal,0,Negatif,Downtrend,Bearish,Bearish MACD,Konsolidasi / Transisi,Normal,Netral,Normal,Tidak Ada Transaksi,Squeeze,Rendah,Doji (Ragu-ragu),Dekat Support (Low Risk),< 1 Miliar,Di Atas VWAP (Kuat),Netral,Gorengan Sepi (< 5M),Normal (50-150%),Sideways,Solid (Jarang Dibanting),Normal,Sideways / Stagnan,TP: 5313 | CL: 5311,Normal,Di Area Support,Oversold (Jenuh Jual - Peluang),Netral / Sepi Berita,Normal / Sedang Transisi,Normal / Sideways,0,WAIT & SEE,TIDAK ADA,2026-08-21 16:40:01,Biasa / Mengikuti Pasar
16:40,FISH,Token Mati (Perlu Update),Mid Cap (Lapis 2),Overvalued (Mahal),55.400375,17000.0,595.0,606,570,655,-0.8333333333333334,33400,Normal,41,Negatif,Downtrend,Bearish,Strong Bearish,Strong Downtrend (5<20<50),Normal,Distribusi (Turun),Normal,Seimbang / Adu Mekanik,Squeeze,Rendah,Doji (Ragu-ragu),Area Tengah,< 1 Miliar,Persis di VWAP,Akumulasi Pro (Smart Money),Gorengan Sepi (< 5M),Normal (50-150%),Mark-Down (Fase Runtuh),Normal,Normal,Turun 1 Hari Beruntun,TP: 618 | CL: 579,Normal,Ideal (1:2),Netral / Sideways,Sentimen Positif 📰,Normal / Sedang Transisi,Dekat Support Fibo 61.8% (Golden Ratio),1,WAIT & SEE,TIDAK ADA,2026-08-21 16:40:01,Biasa / Mengikuti Pasar
16:40,FMII,Token Mati (Perlu Update),Mid Cap (Lapis 2),Fair Value (Wajar),0.0,2.3636951,256.0,250,240,260,2.4,49300,Tembus MA20,55,Positif,Uptrend,Bullish,Strong Bullish,Awal Reversal (5>20),Akumulasi Kuat,Akumulasi (Naik),Normal,Dominan Beli (Hajar Kanan),Squeeze,Rendah,Hammer (Potensi Reversal),Area Tengah,< 1 Miliar,Di Atas VWAP (Kuat),Akumulasi Pro (Smart Money),Gorengan Sepi (< 5M),Anomali Tinggi (150-300%),Accumulation (Kumpul Barang),Normal,Jarum Bawah (Sinyal Pantulan Kuat),Naik 1 Hari Beruntun,TP: 271 | CL: 245,Normal,Tidak Ideal (< 1:1),Netral / Sideways,Sentimen Positif 📰,Normal / Sedang Transisi,Golden Rebound Fibo 23.6% 🎯,10,BELI,TIDAK ADA,2026-08-21 16:40:01,Biasa / Mengikuti Pasar
16:40,FORU,Token Mati (Perlu Update),Mid Cap (Lapis 2),Overvalued (Mahal),0.0,65.730156,2260.0,2546,1865,3580,-1.7391304347826086,340000,Normal,40,Negatif,Downtrend,Bearish,Strong Bearish,Strong Downtrend (5<20<50),Normal,Akumulasi (Naik),Normal,Dominan Jual (Guyur),Normal,Tinggi,Normal,Rawan Pucuk (High Risk),< 1 Miliar,Persis di VWAP,Akumulasi Pro (Smart Money),Gorengan Sepi (< 5M),Sepi (< 50%),Mark-Down (Fase Runtuh),Normal,Normal,Turun 3 Hari Beruntun,TP: 2571 | CL: 2052,Normal,Sangat Menarik (> 1:3),Netral / Sideways,Sentimen Positif 📰,Normal / Sedang Transisi,Mengambang (Jauh dari Fibo),2,WAIT & SEE,TIDAK ADA,2026-08-21 16:40:01,Biasa / Mengikuti Pasar
16:40,FPNI,Token Mati (Perlu Update),Mid Cap (Lapis 2),Overvalued (Mahal),10.057739,27000.0,540.0,415,290,630,1.8867924528301887,37383100,Tembus MA20,79,Positif,Uptrend,Bullish,Strong Bullish,Perfect Uptrend (5>20>50),Distribusi Kuat,Akumulasi (Naik),Gap Up (+3.8%),Dominan Jual (Guyur),Normal,Tinggi,Doji (Ragu-ragu),Rawan Pucuk (High Risk),> 1 Miliar,Di Atas VWAP (Kuat),Akumulasi Pro (Smart Money),Ritel Aktif (5M - 50M),Normal (50-150%),Mark-Up (Fase Pesta),Normal,Normal,Naik 1 Hari Beruntun,TP: 608 | CL: 494,Normal,Tidak Ideal (< 1:1),Death Cross (Awal Bearish),Netral / Sepi Berita,Supply Banjir (Distribusi) 🌊,Mengambang (Jauh dari Fibo),8,BELI,TIDAK ADA,2026-08-21 16:40:01,Biasa / Mengikuti Pasar
16:40,GDST,Token Mati (Perlu Update),Mid Cap (Lapis 2),Undervalued (Murah),10.492107,0.7045415,113.0,109,89,150,-0.8771929824561403,7074300,Normal,56,Negatif,Uptrend,Bullish,Bearish MACD,Perfect Uptrend (5>20>50),Normal,Akumulasi (Naik),Normal,Dominan Jual (Guyur),Normal,Tinggi,Normal,Rawan Pucuk (High Risk),< 1 Miliar,Persis di VWAP,Distribusi Pro (Guyuran),Gorengan Sepi (< 5M),Sepi (< 50%),Mark-Up (Fase Pesta),Spesialis Tiang Jemuran (Banting Pucuk),Normal,Turun 1 Hari Beruntun,TP: 128 | CL: 102,Normal,Ideal (1:2),Netral / Sideways,Sentimen Positif 📰,Normal / Sedang Transisi,Mendekati Fibo 50.0%,5,WAIT & SEE,TIDAK ADA,2026-08-21 16:40:01,Biasa / Mengikuti Pasar
16:40,GDYR,Token Mati (Perlu Update),Small Cap (Lapis 3),Overvalued (Mahal),185000.0,7449.664,1110.0,1098,1060,1115,0.0,11000,Normal,55,Negatif,Uptrend,Bullish,Strong Bullish,Perfect Uptrend (5>20>50),Normal,Akumulasi (Naik),Normal,Dominan Jual (Guyur),Squeeze,Rendah,Doji (Ragu-ragu),Area Tengah,< 1 Miliar,Persis di VWAP,Distribusi Pro (Guyuran),Gorengan Sepi (< 5M),Sepi (< 50%),Mark-Up (Fase Pesta),Normal,Normal,Sideways / Stagnan,TP: 1144 | CL: 1087,Normal,Tidak Ideal (< 1:1),Overbought (Jenuh Beli - Rawan),Netral / Sepi Berita,Normal / Sedang Transisi,Dekat Support Fibo 50.0%,5,WAIT & SEE,TIDAK ADA,2026-08-21 16:40:01,Biasa / Mengikuti Pasar
16:40,GEMA,Token Mati (Perlu Update),Small Cap (Lapis 3),Fair Value (Wajar),0.0,0.3061115,83.0,81,79,87,2.4691358024691357,2356800,Tembus MA20,62,Positif,Uptrend,Bullish,Strong Bullish,Perfect Uptrend (5>20>50),Akumulasi Kuat,Akumulasi (Naik),Normal,Dominan Beli (Hajar Kanan),Squeeze,Rendah,Normal,Area Tengah,< 1 Miliar,Di Atas VWAP (Kuat),Distribusi Pro (Guyuran),Gorengan Sepi (< 5M),Normal (50-150%),Mark-Up (Fase Pesta),Spesialis Tiang Jemuran (Banting Pucuk),Normal,Naik 1 Hari Beruntun,TP: 87 | CL: 80,Normal,Menengah (1:1),Netral / Sideways,Sentimen Negatif ⚠️,Normal / Sedang Transisi,Dekat Support Fibo 38.2%,9,BELI,TIDAK ADA,2026-08-21 16:40:01,Biasa / Mengikuti Pasar
16:40,GEMS,Token Mati (Perlu Update),Big Cap (Lapis 1),Overvalued (Mahal),9.595966,50375.938,6700.0,6546,6350,6750,0.37453183520599254,395800,Tembus MA20,59,Positif,Uptrend,Bullish,Strong Bullish,Perfect Uptrend (5>20>50),Akumulasi Kuat,Akumulasi (Naik),Normal,Seimbang / Adu Mekanik,Squeeze,Rendah,Normal,Area Tengah,> 1 Miliar,Persis di VWAP,Akumulasi Pro (Smart Money),Gorengan Sepi (< 5M),Ledakan Ekstrem (> 300%),Mark-Up (Fase Pesta),Spesialis Tiang Jemuran (Banting Pucuk),Normal,Naik 2 Hari Beruntun,TP: 6892 | CL: 6571,Normal,Tidak Ideal (< 1:1),Netral / Sideways,Sentimen Positif 📰,Normal / Sedang Transisi,Mendekati Fibo 61.8% (Golden Ratio),9,BELI,TIDAK ADA,2026-08-21 16:40:01,Biasa / Mengikuti Pasar
16:40,GGRM,Token Mati (Perlu Update),Big Cap (Lapis 1),Undervalued (Murah),8.963033,0.6185196,20575.0,19767,17375,21825,1.73053152039555,1296000,Normal,64,Positif,Uptrend,Bullish,Bearish MACD,Perfect Uptrend (5>20>50),Normal,Akumulasi (Naik),Normal,Dominan Beli (Hajar Kanan),Normal,Tinggi,Normal,Rawan Pucuk (High Risk),> 1 Miliar,Di Atas VWAP (Kuat),Akumulasi Pro (Smart Money),Ritel Aktif (5M - 50M),Normal (50-150%),Mark-Up (Fase Pesta),Spesialis Tiang Jemuran (Banting Pucuk),Normal,Naik 2 Hari Beruntun,TP: 21665 | CL: 19848,Normal,Tidak Ideal (< 1:1),Netral / Sideways,Sentimen Positif 📰,Normal / Sedang Transisi,Mendekati Fibo 23.6%,7,BELI,TIDAK ADA,2026-08-21 16:40:01,Biasa / Mengikuti Pasar
16:40,GIAA,Token Mati (Perlu Update),Big Cap (Lapis 1),Fair Value (Wajar),0.0,0.0,71.0,62,52,84,-4.054054054054054,160160700,Normal,63,Negatif,Uptrend,Bullish,Strong Bullish,Perfect Uptrend (5>20>50),Normal,Akumulasi (Naik),Normal,Dominan Jual (Guyur),Normal,Tinggi,Normal,Rawan Pucuk (High Risk),> 1 Miliar,Di Bawah VWAP (Lemah),Akumulasi Pro (Smart Money),Ritel Aktif (5M - 50M),Sepi (< 50%),Mark-Up (Fase Pesta),Solid (Jarang Dibanting),Normal,Turun 1 Hari Beruntun,TP: 79 | CL: 65,Open = High (Tekanan Jual),Tidak Ideal (< 1:1),Death Cross (Awal Bearish),Sentimen Positif 📰,Normal / Sedang Transisi,Mendekati Fibo 50.0%,6,WAIT & SEE,TIDAK ADA,2026-08-21 16:40:01,Biasa / Mengikuti Pasar
16:40,GJTL,Token Mati (Perlu Update),Mid Cap (Lapis 2),Undervalued (Murah),3.0087528,0.43524545,1375.0,1283,1115,1380,0.7326007326007326,7038500,Normal,75,Positif,Uptrend,Bullish,Strong Bullish,Perfect Uptrend (5>20>50),Normal,Akumulasi (Naik),Normal,Dominan Beli (Hajar Kanan),Normal,Tinggi,Normal,Rawan Pucuk (High Risk),> 1 Miliar,Di Atas VWAP (Kuat),Akumulasi Pro (Smart Money),Ritel Aktif (5M - 50M),Normal (50-150%),Mark-Up (Fase Pesta),Normal,Normal,Naik 5 Hari Beruntun,TP: 1434 | CL: 1335,Normal,Tidak Ideal (< 1:1),Overbought (Jenuh Beli - Rawan),Sentimen Positif 📰,Normal / Sedang Transisi,Mengambang (Jauh dari Fibo),8,BELI,TIDAK ADA,2026-08-21 16:40:01,Biasa / Mengikuti Pasar
16:40,GLOB,Token Mati (Perlu Update),Small Cap (Lapis 3),Fair Value (Wajar),0.0,-0.14307141,155.0,155,155,155,0.0,0,Normal,0,Negatif,Downtrend,Bearish,Bearish MACD,Konsolidasi / Transisi,Normal,Netral,Normal,Tidak Ada Transaksi,Squeeze,Rendah,Doji (Ragu-ragu),Dekat Support (Low Risk),< 1 Miliar,Di Atas VWAP (Kuat),Netral,Gorengan Sepi (< 5M),Normal (50-150%),Sideways,Solid (Jarang Dibanting),Normal,Sideways / Stagnan,TP: 156 | CL: 154,Normal,Di Area Support,Oversold (Jenuh Jual - Peluang),Netral / Sepi Berita,Normal / Sedang Transisi,Normal / Sideways,0,WAIT & SEE,TIDAK ADA,2026-08-21 16:40:01,Biasa / Mengikuti Pasar
16:40,GMTD,Token Mati (Perlu Update),Mid Cap (Lapis 2),Overvalued (Mahal),94.8469,1.5241688,1270.0,1291,1220,1550,2.4193548387096775,9200,Normal,46,Positif,Downtrend,Bearish,Bullish MACD,Strong Downtrend (5<20<50),Normal,Distribusi (Turun),Normal,Dominan Beli (Hajar Kanan),Normal,Sedang,Hammer (Potensi Reversal),Area Tengah,< 1 Miliar,Di Atas VWAP (Kuat),Akumulasi Pro (Smart Money),Gorengan Sepi (< 5M),Normal (50-150%),Mark-Down (Fase Runtuh),Spesialis Tiang Jemuran (Banting Pucuk),Jarum Bawah (Sinyal Pantulan Kuat),Naik 1 Hari Beruntun,TP: 1336 | CL: 1225,Normal,Sangat Menarik (> 1:3),Golden Cross (Awal Bullish),Sentimen Positif 📰,Normal / Sedang Transisi,Mendekati Fibo Bottom / 100%,4,WAIT & SEE,TIDAK ADA,2026-08-21 16:40:01,Biasa / Mengikuti Pasar
16:40,GOLD,Token Mati (Perlu Update),Small Cap (Lapis 3),Fair Value (Wajar),23.747368,0.8100539,282.0,270,258,322,-1.3986013986013985,201500,Normal,61,Negatif,Uptrend,Bullish,Strong Bullish,Perfect Uptrend (5>20>50),Normal,Akumulasi (Naik),Normal,Dominan Beli (Hajar Kanan),Normal,Sedang,Hammer (Potensi Reversal),Area Tengah,< 1 Miliar,Persis di VWAP,Distribusi Pro (Guyuran),Gorengan Sepi (< 5M),Normal (50-150%),Mark-Up (Fase Pesta),Spesialis Tiang Jemuran (Banting Pucuk),Jarum Bawah (Sinyal Pantulan Kuat),Turun 1 Hari Beruntun,TP: 302 | CL: 268,Open = High (Tekanan Jual),Ideal (1:2),Netral / Sideways,Sentimen Negatif ⚠️,Normal / Sedang Transisi,Mendekati Fibo 50.0%,6,WAIT & SEE,TIDAK ADA,2026-08-21 16:40:01,Biasa / Mengikuti Pasar
16:40,GPRA,Token Mati (Perlu Update),Small Cap (Lapis 3),Undervalued (Murah),6.926952,0.34613508,110.0,106,97,114,-1.7857142857142856,104924400,Normal,59,Negatif,Uptrend,Bullish,Strong Bullish,Perfect Uptrend (5>20>50),Normal,Distribusi (Turun),Normal,Dominan Jual (Guyur),Normal,Sedang,Normal,Rawan Pucuk (High Risk),> 1 Miliar,Persis di VWAP,Distribusi Pro (Guyuran),Ritel Aktif (5M - 50M),Normal (50-150%),Mark-Up (Fase Pesta),Normal,Normal,Turun 1 Hari Beruntun,TP: 117 | CL: 105,Normal,Tidak Ideal (< 1:1),Death Cross (Awal Bearish),Sentimen Positif 📰,Normal / Sedang Transisi,Dekat Support Fibo 23.6%,5,WAIT & SEE,TIDAK ADA,2026-08-21 16:40:01,Biasa / Mengikuti Pasar
16:40,GSMF,Token Mati (Perlu Update),Mid Cap (Lapis 2),Overvalued (Mahal),56.725143,0.5950336,96.0,88,83,113,0.0,13744400,Normal,67,Negatif,Uptrend,Bullish,Strong Bullish,Perfect Uptrend (5>20>50),Normal,Akumulasi (Naik),Normal,Seimbang / Adu Mekanik,Breakout Upper,Sedang,Normal,Rawan Pucuk (High Risk),> 1 Miliar,Di Bawah VWAP (Lemah),Distribusi Pro (Guyuran),Ritel Aktif (5M - 50M),Sepi (< 50%),Mark-Up (Fase Pesta),Spesialis Tiang Jemuran (Banting Pucuk),Normal,Sideways / Stagnan,TP: 106 | CL: 89,Normal,Menengah (1:1),Netral / Sideways,Netral / Sepi Berita,Supply Banjir (Distribusi) 🌊,Mendekati Fibo 38.2%,5,WAIT & SEE,TIDAK ADA,2026-08-21 16:40:01,Biasa / Mengikuti Pasar
16:40,GTBO,Token Mati (Perlu Update),Small Cap (Lapis 3),Overvalued (Mahal),0.0,9444.445,170.0,170,170,170,0.0,0,Normal,27,Negatif,Downtrend,Bearish,Bullish MACD,Konsolidasi / Transisi,Normal,Netral,Normal,Tidak Ada Transaksi,Squeeze,Rendah,Doji (Ragu-ragu),Dekat Support (Low Risk),< 1 Miliar,Di Atas VWAP (Kuat),Netral,Gorengan Sepi (< 5M),Normal (50-150%),Sideways,Solid (Jarang Dibanting),Normal,Sideways / Stagnan,TP: 171 | CL: 169,Normal,Di Area Support,Oversold (Jenuh Jual - Peluang),Netral / Sepi Berita,Normal / Sedang Transisi,Mengambang (Jauh dari Fibo),1,WAIT & SEE,TIDAK ADA,2026-08-21 16:40:01,Biasa / Mengikuti Pasar
16:40,GWSA,Token Mati (Perlu Update),Mid Cap (Lapis 2),Undervalued (Murah),9.212829,0.16903983,157.0,135,120,160,3.9735099337748347,4521700,Tembus MA20,77,Positif,Uptrend,Bullish,Strong Bullish,Perfect Uptrend (5>20>50),Akumulasi Kuat,Akumulasi (Naik),Normal,Seimbang / Adu Mekanik,Breakout Upper,Tinggi,Normal,Rawan Pucuk (High Risk),< 1 Miliar,Di Atas VWAP (Kuat),Akumulasi Pro (Smart Money),Gorengan Sepi (< 5M),Anomali Tinggi (150-300%),Mark-Up (Fase Pesta),Spesialis Tiang Jemuran (Banting Pucuk),Normal,Naik 4 Hari Beruntun,TP: 167 | CL: 149,Normal,Tidak Ideal (< 1:1),Overbought (Jenuh Beli - Rawan),Sentimen Negatif ⚠️,Normal / Sedang Transisi,Mengambang (Jauh dari Fibo),8,BELI,TIDAK ADA,2026-08-21 16:40:01,Biasa / Mengikuti Pasar
16:40,GZCO,Token Mati (Perlu Update),Mid Cap (Lapis 2),Undervalued (Murah),9.416581,0.88171166,185.0,168,142,202,0.0,42326600,Normal,69,Negatif,Uptrend,Bullish,Strong Bullish,Perfect Uptrend (5>20>50),Normal,Akumulasi (Naik),Normal,Dominan Jual (Guyur),Normal,Tinggi,Normal,Rawan Pucuk (High Risk),> 1 Miliar,Persis di VWAP,Distribusi Pro (Guyuran),Ritel Aktif (5M - 50M),Normal (50-150%),Mark-Up (Fase Pesta),Spesialis Tiang Jemuran (Banting Pucuk),Normal,Sideways / Stagnan,TP: 198 | CL: 175,Normal,Tidak Ideal (< 1:1),Netral / Sideways,Sentimen Positif 📰,Supply Banjir (Distribusi) 🌊,Mendekati Fibo 23.6%,6,WAIT & SEE,TIDAK ADA,2026-08-21 16:40:01,Biasa / Mengikuti Pasar
16:40,HADE,Token Mati (Perlu Update),Small Cap (Lapis 3),Overvalued (Mahal),0.0,9.109312,18.0,18,17,20,0.0,858700,Normal,50,Negatif,Downtrend,Bearish,Bearish MACD,Konsolidasi / Transisi,Normal,Akumulasi (Naik),Normal,Tidak Ada Transaksi,Normal,Tinggi,Doji (Ragu-ragu),Area Tengah,< 1 Miliar,Di Atas VWAP (Kuat),Akumulasi Pro (Smart Money),Gorengan Sepi (< 5M),Sepi (< 50%),Distribution (Fase Jualan),Normal,Normal,Sideways / Stagnan,TP: 19 | CL: 17,Normal,Ideal (1:2),Golden Cross (Awal Bullish),Netral / Sepi Berita,Normal / Sedang Transisi,Mendekati Fibo 38.2%,1,WAIT & SEE,TIDAK ADA,2026-08-21 16:40:01,Biasa / Mengikuti Pasar
16:40,HDFA,Token Mati (Perlu Update),Small Cap (Lapis 3),Fair Value (Wajar),0.0,1.2883859,97.0,95,86,130,-1.0204081632653061,366000,Normal,54,Negatif,Uptrend,Bullish,Bearish MACD,Perfect Uptrend (5>20>50),Normal,Distribusi (Turun),Normal,Dominan Jual (Guyur),Normal,Tinggi,Normal,Rawan Pucuk (High Risk),< 1 Miliar,Di Bawah VWAP (Lemah),Distribusi Pro (Guyuran),Gorengan Sepi (< 5M),Sepi (< 50%),Mark-Up (Fase Pesta),Spesialis Tiang Jemuran (Banting Pucuk),Normal,Turun 1 Hari Beruntun,TP: 112 | CL: 86,Normal,Sangat Menarik (> 1:3),Netral / Sideways,Netral / Sepi Berita,Normal / Sedang Transisi,Dekat Support Fibo 61.8% (Golden Ratio),3,WAIT & SEE,TIDAK ADA,2026-08-21 16:40:01,Biasa / Mengikuti Pasar
16:40,HERO,Token Mati (Perlu Update),Mid Cap (Lapis 2),Overvalued (Mahal),112.95681,0.8262876,340.0,340,318,372,0.591715976331361,417900,Tembus MA20,52,Positif,Downtrend,Bearish,Bearish MACD,Konsolidasi / Transisi,Normal,Akumulasi (Naik),Normal,Dominan Beli (Hajar Kanan),Squeeze,Rendah,Doji (Ragu-ragu),Area Tengah,< 1 Miliar,Di Atas VWAP (Kuat),Akumulasi Pro (Smart Money),Gorengan Sepi (< 5M),Normal (50-150%),Distribution (Fase Jualan),Normal,Jarum Bawah (Sinyal Pantulan Kuat),Naik 2 Hari Beruntun,TP: 362 | CL: 324,Normal,Menengah (1:1),Golden Cross (Awal Bullish),Sentimen Positif 📰,Normal / Sedang Transisi,Mendekati Fibo 78.6%,6,WAIT & SEE,TIDAK ADA,2026-08-21 16:40:01,Biasa / Mengikuti Pasar
16:40,HEXA,Token Mati (Perlu Update),Mid Cap (Lapis 2),Overvalued (Mahal),14.260836,21485.148,4340.0,4442,4330,4550,-0.45871559633027525,705600,Tembus MA20,36,Negatif,Downtrend,Bearish,Strong Bearish,Konsolidasi / Transisi,Distribusi Kuat,Distribusi (Turun),Normal,Dominan Jual (Guyur),Squeeze,Rendah,Normal,Dekat Support (Low Risk),> 1 Miliar,Persis di VWAP,Distribusi Pro (Guyuran),Gorengan Sepi (< 5M),Anomali Tinggi (150-300%),Distribution (Fase Jualan),Normal,Normal,Turun 1 Hari Beruntun,TP: 4400 | CL: 4300,Normal,Sangat Menarik (> 1:3),Oversold (Jenuh Jual - Peluang),Sentimen Positif 📰,Supply Banjir (Distribusi) 🌊,Golden Rebound Fibo 50.0% 🎯,2,WAIT & SEE,TIDAK ADA,2026-08-21 16:40:01,Biasa / Mengikuti Pasar
16:40,HITS,Token Mati (Perlu Update),Small Cap (Lapis 3),Overvalued (Mahal),24.21712,14499.999,116.0,116,116,116,0.0,0,Normal,0,Negatif,Downtrend,Bearish,Bearish MACD,Konsolidasi / Transisi,Normal,Netral,Normal,Tidak Ada Transaksi,Squeeze,Rendah,Doji (Ragu-ragu),Dekat Support (Low Risk),< 1 Miliar,Di Atas VWAP (Kuat),Netral,Gorengan Sepi (< 5M),Normal (50-150%),Sideways,Solid (Jarang Dibanting),Normal,Sideways / Stagnan,TP: 117 | CL: 115,Normal,Di Area Support,Oversold (Jenuh Jual - Peluang),Netral / Sepi Berita,Normal / Sedang Transisi,Normal / Sideways,0,WAIT & SEE,TIDAK ADA,2026-08-21 16:40:01,Biasa / Mengikuti Pasar
16:40,HMSP,Token Mati (Perlu Update),Big Cap (Lapis 1),Overvalued (Mahal),10.0,3.3505478,745.0,741,710,790,-0.6666666666666667,13136900,Normal,56,Negatif,Uptrend,Bullish,Bearish MACD,Perfect Uptrend (5>20>50),Normal,Distribusi (Turun),Normal,Dominan Jual (Guyur),Normal,Sedang,Normal,Area Tengah,> 1 Miliar,Persis di VWAP,Akumulasi Pro (Smart Money),Ritel Aktif (5M - 50M),Normal (50-150%),Mark-Up (Fase Pesta),Normal,Normal,Turun 1 Hari Beruntun,TP: 778 | CL: 722,Normal,Menengah (1:1),Netral / Sideways,Sentimen Positif 📰,Normal / Sedang Transisi,Dekat Support Fibo 23.6%,4,WAIT & SEE,TIDAK ADA,2026-08-21 16:40:01,Biasa / Mengikuti Pasar
16:40,HRUM,Token Mati (Perlu Update),Big Cap (Lapis 1),Overvalued (Mahal),15.1741295,12534.247,920.0,847,775,930,2.2222222222222223,18646800,Normal,65,Positif,Uptrend,Bullish,Strong Bullish,Perfect Uptrend (5>20>50),Normal,Akumulasi (Naik),Normal,Dominan Beli (Hajar Kanan),Normal,Tinggi,Normal,Rawan Pucuk (High Risk),> 1 Miliar,Di Atas VWAP (Kuat),Akumulasi Pro (Smart Money),Ritel Aktif (5M - 50M),Normal (50-150%),Mark-Up (Fase Pesta),Normal,Normal,Naik 2 Hari Beruntun,TP: 977 | CL: 881,Normal,Tidak Ideal (< 1:1),Overbought (Jenuh Beli - Rawan),Netral / Sepi Berita,Normal / Sedang Transisi,Mengambang (Jauh dari Fibo),7,BELI,TIDAK ADA,2026-08-21 16:40:01,Biasa / Mengikuti Pasar
16:40,IATA,Token Mati (Perlu Update),Mid Cap (Lapis 2),Overvalued (Mahal),67.03911,29999.998,119.0,98,57,138,-0.8333333333333334,602987500,Normal,66,Negatif,Uptrend,Bullish,Strong Bullish,Perfect Uptrend (5>20>50),Normal,Distribusi (Turun),Normal,Dominan Jual (Guyur),Normal,Tinggi,Normal,Rawan Pucuk (High Risk),> 1 Miliar,Persis di VWAP,Distribusi Pro (Guyuran),Sultan (> 50M/hari),Sepi (< 50%),Mark-Up (Fase Pesta),Normal,Normal,Turun 2 Hari Beruntun,TP: 139 | CL: 105,Normal,Tidak Ideal (< 1:1),Death Cross (Awal Bearish),Sentimen Negatif ⚠️,Normal / Sedang Transisi,Dekat Support Fibo 23.6%,4,WAIT & SEE,TIDAK ADA,2026-08-21 16:40:01,🔥 ANOMALI BANDAR (Siap Ledakan)
16:40,IBFN,Token Mati (Perlu Update),Small Cap (Lapis 3),Fair Value (Wajar),0.0,-0.12351173,63.0,63,63,63,0.0,0,Normal,48,Negatif,Downtrend,Bearish,Bullish MACD,Konsolidasi / Transisi,Normal,Netral,Normal,Tidak Ada Transaksi,Squeeze,Rendah,Doji (Ragu-ragu),Dekat Support (Low Risk),< 1 Miliar,Di Atas VWAP (Kuat),Netral,Gorengan Sepi (< 5M),Normal (50-150%),Sideways,Solid (Jarang Dibanting),Normal,Sideways / Stagnan,TP: 64 | CL: 62,Normal,Di Area Support,Oversold (Jenuh Jual - Peluang),Netral / Sepi Berita,Normal / Sedang Transisi,Golden Rebound Fibo 61.8% (Golden Ratio) 🎯,1,WAIT & SEE,TIDAK ADA,2026-08-21 16:40:01,Biasa / Mengikuti Pasar
16:40,IBST,Token Mati (Perlu Update),Big Cap (Lapis 1),Overvalued (Mahal),29.15477,4.1746283,8475.0,8475,8475,8475,0.0,0,Normal,0,Negatif,Downtrend,Bearish,Bearish MACD,Konsolidasi / Transisi,Normal,Netral,Normal,Tidak Ada Transaksi,Squeeze,Rendah,Doji (Ragu-ragu),Dekat Support (Low Risk),< 1 Miliar,Di Atas VWAP (Kuat),Netral,Gorengan Sepi (< 5M),Normal (50-150%),Sideways,Solid (Jarang Dibanting),Normal,Sideways / Stagnan,TP: 8476 | CL: 8474,Normal,Di Area Support,Oversold (Jenuh Jual - Peluang),Netral / Sepi Berita,Normal / Sedang Transisi,Normal / Sideways,0,WAIT & SEE,TIDAK ADA,2026-08-21 16:40:01,Biasa / Mengikuti Pasar
16:40,ICBP,Token Mati (Perlu Update),Big Cap (Lapis 1),Fair Value (Wajar),12.125952,1.696265,7650.0,7361,6875,7800,-0.6493506493506493,2141600,Normal,69,Negatif,Uptrend,Bullish,Strong Bullish,Perfect Uptrend (5>20>50),Normal,Akumulasi (Naik),Normal,Seimbang / Adu Mekanik,Normal,Tinggi,Normal,Rawan Pucuk (High Risk),> 1 Miliar,Persis di VWAP,Akumulasi Pro (Smart Money),Ritel Aktif (5M - 50M),Normal (50-150%),Mark-Up (Fase Pesta),Normal,Normal,Turun 1 Hari Beruntun,TP: 7901 | CL: 7482,Normal,Tidak Ideal (< 1:1),Overbought (Jenuh Beli - Rawan),Sentimen Positif 📰,Normal / Sedang Transisi,Mendekati Fibo 23.6%,6,WAIT & SEE,TIDAK ADA,2026-08-21 16:40:01,Biasa / Mengikuti Pasar
16:40,ICON,Token Mati (Perlu Update),Small Cap (Lapis 3),Fair Value (Wajar),0.0,0.9603774,137.0,118,96,153,-2.142857142857143,8519100,Normal,68,Negatif,Uptrend,Bullish,Strong Bullish,Perfect Uptrend (5>20>50),Normal,Distribusi (Turun),Gap Up (+2.1%),Dominan Jual (Guyur),Normal,Tinggi,Normal,Rawan Pucuk (High Risk),> 1 Miliar,Persis di VWAP,Distribusi Pro (Guyuran),Ritel Aktif (5M - 50M),Sepi (< 50%),Mark-Up (Fase Pesta),Spesialis Tiang Jemuran (Banting Pucuk),Normal,Turun 1 Hari Beruntun,TP: 157 | CL: 123,Open = High (Tekanan Jual),Tidak Ideal (< 1:1),Netral / Sideways,Sentimen Positif 📰,Normal / Sedang Transisi,Mendekati Fibo 38.2%,6,WAIT & SEE,TIDAK ADA,2026-08-21 16:40:01,Biasa / Mengikuti Pasar
16:40,IGAR,Token Mati (Perlu Update),Small Cap (Lapis 3),Undervalued (Murah),6.387605,0.6093395,470.0,442,414,500,0.8583690987124464,60600,Tembus MA20,79,Positif,Uptrend,Bullish,Strong Bullish,Perfect Uptrend (5>20>50),Normal,Akumulasi (Naik),Normal,Seimbang / Adu Mekanik,Normal,Sedang,Doji (Ragu-ragu),Rawan Pucuk (High Risk),< 1 Miliar,Di Atas VWAP (Kuat),Distribusi Pro (Guyuran),Gorengan Sepi (< 5M),Anomali Tinggi (150-300%),Mark-Up (Fase Pesta),Spesialis Tiang Jemuran (Banting Pucuk),Normal,Naik 3 Hari Beruntun,TP: 484 | CL: 460,Normal,Tidak Ideal (< 1:1),Overbought (Jenuh Beli - Rawan),Sentimen Positif 📰,Normal / Sedang Transisi,Dekat Support Fibo 38.2%,8,BELI,TIDAK ADA,2026-08-21 16:40:01,Biasa / Mengikuti Pasar
16:40,IKAI,Token Mati (Perlu Update),Small Cap (Lapis 3),Fair Value (Wajar),0.0,0.43173233,20.0,20,19,23,0.0,14484300,Tembus MA20,48,Negatif,Downtrend,Bearish,Bearish MACD,Konsolidasi / Transisi,Normal,Distribusi (Turun),Normal,Dominan Jual (Guyur),Normal,Tinggi,Doji (Ragu-ragu),Area Tengah,< 1 Miliar,Di Bawah VWAP (Lemah),Distribusi Pro (Guyuran),Gorengan Sepi (< 5M),Normal (50-150%),Distribution (Fase Jualan),Normal,Normal,Sideways / Stagnan,TP: 21 | CL: 18,Normal,Sangat Menarik (> 1:3),Oversold (Jenuh Jual - Peluang),Netral / Sepi Berita,Normal / Sedang Transisi,Mendekati Fibo 50.0%,1,WAIT & SEE,TIDAK ADA,2026-08-21 16:40:01,Biasa / Mengikuti Pasar
16:40,IKBI,Token Mati (Perlu Update),Small Cap (Lapis 3),Overvalued (Mahal),4.8896337,7291.667,520.0,554,504,753,-2.803738317757009,447200,Normal,45,Negatif,Downtrend,Bearish,Bearish MACD,Konsolidasi / Transisi,Normal,Distribusi (Turun),Normal,Dominan Jual (Guyur),Normal,Tinggi,Normal,Area Tengah,< 1 Miliar,Di Bawah VWAP (Lemah),Distribusi Pro (Guyuran),Gorengan Sepi (< 5M),Sepi (< 50%),Distribution (Fase Jualan),Normal,Normal,Turun 1 Hari Beruntun,TP: 600 | CL: 466,Open = High (Tekanan Jual),Sangat Menarik (> 1:3),Oversold (Jenuh Jual - Peluang),Sentimen Positif 📰,Normal / Sedang Transisi,Mendekati Fibo 78.6%,1,WAIT & SEE,TIDAK ADA,2026-08-21 16:40:01,Biasa / Mengikuti Pasar
16:40,IMAS,Token Mati (Perlu Update),Mid Cap (Lapis 2),Overvalued (Mahal),35.842293,0.25372174,900.0,862,820,920,0.0,714600,Tembus MA20,66,Negatif,Uptrend,Bullish,Strong Bullish,Perfect Uptrend (5>20>50),Normal,Akumulasi (Naik),Normal,Dominan Beli (Hajar Kanan),Squeeze,Rendah,Doji (Ragu-ragu),Area Tengah,< 1 Miliar,Persis di VWAP,Akumulasi Pro (Smart Money),Gorengan Sepi (< 5M),Anomali Tinggi (150-300%),Mark-Up (Fase Pesta),Normal,Jarum Bawah (Sinyal Pantulan Kuat),Sideways / Stagnan,TP: 940 | CL: 873,Normal,Tidak Ideal (< 1:1),Netral / Sideways,Sentimen Positif 📰,Normal / Sedang Transisi,Golden Rebound Fibo 38.2% 🎯,8,BELI,TIDAK ADA,2026-08-21 16:40:01,Biasa / Mengikuti Pasar
16:40,IMJS,Token Mati (Perlu Update),Mid Cap (Lapis 2),Undervalued (Murah),9.600444,0.34118855,173.0,159,143,175,1.1695906432748537,8911800,Tembus MA20,70,Positif,Uptrend,Bullish,Strong Bullish,Perfect Uptrend (5>20>50),Akumulasi Kuat,Akumulasi (Naik),Normal,Seimbang / Adu Mekanik,Normal,Tinggi,Normal,Rawan Pucuk (High Risk),> 1 Miliar,Di Atas VWAP (Kuat),Akumulasi Pro (Smart Money),Gorengan Sepi (< 5M),Anomali Tinggi (150-300%),Mark-Up (Fase Pesta),Spesialis Tiang Jemuran (Banting Pucuk),Normal,Naik 5 Hari Beruntun,TP: 182 | CL: 166,Normal,Tidak Ideal (< 1:1),Overbought (Jenuh Beli - Rawan),Sentimen Positif 📰,Normal / Sedang Transisi,Mengambang (Jauh dari Fibo),9,BELI,TIDAK ADA,2026-08-21 16:40:01,Biasa / Mengikuti Pasar
16:40,IMPC,Token Mati (Perlu Update),Big Cap (Lapis 1),Overvalued (Mahal),97.94908,23.998892,1380.0,1490,1335,1610,-1.4285714285714286,7443800,Normal,39,Negatif,Downtrend,Bearish,Strong Bearish,Strong Downtrend (5<20<50),Normal,Distribusi (Turun),Normal,Dominan Jual (Guyur),Normal,Tinggi,Normal,Area Tengah,> 1 Miliar,Persis di VWAP,Akumulasi Pro (Smart Money),Ritel Aktif (5M - 50M),Normal (50-150%),Mark-Down (Fase Runtuh),Normal,Normal,Turun 1 Hari Beruntun,TP: 1468 | CL: 1321,Open = High (Tekanan Jual),Sangat Menarik (> 1:3),Oversold (Jenuh Jual - Peluang),Sentimen Positif 📰,Normal / Sedang Transisi,Mengambang (Jauh dari Fibo),1,WAIT & SEE,TIDAK ADA,2026-08-21 16:40:01,Biasa / Mengikuti Pasar
16:40,INAF,Token Mati (Perlu Update),Small Cap (Lapis 3),Fair Value (Wajar),0.0,-0.5276603,126.0,126,126,126,0.0,0,Normal,0,Negatif,Downtrend,Bearish,Bearish MACD,Konsolidasi / Transisi,Normal,Netral,Normal,Tidak Ada Transaksi,Squeeze,Rendah,Doji (Ragu-ragu),Dekat Support (Low Risk),< 1 Miliar,Di Atas VWAP (Kuat),Netral,Gorengan Sepi (< 5M),Normal (50-150%),Sideways,Solid (Jarang Dibanting),Normal,Sideways / Stagnan,TP: 127 | CL: 125,Normal,Di Area Support,Oversold (Jenuh Jual - Peluang),Netral / Sepi Berita,Normal / Sedang Transisi,Normal / Sideways,0,WAIT & SEE,TIDAK ADA,2026-08-21 16:40:01,Biasa / Mengikuti Pasar
16:40,INAI,Token Mati (Perlu Update),Small Cap (Lapis 3),Fair Value (Wajar),0.0,1.760269,179.0,176,157,220,-0.5555555555555556,696900,Normal,60,Negatif,Uptrend,Bearish,Bearish MACD,Konsolidasi / Transisi,Normal,Akumulasi (Naik),Normal,Seimbang / Adu Mekanik,Normal,Sedang,Normal,Rawan Pucuk (High Risk),< 1 Miliar,Di Bawah VWAP (Lemah),Distribusi Pro (Guyuran),Gorengan Sepi (< 5M),Sepi (< 50%),Mark-Up (Fase Pesta),Spesialis Tiang Jemuran (Banting Pucuk),Jarum Bawah (Sinyal Pantulan Kuat),Turun 1 Hari Beruntun,TP: 194 | CL: 168,Normal,Ideal (1:2),Golden Cross (Awal Bullish),Sentimen Negatif ⚠️,Normal / Sedang Transisi,Mendekati Fibo 50.0%,3,WAIT & SEE,TIDAK ADA,2026-08-21 16:40:01,Biasa / Mengikuti Pasar
16:40,INCI,Token Mati (Perlu Update),Small Cap (Lapis 3),Undervalued (Murah),7.9015217,0.28532615,665.0,665,635,690,0.0,4000,Normal,51,Negatif,Downtrend,Bullish,Bearish MACD,Perfect Uptrend (5>20>50),Normal,Distribusi (Turun),Normal,Dominan Jual (Guyur),Squeeze,Rendah,Normal,Area Tengah,< 1 Miliar,Persis di VWAP,Akumulasi Pro (Smart Money),Gorengan Sepi (< 5M),Sepi (< 50%),Distribution (Fase Jualan),Spesialis Tiang Jemuran (Banting Pucuk),Normal,Sideways / Stagnan,TP: 696 | CL: 644,Normal,Tidak Ideal (< 1:1),Netral / Sideways,Sentimen Positif 📰,Normal / Sedang Transisi,Dekat Support Fibo 38.2%,3,WAIT & SEE,TIDAK ADA,2026-08-21 16:40:01,Biasa / Mengikuti Pasar
16:40,INCO,Token Mati (Perlu Update),Big Cap (Lapis 1),Overvalued (Mahal),19.769608,19330.855,5200.0,5154,4620,5700,-0.9523809523809524,7913400,Normal,53,Negatif,Uptrend,Bullish,Bearish MACD,Perfect Uptrend (5>20>50),Normal,Akumulasi (Naik),Normal,Dominan Jual (Guyur),Normal,Tinggi,Normal,Rawan Pucuk (High Risk),> 1 Miliar,Persis di VWAP,Distribusi Pro (Guyuran),Sultan (> 50M/hari),Normal (50-150%),Mark-Up (Fase Pesta),Normal,Normal,Turun 1 Hari Beruntun,TP: 5558 | CL: 4960,Open = High (Tekanan Jual),Tidak Ideal (< 1:1),Netral / Sideways,Sentimen Positif 📰,Normal / Sedang Transisi,Mendekati Fibo 38.2%,5,WAIT & SEE,TIDAK ADA,2026-08-21 16:40:01,Biasa / Mengikuti Pasar
16:40,INDF,Token Mati (Perlu Update),Big Cap (Lapis 1),Undervalued (Murah),6.7431192,0.8418327,7350.0,7185,6775,7450,0.0,2364400,Normal,64,Negatif,Uptrend,Bullish,Bearish MACD,Perfect Uptrend (5>20>50),Normal,Distribusi (Turun),Normal,Seimbang / Adu Mekanik,Normal,Sedang,Doji (Ragu-ragu),Area Tengah,> 1 Miliar,Persis di VWAP,Distribusi Pro (Guyuran),Ritel Aktif (5M - 50M),Sepi (< 50%),Mark-Up (Fase Pesta),Normal,Normal,Sideways / Stagnan,TP: 7577 | CL: 7198,Normal,Tidak Ideal (< 1:1),Netral / Sideways,Sentimen Positif 📰,Normal / Sedang Transisi,Mendekati Fibo 23.6%,4,WAIT & SEE,TIDAK ADA,2026-08-21 16:40:01,Biasa / Mengikuti Pasar
16:40,INDR,Token Mati (Perlu Update),Mid Cap (Lapis 2),Overvalued (Mahal),8.74176,4326.241,2440.0,2273,1930,2570,1.6666666666666667,30900,Normal,68,Positif,Uptrend,Bullish,Strong Bullish,Perfect Uptrend (5>20>50),Normal,Distribusi (Turun),Normal,Seimbang / Adu Mekanik,Normal,Tinggi,Normal,Rawan Pucuk (High Risk),< 1 Miliar,Di Atas VWAP (Kuat),Akumulasi Pro (Smart Money),Gorengan Sepi (< 5M),Normal (50-150%),Mark-Up (Fase Pesta),Normal,Normal,Naik 2 Hari Beruntun,TP: 2625 | CL: 2316,Normal,Tidak Ideal (< 1:1),Death Cross (Awal Bearish),Sentimen Positif 📰,Normal / Sedang Transisi,Mendekati Fibo 23.6%,6,WAIT & SEE,TIDAK ADA,2026-08-21 16:40:01,Biasa / Mengikuti Pasar
16:40,INDS,Token Mati (Perlu Update),Mid Cap (Lapis 2),Overvalued (Mahal),27.254097,0.50999665,268.0,272,258,288,0.7518796992481203,1740500,Normal,49,Positif,Downtrend,Bearish,Strong Bearish,Konsolidasi / Transisi,Normal,Distribusi (Turun),Normal,Dominan Beli (Hajar Kanan),Normal,Sedang,Normal,Area Tengah,< 1 Miliar,Di Atas VWAP (Kuat),Akumulasi Pro (Smart Money),Gorengan Sepi (< 5M),Normal (50-150%),Distribution (Fase Jualan),Normal,Normal,Naik 2 Hari Beruntun,TP: 282 | CL: 258,Normal,Ideal (1:2),Golden Cross (Awal Bullish),Sentimen Positif 📰,Normal / Sedang Transisi,Mendekati Fibo 61.8% (Golden Ratio),3,WAIT & SEE,TIDAK ADA,2026-08-21 16:40:01,Biasa / Mengikuti Pasar
16:40,INDX,Token Mati (Perlu Update),Small Cap (Lapis 3),Overvalued (Mahal),769.2308,1.1392765,60.0,60,60,60,0.0,0,Normal,34,Negatif,Downtrend,Bearish,Bullish MACD,Konsolidasi / Transisi,Normal,Netral,Normal,Tidak Ada Transaksi,Squeeze,Rendah,Doji (Ragu-ragu),Dekat Support (Low Risk),< 1 Miliar,Di Atas VWAP (Kuat),Netral,Gorengan Sepi (< 5M),Normal (50-150%),Sideways,Solid (Jarang Dibanting),Normal,Sideways / Stagnan,TP: 61 | CL: 59,Normal,Di Area Support,Oversold (Jenuh Jual - Peluang),Netral / Sepi Berita,Normal / Sedang Transisi,Mengambang (Jauh dari Fibo),1,WAIT & SEE,TIDAK ADA,2026-08-21 16:40:01,Biasa / Mengikuti Pasar
16:40,INDY,Token Mati (Perlu Update),Big Cap (Lapis 1),Overvalued (Mahal),53.168102,11565.217,2670.0,2574,2310,2760,-0.7434944237918215,15952100,Normal,58,Negatif,Uptrend,Bullish,Bearish MACD,Perfect Uptrend (5>20>50),Normal,Akumulasi (Naik),Normal,Seimbang / Adu Mekanik,Normal,Sedang,Normal,Rawan Pucuk (High Risk),> 1 Miliar,Persis di VWAP,Distribusi Pro (Guyuran),Sultan (> 50M/hari),Normal (50-150%),Mark-Up (Fase Pesta),Normal,Normal,Turun 1 Hari Beruntun,TP: 2914 | CL: 2507,Normal,Tidak Ideal (< 1:1),Netral / Sideways,Sentimen Positif 📰,Normal / Sedang Transisi,Mendekati Fibo 23.6%,5,WAIT & SEE,TIDAK ADA,2026-08-21 16:40:01,Biasa / Mengikuti Pasar
16:40,INKP,Token Mati (Perlu Update),Big Cap (Lapis 1),Overvalued (Mahal),4.0166945,6615.969,8725.0,8347,7550,8850,0.8670520231213872,3600100,Normal,69,Positif,Uptrend,Bullish,Strong Bullish,Perfect Uptrend (5>20>50),Normal,Akumulasi (Naik),Normal,Dominan Beli (Hajar Kanan),Normal,Sedang,Normal,Rawan Pucuk (High Risk),> 1 Miliar,Persis di VWAP,Akumulasi Pro (Smart Money),Ritel Aktif (5M - 50M),Normal (50-150%),Mark-Up (Fase Pesta),Normal,Normal,Naik 2 Hari Beruntun,TP: 9086 | CL: 8483,Normal,Tidak Ideal (< 1:1),Netral / Sideways,Sentimen Positif 📰,Normal / Sedang Transisi,Mengambang (Jauh dari Fibo),8,BELI,TIDAK ADA,2026-08-21 16:40:01,Biasa / Mengikuti Pasar
16:40,INPC,Token Mati (Perlu Update),Mid Cap (Lapis 2),Fair Value (Wajar),0.0,0.7626131,146.0,140,129,149,0.0,2078700,Normal,63,Negatif,Uptrend,Bullish,Strong Bullish,Perfect Uptrend (5>20>50),Normal,Akumulasi (Naik),Normal,Seimbang / Adu Mekanik,Normal,Sedang,Normal,Rawan Pucuk (High Risk),< 1 Miliar,Di Atas VWAP (Kuat),Akumulasi Pro (Smart Money),Gorengan Sepi (< 5M),Normal (50-150%),Mark-Up (Fase Pesta),Spesialis Tiang Jemuran (Banting Pucuk),Jarum Bawah (Sinyal Pantulan Kuat),Sideways / Stagnan,TP: 155 | CL: 140,Normal,Tidak Ideal (< 1:1),Netral / Sideways,Netral / Sepi Berita,Normal / Sedang Transisi,Golden Rebound Fibo 23.6% 🎯,5,WAIT & SEE,TIDAK ADA,2026-08-21 16:40:01,Biasa / Mengikuti Pasar
16:40,INPP,Token Mati (Perlu Update),Mid Cap (Lapis 2),Overvalued (Mahal),269.8113,1.3940121,715.0,714,665,844,-2.121834360027379,282400,Normal,49,Negatif,Uptrend,Bullish,Strong Bullish,Perfect Uptrend (5>20>50),Normal,Distribusi (Turun),Normal,Dominan Jual (Guyur),Normal,Tinggi,Normal,Area Tengah,< 1 Miliar,Di Bawah VWAP (Lemah),Akumulasi Pro (Smart Money),Gorengan Sepi (< 5M),Normal (50-150%),Mark-Up (Fase Pesta),Normal,Normal,Turun 2 Hari Beruntun,TP: 795 | CL: 661,Open = High (Tekanan Jual),Ideal (1:2),Netral / Sideways,Sentimen Positif 📰,Supply Banjir (Distribusi) 🌊,Dekat Support Fibo 61.8% (Golden Ratio),4,WAIT & SEE,TIDAK ADA,2026-08-21 16:40:01,Biasa / Mengikuti Pasar
16:40,INTA,Token Mati (Perlu Update),Small Cap (Lapis 3),Fair Value (Wajar),0.0,-0.106124796,61.0,61,61,61,0.0,0,Normal,44,Negatif,Downtrend,Bearish,Bullish MACD,Konsolidasi / Transisi,Normal,Netral,Normal,Tidak Ada Transaksi,Squeeze,Rendah,Doji (Ragu-ragu),Dekat Support (Low Risk),< 1 Miliar,Di Atas VWAP (Kuat),Netral,Gorengan Sepi (< 5M),Normal (50-150%),Sideways,Solid (Jarang Dibanting),Normal,Sideways / Stagnan,TP: 62 | CL: 60,Normal,Di Area Support,Oversold (Jenuh Jual - Peluang),Netral / Sepi Berita,Normal / Sedang Transisi,Mendekati Fibo Bottom / 100%,1,WAIT & SEE,TIDAK ADA,2026-08-21 16:40:01,Biasa / Mengikuti Pasar
16:40,INTD,Token Mati (Perlu Update),Small Cap (Lapis 3),Overvalued (Mahal),58.158318,4.980114,288.0,266,226,342,-6.493506493506493,305800,Tembus MA20,62,Negatif,Uptrend,Bullish,Strong Bullish,Perfect Uptrend (5>20>50),Normal,Distribusi (Turun),Normal,Dominan Jual (Guyur),Normal,Tinggi,Normal,Rawan Pucuk (High Risk),< 1 Miliar,Di Bawah VWAP (Lemah),Distribusi Pro (Guyuran),Gorengan Sepi (< 5M),Normal (50-150%),Mark-Up (Fase Pesta),Spesialis Tiang Jemuran (Banting Pucuk),Normal,Turun 1 Hari Beruntun,TP: 334 | CL: 257,Open = High (Tekanan Jual),Tidak Ideal (< 1:1),Netral / Sideways,Sentimen Negatif ⚠️,Normal / Sedang Transisi,Mendekati Fibo 50.0%,5,WAIT & SEE,TIDAK ADA,2026-08-21 16:40:01,Biasa / Mengikuti Pasar
16:40,INTP,Token Mati (Perlu Update),Big Cap (Lapis 1),Undervalued (Murah),7.961558,0.8409032,5625.0,5108,4530,5675,1.3513513513513513,1984900,Tembus MA20,79,Positif,Uptrend,Bullish,Strong Bullish,Perfect Uptrend (5>20>50),Normal,Akumulasi (Naik),Normal,Dominan Beli (Hajar Kanan),Normal,Tinggi,Normal,Rawan Pucuk (High Risk),> 1 Miliar,Di Atas VWAP (Kuat),Akumulasi Pro (Smart Money),Ritel Aktif (5M - 50M),Normal (50-150%),Mark-Up (Fase Pesta),Solid (Jarang Dibanting),Normal,Naik 2 Hari Beruntun,TP: 5897 | CL: 5443,Normal,Tidak Ideal (< 1:1),Overbought (Jenuh Beli - Rawan),Sentimen Positif 📰,Normal / Sedang Transisi,Mengambang (Jauh dari Fibo),9,BELI,TIDAK ADA,2026-08-21 16:40:01,Biasa / Mengikuti Pasar
16:40,IPOL,Token Mati (Perlu Update),Small Cap (Lapis 3),Overvalued (Mahal),19.93007,4222.222,114.0,109,104,136,0.0,843000,Normal,63,Negatif,Uptrend,Bullish,Strong Bullish,Perfect Uptrend (5>20>50),Normal,Akumulasi (Naik),Normal,Seimbang / Adu Mekanik,Normal,Sedang,Normal,Area Tengah,< 1 Miliar,Persis di VWAP,Distribusi Pro (Guyuran),Gorengan Sepi (< 5M),Normal (50-150%),Mark-Up (Fase Pesta),Spesialis Tiang Jemuran (Banting Pucuk),Normal,Sideways / Stagnan,TP: 122 | CL: 108,Open = Low (Bullish Kuat),Ideal (1:2),Golden Cross (Awal Bullish),Netral / Sepi Berita,Normal / Sedang Transisi,Dekat Support Fibo 61.8% (Golden Ratio),5,WAIT & SEE,TIDAK ADA,2026-08-21 16:40:01,Biasa / Mengikuti Pasar
16:40,ISAT,Token Mati (Perlu Update),Big Cap (Lapis 1),Fair Value (Wajar),11.721612,2.3676798,2730.0,2196,1855,2850,0.0,49312100,Normal,81,Negatif,Uptrend,Bullish,Strong Bullish,Perfect Uptrend (5>20>50),Normal,Akumulasi (Naik),Normal,Dominan Jual (Guyur),Normal,Tinggi,Normal,Rawan Pucuk (High Risk),> 1 Miliar,Di Atas VWAP (Kuat),Distribusi Pro (Guyuran),Sultan (> 50M/hari),Sepi (< 50%),Mark-Up (Fase Pesta),Normal,Normal,Sideways / Stagnan,TP: 2976 | CL: 2565,Normal,Tidak Ideal (< 1:1),Overbought (Jenuh Beli - Rawan),Sentimen Positif 📰,Normal / Sedang Transisi,Mengambang (Jauh dari Fibo),6,WAIT & SEE,TIDAK ADA,2026-08-21 16:40:01,Biasa / Mengikuti Pasar
16:40,ISSP,Token Mati (Perlu Update),Mid Cap (Lapis 2),Undervalued (Murah),5.4305468,0.5273637,432.0,430,398,448,0.46511627906976744,188800,Normal,59,Positif,Uptrend,Bullish,Bearish MACD,Perfect Uptrend (5>20>50),Normal,Distribusi (Turun),Normal,Seimbang / Adu Mekanik,Normal,Sedang,Normal,Area Tengah,< 1 Miliar,Persis di VWAP,Distribusi Pro (Guyuran),Gorengan Sepi (< 5M),Sepi (< 50%),Mark-Up (Fase Pesta),Normal,Normal,Naik 1 Hari Beruntun,TP: 448 | CL: 421,Open = High (Tekanan Jual),Tidak Ideal (< 1:1),Netral / Sideways,Sentimen Positif 📰,Normal / Sedang Transisi,Dekat Support Fibo 23.6%,5,WAIT & SEE,TIDAK ADA,2026-08-21 16:40:01,Biasa / Mengikuti Pasar
16:40,ITMA,Token Mati (Perlu Update),Mid Cap (Lapis 2),Overvalued (Mahal),45.679775,6797.2354,1475.0,1380,1295,1650,-1.3377926421404682,48100,Tembus MA20,59,Negatif,Uptrend,Bullish,Strong Bullish,Awal Reversal (5>20),Normal,Akumulasi (Naik),Gap Up (+4.7%),Dominan Jual (Guyur),Normal,Tinggi,Normal,Rawan Pucuk (High Risk),< 1 Miliar,Di Bawah VWAP (Lemah),Distribusi Pro (Guyuran),Gorengan Sepi (< 5M),Normal (50-150%),Accumulation (Kumpul Barang),Normal,Normal,Turun 2 Hari Beruntun,TP: 1604 | CL: 1388,Open = High (Tekanan Jual),Tidak Ideal (< 1:1),Death Cross (Awal Bearish),Sentimen Positif 📰,Supply Banjir (Distribusi) 🌊,Dekat Support Fibo 61.8% (Golden Ratio),8,BELI,TIDAK ADA,2026-08-21 16:40:01,Biasa / Mengikuti Pasar
16:40,ITMG,Token Mati (Perlu Update),Big Cap (Lapis 1),Overvalued (Mahal),7.446208,14698.2,25325.0,24755,24175,25500,-0.2952755905511811,1038600,Normal,64,Negatif,Uptrend,Bullish,Bearish MACD,Perfect Uptrend (5>20>50),Normal,Akumulasi (Naik),Normal,Seimbang / Adu Mekanik,Squeeze,Rendah,Normal,Area Tengah,> 1 Miliar,Di Atas VWAP (Kuat),Akumulasi Pro (Smart Money),Ritel Aktif (5M - 50M),Normal (50-150%),Mark-Up (Fase Pesta),Normal,Normal,Turun 1 Hari Beruntun,TP: 25973 | CL: 24892,Normal,Tidak Ideal (< 1:1),Overbought (Jenuh Beli - Rawan),Sentimen Positif 📰,Normal / Sedang Transisi,Mendekati Fibo 23.6%,5,WAIT & SEE,TIDAK ADA,2026-08-21 16:40:01,Biasa / Mengikuti Pasar
16:40,JAWA,Token Mati (Perlu Update),Mid Cap (Lapis 2),Fair Value (Wajar),0.0,1.5572621,131.0,127,118,142,0.7692307692307693,2306300,Normal,60,Positif,Uptrend,Bullish,Bearish MACD,Perfect Uptrend (5>20>50),Normal,Akumulasi (Naik),Normal,Seimbang / Adu Mekanik,Normal,Sedang,Normal,Rawan Pucuk (High Risk),< 1 Miliar,Persis di VWAP,Distribusi Pro (Guyuran),Gorengan Sepi (< 5M),Normal (50-150%),Mark-Up (Fase Pesta),Spesialis Tiang Jemuran (Banting Pucuk),Normal,Naik 2 Hari Beruntun,TP: 138 | CL: 125,Normal,Tidak Ideal (< 1:1),Golden Cross (Awal Bullish),Netral / Sepi Berita,Normal / Sedang Transisi,Mendekati Fibo 61.8% (Golden Ratio),5,WAIT & SEE,TIDAK ADA,2026-08-21 16:40:01,Biasa / Mengikuti Pasar
16:40,JECC,Token Mati (Perlu Update),Small Cap (Lapis 3),Undervalued (Murah),5.460017,0.5292637,635.0,630,585,655,0.7936507936507936,4200,Normal,52,Positif,Uptrend,Bullish,Bearish MACD,Perfect Uptrend (5>20>50),Normal,Distribusi (Turun),Normal,Dominan Jual (Guyur),Squeeze,Rendah,Normal,Area Tengah,< 1 Miliar,Persis di VWAP,Distribusi Pro (Guyuran),Gorengan Sepi (< 5M),Sepi (< 50%),Mark-Up (Fase Pesta),Normal,Normal,Naik 2 Hari Beruntun,TP: 659 | CL: 618,Open = High (Tekanan Jual),Tidak Ideal (< 1:1),Netral / Sideways,Sentimen Positif 📰,Normal / Sedang Transisi,Mengambang (Jauh dari Fibo),5,WAIT & SEE,TIDAK ADA,2026-08-21 16:40:01,Biasa / Mengikuti Pasar
16:40,JIHD,Token Mati (Perlu Update),Mid Cap (Lapis 2),Fair Value (Wajar),0.0,0.29237297,440.0,432,410,456,-0.4524886877828055,26700,Normal,55,Negatif,Uptrend,Bullish,Strong Bullish,Perfect Uptrend (5>20>50),Normal,Akumulasi (Naik),Normal,Seimbang / Adu Mekanik,Normal,Sedang,Normal,Area Tengah,< 1 Miliar,Persis di VWAP,Akumulasi Pro (Smart Money),Gorengan Sepi (< 5M),Sepi (< 50%),Mark-Up (Fase Pesta),Spesialis Tiang Jemuran (Banting Pucuk),Normal,Turun 1 Hari Beruntun,TP: 459 | CL: 427,Open = High (Tekanan Jual),Tidak Ideal (< 1:1),Death Cross (Awal Bearish),Netral / Sepi Berita,Normal / Sedang Transisi,Mendekati Fibo 38.2%,5,WAIT & SEE,TIDAK ADA,2026-08-21 16:40:01,Biasa / Mengikuti Pasar
16:40,JKON,Token Mati (Perlu Update),Mid Cap (Lapis 2),Undervalued (Murah),5.164319,0.42794272,88.0,80,65,102,2.3255813953488373,12412300,Normal,67,Positif,Uptrend,Bullish,Strong Bullish,Perfect Uptrend (5>20>50),Normal,Distribusi (Turun),Normal,Dominan Beli (Hajar Kanan),Normal,Tinggi,Normal,Rawan Pucuk (High Risk),> 1 Miliar,Di Atas VWAP (Kuat),Distribusi Pro (Guyuran),Gorengan Sepi (< 5M),Sepi (< 50%),Mark-Up (Fase Pesta),Spesialis Tiang Jemuran (Banting Pucuk),Normal,Naik 1 Hari Beruntun,TP: 97 | CL: 81,Normal,Tidak Ideal (< 1:1),Death Cross (Awal Bearish),Sentimen Positif 📰,Normal / Sedang Transisi,Mendekati Fibo 38.2%,7,BELI,TIDAK ADA,2026-08-21 16:40:01,Biasa / Mengikuti Pasar
16:40,JPFA,Token Mati (Perlu Update),Big Cap (Lapis 1),Undervalued (Murah),4.920953,1.2510282,2210.0,2205,2070,2450,-1.7777777777777777,13810600,Tembus MA20,53,Negatif,Uptrend,Bullish,Strong Bullish,Perfect Uptrend (5>20>50),Normal,Distribusi (Turun),Normal,Dominan Jual (Guyur),Normal,Sedang,Normal,Area Tengah,> 1 Miliar,Di Bawah VWAP (Lemah),Distribusi Pro (Guyuran),Ritel Aktif (5M - 50M),Normal (50-150%),Mark-Up (Fase Pesta),Normal,Normal,Turun 3 Hari Beruntun,TP: 2323 | CL: 2134,Open = High (Tekanan Jual),Ideal (1:2),Netral / Sideways,Sentimen Positif 📰,Normal / Sedang Transisi,Mendekati Fibo 61.8% (Golden Ratio),6,WAIT & SEE,TIDAK ADA,2026-08-21 16:40:01,Biasa / Mengikuti Pasar
16:40,JRPT,Token Mati (Perlu Update),Big Cap (Lapis 1),Undervalued (Murah),9.970321,1.2602727,1075.0,1080,1070,1135,0.0,15700,Normal,46,Negatif,Downtrend,Bearish,Strong Bearish,Konsolidasi / Transisi,Normal,Distribusi (Turun),Normal,Seimbang / Adu Mekanik,Squeeze,Rendah,Normal,Dekat Support (Low Risk),< 1 Miliar,Persis di VWAP,Akumulasi Pro (Smart Money),Gorengan Sepi (< 5M),Sepi (< 50%),Distribution (Fase Jualan),Solid (Jarang Dibanting),Normal,Sideways / Stagnan,TP: 1093 | CL: 1062,Open = High (Tekanan Jual),Sangat Menarik (> 1:3),Oversold (Jenuh Jual - Peluang),Sentimen Positif 📰,Normal / Sedang Transisi,Golden Rebound Fibo 50.0% 🎯,1,WAIT & SEE,TIDAK ADA,2026-08-21 16:40:01,Biasa / Mengikuti Pasar
16:40,JSMR,Token Mati (Perlu Update),Big Cap (Lapis 1),Undervalued (Murah),5.7977014,0.5481373,2790.0,2748,2660,2830,0.0,1594700,Normal,55,Negatif,Uptrend,Bullish,Strong Bullish,Perfect Uptrend (5>20>50),Normal,Akumulasi (Naik),Normal,Dominan Jual (Guyur),Squeeze,Rendah,Normal,Area Tengah,> 1 Miliar,Persis di VWAP,Akumulasi Pro (Smart Money),Gorengan Sepi (< 5M),Normal (50-150%),Mark-Up (Fase Pesta),Spesialis Tiang Jemuran (Banting Pucuk),Normal,Sideways / Stagnan,TP: 2866 | CL: 2739,Normal,Tidak Ideal (< 1:1),Netral / Sideways,Sentimen Positif 📰,Normal / Sedang Transisi,Dekat Support Fibo 61.8% (Golden Ratio),6,WAIT & SEE,TIDAK ADA,2026-08-21 16:40:01,Biasa / Mengikuti Pasar
16:40,JSPT,Token Mati (Perlu Update),Mid Cap (Lapis 2),Undervalued (Murah),7.281678,1.3542408,1420.0,1405,1325,1600,1.0676156583629894,3200,Normal,53,Positif,Uptrend,Death Cross,Bearish MACD,Konsolidasi / Transisi,Normal,Akumulasi (Naik),Normal,Dominan Beli (Hajar Kanan),Normal,Tinggi,Normal,Area Tengah,< 1 Miliar,Persis di VWAP,Distribusi Pro (Guyuran),Gorengan Sepi (< 5M),Sepi (< 50%),Mark-Up (Fase Pesta),Normal,Normal,Naik 2 Hari Beruntun,TP: 1505 | CL: 1363,Normal,Ideal (1:2),Netral / Sideways,Sentimen Positif 📰,Normal / Sedang Transisi,Mendekati Fibo 38.2%,6,WAIT & SEE,TIDAK ADA,2026-08-21 16:40:01,Biasa / Mengikuti Pasar
16:40,JTPE,Token Mati (Perlu Update),Mid Cap (Lapis 2),Overvalued (Mahal),12.107011,3.41886,620.0,610,580,630,0.0,1434300,Normal,57,Negatif,Uptrend,Bullish,Strong Bullish,Perfect Uptrend (5>20>50),Normal,Akumulasi (Naik),Normal,Seimbang / Adu Mekanik,Squeeze,Rendah,Doji (Ragu-ragu),Area Tengah,< 1 Miliar,Persis di VWAP,Akumulasi Pro (Smart Money),Gorengan Sepi (< 5M),Normal (50-150%),Mark-Up (Fase Pesta),Normal,Normal,Sideways / Stagnan,TP: 642 | CL: 605,Normal,Tidak Ideal (< 1:1),Death Cross (Awal Bearish),Sentimen Positif 📰,Normal / Sedang Transisi,Dekat Support Fibo 23.6%,6,WAIT & SEE,TIDAK ADA,2026-08-21 16:40:01,Biasa / Mengikuti Pasar
16:40,KAEF,Token Mati (Perlu Update),Mid Cap (Lapis 2),Fair Value (Wajar),0.0,0.8380634,438.0,448,420,488,-0.45454545454545453,508000,Normal,41,Negatif,Downtrend,Bearish,Strong Bearish,Strong Downtrend (5<20<50),Normal,Distribusi (Turun),Normal,Dominan Jual (Guyur),Squeeze,Rendah,Normal,Area Tengah,< 1 Miliar,Di Bawah VWAP (Lemah),Distribusi Pro (Guyuran),Gorengan Sepi (< 5M),Normal (50-150%),Mark-Down (Fase Runtuh),Spesialis Tiang Jemuran (Banting Pucuk),Normal,Turun 2 Hari Beruntun,TP: 463 | CL: 421,Open = High (Tekanan Jual),Ideal (1:2),Netral / Sideways,Sentimen Positif 📰,Supply Banjir (Distribusi) 🌊,Mendekati Fibo 78.6%,1,WAIT & SEE,TIDAK ADA,2026-08-21 16:40:01,Biasa / Mengikuti Pasar
16:40,KARW,Token Mati (Perlu Update),Small Cap (Lapis 3),Overvalued (Mahal),238.20226,-3854.5454,212.0,212,212,212,0.0,0,Normal,29,Negatif,Downtrend,Bearish,Bullish MACD,Konsolidasi / Transisi,Normal,Netral,Normal,Tidak Ada Transaksi,Squeeze,Rendah,Doji (Ragu-ragu),Dekat Support (Low Risk),< 1 Miliar,Di Atas VWAP (Kuat),Netral,Gorengan Sepi (< 5M),Normal (50-150%),Sideways,Solid (Jarang Dibanting),Normal,Sideways / Stagnan,TP: 213 | CL: 211,Normal,Di Area Support,Oversold (Jenuh Jual - Peluang),Netral / Sepi Berita,Normal / Sedang Transisi,Golden Rebound Fibo Bottom / 100% 🎯,1,WAIT & SEE,TIDAK ADA,2026-08-21 16:40:01,Biasa / Mengikuti Pasar
16:40,KBLI,Token Mati (Perlu Update),Mid Cap (Lapis 2),Undervalued (Murah),6.038155,0.45011523,326.0,325,318,340,-1.2121212121212122,118600,Normal,54,Negatif,Uptrend,Bearish,Bearish MACD,Konsolidasi / Transisi,Normal,Akumulasi (Naik),Normal,Seimbang / Adu Mekanik,Squeeze,Rendah,Normal,Dekat Support (Low Risk),< 1 Miliar,Persis di VWAP,Akumulasi Pro (Smart Money),Gorengan Sepi (< 5M),Sepi (< 50%),Mark-Up (Fase Pesta),Spesialis Tiang Jemuran (Banting Pucuk),Normal,Turun 1 Hari Beruntun,TP: 337 | CL: 318,Open = High (Tekanan Jual),Ideal (1:2),Netral / Sideways,Sentimen Positif 📰,Normal / Sedang Transisi,Dekat Support Fibo 50.0%,4,WAIT & SEE,TIDAK ADA,2026-08-21 16:40:01,Biasa / Mengikuti Pasar
16:40,KBLM,Token Mati (Perlu Update),Small Cap (Lapis 3),Overvalued (Mahal),98.32905,0.23723505,306.0,302,286,312,0.0,34000,Normal,57,Negatif,Uptrend,Bullish,Strong Bullish,Perfect Uptrend (5>20>50),Normal,Distribusi (Turun),Normal,Dominan Beli (Hajar Kanan),Squeeze,Rendah,Doji (Ragu-ragu),Area Tengah,< 1 Miliar,Persis di VWAP,Akumulasi Pro (Smart Money),Gorengan Sepi (< 5M),Normal (50-150%),Mark-Up (Fase Pesta),Normal,Jarum Bawah (Sinyal Pantulan Kuat),Sideways / Stagnan,TP: 317 | CL: 298,Normal,Tidak Ideal (< 1:1),Netral / Sideways,Sentimen Positif 📰,Supply Kering (Siap Pump) 🏜️,Golden Rebound Fibo 23.6% 🎯,6,WAIT & SEE,TIDAK ADA,2026-08-21 16:40:01,Biasa / Mengikuti Pasar
16:40,KBLV,Token Mati (Perlu Update),Small Cap (Lapis 3),Fair Value (Wajar),0.0,0.17181556,150.0,136,116,172,0.0,27482700,Normal,62,Negatif,Uptrend,Bullish,Bearish MACD,Perfect Uptrend (5>20>50),Normal,Akumulasi (Naik),Gap Up (+2.0%),Seimbang / Adu Mekanik,Normal,Tinggi,Normal,Rawan Pucuk (High Risk),> 1 Miliar,Di Atas VWAP (Kuat),Distribusi Pro (Guyuran),Ritel Aktif (5M - 50M),Sepi (< 50%),Mark-Up (Fase Pesta),Spesialis Tiang Jemuran (Banting Pucuk),Normal,Sideways / Stagnan,TP: 169 | CL: 136,Normal,Tidak Ideal (< 1:1),Netral / Sideways,Sentimen Positif 📰,Normal / Sedang Transisi,Mendekati Fibo 23.6%,6,WAIT & SEE,TIDAK ADA,2026-08-21 16:40:01,Biasa / Mengikuti Pasar
16:40,KDSI,Token Mati (Perlu Update),Small Cap (Lapis 3),Undervalued (Murah),2.5314481,0.92197156,454.0,455,428,470,-1.7316017316017316,3100,Normal,51,Negatif,Downtrend,Bullish,Bearish MACD,Perfect Uptrend (5>20>50),Normal,Distribusi (Turun),Normal,Dominan Jual (Guyur),Squeeze,Rendah,Normal,Area Tengah,< 1 Miliar,Persis di VWAP,Distribusi Pro (Guyuran),Gorengan Sepi (< 5M),Sepi (< 50%),Distribution (Fase Jualan),Normal,Normal,Turun 1 Hari Beruntun,TP: 473 | CL: 440,Open = High (Tekanan Jual),Tidak Ideal (< 1:1),Death Cross (Awal Bearish),Sentimen Positif 📰,Supply Kering (Siap Pump) 🏜️,Golden Rebound Fibo 38.2% 🎯,3,WAIT & SEE,TIDAK ADA,2026-08-21 16:40:01,Biasa / Mengikuti Pasar
16:40,KIAS,Token Mati (Perlu Update),Small Cap (Lapis 3),Fair Value (Wajar),0.0,0.4524692,21.0,21,21,21,0.0,0,Normal,0,Negatif,Downtrend,Bearish,Bearish MACD,Konsolidasi / Transisi,Normal,Netral,Normal,Tidak Ada Transaksi,Squeeze,Rendah,Doji (Ragu-ragu),Dekat Support (Low Risk),< 1 Miliar,Di Atas VWAP (Kuat),Netral,Gorengan Sepi (< 5M),Normal (50-150%),Sideways,Solid (Jarang Dibanting),Normal,Sideways / Stagnan,TP: 22 | CL: 20,Normal,Di Area Support,Oversold (Jenuh Jual - Peluang),Netral / Sepi Berita,Normal / Sedang Transisi,Normal / Sideways,0,WAIT & SEE,TIDAK ADA,2026-08-21 16:40:01,Biasa / Mengikuti Pasar
16:40,KICI,Token Mati (Perlu Update),Small Cap (Lapis 3),Undervalued (Murah),2.6372733,0.48864096,195.0,194,182,232,1.0362694300518136,1367000,Tembus MA20,55,Positif,Uptrend,Bearish,Bearish MACD,Konsolidasi / Transisi,Normal,Akumulasi (Naik),Normal,Dominan Jual (Guyur),Squeeze,Rendah,Doji (Ragu-ragu),Area Tengah,< 1 Miliar,Persis di VWAP,Distribusi Pro (Guyuran),Gorengan Sepi (< 5M),Anomali Tinggi (150-300%),Mark-Up (Fase Pesta),Spesialis Tiang Jemuran (Banting Pucuk),Normal,Naik 1 Hari Beruntun,TP: 209 | CL: 185,Normal,Ideal (1:2),Netral / Sideways,Netral / Sepi Berita,Normal / Sedang Transisi,Dekat Support Fibo 50.0%,5,WAIT & SEE,TIDAK ADA,2026-08-21 16:40:01,Biasa / Mengikuti Pasar
16:40,KIJA,Token Mati (Perlu Update),Mid Cap (Lapis 2),Fair Value (Wajar),0.0,0.6871341,200.0,137,119,220,-2.912621359223301,1586549600,Tembus MA20,79,Negatif,Uptrend,Bullish,Strong Bullish,Perfect Uptrend (5>20>50),Distribusi Kuat,Distribusi (Turun),Normal,Dominan Jual (Guyur),Breakout Upper,Tinggi,Normal,Rawan Pucuk (High Risk),> 1 Miliar,Di Atas VWAP (Kuat),Distribusi Pro (Guyuran),Sultan (> 50M/hari),Anomali Tinggi (150-300%),Mark-Up (Fase Pesta),Normal,Normal,Turun 1 Hari Beruntun,TP: 222 | CL: 185,Normal,Tidak Ideal (< 1:1),Netral / Sideways,Sentimen Positif 📰,Supply Banjir (Distribusi) 🌊,Mendekati Fibo 23.6%,6,WAIT & SEE,TIDAK ADA,2026-08-21 16:40:01,🔥 ANOMALI BANDAR (Siap Ledakan)
16:40,KKGI,Token Mati (Perlu Update),Mid Cap (Lapis 2),Overvalued (Mahal),19.553074,9333.334,280.0,275,264,286,0.7194244604316548,1280300,Tembus MA20,60,Positif,Uptrend,Bullish,Bearish MACD,Perfect Uptrend (5>20>50),Normal,Akumulasi (Naik),Gap Up (+2.2%),Dominan Jual (Guyur),Squeeze,Rendah,Normal,Area Tengah,< 1 Miliar,Persis di VWAP,Distribusi Pro (Guyuran),Gorengan Sepi (< 5M),Normal (50-150%),Mark-Up (Fase Pesta),Normal,Normal,Naik 1 Hari Beruntun,TP: 290 | CL: 273,Open = High (Tekanan Jual),Tidak Ideal (< 1:1),Netral / Sideways,Sentimen Positif 📰,Normal / Sedang Transisi,Mengambang (Jauh dari Fibo),8,BELI,TIDAK ADA,2026-08-21 16:40:01,Biasa / Mengikuti Pasar
16:40,KLBF,Token Mati (Perlu Update),Big Cap (Lapis 1),Fair Value (Wajar),10.174602,1.5064919,810.0,764,690,835,-1.8181818181818181,58850100,Normal,61,Negatif,Uptrend,Bullish,Strong Bullish,Perfect Uptrend (5>20>50),Normal,Distribusi (Turun),Normal,Dominan Jual (Guyur),Normal,Tinggi,Normal,Rawan Pucuk (High Risk),> 1 Miliar,Persis di VWAP,Akumulasi Pro (Smart Money),Sultan (> 50M/hari),Normal (50-150%),Mark-Up (Fase Pesta),Normal,Normal,Turun 1 Hari Beruntun,TP: 857 | CL: 778,Normal,Tidak Ideal (< 1:1),Death Cross (Awal Bearish),Sentimen Positif 📰,Normal / Sedang Transisi,Mendekati Fibo 23.6%,5,WAIT & SEE,TIDAK ADA,2026-08-21 16:40:01,Biasa / Mengikuti Pasar
16:40,KOBX,Token Mati (Perlu Update),Small Cap (Lapis 3),Overvalued (Mahal),28333.334,0.7999285,170.0,166,144,210,0.0,689200,Normal,58,Negatif,Uptrend,Bullish,Bearish MACD,Perfect Uptrend (5>20>50),Normal,Akumulasi (Naik),Normal,Seimbang / Adu Mekanik,Normal,Tinggi,Normal,Rawan Pucuk (High Risk),< 1 Miliar,Persis di VWAP,Distribusi Pro (Guyuran),Gorengan Sepi (< 5M),Sepi (< 50%),Mark-Up (Fase Pesta),Spesialis Tiang Jemuran (Banting Pucuk),Normal,Sideways / Stagnan,TP: 181 | CL: 162,Open = High (Tekanan Jual),Ideal (1:2),Netral / Sideways,Netral / Sepi Berita,Normal / Sedang Transisi,Mendekati Fibo 61.8% (Golden Ratio),4,WAIT & SEE,TIDAK ADA,2026-08-21 16:40:01,Biasa / Mengikuti Pasar
16:40,KOIN,Token Mati (Perlu Update),Small Cap (Lapis 3),Fair Value (Wajar),18.181818,-0.84972876,78.0,78,78,78,0.0,0,Normal,56,Negatif,Downtrend,Bearish,Bearish MACD,Konsolidasi / Transisi,Normal,Netral,Normal,Tidak Ada Transaksi,Squeeze,Rendah,Doji (Ragu-ragu),Dekat Support (Low Risk),< 1 Miliar,Di Atas VWAP (Kuat),Netral,Gorengan Sepi (< 5M),Normal (50-150%),Sideways,Solid (Jarang Dibanting),Normal,Sideways / Stagnan,TP: 79 | CL: 77,Normal,Di Area Support,Oversold (Jenuh Jual - Peluang),Netral / Sepi Berita,Normal / Sedang Transisi,Golden Rebound Fibo 23.6% 🎯,1,WAIT & SEE,TIDAK ADA,2026-08-21 16:40:01,Biasa / Mengikuti Pasar
16:40,KONI,Token Mati (Perlu Update),Small Cap (Lapis 3),Overvalued (Mahal),32.653645,3.9179993,2290.0,2381,2250,2600,-1.7167381974248928,26000,Normal,40,Negatif,Downtrend,Bearish,Bullish MACD,Strong Downtrend (5<20<50),Normal,Distribusi (Turun),Normal,Dominan Jual (Guyur),Bottom Rebound,Sedang,Normal,Dekat Support (Low Risk),< 1 Miliar,Di Bawah VWAP (Lemah),Akumulasi Pro (Smart Money),Gorengan Sepi (< 5M),Normal (50-150%),Mark-Down (Fase Runtuh),Spesialis Tiang Jemuran (Banting Pucuk),Normal,Turun 2 Hari Beruntun,TP: 2427 | CL: 2198,Open = High (Tekanan Jual),Sangat Menarik (> 1:3),Netral / Sideways,Netral / Sepi Berita,Normal / Sedang Transisi,Mengambang (Jauh dari Fibo),1,WAIT & SEE,TIDAK ADA,2026-08-21 16:40:01,Biasa / Mengikuti Pasar
16:40,KOPI,Token Mati (Perlu Update),Small Cap (Lapis 3),Overvalued (Mahal),85.606384,1.9299175,204.0,206,193,260,0.0,651200,Normal,51,Negatif,Downtrend,Bearish,Bearish MACD,Konsolidasi / Transisi,Normal,Distribusi (Turun),Normal,Dominan Beli (Hajar Kanan),Normal,Sedang,Hammer (Potensi Reversal),Area Tengah,< 1 Miliar,Di Bawah VWAP (Lemah),Distribusi Pro (Guyuran),Gorengan Sepi (< 5M),Normal (50-150%),Distribution (Fase Jualan),Spesialis Tiang Jemuran (Banting Pucuk),Jarum Bawah (Sinyal Pantulan Kuat),Sideways / Stagnan,TP: 218 | CL: 194,Open = High (Tekanan Jual),Sangat Menarik (> 1:3),Golden Cross (Awal Bullish),Sentimen Positif 📰,Supply Kering (Siap Pump) 🏜️,Mendekati Fibo 50.0%,3,WAIT & SEE,TIDAK ADA,2026-08-21 16:40:01,Biasa / Mengikuti Pasar
16:40,KPIG,Token Mati (Perlu Update),Mid Cap (Lapis 2),Undervalued (Murah),10.485133,0.24350087,68.0,76,63,88,-2.857142857142857,182336600,Normal,35,Negatif,Downtrend,Bearish,Strong Bearish,Strong Downtrend (5<20<50),Normal,Distribusi (Turun),Normal,Seimbang / Adu Mekanik,Normal,Tinggi,Normal,Area Tengah,> 1 Miliar,Persis di VWAP,Akumulasi Pro (Smart Money),Ritel Aktif (5M - 50M),Normal (50-150%),Mark-Down (Fase Runtuh),Solid (Jarang Dibanting),Normal,Turun 1 Hari Beruntun,TP: 75 | CL: 63,Normal,Sangat Menarik (> 1:3),Golden Cross (Awal Bullish),Sentimen Positif 📰,Normal / Sedang Transisi,Mengambang (Jauh dari Fibo),1,WAIT & SEE,TIDAK ADA,2026-08-21 16:40:01,🔥 ANOMALI BANDAR (Siap Ledakan)
16:40,KRAS,Token Mati (Perlu Update),Mid Cap (Lapis 2),Overvalued (Mahal),0.54204404,6514.2856,228.0,224,208,244,0.8849557522123894,2822900,Normal,54,Positif,Uptrend,Golden Cross,Bearish MACD,Perfect Uptrend (5>20>50),Normal,Akumulasi (Naik),Normal,Dominan Beli (Hajar Kanan),Normal,Sedang,Normal,Area Tengah,< 1 Miliar,Di Atas VWAP (Kuat),Distribusi Pro (Guyuran),Gorengan Sepi (< 5M),Normal (50-150%),Mark-Up (Fase Pesta),Spesialis Tiang Jemuran (Banting Pucuk),Normal,Naik 2 Hari Beruntun,TP: 241 | CL: 219,Open = Low (Bullish Kuat),Tidak Ideal (< 1:1),Netral / Sideways,Sentimen Positif 📰,Normal / Sedang Transisi,Mendekati Fibo 38.2%,7,BELI,TIDAK ADA,2026-08-21 16:40:01,Biasa / Mengikuti Pasar
16:40,KREN,Token Mati (Perlu Update),Small Cap (Lapis 3),Fair Value (Wajar),0.0,-12999.999,13.0,13,12,15,0.0,23214800,Tembus MA20,51,Negatif,Downtrend,Bearish,Bearish MACD,Konsolidasi / Transisi,Normal,Distribusi (Turun),Normal,Tidak Ada Transaksi,Normal,Sedang,Doji (Ragu-ragu),Area Tengah,< 1 Miliar,Persis di VWAP,Distribusi Pro (Guyuran),Gorengan Sepi (< 5M),Normal (50-150%),Distribution (Fase Jualan),Spesialis Tiang Jemuran (Banting Pucuk),Normal,Sideways / Stagnan,TP: 13 | CL: 12,Normal,Ideal (1:2),Netral / Sideways,Netral / Sepi Berita,Normal / Sedang Transisi,Dekat Support Fibo 61.8% (Golden Ratio),2,WAIT & SEE,TIDAK ADA,2026-08-21 16:40:01,Biasa / Mengikuti Pasar
16:40,LAPD,Token Mati (Perlu Update),Small Cap (Lapis 3),Fair Value (Wajar),0.0,-11.459387,67.0,64,59,74,3.076923076923077,22183300,Normal,55,Positif,Uptrend,Bullish,Strong Bullish,Perfect Uptrend (5>20>50),Normal,Akumulasi (Naik),Normal,Seimbang / Adu Mekanik,Normal,Sedang,Normal,Rawan Pucuk (High Risk),> 1 Miliar,Di Atas VWAP (Kuat),Distribusi Pro (Guyuran),Gorengan Sepi (< 5M),Normal (50-150%),Mark-Up (Fase Pesta),Spesialis Tiang Jemuran (Banting Pucuk),Normal,Naik 1 Hari Beruntun,TP: 73 | CL: 62,Normal,Tidak Ideal (< 1:1),Golden Cross (Awal Bullish),Sentimen Positif 📰,Normal / Sedang Transisi,Mendekati Fibo 61.8% (Golden Ratio),7,BELI,TIDAK ADA,2026-08-21 16:40:01,Biasa / Mengikuti Pasar
16:40,LEAD,Token Mati (Perlu Update),Small Cap (Lapis 3),Overvalued (Mahal),0.0,12222.223,110.0,108,97,119,-0.9009009009009009,14140100,Normal,55,Negatif,Uptrend,Bullish,Bearish MACD,Perfect Uptrend (5>20>50),Normal,Distribusi (Turun),Normal,Seimbang / Adu Mekanik,Normal,Tinggi,Normal,Rawan Pucuk (High Risk),> 1 Miliar,Persis di VWAP,Distribusi Pro (Guyuran),Gorengan Sepi (< 5M),Normal (50-150%),Mark-Up (Fase Pesta),Spesialis Tiang Jemuran (Banting Pucuk),Normal,Turun 1 Hari Beruntun,TP: 118 | CL: 104,Normal,Tidak Ideal (< 1:1),Netral / Sideways,Netral / Sepi Berita,Normal / Sedang Transisi,Dekat Support Fibo 50.0%,3,WAIT & SEE,TIDAK ADA,2026-08-21 16:40:01,Biasa / Mengikuti Pasar
16:40,LINK,Token Mati (Perlu Update),Mid Cap (Lapis 2),Fair Value (Wajar),0.0,1.317647,1500.0,1433,1340,1655,-2.5974025974025974,10700,Normal,55,Negatif,Uptrend,Bullish,Strong Bullish,Awal Reversal (5>20),Normal,Distribusi (Turun),Gap Down (-3.2%),Dominan Jual (Guyur),Normal,Tinggi,Normal,Rawan Pucuk (High Risk),< 1 Miliar,Di Bawah VWAP (Lemah),Distribusi Pro (Guyuran),Gorengan Sepi (< 5M),Sepi (< 50%),Accumulation (Kumpul Barang),Spesialis Tiang Jemuran (Banting Pucuk),Normal,Turun 1 Hari Beruntun,TP: 1621 | CL: 1418,Open = Low (Bullish Kuat),Tidak Ideal (< 1:1),Death Cross (Awal Bearish),Netral / Sepi Berita,Normal / Sedang Transisi,Mengambang (Jauh dari Fibo),4,WAIT & SEE,TIDAK ADA,2026-08-21 16:40:01,Biasa / Mengikuti Pasar
16:40,LION,Token Mati (Perlu Update),Small Cap (Lapis 3),Fair Value (Wajar),0.0,0.4080096,350.0,349,326,422,1.1560693641618496,6400,Normal,52,Positif,Uptrend,Bearish,Bearish MACD,Konsolidasi / Transisi,Normal,Akumulasi (Naik),Normal,Dominan Jual (Guyur),Squeeze,Rendah,Normal,Area Tengah,< 1 Miliar,Persis di VWAP,Distribusi Pro (Guyuran),Gorengan Sepi (< 5M),Sepi (< 50%),Mark-Up (Fase Pesta),Normal,Normal,Naik 1 Hari Beruntun,TP: 368 | CL: 338,Normal,Ideal (1:2),Netral / Sideways,Netral / Sepi Berita,Supply Kering (Siap Pump) 🏜️,Golden Rebound Fibo 50.0% 🎯,4,WAIT & SEE,TIDAK ADA,2026-08-21 16:40:01,Biasa / Mengikuti Pasar
16:40,LMPI,Token Mati (Perlu Update),Small Cap (Lapis 3),Fair Value (Wajar),0.0,-4.0859647,156.0,145,136,183,0.0,550100,Normal,63,Negatif,Uptrend,Bullish,Strong Bullish,Perfect Uptrend (5>20>50),Normal,Akumulasi (Naik),Normal,Dominan Jual (Guyur),Normal,Tinggi,Normal,Rawan Pucuk (High Risk),< 1 Miliar,Persis di VWAP,Distribusi Pro (Guyuran),Gorengan Sepi (< 5M),Sepi (< 50%),Mark-Up (Fase Pesta),Spesialis Tiang Jemuran (Banting Pucuk),Normal,Sideways / Stagnan,TP: 171 | CL: 145,Open = High (Tekanan Jual),Menengah (1:1),Golden Cross (Awal Bullish),Sentimen Negatif ⚠️,Normal / Sedang Transisi,Mendekati Fibo 50.0%,5,WAIT & SEE,TIDAK ADA,2026-08-21 16:40:01,Biasa / Mengikuti Pasar
16:40,LMSH,Token Mati (Perlu Update),Small Cap (Lapis 3),Undervalued (Murah),12.194541,0.26389357,256.0,256,256,256,0.0,0,Normal,0,Negatif,Downtrend,Bearish,Bearish MACD,Konsolidasi / Transisi,Normal,Netral,Normal,Tidak Ada Transaksi,Squeeze,Rendah,Doji (Ragu-ragu),Dekat Support (Low Risk),< 1 Miliar,Di Atas VWAP (Kuat),Netral,Gorengan Sepi (< 5M),Normal (50-150%),Sideways,Solid (Jarang Dibanting),Normal,Sideways / Stagnan,TP: 257 | CL: 255,Normal,Di Area Support,Oversold (Jenuh Jual - Peluang),Netral / Sepi Berita,Normal / Sedang Transisi,Normal / Sideways,0,WAIT & SEE,TIDAK ADA,2026-08-21 16:40:01,Biasa / Mengikuti Pasar
16:40,LPCK,Token Mati (Perlu Update),Mid Cap (Lapis 2),Undervalued (Murah),12.051735,0.4593227,615.0,577,505,670,-0.8064516129032258,262600,Normal,67,Negatif,Uptrend,Bullish,Strong Bullish,Perfect Uptrend (5>20>50),Normal,Distribusi (Turun),Normal,Seimbang / Adu Mekanik,Normal,Tinggi,Normal,Rawan Pucuk (High Risk),< 1 Miliar,Persis di VWAP,Distribusi Pro (Guyuran),Gorengan Sepi (< 5M),Sepi (< 50%),Mark-Up (Fase Pesta),Spesialis Tiang Jemuran (Banting Pucuk),Normal,Turun 1 Hari Beruntun,TP: 668 | CL: 579,Open = High (Tekanan Jual),Tidak Ideal (< 1:1),Death Cross (Awal Bearish),Sentimen Positif 📰,Normal / Sedang Transisi,Mendekati Fibo 38.2%,5,WAIT & SEE,TIDAK ADA,2026-08-21 16:40:01,Biasa / Mengikuti Pasar
16:40,LPGI,Token Mati (Perlu Update),Mid Cap (Lapis 2),Fair Value (Wajar),11.796905,1.6795297,625.0,632,585,660,-0.7936507936507936,10300,Normal,42,Negatif,Downtrend,Bearish,Bullish MACD,Strong Downtrend (5<20<50),Normal,Distribusi (Turun),Normal,Dominan Jual (Guyur),Squeeze,Rendah,Normal,Area Tengah,< 1 Miliar,Persis di VWAP,Akumulasi Pro (Smart Money),Gorengan Sepi (< 5M),Sepi (< 50%),Mark-Down (Fase Runtuh),Normal,Normal,Turun 2 Hari Beruntun,TP: 670 | CL: 594,Normal,Tidak Ideal (< 1:1),Death Cross (Awal Bearish),Sentimen Positif 📰,Supply Kering (Siap Pump) 🏜️,Golden Rebound Fibo 78.6% 🎯,2,WAIT & SEE,TIDAK ADA,2026-08-21 16:40:01,Biasa / Mengikuti Pasar
16:40,LPIN,Token Mati (Perlu Update),Small Cap (Lapis 3),Undervalued (Murah),6.9303694,0.5220094,424.0,420,410,438,0.0,70300,Normal,61,Negatif,Uptrend,Bullish,Bearish MACD,Perfect Uptrend (5>20>50),Normal,Distribusi (Turun),Normal,Dominan Beli (Hajar Kanan),Squeeze,Rendah,Doji (Ragu-ragu),Area Tengah,< 1 Miliar,Persis di VWAP,Distribusi Pro (Guyuran),Gorengan Sepi (< 5M),Normal (50-150%),Mark-Up (Fase Pesta),Normal,Jarum Bawah (Sinyal Pantulan Kuat),Sideways / Stagnan,TP: 433 | CL: 417,Normal,Menengah (1:1),Netral / Sideways,Sentimen Positif 📰,Normal / Sedang Transisi,Golden Rebound Fibo 23.6% 🎯,5,WAIT & SEE,TIDAK ADA,2026-08-21 16:40:01,Biasa / Mengikuti Pasar
16:40,LPKR,Token Mati (Perlu Update),Mid Cap (Lapis 2),Undervalued (Murah),6.330366,0.14906462,65.0,62,59,74,-1.5151515151515151,79385800,Normal,57,Negatif,Uptrend,Bullish,Strong Bullish,Perfect Uptrend (5>20>50),Normal,Akumulasi (Naik),Normal,Seimbang / Adu Mekanik,Normal,Sedang,Normal,Rawan Pucuk (High Risk),> 1 Miliar,Di Atas VWAP (Kuat),Akumulasi Pro (Smart Money),Ritel Aktif (5M - 50M),Sepi (< 50%),Mark-Up (Fase Pesta),Spesialis Tiang Jemuran (Banting Pucuk),Normal,Turun 1 Hari Beruntun,TP: 70 | CL: 61,Open = High (Tekanan Jual),Ideal (1:2),Netral / Sideways,Sentimen Negatif ⚠️,Normal / Sedang Transisi,Dekat Support Fibo 50.0%,5,WAIT & SEE,TIDAK ADA,2026-08-21 16:40:01,Biasa / Mengikuti Pasar
16:40,LPLI,Token Mati (Perlu Update),Small Cap (Lapis 3),Undervalued (Murah),0.5246433,0.16677558,246.0,246,236,296,0.819672131147541,12100,Normal,51,Positif,Downtrend,Bearish,Strong Bearish,Konsolidasi / Transisi,Normal,Distribusi (Turun),Normal,Seimbang / Adu Mekanik,Squeeze,Rendah,Normal,Area Tengah,< 1 Miliar,Di Bawah VWAP (Lemah),Distribusi Pro (Guyuran),Gorengan Sepi (< 5M),Sepi (< 50%),Distribution (Fase Jualan),Normal,Normal,Naik 1 Hari Beruntun,TP: 260 | CL: 236,Open = High (Tekanan Jual),Sangat Menarik (> 1:3),Golden Cross (Awal Bullish),Sentimen Positif 📰,Supply Kering (Siap Pump) 🏜️,Mendekati Fibo 61.8% (Golden Ratio),3,WAIT & SEE,TIDAK ADA,2026-08-21 16:40:01,Biasa / Mengikuti Pasar
16:40,LPPF,Token Mati (Perlu Update),Mid Cap (Lapis 2),Overvalued (Mahal),4.698219,12.082219,1630.0,1579,1515,1650,0.3076923076923077,1086500,Normal,65,Positif,Uptrend,Bullish,Strong Bullish,Perfect Uptrend (5>20>50),Normal,Akumulasi (Naik),Normal,Seimbang / Adu Mekanik,Squeeze,Rendah,Normal,Area Tengah,> 1 Miliar,Di Atas VWAP (Kuat),Akumulasi Pro (Smart Money),Gorengan Sepi (< 5M),Normal (50-150%),Mark-Up (Fase Pesta),Spesialis Tiang Jemuran (Banting Pucuk),Normal,Naik 2 Hari Beruntun,TP: 1661 | CL: 1609,Normal,Tidak Ideal (< 1:1),Death Cross (Awal Bearish),Sentimen Positif 📰,Normal / Sedang Transisi,Dekat Support Fibo 23.6%,7,BELI,TIDAK ADA,2026-08-21 16:40:01,Biasa / Mengikuti Pasar
16:40,LPPS,Token Mati (Perlu Update),Small Cap (Lapis 3),Fair Value (Wajar),0.0,0.20478804,82.0,81,77,88,0.0,631700,Normal,57,Negatif,Uptrend,Golden Cross,Bearish MACD,Perfect Uptrend (5>20>50),Normal,Akumulasi (Naik),Normal,Dominan Beli (Hajar Kanan),Normal,Sedang,Normal,Area Tengah,< 1 Miliar,Persis di VWAP,Akumulasi Pro (Smart Money),Gorengan Sepi (< 5M),Sepi (< 50%),Mark-Up (Fase Pesta),Spesialis Tiang Jemuran (Banting Pucuk),Normal,Sideways / Stagnan,TP: 88 | CL: 77,Normal,Menengah (1:1),Netral / Sideways,Sentimen Positif 📰,Normal / Sedang Transisi,Mengambang (Jauh dari Fibo),6,WAIT & SEE,TIDAK ADA,2026-08-21 16:40:01,Biasa / Mengikuti Pasar
16:40,LRNA,Token Mati (Perlu Update),Small Cap (Lapis 3),Fair Value (Wajar),0.0,0.24930523,190.0,186,177,242,0.5291005291005291,47900,Normal,59,Positif,Uptrend,Bullish,Strong Bullish,Perfect Uptrend (5>20>50),Normal,Distribusi (Turun),Normal,Seimbang / Adu Mekanik,Squeeze,Rendah,Normal,Area Tengah,< 1 Miliar,Persis di VWAP,Distribusi Pro (Guyuran),Gorengan Sepi (< 5M),Sepi (< 50%),Mark-Up (Fase Pesta),Spesialis Tiang Jemuran (Banting Pucuk),Normal,Naik 1 Hari Beruntun,TP: 203 | CL: 181,Open = High (Tekanan Jual),Sangat Menarik (> 1:3),Oversold (Jenuh Jual - Peluang),Sentimen Positif 📰,Supply Kering (Siap Pump) 🏜️,Mengambang (Jauh dari Fibo),6,WAIT & SEE,TIDAK ADA,2026-08-21 16:40:01,Biasa / Mengikuti Pasar
16:40,LSIP,Token Mati (Perlu Update),Mid Cap (Lapis 2),Undervalued (Murah),4.8189588,0.69519705,1460.0,1425,1350,1485,-0.6802721088435374,8386300,Tembus MA20,65,Negatif,Uptrend,Golden Cross,Bearish MACD,Perfect Uptrend (5>20>50),Normal,Akumulasi (Naik),Normal,Dominan Jual (Guyur),Normal,Sedang,Normal,Area Tengah,> 1 Miliar,Di Atas VWAP (Kuat),Akumulasi Pro (Smart Money),Ritel Aktif (5M - 50M),Normal (50-150%),Mark-Up (Fase Pesta),Normal,Normal,Turun 1 Hari Beruntun,TP: 1507 | CL: 1428,Normal,Tidak Ideal (< 1:1),Netral / Sideways,Netral / Sepi Berita,Normal / Sedang Transisi,Mengambang (Jauh dari Fibo),5,WAIT & SEE,TIDAK ADA,2026-08-21 16:40:01,Biasa / Mengikuti Pasar
16:40,LTLS,Token Mati (Perlu Update),Mid Cap (Lapis 2),Undervalued (Murah),6.6313,0.376437,850.0,825,740,865,0.0,24900,Normal,68,Negatif,Uptrend,Bullish,Strong Bullish,Perfect Uptrend (5>20>50),Normal,Akumulasi (Naik),Normal,Dominan Beli (Hajar Kanan),Normal,Sedang,Normal,Rawan Pucuk (High Risk),< 1 Miliar,Persis di VWAP,Akumulasi Pro (Smart Money),Gorengan Sepi (< 5M),Sepi (< 50%),Mark-Up (Fase Pesta),Normal,Normal,Sideways / Stagnan,TP: 890 | CL: 822,Open = Low (Bullish Kuat),Tidak Ideal (< 1:1),Netral / Sideways,Sentimen Positif 📰,Normal / Sedang Transisi,Mendekati Fibo 23.6%,7,BELI,TIDAK ADA,2026-08-21 16:40:01,Biasa / Mengikuti Pasar
16:40,MAIN,Token Mati (Perlu Update),Mid Cap (Lapis 2),Undervalued (Murah),3.2456603,0.5256154,675.0,681,645,725,0.0,551800,Normal,47,Negatif,Downtrend,Bearish,Strong Bearish,Strong Downtrend (5<20<50),Normal,Akumulasi (Naik),Normal,Seimbang / Adu Mekanik,Normal,Sedang,Doji (Ragu-ragu),Area Tengah,< 1 Miliar,Persis di VWAP,Akumulasi Pro (Smart Money),Gorengan Sepi (< 5M),Normal (50-150%),Mark-Down (Fase Runtuh),Normal,Normal,Sideways / Stagnan,TP: 698 | CL: 659,Normal,Ideal (1:2),Netral / Sideways,Netral / Sepi Berita,Normal / Sedang Transisi,Dekat Support Fibo 61.8% (Golden Ratio),1,WAIT & SEE,TIDAK ADA,2026-08-21 16:40:01,Biasa / Mengikuti Pasar
16:40,MAPI,Token Mati (Perlu Update),Big Cap (Lapis 1),Fair Value (Wajar),10.408273,1.6825294,1555.0,1568,1360,1940,2.6402640264026402,4987900,Normal,50,Positif,Downtrend,Bearish,Strong Bearish,Konsolidasi / Transisi,Normal,Akumulasi (Naik),Normal,Seimbang / Adu Mekanik,Normal,Tinggi,Normal,Rawan Pucuk (High Risk),> 1 Miliar,Di Atas VWAP (Kuat),Akumulasi Pro (Smart Money),Ritel Aktif (5M - 50M),Sepi (< 50%),Distribution (Fase Jualan),Normal,Normal,Naik 2 Hari Beruntun,TP: 1708 | CL: 1452,Normal,Ideal (1:2),Oversold (Jenuh Jual - Peluang),Netral / Sepi Berita,Normal / Sedang Transisi,Mendekati Fibo 78.6%,2,WAIT & SEE,TIDAK ADA,2026-08-21 16:40:01,Biasa / Mengikuti Pasar
16:40,MAYA,Token Mati (Perlu Update),Mid Cap (Lapis 2),Overvalued (Mahal),77.13178,0.26805967,199.0,199,192,208,-0.5,738900,Normal,53,Negatif,Downtrend,Bearish,Bearish MACD,Konsolidasi / Transisi,Normal,Akumulasi (Naik),Normal,Dominan Jual (Guyur),Squeeze,Rendah,Normal,Area Tengah,< 1 Miliar,Persis di VWAP,Distribusi Pro (Guyuran),Gorengan Sepi (< 5M),Normal (50-150%),Distribution (Fase Jualan),Spesialis Tiang Jemuran (Banting Pucuk),Normal,Turun 1 Hari Beruntun,TP: 207 | CL: 193,Normal,Menengah (1:1),Netral / Sideways,Sentimen Positif 📰,Normal / Sedang Transisi,Dekat Support Fibo 23.6%,3,WAIT & SEE,TIDAK ADA,2026-08-21 16:40:01,Biasa / Mengikuti Pasar
16:40,MBAP,Token Mati (Perlu Update),Mid Cap (Lapis 2),Overvalued (Mahal),81.706635,9766.666,1465.0,1441,1390,1500,-0.3401360544217687,12700,Normal,58,Negatif,Uptrend,Bullish,Strong Bullish,Perfect Uptrend (5>20>50),Normal,Akumulasi (Naik),Normal,Seimbang / Adu Mekanik,Squeeze,Rendah,Normal,Area Tengah,< 1 Miliar,Persis di VWAP,Akumulasi Pro (Smart Money),Gorengan Sepi (< 5M),Sepi (< 50%),Mark-Up (Fase Pesta),Spesialis Tiang Jemuran (Banting Pucuk),Normal,Turun 1 Hari Beruntun,TP: 1527 | CL: 1423,Open = Low (Bullish Kuat),Tidak Ideal (< 1:1),Death Cross (Awal Bearish),Sentimen Positif 📰,Normal / Sedang Transisi,Mendekati Fibo 50.0%,6,WAIT & SEE,TIDAK ADA,2026-08-21 16:40:01,Biasa / Mengikuti Pasar
16:40,MBSS,Token Mati (Perlu Update),Mid Cap (Lapis 2),Undervalued (Murah),13.350945,1.2058189,2830.0,2805,2530,2940,0.0,1663000,Tembus MA20,63,Negatif,Uptrend,Bullish,Bearish MACD,Perfect Uptrend (5>20>50),Normal,Akumulasi (Naik),Normal,Seimbang / Adu Mekanik,Squeeze,Rendah,Doji (Ragu-ragu),Rawan Pucuk (High Risk),> 1 Miliar,Persis di VWAP,Distribusi Pro (Guyuran),Gorengan Sepi (< 5M),Anomali Tinggi (150-300%),Mark-Up (Fase Pesta),Spesialis Tiang Jemuran (Banting Pucuk),Normal,Sideways / Stagnan,TP: 2868 | CL: 2804,Normal,Tidak Ideal (< 1:1),Netral / Sideways,Netral / Sepi Berita,Normal / Sedang Transisi,Mendekati Fibo 23.6%,5,WAIT & SEE,TIDAK ADA,2026-08-21 16:40:01,Biasa / Mengikuti Pasar
16:40,MBTO,Token Mati (Perlu Update),Small Cap (Lapis 3),Fair Value (Wajar),0.0,0.38845205,129.0,126,115,167,-0.7692307692307693,4453600,Normal,57,Negatif,Uptrend,Bullish,Bearish MACD,Perfect Uptrend (5>20>50),Normal,Akumulasi (Naik),Normal,Seimbang / Adu Mekanik,Normal,Tinggi,Normal,Rawan Pucuk (High Risk),< 1 Miliar,Persis di VWAP,Akumulasi Pro (Smart Money),Gorengan Sepi (< 5M),Normal (50-150%),Mark-Up (Fase Pesta),Spesialis Tiang Jemuran (Banting Pucuk),Normal,Turun 1 Hari Beruntun,TP: 141 | CL: 120,Normal,Ideal (1:2),Netral / Sideways,Sentimen Negatif ⚠️,Normal / Sedang Transisi,Dekat Support Fibo 50.0%,4,WAIT & SEE,TIDAK ADA,2026-08-21 16:40:01,Biasa / Mengikuti Pasar
16:40,MCOR,Token Mati (Perlu Update),Mid Cap (Lapis 2),Undervalued (Murah),8.635795,0.35962412,69.0,68,67,71,-1.4285714285714286,3157400,Tembus MA20,53,Negatif,Uptrend,Bullish,Bearish MACD,Perfect Uptrend (5>20>50),Normal,Akumulasi (Naik),Normal,Dominan Jual (Guyur),Squeeze,Rendah,Normal,Dekat Support (Low Risk),< 1 Miliar,Persis di VWAP,Akumulasi Pro (Smart Money),Gorengan Sepi (< 5M),Normal (50-150%),Mark-Up (Fase Pesta),Spesialis Tiang Jemuran (Banting Pucuk),Normal,Turun 1 Hari Beruntun,TP: 71 | CL: 67,Open = High (Tekanan Jual),Menengah (1:1),Netral / Sideways,Sentimen Positif 📰,Supply Banjir (Distribusi) 🌊,Dekat Support Fibo 23.6%,6,WAIT & SEE,TIDAK ADA,2026-08-21 16:40:01,Biasa / Mengikuti Pasar
16:40,MDIA,Token Mati (Perlu Update),Big Cap (Lapis 1),Overvalued (Mahal),3500.0,11.9591675,280.0,222,102,296,0.0,0,Normal,87,Negatif,Uptrend,Bullish,Strong Bullish,Perfect Uptrend (5>20>50),Normal,Netral,Normal,Tidak Ada Transaksi,Normal,Tinggi,Doji (Ragu-ragu),Rawan Pucuk (High Risk),< 1 Miliar,Di Atas VWAP (Kuat),Netral,Gorengan Sepi (< 5M),Sepi (< 50%),Mark-Up (Fase Pesta),Spesialis Tiang Jemuran (Banting Pucuk),Normal,Sideways / Stagnan,TP: 312 | CL: 258,Normal,Tidak Ideal (< 1:1),Overbought (Jenuh Beli - Rawan),Netral / Sepi Berita,Normal / Sedang Transisi,Mengambang (Jauh dari Fibo),4,WAIT & SEE,TIDAK ADA,2026-08-21 16:40:01,Biasa / Mengikuti Pasar
16:40,MDKA,Token Mati (Perlu Update),Big Cap (Lapis 1),Overvalued (Mahal),1687.5,84857.14,2960.0,2822,2550,3080,0.6802721088435374,12597700,Normal,59,Positif,Uptrend,Bullish,Strong Bullish,Perfect Uptrend (5>20>50),Normal,Akumulasi (Naik),Normal,Seimbang / Adu Mekanik,Normal,Tinggi,Doji (Ragu-ragu),Rawan Pucuk (High Risk),> 1 Miliar,Di Atas VWAP (Kuat),Distribusi Pro (Guyuran),Sultan (> 50M/hari),Sepi (< 50%),Mark-Up (Fase Pesta),Spesialis Tiang Jemuran (Banting Pucuk),Jarum Bawah (Sinyal Pantulan Kuat),Naik 2 Hari Beruntun,TP: 3146 | CL: 2835,Normal,Tidak Ideal (< 1:1),Netral / Sideways,Sentimen Positif 📰,Normal / Sedang Transisi,Mendekati Fibo 23.6%,7,BELI,TIDAK ADA,2026-08-21 16:40:01,Biasa / Mengikuti Pasar
16:40,MDLN,Token Mati (Perlu Update),Small Cap (Lapis 3),Fair Value (Wajar),0.0,0.1902421,50.0,50,50,55,0.0,1518100,Normal,48,Negatif,Downtrend,Bearish,Strong Bearish,Strong Downtrend (5<20<50),Normal,Netral,Normal,Tidak Ada Transaksi,Squeeze,Rendah,Doji (Ragu-ragu),Dekat Support (Low Risk),< 1 Miliar,Persis di VWAP,Netral,Gorengan Sepi (< 5M),Sepi (< 50%),Mark-Down (Fase Runtuh),Spesialis Tiang Jemuran (Banting Pucuk),Normal,Sideways / Stagnan,TP: 50 | CL: 49,Normal,Di Area Support,Oversold (Jenuh Jual - Peluang),Sentimen Positif 📰,Supply Kering (Siap Pump) 🏜️,Golden Rebound Fibo Bottom / 100% 🎯,1,WAIT & SEE,TIDAK ADA,2026-08-21 16:40:01,Biasa / Mengikuti Pasar
16:40,MDRN,Token Mati (Perlu Update),Small Cap (Lapis 3),Fair Value (Wajar),2.8230186,-0.8300345,26.0,26,26,26,0.0,0,Normal,38,Negatif,Downtrend,Bearish,Bullish MACD,Konsolidasi / Transisi,Normal,Netral,Normal,Tidak Ada Transaksi,Squeeze,Rendah,Doji (Ragu-ragu),Dekat Support (Low Risk),< 1 Miliar,Di Atas VWAP (Kuat),Netral,Gorengan Sepi (< 5M),Normal (50-150%),Sideways,Solid (Jarang Dibanting),Normal,Sideways / Stagnan,TP: 27 | CL: 25,Normal,Di Area Support,Oversold (Jenuh Jual - Peluang),Netral / Sepi Berita,Normal / Sedang Transisi,Mendekati Fibo Bottom / 100%,1,WAIT & SEE,TIDAK ADA,2026-08-21 16:40:01,Biasa / Mengikuti Pasar
16:40,MEDC,Token Mati (Perlu Update),Big Cap (Lapis 1),Overvalued (Mahal),12.774726,15674.157,1400.0,1321,1225,1445,-1.4084507042253522,32093800,Normal,61,Negatif,Uptrend,Bullish,Strong Bullish,Perfect Uptrend (5>20>50),Normal,Akumulasi (Naik),Normal,Dominan Jual (Guyur),Normal,Tinggi,Normal,Rawan Pucuk (High Risk),> 1 Miliar,Di Atas VWAP (Kuat),Akumulasi Pro (Smart Money),Sultan (> 50M/hari),Normal (50-150%),Mark-Up (Fase Pesta),Normal,Normal,Turun 2 Hari Beruntun,TP: 1488 | CL: 1341,Open = High (Tekanan Jual),Tidak Ideal (< 1:1),Death Cross (Awal Bearish),Netral / Sepi Berita,Normal / Sedang Transisi,Dekat Support Fibo 23.6%,5,WAIT & SEE,TIDAK ADA,2026-08-21 16:40:01,Biasa / Mengikuti Pasar
16:40,MEGA,Token Mati (Perlu Update),Big Cap (Lapis 1),Fair Value (Wajar),14.188462,2.0787532,1970.0,1983,1750,2000,-0.7556675062972292,57400,Tembus MA20,42,Negatif,Downtrend,Bearish,Strong Bearish,Strong Downtrend (5<20<50),Akumulasi Kuat,Distribusi (Turun),Normal,Seimbang / Adu Mekanik,Squeeze,Rendah,Normal,Rawan Pucuk (High Risk),< 1 Miliar,Persis di VWAP,Akumulasi Pro (Smart Money),Gorengan Sepi (< 5M),Anomali Tinggi (150-300%),Mark-Down (Fase Runtuh),Normal,Normal,Turun 1 Hari Beruntun,TP: 2018 | CL: 1937,Open = Low (Bullish Kuat),Tidak Ideal (< 1:1),Death Cross (Awal Bearish),Sentimen Positif 📰,Normal / Sedang Transisi,Dekat Support Fibo 50.0%,3,WAIT & SEE,TIDAK ADA,2026-08-21 16:40:01,Biasa / Mengikuti Pasar
16:40,MERK,Token Mati (Perlu Update),Mid Cap (Lapis 2),Fair Value (Wajar),5.3157845,1.8351325,3940.0,3938,3700,4030,-1.0050251256281406,27400,Normal,53,Negatif,Uptrend,Bearish,Bearish MACD,Konsolidasi / Transisi,Normal,Akumulasi (Naik),Normal,Seimbang / Adu Mekanik,Squeeze,Rendah,Normal,Area Tengah,< 1 Miliar,Persis di VWAP,Akumulasi Pro (Smart Money),Gorengan Sepi (< 5M),Normal (50-150%),Mark-Up (Fase Pesta),Normal,Normal,Turun 1 Hari Beruntun,TP: 4057 | CL: 3861,Open = High (Tekanan Jual),Tidak Ideal (< 1:1),Death Cross (Awal Bearish),Sentimen Positif 📰,Normal / Sedang Transisi,Dekat Support Fibo 23.6%,4,WAIT & SEE,TIDAK ADA,2026-08-21 16:40:01,Biasa / Mengikuti Pasar
16:40,MFMI,Token Mati (Perlu Update),Small Cap (Lapis 3),Overvalued (Mahal),37.839096,8.798884,1300.0,1300,1300,1300,0.0,0,Normal,100,Negatif,Downtrend,Bearish,Bearish MACD,Konsolidasi / Transisi,Normal,Netral,Normal,Tidak Ada Transaksi,Squeeze,Rendah,Doji (Ragu-ragu),Dekat Support (Low Risk),< 1 Miliar,Di Atas VWAP (Kuat),Netral,Gorengan Sepi (< 5M),Normal (50-150%),Sideways,Solid (Jarang Dibanting),Normal,Sideways / Stagnan,TP: 1301 | CL: 1299,Normal,Di Area Support,Oversold (Jenuh Jual - Peluang),Netral / Sepi Berita,Normal / Sedang Transisi,Golden Rebound Fibo 23.6% 🎯,1,WAIT & SEE,TIDAK ADA,2026-08-21 16:40:01,Biasa / Mengikuti Pasar
16:40,MGNA,Token Mati (Perlu Update),Small Cap (Lapis 3),Overvalued (Mahal),2.7205596,12.19664,98.0,104,89,163,2.083333333333333,2848800,Normal,46,Positif,Downtrend,Bearish,Bearish MACD,Konsolidasi / Transisi,Normal,Distribusi (Turun),Normal,Dominan Jual (Guyur),Normal,Tinggi,Normal,Rawan Pucuk (High Risk),< 1 Miliar,Di Bawah VWAP (Lemah),Distribusi Pro (Guyuran),Gorengan Sepi (< 5M),Normal (50-150%),Distribution (Fase Jualan),Spesialis Tiang Jemuran (Banting Pucuk),Normal,Naik 1 Hari Beruntun,TP: 109 | CL: 90,Open = Low (Bullish Kuat),Sangat Menarik (> 1:3),Oversold (Jenuh Jual - Peluang),Sentimen Negatif ⚠️,Normal / Sedang Transisi,Mengambang (Jauh dari Fibo),1,WAIT & SEE,TIDAK ADA,2026-08-21 16:40:01,Biasa / Mengikuti Pasar
16:40,MICE,Token Mati (Perlu Update),Small Cap (Lapis 3),Undervalued (Murah),7.389849,0.3202088,530.0,519,500,540,0.9523809523809524,9800,Normal,62,Positif,Uptrend,Bullish,Bearish MACD,Perfect Uptrend (5>20>50),Normal,Akumulasi (Naik),Normal,Tidak Ada Transaksi,Squeeze,Rendah,Doji (Ragu-ragu),Area Tengah,< 1 Miliar,Persis di VWAP,Distribusi Pro (Guyuran),Gorengan Sepi (< 5M),Sepi (< 50%),Mark-Up (Fase Pesta),Normal,Normal,Naik 1 Hari Beruntun,TP: 545 | CL: 519,Normal,Tidak Ideal (< 1:1),Netral / Sideways,Sentimen Positif 📰,Supply Kering (Siap Pump) 🏜️,Golden Rebound Fibo 23.6% 🎯,6,WAIT & SEE,TIDAK ADA,2026-08-21 16:40:01,Biasa / Mengikuti Pasar
16:40,MIDI,Token Mati (Perlu Update),Mid Cap (Lapis 2),Fair Value (Wajar),10.776187,2.0645943,284.0,279,266,294,1.4285714285714286,9873900,Tembus MA20,55,Positif,Uptrend,Bearish,Bullish MACD,Strong Downtrend (5<20<50),Normal,Akumulasi (Naik),Normal,Seimbang / Adu Mekanik,Squeeze,Rendah,Normal,Area Tengah,> 1 Miliar,Di Atas VWAP (Kuat),Distribusi Pro (Guyuran),Gorengan Sepi (< 5M),Normal (50-150%),Accumulation (Kumpul Barang),Normal,Normal,Naik 2 Hari Beruntun,TP: 294 | CL: 276,Open = Low (Bullish Kuat),Tidak Ideal (< 1:1),Netral / Sideways,Sentimen Positif 📰,Normal / Sedang Transisi,Dekat Support Fibo 50.0%,7,BELI,TIDAK ADA,2026-08-21 16:40:01,Biasa / Mengikuti Pasar
16:40,MIKA,Token Mati (Perlu Update),Big Cap (Lapis 1),Overvalued (Mahal),18.014017,3.4695158,1825.0,1790,1690,1905,1.9553072625698324,6476900,Tembus MA20,57,Positif,Uptrend,Bearish,Bearish MACD,Konsolidasi / Transisi,Normal,Akumulasi (Naik),Normal,Dominan Beli (Hajar Kanan),Normal,Sedang,Normal,Area Tengah,> 1 Miliar,Di Atas VWAP (Kuat),Akumulasi Pro (Smart Money),Ritel Aktif (5M - 50M),Normal (50-150%),Mark-Up (Fase Pesta),Normal,Jarum Bawah (Sinyal Pantulan Kuat),Naik 3 Hari Beruntun,TP: 1921 | CL: 1760,Normal,Tidak Ideal (< 1:1),Netral / Sideways,Sentimen Positif 📰,Normal / Sedang Transisi,Mendekati Fibo 23.6%,7,BELI,TIDAK ADA,2026-08-21 16:40:01,Biasa / Mengikuti Pasar
16:40,MIRA,Token Mati (Perlu Update),Small Cap (Lapis 3),Fair Value (Wajar),0.0,0.77944493,28.0,25,20,31,-3.4482758620689653,3165200,Normal,58,Negatif,Uptrend,Bullish,Strong Bullish,Perfect Uptrend (5>20>50),Normal,Distribusi (Turun),Gap Down (-6.9%),Dominan Beli (Hajar Kanan),Normal,Tinggi,Marubozu (Strong Bullish),Rawan Pucuk (High Risk),< 1 Miliar,Di Bawah VWAP (Lemah),Akumulasi Pro (Smart Money),Gorengan Sepi (< 5M),Sepi (< 50%),Mark-Up (Fase Pesta),Solid (Jarang Dibanting),Normal,Turun 1 Hari Beruntun,TP: 30 | CL: 26,Open = Low (Bullish Kuat),Tidak Ideal (< 1:1),Netral / Sideways,Netral / Sepi Berita,Normal / Sedang Transisi,Mendekati Fibo 23.6%,5,WAIT & SEE,TIDAK ADA,2026-08-21 16:40:01,Biasa / Mengikuti Pasar
16:40,MITI,Token Mati (Perlu Update),Small Cap (Lapis 3),Overvalued (Mahal),56.824512,1.6405835,204.0,191,153,256,-2.857142857142857,2803400,Normal,60,Negatif,Uptrend,Bullish,Strong Bullish,Perfect Uptrend (5>20>50),Normal,Akumulasi (Naik),Normal,Seimbang / Adu Mekanik,Normal,Tinggi,Normal,Rawan Pucuk (High Risk),< 1 Miliar,Persis di VWAP,Akumulasi Pro (Smart Money),Gorengan Sepi (< 5M),Normal (50-150%),Mark-Up (Fase Pesta),Normal,Normal,Turun 1 Hari Beruntun,TP: 233 | CL: 184,Normal,Menengah (1:1),Netral / Sideways,Netral / Sepi Berita,Normal / Sedang Transisi,Mendekati Fibo 50.0%,5,WAIT & SEE,TIDAK ADA,2026-08-21 16:40:01,Biasa / Mengikuti Pasar
16:40,MKPI,Token Mati (Perlu Update),Big Cap (Lapis 1),Fair Value (Wajar),18.022783,2.8168118,22150.0,21883,21050,22175,0.5675368898978433,42700,Tembus MA20,71,Positif,Uptrend,Bullish,Bearish MACD,Perfect Uptrend (5>20>50),Normal,Akumulasi (Naik),Normal,Dominan Beli (Hajar Kanan),Squeeze,Rendah,Marubozu (Strong Bullish),Area Tengah,< 1 Miliar,Persis di VWAP,Distribusi Pro (Guyuran),Gorengan Sepi (< 5M),Normal (50-150%),Mark-Up (Fase Pesta),Normal,Normal,Naik 2 Hari Beruntun,TP: 22342 | CL: 22021,Open = Low (Bullish Kuat),Tidak Ideal (< 1:1),Overbought (Jenuh Beli - Rawan),Sentimen Positif 📰,Normal / Sedang Transisi,Dekat Support Fibo 23.6%,8,BELI,TIDAK ADA,2026-08-21 16:40:01,Biasa / Mengikuti Pasar
16:40,MLBI,Token Mati (Perlu Update),Big Cap (Lapis 1),Overvalued (Mahal),11.286681,13.159777,6900.0,6798,6300,7200,0.0,23700,Normal,63,Negatif,Uptrend,Bullish,Bearish MACD,Perfect Uptrend (5>20>50),Normal,Akumulasi (Naik),Normal,Dominan Jual (Guyur),Normal,Sedang,Normal,Area Tengah,< 1 Miliar,Persis di VWAP,Akumulasi Pro (Smart Money),Gorengan Sepi (< 5M),Sepi (< 50%),Mark-Up (Fase Pesta),Normal,Normal,Sideways / Stagnan,TP: 7087 | CL: 6775,Normal,Tidak Ideal (< 1:1),Netral / Sideways,Sentimen Positif 📰,Normal / Sedang Transisi,Dekat Support Fibo 23.6%,5,WAIT & SEE,TIDAK ADA,2026-08-21 16:40:01,Biasa / Mengikuti Pasar
16:40,MLIA,Token Mati (Perlu Update),Mid Cap (Lapis 2),Fair Value (Wajar),0.0,0.29292855,232.0,231,230,236,0.0,8300,Normal,45,Negatif,Uptrend,Bullish,Bullish MACD,Awal Reversal (5>20),Normal,Akumulasi (Naik),Normal,Tidak Ada Transaksi,Squeeze,Rendah,Doji (Ragu-ragu),Dekat Support (Low Risk),< 1 Miliar,Persis di VWAP,Akumulasi Pro (Smart Money),Gorengan Sepi (< 5M),Sepi (< 50%),Accumulation (Kumpul Barang),Solid (Jarang Dibanting),Normal,Sideways / Stagnan,TP: 235 | CL: 229,Normal,Ideal (1:2),Netral / Sideways,Sentimen Negatif ⚠️,Normal / Sedang Transisi,Dekat Support Fibo Bottom / 100%,4,WAIT & SEE,TIDAK ADA,2026-08-21 16:40:01,Biasa / Mengikuti Pasar
16:40,MLPL,Token Mati (Perlu Update),Mid Cap (Lapis 2),Fair Value (Wajar),0.0,0.2527493,98.0,95,91,107,0.0,21047800,Normal,58,Negatif,Uptrend,Bearish,Bearish MACD,Konsolidasi / Transisi,Normal,Akumulasi (Naik),Normal,Seimbang / Adu Mekanik,Normal,Sedang,Normal,Area Tengah,> 1 Miliar,Di Atas VWAP (Kuat),Akumulasi Pro (Smart Money),Gorengan Sepi (< 5M),Sepi (< 50%),Mark-Up (Fase Pesta),Normal,Normal,Sideways / Stagnan,TP: 104 | CL: 93,Normal,Menengah (1:1),Golden Cross (Awal Bullish),Sentimen Positif 📰,Normal / Sedang Transisi,Mengambang (Jauh dari Fibo),4,WAIT & SEE,TIDAK ADA,2026-08-21 16:40:01,Biasa / Mengikuti Pasar
16:40,MLPT,Token Mati (Perlu Update),Big Cap (Lapis 1),Overvalued (Mahal),172.37163,87.28489,1400.0,1563,1265,2020,-4.10958904109589,5102000,Normal,51,Negatif,Downtrend,Bearish,Bearish MACD,Konsolidasi / Transisi,Normal,Akumulasi (Naik),Normal,Dominan Jual (Guyur),Normal,Tinggi,Normal,Rawan Pucuk (High Risk),> 1 Miliar,Di Bawah VWAP (Lemah),Distribusi Pro (Guyuran),Ritel Aktif (5M - 50M),Normal (50-150%),Distribution (Fase Jualan),Normal,Normal,Turun 1 Hari Beruntun,TP: 1599 | CL: 1267,Normal,Sangat Menarik (> 1:3),Oversold (Jenuh Jual - Peluang),Netral / Sepi Berita,Normal / Sedang Transisi,Mengambang (Jauh dari Fibo),2,WAIT & SEE,TIDAK ADA,2026-08-21 16:40:01,Biasa / Mengikuti Pasar
16:40,MMLP,Token Mati (Perlu Update),Mid Cap (Lapis 2),Fair Value (Wajar),20.133333,0.4396878,302.0,294,280,320,0.6666666666666667,669400,Tembus MA20,58,Positif,Uptrend,Bullish,Strong Bullish,Awal Reversal (5>20),Normal,Akumulasi (Naik),Gap Up (+2.7%),Seimbang / Adu Mekanik,Squeeze,Rendah,Normal,Area Tengah,< 1 Miliar,Persis di VWAP,Distribusi Pro (Guyuran),Gorengan Sepi (< 5M),Normal (50-150%),Accumulation (Kumpul Barang),Spesialis Tiang Jemuran (Banting Pucuk),Normal,Naik 1 Hari Beruntun,TP: 317 | CL: 292,Open = High (Tekanan Jual),Tidak Ideal (< 1:1),Golden Cross (Awal Bullish),Netral / Sepi Berita,Supply Banjir (Distribusi) 🌊,Dekat Support Fibo 38.2%,8,BELI,TIDAK ADA,2026-08-21 16:40:01,Biasa / Mengikuti Pasar
16:40,MNCN,Token Mati (Perlu Update),Mid Cap (Lapis 2),Undervalued (Murah),2.2563875,0.12137041,204.0,202,198,210,0.0,41583300,Tembus MA20,51,Negatif,Uptrend,Bearish,Bullish MACD,Strong Downtrend (5<20<50),Normal,Akumulasi (Naik),Normal,Dominan Beli (Hajar Kanan),Squeeze,Rendah,Doji (Ragu-ragu),Area Tengah,> 1 Miliar,Persis di VWAP,Akumulasi Pro (Smart Money),Ritel Aktif (5M - 50M),Normal (50-150%),Accumulation (Kumpul Barang),Normal,Jarum Bawah (Sinyal Pantulan Kuat),Sideways / Stagnan,TP: 208 | CL: 200,Normal,Menengah (1:1),Netral / Sideways,Sentimen Positif 📰,Normal / Sedang Transisi,Golden Rebound Fibo 78.6% 🎯,7,BELI,TIDAK ADA,2026-08-21 16:40:01,Biasa / Mengikuti Pasar
16:40,MPMX,Token Mati (Perlu Update),Mid Cap (Lapis 2),Undervalued (Murah),8.641138,0.8038218,1020.0,1000,975,1020,0.49261083743842365,3064700,Normal,69,Positif,Uptrend,Bullish,Bearish MACD,Perfect Uptrend (5>20>50),Normal,Akumulasi (Naik),Normal,Dominan Beli (Hajar Kanan),Squeeze,Rendah,Marubozu (Strong Bullish),Area Tengah,> 1 Miliar,Di Atas VWAP (Kuat),Akumulasi Pro (Smart Money),Gorengan Sepi (< 5M),Normal (50-150%),Mark-Up (Fase Pesta),Normal,Normal,Naik 3 Hari Beruntun,TP: 1039 | CL: 1007,Open = Low (Bullish Kuat),Tidak Ideal (< 1:1),Overbought (Jenuh Beli - Rawan),Sentimen Positif 📰,Normal / Sedang Transisi,Mendekati Fibo 23.6%,7,BELI,TIDAK ADA,2026-08-21 16:40:01,Biasa / Mengikuti Pasar
16:40,MPPA,Token Mati (Perlu Update),Mid Cap (Lapis 2),Fair Value (Wajar),0.0,-16.649324,48.0,48,46,52,0.0,2244500,Normal,50,Negatif,Downtrend,Bullish,Bearish MACD,Perfect Uptrend (5>20>50),Normal,Distribusi (Turun),Normal,Tidak Ada Transaksi,Normal,Sedang,Doji (Ragu-ragu),Area Tengah,< 1 Miliar,Di Bawah VWAP (Lemah),Distribusi Pro (Guyuran),Gorengan Sepi (< 5M),Sepi (< 50%),Distribution (Fase Jualan),Solid (Jarang Dibanting),Normal,Sideways / Stagnan,TP: 49 | CL: 46,Normal,Ideal (1:2),Netral / Sideways,Netral / Sepi Berita,Normal / Sedang Transisi,Dekat Support Fibo 38.2%,1,WAIT & SEE,TIDAK ADA,2026-08-21 16:40:01,Biasa / Mengikuti Pasar
16:40,MRAT,Token Mati (Perlu Update),Small Cap (Lapis 3),Overvalued (Mahal),56.41711,0.31247526,422.0,436,414,550,0.4761904761904762,307200,Normal,37,Positif,Downtrend,Bearish,Strong Bearish,Strong Downtrend (5<20<50),Normal,Distribusi (Turun),Normal,Seimbang / Adu Mekanik,Bottom Rebound,Sedang,Normal,Dekat Support (Low Risk),< 1 Miliar,Di Bawah VWAP (Lemah),Distribusi Pro (Guyuran),Gorengan Sepi (< 5M),Sepi (< 50%),Mark-Down (Fase Runtuh),Spesialis Tiang Jemuran (Banting Pucuk),Normal,Naik 1 Hari Beruntun,TP: 448 | CL: 404,Normal,Sangat Menarik (> 1:3),Oversold (Jenuh Jual - Peluang),Sentimen Positif 📰,Normal / Sedang Transisi,Mendekati Fibo Bottom / 100%,2,WAIT & SEE,TIDAK ADA,2026-08-21 16:40:01,Biasa / Mengikuti Pasar
16:40,MREI,Token Mati (Perlu Update),Small Cap (Lapis 3),Undervalued (Murah),5.1679587,0.29116395,920.0,920,920,920,0.0,0,Normal,31,Negatif,Downtrend,Bearish,Bullish MACD,Konsolidasi / Transisi,Normal,Netral,Normal,Tidak Ada Transaksi,Squeeze,Rendah,Doji (Ragu-ragu),Dekat Support (Low Risk),< 1 Miliar,Di Atas VWAP (Kuat),Netral,Gorengan Sepi (< 5M),Normal (50-150%),Sideways,Solid (Jarang Dibanting),Normal,Sideways / Stagnan,TP: 921 | CL: 919,Normal,Di Area Support,Oversold (Jenuh Jual - Peluang),Netral / Sepi Berita,Normal / Sedang Transisi,Golden Rebound Fibo 61.8% (Golden Ratio) 🎯,1,WAIT & SEE,TIDAK ADA,2026-08-21 16:40:01,Biasa / Mengikuti Pasar
16:40,MSKY,Token Mati (Perlu Update),Small Cap (Lapis 3),Fair Value (Wajar),0.0,0.94340956,67.0,64,56,76,1.5151515151515151,4591000,Normal,54,Positif,Uptrend,Bullish,Bearish MACD,Perfect Uptrend (5>20>50),Normal,Akumulasi (Naik),Gap Up (+3.0%),Seimbang / Adu Mekanik,Normal,Tinggi,Normal,Rawan Pucuk (High Risk),< 1 Miliar,Persis di VWAP,Distribusi Pro (Guyuran),Gorengan Sepi (< 5M),Sepi (< 50%),Mark-Up (Fase Pesta),Spesialis Tiang Jemuran (Banting Pucuk),Normal,Naik 1 Hari Beruntun,TP: 75 | CL: 61,Open = High (Tekanan Jual),Tidak Ideal (< 1:1),Netral / Sideways,Sentimen Positif 📰,Normal / Sedang Transisi,Mendekati Fibo 50.0%,7,BELI,TIDAK ADA,2026-08-21 16:40:01,Biasa / Mengikuti Pasar
16:40,MTDL,Token Mati (Perlu Update),Mid Cap (Lapis 2),Undervalued (Murah),7.4242873,1.3206482,505.0,509,500,525,0.0,2150800,Normal,47,Negatif,Downtrend,Golden Cross,Strong Bearish,Perfect Uptrend (5>20>50),Normal,Akumulasi (Naik),Normal,Dominan Jual (Guyur),Squeeze,Rendah,Normal,Dekat Support (Low Risk),> 1 Miliar,Di Bawah VWAP (Lemah),Distribusi Pro (Guyuran),Gorengan Sepi (< 5M),Normal (50-150%),Distribution (Fase Jualan),Normal,Normal,Sideways / Stagnan,TP: 521 | CL: 493,Normal,Sangat Menarik (> 1:3),Netral / Sideways,Sentimen Positif 📰,Normal / Sedang Transisi,Dekat Support Fibo 38.2%,3,WAIT & SEE,TIDAK ADA,2026-08-21 16:40:01,Biasa / Mengikuti Pasar
16:40,MTFN,Token Mati (Perlu Update),Small Cap (Lapis 3),Fair Value (Wajar),0.0,-0.75691414,13.0,13,13,13,0.0,0,Normal,40,Negatif,Downtrend,Bearish,Bullish MACD,Konsolidasi / Transisi,Normal,Netral,Normal,Tidak Ada Transaksi,Squeeze,Rendah,Doji (Ragu-ragu),Dekat Support (Low Risk),< 1 Miliar,Di Atas VWAP (Kuat),Netral,Gorengan Sepi (< 5M),Normal (50-150%),Sideways,Solid (Jarang Dibanting),Normal,Sideways / Stagnan,TP: 14 | CL: 12,Normal,Di Area Support,Oversold (Jenuh Jual - Peluang),Netral / Sepi Berita,Normal / Sedang Transisi,Mengambang (Jauh dari Fibo),1,WAIT & SEE,TIDAK ADA,2026-08-21 16:40:01,Biasa / Mengikuti Pasar
16:40,MTLA,Token Mati (Perlu Update),Mid Cap (Lapis 2),Undervalued (Murah),10.6622925,0.7134175,520.0,519,500,575,0.9708737864077669,2100,Normal,51,Positif,Uptrend,Bearish,Bearish MACD,Konsolidasi / Transisi,Normal,Distribusi (Turun),Normal,Dominan Jual (Guyur),Normal,Sedang,Doji (Ragu-ragu),Area Tengah,< 1 Miliar,Persis di VWAP,Distribusi Pro (Guyuran),Gorengan Sepi (< 5M),Sepi (< 50%),Mark-Up (Fase Pesta),Normal,Normal,Naik 2 Hari Beruntun,TP: 549 | CL: 500,Normal,Ideal (1:2),Golden Cross (Awal Bullish),Netral / Sepi Berita,Normal / Sedang Transisi,Dekat Support Fibo 61.8% (Golden Ratio),3,WAIT & SEE,TIDAK ADA,2026-08-21 16:40:01,Biasa / Mengikuti Pasar
16:40,MTSM,Token Mati (Perlu Update),Small Cap (Lapis 3),Overvalued (Mahal),0.0,4.03548,500.0,500,500,500,0.0,0,Normal,0,Negatif,Downtrend,Bearish,Bearish MACD,Konsolidasi / Transisi,Normal,Netral,Normal,Tidak Ada Transaksi,Squeeze,Rendah,Doji (Ragu-ragu),Dekat Support (Low Risk),< 1 Miliar,Di Atas VWAP (Kuat),Netral,Gorengan Sepi (< 5M),Normal (50-150%),Sideways,Solid (Jarang Dibanting),Normal,Sideways / Stagnan,TP: 501 | CL: 499,Normal,Di Area Support,Oversold (Jenuh Jual - Peluang),Netral / Sepi Berita,Normal / Sedang Transisi,Normal / Sideways,0,WAIT & SEE,TIDAK ADA,2026-08-21 16:40:01,Biasa / Mengikuti Pasar
16:40,MYOH,Token Mati (Perlu Update),Mid Cap (Lapis 2),Overvalued (Mahal),9.52772,14146.341,1160.0,1060,1015,1260,1.7543859649122806,77400,Normal,73,Positif,Uptrend,Bullish,Strong Bullish,Perfect Uptrend (5>20>50),Normal,Akumulasi (Naik),Normal,Dominan Beli (Hajar Kanan),Breakout Upper,Sedang,Normal,Rawan Pucuk (High Risk),< 1 Miliar,Di Atas VWAP (Kuat),Distribusi Pro (Guyuran),Gorengan Sepi (< 5M),Sepi (< 50%),Mark-Up (Fase Pesta),Spesialis Tiang Jemuran (Banting Pucuk),Normal,Naik 2 Hari Beruntun,TP: 1232 | CL: 1111,Normal,Tidak Ideal (< 1:1),Netral / Sideways,Netral / Sepi Berita,Normal / Sedang Transisi,Dekat Support Fibo 38.2%,7,BELI,TIDAK ADA,2026-08-21 16:40:01,Biasa / Mengikuti Pasar
16:40,MYOR,Token Mati (Perlu Update),Big Cap (Lapis 1),Fair Value (Wajar),10.912052,2.0309825,1680.0,1688,1650,1745,-0.2967359050445104,5742700,Normal,46,Negatif,Downtrend,Bearish,Bullish MACD,Strong Downtrend (5<20<50),Normal,Distribusi (Turun),Normal,Seimbang / Adu Mekanik,Squeeze,Rendah,Normal,Dekat Support (Low Risk),> 1 Miliar,Persis di VWAP,Distribusi Pro (Guyuran),Ritel Aktif (5M - 50M),Normal (50-150%),Mark-Down (Fase Runtuh),Normal,Normal,Turun 1 Hari Beruntun,TP: 1734 | CL: 1643,Normal,Ideal (1:2),Golden Cross (Awal Bullish),Sentimen Positif 📰,Normal / Sedang Transisi,Mendekati Fibo 78.6%,2,WAIT & SEE,TIDAK ADA,2026-08-21 16:40:01,Biasa / Mengikuti Pasar
16:40,MYTX,Token Mati (Perlu Update),Small Cap (Lapis 3),Fair Value (Wajar),3.5344827,-0.5943063,41.0,41,41,41,0.0,0,Normal,46,Negatif,Downtrend,Bearish,Bullish MACD,Konsolidasi / Transisi,Normal,Netral,Normal,Tidak Ada Transaksi,Squeeze,Rendah,Doji (Ragu-ragu),Dekat Support (Low Risk),< 1 Miliar,Di Atas VWAP (Kuat),Netral,Gorengan Sepi (< 5M),Normal (50-150%),Sideways,Solid (Jarang Dibanting),Normal,Sideways / Stagnan,TP: 42 | CL: 40,Normal,Di Area Support,Oversold (Jenuh Jual - Peluang),Netral / Sepi Berita,Normal / Sedang Transisi,Mendekati Fibo 78.6%,1,WAIT & SEE,TIDAK ADA,2026-08-21 16:40:01,Biasa / Mengikuti Pasar
16:40,NELY,Token Mati (Perlu Update),Small Cap (Lapis 3),Undervalued (Murah),7.2479367,0.5422222,202.0,201,194,212,-0.9803921568627451,1738800,Tembus MA20,49,Negatif,Uptrend,Bullish,Bullish MACD,Awal Reversal (5>20),Normal,Akumulasi (Naik),Normal,Seimbang / Adu Mekanik,Squeeze,Rendah,Doji (Ragu-ragu),Area Tengah,< 1 Miliar,Persis di VWAP,Akumulasi Pro (Smart Money),Gorengan Sepi (< 5M),Anomali Tinggi (150-300%),Accumulation (Kumpul Barang),Spesialis Tiang Jemuran (Banting Pucuk),Normal,Turun 1 Hari Beruntun,TP: 210 | CL: 196,Normal,Menengah (1:1),Death Cross (Awal Bearish),Sentimen Positif 📰,Normal / Sedang Transisi,Dekat Support Fibo 61.8% (Golden Ratio),6,WAIT & SEE,TIDAK ADA,2026-08-21 16:40:01,Biasa / Mengikuti Pasar
16:40,NIKL,Token Mati (Perlu Update),Small Cap (Lapis 3),Overvalued (Mahal),15.813954,9272.728,202.0,193,177,208,1.507537688442211,5280700,Tembus MA20,59,Positif,Uptrend,Golden Cross,Strong Bullish,Perfect Uptrend (5>20>50),Normal,Akumulasi (Naik),Normal,Seimbang / Adu Mekanik,Normal,Sedang,Normal,Rawan Pucuk (High Risk),> 1 Miliar,Di Atas VWAP (Kuat),Akumulasi Pro (Smart Money),Gorengan Sepi (< 5M),Normal (50-150%),Mark-Up (Fase Pesta),Spesialis Tiang Jemuran (Banting Pucuk),Normal,Naik 2 Hari Beruntun,TP: 213 | CL: 194,Open = Low (Bullish Kuat),Tidak Ideal (< 1:1),Netral / Sideways,Sentimen Positif 📰,Normal / Sedang Transisi,Mendekati Fibo 78.6%,8,BELI,TIDAK ADA,2026-08-21 16:40:01,Biasa / Mengikuti Pasar
16:40,NIRO,Token Mati (Perlu Update),Mid Cap (Lapis 2),Fair Value (Wajar),0.0,2.083914,157.0,155,130,192,-1.257861635220126,117300,Normal,52,Negatif,Uptrend,Bullish,Bearish MACD,Perfect Uptrend (5>20>50),Normal,Distribusi (Turun),Normal,Dominan Jual (Guyur),Normal,Tinggi,Normal,Rawan Pucuk (High Risk),< 1 Miliar,Persis di VWAP,Akumulasi Pro (Smart Money),Gorengan Sepi (< 5M),Sepi (< 50%),Mark-Up (Fase Pesta),Spesialis Tiang Jemuran (Banting Pucuk),Normal,Turun 2 Hari Beruntun,TP: 176 | CL: 143,Normal,Menengah (1:1),Netral / Sideways,Netral / Sepi Berita,Normal / Sedang Transisi,Mendekati Fibo 78.6%,3,WAIT & SEE,TIDAK ADA,2026-08-21 16:40:01,Biasa / Mengikuti Pasar
16:40,NISP,Token Mati (Perlu Update),Big Cap (Lapis 1),Undervalued (Murah),5.537001,0.65154696,1260.0,1264,1225,1310,0.0,1579600,Normal,53,Negatif,Downtrend,Bearish,Bearish MACD,Konsolidasi / Transisi,Normal,Akumulasi (Naik),Normal,Seimbang / Adu Mekanik,Squeeze,Rendah,Doji (Ragu-ragu),Dekat Support (Low Risk),> 1 Miliar,Persis di VWAP,Akumulasi Pro (Smart Money),Gorengan Sepi (< 5M),Normal (50-150%),Distribution (Fase Jualan),Normal,Normal,Sideways / Stagnan,TP: 1288 | CL: 1240,Normal,Menengah (1:1),Golden Cross (Awal Bullish),Sentimen Positif 📰,Normal / Sedang Transisi,Dekat Support Fibo 38.2%,3,WAIT & SEE,TIDAK ADA,2026-08-21 16:40:01,Biasa / Mengikuti Pasar
16:40,NOBU,Token Mati (Perlu Update),Mid Cap (Lapis 2),Undervalued (Murah),6.4306636,0.84832174,505.0,484,432,535,0.0,1054100,Normal,61,Negatif,Uptrend,Bullish,Bearish MACD,Perfect Uptrend (5>20>50),Normal,Akumulasi (Naik),Normal,Dominan Beli (Hajar Kanan),Normal,Tinggi,Doji (Ragu-ragu),Rawan Pucuk (High Risk),< 1 Miliar,Persis di VWAP,Akumulasi Pro (Smart Money),Gorengan Sepi (< 5M),Normal (50-150%),Mark-Up (Fase Pesta),Normal,Jarum Bawah (Sinyal Pantulan Kuat),Sideways / Stagnan,TP: 533 | CL: 485,Normal,Tidak Ideal (< 1:1),Death Cross (Awal Bearish),Sentimen Positif 📰,Normal / Sedang Transisi,Mendekati Fibo 38.2%,6,WAIT & SEE,TIDAK ADA,2026-08-21 16:40:01,Biasa / Mengikuti Pasar
16:40,NRCA,Token Mati (Perlu Update),Mid Cap (Lapis 2),Undervalued (Murah),7.4665627,1.0556134,570.0,517,462,585,4.587155963302752,9017000,Tembus MA20,68,Positif,Uptrend,Bullish,Strong Bullish,Perfect Uptrend (5>20>50),Normal,Akumulasi (Naik),Gap Up (+5.5%),Seimbang / Adu Mekanik,Normal,Tinggi,Normal,Rawan Pucuk (High Risk),> 1 Miliar,Di Atas VWAP (Kuat),Distribusi Pro (Guyuran),Ritel Aktif (5M - 50M),Normal (50-150%),Mark-Up (Fase Pesta),Normal,Jarum Bawah (Sinyal Pantulan Kuat),Naik 1 Hari Beruntun,TP: 616 | CL: 539,Normal,Tidak Ideal (< 1:1),Netral / Sideways,Sentimen Positif 📰,Normal / Sedang Transisi,Mengambang (Jauh dari Fibo),9,BELI,TIDAK ADA,2026-08-21 16:40:01,Biasa / Mengikuti Pasar
16:40,OKAS,Token Mati (Perlu Update),Small Cap (Lapis 3),Overvalued (Mahal),0.0,17857.143,126.0,111,97,143,0.0,8437700,Normal,69,Negatif,Uptrend,Bullish,Strong Bullish,Perfect Uptrend (5>20>50),Normal,Akumulasi (Naik),Normal,Dominan Jual (Guyur),Normal,Tinggi,Normal,Rawan Pucuk (High Risk),> 1 Miliar,Di Bawah VWAP (Lemah),Distribusi Pro (Guyuran),Gorengan Sepi (< 5M),Sepi (< 50%),Mark-Up (Fase Pesta),Spesialis Tiang Jemuran (Banting Pucuk),Normal,Sideways / Stagnan,TP: 141 | CL: 115,Normal,Tidak Ideal (< 1:1),Death Cross (Awal Bearish),Sentimen Positif 📰,Supply Banjir (Distribusi) 🌊,Mengambang (Jauh dari Fibo),6,WAIT & SEE,TIDAK ADA,2026-08-21 16:40:01,Biasa / Mengikuti Pasar
16:40,OMRE,Token Mati (Perlu Update),Mid Cap (Lapis 2),Fair Value (Wajar),0.0,0.9001454,980.0,1007,905,1150,0.5128205128205128,200,Normal,46,Positif,Downtrend,Bearish,Strong Bearish,Strong Downtrend (5<20<50),Normal,Akumulasi (Naik),Normal,Tidak Ada Transaksi,Normal,Tinggi,Doji (Ragu-ragu),Area Tengah,< 1 Miliar,Persis di VWAP,Akumulasi Pro (Smart Money),Gorengan Sepi (< 5M),Sepi (< 50%),Mark-Down (Fase Runtuh),Spesialis Tiang Jemuran (Banting Pucuk),Normal,Naik 1 Hari Beruntun,TP: 1085 | CL: 909,Normal,Ideal (1:2),Netral / Sideways,Netral / Sepi Berita,Normal / Sedang Transisi,Mengambang (Jauh dari Fibo),2,WAIT & SEE,TIDAK ADA,2026-08-21 16:40:01,Biasa / Mengikuti Pasar
16:40,PADI,Token Mati (Perlu Update),Small Cap (Lapis 3),Overvalued (Mahal),0.0,5.8563976,73.0,71,61,81,2.8169014084507045,982723700,Tembus MA20,52,Positif,Uptrend,Bearish,Bullish MACD,Strong Downtrend (5<20<50),Akumulasi Kuat,Akumulasi (Naik),Normal,Dominan Jual (Guyur),Normal,Tinggi,Normal,Rawan Pucuk (High Risk),> 1 Miliar,Persis di VWAP,Distribusi Pro (Guyuran),Ritel Aktif (5M - 50M),Ledakan Ekstrem (> 300%),Accumulation (Kumpul Barang),Spesialis Tiang Jemuran (Banting Pucuk),Normal,Naik 2 Hari Beruntun,TP: 78 | CL: 69,Open = Low (Bullish Kuat),Tidak Ideal (< 1:1),Netral / Sideways,Netral / Sepi Berita,Normal / Sedang Transisi,Mendekati Fibo 61.8% (Golden Ratio),7,BELI,TIDAK ADA,2026-08-21 16:40:01,🔥 ANOMALI BANDAR (Siap Ledakan)
16:40,PALM,Token Mati (Perlu Update),Mid Cap (Lapis 2),Undervalued (Murah),8.232308,0.9173793,292.0,293,282,314,0.6896551724137931,164600,Normal,47,Positif,Downtrend,Bearish,Bullish MACD,Strong Downtrend (5<20<50),Normal,Distribusi (Turun),Normal,Seimbang / Adu Mekanik,Normal,Sedang,Doji (Ragu-ragu),Area Tengah,< 1 Miliar,Di Atas VWAP (Kuat),Akumulasi Pro (Smart Money),Gorengan Sepi (< 5M),Normal (50-150%),Mark-Down (Fase Runtuh),Normal,Normal,Naik 1 Hari Beruntun,TP: 301 | CL: 285,Normal,Ideal (1:2),Netral / Sideways,Sentimen Positif 📰,Normal / Sedang Transisi,Dekat Support Fibo 50.0%,3,WAIT & SEE,TIDAK ADA,2026-08-21 16:40:01,Biasa / Mengikuti Pasar
16:40,PANR,Token Mati (Perlu Update),Small Cap (Lapis 3),Fair Value (Wajar),0.0,0.63401157,422.0,419,404,440,0.0,64300,Normal,51,Negatif,Uptrend,Bullish,Strong Bullish,Perfect Uptrend (5>20>50),Normal,Distribusi (Turun),Normal,Seimbang / Adu Mekanik,Normal,Sedang,Normal,Area Tengah,< 1 Miliar,Persis di VWAP,Distribusi Pro (Guyuran),Gorengan Sepi (< 5M),Normal (50-150%),Mark-Up (Fase Pesta),Normal,Normal,Sideways / Stagnan,TP: 436 | CL: 412,Open = Low (Bullish Kuat),Menengah (1:1),Netral / Sideways,Sentimen Positif 📰,Normal / Sedang Transisi,Mendekati Fibo 78.6%,5,WAIT & SEE,TIDAK ADA,2026-08-21 16:40:01,Biasa / Mengikuti Pasar
16:40,PANS,Token Mati (Perlu Update),Mid Cap (Lapis 2),Undervalued (Murah),6.455885,0.7845559,1560.0,1551,1515,1595,0.0,210200,Tembus MA20,54,Negatif,Uptrend,Golden Cross,Strong Bullish,Perfect Uptrend (5>20>50),Normal,Akumulasi (Naik),Normal,Seimbang / Adu Mekanik,Squeeze,Rendah,Doji (Ragu-ragu),Dekat Support (Low Risk),< 1 Miliar,Persis di VWAP,Akumulasi Pro (Smart Money),Gorengan Sepi (< 5M),Anomali Tinggi (150-300%),Mark-Up (Fase Pesta),Normal,Jarum Bawah (Sinyal Pantulan Kuat),Sideways / Stagnan,TP: 1593 | CL: 1537,Normal,Tidak Ideal (< 1:1),Netral / Sideways,Sentimen Positif 📰,Normal / Sedang Transisi,Golden Rebound Fibo 23.6% 🎯,7,BELI,TIDAK ADA,2026-08-21 16:40:01,Biasa / Mengikuti Pasar
16:40,PBRX,Token Mati (Perlu Update),Small Cap (Lapis 3),Overvalued (Mahal),0.0,8666.667,26.0,26,26,28,0.0,11938600,Tembus MA20,46,Negatif,Downtrend,Bearish,Strong Bearish,Strong Downtrend (5<20<50),Normal,Distribusi (Turun),Normal,Tidak Ada Transaksi,Normal,Sedang,Doji (Ragu-ragu),Dekat Support (Low Risk),< 1 Miliar,Persis di VWAP,Akumulasi Pro (Smart Money),Gorengan Sepi (< 5M),Anomali Tinggi (150-300%),Mark-Down (Fase Runtuh),Spesialis Tiang Jemuran (Banting Pucuk),Normal,Sideways / Stagnan,TP: 27 | CL: 25,Normal,Di Area Support,Oversold (Jenuh Jual - Peluang),Netral / Sepi Berita,Normal / Sedang Transisi,Golden Rebound Fibo 50.0% 🎯,1,WAIT & SEE,TIDAK ADA,2026-08-21 16:40:01,Biasa / Mengikuti Pasar
16:40,PDES,Token Mati (Perlu Update),Small Cap (Lapis 3),Fair Value (Wajar),0.0,2.5081515,380.0,396,356,590,0.0,58300,Normal,43,Negatif,Downtrend,Bearish,Strong Bearish,Strong Downtrend (5<20<50),Normal,Distribusi (Turun),Gap Up (+2.6%),Seimbang / Adu Mekanik,Normal,Tinggi,Normal,Area Tengah,< 1 Miliar,Di Atas VWAP (Kuat),Akumulasi Pro (Smart Money),Gorengan Sepi (< 5M),Sepi (< 50%),Mark-Down (Fase Runtuh),Normal,Normal,Sideways / Stagnan,TP: 438 | CL: 341,Open = High (Tekanan Jual),Sangat Menarik (> 1:3),Oversold (Jenuh Jual - Peluang),Sentimen Positif 📰,Normal / Sedang Transisi,Mengambang (Jauh dari Fibo),2,WAIT & SEE,TIDAK ADA,2026-08-21 16:40:01,Biasa / Mengikuti Pasar
16:40,PEGE,Token Mati (Perlu Update),Small Cap (Lapis 3),Fair Value (Wajar),0.0,2.4059901,116.0,100,87,121,-1.694915254237288,13970700,Normal,65,Negatif,Uptrend,Bullish,Strong Bullish,Awal Reversal (5>20),Normal,Akumulasi (Naik),Normal,Seimbang / Adu Mekanik,Normal,Tinggi,Normal,Rawan Pucuk (High Risk),> 1 Miliar,Di Atas VWAP (Kuat),Distribusi Pro (Guyuran),Ritel Aktif (5M - 50M),Sepi (< 50%),Accumulation (Kumpul Barang),Normal,Normal,Turun 1 Hari Beruntun,TP: 126 | CL: 109,Open = High (Tekanan Jual),Tidak Ideal (< 1:1),Overbought (Jenuh Beli - Rawan),Netral / Sepi Berita,Normal / Sedang Transisi,Dekat Support Fibo 61.8% (Golden Ratio),5,WAIT & SEE,TIDAK ADA,2026-08-21 16:40:01,Biasa / Mengikuti Pasar
16:40,PGAS,Token Mati (Perlu Update),Big Cap (Lapis 1),Overvalued (Mahal),8.489723,12991.453,1520.0,1504,1470,1550,-0.32786885245901637,16983500,Normal,54,Negatif,Uptrend,Golden Cross,Strong Bullish,Perfect Uptrend (5>20>50),Normal,Akumulasi (Naik),Normal,Seimbang / Adu Mekanik,Squeeze,Rendah,Normal,Area Tengah,> 1 Miliar,Persis di VWAP,Akumulasi Pro (Smart Money),Ritel Aktif (5M - 50M),Normal (50-150%),Mark-Up (Fase Pesta),Spesialis Tiang Jemuran (Banting Pucuk),Normal,Turun 1 Hari Beruntun,TP: 1560 | CL: 1492,Open = High (Tekanan Jual),Tidak Ideal (< 1:1),Netral / Sideways,Sentimen Positif 📰,Normal / Sedang Transisi,Dekat Support Fibo 61.8% (Golden Ratio),6,WAIT & SEE,TIDAK ADA,2026-08-21 16:40:01,Biasa / Mengikuti Pasar
16:40,PGLI,Token Mati (Perlu Update),Small Cap (Lapis 3),Overvalued (Mahal),0.0,7.7311926,208.0,205,182,246,-0.9523809523809524,53900,Normal,55,Negatif,Uptrend,Bullish,Bearish MACD,Perfect Uptrend (5>20>50),Normal,Distribusi (Turun),Normal,Seimbang / Adu Mekanik,Normal,Tinggi,Normal,Rawan Pucuk (High Risk),< 1 Miliar,Di Bawah VWAP (Lemah),Distribusi Pro (Guyuran),Gorengan Sepi (< 5M),Sepi (< 50%),Mark-Up (Fase Pesta),Spesialis Tiang Jemuran (Banting Pucuk),Normal,Turun 1 Hari Beruntun,TP: 234 | CL: 190,Open = High (Tekanan Jual),Menengah (1:1),Netral / Sideways,Netral / Sepi Berita,Normal / Sedang Transisi,Mendekati Fibo 50.0%,3,WAIT & SEE,TIDAK ADA,2026-08-21 16:40:01,Biasa / Mengikuti Pasar
16:40,PICO,Token Mati (Perlu Update),Small Cap (Lapis 3),Fair Value (Wajar),0.0,0.3635246,136.0,132,123,143,-0.7299270072992701,291100,Normal,60,Negatif,Uptrend,Bullish,Strong Bullish,Perfect Uptrend (5>20>50),Normal,Akumulasi (Naik),Normal,Seimbang / Adu Mekanik,Normal,Sedang,Normal,Rawan Pucuk (High Risk),< 1 Miliar,Persis di VWAP,Akumulasi Pro (Smart Money),Gorengan Sepi (< 5M),Sepi (< 50%),Mark-Up (Fase Pesta),Normal,Normal,Turun 1 Hari Beruntun,TP: 143 | CL: 131,Open = High (Tekanan Jual),Tidak Ideal (< 1:1),Death Cross (Awal Bearish),Netral / Sepi Berita,Normal / Sedang Transisi,Mendekati Fibo 50.0%,5,WAIT & SEE,TIDAK ADA,2026-08-21 16:40:01,Biasa / Mengikuti Pasar
16:40,PJAA,Token Mati (Perlu Update),Small Cap (Lapis 3),Undervalued (Murah),4.6,0.4088765,460.0,456,444,470,0.0,3800,Normal,54,Negatif,Uptrend,Bullish,Strong Bullish,Perfect Uptrend (5>20>50),Normal,Akumulasi (Naik),Normal,Dominan Beli (Hajar Kanan),Squeeze,Rendah,Doji (Ragu-ragu),Area Tengah,< 1 Miliar,Persis di VWAP,Akumulasi Pro (Smart Money),Gorengan Sepi (< 5M),Sepi (< 50%),Mark-Up (Fase Pesta),Normal,Jarum Bawah (Sinyal Pantulan Kuat),Sideways / Stagnan,TP: 470 | CL: 453,Normal,Tidak Ideal (< 1:1),Death Cross (Awal Bearish),Sentimen Positif 📰,Supply Kering (Siap Pump) 🏜️,Golden Rebound Fibo 50.0% 🎯,7,BELI,TIDAK ADA,2026-08-21 16:40:01,Biasa / Mengikuti Pasar
16:40,PKPK,Token Mati (Perlu Update),Mid Cap (Lapis 2),Overvalued (Mahal),46.244217,13.629349,3700.0,3812,3450,4070,0.8174386920980926,611600,Normal,54,Positif,Downtrend,Bearish,Bearish MACD,Konsolidasi / Transisi,Normal,Akumulasi (Naik),Normal,Seimbang / Adu Mekanik,Normal,Sedang,Normal,Area Tengah,> 1 Miliar,Persis di VWAP,Akumulasi Pro (Smart Money),Gorengan Sepi (< 5M),Normal (50-150%),Distribution (Fase Jualan),Normal,Normal,Naik 1 Hari Beruntun,TP: 3889 | CL: 3573,Normal,Menengah (1:1),Golden Cross (Awal Bullish),Sentimen Positif 📰,Normal / Sedang Transisi,Dekat Support Fibo 23.6%,4,WAIT & SEE,TIDAK ADA,2026-08-21 16:40:01,Biasa / Mengikuti Pasar
16:40,PLIN,Token Mati (Perlu Update),Mid Cap (Lapis 2),Undervalued (Murah),8.896923,0.78069234,2510.0,2510,2510,2510,0.0,0,Normal,100,Negatif,Downtrend,Bearish,Bearish MACD,Konsolidasi / Transisi,Normal,Netral,Normal,Tidak Ada Transaksi,Squeeze,Rendah,Doji (Ragu-ragu),Dekat Support (Low Risk),< 1 Miliar,Di Atas VWAP (Kuat),Netral,Gorengan Sepi (< 5M),Normal (50-150%),Sideways,Solid (Jarang Dibanting),Normal,Sideways / Stagnan,TP: 2511 | CL: 2509,Normal,Di Area Support,Oversold (Jenuh Jual - Peluang),Netral / Sepi Berita,Normal / Sedang Transisi,Golden Rebound Fibo 23.6% 🎯,1,WAIT & SEE,TIDAK ADA,2026-08-21 16:40:01,Biasa / Mengikuti Pasar
16:40,PNBN,Token Mati (Perlu Update),Big Cap (Lapis 1),Undervalued (Murah),7.967952,0.40849066,905.0,899,870,915,0.0,1506900,Normal,53,Negatif,Uptrend,Bullish,Bearish MACD,Perfect Uptrend (5>20>50),Normal,Distribusi (Turun),Normal,Seimbang / Adu Mekanik,Squeeze,Rendah,Normal,Area Tengah,> 1 Miliar,Persis di VWAP,Akumulasi Pro (Smart Money),Gorengan Sepi (< 5M),Normal (50-150%),Mark-Up (Fase Pesta),Normal,Normal,Sideways / Stagnan,TP: 927 | CL: 890,Open = Low (Bullish Kuat),Tidak Ideal (< 1:1),Netral / Sideways,Sentimen Positif 📰,Normal / Sedang Transisi,Dekat Support Fibo 23.6%,4,WAIT & SEE,TIDAK ADA,2026-08-21 16:40:01,Biasa / Mengikuti Pasar
16:40,PNBS,Token Mati (Perlu Update),Mid Cap (Lapis 2),Overvalued (Mahal),25.906736,0.6449366,50.0,50,50,51,0.0,19564300,Tembus MA20,47,Negatif,Downtrend,Bearish,Strong Bearish,Konsolidasi / Transisi,Normal,Netral,Normal,Dominan Jual (Guyur),Squeeze,Rendah,Doji (Ragu-ragu),Dekat Support (Low Risk),< 1 Miliar,Persis di VWAP,Distribusi Pro (Guyuran),Gorengan Sepi (< 5M),Anomali Tinggi (150-300%),Distribution (Fase Jualan),Spesialis Tiang Jemuran (Banting Pucuk),Normal,Sideways / Stagnan,TP: 50 | CL: 49,Normal,Di Area Support,Oversold (Jenuh Jual - Peluang),Sentimen Positif 📰,Normal / Sedang Transisi,Golden Rebound Fibo Bottom / 100% 🎯,2,WAIT & SEE,TIDAK ADA,2026-08-21 16:40:01,Biasa / Mengikuti Pasar
16:40,PNIN,Token Mati (Perlu Update),Mid Cap (Lapis 2),Undervalued (Murah),2.7012732,0.13116832,715.0,714,695,735,0.0,310700,Tembus MA20,48,Negatif,Uptrend,Golden Cross,Bullish MACD,Awal Reversal (5>20),Normal,Netral,Normal,Seimbang / Adu Mekanik,Squeeze,Rendah,Doji (Ragu-ragu),Dekat Support (Low Risk),< 1 Miliar,Persis di VWAP,Akumulasi Pro (Smart Money),Gorengan Sepi (< 5M),Normal (50-150%),Accumulation (Kumpul Barang),Solid (Jarang Dibanting),Normal,Sideways / Stagnan,TP: 738 | CL: 699,Normal,Menengah (1:1),Netral / Sideways,Netral / Sepi Berita,Normal / Sedang Transisi,Dekat Support Fibo 50.0%,4,WAIT & SEE,TIDAK ADA,2026-08-21 16:40:01,Biasa / Mengikuti Pasar
16:40,PNLF,Token Mati (Perlu Update),Mid Cap (Lapis 2),Undervalued (Murah),3.5692677,0.23945169,238.0,230,220,244,0.0,18644500,Normal,66,Negatif,Uptrend,Bullish,Strong Bullish,Perfect Uptrend (5>20>50),Normal,Akumulasi (Naik),Normal,Seimbang / Adu Mekanik,Normal,Sedang,Doji (Ragu-ragu),Area Tengah,> 1 Miliar,Persis di VWAP,Distribusi Pro (Guyuran),Ritel Aktif (5M - 50M),Normal (50-150%),Mark-Up (Fase Pesta),Normal,Normal,Sideways / Stagnan,TP: 246 | CL: 232,Normal,Tidak Ideal (< 1:1),Netral / Sideways,Sentimen Positif 📰,Normal / Sedang Transisi,Mendekati Fibo 38.2%,6,WAIT & SEE,TIDAK ADA,2026-08-21 16:40:01,Biasa / Mengikuti Pasar
16:40,PSAB,Token Mati (Perlu Update),Big Cap (Lapis 1),Overvalued (Mahal),3.196416,27608.695,645.0,481,412,650,0.78125,109529000,Normal,85,Positif,Uptrend,Bullish,Strong Bullish,Perfect Uptrend (5>20>50),Normal,Akumulasi (Naik),Normal,Dominan Beli (Hajar Kanan),Breakout Upper,Tinggi,Doji (Ragu-ragu),Rawan Pucuk (High Risk),> 1 Miliar,Di Atas VWAP (Kuat),Akumulasi Pro (Smart Money),Sultan (> 50M/hari),Normal (50-150%),Mark-Up (Fase Pesta),Normal,Jarum Bawah (Sinyal Pantulan Kuat),Naik 2 Hari Beruntun,TP: 696 | CL: 610,Normal,Tidak Ideal (< 1:1),Overbought (Jenuh Beli - Rawan),Sentimen Positif 📰,Normal / Sedang Transisi,Mengambang (Jauh dari Fibo),8,BELI,TIDAK ADA,2026-08-21 16:40:01,Biasa / Mengikuti Pasar
16:40,PSDN,Token Mati (Perlu Update),Small Cap (Lapis 3),Overvalued (Mahal),23.661486,4.2071,136.0,130,109,160,3.0303030303030303,4320700,Normal,59,Positif,Uptrend,Bullish,Bearish MACD,Perfect Uptrend (5>20>50),Normal,Akumulasi (Naik),Normal,Seimbang / Adu Mekanik,Normal,Tinggi,Normal,Rawan Pucuk (High Risk),< 1 Miliar,Persis di VWAP,Distribusi Pro (Guyuran),Gorengan Sepi (< 5M),Normal (50-150%),Mark-Up (Fase Pesta),Spesialis Tiang Jemuran (Banting Pucuk),Normal,Naik 1 Hari Beruntun,TP: 149 | CL: 127,Open = Low (Bullish Kuat),Tidak Ideal (< 1:1),Netral / Sideways,Netral / Sepi Berita,Normal / Sedang Transisi,Dekat Support Fibo 38.2%,5,WAIT & SEE,TIDAK ADA,2026-08-21 16:40:01,Biasa / Mengikuti Pasar
16:40,PSKT,Token Mati (Perlu Update),Mid Cap (Lapis 2),Overvalued (Mahal),0.0,7.17173,220.0,220,200,238,2.803738317757009,40023800,Tembus MA20,55,Positif,Downtrend,Bearish,Bearish MACD,Konsolidasi / Transisi,Akumulasi Kuat,Akumulasi (Naik),Normal,Dominan Jual (Guyur),Normal,Sedang,Normal,Rawan Pucuk (High Risk),> 1 Miliar,Persis di VWAP,Distribusi Pro (Guyuran),Gorengan Sepi (< 5M),Ledakan Ekstrem (> 300%),Distribution (Fase Jualan),Normal,Normal,Naik 1 Hari Beruntun,TP: 235 | CL: 209,Open = Low (Bullish Kuat),Tidak Ideal (< 1:1),Golden Cross (Awal Bullish),Sentimen Negatif ⚠️,Normal / Sedang Transisi,Dekat Support Fibo 23.6%,5,WAIT & SEE,TIDAK ADA,2026-08-21 16:40:01,Biasa / Mengikuti Pasar
16:40,PTBA,Token Mati (Perlu Update),Big Cap (Lapis 1),Undervalued (Murah),8.243653,1.169384,2390.0,2358,2310,2440,-0.4166666666666667,7693300,Normal,53,Negatif,Uptrend,Bullish,Bullish MACD,Awal Reversal (5>20),Normal,Akumulasi (Naik),Normal,Seimbang / Adu Mekanik,Squeeze,Rendah,Normal,Area Tengah,> 1 Miliar,Persis di VWAP,Akumulasi Pro (Smart Money),Ritel Aktif (5M - 50M),Normal (50-150%),Accumulation (Kumpul Barang),Normal,Normal,Turun 1 Hari Beruntun,TP: 2441 | CL: 2355,Normal,Tidak Ideal (< 1:1),Death Cross (Awal Bearish),Sentimen Positif 📰,Normal / Sedang Transisi,Dekat Support Fibo 78.6%,6,WAIT & SEE,TIDAK ADA,2026-08-21 16:40:01,Biasa / Mengikuti Pasar
16:40,PTIS,Token Mati (Perlu Update),Small Cap (Lapis 3),Overvalued (Mahal),0.0,7135.1353,264.0,265,248,314,1.5384615384615385,39500,Normal,48,Positif,Downtrend,Bearish,Strong Bearish,Strong Downtrend (5<20<50),Normal,Akumulasi (Naik),Gap Up (+2.3%),Seimbang / Adu Mekanik,Normal,Sedang,Normal,Area Tengah,< 1 Miliar,Persis di VWAP,Distribusi Pro (Guyuran),Gorengan Sepi (< 5M),Sepi (< 50%),Mark-Down (Fase Runtuh),Spesialis Tiang Jemuran (Banting Pucuk),Normal,Naik 2 Hari Beruntun,TP: 284 | CL: 250,Normal,Sangat Menarik (> 1:3),Golden Cross (Awal Bullish),Netral / Sepi Berita,Supply Banjir (Distribusi) 🌊,Dekat Support Fibo 78.6%,3,WAIT & SEE,TIDAK ADA,2026-08-21 16:40:01,Biasa / Mengikuti Pasar
16:40,PTPP,Token Mati (Perlu Update),Mid Cap (Lapis 2),Fair Value (Wajar),0.0,0.38599423,212.0,203,195,220,1.9230769230769231,8057200,Tembus MA20,58,Positif,Uptrend,Bullish,Strong Bullish,Perfect Uptrend (5>20>50),Normal,Akumulasi (Naik),Normal,Seimbang / Adu Mekanik,Breakout Upper,Sedang,Normal,Area Tengah,> 1 Miliar,Di Atas VWAP (Kuat),Akumulasi Pro (Smart Money),Gorengan Sepi (< 5M),Normal (50-150%),Mark-Up (Fase Pesta),Spesialis Tiang Jemuran (Banting Pucuk),Normal,Naik 1 Hari Beruntun,TP: 224 | CL: 204,Normal,Tidak Ideal (< 1:1),Netral / Sideways,Sentimen Positif 📰,Normal / Sedang Transisi,Mendekati Fibo 50.0%,8,BELI,TIDAK ADA,2026-08-21 16:40:01,Biasa / Mengikuti Pasar
16:40,PTRO,Token Mati (Perlu Update),Big Cap (Lapis 1),Overvalued (Mahal),101.48134,202884.61,5275.0,4959,4420,5600,0.4761904761904762,21886900,Normal,64,Positif,Uptrend,Bullish,Strong Bullish,Perfect Uptrend (5>20>50),Normal,Akumulasi (Naik),Normal,Seimbang / Adu Mekanik,Normal,Tinggi,Normal,Rawan Pucuk (High Risk),> 1 Miliar,Persis di VWAP,Distribusi Pro (Guyuran),Sultan (> 50M/hari),Sepi (< 50%),Mark-Up (Fase Pesta),Spesialis Tiang Jemuran (Banting Pucuk),Normal,Naik 1 Hari Beruntun,TP: 5651 | CL: 5023,Normal,Tidak Ideal (< 1:1),Netral / Sideways,Sentimen Positif 📰,Normal / Sedang Transisi,Mendekati Fibo 23.6%,7,BELI,TIDAK ADA,2026-08-21 16:40:01,Biasa / Mengikuti Pasar
16:40,PTSN,Token Mati (Perlu Update),Mid Cap (Lapis 2),Overvalued (Mahal),7.483163,12500.0,300.0,279,248,340,4.166666666666666,897300,Normal,70,Positif,Uptrend,Bullish,Strong Bullish,Perfect Uptrend (5>20>50),Normal,Akumulasi (Naik),Normal,Dominan Beli (Hajar Kanan),Normal,Tinggi,Marubozu (Strong Bullish),Rawan Pucuk (High Risk),< 1 Miliar,Di Atas VWAP (Kuat),Akumulasi Pro (Smart Money),Gorengan Sepi (< 5M),Anomali Tinggi (150-300%),Mark-Up (Fase Pesta),Spesialis Tiang Jemuran (Banting Pucuk),Normal,Naik 3 Hari Beruntun,TP: 324 | CL: 284,Open = Low (Bullish Kuat),Tidak Ideal (< 1:1),Golden Cross (Awal Bullish),Sentimen Positif 📰,Normal / Sedang Transisi,Mendekati Fibo 38.2%,8,BELI,TIDAK ADA,2026-08-21 16:40:01,Biasa / Mengikuti Pasar
16:40,PTSP,Token Mati (Perlu Update),Small Cap (Lapis 3),Undervalued (Murah),7.1882443,1.0477726,905.0,917,850,1180,-1.092896174863388,3400,Normal,48,Negatif,Downtrend,Death Cross,Bearish MACD,Konsolidasi / Transisi,Normal,Distribusi (Turun),Normal,Dominan Jual (Guyur),Normal,Sedang,Normal,Area Tengah,< 1 Miliar,Di Bawah VWAP (Lemah),Distribusi Pro (Guyuran),Gorengan Sepi (< 5M),Sepi (< 50%),Distribution (Fase Jualan),Spesialis Tiang Jemuran (Banting Pucuk),Normal,Turun 1 Hari Beruntun,TP: 1019 | CL: 828,Open = High (Tekanan Jual),Sangat Menarik (> 1:3),Oversold (Jenuh Jual - Peluang),Sentimen Positif 📰,Normal / Sedang Transisi,Golden Rebound Fibo 78.6% 🎯,1,WAIT & SEE,TIDAK ADA,2026-08-21 16:40:01,Biasa / Mengikuti Pasar
16:40,PUDP,Token Mati (Perlu Update),Small Cap (Lapis 3),Fair Value (Wajar),0.0,0.3728003,284.0,300,278,328,-1.3888888888888888,263600,Tembus MA20,39,Negatif,Downtrend,Bearish,Strong Bearish,Konsolidasi / Transisi,Normal,Distribusi (Turun),Normal,Seimbang / Adu Mekanik,Bottom Rebound,Sedang,Normal,Dekat Support (Low Risk),< 1 Miliar,Di Bawah VWAP (Lemah),Distribusi Pro (Guyuran),Gorengan Sepi (< 5M),Normal (50-150%),Distribution (Fase Jualan),Spesialis Tiang Jemuran (Banting Pucuk),Normal,Turun 1 Hari Beruntun,TP: 307 | CL: 268,Normal,Sangat Menarik (> 1:3),Oversold (Jenuh Jual - Peluang),Sentimen Positif 📰,Normal / Sedang Transisi,Golden Rebound Fibo 78.6% 🎯,2,WAIT & SEE,TIDAK ADA,2026-08-21 16:40:01,Biasa / Mengikuti Pasar
16:40,PWON,Token Mati (Perlu Update),Big Cap (Lapis 1),Undervalued (Murah),5.8670144,0.56921554,270.0,261,252,278,0.7462686567164178,29814700,Normal,59,Positif,Uptrend,Golden Cross,Strong Bullish,Perfect Uptrend (5>20>50),Normal,Akumulasi (Naik),Normal,Dominan Beli (Hajar Kanan),Squeeze,Rendah,Marubozu (Strong Bullish),Area Tengah,> 1 Miliar,Di Atas VWAP (Kuat),Akumulasi Pro (Smart Money),Ritel Aktif (5M - 50M),Sepi (< 50%),Mark-Up (Fase Pesta),Spesialis Tiang Jemuran (Banting Pucuk),Normal,Naik 4 Hari Beruntun,TP: 282 | CL: 261,Open = Low (Bullish Kuat),Tidak Ideal (< 1:1),Netral / Sideways,Sentimen Positif 📰,Normal / Sedang Transisi,Dekat Support Fibo 38.2%,8,BELI,TIDAK ADA,2026-08-21 16:40:01,Biasa / Mengikuti Pasar
16:40,PYFA,Token Mati (Perlu Update),Mid Cap (Lapis 2),Overvalued (Mahal),0.0,3.875969,236.0,213,197,254,0.0,16926000,Tembus MA20,65,Negatif,Uptrend,Bullish,Strong Bullish,Perfect Uptrend (5>20>50),Normal,Akumulasi (Naik),Normal,Seimbang / Adu Mekanik,Breakout Upper,Tinggi,Doji (Ragu-ragu),Rawan Pucuk (High Risk),> 1 Miliar,Di Atas VWAP (Kuat),Akumulasi Pro (Smart Money),Ritel Aktif (5M - 50M),Normal (50-150%),Mark-Up (Fase Pesta),Normal,Jarum Bawah (Sinyal Pantulan Kuat),Sideways / Stagnan,TP: 253 | CL: 224,Normal,Tidak Ideal (< 1:1),Netral / Sideways,Sentimen Positif 📰,Normal / Sedang Transisi,Golden Rebound Fibo 38.2% 🎯,7,BELI,TIDAK ADA,2026-08-21 16:40:01,Biasa / Mengikuti Pasar
16:40,RAJA,Token Mati (Perlu Update),Big Cap (Lapis 1),Overvalued (Mahal),25.801527,84500.0,845.0,867,800,925,2.4242424242424243,93198500,Normal,48,Positif,Downtrend,Bearish,Strong Bearish,Konsolidasi / Transisi,Normal,Distribusi (Turun),Normal,Seimbang / Adu Mekanik,Normal,Sedang,Normal,Area Tengah,> 1 Miliar,Di Atas VWAP (Kuat),Distribusi Pro (Guyuran),Sultan (> 50M/hari),Normal (50-150%),Distribution (Fase Jualan),Spesialis Tiang Jemuran (Banting Pucuk),Normal,Naik 2 Hari Beruntun,TP: 895 | CL: 811,Normal,Ideal (1:2),Golden Cross (Awal Bullish),Sentimen Positif 📰,Normal / Sedang Transisi,Mendekati Fibo 38.2%,2,WAIT & SEE,TIDAK ADA,2026-08-21 16:40:01,Biasa / Mengikuti Pasar
16:40,RALS,Token Mati (Perlu Update),Mid Cap (Lapis 2),Undervalued (Murah),9.588353,0.67584664,384.0,380,368,384,0.5235602094240838,2730300,Tembus MA20,57,Positif,Uptrend,Bullish,Strong Bullish,Perfect Uptrend (5>20>50),Normal,Akumulasi (Naik),Normal,Dominan Beli (Hajar Kanan),Squeeze,Rendah,Normal,Area Tengah,> 1 Miliar,Persis di VWAP,Akumulasi Pro (Smart Money),Gorengan Sepi (< 5M),Normal (50-150%),Mark-Up (Fase Pesta),Solid (Jarang Dibanting),Normal,Naik 2 Hari Beruntun,TP: 390 | CL: 379,Normal,Tidak Ideal (< 1:1),Overbought (Jenuh Beli - Rawan),Sentimen Positif 📰,Normal / Sedang Transisi,Dekat Support Fibo 38.2%,9,BELI,TIDAK ADA,2026-08-21 16:40:01,Biasa / Mengikuti Pasar
16:40,RANC,Token Mati (Perlu Update),Small Cap (Lapis 3),Overvalued (Mahal),0.0,3.0361915,525.0,518,500,540,0.0,12500,Normal,53,Negatif,Uptrend,Bullish,Strong Bullish,Awal Reversal (5>20),Normal,Akumulasi (Naik),Normal,Dominan Beli (Hajar Kanan),Squeeze,Rendah,Normal,Area Tengah,< 1 Miliar,Persis di VWAP,Akumulasi Pro (Smart Money),Gorengan Sepi (< 5M),Sepi (< 50%),Accumulation (Kumpul Barang),Normal,Jarum Bawah (Sinyal Pantulan Kuat),Sideways / Stagnan,TP: 547 | CL: 510,Normal,Tidak Ideal (< 1:1),Death Cross (Awal Bearish),Netral / Sepi Berita,Normal / Sedang Transisi,Golden Rebound Fibo 61.8% (Golden Ratio) 🎯,6,WAIT & SEE,TIDAK ADA,2026-08-21 16:40:01,Biasa / Mengikuti Pasar
16:40,RBMS,Token Mati (Perlu Update),Small Cap (Lapis 3),Fair Value (Wajar),0.0,0.34145534,64.0,64,61,69,1.5873015873015872,9120900,Normal,50,Positif,Downtrend,Bearish,Bearish MACD,Konsolidasi / Transisi,Normal,Akumulasi (Naik),Normal,Seimbang / Adu Mekanik,Normal,Sedang,Normal,Area Tengah,< 1 Miliar,Persis di VWAP,Akumulasi Pro (Smart Money),Gorengan Sepi (< 5M),Sepi (< 50%),Distribution (Fase Jualan),Normal,Normal,Naik 1 Hari Beruntun,TP: 68 | CL: 60,Open = Low (Bullish Kuat),Ideal (1:2),Golden Cross (Awal Bullish),Netral / Sepi Berita,Normal / Sedang Transisi,Dekat Support Fibo 61.8% (Golden Ratio),2,WAIT & SEE,TIDAK ADA,2026-08-21 16:40:01,Biasa / Mengikuti Pasar
16:40,RDTX,Token Mati (Perlu Update),Mid Cap (Lapis 2),Undervalued (Murah),8.804853,1.116246,13700.0,13587,13100,14000,2.0484171322160147,300,Normal,51,Positif,Uptrend,Bearish,Bullish MACD,Strong Downtrend (5<20<50),Normal,Distribusi (Turun),Normal,Seimbang / Adu Mekanik,Squeeze,Rendah,Normal,Area Tengah,< 1 Miliar,Di Atas VWAP (Kuat),Akumulasi Pro (Smart Money),Gorengan Sepi (< 5M),Normal (50-150%),Accumulation (Kumpul Barang),Solid (Jarang Dibanting),Normal,Naik 1 Hari Beruntun,TP: 13911 | CL: 13558,Open = Low (Bullish Kuat),Tidak Ideal (< 1:1),Netral / Sideways,Sentimen Positif 📰,Supply Kering (Siap Pump) 🏜️,Mendekati Fibo Bottom / 100%,5,WAIT & SEE,TIDAK ADA,2026-08-21 16:40:01,Biasa / Mengikuti Pasar
16:40,RELI,Token Mati (Perlu Update),Small Cap (Lapis 3),Overvalued (Mahal),45.079857,1.7814182,525.0,492,460,605,-0.9433962264150944,13900,Normal,66,Negatif,Uptrend,Bullish,Strong Bullish,Perfect Uptrend (5>20>50),Normal,Akumulasi (Naik),Gap Down (-2.8%),Seimbang / Adu Mekanik,Normal,Sedang,Normal,Rawan Pucuk (High Risk),< 1 Miliar,Di Bawah VWAP (Lemah),Distribusi Pro (Guyuran),Gorengan Sepi (< 5M),Sepi (< 50%),Mark-Up (Fase Pesta),Spesialis Tiang Jemuran (Banting Pucuk),Normal,Turun 1 Hari Beruntun,TP: 591 | CL: 480,Open = Low (Bullish Kuat),Menengah (1:1),Netral / Sideways,Netral / Sepi Berita,Normal / Sedang Transisi,Mendekati Fibo 50.0%,5,WAIT & SEE,TIDAK ADA,2026-08-21 16:40:01,Biasa / Mengikuti Pasar
16:40,RICY,Token Mati (Perlu Update),Small Cap (Lapis 3),Fair Value (Wajar),0.0,0.2343615,79.0,79,74,93,-1.25,392600,Normal,51,Negatif,Downtrend,Bullish,Bearish MACD,Perfect Uptrend (5>20>50),Normal,Distribusi (Turun),Normal,Dominan Jual (Guyur),Squeeze,Rendah,Normal,Area Tengah,< 1 Miliar,Di Bawah VWAP (Lemah),Akumulasi Pro (Smart Money),Gorengan Sepi (< 5M),Sepi (< 50%),Distribution (Fase Jualan),Spesialis Tiang Jemuran (Banting Pucuk),Normal,Turun 1 Hari Beruntun,TP: 84 | CL: 75,Open = High (Tekanan Jual),Ideal (1:2),Netral / Sideways,Sentimen Negatif ⚠️,Supply Kering (Siap Pump) 🏜️,Golden Rebound Fibo 61.8% (Golden Ratio) 🎯,2,WAIT & SEE,TIDAK ADA,2026-08-21 16:40:01,Biasa / Mengikuti Pasar
16:40,RIGS,Token Mati (Perlu Update),Small Cap (Lapis 3),Overvalued (Mahal),4.8639503,9452.055,690.0,680,660,695,0.7299270072992701,2900,Normal,54,Positif,Uptrend,Bullish,Strong Bullish,Awal Reversal (5>20),Normal,Akumulasi (Naik),Normal,Dominan Beli (Hajar Kanan),Squeeze,Rendah,Marubozu (Strong Bullish),Area Tengah,< 1 Miliar,Di Atas VWAP (Kuat),Akumulasi Pro (Smart Money),Gorengan Sepi (< 5M),Sepi (< 50%),Accumulation (Kumpul Barang),Spesialis Tiang Jemuran (Banting Pucuk),Normal,Naik 2 Hari Beruntun,TP: 710 | CL: 676,Open = Low (Bullish Kuat),Tidak Ideal (< 1:1),Netral / Sideways,Netral / Sepi Berita,Normal / Sedang Transisi,Dekat Support Fibo 23.6%,7,BELI,TIDAK ADA,2026-08-21 16:40:01,Biasa / Mengikuti Pasar
16:40,RODA,Token Mati (Perlu Update),Small Cap (Lapis 3),Fair Value (Wajar),0.0,0.50427175,69.0,64,55,77,-2.8169014084507045,14257800,Normal,58,Negatif,Uptrend,Bullish,Strong Bullish,Perfect Uptrend (5>20>50),Normal,Akumulasi (Naik),Normal,Seimbang / Adu Mekanik,Normal,Tinggi,Normal,Rawan Pucuk (High Risk),< 1 Miliar,Di Atas VWAP (Kuat),Akumulasi Pro (Smart Money),Gorengan Sepi (< 5M),Sepi (< 50%),Mark-Up (Fase Pesta),Spesialis Tiang Jemuran (Banting Pucuk),Normal,Turun 1 Hari Beruntun,TP: 78 | CL: 62,Open = High (Tekanan Jual),Tidak Ideal (< 1:1),Netral / Sideways,Sentimen Positif 📰,Normal / Sedang Transisi,Mendekati Fibo 38.2%,6,WAIT & SEE,TIDAK ADA,2026-08-21 16:40:01,Biasa / Mengikuti Pasar
16:40,ROTI,Token Mati (Perlu Update),Mid Cap (Lapis 2),Fair Value (Wajar),17.450459,2.0793464,590.0,588,580,610,0.8547008547008548,285600,Normal,50,Positif,Uptrend,Bearish,Strong Bearish,Strong Downtrend (5<20<50),Normal,Distribusi (Turun),Normal,Seimbang / Adu Mekanik,Squeeze,Rendah,Doji (Ragu-ragu),Dekat Support (Low Risk),< 1 Miliar,Persis di VWAP,Distribusi Pro (Guyuran),Gorengan Sepi (< 5M),Normal (50-150%),Accumulation (Kumpul Barang),Spesialis Tiang Jemuran (Banting Pucuk),Normal,Naik 2 Hari Beruntun,TP: 606 | CL: 579,Normal,Ideal (1:2),Netral / Sideways,Sentimen Positif 📰,Normal / Sedang Transisi,Dekat Support Fibo 38.2%,3,WAIT & SEE,TIDAK ADA,2026-08-21 16:40:01,Biasa / Mengikuti Pasar
16:40,RUIS,Token Mati (Perlu Update),Small Cap (Lapis 3),Undervalued (Murah),11.9746685,0.28359857,208.0,204,190,216,-0.9523809523809524,152000,Normal,56,Negatif,Uptrend,Bullish,Bearish MACD,Perfect Uptrend (5>20>50),Normal,Akumulasi (Naik),Normal,Seimbang / Adu Mekanik,Normal,Sedang,Normal,Area Tengah,< 1 Miliar,Persis di VWAP,Akumulasi Pro (Smart Money),Gorengan Sepi (< 5M),Sepi (< 50%),Mark-Up (Fase Pesta),Normal,Normal,Turun 2 Hari Beruntun,TP: 220 | CL: 200,Normal,Tidak Ideal (< 1:1),Death Cross (Awal Bearish),Sentimen Positif 📰,Normal / Sedang Transisi,Dekat Support Fibo 23.6%,5,WAIT & SEE,TIDAK ADA,2026-08-21 16:40:01,Biasa / Mengikuti Pasar
16:40,SAFE,Token Mati (Perlu Update),Small Cap (Lapis 3),Overvalued (Mahal),7.5507855,4.164905,394.0,390,360,446,0.5102040816326531,88700,Normal,56,Positif,Uptrend,Bullish,Bearish MACD,Perfect Uptrend (5>20>50),Normal,Distribusi (Turun),Normal,Seimbang / Adu Mekanik,Normal,Tinggi,Doji (Ragu-ragu),Area Tengah,< 1 Miliar,Di Bawah VWAP (Lemah),Distribusi Pro (Guyuran),Gorengan Sepi (< 5M),Sepi (< 50%),Mark-Up (Fase Pesta),Spesialis Tiang Jemuran (Banting Pucuk),Jarum Bawah (Sinyal Pantulan Kuat),Naik 1 Hari Beruntun,TP: 423 | CL: 374,Normal,Ideal (1:2),Netral / Sideways,Netral / Sepi Berita,Normal / Sedang Transisi,Mengambang (Jauh dari Fibo),4,WAIT & SEE,TIDAK ADA,2026-08-21 16:40:01,Biasa / Mengikuti Pasar
16:40,SAME,Token Mati (Perlu Update),Mid Cap (Lapis 2),Overvalued (Mahal),228.125,1.317862,292.0,296,286,304,0.6896551724137931,564600,Normal,40,Positif,Downtrend,Bearish,Bullish MACD,Strong Downtrend (5<20<50),Normal,Distribusi (Turun),Gap Up (+2.1%),Seimbang / Adu Mekanik,Squeeze,Rendah,Normal,Dekat Support (Low Risk),< 1 Miliar,Persis di VWAP,Distribusi Pro (Guyuran),Gorengan Sepi (< 5M),Normal (50-150%),Mark-Down (Fase Runtuh),Spesialis Tiang Jemuran (Banting Pucuk),Normal,Naik 1 Hari Beruntun,TP: 301 | CL: 285,Open = High (Tekanan Jual),Ideal (1:2),Golden Cross (Awal Bullish),Sentimen Positif 📰,Normal / Sedang Transisi,Mendekati Fibo Bottom / 100%,4,WAIT & SEE,TIDAK ADA,2026-08-21 16:40:01,Biasa / Mengikuti Pasar
16:40,SCCO,Token Mati (Perlu Update),Mid Cap (Lapis 2),Undervalued (Murah),5.744879,0.33688673,2350.0,2308,2230,2380,-0.8438818565400843,12700,Normal,59,Negatif,Uptrend,Bullish,Strong Bullish,Perfect Uptrend (5>20>50),Normal,Akumulasi (Naik),Normal,Dominan Jual (Guyur),Squeeze,Rendah,Normal,Area Tengah,< 1 Miliar,Persis di VWAP,Akumulasi Pro (Smart Money),Gorengan Sepi (< 5M),Sepi (< 50%),Mark-Up (Fase Pesta),Spesialis Tiang Jemuran (Banting Pucuk),Normal,Turun 1 Hari Beruntun,TP: 2398 | CL: 2317,Open = High (Tekanan Jual),Tidak Ideal (< 1:1),Death Cross (Awal Bearish),Sentimen Positif 📰,Normal / Sedang Transisi,Dekat Support Fibo 38.2%,6,WAIT & SEE,TIDAK ADA,2026-08-21 16:40:01,Biasa / Mengikuti Pasar
16:40,SCMA,Token Mati (Perlu Update),Big Cap (Lapis 1),Fair Value (Wajar),13.63344,2.133999,214.0,203,192,224,-2.727272727272727,45404400,Normal,59,Negatif,Uptrend,Bullish,Strong Bullish,Awal Reversal (5>20),Normal,Akumulasi (Naik),Normal,Dominan Jual (Guyur),Normal,Sedang,Normal,Rawan Pucuk (High Risk),> 1 Miliar,Persis di VWAP,Akumulasi Pro (Smart Money),Ritel Aktif (5M - 50M),Normal (50-150%),Accumulation (Kumpul Barang),Normal,Normal,Turun 1 Hari Beruntun,TP: 226 | CL: 206,Normal,Tidak Ideal (< 1:1),Death Cross (Awal Bearish),Sentimen Positif 📰,Normal / Sedang Transisi,Mendekati Fibo 38.2%,6,WAIT & SEE,TIDAK ADA,2026-08-21 16:40:01,Biasa / Mengikuti Pasar
16:40,SDMU,Token Mati (Perlu Update),Small Cap (Lapis 3),Fair Value (Wajar),0.0,2.695339,91.0,80,73,93,10.975609756097562,103271600,Tembus MA20,67,Positif,Uptrend,Golden Cross,Strong Bullish,Perfect Uptrend (5>20>50),Akumulasi Kuat,Akumulasi (Naik),Normal,Dominan Beli (Hajar Kanan),Breakout Upper,Tinggi,Normal,Rawan Pucuk (High Risk),> 1 Miliar,Di Atas VWAP (Kuat),Akumulasi Pro (Smart Money),Gorengan Sepi (< 5M),Ledakan Ekstrem (> 300%),Mark-Up (Fase Pesta),Normal,Normal,Naik 3 Hari Beruntun,TP: 98 | CL: 86,Normal,Tidak Ideal (< 1:1),Netral / Sideways,Netral / Sepi Berita,Normal / Sedang Transisi,Mendekati Fibo 38.2%,9,BELI,TIDAK ADA,2026-08-21 16:40:01,⚠️ Anomali (Sudah Terbang)
16:40,SDPC,Token Mati (Perlu Update),Small Cap (Lapis 3),Undervalued (Murah),5.9240975,0.7386291,192.0,184,176,228,1.0526315789473684,125400,Normal,66,Positif,Uptrend,Bullish,Strong Bullish,Perfect Uptrend (5>20>50),Normal,Akumulasi (Naik),Normal,Dominan Beli (Hajar Kanan),Squeeze,Rendah,Normal,Area Tengah,< 1 Miliar,Di Atas VWAP (Kuat),Akumulasi Pro (Smart Money),Gorengan Sepi (< 5M),Sepi (< 50%),Mark-Up (Fase Pesta),Spesialis Tiang Jemuran (Banting Pucuk),Normal,Naik 3 Hari Beruntun,TP: 204 | CL: 183,Normal,Ideal (1:2),Netral / Sideways,Sentimen Positif 📰,Supply Kering (Siap Pump) 🏜️,Mendekati Fibo 61.8% (Golden Ratio),8,BELI,TIDAK ADA,2026-08-21 16:40:01,Biasa / Mengikuti Pasar
16:40,SDRA,Token Mati (Perlu Update),Mid Cap (Lapis 2),Fair Value (Wajar),0.0,0.28472042,218.0,219,206,240,-0.9090909090909091,582000,Normal,50,Negatif,Downtrend,Death Cross,Bearish MACD,Konsolidasi / Transisi,Normal,Akumulasi (Naik),Normal,Seimbang / Adu Mekanik,Normal,Sedang,Normal,Area Tengah,< 1 Miliar,Persis di VWAP,Akumulasi Pro (Smart Money),Gorengan Sepi (< 5M),Normal (50-150%),Distribution (Fase Jualan),Normal,Normal,Turun 1 Hari Beruntun,TP: 227 | CL: 211,Open = High (Tekanan Jual),Ideal (1:2),Golden Cross (Awal Bullish),Sentimen Positif 📰,Normal / Sedang Transisi,Dekat Support Fibo 61.8% (Golden Ratio),2,WAIT & SEE,TIDAK ADA,2026-08-21 16:40:01,Biasa / Mengikuti Pasar
16:40,SGRO,Token Mati (Perlu Update),Mid Cap (Lapis 2),Fair Value (Wajar),17.163212,1.6924448,4770.0,4137,3230,4850,-0.625,14700,Normal,88,Negatif,Uptrend,Bullish,Strong Bullish,Perfect Uptrend (5>20>50),Normal,Akumulasi (Naik),Normal,Dominan Jual (Guyur),Normal,Tinggi,Normal,Rawan Pucuk (High Risk),< 1 Miliar,Persis di VWAP,Akumulasi Pro (Smart Money),Gorengan Sepi (< 5M),Sepi (< 50%),Mark-Up (Fase Pesta),Spesialis Tiang Jemuran (Banting Pucuk),Normal,Turun 1 Hari Beruntun,TP: 4992 | CL: 4621,Normal,Tidak Ideal (< 1:1),Overbought (Jenuh Beli - Rawan),Sentimen Positif 📰,Normal / Sedang Transisi,Mengambang (Jauh dari Fibo),6,WAIT & SEE,TIDAK ADA,2026-08-21 16:40:01,Biasa / Mengikuti Pasar
16:40,SHID,Token Mati (Perlu Update),Small Cap (Lapis 3),Fair Value (Wajar),0.0,0.86239773,545.0,592,515,635,1.8691588785046727,20300,Normal,34,Positif,Downtrend,Bearish,Strong Bearish,Strong Downtrend (5<20<50),Normal,Distribusi (Turun),Gap Up (+5.6%),Dominan Jual (Guyur),Normal,Tinggi,Normal,Area Tengah,< 1 Miliar,Persis di VWAP,Distribusi Pro (Guyuran),Gorengan Sepi (< 5M),Sepi (< 50%),Mark-Down (Fase Runtuh),Normal,Normal,Naik 1 Hari Beruntun,TP: 584 | CL: 518,Open = High (Tekanan Jual),Sangat Menarik (> 1:3),Golden Cross (Awal Bullish),Netral / Sepi Berita,Normal / Sedang Transisi,Mendekati Fibo Bottom / 100%,2,WAIT & SEE,TIDAK ADA,2026-08-21 16:40:01,Biasa / Mengikuti Pasar
16:40,SIDO,Token Mati (Perlu Update),Big Cap (Lapis 1),Overvalued (Mahal),10.7361965,3.4396346,350.0,356,344,376,-0.5681818181818182,12564700,Normal,39,Negatif,Downtrend,Bearish,Bullish MACD,Strong Downtrend (5<20<50),Normal,Akumulasi (Naik),Normal,Dominan Jual (Guyur),Normal,Sedang,Normal,Dekat Support (Low Risk),> 1 Miliar,Persis di VWAP,Akumulasi Pro (Smart Money),Ritel Aktif (5M - 50M),Sepi (< 50%),Mark-Down (Fase Runtuh),Spesialis Tiang Jemuran (Banting Pucuk),Normal,Turun 1 Hari Beruntun,TP: 359 | CL: 343,Normal,Sangat Menarik (> 1:3),Golden Cross (Awal Bullish),Sentimen Positif 📰,Normal / Sedang Transisi,Dekat Support Fibo Bottom / 100%,3,WAIT & SEE,TIDAK ADA,2026-08-21 16:40:01,Biasa / Mengikuti Pasar
16:40,SILO,Token Mati (Perlu Update),Big Cap (Lapis 1),Fair Value (Wajar),24.03947,2.8929045,2280.0,2244,1995,2430,-0.43668122270742354,72900,Normal,52,Negatif,Uptrend,Bullish,Bearish MACD,Perfect Uptrend (5>20>50),Normal,Akumulasi (Naik),Normal,Dominan Jual (Guyur),Normal,Tinggi,Normal,Rawan Pucuk (High Risk),< 1 Miliar,Persis di VWAP,Distribusi Pro (Guyuran),Gorengan Sepi (< 5M),Sepi (< 50%),Mark-Up (Fase Pesta),Normal,Normal,Turun 2 Hari Beruntun,TP: 2449 | CL: 2167,Normal,Tidak Ideal (< 1:1),Netral / Sideways,Sentimen Positif 📰,Normal / Sedang Transisi,Dekat Support Fibo 38.2%,5,WAIT & SEE,TIDAK ADA,2026-08-21 16:40:01,Biasa / Mengikuti Pasar
16:40,SIMP,Token Mati (Perlu Update),Mid Cap (Lapis 2),Undervalued (Murah),4.4295206,0.45958266,620.0,595,565,630,0.8130081300813009,12228600,Tembus MA20,66,Positif,Uptrend,Bullish,Bearish MACD,Perfect Uptrend (5>20>50),Normal,Akumulasi (Naik),Normal,Seimbang / Adu Mekanik,Normal,Sedang,Normal,Area Tengah,> 1 Miliar,Di Atas VWAP (Kuat),Akumulasi Pro (Smart Money),Ritel Aktif (5M - 50M),Normal (50-150%),Mark-Up (Fase Pesta),Normal,Normal,Naik 2 Hari Beruntun,TP: 643 | CL: 604,Normal,Tidak Ideal (< 1:1),Netral / Sideways,Sentimen Positif 📰,Normal / Sedang Transisi,Mendekati Fibo 23.6%,7,BELI,TIDAK ADA,2026-08-21 16:40:01,Biasa / Mengikuti Pasar
16:40,SIPD,Token Mati (Perlu Update),Mid Cap (Lapis 2),Fair Value (Wajar),0.0,1.1812632,785.0,703,660,805,0.641025641025641,3900,Normal,73,Positif,Uptrend,Bullish,Strong Bullish,Perfect Uptrend (5>20>50),Normal,Akumulasi (Naik),Normal,Seimbang / Adu Mekanik,Breakout Upper,Tinggi,Normal,Rawan Pucuk (High Risk),< 1 Miliar,Di Atas VWAP (Kuat),Akumulasi Pro (Smart Money),Gorengan Sepi (< 5M),Sepi (< 50%),Mark-Up (Fase Pesta),Solid (Jarang Dibanting),Normal,Naik 2 Hari Beruntun,TP: 836 | CL: 750,Normal,Tidak Ideal (< 1:1),Netral / Sideways,Sentimen Negatif ⚠️,Normal / Sedang Transisi,Mendekati Fibo 50.0%,6,WAIT & SEE,TIDAK ADA,2026-08-21 16:40:01,Biasa / Mengikuti Pasar
16:40,SKBM,Token Mati (Perlu Update),Small Cap (Lapis 3),Undervalued (Murah),6.9800205,0.90877104,545.0,539,510,585,0.9259259259259258,164100,Normal,50,Positif,Uptrend,Bearish,Strong Bearish,Strong Downtrend (5<20<50),Normal,Akumulasi (Naik),Normal,Dominan Beli (Hajar Kanan),Squeeze,Rendah,Doji (Ragu-ragu),Area Tengah,< 1 Miliar,Di Atas VWAP (Kuat),Akumulasi Pro (Smart Money),Gorengan Sepi (< 5M),Normal (50-150%),Accumulation (Kumpul Barang),Normal,Jarum Bawah (Sinyal Pantulan Kuat),Naik 2 Hari Beruntun,TP: 581 | CL: 520,Normal,Menengah (1:1),Netral / Sideways,Netral / Sepi Berita,Normal / Sedang Transisi,Mengambang (Jauh dari Fibo),4,WAIT & SEE,TIDAK ADA,2026-08-21 16:40:01,Biasa / Mengikuti Pasar
16:40,SKLT,Token Mati (Perlu Update),Mid Cap (Lapis 2),Fair Value (Wajar),11.549139,1.6854662,208.0,200,183,228,0.0,118200,Normal,62,Negatif,Uptrend,Bullish,Strong Bullish,Perfect Uptrend (5>20>50),Normal,Akumulasi (Naik),Normal,Seimbang / Adu Mekanik,Normal,Sedang,Normal,Rawan Pucuk (High Risk),< 1 Miliar,Persis di VWAP,Distribusi Pro (Guyuran),Gorengan Sepi (< 5M),Sepi (< 50%),Mark-Up (Fase Pesta),Spesialis Tiang Jemuran (Banting Pucuk),Normal,Sideways / Stagnan,TP: 225 | CL: 196,Open = High (Tekanan Jual),Tidak Ideal (< 1:1),Netral / Sideways,Sentimen Positif 📰,Normal / Sedang Transisi,Mendekati Fibo 38.2%,6,WAIT & SEE,TIDAK ADA,2026-08-21 16:40:01,Biasa / Mengikuti Pasar
16:40,SMAR,Token Mati (Perlu Update),Big Cap (Lapis 1),Undervalued (Murah),4.129513,0.70257926,5900.0,5690,5400,6000,2.1645021645021645,115800,Tembus MA20,69,Positif,Uptrend,Bullish,Bearish MACD,Perfect Uptrend (5>20>50),Normal,Akumulasi (Naik),Normal,Dominan Beli (Hajar Kanan),Normal,Sedang,Normal,Area Tengah,< 1 Miliar,Di Atas VWAP (Kuat),Akumulasi Pro (Smart Money),Gorengan Sepi (< 5M),Anomali Tinggi (150-300%),Mark-Up (Fase Pesta),Normal,Normal,Naik 2 Hari Beruntun,TP: 6114 | CL: 5757,Open = Low (Bullish Kuat),Tidak Ideal (< 1:1),Netral / Sideways,Sentimen Positif 📰,Normal / Sedang Transisi,Mengambang (Jauh dari Fibo),8,BELI,TIDAK ADA,2026-08-21 16:40:01,Biasa / Mengikuti Pasar
16:40,SMBR,Token Mati (Perlu Update),Mid Cap (Lapis 2),Undervalued (Murah),12.080057,0.48938698,169.0,165,156,176,1.1976047904191618,3505900,Tembus MA20,59,Positif,Uptrend,Bullish,Bearish MACD,Perfect Uptrend (5>20>50),Normal,Akumulasi (Naik),Normal,Seimbang / Adu Mekanik,Normal,Sedang,Normal,Area Tengah,< 1 Miliar,Di Atas VWAP (Kuat),Akumulasi Pro (Smart Money),Gorengan Sepi (< 5M),Normal (50-150%),Mark-Up (Fase Pesta),Spesialis Tiang Jemuran (Banting Pucuk),Normal,Naik 2 Hari Beruntun,TP: 177 | CL: 163,Normal,Tidak Ideal (< 1:1),Netral / Sideways,Sentimen Positif 📰,Normal / Sedang Transisi,Dekat Support Fibo 23.6%,7,BELI,TIDAK ADA,2026-08-21 16:40:01,Biasa / Mengikuti Pasar
16:40,SMCB,Token Mati (Perlu Update),Mid Cap (Lapis 2),Undervalued (Murah),9.337349,0.52530867,775.0,775,775,775,0.0,0,Normal,100,Negatif,Downtrend,Bearish,Bearish MACD,Konsolidasi / Transisi,Normal,Netral,Normal,Tidak Ada Transaksi,Squeeze,Rendah,Doji (Ragu-ragu),Dekat Support (Low Risk),< 1 Miliar,Di Atas VWAP (Kuat),Netral,Gorengan Sepi (< 5M),Normal (50-150%),Sideways,Solid (Jarang Dibanting),Normal,Sideways / Stagnan,TP: 776 | CL: 774,Normal,Di Area Support,Oversold (Jenuh Jual - Peluang),Netral / Sepi Berita,Normal / Sedang Transisi,Golden Rebound Fibo 23.6% 🎯,1,WAIT & SEE,TIDAK ADA,2026-08-21 16:40:01,Biasa / Mengikuti Pasar
16:40,SMDM,Token Mati (Perlu Update),Mid Cap (Lapis 2),Overvalued (Mahal),140.99217,1.1027925,540.0,560,535,580,-2.7027027027027026,25800,Normal,41,Negatif,Downtrend,Bearish,Strong Bearish,Konsolidasi / Transisi,Normal,Distribusi (Turun),Normal,Dominan Jual (Guyur),Squeeze,Rendah,Normal,Dekat Support (Low Risk),< 1 Miliar,Di Bawah VWAP (Lemah),Akumulasi Pro (Smart Money),Gorengan Sepi (< 5M),Normal (50-150%),Distribution (Fase Jualan),Normal,Normal,Turun 1 Hari Beruntun,TP: 566 | CL: 522,Open = High (Tekanan Jual),Sangat Menarik (> 1:3),Netral / Sideways,Sentimen Positif 📰,Normal / Sedang Transisi,Mendekati Fibo 61.8% (Golden Ratio),1,WAIT & SEE,TIDAK ADA,2026-08-21 16:40:01,Biasa / Mengikuti Pasar
16:40,SMDR,Token Mati (Perlu Update),Mid Cap (Lapis 2),Overvalued (Mahal),5.848389,9515.151,312.0,300,279,316,0.6451612903225806,5971700,Normal,67,Positif,Uptrend,Bullish,Strong Bullish,Perfect Uptrend (5>20>50),Normal,Akumulasi (Naik),Normal,Seimbang / Adu Mekanik,Normal,Sedang,Doji (Ragu-ragu),Rawan Pucuk (High Risk),> 1 Miliar,Di Atas VWAP (Kuat),Distribusi Pro (Guyuran),Gorengan Sepi (< 5M),Normal (50-150%),Mark-Up (Fase Pesta),Normal,Normal,Naik 2 Hari Beruntun,TP: 321 | CL: 305,Normal,Tidak Ideal (< 1:1),Overbought (Jenuh Beli - Rawan),Sentimen Positif 📰,Normal / Sedang Transisi,Mendekati Fibo 23.6%,7,BELI,TIDAK ADA,2026-08-21 16:40:01,Biasa / Mengikuti Pasar
16:40,SMGR,Token Mati (Perlu Update),Big Cap (Lapis 1),Overvalued (Mahal),46.337154,0.24360842,1580.0,1529,1430,1640,2.26537216828479,11649200,Normal,56,Positif,Uptrend,Bullish,Strong Bullish,Perfect Uptrend (5>20>50),Normal,Akumulasi (Naik),Normal,Dominan Beli (Hajar Kanan),Normal,Tinggi,Marubozu (Strong Bullish),Rawan Pucuk (High Risk),> 1 Miliar,Di Atas VWAP (Kuat),Akumulasi Pro (Smart Money),Ritel Aktif (5M - 50M),Normal (50-150%),Mark-Up (Fase Pesta),Normal,Normal,Naik 2 Hari Beruntun,TP: 1664 | CL: 1523,Open = Low (Bullish Kuat),Tidak Ideal (< 1:1),Netral / Sideways,Sentimen Positif 📰,Normal / Sedang Transisi,Dekat Support Fibo 61.8% (Golden Ratio),8,BELI,TIDAK ADA,2026-08-21 16:40:01,Biasa / Mengikuti Pasar
16:40,SMMA,Token Mati (Perlu Update),Big Cap (Lapis 1),Overvalued (Mahal),59.09853,4.859239,20100.0,20167,19450,20600,-0.12422360248447205,68300,Tembus MA20,40,Negatif,Downtrend,Bearish,Bullish MACD,Strong Downtrend (5<20<50),Akumulasi Kuat,Distribusi (Turun),Normal,Dominan Beli (Hajar Kanan),Squeeze,Rendah,Normal,Area Tengah,> 1 Miliar,Di Atas VWAP (Kuat),Akumulasi Pro (Smart Money),Gorengan Sepi (< 5M),Ledakan Ekstrem (> 300%),Mark-Down (Fase Runtuh),Normal,Jarum Bawah (Sinyal Pantulan Kuat),Turun 1 Hari Beruntun,TP: 20512 | CL: 19825,Normal,Tidak Ideal (< 1:1),Overbought (Jenuh Beli - Rawan),Netral / Sepi Berita,Normal / Sedang Transisi,Mengambang (Jauh dari Fibo),4,WAIT & SEE,TIDAK ADA,2026-08-21 16:40:01,Biasa / Mengikuti Pasar
16:40,SMMT,Token Mati (Perlu Update),Mid Cap (Lapis 2),Overvalued (Mahal),90.50722,176818.19,1945.0,1865,1715,2010,3.183023872679045,97000,Tembus MA20,63,Positif,Uptrend,Bullish,Strong Bullish,Perfect Uptrend (5>20>50),Normal,Akumulasi (Naik),Normal,Seimbang / Adu Mekanik,Squeeze,Rendah,Normal,Rawan Pucuk (High Risk),< 1 Miliar,Di Atas VWAP (Kuat),Akumulasi Pro (Smart Money),Gorengan Sepi (< 5M),Anomali Tinggi (150-300%),Mark-Up (Fase Pesta),Spesialis Tiang Jemuran (Banting Pucuk),Normal,Naik 2 Hari Beruntun,TP: 2054 | CL: 1871,Normal,Tidak Ideal (< 1:1),Netral / Sideways,Sentimen Positif 📰,Normal / Sedang Transisi,Mendekati Fibo 38.2%,8,BELI,TIDAK ADA,2026-08-21 16:40:01,Biasa / Mengikuti Pasar
16:40,SMRA,Token Mati (Perlu Update),Mid Cap (Lapis 2),Undervalued (Murah),9.095951,0.45527288,328.0,326,314,348,-1.2048192771084338,9182700,Normal,57,Negatif,Uptrend,Bullish,Bearish MACD,Perfect Uptrend (5>20>50),Normal,Distribusi (Turun),Normal,Dominan Jual (Guyur),Squeeze,Rendah,Normal,Area Tengah,> 1 Miliar,Di Bawah VWAP (Lemah),Distribusi Pro (Guyuran),Ritel Aktif (5M - 50M),Normal (50-150%),Mark-Up (Fase Pesta),Spesialis Tiang Jemuran (Banting Pucuk),Normal,Turun 1 Hari Beruntun,TP: 342 | CL: 318,Normal,Menengah (1:1),Netral / Sideways,Netral / Sepi Berita,Normal / Sedang Transisi,Dekat Support Fibo 23.6%,3,WAIT & SEE,TIDAK ADA,2026-08-21 16:40:01,Biasa / Mengikuti Pasar
16:40,SMSM,Token Mati (Perlu Update),Big Cap (Lapis 1),Fair Value (Wajar),8.797065,2.5139706,1750.0,1724,1656,1788,0.28653295128939826,1268700,Normal,65,Positif,Uptrend,Bullish,Bearish MACD,Perfect Uptrend (5>20>50),Normal,Akumulasi (Naik),Normal,Seimbang / Adu Mekanik,Squeeze,Rendah,Normal,Area Tengah,> 1 Miliar,Persis di VWAP,Akumulasi Pro (Smart Money),Gorengan Sepi (< 5M),Normal (50-150%),Mark-Up (Fase Pesta),Spesialis Tiang Jemuran (Banting Pucuk),Normal,Naik 5 Hari Beruntun,TP: 1778 | CL: 1730,Open = Low (Bullish Kuat),Tidak Ideal (< 1:1),Netral / Sideways,Sentimen Positif 📰,Normal / Sedang Transisi,Dekat Support Fibo 23.6%,6,WAIT & SEE,TIDAK ADA,2026-08-21 16:40:01,Biasa / Mengikuti Pasar
16:40,SOCI,Token Mati (Perlu Update),Mid Cap (Lapis 2),Overvalued (Mahal),20.491802,9482.759,545.0,481,400,560,-0.9090909090909091,6978900,Normal,73,Negatif,Uptrend,Bullish,Strong Bullish,Perfect Uptrend (5>20>50),Normal,Akumulasi (Naik),Normal,Seimbang / Adu Mekanik,Normal,Tinggi,Normal,Rawan Pucuk (High Risk),> 1 Miliar,Di Atas VWAP (Kuat),Akumulasi Pro (Smart Money),Ritel Aktif (5M - 50M),Sepi (< 50%),Mark-Up (Fase Pesta),Normal,Normal,Turun 2 Hari Beruntun,TP: 584 | CL: 518,Normal,Tidak Ideal (< 1:1),Overbought (Jenuh Beli - Rawan),Sentimen Positif 📰,Normal / Sedang Transisi,Mengambang (Jauh dari Fibo),6,WAIT & SEE,TIDAK ADA,2026-08-21 16:40:01,Biasa / Mengikuti Pasar
16:40,SONA,Token Mati (Perlu Update),Mid Cap (Lapis 2),Fair Value (Wajar),15.439757,2.0235326,2240.0,2543,2160,3240,-9.67741935483871,46600,Tembus MA20,42,Negatif,Downtrend,Bullish,Bearish MACD,Perfect Uptrend (5>20>50),Normal,Distribusi (Turun),Gap Down (-9.7%),Tidak Ada Transaksi,Normal,Tinggi,Doji (Ragu-ragu),Area Tengah,< 1 Miliar,Di Bawah VWAP (Lemah),Akumulasi Pro (Smart Money),Gorengan Sepi (< 5M),Normal (50-150%),Distribution (Fase Jualan),Normal,Normal,Turun 4 Hari Beruntun,TP: 2540 | CL: 2040,Normal,Sangat Menarik (> 1:3),Netral / Sideways,Sentimen Positif 📰,Normal / Sedang Transisi,Dekat Support Fibo 78.6%,3,WAIT & SEE,TIDAK ADA,2026-08-21 16:40:01,Biasa / Mengikuti Pasar
16:40,SPMA,Token Mati (Perlu Update),Small Cap (Lapis 3),Undervalued (Murah),9.805079,0.35024422,166.0,164,160,173,0.6060606060606061,204500,Normal,53,Positif,Uptrend,Golden Cross,Bearish MACD,Perfect Uptrend (5>20>50),Normal,Akumulasi (Naik),Normal,Seimbang / Adu Mekanik,Squeeze,Rendah,Doji (Ragu-ragu),Area Tengah,< 1 Miliar,Persis di VWAP,Distribusi Pro (Guyuran),Gorengan Sepi (< 5M),Sepi (< 50%),Mark-Up (Fase Pesta),Spesialis Tiang Jemuran (Banting Pucuk),Normal,Naik 2 Hari Beruntun,TP: 173 | CL: 161,Normal,Menengah (1:1),Golden Cross (Awal Bullish),Sentimen Positif 📰,Supply Kering (Siap Pump) 🏜️,Golden Rebound Fibo 50.0% 🎯,6,WAIT & SEE,TIDAK ADA,2026-08-21 16:40:01,Biasa / Mengikuti Pasar
16:40,SQMI,Token Mati (Perlu Update),Small Cap (Lapis 3),Overvalued (Mahal),0.0,9.221312,62.0,64,59,74,1.639344262295082,25145400,Normal,51,Positif,Downtrend,Bearish,Bearish MACD,Konsolidasi / Transisi,Normal,Distribusi (Turun),Normal,Seimbang / Adu Mekanik,Normal,Tinggi,Normal,Area Tengah,> 1 Miliar,Di Bawah VWAP (Lemah),Distribusi Pro (Guyuran),Gorengan Sepi (< 5M),Normal (50-150%),Distribution (Fase Jualan),Spesialis Tiang Jemuran (Banting Pucuk),Normal,Naik 2 Hari Beruntun,TP: 70 | CL: 56,Normal,Sangat Menarik (> 1:3),Golden Cross (Awal Bullish),Netral / Sepi Berita,Normal / Sedang Transisi,Mengambang (Jauh dari Fibo),2,WAIT & SEE,TIDAK ADA,2026-08-21 16:40:01,Biasa / Mengikuti Pasar
16:40,SRAJ,Token Mati (Perlu Update),Big Cap (Lapis 1),Overvalued (Mahal),0.0,138.79456,14100.0,12878,10725,15000,-1.7421602787456445,300,Normal,68,Negatif,Uptrend,Bullish,Strong Bullish,Perfect Uptrend (5>20>50),Normal,Akumulasi (Naik),Normal,Dominan Jual (Guyur),Normal,Tinggi,Normal,Rawan Pucuk (High Risk),< 1 Miliar,Di Bawah VWAP (Lemah),Akumulasi Pro (Smart Money),Gorengan Sepi (< 5M),Sepi (< 50%),Mark-Up (Fase Pesta),Normal,Normal,Turun 3 Hari Beruntun,TP: 14841 | CL: 13605,Open = High (Tekanan Jual),Tidak Ideal (< 1:1),Death Cross (Awal Bearish),Sentimen Positif 📰,Normal / Sedang Transisi,Mendekati Fibo 23.6%,6,WAIT & SEE,TIDAK ADA,2026-08-21 16:40:01,Biasa / Mengikuti Pasar
16:40,SRSN,Token Mati (Perlu Update),Small Cap (Lapis 3),Undervalued (Murah),3.4782608,0.49520952,72.0,69,61,77,0.0,28218200,Normal,58,Negatif,Uptrend,Bullish,Strong Bullish,Perfect Uptrend (5>20>50),Normal,Akumulasi (Naik),Normal,Seimbang / Adu Mekanik,Normal,Tinggi,Doji (Ragu-ragu),Rawan Pucuk (High Risk),> 1 Miliar,Di Atas VWAP (Kuat),Akumulasi Pro (Smart Money),Gorengan Sepi (< 5M),Normal (50-150%),Mark-Up (Fase Pesta),Normal,Normal,Sideways / Stagnan,TP: 76 | CL: 69,Normal,Tidak Ideal (< 1:1),Netral / Sideways,Sentimen Positif 📰,Normal / Sedang Transisi,Dekat Support Fibo 23.6%,6,WAIT & SEE,TIDAK ADA,2026-08-21 16:40:01,Biasa / Mengikuti Pasar
16:40,SRTG,Token Mati (Perlu Update),Big Cap (Lapis 1),Undervalued (Murah),1.3934045,0.4050791,1925.0,1798,1680,1925,0.0,3723200,Normal,73,Negatif,Uptrend,Bullish,Strong Bullish,Perfect Uptrend (5>20>50),Normal,Akumulasi (Naik),Normal,Dominan Beli (Hajar Kanan),Normal,Sedang,Doji (Ragu-ragu),Rawan Pucuk (High Risk),> 1 Miliar,Di Atas VWAP (Kuat),Akumulasi Pro (Smart Money),Ritel Aktif (5M - 50M),Sepi (< 50%),Mark-Up (Fase Pesta),Normal,Jarum Bawah (Sinyal Pantulan Kuat),Sideways / Stagnan,TP: 1989 | CL: 1882,Normal,Tidak Ideal (< 1:1),Overbought (Jenuh Beli - Rawan),Sentimen Positif 📰,Normal / Sedang Transisi,Mengambang (Jauh dari Fibo),7,BELI,TIDAK ADA,2026-08-21 16:40:01,Biasa / Mengikuti Pasar
16:40,SSIA,Token Mati (Perlu Update),Mid Cap (Lapis 2),Overvalued (Mahal),40.94037,1.4906939,1790.0,1670,1555,1805,1.41643059490085,19004100,Tembus MA20,65,Positif,Uptrend,Bullish,Strong Bullish,Perfect Uptrend (5>20>50),Normal,Akumulasi (Naik),Normal,Seimbang / Adu Mekanik,Breakout Upper,Sedang,Doji (Ragu-ragu),Rawan Pucuk (High Risk),> 1 Miliar,Di Atas VWAP (Kuat),Akumulasi Pro (Smart Money),Ritel Aktif (5M - 50M),Normal (50-150%),Mark-Up (Fase Pesta),Spesialis Tiang Jemuran (Banting Pucuk),Jarum Bawah (Sinyal Pantulan Kuat),Naik 5 Hari Beruntun,TP: 1875 | CL: 1732,Normal,Tidak Ideal (< 1:1),Overbought (Jenuh Beli - Rawan),Sentimen Positif 📰,Normal / Sedang Transisi,Golden Rebound Fibo 23.6% 🎯,8,BELI,TIDAK ADA,2026-08-21 16:40:01,Biasa / Mengikuti Pasar
16:40,SSMS,Token Mati (Perlu Update),Mid Cap (Lapis 2),Overvalued (Mahal),6.636221,3.3969502,930.0,938,850,1020,0.5405405405405406,9796400,Normal,55,Positif,Downtrend,Bearish,Bearish MACD,Konsolidasi / Transisi,Normal,Akumulasi (Naik),Normal,Seimbang / Adu Mekanik,Normal,Tinggi,Doji (Ragu-ragu),Area Tengah,> 1 Miliar,Di Atas VWAP (Kuat),Akumulasi Pro (Smart Money),Ritel Aktif (5M - 50M),Normal (50-150%),Distribution (Fase Jualan),Normal,Jarum Bawah (Sinyal Pantulan Kuat),Naik 2 Hari Beruntun,TP: 985 | CL: 892,Normal,Menengah (1:1),Netral / Sideways,Sentimen Positif 📰,Normal / Sedang Transisi,Mendekati Fibo 38.2%,4,WAIT & SEE,TIDAK ADA,2026-08-21 16:40:01,Biasa / Mengikuti Pasar
16:40,SSTM,Token Mati (Perlu Update),Small Cap (Lapis 3),Fair Value (Wajar),0.0,2.3388953,402.0,408,382,468,-0.9852216748768473,49300,Normal,47,Negatif,Downtrend,Bearish,Bearish MACD,Konsolidasi / Transisi,Normal,Distribusi (Turun),Normal,Dominan Beli (Hajar Kanan),Normal,Sedang,Doji (Ragu-ragu),Area Tengah,< 1 Miliar,Persis di VWAP,Akumulasi Pro (Smart Money),Gorengan Sepi (< 5M),Sepi (< 50%),Distribution (Fase Jualan),Normal,Jarum Bawah (Sinyal Pantulan Kuat),Turun 1 Hari Beruntun,TP: 430 | CL: 382,Normal,Sangat Menarik (> 1:3),Oversold (Jenuh Jual - Peluang),Sentimen Positif 📰,Normal / Sedang Transisi,Mengambang (Jauh dari Fibo),2,WAIT & SEE,TIDAK ADA,2026-08-21 16:40:01,Biasa / Mengikuti Pasar
16:40,STAR,Token Mati (Perlu Update),Mid Cap (Lapis 2),Overvalued (Mahal),77.71639,3.7308486,428.0,337,260,515,-2.28310502283105,193000,Normal,65,Negatif,Uptrend,Bullish,Strong Bullish,Perfect Uptrend (5>20>50),Normal,Akumulasi (Naik),Normal,Seimbang / Adu Mekanik,Normal,Tinggi,Normal,Rawan Pucuk (High Risk),< 1 Miliar,Di Bawah VWAP (Lemah),Akumulasi Pro (Smart Money),Gorengan Sepi (< 5M),Sepi (< 50%),Mark-Up (Fase Pesta),Normal,Normal,Turun 1 Hari Beruntun,TP: 500 | CL: 379,Open = High (Tekanan Jual),Tidak Ideal (< 1:1),Death Cross (Awal Bearish),Sentimen Positif 📰,Normal / Sedang Transisi,Mendekati Fibo 38.2%,6,WAIT & SEE,TIDAK ADA,2026-08-21 16:40:01,Biasa / Mengikuti Pasar
16:40,STTP,Token Mati (Perlu Update),Big Cap (Lapis 1),Fair Value (Wajar),9.979987,1.6396539,9425.0,9686,9400,10150,0.0,1600,Normal,41,Negatif,Downtrend,Bearish,Strong Bearish,Strong Downtrend (5<20<50),Normal,Distribusi (Turun),Normal,Seimbang / Adu Mekanik,Squeeze,Rendah,Normal,Dekat Support (Low Risk),< 1 Miliar,Persis di VWAP,Distribusi Pro (Guyuran),Gorengan Sepi (< 5M),Sepi (< 50%),Mark-Down (Fase Runtuh),Spesialis Tiang Jemuran (Banting Pucuk),Normal,Sideways / Stagnan,TP: 9789 | CL: 9182,Open = Low (Bullish Kuat),Sangat Menarik (> 1:3),Oversold (Jenuh Jual - Peluang),Netral / Sepi Berita,Normal / Sedang Transisi,Golden Rebound Fibo Bottom / 100% 🎯,0,WAIT & SEE,TIDAK ADA,2026-08-21 16:40:01,Biasa / Mengikuti Pasar
16:40,SULI,Token Mati (Perlu Update),Small Cap (Lapis 3),Overvalued (Mahal),0.0,45999.996,92.0,92,83,139,-2.127659574468085,9438200,Normal,51,Negatif,Downtrend,Bullish,Bearish MACD,Perfect Uptrend (5>20>50),Normal,Distribusi (Turun),Normal,Dominan Jual (Guyur),Normal,Tinggi,Normal,Rawan Pucuk (High Risk),< 1 Miliar,Di Bawah VWAP (Lemah),Distribusi Pro (Guyuran),Gorengan Sepi (< 5M),Sepi (< 50%),Distribution (Fase Jualan),Spesialis Tiang Jemuran (Banting Pucuk),Normal,Turun 1 Hari Beruntun,TP: 104 | CL: 83,Normal,Sangat Menarik (> 1:3),Oversold (Jenuh Jual - Peluang),Netral / Sepi Berita,Normal / Sedang Transisi,Mengambang (Jauh dari Fibo),2,WAIT & SEE,TIDAK ADA,2026-08-21 16:40:01,Biasa / Mengikuti Pasar
16:40,SUPR,Token Mati (Perlu Update),Big Cap (Lapis 1),Overvalued (Mahal),46.2963,6.0289726,43850.0,43850,43850,43850,0.0,0,Normal,0,Negatif,Downtrend,Bearish,Bearish MACD,Konsolidasi / Transisi,Normal,Netral,Normal,Tidak Ada Transaksi,Squeeze,Rendah,Doji (Ragu-ragu),Dekat Support (Low Risk),< 1 Miliar,Di Atas VWAP (Kuat),Netral,Gorengan Sepi (< 5M),Normal (50-150%),Sideways,Solid (Jarang Dibanting),Normal,Sideways / Stagnan,TP: 43851 | CL: 43849,Normal,Di Area Support,Oversold (Jenuh Jual - Peluang),Netral / Sepi Berita,Normal / Sedang Transisi,Normal / Sideways,0,WAIT & SEE,TIDAK ADA,2026-08-21 16:40:01,Biasa / Mengikuti Pasar
16:40,TALF,Token Mati (Perlu Update),Mid Cap (Lapis 2),Overvalued (Mahal),48.652203,0.7649789,740.0,789,555,1205,0.6802721088435374,187400,Normal,49,Positif,Downtrend,Bearish,Bearish MACD,Konsolidasi / Transisi,Normal,Distribusi (Turun),Gap Up (+2.0%),Seimbang / Adu Mekanik,Normal,Tinggi,Normal,Rawan Pucuk (High Risk),< 1 Miliar,Di Bawah VWAP (Lemah),Distribusi Pro (Guyuran),Gorengan Sepi (< 5M),Sepi (< 50%),Distribution (Fase Jualan),Normal,Normal,Naik 2 Hari Beruntun,TP: 937 | CL: 608,Open = High (Tekanan Jual),Ideal (1:2),Oversold (Jenuh Jual - Peluang),Netral / Sepi Berita,Normal / Sedang Transisi,Mengambang (Jauh dari Fibo),2,WAIT & SEE,TIDAK ADA,2026-08-21 16:40:01,Biasa / Mengikuti Pasar
16:40,TARA,Token Mati (Perlu Update),Small Cap (Lapis 3),Fair Value (Wajar),0.0,0.29026172,30.0,30,29,32,3.4482758620689653,1731900,Tembus MA20,50,Positif,Downtrend,Golden Cross,Strong Bearish,Perfect Uptrend (5>20>50),Normal,Akumulasi (Naik),Gap Up (+3.4%),Tidak Ada Transaksi,Normal,Sedang,Doji (Ragu-ragu),Area Tengah,< 1 Miliar,Persis di VWAP,Akumulasi Pro (Smart Money),Gorengan Sepi (< 5M),Anomali Tinggi (150-300%),Distribution (Fase Jualan),Normal,Normal,Naik 1 Hari Beruntun,TP: 31 | CL: 29,Normal,Ideal (1:2),Golden Cross (Awal Bullish),Netral / Sepi Berita,Normal / Sedang Transisi,Dekat Support Fibo 50.0%,5,WAIT & SEE,TIDAK ADA,2026-08-21 16:40:01,Biasa / Mengikuti Pasar
16:40,TAXI,Token Mati (Perlu Update),Small Cap (Lapis 3),Overvalued (Mahal),0.0,3.7593985,14.0,14,12,16,0.0,10338500,Normal,50,Negatif,Downtrend,Bullish,Bearish MACD,Perfect Uptrend (5>20>50),Normal,Distribusi (Turun),Normal,Tidak Ada Transaksi,Normal,Tinggi,Doji (Ragu-ragu),Rawan Pucuk (High Risk),< 1 Miliar,Di Bawah VWAP (Lemah),Distribusi Pro (Guyuran),Gorengan Sepi (< 5M),Sepi (< 50%),Distribution (Fase Jualan),Normal,Normal,Sideways / Stagnan,TP: 15 | CL: 13,Normal,Menengah (1:1),Netral / Sideways,Netral / Sepi Berita,Normal / Sedang Transisi,Dekat Support Fibo 50.0%,1,WAIT & SEE,TIDAK ADA,2026-08-21 16:40:01,Biasa / Mengikuti Pasar
16:40,TBIG,Token Mati (Perlu Update),Big Cap (Lapis 1),Fair Value (Wajar),22.939346,2.5766442,1480.0,1409,1330,1570,4.964539007092199,1455100,Tembus MA20,60,Positif,Uptrend,Golden Cross,Strong Bullish,Awal Reversal (5>20),Normal,Akumulasi (Naik),Gap Up (+2.1%),Seimbang / Adu Mekanik,Breakout Upper,Sedang,Normal,Rawan Pucuk (High Risk),> 1 Miliar,Di Atas VWAP (Kuat),Akumulasi Pro (Smart Money),Gorengan Sepi (< 5M),Anomali Tinggi (150-300%),Accumulation (Kumpul Barang),Spesialis Tiang Jemuran (Banting Pucuk),Normal,Naik 2 Hari Beruntun,TP: 1551 | CL: 1432,Normal,Tidak Ideal (< 1:1),Netral / Sideways,Sentimen Positif 📰,Normal / Sedang Transisi,Dekat Support Fibo 23.6%,9,BELI,TIDAK ADA,2026-08-21 16:40:01,Biasa / Mengikuti Pasar
16:40,TBLA,Token Mati (Perlu Update),Mid Cap (Lapis 2),Undervalued (Murah),4.3555193,0.4159193,630.0,628,600,665,-0.7874015748031495,901300,Normal,53,Negatif,Uptrend,Bearish,Bearish MACD,Konsolidasi / Transisi,Normal,Akumulasi (Naik),Normal,Dominan Jual (Guyur),Squeeze,Rendah,Normal,Area Tengah,< 1 Miliar,Persis di VWAP,Distribusi Pro (Guyuran),Gorengan Sepi (< 5M),Normal (50-150%),Mark-Up (Fase Pesta),Normal,Normal,Turun 1 Hari Beruntun,TP: 648 | CL: 617,Normal,Menengah (1:1),Netral / Sideways,Sentimen Positif 📰,Normal / Sedang Transisi,Dekat Support Fibo 23.6%,4,WAIT & SEE,TIDAK ADA,2026-08-21 16:40:01,Biasa / Mengikuti Pasar
16:40,TBMS,Token Mati (Perlu Update),Small Cap (Lapis 3),Overvalued (Mahal),63947.37,11571.429,1215.0,1191,1095,1400,-0.4098360655737705,32800,Normal,53,Negatif,Uptrend,Bullish,Strong Bullish,Awal Reversal (5>20),Normal,Distribusi (Turun),Gap Up (+2.5%),Dominan Jual (Guyur),Normal,Sedang,Normal,Rawan Pucuk (High Risk),< 1 Miliar,Persis di VWAP,Distribusi Pro (Guyuran),Gorengan Sepi (< 5M),Normal (50-150%),Accumulation (Kumpul Barang),Spesialis Tiang Jemuran (Banting Pucuk),Normal,Turun 1 Hari Beruntun,TP: 1319 | CL: 1145,Normal,Ideal (1:2),Golden Cross (Awal Bullish),Sentimen Positif 📰,Normal / Sedang Transisi,Dekat Support Fibo 50.0%,6,WAIT & SEE,TIDAK ADA,2026-08-21 16:40:01,Biasa / Mengikuti Pasar
16:40,TCID,Token Mati (Perlu Update),Mid Cap (Lapis 2),Fair Value (Wajar),0.0,0.6023308,2710.0,2715,2600,2790,0.3703703703703704,200,Normal,49,Positif,Downtrend,Bearish,Strong Bearish,Strong Downtrend (5<20<50),Normal,Distribusi (Turun),Normal,Dominan Beli (Hajar Kanan),Squeeze,Rendah,Marubozu (Strong Bullish),Area Tengah,< 1 Miliar,Di Atas VWAP (Kuat),Distribusi Pro (Guyuran),Gorengan Sepi (< 5M),Sepi (< 50%),Mark-Down (Fase Runtuh),Normal,Normal,Naik 2 Hari Beruntun,TP: 2810 | CL: 2642,Open = Low (Bullish Kuat),Tidak Ideal (< 1:1),Netral / Sideways,Sentimen Positif 📰,Supply Kering (Siap Pump) 🏜️,Mendekati Fibo 78.6%,3,WAIT & SEE,TIDAK ADA,2026-08-21 16:40:01,Biasa / Mengikuti Pasar
16:40,TELE,Token Mati (Perlu Update),Small Cap (Lapis 3),Fair Value (Wajar),0.0,-0.013883982,9.0,9,9,9,0.0,0,Normal,0,Negatif,Downtrend,Bearish,Bearish MACD,Konsolidasi / Transisi,Normal,Netral,Normal,Tidak Ada Transaksi,Squeeze,Rendah,Doji (Ragu-ragu),Dekat Support (Low Risk),< 1 Miliar,Di Atas VWAP (Kuat),Netral,Gorengan Sepi (< 5M),Normal (50-150%),Sideways,Solid (Jarang Dibanting),Normal,Sideways / Stagnan,TP: 10 | CL: 8,Normal,Di Area Support,Oversold (Jenuh Jual - Peluang),Netral / Sepi Berita,Normal / Sedang Transisi,Normal / Sideways,0,WAIT & SEE,TIDAK ADA,2026-08-21 16:40:01,Biasa / Mengikuti Pasar
16:40,TFCO,Token Mati (Perlu Update),Mid Cap (Lapis 2),Overvalued (Mahal),0.0,14769.231,960.0,796,710,960,6.666666666666667,400,Normal,75,Positif,Uptrend,Bullish,Strong Bullish,Perfect Uptrend (5>20>50),Normal,Akumulasi (Naik),Gap Up (+3.3%),Dominan Beli (Hajar Kanan),Breakout Upper,Tinggi,Marubozu (Strong Bullish),Rawan Pucuk (High Risk),< 1 Miliar,Di Atas VWAP (Kuat),Akumulasi Pro (Smart Money),Gorengan Sepi (< 5M),Normal (50-150%),Mark-Up (Fase Pesta),Normal,Normal,Naik 2 Hari Beruntun,TP: 1008 | CL: 927,Open = Low (Bullish Kuat),Tidak Ideal (< 1:1),Overbought (Jenuh Beli - Rawan),Sentimen Negatif ⚠️,Normal / Sedang Transisi,Mengambang (Jauh dari Fibo),8,BELI,TIDAK ADA,2026-08-21 16:40:01,Biasa / Mengikuti Pasar
16:40,TGKA,Token Mati (Perlu Update),Mid Cap (Lapis 2),Fair Value (Wajar),10.842224,1.8831462,5000.0,4919,4700,5275,2.459016393442623,2400,Normal,57,Positif,Uptrend,Bullish,Bearish MACD,Perfect Uptrend (5>20>50),Normal,Akumulasi (Naik),Gap Up (+2.5%),Dominan Jual (Guyur),Squeeze,Rendah,Doji (Ragu-ragu),Area Tengah,< 1 Miliar,Persis di VWAP,Distribusi Pro (Guyuran),Gorengan Sepi (< 5M),Normal (50-150%),Mark-Up (Fase Pesta),Spesialis Tiang Jemuran (Banting Pucuk),Normal,Naik 1 Hari Beruntun,TP: 5208 | CL: 4861,Normal,Tidak Ideal (< 1:1),Golden Cross (Awal Bullish),Sentimen Positif 📰,Supply Kering (Siap Pump) 🏜️,Golden Rebound Fibo 38.2% 🎯,7,BELI,TIDAK ADA,2026-08-21 16:40:01,Biasa / Mengikuti Pasar
16:40,TIFA,Token Mati (Perlu Update),Mid Cap (Lapis 2),Fair Value (Wajar),17.533129,0.99934924,344.0,322,250,414,-3.910614525139665,374300,Normal,58,Negatif,Uptrend,Bullish,Strong Bullish,Perfect Uptrend (5>20>50),Normal,Distribusi (Turun),Normal,Dominan Jual (Guyur),Normal,Tinggi,Normal,Rawan Pucuk (High Risk),< 1 Miliar,Di Bawah VWAP (Lemah),Akumulasi Pro (Smart Money),Gorengan Sepi (< 5M),Normal (50-150%),Mark-Up (Fase Pesta),Spesialis Tiang Jemuran (Banting Pucuk),Normal,Turun 2 Hari Beruntun,TP: 386 | CL: 315,Normal,Tidak Ideal (< 1:1),Netral / Sideways,Sentimen Negatif ⚠️,Supply Banjir (Distribusi) 🌊,Mendekati Fibo 38.2%,4,WAIT & SEE,TIDAK ADA,2026-08-21 16:40:01,Biasa / Mengikuti Pasar
16:40,TINS,Token Mati (Perlu Update),Big Cap (Lapis 1),Fair Value (Wajar),8.040804,2.8386583,4030.0,3763,3380,4120,1.0025062656641603,20051300,Normal,64,Positif,Uptrend,Bullish,Strong Bullish,Perfect Uptrend (5>20>50),Normal,Akumulasi (Naik),Normal,Dominan Beli (Hajar Kanan),Normal,Tinggi,Normal,Rawan Pucuk (High Risk),> 1 Miliar,Di Atas VWAP (Kuat),Akumulasi Pro (Smart Money),Sultan (> 50M/hari),Sepi (< 50%),Mark-Up (Fase Pesta),Normal,Normal,Naik 1 Hari Beruntun,TP: 4267 | CL: 3871,Normal,Tidak Ideal (< 1:1),Death Cross (Awal Bearish),Sentimen Positif 📰,Normal / Sedang Transisi,Mengambang (Jauh dari Fibo),8,BELI,TIDAK ADA,2026-08-21 16:40:01,Biasa / Mengikuti Pasar
16:40,TIRA,Token Mati (Perlu Update),Small Cap (Lapis 3),Overvalued (Mahal),111.34904,1.3459996,416.0,459,396,530,0.4830917874396135,725000,Normal,19,Positif,Downtrend,Bearish,Strong Bearish,Strong Downtrend (5<20<50),Normal,Distribusi (Turun),Normal,Seimbang / Adu Mekanik,Normal,Tinggi,Doji (Ragu-ragu),Area Tengah,< 1 Miliar,Persis di VWAP,Akumulasi Pro (Smart Money),Gorengan Sepi (< 5M),Normal (50-150%),Mark-Down (Fase Runtuh),Normal,Normal,Naik 1 Hari Beruntun,TP: 452 | CL: 391,Normal,Sangat Menarik (> 1:3),Oversold (Jenuh Jual - Peluang),Sentimen Positif 📰,Normal / Sedang Transisi,Mendekati Fibo Bottom / 100%,2,WAIT & SEE,TIDAK ADA,2026-08-21 16:40:01,Biasa / Mengikuti Pasar
16:40,TIRT,Token Mati (Perlu Update),Small Cap (Lapis 3),Overvalued (Mahal),188.4984,-0.9891628,590.0,590,590,590,0.0,0,Normal,60,Negatif,Downtrend,Bearish,Bearish MACD,Konsolidasi / Transisi,Normal,Netral,Normal,Tidak Ada Transaksi,Squeeze,Rendah,Doji (Ragu-ragu),Dekat Support (Low Risk),< 1 Miliar,Di Atas VWAP (Kuat),Netral,Gorengan Sepi (< 5M),Normal (50-150%),Sideways,Solid (Jarang Dibanting),Normal,Sideways / Stagnan,TP: 591 | CL: 589,Normal,Di Area Support,Oversold (Jenuh Jual - Peluang),Netral / Sepi Berita,Normal / Sedang Transisi,Mendekati Fibo 38.2%,1,WAIT & SEE,TIDAK ADA,2026-08-21 16:40:01,Biasa / Mengikuti Pasar
16:40,TKIM,Token Mati (Perlu Update),Big Cap (Lapis 1),Overvalued (Mahal),3.1536822,8412.447,7975.0,7085,5850,8250,0.949367088607595,1081400,Normal,77,Positif,Uptrend,Bullish,Strong Bullish,Perfect Uptrend (5>20>50),Normal,Akumulasi (Naik),Normal,Seimbang / Adu Mekanik,Normal,Tinggi,Normal,Rawan Pucuk (High Risk),> 1 Miliar,Di Atas VWAP (Kuat),Akumulasi Pro (Smart Money),Ritel Aktif (5M - 50M),Sepi (< 50%),Mark-Up (Fase Pesta),Spesialis Tiang Jemuran (Banting Pucuk),Jarum Bawah (Sinyal Pantulan Kuat),Naik 2 Hari Beruntun,TP: 8422 | CL: 7676,Normal,Tidak Ideal (< 1:1),Overbought (Jenuh Beli - Rawan),Sentimen Positif 📰,Normal / Sedang Transisi,Mengambang (Jauh dari Fibo),7,BELI,TIDAK ADA,2026-08-21 16:40:01,Biasa / Mengikuti Pasar
16:40,TLKM,Token Mati (Perlu Update),Big Cap (Lapis 1),Fair Value (Wajar),14.697633,1.9260033,2620.0,2635,2540,2790,0.38314176245210724,49689600,Normal,50,Positif,Downtrend,Bearish,Bearish MACD,Konsolidasi / Transisi,Normal,Akumulasi (Naik),Normal,Seimbang / Adu Mekanik,Normal,Sedang,Normal,Area Tengah,> 1 Miliar,Persis di VWAP,Distribusi Pro (Guyuran),Sultan (> 50M/hari),Normal (50-150%),Distribution (Fase Jualan),Normal,Normal,Naik 2 Hari Beruntun,TP: 2716 | CL: 2555,Open = Low (Bullish Kuat),Ideal (1:2),Golden Cross (Awal Bullish),Sentimen Positif 📰,Normal / Sedang Transisi,Mendekati Fibo 50.0%,3,WAIT & SEE,TIDAK ADA,2026-08-21 16:40:01,Biasa / Mengikuti Pasar
16:40,TMAS,Token Mati (Perlu Update),Mid Cap (Lapis 2),Fair Value (Wajar),11.5,2.4225826,138.0,126,116,139,1.4705882352941175,6339600,Tembus MA20,73,Positif,Uptrend,Bullish,Strong Bullish,Perfect Uptrend (5>20>50),Normal,Akumulasi (Naik),Normal,Dominan Beli (Hajar Kanan),Normal,Tinggi,Normal,Rawan Pucuk (High Risk),< 1 Miliar,Di Atas VWAP (Kuat),Akumulasi Pro (Smart Money),Gorengan Sepi (< 5M),Normal (50-150%),Mark-Up (Fase Pesta),Solid (Jarang Dibanting),Normal,Naik 2 Hari Beruntun,TP: 145 | CL: 133,Open = Low (Bullish Kuat),Tidak Ideal (< 1:1),Overbought (Jenuh Beli - Rawan),Sentimen Positif 📰,Normal / Sedang Transisi,Mendekati Fibo 23.6%,9,BELI,TIDAK ADA,2026-08-21 16:40:01,Biasa / Mengikuti Pasar
16:40,TMPO,Token Mati (Perlu Update),Small Cap (Lapis 3),Overvalued (Mahal),36.666668,0.75048786,168.0,147,103,220,0.5988023952095809,38130300,Normal,59,Positif,Uptrend,Bullish,Strong Bullish,Perfect Uptrend (5>20>50),Normal,Akumulasi (Naik),Normal,Seimbang / Adu Mekanik,Normal,Tinggi,Doji (Ragu-ragu),Rawan Pucuk (High Risk),> 1 Miliar,Di Bawah VWAP (Lemah),Distribusi Pro (Guyuran),Ritel Aktif (5M - 50M),Sepi (< 50%),Mark-Up (Fase Pesta),Spesialis Tiang Jemuran (Banting Pucuk),Normal,Naik 1 Hari Beruntun,TP: 211 | CL: 139,Normal,Tidak Ideal (< 1:1),Death Cross (Awal Bearish),Netral / Sepi Berita,Normal / Sedang Transisi,Dekat Support Fibo 38.2%,6,WAIT & SEE,TIDAK ADA,2026-08-21 16:40:01,Biasa / Mengikuti Pasar
16:40,TOBA,Token Mati (Perlu Update),Mid Cap (Lapis 2),Overvalued (Mahal),0.0,25681.818,570.0,497,438,600,7.547169811320755,81375900,Tembus MA20,69,Positif,Uptrend,Bullish,Strong Bullish,Perfect Uptrend (5>20>50),Akumulasi Kuat,Akumulasi (Naik),Normal,Seimbang / Adu Mekanik,Breakout Upper,Tinggi,Normal,Rawan Pucuk (High Risk),> 1 Miliar,Di Atas VWAP (Kuat),Akumulasi Pro (Smart Money),Ritel Aktif (5M - 50M),Ledakan Ekstrem (> 300%),Mark-Up (Fase Pesta),Normal,Normal,Naik 2 Hari Beruntun,TP: 624 | CL: 533,Normal,Tidak Ideal (< 1:1),Netral / Sideways,Sentimen Positif 📰,Normal / Sedang Transisi,Mengambang (Jauh dari Fibo),9,BELI,TIDAK ADA,2026-08-21 16:40:01,Biasa / Mengikuti Pasar
16:40,TOTL,Token Mati (Perlu Update),Mid Cap (Lapis 2),Overvalued (Mahal),9.333601,3.8773477,1400.0,1266,1040,1485,1.8181818181818181,1242300,Normal,69,Positif,Uptrend,Bullish,Strong Bullish,Perfect Uptrend (5>20>50),Normal,Distribusi (Turun),Normal,Dominan Beli (Hajar Kanan),Normal,Tinggi,Normal,Rawan Pucuk (High Risk),> 1 Miliar,Di Bawah VWAP (Lemah),Akumulasi Pro (Smart Money),Ritel Aktif (5M - 50M),Sepi (< 50%),Mark-Up (Fase Pesta),Normal,Normal,Naik 1 Hari Beruntun,TP: 1493 | CL: 1337,Normal,Tidak Ideal (< 1:1),Netral / Sideways,Sentimen Positif 📰,Normal / Sedang Transisi,Mendekati Fibo 23.6%,7,BELI,TIDAK ADA,2026-08-21 16:40:01,Biasa / Mengikuti Pasar
16:40,TOTO,Token Mati (Perlu Update),Mid Cap (Lapis 2),Undervalued (Murah),8.955224,0.94310725,234.0,236,226,246,-0.847457627118644,952700,Tembus MA20,46,Negatif,Downtrend,Bearish,Strong Bearish,Strong Downtrend (5<20<50),Normal,Distribusi (Turun),Normal,Seimbang / Adu Mekanik,Normal,Sedang,Normal,Area Tengah,< 1 Miliar,Persis di VWAP,Akumulasi Pro (Smart Money),Gorengan Sepi (< 5M),Anomali Tinggi (150-300%),Mark-Down (Fase Runtuh),Normal,Normal,Turun 1 Hari Beruntun,TP: 240 | CL: 229,Open = High (Tekanan Jual),Menengah (1:1),Netral / Sideways,Sentimen Positif 📰,Normal / Sedang Transisi,Dekat Support Fibo 38.2%,2,WAIT & SEE,TIDAK ADA,2026-08-21 16:40:01,Biasa / Mengikuti Pasar
16:40,TOWR,Token Mati (Perlu Update),Big Cap (Lapis 1),Undervalued (Murah),6.352007,0.874586,434.0,405,384,442,1.4018691588785046,42424300,Normal,70,Positif,Uptrend,Bullish,Strong Bullish,Perfect Uptrend (5>20>50),Normal,Akumulasi (Naik),Normal,Dominan Beli (Hajar Kanan),Breakout Upper,Sedang,Normal,Rawan Pucuk (High Risk),> 1 Miliar,Di Atas VWAP (Kuat),Akumulasi Pro (Smart Money),Ritel Aktif (5M - 50M),Normal (50-150%),Mark-Up (Fase Pesta),Spesialis Tiang Jemuran (Banting Pucuk),Normal,Naik 2 Hari Beruntun,TP: 456 | CL: 418,Normal,Tidak Ideal (< 1:1),Netral / Sideways,Sentimen Positif 📰,Normal / Sedang Transisi,Mendekati Fibo 23.6%,8,BELI,TIDAK ADA,2026-08-21 16:40:01,Biasa / Mengikuti Pasar
16:40,TPIA,Token Mati (Perlu Update),Big Cap (Lapis 1),Overvalued (Mahal),141.56206,44130.434,2030.0,2082,1940,2270,3.307888040712468,302537400,Normal,49,Positif,Downtrend,Bearish,Strong Bearish,Konsolidasi / Transisi,Normal,Distribusi (Turun),Gap Up (+2.3%),Seimbang / Adu Mekanik,Normal,Sedang,Normal,Area Tengah,> 1 Miliar,Di Atas VWAP (Kuat),Distribusi Pro (Guyuran),Sultan (> 50M/hari),Normal (50-150%),Distribution (Fase Jualan),Spesialis Tiang Jemuran (Banting Pucuk),Normal,Naik 2 Hari Beruntun,TP: 2178 | CL: 1930,Normal,Ideal (1:2),Golden Cross (Awal Bullish),Sentimen Positif 📰,Normal / Sedang Transisi,Mendekati Fibo 38.2%,3,WAIT & SEE,TIDAK ADA,2026-08-21 16:40:01,🔥 ANOMALI BANDAR (Siap Ledakan)
16:40,TPMA,Token Mati (Perlu Update),Mid Cap (Lapis 2),Overvalued (Mahal),7.763713,12105.264,460.0,458,436,470,0.0,488000,Normal,56,Negatif,Uptrend,Bullish,Bearish MACD,Perfect Uptrend (5>20>50),Normal,Akumulasi (Naik),Normal,Seimbang / Adu Mekanik,Squeeze,Rendah,Doji (Ragu-ragu),Area Tengah,< 1 Miliar,Persis di VWAP,Akumulasi Pro (Smart Money),Gorengan Sepi (< 5M),Sepi (< 50%),Mark-Up (Fase Pesta),Normal,Jarum Bawah (Sinyal Pantulan Kuat),Sideways / Stagnan,TP: 471 | CL: 452,Normal,Tidak Ideal (< 1:1),Netral / Sideways,Sentimen Positif 📰,Normal / Sedang Transisi,Mendekati Fibo 38.2%,5,WAIT & SEE,TIDAK ADA,2026-08-21 16:40:01,Biasa / Mengikuti Pasar
16:40,TRIM,Token Mati (Perlu Update),Mid Cap (Lapis 2),Fair Value (Wajar),6.1066427,1.8689147,615.0,590,545,655,0.819672131147541,484000,Tembus MA20,64,Positif,Uptrend,Bullish,Strong Bullish,Perfect Uptrend (5>20>50),Normal,Akumulasi (Naik),Normal,Dominan Beli (Hajar Kanan),Normal,Sedang,Normal,Rawan Pucuk (High Risk),< 1 Miliar,Di Atas VWAP (Kuat),Akumulasi Pro (Smart Money),Gorengan Sepi (< 5M),Anomali Tinggi (150-300%),Mark-Up (Fase Pesta),Spesialis Tiang Jemuran (Banting Pucuk),Normal,Naik 3 Hari Beruntun,TP: 666 | CL: 580,Normal,Tidak Ideal (< 1:1),Netral / Sideways,Netral / Sepi Berita,Normal / Sedang Transisi,Dekat Support Fibo 23.6%,8,BELI,TIDAK ADA,2026-08-21 16:40:01,Biasa / Mengikuti Pasar
16:40,TRIS,Token Mati (Perlu Update),Small Cap (Lapis 3),Overvalued (Mahal),48.137066,1.0178438,177.0,169,164,188,2.9069767441860463,1726100,Tembus MA20,64,Positif,Uptrend,Bullish,Strong Bullish,Perfect Uptrend (5>20>50),Normal,Akumulasi (Naik),Normal,Dominan Beli (Hajar Kanan),Squeeze,Rendah,Normal,Area Tengah,< 1 Miliar,Di Atas VWAP (Kuat),Akumulasi Pro (Smart Money),Gorengan Sepi (< 5M),Anomali Tinggi (150-300%),Mark-Up (Fase Pesta),Spesialis Tiang Jemuran (Banting Pucuk),Normal,Naik 1 Hari Beruntun,TP: 185 | CL: 171,Normal,Tidak Ideal (< 1:1),Netral / Sideways,Sentimen Positif 📰,Normal / Sedang Transisi,Dekat Support Fibo 38.2%,9,BELI,TIDAK ADA,2026-08-21 16:40:01,Biasa / Mengikuti Pasar
16:40,TRST,Token Mati (Perlu Update),Mid Cap (Lapis 2),Undervalued (Murah),11.364764,0.4944269,458.0,459,440,482,-0.43478260869565216,1200,Normal,45,Negatif,Downtrend,Bearish,Bullish MACD,Strong Downtrend (5<20<50),Normal,Akumulasi (Naik),Normal,Tidak Ada Transaksi,Squeeze,Rendah,Doji (Ragu-ragu),Area Tengah,< 1 Miliar,Persis di VWAP,Akumulasi Pro (Smart Money),Gorengan Sepi (< 5M),Sepi (< 50%),Mark-Down (Fase Runtuh),Normal,Normal,Turun 2 Hari Beruntun,TP: 479 | CL: 443,Normal,Menengah (1:1),Netral / Sideways,Sentimen Positif 📰,Normal / Sedang Transisi,Dekat Support Fibo 38.2%,3,WAIT & SEE,TIDAK ADA,2026-08-21 16:40:01,Biasa / Mengikuti Pasar
16:40,TRUS,Token Mati (Perlu Update),Small Cap (Lapis 3),Fair Value (Wajar),16.644993,0.8583937,448.0,415,380,490,-0.8849557522123894,114500,Normal,60,Negatif,Uptrend,Bullish,Strong Bullish,Perfect Uptrend (5>20>50),Normal,Akumulasi (Naik),Normal,Dominan Jual (Guyur),Normal,Tinggi,Normal,Rawan Pucuk (High Risk),< 1 Miliar,Persis di VWAP,Akumulasi Pro (Smart Money),Gorengan Sepi (< 5M),Sepi (< 50%),Mark-Up (Fase Pesta),Normal,Normal,Turun 2 Hari Beruntun,TP: 484 | CL: 423,Normal,Tidak Ideal (< 1:1),Death Cross (Awal Bearish),Netral / Sepi Berita,Supply Banjir (Distribusi) 🌊,Mendekati Fibo 50.0%,5,WAIT & SEE,TIDAK ADA,2026-08-21 16:40:01,Biasa / Mengikuti Pasar
16:40,TSPC,Token Mati (Perlu Update),Big Cap (Lapis 1),Undervalued (Murah),8.290661,1.2597206,2720.0,2793,2650,2900,-1.090909090909091,454100,Normal,49,Negatif,Downtrend,Bearish,Bearish MACD,Konsolidasi / Transisi,Normal,Distribusi (Turun),Normal,Seimbang / Adu Mekanik,Squeeze,Rendah,Normal,Dekat Support (Low Risk),> 1 Miliar,Persis di VWAP,Akumulasi Pro (Smart Money),Gorengan Sepi (< 5M),Normal (50-150%),Distribution (Fase Jualan),Normal,Normal,Turun 1 Hari Beruntun,TP: 2798 | CL: 2667,Open = Low (Bullish Kuat),Ideal (1:2),Oversold (Jenuh Jual - Peluang),Sentimen Positif 📰,Normal / Sedang Transisi,Golden Rebound Fibo 38.2% 🎯,1,WAIT & SEE,TIDAK ADA,2026-08-21 16:40:01,Biasa / Mengikuti Pasar
16:40,ULTJ,Token Mati (Perlu Update),Big Cap (Lapis 1),Fair Value (Wajar),8.673027,1.9677241,1500.0,1466,1335,1530,0.0,1334500,Normal,61,Negatif,Uptrend,Bullish,Bearish MACD,Perfect Uptrend (5>20>50),Normal,Distribusi (Turun),Normal,Seimbang / Adu Mekanik,Normal,Tinggi,Normal,Rawan Pucuk (High Risk),> 1 Miliar,Persis di VWAP,Akumulasi Pro (Smart Money),Gorengan Sepi (< 5M),Normal (50-150%),Mark-Up (Fase Pesta),Spesialis Tiang Jemuran (Banting Pucuk),Normal,Sideways / Stagnan,TP: 1538 | CL: 1474,Normal,Tidak Ideal (< 1:1),Netral / Sideways,Sentimen Positif 📰,Normal / Sedang Transisi,Dekat Support Fibo 38.2%,4,WAIT & SEE,TIDAK ADA,2026-08-21 16:40:01,Biasa / Mengikuti Pasar
16:40,UNIC,Token Mati (Perlu Update),Mid Cap (Lapis 2),Overvalued (Mahal),5.7670016,18649.814,15125.0,14555,12575,16100,0.0,5800,Normal,72,Negatif,Uptrend,Bullish,Bearish MACD,Perfect Uptrend (5>20>50),Normal,Distribusi (Turun),Normal,Seimbang / Adu Mekanik,Normal,Tinggi,Doji (Ragu-ragu),Rawan Pucuk (High Risk),< 1 Miliar,Persis di VWAP,Distribusi Pro (Guyuran),Gorengan Sepi (< 5M),Sepi (< 50%),Mark-Up (Fase Pesta),Spesialis Tiang Jemuran (Banting Pucuk),Normal,Sideways / Stagnan,TP: 15875 | CL: 14625,Normal,Tidak Ideal (< 1:1),Netral / Sideways,Sentimen Positif 📰,Normal / Sedang Transisi,Dekat Support Fibo 23.6%,4,WAIT & SEE,TIDAK ADA,2026-08-21 16:40:01,Biasa / Mengikuti Pasar
16:40,UNSP,Token Mati (Perlu Update),Mid Cap (Lapis 2),Fair Value (Wajar),0.0,-0.09298714,206.0,206,206,206,0.0,0,Normal,42,Negatif,Downtrend,Bearish,Bullish MACD,Konsolidasi / Transisi,Normal,Netral,Normal,Tidak Ada Transaksi,Squeeze,Rendah,Doji (Ragu-ragu),Dekat Support (Low Risk),< 1 Miliar,Di Atas VWAP (Kuat),Netral,Gorengan Sepi (< 5M),Normal (50-150%),Sideways,Solid (Jarang Dibanting),Normal,Sideways / Stagnan,TP: 207 | CL: 205,Normal,Di Area Support,Oversold (Jenuh Jual - Peluang),Netral / Sepi Berita,Normal / Sedang Transisi,Mengambang (Jauh dari Fibo),1,WAIT & SEE,TIDAK ADA,2026-08-21 16:40:01,Biasa / Mengikuti Pasar
16:40,UNTR,Token Mati (Perlu Update),Big Cap (Lapis 1),Undervalued (Murah),11.285773,0.887363,23875.0,23980,23075,25675,0.2098635886673662,2945000,Normal,48,Positif,Downtrend,Bearish,Strong Bearish,Strong Downtrend (5<20<50),Normal,Akumulasi (Naik),Normal,Seimbang / Adu Mekanik,Normal,Sedang,Doji (Ragu-ragu),Area Tengah,> 1 Miliar,Persis di VWAP,Distribusi Pro (Guyuran),Sultan (> 50M/hari),Normal (50-150%),Mark-Down (Fase Runtuh),Normal,Jarum Bawah (Sinyal Pantulan Kuat),Naik 5 Hari Beruntun,TP: 24606 | CL: 23387,Normal,Ideal (1:2),Golden Cross (Awal Bullish),Sentimen Negatif ⚠️,Normal / Sedang Transisi,Mendekati Fibo 61.8% (Golden Ratio),2,WAIT & SEE,TIDAK ADA,2026-08-21 16:40:01,Biasa / Mengikuti Pasar
16:40,UNVR,Token Mati (Perlu Update),Big Cap (Lapis 1),Overvalued (Mahal),18.369223,10.421793,1790.0,1764,1670,1845,-2.452316076294278,9338000,Normal,54,Negatif,Uptrend,Bullish,Strong Bullish,Perfect Uptrend (5>20>50),Normal,Akumulasi (Naik),Normal,Dominan Jual (Guyur),Normal,Sedang,Normal,Area Tengah,> 1 Miliar,Persis di VWAP,Akumulasi Pro (Smart Money),Ritel Aktif (5M - 50M),Normal (50-150%),Mark-Up (Fase Pesta),Solid (Jarang Dibanting),Normal,Turun 1 Hari Beruntun,TP: 1861 | CL: 1742,Open = High (Tekanan Jual),Tidak Ideal (< 1:1),Death Cross (Awal Bearish),Sentimen Positif 📰,Normal / Sedang Transisi,Mendekati Fibo 23.6%,6,WAIT & SEE,TIDAK ADA,2026-08-21 16:40:01,Biasa / Mengikuti Pasar
16:40,VICO,Token Mati (Perlu Update),Mid Cap (Lapis 2),Undervalued (Murah),14.769231,0.59186673,144.0,142,137,157,0.0,368100,Tembus MA20,61,Negatif,Uptrend,Bullish,Strong Bullish,Perfect Uptrend (5>20>50),Distribusi Kuat,Akumulasi (Naik),Normal,Dominan Jual (Guyur),Squeeze,Rendah,Normal,Area Tengah,< 1 Miliar,Di Bawah VWAP (Lemah),Distribusi Pro (Guyuran),Gorengan Sepi (< 5M),Anomali Tinggi (150-300%),Mark-Up (Fase Pesta),Spesialis Tiang Jemuran (Banting Pucuk),Normal,Sideways / Stagnan,TP: 153 | CL: 137,Normal,Ideal (1:2),Netral / Sideways,Sentimen Positif 📰,Normal / Sedang Transisi,Mendekati Fibo 50.0%,7,BELI,TIDAK ADA,2026-08-21 16:40:01,Biasa / Mengikuti Pasar
16:40,VINS,Token Mati (Perlu Update),Small Cap (Lapis 3),Fair Value (Wajar),18.119614,0.9074065,144.0,141,130,168,1.4084507042253522,10312300,Tembus MA20,59,Positif,Uptrend,Bullish,Bearish MACD,Perfect Uptrend (5>20>50),Akumulasi Kuat,Akumulasi (Naik),Normal,Dominan Jual (Guyur),Squeeze,Rendah,Normal,Rawan Pucuk (High Risk),> 1 Miliar,Di Bawah VWAP (Lemah),Distribusi Pro (Guyuran),Gorengan Sepi (< 5M),Ledakan Ekstrem (> 300%),Mark-Up (Fase Pesta),Spesialis Tiang Jemuran (Banting Pucuk),Normal,Naik 1 Hari Beruntun,TP: 154 | CL: 137,Open = Low (Bullish Kuat),Ideal (1:2),Netral / Sideways,Netral / Sepi Berita,Normal / Sedang Transisi,Mendekati Fibo 50.0%,7,BELI,TIDAK ADA,2026-08-21 16:40:01,Biasa / Mengikuti Pasar
16:40,VIVA,Token Mati (Perlu Update),Small Cap (Lapis 3),Overvalued (Mahal),0.5925575,8.461669,50.0,49,35,63,-7.4074074074074066,45406300,Normal,53,Negatif,Uptrend,Bullish,Bearish MACD,Perfect Uptrend (5>20>50),Normal,Distribusi (Turun),Gap Down (-3.7%),Dominan Jual (Guyur),Normal,Tinggi,Normal,Rawan Pucuk (High Risk),> 1 Miliar,Di Bawah VWAP (Lemah),Distribusi Pro (Guyuran),Gorengan Sepi (< 5M),Normal (50-150%),Mark-Up (Fase Pesta),Normal,Normal,Turun 3 Hari Beruntun,TP: 56 | CL: 45,Open = High (Tekanan Jual),Tidak Ideal (< 1:1),Netral / Sideways,Sentimen Positif 📰,Normal / Sedang Transisi,Mendekati Fibo 38.2%,4,WAIT & SEE,TIDAK ADA,2026-08-21 16:40:01,Biasa / Mengikuti Pasar
16:40,VOKS,Token Mati (Perlu Update),Small Cap (Lapis 3),Fair Value (Wajar),0.0,1.6968243,228.0,218,196,270,-3.389830508474576,328300,Normal,55,Negatif,Uptrend,Bullish,Strong Bullish,Perfect Uptrend (5>20>50),Normal,Akumulasi (Naik),Normal,Dominan Jual (Guyur),Normal,Tinggi,Normal,Rawan Pucuk (High Risk),< 1 Miliar,Persis di VWAP,Akumulasi Pro (Smart Money),Gorengan Sepi (< 5M),Sepi (< 50%),Mark-Up (Fase Pesta),Spesialis Tiang Jemuran (Banting Pucuk),Normal,Turun 1 Hari Beruntun,TP: 255 | CL: 209,Open = High (Tekanan Jual),Menengah (1:1),Netral / Sideways,Sentimen Positif 📰,Normal / Sedang Transisi,Dekat Support Fibo 50.0%,6,WAIT & SEE,TIDAK ADA,2026-08-21 16:40:01,Biasa / Mengikuti Pasar
16:40,VRNA,Token Mati (Perlu Update),Small Cap (Lapis 3),Overvalued (Mahal),107.40203,0.5656671,74.0,75,70,84,-1.3333333333333335,439000,Normal,46,Negatif,Downtrend,Bearish,Strong Bearish,Konsolidasi / Transisi,Normal,Distribusi (Turun),Normal,Dominan Jual (Guyur),Squeeze,Rendah,Doji (Ragu-ragu),Area Tengah,< 1 Miliar,Di Bawah VWAP (Lemah),Distribusi Pro (Guyuran),Gorengan Sepi (< 5M),Sepi (< 50%),Distribution (Fase Jualan),Spesialis Tiang Jemuran (Banting Pucuk),Normal,Turun 1 Hari Beruntun,TP: 79 | CL: 70,Normal,Ideal (1:2),Golden Cross (Awal Bullish),Sentimen Positif 📰,Normal / Sedang Transisi,Mengambang (Jauh dari Fibo),1,WAIT & SEE,TIDAK ADA,2026-08-21 16:40:01,Biasa / Mengikuti Pasar
16:40,WAPO,Token Mati (Perlu Update),Small Cap (Lapis 3),Fair Value (Wajar),0.0,2.8112776,138.0,128,117,156,0.0,643800,Normal,69,Negatif,Uptrend,Bullish,Strong Bullish,Perfect Uptrend (5>20>50),Normal,Distribusi (Turun),Normal,Seimbang / Adu Mekanik,Normal,Tinggi,Normal,Rawan Pucuk (High Risk),< 1 Miliar,Persis di VWAP,Distribusi Pro (Guyuran),Gorengan Sepi (< 5M),Sepi (< 50%),Mark-Up (Fase Pesta),Spesialis Tiang Jemuran (Banting Pucuk),Normal,Sideways / Stagnan,TP: 149 | CL: 130,Normal,Tidak Ideal (< 1:1),Netral / Sideways,Sentimen Positif 📰,Normal / Sedang Transisi,Mendekati Fibo 38.2%,5,WAIT & SEE,TIDAK ADA,2026-08-21 16:40:01,Biasa / Mengikuti Pasar
16:40,WEHA,Token Mati (Perlu Update),Small Cap (Lapis 3),Undervalued (Murah),7.610994,0.6073763,107.0,106,99,117,-0.9259259259259258,3778000,Normal,51,Negatif,Uptrend,Bullish,Bearish MACD,Perfect Uptrend (5>20>50),Normal,Distribusi (Turun),Normal,Seimbang / Adu Mekanik,Normal,Sedang,Normal,Area Tengah,< 1 Miliar,Di Bawah VWAP (Lemah),Distribusi Pro (Guyuran),Gorengan Sepi (< 5M),Normal (50-150%),Mark-Up (Fase Pesta),Spesialis Tiang Jemuran (Banting Pucuk),Normal,Turun 1 Hari Beruntun,TP: 114 | CL: 102,Open = High (Tekanan Jual),Menengah (1:1),Netral / Sideways,Sentimen Positif 📰,Normal / Sedang Transisi,Mengambang (Jauh dari Fibo),4,WAIT & SEE,TIDAK ADA,2026-08-21 16:40:01,Biasa / Mengikuti Pasar
16:40,WICO,Token Mati (Perlu Update),Small Cap (Lapis 3),Fair Value (Wajar),0.0,-1.3363609,123.0,123,123,123,0.0,0,Normal,0,Negatif,Downtrend,Bearish,Bearish MACD,Konsolidasi / Transisi,Normal,Netral,Normal,Tidak Ada Transaksi,Squeeze,Rendah,Doji (Ragu-ragu),Dekat Support (Low Risk),< 1 Miliar,Di Atas VWAP (Kuat),Netral,Gorengan Sepi (< 5M),Normal (50-150%),Sideways,Solid (Jarang Dibanting),Normal,Sideways / Stagnan,TP: 124 | CL: 122,Normal,Di Area Support,Oversold (Jenuh Jual - Peluang),Netral / Sepi Berita,Normal / Sedang Transisi,Normal / Sideways,0,WAIT & SEE,TIDAK ADA,2026-08-21 16:40:01,Biasa / Mengikuti Pasar
16:40,WIIM,Token Mati (Perlu Update),Mid Cap (Lapis 2),Fair Value (Wajar),6.275847,1.530842,1730.0,1731,1570,1855,0.2898550724637681,1104100,Normal,53,Positif,Downtrend,Bullish,Bearish MACD,Perfect Uptrend (5>20>50),Normal,Distribusi (Turun),Normal,Dominan Jual (Guyur),Normal,Tinggi,Normal,Rawan Pucuk (High Risk),> 1 Miliar,Persis di VWAP,Distribusi Pro (Guyuran),Gorengan Sepi (< 5M),Normal (50-150%),Distribution (Fase Jualan),Normal,Normal,Naik 1 Hari Beruntun,TP: 1814 | CL: 1673,Open = High (Tekanan Jual),Tidak Ideal (< 1:1),Golden Cross (Awal Bullish),Sentimen Positif 📰,Normal / Sedang Transisi,Dekat Support Fibo 23.6%,4,WAIT & SEE,TIDAK ADA,2026-08-21 16:40:01,Biasa / Mengikuti Pasar
16:40,WIKA,Token Mati (Perlu Update),Mid Cap (Lapis 2),Fair Value (Wajar),0.0,-4.0231924,204.0,204,204,204,0.0,0,Normal,0,Negatif,Downtrend,Bearish,Bearish MACD,Konsolidasi / Transisi,Normal,Netral,Normal,Tidak Ada Transaksi,Squeeze,Rendah,Doji (Ragu-ragu),Dekat Support (Low Risk),< 1 Miliar,Di Atas VWAP (Kuat),Netral,Gorengan Sepi (< 5M),Normal (50-150%),Sideways,Solid (Jarang Dibanting),Normal,Sideways / Stagnan,TP: 205 | CL: 203,Normal,Di Area Support,Oversold (Jenuh Jual - Peluang),Netral / Sepi Berita,Normal / Sedang Transisi,Normal / Sideways,0,WAIT & SEE,TIDAK ADA,2026-08-21 16:40:01,Biasa / Mengikuti Pasar
16:40,WINS,Token Mati (Perlu Update),Mid Cap (Lapis 2),Overvalued (Mahal),6.067678,13000.0,520.0,513,494,535,0.0,4217600,Tembus MA20,53,Negatif,Uptrend,Bullish,Strong Bullish,Awal Reversal (5>20),Normal,Akumulasi (Naik),Normal,Seimbang / Adu Mekanik,Squeeze,Rendah,Doji (Ragu-ragu),Area Tengah,> 1 Miliar,Persis di VWAP,Distribusi Pro (Guyuran),Gorengan Sepi (< 5M),Normal (50-150%),Accumulation (Kumpul Barang),Normal,Normal,Sideways / Stagnan,TP: 543 | CL: 504,Normal,Tidak Ideal (< 1:1),Netral / Sideways,Sentimen Positif 📰,Normal / Sedang Transisi,Dekat Support Fibo 38.2%,7,BELI,TIDAK ADA,2026-08-21 16:40:01,Biasa / Mengikuti Pasar
16:40,WOMF,Token Mati (Perlu Update),Small Cap (Lapis 3),Undervalued (Murah),6.262672,0.4880318,278.0,264,246,306,-2.797202797202797,152100,Normal,62,Negatif,Uptrend,Bullish,Strong Bullish,Perfect Uptrend (5>20>50),Normal,Akumulasi (Naik),Normal,Dominan Jual (Guyur),Normal,Tinggi,Normal,Rawan Pucuk (High Risk),< 1 Miliar,Di Bawah VWAP (Lemah),Akumulasi Pro (Smart Money),Gorengan Sepi (< 5M),Sepi (< 50%),Mark-Up (Fase Pesta),Spesialis Tiang Jemuran (Banting Pucuk),Normal,Turun 1 Hari Beruntun,TP: 296 | CL: 265,Normal,Tidak Ideal (< 1:1),Death Cross (Awal Bearish),Sentimen Positif 📰,Normal / Sedang Transisi,Dekat Support Fibo 38.2%,6,WAIT & SEE,TIDAK ADA,2026-08-21 16:40:01,Biasa / Mengikuti Pasar
16:40,WTON,Token Mati (Perlu Update),Small Cap (Lapis 3),Fair Value (Wajar),17.710583,0.19691847,82.0,77,73,95,0.0,5900100,Normal,62,Negatif,Uptrend,Bullish,Strong Bullish,Perfect Uptrend (5>20>50),Normal,Akumulasi (Naik),Normal,Dominan Beli (Hajar Kanan),Normal,Tinggi,Doji (Ragu-ragu),Rawan Pucuk (High Risk),< 1 Miliar,Di Atas VWAP (Kuat),Akumulasi Pro (Smart Money),Gorengan Sepi (< 5M),Sepi (< 50%),Mark-Up (Fase Pesta),Normal,Jarum Bawah (Sinyal Pantulan Kuat),Sideways / Stagnan,TP: 88 | CL: 77,Normal,Menengah (1:1),Golden Cross (Awal Bullish),Sentimen Positif 📰,Normal / Sedang Transisi,Golden Rebound Fibo 38.2% 🎯,7,BELI,TIDAK ADA,2026-08-21 16:40:01,Biasa / Mengikuti Pasar
16:40,YPAS,Token Mati (Perlu Update),Small Cap (Lapis 3),Overvalued (Mahal),40.404037,8.008267,1480.0,833,550,1765,1.023890784982935,1620800,Tembus MA20,92,Positif,Uptrend,Bullish,Strong Bullish,Perfect Uptrend (5>20>50),Distribusi Kuat,Akumulasi (Naik),Gap Up (+5.5%),Dominan Jual (Guyur),Normal,Tinggi,Normal,Rawan Pucuk (High Risk),> 1 Miliar,Di Atas VWAP (Kuat),Akumulasi Pro (Smart Money),Gorengan Sepi (< 5M),Anomali Tinggi (150-300%),Mark-Up (Fase Pesta),Spesialis Tiang Jemuran (Banting Pucuk),Normal,Naik 2 Hari Beruntun,TP: 1712 | CL: 1325,Normal,Tidak Ideal (< 1:1),Death Cross (Awal Bearish),Netral / Sepi Berita,Normal / Sedang Transisi,Dekat Support Fibo 23.6%,8,BELI,TIDAK ADA,2026-08-21 16:40:01,Biasa / Mengikuti Pasar
16:40,YULE,Token Mati (Perlu Update),Mid Cap (Lapis 2),Overvalued (Mahal),78.51146,7.945876,3460.0,3452,3260,3780,-0.2881844380403458,200,Normal,53,Negatif,Uptrend,Bullish,Bearish MACD,Perfect Uptrend (5>20>50),Normal,Akumulasi (Naik),Normal,Dominan Beli (Hajar Kanan),Squeeze,Rendah,Marubozu (Strong Bullish),Area Tengah,< 1 Miliar,Persis di VWAP,Akumulasi Pro (Smart Money),Gorengan Sepi (< 5M),Sepi (< 50%),Mark-Up (Fase Pesta),Normal,Normal,Turun 4 Hari Beruntun,TP: 3656 | CL: 3329,Open = Low (Bullish Kuat),Ideal (1:2),Netral / Sideways,Sentimen Positif 📰,Supply Kering (Siap Pump) 🏜️,Golden Rebound Fibo 61.8% (Golden Ratio) 🎯,6,WAIT & SEE,TIDAK ADA,2026-08-21 16:40:01,Biasa / Mengikuti Pasar
16:40,ZBRA,Token Mati (Perlu Update),Small Cap (Lapis 3),Fair Value (Wajar),0.0,0.11446389,50.0,50,50,50,0.0,0,Normal,0,Negatif,Downtrend,Bearish,Bearish MACD,Konsolidasi / Transisi,Normal,Netral,Normal,Tidak Ada Transaksi,Squeeze,Rendah,Doji (Ragu-ragu),Dekat Support (Low Risk),< 1 Miliar,Di Atas VWAP (Kuat),Netral,Gorengan Sepi (< 5M),Normal (50-150%),Sideways,Solid (Jarang Dibanting),Normal,Sideways / Stagnan,TP: 51 | CL: 49,Normal,Di Area Support,Oversold (Jenuh Jual - Peluang),Netral / Sepi Berita,Normal / Sedang Transisi,Normal / Sideways,0,WAIT & SEE,TIDAK ADA,2026-08-21 16:40:01,Biasa / Mengikuti Pasar
16:40,SHIP,Token Mati (Perlu Update),Mid Cap (Lapis 2),Overvalued (Mahal),22.040422,40175.438,2290.0,2108,1700,2430,6.018518518518518,130700,Tembus MA20,63,Positif,Uptrend,Bullish,Bearish MACD,Perfect Uptrend (5>20>50),Normal,Distribusi (Turun),Normal,Dominan Beli (Hajar Kanan),Normal,Tinggi,Normal,Rawan Pucuk (High Risk),< 1 Miliar,Di Atas VWAP (Kuat),Akumulasi Pro (Smart Money),Gorengan Sepi (< 5M),Normal (50-150%),Mark-Up (Fase Pesta),Normal,Normal,Naik 1 Hari Beruntun,TP: 2569 | CL: 2103,Normal,Tidak Ideal (< 1:1),Netral / Sideways,Sentimen Negatif ⚠️,Normal / Sedang Transisi,Mendekati Fibo 23.6%,6,WAIT & SEE,TIDAK ADA,2026-08-21 16:40:01,Biasa / Mengikuti Pasar
16:40,CASA,Token Mati (Perlu Update),Big Cap (Lapis 1),Overvalued (Mahal),676.5799,12.107343,1820.0,1829,1795,2080,-5.208333333333334,187500,Tembus MA20,50,Negatif,Downtrend,Bullish,Strong Bullish,Perfect Uptrend (5>20>50),Distribusi Kuat,Distribusi (Turun),Normal,Dominan Jual (Guyur),Squeeze,Rendah,Normal,Dekat Support (Low Risk),< 1 Miliar,Di Bawah VWAP (Lemah),Distribusi Pro (Guyuran),Gorengan Sepi (< 5M),Ledakan Ekstrem (> 300%),Distribution (Fase Jualan),Normal,Normal,Turun 1 Hari Beruntun,TP: 1912 | CL: 1758,Normal,Sangat Menarik (> 1:3),Netral / Sideways,Netral / Sepi Berita,Supply Banjir (Distribusi) 🌊,Mendekati Fibo 50.0%,3,WAIT & SEE,TIDAK ADA,2026-08-21 16:40:01,Biasa / Mengikuti Pasar
16:40,DAYA,Token Mati (Perlu Update),Mid Cap (Lapis 2),Overvalued (Mahal),24.815723,12.796148,1010.0,992,920,1025,0.4975124378109453,4300,Normal,58,Positif,Uptrend,Bullish,Strong Bullish,Awal Reversal (5>20),Normal,Akumulasi (Naik),Normal,Dominan Beli (Hajar Kanan),Squeeze,Rendah,Doji (Ragu-ragu),Area Tengah,< 1 Miliar,Di Atas VWAP (Kuat),Akumulasi Pro (Smart Money),Gorengan Sepi (< 5M),Sepi (< 50%),Accumulation (Kumpul Barang),Solid (Jarang Dibanting),Jarum Bawah (Sinyal Pantulan Kuat),Naik 1 Hari Beruntun,TP: 1071 | CL: 969,Normal,Tidak Ideal (< 1:1),Overbought (Jenuh Beli - Rawan),Sentimen Positif 📰,Normal / Sedang Transisi,Golden Rebound Fibo 50.0% 🎯,8,BELI,TIDAK ADA,2026-08-21 16:40:01,Biasa / Mengikuti Pasar
16:40,DPUM,Token Mati (Perlu Update),Small Cap (Lapis 3),Fair Value (Wajar),0.0,1.1045655,93.0,97,90,106,-4.123711340206185,19269400,Tembus MA20,37,Negatif,Downtrend,Bearish,Bullish MACD,Strong Downtrend (5<20<50),Normal,Distribusi (Turun),Normal,Seimbang / Adu Mekanik,Normal,Sedang,Normal,Area Tengah,> 1 Miliar,Di Bawah VWAP (Lemah),Distribusi Pro (Guyuran),Gorengan Sepi (< 5M),Anomali Tinggi (150-300%),Mark-Down (Fase Runtuh),Spesialis Tiang Jemuran (Banting Pucuk),Normal,Turun 2 Hari Beruntun,TP: 99 | CL: 88,Normal,Sangat Menarik (> 1:3),Netral / Sideways,Sentimen Positif 📰,Normal / Sedang Transisi,Mengambang (Jauh dari Fibo),3,WAIT & SEE,TIDAK ADA,2026-08-21 16:40:01,Biasa / Mengikuti Pasar
16:40,IDPR,Token Mati (Perlu Update),Small Cap (Lapis 3),Fair Value (Wajar),16.189291,0.74824667,260.0,276,254,298,-0.7633587786259541,13300,Normal,29,Negatif,Downtrend,Bearish,Strong Bearish,Strong Downtrend (5<20<50),Normal,Distribusi (Turun),Normal,Dominan Jual (Guyur),Normal,Tinggi,Doji (Ragu-ragu),Dekat Support (Low Risk),< 1 Miliar,Persis di VWAP,Distribusi Pro (Guyuran),Gorengan Sepi (< 5M),Sepi (< 50%),Mark-Down (Fase Runtuh),Normal,Normal,Turun 1 Hari Beruntun,TP: 276 | CL: 248,Normal,Sangat Menarik (> 1:3),Oversold (Jenuh Jual - Peluang),Sentimen Positif 📰,Normal / Sedang Transisi,Golden Rebound Fibo Bottom / 100% 🎯,1,WAIT & SEE,TIDAK ADA,2026-08-21 16:40:01,Biasa / Mengikuti Pasar
16:40,JGLE,Token Mati (Perlu Update),Mid Cap (Lapis 2),Fair Value (Wajar),0.0,1.8984138,90.0,80,58,109,-1.098901098901099,682938400,Normal,64,Negatif,Uptrend,Bullish,Bearish MACD,Perfect Uptrend (5>20>50),Normal,Distribusi (Turun),Normal,Dominan Jual (Guyur),Normal,Tinggi,Normal,Rawan Pucuk (High Risk),> 1 Miliar,Persis di VWAP,Akumulasi Pro (Smart Money),Sultan (> 50M/hari),Normal (50-150%),Mark-Up (Fase Pesta),Spesialis Tiang Jemuran (Banting Pucuk),Normal,Turun 1 Hari Beruntun,TP: 106 | CL: 78,Normal,Tidak Ideal (< 1:1),Death Cross (Awal Bearish),Netral / Sepi Berita,Normal / Sedang Transisi,Mendekati Fibo 38.2%,3,WAIT & SEE,TIDAK ADA,2026-08-21 16:40:01,🔥 ANOMALI BANDAR (Siap Ledakan)
16:40,KINO,Token Mati (Perlu Update),Mid Cap (Lapis 2),Undervalued (Murah),8.481421,1.0431696,1385.0,1279,1145,1415,6.538461538461539,145500,Tembus MA20,74,Positif,Uptrend,Bullish,Strong Bullish,Perfect Uptrend (5>20>50),Akumulasi Kuat,Akumulasi (Naik),Normal,Dominan Beli (Hajar Kanan),Normal,Tinggi,Normal,Rawan Pucuk (High Risk),< 1 Miliar,Di Atas VWAP (Kuat),Akumulasi Pro (Smart Money),Gorengan Sepi (< 5M),Ledakan Ekstrem (> 300%),Mark-Up (Fase Pesta),Normal,Normal,Naik 1 Hari Beruntun,TP: 1473 | CL: 1325,Normal,Tidak Ideal (< 1:1),Netral / Sideways,Sentimen Positif 📰,Normal / Sedang Transisi,Mendekati Fibo 23.6%,10,BELI,TIDAK ADA,2026-08-21 16:40:01,Biasa / Mengikuti Pasar
16:40,MARI,Token Mati (Perlu Update),Small Cap (Lapis 3),Overvalued (Mahal),0.0,13.739546,23.0,23,23,23,0.0,0,Normal,42,Negatif,Downtrend,Bearish,Bullish MACD,Konsolidasi / Transisi,Normal,Netral,Normal,Tidak Ada Transaksi,Squeeze,Rendah,Doji (Ragu-ragu),Dekat Support (Low Risk),< 1 Miliar,Di Atas VWAP (Kuat),Netral,Gorengan Sepi (< 5M),Normal (50-150%),Sideways,Solid (Jarang Dibanting),Normal,Sideways / Stagnan,TP: 24 | CL: 22,Normal,Di Area Support,Oversold (Jenuh Jual - Peluang),Netral / Sepi Berita,Normal / Sedang Transisi,Mendekati Fibo Bottom / 100%,1,WAIT & SEE,TIDAK ADA,2026-08-21 16:40:01,Biasa / Mengikuti Pasar
16:40,MKNT,Token Mati (Perlu Update),Small Cap (Lapis 3),Fair Value (Wajar),0.0,-0.5627462,1.0,1,1,1,0.0,0,Normal,0,Negatif,Downtrend,Bearish,Bearish MACD,Konsolidasi / Transisi,Normal,Netral,Normal,Tidak Ada Transaksi,Squeeze,Rendah,Doji (Ragu-ragu),Dekat Support (Low Risk),< 1 Miliar,Di Atas VWAP (Kuat),Netral,Gorengan Sepi (< 5M),Normal (50-150%),Sideways,Solid (Jarang Dibanting),Normal,Sideways / Stagnan,TP: 2 | CL: 0,Normal,Di Area Support,Oversold (Jenuh Jual - Peluang),Netral / Sepi Berita,Normal / Sedang Transisi,Normal / Sideways,0,WAIT & SEE,TIDAK ADA,2026-08-21 16:40:01,Biasa / Mengikuti Pasar
16:40,OASA,Token Mati (Perlu Update),Mid Cap (Lapis 2),Overvalued (Mahal),0.0,3.9285583,322.0,327,304,364,1.257861635220126,44456000,Tembus MA20,51,Positif,Downtrend,Bearish,Bearish MACD,Konsolidasi / Transisi,Normal,Akumulasi (Naik),Normal,Seimbang / Adu Mekanik,Normal,Tinggi,Normal,Area Tengah,> 1 Miliar,Persis di VWAP,Distribusi Pro (Guyuran),Ritel Aktif (5M - 50M),Anomali Tinggi (150-300%),Distribution (Fase Jualan),Normal,Normal,Naik 2 Hari Beruntun,TP: 346 | CL: 305,Normal,Ideal (1:2),Golden Cross (Awal Bullish),Netral / Sepi Berita,Normal / Sedang Transisi,Dekat Support Fibo 50.0%,4,WAIT & SEE,TIDAK ADA,2026-08-21 16:40:01,Biasa / Mengikuti Pasar
16:40,POWR,Token Mati (Perlu Update),Big Cap (Lapis 1),Overvalued (Mahal),10.604522,18555.555,840.0,766,715,850,0.5988023952095809,4518000,Normal,77,Positif,Uptrend,Bullish,Strong Bullish,Perfect Uptrend (5>20>50),Normal,Akumulasi (Naik),Normal,Seimbang / Adu Mekanik,Normal,Tinggi,Normal,Rawan Pucuk (High Risk),> 1 Miliar,Di Atas VWAP (Kuat),Akumulasi Pro (Smart Money),Gorengan Sepi (< 5M),Normal (50-150%),Mark-Up (Fase Pesta),Solid (Jarang Dibanting),Normal,Naik 2 Hari Beruntun,TP: 878 | CL: 814,Normal,Tidak Ideal (< 1:1),Overbought (Jenuh Beli - Rawan),Sentimen Positif 📰,Normal / Sedang Transisi,Mendekati Fibo 23.6%,7,BELI,TIDAK ADA,2026-08-21 16:40:01,Biasa / Mengikuti Pasar
16:40,INCF,Token Mati (Perlu Update),Small Cap (Lapis 3),Fair Value (Wajar),0.0,0.56667495,50.0,50,50,50,0.0,0,Normal,0,Negatif,Downtrend,Bearish,Bearish MACD,Konsolidasi / Transisi,Normal,Netral,Normal,Tidak Ada Transaksi,Squeeze,Rendah,Doji (Ragu-ragu),Dekat Support (Low Risk),< 1 Miliar,Di Atas VWAP (Kuat),Netral,Gorengan Sepi (< 5M),Normal (50-150%),Sideways,Solid (Jarang Dibanting),Normal,Sideways / Stagnan,TP: 51 | CL: 49,Normal,Di Area Support,Oversold (Jenuh Jual - Peluang),Netral / Sepi Berita,Normal / Sedang Transisi,Golden Rebound Fibo Bottom / 100% 🎯,0,WAIT & SEE,TIDAK ADA,2026-08-21 16:40:01,Biasa / Mengikuti Pasar
16:40,WSBP,Token Mati (Perlu Update),Small Cap (Lapis 3),Fair Value (Wajar),0.0,-0.3427844,14.0,14,14,14,0.0,0,Normal,47,Negatif,Downtrend,Bearish,Bullish MACD,Konsolidasi / Transisi,Normal,Netral,Normal,Tidak Ada Transaksi,Squeeze,Rendah,Doji (Ragu-ragu),Dekat Support (Low Risk),< 1 Miliar,Di Atas VWAP (Kuat),Netral,Gorengan Sepi (< 5M),Normal (50-150%),Sideways,Solid (Jarang Dibanting),Normal,Sideways / Stagnan,TP: 15 | CL: 13,Normal,Di Area Support,Oversold (Jenuh Jual - Peluang),Netral / Sepi Berita,Normal / Sedang Transisi,Golden Rebound Fibo 50.0% 🎯,1,WAIT & SEE,TIDAK ADA,2026-08-21 16:40:01,Biasa / Mengikuti Pasar
16:40,PBSA,Token Mati (Perlu Update),Mid Cap (Lapis 2),Overvalued (Mahal),10.3031025,3.3886683,860.0,786,715,925,1.1764705882352942,1071700,Normal,61,Positif,Uptrend,Bullish,Strong Bullish,Perfect Uptrend (5>20>50),Normal,Distribusi (Turun),Normal,Seimbang / Adu Mekanik,Normal,Tinggi,Normal,Rawan Pucuk (High Risk),< 1 Miliar,Persis di VWAP,Akumulasi Pro (Smart Money),Gorengan Sepi (< 5M),Normal (50-150%),Mark-Up (Fase Pesta),Spesialis Tiang Jemuran (Banting Pucuk),Normal,Naik 1 Hari Beruntun,TP: 940 | CL: 806,Normal,Tidak Ideal (< 1:1),Netral / Sideways,Sentimen Positif 📰,Normal / Sedang Transisi,Mendekati Fibo 23.6%,6,WAIT & SEE,TIDAK ADA,2026-08-21 16:40:01,Biasa / Mengikuti Pasar
16:40,PRDA,Token Mati (Perlu Update),Mid Cap (Lapis 2),Undervalued (Murah),10.603965,0.9622242,2520.0,2392,2300,2600,-1.5625,643500,Normal,62,Negatif,Uptrend,Bullish,Strong Bullish,Awal Reversal (5>20),Normal,Akumulasi (Naik),Normal,Dominan Jual (Guyur),Breakout Upper,Sedang,Normal,Area Tengah,> 1 Miliar,Di Atas VWAP (Kuat),Akumulasi Pro (Smart Money),Gorengan Sepi (< 5M),Normal (50-150%),Accumulation (Kumpul Barang),Normal,Normal,Turun 1 Hari Beruntun,TP: 2613 | CL: 2457,Open = High (Tekanan Jual),Tidak Ideal (< 1:1),Death Cross (Awal Bearish),Netral / Sepi Berita,Supply Banjir (Distribusi) 🌊,Dekat Support Fibo 61.8% (Golden Ratio),5,WAIT & SEE,TIDAK ADA,2026-08-21 16:40:01,Biasa / Mengikuti Pasar
16:40,BOGA,Token Mati (Perlu Update),Mid Cap (Lapis 2),Overvalued (Mahal),1436.3636,13.256479,1580.0,1606,1500,2000,0.9584664536741214,14900,Normal,50,Positif,Downtrend,Bearish,Bearish MACD,Konsolidasi / Transisi,Normal,Akumulasi (Naik),Gap Up (+5.1%),Seimbang / Adu Mekanik,Normal,Tinggi,Normal,Area Tengah,< 1 Miliar,Di Bawah VWAP (Lemah),Distribusi Pro (Guyuran),Gorengan Sepi (< 5M),Sepi (< 50%),Distribution (Fase Jualan),Spesialis Tiang Jemuran (Banting Pucuk),Normal,Naik 2 Hari Beruntun,TP: 1836 | CL: 1408,Normal,Sangat Menarik (> 1:3),Oversold (Jenuh Jual - Peluang),Sentimen Positif 📰,Normal / Sedang Transisi,Golden Rebound Fibo 38.2% 🎯,4,WAIT & SEE,TIDAK ADA,2026-08-21 16:40:01,Biasa / Mengikuti Pasar
16:40,BRIS,Token Mati (Perlu Update),Big Cap (Lapis 1),Fair Value (Wajar),10.55679,1.640037,1810.0,1795,1750,1890,2.2598870056497176,20368300,Tembus MA20,52,Positif,Uptrend,Bearish,Strong Bearish,Konsolidasi / Transisi,Normal,Akumulasi (Naik),Normal,Dominan Beli (Hajar Kanan),Squeeze,Rendah,Normal,Area Tengah,> 1 Miliar,Di Atas VWAP (Kuat),Distribusi Pro (Guyuran),Ritel Aktif (5M - 50M),Normal (50-150%),Mark-Up (Fase Pesta),Spesialis Tiang Jemuran (Banting Pucuk),Normal,Naik 2 Hari Beruntun,TP: 1864 | CL: 1773,Normal,Menengah (1:1),Netral / Sideways,Netral / Sepi Berita,Normal / Sedang Transisi,Dekat Support Fibo 50.0%,6,WAIT & SEE,TIDAK ADA,2026-08-21 16:40:01,Biasa / Mengikuti Pasar
16:40,PORT,Token Mati (Perlu Update),Mid Cap (Lapis 2),Fair Value (Wajar),16.567621,2.0715075,920.0,883,825,1085,2.2222222222222223,306300,Tembus MA20,56,Positif,Uptrend,Bullish,Strong Bullish,Perfect Uptrend (5>20>50),Normal,Akumulasi (Naik),Gap Up (+2.2%),Dominan Jual (Guyur),Normal,Sedang,Doji (Ragu-ragu),Rawan Pucuk (High Risk),< 1 Miliar,Di Bawah VWAP (Lemah),Distribusi Pro (Guyuran),Gorengan Sepi (< 5M),Ledakan Ekstrem (> 300%),Mark-Up (Fase Pesta),Spesialis Tiang Jemuran (Banting Pucuk),Normal,Naik 1 Hari Beruntun,TP: 1035 | CL: 843,Normal,Ideal (1:2),Golden Cross (Awal Bullish),Sentimen Negatif ⚠️,Normal / Sedang Transisi,Dekat Support Fibo 61.8% (Golden Ratio),8,BELI,TIDAK ADA,2026-08-21 16:40:01,Biasa / Mengikuti Pasar
16:40,CARS,Token Mati (Perlu Update),Mid Cap (Lapis 2),Undervalued (Murah),9.249084,1.3755158,101.0,91,87,113,5.208333333333334,46164300,Tembus MA20,73,Positif,Uptrend,Bullish,Strong Bullish,Perfect Uptrend (5>20>50),Akumulasi Kuat,Akumulasi (Naik),Normal,Dominan Jual (Guyur),Breakout Upper,Sedang,Normal,Rawan Pucuk (High Risk),> 1 Miliar,Persis di VWAP,Distribusi Pro (Guyuran),Gorengan Sepi (< 5M),Ledakan Ekstrem (> 300%),Mark-Up (Fase Pesta),Spesialis Tiang Jemuran (Banting Pucuk),Normal,Naik 2 Hari Beruntun,TP: 108 | CL: 95,Open = Low (Bullish Kuat),Tidak Ideal (< 1:1),Netral / Sideways,Sentimen Negatif ⚠️,Normal / Sedang Transisi,Mendekati Fibo 38.2%,8,BELI,TIDAK ADA,2026-08-21 16:40:01,Biasa / Mengikuti Pasar
16:40,MINA,Token Mati (Perlu Update),Mid Cap (Lapis 2),Overvalued (Mahal),0.0,11.159135,282.0,270,252,302,3.6764705882352944,352927700,Tembus MA20,56,Positif,Uptrend,Golden Cross,Bullish MACD,Awal Reversal (5>20),Akumulasi Kuat,Akumulasi (Naik),Gap Up (+2.2%),Dominan Jual (Guyur),Squeeze,Rendah,Normal,Rawan Pucuk (High Risk),> 1 Miliar,Persis di VWAP,Distribusi Pro (Guyuran),Ritel Aktif (5M - 50M),Ledakan Ekstrem (> 300%),Accumulation (Kumpul Barang),Spesialis Tiang Jemuran (Banting Pucuk),Normal,Naik 1 Hari Beruntun,TP: 298 | CL: 270,Open = Low (Bullish Kuat),Tidak Ideal (< 1:1),Death Cross (Awal Bearish),Netral / Sepi Berita,Normal / Sedang Transisi,Dekat Support Fibo 61.8% (Golden Ratio),9,BELI,TIDAK ADA,2026-08-21 16:40:01,🔥 ANOMALI BANDAR (Siap Ledakan)
16:40,CLEO,Token Mati (Perlu Update),Mid Cap (Lapis 2),Overvalued (Mahal),22.641508,3.9092817,408.0,383,370,416,0.9900990099009901,9107300,Tembus MA20,68,Positif,Uptrend,Bullish,Strong Bullish,Perfect Uptrend (5>20>50),Normal,Akumulasi (Naik),Normal,Dominan Beli (Hajar Kanan),Breakout Upper,Sedang,Normal,Rawan Pucuk (High Risk),> 1 Miliar,Di Atas VWAP (Kuat),Akumulasi Pro (Smart Money),Gorengan Sepi (< 5M),Normal (50-150%),Mark-Up (Fase Pesta),Normal,Normal,Naik 2 Hari Beruntun,TP: 423 | CL: 397,Normal,Tidak Ideal (< 1:1),Netral / Sideways,Sentimen Positif 📰,Normal / Sedang Transisi,Mendekati Fibo 23.6%,9,BELI,TIDAK ADA,2026-08-21 16:40:01,Biasa / Mengikuti Pasar
16:40,TAMU,Token Mati (Perlu Update),Mid Cap (Lapis 2),Fair Value (Wajar),0.0,0.0,27.0,23,20,29,8.0,8947500,Tembus MA20,62,Positif,Uptrend,Bullish,Strong Bullish,Perfect Uptrend (5>20>50),Normal,Distribusi (Turun),Gap Up (+8.0%),Tidak Ada Transaksi,Normal,Tinggi,Doji (Ragu-ragu),Rawan Pucuk (High Risk),< 1 Miliar,Di Atas VWAP (Kuat),Distribusi Pro (Guyuran),Gorengan Sepi (< 5M),Normal (50-150%),Mark-Up (Fase Pesta),Normal,Normal,Naik 2 Hari Beruntun,TP: 29 | CL: 25,Normal,Tidak Ideal (< 1:1),Netral / Sideways,Netral / Sepi Berita,Normal / Sedang Transisi,Mendekati Fibo 23.6%,7,BELI,TIDAK ADA,2026-08-21 16:40:01,Biasa / Mengikuti Pasar
16:40,CSIS,Token Mati (Perlu Update),Small Cap (Lapis 3),Overvalued (Mahal),33.2466,1.0736275,230.0,197,173,236,0.8771929824561403,2309400,Normal,83,Positif,Uptrend,Bullish,Strong Bullish,Perfect Uptrend (5>20>50),Normal,Akumulasi (Naik),Gap Up (+3.5%),Seimbang / Adu Mekanik,Normal,Tinggi,Normal,Rawan Pucuk (High Risk),< 1 Miliar,Di Atas VWAP (Kuat),Akumulasi Pro (Smart Money),Gorengan Sepi (< 5M),Normal (50-150%),Mark-Up (Fase Pesta),Spesialis Tiang Jemuran (Banting Pucuk),Normal,Naik 2 Hari Beruntun,TP: 249 | CL: 217,Open = High (Tekanan Jual),Tidak Ideal (< 1:1),Overbought (Jenuh Beli - Rawan),Netral / Sepi Berita,Normal / Sedang Transisi,Mengambang (Jauh dari Fibo),7,BELI,TIDAK ADA,2026-08-21 16:40:01,Biasa / Mengikuti Pasar
16:40,TGRA,Token Mati (Perlu Update),Small Cap (Lapis 3),Fair Value (Wajar),0.0,0.2933061,27.0,27,27,27,0.0,0,Normal,0,Negatif,Downtrend,Bearish,Bearish MACD,Konsolidasi / Transisi,Normal,Netral,Normal,Tidak Ada Transaksi,Squeeze,Rendah,Doji (Ragu-ragu),Dekat Support (Low Risk),< 1 Miliar,Di Atas VWAP (Kuat),Netral,Gorengan Sepi (< 5M),Normal (50-150%),Sideways,Solid (Jarang Dibanting),Normal,Sideways / Stagnan,TP: 28 | CL: 26,Normal,Di Area Support,Oversold (Jenuh Jual - Peluang),Netral / Sepi Berita,Normal / Sedang Transisi,Normal / Sideways,0,WAIT & SEE,TIDAK ADA,2026-08-21 16:40:01,Biasa / Mengikuti Pasar
16:40,FIRE,Token Mati (Perlu Update),Small Cap (Lapis 3),Fair Value (Wajar),22.355288,0.6835228,112.0,107,104,124,5.660377358490567,124266400,Tembus MA20,59,Positif,Uptrend,Golden Cross,Bearish MACD,Perfect Uptrend (5>20>50),Akumulasi Kuat,Akumulasi (Naik),Normal,Seimbang / Adu Mekanik,Squeeze,Rendah,Normal,Area Tengah,> 1 Miliar,Persis di VWAP,Distribusi Pro (Guyuran),Gorengan Sepi (< 5M),Ledakan Ekstrem (> 300%),Mark-Up (Fase Pesta),Spesialis Tiang Jemuran (Banting Pucuk),Normal,Naik 1 Hari Beruntun,TP: 120 | CL: 106,Normal,Ideal (1:2),Golden Cross (Awal Bullish),Netral / Sepi Berita,Normal / Sedang Transisi,Mendekati Fibo 38.2%,7,BELI,TIDAK ADA,2026-08-21 16:40:01,Biasa / Mengikuti Pasar
16:40,TOPS,Token Mati (Perlu Update),Small Cap (Lapis 3),Fair Value (Wajar),0.0,0.08019889,1.0,1,1,1,0.0,0,Normal,0,Negatif,Downtrend,Bearish,Bearish MACD,Konsolidasi / Transisi,Normal,Netral,Normal,Tidak Ada Transaksi,Squeeze,Rendah,Doji (Ragu-ragu),Dekat Support (Low Risk),< 1 Miliar,Di Atas VWAP (Kuat),Netral,Gorengan Sepi (< 5M),Normal (50-150%),Sideways,Solid (Jarang Dibanting),Normal,Sideways / Stagnan,TP: 2 | CL: 0,Normal,Di Area Support,Oversold (Jenuh Jual - Peluang),Netral / Sepi Berita,Normal / Sedang Transisi,Normal / Sideways,0,WAIT & SEE,TIDAK ADA,2026-08-21 16:40:01,Biasa / Mengikuti Pasar
16:40,KMTR,Token Mati (Perlu Update),Mid Cap (Lapis 2),Fair Value (Wajar),0.0,0.9209243,238.0,233,220,260,1.7094017094017095,286700,Tembus MA20,56,Positif,Uptrend,Bearish,Strong Bullish,Konsolidasi / Transisi,Normal,Akumulasi (Naik),Normal,Seimbang / Adu Mekanik,Normal,Sedang,Normal,Area Tengah,< 1 Miliar,Di Atas VWAP (Kuat),Distribusi Pro (Guyuran),Gorengan Sepi (< 5M),Normal (50-150%),Mark-Up (Fase Pesta),Spesialis Tiang Jemuran (Banting Pucuk),Normal,Naik 3 Hari Beruntun,TP: 249 | CL: 230,Open = Low (Bullish Kuat),Menengah (1:1),Netral / Sideways,Netral / Sepi Berita,Normal / Sedang Transisi,Dekat Support Fibo 50.0%,6,WAIT & SEE,TIDAK ADA,2026-08-21 16:40:01,Biasa / Mengikuti Pasar
16:40,MAPB,Token Mati (Perlu Update),Mid Cap (Lapis 2),Fair Value (Wajar),0.0,2.1994066,1175.0,1154,1000,1225,0.0,1100,Normal,53,Negatif,Uptrend,Bearish,Bearish MACD,Konsolidasi / Transisi,Normal,Akumulasi (Naik),Normal,Tidak Ada Transaksi,Normal,Tinggi,Doji (Ragu-ragu),Rawan Pucuk (High Risk),< 1 Miliar,Di Atas VWAP (Kuat),Distribusi Pro (Guyuran),Gorengan Sepi (< 5M),Sepi (< 50%),Mark-Up (Fase Pesta),Solid (Jarang Dibanting),Normal,Sideways / Stagnan,TP: 1286 | CL: 1100,Normal,Tidak Ideal (< 1:1),Netral / Sideways,Sentimen Positif 📰,Normal / Sedang Transisi,Dekat Support Fibo 50.0%,4,WAIT & SEE,TIDAK ADA,2026-08-21 16:40:01,Biasa / Mengikuti Pasar
16:40,WOOD,Token Mati (Perlu Update),Mid Cap (Lapis 2),Fair Value (Wajar),24.269665,0.30062297,214.0,222,204,260,-0.9259259259259258,1408100,Normal,47,Negatif,Downtrend,Bearish,Strong Bearish,Konsolidasi / Transisi,Normal,Akumulasi (Naik),Normal,Seimbang / Adu Mekanik,Normal,Tinggi,Normal,Area Tengah,< 1 Miliar,Persis di VWAP,Akumulasi Pro (Smart Money),Gorengan Sepi (< 5M),Sepi (< 50%),Distribution (Fase Jualan),Normal,Normal,Turun 2 Hari Beruntun,TP: 230 | CL: 203,Open = High (Tekanan Jual),Sangat Menarik (> 1:3),Netral / Sideways,Sentimen Negatif ⚠️,Normal / Sedang Transisi,Dekat Support Fibo 61.8% (Golden Ratio),1,WAIT & SEE,TIDAK ADA,2026-08-21 16:40:01,Biasa / Mengikuti Pasar
16:40,HRTA,Token Mati (Perlu Update),Big Cap (Lapis 1),Fair Value (Wajar),8.172877,2.9093025,2350.0,2056,1805,2380,0.4273504273504274,14787100,Normal,69,Positif,Uptrend,Bullish,Strong Bullish,Perfect Uptrend (5>20>50),Normal,Akumulasi (Naik),Normal,Dominan Beli (Hajar Kanan),Normal,Tinggi,Normal,Rawan Pucuk (High Risk),> 1 Miliar,Di Atas VWAP (Kuat),Akumulasi Pro (Smart Money),Ritel Aktif (5M - 50M),Normal (50-150%),Mark-Up (Fase Pesta),Normal,Jarum Bawah (Sinyal Pantulan Kuat),Naik 2 Hari Beruntun,TP: 2518 | CL: 2237,Normal,Tidak Ideal (< 1:1),Overbought (Jenuh Beli - Rawan),Sentimen Positif 📰,Normal / Sedang Transisi,Mendekati Fibo 23.6%,8,BELI,TIDAK ADA,2026-08-21 16:40:01,Biasa / Mengikuti Pasar
16:40,HOKI,Token Mati (Perlu Update),Small Cap (Lapis 3),Fair Value (Wajar),0.0,1.0342011,57.0,54,53,60,3.6363636363636362,85839000,Tembus MA20,62,Positif,Uptrend,Bullish,Strong Bullish,Perfect Uptrend (5>20>50),Akumulasi Kuat,Akumulasi (Naik),Normal,Seimbang / Adu Mekanik,Normal,Sedang,Normal,Area Tengah,> 1 Miliar,Persis di VWAP,Akumulasi Pro (Smart Money),Gorengan Sepi (< 5M),Ledakan Ekstrem (> 300%),Mark-Up (Fase Pesta),Normal,Normal,Naik 1 Hari Beruntun,TP: 60 | CL: 54,Normal,Tidak Ideal (< 1:1),Death Cross (Awal Bearish),Sentimen Positif 📰,Normal / Sedang Transisi,Dekat Support Fibo 50.0%,9,BELI,TIDAK ADA,2026-08-21 16:40:01,Biasa / Mengikuti Pasar
16:40,MPOW,Token Mati (Perlu Update),Small Cap (Lapis 3),Fair Value (Wajar),16.27129,0.9091064,106.0,105,99,110,0.0,1622600,Normal,56,Negatif,Uptrend,Bullish,Bearish MACD,Perfect Uptrend (5>20>50),Normal,Akumulasi (Naik),Normal,Seimbang / Adu Mekanik,Squeeze,Rendah,Normal,Area Tengah,< 1 Miliar,Persis di VWAP,Distribusi Pro (Guyuran),Gorengan Sepi (< 5M),Normal (50-150%),Mark-Up (Fase Pesta),Spesialis Tiang Jemuran (Banting Pucuk),Normal,Sideways / Stagnan,TP: 111 | CL: 102,Normal,Tidak Ideal (< 1:1),Netral / Sideways,Sentimen Negatif ⚠️,Supply Kering (Siap Pump) 🏜️,Mendekati Fibo 61.8% (Golden Ratio),4,WAIT & SEE,TIDAK ADA,2026-08-21 16:40:01,Biasa / Mengikuti Pasar
16:40,MARK,Token Mati (Perlu Update),Mid Cap (Lapis 2),Overvalued (Mahal),12.484465,4.27448,1105.0,1054,932,1115,0.0,13121000,Normal,64,Negatif,Uptrend,Bullish,Strong Bullish,Perfect Uptrend (5>20>50),Normal,Akumulasi (Naik),Normal,Dominan Beli (Hajar Kanan),Normal,Tinggi,Hammer (Potensi Reversal),Rawan Pucuk (High Risk),> 1 Miliar,Di Atas VWAP (Kuat),Akumulasi Pro (Smart Money),Ritel Aktif (5M - 50M),Normal (50-150%),Mark-Up (Fase Pesta),Normal,Jarum Bawah (Sinyal Pantulan Kuat),Sideways / Stagnan,TP: 1160 | CL: 1067,Open = High (Tekanan Jual),Tidak Ideal (< 1:1),Overbought (Jenuh Beli - Rawan),Sentimen Negatif ⚠️,Normal / Sedang Transisi,Mengambang (Jauh dari Fibo),6,WAIT & SEE,TIDAK ADA,2026-08-21 16:40:01,Biasa / Mengikuti Pasar
16:40,NASA,Token Mati (Perlu Update),Small Cap (Lapis 3),Fair Value (Wajar),0.0,0.30261764,30.0,30,29,31,-3.225806451612903,342100,Tembus MA20,48,Negatif,Downtrend,Golden Cross,Bullish MACD,Awal Reversal (5>20),Normal,Distribusi (Turun),Normal,Dominan Jual (Guyur),Squeeze,Rendah,Normal,Area Tengah,< 1 Miliar,Di Bawah VWAP (Lemah),Distribusi Pro (Guyuran),Gorengan Sepi (< 5M),Normal (50-150%),Mark-Down (Fase Runtuh),Normal,Normal,Turun 1 Hari Beruntun,TP: 31 | CL: 28,Open = High (Tekanan Jual),Menengah (1:1),Netral / Sideways,Netral / Sepi Berita,Normal / Sedang Transisi,Mengambang (Jauh dari Fibo),3,WAIT & SEE,TIDAK ADA,2026-08-21 16:40:01,Biasa / Mengikuti Pasar
16:40,MDKI,Token Mati (Perlu Update),Small Cap (Lapis 3),Undervalued (Murah),12.296144,0.49900854,190.0,185,177,210,0.5291005291005291,146200,Normal,62,Positif,Uptrend,Bullish,Strong Bullish,Perfect Uptrend (5>20>50),Normal,Akumulasi (Naik),Normal,Seimbang / Adu Mekanik,Normal,Sedang,Normal,Area Tengah,< 1 Miliar,Persis di VWAP,Distribusi Pro (Guyuran),Gorengan Sepi (< 5M),Normal (50-150%),Mark-Up (Fase Pesta),Normal,Normal,Naik 2 Hari Beruntun,TP: 197 | CL: 185,Normal,Ideal (1:2),Netral / Sideways,Sentimen Positif 📰,Supply Kering (Siap Pump) 🏜️,Mendekati Fibo 50.0%,7,BELI,TIDAK ADA,2026-08-21 16:40:01,Biasa / Mengikuti Pasar
16:40,BELL,Token Mati (Perlu Update),Small Cap (Lapis 3),Overvalued (Mahal),1784.6155,3.4953446,115.0,115,105,124,-1.7094017094017095,10931200,Normal,51,Negatif,Downtrend,Bearish,Bearish MACD,Konsolidasi / Transisi,Normal,Akumulasi (Naik),Normal,Seimbang / Adu Mekanik,Normal,Sedang,Normal,Area Tengah,> 1 Miliar,Persis di VWAP,Akumulasi Pro (Smart Money),Gorengan Sepi (< 5M),Normal (50-150%),Distribution (Fase Jualan),Normal,Normal,Turun 1 Hari Beruntun,TP: 122 | CL: 109,Open = High (Tekanan Jual),Tidak Ideal (< 1:1),Netral / Sideways,Sentimen Positif 📰,Normal / Sedang Transisi,Mendekati Fibo 50.0%,3,WAIT & SEE,TIDAK ADA,2026-08-21 16:40:01,Biasa / Mengikuti Pasar
16:40,KIOS,Token Mati (Perlu Update),Small Cap (Lapis 3),Overvalued (Mahal),70.71429,0.7738849,100.0,95,89,117,4.166666666666666,235286500,Tembus MA20,57,Positif,Uptrend,Golden Cross,Bearish MACD,Perfect Uptrend (5>20>50),Akumulasi Kuat,Akumulasi (Naik),Normal,Dominan Jual (Guyur),Normal,Sedang,Normal,Rawan Pucuk (High Risk),> 1 Miliar,Di Bawah VWAP (Lemah),Distribusi Pro (Guyuran),Ritel Aktif (5M - 50M),Ledakan Ekstrem (> 300%),Mark-Up (Fase Pesta),Normal,Normal,Naik 2 Hari Beruntun,TP: 108 | CL: 94,Normal,Ideal (1:2),Golden Cross (Awal Bullish),Netral / Sepi Berita,Normal / Sedang Transisi,Mengambang (Jauh dari Fibo),7,BELI,TIDAK ADA,2026-08-21 16:40:01,Biasa / Mengikuti Pasar
16:40,GMFI,Token Mati (Perlu Update),Mid Cap (Lapis 2),Overvalued (Mahal),3.588517,59999.996,60.0,57,52,71,0.0,76091600,Normal,56,Negatif,Uptrend,Bullish,Strong Bullish,Perfect Uptrend (5>20>50),Normal,Distribusi (Turun),Normal,Seimbang / Adu Mekanik,Normal,Tinggi,Doji (Ragu-ragu),Rawan Pucuk (High Risk),> 1 Miliar,Persis di VWAP,Distribusi Pro (Guyuran),Ritel Aktif (5M - 50M),Sepi (< 50%),Mark-Up (Fase Pesta),Normal,Normal,Sideways / Stagnan,TP: 66 | CL: 55,Normal,Menengah (1:1),Netral / Sideways,Sentimen Positif 📰,Normal / Sedang Transisi,Mendekati Fibo 61.8% (Golden Ratio),5,WAIT & SEE,TIDAK ADA,2026-08-21 16:40:01,Biasa / Mengikuti Pasar
16:40,MTWI,Token Mati (Perlu Update),Small Cap (Lapis 3),Overvalued (Mahal),54.954956,1.7279475,244.0,253,238,300,0.0,6700,Normal,34,Negatif,Downtrend,Bearish,Strong Bearish,Strong Downtrend (5<20<50),Normal,Distribusi (Turun),Normal,Dominan Jual (Guyur),Bottom Rebound,Sedang,Doji (Ragu-ragu),Dekat Support (Low Risk),< 1 Miliar,Di Bawah VWAP (Lemah),Distribusi Pro (Guyuran),Gorengan Sepi (< 5M),Sepi (< 50%),Mark-Down (Fase Runtuh),Normal,Normal,Sideways / Stagnan,TP: 257 | CL: 235,Normal,Sangat Menarik (> 1:3),Oversold (Jenuh Jual - Peluang),Netral / Sepi Berita,Normal / Sedang Transisi,Mengambang (Jauh dari Fibo),0,WAIT & SEE,TIDAK ADA,2026-08-21 16:40:01,Biasa / Mengikuti Pasar
16:40,ZINC,Token Mati (Perlu Update),Small Cap (Lapis 3),Fair Value (Wajar),0.0,2.0006669,30.0,30,30,30,0.0,0,Normal,0,Negatif,Downtrend,Bearish,Bearish MACD,Konsolidasi / Transisi,Normal,Netral,Normal,Tidak Ada Transaksi,Squeeze,Rendah,Doji (Ragu-ragu),Dekat Support (Low Risk),< 1 Miliar,Di Atas VWAP (Kuat),Netral,Gorengan Sepi (< 5M),Normal (50-150%),Sideways,Solid (Jarang Dibanting),Normal,Sideways / Stagnan,TP: 31 | CL: 29,Normal,Di Area Support,Oversold (Jenuh Jual - Peluang),Netral / Sepi Berita,Normal / Sedang Transisi,Normal / Sideways,0,WAIT & SEE,TIDAK ADA,2026-08-21 16:40:01,Biasa / Mengikuti Pasar
16:40,MCAS,Token Mati (Perlu Update),Small Cap (Lapis 3),Fair Value (Wajar),0.0,1.7267329,298.0,282,160,370,1.3605442176870748,1863400,Normal,59,Positif,Uptrend,Bullish,Bearish MACD,Perfect Uptrend (5>20>50),Normal,Distribusi (Turun),Gap Up (+2.0%),Dominan Beli (Hajar Kanan),Normal,Tinggi,Hammer (Potensi Reversal),Rawan Pucuk (High Risk),< 1 Miliar,Di Bawah VWAP (Lemah),Distribusi Pro (Guyuran),Gorengan Sepi (< 5M),Sepi (< 50%),Mark-Up (Fase Pesta),Spesialis Tiang Jemuran (Banting Pucuk),Jarum Bawah (Sinyal Pantulan Kuat),Naik 2 Hari Beruntun,TP: 344 | CL: 266,Open = High (Tekanan Jual),Tidak Ideal (< 1:1),Golden Cross (Awal Bullish),Sentimen Positif 📰,Normal / Sedang Transisi,Mendekati Fibo 38.2%,7,BELI,TIDAK ADA,2026-08-21 16:40:01,Biasa / Mengikuti Pasar
16:40,PPRE,Token Mati (Perlu Update),Mid Cap (Lapis 2),Fair Value (Wajar),0.0,1.2125487,109.0,104,96,115,-3.5398230088495577,44713700,Tembus MA20,56,Negatif,Uptrend,Golden Cross,Strong Bullish,Perfect Uptrend (5>20>50),Normal,Akumulasi (Naik),Normal,Dominan Jual (Guyur),Normal,Sedang,Normal,Rawan Pucuk (High Risk),> 1 Miliar,Persis di VWAP,Akumulasi Pro (Smart Money),Ritel Aktif (5M - 50M),Normal (50-150%),Mark-Up (Fase Pesta),Spesialis Tiang Jemuran (Banting Pucuk),Normal,Turun 1 Hari Beruntun,TP: 117 | CL: 103,Normal,Tidak Ideal (< 1:1),Death Cross (Awal Bearish),Sentimen Positif 📰,Supply Banjir (Distribusi) 🌊,Mengambang (Jauh dari Fibo),7,BELI,TIDAK ADA,2026-08-21 16:40:01,Biasa / Mengikuti Pasar
16:40,WEGE,Token Mati (Perlu Update),Small Cap (Lapis 3),Fair Value (Wajar),0.0,0.2920315,58.0,52,50,76,-6.451612903225806,95769300,Normal,59,Negatif,Uptrend,Bullish,Strong Bullish,Perfect Uptrend (5>20>50),Normal,Distribusi (Turun),Normal,Dominan Jual (Guyur),Normal,Tinggi,Normal,Rawan Pucuk (High Risk),> 1 Miliar,Di Bawah VWAP (Lemah),Distribusi Pro (Guyuran),Ritel Aktif (5M - 50M),Sepi (< 50%),Mark-Up (Fase Pesta),Normal,Normal,Turun 2 Hari Beruntun,TP: 64 | CL: 53,Normal,Ideal (1:2),Netral / Sideways,Sentimen Positif 📰,Supply Banjir (Distribusi) 🌊,Mendekati Fibo 78.6%,5,WAIT & SEE,TIDAK ADA,2026-08-21 16:40:01,Biasa / Mengikuti Pasar
16:40,PSSI,Token Mati (Perlu Update),Mid Cap (Lapis 2),Overvalued (Mahal),0.0,11517.242,334.0,326,302,338,1.2121212121212122,53100,Normal,60,Positif,Uptrend,Bullish,Bearish MACD,Perfect Uptrend (5>20>50),Normal,Akumulasi (Naik),Normal,Dominan Beli (Hajar Kanan),Normal,Sedang,Marubozu (Strong Bullish),Rawan Pucuk (High Risk),< 1 Miliar,Di Atas VWAP (Kuat),Akumulasi Pro (Smart Money),Gorengan Sepi (< 5M),Sepi (< 50%),Mark-Up (Fase Pesta),Normal,Normal,Naik 1 Hari Beruntun,TP: 350 | CL: 323,Open = Low (Bullish Kuat),Tidak Ideal (< 1:1),Netral / Sideways,Sentimen Positif 📰,Normal / Sedang Transisi,Mengambang (Jauh dari Fibo),7,BELI,TIDAK ADA,2026-08-21 16:40:01,Biasa / Mengikuti Pasar
16:40,MORA,Token Mati (Perlu Update),Big Cap (Lapis 1),Overvalued (Mahal),210.33655,13.933491,5225.0,5650,5000,6900,0.4807692307692308,139700,Normal,35,Positif,Downtrend,Bearish,Strong Bearish,Strong Downtrend (5<20<50),Normal,Akumulasi (Naik),Normal,Dominan Jual (Guyur),Normal,Tinggi,Doji (Ragu-ragu),Area Tengah,< 1 Miliar,Persis di VWAP,Distribusi Pro (Guyuran),Gorengan Sepi (< 5M),Sepi (< 50%),Mark-Down (Fase Runtuh),Spesialis Tiang Jemuran (Banting Pucuk),Normal,Naik 3 Hari Beruntun,TP: 5626 | CL: 4957,Normal,Sangat Menarik (> 1:3),Oversold (Jenuh Jual - Peluang),Sentimen Negatif ⚠️,Normal / Sedang Transisi,Mendekati Fibo Bottom / 100%,2,WAIT & SEE,TIDAK ADA,2026-08-21 16:40:01,Biasa / Mengikuti Pasar
16:40,DWGL,Token Mati (Perlu Update),Mid Cap (Lapis 2),Overvalued (Mahal),11.353711,4.4264226,284.0,344,224,442,-5.960264900662252,6698600,Normal,41,Negatif,Downtrend,Bearish,Bearish MACD,Konsolidasi / Transisi,Normal,Distribusi (Turun),Normal,Dominan Jual (Guyur),Normal,Tinggi,Normal,Rawan Pucuk (High Risk),> 1 Miliar,Di Bawah VWAP (Lemah),Distribusi Pro (Guyuran),Gorengan Sepi (< 5M),Normal (50-150%),Distribution (Fase Jualan),Normal,Normal,Turun 3 Hari Beruntun,TP: 336 | CL: 249,Open = High (Tekanan Jual),Ideal (1:2),Oversold (Jenuh Jual - Peluang),Sentimen Positif 📰,Normal / Sedang Transisi,Mengambang (Jauh dari Fibo),1,WAIT & SEE,TIDAK ADA,2026-08-21 16:40:01,Biasa / Mengikuti Pasar
16:40,PBID,Token Mati (Perlu Update),Mid Cap (Lapis 2),Undervalued (Murah),6.5581737,1.371338,540.0,529,486,570,0.9345794392523363,1099400,Normal,69,Positif,Uptrend,Bullish,Bearish MACD,Perfect Uptrend (5>20>50),Normal,Akumulasi (Naik),Normal,Seimbang / Adu Mekanik,Squeeze,Rendah,Doji (Ragu-ragu),Rawan Pucuk (High Risk),< 1 Miliar,Persis di VWAP,Akumulasi Pro (Smart Money),Gorengan Sepi (< 5M),Normal (50-150%),Mark-Up (Fase Pesta),Spesialis Tiang Jemuran (Banting Pucuk),Normal,Naik 1 Hari Beruntun,TP: 557 | CL: 528,Normal,Tidak Ideal (< 1:1),Netral / Sideways,Sentimen Positif 📰,Supply Kering (Siap Pump) 🏜️,Mendekati Fibo 38.2%,6,WAIT & SEE,TIDAK ADA,2026-08-21 16:40:01,Biasa / Mengikuti Pasar
16:40,JMAS,Token Mati (Perlu Update),Small Cap (Lapis 3),Overvalued (Mahal),178.125,1.8114791,228.0,228,228,228,0.0,0,Normal,36,Negatif,Downtrend,Bearish,Bullish MACD,Konsolidasi / Transisi,Normal,Netral,Normal,Tidak Ada Transaksi,Squeeze,Rendah,Doji (Ragu-ragu),Dekat Support (Low Risk),< 1 Miliar,Di Atas VWAP (Kuat),Netral,Gorengan Sepi (< 5M),Normal (50-150%),Sideways,Solid (Jarang Dibanting),Normal,Sideways / Stagnan,TP: 229 | CL: 227,Normal,Di Area Support,Oversold (Jenuh Jual - Peluang),Netral / Sepi Berita,Normal / Sedang Transisi,Mengambang (Jauh dari Fibo),1,WAIT & SEE,TIDAK ADA,2026-08-21 16:40:01,Biasa / Mengikuti Pasar
16:40,CAMP,Token Mati (Perlu Update),Mid Cap (Lapis 2),Undervalued (Murah),13.157895,0.9796407,170.0,170,166,200,0.0,104000,Normal,47,Negatif,Downtrend,Bearish,Bullish MACD,Strong Downtrend (5<20<50),Normal,Distribusi (Turun),Normal,Seimbang / Adu Mekanik,Squeeze,Rendah,Doji (Ragu-ragu),Dekat Support (Low Risk),< 1 Miliar,Persis di VWAP,Distribusi Pro (Guyuran),Gorengan Sepi (< 5M),Sepi (< 50%),Mark-Down (Fase Runtuh),Normal,Normal,Sideways / Stagnan,TP: 178 | CL: 164,Normal,Sangat Menarik (> 1:3),Oversold (Jenuh Jual - Peluang),Sentimen Positif 📰,Supply Kering (Siap Pump) 🏜️,Golden Rebound Fibo 61.8% (Golden Ratio) 🎯,2,WAIT & SEE,TIDAK ADA,2026-08-21 16:40:01,Biasa / Mengikuti Pasar
16:40,IPCM,Token Mati (Perlu Update),Mid Cap (Lapis 2),Undervalued (Murah),9.200969,1.2119956,304.0,305,282,320,0.6622516556291391,361200,Normal,46,Positif,Downtrend,Bearish,Strong Bearish,Strong Downtrend (5<20<50),Normal,Akumulasi (Naik),Normal,Dominan Beli (Hajar Kanan),Squeeze,Rendah,Marubozu (Strong Bullish),Area Tengah,< 1 Miliar,Persis di VWAP,Akumulasi Pro (Smart Money),Gorengan Sepi (< 5M),Normal (50-150%),Mark-Down (Fase Runtuh),Normal,Normal,Naik 1 Hari Beruntun,TP: 312 | CL: 298,Open = Low (Bullish Kuat),Tidak Ideal (< 1:1),Netral / Sideways,Sentimen Positif 📰,Normal / Sedang Transisi,Dekat Support Fibo 38.2%,4,WAIT & SEE,TIDAK ADA,2026-08-21 16:40:01,Biasa / Mengikuti Pasar
16:40,PCAR,Token Mati (Perlu Update),Small Cap (Lapis 3),Fair Value (Wajar),0.0,0.6681687,43.0,41,38,49,0.0,2035200,Normal,56,Negatif,Uptrend,Bullish,Bearish MACD,Perfect Uptrend (5>20>50),Normal,Distribusi (Turun),Gap Up (+2.3%),Dominan Jual (Guyur),Normal,Tinggi,Normal,Rawan Pucuk (High Risk),< 1 Miliar,Di Atas VWAP (Kuat),Distribusi Pro (Guyuran),Gorengan Sepi (< 5M),Normal (50-150%),Mark-Up (Fase Pesta),Normal,Normal,Sideways / Stagnan,TP: 46 | CL: 40,Open = High (Tekanan Jual),Menengah (1:1),Netral / Sideways,Netral / Sepi Berita,Normal / Sedang Transisi,Dekat Support Fibo 50.0%,4,WAIT & SEE,TIDAK ADA,2026-08-21 16:40:01,Biasa / Mengikuti Pasar
16:40,LCKM,Token Mati (Perlu Update),Small Cap (Lapis 3),Overvalued (Mahal),71.899734,0.799384,109.0,109,105,116,0.0,0,Normal,46,Negatif,Downtrend,Bearish,Bullish MACD,Strong Downtrend (5<20<50),Normal,Netral,Normal,Tidak Ada Transaksi,Squeeze,Rendah,Doji (Ragu-ragu),Area Tengah,< 1 Miliar,Di Atas VWAP (Kuat),Netral,Gorengan Sepi (< 5M),Normal (50-150%),Mark-Down (Fase Runtuh),Solid (Jarang Dibanting),Normal,Sideways / Stagnan,TP: 110 | CL: 108,Normal,Ideal (1:2),Oversold (Jenuh Jual - Peluang),Netral / Sepi Berita,Supply Kering (Siap Pump) 🏜️,Mengambang (Jauh dari Fibo),1,WAIT & SEE,TIDAK ADA,2026-08-21 16:40:01,Biasa / Mengikuti Pasar
16:40,BOSS,Token Mati (Perlu Update),Small Cap (Lapis 3),Fair Value (Wajar),0.0,-0.41981882,50.0,50,50,50,0.0,0,Normal,0,Negatif,Downtrend,Bearish,Bearish MACD,Konsolidasi / Transisi,Normal,Netral,Normal,Tidak Ada Transaksi,Squeeze,Rendah,Doji (Ragu-ragu),Dekat Support (Low Risk),< 1 Miliar,Di Atas VWAP (Kuat),Netral,Gorengan Sepi (< 5M),Normal (50-150%),Sideways,Solid (Jarang Dibanting),Normal,Sideways / Stagnan,TP: 51 | CL: 49,Normal,Di Area Support,Oversold (Jenuh Jual - Peluang),Netral / Sepi Berita,Normal / Sedang Transisi,Normal / Sideways,0,WAIT & SEE,TIDAK ADA,2026-08-21 16:40:01,Biasa / Mengikuti Pasar
16:40,HELI,Token Mati (Perlu Update),Small Cap (Lapis 3),Fair Value (Wajar),6.208843,1.8183655,198.0,192,178,240,1.0204081632653061,1949500,Normal,60,Positif,Uptrend,Bullish,Strong Bullish,Perfect Uptrend (5>20>50),Normal,Akumulasi (Naik),Normal,Seimbang / Adu Mekanik,Normal,Sedang,Doji (Ragu-ragu),Rawan Pucuk (High Risk),< 1 Miliar,Persis di VWAP,Distribusi Pro (Guyuran),Gorengan Sepi (< 5M),Normal (50-150%),Mark-Up (Fase Pesta),Spesialis Tiang Jemuran (Banting Pucuk),Normal,Naik 1 Hari Beruntun,TP: 216 | CL: 185,Normal,Ideal (1:2),Golden Cross (Awal Bullish),Sentimen Positif 📰,Normal / Sedang Transisi,Dekat Support Fibo 38.2%,7,BELI,TIDAK ADA,2026-08-21 16:40:01,Biasa / Mengikuti Pasar
16:40,INPS,Token Mati (Perlu Update),Small Cap (Lapis 3),Fair Value (Wajar),0.0,-10.0077095,675.0,691,610,770,-2.877697841726619,70500,Normal,48,Negatif,Downtrend,Bullish,Bearish MACD,Perfect Uptrend (5>20>50),Normal,Distribusi (Turun),Normal,Dominan Jual (Guyur),Normal,Tinggi,Normal,Rawan Pucuk (High Risk),< 1 Miliar,Di Bawah VWAP (Lemah),Distribusi Pro (Guyuran),Gorengan Sepi (< 5M),Normal (50-150%),Distribution (Fase Jualan),Normal,Normal,Turun 3 Hari Beruntun,TP: 717 | CL: 646,Open = High (Tekanan Jual),Menengah (1:1),Netral / Sideways,Netral / Sepi Berita,Normal / Sedang Transisi,Dekat Support Fibo 50.0%,1,WAIT & SEE,TIDAK ADA,2026-08-21 16:40:01,Biasa / Mengikuti Pasar
16:40,GHON,Token Mati (Perlu Update),Small Cap (Lapis 3),Undervalued (Murah),9.85469,1.2703522,1610.0,1619,1570,1660,-0.6172839506172839,5800,Normal,47,Negatif,Downtrend,Bearish,Bullish MACD,Strong Downtrend (5<20<50),Normal,Akumulasi (Naik),Normal,Dominan Jual (Guyur),Squeeze,Rendah,Normal,Dekat Support (Low Risk),< 1 Miliar,Persis di VWAP,Akumulasi Pro (Smart Money),Gorengan Sepi (< 5M),Normal (50-150%),Mark-Down (Fase Runtuh),Normal,Normal,Turun 1 Hari Beruntun,TP: 1653 | CL: 1580,Open = High (Tekanan Jual),Menengah (1:1),Netral / Sideways,Sentimen Positif 📰,Normal / Sedang Transisi,Mengambang (Jauh dari Fibo),3,WAIT & SEE,TIDAK ADA,2026-08-21 16:40:01,Biasa / Mengikuti Pasar
16:40,DFAM,Token Mati (Perlu Update),Small Cap (Lapis 3),Overvalued (Mahal),0.0,24.732824,81.0,80,72,89,1.25,18027500,Tembus MA20,48,Positif,Uptrend,Bearish,Bullish MACD,Strong Downtrend (5<20<50),Normal,Akumulasi (Naik),Normal,Seimbang / Adu Mekanik,Normal,Sedang,Doji (Ragu-ragu),Rawan Pucuk (High Risk),> 1 Miliar,Persis di VWAP,Distribusi Pro (Guyuran),Gorengan Sepi (< 5M),Anomali Tinggi (150-300%),Accumulation (Kumpul Barang),Spesialis Tiang Jemuran (Banting Pucuk),Normal,Naik 2 Hari Beruntun,TP: 85 | CL: 77,Normal,Tidak Ideal (< 1:1),Golden Cross (Awal Bullish),Sentimen Negatif ⚠️,Normal / Sedang Transisi,Mengambang (Jauh dari Fibo),5,WAIT & SEE,TIDAK ADA,2026-08-21 16:40:01,Biasa / Mengikuti Pasar
16:40,NICK,Token Mati (Perlu Update),Small Cap (Lapis 3),Overvalued (Mahal),4.546157,3.2273126,1500.0,1347,1010,1640,5.633802816901409,16300,Normal,65,Positif,Uptrend,Bullish,Bearish MACD,Perfect Uptrend (5>20>50),Normal,Distribusi (Turun),Gap Up (+4.2%),Dominan Jual (Guyur),Normal,Tinggi,Normal,Rawan Pucuk (High Risk),< 1 Miliar,Di Atas VWAP (Kuat),Distribusi Pro (Guyuran),Gorengan Sepi (< 5M),Sepi (< 50%),Mark-Up (Fase Pesta),Normal,Normal,Naik 2 Hari Beruntun,TP: 1631 | CL: 1412,Normal,Tidak Ideal (< 1:1),Netral / Sideways,Sentimen Negatif ⚠️,Normal / Sedang Transisi,Dekat Support Fibo 23.6%,5,WAIT & SEE,TIDAK ADA,2026-08-21 16:40:01,Biasa / Mengikuti Pasar
16:40,BTPS,Token Mati (Perlu Update),Mid Cap (Lapis 2),Undervalued (Murah),6.3371763,0.74721014,995.0,986,960,1015,0.5050505050505051,2310800,Tembus MA20,52,Positif,Uptrend,Bullish,Bullish MACD,Awal Reversal (5>20),Normal,Akumulasi (Naik),Normal,Seimbang / Adu Mekanik,Squeeze,Rendah,Normal,Area Tengah,> 1 Miliar,Persis di VWAP,Akumulasi Pro (Smart Money),Gorengan Sepi (< 5M),Anomali Tinggi (150-300%),Accumulation (Kumpul Barang),Spesialis Tiang Jemuran (Banting Pucuk),Normal,Naik 2 Hari Beruntun,TP: 1015 | CL: 981,Normal,Tidak Ideal (< 1:1),Netral / Sideways,Sentimen Positif 📰,Normal / Sedang Transisi,Dekat Support Fibo 38.2%,8,BELI,TIDAK ADA,2026-08-21 16:40:01,Biasa / Mengikuti Pasar
16:40,SPTO,Token Mati (Perlu Update),Mid Cap (Lapis 2),Undervalued (Murah),6.341719,0.9527439,605.0,602,585,615,-0.819672131147541,539700,Tembus MA20,58,Negatif,Uptrend,Bullish,Bearish MACD,Perfect Uptrend (5>20>50),Normal,Distribusi (Turun),Normal,Dominan Jual (Guyur),Squeeze,Rendah,Normal,Area Tengah,< 1 Miliar,Persis di VWAP,Akumulasi Pro (Smart Money),Gorengan Sepi (< 5M),Anomali Tinggi (150-300%),Mark-Up (Fase Pesta),Normal,Normal,Turun 1 Hari Beruntun,TP: 618 | CL: 596,Normal,Tidak Ideal (< 1:1),Netral / Sideways,Sentimen Positif 📰,Normal / Sedang Transisi,Mendekati Fibo 23.6%,5,WAIT & SEE,TIDAK ADA,2026-08-21 16:40:01,Biasa / Mengikuti Pasar
16:40,PRIM,Token Mati (Perlu Update),Small Cap (Lapis 3),Fair Value (Wajar),0.0,0.42179492,116.0,109,100,118,0.8695652173913043,5442900,Normal,68,Positif,Uptrend,Bullish,Strong Bullish,Perfect Uptrend (5>20>50),Normal,Akumulasi (Naik),Normal,Seimbang / Adu Mekanik,Normal,Tinggi,Doji (Ragu-ragu),Rawan Pucuk (High Risk),< 1 Miliar,Di Atas VWAP (Kuat),Akumulasi Pro (Smart Money),Gorengan Sepi (< 5M),Normal (50-150%),Mark-Up (Fase Pesta),Normal,Jarum Bawah (Sinyal Pantulan Kuat),Naik 2 Hari Beruntun,TP: 123 | CL: 110,Normal,Tidak Ideal (< 1:1),Overbought (Jenuh Beli - Rawan),Sentimen Positif 📰,Normal / Sedang Transisi,Mengambang (Jauh dari Fibo),7,BELI,TIDAK ADA,2026-08-21 16:40:01,Biasa / Mengikuti Pasar
16:40,HEAL,Token Mati (Perlu Update),Big Cap (Lapis 1),Overvalued (Mahal),25.828835,1.8522717,665.0,758,655,830,-3.6231884057971016,30377200,Tembus MA20,23,Negatif,Downtrend,Bearish,Strong Bearish,Strong Downtrend (5<20<50),Distribusi Kuat,Distribusi (Turun),Normal,Dominan Jual (Guyur),Bottom Rebound,Tinggi,Normal,Dekat Support (Low Risk),> 1 Miliar,Di Bawah VWAP (Lemah),Distribusi Pro (Guyuran),Ritel Aktif (5M - 50M),Anomali Tinggi (150-300%),Mark-Down (Fase Runtuh),Normal,Normal,Turun 1 Hari Beruntun,TP: 703 | CL: 639,Open = High (Tekanan Jual),Sangat Menarik (> 1:3),Oversold (Jenuh Jual - Peluang),Sentimen Positif 📰,Normal / Sedang Transisi,Golden Rebound Fibo Bottom / 100% 🎯,2,WAIT & SEE,TIDAK ADA,2026-08-21 16:40:01,Biasa / Mengikuti Pasar
16:40,TRUK,Token Mati (Perlu Update),Small Cap (Lapis 3),Overvalued (Mahal),0.0,9.049929,795.0,609,408,895,2.5806451612903225,5346200,Tembus MA20,71,Positif,Uptrend,Bullish,Strong Bullish,Perfect Uptrend (5>20>50),Normal,Akumulasi (Naik),Gap Up (+9.7%),Dominan Jual (Guyur),Normal,Tinggi,Normal,Rawan Pucuk (High Risk),> 1 Miliar,Di Atas VWAP (Kuat),Akumulasi Pro (Smart Money),Gorengan Sepi (< 5M),Anomali Tinggi (150-300%),Mark-Up (Fase Pesta),Normal,Normal,Naik 2 Hari Beruntun,TP: 981 | CL: 670,Normal,Tidak Ideal (< 1:1),Netral / Sideways,Netral / Sepi Berita,Normal / Sedang Transisi,Mendekati Fibo 23.6%,8,BELI,TIDAK ADA,2026-08-21 16:40:01,Biasa / Mengikuti Pasar
16:40,PZZA,Token Mati (Perlu Update),Small Cap (Lapis 3),Overvalued (Mahal),30.716722,0.5216182,180.0,182,178,195,-0.5524861878453038,273500,Normal,43,Negatif,Downtrend,Bearish,Strong Bearish,Strong Downtrend (5<20<50),Normal,Distribusi (Turun),Normal,Dominan Jual (Guyur),Squeeze,Rendah,Doji (Ragu-ragu),Dekat Support (Low Risk),< 1 Miliar,Persis di VWAP,Distribusi Pro (Guyuran),Gorengan Sepi (< 5M),Normal (50-150%),Mark-Down (Fase Runtuh),Spesialis Tiang Jemuran (Banting Pucuk),Normal,Turun 1 Hari Beruntun,TP: 187 | CL: 174,Normal,Sangat Menarik (> 1:3),Oversold (Jenuh Jual - Peluang),Sentimen Positif 📰,Normal / Sedang Transisi,Golden Rebound Fibo 50.0% 🎯,1,WAIT & SEE,TIDAK ADA,2026-08-21 16:40:01,Biasa / Mengikuti Pasar
16:40,TUGU,Token Mati (Perlu Update),Mid Cap (Lapis 2),Undervalued (Murah),5.290801,0.5305297,1370.0,1266,1185,1460,0.3663003663003663,369900,Normal,69,Positif,Uptrend,Bullish,Strong Bullish,Perfect Uptrend (5>20>50),Normal,Akumulasi (Naik),Normal,Seimbang / Adu Mekanik,Normal,Tinggi,Normal,Rawan Pucuk (High Risk),< 1 Miliar,Di Bawah VWAP (Lemah),Akumulasi Pro (Smart Money),Gorengan Sepi (< 5M),Sepi (< 50%),Mark-Up (Fase Pesta),Spesialis Tiang Jemuran (Banting Pucuk),Normal,Naik 1 Hari Beruntun,TP: 1428 | CL: 1330,Open = Low (Bullish Kuat),Tidak Ideal (< 1:1),Death Cross (Awal Bearish),Sentimen Positif 📰,Normal / Sedang Transisi,Dekat Support Fibo 23.6%,7,BELI,TIDAK ADA,2026-08-21 16:40:01,Biasa / Mengikuti Pasar
16:40,MSIN,Token Mati (Perlu Update),Big Cap (Lapis 1),Overvalued (Mahal),20.488384,3.0502672,344.0,380,336,424,-2.272727272727273,31801000,Normal,26,Negatif,Downtrend,Bearish,Strong Bearish,Strong Downtrend (5<20<50),Normal,Distribusi (Turun),Normal,Seimbang / Adu Mekanik,Normal,Tinggi,Normal,Dekat Support (Low Risk),> 1 Miliar,Di Bawah VWAP (Lemah),Akumulasi Pro (Smart Money),Ritel Aktif (5M - 50M),Normal (50-150%),Mark-Down (Fase Runtuh),Solid (Jarang Dibanting),Normal,Turun 1 Hari Beruntun,TP: 368 | CL: 328,Open = High (Tekanan Jual),Sangat Menarik (> 1:3),Oversold (Jenuh Jual - Peluang),Netral / Sepi Berita,Normal / Sedang Transisi,Golden Rebound Fibo Bottom / 100% 🎯,0,WAIT & SEE,TIDAK ADA,2026-08-21 16:40:01,🔥 ANOMALI BANDAR (Siap Ledakan)
16:40,SWAT,Token Mati (Perlu Update),Small Cap (Lapis 3),Fair Value (Wajar),5.082592,2.2219136,16.0,16,16,16,0.0,0,Normal,0,Negatif,Downtrend,Bearish,Bearish MACD,Konsolidasi / Transisi,Normal,Netral,Normal,Tidak Ada Transaksi,Squeeze,Rendah,Doji (Ragu-ragu),Dekat Support (Low Risk),< 1 Miliar,Di Atas VWAP (Kuat),Netral,Gorengan Sepi (< 5M),Normal (50-150%),Sideways,Solid (Jarang Dibanting),Normal,Sideways / Stagnan,TP: 17 | CL: 15,Normal,Di Area Support,Oversold (Jenuh Jual - Peluang),Netral / Sepi Berita,Normal / Sedang Transisi,Normal / Sideways,0,WAIT & SEE,TIDAK ADA,2026-08-21 16:40:01,Biasa / Mengikuti Pasar
16:40,TNCA,Token Mati (Perlu Update),Small Cap (Lapis 3),Overvalued (Mahal),49.205856,1.597105,157.0,162,135,197,-0.6329113924050633,422300,Normal,50,Negatif,Downtrend,Bearish,Bearish MACD,Konsolidasi / Transisi,Normal,Distribusi (Turun),Normal,Dominan Beli (Hajar Kanan),Bottom Rebound,Sedang,Hammer (Potensi Reversal),Rawan Pucuk (High Risk),< 1 Miliar,Di Bawah VWAP (Lemah),Distribusi Pro (Guyuran),Gorengan Sepi (< 5M),Sepi (< 50%),Distribution (Fase Jualan),Spesialis Tiang Jemuran (Banting Pucuk),Jarum Bawah (Sinyal Pantulan Kuat),Turun 1 Hari Beruntun,TP: 167 | CL: 149,Open = High (Tekanan Jual),Ideal (1:2),Oversold (Jenuh Jual - Peluang),Netral / Sepi Berita,Supply Kering (Siap Pump) 🏜️,Mendekati Fibo 61.8% (Golden Ratio),1,WAIT & SEE,TIDAK ADA,2026-08-21 16:40:01,Biasa / Mengikuti Pasar
16:40,MAPA,Token Mati (Perlu Update),Big Cap (Lapis 1),Fair Value (Wajar),9.930852,2.0107837,675.0,646,580,705,0.0,11601600,Normal,59,Negatif,Uptrend,Bullish,Strong Bullish,Perfect Uptrend (5>20>50),Normal,Akumulasi (Naik),Normal,Dominan Beli (Hajar Kanan),Normal,Tinggi,Doji (Ragu-ragu),Rawan Pucuk (High Risk),> 1 Miliar,Di Atas VWAP (Kuat),Akumulasi Pro (Smart Money),Ritel Aktif (5M - 50M),Normal (50-150%),Mark-Up (Fase Pesta),Solid (Jarang Dibanting),Jarum Bawah (Sinyal Pantulan Kuat),Sideways / Stagnan,TP: 721 | CL: 643,Normal,Tidak Ideal (< 1:1),Netral / Sideways,Sentimen Positif 📰,Normal / Sedang Transisi,Golden Rebound Fibo 23.6% 🎯,7,BELI,TIDAK ADA,2026-08-21 16:40:01,Biasa / Mengikuti Pasar
16:40,TCPI,Token Mati (Perlu Update),Big Cap (Lapis 1),Overvalued (Mahal),86.05341,5.397872,2330.0,4086,2300,5600,-7.5396825396825395,5108800,Tembus MA20,13,Negatif,Downtrend,Bearish,Strong Bearish,Strong Downtrend (5<20<50),Normal,Distribusi (Turun),Normal,Dominan Jual (Guyur),Normal,Tinggi,Normal,Dekat Support (Low Risk),> 1 Miliar,Di Bawah VWAP (Lemah),Distribusi Pro (Guyuran),Ritel Aktif (5M - 50M),Anomali Tinggi (150-300%),Mark-Down (Fase Runtuh),Solid (Jarang Dibanting),Normal,Turun 4 Hari Beruntun,TP: 2905 | CL: 1946,Normal,Sangat Menarik (> 1:3),Oversold (Jenuh Jual - Peluang),Sentimen Negatif ⚠️,Supply Banjir (Distribusi) 🌊,Golden Rebound Fibo Bottom / 100% 🎯,1,WAIT & SEE,TIDAK ADA,2026-08-21 16:40:01,🔥 ANOMALI BANDAR (Siap Ledakan)
16:40,IPCC,Token Mati (Perlu Update),Mid Cap (Lapis 2),Fair Value (Wajar),8.57671,1.614551,1160.0,1162,1130,1220,-0.8547008547008548,943900,Tembus MA20,46,Negatif,Downtrend,Bullish,Strong Bearish,Awal Reversal (5>20),Normal,Distribusi (Turun),Normal,Seimbang / Adu Mekanik,Squeeze,Rendah,Normal,Dekat Support (Low Risk),> 1 Miliar,Persis di VWAP,Distribusi Pro (Guyuran),Gorengan Sepi (< 5M),Anomali Tinggi (150-300%),Mark-Down (Fase Runtuh),Normal,Normal,Turun 2 Hari Beruntun,TP: 1187 | CL: 1141,Open = High (Tekanan Jual),Ideal (1:2),Netral / Sideways,Sentimen Positif 📰,Normal / Sedang Transisi,Dekat Support Fibo 38.2%,3,WAIT & SEE,TIDAK ADA,2026-08-21 16:40:01,Biasa / Mengikuti Pasar
16:40,RISE,Token Mati (Perlu Update),Big Cap (Lapis 1),Overvalued (Mahal),85.454544,5.4422398,935.0,960,890,1110,-0.5319148936170213,1041400,Tembus MA20,45,Negatif,Downtrend,Bearish,Strong Bearish,Strong Downtrend (5<20<50),Normal,Distribusi (Turun),Normal,Dominan Jual (Guyur),Normal,Tinggi,Normal,Area Tengah,< 1 Miliar,Persis di VWAP,Distribusi Pro (Guyuran),Gorengan Sepi (< 5M),Anomali Tinggi (150-300%),Mark-Down (Fase Runtuh),Normal,Normal,Turun 1 Hari Beruntun,TP: 997 | CL: 893,Normal,Sangat Menarik (> 1:3),Golden Cross (Awal Bullish),Sentimen Positif 📰,Normal / Sedang Transisi,Mendekati Fibo 78.6%,2,WAIT & SEE,TIDAK ADA,2026-08-21 16:40:01,Biasa / Mengikuti Pasar
16:40,BPTR,Token Mati (Perlu Update),Small Cap (Lapis 3),Undervalued (Murah),9.176528,0.42386827,76.0,75,72,81,-1.2987012987012987,1370700,Normal,55,Negatif,Uptrend,Bullish,Bearish MACD,Perfect Uptrend (5>20>50),Normal,Distribusi (Turun),Normal,Dominan Jual (Guyur),Normal,Sedang,Normal,Area Tengah,< 1 Miliar,Persis di VWAP,Distribusi Pro (Guyuran),Gorengan Sepi (< 5M),Normal (50-150%),Mark-Up (Fase Pesta),Spesialis Tiang Jemuran (Banting Pucuk),Normal,Turun 1 Hari Beruntun,TP: 80 | CL: 73,Open = High (Tekanan Jual),Menengah (1:1),Netral / Sideways,Sentimen Negatif ⚠️,Supply Kering (Siap Pump) 🏜️,Mendekati Fibo 50.0%,3,WAIT & SEE,TIDAK ADA,2026-08-21 16:40:01,Biasa / Mengikuti Pasar
16:40,POLL,Token Mati (Perlu Update),Small Cap (Lapis 3),Overvalued (Mahal),85.496185,0.57678145,112.0,112,112,112,0.0,0,Normal,0,Negatif,Downtrend,Bearish,Bearish MACD,Konsolidasi / Transisi,Normal,Netral,Normal,Tidak Ada Transaksi,Squeeze,Rendah,Doji (Ragu-ragu),Dekat Support (Low Risk),< 1 Miliar,Di Atas VWAP (Kuat),Netral,Gorengan Sepi (< 5M),Normal (50-150%),Sideways,Solid (Jarang Dibanting),Normal,Sideways / Stagnan,TP: 113 | CL: 111,Normal,Di Area Support,Oversold (Jenuh Jual - Peluang),Netral / Sepi Berita,Normal / Sedang Transisi,Normal / Sideways,0,WAIT & SEE,TIDAK ADA,2026-08-21 16:40:01,Biasa / Mengikuti Pasar
16:40,NFCX,Token Mati (Perlu Update),Mid Cap (Lapis 2),Overvalued (Mahal),0.0,3.9990902,1780.0,1563,1475,1880,12.302839116719243,68900,Tembus MA20,71,Positif,Uptrend,Bullish,Strong Bullish,Awal Reversal (5>20),Normal,Akumulasi (Naik),Normal,Seimbang / Adu Mekanik,Breakout Upper,Tinggi,Normal,Rawan Pucuk (High Risk),< 1 Miliar,Di Atas VWAP (Kuat),Akumulasi Pro (Smart Money),Gorengan Sepi (< 5M),Normal (50-150%),Accumulation (Kumpul Barang),Normal,Normal,Naik 3 Hari Beruntun,TP: 1919 | CL: 1687,Open = Low (Bullish Kuat),Tidak Ideal (< 1:1),Netral / Sideways,Sentimen Positif 📰,Normal / Sedang Transisi,Dekat Support Fibo 23.6%,8,BELI,TIDAK ADA,2026-08-21 16:40:01,⚠️ Anomali (Sudah Terbang)
16:40,MGRO,Token Mati (Perlu Update),Mid Cap (Lapis 2),Overvalued (Mahal),0.0,7.5466213,675.0,675,640,710,-1.4598540145985401,3551500,Normal,51,Negatif,Downtrend,Bearish,Strong Bullish,Konsolidasi / Transisi,Normal,Akumulasi (Naik),Normal,Dominan Jual (Guyur),Squeeze,Rendah,Normal,Area Tengah,> 1 Miliar,Persis di VWAP,Akumulasi Pro (Smart Money),Gorengan Sepi (< 5M),Normal (50-150%),Distribution (Fase Jualan),Normal,Normal,Turun 1 Hari Beruntun,TP: 707 | CL: 653,Open = High (Tekanan Jual),Menengah (1:1),Netral / Sideways,Netral / Sepi Berita,Normal / Sedang Transisi,Dekat Support Fibo 38.2%,3,WAIT & SEE,TIDAK ADA,2026-08-21 16:40:01,Biasa / Mengikuti Pasar
16:40,FILM,Token Mati (Perlu Update),Mid Cap (Lapis 2),Fair Value (Wajar),0.0,2.8142228,805.0,980,760,1205,-1.2269938650306749,23427800,Tembus MA20,27,Negatif,Downtrend,Bearish,Strong Bearish,Strong Downtrend (5<20<50),Normal,Distribusi (Turun),Normal,Dominan Jual (Guyur),Normal,Tinggi,Normal,Area Tengah,> 1 Miliar,Di Bawah VWAP (Lemah),Distribusi Pro (Guyuran),Ritel Aktif (5M - 50M),Normal (50-150%),Mark-Down (Fase Runtuh),Spesialis Tiang Jemuran (Banting Pucuk),Normal,Turun 1 Hari Beruntun,TP: 919 | CL: 728,Normal,Sangat Menarik (> 1:3),Oversold (Jenuh Jual - Peluang),Sentimen Negatif ⚠️,Normal / Sedang Transisi,Mendekati Fibo Bottom / 100%,1,WAIT & SEE,TIDAK ADA,2026-08-21 16:40:01,Biasa / Mengikuti Pasar
16:40,ANDI,Token Mati (Perlu Update),Small Cap (Lapis 3),Fair Value (Wajar),0.0,1.5166385,17.0,17,16,19,0.0,7769400,Tembus MA20,41,Negatif,Downtrend,Bearish,Strong Bearish,Strong Downtrend (5<20<50),Normal,Distribusi (Turun),Normal,Tidak Ada Transaksi,Normal,Sedang,Doji (Ragu-ragu),Area Tengah,< 1 Miliar,Di Bawah VWAP (Lemah),Distribusi Pro (Guyuran),Gorengan Sepi (< 5M),Anomali Tinggi (150-300%),Mark-Down (Fase Runtuh),Normal,Normal,Sideways / Stagnan,TP: 18 | CL: 16,Normal,Ideal (1:2),Netral / Sideways,Netral / Sepi Berita,Normal / Sedang Transisi,Dekat Support Fibo 50.0%,1,WAIT & SEE,TIDAK ADA,2026-08-21 16:40:01,Biasa / Mengikuti Pasar
16:40,LAND,Token Mati (Perlu Update),Small Cap (Lapis 3),Overvalued (Mahal),130.50848,0.4683157,78.0,76,68,87,0.0,12276800,Normal,55,Negatif,Uptrend,Bearish,Bearish MACD,Konsolidasi / Transisi,Normal,Akumulasi (Naik),Normal,Seimbang / Adu Mekanik,Normal,Tinggi,Normal,Rawan Pucuk (High Risk),< 1 Miliar,Persis di VWAP,Distribusi Pro (Guyuran),Gorengan Sepi (< 5M),Sepi (< 50%),Mark-Up (Fase Pesta),Spesialis Tiang Jemuran (Banting Pucuk),Normal,Sideways / Stagnan,TP: 86 | CL: 72,Open = High (Tekanan Jual),Tidak Ideal (< 1:1),Golden Cross (Awal Bullish),Sentimen Positif 📰,Normal / Sedang Transisi,Mendekati Fibo 38.2%,4,WAIT & SEE,TIDAK ADA,2026-08-21 16:40:01,Biasa / Mengikuti Pasar
16:40,MOLI,Token Mati (Perlu Update),Small Cap (Lapis 3),Undervalued (Murah),6.5551224,0.6086233,284.0,267,242,292,-1.3888888888888888,1485800,Normal,64,Negatif,Uptrend,Bullish,Strong Bullish,Perfect Uptrend (5>20>50),Normal,Akumulasi (Naik),Normal,Dominan Jual (Guyur),Normal,Tinggi,Normal,Rawan Pucuk (High Risk),< 1 Miliar,Persis di VWAP,Akumulasi Pro (Smart Money),Gorengan Sepi (< 5M),Normal (50-150%),Mark-Up (Fase Pesta),Spesialis Tiang Jemuran (Banting Pucuk),Normal,Turun 1 Hari Beruntun,TP: 302 | CL: 271,Normal,Tidak Ideal (< 1:1),Overbought (Jenuh Beli - Rawan),Sentimen Positif 📰,Normal / Sedang Transisi,Mengambang (Jauh dari Fibo),6,WAIT & SEE,TIDAK ADA,2026-08-21 16:40:01,Biasa / Mengikuti Pasar
16:40,PANI,Token Mati (Perlu Update),Big Cap (Lapis 1),Overvalued (Mahal),42.729057,3.8088055,6075.0,6146,5800,6875,0.0,4256900,Normal,46,Negatif,Downtrend,Bearish,Strong Bearish,Strong Downtrend (5<20<50),Normal,Akumulasi (Naik),Normal,Dominan Jual (Guyur),Normal,Sedang,Doji (Ragu-ragu),Area Tengah,> 1 Miliar,Persis di VWAP,Distribusi Pro (Guyuran),Ritel Aktif (5M - 50M),Normal (50-150%),Mark-Down (Fase Runtuh),Spesialis Tiang Jemuran (Banting Pucuk),Normal,Sideways / Stagnan,TP: 6412 | CL: 5850,Normal,Ideal (1:2),Oversold (Jenuh Jual - Peluang),Sentimen Positif 📰,Normal / Sedang Transisi,Golden Rebound Fibo 78.6% 🎯,2,WAIT & SEE,TIDAK ADA,2026-08-21 16:40:01,Biasa / Mengikuti Pasar
16:40,DIGI,Token Mati (Perlu Update),Small Cap (Lapis 3),Fair Value (Wajar),0.0,-7.80409,29.0,29,29,29,0.0,0,Normal,45,Negatif,Downtrend,Bearish,Bullish MACD,Konsolidasi / Transisi,Normal,Netral,Normal,Tidak Ada Transaksi,Squeeze,Rendah,Doji (Ragu-ragu),Dekat Support (Low Risk),< 1 Miliar,Di Atas VWAP (Kuat),Netral,Gorengan Sepi (< 5M),Normal (50-150%),Sideways,Solid (Jarang Dibanting),Normal,Sideways / Stagnan,TP: 30 | CL: 28,Normal,Di Area Support,Oversold (Jenuh Jual - Peluang),Netral / Sepi Berita,Normal / Sedang Transisi,Golden Rebound Fibo 78.6% 🎯,1,WAIT & SEE,TIDAK ADA,2026-08-21 16:40:01,Biasa / Mengikuti Pasar
16:40,CITY,Token Mati (Perlu Update),Small Cap (Lapis 3),Overvalued (Mahal),40.646652,1.059067,176.0,173,163,195,-1.675977653631285,407700,Normal,55,Negatif,Uptrend,Bullish,Bearish MACD,Perfect Uptrend (5>20>50),Normal,Distribusi (Turun),Normal,Dominan Jual (Guyur),Normal,Sedang,Normal,Area Tengah,< 1 Miliar,Di Bawah VWAP (Lemah),Distribusi Pro (Guyuran),Gorengan Sepi (< 5M),Sepi (< 50%),Mark-Up (Fase Pesta),Spesialis Tiang Jemuran (Banting Pucuk),Normal,Turun 1 Hari Beruntun,TP: 189 | CL: 167,Open = High (Tekanan Jual),Menengah (1:1),Netral / Sideways,Sentimen Negatif ⚠️,Normal / Sedang Transisi,Dekat Support Fibo 23.6%,3,WAIT & SEE,TIDAK ADA,2026-08-21 16:40:01,Biasa / Mengikuti Pasar
16:40,SAPX,Token Mati (Perlu Update),Small Cap (Lapis 3),Overvalued (Mahal),95.19651,0.86538154,218.0,215,202,252,0.9259259259259258,88300,Normal,56,Positif,Uptrend,Bearish,Bearish MACD,Konsolidasi / Transisi,Normal,Akumulasi (Naik),Normal,Seimbang / Adu Mekanik,Squeeze,Rendah,Normal,Area Tengah,< 1 Miliar,Di Atas VWAP (Kuat),Akumulasi Pro (Smart Money),Gorengan Sepi (< 5M),Normal (50-150%),Mark-Up (Fase Pesta),Spesialis Tiang Jemuran (Banting Pucuk),Normal,Naik 2 Hari Beruntun,TP: 233 | CL: 208,Normal,Ideal (1:2),Netral / Sideways,Sentimen Negatif ⚠️,Supply Kering (Siap Pump) 🏜️,Golden Rebound Fibo 50.0% 🎯,4,WAIT & SEE,TIDAK ADA,2026-08-21 16:40:01,Biasa / Mengikuti Pasar
16:40,SURE,Token Mati (Perlu Update),Mid Cap (Lapis 2),Overvalued (Mahal),1687.5,-12.573403,2700.0,2729,2600,2820,1.5037593984962405,300,Normal,46,Positif,Downtrend,Bearish,Strong Bearish,Strong Downtrend (5<20<50),Normal,Akumulasi (Naik),Gap Down (-2.3%),Dominan Beli (Hajar Kanan),Squeeze,Rendah,Marubozu (Strong Bullish),Area Tengah,< 1 Miliar,Di Atas VWAP (Kuat),Akumulasi Pro (Smart Money),Gorengan Sepi (< 5M),Sepi (< 50%),Mark-Down (Fase Runtuh),Spesialis Tiang Jemuran (Banting Pucuk),Normal,Naik 1 Hari Beruntun,TP: 2790 | CL: 2640,Open = Low (Bullish Kuat),Menengah (1:1),Golden Cross (Awal Bullish),Sentimen Positif 📰,Supply Kering (Siap Pump) 🏜️,Mendekati Fibo 78.6%,4,WAIT & SEE,TIDAK ADA,2026-08-21 16:40:01,Biasa / Mengikuti Pasar
16:40,MPRO,Token Mati (Perlu Update),Big Cap (Lapis 1),Overvalued (Mahal),0.0,165.45229,13125.0,12371,9050,17275,-0.19011406844106463,1700,Normal,59,Negatif,Uptrend,Bullish,Strong Bullish,Perfect Uptrend (5>20>50),Normal,Distribusi (Turun),Normal,Dominan Jual (Guyur),Normal,Tinggi,Normal,Rawan Pucuk (High Risk),< 1 Miliar,Persis di VWAP,Distribusi Pro (Guyuran),Gorengan Sepi (< 5M),Sepi (< 50%),Mark-Up (Fase Pesta),Normal,Normal,Turun 2 Hari Beruntun,TP: 14775 | CL: 12025,Open = High (Tekanan Jual),Menengah (1:1),Death Cross (Awal Bearish),Sentimen Negatif ⚠️,Normal / Sedang Transisi,Mengambang (Jauh dari Fibo),4,WAIT & SEE,TIDAK ADA,2026-08-21 16:40:01,Biasa / Mengikuti Pasar
16:40,GOOD,Token Mati (Perlu Update),Big Cap (Lapis 1),Fair Value (Wajar),16.105263,2.8892183,306.0,299,286,310,0.6578947368421052,95200,Normal,53,Positif,Uptrend,Bullish,Strong Bullish,Awal Reversal (5>20),Normal,Akumulasi (Naik),Normal,Dominan Jual (Guyur),Normal,Sedang,Doji (Ragu-ragu),Area Tengah,< 1 Miliar,Persis di VWAP,Akumulasi Pro (Smart Money),Gorengan Sepi (< 5M),Sepi (< 50%),Accumulation (Kumpul Barang),Spesialis Tiang Jemuran (Banting Pucuk),Normal,Naik 1 Hari Beruntun,TP: 315 | CL: 299,Normal,Tidak Ideal (< 1:1),Death Cross (Awal Bearish),Sentimen Positif 📰,Normal / Sedang Transisi,Dekat Support Fibo 78.6%,7,BELI,TIDAK ADA,2026-08-21 16:40:01,Biasa / Mengikuti Pasar
16:40,SKRN,Token Mati (Perlu Update),Mid Cap (Lapis 2),Overvalued (Mahal),15.256257,4.4728136,386.0,400,378,436,-1.530612244897959,169600,Tembus MA20,45,Negatif,Downtrend,Bearish,Bearish MACD,Konsolidasi / Transisi,Normal,Distribusi (Turun),Normal,Seimbang / Adu Mekanik,Bottom Rebound,Sedang,Normal,Dekat Support (Low Risk),< 1 Miliar,Persis di VWAP,Akumulasi Pro (Smart Money),Gorengan Sepi (< 5M),Normal (50-150%),Distribution (Fase Jualan),Normal,Normal,Turun 1 Hari Beruntun,TP: 413 | CL: 367,Open = High (Tekanan Jual),Sangat Menarik (> 1:3),Netral / Sideways,Netral / Sepi Berita,Normal / Sedang Transisi,Mendekati Fibo 50.0%,1,WAIT & SEE,TIDAK ADA,2026-08-21 16:40:01,Biasa / Mengikuti Pasar
16:40,YELO,Token Mati (Perlu Update),Small Cap (Lapis 3),Undervalued (Murah),5.699733,0.6764488,95.0,88,75,102,1.0638297872340425,54081700,Normal,61,Positif,Uptrend,Bullish,Strong Bullish,Perfect Uptrend (5>20>50),Normal,Akumulasi (Naik),Normal,Seimbang / Adu Mekanik,Normal,Tinggi,Normal,Rawan Pucuk (High Risk),> 1 Miliar,Persis di VWAP,Akumulasi Pro (Smart Money),Ritel Aktif (5M - 50M),Sepi (< 50%),Mark-Up (Fase Pesta),Normal,Normal,Naik 2 Hari Beruntun,TP: 105 | CL: 88,Open = Low (Bullish Kuat),Tidak Ideal (< 1:1),Netral / Sideways,Sentimen Positif 📰,Normal / Sedang Transisi,Mendekati Fibo 23.6%,7,BELI,TIDAK ADA,2026-08-21 16:40:01,Biasa / Mengikuti Pasar
16:40,CAKK,Token Mati (Perlu Update),Small Cap (Lapis 3),Undervalued (Murah),12.0090065,1.2909589,144.0,138,127,158,0.6993006993006993,534000,Normal,58,Positif,Uptrend,Bullish,Strong Bullish,Perfect Uptrend (5>20>50),Normal,Distribusi (Turun),Normal,Seimbang / Adu Mekanik,Normal,Sedang,Normal,Rawan Pucuk (High Risk),< 1 Miliar,Persis di VWAP,Distribusi Pro (Guyuran),Gorengan Sepi (< 5M),Normal (50-150%),Mark-Up (Fase Pesta),Spesialis Tiang Jemuran (Banting Pucuk),Normal,Naik 2 Hari Beruntun,TP: 151 | CL: 138,Normal,Tidak Ideal (< 1:1),Netral / Sideways,Sentimen Positif 📰,Normal / Sedang Transisi,Dekat Support Fibo 38.2%,6,WAIT & SEE,TIDAK ADA,2026-08-21 16:40:01,Biasa / Mengikuti Pasar
16:40,SATU,Token Mati (Perlu Update),Small Cap (Lapis 3),Overvalued (Mahal),0.0,7.9180107,248.0,260,248,274,-1.5873015873015872,202400,Tembus MA20,23,Negatif,Downtrend,Bearish,Strong Bearish,Strong Downtrend (5<20<50),Normal,Distribusi (Turun),Normal,Dominan Jual (Guyur),Squeeze,Rendah,Normal,Dekat Support (Low Risk),< 1 Miliar,Di Bawah VWAP (Lemah),Distribusi Pro (Guyuran),Gorengan Sepi (< 5M),Anomali Tinggi (150-300%),Mark-Down (Fase Runtuh),Solid (Jarang Dibanting),Normal,Turun 2 Hari Beruntun,TP: 254 | CL: 244,Open = High (Tekanan Jual),Di Area Support,Netral / Sideways,Sentimen Positif 📰,Normal / Sedang Transisi,Dekat Support Fibo Bottom / 100%,2,WAIT & SEE,TIDAK ADA,2026-08-21 16:40:01,Biasa / Mengikuti Pasar
16:40,SOSS,Token Mati (Perlu Update),Small Cap (Lapis 3),Overvalued (Mahal),18.991205,4.9797254,840.0,874,785,975,0.0,500,Normal,43,Negatif,Downtrend,Bearish,Strong Bearish,Konsolidasi / Transisi,Normal,Distribusi (Turun),Normal,Tidak Ada Transaksi,Normal,Tinggi,Doji (Ragu-ragu),Area Tengah,< 1 Miliar,Persis di VWAP,Akumulasi Pro (Smart Money),Gorengan Sepi (< 5M),Sepi (< 50%),Distribution (Fase Jualan),Solid (Jarang Dibanting),Normal,Sideways / Stagnan,TP: 853 | CL: 830,Normal,Ideal (1:2),Netral / Sideways,Sentimen Positif 📰,Normal / Sedang Transisi,Mendekati Fibo 61.8% (Golden Ratio),1,WAIT & SEE,TIDAK ADA,2026-08-21 16:40:01,Biasa / Mengikuti Pasar
16:40,DEAL,Token Mati (Perlu Update),Small Cap (Lapis 3),Fair Value (Wajar),0.0,-0.12075836,6.0,6,6,6,0.0,0,Normal,0,Negatif,Downtrend,Bearish,Bearish MACD,Konsolidasi / Transisi,Normal,Netral,Normal,Tidak Ada Transaksi,Squeeze,Rendah,Doji (Ragu-ragu),Dekat Support (Low Risk),< 1 Miliar,Di Atas VWAP (Kuat),Netral,Gorengan Sepi (< 5M),Normal (50-150%),Sideways,Solid (Jarang Dibanting),Normal,Sideways / Stagnan,TP: 7 | CL: 5,Normal,Di Area Support,Oversold (Jenuh Jual - Peluang),Netral / Sepi Berita,Normal / Sedang Transisi,Normal / Sideways,0,WAIT & SEE,TIDAK ADA,2026-08-21 16:40:01,Biasa / Mengikuti Pasar
16:40,POLA,Token Mati (Perlu Update),Small Cap (Lapis 3),Overvalued (Mahal),32.7381,0.8253054,56.0,57,54,63,-1.7543859649122806,5565900,Normal,44,Negatif,Downtrend,Bearish,Strong Bearish,Konsolidasi / Transisi,Normal,Distribusi (Turun),Normal,Seimbang / Adu Mekanik,Normal,Sedang,Normal,Area Tengah,< 1 Miliar,Persis di VWAP,Distribusi Pro (Guyuran),Gorengan Sepi (< 5M),Normal (50-150%),Distribution (Fase Jualan),Normal,Normal,Turun 1 Hari Beruntun,TP: 60 | CL: 53,Normal,Sangat Menarik (> 1:3),Netral / Sideways,Netral / Sepi Berita,Normal / Sedang Transisi,Mendekati Fibo 78.6%,0,WAIT & SEE,TIDAK ADA,2026-08-21 16:40:01,Biasa / Mengikuti Pasar
16:40,DIVA,Token Mati (Perlu Update),Small Cap (Lapis 3),Fair Value (Wajar),0.0,0.3220018,138.0,133,110,152,-0.7194244604316548,1096900,Normal,60,Negatif,Uptrend,Bullish,Bearish MACD,Perfect Uptrend (5>20>50),Normal,Akumulasi (Naik),Gap Up (+2.2%),Dominan Jual (Guyur),Normal,Tinggi,Normal,Rawan Pucuk (High Risk),< 1 Miliar,Persis di VWAP,Akumulasi Pro (Smart Money),Gorengan Sepi (< 5M),Sepi (< 50%),Mark-Up (Fase Pesta),Spesialis Tiang Jemuran (Banting Pucuk),Normal,Turun 1 Hari Beruntun,TP: 151 | CL: 129,Open = High (Tekanan Jual),Tidak Ideal (< 1:1),Death Cross (Awal Bearish),Netral / Sepi Berita,Normal / Sedang Transisi,Mendekati Fibo 50.0%,5,WAIT & SEE,TIDAK ADA,2026-08-21 16:40:01,Biasa / Mengikuti Pasar
16:40,LUCK,Token Mati (Perlu Update),Small Cap (Lapis 3),Fair Value (Wajar),0.0,0.6934646,114.0,113,99,119,0.8849557522123894,2379700,Normal,56,Positif,Uptrend,Bullish,Bearish MACD,Perfect Uptrend (5>20>50),Normal,Akumulasi (Naik),Normal,Dominan Jual (Guyur),Normal,Sedang,Doji (Ragu-ragu),Rawan Pucuk (High Risk),< 1 Miliar,Persis di VWAP,Distribusi Pro (Guyuran),Gorengan Sepi (< 5M),Normal (50-150%),Mark-Up (Fase Pesta),Spesialis Tiang Jemuran (Banting Pucuk),Normal,Naik 1 Hari Beruntun,TP: 121 | CL: 108,Normal,Tidak Ideal (< 1:1),Netral / Sideways,Sentimen Positif 📰,Supply Kering (Siap Pump) 🏜️,Golden Rebound Fibo 50.0% 🎯,6,WAIT & SEE,TIDAK ADA,2026-08-21 16:40:01,Biasa / Mengikuti Pasar
16:40,URBN,Token Mati (Perlu Update),Small Cap (Lapis 3),Fair Value (Wajar),0.0,0.796089,220.0,211,193,226,8.91089108910891,208300,Tembus MA20,56,Positif,Uptrend,Bearish,Strong Bearish,Strong Downtrend (5<20<50),Normal,Distribusi (Turun),Normal,Dominan Beli (Hajar Kanan),Normal,Sedang,Marubozu (Strong Bullish),Rawan Pucuk (High Risk),< 1 Miliar,Di Atas VWAP (Kuat),Akumulasi Pro (Smart Money),Gorengan Sepi (< 5M),Anomali Tinggi (150-300%),Accumulation (Kumpul Barang),Normal,Normal,Naik 1 Hari Beruntun,TP: 228 | CL: 214,Open = Low (Bullish Kuat),Tidak Ideal (< 1:1),Netral / Sideways,Sentimen Positif 📰,Normal / Sedang Transisi,Mendekati Fibo 38.2%,6,WAIT & SEE,TIDAK ADA,2026-08-21 16:40:01,Biasa / Mengikuti Pasar
16:40,SOTS,Token Mati (Perlu Update),Small Cap (Lapis 3),Overvalued (Mahal),0.0,3.7928681,645.0,622,575,740,-0.7692307692307693,513400,Tembus MA20,54,Negatif,Uptrend,Bullish,Strong Bullish,Perfect Uptrend (5>20>50),Normal,Distribusi (Turun),Normal,Seimbang / Adu Mekanik,Normal,Tinggi,Normal,Rawan Pucuk (High Risk),< 1 Miliar,Persis di VWAP,Akumulasi Pro (Smart Money),Gorengan Sepi (< 5M),Normal (50-150%),Mark-Up (Fase Pesta),Spesialis Tiang Jemuran (Banting Pucuk),Jarum Bawah (Sinyal Pantulan Kuat),Turun 3 Hari Beruntun,TP: 725 | CL: 591,Normal,Menengah (1:1),Netral / Sideways,Netral / Sepi Berita,Normal / Sedang Transisi,Mengambang (Jauh dari Fibo),5,WAIT & SEE,TIDAK ADA,2026-08-21 16:40:01,Biasa / Mengikuti Pasar
16:40,ZONE,Token Mati (Perlu Update),Small Cap (Lapis 3),Fair Value (Wajar),12.7589445,1.5622288,720.0,720,494,950,0.0,22300,Normal,58,Negatif,Downtrend,Death Cross,Bearish MACD,Konsolidasi / Transisi,Normal,Distribusi (Turun),Normal,Seimbang / Adu Mekanik,Normal,Tinggi,Doji (Ragu-ragu),Rawan Pucuk (High Risk),< 1 Miliar,Persis di VWAP,Akumulasi Pro (Smart Money),Gorengan Sepi (< 5M),Sepi (< 50%),Sideways,Normal,Normal,Sideways / Stagnan,TP: 804 | CL: 663,Normal,Menengah (1:1),Golden Cross (Awal Bullish),Netral / Sepi Berita,Normal / Sedang Transisi,Dekat Support Fibo 38.2%,1,WAIT & SEE,TIDAK ADA,2026-08-21 16:40:01,Biasa / Mengikuti Pasar
16:40,PEHA,Token Mati (Perlu Update),Small Cap (Lapis 3),Undervalued (Murah),6.6206236,0.561276,274.0,268,252,330,-5.517241379310345,856100,Normal,53,Negatif,Uptrend,Bullish,Strong Bullish,Perfect Uptrend (5>20>50),Normal,Akumulasi (Naik),Normal,Dominan Jual (Guyur),Normal,Tinggi,Normal,Area Tengah,< 1 Miliar,Di Bawah VWAP (Lemah),Distribusi Pro (Guyuran),Gorengan Sepi (< 5M),Normal (50-150%),Mark-Up (Fase Pesta),Spesialis Tiang Jemuran (Banting Pucuk),Normal,Turun 1 Hari Beruntun,TP: 301 | CL: 255,Open = High (Tekanan Jual),Ideal (1:2),Netral / Sideways,Sentimen Positif 📰,Normal / Sedang Transisi,Mendekati Fibo 50.0%,6,WAIT & SEE,TIDAK ADA,2026-08-21 16:40:01,Biasa / Mengikuti Pasar
16:40,FOOD,Token Mati (Perlu Update),Small Cap (Lapis 3),Fair Value (Wajar),0.0,-4.55994,176.0,176,176,176,0.0,0,Normal,55,Negatif,Downtrend,Bearish,Bearish MACD,Konsolidasi / Transisi,Normal,Netral,Normal,Tidak Ada Transaksi,Squeeze,Rendah,Doji (Ragu-ragu),Dekat Support (Low Risk),< 1 Miliar,Di Atas VWAP (Kuat),Netral,Gorengan Sepi (< 5M),Normal (50-150%),Sideways,Solid (Jarang Dibanting),Normal,Sideways / Stagnan,TP: 177 | CL: 175,Normal,Di Area Support,Oversold (Jenuh Jual - Peluang),Netral / Sepi Berita,Normal / Sedang Transisi,Mendekati Fibo 23.6%,1,WAIT & SEE,TIDAK ADA,2026-08-21 16:40:01,Biasa / Mengikuti Pasar
16:40,BEEF,Token Mati (Perlu Update),Mid Cap (Lapis 2),Overvalued (Mahal),50.365726,10.343125,486.0,416,330,498,0.0,10318900,Normal,84,Negatif,Uptrend,Bullish,Strong Bullish,Perfect Uptrend (5>20>50),Normal,Akumulasi (Naik),Normal,Seimbang / Adu Mekanik,Normal,Tinggi,Normal,Rawan Pucuk (High Risk),> 1 Miliar,Di Atas VWAP (Kuat),Akumulasi Pro (Smart Money),Ritel Aktif (5M - 50M),Normal (50-150%),Mark-Up (Fase Pesta),Spesialis Tiang Jemuran (Banting Pucuk),Jarum Bawah (Sinyal Pantulan Kuat),Sideways / Stagnan,TP: 534 | CL: 453,Normal,Tidak Ideal (< 1:1),Overbought (Jenuh Beli - Rawan),Sentimen Positif 📰,Normal / Sedang Transisi,Mengambang (Jauh dari Fibo),6,WAIT & SEE,TIDAK ADA,2026-08-21 16:40:01,Biasa / Mengikuti Pasar
16:40,POLI,Token Mati (Perlu Update),Mid Cap (Lapis 2),Fair Value (Wajar),23.03523,0.71829367,765.0,744,670,810,-2.547770700636943,9500,Normal,54,Negatif,Uptrend,Bullish,Strong Bullish,Perfect Uptrend (5>20>50),Normal,Distribusi (Turun),Normal,Seimbang / Adu Mekanik,Normal,Sedang,Normal,Rawan Pucuk (High Risk),< 1 Miliar,Persis di VWAP,Akumulasi Pro (Smart Money),Gorengan Sepi (< 5M),Sepi (< 50%),Mark-Up (Fase Pesta),Normal,Normal,Turun 1 Hari Beruntun,TP: 830 | CL: 721,Normal,Tidak Ideal (< 1:1),Death Cross (Awal Bearish),Netral / Sepi Berita,Normal / Sedang Transisi,Mengambang (Jauh dari Fibo),4,WAIT & SEE,TIDAK ADA,2026-08-21 16:40:01,Biasa / Mengikuti Pasar
16:40,CLAY,Token Mati (Perlu Update),Mid Cap (Lapis 2),Overvalued (Mahal),268.89108,246.55809,2740.0,2633,2210,2930,-3.180212014134275,12700,Normal,56,Negatif,Uptrend,Bullish,Strong Bullish,Perfect Uptrend (5>20>50),Normal,Distribusi (Turun),Normal,Dominan Jual (Guyur),Normal,Tinggi,Normal,Rawan Pucuk (High Risk),< 1 Miliar,Persis di VWAP,Akumulasi Pro (Smart Money),Gorengan Sepi (< 5M),Normal (50-150%),Mark-Up (Fase Pesta),Spesialis Tiang Jemuran (Banting Pucuk),Normal,Turun 1 Hari Beruntun,TP: 2958 | CL: 2594,Normal,Tidak Ideal (< 1:1),Death Cross (Awal Bearish),Netral / Sepi Berita,Normal / Sedang Transisi,Mendekati Fibo 38.2%,4,WAIT & SEE,TIDAK ADA,2026-08-21 16:40:01,Biasa / Mengikuti Pasar
16:40,NATO,Token Mati (Perlu Update),Mid Cap (Lapis 2),Fair Value (Wajar),0.0,2.561211,670.0,655,610,700,1.5151515151515151,124300,Normal,63,Positif,Uptrend,Bearish,Bearish MACD,Konsolidasi / Transisi,Normal,Distribusi (Turun),Normal,Dominan Beli (Hajar Kanan),Squeeze,Rendah,Normal,Area Tengah,< 1 Miliar,Di Atas VWAP (Kuat),Akumulasi Pro (Smart Money),Gorengan Sepi (< 5M),Normal (50-150%),Mark-Up (Fase Pesta),Spesialis Tiang Jemuran (Banting Pucuk),Normal,Naik 2 Hari Beruntun,TP: 723 | CL: 634,Normal,Tidak Ideal (< 1:1),Netral / Sideways,Sentimen Negatif ⚠️,Normal / Sedang Transisi,Dekat Support Fibo 23.6%,4,WAIT & SEE,TIDAK ADA,2026-08-21 16:40:01,Biasa / Mengikuti Pasar
16:40,JAYA,Token Mati (Perlu Update),Small Cap (Lapis 3),Undervalued (Murah),10.14275,0.8044094,135.0,131,122,143,0.7462686567164178,628900,Normal,64,Positif,Uptrend,Bullish,Bearish MACD,Perfect Uptrend (5>20>50),Normal,Akumulasi (Naik),Normal,Seimbang / Adu Mekanik,Normal,Sedang,Normal,Rawan Pucuk (High Risk),< 1 Miliar,Di Atas VWAP (Kuat),Akumulasi Pro (Smart Money),Gorengan Sepi (< 5M),Sepi (< 50%),Mark-Up (Fase Pesta),Spesialis Tiang Jemuran (Banting Pucuk),Normal,Naik 2 Hari Beruntun,TP: 140 | CL: 131,Normal,Tidak Ideal (< 1:1),Golden Cross (Awal Bullish),Netral / Sepi Berita,Supply Kering (Siap Pump) 🏜️,Golden Rebound Fibo 23.6% 🎯,5,WAIT & SEE,TIDAK ADA,2026-08-21 16:40:01,Biasa / Mengikuti Pasar
16:40,COCO,Token Mati (Perlu Update),Mid Cap (Lapis 2),Overvalued (Mahal),14.158075,4.4592605,103.0,105,96,142,0.9803921568627451,248636400,Normal,41,Positif,Downtrend,Bearish,Bullish MACD,Strong Downtrend (5<20<50),Normal,Akumulasi (Naik),Normal,Dominan Jual (Guyur),Normal,Tinggi,Normal,Area Tengah,> 1 Miliar,Di Atas VWAP (Kuat),Distribusi Pro (Guyuran),Ritel Aktif (5M - 50M),Normal (50-150%),Mark-Down (Fase Runtuh),Normal,Normal,Naik 2 Hari Beruntun,TP: 111 | CL: 97,Normal,Sangat Menarik (> 1:3),Golden Cross (Awal Bullish),Sentimen Positif 📰,Normal / Sedang Transisi,Mengambang (Jauh dari Fibo),4,WAIT & SEE,TIDAK ADA,2026-08-21 16:40:01,Biasa / Mengikuti Pasar
16:40,MTPS,Token Mati (Perlu Update),Small Cap (Lapis 3),Overvalued (Mahal),0.0,4.481576,81.0,81,81,81,0.0,0,Normal,0,Negatif,Downtrend,Bearish,Bearish MACD,Konsolidasi / Transisi,Normal,Netral,Normal,Tidak Ada Transaksi,Squeeze,Rendah,Doji (Ragu-ragu),Dekat Support (Low Risk),< 1 Miliar,Di Atas VWAP (Kuat),Netral,Gorengan Sepi (< 5M),Normal (50-150%),Sideways,Solid (Jarang Dibanting),Normal,Sideways / Stagnan,TP: 82 | CL: 80,Normal,Di Area Support,Oversold (Jenuh Jual - Peluang),Netral / Sepi Berita,Normal / Sedang Transisi,Normal / Sideways,0,WAIT & SEE,TIDAK ADA,2026-08-21 16:40:01,Biasa / Mengikuti Pasar
16:40,HRME,Token Mati (Perlu Update),Small Cap (Lapis 3),Fair Value (Wajar),0.0,0.47368777,42.0,42,40,45,-2.3255813953488373,1517900,Tembus MA20,46,Negatif,Downtrend,Bullish,Bullish MACD,Awal Reversal (5>20),Normal,Distribusi (Turun),Gap Down (-7.0%),Dominan Beli (Hajar Kanan),Normal,Sedang,Marubozu (Strong Bullish),Area Tengah,< 1 Miliar,Di Bawah VWAP (Lemah),Akumulasi Pro (Smart Money),Gorengan Sepi (< 5M),Normal (50-150%),Mark-Down (Fase Runtuh),Normal,Normal,Turun 2 Hari Beruntun,TP: 44 | CL: 40,Open = Low (Bullish Kuat),Ideal (1:2),Netral / Sideways,Netral / Sepi Berita,Normal / Sedang Transisi,Mendekati Fibo 78.6%,4,WAIT & SEE,TIDAK ADA,2026-08-21 16:40:01,Biasa / Mengikuti Pasar
16:40,JAST,Token Mati (Perlu Update),Small Cap (Lapis 3),Fair Value (Wajar),0.0,1.6173662,84.0,83,81,92,1.2048192771084338,2966600,Normal,54,Positif,Uptrend,Bearish,Bearish MACD,Konsolidasi / Transisi,Normal,Akumulasi (Naik),Normal,Seimbang / Adu Mekanik,Squeeze,Rendah,Normal,Area Tengah,< 1 Miliar,Persis di VWAP,Akumulasi Pro (Smart Money),Gorengan Sepi (< 5M),Sepi (< 50%),Mark-Up (Fase Pesta),Spesialis Tiang Jemuran (Banting Pucuk),Normal,Naik 1 Hari Beruntun,TP: 89 | CL: 80,Normal,Ideal (1:2),Golden Cross (Awal Bullish),Netral / Sepi Berita,Normal / Sedang Transisi,Mendekati Fibo 61.8% (Golden Ratio),4,WAIT & SEE,TIDAK ADA,2026-08-21 16:40:01,Biasa / Mengikuti Pasar
16:40,FITT,Token Mati (Perlu Update),Small Cap (Lapis 3),Overvalued (Mahal),0.0,6.6342254,394.0,361,344,414,-0.5050505050505051,175800,Normal,67,Negatif,Uptrend,Bullish,Strong Bullish,Awal Reversal (5>20),Normal,Akumulasi (Naik),Gap Up (+2.5%),Seimbang / Adu Mekanik,Breakout Upper,Tinggi,Normal,Rawan Pucuk (High Risk),< 1 Miliar,Di Atas VWAP (Kuat),Akumulasi Pro (Smart Money),Gorengan Sepi (< 5M),Sepi (< 50%),Accumulation (Kumpul Barang),Spesialis Tiang Jemuran (Banting Pucuk),Normal,Turun 1 Hari Beruntun,TP: 421 | CL: 375,Normal,Tidak Ideal (< 1:1),Netral / Sideways,Sentimen Positif 📰,Normal / Sedang Transisi,Mendekati Fibo 50.0%,7,BELI,TIDAK ADA,2026-08-21 16:40:01,Biasa / Mengikuti Pasar
16:40,BOLA,Token Mati (Perlu Update),Small Cap (Lapis 3),Fair Value (Wajar),0.0,1.5479556,150.0,155,146,170,0.6711409395973155,406500,Normal,41,Positif,Downtrend,Bearish,Strong Bearish,Konsolidasi / Transisi,Normal,Distribusi (Turun),Normal,Dominan Beli (Hajar Kanan),Normal,Tinggi,Doji (Ragu-ragu),Dekat Support (Low Risk),< 1 Miliar,Persis di VWAP,Distribusi Pro (Guyuran),Gorengan Sepi (< 5M),Normal (50-150%),Distribution (Fase Jualan),Normal,Jarum Bawah (Sinyal Pantulan Kuat),Naik 1 Hari Beruntun,TP: 156 | CL: 145,Normal,Sangat Menarik (> 1:3),Golden Cross (Awal Bullish),Sentimen Negatif ⚠️,Normal / Sedang Transisi,Golden Rebound Fibo 50.0% 🎯,2,WAIT & SEE,TIDAK ADA,2026-08-21 16:40:01,Biasa / Mengikuti Pasar
16:40,CCSI,Token Mati (Perlu Update),Small Cap (Lapis 3),Undervalued (Murah),7.8120193,0.61562175,254.0,252,232,300,1.6,1018600,Tembus MA20,51,Positif,Uptrend,Bullish,Strong Bullish,Perfect Uptrend (5>20>50),Distribusi Kuat,Akumulasi (Naik),Gap Up (+8.0%),Dominan Jual (Guyur),Normal,Sedang,Normal,Area Tengah,< 1 Miliar,Di Bawah VWAP (Lemah),Distribusi Pro (Guyuran),Gorengan Sepi (< 5M),Anomali Tinggi (150-300%),Mark-Up (Fase Pesta),Normal,Normal,Naik 1 Hari Beruntun,TP: 281 | CL: 235,Normal,Ideal (1:2),Netral / Sideways,Netral / Sepi Berita,Supply Banjir (Distribusi) 🌊,Dekat Support Fibo 50.0%,8,BELI,TIDAK ADA,2026-08-21 16:40:01,Biasa / Mengikuti Pasar
16:40,SFAN,Token Mati (Perlu Update),Mid Cap (Lapis 2),Overvalued (Mahal),0.0,28.902145,2030.0,1985,1945,2030,0.49504950495049505,39500,Normal,83,Positif,Uptrend,Bullish,Strong Bullish,Perfect Uptrend (5>20>50),Normal,Akumulasi (Naik),Normal,Dominan Beli (Hajar Kanan),Squeeze,Rendah,Marubozu (Strong Bullish),Area Tengah,< 1 Miliar,Persis di VWAP,Akumulasi Pro (Smart Money),Gorengan Sepi (< 5M),Normal (50-150%),Mark-Up (Fase Pesta),Normal,Normal,Naik 1 Hari Beruntun,TP: 2044 | CL: 2020,Open = Low (Bullish Kuat),Tidak Ideal (< 1:1),Overbought (Jenuh Beli - Rawan),Netral / Sepi Berita,Normal / Sedang Transisi,Dekat Support Fibo 23.6%,7,BELI,TIDAK ADA,2026-08-21 16:40:01,Biasa / Mengikuti Pasar
16:40,POLU,Token Mati (Perlu Update),Mid Cap (Lapis 2),Overvalued (Mahal),0.0,69.81183,11375.0,11763,11000,12875,2.247191011235955,1900,Normal,44,Positif,Downtrend,Bearish,Strong Bearish,Strong Downtrend (5<20<50),Normal,Distribusi (Turun),Normal,Dominan Beli (Hajar Kanan),Normal,Sedang,Marubozu (Strong Bullish),Area Tengah,< 1 Miliar,Persis di VWAP,Distribusi Pro (Guyuran),Gorengan Sepi (< 5M),Normal (50-150%),Mark-Down (Fase Runtuh),Normal,Normal,Naik 1 Hari Beruntun,TP: 12050 | CL: 10925,Open = Low (Bullish Kuat),Sangat Menarik (> 1:3),Golden Cross (Awal Bullish),Netral / Sepi Berita,Normal / Sedang Transisi,Mengambang (Jauh dari Fibo),2,WAIT & SEE,TIDAK ADA,2026-08-21 16:40:01,Biasa / Mengikuti Pasar
16:40,KJEN,Token Mati (Perlu Update),Small Cap (Lapis 3),Fair Value (Wajar),0.0,1.310637,164.0,150,120,193,-1.7964071856287425,7443300,Normal,58,Negatif,Uptrend,Bullish,Strong Bullish,Perfect Uptrend (5>20>50),Normal,Akumulasi (Naik),Normal,Dominan Jual (Guyur),Normal,Tinggi,Normal,Rawan Pucuk (High Risk),> 1 Miliar,Di Bawah VWAP (Lemah),Distribusi Pro (Guyuran),Ritel Aktif (5M - 50M),Sepi (< 50%),Mark-Up (Fase Pesta),Spesialis Tiang Jemuran (Banting Pucuk),Normal,Turun 1 Hari Beruntun,TP: 185 | CL: 149,Normal,Tidak Ideal (< 1:1),Netral / Sideways,Netral / Sepi Berita,Normal / Sedang Transisi,Mendekati Fibo 61.8% (Golden Ratio),5,WAIT & SEE,TIDAK ADA,2026-08-21 16:40:01,Biasa / Mengikuti Pasar
16:40,KAYU,Token Mati (Perlu Update),Small Cap (Lapis 3),Overvalued (Mahal),86.1244,0.14753978,18.0,18,18,18,0.0,0,Normal,0,Negatif,Downtrend,Bearish,Bearish MACD,Konsolidasi / Transisi,Normal,Netral,Normal,Tidak Ada Transaksi,Squeeze,Rendah,Doji (Ragu-ragu),Dekat Support (Low Risk),< 1 Miliar,Di Atas VWAP (Kuat),Netral,Gorengan Sepi (< 5M),Normal (50-150%),Sideways,Solid (Jarang Dibanting),Normal,Sideways / Stagnan,TP: 19 | CL: 17,Normal,Di Area Support,Oversold (Jenuh Jual - Peluang),Netral / Sepi Berita,Normal / Sedang Transisi,Normal / Sideways,0,WAIT & SEE,TIDAK ADA,2026-08-21 16:40:01,Biasa / Mengikuti Pasar
16:40,ITIC,Token Mati (Perlu Update),Small Cap (Lapis 3),Undervalued (Murah),10.613043,0.44601113,226.0,222,202,250,-1.7391304347826086,1133900,Normal,56,Negatif,Uptrend,Bullish,Bearish MACD,Perfect Uptrend (5>20>50),Normal,Distribusi (Turun),Normal,Seimbang / Adu Mekanik,Normal,Sedang,Normal,Rawan Pucuk (High Risk),< 1 Miliar,Persis di VWAP,Akumulasi Pro (Smart Money),Gorengan Sepi (< 5M),Anomali Tinggi (150-300%),Mark-Up (Fase Pesta),Spesialis Tiang Jemuran (Banting Pucuk),Jarum Bawah (Sinyal Pantulan Kuat),Turun 1 Hari Beruntun,TP: 242 | CL: 214,Normal,Menengah (1:1),Netral / Sideways,Sentimen Positif 📰,Normal / Sedang Transisi,Mendekati Fibo 38.2%,4,WAIT & SEE,TIDAK ADA,2026-08-21 16:40:01,Biasa / Mengikuti Pasar
16:40,PAMG,Token Mati (Perlu Update),Small Cap (Lapis 3),Fair Value (Wajar),0.0,0.40760174,56.0,56,54,70,0.0,30305500,Normal,51,Negatif,Downtrend,Bearish,Bearish MACD,Konsolidasi / Transisi,Normal,Netral,Normal,Dominan Jual (Guyur),Normal,Sedang,Doji (Ragu-ragu),Area Tengah,> 1 Miliar,Persis di VWAP,Distribusi Pro (Guyuran),Gorengan Sepi (< 5M),Normal (50-150%),Distribution (Fase Jualan),Spesialis Tiang Jemuran (Banting Pucuk),Normal,Sideways / Stagnan,TP: 60 | CL: 53,Normal,Sangat Menarik (> 1:3),Oversold (Jenuh Jual - Peluang),Netral / Sepi Berita,Normal / Sedang Transisi,Mendekati Fibo 78.6%,1,WAIT & SEE,TIDAK ADA,2026-08-21 16:40:01,Biasa / Mengikuti Pasar
16:40,IPTV,Token Mati (Perlu Update),Mid Cap (Lapis 2),Fair Value (Wajar),0.0,0.22543323,31.0,30,29,33,0.0,2408600,Normal,51,Negatif,Uptrend,Bearish,Bullish MACD,Strong Downtrend (5<20<50),Normal,Akumulasi (Naik),Normal,Tidak Ada Transaksi,Normal,Sedang,Doji (Ragu-ragu),Area Tengah,< 1 Miliar,Di Atas VWAP (Kuat),Akumulasi Pro (Smart Money),Gorengan Sepi (< 5M),Normal (50-150%),Accumulation (Kumpul Barang),Normal,Normal,Sideways / Stagnan,TP: 32 | CL: 30,Normal,Menengah (1:1),Netral / Sideways,Netral / Sepi Berita,Normal / Sedang Transisi,Mendekati Fibo 78.6%,4,WAIT & SEE,TIDAK ADA,2026-08-21 16:40:01,Biasa / Mengikuti Pasar
16:40,BLUE,Token Mati (Perlu Update),Mid Cap (Lapis 2),Overvalued (Mahal),81.88657,12.329865,2800.0,2535,2290,2990,16.666666666666664,796600,Tembus MA20,60,Positif,Uptrend,Bearish,Bullish MACD,Strong Downtrend (5<20<50),Akumulasi Kuat,Akumulasi (Naik),Gap Up (+2.9%),Seimbang / Adu Mekanik,Normal,Tinggi,Normal,Rawan Pucuk (High Risk),> 1 Miliar,Di Atas VWAP (Kuat),Akumulasi Pro (Smart Money),Gorengan Sepi (< 5M),Ledakan Ekstrem (> 300%),Accumulation (Kumpul Barang),Normal,Normal,Naik 1 Hari Beruntun,TP: 3011 | CL: 2659,Normal,Tidak Ideal (< 1:1),Netral / Sideways,Sentimen Positif 📰,Normal / Sedang Transisi,Mengambang (Jauh dari Fibo),9,BELI,TIDAK ADA,2026-08-21 16:40:01,⚠️ Anomali (Sudah Terbang)
16:40,EAST,Token Mati (Perlu Update),Small Cap (Lapis 3),Fair Value (Wajar),21.970062,0.8185588,91.0,90,87,92,0.0,2612600,Tembus MA20,62,Negatif,Uptrend,Bullish,Bearish MACD,Perfect Uptrend (5>20>50),Normal,Distribusi (Turun),Normal,Dominan Beli (Hajar Kanan),Squeeze,Rendah,Doji (Ragu-ragu),Area Tengah,< 1 Miliar,Persis di VWAP,Akumulasi Pro (Smart Money),Gorengan Sepi (< 5M),Anomali Tinggi (150-300%),Mark-Up (Fase Pesta),Normal,Jarum Bawah (Sinyal Pantulan Kuat),Sideways / Stagnan,TP: 93 | CL: 89,Normal,Tidak Ideal (< 1:1),Netral / Sideways,Sentimen Positif 📰,Normal / Sedang Transisi,Golden Rebound Fibo 23.6% 🎯,6,WAIT & SEE,TIDAK ADA,2026-08-21 16:40:01,Biasa / Mengikuti Pasar
16:40,LIFE,Token Mati (Perlu Update),Big Cap (Lapis 1),Overvalued (Mahal),42.733433,1.454581,5675.0,5785,5500,6000,0.0,2600,Normal,44,Negatif,Downtrend,Bearish,Strong Bearish,Strong Downtrend (5<20<50),Normal,Akumulasi (Naik),Normal,Seimbang / Adu Mekanik,Squeeze,Rendah,Normal,Area Tengah,< 1 Miliar,Persis di VWAP,Akumulasi Pro (Smart Money),Gorengan Sepi (< 5M),Sepi (< 50%),Mark-Down (Fase Runtuh),Normal,Normal,Sideways / Stagnan,TP: 6020 | CL: 5444,Open = High (Tekanan Jual),Ideal (1:2),Netral / Sideways,Sentimen Negatif ⚠️,Supply Banjir (Distribusi) 🌊,Mendekati Fibo Bottom / 100%,1,WAIT & SEE,TIDAK ADA,2026-08-21 16:40:01,Biasa / Mengikuti Pasar
16:40,FUJI,Token Mati (Perlu Update),Small Cap (Lapis 3),Overvalued (Mahal),60.000004,2.412086,344.0,221,197,386,6.172839506172839,12961500,Tembus MA20,87,Positif,Uptrend,Bullish,Strong Bullish,Awal Reversal (5>20),Akumulasi Kuat,Akumulasi (Naik),Gap Down (-2.5%),Seimbang / Adu Mekanik,Breakout Upper,Tinggi,Normal,Rawan Pucuk (High Risk),> 1 Miliar,Di Atas VWAP (Kuat),Akumulasi Pro (Smart Money),Gorengan Sepi (< 5M),Anomali Tinggi (150-300%),Accumulation (Kumpul Barang),Spesialis Tiang Jemuran (Banting Pucuk),Normal,Naik 4 Hari Beruntun,TP: 378 | CL: 320,Normal,Tidak Ideal (< 1:1),Death Cross (Awal Bearish),Sentimen Positif 📰,Normal / Sedang Transisi,Dekat Support Fibo 23.6%,9,BELI,TIDAK ADA,2026-08-21 16:40:01,⚠️ Anomali (Sudah Terbang)
16:40,KOTA,Token Mati (Perlu Update),Mid Cap (Lapis 2),Overvalued (Mahal),33.877552,1.4099461,166.0,158,106,210,6.41025641025641,1193277200,Normal,60,Positif,Uptrend,Bullish,Bearish MACD,Perfect Uptrend (5>20>50),Normal,Distribusi (Turun),Normal,Seimbang / Adu Mekanik,Normal,Tinggi,Normal,Rawan Pucuk (High Risk),> 1 Miliar,Persis di VWAP,Distribusi Pro (Guyuran),Sultan (> 50M/hari),Anomali Tinggi (150-300%),Mark-Up (Fase Pesta),Spesialis Tiang Jemuran (Banting Pucuk),Normal,Naik 1 Hari Beruntun,TP: 195 | CL: 146,Normal,Tidak Ideal (< 1:1),Golden Cross (Awal Bullish),Sentimen Positif 📰,Normal / Sedang Transisi,Mendekati Fibo 38.2%,5,WAIT & SEE,TIDAK ADA,2026-08-21 16:40:01,⚠️ Anomali (Sudah Terbang)
16:40,INOV,Token Mati (Perlu Update),Small Cap (Lapis 3),Undervalued (Murah),7.9185524,0.8265253,147.0,141,127,155,-0.6756756756756757,671100,Normal,65,Negatif,Uptrend,Bullish,Bearish MACD,Perfect Uptrend (5>20>50),Normal,Distribusi (Turun),Normal,Seimbang / Adu Mekanik,Normal,Tinggi,Normal,Rawan Pucuk (High Risk),< 1 Miliar,Persis di VWAP,Akumulasi Pro (Smart Money),Gorengan Sepi (< 5M),Sepi (< 50%),Mark-Up (Fase Pesta),Normal,Normal,Turun 1 Hari Beruntun,TP: 153 | CL: 142,Open = High (Tekanan Jual),Tidak Ideal (< 1:1),Netral / Sideways,Sentimen Positif 📰,Normal / Sedang Transisi,Mendekati Fibo 23.6%,4,WAIT & SEE,TIDAK ADA,2026-08-21 16:40:01,Biasa / Mengikuti Pasar
16:40,ARKA,Token Mati (Perlu Update),Small Cap (Lapis 3),Undervalued (Murah),12.4293785,0.37204897,22.0,22,22,22,0.0,0,Normal,35,Negatif,Downtrend,Bearish,Bullish MACD,Konsolidasi / Transisi,Normal,Netral,Normal,Tidak Ada Transaksi,Squeeze,Rendah,Doji (Ragu-ragu),Dekat Support (Low Risk),< 1 Miliar,Di Atas VWAP (Kuat),Netral,Gorengan Sepi (< 5M),Normal (50-150%),Sideways,Solid (Jarang Dibanting),Normal,Sideways / Stagnan,TP: 23 | CL: 21,Normal,Di Area Support,Oversold (Jenuh Jual - Peluang),Netral / Sepi Berita,Normal / Sedang Transisi,Mendekati Fibo Bottom / 100%,1,WAIT & SEE,TIDAK ADA,2026-08-21 16:40:01,Biasa / Mengikuti Pasar
16:40,SMKL,Token Mati (Perlu Update),Small Cap (Lapis 3),Undervalued (Murah),4.456977,0.48429817,147.0,146,133,157,-0.6756756756756757,134800,Normal,54,Negatif,Uptrend,Bullish,Bearish MACD,Perfect Uptrend (5>20>50),Normal,Akumulasi (Naik),Normal,Seimbang / Adu Mekanik,Squeeze,Rendah,Normal,Rawan Pucuk (High Risk),< 1 Miliar,Persis di VWAP,Distribusi Pro (Guyuran),Gorengan Sepi (< 5M),Normal (50-150%),Mark-Up (Fase Pesta),Normal,Normal,Turun 1 Hari Beruntun,TP: 158 | CL: 139,Normal,Tidak Ideal (< 1:1),Netral / Sideways,Sentimen Positif 📰,Supply Kering (Siap Pump) 🏜️,Golden Rebound Fibo 50.0% 🎯,5,WAIT & SEE,TIDAK ADA,2026-08-21 16:40:01,Biasa / Mengikuti Pasar
16:40,HDIT,Token Mati (Perlu Update),Small Cap (Lapis 3),Fair Value (Wajar),0.0,0.31706774,50.0,50,50,61,0.0,443400,Normal,46,Negatif,Downtrend,Death Cross,Strong Bearish,Konsolidasi / Transisi,Normal,Distribusi (Turun),Normal,Tidak Ada Transaksi,Squeeze,Rendah,Doji (Ragu-ragu),Dekat Support (Low Risk),< 1 Miliar,Di Bawah VWAP (Lemah),Distribusi Pro (Guyuran),Gorengan Sepi (< 5M),Sepi (< 50%),Distribution (Fase Jualan),Spesialis Tiang Jemuran (Banting Pucuk),Normal,Sideways / Stagnan,TP: 53 | CL: 47,Normal,Di Area Support,Oversold (Jenuh Jual - Peluang),Sentimen Negatif ⚠️,Supply Kering (Siap Pump) 🏜️,Golden Rebound Fibo Bottom / 100% 🎯,0,WAIT & SEE,TIDAK ADA,2026-08-21 16:40:01,Biasa / Mengikuti Pasar
16:40,KEEN,Token Mati (Perlu Update),Mid Cap (Lapis 2),Overvalued (Mahal),32.414307,17755.102,870.0,875,820,920,-1.1363636363636365,8773400,Tembus MA20,49,Negatif,Downtrend,Bullish,Bearish MACD,Perfect Uptrend (5>20>50),Normal,Distribusi (Turun),Normal,Dominan Jual (Guyur),Normal,Sedang,Normal,Area Tengah,> 1 Miliar,Di Bawah VWAP (Lemah),Akumulasi Pro (Smart Money),Ritel Aktif (5M - 50M),Normal (50-150%),Distribution (Fase Jualan),Solid (Jarang Dibanting),Normal,Turun 2 Hari Beruntun,TP: 902 | CL: 848,Normal,Menengah (1:1),Netral / Sideways,Sentimen Positif 📰,Normal / Sedang Transisi,Dekat Support Fibo 23.6%,3,WAIT & SEE,TIDAK ADA,2026-08-21 16:40:01,Biasa / Mengikuti Pasar
16:40,BAPI,Token Mati (Perlu Update),Small Cap (Lapis 3),Fair Value (Wajar),0.0,0.2813454,20.0,18,16,21,5.263157894736842,17020200,Normal,57,Positif,Uptrend,Bullish,Strong Bullish,Perfect Uptrend (5>20>50),Normal,Akumulasi (Naik),Gap Up (+5.3%),Tidak Ada Transaksi,Normal,Tinggi,Doji (Ragu-ragu),Rawan Pucuk (High Risk),< 1 Miliar,Di Atas VWAP (Kuat),Distribusi Pro (Guyuran),Gorengan Sepi (< 5M),Normal (50-150%),Mark-Up (Fase Pesta),Normal,Normal,Naik 2 Hari Beruntun,TP: 21 | CL: 18,Normal,Tidak Ideal (< 1:1),Netral / Sideways,Netral / Sepi Berita,Normal / Sedang Transisi,Dekat Support Fibo 38.2%,7,BELI,TIDAK ADA,2026-08-21 16:40:01,Biasa / Mengikuti Pasar
16:40,TFAS,Token Mati (Perlu Update),Small Cap (Lapis 3),Fair Value (Wajar),0.0,1.8338075,186.0,189,180,250,1.0869565217391304,211600,Normal,47,Positif,Downtrend,Bearish,Strong Bearish,Strong Downtrend (5<20<50),Normal,Akumulasi (Naik),Normal,Seimbang / Adu Mekanik,Normal,Sedang,Normal,Area Tengah,< 1 Miliar,Persis di VWAP,Distribusi Pro (Guyuran),Gorengan Sepi (< 5M),Sepi (< 50%),Mark-Down (Fase Runtuh),Spesialis Tiang Jemuran (Banting Pucuk),Normal,Naik 1 Hari Beruntun,TP: 199 | CL: 176,Normal,Sangat Menarik (> 1:3),Golden Cross (Awal Bullish),Sentimen Positif 📰,Normal / Sedang Transisi,Dekat Support Fibo 78.6%,3,WAIT & SEE,TIDAK ADA,2026-08-21 16:40:01,Biasa / Mengikuti Pasar
16:40,GGRP,Token Mati (Perlu Update),Mid Cap (Lapis 2),Overvalued (Mahal),0.0,5660.3774,300.0,299,290,306,-0.6622516556291391,1004800,Tembus MA20,52,Negatif,Uptrend,Bullish,Bearish MACD,Perfect Uptrend (5>20>50),Normal,Distribusi (Turun),Normal,Dominan Jual (Guyur),Squeeze,Rendah,Normal,Area Tengah,< 1 Miliar,Persis di VWAP,Akumulasi Pro (Smart Money),Gorengan Sepi (< 5M),Normal (50-150%),Mark-Up (Fase Pesta),Normal,Normal,Turun 1 Hari Beruntun,TP: 308 | CL: 294,Normal,Tidak Ideal (< 1:1),Netral / Sideways,Sentimen Positif 📰,Supply Banjir (Distribusi) 🌊,Dekat Support Fibo 38.2%,5,WAIT & SEE,TIDAK ADA,2026-08-21 16:40:01,Biasa / Mengikuti Pasar
16:40,OPMS,Token Mati (Perlu Update),Small Cap (Lapis 3),Fair Value (Wajar),0.0,1.3575109,125.0,120,97,144,0.0,3276800,Normal,59,Negatif,Uptrend,Bullish,Bearish MACD,Perfect Uptrend (5>20>50),Normal,Distribusi (Turun),Normal,Dominan Beli (Hajar Kanan),Normal,Tinggi,Normal,Rawan Pucuk (High Risk),< 1 Miliar,Persis di VWAP,Distribusi Pro (Guyuran),Gorengan Sepi (< 5M),Sepi (< 50%),Mark-Up (Fase Pesta),Spesialis Tiang Jemuran (Banting Pucuk),Jarum Bawah (Sinyal Pantulan Kuat),Sideways / Stagnan,TP: 138 | CL: 116,Normal,Tidak Ideal (< 1:1),Netral / Sideways,Netral / Sepi Berita,Normal / Sedang Transisi,Mendekati Fibo 38.2%,4,WAIT & SEE,TIDAK ADA,2026-08-21 16:40:01,Biasa / Mengikuti Pasar
16:40,NZIA,Token Mati (Perlu Update),Small Cap (Lapis 3),Overvalued (Mahal),103.42205,0.6526162,136.0,139,131,148,0.7407407407407408,12326000,Tembus MA20,44,Positif,Downtrend,Bearish,Strong Bearish,Strong Downtrend (5<20<50),Normal,Akumulasi (Naik),Normal,Dominan Jual (Guyur),Normal,Sedang,Doji (Ragu-ragu),Area Tengah,> 1 Miliar,Persis di VWAP,Distribusi Pro (Guyuran),Gorengan Sepi (< 5M),Anomali Tinggi (150-300%),Mark-Down (Fase Runtuh),Spesialis Tiang Jemuran (Banting Pucuk),Normal,Naik 2 Hari Beruntun,TP: 144 | CL: 130,Normal,Ideal (1:2),Golden Cross (Awal Bullish),Sentimen Positif 📰,Normal / Sedang Transisi,Mengambang (Jauh dari Fibo),4,WAIT & SEE,TIDAK ADA,2026-08-21 16:40:01,Biasa / Mengikuti Pasar
16:40,SLIS,Token Mati (Perlu Update),Small Cap (Lapis 3),Fair Value (Wajar),0.0,0.7644603,98.0,77,60,114,-2.0,63787500,Normal,72,Negatif,Uptrend,Bullish,Strong Bullish,Perfect Uptrend (5>20>50),Normal,Akumulasi (Naik),Normal,Seimbang / Adu Mekanik,Normal,Tinggi,Normal,Rawan Pucuk (High Risk),> 1 Miliar,Di Bawah VWAP (Lemah),Distribusi Pro (Guyuran),Ritel Aktif (5M - 50M),Sepi (< 50%),Mark-Up (Fase Pesta),Spesialis Tiang Jemuran (Banting Pucuk),Normal,Turun 1 Hari Beruntun,TP: 113 | CL: 87,Normal,Tidak Ideal (< 1:1),Death Cross (Awal Bearish),Netral / Sepi Berita,Normal / Sedang Transisi,Mengambang (Jauh dari Fibo),5,WAIT & SEE,TIDAK ADA,2026-08-21 16:40:01,Biasa / Mengikuti Pasar
16:40,IRRA,Token Mati (Perlu Update),Small Cap (Lapis 3),Undervalued (Murah),8.707931,0.9229326,370.0,372,362,384,-1.06951871657754,444000,Normal,46,Negatif,Downtrend,Bearish,Strong Bearish,Konsolidasi / Transisi,Normal,Akumulasi (Naik),Normal,Seimbang / Adu Mekanik,Squeeze,Rendah,Normal,Dekat Support (Low Risk),< 1 Miliar,Persis di VWAP,Akumulasi Pro (Smart Money),Gorengan Sepi (< 5M),Normal (50-150%),Distribution (Fase Jualan),Normal,Normal,Turun 1 Hari Beruntun,TP: 381 | CL: 362,Open = High (Tekanan Jual),Ideal (1:2),Netral / Sideways,Sentimen Positif 📰,Normal / Sedang Transisi,Dekat Support Fibo 50.0%,2,WAIT & SEE,TIDAK ADA,2026-08-21 16:40:01,Biasa / Mengikuti Pasar
16:40,DMMX,Token Mati (Perlu Update),Mid Cap (Lapis 2),Overvalued (Mahal),33.820843,1.9798166,185.0,186,160,270,-0.5376344086021506,798300,Normal,53,Negatif,Downtrend,Death Cross,Bearish MACD,Konsolidasi / Transisi,Normal,Akumulasi (Naik),Normal,Dominan Jual (Guyur),Normal,Tinggi,Normal,Rawan Pucuk (High Risk),< 1 Miliar,Persis di VWAP,Distribusi Pro (Guyuran),Gorengan Sepi (< 5M),Sepi (< 50%),Distribution (Fase Jualan),Spesialis Tiang Jemuran (Banting Pucuk),Normal,Turun 1 Hari Beruntun,TP: 202 | CL: 173,Normal,Sangat Menarik (> 1:3),Oversold (Jenuh Jual - Peluang),Sentimen Positif 📰,Normal / Sedang Transisi,Mendekati Fibo 61.8% (Golden Ratio),3,WAIT & SEE,TIDAK ADA,2026-08-21 16:40:01,Biasa / Mengikuti Pasar
16:40,SINI,Token Mati (Perlu Update),Mid Cap (Lapis 2),Fair Value (Wajar),0.0,-5.1053376,8075.0,7256,6700,8075,9.863945578231291,3496400,Tembus MA20,61,Positif,Uptrend,Golden Cross,Strong Bullish,Awal Reversal (5>20),Akumulasi Kuat,Akumulasi (Naik),Gap Up (+5.8%),Dominan Beli (Hajar Kanan),Breakout Upper,Tinggi,Marubozu (Strong Bullish),Rawan Pucuk (High Risk),> 1 Miliar,Di Atas VWAP (Kuat),Akumulasi Pro (Smart Money),Ritel Aktif (5M - 50M),Anomali Tinggi (150-300%),Accumulation (Kumpul Barang),Solid (Jarang Dibanting),Normal,Naik 5 Hari Beruntun,TP: 8412 | CL: 7850,Open = Low (Bullish Kuat),Tidak Ideal (< 1:1),Overbought (Jenuh Beli - Rawan),Sentimen Positif 📰,Normal / Sedang Transisi,Mengambang (Jauh dari Fibo),11,BELI,TIDAK ADA,2026-08-21 16:40:01,⚠️ Anomali (Sudah Terbang)
16:40,WOWS,Token Mati (Perlu Update),Small Cap (Lapis 3),Fair Value (Wajar),0.0,0.28790393,62.0,59,55,68,-4.615384615384616,40360600,Tembus MA20,55,Negatif,Uptrend,Bullish,Strong Bullish,Perfect Uptrend (5>20>50),Normal,Akumulasi (Naik),Normal,Dominan Jual (Guyur),Normal,Sedang,Normal,Rawan Pucuk (High Risk),> 1 Miliar,Di Atas VWAP (Kuat),Akumulasi Pro (Smart Money),Gorengan Sepi (< 5M),Normal (50-150%),Mark-Up (Fase Pesta),Normal,Normal,Turun 1 Hari Beruntun,TP: 67 | CL: 58,Normal,Tidak Ideal (< 1:1),Netral / Sideways,Sentimen Positif 📰,Supply Banjir (Distribusi) 🌊,Mendekati Fibo 50.0%,7,BELI,TIDAK ADA,2026-08-21 16:40:01,Biasa / Mengikuti Pasar
16:40,ESIP,Token Mati (Perlu Update),Small Cap (Lapis 3),Overvalued (Mahal),42.474915,1.4368954,126.0,128,118,151,-0.7874015748031495,5750400,Normal,48,Negatif,Downtrend,Bearish,Strong Bearish,Strong Downtrend (5<20<50),Normal,Akumulasi (Naik),Normal,Dominan Jual (Guyur),Normal,Sedang,Normal,Area Tengah,< 1 Miliar,Persis di VWAP,Akumulasi Pro (Smart Money),Gorengan Sepi (< 5M),Sepi (< 50%),Mark-Down (Fase Runtuh),Spesialis Tiang Jemuran (Banting Pucuk),Normal,Turun 1 Hari Beruntun,TP: 132 | CL: 121,Normal,Sangat Menarik (> 1:3),Netral / Sideways,Netral / Sepi Berita,Normal / Sedang Transisi,Mendekati Fibo 50.0%,1,WAIT & SEE,TIDAK ADA,2026-08-21 16:40:01,Biasa / Mengikuti Pasar
16:40,TEBE,Token Mati (Perlu Update),Mid Cap (Lapis 2),Fair Value (Wajar),18.181818,2.1931944,1775.0,1225,995,1980,-4.825737265415549,30096400,Tembus MA20,76,Negatif,Uptrend,Bullish,Strong Bullish,Perfect Uptrend (5>20>50),Distribusi Kuat,Akumulasi (Naik),Normal,Dominan Jual (Guyur),Breakout Upper,Tinggi,Normal,Rawan Pucuk (High Risk),> 1 Miliar,Di Atas VWAP (Kuat),Akumulasi Pro (Smart Money),Sultan (> 50M/hari),Normal (50-150%),Mark-Up (Fase Pesta),Spesialis Tiang Jemuran (Banting Pucuk),Normal,Turun 1 Hari Beruntun,TP: 1978 | CL: 1639,Normal,Tidak Ideal (< 1:1),Death Cross (Awal Bearish),Sentimen Positif 📰,Supply Banjir (Distribusi) 🌊,Mendekati Fibo 23.6%,7,BELI,TIDAK ADA,2026-08-21 16:40:01,Biasa / Mengikuti Pasar
16:40,KEJU,Token Mati (Perlu Update),Mid Cap (Lapis 2),Overvalued (Mahal),17.005814,3.6617885,585.0,570,535,600,0.0,49100,Normal,56,Negatif,Uptrend,Bullish,Strong Bullish,Perfect Uptrend (5>20>50),Normal,Akumulasi (Naik),Normal,Seimbang / Adu Mekanik,Normal,Sedang,Doji (Ragu-ragu),Area Tengah,< 1 Miliar,Di Bawah VWAP (Lemah),Akumulasi Pro (Smart Money),Gorengan Sepi (< 5M),Sepi (< 50%),Mark-Up (Fase Pesta),Normal,Normal,Sideways / Stagnan,TP: 611 | CL: 567,Normal,Tidak Ideal (< 1:1),Death Cross (Awal Bearish),Sentimen Positif 📰,Normal / Sedang Transisi,Dekat Support Fibo 50.0%,6,WAIT & SEE,TIDAK ADA,2026-08-21 16:40:01,Biasa / Mengikuti Pasar
16:40,PSGO,Token Mati (Perlu Update),Mid Cap (Lapis 2),Undervalued (Murah),9.236569,1.3261433,196.0,195,191,200,1.0309278350515463,165400,Normal,51,Positif,Uptrend,Bearish,Strong Bearish,Strong Downtrend (5<20<50),Normal,Distribusi (Turun),Normal,Dominan Beli (Hajar Kanan),Squeeze,Rendah,Marubozu (Strong Bullish),Dekat Support (Low Risk),< 1 Miliar,Persis di VWAP,Distribusi Pro (Guyuran),Gorengan Sepi (< 5M),Normal (50-150%),Accumulation (Kumpul Barang),Normal,Normal,Naik 1 Hari Beruntun,TP: 201 | CL: 192,Open = Low (Bullish Kuat),Tidak Ideal (< 1:1),Netral / Sideways,Sentimen Positif 📰,Normal / Sedang Transisi,Mendekati Fibo 23.6%,5,WAIT & SEE,TIDAK ADA,2026-08-21 16:40:01,Biasa / Mengikuti Pasar
16:40,AGAR,Token Mati (Perlu Update),Mid Cap (Lapis 2),Overvalued (Mahal),909.5477,16.012455,1810.0,1012,630,2000,0.0,0,Normal,89,Negatif,Uptrend,Bullish,Strong Bullish,Perfect Uptrend (5>20>50),Normal,Akumulasi (Naik),Normal,Tidak Ada Transaksi,Normal,Tinggi,Doji (Ragu-ragu),Rawan Pucuk (High Risk),< 1 Miliar,Di Atas VWAP (Kuat),Akumulasi Pro (Smart Money),Gorengan Sepi (< 5M),Sepi (< 50%),Mark-Up (Fase Pesta),Normal,Normal,Sideways / Stagnan,TP: 2043 | CL: 1654,Normal,Tidak Ideal (< 1:1),Overbought (Jenuh Beli - Rawan),Netral / Sepi Berita,Normal / Sedang Transisi,Mengambang (Jauh dari Fibo),5,WAIT & SEE,TIDAK ADA,2026-08-21 16:40:01,Biasa / Mengikuti Pasar
16:40,IFSH,Token Mati (Perlu Update),Mid Cap (Lapis 2),Fair Value (Wajar),17.435495,2.5184991,1115.0,1147,1070,1295,-0.4464285714285714,6800,Normal,46,Negatif,Downtrend,Bearish,Bullish MACD,Strong Downtrend (5<20<50),Normal,Distribusi (Turun),Normal,Dominan Jual (Guyur),Normal,Tinggi,Normal,Area Tengah,< 1 Miliar,Persis di VWAP,Distribusi Pro (Guyuran),Gorengan Sepi (< 5M),Sepi (< 50%),Mark-Down (Fase Runtuh),Solid (Jarang Dibanting),Normal,Turun 3 Hari Beruntun,TP: 1180 | CL: 1071,Open = High (Tekanan Jual),Sangat Menarik (> 1:3),Netral / Sideways,Sentimen Positif 📰,Normal / Sedang Transisi,Mendekati Fibo 78.6%,2,WAIT & SEE,TIDAK ADA,2026-08-21 16:40:01,Biasa / Mengikuti Pasar
16:40,REAL,Token Mati (Perlu Update),Small Cap (Lapis 3),Overvalued (Mahal),390.62497,0.88487744,50.0,51,50,58,0.0,164790700,Tembus MA20,40,Negatif,Downtrend,Death Cross,Bearish MACD,Konsolidasi / Transisi,Normal,Distribusi (Turun),Normal,Dominan Jual (Guyur),Bottom Rebound,Sedang,Doji (Ragu-ragu),Dekat Support (Low Risk),> 1 Miliar,Di Bawah VWAP (Lemah),Distribusi Pro (Guyuran),Ritel Aktif (5M - 50M),Normal (50-150%),Distribution (Fase Jualan),Spesialis Tiang Jemuran (Banting Pucuk),Normal,Sideways / Stagnan,TP: 54 | CL: 47,Normal,Di Area Support,Oversold (Jenuh Jual - Peluang),Netral / Sepi Berita,Normal / Sedang Transisi,Golden Rebound Fibo Bottom / 100% 🎯,1,WAIT & SEE,TIDAK ADA,2026-08-21 16:40:01,Biasa / Mengikuti Pasar
16:40,IFII,Token Mati (Perlu Update),Mid Cap (Lapis 2),Undervalued (Murah),13.866667,1.391686,208.0,207,198,230,0.9708737864077669,18200,Normal,48,Positif,Uptrend,Golden Cross,Bullish MACD,Awal Reversal (5>20),Normal,Akumulasi (Naik),Normal,Dominan Beli (Hajar Kanan),Squeeze,Rendah,Doji (Ragu-ragu),Area Tengah,< 1 Miliar,Persis di VWAP,Akumulasi Pro (Smart Money),Gorengan Sepi (< 5M),Sepi (< 50%),Accumulation (Kumpul Barang),Spesialis Tiang Jemuran (Banting Pucuk),Jarum Bawah (Sinyal Pantulan Kuat),Naik 1 Hari Beruntun,TP: 215 | CL: 203,Normal,Ideal (1:2),Netral / Sideways,Sentimen Positif 📰,Supply Kering (Siap Pump) 🏜️,Mendekati Fibo Bottom / 100%,7,BELI,TIDAK ADA,2026-08-21 16:40:01,Biasa / Mengikuti Pasar
16:40,PMJS,Token Mati (Perlu Update),Mid Cap (Lapis 2),Undervalued (Murah),8.753502,0.614465,125.0,116,105,133,-0.7936507936507936,749700,Normal,63,Negatif,Uptrend,Bullish,Strong Bullish,Perfect Uptrend (5>20>50),Normal,Akumulasi (Naik),Normal,Seimbang / Adu Mekanik,Normal,Tinggi,Normal,Rawan Pucuk (High Risk),< 1 Miliar,Persis di VWAP,Akumulasi Pro (Smart Money),Gorengan Sepi (< 5M),Sepi (< 50%),Mark-Up (Fase Pesta),Normal,Normal,Turun 1 Hari Beruntun,TP: 133 | CL: 119,Normal,Tidak Ideal (< 1:1),Death Cross (Awal Bearish),Sentimen Positif 📰,Normal / Sedang Transisi,Dekat Support Fibo 23.6%,6,WAIT & SEE,TIDAK ADA,2026-08-21 16:40:01,Biasa / Mengikuti Pasar
16:40,UCID,Token Mati (Perlu Update),Mid Cap (Lapis 2),Undervalued (Murah),1.3883792,0.40371025,454.0,421,360,458,0.4424778761061947,414500,Normal,73,Positif,Uptrend,Bullish,Strong Bullish,Perfect Uptrend (5>20>50),Normal,Akumulasi (Naik),Normal,Seimbang / Adu Mekanik,Normal,Tinggi,Doji (Ragu-ragu),Rawan Pucuk (High Risk),< 1 Miliar,Di Atas VWAP (Kuat),Akumulasi Pro (Smart Money),Gorengan Sepi (< 5M),Normal (50-150%),Mark-Up (Fase Pesta),Solid (Jarang Dibanting),Jarum Bawah (Sinyal Pantulan Kuat),Naik 4 Hari Beruntun,TP: 472 | CL: 441,Normal,Tidak Ideal (< 1:1),Overbought (Jenuh Beli - Rawan),Sentimen Positif 📰,Normal / Sedang Transisi,Mendekati Fibo 23.6%,7,BELI,TIDAK ADA,2026-08-21 16:40:01,Biasa / Mengikuti Pasar
16:40,GLVA,Token Mati (Perlu Update),Small Cap (Lapis 3),Undervalued (Murah),9.673886,1.162727,318.0,308,298,338,2.5806451612903225,31700,Normal,60,Positif,Uptrend,Bullish,Strong Bullish,Perfect Uptrend (5>20>50),Normal,Akumulasi (Naik),Normal,Dominan Jual (Guyur),Squeeze,Rendah,Normal,Area Tengah,< 1 Miliar,Persis di VWAP,Distribusi Pro (Guyuran),Gorengan Sepi (< 5M),Sepi (< 50%),Mark-Up (Fase Pesta),Spesialis Tiang Jemuran (Banting Pucuk),Normal,Naik 2 Hari Beruntun,TP: 339 | CL: 303,Normal,Menengah (1:1),Golden Cross (Awal Bullish),Sentimen Positif 📰,Normal / Sedang Transisi,Dekat Support Fibo 50.0%,7,BELI,TIDAK ADA,2026-08-21 16:40:01,Biasa / Mengikuti Pasar
16:40,PGJO,Token Mati (Perlu Update),Small Cap (Lapis 3),Fair Value (Wajar),0.0,-348.05093,875.0,760,650,915,-1.6853932584269662,114900,Normal,66,Negatif,Uptrend,Bullish,Strong Bullish,Perfect Uptrend (5>20>50),Normal,Akumulasi (Naik),Normal,Dominan Jual (Guyur),Normal,Tinggi,Normal,Rawan Pucuk (High Risk),< 1 Miliar,Di Atas VWAP (Kuat),Distribusi Pro (Guyuran),Gorengan Sepi (< 5M),Normal (50-150%),Mark-Up (Fase Pesta),Normal,Normal,Turun 1 Hari Beruntun,TP: 950 | CL: 825,Open = High (Tekanan Jual),Tidak Ideal (< 1:1),Death Cross (Awal Bearish),Netral / Sepi Berita,Normal / Sedang Transisi,Mendekati Fibo 23.6%,5,WAIT & SEE,TIDAK ADA,2026-08-21 16:40:01,Biasa / Mengikuti Pasar
16:40,AMAR,Token Mati (Perlu Update),Mid Cap (Lapis 2),Undervalued (Murah),14.490943,1.2155762,232.0,216,202,234,0.8695652173913043,1522700,Tembus MA20,75,Positif,Uptrend,Bullish,Strong Bullish,Perfect Uptrend (5>20>50),Akumulasi Kuat,Akumulasi (Naik),Normal,Dominan Beli (Hajar Kanan),Normal,Tinggi,Normal,Rawan Pucuk (High Risk),< 1 Miliar,Di Atas VWAP (Kuat),Akumulasi Pro (Smart Money),Gorengan Sepi (< 5M),Anomali Tinggi (150-300%),Mark-Up (Fase Pesta),Solid (Jarang Dibanting),Normal,Naik 2 Hari Beruntun,TP: 241 | CL: 225,Normal,Tidak Ideal (< 1:1),Overbought (Jenuh Beli - Rawan),Sentimen Positif 📰,Normal / Sedang Transisi,Mendekati Fibo 23.6%,10,BELI,TIDAK ADA,2026-08-21 16:40:01,Biasa / Mengikuti Pasar
16:40,CSRA,Token Mati (Perlu Update),Mid Cap (Lapis 2),Undervalued (Murah),6.0556335,0.9478163,775.0,756,730,835,1.3071895424836601,261700,Normal,57,Positif,Uptrend,Bearish,Bullish MACD,Strong Downtrend (5<20<50),Normal,Akumulasi (Naik),Gap Up (+2.6%),Seimbang / Adu Mekanik,Normal,Sedang,Normal,Area Tengah,< 1 Miliar,Di Atas VWAP (Kuat),Distribusi Pro (Guyuran),Gorengan Sepi (< 5M),Normal (50-150%),Accumulation (Kumpul Barang),Normal,Normal,Naik 4 Hari Beruntun,TP: 797 | CL: 760,Open = High (Tekanan Jual),Menengah (1:1),Netral / Sideways,Sentimen Positif 📰,Normal / Sedang Transisi,Mendekati Fibo 50.0%,7,BELI,TIDAK ADA,2026-08-21 16:40:01,Biasa / Mengikuti Pasar
16:40,INDO,Token Mati (Perlu Update),Small Cap (Lapis 3),Fair Value (Wajar),17.647058,0.72407573,183.0,176,167,187,1.1049723756906076,22336800,Normal,64,Positif,Uptrend,Bullish,Strong Bullish,Perfect Uptrend (5>20>50),Normal,Akumulasi (Naik),Normal,Seimbang / Adu Mekanik,Normal,Sedang,Normal,Area Tengah,> 1 Miliar,Persis di VWAP,Akumulasi Pro (Smart Money),Ritel Aktif (5M - 50M),Normal (50-150%),Mark-Up (Fase Pesta),Normal,Normal,Naik 1 Hari Beruntun,TP: 189 | CL: 178,Open = Low (Bullish Kuat),Tidak Ideal (< 1:1),Death Cross (Awal Bearish),Sentimen Positif 📰,Normal / Sedang Transisi,Mendekati Fibo 23.6%,7,BELI,TIDAK ADA,2026-08-21 16:40:01,Biasa / Mengikuti Pasar
16:40,AMOR,Token Mati (Perlu Update),Small Cap (Lapis 3),Fair Value (Wajar),10.526317,2.966351,358.0,354,320,366,1.1299435028248588,90300,Normal,59,Positif,Uptrend,Bullish,Bearish MACD,Perfect Uptrend (5>20>50),Normal,Distribusi (Turun),Normal,Seimbang / Adu Mekanik,Squeeze,Rendah,Normal,Rawan Pucuk (High Risk),< 1 Miliar,Persis di VWAP,Distribusi Pro (Guyuran),Gorengan Sepi (< 5M),Normal (50-150%),Mark-Up (Fase Pesta),Normal,Normal,Naik 1 Hari Beruntun,TP: 369 | CL: 350,Open = Low (Bullish Kuat),Tidak Ideal (< 1:1),Death Cross (Awal Bearish),Sentimen Positif 📰,Normal / Sedang Transisi,Mendekati Fibo 23.6%,5,WAIT & SEE,TIDAK ADA,2026-08-21 16:40:01,Biasa / Mengikuti Pasar
16:40,TRIN,Token Mati (Perlu Update),Mid Cap (Lapis 2),Overvalued (Mahal),82.51749,2.63244,350.0,320,292,366,1.1560693641618496,22677400,Tembus MA20,57,Positif,Uptrend,Golden Cross,Bullish MACD,Awal Reversal (5>20),Distribusi Kuat,Akumulasi (Naik),Normal,Seimbang / Adu Mekanik,Breakout Upper,Tinggi,Doji (Ragu-ragu),Rawan Pucuk (High Risk),> 1 Miliar,Di Atas VWAP (Kuat),Akumulasi Pro (Smart Money),Ritel Aktif (5M - 50M),Anomali Tinggi (150-300%),Accumulation (Kumpul Barang),Normal,Normal,Naik 2 Hari Beruntun,TP: 383 | CL: 327,Normal,Tidak Ideal (< 1:1),Netral / Sideways,Sentimen Negatif ⚠️,Supply Banjir (Distribusi) 🌊,Dekat Support Fibo 78.6%,7,BELI,TIDAK ADA,2026-08-21 16:40:01,Biasa / Mengikuti Pasar
16:40,DMND,Token Mati (Perlu Update),Mid Cap (Lapis 2),Undervalued (Murah),11.724006,0.86712265,610.0,619,560,640,-0.8130081300813009,31200,Tembus MA20,45,Negatif,Downtrend,Death Cross,Bearish MACD,Konsolidasi / Transisi,Normal,Distribusi (Turun),Gap Up (+2.4%),Dominan Jual (Guyur),Squeeze,Rendah,Normal,Area Tengah,< 1 Miliar,Di Bawah VWAP (Lemah),Distribusi Pro (Guyuran),Gorengan Sepi (< 5M),Anomali Tinggi (150-300%),Distribution (Fase Jualan),Normal,Normal,Turun 3 Hari Beruntun,TP: 637 | CL: 591,Open = High (Tekanan Jual),Tidak Ideal (< 1:1),Death Cross (Awal Bearish),Sentimen Positif 📰,Normal / Sedang Transisi,Dekat Support Fibo 38.2%,3,WAIT & SEE,TIDAK ADA,2026-08-21 16:40:01,Biasa / Mengikuti Pasar
16:40,PURA,Token Mati (Perlu Update),Small Cap (Lapis 3),Fair Value (Wajar),22.11472,0.38738573,32.0,32,30,34,0.0,2637700,Normal,49,Negatif,Downtrend,Bullish,Bearish MACD,Perfect Uptrend (5>20>50),Normal,Distribusi (Turun),Normal,Dominan Jual (Guyur),Normal,Sedang,Doji (Ragu-ragu),Area Tengah,< 1 Miliar,Di Bawah VWAP (Lemah),Akumulasi Pro (Smart Money),Gorengan Sepi (< 5M),Normal (50-150%),Distribution (Fase Jualan),Spesialis Tiang Jemuran (Banting Pucuk),Normal,Sideways / Stagnan,TP: 33 | CL: 31,Normal,Menengah (1:1),Netral / Sideways,Netral / Sepi Berita,Normal / Sedang Transisi,Dekat Support Fibo 78.6%,1,WAIT & SEE,TIDAK ADA,2026-08-21 16:40:01,Biasa / Mengikuti Pasar
16:40,PTPW,Token Mati (Perlu Update),Mid Cap (Lapis 2),Fair Value (Wajar),15.266769,1.5282393,1150.0,1165,1120,1230,-2.127659574468085,35100,Tembus MA20,47,Negatif,Downtrend,Bullish,Bearish MACD,Perfect Uptrend (5>20>50),Normal,Distribusi (Turun),Normal,Dominan Jual (Guyur),Normal,Sedang,Normal,Dekat Support (Low Risk),< 1 Miliar,Di Bawah VWAP (Lemah),Distribusi Pro (Guyuran),Gorengan Sepi (< 5M),Normal (50-150%),Distribution (Fase Jualan),Normal,Normal,Turun 1 Hari Beruntun,TP: 1180 | CL: 1130,Normal,Ideal (1:2),Netral / Sideways,Sentimen Positif 📰,Normal / Sedang Transisi,Mengambang (Jauh dari Fibo),3,WAIT & SEE,TIDAK ADA,2026-08-21 16:40:01,Biasa / Mengikuti Pasar
16:40,TAMA,Token Mati (Perlu Update),Small Cap (Lapis 3),Overvalued (Mahal),0.0,10.173867,270.0,246,195,290,-1.4598540145985401,6935600,Normal,69,Negatif,Uptrend,Bullish,Strong Bullish,Perfect Uptrend (5>20>50),Normal,Distribusi (Turun),Gap Up (+2.2%),Seimbang / Adu Mekanik,Normal,Tinggi,Normal,Rawan Pucuk (High Risk),> 1 Miliar,Persis di VWAP,Distribusi Pro (Guyuran),Gorengan Sepi (< 5M),Normal (50-150%),Mark-Up (Fase Pesta),Spesialis Tiang Jemuran (Banting Pucuk),Normal,Turun 1 Hari Beruntun,TP: 302 | CL: 248,Normal,Tidak Ideal (< 1:1),Death Cross (Awal Bearish),Netral / Sepi Berita,Normal / Sedang Transisi,Mengambang (Jauh dari Fibo),5,WAIT & SEE,TIDAK ADA,2026-08-21 16:40:01,Biasa / Mengikuti Pasar
16:40,IKAN,Token Mati (Perlu Update),Small Cap (Lapis 3),Overvalued (Mahal),44.387753,0.97651863,87.0,85,79,105,1.1627906976744187,4357900,Normal,57,Positif,Uptrend,Bullish,Bearish MACD,Perfect Uptrend (5>20>50),Normal,Distribusi (Turun),Normal,Seimbang / Adu Mekanik,Normal,Sedang,Doji (Ragu-ragu),Rawan Pucuk (High Risk),< 1 Miliar,Di Bawah VWAP (Lemah),Distribusi Pro (Guyuran),Gorengan Sepi (< 5M),Sepi (< 50%),Mark-Up (Fase Pesta),Spesialis Tiang Jemuran (Banting Pucuk),Normal,Naik 1 Hari Beruntun,TP: 95 | CL: 81,Normal,Ideal (1:2),Golden Cross (Awal Bullish),Netral / Sepi Berita,Normal / Sedang Transisi,Mendekati Fibo 50.0%,4,WAIT & SEE,TIDAK ADA,2026-08-21 16:40:01,Biasa / Mengikuti Pasar
16:40,SAMF,Token Mati (Perlu Update),Mid Cap (Lapis 2),Fair Value (Wajar),10.994764,1.6455193,294.0,279,268,340,5.0,4138000,Tembus MA20,67,Positif,Uptrend,Bullish,Strong Bullish,Perfect Uptrend (5>20>50),Akumulasi Kuat,Akumulasi (Naik),Gap Up (+2.9%),Dominan Jual (Guyur),Squeeze,Rendah,Doji (Ragu-ragu),Area Tengah,> 1 Miliar,Di Bawah VWAP (Lemah),Distribusi Pro (Guyuran),Gorengan Sepi (< 5M),Ledakan Ekstrem (> 300%),Mark-Up (Fase Pesta),Spesialis Tiang Jemuran (Banting Pucuk),Normal,Naik 1 Hari Beruntun,TP: 311 | CL: 282,Normal,Ideal (1:2),Netral / Sideways,Sentimen Positif 📰,Normal / Sedang Transisi,Dekat Support Fibo 50.0%,10,BELI,TIDAK ADA,2026-08-21 16:40:01,Biasa / Mengikuti Pasar
16:40,SBAT,Token Mati (Perlu Update),Small Cap (Lapis 3),Fair Value (Wajar),0.0,0.03221857,1.0,1,1,1,0.0,0,Normal,0,Negatif,Downtrend,Bearish,Bearish MACD,Konsolidasi / Transisi,Normal,Netral,Normal,Tidak Ada Transaksi,Squeeze,Rendah,Doji (Ragu-ragu),Dekat Support (Low Risk),< 1 Miliar,Di Atas VWAP (Kuat),Netral,Gorengan Sepi (< 5M),Normal (50-150%),Sideways,Solid (Jarang Dibanting),Normal,Sideways / Stagnan,TP: 2 | CL: 0,Normal,Di Area Support,Oversold (Jenuh Jual - Peluang),Netral / Sepi Berita,Normal / Sedang Transisi,Normal / Sideways,0,WAIT & SEE,TIDAK ADA,2026-08-21 16:40:01,Biasa / Mengikuti Pasar
16:40,KBAG,Token Mati (Perlu Update),Small Cap (Lapis 3),Fair Value (Wajar),0.0,1.0168198,48.0,47,40,51,-4.0,2091100,Normal,55,Negatif,Uptrend,Bullish,Bearish MACD,Perfect Uptrend (5>20>50),Normal,Akumulasi (Naik),Gap Down (-2.0%),Dominan Jual (Guyur),Normal,Tinggi,Normal,Rawan Pucuk (High Risk),< 1 Miliar,Di Bawah VWAP (Lemah),Akumulasi Pro (Smart Money),Gorengan Sepi (< 5M),Sepi (< 50%),Mark-Up (Fase Pesta),Normal,Normal,Turun 1 Hari Beruntun,TP: 50 | CL: 46,Open = High (Tekanan Jual),Tidak Ideal (< 1:1),Death Cross (Awal Bearish),Netral / Sepi Berita,Normal / Sedang Transisi,Mendekati Fibo 23.6%,4,WAIT & SEE,TIDAK ADA,2026-08-21 16:40:01,Biasa / Mengikuti Pasar
16:40,RONY,Token Mati (Perlu Update),Mid Cap (Lapis 2),Overvalued (Mahal),0.0,684.0659,1245.0,1289,1135,1590,1.2195121951219512,1800,Normal,50,Positif,Downtrend,Bearish,Bearish MACD,Konsolidasi / Transisi,Normal,Distribusi (Turun),Normal,Dominan Beli (Hajar Kanan),Normal,Tinggi,Doji (Ragu-ragu),Area Tengah,< 1 Miliar,Di Atas VWAP (Kuat),Distribusi Pro (Guyuran),Gorengan Sepi (< 5M),Sepi (< 50%),Distribution (Fase Jualan),Spesialis Tiang Jemuran (Banting Pucuk),Jarum Bawah (Sinyal Pantulan Kuat),Naik 2 Hari Beruntun,TP: 1370 | CL: 1161,Normal,Sangat Menarik (> 1:3),Golden Cross (Awal Bullish),Netral / Sepi Berita,Normal / Sedang Transisi,Mengambang (Jauh dari Fibo),2,WAIT & SEE,TIDAK ADA,2026-08-21 16:40:01,Biasa / Mengikuti Pasar
16:40,CSMI,Token Mati (Perlu Update),Small Cap (Lapis 3),Overvalued (Mahal),0.0,40.739815,166.0,96,70,167,33.87096774193548,256142200,Tembus MA20,84,Positif,Uptrend,Bullish,Strong Bullish,Perfect Uptrend (5>20>50),Akumulasi Kuat,Akumulasi (Naik),Normal,Dominan Beli (Hajar Kanan),Breakout Upper,Tinggi,Marubozu (Strong Bullish),Rawan Pucuk (High Risk),> 1 Miliar,Di Atas VWAP (Kuat),Akumulasi Pro (Smart Money),Ritel Aktif (5M - 50M),Anomali Tinggi (150-300%),Mark-Up (Fase Pesta),Spesialis Tiang Jemuran (Banting Pucuk),Normal,Naik 1 Hari Beruntun,TP: 189 | CL: 150,Open = Low (Bullish Kuat),Tidak Ideal (< 1:1),Overbought (Jenuh Beli - Rawan),Sentimen Negatif ⚠️,Normal / Sedang Transisi,Mengambang (Jauh dari Fibo),9,BELI,TIDAK ADA,2026-08-21 16:40:01,⚠️ Anomali (Sudah Terbang)
16:40,BBSS,Token Mati (Perlu Update),Small Cap (Lapis 3),Fair Value (Wajar),0.0,2.0141184,103.0,99,90,129,-1.9047619047619049,1178500,Normal,55,Negatif,Uptrend,Bullish,Strong Bullish,Perfect Uptrend (5>20>50),Normal,Distribusi (Turun),Gap Up (+2.9%),Dominan Jual (Guyur),Normal,Tinggi,Normal,Rawan Pucuk (High Risk),< 1 Miliar,Di Bawah VWAP (Lemah),Distribusi Pro (Guyuran),Gorengan Sepi (< 5M),Sepi (< 50%),Mark-Up (Fase Pesta),Spesialis Tiang Jemuran (Banting Pucuk),Normal,Turun 2 Hari Beruntun,TP: 115 | CL: 94,Open = High (Tekanan Jual),Ideal (1:2),Netral / Sideways,Sentimen Positif 📰,Normal / Sedang Transisi,Mendekati Fibo 78.6%,6,WAIT & SEE,TIDAK ADA,2026-08-21 16:40:01,Biasa / Mengikuti Pasar
16:40,CASH,Token Mati (Perlu Update),Small Cap (Lapis 3),Overvalued (Mahal),0.0,8.095118,222.0,225,195,266,-1.7699115044247788,824900,Normal,54,Negatif,Downtrend,Bearish,Bearish MACD,Konsolidasi / Transisi,Normal,Akumulasi (Naik),Normal,Seimbang / Adu Mekanik,Normal,Tinggi,Normal,Rawan Pucuk (High Risk),< 1 Miliar,Di Atas VWAP (Kuat),Akumulasi Pro (Smart Money),Gorengan Sepi (< 5M),Normal (50-150%),Distribution (Fase Jualan),Normal,Normal,Turun 2 Hari Beruntun,TP: 243 | CL: 208,Normal,Ideal (1:2),Death Cross (Awal Bearish),Sentimen Negatif ⚠️,Normal / Sedang Transisi,Dekat Support Fibo 38.2%,2,WAIT & SEE,TIDAK ADA,2026-08-21 16:40:01,Biasa / Mengikuti Pasar
16:40,EPAC,Token Mati (Perlu Update),Small Cap (Lapis 3),Fair Value (Wajar),0.0,2.727743,59.0,59,57,66,1.7241379310344827,44942500,Normal,43,Positif,Downtrend,Bearish,Bullish MACD,Strong Downtrend (5<20<50),Normal,Distribusi (Turun),Normal,Dominan Beli (Hajar Kanan),Normal,Sedang,Normal,Area Tengah,> 1 Miliar,Di Bawah VWAP (Lemah),Distribusi Pro (Guyuran),Ritel Aktif (5M - 50M),Sepi (< 50%),Mark-Down (Fase Runtuh),Normal,Normal,Naik 1 Hari Beruntun,TP: 63 | CL: 56,Normal,Sangat Menarik (> 1:3),Golden Cross (Awal Bullish),Sentimen Positif 📰,Normal / Sedang Transisi,Mendekati Fibo 78.6%,4,WAIT & SEE,TIDAK ADA,2026-08-21 16:40:01,Biasa / Mengikuti Pasar
16:40,UANG,Token Mati (Perlu Update),Mid Cap (Lapis 2),Overvalued (Mahal),42.517006,9.312964,2500.0,2392,2150,2560,3.7344398340248963,381500,Tembus MA20,57,Positif,Uptrend,Bullish,Bearish MACD,Perfect Uptrend (5>20>50),Akumulasi Kuat,Akumulasi (Naik),Gap Up (+2.1%),Seimbang / Adu Mekanik,Normal,Tinggi,Normal,Rawan Pucuk (High Risk),< 1 Miliar,Di Atas VWAP (Kuat),Distribusi Pro (Guyuran),Gorengan Sepi (< 5M),Anomali Tinggi (150-300%),Mark-Up (Fase Pesta),Normal,Normal,Naik 2 Hari Beruntun,TP: 2684 | CL: 2377,Normal,Tidak Ideal (< 1:1),Netral / Sideways,Netral / Sepi Berita,Normal / Sedang Transisi,Mendekati Fibo 50.0%,8,BELI,TIDAK ADA,2026-08-21 16:40:01,Biasa / Mengikuti Pasar
16:40,PGUN,Token Mati (Perlu Update),Big Cap (Lapis 1),Overvalued (Mahal),471.3314,28.945805,9700.0,7910,7150,10500,-1.0204081632653061,312600,Tembus MA20,70,Negatif,Uptrend,Bullish,Strong Bullish,Perfect Uptrend (5>20>50),Distribusi Kuat,Akumulasi (Naik),Normal,Dominan Jual (Guyur),Breakout Upper,Tinggi,Doji (Ragu-ragu),Rawan Pucuk (High Risk),> 1 Miliar,Di Atas VWAP (Kuat),Akumulasi Pro (Smart Money),Gorengan Sepi (< 5M),Anomali Tinggi (150-300%),Mark-Up (Fase Pesta),Spesialis Tiang Jemuran (Banting Pucuk),Normal,Turun 1 Hari Beruntun,TP: 10618 | CL: 9087,Normal,Tidak Ideal (< 1:1),Death Cross (Awal Bearish),Sentimen Positif 📰,Supply Banjir (Distribusi) 🌊,Mendekati Fibo 23.6%,7,BELI,TIDAK ADA,2026-08-21 16:40:01,Biasa / Mengikuti Pasar
16:40,SOFA,Token Mati (Perlu Update),Small Cap (Lapis 3),Overvalued (Mahal),0.0,14.35427,332.0,249,195,360,1.2195121951219512,9443800,Tembus MA20,71,Positif,Uptrend,Bullish,Strong Bullish,Perfect Uptrend (5>20>50),Akumulasi Kuat,Akumulasi (Naik),Normal,Seimbang / Adu Mekanik,Breakout Upper,Tinggi,Doji (Ragu-ragu),Rawan Pucuk (High Risk),> 1 Miliar,Di Atas VWAP (Kuat),Akumulasi Pro (Smart Money),Gorengan Sepi (< 5M),Anomali Tinggi (150-300%),Mark-Up (Fase Pesta),Normal,Normal,Naik 4 Hari Beruntun,TP: 374 | CL: 303,Normal,Tidak Ideal (< 1:1),Overbought (Jenuh Beli - Rawan),Netral / Sepi Berita,Normal / Sedang Transisi,Mendekati Fibo 50.0%,8,BELI,TIDAK ADA,2026-08-21 16:40:01,Biasa / Mengikuti Pasar
16:40,PPGL,Token Mati (Perlu Update),Small Cap (Lapis 3),Fair Value (Wajar),9.362983,2.2450514,226.0,210,188,242,-0.8771929824561403,987400,Normal,65,Negatif,Uptrend,Bullish,Strong Bullish,Perfect Uptrend (5>20>50),Normal,Akumulasi (Naik),Normal,Seimbang / Adu Mekanik,Normal,Tinggi,Normal,Rawan Pucuk (High Risk),< 1 Miliar,Di Atas VWAP (Kuat),Akumulasi Pro (Smart Money),Gorengan Sepi (< 5M),Sepi (< 50%),Mark-Up (Fase Pesta),Normal,Normal,Turun 1 Hari Beruntun,TP: 241 | CL: 215,Normal,Tidak Ideal (< 1:1),Death Cross (Awal Bearish),Netral / Sepi Berita,Normal / Sedang Transisi,Mengambang (Jauh dari Fibo),5,WAIT & SEE,TIDAK ADA,2026-08-21 16:40:01,Biasa / Mengikuti Pasar
16:40,TOYS,Token Mati (Perlu Update),Small Cap (Lapis 3),Fair Value (Wajar),0.0,0.04635451,8.0,8,8,8,0.0,0,Normal,0,Negatif,Downtrend,Bearish,Bearish MACD,Konsolidasi / Transisi,Normal,Netral,Normal,Tidak Ada Transaksi,Squeeze,Rendah,Doji (Ragu-ragu),Dekat Support (Low Risk),< 1 Miliar,Di Atas VWAP (Kuat),Netral,Gorengan Sepi (< 5M),Normal (50-150%),Sideways,Solid (Jarang Dibanting),Normal,Sideways / Stagnan,TP: 9 | CL: 7,Normal,Di Area Support,Oversold (Jenuh Jual - Peluang),Netral / Sepi Berita,Normal / Sedang Transisi,Normal / Sideways,0,WAIT & SEE,TIDAK ADA,2026-08-21 16:40:01,Biasa / Mengikuti Pasar
16:40,SGER,Token Mati (Perlu Update),Mid Cap (Lapis 2),Overvalued (Mahal),35.714287,3.280443,515.0,472,424,530,0.0,61066500,Tembus MA20,72,Negatif,Uptrend,Bullish,Strong Bullish,Perfect Uptrend (5>20>50),Normal,Akumulasi (Naik),Normal,Seimbang / Adu Mekanik,Normal,Tinggi,Doji (Ragu-ragu),Rawan Pucuk (High Risk),> 1 Miliar,Di Atas VWAP (Kuat),Akumulasi Pro (Smart Money),Ritel Aktif (5M - 50M),Anomali Tinggi (150-300%),Mark-Up (Fase Pesta),Normal,Jarum Bawah (Sinyal Pantulan Kuat),Sideways / Stagnan,TP: 543 | CL: 495,Normal,Tidak Ideal (< 1:1),Netral / Sideways,Sentimen Positif 📰,Normal / Sedang Transisi,Mengambang (Jauh dari Fibo),7,BELI,TIDAK ADA,2026-08-21 16:40:01,Biasa / Mengikuti Pasar
16:40,TRJA,Token Mati (Perlu Update),Small Cap (Lapis 3),Undervalued (Murah),3.859562,0.48125437,124.0,113,105,135,2.479338842975207,692700,Normal,68,Positif,Uptrend,Bullish,Strong Bullish,Perfect Uptrend (5>20>50),Normal,Akumulasi (Naik),Gap Up (+3.3%),Dominan Beli (Hajar Kanan),Normal,Tinggi,Hammer (Potensi Reversal),Rawan Pucuk (High Risk),< 1 Miliar,Persis di VWAP,Distribusi Pro (Guyuran),Gorengan Sepi (< 5M),Sepi (< 50%),Mark-Up (Fase Pesta),Spesialis Tiang Jemuran (Banting Pucuk),Jarum Bawah (Sinyal Pantulan Kuat),Naik 2 Hari Beruntun,TP: 135 | CL: 116,Open = High (Tekanan Jual),Tidak Ideal (< 1:1),Netral / Sideways,Sentimen Negatif ⚠️,Normal / Sedang Transisi,Mendekati Fibo 38.2%,8,BELI,TIDAK ADA,2026-08-21 16:40:01,Biasa / Mengikuti Pasar
16:40,PNGO,Token Mati (Perlu Update),Mid Cap (Lapis 2),Fair Value (Wajar),8.390451,2.1949825,3550.0,3546,3450,3650,0.8522727272727272,300,Normal,56,Positif,Uptrend,Bearish,Bearish MACD,Konsolidasi / Transisi,Normal,Distribusi (Turun),Normal,Dominan Jual (Guyur),Squeeze,Rendah,Normal,Dekat Support (Low Risk),< 1 Miliar,Persis di VWAP,Distribusi Pro (Guyuran),Gorengan Sepi (< 5M),Sepi (< 50%),Mark-Up (Fase Pesta),Spesialis Tiang Jemuran (Banting Pucuk),Normal,Naik 2 Hari Beruntun,TP: 3582 | CL: 3528,Open = High (Tekanan Jual),Menengah (1:1),Netral / Sideways,Sentimen Positif 📰,Supply Kering (Siap Pump) 🏜️,Golden Rebound Fibo 38.2% 🎯,4,WAIT & SEE,TIDAK ADA,2026-08-21 16:40:01,Biasa / Mengikuti Pasar
16:40,SCNP,Token Mati (Perlu Update),Small Cap (Lapis 3),Fair Value (Wajar),0.0,0.95902294,147.0,153,138,200,0.0,104800,Normal,42,Negatif,Downtrend,Bearish,Strong Bearish,Konsolidasi / Transisi,Normal,Distribusi (Turun),Normal,Dominan Jual (Guyur),Bottom Rebound,Sedang,Doji (Ragu-ragu),Area Tengah,< 1 Miliar,Persis di VWAP,Akumulasi Pro (Smart Money),Gorengan Sepi (< 5M),Sepi (< 50%),Distribution (Fase Jualan),Spesialis Tiang Jemuran (Banting Pucuk),Normal,Sideways / Stagnan,TP: 157 | CL: 139,Normal,Sangat Menarik (> 1:3),Netral / Sideways,Sentimen Positif 📰,Supply Kering (Siap Pump) 🏜️,Mendekati Fibo 78.6%,1,WAIT & SEE,TIDAK ADA,2026-08-21 16:40:01,Biasa / Mengikuti Pasar
16:40,BBSI,Token Mati (Perlu Update),Big Cap (Lapis 1),Overvalued (Mahal),96.88796,4.813232,4670.0,4674,4500,4730,-0.2136752136752137,400,Normal,50,Negatif,Downtrend,Golden Cross,Bearish MACD,Perfect Uptrend (5>20>50),Normal,Distribusi (Turun),Normal,Dominan Beli (Hajar Kanan),Squeeze,Rendah,Marubozu (Strong Bullish),Area Tengah,< 1 Miliar,Persis di VWAP,Akumulasi Pro (Smart Money),Gorengan Sepi (< 5M),Normal (50-150%),Distribution (Fase Jualan),Normal,Normal,Turun 1 Hari Beruntun,TP: 4769 | CL: 4603,Normal,Tidak Ideal (< 1:1),Overbought (Jenuh Beli - Rawan),Sentimen Positif 📰,Supply Kering (Siap Pump) 🏜️,Mendekati Fibo 23.6%,3,WAIT & SEE,TIDAK ADA,2026-08-21 16:40:01,Biasa / Mengikuti Pasar
16:40,KMDS,Token Mati (Perlu Update),Small Cap (Lapis 3),Fair Value (Wajar),5.813252,1.5694683,525.0,533,505,555,-0.9433962264150944,47500,Normal,46,Negatif,Downtrend,Bearish,Strong Bearish,Strong Downtrend (5<20<50),Normal,Akumulasi (Naik),Normal,Dominan Jual (Guyur),Squeeze,Rendah,Normal,Area Tengah,< 1 Miliar,Persis di VWAP,Distribusi Pro (Guyuran),Gorengan Sepi (< 5M),Normal (50-150%),Mark-Down (Fase Runtuh),Solid (Jarang Dibanting),Normal,Turun 1 Hari Beruntun,TP: 548 | CL: 509,Open = High (Tekanan Jual),Ideal (1:2),Netral / Sideways,Sentimen Positif 📰,Normal / Sedang Transisi,Dekat Support Fibo 78.6%,2,WAIT & SEE,TIDAK ADA,2026-08-21 16:40:01,Biasa / Mengikuti Pasar
16:40,PURI,Token Mati (Perlu Update),Small Cap (Lapis 3),Overvalued (Mahal),26.436571,1.5992181,145.0,137,132,152,4.316546762589928,8501200,Tembus MA20,63,Positif,Uptrend,Bullish,Strong Bullish,Perfect Uptrend (5>20>50),Akumulasi Kuat,Akumulasi (Naik),Normal,Seimbang / Adu Mekanik,Breakout Upper,Sedang,Normal,Area Tengah,> 1 Miliar,Di Atas VWAP (Kuat),Distribusi Pro (Guyuran),Gorengan Sepi (< 5M),Ledakan Ekstrem (> 300%),Mark-Up (Fase Pesta),Spesialis Tiang Jemuran (Banting Pucuk),Normal,Naik 1 Hari Beruntun,TP: 155 | CL: 138,Open = Low (Bullish Kuat),Tidak Ideal (< 1:1),Netral / Sideways,Netral / Sepi Berita,Normal / Sedang Transisi,Mendekati Fibo 50.0%,8,BELI,TIDAK ADA,2026-08-21 16:40:01,Biasa / Mengikuti Pasar
16:40,SOHO,Token Mati (Perlu Update),Big Cap (Lapis 1),Overvalued (Mahal),22.408964,5.4925184,1200.0,1188,1100,1455,0.8403361344537815,21200,Normal,53,Positif,Uptrend,Bearish,Bullish MACD,Konsolidasi / Transisi,Normal,Akumulasi (Naik),Normal,Dominan Beli (Hajar Kanan),Squeeze,Rendah,Normal,Area Tengah,< 1 Miliar,Persis di VWAP,Distribusi Pro (Guyuran),Gorengan Sepi (< 5M),Normal (50-150%),Mark-Up (Fase Pesta),Spesialis Tiang Jemuran (Banting Pucuk),Normal,Naik 2 Hari Beruntun,TP: 1255 | CL: 1162,Normal,Ideal (1:2),Netral / Sideways,Sentimen Positif 📰,Normal / Sedang Transisi,Mendekati Fibo 78.6%,7,BELI,TIDAK ADA,2026-08-21 16:40:01,Biasa / Mengikuti Pasar
16:40,ROCK,Token Mati (Perlu Update),Mid Cap (Lapis 2),Overvalued (Mahal),101.65485,3.6903727,2140.0,1933,1500,2490,-1.834862385321101,42600,Normal,57,Negatif,Uptrend,Bullish,Strong Bullish,Perfect Uptrend (5>20>50),Normal,Distribusi (Turun),Gap Up (+2.8%),Dominan Jual (Guyur),Normal,Tinggi,Normal,Rawan Pucuk (High Risk),< 1 Miliar,Di Bawah VWAP (Lemah),Distribusi Pro (Guyuran),Gorengan Sepi (< 5M),Sepi (< 50%),Mark-Up (Fase Pesta),Normal,Normal,Turun 2 Hari Beruntun,TP: 2495 | CL: 1902,Open = High (Tekanan Jual),Tidak Ideal (< 1:1),Death Cross (Awal Bearish),Netral / Sepi Berita,Normal / Sedang Transisi,Mengambang (Jauh dari Fibo),5,WAIT & SEE,TIDAK ADA,2026-08-21 16:40:01,Biasa / Mengikuti Pasar
16:40,ENZO,Token Mati (Perlu Update),Small Cap (Lapis 3),Fair Value (Wajar),15.271839,0.9256174,75.0,73,60,96,-1.3157894736842104,8501500,Normal,54,Negatif,Uptrend,Bullish,Bearish MACD,Perfect Uptrend (5>20>50),Normal,Akumulasi (Naik),Normal,Seimbang / Adu Mekanik,Normal,Tinggi,Normal,Rawan Pucuk (High Risk),< 1 Miliar,Di Atas VWAP (Kuat),Akumulasi Pro (Smart Money),Gorengan Sepi (< 5M),Sepi (< 50%),Mark-Up (Fase Pesta),Spesialis Tiang Jemuran (Banting Pucuk),Normal,Turun 1 Hari Beruntun,TP: 85 | CL: 68,Normal,Menengah (1:1),Netral / Sideways,Sentimen Positif 📰,Normal / Sedang Transisi,Dekat Support Fibo 50.0%,5,WAIT & SEE,TIDAK ADA,2026-08-21 16:40:01,Biasa / Mengikuti Pasar
16:40,PLAN,Token Mati (Perlu Update),Small Cap (Lapis 3),Fair Value (Wajar),0.0,0.6810249,40.0,38,36,43,0.0,2274100,Tembus MA20,65,Negatif,Uptrend,Bullish,Strong Bullish,Perfect Uptrend (5>20>50),Normal,Akumulasi (Naik),Normal,Seimbang / Adu Mekanik,Squeeze,Rendah,Doji (Ragu-ragu),Rawan Pucuk (High Risk),< 1 Miliar,Di Atas VWAP (Kuat),Akumulasi Pro (Smart Money),Gorengan Sepi (< 5M),Normal (50-150%),Mark-Up (Fase Pesta),Normal,Normal,Sideways / Stagnan,TP: 42 | CL: 38,Normal,Tidak Ideal (< 1:1),Death Cross (Awal Bearish),Netral / Sepi Berita,Normal / Sedang Transisi,Mendekati Fibo 38.2%,6,WAIT & SEE,TIDAK ADA,2026-08-21 16:40:01,Biasa / Mengikuti Pasar
16:40,PTDU,Token Mati (Perlu Update),Small Cap (Lapis 3),Fair Value (Wajar),11.330527,-9.019456,70.0,70,70,70,0.0,0,Normal,0,Negatif,Downtrend,Bearish,Bearish MACD,Konsolidasi / Transisi,Normal,Netral,Normal,Tidak Ada Transaksi,Squeeze,Rendah,Doji (Ragu-ragu),Dekat Support (Low Risk),< 1 Miliar,Di Atas VWAP (Kuat),Netral,Gorengan Sepi (< 5M),Normal (50-150%),Sideways,Solid (Jarang Dibanting),Normal,Sideways / Stagnan,TP: 71 | CL: 69,Normal,Di Area Support,Oversold (Jenuh Jual - Peluang),Netral / Sepi Berita,Normal / Sedang Transisi,Normal / Sideways,0,WAIT & SEE,TIDAK ADA,2026-08-21 16:40:01,Biasa / Mengikuti Pasar
16:40,ATAP,Token Mati (Perlu Update),Small Cap (Lapis 3),Overvalued (Mahal),181.67938,9.703197,595.0,583,515,660,-3.2520325203252036,2829300,Tembus MA20,55,Negatif,Uptrend,Bullish,Bearish MACD,Perfect Uptrend (5>20>50),Normal,Distribusi (Turun),Normal,Dominan Jual (Guyur),Normal,Tinggi,Normal,Rawan Pucuk (High Risk),> 1 Miliar,Di Bawah VWAP (Lemah),Distribusi Pro (Guyuran),Gorengan Sepi (< 5M),Anomali Tinggi (150-300%),Mark-Up (Fase Pesta),Spesialis Tiang Jemuran (Banting Pucuk),Normal,Turun 2 Hari Beruntun,TP: 664 | CL: 548,Normal,Tidak Ideal (< 1:1),Netral / Sideways,Sentimen Positif 📰,Normal / Sedang Transisi,Dekat Support Fibo 23.6%,5,WAIT & SEE,TIDAK ADA,2026-08-21 16:40:01,Biasa / Mengikuti Pasar
16:40,VICI,Token Mati (Perlu Update),Mid Cap (Lapis 2),Overvalued (Mahal),46.843853,4.3304133,710.0,602,565,730,5.185185185185185,7010400,Tembus MA20,79,Positif,Uptrend,Bullish,Strong Bullish,Awal Reversal (5>20),Akumulasi Kuat,Akumulasi (Naik),Normal,Seimbang / Adu Mekanik,Breakout Upper,Tinggi,Normal,Rawan Pucuk (High Risk),> 1 Miliar,Di Atas VWAP (Kuat),Akumulasi Pro (Smart Money),Gorengan Sepi (< 5M),Anomali Tinggi (150-300%),Accumulation (Kumpul Barang),Normal,Normal,Naik 2 Hari Beruntun,TP: 750 | CL: 682,Open = Low (Bullish Kuat),Tidak Ideal (< 1:1),Overbought (Jenuh Beli - Rawan),Sentimen Positif 📰,Normal / Sedang Transisi,Mengambang (Jauh dari Fibo),9,BELI,TIDAK ADA,2026-08-21 16:40:01,Biasa / Mengikuti Pasar
16:40,PMMP,Token Mati (Perlu Update),Small Cap (Lapis 3),Overvalued (Mahal),12499.999,-1724.138,50.0,50,50,50,0.0,0,Normal,0,Negatif,Downtrend,Bearish,Bearish MACD,Konsolidasi / Transisi,Normal,Netral,Normal,Tidak Ada Transaksi,Squeeze,Rendah,Doji (Ragu-ragu),Dekat Support (Low Risk),< 1 Miliar,Di Atas VWAP (Kuat),Netral,Gorengan Sepi (< 5M),Normal (50-150%),Sideways,Solid (Jarang Dibanting),Normal,Sideways / Stagnan,TP: 51 | CL: 49,Normal,Di Area Support,Oversold (Jenuh Jual - Peluang),Netral / Sepi Berita,Normal / Sedang Transisi,Normal / Sideways,0,WAIT & SEE,TIDAK ADA,2026-08-21 16:40:01,Biasa / Mengikuti Pasar
16:40,BANK,Token Mati (Perlu Update),Mid Cap (Lapis 2),Overvalued (Mahal),48.214287,1.1499197,270.0,275,266,304,-2.1739130434782608,2232100,Normal,44,Negatif,Downtrend,Bearish,Strong Bearish,Strong Downtrend (5<20<50),Normal,Distribusi (Turun),Normal,Dominan Jual (Guyur),Normal,Sedang,Normal,Dekat Support (Low Risk),< 1 Miliar,Persis di VWAP,Distribusi Pro (Guyuran),Gorengan Sepi (< 5M),Normal (50-150%),Mark-Down (Fase Runtuh),Normal,Normal,Turun 1 Hari Beruntun,TP: 279 | CL: 263,Open = High (Tekanan Jual),Sangat Menarik (> 1:3),Netral / Sideways,Sentimen Negatif ⚠️,Normal / Sedang Transisi,Dekat Support Fibo 61.8% (Golden Ratio),0,WAIT & SEE,TIDAK ADA,2026-08-21 16:40:01,Biasa / Mengikuti Pasar
16:40,WMUU,Token Mati (Perlu Update),Small Cap (Lapis 3),Fair Value (Wajar),0.0,0.8526603,50.0,53,50,63,-5.660377358490567,354011100,Tembus MA20,40,Negatif,Downtrend,Death Cross,Bearish MACD,Konsolidasi / Transisi,Normal,Distribusi (Turun),Normal,Dominan Jual (Guyur),Bottom Rebound,Sedang,Normal,Dekat Support (Low Risk),> 1 Miliar,Di Bawah VWAP (Lemah),Distribusi Pro (Guyuran),Ritel Aktif (5M - 50M),Normal (50-150%),Distribution (Fase Jualan),Spesialis Tiang Jemuran (Banting Pucuk),Normal,Turun 2 Hari Beruntun,TP: 55 | CL: 46,Normal,Di Area Support,Oversold (Jenuh Jual - Peluang),Sentimen Positif 📰,Normal / Sedang Transisi,Golden Rebound Fibo Bottom / 100% 🎯,2,WAIT & SEE,TIDAK ADA,2026-08-21 16:40:01,🔥 ANOMALI BANDAR (Siap Ledakan)
16:40,EDGE,Token Mati (Perlu Update),Mid Cap (Lapis 2),Overvalued (Mahal),81.29668,5.354444,4790.0,4790,4790,4790,0.0,0,Normal,0,Negatif,Downtrend,Bearish,Bearish MACD,Konsolidasi / Transisi,Normal,Netral,Normal,Tidak Ada Transaksi,Squeeze,Rendah,Doji (Ragu-ragu),Dekat Support (Low Risk),< 1 Miliar,Di Atas VWAP (Kuat),Netral,Gorengan Sepi (< 5M),Normal (50-150%),Sideways,Solid (Jarang Dibanting),Normal,Sideways / Stagnan,TP: 4791 | CL: 4789,Normal,Di Area Support,Oversold (Jenuh Jual - Peluang),Netral / Sepi Berita,Normal / Sedang Transisi,Normal / Sideways,0,WAIT & SEE,TIDAK ADA,2026-08-21 16:40:01,Biasa / Mengikuti Pasar
16:40,UNIQ,Token Mati (Perlu Update),Small Cap (Lapis 3),Undervalued (Murah),13.853317,0.77546155,118.0,113,100,122,0.0,1055800,Normal,64,Negatif,Uptrend,Bullish,Strong Bullish,Perfect Uptrend (5>20>50),Normal,Akumulasi (Naik),Normal,Dominan Beli (Hajar Kanan),Normal,Sedang,Hammer (Potensi Reversal),Rawan Pucuk (High Risk),< 1 Miliar,Di Atas VWAP (Kuat),Akumulasi Pro (Smart Money),Gorengan Sepi (< 5M),Normal (50-150%),Mark-Up (Fase Pesta),Spesialis Tiang Jemuran (Banting Pucuk),Jarum Bawah (Sinyal Pantulan Kuat),Sideways / Stagnan,TP: 125 | CL: 113,Open = High (Tekanan Jual),Tidak Ideal (< 1:1),Netral / Sideways,Netral / Sepi Berita,Normal / Sedang Transisi,Mendekati Fibo 23.6%,6,WAIT & SEE,TIDAK ADA,2026-08-21 16:40:01,Biasa / Mengikuti Pasar
16:40,BEBS,Token Mati (Perlu Update),Small Cap (Lapis 3),Fair Value (Wajar),0.0,0.27855152,5.0,5,5,5,0.0,0,Normal,0,Negatif,Downtrend,Bearish,Bearish MACD,Konsolidasi / Transisi,Normal,Netral,Normal,Tidak Ada Transaksi,Squeeze,Rendah,Doji (Ragu-ragu),Dekat Support (Low Risk),< 1 Miliar,Di Atas VWAP (Kuat),Netral,Gorengan Sepi (< 5M),Normal (50-150%),Sideways,Solid (Jarang Dibanting),Normal,Sideways / Stagnan,TP: 6 | CL: 4,Normal,Di Area Support,Oversold (Jenuh Jual - Peluang),Netral / Sepi Berita,Normal / Sedang Transisi,Normal / Sideways,0,WAIT & SEE,TIDAK ADA,2026-08-21 16:40:01,Biasa / Mengikuti Pasar
16:40,SNLK,Token Mati (Perlu Update),Small Cap (Lapis 3),Fair Value (Wajar),0.0,0.6483508,232.0,226,214,244,0.0,15677400,Tembus MA20,56,Negatif,Uptrend,Bullish,Strong Bullish,Perfect Uptrend (5>20>50),Normal,Akumulasi (Naik),Normal,Seimbang / Adu Mekanik,Normal,Sedang,Doji (Ragu-ragu),Area Tengah,> 1 Miliar,Persis di VWAP,Akumulasi Pro (Smart Money),Gorengan Sepi (< 5M),Normal (50-150%),Mark-Up (Fase Pesta),Normal,Jarum Bawah (Sinyal Pantulan Kuat),Sideways / Stagnan,TP: 245 | CL: 222,Normal,Tidak Ideal (< 1:1),Death Cross (Awal Bearish),Sentimen Negatif ⚠️,Normal / Sedang Transisi,Golden Rebound Fibo 61.8% (Golden Ratio) 🎯,6,WAIT & SEE,TIDAK ADA,2026-08-21 16:40:01,Biasa / Mengikuti Pasar
16:40,ZYRX,Token Mati (Perlu Update),Small Cap (Lapis 3),Undervalued (Murah),2.5153608,0.56300503,132.0,126,117,140,1.5384615384615385,2839100,Tembus MA20,59,Positif,Uptrend,Bullish,Strong Bullish,Awal Reversal (5>20),Akumulasi Kuat,Akumulasi (Naik),Normal,Seimbang / Adu Mekanik,Normal,Sedang,Normal,Rawan Pucuk (High Risk),< 1 Miliar,Persis di VWAP,Distribusi Pro (Guyuran),Gorengan Sepi (< 5M),Anomali Tinggi (150-300%),Accumulation (Kumpul Barang),Normal,Normal,Naik 1 Hari Beruntun,TP: 141 | CL: 125,Normal,Tidak Ideal (< 1:1),Netral / Sideways,Sentimen Positif 📰,Normal / Sedang Transisi,Mendekati Fibo 38.2%,9,BELI,TIDAK ADA,2026-08-21 16:40:01,Biasa / Mengikuti Pasar
16:40,LFLO,Token Mati (Perlu Update),Small Cap (Lapis 3),Overvalued (Mahal),0.0,7.312058,505.0,493,466,555,0.0,77300,Tembus MA20,51,Negatif,Uptrend,Bullish,Bullish MACD,Awal Reversal (5>20),Normal,Akumulasi (Naik),Normal,Dominan Jual (Guyur),Normal,Sedang,Doji (Ragu-ragu),Area Tengah,< 1 Miliar,Di Bawah VWAP (Lemah),Distribusi Pro (Guyuran),Gorengan Sepi (< 5M),Ledakan Ekstrem (> 300%),Accumulation (Kumpul Barang),Normal,Normal,Sideways / Stagnan,TP: 532 | CL: 487,Normal,Menengah (1:1),Netral / Sideways,Sentimen Positif 📰,Normal / Sedang Transisi,Mengambang (Jauh dari Fibo),7,BELI,TIDAK ADA,2026-08-21 16:40:01,Biasa / Mengikuti Pasar
16:40,FIMP,Token Mati (Perlu Update),Small Cap (Lapis 3),Fair Value (Wajar),0.0,1.2991904,69.0,69,69,69,0.0,0,Normal,0,Negatif,Downtrend,Bearish,Bearish MACD,Konsolidasi / Transisi,Normal,Netral,Normal,Tidak Ada Transaksi,Squeeze,Rendah,Doji (Ragu-ragu),Dekat Support (Low Risk),< 1 Miliar,Di Atas VWAP (Kuat),Netral,Gorengan Sepi (< 5M),Normal (50-150%),Sideways,Solid (Jarang Dibanting),Normal,Sideways / Stagnan,TP: 70 | CL: 68,Normal,Di Area Support,Oversold (Jenuh Jual - Peluang),Netral / Sepi Berita,Normal / Sedang Transisi,Normal / Sideways,0,WAIT & SEE,TIDAK ADA,2026-08-21 16:40:01,Biasa / Mengikuti Pasar
16:40,TAPG,Token Mati (Perlu Update),Big Cap (Lapis 1),Overvalued (Mahal),9.634714,3.4094932,1970.0,1772,1604,1980,2.8720626631853787,28116200,Tembus MA20,78,Positif,Uptrend,Bullish,Strong Bullish,Perfect Uptrend (5>20>50),Normal,Akumulasi (Naik),Normal,Dominan Beli (Hajar Kanan),Breakout Upper,Tinggi,Normal,Rawan Pucuk (High Risk),> 1 Miliar,Di Atas VWAP (Kuat),Akumulasi Pro (Smart Money),Ritel Aktif (5M - 50M),Anomali Tinggi (150-300%),Mark-Up (Fase Pesta),Spesialis Tiang Jemuran (Banting Pucuk),Normal,Naik 2 Hari Beruntun,TP: 2059 | CL: 1910,Normal,Tidak Ideal (< 1:1),Overbought (Jenuh Beli - Rawan),Sentimen Negatif ⚠️,Normal / Sedang Transisi,Mengambang (Jauh dari Fibo),8,BELI,TIDAK ADA,2026-08-21 16:40:01,Biasa / Mengikuti Pasar
16:40,NPGF,Token Mati (Perlu Update),Small Cap (Lapis 3),Overvalued (Mahal),3000.0,0.80625653,60.0,59,55,70,0.0,8880700,Normal,54,Negatif,Uptrend,Bullish,Strong Bullish,Perfect Uptrend (5>20>50),Normal,Distribusi (Turun),Normal,Dominan Beli (Hajar Kanan),Normal,Sedang,Doji (Ragu-ragu),Area Tengah,< 1 Miliar,Persis di VWAP,Distribusi Pro (Guyuran),Gorengan Sepi (< 5M),Sepi (< 50%),Mark-Up (Fase Pesta),Spesialis Tiang Jemuran (Banting Pucuk),Jarum Bawah (Sinyal Pantulan Kuat),Sideways / Stagnan,TP: 65 | CL: 56,Normal,Ideal (1:2),Netral / Sideways,Sentimen Positif 📰,Supply Kering (Siap Pump) 🏜️,Golden Rebound Fibo 61.8% (Golden Ratio) 🎯,6,WAIT & SEE,TIDAK ADA,2026-08-21 16:40:01,Biasa / Mengikuti Pasar
16:40,LUCY,Token Mati (Perlu Update),Small Cap (Lapis 3),Overvalued (Mahal),0.0,26.315788,310.0,266,204,330,2.6490066225165565,32273600,Tembus MA20,42,Positif,Uptrend,Bullish,Bullish MACD,Awal Reversal (5>20),Normal,Akumulasi (Naik),Gap Down (-4.0%),Dominan Beli (Hajar Kanan),Normal,Tinggi,Marubozu (Strong Bullish),Rawan Pucuk (High Risk),> 1 Miliar,Di Atas VWAP (Kuat),Akumulasi Pro (Smart Money),Ritel Aktif (5M - 50M),Normal (50-150%),Accumulation (Kumpul Barang),Spesialis Tiang Jemuran (Banting Pucuk),Normal,Naik 3 Hari Beruntun,TP: 353 | CL: 280,Open = Low (Bullish Kuat),Tidak Ideal (< 1:1),Netral / Sideways,Sentimen Positif 📰,Normal / Sedang Transisi,Mengambang (Jauh dari Fibo),8,BELI,TIDAK ADA,2026-08-21 16:40:01,Biasa / Mengikuti Pasar
16:40,ADCP,Token Mati (Perlu Update),Mid Cap (Lapis 2),Overvalued (Mahal),0.0,3.040438,50.0,50,50,50,0.0,0,Normal,0,Negatif,Downtrend,Bearish,Bearish MACD,Konsolidasi / Transisi,Normal,Netral,Normal,Tidak Ada Transaksi,Squeeze,Rendah,Doji (Ragu-ragu),Dekat Support (Low Risk),< 1 Miliar,Di Atas VWAP (Kuat),Netral,Gorengan Sepi (< 5M),Normal (50-150%),Sideways,Solid (Jarang Dibanting),Normal,Sideways / Stagnan,TP: 51 | CL: 49,Normal,Di Area Support,Oversold (Jenuh Jual - Peluang),Netral / Sepi Berita,Normal / Sedang Transisi,Normal / Sideways,0,WAIT & SEE,TIDAK ADA,2026-08-21 16:40:01,Biasa / Mengikuti Pasar
16:40,HOPE,Token Mati (Perlu Update),Small Cap (Lapis 3),Overvalued (Mahal),0.0,8.347912,268.0,222,151,288,-4.964539007092199,55751500,Normal,69,Negatif,Uptrend,Bullish,Strong Bullish,Perfect Uptrend (5>20>50),Normal,Akumulasi (Naik),Normal,Dominan Jual (Guyur),Normal,Tinggi,Normal,Rawan Pucuk (High Risk),> 1 Miliar,Di Atas VWAP (Kuat),Akumulasi Pro (Smart Money),Ritel Aktif (5M - 50M),Normal (50-150%),Mark-Up (Fase Pesta),Spesialis Tiang Jemuran (Banting Pucuk),Normal,Turun 1 Hari Beruntun,TP: 299 | CL: 246,Normal,Tidak Ideal (< 1:1),Death Cross (Awal Bearish),Sentimen Positif 📰,Normal / Sedang Transisi,Mengambang (Jauh dari Fibo),6,WAIT & SEE,TIDAK ADA,2026-08-21 16:40:01,Biasa / Mengikuti Pasar
16:40,MGLV,Token Mati (Perlu Update),Big Cap (Lapis 1),Overvalued (Mahal),0.0,191.31795,11400.0,9087,7800,11950,2.9345372460496613,1211500,Normal,79,Positif,Uptrend,Bullish,Strong Bullish,Perfect Uptrend (5>20>50),Normal,Akumulasi (Naik),Normal,Seimbang / Adu Mekanik,Breakout Upper,Tinggi,Normal,Rawan Pucuk (High Risk),> 1 Miliar,Di Atas VWAP (Kuat),Distribusi Pro (Guyuran),Ritel Aktif (5M - 50M),Sepi (< 50%),Mark-Up (Fase Pesta),Spesialis Tiang Jemuran (Banting Pucuk),Jarum Bawah (Sinyal Pantulan Kuat),Naik 6 Hari Beruntun,TP: 12688 | CL: 10541,Normal,Tidak Ideal (< 1:1),Overbought (Jenuh Beli - Rawan),Sentimen Positif 📰,Normal / Sedang Transisi,Mengambang (Jauh dari Fibo),7,BELI,TIDAK ADA,2026-08-21 16:40:01,Biasa / Mengikuti Pasar
16:40,TRUE,Token Mati (Perlu Update),Small Cap (Lapis 3),Fair Value (Wajar),7.6335874,1.5621582,50.0,50,50,50,0.0,0,Normal,29,Negatif,Downtrend,Bearish,Bullish MACD,Konsolidasi / Transisi,Normal,Netral,Normal,Tidak Ada Transaksi,Squeeze,Rendah,Doji (Ragu-ragu),Dekat Support (Low Risk),< 1 Miliar,Di Atas VWAP (Kuat),Netral,Gorengan Sepi (< 5M),Normal (50-150%),Sideways,Solid (Jarang Dibanting),Normal,Sideways / Stagnan,TP: 51 | CL: 49,Normal,Di Area Support,Oversold (Jenuh Jual - Peluang),Netral / Sepi Berita,Normal / Sedang Transisi,Golden Rebound Fibo Bottom / 100% 🎯,1,WAIT & SEE,TIDAK ADA,2026-08-21 16:40:01,Biasa / Mengikuti Pasar
16:40,LABA,Token Mati (Perlu Update),Small Cap (Lapis 3),Undervalued (Murah),3.522881,1.1758837,99.0,94,90,108,0.0,6185400,Normal,60,Negatif,Uptrend,Bullish,Strong Bullish,Perfect Uptrend (5>20>50),Normal,Akumulasi (Naik),Normal,Seimbang / Adu Mekanik,Normal,Sedang,Normal,Rawan Pucuk (High Risk),< 1 Miliar,Persis di VWAP,Akumulasi Pro (Smart Money),Gorengan Sepi (< 5M),Normal (50-150%),Mark-Up (Fase Pesta),Spesialis Tiang Jemuran (Banting Pucuk),Normal,Sideways / Stagnan,TP: 106 | CL: 94,Normal,Menengah (1:1),Netral / Sideways,Netral / Sepi Berita,Normal / Sedang Transisi,Mendekati Fibo 38.2%,5,WAIT & SEE,TIDAK ADA,2026-08-21 16:40:01,Biasa / Mengikuti Pasar
16:40,ARCI,Token Mati (Perlu Update),Big Cap (Lapis 1),Overvalued (Mahal),15.853102,86874.99,1400.0,1180,1020,1425,2.18978102189781,49074800,Tembus MA20,73,Positif,Uptrend,Bullish,Strong Bullish,Perfect Uptrend (5>20>50),Normal,Akumulasi (Naik),Normal,Dominan Beli (Hajar Kanan),Normal,Tinggi,Doji (Ragu-ragu),Rawan Pucuk (High Risk),> 1 Miliar,Di Atas VWAP (Kuat),Akumulasi Pro (Smart Money),Sultan (> 50M/hari),Normal (50-150%),Mark-Up (Fase Pesta),Spesialis Tiang Jemuran (Banting Pucuk),Jarum Bawah (Sinyal Pantulan Kuat),Naik 2 Hari Beruntun,TP: 1511 | CL: 1325,Normal,Tidak Ideal (< 1:1),Overbought (Jenuh Beli - Rawan),Netral / Sepi Berita,Normal / Sedang Transisi,Mengambang (Jauh dari Fibo),8,BELI,TIDAK ADA,2026-08-21 16:40:01,Biasa / Mengikuti Pasar
16:40,IPAC,Token Mati (Perlu Update),Small Cap (Lapis 3),Overvalued (Mahal),46.298717,4.7827497,177.0,167,147,190,-4.324324324324325,186300,Normal,59,Negatif,Uptrend,Bullish,Strong Bullish,Perfect Uptrend (5>20>50),Normal,Akumulasi (Naik),Normal,Dominan Jual (Guyur),Normal,Tinggi,Normal,Rawan Pucuk (High Risk),< 1 Miliar,Di Bawah VWAP (Lemah),Distribusi Pro (Guyuran),Gorengan Sepi (< 5M),Normal (50-150%),Mark-Up (Fase Pesta),Spesialis Tiang Jemuran (Banting Pucuk),Normal,Turun 1 Hari Beruntun,TP: 196 | CL: 164,Open = High (Tekanan Jual),Tidak Ideal (< 1:1),Death Cross (Awal Bearish),Netral / Sepi Berita,Normal / Sedang Transisi,Mendekati Fibo 23.6%,5,WAIT & SEE,TIDAK ADA,2026-08-21 16:40:01,Biasa / Mengikuti Pasar
16:40,MASB,Token Mati (Perlu Update),Mid Cap (Lapis 2),Fair Value (Wajar),22.337902,1.153569,3390.0,3386,3100,3400,0.2958579881656805,11200,Tembus MA20,52,Positif,Uptrend,Bullish,Bearish MACD,Perfect Uptrend (5>20>50),Normal,Akumulasi (Naik),Normal,Dominan Beli (Hajar Kanan),Squeeze,Rendah,Marubozu (Strong Bullish),Area Tengah,< 1 Miliar,Persis di VWAP,Akumulasi Pro (Smart Money),Gorengan Sepi (< 5M),Normal (50-150%),Mark-Up (Fase Pesta),Solid (Jarang Dibanting),Normal,Naik 1 Hari Beruntun,TP: 3478 | CL: 3330,Open = Low (Bullish Kuat),Tidak Ideal (< 1:1),Overbought (Jenuh Beli - Rawan),Netral / Sepi Berita,Normal / Sedang Transisi,Dekat Support Fibo 38.2%,7,BELI,TIDAK ADA,2026-08-21 16:40:01,Biasa / Mengikuti Pasar
16:40,BMHS,Token Mati (Perlu Update),Mid Cap (Lapis 2),Fair Value (Wajar),0.0,0.8371945,189.0,187,174,199,0.0,2610500,Tembus MA20,60,Negatif,Uptrend,Bullish,Bearish MACD,Perfect Uptrend (5>20>50),Normal,Akumulasi (Naik),Normal,Seimbang / Adu Mekanik,Squeeze,Rendah,Normal,Area Tengah,< 1 Miliar,Persis di VWAP,Akumulasi Pro (Smart Money),Gorengan Sepi (< 5M),Anomali Tinggi (150-300%),Mark-Up (Fase Pesta),Normal,Normal,Sideways / Stagnan,TP: 196 | CL: 184,Normal,Tidak Ideal (< 1:1),Netral / Sideways,Sentimen Positif 📰,Normal / Sedang Transisi,Dekat Support Fibo 23.6%,6,WAIT & SEE,TIDAK ADA,2026-08-21 16:40:01,Biasa / Mengikuti Pasar
16:40,FLMC,Token Mati (Perlu Update),Small Cap (Lapis 3),Overvalued (Mahal),4.8974023,4.629901,79.0,75,66,86,-1.25,1520700,Normal,59,Negatif,Uptrend,Bullish,Strong Bullish,Perfect Uptrend (5>20>50),Normal,Akumulasi (Naik),Normal,Seimbang / Adu Mekanik,Normal,Tinggi,Normal,Rawan Pucuk (High Risk),< 1 Miliar,Di Atas VWAP (Kuat),Akumulasi Pro (Smart Money),Gorengan Sepi (< 5M),Normal (50-150%),Mark-Up (Fase Pesta),Normal,Jarum Bawah (Sinyal Pantulan Kuat),Turun 1 Hari Beruntun,TP: 86 | CL: 74,Normal,Tidak Ideal (< 1:1),Overbought (Jenuh Beli - Rawan),Netral / Sepi Berita,Normal / Sedang Transisi,Mendekati Fibo 78.6%,5,WAIT & SEE,TIDAK ADA,2026-08-21 16:40:01,Biasa / Mengikuti Pasar
16:40,NICL,Token Mati (Perlu Update),Mid Cap (Lapis 2),Overvalued (Mahal),47.69382,6.217696,484.0,474,440,525,1.680672268907563,47989500,Tembus MA20,50,Positif,Uptrend,Bearish,Bullish MACD,Strong Downtrend (5<20<50),Akumulasi Kuat,Akumulasi (Naik),Normal,Seimbang / Adu Mekanik,Normal,Sedang,Normal,Rawan Pucuk (High Risk),> 1 Miliar,Di Atas VWAP (Kuat),Akumulasi Pro (Smart Money),Ritel Aktif (5M - 50M),Anomali Tinggi (150-300%),Accumulation (Kumpul Barang),Normal,Normal,Naik 2 Hari Beruntun,TP: 511 | CL: 466,Normal,Tidak Ideal (< 1:1),Netral / Sideways,Sentimen Positif 📰,Normal / Sedang Transisi,Mendekati Fibo 78.6%,7,BELI,TIDAK ADA,2026-08-21 16:40:01,Biasa / Mengikuti Pasar
16:40,UVCR,Token Mati (Perlu Update),Small Cap (Lapis 3),Overvalued (Mahal),40.869564,2.6142578,141.0,148,129,168,-0.7042253521126761,24468900,Normal,42,Negatif,Downtrend,Bearish,Strong Bearish,Strong Downtrend (5<20<50),Normal,Distribusi (Turun),Normal,Seimbang / Adu Mekanik,Normal,Sedang,Normal,Area Tengah,> 1 Miliar,Persis di VWAP,Distribusi Pro (Guyuran),Ritel Aktif (5M - 50M),Normal (50-150%),Mark-Down (Fase Runtuh),Normal,Normal,Turun 2 Hari Beruntun,TP: 150 | CL: 134,Open = High (Tekanan Jual),Ideal (1:2),Netral / Sideways,Sentimen Positif 📰,Normal / Sedang Transisi,Mengambang (Jauh dari Fibo),1,WAIT & SEE,TIDAK ADA,2026-08-21 16:40:01,Biasa / Mengikuti Pasar
16:40,BUKA,Token Mati (Perlu Update),Big Cap (Lapis 1),Undervalued (Murah),6.158038,0.42708552,113.0,116,110,125,-2.586206896551724,148938700,Tembus MA20,48,Negatif,Downtrend,Bearish,Bearish MACD,Konsolidasi / Transisi,Normal,Akumulasi (Naik),Normal,Dominan Jual (Guyur),Squeeze,Rendah,Normal,Dekat Support (Low Risk),> 1 Miliar,Di Bawah VWAP (Lemah),Akumulasi Pro (Smart Money),Ritel Aktif (5M - 50M),Normal (50-150%),Distribution (Fase Jualan),Normal,Normal,Turun 1 Hari Beruntun,TP: 119 | CL: 108,Open = High (Tekanan Jual),Sangat Menarik (> 1:3),Netral / Sideways,Sentimen Positif 📰,Normal / Sedang Transisi,Dekat Support Fibo 50.0%,3,WAIT & SEE,TIDAK ADA,2026-08-21 16:40:01,Biasa / Mengikuti Pasar
16:40,HAIS,Token Mati (Perlu Update),Small Cap (Lapis 3),Undervalued (Murah),8.525507,0.6166973,183.0,182,177,191,0.5494505494505495,232600,Normal,53,Positif,Uptrend,Bearish,Bearish MACD,Konsolidasi / Transisi,Normal,Akumulasi (Naik),Normal,Seimbang / Adu Mekanik,Squeeze,Rendah,Doji (Ragu-ragu),Area Tengah,< 1 Miliar,Persis di VWAP,Distribusi Pro (Guyuran),Gorengan Sepi (< 5M),Sepi (< 50%),Mark-Up (Fase Pesta),Spesialis Tiang Jemuran (Banting Pucuk),Normal,Naik 1 Hari Beruntun,TP: 190 | CL: 178,Normal,Menengah (1:1),Golden Cross (Awal Bullish),Sentimen Positif 📰,Normal / Sedang Transisi,Dekat Support Fibo 23.6%,5,WAIT & SEE,TIDAK ADA,2026-08-21 16:40:01,Biasa / Mengikuti Pasar
16:40,OILS,Token Mati (Perlu Update),Small Cap (Lapis 3),Fair Value (Wajar),0.0,1.0342838,224.0,229,210,280,0.0,1376200,Normal,51,Negatif,Downtrend,Bearish,Bearish MACD,Konsolidasi / Transisi,Normal,Distribusi (Turun),Normal,Seimbang / Adu Mekanik,Normal,Sedang,Normal,Area Tengah,< 1 Miliar,Persis di VWAP,Distribusi Pro (Guyuran),Gorengan Sepi (< 5M),Sepi (< 50%),Distribution (Fase Jualan),Spesialis Tiang Jemuran (Banting Pucuk),Normal,Sideways / Stagnan,TP: 237 | CL: 214,Open = High (Tekanan Jual),Sangat Menarik (> 1:3),Netral / Sideways,Sentimen Positif 📰,Supply Kering (Siap Pump) 🏜️,Golden Rebound Fibo 38.2% 🎯,2,WAIT & SEE,TIDAK ADA,2026-08-21 16:40:01,Biasa / Mengikuti Pasar
16:40,GPSO,Token Mati (Perlu Update),Small Cap (Lapis 3),Overvalued (Mahal),0.0,4.622374,292.0,289,270,356,-2.666666666666667,9526100,Normal,46,Negatif,Uptrend,Golden Cross,Bullish MACD,Awal Reversal (5>20),Normal,Akumulasi (Naik),Normal,Seimbang / Adu Mekanik,Normal,Tinggi,Normal,Area Tengah,> 1 Miliar,Persis di VWAP,Akumulasi Pro (Smart Money),Ritel Aktif (5M - 50M),Sepi (< 50%),Accumulation (Kumpul Barang),Spesialis Tiang Jemuran (Banting Pucuk),Normal,Turun 1 Hari Beruntun,TP: 316 | CL: 275,Normal,Ideal (1:2),Netral / Sideways,Sentimen Positif 📰,Normal / Sedang Transisi,Mengambang (Jauh dari Fibo),5,WAIT & SEE,TIDAK ADA,2026-08-21 16:40:01,Biasa / Mengikuti Pasar
16:40,MCOL,Token Mati (Perlu Update),Big Cap (Lapis 1),Overvalued (Mahal),9.274603,24038.46,3750.0,3732,3500,3870,0.5361930294906166,3400,Normal,51,Positif,Uptrend,Bullish,Strong Bullish,Awal Reversal (5>20),Normal,Distribusi (Turun),Normal,Dominan Jual (Guyur),Squeeze,Rendah,Normal,Area Tengah,< 1 Miliar,Persis di VWAP,Akumulasi Pro (Smart Money),Gorengan Sepi (< 5M),Sepi (< 50%),Accumulation (Kumpul Barang),Spesialis Tiang Jemuran (Banting Pucuk),Normal,Naik 1 Hari Beruntun,TP: 3873 | CL: 3667,Open = Low (Bullish Kuat),Tidak Ideal (< 1:1),Netral / Sideways,Sentimen Positif 📰,Normal / Sedang Transisi,Dekat Support Fibo 38.2%,6,WAIT & SEE,TIDAK ADA,2026-08-21 16:40:01,Biasa / Mengikuti Pasar
16:40,RSGK,Token Mati (Perlu Update),Small Cap (Lapis 3),Overvalued (Mahal),26.12245,1.052732,950.0,956,890,1150,1.0638297872340425,22200,Normal,47,Positif,Downtrend,Bearish,Strong Bearish,Strong Downtrend (5<20<50),Normal,Akumulasi (Naik),Normal,Dominan Jual (Guyur),Normal,Sedang,Normal,Area Tengah,< 1 Miliar,Persis di VWAP,Akumulasi Pro (Smart Money),Gorengan Sepi (< 5M),Normal (50-150%),Mark-Down (Fase Runtuh),Normal,Normal,Naik 1 Hari Beruntun,TP: 1022 | CL: 901,Open = Low (Bullish Kuat),Sangat Menarik (> 1:3),Golden Cross (Awal Bullish),Netral / Sepi Berita,Normal / Sedang Transisi,Mengambang (Jauh dari Fibo),2,WAIT & SEE,TIDAK ADA,2026-08-21 16:40:01,Biasa / Mengikuti Pasar
16:40,RUNS,Token Mati (Perlu Update),Small Cap (Lapis 3),Fair Value (Wajar),0.0,1.161636,62.0,63,59,68,-1.5873015873015872,823900,Tembus MA20,39,Negatif,Downtrend,Bearish,Bullish MACD,Strong Downtrend (5<20<50),Normal,Distribusi (Turun),Normal,Dominan Jual (Guyur),Normal,Sedang,Normal,Area Tengah,< 1 Miliar,Persis di VWAP,Akumulasi Pro (Smart Money),Gorengan Sepi (< 5M),Normal (50-150%),Mark-Down (Fase Runtuh),Normal,Normal,Turun 1 Hari Beruntun,TP: 66 | CL: 59,Normal,Ideal (1:2),Netral / Sideways,Netral / Sepi Berita,Normal / Sedang Transisi,Mengambang (Jauh dari Fibo),2,WAIT & SEE,TIDAK ADA,2026-08-21 16:40:01,Biasa / Mengikuti Pasar
16:40,SBMA,Token Mati (Perlu Update),Small Cap (Lapis 3),Undervalued (Murah),9.055518,0.41618374,107.0,107,100,120,-0.9259259259259258,856500,Normal,48,Negatif,Downtrend,Bullish,Strong Bullish,Awal Reversal (5>20),Normal,Distribusi (Turun),Normal,Seimbang / Adu Mekanik,Squeeze,Rendah,Normal,Area Tengah,< 1 Miliar,Persis di VWAP,Akumulasi Pro (Smart Money),Gorengan Sepi (< 5M),Sepi (< 50%),Mark-Down (Fase Runtuh),Normal,Normal,Turun 2 Hari Beruntun,TP: 114 | CL: 102,Normal,Ideal (1:2),Netral / Sideways,Sentimen Positif 📰,Normal / Sedang Transisi,Dekat Support Fibo 50.0%,3,WAIT & SEE,TIDAK ADA,2026-08-21 16:40:01,Biasa / Mengikuti Pasar
16:40,CMNT,Token Mati (Perlu Update),Big Cap (Lapis 1),Overvalued (Mahal),0.0,5.880478,770.0,795,765,835,-2.5316455696202533,28781000,Tembus MA20,41,Negatif,Downtrend,Bearish,Strong Bearish,Konsolidasi / Transisi,Normal,Distribusi (Turun),Normal,Dominan Jual (Guyur),Squeeze,Rendah,Normal,Dekat Support (Low Risk),> 1 Miliar,Di Bawah VWAP (Lemah),Distribusi Pro (Guyuran),Ritel Aktif (5M - 50M),Normal (50-150%),Distribution (Fase Jualan),Normal,Normal,Turun 1 Hari Beruntun,TP: 809 | CL: 743,Normal,Sangat Menarik (> 1:3),Netral / Sideways,Sentimen Positif 📰,Normal / Sedang Transisi,Dekat Support Fibo 78.6%,2,WAIT & SEE,TIDAK ADA,2026-08-21 16:40:01,Biasa / Mengikuti Pasar
16:40,GTSI,Token Mati (Perlu Update),Mid Cap (Lapis 2),Overvalued (Mahal),0.0,61000.0,183.0,170,135,199,-1.6129032258064515,52416500,Normal,60,Negatif,Uptrend,Bullish,Bearish MACD,Perfect Uptrend (5>20>50),Normal,Distribusi (Turun),Normal,Dominan Beli (Hajar Kanan),Normal,Tinggi,Normal,Rawan Pucuk (High Risk),> 1 Miliar,Persis di VWAP,Akumulasi Pro (Smart Money),Ritel Aktif (5M - 50M),Normal (50-150%),Mark-Up (Fase Pesta),Normal,Jarum Bawah (Sinyal Pantulan Kuat),Turun 2 Hari Beruntun,TP: 204 | CL: 168,Normal,Tidak Ideal (< 1:1),Death Cross (Awal Bearish),Sentimen Positif 📰,Normal / Sedang Transisi,Mendekati Fibo 23.6%,5,WAIT & SEE,TIDAK ADA,2026-08-21 16:40:01,Biasa / Mengikuti Pasar
16:40,IDEA,Token Mati (Perlu Update),Small Cap (Lapis 3),Overvalued (Mahal),28.310501,1.048821,62.0,63,56,72,0.0,2186600,Normal,47,Negatif,Downtrend,Bearish,Strong Bearish,Konsolidasi / Transisi,Normal,Distribusi (Turun),Normal,Seimbang / Adu Mekanik,Normal,Tinggi,Doji (Ragu-ragu),Rawan Pucuk (High Risk),< 1 Miliar,Persis di VWAP,Akumulasi Pro (Smart Money),Gorengan Sepi (< 5M),Normal (50-150%),Distribution (Fase Jualan),Normal,Normal,Sideways / Stagnan,TP: 68 | CL: 57,Normal,Ideal (1:2),Netral / Sideways,Netral / Sepi Berita,Normal / Sedang Transisi,Mendekati Fibo 50.0%,0,WAIT & SEE,TIDAK ADA,2026-08-21 16:40:01,Biasa / Mengikuti Pasar
16:40,KUAS,Token Mati (Perlu Update),Small Cap (Lapis 3),Fair Value (Wajar),17.65355,0.72594184,94.0,91,86,108,4.444444444444445,215418300,Tembus MA20,56,Positif,Uptrend,Bearish,Bearish MACD,Konsolidasi / Transisi,Akumulasi Kuat,Akumulasi (Naik),Normal,Dominan Jual (Guyur),Squeeze,Rendah,Normal,Area Tengah,> 1 Miliar,Di Bawah VWAP (Lemah),Distribusi Pro (Guyuran),Gorengan Sepi (< 5M),Ledakan Ekstrem (> 300%),Mark-Up (Fase Pesta),Normal,Normal,Naik 1 Hari Beruntun,TP: 99 | CL: 90,Normal,Ideal (1:2),Golden Cross (Awal Bullish),Sentimen Positif 📰,Normal / Sedang Transisi,Mendekati Fibo 78.6%,7,BELI,TIDAK ADA,2026-08-21 16:40:01,Biasa / Mengikuti Pasar
16:40,BOBA,Token Mati (Perlu Update),Small Cap (Lapis 3),Undervalued (Murah),12.377697,1.4352791,208.0,218,204,244,-0.9523809523809524,429100,Normal,34,Negatif,Downtrend,Bearish,Bullish MACD,Strong Downtrend (5<20<50),Normal,Akumulasi (Naik),Normal,Seimbang / Adu Mekanik,Normal,Tinggi,Normal,Dekat Support (Low Risk),< 1 Miliar,Di Bawah VWAP (Lemah),Distribusi Pro (Guyuran),Gorengan Sepi (< 5M),Sepi (< 50%),Mark-Down (Fase Runtuh),Spesialis Tiang Jemuran (Banting Pucuk),Normal,Turun 1 Hari Beruntun,TP: 225 | CL: 196,Normal,Sangat Menarik (> 1:3),Oversold (Jenuh Jual - Peluang),Sentimen Positif 📰,Normal / Sedang Transisi,Golden Rebound Fibo Bottom / 100% 🎯,3,WAIT & SEE,TIDAK ADA,2026-08-21 16:40:01,Biasa / Mengikuti Pasar
16:40,MTEL,Token Mati (Perlu Update),Big Cap (Lapis 1),Fair Value (Wajar),16.210215,1.1041646,440.0,442,418,462,0.0,9213900,Normal,44,Negatif,Downtrend,Bearish,Bullish MACD,Strong Downtrend (5<20<50),Normal,Akumulasi (Naik),Normal,Seimbang / Adu Mekanik,Normal,Sedang,Doji (Ragu-ragu),Area Tengah,> 1 Miliar,Persis di VWAP,Akumulasi Pro (Smart Money),Ritel Aktif (5M - 50M),Sepi (< 50%),Mark-Down (Fase Runtuh),Normal,Jarum Bawah (Sinyal Pantulan Kuat),Sideways / Stagnan,TP: 452 | CL: 431,Normal,Menengah (1:1),Netral / Sideways,Sentimen Positif 📰,Normal / Sedang Transisi,Golden Rebound Fibo 78.6% 🎯,3,WAIT & SEE,TIDAK ADA,2026-08-21 16:40:01,Biasa / Mengikuti Pasar
16:40,DEPO,Token Mati (Perlu Update),Mid Cap (Lapis 2),Fair Value (Wajar),21.76521,1.2404221,252.0,244,230,276,-1.5625,236000,Normal,56,Negatif,Uptrend,Bullish,Strong Bullish,Awal Reversal (5>20),Normal,Akumulasi (Naik),Normal,Dominan Jual (Guyur),Squeeze,Rendah,Normal,Area Tengah,< 1 Miliar,Di Bawah VWAP (Lemah),Distribusi Pro (Guyuran),Gorengan Sepi (< 5M),Sepi (< 50%),Accumulation (Kumpul Barang),Spesialis Tiang Jemuran (Banting Pucuk),Normal,Turun 1 Hari Beruntun,TP: 267 | CL: 241,Normal,Menengah (1:1),Netral / Sideways,Sentimen Positif 📰,Normal / Sedang Transisi,Mendekati Fibo 78.6%,6,WAIT & SEE,TIDAK ADA,2026-08-21 16:40:01,Biasa / Mengikuti Pasar
16:40,BINO,Token Mati (Perlu Update),Small Cap (Lapis 3),Fair Value (Wajar),20.736504,0.6423603,116.0,111,104,129,0.8695652173913043,1185100,Normal,67,Positif,Uptrend,Bullish,Bearish MACD,Perfect Uptrend (5>20>50),Normal,Akumulasi (Naik),Normal,Seimbang / Adu Mekanik,Normal,Sedang,Normal,Rawan Pucuk (High Risk),< 1 Miliar,Di Atas VWAP (Kuat),Akumulasi Pro (Smart Money),Gorengan Sepi (< 5M),Normal (50-150%),Mark-Up (Fase Pesta),Spesialis Tiang Jemuran (Banting Pucuk),Normal,Naik 2 Hari Beruntun,TP: 123 | CL: 110,Normal,Menengah (1:1),Netral / Sideways,Sentimen Negatif ⚠️,Normal / Sedang Transisi,Mendekati Fibo 38.2%,5,WAIT & SEE,TIDAK ADA,2026-08-21 16:40:01,Biasa / Mengikuti Pasar
16:40,CMRY,Token Mati (Perlu Update),Big Cap (Lapis 1),Overvalued (Mahal),16.820286,5.195507,4680.0,4654,4520,4810,-0.6369426751592357,740400,Normal,53,Negatif,Uptrend,Bullish,Bearish MACD,Perfect Uptrend (5>20>50),Normal,Distribusi (Turun),Normal,Seimbang / Adu Mekanik,Squeeze,Rendah,Normal,Area Tengah,> 1 Miliar,Persis di VWAP,Akumulasi Pro (Smart Money),Ritel Aktif (5M - 50M),Sepi (< 50%),Mark-Up (Fase Pesta),Normal,Normal,Turun 1 Hari Beruntun,TP: 4847 | CL: 4568,Open = High (Tekanan Jual),Tidak Ideal (< 1:1),Netral / Sideways,Sentimen Positif 📰,Normal / Sedang Transisi,Dekat Support Fibo 23.6%,4,WAIT & SEE,TIDAK ADA,2026-08-21 16:40:01,Biasa / Mengikuti Pasar
16:40,WGSH,Token Mati (Perlu Update),Small Cap (Lapis 3),Overvalued (Mahal),30.084034,5.7582192,177.0,167,128,208,1.7241379310344827,35375200,Tembus MA20,59,Positif,Uptrend,Bullish,Bearish MACD,Perfect Uptrend (5>20>50),Normal,Akumulasi (Naik),Normal,Dominan Beli (Hajar Kanan),Normal,Tinggi,Normal,Rawan Pucuk (High Risk),> 1 Miliar,Di Bawah VWAP (Lemah),Distribusi Pro (Guyuran),Ritel Aktif (5M - 50M),Anomali Tinggi (150-300%),Mark-Up (Fase Pesta),Normal,Normal,Naik 2 Hari Beruntun,TP: 198 | CL: 162,Normal,Tidak Ideal (< 1:1),Golden Cross (Awal Bullish),Sentimen Positif 📰,Normal / Sedang Transisi,Mengambang (Jauh dari Fibo),8,BELI,TIDAK ADA,2026-08-21 16:40:01,Biasa / Mengikuti Pasar
16:40,TAYS,Token Mati (Perlu Update),Small Cap (Lapis 3),Undervalued (Murah),8.343067,1.2359105,50.0,50,50,50,0.0,0,Normal,41,Negatif,Downtrend,Bearish,Bullish MACD,Konsolidasi / Transisi,Normal,Netral,Normal,Tidak Ada Transaksi,Squeeze,Rendah,Doji (Ragu-ragu),Dekat Support (Low Risk),< 1 Miliar,Di Atas VWAP (Kuat),Netral,Gorengan Sepi (< 5M),Normal (50-150%),Sideways,Solid (Jarang Dibanting),Normal,Sideways / Stagnan,TP: 51 | CL: 49,Normal,Di Area Support,Oversold (Jenuh Jual - Peluang),Netral / Sepi Berita,Normal / Sedang Transisi,Golden Rebound Fibo Bottom / 100% 🎯,1,WAIT & SEE,TIDAK ADA,2026-08-21 16:40:01,Biasa / Mengikuti Pasar
16:40,ADMR,Token Mati (Perlu Update),Big Cap (Lapis 1),Overvalued (Mahal),13.179637,41875.0,1675.0,1575,1420,1740,-0.8875739644970414,13445800,Normal,61,Negatif,Uptrend,Bullish,Strong Bullish,Perfect Uptrend (5>20>50),Normal,Distribusi (Turun),Normal,Dominan Jual (Guyur),Normal,Tinggi,Normal,Rawan Pucuk (High Risk),> 1 Miliar,Persis di VWAP,Distribusi Pro (Guyuran),Sultan (> 50M/hari),Normal (50-150%),Mark-Up (Fase Pesta),Spesialis Tiang Jemuran (Banting Pucuk),Normal,Turun 1 Hari Beruntun,TP: 1771 | CL: 1610,Normal,Tidak Ideal (< 1:1),Netral / Sideways,Sentimen Positif 📰,Normal / Sedang Transisi,Mendekati Fibo 23.6%,5,WAIT & SEE,TIDAK ADA,2026-08-21 16:40:01,Biasa / Mengikuti Pasar
16:40,SEMA,Token Mati (Perlu Update),Small Cap (Lapis 3),Undervalued (Murah),5.838246,0.84094584,103.0,98,93,110,4.040404040404041,3917400,Tembus MA20,66,Positif,Uptrend,Golden Cross,Strong Bullish,Perfect Uptrend (5>20>50),Akumulasi Kuat,Akumulasi (Naik),Normal,Seimbang / Adu Mekanik,Breakout Upper,Sedang,Normal,Rawan Pucuk (High Risk),< 1 Miliar,Di Atas VWAP (Kuat),Distribusi Pro (Guyuran),Gorengan Sepi (< 5M),Ledakan Ekstrem (> 300%),Mark-Up (Fase Pesta),Spesialis Tiang Jemuran (Banting Pucuk),Normal,Naik 4 Hari Beruntun,TP: 107 | CL: 99,Normal,Tidak Ideal (< 1:1),Netral / Sideways,Netral / Sepi Berita,Normal / Sedang Transisi,Dekat Support Fibo 23.6%,8,BELI,TIDAK ADA,2026-08-21 16:40:01,Biasa / Mengikuti Pasar
16:40,ASLC,Token Mati (Perlu Update),Small Cap (Lapis 3),Overvalued (Mahal),25.498009,1.0766073,63.0,63,59,69,0.0,8345300,Normal,51,Negatif,Downtrend,Bearish,Strong Bearish,Konsolidasi / Transisi,Normal,Akumulasi (Naik),Normal,Seimbang / Adu Mekanik,Normal,Sedang,Doji (Ragu-ragu),Area Tengah,< 1 Miliar,Persis di VWAP,Akumulasi Pro (Smart Money),Gorengan Sepi (< 5M),Normal (50-150%),Distribution (Fase Jualan),Solid (Jarang Dibanting),Normal,Sideways / Stagnan,TP: 66 | CL: 60,Normal,Ideal (1:2),Netral / Sideways,Netral / Sepi Berita,Normal / Sedang Transisi,Dekat Support Fibo 50.0%,2,WAIT & SEE,TIDAK ADA,2026-08-21 16:40:01,Biasa / Mengikuti Pasar
16:40,NETV,Token Mati (Perlu Update),Mid Cap (Lapis 2),Overvalued (Mahal),0.0,5.560498,50.0,51,50,59,0.0,17638300,Normal,42,Negatif,Downtrend,Bearish,Strong Bearish,Strong Downtrend (5<20<50),Normal,Distribusi (Turun),Normal,Tidak Ada Transaksi,Squeeze,Rendah,Doji (Ragu-ragu),Dekat Support (Low Risk),< 1 Miliar,Di Bawah VWAP (Lemah),Distribusi Pro (Guyuran),Gorengan Sepi (< 5M),Sepi (< 50%),Mark-Down (Fase Runtuh),Normal,Normal,Sideways / Stagnan,TP: 53 | CL: 47,Normal,Di Area Support,Oversold (Jenuh Jual - Peluang),Netral / Sepi Berita,Normal / Sedang Transisi,Golden Rebound Fibo Bottom / 100% 🎯,0,WAIT & SEE,TIDAK ADA,2026-08-21 16:40:01,Biasa / Mengikuti Pasar
16:40,BAUT,Token Mati (Perlu Update),Small Cap (Lapis 3),Fair Value (Wajar),0.0,1.1155926,39.0,33,26,39,0.0,4162900,Normal,72,Negatif,Uptrend,Bullish,Strong Bullish,Perfect Uptrend (5>20>50),Normal,Akumulasi (Naik),Normal,Tidak Ada Transaksi,Normal,Tinggi,Doji (Ragu-ragu),Rawan Pucuk (High Risk),< 1 Miliar,Di Atas VWAP (Kuat),Akumulasi Pro (Smart Money),Gorengan Sepi (< 5M),Normal (50-150%),Mark-Up (Fase Pesta),Solid (Jarang Dibanting),Normal,Sideways / Stagnan,TP: 41 | CL: 37,Normal,Tidak Ideal (< 1:1),Overbought (Jenuh Beli - Rawan),Netral / Sepi Berita,Normal / Sedang Transisi,Mengambang (Jauh dari Fibo),5,WAIT & SEE,TIDAK ADA,2026-08-21 16:40:01,Biasa / Mengikuti Pasar
16:40,ENAK,Token Mati (Perlu Update),Small Cap (Lapis 3),Fair Value (Wajar),0.0,2.8969333,244.0,243,228,304,0.0,212700,Normal,46,Negatif,Uptrend,Bearish,Bullish MACD,Strong Downtrend (5<20<50),Normal,Akumulasi (Naik),Gap Up (+2.5%),Dominan Jual (Guyur),Normal,Sedang,Normal,Area Tengah,< 1 Miliar,Di Bawah VWAP (Lemah),Distribusi Pro (Guyuran),Gorengan Sepi (< 5M),Sepi (< 50%),Accumulation (Kumpul Barang),Spesialis Tiang Jemuran (Banting Pucuk),Normal,Sideways / Stagnan,TP: 268 | CL: 228,Normal,Sangat Menarik (> 1:3),Netral / Sideways,Netral / Sepi Berita,Normal / Sedang Transisi,Mendekati Fibo 78.6%,4,WAIT & SEE,TIDAK ADA,2026-08-21 16:40:01,Biasa / Mengikuti Pasar
16:40,NTBK,Token Mati (Perlu Update),Small Cap (Lapis 3),Overvalued (Mahal),375.0,2.4361243,83.0,88,79,103,0.0,11558300,Normal,45,Negatif,Downtrend,Bearish,Strong Bearish,Konsolidasi / Transisi,Normal,Akumulasi (Naik),Normal,Seimbang / Adu Mekanik,Normal,Tinggi,Normal,Area Tengah,< 1 Miliar,Persis di VWAP,Distribusi Pro (Guyuran),Gorengan Sepi (< 5M),Sepi (< 50%),Distribution (Fase Jualan),Spesialis Tiang Jemuran (Banting Pucuk),Normal,Sideways / Stagnan,TP: 90 | CL: 78,Open = High (Tekanan Jual),Sangat Menarik (> 1:3),Golden Cross (Awal Bullish),Sentimen Positif 📰,Normal / Sedang Transisi,Dekat Support Fibo 50.0%,2,WAIT & SEE,TIDAK ADA,2026-08-21 16:40:01,Biasa / Mengikuti Pasar
16:40,SMKM,Token Mati (Perlu Update),Small Cap (Lapis 3),Undervalued (Murah),6.87616,0.60628104,100.0,80,64,111,-3.8461538461538463,2800900,Normal,77,Negatif,Uptrend,Bullish,Strong Bullish,Perfect Uptrend (5>20>50),Normal,Akumulasi (Naik),Gap Up (+2.9%),Dominan Jual (Guyur),Normal,Tinggi,Normal,Rawan Pucuk (High Risk),< 1 Miliar,Persis di VWAP,Akumulasi Pro (Smart Money),Gorengan Sepi (< 5M),Sepi (< 50%),Mark-Up (Fase Pesta),Normal,Normal,Turun 1 Hari Beruntun,TP: 112 | CL: 91,Open = High (Tekanan Jual),Tidak Ideal (< 1:1),Death Cross (Awal Bearish),Sentimen Positif 📰,Normal / Sedang Transisi,Dekat Support Fibo 23.6%,7,BELI,TIDAK ADA,2026-08-21 16:40:01,Biasa / Mengikuti Pasar
16:40,STAA,Token Mati (Perlu Update),Big Cap (Lapis 1),Fair Value (Wajar),7.9093337,1.9615434,1155.0,1089,1045,1185,1.3157894736842104,9057200,Tembus MA20,70,Positif,Uptrend,Bullish,Strong Bullish,Perfect Uptrend (5>20>50),Normal,Akumulasi (Naik),Normal,Dominan Jual (Guyur),Breakout Upper,Sedang,Normal,Rawan Pucuk (High Risk),> 1 Miliar,Di Atas VWAP (Kuat),Akumulasi Pro (Smart Money),Ritel Aktif (5M - 50M),Anomali Tinggi (150-300%),Mark-Up (Fase Pesta),Normal,Normal,Naik 5 Hari Beruntun,TP: 1201 | CL: 1124,Open = Low (Bullish Kuat),Tidak Ideal (< 1:1),Death Cross (Awal Bearish),Sentimen Positif 📰,Normal / Sedang Transisi,Mendekati Fibo 23.6%,8,BELI,TIDAK ADA,2026-08-21 16:40:01,Biasa / Mengikuti Pasar
16:40,NANO,Token Mati (Perlu Update),Small Cap (Lapis 3),Undervalued (Murah),13.420245,0.8811238,34.0,30,27,36,3.0303030303030303,66903700,Tembus MA20,61,Positif,Uptrend,Bullish,Strong Bullish,Perfect Uptrend (5>20>50),Normal,Akumulasi (Naik),Normal,Seimbang / Adu Mekanik,Normal,Tinggi,Normal,Rawan Pucuk (High Risk),> 1 Miliar,Di Atas VWAP (Kuat),Distribusi Pro (Guyuran),Gorengan Sepi (< 5M),Normal (50-150%),Mark-Up (Fase Pesta),Normal,Normal,Naik 2 Hari Beruntun,TP: 37 | CL: 31,Normal,Tidak Ideal (< 1:1),Netral / Sideways,Netral / Sepi Berita,Normal / Sedang Transisi,Mengambang (Jauh dari Fibo),7,BELI,TIDAK ADA,2026-08-21 16:40:01,Biasa / Mengikuti Pasar
16:40,BIKE,Token Mati (Perlu Update),Small Cap (Lapis 3),Overvalued (Mahal),19.572475,12.8382635,510.0,510,510,510,0.0,0,Normal,0,Negatif,Downtrend,Bearish,Bearish MACD,Konsolidasi / Transisi,Normal,Netral,Normal,Tidak Ada Transaksi,Squeeze,Rendah,Doji (Ragu-ragu),Dekat Support (Low Risk),< 1 Miliar,Di Atas VWAP (Kuat),Netral,Gorengan Sepi (< 5M),Normal (50-150%),Sideways,Solid (Jarang Dibanting),Normal,Sideways / Stagnan,TP: 511 | CL: 509,Normal,Di Area Support,Oversold (Jenuh Jual - Peluang),Netral / Sepi Berita,Normal / Sedang Transisi,Normal / Sideways,0,WAIT & SEE,TIDAK ADA,2026-08-21 16:40:01,Biasa / Mengikuti Pasar
16:40,WIRG,Token Mati (Perlu Update),Small Cap (Lapis 3),Undervalued (Murah),11.764706,1.0712523,77.0,62,54,80,2.666666666666667,135841800,Tembus MA20,77,Positif,Uptrend,Bullish,Strong Bullish,Perfect Uptrend (5>20>50),Normal,Akumulasi (Naik),Normal,Seimbang / Adu Mekanik,Breakout Upper,Tinggi,Normal,Rawan Pucuk (High Risk),> 1 Miliar,Di Atas VWAP (Kuat),Akumulasi Pro (Smart Money),Ritel Aktif (5M - 50M),Normal (50-150%),Mark-Up (Fase Pesta),Spesialis Tiang Jemuran (Banting Pucuk),Normal,Naik 2 Hari Beruntun,TP: 84 | CL: 71,Open = Low (Bullish Kuat),Tidak Ideal (< 1:1),Overbought (Jenuh Beli - Rawan),Sentimen Positif 📰,Normal / Sedang Transisi,Mendekati Fibo 23.6%,8,BELI,TIDAK ADA,2026-08-21 16:40:01,Biasa / Mengikuti Pasar
16:40,SICO,Token Mati (Perlu Update),Small Cap (Lapis 3),Undervalued (Murah),11.486984,0.7409019,110.0,109,105,119,0.9174311926605505,2078300,Normal,54,Positif,Uptrend,Bearish,Bearish MACD,Konsolidasi / Transisi,Normal,Akumulasi (Naik),Normal,Seimbang / Adu Mekanik,Squeeze,Rendah,Normal,Area Tengah,< 1 Miliar,Persis di VWAP,Distribusi Pro (Guyuran),Gorengan Sepi (< 5M),Normal (50-150%),Mark-Up (Fase Pesta),Normal,Normal,Naik 1 Hari Beruntun,TP: 116 | CL: 105,Normal,Ideal (1:2),Golden Cross (Awal Bullish),Sentimen Positif 📰,Normal / Sedang Transisi,Dekat Support Fibo 38.2%,5,WAIT & SEE,TIDAK ADA,2026-08-21 16:40:01,Biasa / Mengikuti Pasar
16:40,GOTO,Token Mati (Perlu Update),Big Cap (Lapis 1),Fair Value (Wajar),0.0,1.6453322,50.0,50,50,50,0.0,8473400,Normal,0,Negatif,Downtrend,Bearish,Bearish MACD,Konsolidasi / Transisi,Normal,Netral,Normal,Tidak Ada Transaksi,Squeeze,Rendah,Doji (Ragu-ragu),Dekat Support (Low Risk),< 1 Miliar,Persis di VWAP,Netral,Gorengan Sepi (< 5M),Sepi (< 50%),Sideways,Solid (Jarang Dibanting),Normal,Sideways / Stagnan,TP: 51 | CL: 49,Normal,Di Area Support,Oversold (Jenuh Jual - Peluang),Sentimen Negatif ⚠️,Supply Kering (Siap Pump) 🏜️,Normal / Sideways,0,WAIT & SEE,TIDAK ADA,2026-08-21 16:40:01,🔥 ANOMALI BANDAR (Siap Ledakan)
16:40,TLDN,Token Mati (Perlu Update),Mid Cap (Lapis 2),Fair Value (Wajar),6.894912,2.0340743,570.0,552,505,605,-0.8695652173913043,1379100,Normal,58,Negatif,Uptrend,Bullish,Bearish MACD,Perfect Uptrend (5>20>50),Normal,Akumulasi (Naik),Normal,Dominan Jual (Guyur),Normal,Tinggi,Normal,Rawan Pucuk (High Risk),< 1 Miliar,Persis di VWAP,Akumulasi Pro (Smart Money),Gorengan Sepi (< 5M),Normal (50-150%),Mark-Up (Fase Pesta),Normal,Normal,Turun 1 Hari Beruntun,TP: 608 | CL: 544,Normal,Tidak Ideal (< 1:1),Netral / Sideways,Sentimen Positif 📰,Normal / Sedang Transisi,Dekat Support Fibo 23.6%,5,WAIT & SEE,TIDAK ADA,2026-08-21 16:40:01,Biasa / Mengikuti Pasar
16:40,MTMH,Token Mati (Perlu Update),Mid Cap (Lapis 2),Overvalued (Mahal),41.05761,1.2894915,950.0,923,865,1050,-1.5544041450777202,24900,Normal,55,Negatif,Uptrend,Bullish,Strong Bullish,Awal Reversal (5>20),Normal,Akumulasi (Naik),Gap Down (-2.1%),Seimbang / Adu Mekanik,Squeeze,Rendah,Doji (Ragu-ragu),Area Tengah,< 1 Miliar,Persis di VWAP,Akumulasi Pro (Smart Money),Gorengan Sepi (< 5M),Anomali Tinggi (150-300%),Accumulation (Kumpul Barang),Spesialis Tiang Jemuran (Banting Pucuk),Normal,Turun 1 Hari Beruntun,TP: 989 | CL: 923,Normal,Menengah (1:1),Death Cross (Awal Bearish),Sentimen Positif 📰,Normal / Sedang Transisi,Dekat Support Fibo 61.8% (Golden Ratio),6,WAIT & SEE,TIDAK ADA,2026-08-21 16:40:01,Biasa / Mengikuti Pasar
16:40,WINR,Token Mati (Perlu Update),Small Cap (Lapis 3),Undervalued (Murah),0.0242338,0.31210545,22.0,22,20,28,-4.3478260869565215,16799600,Normal,49,Negatif,Downtrend,Bullish,Strong Bullish,Perfect Uptrend (5>20>50),Normal,Distribusi (Turun),Normal,Dominan Jual (Guyur),Normal,Tinggi,Normal,Rawan Pucuk (High Risk),< 1 Miliar,Di Bawah VWAP (Lemah),Distribusi Pro (Guyuran),Gorengan Sepi (< 5M),Sepi (< 50%),Distribution (Fase Jualan),Normal,Normal,Turun 3 Hari Beruntun,TP: 24 | CL: 20,Open = High (Tekanan Jual),Ideal (1:2),Netral / Sideways,Netral / Sepi Berita,Normal / Sedang Transisi,Dekat Support Fibo 61.8% (Golden Ratio),2,WAIT & SEE,TIDAK ADA,2026-08-21 16:40:01,Biasa / Mengikuti Pasar
16:40,IBOS,Token Mati (Perlu Update),Small Cap (Lapis 3),Overvalued (Mahal),326.9231,2.0010357,85.0,68,60,86,7.59493670886076,16666000,Tembus MA20,73,Positif,Uptrend,Bullish,Strong Bullish,Awal Reversal (5>20),Akumulasi Kuat,Akumulasi (Naik),Normal,Dominan Beli (Hajar Kanan),Breakout Upper,Tinggi,Normal,Rawan Pucuk (High Risk),> 1 Miliar,Di Atas VWAP (Kuat),Akumulasi Pro (Smart Money),Gorengan Sepi (< 5M),Anomali Tinggi (150-300%),Accumulation (Kumpul Barang),Normal,Normal,Naik 4 Hari Beruntun,TP: 92 | CL: 80,Normal,Tidak Ideal (< 1:1),Overbought (Jenuh Beli - Rawan),Netral / Sepi Berita,Normal / Sedang Transisi,Mendekati Fibo 50.0%,9,BELI,TIDAK ADA,2026-08-21 16:40:01,Biasa / Mengikuti Pasar
16:40,OLIV,Token Mati (Perlu Update),Small Cap (Lapis 3),Overvalued (Mahal),52.573933,2.4587646,48.0,49,45,53,0.0,6506600,Tembus MA20,43,Negatif,Downtrend,Bearish,Strong Bearish,Strong Downtrend (5<20<50),Normal,Akumulasi (Naik),Normal,Seimbang / Adu Mekanik,Normal,Sedang,Doji (Ragu-ragu),Area Tengah,< 1 Miliar,Persis di VWAP,Akumulasi Pro (Smart Money),Gorengan Sepi (< 5M),Anomali Tinggi (150-300%),Mark-Down (Fase Runtuh),Normal,Jarum Bawah (Sinyal Pantulan Kuat),Sideways / Stagnan,TP: 51 | CL: 45,Normal,Ideal (1:2),Netral / Sideways,Netral / Sepi Berita,Normal / Sedang Transisi,Golden Rebound Fibo 78.6% 🎯,2,WAIT & SEE,TIDAK ADA,2026-08-21 16:40:01,Biasa / Mengikuti Pasar
16:40,ASHA,Token Mati (Perlu Update),Small Cap (Lapis 3),Fair Value (Wajar),0.0,2.769316,60.0,58,53,67,0.0,13765300,Normal,55,Negatif,Uptrend,Bullish,Strong Bullish,Perfect Uptrend (5>20>50),Normal,Akumulasi (Naik),Normal,Seimbang / Adu Mekanik,Normal,Sedang,Doji (Ragu-ragu),Rawan Pucuk (High Risk),< 1 Miliar,Persis di VWAP,Distribusi Pro (Guyuran),Gorengan Sepi (< 5M),Sepi (< 50%),Mark-Up (Fase Pesta),Spesialis Tiang Jemuran (Banting Pucuk),Normal,Sideways / Stagnan,TP: 65 | CL: 56,Normal,Menengah (1:1),Netral / Sideways,Sentimen Positif 📰,Normal / Sedang Transisi,Dekat Support Fibo 61.8% (Golden Ratio),6,WAIT & SEE,TIDAK ADA,2026-08-21 16:40:01,Biasa / Mengikuti Pasar
16:40,SWID,Token Mati (Perlu Update),Small Cap (Lapis 3),Fair Value (Wajar),0.0,2.3477852,121.0,105,97,148,5.217391304347826,238492200,Tembus MA20,69,Positif,Uptrend,Bullish,Strong Bullish,Perfect Uptrend (5>20>50),Akumulasi Kuat,Akumulasi (Naik),Normal,Dominan Jual (Guyur),Breakout Upper,Tinggi,Normal,Rawan Pucuk (High Risk),> 1 Miliar,Di Bawah VWAP (Lemah),Distribusi Pro (Guyuran),Ritel Aktif (5M - 50M),Anomali Tinggi (150-300%),Mark-Up (Fase Pesta),Spesialis Tiang Jemuran (Banting Pucuk),Normal,Naik 3 Hari Beruntun,TP: 139 | CL: 108,Normal,Menengah (1:1),Golden Cross (Awal Bullish),Sentimen Positif 📰,Normal / Sedang Transisi,Dekat Support Fibo 38.2%,9,BELI,TIDAK ADA,2026-08-21 16:40:01,⚠️ Anomali (Sudah Terbang)
16:40,TRGU,Token Mati (Perlu Update),Mid Cap (Lapis 2),Overvalued (Mahal),125.18518,1.3680887,169.0,166,157,204,-1.1695906432748537,41200,Normal,52,Negatif,Uptrend,Bullish,Strong Bullish,Awal Reversal (5>20),Normal,Akumulasi (Naik),Normal,Dominan Jual (Guyur),Normal,Sedang,Normal,Area Tengah,< 1 Miliar,Persis di VWAP,Distribusi Pro (Guyuran),Gorengan Sepi (< 5M),Sepi (< 50%),Accumulation (Kumpul Barang),Spesialis Tiang Jemuran (Banting Pucuk),Normal,Turun 2 Hari Beruntun,TP: 183 | CL: 159,Open = High (Tekanan Jual),Ideal (1:2),Netral / Sideways,Netral / Sepi Berita,Normal / Sedang Transisi,Dekat Support Fibo 78.6%,5,WAIT & SEE,TIDAK ADA,2026-08-21 16:40:01,Biasa / Mengikuti Pasar
16:40,ARKO,Token Mati (Perlu Update),Big Cap (Lapis 1),Overvalued (Mahal),239.27765,28.132532,5300.0,4981,4300,6100,2.912621359223301,5030900,Tembus MA20,53,Positif,Uptrend,Bullish,Strong Bullish,Awal Reversal (5>20),Normal,Akumulasi (Naik),Normal,Dominan Beli (Hajar Kanan),Normal,Tinggi,Normal,Rawan Pucuk (High Risk),> 1 Miliar,Di Bawah VWAP (Lemah),Distribusi Pro (Guyuran),Ritel Aktif (5M - 50M),Normal (50-150%),Accumulation (Kumpul Barang),Normal,Normal,Naik 1 Hari Beruntun,TP: 5949 | CL: 4866,Normal,Tidak Ideal (< 1:1),Death Cross (Awal Bearish),Sentimen Positif 📰,Normal / Sedang Transisi,Mendekati Fibo 50.0%,9,BELI,TIDAK ADA,2026-08-21 16:40:01,Biasa / Mengikuti Pasar
16:40,CHEM,Token Mati (Perlu Update),Small Cap (Lapis 3),Fair Value (Wajar),0.0,1.0652183,70.0,66,63,77,1.4492753623188406,20693500,Tembus MA20,60,Positif,Uptrend,Bullish,Strong Bullish,Perfect Uptrend (5>20>50),Normal,Akumulasi (Naik),Normal,Dominan Jual (Guyur),Normal,Sedang,Doji (Ragu-ragu),Rawan Pucuk (High Risk),> 1 Miliar,Persis di VWAP,Distribusi Pro (Guyuran),Gorengan Sepi (< 5M),Normal (50-150%),Mark-Up (Fase Pesta),Spesialis Tiang Jemuran (Banting Pucuk),Normal,Naik 1 Hari Beruntun,TP: 75 | CL: 66,Normal,Menengah (1:1),Netral / Sideways,Sentimen Positif 📰,Normal / Sedang Transisi,Mendekati Fibo 38.2%,8,BELI,TIDAK ADA,2026-08-21 16:40:01,Biasa / Mengikuti Pasar
16:40,DEWI,Token Mati (Perlu Update),Small Cap (Lapis 3),Fair Value (Wajar),0.0,1.7650971,145.0,129,116,158,-2.027027027027027,56350300,Normal,72,Negatif,Uptrend,Bullish,Strong Bullish,Perfect Uptrend (5>20>50),Normal,Akumulasi (Naik),Normal,Seimbang / Adu Mekanik,Normal,Tinggi,Normal,Rawan Pucuk (High Risk),> 1 Miliar,Persis di VWAP,Akumulasi Pro (Smart Money),Ritel Aktif (5M - 50M),Normal (50-150%),Mark-Up (Fase Pesta),Solid (Jarang Dibanting),Normal,Turun 2 Hari Beruntun,TP: 155 | CL: 138,Open = High (Tekanan Jual),Tidak Ideal (< 1:1),Death Cross (Awal Bearish),Sentimen Positif 📰,Normal / Sedang Transisi,Mendekati Fibo 38.2%,6,WAIT & SEE,TIDAK ADA,2026-08-21 16:40:01,Biasa / Mengikuti Pasar
16:40,AXIO,Token Mati (Perlu Update),Small Cap (Lapis 3),Fair Value (Wajar),0.0,1.2245523,113.0,112,108,133,-0.8771929824561403,1504200,Normal,53,Negatif,Uptrend,Bullish,Bearish MACD,Perfect Uptrend (5>20>50),Normal,Distribusi (Turun),Normal,Seimbang / Adu Mekanik,Squeeze,Rendah,Normal,Area Tengah,< 1 Miliar,Persis di VWAP,Distribusi Pro (Guyuran),Gorengan Sepi (< 5M),Normal (50-150%),Mark-Up (Fase Pesta),Normal,Normal,Turun 1 Hari Beruntun,TP: 118 | CL: 109,Normal,Sangat Menarik (> 1:3),Netral / Sideways,Sentimen Positif 📰,Normal / Sedang Transisi,Dekat Support Fibo 61.8% (Golden Ratio),4,WAIT & SEE,TIDAK ADA,2026-08-21 16:40:01,Biasa / Mengikuti Pasar
16:40,KRYA,Token Mati (Perlu Update),Small Cap (Lapis 3),Overvalued (Mahal),0.0,4.12175,64.0,62,56,68,0.0,17750300,Normal,58,Negatif,Uptrend,Bullish,Strong Bullish,Perfect Uptrend (5>20>50),Normal,Akumulasi (Naik),Normal,Seimbang / Adu Mekanik,Normal,Tinggi,Doji (Ragu-ragu),Rawan Pucuk (High Risk),> 1 Miliar,Persis di VWAP,Akumulasi Pro (Smart Money),Gorengan Sepi (< 5M),Normal (50-150%),Mark-Up (Fase Pesta),Spesialis Tiang Jemuran (Banting Pucuk),Normal,Sideways / Stagnan,TP: 69 | CL: 60,Normal,Tidak Ideal (< 1:1),Death Cross (Awal Bearish),Sentimen Negatif ⚠️,Normal / Sedang Transisi,Mendekati Fibo 50.0%,5,WAIT & SEE,TIDAK ADA,2026-08-21 16:40:01,Biasa / Mengikuti Pasar
16:40,HATM,Token Mati (Perlu Update),Mid Cap (Lapis 2),Overvalued (Mahal),106.227104,3.0737107,580.0,560,444,685,-10.76923076923077,21389400,Normal,57,Negatif,Uptrend,Bullish,Strong Bullish,Perfect Uptrend (5>20>50),Normal,Akumulasi (Naik),Normal,Dominan Jual (Guyur),Normal,Tinggi,Normal,Rawan Pucuk (High Risk),> 1 Miliar,Di Bawah VWAP (Lemah),Akumulasi Pro (Smart Money),Ritel Aktif (5M - 50M),Normal (50-150%),Mark-Up (Fase Pesta),Normal,Normal,Turun 1 Hari Beruntun,TP: 670 | CL: 519,Open = High (Tekanan Jual),Tidak Ideal (< 1:1),Death Cross (Awal Bearish),Netral / Sepi Berita,Normal / Sedang Transisi,Mengambang (Jauh dari Fibo),5,WAIT & SEE,TIDAK ADA,2026-08-21 16:40:01,Biasa / Mengikuti Pasar
16:40,RCCC,Token Mati (Perlu Update),Small Cap (Lapis 3),Fair Value (Wajar),0.0,1.61822,108.0,100,90,110,0.0,521300,Normal,64,Negatif,Uptrend,Bullish,Strong Bullish,Perfect Uptrend (5>20>50),Normal,Akumulasi (Naik),Normal,Seimbang / Adu Mekanik,Normal,Tinggi,Normal,Rawan Pucuk (High Risk),< 1 Miliar,Di Atas VWAP (Kuat),Distribusi Pro (Guyuran),Gorengan Sepi (< 5M),Sepi (< 50%),Mark-Up (Fase Pesta),Spesialis Tiang Jemuran (Banting Pucuk),Normal,Sideways / Stagnan,TP: 114 | CL: 103,Open = High (Tekanan Jual),Tidak Ideal (< 1:1),Overbought (Jenuh Beli - Rawan),Netral / Sepi Berita,Normal / Sedang Transisi,Mendekati Fibo 23.6%,5,WAIT & SEE,TIDAK ADA,2026-08-21 16:40:01,Biasa / Mengikuti Pasar
16:40,GULA,Token Mati (Perlu Update),Small Cap (Lapis 3),Overvalued (Mahal),0.0,5.5986023,750.0,766,660,870,1.3513513513513513,19826000,Normal,53,Positif,Downtrend,Bearish,Bearish MACD,Konsolidasi / Transisi,Normal,Akumulasi (Naik),Normal,Dominan Beli (Hajar Kanan),Normal,Tinggi,Normal,Rawan Pucuk (High Risk),> 1 Miliar,Di Atas VWAP (Kuat),Akumulasi Pro (Smart Money),Ritel Aktif (5M - 50M),Normal (50-150%),Distribution (Fase Jualan),Normal,Normal,Naik 2 Hari Beruntun,TP: 821 | CL: 702,Normal,Menengah (1:1),Netral / Sideways,Sentimen Positif 📰,Normal / Sedang Transisi,Mengambang (Jauh dari Fibo),5,WAIT & SEE,TIDAK ADA,2026-08-21 16:40:01,Biasa / Mengikuti Pasar
16:40,JARR,Token Mati (Perlu Update),Big Cap (Lapis 1),Overvalued (Mahal),107.94863,14.240188,3110.0,2071,1800,3490,4.713804713804714,43225000,Tembus MA20,84,Positif,Uptrend,Bullish,Strong Bullish,Perfect Uptrend (5>20>50),Distribusi Kuat,Akumulasi (Naik),Gap Up (+7.1%),Dominan Jual (Guyur),Breakout Upper,Tinggi,Normal,Rawan Pucuk (High Risk),> 1 Miliar,Di Atas VWAP (Kuat),Akumulasi Pro (Smart Money),Sultan (> 50M/hari),Anomali Tinggi (150-300%),Mark-Up (Fase Pesta),Spesialis Tiang Jemuran (Banting Pucuk),Normal,Naik 2 Hari Beruntun,TP: 3432 | CL: 2895,Normal,Tidak Ideal (< 1:1),Death Cross (Awal Bearish),Sentimen Positif 📰,Supply Banjir (Distribusi) 🌊,Mendekati Fibo 23.6%,9,BELI,TIDAK ADA,2026-08-21 16:40:01,Biasa / Mengikuti Pasar
16:40,AMMS,Token Mati (Perlu Update),Small Cap (Lapis 3),Fair Value (Wajar),0.0,2.8480537,170.0,221,155,312,-1.1627906976744187,578700,Normal,13,Negatif,Downtrend,Bearish,Strong Bearish,Strong Downtrend (5<20<50),Normal,Akumulasi (Naik),Normal,Dominan Jual (Guyur),Normal,Tinggi,Normal,Area Tengah,< 1 Miliar,Persis di VWAP,Akumulasi Pro (Smart Money),Gorengan Sepi (< 5M),Sepi (< 50%),Mark-Down (Fase Runtuh),Solid (Jarang Dibanting),Normal,Turun 1 Hari Beruntun,TP: 198 | CL: 150,Normal,Sangat Menarik (> 1:3),Oversold (Jenuh Jual - Peluang),Sentimen Positif 📰,Normal / Sedang Transisi,Mengambang (Jauh dari Fibo),2,WAIT & SEE,TIDAK ADA,2026-08-21 16:40:01,Biasa / Mengikuti Pasar
16:40,RAFI,Token Mati (Perlu Update),Small Cap (Lapis 3),Fair Value (Wajar),0.0,0.46078822,36.0,36,36,36,0.0,0,Normal,0,Negatif,Downtrend,Bearish,Bearish MACD,Konsolidasi / Transisi,Normal,Netral,Normal,Tidak Ada Transaksi,Squeeze,Rendah,Doji (Ragu-ragu),Dekat Support (Low Risk),< 1 Miliar,Di Atas VWAP (Kuat),Netral,Gorengan Sepi (< 5M),Normal (50-150%),Sideways,Solid (Jarang Dibanting),Normal,Sideways / Stagnan,TP: 37 | CL: 35,Normal,Di Area Support,Oversold (Jenuh Jual - Peluang),Netral / Sepi Berita,Normal / Sedang Transisi,Normal / Sideways,0,WAIT & SEE,TIDAK ADA,2026-08-21 16:40:01,Biasa / Mengikuti Pasar
16:40,KKES,Token Mati (Perlu Update),Small Cap (Lapis 3),Fair Value (Wajar),0.0,1.6483775,70.0,68,63,77,-1.4084507042253522,981100,Normal,57,Negatif,Uptrend,Bullish,Bearish MACD,Perfect Uptrend (5>20>50),Normal,Distribusi (Turun),Gap Down (-2.8%),Dominan Beli (Hajar Kanan),Normal,Sedang,Marubozu (Strong Bullish),Rawan Pucuk (High Risk),< 1 Miliar,Di Bawah VWAP (Lemah),Distribusi Pro (Guyuran),Gorengan Sepi (< 5M),Sepi (< 50%),Mark-Up (Fase Pesta),Solid (Jarang Dibanting),Normal,Turun 1 Hari Beruntun,TP: 74 | CL: 67,Open = Low (Bullish Kuat),Menengah (1:1),Netral / Sideways,Netral / Sepi Berita,Normal / Sedang Transisi,Mendekati Fibo 23.6%,4,WAIT & SEE,TIDAK ADA,2026-08-21 16:40:01,Biasa / Mengikuti Pasar
16:40,ELPI,Token Mati (Perlu Update),Mid Cap (Lapis 2),Overvalued (Mahal),45.695362,2.012542,695.0,739,650,995,2.2058823529411766,664300,Normal,33,Positif,Downtrend,Bearish,Bullish MACD,Strong Downtrend (5<20<50),Normal,Akumulasi (Naik),Normal,Dominan Beli (Hajar Kanan),Normal,Tinggi,Marubozu (Strong Bullish),Area Tengah,< 1 Miliar,Di Atas VWAP (Kuat),Distribusi Pro (Guyuran),Gorengan Sepi (< 5M),Normal (50-150%),Mark-Down (Fase Runtuh),Normal,Normal,Naik 1 Hari Beruntun,TP: 754 | CL: 655,Open = Low (Bullish Kuat),Sangat Menarik (> 1:3),Golden Cross (Awal Bullish),Sentimen Positif 📰,Normal / Sedang Transisi,Mengambang (Jauh dari Fibo),5,WAIT & SEE,TIDAK ADA,2026-08-21 16:40:01,Biasa / Mengikuti Pasar
16:40,EURO,Token Mati (Perlu Update),Mid Cap (Lapis 2),Overvalued (Mahal),2395.5222,79.31801,1610.0,1833,1555,2110,-4.166666666666666,145500,Normal,34,Negatif,Downtrend,Bearish,Strong Bearish,Konsolidasi / Transisi,Normal,Akumulasi (Naik),Gap Down (-2.4%),Seimbang / Adu Mekanik,Bottom Rebound,Tinggi,Normal,Area Tengah,< 1 Miliar,Di Bawah VWAP (Lemah),Distribusi Pro (Guyuran),Gorengan Sepi (< 5M),Sepi (< 50%),Distribution (Fase Jualan),Normal,Normal,Turun 1 Hari Beruntun,TP: 1818 | CL: 1471,Normal,Sangat Menarik (> 1:3),Oversold (Jenuh Jual - Peluang),Netral / Sepi Berita,Normal / Sedang Transisi,Mendekati Fibo 61.8% (Golden Ratio),1,WAIT & SEE,TIDAK ADA,2026-08-21 16:40:01,Biasa / Mengikuti Pasar
16:40,KLIN,Token Mati (Perlu Update),Small Cap (Lapis 3),Overvalued (Mahal),0.0,5.227109,116.0,116,104,133,0.8695652173913043,10600,Normal,53,Positif,Downtrend,Bearish,Bearish MACD,Konsolidasi / Transisi,Normal,Distribusi (Turun),Normal,Dominan Beli (Hajar Kanan),Normal,Sedang,Hammer (Potensi Reversal),Rawan Pucuk (High Risk),< 1 Miliar,Persis di VWAP,Akumulasi Pro (Smart Money),Gorengan Sepi (< 5M),Sepi (< 50%),Distribution (Fase Jualan),Normal,Jarum Bawah (Sinyal Pantulan Kuat),Naik 1 Hari Beruntun,TP: 125 | CL: 109,Open = High (Tekanan Jual),Menengah (1:1),Netral / Sideways,Netral / Sepi Berita,Supply Kering (Siap Pump) 🏜️,Golden Rebound Fibo 50.0% 🎯,3,WAIT & SEE,TIDAK ADA,2026-08-21 16:40:01,Biasa / Mengikuti Pasar
16:40,TOOL,Token Mati (Perlu Update),Small Cap (Lapis 3),Fair Value (Wajar),0.0,0.7587425,67.0,66,61,71,0.0,7935900,Normal,52,Negatif,Uptrend,Bullish,Bearish MACD,Perfect Uptrend (5>20>50),Normal,Akumulasi (Naik),Normal,Seimbang / Adu Mekanik,Normal,Sedang,Doji (Ragu-ragu),Area Tengah,< 1 Miliar,Persis di VWAP,Akumulasi Pro (Smart Money),Gorengan Sepi (< 5M),Sepi (< 50%),Mark-Up (Fase Pesta),Normal,Normal,Sideways / Stagnan,TP: 72 | CL: 63,Normal,Tidak Ideal (< 1:1),Netral / Sideways,Netral / Sepi Berita,Normal / Sedang Transisi,Mendekati Fibo 50.0%,4,WAIT & SEE,TIDAK ADA,2026-08-21 16:40:01,Biasa / Mengikuti Pasar
16:40,BUAH,Token Mati (Perlu Update),Mid Cap (Lapis 2),Overvalued (Mahal),20.0,5.156429,505.0,508,494,520,-0.9803921568627451,261400,Normal,44,Negatif,Downtrend,Bullish,Strong Bearish,Awal Reversal (5>20),Normal,Distribusi (Turun),Normal,Seimbang / Adu Mekanik,Squeeze,Rendah,Normal,Dekat Support (Low Risk),< 1 Miliar,Persis di VWAP,Akumulasi Pro (Smart Money),Gorengan Sepi (< 5M),Normal (50-150%),Mark-Down (Fase Runtuh),Solid (Jarang Dibanting),Normal,Turun 2 Hari Beruntun,TP: 528 | CL: 489,Normal,Menengah (1:1),Netral / Sideways,Sentimen Positif 📰,Normal / Sedang Transisi,Dekat Support Fibo 38.2%,2,WAIT & SEE,TIDAK ADA,2026-08-21 16:40:01,Biasa / Mengikuti Pasar
16:40,CRAB,Token Mati (Perlu Update),Small Cap (Lapis 3),Fair Value (Wajar),0.0,1.7666194,208.0,208,208,208,0.0,0,Normal,49,Negatif,Downtrend,Bearish,Bullish MACD,Konsolidasi / Transisi,Normal,Netral,Normal,Tidak Ada Transaksi,Squeeze,Rendah,Doji (Ragu-ragu),Dekat Support (Low Risk),< 1 Miliar,Di Atas VWAP (Kuat),Netral,Gorengan Sepi (< 5M),Normal (50-150%),Sideways,Solid (Jarang Dibanting),Normal,Sideways / Stagnan,TP: 209 | CL: 207,Normal,Di Area Support,Oversold (Jenuh Jual - Peluang),Netral / Sepi Berita,Normal / Sedang Transisi,Golden Rebound Fibo 61.8% (Golden Ratio) 🎯,1,WAIT & SEE,TIDAK ADA,2026-08-21 16:40:01,Biasa / Mengikuti Pasar
16:40,MEDS,Token Mati (Perlu Update),Small Cap (Lapis 3),Fair Value (Wajar),0.0,2.2817843,71.0,73,68,81,1.4285714285714286,10772500,Normal,42,Positif,Downtrend,Bearish,Strong Bearish,Strong Downtrend (5<20<50),Normal,Distribusi (Turun),Normal,Seimbang / Adu Mekanik,Normal,Sedang,Doji (Ragu-ragu),Area Tengah,< 1 Miliar,Di Bawah VWAP (Lemah),Distribusi Pro (Guyuran),Gorengan Sepi (< 5M),Sepi (< 50%),Mark-Down (Fase Runtuh),Spesialis Tiang Jemuran (Banting Pucuk),Normal,Naik 1 Hari Beruntun,TP: 76 | CL: 67,Normal,Sangat Menarik (> 1:3),Golden Cross (Awal Bullish),Sentimen Negatif ⚠️,Normal / Sedang Transisi,Mengambang (Jauh dari Fibo),1,WAIT & SEE,TIDAK ADA,2026-08-21 16:40:01,Biasa / Mengikuti Pasar
16:40,COAL,Token Mati (Perlu Update),Small Cap (Lapis 3),Fair Value (Wajar),0.0,0.5461881,31.0,25,21,31,0.0,0,Normal,75,Negatif,Uptrend,Bullish,Strong Bullish,Perfect Uptrend (5>20>50),Normal,Netral,Normal,Tidak Ada Transaksi,Normal,Tinggi,Doji (Ragu-ragu),Rawan Pucuk (High Risk),< 1 Miliar,Di Atas VWAP (Kuat),Netral,Gorengan Sepi (< 5M),Sepi (< 50%),Mark-Up (Fase Pesta),Solid (Jarang Dibanting),Normal,Sideways / Stagnan,TP: 32 | CL: 30,Normal,Tidak Ideal (< 1:1),Overbought (Jenuh Beli - Rawan),Netral / Sepi Berita,Normal / Sedang Transisi,Mengambang (Jauh dari Fibo),4,WAIT & SEE,TIDAK ADA,2026-08-21 16:40:01,Biasa / Mengikuti Pasar
16:40,PRAY,Token Mati (Perlu Update),Big Cap (Lapis 1),Overvalued (Mahal),58.956917,3.3080285,780.0,745,680,800,1.9607843137254901,10600,Normal,59,Positif,Uptrend,Bullish,Strong Bullish,Perfect Uptrend (5>20>50),Normal,Distribusi (Turun),Normal,Dominan Beli (Hajar Kanan),Normal,Sedang,Normal,Rawan Pucuk (High Risk),< 1 Miliar,Di Atas VWAP (Kuat),Akumulasi Pro (Smart Money),Gorengan Sepi (< 5M),Normal (50-150%),Mark-Up (Fase Pesta),Normal,Jarum Bawah (Sinyal Pantulan Kuat),Naik 1 Hari Beruntun,TP: 840 | CL: 740,Normal,Tidak Ideal (< 1:1),Netral / Sideways,Sentimen Negatif ⚠️,Normal / Sedang Transisi,Golden Rebound Fibo 23.6% 🎯,6,WAIT & SEE,TIDAK ADA,2026-08-21 16:40:01,Biasa / Mengikuti Pasar
16:40,CBUT,Token Mati (Perlu Update),Mid Cap (Lapis 2),Fair Value (Wajar),22.381756,2.1330543,795.0,807,745,890,-0.625,174500,Tembus MA20,51,Negatif,Downtrend,Bearish,Bearish MACD,Konsolidasi / Transisi,Distribusi Kuat,Distribusi (Turun),Normal,Dominan Jual (Guyur),Normal,Sedang,Normal,Area Tengah,< 1 Miliar,Di Atas VWAP (Kuat),Distribusi Pro (Guyuran),Gorengan Sepi (< 5M),Anomali Tinggi (150-300%),Distribution (Fase Jualan),Normal,Normal,Turun 1 Hari Beruntun,TP: 860 | CL: 751,Normal,Ideal (1:2),Golden Cross (Awal Bullish),Sentimen Positif 📰,Normal / Sedang Transisi,Dekat Support Fibo 23.6%,3,WAIT & SEE,TIDAK ADA,2026-08-21 16:40:01,Biasa / Mengikuti Pasar
16:40,BELI,Token Mati (Perlu Update),Big Cap (Lapis 1),Overvalued (Mahal),0.0,3.9895012,266.0,258,248,274,0.7575757575757576,995600,Tembus MA20,53,Positif,Uptrend,Bullish,Bullish MACD,Awal Reversal (5>20),Normal,Distribusi (Turun),Normal,Seimbang / Adu Mekanik,Normal,Sedang,Normal,Area Tengah,< 1 Miliar,Persis di VWAP,Akumulasi Pro (Smart Money),Gorengan Sepi (< 5M),Normal (50-150%),Accumulation (Kumpul Barang),Normal,Normal,Naik 1 Hari Beruntun,TP: 281 | CL: 255,Normal,Tidak Ideal (< 1:1),Netral / Sideways,Sentimen Positif 📰,Normal / Sedang Transisi,Mengambang (Jauh dari Fibo),7,BELI,TIDAK ADA,2026-08-21 16:40:01,Biasa / Mengikuti Pasar
16:40,MKTR,Token Mati (Perlu Update),Mid Cap (Lapis 2),Overvalued (Mahal),25.690022,2.1562476,121.0,122,115,153,-1.6260162601626018,429900,Normal,48,Negatif,Downtrend,Bullish,Bearish MACD,Perfect Uptrend (5>20>50),Normal,Akumulasi (Naik),Normal,Dominan Jual (Guyur),Normal,Sedang,Normal,Area Tengah,< 1 Miliar,Di Bawah VWAP (Lemah),Akumulasi Pro (Smart Money),Gorengan Sepi (< 5M),Sepi (< 50%),Distribution (Fase Jualan),Normal,Normal,Turun 1 Hari Beruntun,TP: 130 | CL: 114,Open = High (Tekanan Jual),Sangat Menarik (> 1:3),Oversold (Jenuh Jual - Peluang),Sentimen Positif 📰,Supply Kering (Siap Pump) 🏜️,Mendekati Fibo 78.6%,3,WAIT & SEE,TIDAK ADA,2026-08-21 16:40:01,Biasa / Mengikuti Pasar
16:40,OMED,Token Mati (Perlu Update),Mid Cap (Lapis 2),Fair Value (Wajar),14.625,2.2335918,234.0,223,200,246,-0.847457627118644,12474100,Normal,62,Negatif,Uptrend,Bullish,Strong Bullish,Perfect Uptrend (5>20>50),Normal,Akumulasi (Naik),Gap Up (+2.5%),Dominan Jual (Guyur),Normal,Tinggi,Normal,Rawan Pucuk (High Risk),> 1 Miliar,Persis di VWAP,Akumulasi Pro (Smart Money),Ritel Aktif (5M - 50M),Sepi (< 50%),Mark-Up (Fase Pesta),Solid (Jarang Dibanting),Normal,Turun 1 Hari Beruntun,TP: 250 | CL: 223,Normal,Tidak Ideal (< 1:1),Death Cross (Awal Bearish),Sentimen Positif 📰,Normal / Sedang Transisi,Dekat Support Fibo 23.6%,7,BELI,TIDAK ADA,2026-08-21 16:40:01,Biasa / Mengikuti Pasar
16:40,BSBK,Token Mati (Perlu Update),Mid Cap (Lapis 2),Fair Value (Wajar),17.0,0.58154786,51.0,52,50,58,-1.9230769230769231,141029100,Tembus MA20,41,Negatif,Downtrend,Death Cross,Bearish MACD,Konsolidasi / Transisi,Distribusi Kuat,Distribusi (Turun),Normal,Seimbang / Adu Mekanik,Squeeze,Rendah,Normal,Dekat Support (Low Risk),> 1 Miliar,Di Bawah VWAP (Lemah),Distribusi Pro (Guyuran),Gorengan Sepi (< 5M),Anomali Tinggi (150-300%),Distribution (Fase Jualan),Normal,Normal,Turun 3 Hari Beruntun,TP: 54 | CL: 48,Open = High (Tekanan Jual),Sangat Menarik (> 1:3),Oversold (Jenuh Jual - Peluang),Netral / Sepi Berita,Normal / Sedang Transisi,Golden Rebound Fibo Bottom / 100% 🎯,1,WAIT & SEE,TIDAK ADA,2026-08-21 16:40:01,Biasa / Mengikuti Pasar
16:40,PDPP,Token Mati (Perlu Update),Small Cap (Lapis 3),Fair Value (Wajar),13.953488,2.0965717,320.0,299,252,382,3.225806451612903,1308000,Tembus MA20,69,Positif,Uptrend,Bullish,Strong Bullish,Perfect Uptrend (5>20>50),Distribusi Kuat,Akumulasi (Naik),Gap Up (+23.2%),Dominan Jual (Guyur),Normal,Tinggi,Normal,Rawan Pucuk (High Risk),< 1 Miliar,Di Bawah VWAP (Lemah),Distribusi Pro (Guyuran),Gorengan Sepi (< 5M),Ledakan Ekstrem (> 300%),Mark-Up (Fase Pesta),Spesialis Tiang Jemuran (Banting Pucuk),Normal,Naik 1 Hari Beruntun,TP: 354 | CL: 297,Open = High (Tekanan Jual),Tidak Ideal (< 1:1),Netral / Sideways,Netral / Sepi Berita,Normal / Sedang Transisi,Mendekati Fibo 38.2%,8,BELI,TIDAK ADA,2026-08-21 16:40:01,Biasa / Mengikuti Pasar
16:40,KDTN,Token Mati (Perlu Update),Small Cap (Lapis 3),Overvalued (Mahal),0.0,6.4608245,360.0,389,274,530,-3.7433155080213902,8127400,Normal,38,Negatif,Downtrend,Bearish,Bullish MACD,Strong Downtrend (5<20<50),Normal,Distribusi (Turun),Normal,Seimbang / Adu Mekanik,Normal,Tinggi,Normal,Rawan Pucuk (High Risk),> 1 Miliar,Di Bawah VWAP (Lemah),Distribusi Pro (Guyuran),Gorengan Sepi (< 5M),Normal (50-150%),Mark-Down (Fase Runtuh),Spesialis Tiang Jemuran (Banting Pucuk),Normal,Turun 1 Hari Beruntun,TP: 430 | CL: 313,Open = High (Tekanan Jual),Ideal (1:2),Netral / Sideways,Sentimen Positif 📰,Normal / Sedang Transisi,Mengambang (Jauh dari Fibo),2,WAIT & SEE,TIDAK ADA,2026-08-21 16:40:01,Biasa / Mengikuti Pasar
16:40,ZATA,Token Mati (Perlu Update),Small Cap (Lapis 3),Fair Value (Wajar),0.0,1.7032459,70.0,69,60,81,-1.4084507042253522,41985500,Normal,57,Negatif,Uptrend,Golden Cross,Bearish MACD,Perfect Uptrend (5>20>50),Normal,Akumulasi (Naik),Normal,Seimbang / Adu Mekanik,Normal,Tinggi,Normal,Rawan Pucuk (High Risk),> 1 Miliar,Persis di VWAP,Akumulasi Pro (Smart Money),Ritel Aktif (5M - 50M),Sepi (< 50%),Mark-Up (Fase Pesta),Spesialis Tiang Jemuran (Banting Pucuk),Normal,Turun 1 Hari Beruntun,TP: 79 | CL: 63,Open = High (Tekanan Jual),Menengah (1:1),Netral / Sideways,Netral / Sepi Berita,Normal / Sedang Transisi,Mendekati Fibo 50.0%,4,WAIT & SEE,TIDAK ADA,2026-08-21 16:40:01,Biasa / Mengikuti Pasar
16:40,NINE,Token Mati (Perlu Update),Small Cap (Lapis 3),Overvalued (Mahal),0.0,7.9071336,94.0,76,67,94,9.30232558139535,31222600,Tembus MA20,73,Positif,Uptrend,Bullish,Strong Bullish,Awal Reversal (5>20),Akumulasi Kuat,Akumulasi (Naik),Normal,Dominan Beli (Hajar Kanan),Breakout Upper,Tinggi,Marubozu (Strong Bullish),Rawan Pucuk (High Risk),> 1 Miliar,Di Atas VWAP (Kuat),Akumulasi Pro (Smart Money),Gorengan Sepi (< 5M),Anomali Tinggi (150-300%),Accumulation (Kumpul Barang),Normal,Normal,Naik 4 Hari Beruntun,TP: 102 | CL: 88,Open = Low (Bullish Kuat),Tidak Ideal (< 1:1),Overbought (Jenuh Beli - Rawan),Sentimen Positif 📰,Normal / Sedang Transisi,Mendekati Fibo 38.2%,10,BELI,TIDAK ADA,2026-08-21 16:40:01,⚠️ Anomali (Sudah Terbang)
16:40,MMIX,Token Mati (Perlu Update),Mid Cap (Lapis 2),Overvalued (Mahal),5.1546392,19.54672,765.0,740,615,790,-1.2903225806451613,14573100,Normal,58,Negatif,Uptrend,Bullish,Strong Bullish,Perfect Uptrend (5>20>50),Normal,Akumulasi (Naik),Normal,Dominan Jual (Guyur),Normal,Sedang,Normal,Rawan Pucuk (High Risk),> 1 Miliar,Persis di VWAP,Akumulasi Pro (Smart Money),Ritel Aktif (5M - 50M),Normal (50-150%),Mark-Up (Fase Pesta),Normal,Normal,Turun 1 Hari Beruntun,TP: 806 | CL: 737,Open = Low (Bullish Kuat),Tidak Ideal (< 1:1),Death Cross (Awal Bearish),Netral / Sepi Berita,Normal / Sedang Transisi,Mengambang (Jauh dari Fibo),5,WAIT & SEE,TIDAK ADA,2026-08-21 16:40:01,Biasa / Mengikuti Pasar
16:40,PADA,Token Mati (Perlu Update),Small Cap (Lapis 3),Overvalued (Mahal),0.0,5.9598737,232.0,174,111,252,0.0,86188700,Normal,71,Negatif,Uptrend,Bullish,Strong Bullish,Perfect Uptrend (5>20>50),Normal,Akumulasi (Naik),Normal,Seimbang / Adu Mekanik,Normal,Tinggi,Normal,Rawan Pucuk (High Risk),> 1 Miliar,Di Atas VWAP (Kuat),Akumulasi Pro (Smart Money),Sultan (> 50M/hari),Normal (50-150%),Mark-Up (Fase Pesta),Spesialis Tiang Jemuran (Banting Pucuk),Jarum Bawah (Sinyal Pantulan Kuat),Sideways / Stagnan,TP: 266 | CL: 209,Normal,Tidak Ideal (< 1:1),Overbought (Jenuh Beli - Rawan),Sentimen Negatif ⚠️,Normal / Sedang Transisi,Mengambang (Jauh dari Fibo),5,WAIT & SEE,TIDAK ADA,2026-08-21 16:40:01,Biasa / Mengikuti Pasar
16:40,ISAP,Token Mati (Perlu Update),Small Cap (Lapis 3),Fair Value (Wajar),0.0,0.56177145,24.0,24,22,26,4.3478260869565215,47450000,Tembus MA20,49,Positif,Downtrend,Bearish,Strong Bearish,Konsolidasi / Transisi,Akumulasi Kuat,Akumulasi (Naik),Normal,Dominan Beli (Hajar Kanan),Normal,Sedang,Normal,Area Tengah,> 1 Miliar,Di Atas VWAP (Kuat),Akumulasi Pro (Smart Money),Gorengan Sepi (< 5M),Anomali Tinggi (150-300%),Distribution (Fase Jualan),Normal,Normal,Naik 1 Hari Beruntun,TP: 26 | CL: 22,Normal,Menengah (1:1),Netral / Sideways,Netral / Sepi Berita,Normal / Sedang Transisi,Dekat Support Fibo 50.0%,5,WAIT & SEE,TIDAK ADA,2026-08-21 16:40:01,Biasa / Mengikuti Pasar
16:40,VTNY,Token Mati (Perlu Update),Small Cap (Lapis 3),Overvalued (Mahal),150.0,1.345714,87.0,68,61,88,10.126582278481013,50323100,Tembus MA20,76,Positif,Uptrend,Bullish,Strong Bullish,Perfect Uptrend (5>20>50),Normal,Akumulasi (Naik),Normal,Dominan Beli (Hajar Kanan),Breakout Upper,Tinggi,Marubozu (Strong Bullish),Rawan Pucuk (High Risk),> 1 Miliar,Di Atas VWAP (Kuat),Akumulasi Pro (Smart Money),Gorengan Sepi (< 5M),Normal (50-150%),Mark-Up (Fase Pesta),Normal,Normal,Naik 2 Hari Beruntun,TP: 95 | CL: 81,Open = Low (Bullish Kuat),Tidak Ideal (< 1:1),Overbought (Jenuh Beli - Rawan),Sentimen Negatif ⚠️,Normal / Sedang Transisi,Mengambang (Jauh dari Fibo),8,BELI,TIDAK ADA,2026-08-21 16:40:01,⚠️ Anomali (Sudah Terbang)
16:40,SOUL,Token Mati (Perlu Update),Small Cap (Lapis 3),Fair Value (Wajar),0.0,1.1616955,37.0,37,37,37,0.0,0,Normal,46,Negatif,Downtrend,Bearish,Bullish MACD,Konsolidasi / Transisi,Normal,Netral,Normal,Tidak Ada Transaksi,Squeeze,Rendah,Doji (Ragu-ragu),Dekat Support (Low Risk),< 1 Miliar,Di Atas VWAP (Kuat),Netral,Gorengan Sepi (< 5M),Normal (50-150%),Sideways,Solid (Jarang Dibanting),Normal,Sideways / Stagnan,TP: 38 | CL: 36,Normal,Di Area Support,Oversold (Jenuh Jual - Peluang),Netral / Sepi Berita,Normal / Sedang Transisi,Mendekati Fibo 50.0%,1,WAIT & SEE,TIDAK ADA,2026-08-21 16:40:01,Biasa / Mengikuti Pasar
16:40,ELIT,Token Mati (Perlu Update),Small Cap (Lapis 3),Fair Value (Wajar),0.0,2.2185373,197.0,175,168,232,6.486486486486487,94132200,Tembus MA20,72,Positif,Uptrend,Bullish,Strong Bullish,Perfect Uptrend (5>20>50),Akumulasi Kuat,Akumulasi (Naik),Normal,Dominan Jual (Guyur),Breakout Upper,Sedang,Normal,Rawan Pucuk (High Risk),> 1 Miliar,Di Bawah VWAP (Lemah),Distribusi Pro (Guyuran),Gorengan Sepi (< 5M),Ledakan Ekstrem (> 300%),Mark-Up (Fase Pesta),Spesialis Tiang Jemuran (Banting Pucuk),Normal,Naik 2 Hari Beruntun,TP: 210 | CL: 188,Normal,Menengah (1:1),Netral / Sideways,Sentimen Positif 📰,Normal / Sedang Transisi,Dekat Support Fibo 38.2%,9,BELI,TIDAK ADA,2026-08-21 16:40:01,⚠️ Anomali (Sudah Terbang)
16:40,BEER,Token Mati (Perlu Update),Small Cap (Lapis 3),Fair Value (Wajar),0.0,1.3984822,82.0,76,72,98,3.79746835443038,65933800,Tembus MA20,60,Positif,Uptrend,Bullish,Strong Bullish,Awal Reversal (5>20),Normal,Distribusi (Turun),Normal,Seimbang / Adu Mekanik,Normal,Tinggi,Normal,Rawan Pucuk (High Risk),> 1 Miliar,Di Bawah VWAP (Lemah),Distribusi Pro (Guyuran),Gorengan Sepi (< 5M),Normal (50-150%),Accumulation (Kumpul Barang),Spesialis Tiang Jemuran (Banting Pucuk),Normal,Naik 1 Hari Beruntun,TP: 91 | CL: 75,Normal,Ideal (1:2),Golden Cross (Awal Bullish),Sentimen Positif 📰,Normal / Sedang Transisi,Mengambang (Jauh dari Fibo),7,BELI,TIDAK ADA,2026-08-21 16:40:01,Biasa / Mengikuti Pasar
16:40,CBPE,Token Mati (Perlu Update),Small Cap (Lapis 3),Fair Value (Wajar),0.0,2.0710244,530.0,446,286,670,-0.9345794392523363,66500,Normal,67,Negatif,Uptrend,Bullish,Strong Bullish,Perfect Uptrend (5>20>50),Normal,Distribusi (Turun),Normal,Seimbang / Adu Mekanik,Normal,Tinggi,Normal,Rawan Pucuk (High Risk),< 1 Miliar,Di Bawah VWAP (Lemah),Distribusi Pro (Guyuran),Gorengan Sepi (< 5M),Sepi (< 50%),Mark-Up (Fase Pesta),Spesialis Tiang Jemuran (Banting Pucuk),Normal,Turun 1 Hari Beruntun,TP: 652 | CL: 448,Normal,Tidak Ideal (< 1:1),Death Cross (Awal Bearish),Sentimen Positif 📰,Normal / Sedang Transisi,Mendekati Fibo 38.2%,5,WAIT & SEE,TIDAK ADA,2026-08-21 16:40:01,Biasa / Mengikuti Pasar
16:40,SUNI,Token Mati (Perlu Update),Mid Cap (Lapis 2),Fair Value (Wajar),10.759115,1.9645454,720.0,713,620,735,-0.6896551724137931,338900,Normal,64,Negatif,Uptrend,Bullish,Bearish MACD,Perfect Uptrend (5>20>50),Normal,Distribusi (Turun),Normal,Seimbang / Adu Mekanik,Normal,Sedang,Normal,Rawan Pucuk (High Risk),< 1 Miliar,Persis di VWAP,Akumulasi Pro (Smart Money),Gorengan Sepi (< 5M),Normal (50-150%),Mark-Up (Fase Pesta),Solid (Jarang Dibanting),Normal,Turun 1 Hari Beruntun,TP: 746 | CL: 702,Open = High (Tekanan Jual),Tidak Ideal (< 1:1),Netral / Sideways,Sentimen Positif 📰,Normal / Sedang Transisi,Mendekati Fibo 23.6%,4,WAIT & SEE,TIDAK ADA,2026-08-21 16:40:01,Biasa / Mengikuti Pasar
16:40,CBRE,Token Mati (Perlu Update),Mid Cap (Lapis 2),Overvalued (Mahal),0.0,293.62766,705.0,686,655,750,0.0,6679300,Normal,54,Negatif,Uptrend,Bullish,Bullish MACD,Awal Reversal (5>20),Normal,Distribusi (Turun),Normal,Seimbang / Adu Mekanik,Squeeze,Rendah,Doji (Ragu-ragu),Area Tengah,> 1 Miliar,Di Atas VWAP (Kuat),Distribusi Pro (Guyuran),Ritel Aktif (5M - 50M),Normal (50-150%),Accumulation (Kumpul Barang),Spesialis Tiang Jemuran (Banting Pucuk),Normal,Sideways / Stagnan,TP: 743 | CL: 679,Normal,Tidak Ideal (< 1:1),Netral / Sideways,Sentimen Negatif ⚠️,Normal / Sedang Transisi,Mengambang (Jauh dari Fibo),4,WAIT & SEE,TIDAK ADA,2026-08-21 16:40:01,Biasa / Mengikuti Pasar
16:40,WINE,Token Mati (Perlu Update),Small Cap (Lapis 3),Undervalued (Murah),10.0303955,1.0450479,132.0,141,130,169,-1.4925373134328357,2632100,Tembus MA20,34,Negatif,Downtrend,Bearish,Strong Bearish,Strong Downtrend (5<20<50),Normal,Distribusi (Turun),Normal,Dominan Jual (Guyur),Normal,Tinggi,Normal,Dekat Support (Low Risk),< 1 Miliar,Persis di VWAP,Distribusi Pro (Guyuran),Gorengan Sepi (< 5M),Normal (50-150%),Mark-Down (Fase Runtuh),Spesialis Tiang Jemuran (Banting Pucuk),Normal,Turun 1 Hari Beruntun,TP: 142 | CL: 125,Normal,Sangat Menarik (> 1:3),Oversold (Jenuh Jual - Peluang),Netral / Sepi Berita,Normal / Sedang Transisi,Mengambang (Jauh dari Fibo),1,WAIT & SEE,TIDAK ADA,2026-08-21 16:40:01,Biasa / Mengikuti Pasar
16:40,BMBL,Token Mati (Perlu Update),Small Cap (Lapis 3),Fair Value (Wajar),0.0,0.41555724,27.0,31,25,34,0.0,13943800,Tembus MA20,26,Negatif,Downtrend,Bearish,Strong Bearish,Strong Downtrend (5<20<50),Normal,Distribusi (Turun),Gap Up (+3.7%),Seimbang / Adu Mekanik,Normal,Tinggi,Normal,Area Tengah,< 1 Miliar,Di Bawah VWAP (Lemah),Distribusi Pro (Guyuran),Gorengan Sepi (< 5M),Normal (50-150%),Mark-Down (Fase Runtuh),Solid (Jarang Dibanting),Normal,Sideways / Stagnan,TP: 30 | CL: 24,Open = High (Tekanan Jual),Sangat Menarik (> 1:3),Golden Cross (Awal Bullish),Netral / Sepi Berita,Supply Banjir (Distribusi) 🌊,Mengambang (Jauh dari Fibo),2,WAIT & SEE,TIDAK ADA,2026-08-21 16:40:01,Biasa / Mengikuti Pasar
16:40,PEVE,Token Mati (Perlu Update),Small Cap (Lapis 3),Fair Value (Wajar),0.0,1.4609683,312.0,327,306,344,0.0,1801600,Tembus MA20,40,Negatif,Downtrend,Bearish,Strong Bearish,Konsolidasi / Transisi,Normal,Distribusi (Turun),Normal,Seimbang / Adu Mekanik,Bottom Rebound,Sedang,Doji (Ragu-ragu),Dekat Support (Low Risk),< 1 Miliar,Di Bawah VWAP (Lemah),Distribusi Pro (Guyuran),Gorengan Sepi (< 5M),Normal (50-150%),Distribution (Fase Jualan),Spesialis Tiang Jemuran (Banting Pucuk),Normal,Sideways / Stagnan,TP: 324 | CL: 303,Normal,Sangat Menarik (> 1:3),Netral / Sideways,Netral / Sepi Berita,Normal / Sedang Transisi,Mendekati Fibo 61.8% (Golden Ratio),1,WAIT & SEE,TIDAK ADA,2026-08-21 16:40:01,Biasa / Mengikuti Pasar
16:40,LAJU,Token Mati (Perlu Update),Small Cap (Lapis 3),Fair Value (Wajar),0.0,1.0724277,69.0,66,62,73,1.4705882352941175,8864500,Normal,57,Positif,Uptrend,Bullish,Strong Bullish,Perfect Uptrend (5>20>50),Normal,Akumulasi (Naik),Normal,Dominan Beli (Hajar Kanan),Normal,Sedang,Normal,Rawan Pucuk (High Risk),< 1 Miliar,Di Atas VWAP (Kuat),Akumulasi Pro (Smart Money),Gorengan Sepi (< 5M),Sepi (< 50%),Mark-Up (Fase Pesta),Spesialis Tiang Jemuran (Banting Pucuk),Normal,Naik 1 Hari Beruntun,TP: 73 | CL: 65,Normal,Tidak Ideal (< 1:1),Netral / Sideways,Sentimen Positif 📰,Normal / Sedang Transisi,Dekat Support Fibo 38.2%,8,BELI,TIDAK ADA,2026-08-21 16:40:01,Biasa / Mengikuti Pasar
16:40,FWCT,Token Mati (Perlu Update),Small Cap (Lapis 3),Fair Value (Wajar),0.0,0.5699437,94.0,92,85,105,-1.0526315789473684,3254100,Normal,56,Negatif,Uptrend,Bullish,Bearish MACD,Perfect Uptrend (5>20>50),Normal,Akumulasi (Naik),Normal,Seimbang / Adu Mekanik,Normal,Sedang,Normal,Rawan Pucuk (High Risk),< 1 Miliar,Persis di VWAP,Akumulasi Pro (Smart Money),Gorengan Sepi (< 5M),Normal (50-150%),Mark-Up (Fase Pesta),Normal,Normal,Turun 2 Hari Beruntun,TP: 100 | CL: 89,Normal,Menengah (1:1),Netral / Sideways,Sentimen Negatif ⚠️,Normal / Sedang Transisi,Dekat Support Fibo 38.2%,4,WAIT & SEE,TIDAK ADA,2026-08-21 16:40:01,Biasa / Mengikuti Pasar
16:40,NAYZ,Token Mati (Perlu Update),Small Cap (Lapis 3),Overvalued (Mahal),0.0,3.0400066,75.0,59,54,75,8.695652173913043,76317000,Tembus MA20,74,Positif,Uptrend,Bullish,Strong Bullish,Perfect Uptrend (5>20>50),Normal,Akumulasi (Naik),Gap Up (+8.7%),Dominan Beli (Hajar Kanan),Breakout Upper,Tinggi,Doji (Ragu-ragu),Rawan Pucuk (High Risk),> 1 Miliar,Di Atas VWAP (Kuat),Akumulasi Pro (Smart Money),Gorengan Sepi (< 5M),Anomali Tinggi (150-300%),Mark-Up (Fase Pesta),Normal,Jarum Bawah (Sinyal Pantulan Kuat),Naik 3 Hari Beruntun,TP: 81 | CL: 71,Normal,Tidak Ideal (< 1:1),Overbought (Jenuh Beli - Rawan),Sentimen Positif 📰,Normal / Sedang Transisi,Mengambang (Jauh dari Fibo),10,BELI,TIDAK ADA,2026-08-21 16:40:01,⚠️ Anomali (Sudah Terbang)
16:40,IRSX,Token Mati (Perlu Update),Mid Cap (Lapis 2),Overvalued (Mahal),87.09677,7.746219,376.0,350,272,394,2.1739130434782608,49141000,Normal,62,Positif,Uptrend,Bullish,Strong Bullish,Perfect Uptrend (5>20>50),Normal,Akumulasi (Naik),Normal,Seimbang / Adu Mekanik,Normal,Tinggi,Normal,Rawan Pucuk (High Risk),> 1 Miliar,Di Atas VWAP (Kuat),Distribusi Pro (Guyuran),Ritel Aktif (5M - 50M),Normal (50-150%),Mark-Up (Fase Pesta),Spesialis Tiang Jemuran (Banting Pucuk),Normal,Naik 2 Hari Beruntun,TP: 409 | CL: 354,Normal,Tidak Ideal (< 1:1),Netral / Sideways,Netral / Sepi Berita,Normal / Sedang Transisi,Mendekati Fibo 38.2%,6,WAIT & SEE,TIDAK ADA,2026-08-21 16:40:01,Biasa / Mengikuti Pasar
16:40,PACK,Token Mati (Perlu Update),Big Cap (Lapis 1),Overvalued (Mahal),19.406738,5.652862,386.0,269,214,386,9.659090909090908,760564800,Tembus MA20,82,Positif,Uptrend,Bullish,Strong Bullish,Perfect Uptrend (5>20>50),Normal,Akumulasi (Naik),Gap Up (+9.7%),Dominan Beli (Hajar Kanan),Breakout Upper,Tinggi,Doji (Ragu-ragu),Rawan Pucuk (High Risk),> 1 Miliar,Di Atas VWAP (Kuat),Akumulasi Pro (Smart Money),Sultan (> 50M/hari),Ledakan Ekstrem (> 300%),Mark-Up (Fase Pesta),Normal,Jarum Bawah (Sinyal Pantulan Kuat),Naik 2 Hari Beruntun,TP: 424 | CL: 360,Normal,Tidak Ideal (< 1:1),Overbought (Jenuh Beli - Rawan),Netral / Sepi Berita,Normal / Sedang Transisi,Mengambang (Jauh dari Fibo),9,BELI,TIDAK ADA,2026-08-21 16:40:01,⚠️ Anomali (Sudah Terbang)
16:40,VAST,Token Mati (Perlu Update),Small Cap (Lapis 3),Fair Value (Wajar),0.0,0.8939167,116.0,115,111,124,-1.694915254237288,1161000,Normal,51,Negatif,Uptrend,Bullish,Strong Bullish,Awal Reversal (5>20),Normal,Akumulasi (Naik),Normal,Dominan Jual (Guyur),Squeeze,Rendah,Normal,Area Tengah,< 1 Miliar,Persis di VWAP,Akumulasi Pro (Smart Money),Gorengan Sepi (< 5M),Normal (50-150%),Accumulation (Kumpul Barang),Normal,Normal,Turun 1 Hari Beruntun,TP: 122 | CL: 111,Normal,Ideal (1:2),Netral / Sideways,Netral / Sepi Berita,Normal / Sedang Transisi,Mendekati Fibo 50.0%,5,WAIT & SEE,TIDAK ADA,2026-08-21 16:40:01,Biasa / Mengikuti Pasar
16:40,CHIP,Token Mati (Perlu Update),Small Cap (Lapis 3),Overvalued (Mahal),119.20981,9.684024,870.0,904,860,945,-2.793296089385475,131300,Tembus MA20,35,Negatif,Downtrend,Bearish,Strong Bearish,Strong Downtrend (5<20<50),Normal,Distribusi (Turun),Normal,Dominan Jual (Guyur),Squeeze,Rendah,Normal,Dekat Support (Low Risk),< 1 Miliar,Di Bawah VWAP (Lemah),Distribusi Pro (Guyuran),Gorengan Sepi (< 5M),Normal (50-150%),Mark-Down (Fase Runtuh),Solid (Jarang Dibanting),Normal,Turun 1 Hari Beruntun,TP: 923 | CL: 834,Normal,Sangat Menarik (> 1:3),Netral / Sideways,Sentimen Negatif ⚠️,Normal / Sedang Transisi,Dekat Support Fibo Bottom / 100%,1,WAIT & SEE,TIDAK ADA,2026-08-21 16:40:01,Biasa / Mengikuti Pasar
16:40,HALO,Token Mati (Perlu Update),Small Cap (Lapis 3),Fair Value (Wajar),0.0,1.6781836,67.0,69,64,76,0.0,4362400,Normal,47,Negatif,Downtrend,Bearish,Bearish MACD,Konsolidasi / Transisi,Normal,Distribusi (Turun),Normal,Seimbang / Adu Mekanik,Normal,Sedang,Normal,Area Tengah,< 1 Miliar,Di Bawah VWAP (Lemah),Distribusi Pro (Guyuran),Gorengan Sepi (< 5M),Sepi (< 50%),Distribution (Fase Jualan),Spesialis Tiang Jemuran (Banting Pucuk),Normal,Sideways / Stagnan,TP: 72 | CL: 63,Normal,Sangat Menarik (> 1:3),Oversold (Jenuh Jual - Peluang),Sentimen Positif 📰,Normal / Sedang Transisi,Mendekati Fibo 61.8% (Golden Ratio),1,WAIT & SEE,TIDAK ADA,2026-08-21 16:40:01,Biasa / Mengikuti Pasar
16:40,KING,Token Mati (Perlu Update),Small Cap (Lapis 3),Overvalued (Mahal),0.0,10.2174,268.0,277,250,310,-1.4705882352941175,279900,Normal,37,Negatif,Downtrend,Bullish,Bullish MACD,Awal Reversal (5>20),Normal,Akumulasi (Naik),Gap Up (+2.2%),Seimbang / Adu Mekanik,Normal,Tinggi,Normal,Area Tengah,< 1 Miliar,Di Bawah VWAP (Lemah),Distribusi Pro (Guyuran),Gorengan Sepi (< 5M),Normal (50-150%),Mark-Down (Fase Runtuh),Spesialis Tiang Jemuran (Banting Pucuk),Normal,Turun 2 Hari Beruntun,TP: 298 | CL: 247,Normal,Ideal (1:2),Netral / Sideways,Sentimen Negatif ⚠️,Normal / Sedang Transisi,Mengambang (Jauh dari Fibo),4,WAIT & SEE,TIDAK ADA,2026-08-21 16:40:01,Biasa / Mengikuti Pasar
16:40,PGEO,Token Mati (Perlu Update),Big Cap (Lapis 1),Overvalued (Mahal),17.092651,22291.666,1065.0,1046,970,1140,-0.46728971962616817,10603800,Normal,56,Negatif,Uptrend,Bullish,Bearish MACD,Perfect Uptrend (5>20>50),Normal,Akumulasi (Naik),Normal,Dominan Jual (Guyur),Normal,Sedang,Normal,Area Tengah,> 1 Miliar,Di Bawah VWAP (Lemah),Distribusi Pro (Guyuran),Ritel Aktif (5M - 50M),Sepi (< 50%),Mark-Up (Fase Pesta),Normal,Normal,Turun 1 Hari Beruntun,TP: 1127 | CL: 1023,Normal,Tidak Ideal (< 1:1),Golden Cross (Awal Bullish),Netral / Sepi Berita,Normal / Sedang Transisi,Dekat Support Fibo 23.6%,4,WAIT & SEE,TIDAK ADA,2026-08-21 16:40:01,Biasa / Mengikuti Pasar
16:40,FUTR,Token Mati (Perlu Update),Mid Cap (Lapis 2),Overvalued (Mahal),0.0,13.531483,348.0,317,250,376,8.75,108616700,Tembus MA20,61,Positif,Uptrend,Bullish,Bearish MACD,Perfect Uptrend (5>20>50),Normal,Akumulasi (Naik),Normal,Dominan Beli (Hajar Kanan),Normal,Tinggi,Normal,Rawan Pucuk (High Risk),> 1 Miliar,Di Atas VWAP (Kuat),Akumulasi Pro (Smart Money),Ritel Aktif (5M - 50M),Normal (50-150%),Mark-Up (Fase Pesta),Normal,Normal,Naik 1 Hari Beruntun,TP: 397 | CL: 314,Open = Low (Bullish Kuat),Tidak Ideal (< 1:1),Netral / Sideways,Sentimen Negatif ⚠️,Normal / Sedang Transisi,Mengambang (Jauh dari Fibo),7,BELI,TIDAK ADA,2026-08-21 16:40:01,Biasa / Mengikuti Pasar
16:40,HILL,Token Mati (Perlu Update),Small Cap (Lapis 3),Fair Value (Wajar),0.0,-2.4286582,16.0,16,16,16,0.0,0,Normal,50,Negatif,Downtrend,Bearish,Strong Bearish,Konsolidasi / Transisi,Normal,Netral,Normal,Tidak Ada Transaksi,Squeeze,Rendah,Doji (Ragu-ragu),Dekat Support (Low Risk),< 1 Miliar,Di Atas VWAP (Kuat),Netral,Gorengan Sepi (< 5M),Normal (50-150%),Sideways,Solid (Jarang Dibanting),Normal,Sideways / Stagnan,TP: 17 | CL: 15,Normal,Di Area Support,Oversold (Jenuh Jual - Peluang),Netral / Sepi Berita,Normal / Sedang Transisi,Golden Rebound Fibo 50.0% 🎯,0,WAIT & SEE,TIDAK ADA,2026-08-21 16:40:01,Biasa / Mengikuti Pasar
16:40,BDKR,Token Mati (Perlu Update),Small Cap (Lapis 3),Overvalued (Mahal),28.021015,0.92765456,160.0,159,144,174,-2.4390243902439024,6613700,Normal,54,Negatif,Uptrend,Bullish,Bearish MACD,Perfect Uptrend (5>20>50),Normal,Akumulasi (Naik),Normal,Dominan Jual (Guyur),Normal,Sedang,Normal,Rawan Pucuk (High Risk),> 1 Miliar,Persis di VWAP,Distribusi Pro (Guyuran),Gorengan Sepi (< 5M),Normal (50-150%),Mark-Up (Fase Pesta),Solid (Jarang Dibanting),Normal,Turun 1 Hari Beruntun,TP: 169 | CL: 153,Open = High (Tekanan Jual),Tidak Ideal (< 1:1),Netral / Sideways,Sentimen Positif 📰,Normal / Sedang Transisi,Dekat Support Fibo 23.6%,5,WAIT & SEE,TIDAK ADA,2026-08-21 16:40:01,Biasa / Mengikuti Pasar
16:40,PTMP,Token Mati (Perlu Update),Small Cap (Lapis 3),Fair Value (Wajar),0.0,1.2472078,67.0,64,59,85,3.076923076923077,19092200,Normal,59,Positif,Uptrend,Bullish,Bearish MACD,Perfect Uptrend (5>20>50),Normal,Akumulasi (Naik),Normal,Dominan Beli (Hajar Kanan),Normal,Sedang,Normal,Rawan Pucuk (High Risk),> 1 Miliar,Di Atas VWAP (Kuat),Akumulasi Pro (Smart Money),Gorengan Sepi (< 5M),Sepi (< 50%),Mark-Up (Fase Pesta),Spesialis Tiang Jemuran (Banting Pucuk),Normal,Naik 1 Hari Beruntun,TP: 73 | CL: 62,Normal,Ideal (1:2),Golden Cross (Awal Bullish),Sentimen Positif 📰,Normal / Sedang Transisi,Mendekati Fibo 61.8% (Golden Ratio),7,BELI,TIDAK ADA,2026-08-21 16:40:01,Biasa / Mengikuti Pasar
16:40,SAGE,Token Mati (Perlu Update),Small Cap (Lapis 3),Fair Value (Wajar),0.0,0.84844023,30.0,32,30,38,0.0,3066000,Normal,44,Negatif,Downtrend,Bearish,Strong Bearish,Konsolidasi / Transisi,Normal,Distribusi (Turun),Normal,Dominan Jual (Guyur),Normal,Tinggi,Doji (Ragu-ragu),Dekat Support (Low Risk),< 1 Miliar,Di Bawah VWAP (Lemah),Distribusi Pro (Guyuran),Gorengan Sepi (< 5M),Normal (50-150%),Distribution (Fase Jualan),Normal,Normal,Sideways / Stagnan,TP: 31 | CL: 28,Normal,Di Area Support,Oversold (Jenuh Jual - Peluang),Netral / Sepi Berita,Normal / Sedang Transisi,Golden Rebound Fibo 50.0% 🎯,0,WAIT & SEE,TIDAK ADA,2026-08-21 16:40:01,Biasa / Mengikuti Pasar
16:40,TRON,Token Mati (Perlu Update),Small Cap (Lapis 3),Fair Value (Wajar),0.0,1.702986,103.0,105,98,118,0.0,11811900,Tembus MA20,49,Negatif,Downtrend,Bearish,Strong Bearish,Konsolidasi / Transisi,Normal,Akumulasi (Naik),Normal,Seimbang / Adu Mekanik,Normal,Tinggi,Doji (Ragu-ragu),Area Tengah,> 1 Miliar,Di Atas VWAP (Kuat),Distribusi Pro (Guyuran),Gorengan Sepi (< 5M),Normal (50-150%),Distribution (Fase Jualan),Normal,Normal,Sideways / Stagnan,TP: 109 | CL: 98,Normal,Sangat Menarik (> 1:3),Golden Cross (Awal Bullish),Netral / Sepi Berita,Normal / Sedang Transisi,Mendekati Fibo 50.0%,2,WAIT & SEE,TIDAK ADA,2026-08-21 16:40:01,Biasa / Mengikuti Pasar
16:40,CUAN,Token Mati (Perlu Update),Big Cap (Lapis 1),Overvalued (Mahal),36.70721,281666.66,840.0,739,635,885,1.8181818181818181,398685400,Normal,65,Positif,Uptrend,Bullish,Strong Bullish,Perfect Uptrend (5>20>50),Normal,Distribusi (Turun),Normal,Seimbang / Adu Mekanik,Normal,Tinggi,Normal,Rawan Pucuk (High Risk),> 1 Miliar,Persis di VWAP,Distribusi Pro (Guyuran),Sultan (> 50M/hari),Normal (50-150%),Mark-Up (Fase Pesta),Spesialis Tiang Jemuran (Banting Pucuk),Normal,Naik 2 Hari Beruntun,TP: 918 | CL: 787,Normal,Tidak Ideal (< 1:1),Netral / Sideways,Sentimen Positif 📰,Normal / Sedang Transisi,Mengambang (Jauh dari Fibo),6,WAIT & SEE,TIDAK ADA,2026-08-21 16:40:01,Biasa / Mengikuti Pasar
16:40,NSSS,Token Mati (Perlu Update),Big Cap (Lapis 1),Overvalued (Mahal),31.573313,9.260713,885.0,946,775,1190,-2.7472527472527473,5251900,Normal,51,Negatif,Downtrend,Bearish,Bearish MACD,Konsolidasi / Transisi,Normal,Akumulasi (Naik),Normal,Dominan Jual (Guyur),Normal,Tinggi,Normal,Rawan Pucuk (High Risk),> 1 Miliar,Di Bawah VWAP (Lemah),Distribusi Pro (Guyuran),Ritel Aktif (5M - 50M),Normal (50-150%),Distribution (Fase Jualan),Spesialis Tiang Jemuran (Banting Pucuk),Normal,Turun 1 Hari Beruntun,TP: 1009 | CL: 802,Normal,Ideal (1:2),Oversold (Jenuh Jual - Peluang),Sentimen Positif 📰,Normal / Sedang Transisi,Golden Rebound Fibo 38.2% 🎯,3,WAIT & SEE,TIDAK ADA,2026-08-21 16:40:01,Biasa / Mengikuti Pasar
16:40,GTRA,Token Mati (Perlu Update),Small Cap (Lapis 3),Fair Value (Wajar),0.0,1.0721661,230.0,237,220,268,0.8771929824561403,60200,Normal,51,Positif,Downtrend,Bearish,Bearish MACD,Konsolidasi / Transisi,Normal,Akumulasi (Naik),Normal,Seimbang / Adu Mekanik,Normal,Tinggi,Normal,Area Tengah,< 1 Miliar,Di Atas VWAP (Kuat),Distribusi Pro (Guyuran),Gorengan Sepi (< 5M),Sepi (< 50%),Distribution (Fase Jualan),Spesialis Tiang Jemuran (Banting Pucuk),Normal,Naik 1 Hari Beruntun,TP: 249 | CL: 217,Open = High (Tekanan Jual),Sangat Menarik (> 1:3),Golden Cross (Awal Bullish),Sentimen Positif 📰,Normal / Sedang Transisi,Mendekati Fibo 38.2%,4,WAIT & SEE,TIDAK ADA,2026-08-21 16:40:01,Biasa / Mengikuti Pasar
16:40,HAJJ,Token Mati (Perlu Update),Small Cap (Lapis 3),Fair Value (Wajar),0.0,1.3189043,117.0,107,100,120,0.0,9080700,Tembus MA20,67,Negatif,Uptrend,Bullish,Strong Bullish,Perfect Uptrend (5>20>50),Normal,Akumulasi (Naik),Normal,Seimbang / Adu Mekanik,Breakout Upper,Tinggi,Doji (Ragu-ragu),Rawan Pucuk (High Risk),> 1 Miliar,Di Atas VWAP (Kuat),Akumulasi Pro (Smart Money),Gorengan Sepi (< 5M),Normal (50-150%),Mark-Up (Fase Pesta),Normal,Jarum Bawah (Sinyal Pantulan Kuat),Sideways / Stagnan,TP: 123 | CL: 112,Normal,Tidak Ideal (< 1:1),Overbought (Jenuh Beli - Rawan),Sentimen Positif 📰,Normal / Sedang Transisi,Golden Rebound Fibo 23.6% 🎯,7,BELI,TIDAK ADA,2026-08-21 16:40:01,Biasa / Mengikuti Pasar
16:40,JATI,Token Mati (Perlu Update),Small Cap (Lapis 3),Fair Value (Wajar),0.0,1.8787239,104.0,98,92,108,0.9708737864077669,17193900,Tembus MA20,66,Positif,Uptrend,Bullish,Strong Bullish,Perfect Uptrend (5>20>50),Normal,Akumulasi (Naik),Normal,Seimbang / Adu Mekanik,Breakout Upper,Sedang,Normal,Rawan Pucuk (High Risk),> 1 Miliar,Di Atas VWAP (Kuat),Distribusi Pro (Guyuran),Gorengan Sepi (< 5M),Normal (50-150%),Mark-Up (Fase Pesta),Normal,Normal,Naik 3 Hari Beruntun,TP: 109 | CL: 100,Normal,Tidak Ideal (< 1:1),Netral / Sideways,Sentimen Positif 📰,Normal / Sedang Transisi,Dekat Support Fibo 50.0%,8,BELI,TIDAK ADA,2026-08-21 16:40:01,Biasa / Mengikuti Pasar
16:40,TYRE,Token Mati (Perlu Update),Small Cap (Lapis 3),Fair Value (Wajar),0.0,1.1642513,114.0,113,106,132,0.0,2339500,Tembus MA20,52,Negatif,Uptrend,Bearish,Bearish MACD,Konsolidasi / Transisi,Normal,Akumulasi (Naik),Normal,Seimbang / Adu Mekanik,Squeeze,Rendah,Normal,Area Tengah,< 1 Miliar,Persis di VWAP,Distribusi Pro (Guyuran),Gorengan Sepi (< 5M),Ledakan Ekstrem (> 300%),Mark-Up (Fase Pesta),Spesialis Tiang Jemuran (Banting Pucuk),Normal,Sideways / Stagnan,TP: 120 | CL: 109,Normal,Ideal (1:2),Golden Cross (Awal Bullish),Netral / Sepi Berita,Normal / Sedang Transisi,Mendekati Fibo 50.0%,4,WAIT & SEE,TIDAK ADA,2026-08-21 16:40:01,Biasa / Mengikuti Pasar
16:40,MPXL,Token Mati (Perlu Update),Small Cap (Lapis 3),Overvalued (Mahal),0.0,3.6182723,168.0,158,140,173,1.8181818181818181,517000,Normal,65,Positif,Uptrend,Bullish,Strong Bullish,Perfect Uptrend (5>20>50),Normal,Akumulasi (Naik),Normal,Seimbang / Adu Mekanik,Normal,Tinggi,Normal,Rawan Pucuk (High Risk),< 1 Miliar,Persis di VWAP,Distribusi Pro (Guyuran),Gorengan Sepi (< 5M),Normal (50-150%),Mark-Up (Fase Pesta),Normal,Normal,Naik 1 Hari Beruntun,TP: 178 | CL: 160,Open = Low (Bullish Kuat),Tidak Ideal (< 1:1),Netral / Sideways,Sentimen Positif 📰,Normal / Sedang Transisi,Mendekati Fibo 23.6%,7,BELI,TIDAK ADA,2026-08-21 16:40:01,Biasa / Mengikuti Pasar
16:40,SMIL,Token Mati (Perlu Update),Mid Cap (Lapis 2),Overvalued (Mahal),45.517242,4.4958615,398.0,391,320,432,2.051282051282051,24023400,Normal,62,Positif,Uptrend,Bearish,Bearish MACD,Konsolidasi / Transisi,Normal,Akumulasi (Naik),Normal,Dominan Beli (Hajar Kanan),Normal,Tinggi,Normal,Rawan Pucuk (High Risk),> 1 Miliar,Di Atas VWAP (Kuat),Akumulasi Pro (Smart Money),Ritel Aktif (5M - 50M),Normal (50-150%),Mark-Up (Fase Pesta),Normal,Normal,Naik 3 Hari Beruntun,TP: 426 | CL: 378,Normal,Tidak Ideal (< 1:1),Netral / Sideways,Sentimen Positif 📰,Normal / Sedang Transisi,Mendekati Fibo 23.6%,6,WAIT & SEE,TIDAK ADA,2026-08-21 16:40:01,Biasa / Mengikuti Pasar
16:40,KLAS,Token Mati (Perlu Update),Small Cap (Lapis 3),Fair Value (Wajar),0.0,1.0967436,82.0,77,68,82,1.2345679012345678,9164600,Normal,71,Positif,Uptrend,Bullish,Strong Bullish,Perfect Uptrend (5>20>50),Normal,Akumulasi (Naik),Normal,Dominan Beli (Hajar Kanan),Normal,Tinggi,Normal,Rawan Pucuk (High Risk),< 1 Miliar,Di Atas VWAP (Kuat),Akumulasi Pro (Smart Money),Gorengan Sepi (< 5M),Normal (50-150%),Mark-Up (Fase Pesta),Normal,Normal,Naik 2 Hari Beruntun,TP: 86 | CL: 78,Normal,Tidak Ideal (< 1:1),Overbought (Jenuh Beli - Rawan),Sentimen Positif 📰,Normal / Sedang Transisi,Mengambang (Jauh dari Fibo),8,BELI,TIDAK ADA,2026-08-21 16:40:01,Biasa / Mengikuti Pasar
16:40,MAXI,Token Mati (Perlu Update),Small Cap (Lapis 3),Overvalued (Mahal),0.0,3.705076,50.0,50,50,50,0.0,34600,Normal,0,Negatif,Downtrend,Bearish,Bearish MACD,Konsolidasi / Transisi,Normal,Netral,Normal,Tidak Ada Transaksi,Squeeze,Rendah,Doji (Ragu-ragu),Dekat Support (Low Risk),< 1 Miliar,Persis di VWAP,Netral,Gorengan Sepi (< 5M),Sepi (< 50%),Sideways,Solid (Jarang Dibanting),Normal,Sideways / Stagnan,TP: 51 | CL: 49,Normal,Di Area Support,Oversold (Jenuh Jual - Peluang),Netral / Sepi Berita,Supply Kering (Siap Pump) 🏜️,Golden Rebound Fibo Bottom / 100% 🎯,0,WAIT & SEE,TIDAK ADA,2026-08-21 16:40:01,Biasa / Mengikuti Pasar
16:40,VKTR,Token Mati (Perlu Update),Big Cap (Lapis 1),Overvalued (Mahal),0.0,38.201588,915.0,819,695,960,-1.6129032258064515,57162600,Normal,62,Negatif,Uptrend,Bullish,Strong Bullish,Perfect Uptrend (5>20>50),Normal,Akumulasi (Naik),Normal,Dominan Jual (Guyur),Normal,Tinggi,Doji (Ragu-ragu),Rawan Pucuk (High Risk),> 1 Miliar,Di Atas VWAP (Kuat),Distribusi Pro (Guyuran),Sultan (> 50M/hari),Normal (50-150%),Mark-Up (Fase Pesta),Spesialis Tiang Jemuran (Banting Pucuk),Normal,Turun 1 Hari Beruntun,TP: 1020 | CL: 844,Normal,Tidak Ideal (< 1:1),Overbought (Jenuh Beli - Rawan),Sentimen Positif 📰,Normal / Sedang Transisi,Mengambang (Jauh dari Fibo),6,WAIT & SEE,TIDAK ADA,2026-08-21 16:40:01,Biasa / Mengikuti Pasar
16:40,RELF,Token Mati (Perlu Update),Small Cap (Lapis 3),Fair Value (Wajar),0.0,0.7902015,35.0,35,33,38,0.0,2455800,Tembus MA20,50,Negatif,Downtrend,Bearish,Strong Bearish,Konsolidasi / Transisi,Normal,Akumulasi (Naik),Normal,Dominan Beli (Hajar Kanan),Squeeze,Rendah,Doji (Ragu-ragu),Area Tengah,< 1 Miliar,Di Atas VWAP (Kuat),Akumulasi Pro (Smart Money),Gorengan Sepi (< 5M),Normal (50-150%),Distribution (Fase Jualan),Normal,Jarum Bawah (Sinyal Pantulan Kuat),Sideways / Stagnan,TP: 37 | CL: 33,Normal,Ideal (1:2),Netral / Sideways,Netral / Sepi Berita,Normal / Sedang Transisi,Golden Rebound Fibo 61.8% (Golden Ratio) 🎯,3,WAIT & SEE,TIDAK ADA,2026-08-21 16:40:01,Biasa / Mengikuti Pasar
16:40,AMMN,Token Mati (Perlu Update),Big Cap (Lapis 1),Overvalued (Mahal),30.905838,59078.95,4480.0,4231,3810,4550,0.22371364653243847,37333200,Normal,62,Positif,Uptrend,Bullish,Bearish MACD,Perfect Uptrend (5>20>50),Normal,Akumulasi (Naik),Normal,Seimbang / Adu Mekanik,Normal,Tinggi,Normal,Rawan Pucuk (High Risk),> 1 Miliar,Di Atas VWAP (Kuat),Akumulasi Pro (Smart Money),Sultan (> 50M/hari),Normal (50-150%),Mark-Up (Fase Pesta),Spesialis Tiang Jemuran (Banting Pucuk),Jarum Bawah (Sinyal Pantulan Kuat),Naik 2 Hari Beruntun,TP: 4768 | CL: 4287,Normal,Tidak Ideal (< 1:1),Netral / Sideways,Sentimen Positif 📰,Normal / Sedang Transisi,Mengambang (Jauh dari Fibo),6,WAIT & SEE,TIDAK ADA,2026-08-21 16:40:01,Biasa / Mengikuti Pasar
16:40,CRSN,Token Mati (Perlu Update),Small Cap (Lapis 3),Fair Value (Wajar),0.0,1.5782866,126.0,114,100,136,2.4390243902439024,1079500,Normal,70,Positif,Uptrend,Bullish,Strong Bullish,Perfect Uptrend (5>20>50),Normal,Akumulasi (Naik),Normal,Dominan Jual (Guyur),Normal,Tinggi,Normal,Rawan Pucuk (High Risk),< 1 Miliar,Di Atas VWAP (Kuat),Distribusi Pro (Guyuran),Gorengan Sepi (< 5M),Sepi (< 50%),Mark-Up (Fase Pesta),Spesialis Tiang Jemuran (Banting Pucuk),Normal,Naik 2 Hari Beruntun,TP: 140 | CL: 116,Open = Low (Bullish Kuat),Tidak Ideal (< 1:1),Netral / Sideways,Sentimen Positif 📰,Normal / Sedang Transisi,Dekat Support Fibo 23.6%,7,BELI,TIDAK ADA,2026-08-21 16:40:01,Biasa / Mengikuti Pasar
16:40,GRPM,Token Mati (Perlu Update),Small Cap (Lapis 3),Overvalued (Mahal),0.0,3.437731,172.0,215,160,264,-2.824858757062147,1859700,Normal,29,Negatif,Downtrend,Bearish,Strong Bearish,Strong Downtrend (5<20<50),Normal,Distribusi (Turun),Normal,Dominan Jual (Guyur),Bottom Rebound,Tinggi,Normal,Area Tengah,< 1 Miliar,Di Bawah VWAP (Lemah),Distribusi Pro (Guyuran),Gorengan Sepi (< 5M),Sepi (< 50%),Mark-Down (Fase Runtuh),Solid (Jarang Dibanting),Normal,Turun 1 Hari Beruntun,TP: 203 | CL: 150,Normal,Sangat Menarik (> 1:3),Oversold (Jenuh Jual - Peluang),Sentimen Positif 📰,Normal / Sedang Transisi,Mengambang (Jauh dari Fibo),1,WAIT & SEE,TIDAK ADA,2026-08-21 16:40:01,Biasa / Mengikuti Pasar
16:40,WIDI,Token Mati (Perlu Update),Small Cap (Lapis 3),Fair Value (Wajar),0.0,1.018478,27.0,25,24,29,3.8461538461538463,25023200,Tembus MA20,58,Positif,Uptrend,Bearish,Bullish MACD,Strong Downtrend (5<20<50),Normal,Akumulasi (Naik),Gap Up (+3.8%),Seimbang / Adu Mekanik,Normal,Sedang,Doji (Ragu-ragu),Rawan Pucuk (High Risk),< 1 Miliar,Di Atas VWAP (Kuat),Akumulasi Pro (Smart Money),Gorengan Sepi (< 5M),Ledakan Ekstrem (> 300%),Accumulation (Kumpul Barang),Normal,Jarum Bawah (Sinyal Pantulan Kuat),Naik 2 Hari Beruntun,TP: 29 | CL: 25,Normal,Tidak Ideal (< 1:1),Netral / Sideways,Netral / Sepi Berita,Normal / Sedang Transisi,Mendekati Fibo 38.2%,7,BELI,TIDAK ADA,2026-08-21 16:40:01,Biasa / Mengikuti Pasar
16:40,TGUK,Token Mati (Perlu Update),Small Cap (Lapis 3),Overvalued (Mahal),0.0,3.5081155,75.0,111,73,137,-7.4074074074074066,4888300,Normal,17,Negatif,Downtrend,Bearish,Strong Bearish,Strong Downtrend (5<20<50),Normal,Akumulasi (Naik),Gap Down (-2.5%),Dominan Jual (Guyur),Normal,Tinggi,Normal,Dekat Support (Low Risk),< 1 Miliar,Di Bawah VWAP (Lemah),Akumulasi Pro (Smart Money),Gorengan Sepi (< 5M),Sepi (< 50%),Mark-Down (Fase Runtuh),Normal,Normal,Turun 3 Hari Beruntun,TP: 87 | CL: 66,Open = High (Tekanan Jual),Sangat Menarik (> 1:3),Oversold (Jenuh Jual - Peluang),Sentimen Positif 📰,Normal / Sedang Transisi,Mendekati Fibo Bottom / 100%,2,WAIT & SEE,TIDAK ADA,2026-08-21 16:40:01,🔥 ANOMALI BANDAR (Siap Ledakan)
16:40,INET,Token Mati (Perlu Update),Mid Cap (Lapis 2),Overvalued (Mahal),138.98306,2.0176296,328.0,242,206,338,4.45859872611465,950537000,Tembus MA20,78,Positif,Uptrend,Bullish,Strong Bullish,Perfect Uptrend (5>20>50),Akumulasi Kuat,Akumulasi (Naik),Normal,Seimbang / Adu Mekanik,Breakout Upper,Tinggi,Normal,Rawan Pucuk (High Risk),> 1 Miliar,Di Atas VWAP (Kuat),Akumulasi Pro (Smart Money),Sultan (> 50M/hari),Anomali Tinggi (150-300%),Mark-Up (Fase Pesta),Normal,Normal,Naik 2 Hari Beruntun,TP: 361 | CL: 306,Normal,Tidak Ideal (< 1:1),Overbought (Jenuh Beli - Rawan),Sentimen Positif 📰,Normal / Sedang Transisi,Mengambang (Jauh dari Fibo),9,BELI,TIDAK ADA,2026-08-21 16:40:01,🔥 ANOMALI BANDAR (Siap Ledakan)
16:40,MAHA,Token Mati (Perlu Update),Mid Cap (Lapis 2),Undervalued (Murah),6.4900665,1.3140017,148.0,145,137,155,-0.6711409395973155,2600200,Normal,61,Negatif,Uptrend,Bullish,Strong Bullish,Perfect Uptrend (5>20>50),Normal,Akumulasi (Naik),Normal,Seimbang / Adu Mekanik,Squeeze,Rendah,Normal,Area Tengah,< 1 Miliar,Persis di VWAP,Distribusi Pro (Guyuran),Gorengan Sepi (< 5M),Normal (50-150%),Mark-Up (Fase Pesta),Spesialis Tiang Jemuran (Banting Pucuk),Normal,Turun 1 Hari Beruntun,TP: 153 | CL: 144,Normal,Tidak Ideal (< 1:1),Netral / Sideways,Netral / Sepi Berita,Normal / Sedang Transisi,Dekat Support Fibo 23.6%,5,WAIT & SEE,TIDAK ADA,2026-08-21 16:40:01,Biasa / Mengikuti Pasar
16:40,RMKO,Token Mati (Perlu Update),Small Cap (Lapis 3),Fair Value (Wajar),0.0,2.7712212,292.0,289,272,336,0.6896551724137931,3394300,Normal,48,Positif,Uptrend,Bearish,Bullish MACD,Strong Downtrend (5<20<50),Normal,Akumulasi (Naik),Normal,Seimbang / Adu Mekanik,Normal,Sedang,Normal,Area Tengah,< 1 Miliar,Persis di VWAP,Distribusi Pro (Guyuran),Gorengan Sepi (< 5M),Normal (50-150%),Accumulation (Kumpul Barang),Normal,Normal,Naik 1 Hari Beruntun,TP: 315 | CL: 276,Open = High (Tekanan Jual),Ideal (1:2),Golden Cross (Awal Bullish),Sentimen Negatif ⚠️,Supply Banjir (Distribusi) 🌊,Mengambang (Jauh dari Fibo),4,WAIT & SEE,TIDAK ADA,2026-08-21 16:40:01,Biasa / Mengikuti Pasar
16:40,CNMA,Token Mati (Perlu Update),Mid Cap (Lapis 2),Fair Value (Wajar),13.191489,2.0721464,93.0,93,89,103,2.197802197802198,16896600,Normal,50,Positif,Downtrend,Death Cross,Bearish MACD,Konsolidasi / Transisi,Normal,Distribusi (Turun),Normal,Seimbang / Adu Mekanik,Normal,Sedang,Normal,Area Tengah,> 1 Miliar,Persis di VWAP,Distribusi Pro (Guyuran),Gorengan Sepi (< 5M),Sepi (< 50%),Distribution (Fase Jualan),Spesialis Tiang Jemuran (Banting Pucuk),Normal,Naik 1 Hari Beruntun,TP: 99 | CL: 88,Normal,Ideal (1:2),Oversold (Jenuh Jual - Peluang),Sentimen Positif 📰,Normal / Sedang Transisi,Golden Rebound Fibo 50.0% 🎯,2,WAIT & SEE,TIDAK ADA,2026-08-21 16:40:01,Biasa / Mengikuti Pasar
16:40,FOLK,Token Mati (Perlu Update),Small Cap (Lapis 3),Overvalued (Mahal),0.0,5.6254134,186.0,201,160,228,-3.125,27750100,Tembus MA20,42,Negatif,Downtrend,Bearish,Strong Bearish,Strong Downtrend (5<20<50),Distribusi Kuat,Distribusi (Turun),Normal,Seimbang / Adu Mekanik,Normal,Tinggi,Normal,Rawan Pucuk (High Risk),> 1 Miliar,Di Bawah VWAP (Lemah),Distribusi Pro (Guyuran),Gorengan Sepi (< 5M),Anomali Tinggi (150-300%),Mark-Down (Fase Runtuh),Normal,Normal,Turun 1 Hari Beruntun,TP: 213 | CL: 168,Normal,Ideal (1:2),Golden Cross (Awal Bullish),Sentimen Positif 📰,Supply Banjir (Distribusi) 🌊,Dekat Support Fibo 50.0%,2,WAIT & SEE,TIDAK ADA,2026-08-21 16:40:01,Biasa / Mengikuti Pasar
16:40,HBAT,Token Mati (Perlu Update),Small Cap (Lapis 3),Fair Value (Wajar),0.0,2.7583416,218.0,224,204,264,0.0,433000,Normal,32,Negatif,Downtrend,Bearish,Bullish MACD,Strong Downtrend (5<20<50),Normal,Distribusi (Turun),Normal,Seimbang / Adu Mekanik,Normal,Tinggi,Doji (Ragu-ragu),Area Tengah,< 1 Miliar,Persis di VWAP,Akumulasi Pro (Smart Money),Gorengan Sepi (< 5M),Anomali Tinggi (150-300%),Mark-Down (Fase Runtuh),Normal,Normal,Sideways / Stagnan,TP: 233 | CL: 208,Normal,Sangat Menarik (> 1:3),Netral / Sideways,Sentimen Positif 📰,Normal / Sedang Transisi,Mengambang (Jauh dari Fibo),2,WAIT & SEE,TIDAK ADA,2026-08-21 16:40:01,Biasa / Mengikuti Pasar
16:40,GRIA,Token Mati (Perlu Update),Mid Cap (Lapis 2),Overvalued (Mahal),187.09677,3.2198966,175.0,138,112,191,19.047619047619047,50184100,Tembus MA20,77,Positif,Uptrend,Bullish,Strong Bullish,Perfect Uptrend (5>20>50),Akumulasi Kuat,Akumulasi (Naik),Normal,Dominan Beli (Hajar Kanan),Breakout Upper,Tinggi,Marubozu (Strong Bullish),Rawan Pucuk (High Risk),> 1 Miliar,Di Atas VWAP (Kuat),Akumulasi Pro (Smart Money),Gorengan Sepi (< 5M),Ledakan Ekstrem (> 300%),Mark-Up (Fase Pesta),Spesialis Tiang Jemuran (Banting Pucuk),Normal,Naik 1 Hari Beruntun,TP: 196 | CL: 160,Open = Low (Bullish Kuat),Tidak Ideal (< 1:1),Netral / Sideways,Sentimen Positif 📰,Normal / Sedang Transisi,Mendekati Fibo 38.2%,10,BELI,TIDAK ADA,2026-08-21 16:40:01,⚠️ Anomali (Sudah Terbang)
16:40,PPRI,Token Mati (Perlu Update),Small Cap (Lapis 3),Fair Value (Wajar),0.0,1.6220511,149.0,146,140,161,3.4722222222222223,9184500,Tembus MA20,55,Positif,Uptrend,Bearish,Strong Bearish,Konsolidasi / Transisi,Akumulasi Kuat,Akumulasi (Naik),Normal,Seimbang / Adu Mekanik,Squeeze,Rendah,Normal,Area Tengah,> 1 Miliar,Di Atas VWAP (Kuat),Akumulasi Pro (Smart Money),Gorengan Sepi (< 5M),Ledakan Ekstrem (> 300%),Mark-Up (Fase Pesta),Spesialis Tiang Jemuran (Banting Pucuk),Normal,Naik 1 Hari Beruntun,TP: 158 | CL: 142,Normal,Menengah (1:1),Netral / Sideways,Sentimen Positif 📰,Normal / Sedang Transisi,Dekat Support Fibo 38.2%,7,BELI,TIDAK ADA,2026-08-21 16:40:01,Biasa / Mengikuti Pasar
16:40,ERAL,Token Mati (Perlu Update),Mid Cap (Lapis 2),Undervalued (Murah),9.286798,0.8766351,306.0,302,276,320,-1.2903225806451613,5039800,Tembus MA20,56,Negatif,Uptrend,Bearish,Bearish MACD,Konsolidasi / Transisi,Normal,Distribusi (Turun),Normal,Seimbang / Adu Mekanik,Normal,Sedang,Normal,Rawan Pucuk (High Risk),> 1 Miliar,Di Atas VWAP (Kuat),Distribusi Pro (Guyuran),Gorengan Sepi (< 5M),Normal (50-150%),Mark-Up (Fase Pesta),Normal,Normal,Turun 1 Hari Beruntun,TP: 322 | CL: 295,Normal,Tidak Ideal (< 1:1),Golden Cross (Awal Bullish),Sentimen Positif 📰,Normal / Sedang Transisi,Mendekati Fibo 23.6%,4,WAIT & SEE,TIDAK ADA,2026-08-21 16:40:01,Biasa / Mengikuti Pasar
16:40,CYBR,Token Mati (Perlu Update),Mid Cap (Lapis 2),Overvalued (Mahal),616.6667,29.32009,550.0,562,535,605,-1.7857142857142856,27220100,Tembus MA20,39,Negatif,Downtrend,Bearish,Strong Bearish,Strong Downtrend (5<20<50),Normal,Distribusi (Turun),Normal,Dominan Jual (Guyur),Normal,Sedang,Normal,Dekat Support (Low Risk),> 1 Miliar,Di Bawah VWAP (Lemah),Distribusi Pro (Guyuran),Ritel Aktif (5M - 50M),Normal (50-150%),Mark-Down (Fase Runtuh),Normal,Normal,Turun 1 Hari Beruntun,TP: 585 | CL: 526,Open = High (Tekanan Jual),Sangat Menarik (> 1:3),Netral / Sideways,Netral / Sepi Berita,Normal / Sedang Transisi,Mendekati Fibo 78.6%,1,WAIT & SEE,TIDAK ADA,2026-08-21 16:40:01,Biasa / Mengikuti Pasar
16:40,MUTU,Token Mati (Perlu Update),Small Cap (Lapis 3),Fair Value (Wajar),0.0,1.5333503,120.0,111,104,120,3.4482758620689653,4627900,Tembus MA20,67,Positif,Uptrend,Bullish,Strong Bullish,Perfect Uptrend (5>20>50),Normal,Akumulasi (Naik),Normal,Dominan Beli (Hajar Kanan),Breakout Upper,Sedang,Marubozu (Strong Bullish),Rawan Pucuk (High Risk),< 1 Miliar,Di Atas VWAP (Kuat),Akumulasi Pro (Smart Money),Gorengan Sepi (< 5M),Normal (50-150%),Mark-Up (Fase Pesta),Normal,Normal,Naik 2 Hari Beruntun,TP: 126 | CL: 115,Open = Low (Bullish Kuat),Tidak Ideal (< 1:1),Overbought (Jenuh Beli - Rawan),Sentimen Positif 📰,Normal / Sedang Transisi,Mendekati Fibo 23.6%,9,BELI,TIDAK ADA,2026-08-21 16:40:01,Biasa / Mengikuti Pasar
16:40,LMAX,Token Mati (Perlu Update),Small Cap (Lapis 3),Fair Value (Wajar),0.0,1.4083613,111.0,113,108,121,-3.4782608695652173,319400,Normal,50,Negatif,Downtrend,Bearish,Bearish MACD,Konsolidasi / Transisi,Normal,Akumulasi (Naik),Normal,Dominan Jual (Guyur),Normal,Sedang,Normal,Dekat Support (Low Risk),< 1 Miliar,Di Bawah VWAP (Lemah),Akumulasi Pro (Smart Money),Gorengan Sepi (< 5M),Normal (50-150%),Distribution (Fase Jualan),Normal,Normal,Turun 1 Hari Beruntun,TP: 120 | CL: 104,Normal,Sangat Menarik (> 1:3),Netral / Sideways,Netral / Sepi Berita,Normal / Sedang Transisi,Mengambang (Jauh dari Fibo),1,WAIT & SEE,TIDAK ADA,2026-08-21 16:40:01,Biasa / Mengikuti Pasar
16:40,HUMI,Token Mati (Perlu Update),Mid Cap (Lapis 2),Overvalued (Mahal),284.90567,18875.0,150.0,143,124,161,-1.3157894736842104,38454200,Normal,59,Negatif,Uptrend,Bullish,Strong Bullish,Perfect Uptrend (5>20>50),Normal,Akumulasi (Naik),Normal,Dominan Jual (Guyur),Normal,Tinggi,Normal,Rawan Pucuk (High Risk),> 1 Miliar,Persis di VWAP,Akumulasi Pro (Smart Money),Ritel Aktif (5M - 50M),Normal (50-150%),Mark-Up (Fase Pesta),Normal,Normal,Turun 2 Hari Beruntun,TP: 163 | CL: 141,Normal,Tidak Ideal (< 1:1),Death Cross (Awal Bearish),Sentimen Negatif ⚠️,Normal / Sedang Transisi,Mengambang (Jauh dari Fibo),5,WAIT & SEE,TIDAK ADA,2026-08-21 16:40:01,Biasa / Mengikuti Pasar
16:40,MSIE,Token Mati (Perlu Update),Small Cap (Lapis 3),Fair Value (Wajar),0.0,1.2085991,94.0,94,76,106,-3.0927835051546393,8369500,Normal,50,Negatif,Downtrend,Bullish,Strong Bullish,Perfect Uptrend (5>20>50),Normal,Distribusi (Turun),Normal,Seimbang / Adu Mekanik,Normal,Tinggi,Normal,Rawan Pucuk (High Risk),< 1 Miliar,Di Bawah VWAP (Lemah),Distribusi Pro (Guyuran),Gorengan Sepi (< 5M),Anomali Tinggi (150-300%),Distribution (Fase Jualan),Normal,Normal,Turun 1 Hari Beruntun,TP: 102 | CL: 88,Open = High (Tekanan Jual),Tidak Ideal (< 1:1),Netral / Sideways,Sentimen Negatif ⚠️,Normal / Sedang Transisi,Mengambang (Jauh dari Fibo),2,WAIT & SEE,TIDAK ADA,2026-08-21 16:40:01,Biasa / Mengikuti Pasar
16:40,RSCH,Token Mati (Perlu Update),Small Cap (Lapis 3),Overvalued (Mahal),0.0,7.1697197,326.0,311,266,342,-0.6097560975609756,24885700,Tembus MA20,61,Negatif,Uptrend,Bullish,Strong Bullish,Perfect Uptrend (5>20>50),Normal,Akumulasi (Naik),Normal,Seimbang / Adu Mekanik,Normal,Tinggi,Normal,Rawan Pucuk (High Risk),> 1 Miliar,Di Atas VWAP (Kuat),Akumulasi Pro (Smart Money),Ritel Aktif (5M - 50M),Normal (50-150%),Mark-Up (Fase Pesta),Normal,Normal,Turun 1 Hari Beruntun,TP: 348 | CL: 310,Open = High (Tekanan Jual),Tidak Ideal (< 1:1),Netral / Sideways,Netral / Sepi Berita,Normal / Sedang Transisi,Mendekati Fibo 50.0%,6,WAIT & SEE,TIDAK ADA,2026-08-21 16:40:01,Biasa / Mengikuti Pasar
16:40,BABY,Token Mati (Perlu Update),Small Cap (Lapis 3),Fair Value (Wajar),0.0,1.0229065,218.0,202,181,284,-3.5398230088495577,3855600,Normal,56,Negatif,Uptrend,Bullish,Strong Bullish,Perfect Uptrend (5>20>50),Normal,Distribusi (Turun),Normal,Dominan Jual (Guyur),Normal,Tinggi,Normal,Rawan Pucuk (High Risk),< 1 Miliar,Di Bawah VWAP (Lemah),Distribusi Pro (Guyuran),Gorengan Sepi (< 5M),Sepi (< 50%),Mark-Up (Fase Pesta),Spesialis Tiang Jemuran (Banting Pucuk),Normal,Turun 1 Hari Beruntun,TP: 251 | CL: 195,Normal,Ideal (1:2),Netral / Sideways,Sentimen Positif 📰,Normal / Sedang Transisi,Dekat Support Fibo 38.2%,5,WAIT & SEE,TIDAK ADA,2026-08-21 16:40:01,Biasa / Mengikuti Pasar
16:40,AEGS,Token Mati (Perlu Update),Small Cap (Lapis 3),Fair Value (Wajar),0.0,0.60908407,42.0,42,39,47,-2.3255813953488373,44825200,Tembus MA20,51,Negatif,Downtrend,Bearish,Bearish MACD,Konsolidasi / Transisi,Distribusi Kuat,Distribusi (Turun),Normal,Seimbang / Adu Mekanik,Normal,Sedang,Normal,Area Tengah,> 1 Miliar,Di Bawah VWAP (Lemah),Distribusi Pro (Guyuran),Gorengan Sepi (< 5M),Ledakan Ekstrem (> 300%),Distribution (Fase Jualan),Normal,Normal,Turun 1 Hari Beruntun,TP: 45 | CL: 39,Normal,Ideal (1:2),Netral / Sideways,Netral / Sepi Berita,Supply Banjir (Distribusi) 🌊,Mendekati Fibo 61.8% (Golden Ratio),2,WAIT & SEE,TIDAK ADA,2026-08-21 16:40:01,Biasa / Mengikuti Pasar
16:40,IOTF,Token Mati (Perlu Update),Small Cap (Lapis 3),Fair Value (Wajar),0.0,2.1929085,66.0,59,51,79,3.125,41121900,Normal,61,Positif,Uptrend,Bullish,Strong Bullish,Perfect Uptrend (5>20>50),Normal,Distribusi (Turun),Normal,Seimbang / Adu Mekanik,Normal,Tinggi,Normal,Rawan Pucuk (High Risk),> 1 Miliar,Di Bawah VWAP (Lemah),Distribusi Pro (Guyuran),Ritel Aktif (5M - 50M),Sepi (< 50%),Mark-Up (Fase Pesta),Normal,Normal,Naik 1 Hari Beruntun,TP: 75 | CL: 59,Normal,Tidak Ideal (< 1:1),Netral / Sideways,Sentimen Positif 📰,Normal / Sedang Transisi,Dekat Support Fibo 50.0%,6,WAIT & SEE,TIDAK ADA,2026-08-21 16:40:01,Biasa / Mengikuti Pasar
16:40,KOCI,Token Mati (Perlu Update),Small Cap (Lapis 3),Overvalued (Mahal),0.0,3.6159232,109.0,105,95,134,0.0,9767600,Normal,57,Negatif,Uptrend,Bullish,Bearish MACD,Perfect Uptrend (5>20>50),Normal,Akumulasi (Naik),Normal,Seimbang / Adu Mekanik,Normal,Tinggi,Doji (Ragu-ragu),Rawan Pucuk (High Risk),> 1 Miliar,Persis di VWAP,Distribusi Pro (Guyuran),Gorengan Sepi (< 5M),Normal (50-150%),Mark-Up (Fase Pesta),Normal,Jarum Bawah (Sinyal Pantulan Kuat),Sideways / Stagnan,TP: 118 | CL: 102,Normal,Ideal (1:2),Netral / Sideways,Sentimen Positif 📰,Normal / Sedang Transisi,Mengambang (Jauh dari Fibo),5,WAIT & SEE,TIDAK ADA,2026-08-21 16:40:01,Biasa / Mengikuti Pasar
16:40,PTPS,Token Mati (Perlu Update),Small Cap (Lapis 3),Fair Value (Wajar),0.0,1.8556104,160.0,149,130,164,0.628930817610063,1739300,Normal,70,Positif,Uptrend,Bullish,Strong Bullish,Perfect Uptrend (5>20>50),Normal,Akumulasi (Naik),Normal,Seimbang / Adu Mekanik,Normal,Tinggi,Normal,Rawan Pucuk (High Risk),< 1 Miliar,Di Atas VWAP (Kuat),Akumulasi Pro (Smart Money),Gorengan Sepi (< 5M),Normal (50-150%),Mark-Up (Fase Pesta),Normal,Normal,Naik 2 Hari Beruntun,TP: 167 | CL: 154,Normal,Tidak Ideal (< 1:1),Netral / Sideways,Sentimen Positif 📰,Normal / Sedang Transisi,Mengambang (Jauh dari Fibo),7,BELI,TIDAK ADA,2026-08-21 16:40:01,Biasa / Mengikuti Pasar
16:40,BREN,Token Mati (Perlu Update),Big Cap (Lapis 1),Overvalued (Mahal),167.14975,692000.0,3460.0,3431,3210,3940,0.2898550724637681,37416400,Normal,50,Positif,Uptrend,Bullish,Strong Bullish,Awal Reversal (5>20),Normal,Distribusi (Turun),Normal,Dominan Jual (Guyur),Normal,Tinggi,Normal,Area Tengah,> 1 Miliar,Di Bawah VWAP (Lemah),Distribusi Pro (Guyuran),Sultan (> 50M/hari),Normal (50-150%),Accumulation (Kumpul Barang),Normal,Normal,Naik 1 Hari Beruntun,TP: 3728 | CL: 3280,Normal,Ideal (1:2),Golden Cross (Awal Bullish),Netral / Sepi Berita,Normal / Sedang Transisi,Dekat Support Fibo 50.0%,4,WAIT & SEE,TIDAK ADA,2026-08-21 16:40:01,Biasa / Mengikuti Pasar
16:40,STRK,Token Mati (Perlu Update),Small Cap (Lapis 3),Overvalued (Mahal),0.0,6.419469,67.0,62,57,77,6.349206349206349,239520500,Tembus MA20,57,Positif,Uptrend,Bearish,Bullish MACD,Strong Downtrend (5<20<50),Akumulasi Kuat,Akumulasi (Naik),Normal,Dominan Jual (Guyur),Normal,Tinggi,Normal,Rawan Pucuk (High Risk),> 1 Miliar,Persis di VWAP,Distribusi Pro (Guyuran),Gorengan Sepi (< 5M),Ledakan Ekstrem (> 300%),Accumulation (Kumpul Barang),Normal,Normal,Naik 2 Hari Beruntun,TP: 73 | CL: 62,Normal,Menengah (1:1),Netral / Sideways,Sentimen Negatif ⚠️,Normal / Sedang Transisi,Mengambang (Jauh dari Fibo),7,BELI,TIDAK ADA,2026-08-21 16:40:01,⚠️ Anomali (Sudah Terbang)
16:40,KOKA,Token Mati (Perlu Update),Small Cap (Lapis 3),Overvalued (Mahal),0.0,3.6386278,187.0,192,172,228,-3.1088082901554404,12233900,Normal,52,Negatif,Downtrend,Bearish,Bearish MACD,Konsolidasi / Transisi,Normal,Akumulasi (Naik),Normal,Dominan Jual (Guyur),Normal,Tinggi,Normal,Area Tengah,> 1 Miliar,Persis di VWAP,Distribusi Pro (Guyuran),Gorengan Sepi (< 5M),Sepi (< 50%),Distribution (Fase Jualan),Spesialis Tiang Jemuran (Banting Pucuk),Normal,Turun 1 Hari Beruntun,TP: 210 | CL: 171,Normal,Ideal (1:2),Golden Cross (Awal Bullish),Sentimen Positif 📰,Normal / Sedang Transisi,Mendekati Fibo 50.0%,3,WAIT & SEE,TIDAK ADA,2026-08-21 16:40:01,Biasa / Mengikuti Pasar
16:40,LOPI,Token Mati (Perlu Update),Small Cap (Lapis 3),Fair Value (Wajar),0.0,1.4770252,82.0,71,59,92,-1.2048192771084338,2866100,Normal,65,Negatif,Uptrend,Bullish,Strong Bullish,Perfect Uptrend (5>20>50),Normal,Akumulasi (Naik),Normal,Dominan Jual (Guyur),Normal,Tinggi,Normal,Rawan Pucuk (High Risk),< 1 Miliar,Di Atas VWAP (Kuat),Distribusi Pro (Guyuran),Gorengan Sepi (< 5M),Sepi (< 50%),Mark-Up (Fase Pesta),Spesialis Tiang Jemuran (Banting Pucuk),Normal,Turun 1 Hari Beruntun,TP: 93 | CL: 74,Normal,Tidak Ideal (< 1:1),Netral / Sideways,Sentimen Positif 📰,Normal / Sedang Transisi,Mengambang (Jauh dari Fibo),6,WAIT & SEE,TIDAK ADA,2026-08-21 16:40:01,Biasa / Mengikuti Pasar
16:40,RGAS,Token Mati (Perlu Update),Small Cap (Lapis 3),Fair Value (Wajar),0.0,2.8382473,206.0,220,178,256,7.853403141361256,178919600,Tembus MA20,48,Positif,Downtrend,Bearish,Strong Bearish,Konsolidasi / Transisi,Akumulasi Kuat,Akumulasi (Naik),Gap Up (+5.8%),Seimbang / Adu Mekanik,Normal,Tinggi,Normal,Rawan Pucuk (High Risk),> 1 Miliar,Di Atas VWAP (Kuat),Akumulasi Pro (Smart Money),Ritel Aktif (5M - 50M),Ledakan Ekstrem (> 300%),Distribution (Fase Jualan),Normal,Normal,Naik 2 Hari Beruntun,TP: 215 | CL: 199,Normal,Ideal (1:2),Golden Cross (Awal Bullish),Sentimen Positif 📰,Normal / Sedang Transisi,Mengambang (Jauh dari Fibo),6,WAIT & SEE,TIDAK ADA,2026-08-21 16:40:01,⚠️ Anomali (Sudah Terbang)
16:40,MSTI,Token Mati (Perlu Update),Mid Cap (Lapis 2),Fair Value (Wajar),7.513508,1.9319602,1335.0,1322,1255,1365,-0.3731343283582089,736000,Normal,56,Negatif,Uptrend,Bullish,Bearish MACD,Perfect Uptrend (5>20>50),Normal,Akumulasi (Naik),Normal,Seimbang / Adu Mekanik,Squeeze,Rendah,Normal,Area Tengah,< 1 Miliar,Persis di VWAP,Distribusi Pro (Guyuran),Gorengan Sepi (< 5M),Normal (50-150%),Mark-Up (Fase Pesta),Normal,Normal,Turun 1 Hari Beruntun,TP: 1369 | CL: 1311,Open = High (Tekanan Jual),Tidak Ideal (< 1:1),Golden Cross (Awal Bullish),Sentimen Positif 📰,Normal / Sedang Transisi,Dekat Support Fibo 23.6%,5,WAIT & SEE,TIDAK ADA,2026-08-21 16:40:01,Biasa / Mengikuti Pasar
16:40,IKPM,Token Mati (Perlu Update),Small Cap (Lapis 3),Fair Value (Wajar),0.0,1.505074,198.0,192,174,220,-6.60377358490566,322300,Normal,54,Negatif,Uptrend,Bullish,Strong Bullish,Perfect Uptrend (5>20>50),Normal,Distribusi (Turun),Normal,Dominan Jual (Guyur),Normal,Tinggi,Normal,Rawan Pucuk (High Risk),< 1 Miliar,Persis di VWAP,Akumulasi Pro (Smart Money),Gorengan Sepi (< 5M),Normal (50-150%),Mark-Up (Fase Pesta),Spesialis Tiang Jemuran (Banting Pucuk),Normal,Turun 1 Hari Beruntun,TP: 215 | CL: 186,Open = High (Tekanan Jual),Tidak Ideal (< 1:1),Death Cross (Awal Bearish),Sentimen Negatif ⚠️,Normal / Sedang Transisi,Dekat Support Fibo 50.0%,4,WAIT & SEE,TIDAK ADA,2026-08-21 16:40:01,Biasa / Mengikuti Pasar
16:40,AYAM,Token Mati (Perlu Update),Mid Cap (Lapis 2),Overvalued (Mahal),1210.0,9.154877,484.0,444,382,500,-2.4193548387096775,11112800,Normal,72,Negatif,Uptrend,Bullish,Strong Bullish,Perfect Uptrend (5>20>50),Normal,Akumulasi (Naik),Normal,Dominan Jual (Guyur),Normal,Tinggi,Normal,Rawan Pucuk (High Risk),> 1 Miliar,Di Atas VWAP (Kuat),Akumulasi Pro (Smart Money),Ritel Aktif (5M - 50M),Normal (50-150%),Mark-Up (Fase Pesta),Normal,Normal,Turun 1 Hari Beruntun,TP: 511 | CL: 465,Normal,Tidak Ideal (< 1:1),Death Cross (Awal Bearish),Sentimen Positif 📰,Normal / Sedang Transisi,Mengambang (Jauh dari Fibo),6,WAIT & SEE,TIDAK ADA,2026-08-21 16:40:01,Biasa / Mengikuti Pasar
16:40,SURI,Token Mati (Perlu Update),Small Cap (Lapis 3),Overvalued (Mahal),533.3333,1.4727812,80.0,73,67,88,1.2658227848101267,6150900,Normal,78,Positif,Uptrend,Bullish,Strong Bullish,Perfect Uptrend (5>20>50),Normal,Akumulasi (Naik),Normal,Seimbang / Adu Mekanik,Normal,Tinggi,Doji (Ragu-ragu),Rawan Pucuk (High Risk),< 1 Miliar,Persis di VWAP,Distribusi Pro (Guyuran),Gorengan Sepi (< 5M),Sepi (< 50%),Mark-Up (Fase Pesta),Spesialis Tiang Jemuran (Banting Pucuk),Normal,Naik 1 Hari Beruntun,TP: 86 | CL: 75,Normal,Tidak Ideal (< 1:1),Netral / Sideways,Netral / Sepi Berita,Normal / Sedang Transisi,Dekat Support Fibo 23.6%,6,WAIT & SEE,TIDAK ADA,2026-08-21 16:40:01,Biasa / Mengikuti Pasar
16:40,ASLI,Token Mati (Perlu Update),Mid Cap (Lapis 2),Overvalued (Mahal),0.0,4.0166745,242.0,207,185,282,-3.968253968253968,42854500,Tembus MA20,61,Negatif,Uptrend,Bullish,Strong Bullish,Awal Reversal (5>20),Normal,Akumulasi (Naik),Normal,Dominan Jual (Guyur),Normal,Tinggi,Normal,Rawan Pucuk (High Risk),> 1 Miliar,Di Bawah VWAP (Lemah),Akumulasi Pro (Smart Money),Ritel Aktif (5M - 50M),Normal (50-150%),Accumulation (Kumpul Barang),Spesialis Tiang Jemuran (Banting Pucuk),Normal,Turun 1 Hari Beruntun,TP: 271 | CL: 222,Normal,Tidak Ideal (< 1:1),Death Cross (Awal Bearish),Sentimen Positif 📰,Supply Banjir (Distribusi) 🌊,Mengambang (Jauh dari Fibo),7,BELI,TIDAK ADA,2026-08-21 16:40:01,Biasa / Mengikuti Pasar
16:40,GRPH,Token Mati (Perlu Update),Small Cap (Lapis 3),Fair Value (Wajar),0.0,0.9903755,80.0,63,58,83,9.58904109589041,57188900,Tembus MA20,75,Positif,Uptrend,Bullish,Strong Bullish,Perfect Uptrend (5>20>50),Akumulasi Kuat,Akumulasi (Naik),Normal,Dominan Beli (Hajar Kanan),Breakout Upper,Tinggi,Normal,Rawan Pucuk (High Risk),> 1 Miliar,Di Atas VWAP (Kuat),Akumulasi Pro (Smart Money),Ritel Aktif (5M - 50M),Anomali Tinggi (150-300%),Mark-Up (Fase Pesta),Spesialis Tiang Jemuran (Banting Pucuk),Normal,Naik 2 Hari Beruntun,TP: 87 | CL: 74,Normal,Tidak Ideal (< 1:1),Netral / Sideways,Sentimen Positif 📰,Normal / Sedang Transisi,Mengambang (Jauh dari Fibo),10,BELI,TIDAK ADA,2026-08-21 16:40:01,⚠️ Anomali (Sudah Terbang)
16:40,SMGA,Token Mati (Perlu Update),Small Cap (Lapis 3),Fair Value (Wajar),0.0,1.6583748,81.0,73,65,89,0.0,11958700,Normal,66,Negatif,Uptrend,Bullish,Strong Bullish,Perfect Uptrend (5>20>50),Normal,Akumulasi (Naik),Gap Up (+2.5%),Dominan Jual (Guyur),Normal,Tinggi,Normal,Rawan Pucuk (High Risk),< 1 Miliar,Persis di VWAP,Akumulasi Pro (Smart Money),Gorengan Sepi (< 5M),Sepi (< 50%),Mark-Up (Fase Pesta),Solid (Jarang Dibanting),Normal,Sideways / Stagnan,TP: 87 | CL: 76,Normal,Tidak Ideal (< 1:1),Death Cross (Awal Bearish),Netral / Sepi Berita,Normal / Sedang Transisi,Dekat Support Fibo 23.6%,6,WAIT & SEE,TIDAK ADA,2026-08-21 16:40:01,Biasa / Mengikuti Pasar
16:40,UNTD,Token Mati (Perlu Update),Small Cap (Lapis 3),Fair Value (Wajar),0.0,1.0056096,83.0,81,77,92,0.0,8351600,Normal,58,Negatif,Uptrend,Bullish,Bearish MACD,Perfect Uptrend (5>20>50),Normal,Akumulasi (Naik),Normal,Seimbang / Adu Mekanik,Normal,Sedang,Doji (Ragu-ragu),Area Tengah,< 1 Miliar,Di Bawah VWAP (Lemah),Distribusi Pro (Guyuran),Gorengan Sepi (< 5M),Sepi (< 50%),Mark-Up (Fase Pesta),Spesialis Tiang Jemuran (Banting Pucuk),Normal,Sideways / Stagnan,TP: 89 | CL: 78,Normal,Ideal (1:2),Netral / Sideways,Netral / Sepi Berita,Normal / Sedang Transisi,Dekat Support Fibo 23.6%,4,WAIT & SEE,TIDAK ADA,2026-08-21 16:40:01,Biasa / Mengikuti Pasar
16:40,TOSK,Token Mati (Perlu Update),Small Cap (Lapis 3),Fair Value (Wajar),0.0,2.0399609,73.0,69,65,76,0.0,5794200,Normal,73,Negatif,Uptrend,Bullish,Strong Bullish,Perfect Uptrend (5>20>50),Normal,Akumulasi (Naik),Normal,Seimbang / Adu Mekanik,Normal,Sedang,Doji (Ragu-ragu),Rawan Pucuk (High Risk),< 1 Miliar,Persis di VWAP,Distribusi Pro (Guyuran),Gorengan Sepi (< 5M),Sepi (< 50%),Mark-Up (Fase Pesta),Spesialis Tiang Jemuran (Banting Pucuk),Normal,Sideways / Stagnan,TP: 77 | CL: 70,Normal,Tidak Ideal (< 1:1),Death Cross (Awal Bearish),Sentimen Positif 📰,Normal / Sedang Transisi,Mendekati Fibo 23.6%,6,WAIT & SEE,TIDAK ADA,2026-08-21 16:40:01,Biasa / Mengikuti Pasar
16:40,MPIX,Token Mati (Perlu Update),Small Cap (Lapis 3),Fair Value (Wajar),0.0,0.9677548,97.0,96,87,105,0.0,3451900,Normal,55,Negatif,Uptrend,Bullish,Bearish MACD,Perfect Uptrend (5>20>50),Normal,Distribusi (Turun),Normal,Seimbang / Adu Mekanik,Normal,Sedang,Doji (Ragu-ragu),Rawan Pucuk (High Risk),< 1 Miliar,Persis di VWAP,Distribusi Pro (Guyuran),Gorengan Sepi (< 5M),Normal (50-150%),Mark-Up (Fase Pesta),Spesialis Tiang Jemuran (Banting Pucuk),Normal,Sideways / Stagnan,TP: 103 | CL: 92,Normal,Tidak Ideal (< 1:1),Netral / Sideways,Sentimen Positif 📰,Normal / Sedang Transisi,Dekat Support Fibo 23.6%,4,WAIT & SEE,TIDAK ADA,2026-08-21 16:40:01,Biasa / Mengikuti Pasar
16:40,ALII,Token Mati (Perlu Update),Big Cap (Lapis 1),Overvalued (Mahal),30.113846,6.054476,820.0,778,705,855,-0.6060606060606061,355700,Normal,61,Negatif,Uptrend,Bullish,Strong Bullish,Perfect Uptrend (5>20>50),Normal,Akumulasi (Naik),Normal,Seimbang / Adu Mekanik,Normal,Tinggi,Normal,Rawan Pucuk (High Risk),< 1 Miliar,Persis di VWAP,Akumulasi Pro (Smart Money),Gorengan Sepi (< 5M),Sepi (< 50%),Mark-Up (Fase Pesta),Normal,Jarum Bawah (Sinyal Pantulan Kuat),Turun 1 Hari Beruntun,TP: 878 | CL: 781,Normal,Tidak Ideal (< 1:1),Death Cross (Awal Bearish),Netral / Sepi Berita,Normal / Sedang Transisi,Golden Rebound Fibo 50.0% 🎯,5,WAIT & SEE,TIDAK ADA,2026-08-21 16:40:01,Biasa / Mengikuti Pasar
16:40,MKAP,Token Mati (Perlu Update),Mid Cap (Lapis 2),Overvalued (Mahal),129.87737,11.139265,1165.0,1166,1160,1170,0.0,4000,Normal,52,Negatif,Downtrend,Bearish,Bearish MACD,Konsolidasi / Transisi,Normal,Akumulasi (Naik),Normal,Dominan Jual (Guyur),Squeeze,Rendah,Normal,Dekat Support (Low Risk),< 1 Miliar,Persis di VWAP,Distribusi Pro (Guyuran),Gorengan Sepi (< 5M),Sepi (< 50%),Distribution (Fase Jualan),Normal,Normal,Sideways / Stagnan,TP: 1172 | CL: 1160,Open = High (Tekanan Jual),Menengah (1:1),Netral / Sideways,Netral / Sepi Berita,Supply Kering (Siap Pump) 🏜️,Golden Rebound Fibo 50.0% 🎯,2,WAIT & SEE,TIDAK ADA,2026-08-21 16:40:01,Biasa / Mengikuti Pasar
16:40,MEJA,Token Mati (Perlu Update),Small Cap (Lapis 3),Overvalued (Mahal),0.0,4.7495074,136.0,107,90,136,8.799999999999999,98695600,Tembus MA20,74,Positif,Uptrend,Bullish,Strong Bullish,Perfect Uptrend (5>20>50),Akumulasi Kuat,Akumulasi (Naik),Gap Up (+4.0%),Dominan Beli (Hajar Kanan),Breakout Upper,Tinggi,Normal,Rawan Pucuk (High Risk),> 1 Miliar,Di Atas VWAP (Kuat),Akumulasi Pro (Smart Money),Ritel Aktif (5M - 50M),Anomali Tinggi (150-300%),Mark-Up (Fase Pesta),Normal,Normal,Naik 1 Hari Beruntun,TP: 149 | CL: 127,Normal,Tidak Ideal (< 1:1),Overbought (Jenuh Beli - Rawan),Sentimen Positif 📰,Normal / Sedang Transisi,Mengambang (Jauh dari Fibo),11,BELI,TIDAK ADA,2026-08-21 16:40:01,⚠️ Anomali (Sudah Terbang)
16:40,LIVE,Token Mati (Perlu Update),Small Cap (Lapis 3),Fair Value (Wajar),0.0,2.6268263,192.0,206,190,248,-2.0408163265306123,15322400,Tembus MA20,36,Negatif,Downtrend,Bearish,Strong Bearish,Strong Downtrend (5<20<50),Distribusi Kuat,Distribusi (Turun),Normal,Dominan Jual (Guyur),Bottom Rebound,Sedang,Normal,Dekat Support (Low Risk),> 1 Miliar,Di Bawah VWAP (Lemah),Akumulasi Pro (Smart Money),Gorengan Sepi (< 5M),Anomali Tinggi (150-300%),Mark-Down (Fase Runtuh),Normal,Normal,Turun 4 Hari Beruntun,TP: 214 | CL: 177,Normal,Sangat Menarik (> 1:3),Oversold (Jenuh Jual - Peluang),Netral / Sepi Berita,Normal / Sedang Transisi,Mendekati Fibo Bottom / 100%,1,WAIT & SEE,TIDAK ADA,2026-08-21 16:40:01,Biasa / Mengikuti Pasar
16:40,HYGN,Token Mati (Perlu Update),Small Cap (Lapis 3),Fair Value (Wajar),0.0,2.588785,174.0,167,157,178,-0.5714285714285714,979600,Normal,69,Negatif,Uptrend,Bullish,Bearish MACD,Perfect Uptrend (5>20>50),Normal,Akumulasi (Naik),Normal,Dominan Jual (Guyur),Normal,Sedang,Normal,Rawan Pucuk (High Risk),< 1 Miliar,Di Atas VWAP (Kuat),Akumulasi Pro (Smart Money),Gorengan Sepi (< 5M),Normal (50-150%),Mark-Up (Fase Pesta),Spesialis Tiang Jemuran (Banting Pucuk),Normal,Turun 1 Hari Beruntun,TP: 181 | CL: 169,Normal,Tidak Ideal (< 1:1),Death Cross (Awal Bearish),Sentimen Positif 📰,Normal / Sedang Transisi,Mendekati Fibo 23.6%,5,WAIT & SEE,TIDAK ADA,2026-08-21 16:40:01,Biasa / Mengikuti Pasar
16:40,BAIK,Token Mati (Perlu Update),Small Cap (Lapis 3),Fair Value (Wajar),0.0,2.5076094,304.0,606,284,785,-3.79746835443038,53827400,Normal,16,Negatif,Downtrend,Bearish,Strong Bearish,Strong Downtrend (5<20<50),Normal,Akumulasi (Naik),Normal,Dominan Jual (Guyur),Normal,Tinggi,Normal,Area Tengah,> 1 Miliar,Di Bawah VWAP (Lemah),Distribusi Pro (Guyuran),Sultan (> 50M/hari),Sepi (< 50%),Mark-Down (Fase Runtuh),Normal,Normal,Turun 2 Hari Beruntun,TP: 393 | CL: 244,Normal,Sangat Menarik (> 1:3),Oversold (Jenuh Jual - Peluang),Sentimen Positif 📰,Supply Banjir (Distribusi) 🌊,Mengambang (Jauh dari Fibo),2,WAIT & SEE,TIDAK ADA,2026-08-21 16:40:01,🔥 ANOMALI BANDAR (Siap Ledakan)
16:40,VISI,Token Mati (Perlu Update),Mid Cap (Lapis 2),Overvalued (Mahal),0.0,15.587611,930.0,913,800,1020,2.7624309392265194,605900,Normal,51,Positif,Uptrend,Bullish,Bearish MACD,Awal Reversal (5>20),Normal,Akumulasi (Naik),Normal,Seimbang / Adu Mekanik,Normal,Tinggi,Normal,Rawan Pucuk (High Risk),< 1 Miliar,Persis di VWAP,Distribusi Pro (Guyuran),Gorengan Sepi (< 5M),Normal (50-150%),Accumulation (Kumpul Barang),Normal,Normal,Naik 2 Hari Beruntun,TP: 1017 | CL: 871,Normal,Tidak Ideal (< 1:1),Netral / Sideways,Sentimen Positif 📰,Normal / Sedang Transisi,Mendekati Fibo 61.8% (Golden Ratio),6,WAIT & SEE,TIDAK ADA,2026-08-21 16:40:01,Biasa / Mengikuti Pasar
16:40,AREA,Token Mati (Perlu Update),Small Cap (Lapis 3),Fair Value (Wajar),0.0,2.95338,286.0,278,246,338,5.147058823529411,5459700,Tembus MA20,58,Positif,Uptrend,Bearish,Bearish MACD,Konsolidasi / Transisi,Akumulasi Kuat,Akumulasi (Naik),Normal,Dominan Jual (Guyur),Normal,Sedang,Normal,Rawan Pucuk (High Risk),> 1 Miliar,Di Bawah VWAP (Lemah),Distribusi Pro (Guyuran),Gorengan Sepi (< 5M),Ledakan Ekstrem (> 300%),Mark-Up (Fase Pesta),Spesialis Tiang Jemuran (Banting Pucuk),Normal,Naik 1 Hari Beruntun,TP: 317 | CL: 265,Normal,Menengah (1:1),Golden Cross (Awal Bullish),Netral / Sepi Berita,Normal / Sedang Transisi,Dekat Support Fibo 38.2%,6,WAIT & SEE,TIDAK ADA,2026-08-21 16:40:01,Biasa / Mengikuti Pasar
16:40,MHKI,Token Mati (Perlu Update),Small Cap (Lapis 3),Fair Value (Wajar),21.299093,1.0847405,140.0,135,123,148,3.7037037037037033,14157800,Tembus MA20,59,Positif,Uptrend,Bearish,Bearish MACD,Konsolidasi / Transisi,Akumulasi Kuat,Akumulasi (Naik),Normal,Seimbang / Adu Mekanik,Normal,Sedang,Normal,Rawan Pucuk (High Risk),> 1 Miliar,Di Atas VWAP (Kuat),Akumulasi Pro (Smart Money),Gorengan Sepi (< 5M),Ledakan Ekstrem (> 300%),Mark-Up (Fase Pesta),Normal,Normal,Naik 2 Hari Beruntun,TP: 149 | CL: 134,Normal,Tidak Ideal (< 1:1),Netral / Sideways,Sentimen Positif 📰,Normal / Sedang Transisi,Dekat Support Fibo 23.6%,7,BELI,TIDAK ADA,2026-08-21 16:40:01,Biasa / Mengikuti Pasar
16:40,ATLA,Token Mati (Perlu Update),Small Cap (Lapis 3),Overvalued (Mahal),166.66666,1.8630301,50.0,50,50,52,0.0,453400,Normal,48,Negatif,Downtrend,Bearish,Strong Bearish,Konsolidasi / Transisi,Normal,Netral,Normal,Tidak Ada Transaksi,Squeeze,Rendah,Doji (Ragu-ragu),Dekat Support (Low Risk),< 1 Miliar,Persis di VWAP,Netral,Gorengan Sepi (< 5M),Sepi (< 50%),Sideways,Spesialis Tiang Jemuran (Banting Pucuk),Normal,Sideways / Stagnan,TP: 50 | CL: 49,Normal,Di Area Support,Oversold (Jenuh Jual - Peluang),Sentimen Positif 📰,Supply Kering (Siap Pump) 🏜️,Golden Rebound Fibo Bottom / 100% 🎯,1,WAIT & SEE,TIDAK ADA,2026-08-21 16:40:01,Biasa / Mengikuti Pasar
16:40,DATA,Token Mati (Perlu Update),Mid Cap (Lapis 2),Overvalued (Mahal),20.810694,6.35421,1915.0,1954,1800,2090,-0.5194805194805194,1068300,Normal,45,Negatif,Downtrend,Bearish,Strong Bearish,Strong Downtrend (5<20<50),Normal,Akumulasi (Naik),Normal,Seimbang / Adu Mekanik,Normal,Sedang,Normal,Area Tengah,> 1 Miliar,Persis di VWAP,Akumulasi Pro (Smart Money),Gorengan Sepi (< 5M),Normal (50-150%),Mark-Down (Fase Runtuh),Normal,Normal,Turun 3 Hari Beruntun,TP: 2006 | CL: 1854,Normal,Ideal (1:2),Golden Cross (Awal Bullish),Sentimen Positif 📰,Normal / Sedang Transisi,Mendekati Fibo 50.0%,2,WAIT & SEE,TIDAK ADA,2026-08-21 16:40:01,Biasa / Mengikuti Pasar
16:40,SOLA,Token Mati (Perlu Update),Small Cap (Lapis 3),Fair Value (Wajar),0.0,1.5918332,93.0,95,87,110,0.0,9054000,Normal,44,Negatif,Downtrend,Bearish,Bullish MACD,Strong Downtrend (5<20<50),Normal,Akumulasi (Naik),Normal,Seimbang / Adu Mekanik,Normal,Tinggi,Normal,Area Tengah,< 1 Miliar,Persis di VWAP,Distribusi Pro (Guyuran),Gorengan Sepi (< 5M),Normal (50-150%),Mark-Down (Fase Runtuh),Normal,Normal,Sideways / Stagnan,TP: 101 | CL: 87,Open = High (Tekanan Jual),Ideal (1:2),Golden Cross (Awal Bullish),Sentimen Positif 📰,Normal / Sedang Transisi,Dekat Support Fibo 61.8% (Golden Ratio),3,WAIT & SEE,TIDAK ADA,2026-08-21 16:40:01,Biasa / Mengikuti Pasar
16:40,BATR,Token Mati (Perlu Update),Small Cap (Lapis 3),Fair Value (Wajar),0.0,1.7924458,97.0,93,86,103,-1.0204081632653061,827300,Normal,61,Negatif,Uptrend,Bullish,Strong Bullish,Perfect Uptrend (5>20>50),Normal,Akumulasi (Naik),Normal,Seimbang / Adu Mekanik,Normal,Sedang,Normal,Rawan Pucuk (High Risk),< 1 Miliar,Di Bawah VWAP (Lemah),Distribusi Pro (Guyuran),Gorengan Sepi (< 5M),Sepi (< 50%),Mark-Up (Fase Pesta),Spesialis Tiang Jemuran (Banting Pucuk),Normal,Turun 1 Hari Beruntun,TP: 103 | CL: 92,Normal,Tidak Ideal (< 1:1),Death Cross (Awal Bearish),Sentimen Positif 📰,Normal / Sedang Transisi,Dekat Support Fibo 23.6%,6,WAIT & SEE,TIDAK ADA,2026-08-21 16:40:01,Biasa / Mengikuti Pasar
16:40,SPRE,Token Mati (Perlu Update),Small Cap (Lapis 3),Fair Value (Wajar),0.0,1.4421228,90.0,89,77,99,-1.098901098901099,572400,Normal,55,Negatif,Uptrend,Bullish,Bearish MACD,Perfect Uptrend (5>20>50),Normal,Akumulasi (Naik),Normal,Seimbang / Adu Mekanik,Normal,Sedang,Normal,Rawan Pucuk (High Risk),< 1 Miliar,Persis di VWAP,Akumulasi Pro (Smart Money),Gorengan Sepi (< 5M),Normal (50-150%),Mark-Up (Fase Pesta),Normal,Normal,Turun 1 Hari Beruntun,TP: 100 | CL: 83,Normal,Tidak Ideal (< 1:1),Death Cross (Awal Bearish),Sentimen Positif 📰,Supply Kering (Siap Pump) 🏜️,Golden Rebound Fibo 23.6% 🎯,5,WAIT & SEE,TIDAK ADA,2026-08-21 16:40:01,Biasa / Mengikuti Pasar
16:40,PART,Token Mati (Perlu Update),Small Cap (Lapis 3),Fair Value (Wajar),0.0,1.406914,98.0,100,95,109,2.083333333333333,3072400,Tembus MA20,45,Positif,Downtrend,Bearish,Strong Bearish,Strong Downtrend (5<20<50),Normal,Distribusi (Turun),Normal,Seimbang / Adu Mekanik,Normal,Sedang,Normal,Area Tengah,< 1 Miliar,Persis di VWAP,Distribusi Pro (Guyuran),Gorengan Sepi (< 5M),Normal (50-150%),Mark-Down (Fase Runtuh),Spesialis Tiang Jemuran (Banting Pucuk),Normal,Naik 1 Hari Beruntun,TP: 103 | CL: 94,Normal,Sangat Menarik (> 1:3),Golden Cross (Awal Bullish),Sentimen Positif 📰,Normal / Sedang Transisi,Dekat Support Fibo 38.2%,3,WAIT & SEE,TIDAK ADA,2026-08-21 16:40:01,Biasa / Mengikuti Pasar
16:40,GOLF,Token Mati (Perlu Update),Mid Cap (Lapis 2),Overvalued (Mahal),59.48905,0.3960367,164.0,161,154,177,1.2345679012345678,3983900,Normal,51,Positif,Uptrend,Bearish,Strong Bearish,Strong Downtrend (5<20<50),Normal,Akumulasi (Naik),Normal,Seimbang / Adu Mekanik,Normal,Sedang,Normal,Area Tengah,< 1 Miliar,Persis di VWAP,Distribusi Pro (Guyuran),Gorengan Sepi (< 5M),Normal (50-150%),Accumulation (Kumpul Barang),Spesialis Tiang Jemuran (Banting Pucuk),Normal,Naik 3 Hari Beruntun,TP: 176 | CL: 155,Normal,Menengah (1:1),Golden Cross (Awal Bullish),Netral / Sepi Berita,Normal / Sedang Transisi,Mendekati Fibo 38.2%,4,WAIT & SEE,TIDAK ADA,2026-08-21 16:40:01,Biasa / Mengikuti Pasar
16:40,ISEA,Token Mati (Perlu Update),Small Cap (Lapis 3),Fair Value (Wajar),0.0,0.6082458,82.0,81,76,96,-1.2048192771084338,4009400,Normal,54,Negatif,Uptrend,Bullish,Bearish MACD,Perfect Uptrend (5>20>50),Normal,Akumulasi (Naik),Normal,Seimbang / Adu Mekanik,Normal,Sedang,Normal,Area Tengah,< 1 Miliar,Di Bawah VWAP (Lemah),Distribusi Pro (Guyuran),Gorengan Sepi (< 5M),Sepi (< 50%),Mark-Up (Fase Pesta),Spesialis Tiang Jemuran (Banting Pucuk),Normal,Turun 1 Hari Beruntun,TP: 90 | CL: 76,Normal,Ideal (1:2),Netral / Sideways,Sentimen Positif 📰,Normal / Sedang Transisi,Mendekati Fibo 38.2%,5,WAIT & SEE,TIDAK ADA,2026-08-21 16:40:01,Biasa / Mengikuti Pasar
16:40,BLES,Token Mati (Perlu Update),Mid Cap (Lapis 2),Fair Value (Wajar),8.456323,1.5070839,210.0,198,160,230,0.0,8012800,Normal,65,Negatif,Uptrend,Bullish,Bearish MACD,Perfect Uptrend (5>20>50),Normal,Akumulasi (Naik),Normal,Seimbang / Adu Mekanik,Normal,Tinggi,Doji (Ragu-ragu),Rawan Pucuk (High Risk),> 1 Miliar,Persis di VWAP,Akumulasi Pro (Smart Money),Gorengan Sepi (< 5M),Normal (50-150%),Mark-Up (Fase Pesta),Spesialis Tiang Jemuran (Banting Pucuk),Normal,Sideways / Stagnan,TP: 229 | CL: 197,Normal,Tidak Ideal (< 1:1),Death Cross (Awal Bearish),Sentimen Positif 📰,Normal / Sedang Transisi,Mendekati Fibo 23.6%,5,WAIT & SEE,TIDAK ADA,2026-08-21 16:40:01,Biasa / Mengikuti Pasar
16:40,GUNA,Token Mati (Perlu Update),Small Cap (Lapis 3),Fair Value (Wajar),0.0,0.8953213,214.0,204,192,236,-0.9259259259259258,396000,Tembus MA20,65,Negatif,Uptrend,Bullish,Strong Bullish,Perfect Uptrend (5>20>50),Normal,Akumulasi (Naik),Normal,Dominan Jual (Guyur),Normal,Sedang,Normal,Rawan Pucuk (High Risk),< 1 Miliar,Persis di VWAP,Distribusi Pro (Guyuran),Gorengan Sepi (< 5M),Normal (50-150%),Mark-Up (Fase Pesta),Normal,Normal,Turun 1 Hari Beruntun,TP: 228 | CL: 204,Normal,Menengah (1:1),Netral / Sideways,Sentimen Positif 📰,Normal / Sedang Transisi,Dekat Support Fibo 23.6%,7,BELI,TIDAK ADA,2026-08-21 16:40:01,Biasa / Mengikuti Pasar
16:40,LABS,Token Mati (Perlu Update),Small Cap (Lapis 3),Overvalued (Mahal),0.0,4.3355513,171.0,159,144,204,-1.7241379310344827,1026800,Normal,67,Negatif,Uptrend,Bullish,Strong Bullish,Perfect Uptrend (5>20>50),Normal,Akumulasi (Naik),Normal,Dominan Jual (Guyur),Normal,Tinggi,Normal,Rawan Pucuk (High Risk),< 1 Miliar,Di Bawah VWAP (Lemah),Distribusi Pro (Guyuran),Gorengan Sepi (< 5M),Sepi (< 50%),Mark-Up (Fase Pesta),Normal,Normal,Turun 3 Hari Beruntun,TP: 180 | CL: 164,Open = High (Tekanan Jual),Menengah (1:1),Netral / Sideways,Sentimen Negatif ⚠️,Normal / Sedang Transisi,Dekat Support Fibo 50.0%,5,WAIT & SEE,TIDAK ADA,2026-08-21 16:40:01,Biasa / Mengikuti Pasar
16:40,DOSS,Token Mati (Perlu Update),Small Cap (Lapis 3),Fair Value (Wajar),0.0,1.3410995,169.0,162,133,191,0.5952380952380952,6900300,Normal,63,Positif,Uptrend,Bullish,Bearish MACD,Perfect Uptrend (5>20>50),Normal,Akumulasi (Naik),Normal,Dominan Jual (Guyur),Normal,Tinggi,Doji (Ragu-ragu),Rawan Pucuk (High Risk),> 1 Miliar,Persis di VWAP,Distribusi Pro (Guyuran),Gorengan Sepi (< 5M),Normal (50-150%),Mark-Up (Fase Pesta),Spesialis Tiang Jemuran (Banting Pucuk),Normal,Naik 2 Hari Beruntun,TP: 186 | CL: 157,Normal,Tidak Ideal (< 1:1),Netral / Sideways,Sentimen Positif 📰,Normal / Sedang Transisi,Mendekati Fibo 38.2%,6,WAIT & SEE,TIDAK ADA,2026-08-21 16:40:01,Biasa / Mengikuti Pasar
16:40,NEST,Token Mati (Perlu Update),Small Cap (Lapis 3),Overvalued (Mahal),116.357506,7.465109,690.0,690,595,775,0.0,1626300,Normal,56,Negatif,Downtrend,Death Cross,Bearish MACD,Konsolidasi / Transisi,Normal,Akumulasi (Naik),Normal,Dominan Beli (Hajar Kanan),Normal,Tinggi,Normal,Rawan Pucuk (High Risk),> 1 Miliar,Persis di VWAP,Akumulasi Pro (Smart Money),Gorengan Sepi (< 5M),Normal (50-150%),Distribution (Fase Jualan),Solid (Jarang Dibanting),Normal,Sideways / Stagnan,TP: 726 | CL: 665,Normal,Tidak Ideal (< 1:1),Netral / Sideways,Sentimen Positif 📰,Normal / Sedang Transisi,Mendekati Fibo 38.2%,4,WAIT & SEE,TIDAK ADA,2026-08-21 16:40:01,Biasa / Mengikuti Pasar
16:40,PTMR,Token Mati (Perlu Update),Small Cap (Lapis 3),Overvalued (Mahal),0.0,9.058322,374.0,374,374,374,0.0,0,Normal,0,Negatif,Downtrend,Bearish,Bearish MACD,Konsolidasi / Transisi,Normal,Netral,Normal,Tidak Ada Transaksi,Squeeze,Rendah,Doji (Ragu-ragu),Dekat Support (Low Risk),< 1 Miliar,Di Atas VWAP (Kuat),Netral,Gorengan Sepi (< 5M),Normal (50-150%),Sideways,Solid (Jarang Dibanting),Normal,Sideways / Stagnan,TP: 375 | CL: 373,Normal,Di Area Support,Oversold (Jenuh Jual - Peluang),Netral / Sepi Berita,Normal / Sedang Transisi,Normal / Sideways,0,WAIT & SEE,TIDAK ADA,2026-08-21 16:40:01,Biasa / Mengikuti Pasar
16:40,VERN,Token Mati (Perlu Update),Mid Cap (Lapis 2),Fair Value (Wajar),0.0,2.1781983,238.0,210,193,246,4.385964912280701,23953300,Tembus MA20,71,Positif,Uptrend,Bullish,Strong Bullish,Perfect Uptrend (5>20>50),Akumulasi Kuat,Akumulasi (Naik),Normal,Dominan Beli (Hajar Kanan),Normal,Tinggi,Marubozu (Strong Bullish),Rawan Pucuk (High Risk),> 1 Miliar,Di Atas VWAP (Kuat),Akumulasi Pro (Smart Money),Gorengan Sepi (< 5M),Anomali Tinggi (150-300%),Mark-Up (Fase Pesta),Normal,Normal,Naik 1 Hari Beruntun,TP: 256 | CL: 225,Normal,Tidak Ideal (< 1:1),Netral / Sideways,Sentimen Positif 📰,Normal / Sedang Transisi,Mengambang (Jauh dari Fibo),10,BELI,TIDAK ADA,2026-08-21 16:40:01,Biasa / Mengikuti Pasar
16:40,DAAZ,Token Mati (Perlu Update),Mid Cap (Lapis 2),Fair Value (Wajar),12.8813305,2.099511,1760.0,1631,1485,1940,0.5714285714285714,267600,Normal,61,Positif,Uptrend,Bullish,Strong Bullish,Perfect Uptrend (5>20>50),Normal,Akumulasi (Naik),Normal,Dominan Beli (Hajar Kanan),Normal,Tinggi,Normal,Rawan Pucuk (High Risk),< 1 Miliar,Persis di VWAP,Distribusi Pro (Guyuran),Gorengan Sepi (< 5M),Sepi (< 50%),Mark-Up (Fase Pesta),Spesialis Tiang Jemuran (Banting Pucuk),Normal,Naik 2 Hari Beruntun,TP: 1938 | CL: 1641,Normal,Tidak Ideal (< 1:1),Netral / Sideways,Sentimen Positif 📰,Normal / Sedang Transisi,Mendekati Fibo 50.0%,8,BELI,TIDAK ADA,2026-08-21 16:40:01,Biasa / Mengikuti Pasar
16:40,BOAT,Token Mati (Perlu Update),Small Cap (Lapis 3),Overvalued (Mahal),0.0,20142.857,142.0,135,119,157,0.7092198581560284,1917900,Normal,67,Positif,Uptrend,Bullish,Bearish MACD,Perfect Uptrend (5>20>50),Normal,Akumulasi (Naik),Normal,Dominan Beli (Hajar Kanan),Normal,Tinggi,Normal,Rawan Pucuk (High Risk),< 1 Miliar,Persis di VWAP,Distribusi Pro (Guyuran),Gorengan Sepi (< 5M),Sepi (< 50%),Mark-Up (Fase Pesta),Spesialis Tiang Jemuran (Banting Pucuk),Normal,Naik 1 Hari Beruntun,TP: 151 | CL: 135,Normal,Tidak Ideal (< 1:1),Netral / Sideways,Sentimen Positif 📰,Normal / Sedang Transisi,Dekat Support Fibo 23.6%,7,BELI,TIDAK ADA,2026-08-21 16:40:01,Biasa / Mengikuti Pasar
16:40,NAIK,Token Mati (Perlu Update),Small Cap (Lapis 3),Undervalued (Murah),10.111111,1.4214085,91.0,87,85,93,3.4090909090909087,8850500,Tembus MA20,62,Positif,Uptrend,Bullish,Strong Bullish,Perfect Uptrend (5>20>50),Akumulasi Kuat,Distribusi (Turun),Normal,Seimbang / Adu Mekanik,Squeeze,Rendah,Normal,Area Tengah,< 1 Miliar,Di Atas VWAP (Kuat),Akumulasi Pro (Smart Money),Gorengan Sepi (< 5M),Anomali Tinggi (150-300%),Mark-Up (Fase Pesta),Normal,Normal,Naik 1 Hari Beruntun,TP: 95 | CL: 87,Normal,Tidak Ideal (< 1:1),Netral / Sideways,Netral / Sepi Berita,Normal / Sedang Transisi,Dekat Support Fibo 23.6%,7,BELI,TIDAK ADA,2026-08-21 16:40:01,Biasa / Mengikuti Pasar
16:40,AADI,Token Mati (Perlu Update),Big Cap (Lapis 1),Overvalued (Mahal),6.074755,22141.256,9875.0,9247,8750,10000,-0.25252525252525254,5506600,Normal,70,Negatif,Uptrend,Bullish,Strong Bullish,Perfect Uptrend (5>20>50),Normal,Akumulasi (Naik),Normal,Dominan Beli (Hajar Kanan),Normal,Sedang,Hammer (Potensi Reversal),Rawan Pucuk (High Risk),> 1 Miliar,Di Atas VWAP (Kuat),Akumulasi Pro (Smart Money),Sultan (> 50M/hari),Normal (50-150%),Mark-Up (Fase Pesta),Normal,Jarum Bawah (Sinyal Pantulan Kuat),Turun 1 Hari Beruntun,TP: 10284 | CL: 9601,Open = High (Tekanan Jual),Tidak Ideal (< 1:1),Overbought (Jenuh Beli - Rawan),Netral / Sepi Berita,Normal / Sedang Transisi,Mengambang (Jauh dari Fibo),6,WAIT & SEE,TIDAK ADA,2026-08-21 16:40:01,Biasa / Mengikuti Pasar
16:40,MDIY,Token Mati (Perlu Update),Big Cap (Lapis 1),Overvalued (Mahal),19.961977,5.518474,940.0,930,895,970,-0.5291005291005291,254200,Normal,54,Negatif,Uptrend,Bullish,Bearish MACD,Perfect Uptrend (5>20>50),Normal,Distribusi (Turun),Normal,Dominan Jual (Guyur),Squeeze,Rendah,Normal,Area Tengah,< 1 Miliar,Di Bawah VWAP (Lemah),Akumulasi Pro (Smart Money),Gorengan Sepi (< 5M),Normal (50-150%),Mark-Up (Fase Pesta),Spesialis Tiang Jemuran (Banting Pucuk),Normal,Turun 2 Hari Beruntun,TP: 966 | CL: 922,Normal,Tidak Ideal (< 1:1),Death Cross (Awal Bearish),Sentimen Positif 📰,Normal / Sedang Transisi,Dekat Support Fibo 38.2%,4,WAIT & SEE,TIDAK ADA,2026-08-21 16:40:01,Biasa / Mengikuti Pasar
16:40,KSIX,Token Mati (Perlu Update),Small Cap (Lapis 3),Fair Value (Wajar),0.0,0.7164479,420.0,359,270,500,0.9615384615384616,389800,Normal,76,Positif,Uptrend,Bullish,Strong Bullish,Perfect Uptrend (5>20>50),Normal,Akumulasi (Naik),Normal,Dominan Beli (Hajar Kanan),Normal,Tinggi,Normal,Rawan Pucuk (High Risk),< 1 Miliar,Di Bawah VWAP (Lemah),Distribusi Pro (Guyuran),Gorengan Sepi (< 5M),Sepi (< 50%),Mark-Up (Fase Pesta),Spesialis Tiang Jemuran (Banting Pucuk),Normal,Naik 1 Hari Beruntun,TP: 479 | CL: 380,Normal,Tidak Ideal (< 1:1),Netral / Sideways,Sentimen Positif 📰,Normal / Sedang Transisi,Mendekati Fibo 38.2%,8,BELI,TIDAK ADA,2026-08-21 16:40:01,Biasa / Mengikuti Pasar
16:40,RATU,Token Mati (Perlu Update),Big Cap (Lapis 1),Overvalued (Mahal),29.938082,209523.81,4410.0,4830,4110,5250,3.5211267605633805,14246400,Tembus MA20,40,Positif,Downtrend,Bearish,Strong Bearish,Strong Downtrend (5<20<50),Normal,Distribusi (Turun),Normal,Seimbang / Adu Mekanik,Normal,Tinggi,Normal,Area Tengah,> 1 Miliar,Persis di VWAP,Distribusi Pro (Guyuran),Ritel Aktif (5M - 50M),Anomali Tinggi (150-300%),Mark-Down (Fase Runtuh),Spesialis Tiang Jemuran (Banting Pucuk),Normal,Naik 2 Hari Beruntun,TP: 4723 | CL: 4200,Open = Low (Bullish Kuat),Ideal (1:2),Golden Cross (Awal Bullish),Sentimen Positif 📰,Normal / Sedang Transisi,Mengambang (Jauh dari Fibo),3,WAIT & SEE,TIDAK ADA,2026-08-21 16:40:01,Biasa / Mengikuti Pasar
16:40,YOII,Token Mati (Perlu Update),Small Cap (Lapis 3),Fair Value (Wajar),0.0,1.312664,84.0,83,80,87,0.0,3474200,Normal,49,Negatif,Uptrend,Bullish,Bullish MACD,Awal Reversal (5>20),Normal,Akumulasi (Naik),Normal,Dominan Beli (Hajar Kanan),Squeeze,Rendah,Doji (Ragu-ragu),Area Tengah,< 1 Miliar,Persis di VWAP,Akumulasi Pro (Smart Money),Gorengan Sepi (< 5M),Normal (50-150%),Accumulation (Kumpul Barang),Normal,Jarum Bawah (Sinyal Pantulan Kuat),Sideways / Stagnan,TP: 88 | CL: 80,Normal,Tidak Ideal (< 1:1),Netral / Sideways,Netral / Sepi Berita,Normal / Sedang Transisi,Mendekati Fibo 50.0%,5,WAIT & SEE,TIDAK ADA,2026-08-21 16:40:01,Biasa / Mengikuti Pasar
16:40,HGII,Token Mati (Perlu Update),Small Cap (Lapis 3),Fair Value (Wajar),0.0,1.0575187,123.0,122,118,143,-0.8064516129032258,875600,Normal,51,Negatif,Uptrend,Bullish,Strong Bullish,Awal Reversal (5>20),Normal,Akumulasi (Naik),Normal,Dominan Jual (Guyur),Normal,Sedang,Doji (Ragu-ragu),Area Tengah,< 1 Miliar,Di Bawah VWAP (Lemah),Distribusi Pro (Guyuran),Gorengan Sepi (< 5M),Sepi (< 50%),Accumulation (Kumpul Barang),Spesialis Tiang Jemuran (Banting Pucuk),Normal,Turun 1 Hari Beruntun,TP: 132 | CL: 116,Normal,Sangat Menarik (> 1:3),Netral / Sideways,Sentimen Positif 📰,Normal / Sedang Transisi,Dekat Support Fibo 61.8% (Golden Ratio),6,WAIT & SEE,TIDAK ADA,2026-08-21 16:40:01,Biasa / Mengikuti Pasar
16:40,BRRC,Token Mati (Perlu Update),Small Cap (Lapis 3),Fair Value (Wajar),0.0,0.9408759,82.0,62,54,101,-2.380952380952381,615393900,Tembus MA20,76,Negatif,Uptrend,Bullish,Strong Bullish,Perfect Uptrend (5>20>50),Distribusi Kuat,Akumulasi (Naik),Normal,Dominan Jual (Guyur),Breakout Upper,Tinggi,Doji (Ragu-ragu),Rawan Pucuk (High Risk),> 1 Miliar,Di Atas VWAP (Kuat),Distribusi Pro (Guyuran),Ritel Aktif (5M - 50M),Ledakan Ekstrem (> 300%),Mark-Up (Fase Pesta),Normal,Normal,Turun 1 Hari Beruntun,TP: 92 | CL: 74,Normal,Tidak Ideal (< 1:1),Death Cross (Awal Bearish),Netral / Sepi Berita,Supply Banjir (Distribusi) 🌊,Dekat Support Fibo 38.2%,6,WAIT & SEE,TIDAK ADA,2026-08-21 16:40:01,🔥 ANOMALI BANDAR (Siap Ledakan)
16:40,DGWG,Token Mati (Perlu Update),Mid Cap (Lapis 2),Fair Value (Wajar),7.3446326,1.7808313,336.0,306,272,336,1.2048192771084338,11945100,Normal,72,Positif,Uptrend,Bullish,Strong Bullish,Perfect Uptrend (5>20>50),Normal,Akumulasi (Naik),Normal,Dominan Beli (Hajar Kanan),Normal,Tinggi,Normal,Rawan Pucuk (High Risk),> 1 Miliar,Di Atas VWAP (Kuat),Akumulasi Pro (Smart Money),Gorengan Sepi (< 5M),Normal (50-150%),Mark-Up (Fase Pesta),Normal,Normal,Naik 2 Hari Beruntun,TP: 352 | CL: 325,Normal,Tidak Ideal (< 1:1),Overbought (Jenuh Beli - Rawan),Sentimen Positif 📰,Normal / Sedang Transisi,Mengambang (Jauh dari Fibo),8,BELI,TIDAK ADA,2026-08-21 16:40:01,Biasa / Mengikuti Pasar
16:40,CBDK,Token Mati (Perlu Update),Big Cap (Lapis 1),Fair Value (Wajar),8.772716,2.093562,3930.0,3727,3360,4100,0.0,2772700,Tembus MA20,62,Negatif,Uptrend,Bullish,Strong Bullish,Perfect Uptrend (5>20>50),Normal,Akumulasi (Naik),Normal,Seimbang / Adu Mekanik,Normal,Tinggi,Normal,Rawan Pucuk (High Risk),> 1 Miliar,Di Atas VWAP (Kuat),Akumulasi Pro (Smart Money),Ritel Aktif (5M - 50M),Normal (50-150%),Mark-Up (Fase Pesta),Normal,Normal,Sideways / Stagnan,TP: 4126 | CL: 3799,Normal,Tidak Ideal (< 1:1),Netral / Sideways,Sentimen Negatif ⚠️,Normal / Sedang Transisi,Dekat Support Fibo 23.6%,6,WAIT & SEE,TIDAK ADA,2026-08-21 16:40:01,Biasa / Mengikuti Pasar
16:40,OBAT,Token Mati (Perlu Update),Small Cap (Lapis 3),Fair Value (Wajar),0.0,1.1997184,242.0,243,232,260,0.0,157900,Normal,48,Negatif,Downtrend,Bearish,Strong Bearish,Konsolidasi / Transisi,Normal,Akumulasi (Naik),Normal,Seimbang / Adu Mekanik,Squeeze,Rendah,Normal,Area Tengah,< 1 Miliar,Persis di VWAP,Akumulasi Pro (Smart Money),Gorengan Sepi (< 5M),Normal (50-150%),Distribution (Fase Jualan),Normal,Normal,Sideways / Stagnan,TP: 253 | CL: 234,Normal,Ideal (1:2),Golden Cross (Awal Bullish),Sentimen Positif 📰,Normal / Sedang Transisi,Dekat Support Fibo 50.0%,2,WAIT & SEE,TIDAK ADA,2026-08-21 16:40:01,Biasa / Mengikuti Pasar
16:40,MINE,Token Mati (Perlu Update),Small Cap (Lapis 3),Undervalued (Murah),5.628518,1.0052819,240.0,229,210,258,-0.8264462809917356,968900,Normal,61,Negatif,Uptrend,Bullish,Strong Bullish,Perfect Uptrend (5>20>50),Normal,Akumulasi (Naik),Normal,Dominan Jual (Guyur),Normal,Sedang,Normal,Rawan Pucuk (High Risk),< 1 Miliar,Di Atas VWAP (Kuat),Akumulasi Pro (Smart Money),Gorengan Sepi (< 5M),Normal (50-150%),Mark-Up (Fase Pesta),Normal,Normal,Turun 1 Hari Beruntun,TP: 257 | CL: 228,Normal,Tidak Ideal (< 1:1),Death Cross (Awal Bearish),Sentimen Positif 📰,Normal / Sedang Transisi,Dekat Support Fibo 50.0%,6,WAIT & SEE,TIDAK ADA,2026-08-21 16:40:01,Biasa / Mengikuti Pasar
16:40,ASPR,Token Mati (Perlu Update),Small Cap (Lapis 3),Fair Value (Wajar),0.0,2.4174175,158.0,152,126,168,-1.25,75122800,Tembus MA20,52,Negatif,Uptrend,Bullish,Bullish MACD,Awal Reversal (5>20),Normal,Distribusi (Turun),Normal,Seimbang / Adu Mekanik,Normal,Sedang,Normal,Rawan Pucuk (High Risk),> 1 Miliar,Persis di VWAP,Distribusi Pro (Guyuran),Ritel Aktif (5M - 50M),Anomali Tinggi (150-300%),Accumulation (Kumpul Barang),Spesialis Tiang Jemuran (Banting Pucuk),Normal,Turun 1 Hari Beruntun,TP: 172 | CL: 148,Normal,Tidak Ideal (< 1:1),Death Cross (Awal Bearish),Netral / Sepi Berita,Normal / Sedang Transisi,Mengambang (Jauh dari Fibo),5,WAIT & SEE,TIDAK ADA,2026-08-21 16:40:01,Biasa / Mengikuti Pasar
16:40,PSAT,Token Mati (Perlu Update),Mid Cap (Lapis 2),Fair Value (Wajar),0.0,1.0267407,905.0,880,815,945,0.5555555555555556,74800,Normal,63,Positif,Uptrend,Bullish,Bearish MACD,Perfect Uptrend (5>20>50),Normal,Akumulasi (Naik),Normal,Dominan Beli (Hajar Kanan),Normal,Sedang,Hammer (Potensi Reversal),Rawan Pucuk (High Risk),< 1 Miliar,Di Atas VWAP (Kuat),Akumulasi Pro (Smart Money),Gorengan Sepi (< 5M),Normal (50-150%),Mark-Up (Fase Pesta),Normal,Jarum Bawah (Sinyal Pantulan Kuat),Naik 1 Hari Beruntun,TP: 955 | CL: 871,Normal,Tidak Ideal (< 1:1),Death Cross (Awal Bearish),Sentimen Positif 📰,Normal / Sedang Transisi,Mendekati Fibo 23.6%,7,BELI,TIDAK ADA,2026-08-21 16:40:01,Biasa / Mengikuti Pasar
16:40,COIN,Token Mati (Perlu Update),Big Cap (Lapis 1),Overvalued (Mahal),0.0,8.368853,855.0,707,620,1095,-2.840909090909091,344558500,Tembus MA20,64,Negatif,Uptrend,Bullish,Strong Bullish,Awal Reversal (5>20),Distribusi Kuat,Distribusi (Turun),Gap Up (+13.6%),Dominan Jual (Guyur),Breakout Upper,Tinggi,Normal,Rawan Pucuk (High Risk),> 1 Miliar,Di Bawah VWAP (Lemah),Distribusi Pro (Guyuran),Sultan (> 50M/hari),Ledakan Ekstrem (> 300%),Accumulation (Kumpul Barang),Normal,Normal,Turun 1 Hari Beruntun,TP: 956 | CL: 787,Normal,Menengah (1:1),Netral / Sideways,Sentimen Positif 📰,Supply Banjir (Distribusi) 🌊,Mendekati Fibo 50.0%,7,BELI,TIDAK ADA,2026-08-21 16:40:01,🔥 ANOMALI BANDAR (Siap Ledakan)
16:40,CDIA,Token Mati (Perlu Update),Big Cap (Lapis 1),Overvalued (Mahal),70.43651,88749.99,710.0,684,630,735,0.7092198581560284,54176200,Tembus MA20,56,Positif,Uptrend,Bullish,Strong Bullish,Perfect Uptrend (5>20>50),Normal,Akumulasi (Naik),Normal,Seimbang / Adu Mekanik,Normal,Sedang,Doji (Ragu-ragu),Rawan Pucuk (High Risk),> 1 Miliar,Persis di VWAP,Distribusi Pro (Guyuran),Ritel Aktif (5M - 50M),Normal (50-150%),Mark-Up (Fase Pesta),Spesialis Tiang Jemuran (Banting Pucuk),Normal,Naik 2 Hari Beruntun,TP: 752 | CL: 681,Normal,Tidak Ideal (< 1:1),Netral / Sideways,Netral / Sepi Berita,Normal / Sedang Transisi,Dekat Support Fibo 61.8% (Golden Ratio),7,BELI,TIDAK ADA,2026-08-21 16:40:01,Biasa / Mengikuti Pasar
16:40,BLOG,Token Mati (Perlu Update),Mid Cap (Lapis 2),Fair Value (Wajar),8.55543,2.0583339,382.0,371,340,394,0.5263157894736842,204600,Normal,59,Positif,Uptrend,Bullish,Bearish MACD,Perfect Uptrend (5>20>50),Normal,Akumulasi (Naik),Normal,Dominan Beli (Hajar Kanan),Normal,Sedang,Doji (Ragu-ragu),Rawan Pucuk (High Risk),< 1 Miliar,Persis di VWAP,Akumulasi Pro (Smart Money),Gorengan Sepi (< 5M),Normal (50-150%),Mark-Up (Fase Pesta),Normal,Jarum Bawah (Sinyal Pantulan Kuat),Naik 1 Hari Beruntun,TP: 396 | CL: 372,Normal,Tidak Ideal (< 1:1),Overbought (Jenuh Beli - Rawan),Sentimen Positif 📰,Normal / Sedang Transisi,Golden Rebound Fibo 23.6% 🎯,7,BELI,TIDAK ADA,2026-08-21 16:40:01,Biasa / Mengikuti Pasar
16:40,MERI,Token Mati (Perlu Update),Small Cap (Lapis 3),Fair Value (Wajar),0.0,2.861633,123.0,112,99,140,1.6528925619834711,23781300,Tembus MA20,64,Positif,Uptrend,Bullish,Strong Bullish,Perfect Uptrend (5>20>50),Normal,Akumulasi (Naik),Normal,Seimbang / Adu Mekanik,Normal,Tinggi,Doji (Ragu-ragu),Rawan Pucuk (High Risk),> 1 Miliar,Persis di VWAP,Distribusi Pro (Guyuran),Gorengan Sepi (< 5M),Normal (50-150%),Mark-Up (Fase Pesta),Spesialis Tiang Jemuran (Banting Pucuk),Normal,Naik 3 Hari Beruntun,TP: 140 | CL: 111,Normal,Tidak Ideal (< 1:1),Netral / Sideways,Sentimen Positif 📰,Normal / Sedang Transisi,Mendekati Fibo 38.2%,8,BELI,TIDAK ADA,2026-08-21 16:40:01,Biasa / Mengikuti Pasar
16:40,KAQI,Token Mati (Perlu Update),Small Cap (Lapis 3),Fair Value (Wajar),0.0,1.5881248,98.0,94,86,106,-1.0101010101010102,33714400,Normal,59,Negatif,Uptrend,Bullish,Strong Bullish,Perfect Uptrend (5>20>50),Normal,Akumulasi (Naik),Normal,Dominan Jual (Guyur),Normal,Sedang,Normal,Rawan Pucuk (High Risk),> 1 Miliar,Persis di VWAP,Distribusi Pro (Guyuran),Gorengan Sepi (< 5M),Normal (50-150%),Mark-Up (Fase Pesta),Normal,Normal,Turun 1 Hari Beruntun,TP: 105 | CL: 93,Normal,Tidak Ideal (< 1:1),Netral / Sideways,Netral / Sepi Berita,Normal / Sedang Transisi,Mendekati Fibo 38.2%,5,WAIT & SEE,TIDAK ADA,2026-08-21 16:40:01,Biasa / Mengikuti Pasar
16:40,YUPI,Token Mati (Perlu Update),Big Cap (Lapis 1),Overvalued (Mahal),18.094585,6.4817724,1320.0,1301,1265,1340,1.1494252873563218,157500,Tembus MA20,52,Positif,Uptrend,Bearish,Bullish MACD,Strong Downtrend (5<20<50),Akumulasi Kuat,Akumulasi (Naik),Normal,Dominan Beli (Hajar Kanan),Squeeze,Rendah,Normal,Area Tengah,< 1 Miliar,Persis di VWAP,Akumulasi Pro (Smart Money),Gorengan Sepi (< 5M),Ledakan Ekstrem (> 300%),Accumulation (Kumpul Barang),Normal,Normal,Naik 2 Hari Beruntun,TP: 1357 | CL: 1295,Open = Low (Bullish Kuat),Tidak Ideal (< 1:1),Netral / Sideways,Sentimen Positif 📰,Normal / Sedang Transisi,Mendekati Fibo 78.6%,9,BELI,TIDAK ADA,2026-08-21 16:40:01,Biasa / Mengikuti Pasar
16:40,FORE,Token Mati (Perlu Update),Mid Cap (Lapis 2),Overvalued (Mahal),70.69847,10.034334,835.0,749,610,875,2.4539877300613497,7256000,Normal,66,Positif,Uptrend,Bullish,Strong Bullish,Perfect Uptrend (5>20>50),Normal,Akumulasi (Naik),Normal,Seimbang / Adu Mekanik,Normal,Tinggi,Normal,Rawan Pucuk (High Risk),> 1 Miliar,Di Atas VWAP (Kuat),Distribusi Pro (Guyuran),Ritel Aktif (5M - 50M),Normal (50-150%),Mark-Up (Fase Pesta),Spesialis Tiang Jemuran (Banting Pucuk),Normal,Naik 3 Hari Beruntun,TP: 903 | CL: 789,Normal,Tidak Ideal (< 1:1),Netral / Sideways,Sentimen Positif 📰,Normal / Sedang Transisi,Mengambang (Jauh dari Fibo),7,BELI,TIDAK ADA,2026-08-21 16:40:01,Biasa / Mengikuti Pasar
16:40,MDLA,Token Mati (Perlu Update),Mid Cap (Lapis 2),Undervalued (Murah),7.0724244,0.94785005,208.0,209,200,214,0.0,767500,Normal,49,Negatif,Downtrend,Bearish,Bearish MACD,Konsolidasi / Transisi,Normal,Distribusi (Turun),Normal,Seimbang / Adu Mekanik,Squeeze,Rendah,Normal,Area Tengah,< 1 Miliar,Persis di VWAP,Distribusi Pro (Guyuran),Gorengan Sepi (< 5M),Normal (50-150%),Distribution (Fase Jualan),Normal,Normal,Sideways / Stagnan,TP: 215 | CL: 203,Open = Low (Bullish Kuat),Tidak Ideal (< 1:1),Netral / Sideways,Sentimen Positif 📰,Normal / Sedang Transisi,Mendekati Fibo 38.2%,1,WAIT & SEE,TIDAK ADA,2026-08-21 16:40:01,Biasa / Mengikuti Pasar
16:40,DKHH,Token Mati (Perlu Update),Small Cap (Lapis 3),Fair Value (Wajar),0.0,0.7728255,64.0,63,60,69,0.0,4137500,Normal,55,Negatif,Uptrend,Bullish,Bearish MACD,Perfect Uptrend (5>20>50),Normal,Netral,Normal,Seimbang / Adu Mekanik,Squeeze,Rendah,Doji (Ragu-ragu),Area Tengah,< 1 Miliar,Persis di VWAP,Akumulasi Pro (Smart Money),Gorengan Sepi (< 5M),Normal (50-150%),Mark-Up (Fase Pesta),Spesialis Tiang Jemuran (Banting Pucuk),Normal,Sideways / Stagnan,TP: 67 | CL: 61,Normal,Menengah (1:1),Netral / Sideways,Sentimen Positif 📰,Supply Kering (Siap Pump) 🏜️,Golden Rebound Fibo 50.0% 🎯,4,WAIT & SEE,TIDAK ADA,2026-08-21 16:40:01,Biasa / Mengikuti Pasar
16:40,AYLS,Token Mati (Perlu Update),Small Cap (Lapis 3),Overvalued (Mahal),0.0,4.0466557,153.0,156,145,190,-1.9230769230769231,1074400,Normal,48,Negatif,Downtrend,Death Cross,Bearish MACD,Konsolidasi / Transisi,Normal,Distribusi (Turun),Normal,Dominan Jual (Guyur),Normal,Sedang,Normal,Area Tengah,< 1 Miliar,Di Bawah VWAP (Lemah),Distribusi Pro (Guyuran),Gorengan Sepi (< 5M),Normal (50-150%),Distribution (Fase Jualan),Normal,Normal,Turun 2 Hari Beruntun,TP: 166 | CL: 144,Open = High (Tekanan Jual),Sangat Menarik (> 1:3),Oversold (Jenuh Jual - Peluang),Sentimen Positif 📰,Normal / Sedang Transisi,Golden Rebound Fibo 50.0% 🎯,1,WAIT & SEE,TIDAK ADA,2026-08-21 16:40:01,Biasa / Mengikuti Pasar
16:40,DADA,Token Mati (Perlu Update),Small Cap (Lapis 3),Undervalued (Murah),14.947683,1.0235415,50.0,50,50,50,0.0,138800,Normal,0,Negatif,Downtrend,Bearish,Bearish MACD,Konsolidasi / Transisi,Normal,Netral,Normal,Tidak Ada Transaksi,Squeeze,Rendah,Doji (Ragu-ragu),Dekat Support (Low Risk),< 1 Miliar,Persis di VWAP,Netral,Gorengan Sepi (< 5M),Normal (50-150%),Sideways,Solid (Jarang Dibanting),Normal,Sideways / Stagnan,TP: 51 | CL: 49,Normal,Di Area Support,Oversold (Jenuh Jual - Peluang),Netral / Sepi Berita,Supply Kering (Siap Pump) 🏜️,Normal / Sideways,0,WAIT & SEE,TIDAK ADA,2026-08-21 16:40:01,🔥 ANOMALI BANDAR (Siap Ledakan)
16:40,ASPI,Token Mati (Perlu Update),Small Cap (Lapis 3),Overvalued (Mahal),0.0,5.431341,386.0,405,358,438,0.5208333333333333,47300,Normal,41,Positif,Downtrend,Bearish,Strong Bearish,Konsolidasi / Transisi,Normal,Distribusi (Turun),Normal,Seimbang / Adu Mekanik,Normal,Sedang,Doji (Ragu-ragu),Area Tengah,< 1 Miliar,Persis di VWAP,Akumulasi Pro (Smart Money),Gorengan Sepi (< 5M),Sepi (< 50%),Distribution (Fase Jualan),Spesialis Tiang Jemuran (Banting Pucuk),Normal,Naik 1 Hari Beruntun,TP: 413 | CL: 368,Normal,Ideal (1:2),Golden Cross (Awal Bullish),Sentimen Positif 📰,Normal / Sedang Transisi,Mengambang (Jauh dari Fibo),2,WAIT & SEE,TIDAK ADA,2026-08-21 16:40:01,Biasa / Mengikuti Pasar
16:40,ESTA,Token Mati (Perlu Update),Small Cap (Lapis 3),Fair Value (Wajar),0.0,2.3924434,174.0,180,165,200,0.0,669500,Normal,44,Negatif,Downtrend,Bearish,Strong Bearish,Strong Downtrend (5<20<50),Normal,Distribusi (Turun),Normal,Seimbang / Adu Mekanik,Normal,Tinggi,Normal,Area Tengah,< 1 Miliar,Persis di VWAP,Distribusi Pro (Guyuran),Gorengan Sepi (< 5M),Normal (50-150%),Mark-Down (Fase Runtuh),Spesialis Tiang Jemuran (Banting Pucuk),Normal,Sideways / Stagnan,TP: 185 | CL: 166,Normal,Ideal (1:2),Golden Cross (Awal Bullish),Sentimen Positif 📰,Normal / Sedang Transisi,Dekat Support Fibo 78.6%,1,WAIT & SEE,TIDAK ADA,2026-08-21 16:40:01,Biasa / Mengikuti Pasar
16:40,BESS,Token Mati (Perlu Update),Mid Cap (Lapis 2),Overvalued (Mahal),277.43903,4.895816,910.0,896,760,965,0.0,153400,Tembus MA20,51,Negatif,Uptrend,Bullish,Bullish MACD,Awal Reversal (5>20),Normal,Distribusi (Turun),Normal,Dominan Jual (Guyur),Squeeze,Rendah,Doji (Ragu-ragu),Rawan Pucuk (High Risk),< 1 Miliar,Di Atas VWAP (Kuat),Akumulasi Pro (Smart Money),Gorengan Sepi (< 5M),Normal (50-150%),Accumulation (Kumpul Barang),Spesialis Tiang Jemuran (Banting Pucuk),Normal,Sideways / Stagnan,TP: 985 | CL: 860,Normal,Tidak Ideal (< 1:1),Death Cross (Awal Bearish),Sentimen Positif 📰,Normal / Sedang Transisi,Mengambang (Jauh dari Fibo),6,WAIT & SEE,TIDAK ADA,2026-08-21 16:40:01,Biasa / Mengikuti Pasar
16:40,AMAN,Token Mati (Perlu Update),Small Cap (Lapis 3),Fair Value (Wajar),19.60133,1.0757638,236.0,247,232,266,0.0,152100,Normal,33,Negatif,Downtrend,Bearish,Strong Bearish,Strong Downtrend (5<20<50),Normal,Distribusi (Turun),Normal,Seimbang / Adu Mekanik,Bottom Rebound,Sedang,Doji (Ragu-ragu),Dekat Support (Low Risk),< 1 Miliar,Di Bawah VWAP (Lemah),Akumulasi Pro (Smart Money),Gorengan Sepi (< 5M),Normal (50-150%),Mark-Down (Fase Runtuh),Normal,Normal,Sideways / Stagnan,TP: 248 | CL: 228,Normal,Sangat Menarik (> 1:3),Netral / Sideways,Sentimen Negatif ⚠️,Normal / Sedang Transisi,Dekat Support Fibo 61.8% (Golden Ratio),0,WAIT & SEE,TIDAK ADA,2026-08-21 16:40:01,Biasa / Mengikuti Pasar
16:40,CARE,Token Mati (Perlu Update),Big Cap (Lapis 1),Overvalued (Mahal),2588.2354,4.8373976,442.0,425,412,444,1.8433179723502304,213000,Tembus MA20,78,Positif,Uptrend,Bullish,Strong Bullish,Perfect Uptrend (5>20>50),Normal,Akumulasi (Naik),Normal,Dominan Beli (Hajar Kanan),Squeeze,Rendah,Marubozu (Strong Bullish),Area Tengah,< 1 Miliar,Di Atas VWAP (Kuat),Akumulasi Pro (Smart Money),Gorengan Sepi (< 5M),Anomali Tinggi (150-300%),Mark-Up (Fase Pesta),Normal,Normal,Naik 2 Hari Beruntun,TP: 454 | CL: 433,Open = Low (Bullish Kuat),Tidak Ideal (< 1:1),Overbought (Jenuh Beli - Rawan),Sentimen Negatif ⚠️,Normal / Sedang Transisi,Dekat Support Fibo 23.6%,8,BELI,TIDAK ADA,2026-08-21 16:40:01,Biasa / Mengikuti Pasar
16:40,PIPA,Token Mati (Perlu Update),Small Cap (Lapis 3),Overvalued (Mahal),0.0,10.032553,191.0,126,111,196,24.836601307189543,1027428700,Tembus MA20,85,Positif,Uptrend,Bullish,Strong Bullish,Perfect Uptrend (5>20>50),Akumulasi Kuat,Akumulasi (Naik),Normal,Dominan Beli (Hajar Kanan),Breakout Upper,Tinggi,Normal,Rawan Pucuk (High Risk),> 1 Miliar,Di Atas VWAP (Kuat),Akumulasi Pro (Smart Money),Sultan (> 50M/hari),Ledakan Ekstrem (> 300%),Mark-Up (Fase Pesta),Normal,Normal,Naik 3 Hari Beruntun,TP: 210 | CL: 177,Normal,Tidak Ideal (< 1:1),Netral / Sideways,Sentimen Positif 📰,Normal / Sedang Transisi,Mengambang (Jauh dari Fibo),10,BELI,TIDAK ADA,2026-08-21 16:40:01,⚠️ Anomali (Sudah Terbang)
16:40,NCKL,Token Mati (Perlu Update),Big Cap (Lapis 1),Undervalued (Murah),5.6707425,1.3782786,960.0,913,830,970,1.0526315789473684,25873800,Normal,64,Positif,Uptrend,Bullish,Bearish MACD,Perfect Uptrend (5>20>50),Normal,Akumulasi (Naik),Normal,Seimbang / Adu Mekanik,Normal,Tinggi,Normal,Rawan Pucuk (High Risk),> 1 Miliar,Di Atas VWAP (Kuat),Akumulasi Pro (Smart Money),Ritel Aktif (5M - 50M),Normal (50-150%),Mark-Up (Fase Pesta),Normal,Normal,Naik 2 Hari Beruntun,TP: 1008 | CL: 927,Normal,Tidak Ideal (< 1:1),Netral / Sideways,Netral / Sepi Berita,Normal / Sedang Transisi,Mengambang (Jauh dari Fibo),5,WAIT & SEE,TIDAK ADA,2026-08-21 16:40:01,Biasa / Mengikuti Pasar
16:40,MENN,Token Mati (Perlu Update),Small Cap (Lapis 3),Fair Value (Wajar),0.0,1.9389771,53.0,53,53,53,0.0,0,Normal,0,Negatif,Downtrend,Bearish,Bearish MACD,Konsolidasi / Transisi,Normal,Netral,Normal,Tidak Ada Transaksi,Squeeze,Rendah,Doji (Ragu-ragu),Dekat Support (Low Risk),< 1 Miliar,Di Atas VWAP (Kuat),Netral,Gorengan Sepi (< 5M),Normal (50-150%),Sideways,Solid (Jarang Dibanting),Normal,Sideways / Stagnan,TP: 54 | CL: 52,Normal,Di Area Support,Oversold (Jenuh Jual - Peluang),Netral / Sepi Berita,Normal / Sedang Transisi,Normal / Sideways,0,WAIT & SEE,TIDAK ADA,2026-08-21 16:40:01,Biasa / Mengikuti Pasar
16:40,AWAN,Token Mati (Perlu Update),Small Cap (Lapis 3),Overvalued (Mahal),0.0,7.8573446,167.0,158,141,183,-1.7647058823529411,693800,Normal,62,Negatif,Uptrend,Bullish,Strong Bullish,Perfect Uptrend (5>20>50),Normal,Akumulasi (Naik),Normal,Dominan Jual (Guyur),Normal,Tinggi,Normal,Rawan Pucuk (High Risk),< 1 Miliar,Persis di VWAP,Akumulasi Pro (Smart Money),Gorengan Sepi (< 5M),Sepi (< 50%),Mark-Up (Fase Pesta),Spesialis Tiang Jemuran (Banting Pucuk),Normal,Turun 1 Hari Beruntun,TP: 180 | CL: 158,Normal,Tidak Ideal (< 1:1),Netral / Sideways,Sentimen Negatif ⚠️,Normal / Sedang Transisi,Mendekati Fibo 38.2%,5,WAIT & SEE,TIDAK ADA,2026-08-21 16:40:01,Biasa / Mengikuti Pasar
16:40,MBMA,Token Mati (Perlu Update),Big Cap (Lapis 1),Overvalued (Mahal),54.326923,37666.668,565.0,524,474,585,0.0,119658300,Tembus MA20,60,Negatif,Uptrend,Bullish,Strong Bullish,Perfect Uptrend (5>20>50),Normal,Akumulasi (Naik),Normal,Dominan Jual (Guyur),Normal,Tinggi,Normal,Rawan Pucuk (High Risk),> 1 Miliar,Di Atas VWAP (Kuat),Akumulasi Pro (Smart Money),Sultan (> 50M/hari),Normal (50-150%),Mark-Up (Fase Pesta),Spesialis Tiang Jemuran (Banting Pucuk),Normal,Sideways / Stagnan,TP: 612 | CL: 533,Normal,Tidak Ideal (< 1:1),Netral / Sideways,Sentimen Positif 📰,Normal / Sedang Transisi,Mendekati Fibo 23.6%,7,BELI,TIDAK ADA,2026-08-21 16:40:01,Biasa / Mengikuti Pasar
16:40,RAAM,Token Mati (Perlu Update),Mid Cap (Lapis 2),Fair Value (Wajar),0.0,1.0677377,193.0,197,181,220,4.324324324324325,2859200,Tembus MA20,46,Positif,Downtrend,Bearish,Strong Bearish,Strong Downtrend (5<20<50),Akumulasi Kuat,Akumulasi (Naik),Normal,Seimbang / Adu Mekanik,Normal,Tinggi,Normal,Area Tengah,< 1 Miliar,Di Atas VWAP (Kuat),Distribusi Pro (Guyuran),Gorengan Sepi (< 5M),Anomali Tinggi (150-300%),Mark-Down (Fase Runtuh),Normal,Normal,Naik 2 Hari Beruntun,TP: 204 | CL: 185,Normal,Ideal (1:2),Netral / Sideways,Netral / Sepi Berita,Normal / Sedang Transisi,Dekat Support Fibo 61.8% (Golden Ratio),4,WAIT & SEE,TIDAK ADA,2026-08-21 16:40:01,Biasa / Mengikuti Pasar
16:40,DOOH,Token Mati (Perlu Update),Mid Cap (Lapis 2),Overvalued (Mahal),97.8979,10.144071,326.0,257,167,356,0.0,0,Normal,76,Negatif,Uptrend,Bullish,Strong Bullish,Perfect Uptrend (5>20>50),Normal,Akumulasi (Naik),Normal,Tidak Ada Transaksi,Normal,Tinggi,Doji (Ragu-ragu),Rawan Pucuk (High Risk),< 1 Miliar,Di Atas VWAP (Kuat),Akumulasi Pro (Smart Money),Sultan (> 50M/hari),Sepi (< 50%),Mark-Up (Fase Pesta),Spesialis Tiang Jemuran (Banting Pucuk),Normal,Sideways / Stagnan,TP: 369 | CL: 297,Normal,Tidak Ideal (< 1:1),Death Cross (Awal Bearish),Netral / Sepi Berita,Normal / Sedang Transisi,Mengambang (Jauh dari Fibo),5,WAIT & SEE,TIDAK ADA,2026-08-21 16:40:01,Biasa / Mengikuti Pasar
16:40,CGAS,Token Mati (Perlu Update),Small Cap (Lapis 3),Undervalued (Murah),11.535523,0.9973053,150.0,152,147,162,-0.6622516556291391,6184600,Tembus MA20,46,Negatif,Downtrend,Bearish,Strong Bearish,Konsolidasi / Transisi,Distribusi Kuat,Distribusi (Turun),Normal,Seimbang / Adu Mekanik,Squeeze,Rendah,Normal,Dekat Support (Low Risk),< 1 Miliar,Persis di VWAP,Distribusi Pro (Guyuran),Gorengan Sepi (< 5M),Anomali Tinggi (150-300%),Distribution (Fase Jualan),Spesialis Tiang Jemuran (Banting Pucuk),Normal,Turun 1 Hari Beruntun,TP: 155 | CL: 146,Normal,Sangat Menarik (> 1:3),Netral / Sideways,Netral / Sepi Berita,Normal / Sedang Transisi,Dekat Support Fibo 61.8% (Golden Ratio),1,WAIT & SEE,TIDAK ADA,2026-08-21 16:40:01,Biasa / Mengikuti Pasar
16:40,NICE,Token Mati (Perlu Update),Mid Cap (Lapis 2),Overvalued (Mahal),0.0,7.922407,272.0,257,240,280,0.7407407407407408,1505500,Tembus MA20,60,Positif,Uptrend,Bullish,Strong Bullish,Awal Reversal (5>20),Normal,Akumulasi (Naik),Gap Up (+2.2%),Dominan Jual (Guyur),Normal,Sedang,Normal,Rawan Pucuk (High Risk),< 1 Miliar,Di Atas VWAP (Kuat),Akumulasi Pro (Smart Money),Gorengan Sepi (< 5M),Anomali Tinggi (150-300%),Accumulation (Kumpul Barang),Normal,Normal,Naik 2 Hari Beruntun,TP: 289 | CL: 260,Normal,Tidak Ideal (< 1:1),Netral / Sideways,Sentimen Positif 📰,Normal / Sedang Transisi,Dekat Support Fibo 50.0%,9,BELI,TIDAK ADA,2026-08-21 16:40:01,Biasa / Mengikuti Pasar
16:40,MSJA,Token Mati (Perlu Update),Mid Cap (Lapis 2),Overvalued (Mahal),27.312227,31428.57,440.0,416,390,458,-2.2222222222222223,12499900,Normal,61,Negatif,Uptrend,Bullish,Strong Bullish,Perfect Uptrend (5>20>50),Normal,Akumulasi (Naik),Normal,Dominan Jual (Guyur),Normal,Tinggi,Normal,Rawan Pucuk (High Risk),> 1 Miliar,Persis di VWAP,Akumulasi Pro (Smart Money),Ritel Aktif (5M - 50M),Normal (50-150%),Mark-Up (Fase Pesta),Normal,Normal,Turun 1 Hari Beruntun,TP: 466 | CL: 422,Open = High (Tekanan Jual),Tidak Ideal (< 1:1),Death Cross (Awal Bearish),Sentimen Positif 📰,Normal / Sedang Transisi,Dekat Support Fibo 23.6%,6,WAIT & SEE,TIDAK ADA,2026-08-21 16:40:01,Biasa / Mengikuti Pasar
16:40,SMLE,Token Mati (Perlu Update),Small Cap (Lapis 3),Overvalued (Mahal),0.0,3.5453033,157.0,164,137,184,-8.720930232558139,21650700,Tembus MA20,51,Negatif,Downtrend,Bullish,Bearish MACD,Perfect Uptrend (5>20>50),Normal,Distribusi (Turun),Normal,Dominan Jual (Guyur),Normal,Tinggi,Normal,Rawan Pucuk (High Risk),> 1 Miliar,Di Bawah VWAP (Lemah),Distribusi Pro (Guyuran),Gorengan Sepi (< 5M),Normal (50-150%),Distribution (Fase Jualan),Normal,Normal,Turun 1 Hari Beruntun,TP: 176 | CL: 144,Open = High (Tekanan Jual),Menengah (1:1),Netral / Sideways,Netral / Sepi Berita,Normal / Sedang Transisi,Dekat Support Fibo 23.6%,3,WAIT & SEE,TIDAK ADA,2026-08-21 16:40:01,Biasa / Mengikuti Pasar
16:40,ACRO,Token Mati (Perlu Update),Small Cap (Lapis 3),Fair Value (Wajar),0.0,1.20229,63.0,61,59,66,0.0,3059900,Normal,58,Negatif,Uptrend,Bullish,Strong Bullish,Perfect Uptrend (5>20>50),Normal,Distribusi (Turun),Normal,Dominan Beli (Hajar Kanan),Normal,Sedang,Marubozu (Strong Bullish),Area Tengah,< 1 Miliar,Persis di VWAP,Distribusi Pro (Guyuran),Gorengan Sepi (< 5M),Sepi (< 50%),Mark-Up (Fase Pesta),Spesialis Tiang Jemuran (Banting Pucuk),Normal,Sideways / Stagnan,TP: 66 | CL: 60,Open = Low (Bullish Kuat),Tidak Ideal (< 1:1),Netral / Sideways,Sentimen Positif 📰,Normal / Sedang Transisi,Mendekati Fibo 38.2%,6,WAIT & SEE,TIDAK ADA,2026-08-21 16:40:01,Biasa / Mengikuti Pasar
16:40,MANG,Token Mati (Perlu Update),Small Cap (Lapis 3),Fair Value (Wajar),0.0,1.1084534,38.0,39,37,45,0.0,5609700,Tembus MA20,42,Negatif,Downtrend,Bearish,Strong Bearish,Strong Downtrend (5<20<50),Normal,Akumulasi (Naik),Normal,Dominan Beli (Hajar Kanan),Normal,Sedang,Doji (Ragu-ragu),Dekat Support (Low Risk),< 1 Miliar,Persis di VWAP,Akumulasi Pro (Smart Money),Gorengan Sepi (< 5M),Normal (50-150%),Mark-Down (Fase Runtuh),Solid (Jarang Dibanting),Jarum Bawah (Sinyal Pantulan Kuat),Sideways / Stagnan,TP: 40 | CL: 36,Normal,Sangat Menarik (> 1:3),Golden Cross (Awal Bullish),Netral / Sepi Berita,Normal / Sedang Transisi,Mendekati Fibo Bottom / 100%,3,WAIT & SEE,TIDAK ADA,2026-08-21 16:40:01,Biasa / Mengikuti Pasar
16:40,WIFI,Token Mati (Perlu Update),Big Cap (Lapis 1),Fair Value (Wajar),20.735062,1.5006856,2110.0,1991,1885,2170,-0.4716981132075472,21927100,Normal,60,Negatif,Uptrend,Bullish,Strong Bullish,Perfect Uptrend (5>20>50),Normal,Akumulasi (Naik),Normal,Seimbang / Adu Mekanik,Normal,Sedang,Normal,Rawan Pucuk (High Risk),> 1 Miliar,Di Atas VWAP (Kuat),Akumulasi Pro (Smart Money),Sultan (> 50M/hari),Normal (50-150%),Mark-Up (Fase Pesta),Normal,Normal,Turun 1 Hari Beruntun,TP: 2244 | CL: 2020,Normal,Tidak Ideal (< 1:1),Netral / Sideways,Sentimen Negatif ⚠️,Normal / Sedang Transisi,Mengambang (Jauh dari Fibo),5,WAIT & SEE,TIDAK ADA,2026-08-21 16:40:01,Biasa / Mengikuti Pasar
16:40,FAPA,Token Mati (Perlu Update),Big Cap (Lapis 1),Overvalued (Mahal),20.507597,6.250897,7450.0,7368,7275,7475,-0.33444816053511706,6100,Tembus MA20,63,Negatif,Uptrend,Bullish,Strong Bullish,Perfect Uptrend (5>20>50),Distribusi Kuat,Distribusi (Turun),Normal,Dominan Jual (Guyur),Squeeze,Rendah,Normal,Dekat Support (Low Risk),< 1 Miliar,Persis di VWAP,Distribusi Pro (Guyuran),Gorengan Sepi (< 5M),Ledakan Ekstrem (> 300%),Mark-Up (Fase Pesta),Normal,Normal,Turun 1 Hari Beruntun,TP: 7500 | CL: 7416,Open = High (Tekanan Jual),Tidak Ideal (< 1:1),Overbought (Jenuh Beli - Rawan),Sentimen Positif 📰,Supply Banjir (Distribusi) 🌊,Dekat Support Fibo 38.2%,6,WAIT & SEE,TIDAK ADA,2026-08-21 16:40:01,Biasa / Mengikuti Pasar
16:40,DCII,Token Mati (Perlu Update),Big Cap (Lapis 1),Overvalued (Mahal),434.9985,104.875046,203675.0,198310,182200,207500,0.049121945229031065,400,Normal,58,Positif,Uptrend,Bullish,Strong Bullish,Perfect Uptrend (5>20>50),Normal,Distribusi (Turun),Normal,Dominan Beli (Hajar Kanan),Normal,Sedang,Marubozu (Strong Bullish),Rawan Pucuk (High Risk),< 1 Miliar,Persis di VWAP,Distribusi Pro (Guyuran),Gorengan Sepi (< 5M),Normal (50-150%),Mark-Up (Fase Pesta),Normal,Normal,Naik 1 Hari Beruntun,TP: 209342 | CL: 199896,Open = Low (Bullish Kuat),Tidak Ideal (< 1:1),Overbought (Jenuh Beli - Rawan),Sentimen Positif 📰,Normal / Sedang Transisi,Mendekati Fibo 23.6%,7,BELI,TIDAK ADA,2026-08-21 16:40:01,Biasa / Mengikuti Pasar
16:40,KETR,Token Mati (Perlu Update),Mid Cap (Lapis 2),Overvalued (Mahal),27.539062,1.6321788,710.0,585,530,740,-0.6993006993006993,42094400,Tembus MA20,72,Negatif,Uptrend,Bullish,Strong Bullish,Perfect Uptrend (5>20>50),Normal,Akumulasi (Naik),Normal,Dominan Beli (Hajar Kanan),Breakout Upper,Tinggi,Hammer (Potensi Reversal),Rawan Pucuk (High Risk),> 1 Miliar,Di Atas VWAP (Kuat),Akumulasi Pro (Smart Money),Ritel Aktif (5M - 50M),Normal (50-150%),Mark-Up (Fase Pesta),Normal,Jarum Bawah (Sinyal Pantulan Kuat),Turun 1 Hari Beruntun,TP: 779 | CL: 663,Open = High (Tekanan Jual),Tidak Ideal (< 1:1),Netral / Sideways,Netral / Sepi Berita,Supply Banjir (Distribusi) 🌊,Mendekati Fibo 23.6%,7,BELI,TIDAK ADA,2026-08-21 16:40:01,Biasa / Mengikuti Pasar
16:40,DGNS,Token Mati (Perlu Update),Small Cap (Lapis 3),Undervalued (Murah),4.3594,1.3848718,226.0,233,216,252,0.0,280900,Normal,45,Negatif,Downtrend,Bearish,Strong Bearish,Konsolidasi / Transisi,Normal,Distribusi (Turun),Normal,Dominan Jual (Guyur),Normal,Sedang,Normal,Area Tengah,< 1 Miliar,Persis di VWAP,Akumulasi Pro (Smart Money),Gorengan Sepi (< 5M),Normal (50-150%),Distribution (Fase Jualan),Spesialis Tiang Jemuran (Banting Pucuk),Normal,Sideways / Stagnan,TP: 243 | CL: 214,Open = Low (Bullish Kuat),Ideal (1:2),Netral / Sideways,Netral / Sepi Berita,Normal / Sedang Transisi,Mendekati Fibo 61.8% (Golden Ratio),0,WAIT & SEE,TIDAK ADA,2026-08-21 16:40:01,Biasa / Mengikuti Pasar
16:40,UFOE,Token Mati (Perlu Update),Small Cap (Lapis 3),Overvalued (Mahal),26.819206,1.6798234,143.0,138,130,149,0.0,43500,Normal,60,Negatif,Uptrend,Bullish,Strong Bullish,Perfect Uptrend (5>20>50),Normal,Akumulasi (Naik),Normal,Seimbang / Adu Mekanik,Normal,Sedang,Normal,Rawan Pucuk (High Risk),< 1 Miliar,Persis di VWAP,Akumulasi Pro (Smart Money),Gorengan Sepi (< 5M),Sepi (< 50%),Mark-Up (Fase Pesta),Normal,Normal,Sideways / Stagnan,TP: 151 | CL: 137,Open = High (Tekanan Jual),Tidak Ideal (< 1:1),Netral / Sideways,Sentimen Positif 📰,Supply Kering (Siap Pump) 🏜️,Mendekati Fibo 61.8% (Golden Ratio),6,WAIT & SEE,TIDAK ADA,2026-08-21 16:40:01,Biasa / Mengikuti Pasar
16:40,CHEK,Token Mati (Perlu Update),Small Cap (Lapis 3),Fair Value (Wajar),0.0,2.7274537,136.0,133,128,142,-0.7299270072992701,781600,Tembus MA20,59,Negatif,Uptrend,Bullish,Strong Bullish,Perfect Uptrend (5>20>50),Normal,Akumulasi (Naik),Normal,Seimbang / Adu Mekanik,Squeeze,Rendah,Normal,Area Tengah,< 1 Miliar,Persis di VWAP,Akumulasi Pro (Smart Money),Gorengan Sepi (< 5M),Normal (50-150%),Mark-Up (Fase Pesta),Normal,Normal,Turun 1 Hari Beruntun,TP: 140 | CL: 132,Open = High (Tekanan Jual),Tidak Ideal (< 1:1),Death Cross (Awal Bearish),Netral / Sepi Berita,Normal / Sedang Transisi,Mendekati Fibo 50.0%,6,WAIT & SEE,TIDAK ADA,2026-08-21 16:40:01,Biasa / Mengikuti Pasar
16:40,PMUI,Token Mati (Perlu Update),Small Cap (Lapis 3),Fair Value (Wajar),0.0,1.378011,99.0,94,82,111,2.0618556701030926,6769300,Normal,64,Positif,Uptrend,Bullish,Bearish MACD,Perfect Uptrend (5>20>50),Normal,Akumulasi (Naik),Normal,Seimbang / Adu Mekanik,Normal,Tinggi,Normal,Rawan Pucuk (High Risk),< 1 Miliar,Persis di VWAP,Distribusi Pro (Guyuran),Gorengan Sepi (< 5M),Normal (50-150%),Mark-Up (Fase Pesta),Spesialis Tiang Jemuran (Banting Pucuk),Normal,Naik 2 Hari Beruntun,TP: 108 | CL: 92,Normal,Tidak Ideal (< 1:1),Netral / Sideways,Sentimen Positif 📰,Normal / Sedang Transisi,Mengambang (Jauh dari Fibo),6,WAIT & SEE,TIDAK ADA,2026-08-21 16:40:01,Biasa / Mengikuti Pasar
16:40,EMAS,Token Mati (Perlu Update),Big Cap (Lapis 1),Overvalued (Mahal),0.0,314000.0,7850.0,7146,5950,8100,-0.6329113924050633,11820500,Normal,74,Negatif,Uptrend,Bullish,Strong Bullish,Perfect Uptrend (5>20>50),Normal,Akumulasi (Naik),Normal,Seimbang / Adu Mekanik,Normal,Tinggi,Normal,Rawan Pucuk (High Risk),> 1 Miliar,Persis di VWAP,Distribusi Pro (Guyuran),Sultan (> 50M/hari),Normal (50-150%),Mark-Up (Fase Pesta),Spesialis Tiang Jemuran (Banting Pucuk),Normal,Turun 1 Hari Beruntun,TP: 8332 | CL: 7528,Open = High (Tekanan Jual),Tidak Ideal (< 1:1),Overbought (Jenuh Beli - Rawan),Netral / Sepi Berita,Normal / Sedang Transisi,Mendekati Fibo 23.6%,5,WAIT & SEE,TIDAK ADA,2026-08-21 16:40:01,Biasa / Mengikuti Pasar
16:40,PJHB,Token Mati (Perlu Update),Small Cap (Lapis 3),Fair Value (Wajar),0.0,0.7809278,178.0,171,161,183,0.0,2355700,Normal,60,Negatif,Uptrend,Bullish,Strong Bullish,Perfect Uptrend (5>20>50),Normal,Akumulasi (Naik),Normal,Seimbang / Adu Mekanik,Normal,Sedang,Doji (Ragu-ragu),Rawan Pucuk (High Risk),< 1 Miliar,Di Atas VWAP (Kuat),Akumulasi Pro (Smart Money),Gorengan Sepi (< 5M),Normal (50-150%),Mark-Up (Fase Pesta),Normal,Normal,Sideways / Stagnan,TP: 186 | CL: 172,Normal,Tidak Ideal (< 1:1),Overbought (Jenuh Beli - Rawan),Sentimen Positif 📰,Normal / Sedang Transisi,Dekat Support Fibo 38.2%,6,WAIT & SEE,TIDAK ADA,2026-08-21 16:40:01,Biasa / Mengikuti Pasar
16:40,RLCO,Token Mati (Perlu Update),Big Cap (Lapis 1),Overvalued (Mahal),322.65115,42.59411,4440.0,4823,4180,5675,0.2257336343115124,286200,Normal,51,Positif,Downtrend,Bearish,Bearish MACD,Konsolidasi / Transisi,Normal,Akumulasi (Naik),Normal,Dominan Beli (Hajar Kanan),Normal,Tinggi,Normal,Area Tengah,> 1 Miliar,Persis di VWAP,Distribusi Pro (Guyuran),Gorengan Sepi (< 5M),Normal (50-150%),Distribution (Fase Jualan),Normal,Jarum Bawah (Sinyal Pantulan Kuat),Naik 2 Hari Beruntun,TP: 4730 | CL: 4246,Normal,Sangat Menarik (> 1:3),Oversold (Jenuh Jual - Peluang),Netral / Sepi Berita,Normal / Sedang Transisi,Mendekati Fibo 38.2%,4,WAIT & SEE,TIDAK ADA,2026-08-21 16:40:01,Biasa / Mengikuti Pasar
16:40,SUPA,Token Mati (Perlu Update),Big Cap (Lapis 1),Overvalued (Mahal),70.77922,2.2798293,545.0,577,515,620,-0.9090909090909091,7834900,Normal,39,Negatif,Downtrend,Bearish,Strong Bearish,Konsolidasi / Transisi,Normal,Distribusi (Turun),Normal,Dominan Jual (Guyur),Normal,Tinggi,Normal,Area Tengah,> 1 Miliar,Di Atas VWAP (Kuat),Akumulasi Pro (Smart Money),Ritel Aktif (5M - 50M),Sepi (< 50%),Distribution (Fase Jualan),Solid (Jarang Dibanting),Normal,Turun 1 Hari Beruntun,TP: 580 | CL: 521,Normal,Ideal (1:2),Golden Cross (Awal Bullish),Netral / Sepi Berita,Normal / Sedang Transisi,Mengambang (Jauh dari Fibo),0,WAIT & SEE,TIDAK ADA,2026-08-21 16:40:01,Biasa / Mengikuti Pasar
16:40,WBSA,Token Mati (Perlu Update),Mid Cap (Lapis 2),Overvalued (Mahal),0.0,13.1686325,710.0,643,580,720,6.7669172932330826,40863800,Tembus MA20,64,Positif,Uptrend,Bullish,Strong Bullish,Awal Reversal (5>20),Akumulasi Kuat,Akumulasi (Naik),Normal,Dominan Beli (Hajar Kanan),Breakout Upper,Tinggi,Normal,Rawan Pucuk (High Risk),> 1 Miliar,Di Atas VWAP (Kuat),Akumulasi Pro (Smart Money),Ritel Aktif (5M - 50M),Ledakan Ekstrem (> 300%),Accumulation (Kumpul Barang),Solid (Jarang Dibanting),Normal,Naik 4 Hari Beruntun,TP: 759 | CL: 677,Normal,Tidak Ideal (< 1:1),Netral / Sideways,Sentimen Positif 📰,Normal / Sedang Transisi,Dekat Support Fibo 61.8% (Golden Ratio),10,BELI,TIDAK ADA,2026-08-21 16:40:01,Biasa / Mengikuti Pasar
16:40,WMPP,Token Mati (Perlu Update),Small Cap (Lapis 3),Overvalued (Mahal),23.741007,3.8123844,33.0,30,19,41,-8.333333333333332,42639400,Normal,57,Negatif,Uptrend,Bullish,Strong Bullish,Perfect Uptrend (5>20>50),Normal,Distribusi (Turun),Gap Down (-5.6%),Dominan Jual (Guyur),Normal,Tinggi,Normal,Rawan Pucuk (High Risk),> 1 Miliar,Di Bawah VWAP (Lemah),Distribusi Pro (Guyuran),Gorengan Sepi (< 5M),Normal (50-150%),Mark-Up (Fase Pesta),Normal,Normal,Turun 1 Hari Beruntun,TP: 36 | CL: 30,Open = High (Tekanan Jual),Tidak Ideal (< 1:1),Death Cross (Awal Bearish),Netral / Sepi Berita,Normal / Sedang Transisi,Mengambang (Jauh dari Fibo),4,WAIT & SEE,TIDAK ADA,2026-08-21 16:40:01,Biasa / Mengikuti Pasar
16:40,RMKE,Token Mati (Perlu Update),Mid Cap (Lapis 2),Overvalued (Mahal),28.943758,4.761368,424.0,412,388,446,-1.3953488372093024,73026400,Normal,51,Negatif,Uptrend,Bullish,Bullish MACD,Awal Reversal (5>20),Normal,Akumulasi (Naik),Normal,Dominan Jual (Guyur),Normal,Sedang,Normal,Area Tengah,> 1 Miliar,Persis di VWAP,Akumulasi Pro (Smart Money),Ritel Aktif (5M - 50M),Normal (50-150%),Accumulation (Kumpul Barang),Normal,Normal,Turun 2 Hari Beruntun,TP: 450 | CL: 406,Normal,Tidak Ideal (< 1:1),Death Cross (Awal Bearish),Netral / Sepi Berita,Normal / Sedang Transisi,Dekat Support Fibo 78.6%,5,WAIT & SEE,TIDAK ADA,2026-08-21 16:40:01,Biasa / Mengikuti Pasar
16:40,OBMD,Token Mati (Perlu Update),Small Cap (Lapis 3),Fair Value (Wajar),0.0,0.75006986,196.0,192,170,220,-1.507537688442211,1181600,Tembus MA20,55,Negatif,Uptrend,Bullish,Bearish MACD,Perfect Uptrend (5>20>50),Normal,Akumulasi (Naik),Normal,Seimbang / Adu Mekanik,Normal,Tinggi,Normal,Rawan Pucuk (High Risk),< 1 Miliar,Persis di VWAP,Akumulasi Pro (Smart Money),Gorengan Sepi (< 5M),Normal (50-150%),Mark-Up (Fase Pesta),Normal,Normal,Turun 1 Hari Beruntun,TP: 212 | CL: 185,Normal,Tidak Ideal (< 1:1),Death Cross (Awal Bearish),Netral / Sepi Berita,Normal / Sedang Transisi,Dekat Support Fibo 50.0%,5,WAIT & SEE,TIDAK ADA,2026-08-21 16:40:01,Biasa / Mengikuti Pasar
16:40,AVIA,Token Mati (Perlu Update),Big Cap (Lapis 1),Fair Value (Wajar),11.024603,2.201561,352.0,331,310,366,-0.5649717514124294,8751300,Normal,68,Negatif,Uptrend,Bullish,Strong Bullish,Perfect Uptrend (5>20>50),Normal,Akumulasi (Naik),Normal,Seimbang / Adu Mekanik,Normal,Sedang,Normal,Rawan Pucuk (High Risk),> 1 Miliar,Persis di VWAP,Akumulasi Pro (Smart Money),Ritel Aktif (5M - 50M),Normal (50-150%),Mark-Up (Fase Pesta),Normal,Normal,Turun 2 Hari Beruntun,TP: 364 | CL: 343,Normal,Tidak Ideal (< 1:1),Death Cross (Awal Bearish),Sentimen Positif 📰,Supply Banjir (Distribusi) 🌊,Dekat Support Fibo 23.6%,6,WAIT & SEE,TIDAK ADA,2026-08-21 16:40:01,Biasa / Mengikuti Pasar
16:40,IPPE,Token Mati (Perlu Update),Small Cap (Lapis 3),Fair Value (Wajar),16.548464,0.22426194,14.0,14,14,14,0.0,0,Normal,0,Negatif,Downtrend,Bearish,Bearish MACD,Konsolidasi / Transisi,Normal,Netral,Normal,Tidak Ada Transaksi,Squeeze,Rendah,Doji (Ragu-ragu),Dekat Support (Low Risk),< 1 Miliar,Di Atas VWAP (Kuat),Netral,Gorengan Sepi (< 5M),Normal (50-150%),Sideways,Solid (Jarang Dibanting),Normal,Sideways / Stagnan,TP: 15 | CL: 13,Normal,Di Area Support,Oversold (Jenuh Jual - Peluang),Netral / Sepi Berita,Normal / Sedang Transisi,Normal / Sideways,0,WAIT & SEE,TIDAK ADA,2026-08-21 16:40:01,Biasa / Mengikuti Pasar
16:40,NASI,Token Mati (Perlu Update),Small Cap (Lapis 3),Overvalued (Mahal),28.809855,2.0740063,144.0,131,119,163,5.88235294117647,44082400,Tembus MA20,70,Positif,Uptrend,Bullish,Strong Bullish,Perfect Uptrend (5>20>50),Akumulasi Kuat,Akumulasi (Naik),Normal,Seimbang / Adu Mekanik,Breakout Upper,Tinggi,Normal,Rawan Pucuk (High Risk),> 1 Miliar,Di Bawah VWAP (Lemah),Distribusi Pro (Guyuran),Gorengan Sepi (< 5M),Ledakan Ekstrem (> 300%),Mark-Up (Fase Pesta),Spesialis Tiang Jemuran (Banting Pucuk),Normal,Naik 2 Hari Beruntun,TP: 155 | CL: 136,Normal,Tidak Ideal (< 1:1),Death Cross (Awal Bearish),Sentimen Negatif ⚠️,Normal / Sedang Transisi,Mendekati Fibo 38.2%,8,BELI,TIDAK ADA,2026-08-21 16:40:01,Biasa / Mengikuti Pasar
16:40,BSML,Token Mati (Perlu Update),Small Cap (Lapis 3),Overvalued (Mahal),156.01332,7.1766,515.0,517,505,545,0.0,12194100,Normal,52,Negatif,Downtrend,Death Cross,Bearish MACD,Konsolidasi / Transisi,Normal,Distribusi (Turun),Normal,Seimbang / Adu Mekanik,Squeeze,Rendah,Normal,Dekat Support (Low Risk),> 1 Miliar,Persis di VWAP,Distribusi Pro (Guyuran),Ritel Aktif (5M - 50M),Normal (50-150%),Distribution (Fase Jualan),Normal,Normal,Sideways / Stagnan,TP: 538 | CL: 499,Open = High (Tekanan Jual),Sangat Menarik (> 1:3),Netral / Sideways,Sentimen Positif 📰,Normal / Sedang Transisi,Mendekati Fibo 23.6%,2,WAIT & SEE,TIDAK ADA,2026-08-21 16:40:01,Biasa / Mengikuti Pasar
16:40,DRMA,Token Mati (Perlu Update),Mid Cap (Lapis 2),Fair Value (Wajar),6.858571,1.7500453,1015.0,965,900,1015,0.0,224500,Normal,78,Negatif,Uptrend,Bullish,Strong Bullish,Perfect Uptrend (5>20>50),Normal,Akumulasi (Naik),Normal,Dominan Beli (Hajar Kanan),Normal,Sedang,Marubozu (Strong Bullish),Rawan Pucuk (High Risk),< 1 Miliar,Di Atas VWAP (Kuat),Akumulasi Pro (Smart Money),Gorengan Sepi (< 5M),Sepi (< 50%),Mark-Up (Fase Pesta),Normal,Normal,Sideways / Stagnan,TP: 1036 | CL: 1000,Open = Low (Bullish Kuat),Tidak Ideal (< 1:1),Overbought (Jenuh Beli - Rawan),Sentimen Positif 📰,Normal / Sedang Transisi,Mendekati Fibo 23.6%,7,BELI,TIDAK ADA,2026-08-21 16:40:01,Biasa / Mengikuti Pasar
16:40,ADMF,Token Mati (Perlu Update),Big Cap (Lapis 1),Undervalued (Murah),5.783757,0.687422,8675.0,8577,8125,8875,0.5797101449275363,29400,Normal,61,Positif,Uptrend,Bullish,Bearish MACD,Perfect Uptrend (5>20>50),Normal,Akumulasi (Naik),Normal,Dominan Beli (Hajar Kanan),Normal,Sedang,Normal,Area Tengah,< 1 Miliar,Persis di VWAP,Distribusi Pro (Guyuran),Gorengan Sepi (< 5M),Normal (50-150%),Mark-Up (Fase Pesta),Spesialis Tiang Jemuran (Banting Pucuk),Normal,Naik 1 Hari Beruntun,TP: 8843 | CL: 8562,Normal,Tidak Ideal (< 1:1),Netral / Sideways,Sentimen Positif 📰,Normal / Sedang Transisi,Dekat Support Fibo 23.6%,7,BELI,TIDAK ADA,2026-08-21 16:40:01,Biasa / Mengikuti Pasar
16:40,ADMG,Token Mati (Perlu Update),Small Cap (Lapis 3),Overvalued (Mahal),17.606602,8533.334,256.0,239,212,276,0.0,637500,Normal,69,Negatif,Uptrend,Bullish,Strong Bullish,Perfect Uptrend (5>20>50),Normal,Distribusi (Turun),Gap Up (+2.3%),Dominan Jual (Guyur),Normal,Tinggi,Normal,Rawan Pucuk (High Risk),< 1 Miliar,Persis di VWAP,Distribusi Pro (Guyuran),Gorengan Sepi (< 5M),Sepi (< 50%),Mark-Up (Fase Pesta),Normal,Normal,Sideways / Stagnan,TP: 277 | CL: 242,Open = High (Tekanan Jual),Tidak Ideal (< 1:1),Death Cross (Awal Bearish),Sentimen Positif 📰,Normal / Sedang Transisi,Dekat Support Fibo 23.6%,6,WAIT & SEE,TIDAK ADA,2026-08-21 16:40:01,Biasa / Mengikuti Pasar
16:40,ADRO,Token Mati (Perlu Update),Big Cap (Lapis 1),Overvalued (Mahal),8.333333,15058.823,2570.0,2518,2390,2580,0.390625,9996700,Normal,60,Positif,Uptrend,Bullish,Bearish MACD,Perfect Uptrend (5>20>50),Normal,Akumulasi (Naik),Normal,Seimbang / Adu Mekanik,Squeeze,Rendah,Normal,Area Tengah,> 1 Miliar,Persis di VWAP,Akumulasi Pro (Smart Money),Sultan (> 50M/hari),Sepi (< 50%),Mark-Up (Fase Pesta),Normal,Normal,Naik 1 Hari Beruntun,TP: 2643 | CL: 2520,Open = Low (Bullish Kuat),Tidak Ideal (< 1:1),Overbought (Jenuh Beli - Rawan),Sentimen Positif 📰,Normal / Sedang Transisi,Mendekati Fibo 23.6%,6,WAIT & SEE,TIDAK ADA,2026-08-21 16:40:01,Biasa / Mengikuti Pasar
16:40,AGII,Token Mati (Perlu Update),Mid Cap (Lapis 2),Overvalued (Mahal),87.24629,2.332711,2880.0,2923,2760,3220,0.34843205574912894,67300,Normal,48,Positif,Downtrend,Bearish,Bearish MACD,Konsolidasi / Transisi,Normal,Distribusi (Turun),Normal,Seimbang / Adu Mekanik,Normal,Sedang,Normal,Area Tengah,< 1 Miliar,Persis di VWAP,Akumulasi Pro (Smart Money),Gorengan Sepi (< 5M),Normal (50-150%),Distribution (Fase Jualan),Normal,Normal,Naik 1 Hari Beruntun,TP: 3001 | CL: 2799,Normal,Ideal (1:2),Oversold (Jenuh Jual - Peluang),Sentimen Positif 📰,Normal / Sedang Transisi,Mendekati Fibo 61.8% (Golden Ratio),2,WAIT & SEE,TIDAK ADA,2026-08-21 16:40:01,Biasa / Mengikuti Pasar
16:40,AGRO,Token Mati (Perlu Update),Mid Cap (Lapis 2),Fair Value (Wajar),0.0,1.2944273,155.0,147,141,155,1.9736842105263157,5859800,Tembus MA20,61,Positif,Uptrend,Bullish,Strong Bullish,Perfect Uptrend (5>20>50),Normal,Akumulasi (Naik),Normal,Dominan Beli (Hajar Kanan),Breakout Upper,Sedang,Normal,Area Tengah,< 1 Miliar,Di Atas VWAP (Kuat),Akumulasi Pro (Smart Money),Gorengan Sepi (< 5M),Anomali Tinggi (150-300%),Mark-Up (Fase Pesta),Normal,Normal,Naik 2 Hari Beruntun,TP: 160 | CL: 151,Normal,Tidak Ideal (< 1:1),Overbought (Jenuh Beli - Rawan),Sentimen Positif 📰,Normal / Sedang Transisi,Mendekati Fibo 38.2%,9,BELI,TIDAK ADA,2026-08-21 16:40:01,Biasa / Mengikuti Pasar
16:40,AGRS,Token Mati (Perlu Update),Mid Cap (Lapis 2),Undervalued (Murah),11.012433,0.5013261,62.0,61,59,67,1.639344262295082,3721600,Normal,55,Positif,Uptrend,Bearish,Strong Bullish,Konsolidasi / Transisi,Normal,Akumulasi (Naik),Normal,Dominan Beli (Hajar Kanan),Squeeze,Rendah,Marubozu (Strong Bullish),Area Tengah,< 1 Miliar,Di Atas VWAP (Kuat),Distribusi Pro (Guyuran),Gorengan Sepi (< 5M),Normal (50-150%),Mark-Up (Fase Pesta),Normal,Normal,Naik 1 Hari Beruntun,TP: 64 | CL: 60,Open = Low (Bullish Kuat),Ideal (1:2),Netral / Sideways,Sentimen Positif 📰,Normal / Sedang Transisi,Dekat Support Fibo 38.2%,7,BELI,TIDAK ADA,2026-08-21 16:40:01,Biasa / Mengikuti Pasar
16:40,AHAP,Token Mati (Perlu Update),Small Cap (Lapis 3),Fair Value (Wajar),0.0,2.8720107,101.0,95,88,110,-3.8095238095238098,27777700,Tembus MA20,58,Negatif,Uptrend,Bullish,Strong Bullish,Perfect Uptrend (5>20>50),Normal,Akumulasi (Naik),Normal,Dominan Jual (Guyur),Normal,Tinggi,Normal,Rawan Pucuk (High Risk),> 1 Miliar,Di Bawah VWAP (Lemah),Akumulasi Pro (Smart Money),Gorengan Sepi (< 5M),Normal (50-150%),Mark-Up (Fase Pesta),Normal,Normal,Turun 3 Hari Beruntun,TP: 108 | CL: 95,Normal,Tidak Ideal (< 1:1),Death Cross (Awal Bearish),Netral / Sepi Berita,Normal / Sedang Transisi,Mengambang (Jauh dari Fibo),6,WAIT & SEE,TIDAK ADA,2026-08-21 16:40:01,Biasa / Mengikuti Pasar
16:40,AIMS,Token Mati (Perlu Update),Small Cap (Lapis 3),Overvalued (Mahal),20.693722,298.06952,386.0,388,332,440,-1.530612244897959,345500,Normal,48,Negatif,Downtrend,Death Cross,Bullish MACD,Strong Downtrend (5<20<50),Normal,Akumulasi (Naik),Normal,Seimbang / Adu Mekanik,Normal,Sedang,Normal,Rawan Pucuk (High Risk),< 1 Miliar,Persis di VWAP,Akumulasi Pro (Smart Money),Gorengan Sepi (< 5M),Normal (50-150%),Mark-Down (Fase Runtuh),Normal,Normal,Turun 1 Hari Beruntun,TP: 412 | CL: 368,Normal,Menengah (1:1),Netral / Sideways,Netral / Sepi Berita,Normal / Sedang Transisi,Mendekati Fibo 61.8% (Golden Ratio),2,WAIT & SEE,TIDAK ADA,2026-08-21 16:40:01,Biasa / Mengikuti Pasar
16:40,PNSE,Token Mati (Perlu Update),Small Cap (Lapis 3),Overvalued (Mahal),0.0,3.3648105,505.0,491,466,535,1.0,387000,Tembus MA20,55,Positif,Uptrend,Bullish,Bullish MACD,Awal Reversal (5>20),Distribusi Kuat,Akumulasi (Naik),Gap Up (+7.0%),Seimbang / Adu Mekanik,Squeeze,Rendah,Normal,Area Tengah,< 1 Miliar,Persis di VWAP,Distribusi Pro (Guyuran),Gorengan Sepi (< 5M),Ledakan Ekstrem (> 300%),Accumulation (Kumpul Barang),Spesialis Tiang Jemuran (Banting Pucuk),Normal,Naik 3 Hari Beruntun,TP: 540 | CL: 481,Open = High (Tekanan Jual),Tidak Ideal (< 1:1),Netral / Sideways,Netral / Sepi Berita,Supply Banjir (Distribusi) 🌊,Dekat Support Fibo 78.6%,8,BELI,TIDAK ADA,2026-08-21 16:40:01,Biasa / Mengikuti Pasar
16:40,POLY,Token Mati (Perlu Update),Small Cap (Lapis 3),Overvalued (Mahal),31999.998,-78.23961,32.0,32,32,32,0.0,0,Normal,0,Negatif,Downtrend,Bearish,Bearish MACD,Konsolidasi / Transisi,Normal,Netral,Normal,Tidak Ada Transaksi,Squeeze,Rendah,Doji (Ragu-ragu),Dekat Support (Low Risk),< 1 Miliar,Di Atas VWAP (Kuat),Netral,Gorengan Sepi (< 5M),Normal (50-150%),Sideways,Solid (Jarang Dibanting),Normal,Sideways / Stagnan,TP: 33 | CL: 31,Normal,Di Area Support,Oversold (Jenuh Jual - Peluang),Netral / Sepi Berita,Normal / Sedang Transisi,Normal / Sideways,0,WAIT & SEE,TIDAK ADA,2026-08-21 16:40:01,Biasa / Mengikuti Pasar
16:40,PPRO,Token Mati (Perlu Update),Small Cap (Lapis 3),Fair Value (Wajar),0.0,-0.23144466,16.0,16,15,18,-5.88235294117647,25187600,Tembus MA20,43,Negatif,Downtrend,Bullish,Bearish MACD,Awal Reversal (5>20),Normal,Distribusi (Turun),Gap Down (-5.9%),Tidak Ada Transaksi,Normal,Tinggi,Doji (Ragu-ragu),Area Tengah,< 1 Miliar,Di Bawah VWAP (Lemah),Akumulasi Pro (Smart Money),Gorengan Sepi (< 5M),Normal (50-150%),Mark-Down (Fase Runtuh),Solid (Jarang Dibanting),Normal,Turun 1 Hari Beruntun,TP: 17 | CL: 15,Normal,Ideal (1:2),Netral / Sideways,Netral / Sepi Berita,Normal / Sedang Transisi,Mendekati Fibo 50.0%,2,WAIT & SEE,TIDAK ADA,2026-08-21 16:40:01,Biasa / Mengikuti Pasar
