Waktu Update,Ticker,Broksum,Kategori,Valuasi,PER (x),PBV (x),Harga (Rp),Harga MA20,Support,Resistance,Change (%),Volume,Vol Breakout,RSI (14D),Momentum,MA Signal,MA Cross,MACD,"Trend MA (5,20,50)",Status Bandar,OBV Trend,Status Gap,Tekanan Bandar,Status BB,Risiko,Pola Candle,Posisi Entry,Likuiditas,Posisi VWAP,Kekuatan A/D,Kelas Transaksi,RVOL (Anomali Vol),Fase Siklus Bandar,Karakter Gorengan,Sinyal Cuci Barang,Streak Harian,Auto Trading Plan,Status Open,Risk/Reward Ratio,Status Stochastic,Status Sentimen,Kondisi Supply,Status Fibonacci,Total Score,Rekomendasi,Status Akuisisi,Terakhir Update,Prediksi Machine Learning
09:00,AALI,Token Mati (Perlu Update),Big Cap (Lapis 1),Undervalued (Murah),8.216885,0.6456239,8050.0,7506,6775,8150,0.9404388714733543,1788500,Tembus MA20,74,Positif,Uptrend,Bullish,Strong Bullish,Perfect Uptrend (5>20>50),Normal,Akumulasi (Naik),Normal,Seimbang / Adu Mekanik,Normal,Tinggi,Normal,Rawan Pucuk (High Risk),> 1 Miliar,Di Atas VWAP (Kuat),Akumulasi Pro (Smart Money),Ritel Aktif (5M - 50M),Normal (50-150%),Mark-Up (Fase Pesta),Normal,Normal,Naik 1 Hari Beruntun,TP: 8358 | CL: 7844,Open = Low (Bullish Kuat),Tidak Ideal (< 1:1),Overbought (Jenuh Beli - Rawan),Netral / Sepi Berita,Normal / Sedang Transisi,Mendekati Fibo 23.6%,7,BELI,TIDAK ADA,2026-09-01 09:00:03,Biasa / Mengikuti Pasar
09:00,ABDA,Transaksi Sepi (Skip Broksum),Mid Cap (Lapis 2),Fair Value (Wajar),21.83406,1.3802246,4000.0,3764,3420,4340,4.986876640419948,13000,Tembus MA20,88,Positif,Uptrend,Bullish,Strong Bullish,Perfect Uptrend (5>20>50),Akumulasi Kuat,Akumulasi (Naik),Normal,Seimbang / Adu Mekanik,Normal,Sedang,Normal,Rawan Pucuk (High Risk),< 1 Miliar,Persis di VWAP,Distribusi Pro (Guyuran),Gorengan Sepi (< 5M),Ledakan Ekstrem (> 300%),Mark-Up (Fase Pesta),Spesialis Tiang Jemuran (Banting Pucuk),Normal,Naik 1 Hari Beruntun,TP: 4095 | CL: 3936,Open = Low (Bullish Kuat),Tidak Ideal (< 1:1),Golden Cross (Awal Bullish),Netral / Sepi Berita,Normal / Sedang Transisi,Dekat Support Fibo 23.6%,8,BELI,TIDAK ADA,2026-09-01 09:00:03,Biasa / Mengikuti Pasar
09:00,ABMM,Token Mati (Perlu Update),Mid Cap (Lapis 2),Overvalued (Mahal),5.1361456,8421.053,2720.0,2668,2490,2820,-0.3663003663003663,972400,Tembus MA20,65,Negatif,Uptrend,Bullish,Bearish MACD,Perfect Uptrend (5>20>50),Distribusi Kuat,Distribusi (Turun),Normal,Dominan Jual (Guyur),Normal,Sedang,Doji (Ragu-ragu),Area Tengah,> 1 Miliar,Persis di VWAP,Distribusi Pro (Guyuran),Gorengan Sepi (< 5M),Anomali Tinggi (150-300%),Mark-Up (Fase Pesta),Normal,Normal,Turun 1 Hari Beruntun,TP: 2802 | CL: 2665,Normal,Tidak Ideal (< 1:1),Netral / Sideways,Netral / Sepi Berita,Normal / Sedang Transisi,Dekat Support Fibo 23.6%,4,WAIT & SEE,TIDAK ADA,2026-09-01 09:00:03,Biasa / Mengikuti Pasar
09:00,ACES,Token Mati (Perlu Update),Mid Cap (Lapis 2),Undervalued (Murah),7.9749107,0.9576972,356.0,357,348,368,-1.1111111111111112,28927000,Tembus MA20,51,Negatif,Downtrend,Bullish,Bearish MACD,Perfect Uptrend (5>20>50),Normal,Distribusi (Turun),Normal,Seimbang / Adu Mekanik,Squeeze,Rendah,Normal,Dekat Support (Low Risk),> 1 Miliar,Persis di VWAP,Distribusi Pro (Guyuran),Ritel Aktif (5M - 50M),Normal (50-150%),Distribution (Fase Jualan),Solid (Jarang Dibanting),Normal,Turun 1 Hari Beruntun,TP: 368 | CL: 347,Open = High (Tekanan Jual),Menengah (1:1),Netral / Sideways,Netral / Sepi Berita,Normal / Sedang Transisi,Dekat Support Fibo 23.6%,3,WAIT & SEE,TIDAK ADA,2026-09-01 09:00:03,Biasa / Mengikuti Pasar
09:00,ACST,Transaksi Sepi (Skip Broksum),Mid Cap (Lapis 2),Fair Value (Wajar),0.0,-2.420095,87.0,85,83,88,2.3529411764705883,245400,Normal,58,Positif,Uptrend,Golden Cross,Bearish MACD,Perfect Uptrend (5>20>50),Normal,Akumulasi (Naik),Normal,Dominan Beli (Hajar Kanan),Squeeze,Rendah,Marubozu (Strong Bullish),Area Tengah,< 1 Miliar,Di Atas VWAP (Kuat),Akumulasi Pro (Smart Money),Gorengan Sepi (< 5M),Normal (50-150%),Mark-Up (Fase Pesta),Normal,Normal,Naik 1 Hari Beruntun,TP: 88 | CL: 85,Open = Low (Bullish Kuat),Tidak Ideal (< 1:1),Netral / Sideways,Netral / Sepi Berita,Normal / Sedang Transisi,Dekat Support Fibo 23.6%,6,WAIT & SEE,TIDAK ADA,2026-09-01 09:00:03,Biasa / Mengikuti Pasar
09:00,ADES,Transaksi Sepi (Skip Broksum),Big Cap (Lapis 1),Overvalued (Mahal),19.944674,5.3962197,32300.0,32852,30375,35500,-0.07733952049497293,9000,Normal,45,Negatif,Downtrend,Bearish,Strong Bearish,Strong Downtrend (5<20<50),Normal,Distribusi (Turun),Normal,Tidak Ada Transaksi,Normal,Sedang,Doji (Ragu-ragu),Area Tengah,< 1 Miliar,Persis di VWAP,Distribusi Pro (Guyuran),Gorengan Sepi (< 5M),Normal (50-150%),Mark-Down (Fase Runtuh),Normal,Normal,Turun 4 Hari Beruntun,TP: 32795 | CL: 31969,Normal,Ideal (1:2),Netral / Sideways,Netral / Sepi Berita,Normal / Sedang Transisi,Dekat Support Fibo 38.2%,0,WAIT & SEE,TIDAK ADA,2026-09-01 09:00:03,Biasa / Mengikuti Pasar
09:00,AISA,Transaksi Sepi (Skip Broksum),Small Cap (Lapis 3),Undervalued (Murah),12.632696,0.93287235,119.0,118,111,127,1.7094017094017095,4327800,Normal,54,Positif,Uptrend,Bearish,Bearish MACD,Konsolidasi / Transisi,Normal,Akumulasi (Naik),Normal,Seimbang / Adu Mekanik,Squeeze,Rendah,Normal,Area Tengah,< 1 Miliar,Di Atas VWAP (Kuat),Distribusi Pro (Guyuran),Gorengan Sepi (< 5M),Normal (50-150%),Mark-Up (Fase Pesta),Spesialis Tiang Jemuran (Banting Pucuk),Normal,Naik 1 Hari Beruntun,TP: 125 | CL: 114,Open = Low (Bullish Kuat),Menengah (1:1),Netral / Sideways,Netral / Sepi Berita,Normal / Sedang Transisi,Mendekati Fibo 50.0%,4,WAIT & SEE,TIDAK ADA,2026-09-01 09:00:03,Biasa / Mengikuti Pasar
09:00,AKPI,Transaksi Sepi (Skip Broksum),Small Cap (Lapis 3),Undervalued (Murah),3.661714,0.16444778,520.0,505,490,555,4.0,1068200,Tembus MA20,62,Positif,Uptrend,Bearish,Bearish MACD,Konsolidasi / Transisi,Akumulasi Kuat,Akumulasi (Naik),Normal,Dominan Beli (Hajar Kanan),Squeeze,Rendah,Normal,Area Tengah,< 1 Miliar,Di Atas VWAP (Kuat),Distribusi Pro (Guyuran),Gorengan Sepi (< 5M),Anomali Tinggi (150-300%),Mark-Up (Fase Pesta),Spesialis Tiang Jemuran (Banting Pucuk),Normal,Naik 3 Hari Beruntun,TP: 541 | CL: 505,Normal,Menengah (1:1),Netral / Sideways,Netral / Sepi Berita,Normal / Sedang Transisi,Mendekati Fibo 61.8% (Golden Ratio),7,BELI,TIDAK ADA,2026-09-01 09:00:03,Biasa / Mengikuti Pasar
09:00,AKRA,Token Mati (Perlu Update),Big Cap (Lapis 1),Fair Value (Wajar),10.559547,2.2231696,1455.0,1407,1350,1470,6.593406593406594,25788900,Tembus MA20,63,Positif,Uptrend,Bearish,Bearish MACD,Konsolidasi / Transisi,Akumulasi Kuat,Akumulasi (Naik),Normal,Dominan Beli (Hajar Kanan),Squeeze,Rendah,Marubozu (Strong Bullish),Area Tengah,> 1 Miliar,Di Atas VWAP (Kuat),Akumulasi Pro (Smart Money),Ritel Aktif (5M - 50M),Anomali Tinggi (150-300%),Mark-Up (Fase Pesta),Normal,Normal,Naik 1 Hari Beruntun,TP: 1503 | CL: 1422,Normal,Tidak Ideal (< 1:1),Netral / Sideways,Netral / Sepi Berita,Normal / Sedang Transisi,Mendekati Fibo 23.6%,7,BELI,TIDAK ADA,2026-09-01 09:00:03,Biasa / Mengikuti Pasar
09:00,AKSI,Transaksi Sepi (Skip Broksum),Small Cap (Lapis 3),Undervalued (Murah),9.81547,1.1278839,250.0,233,218,280,3.3057851239669422,1697100,Tembus MA20,67,Positif,Uptrend,Bullish,Strong Bullish,Perfect Uptrend (5>20>50),Akumulasi Kuat,Akumulasi (Naik),Normal,Seimbang / Adu Mekanik,Breakout Upper,Sedang,Doji (Ragu-ragu),Rawan Pucuk (High Risk),< 1 Miliar,Persis di VWAP,Distribusi Pro (Guyuran),Gorengan Sepi (< 5M),Anomali Tinggi (150-300%),Mark-Up (Fase Pesta),Spesialis Tiang Jemuran (Banting Pucuk),Normal,Naik 2 Hari Beruntun,TP: 276 | CL: 232,Normal,Tidak Ideal (< 1:1),Netral / Sideways,Netral / Sepi Berita,Normal / Sedang Transisi,Mengambang (Jauh dari Fibo),8,BELI,TIDAK ADA,2026-09-01 09:00:03,Biasa / Mengikuti Pasar
09:00,ALDO,Transaksi Sepi (Skip Broksum),Mid Cap (Lapis 2),Overvalued (Mahal),28.169016,2.2859533,940.0,880,795,1035,2.1739130434782608,73000,Normal,64,Positif,Uptrend,Bullish,Bearish MACD,Perfect Uptrend (5>20>50),Normal,Akumulasi (Naik),Normal,Dominan Beli (Hajar Kanan),Normal,Tinggi,Normal,Rawan Pucuk (High Risk),< 1 Miliar,Di Atas VWAP (Kuat),Akumulasi Pro (Smart Money),Gorengan Sepi (< 5M),Normal (50-150%),Mark-Up (Fase Pesta),Spesialis Tiang Jemuran (Banting Pucuk),Normal,Naik 1 Hari Beruntun,TP: 1047 | CL: 868,Normal,Tidak Ideal (< 1:1),Netral / Sideways,Netral / Sepi Berita,Normal / Sedang Transisi,Mengambang (Jauh dari Fibo),6,WAIT & SEE,TIDAK ADA,2026-09-01 09:00:03,Biasa / Mengikuti Pasar
09:00,AMAG,Transaksi Sepi (Skip Broksum),Mid Cap (Lapis 2),Undervalued (Murah),8.695652,0.9027945,390.0,389,376,390,0.0,72500,Normal,53,Negatif,Uptrend,Bullish,Strong Bullish,Awal Reversal (5>20),Normal,Akumulasi (Naik),Normal,Dominan Beli (Hajar Kanan),Squeeze,Rendah,Normal,Area Tengah,< 1 Miliar,Persis di VWAP,Akumulasi Pro (Smart Money),Gorengan Sepi (< 5M),Normal (50-150%),Accumulation (Kumpul Barang),Solid (Jarang Dibanting),Normal,Sideways / Stagnan,TP: 397 | CL: 385,Normal,Tidak Ideal (< 1:1),Overbought (Jenuh Beli - Rawan),Netral / Sepi Berita,Supply Kering (Siap Pump) 🏜️,Golden Rebound Fibo 23.6% 🎯,6,WAIT & SEE,TIDAK ADA,2026-09-01 09:00:03,Biasa / Mengikuti Pasar
09:00,AMFG,Transaksi Sepi (Skip Broksum),Mid Cap (Lapis 2),Undervalued (Murah),12.804245,0.30211645,3330.0,3333,3220,3400,0.0,21800,Normal,61,Negatif,Downtrend,Death Cross,Bearish MACD,Konsolidasi / Transisi,Normal,Netral,Normal,Dominan Beli (Hajar Kanan),Squeeze,Rendah,Doji (Ragu-ragu),Area Tengah,< 1 Miliar,Persis di VWAP,Akumulasi Pro (Smart Money),Gorengan Sepi (< 5M),Normal (50-150%),Distribution (Fase Jualan),Normal,Jarum Bawah (Sinyal Pantulan Kuat),Sideways / Stagnan,TP: 3394 | CL: 3287,Normal,Tidak Ideal (< 1:1),Netral / Sideways,Netral / Sepi Berita,Supply Kering (Siap Pump) 🏜️,Mendekati Fibo 23.6%,2,WAIT & SEE,TIDAK ADA,2026-09-01 09:00:03,Biasa / Mengikuti Pasar
09:00,AMIN,Transaksi Sepi (Skip Broksum),Small Cap (Lapis 3),Fair Value (Wajar),0.0,1.3259125,248.0,243,230,300,1.639344262295082,514300,Tembus MA20,56,Positif,Uptrend,Bearish,Bullish MACD,Strong Downtrend (5<20<50),Akumulasi Kuat,Akumulasi (Naik),Normal,Seimbang / Adu Mekanik,Squeeze,Rendah,Normal,Area Tengah,< 1 Miliar,Di Bawah VWAP (Lemah),Distribusi Pro (Guyuran),Gorengan Sepi (< 5M),Normal (50-150%),Accumulation (Kumpul Barang),Spesialis Tiang Jemuran (Banting Pucuk),Normal,Naik 3 Hari Beruntun,TP: 267 | CL: 235,Normal,Ideal (1:2),Netral / Sideways,Netral / Sepi Berita,Normal / Sedang Transisi,Dekat Support Fibo 61.8% (Golden Ratio),7,BELI,TIDAK ADA,2026-09-01 09:00:03,Biasa / Mengikuti Pasar
09:00,AMRT,Token Mati (Perlu Update),Big Cap (Lapis 1),Overvalued (Mahal),15.528672,3.081753,1335.0,1376,1310,1455,-0.3731343283582089,72131700,Tembus MA20,44,Negatif,Downtrend,Death Cross,Strong Bearish,Strong Downtrend (5<20<50),Normal,Distribusi (Turun),Normal,Seimbang / Adu Mekanik,Normal,Sedang,Normal,Dekat Support (Low Risk),> 1 Miliar,Di Bawah VWAP (Lemah),Distribusi Pro (Guyuran),Sultan (> 50M/hari),Anomali Tinggi (150-300%),Mark-Down (Fase Runtuh),Normal,Normal,Turun 5 Hari Beruntun,TP: 1411 | CL: 1284,Normal,Sangat Menarik (> 1:3),Netral / Sideways,Netral / Sepi Berita,Normal / Sedang Transisi,Dekat Support Fibo 50.0%,1,WAIT & SEE,TIDAK ADA,2026-09-01 09:00:03,Biasa / Mengikuti Pasar
09:00,ANJT,Transaksi Sepi (Skip Broksum),Mid Cap (Lapis 2),Fair Value (Wajar),0.0,1.2700977,1610.0,1530,1445,1645,0.9404388714733543,275400,Tembus MA20,66,Positif,Uptrend,Bullish,Strong Bullish,Perfect Uptrend (5>20>50),Akumulasi Kuat,Akumulasi (Naik),Normal,Seimbang / Adu Mekanik,Normal,Sedang,Doji (Ragu-ragu),Rawan Pucuk (High Risk),< 1 Miliar,Persis di VWAP,Distribusi Pro (Guyuran),Gorengan Sepi (< 5M),Anomali Tinggi (150-300%),Mark-Up (Fase Pesta),Spesialis Tiang Jemuran (Banting Pucuk),Normal,Naik 1 Hari Beruntun,TP: 1681 | CL: 1562,Normal,Tidak Ideal (< 1:1),Netral / Sideways,Netral / Sepi Berita,Normal / Sedang Transisi,Mendekati Fibo 23.6%,8,BELI,TIDAK ADA,2026-09-01 09:00:03,Biasa / Mengikuti Pasar
09:00,ANTM,Token Mati (Perlu Update),Big Cap (Lapis 1),Fair Value (Wajar),8.3682,1.9176606,3100.0,3078,2860,3290,-1.89873417721519,88604100,Normal,53,Negatif,Uptrend,Bullish,Bearish MACD,Perfect Uptrend (5>20>50),Normal,Distribusi (Turun),Normal,Dominan Jual (Guyur),Normal,Sedang,Normal,Area Tengah,> 1 Miliar,Di Bawah VWAP (Lemah),Distribusi Pro (Guyuran),Sultan (> 50M/hari),Normal (50-150%),Mark-Up (Fase Pesta),Normal,Normal,Turun 2 Hari Beruntun,TP: 3248 | CL: 3000,Normal,Tidak Ideal (< 1:1),Netral / Sideways,Netral / Sepi Berita,Normal / Sedang Transisi,Dekat Support Fibo 23.6%,3,WAIT & SEE,TIDAK ADA,2026-09-01 09:00:03,Biasa / Mengikuti Pasar
09:00,APEX,Token Mati (Perlu Update),Small Cap (Lapis 3),Overvalued (Mahal),6.5410957,9550.0,191.0,177,146,204,1.5957446808510638,17919700,Normal,66,Positif,Uptrend,Bullish,Bearish MACD,Perfect Uptrend (5>20>50),Normal,Akumulasi (Naik),Gap Up (+2.1%),Seimbang / Adu Mekanik,Normal,Tinggi,Normal,Rawan Pucuk (High Risk),> 1 Miliar,Di Atas VWAP (Kuat),Distribusi Pro (Guyuran),Gorengan Sepi (< 5M),Normal (50-150%),Mark-Up (Fase Pesta),Normal,Normal,Naik 3 Hari Beruntun,TP: 204 | CL: 181,Normal,Tidak Ideal (< 1:1),Netral / Sideways,Netral / Sepi Berita,Normal / Sedang Transisi,Mendekati Fibo 23.6%,6,WAIT & SEE,TIDAK ADA,2026-09-01 09:00:03,Biasa / Mengikuti Pasar
09:00,APIC,Transaksi Sepi (Skip Broksum),Mid Cap (Lapis 2),Overvalued (Mahal),56.753685,1.8148688,500.0,567,480,665,-2.912621359223301,782000,Normal,33,Negatif,Downtrend,Bearish,Strong Bearish,Strong Downtrend (5<20<50),Normal,Distribusi (Turun),Normal,Dominan Jual (Guyur),Normal,Tinggi,Normal,Area Tengah,< 1 Miliar,Di Bawah VWAP (Lemah),Distribusi Pro (Guyuran),Sultan (> 50M/hari),Sepi (< 50%),Mark-Down (Fase Runtuh),Normal,Normal,Turun 2 Hari Beruntun,TP: 553 | CL: 464,Open = High (Tekanan Jual),Sangat Menarik (> 1:3),Netral / Sideways,Netral / Sepi Berita,Normal / Sedang Transisi,Mengambang (Jauh dari Fibo),0,WAIT & SEE,TIDAK ADA,2026-09-01 09:00:03,Biasa / Mengikuti Pasar
09:00,APII,Transaksi Sepi (Skip Broksum),Small Cap (Lapis 3),Undervalued (Murah),10.222554,0.5082767,192.0,189,181,199,0.5235602094240838,11600,Normal,58,Positif,Uptrend,Bullish,Bearish MACD,Perfect Uptrend (5>20>50),Normal,Akumulasi (Naik),Normal,Dominan Beli (Hajar Kanan),Squeeze,Rendah,Marubozu (Strong Bullish),Area Tengah,< 1 Miliar,Di Atas VWAP (Kuat),Akumulasi Pro (Smart Money),Gorengan Sepi (< 5M),Sepi (< 50%),Mark-Up (Fase Pesta),Spesialis Tiang Jemuran (Banting Pucuk),Normal,Naik 1 Hari Beruntun,TP: 198 | CL: 187,Open = Low (Bullish Kuat),Tidak Ideal (< 1:1),Overbought (Jenuh Beli - Rawan),Netral / Sepi Berita,Supply Kering (Siap Pump) 🏜️,Golden Rebound Fibo 23.6% 🎯,6,WAIT & SEE,TIDAK ADA,2026-09-01 09:00:03,Biasa / Mengikuti Pasar
09:00,APLI,Transaksi Sepi (Skip Broksum),Small Cap (Lapis 3),Overvalued (Mahal),25.25725,1.2534412,270.0,261,240,320,0.0,176600,Normal,62,Negatif,Uptrend,Bullish,Strong Bullish,Perfect Uptrend (5>20>50),Normal,Distribusi (Turun),Normal,Seimbang / Adu Mekanik,Normal,Sedang,Doji (Ragu-ragu),Rawan Pucuk (High Risk),< 1 Miliar,Persis di VWAP,Akumulasi Pro (Smart Money),Gorengan Sepi (< 5M),Sepi (< 50%),Mark-Up (Fase Pesta),Spesialis Tiang Jemuran (Banting Pucuk),Normal,Sideways / Stagnan,TP: 293 | CL: 254,Normal,Ideal (1:2),Netral / Sideways,Netral / Sepi Berita,Normal / Sedang Transisi,Dekat Support Fibo 50.0%,4,WAIT & SEE,TIDAK ADA,2026-09-01 09:00:03,Biasa / Mengikuti Pasar
09:00,APLN,Token Mati (Perlu Update),Mid Cap (Lapis 2),Undervalued (Murah),7.5418997,0.26135895,135.0,132,120,163,0.7462686567164178,75525700,Normal,53,Positif,Uptrend,Bullish,Strong Bullish,Perfect Uptrend (5>20>50),Normal,Distribusi (Turun),Normal,Seimbang / Adu Mekanik,Normal,Tinggi,Doji (Ragu-ragu),Rawan Pucuk (High Risk),> 1 Miliar,Di Bawah VWAP (Lemah),Distribusi Pro (Guyuran),Ritel Aktif (5M - 50M),Sepi (< 50%),Mark-Up (Fase Pesta),Spesialis Tiang Jemuran (Banting Pucuk),Normal,Naik 1 Hari Beruntun,TP: 148 | CL: 125,Normal,Ideal (1:2),Netral / Sideways,Netral / Sepi Berita,Normal / Sedang Transisi,Mendekati Fibo 50.0%,5,WAIT & SEE,TIDAK ADA,2026-09-01 09:00:03,Biasa / Mengikuti Pasar
09:00,ARGO,Transaksi Sepi (Skip Broksum),Mid Cap (Lapis 2),Overvalued (Mahal),138.95631,22.781536,1145.0,1162,1075,1255,0.881057268722467,105900,Normal,55,Positif,Downtrend,Bearish,Bearish MACD,Konsolidasi / Transisi,Normal,Akumulasi (Naik),Normal,Dominan Beli (Hajar Kanan),Squeeze,Rendah,Marubozu (Strong Bullish),Area Tengah,< 1 Miliar,Di Atas VWAP (Kuat),Akumulasi Pro (Smart Money),Gorengan Sepi (< 5M),Sepi (< 50%),Distribution (Fase Jualan),Normal,Normal,Naik 1 Hari Beruntun,TP: 1214 | CL: 1098,Open = Low (Bullish Kuat),Ideal (1:2),Golden Cross (Awal Bullish),Netral / Sepi Berita,Normal / Sedang Transisi,Mendekati Fibo 23.6%,4,WAIT & SEE,TIDAK ADA,2026-09-01 09:00:03,Biasa / Mengikuti Pasar
09:00,ARII,Transaksi Sepi (Skip Broksum),Mid Cap (Lapis 2),Overvalued (Mahal),12.852113,13904.762,292.0,283,260,318,0.0,21400,Normal,60,Negatif,Uptrend,Bullish,Strong Bullish,Perfect Uptrend (5>20>50),Normal,Akumulasi (Naik),Gap Up (+2.1%),Dominan Jual (Guyur),Normal,Sedang,Normal,Rawan Pucuk (High Risk),< 1 Miliar,Persis di VWAP,Akumulasi Pro (Smart Money),Gorengan Sepi (< 5M),Sepi (< 50%),Mark-Up (Fase Pesta),Spesialis Tiang Jemuran (Banting Pucuk),Normal,Sideways / Stagnan,TP: 314 | CL: 276,Open = High (Tekanan Jual),Tidak Ideal (< 1:1),Netral / Sideways,Netral / Sepi Berita,Supply Kering (Siap Pump) 🏜️,Golden Rebound Fibo 38.2% 🎯,6,WAIT & SEE,TIDAK ADA,2026-09-01 09:00:03,Biasa / Mengikuti Pasar
09:00,ARNA,Token Mati (Perlu Update),Mid Cap (Lapis 2),Fair Value (Wajar),8.298617,1.9265065,498.0,495,484,505,1.6326530612244898,3150900,Normal,72,Positif,Uptrend,Bearish,Bearish MACD,Konsolidasi / Transisi,Normal,Akumulasi (Naik),Normal,Dominan Beli (Hajar Kanan),Squeeze,Rendah,Normal,Dekat Support (Low Risk),> 1 Miliar,Di Atas VWAP (Kuat),Akumulasi Pro (Smart Money),Gorengan Sepi (< 5M),Normal (50-150%),Mark-Up (Fase Pesta),Normal,Normal,Naik 1 Hari Beruntun,TP: 508 | CL: 491,Normal,Tidak Ideal (< 1:1),Netral / Sideways,Netral / Sepi Berita,Normal / Sedang Transisi,Mendekati Fibo 23.6%,5,WAIT & SEE,TIDAK ADA,2026-09-01 09:00:03,Biasa / Mengikuti Pasar
09:00,ARTA,Transaksi Sepi (Skip Broksum),Mid Cap (Lapis 2),Overvalued (Mahal),0.0,6.7204103,2300.0,2358,2210,2950,1.7699115044247788,800,Normal,45,Positif,Downtrend,Bearish,Strong Bearish,Strong Downtrend (5<20<50),Normal,Akumulasi (Naik),Gap Up (+2.2%),Seimbang / Adu Mekanik,Normal,Tinggi,Doji (Ragu-ragu),Area Tengah,< 1 Miliar,Persis di VWAP,Akumulasi Pro (Smart Money),Gorengan Sepi (< 5M),Sepi (< 50%),Mark-Down (Fase Runtuh),Normal,Normal,Naik 1 Hari Beruntun,TP: 2405 | CL: 2230,Normal,Sangat Menarik (> 1:3),Golden Cross (Awal Bullish),Netral / Sepi Berita,Normal / Sedang Transisi,Mendekati Fibo 78.6%,3,WAIT & SEE,TIDAK ADA,2026-09-01 09:00:03,Biasa / Mengikuti Pasar
09:00,ARTO,Token Mati (Perlu Update),Big Cap (Lapis 1),Overvalued (Mahal),40.653812,1.4895669,970.0,1156,940,1355,-3.0,126076700,Tembus MA20,33,Negatif,Downtrend,Bearish,Strong Bearish,Konsolidasi / Transisi,Distribusi Kuat,Distribusi (Turun),Normal,Dominan Jual (Guyur),Normal,Tinggi,Normal,Area Tengah,> 1 Miliar,Di Bawah VWAP (Lemah),Distribusi Pro (Guyuran),Ritel Aktif (5M - 50M),Ledakan Ekstrem (> 300%),Distribution (Fase Jualan),Normal,Normal,Turun 1 Hari Beruntun,TP: 1049 | CL: 916,Normal,Sangat Menarik (> 1:3),Oversold (Jenuh Jual - Peluang),Netral / Sepi Berita,Supply Banjir (Distribusi) 🌊,Mengambang (Jauh dari Fibo),1,WAIT & SEE,TIDAK ADA,2026-09-01 09:00:03,Biasa / Mengikuti Pasar
09:00,ASBI,Transaksi Sepi (Skip Broksum),Small Cap (Lapis 3),Undervalued (Murah),8.010409,0.2951722,394.0,416,390,525,-0.5050505050505051,202900,Tembus MA20,38,Negatif,Downtrend,Bearish,Strong Bearish,Strong Downtrend (5<20<50),Normal,Distribusi (Turun),Gap Up (+2.5%),Dominan Jual (Guyur),Normal,Sedang,Normal,Dekat Support (Low Risk),< 1 Miliar,Di Bawah VWAP (Lemah),Distribusi Pro (Guyuran),Gorengan Sepi (< 5M),Normal (50-150%),Mark-Down (Fase Runtuh),Normal,Normal,Turun 2 Hari Beruntun,TP: 428 | CL: 370,Open = High (Tekanan Jual),Sangat Menarik (> 1:3),Netral / Sideways,Netral / Sepi Berita,Supply Banjir (Distribusi) 🌊,Mendekati Fibo Bottom / 100%,2,WAIT & SEE,TIDAK ADA,2026-09-01 09:00:03,Biasa / Mengikuti Pasar
09:00,ASDM,Transaksi Sepi (Skip Broksum),Small Cap (Lapis 3),Undervalued (Murah),10.308247,0.54733026,515.0,512,500,555,1.9801980198019802,70700,Tembus MA20,53,Positif,Uptrend,Bearish,Bearish MACD,Konsolidasi / Transisi,Akumulasi Kuat,Akumulasi (Naik),Normal,Dominan Jual (Guyur),Squeeze,Rendah,Normal,Dekat Support (Low Risk),< 1 Miliar,Persis di VWAP,Akumulasi Pro (Smart Money),Gorengan Sepi (< 5M),Anomali Tinggi (150-300%),Mark-Up (Fase Pesta),Normal,Normal,Naik 1 Hari Beruntun,TP: 534 | CL: 502,Normal,Ideal (1:2),Netral / Sideways,Netral / Sepi Berita,Normal / Sedang Transisi,Dekat Support Fibo 50.0%,6,WAIT & SEE,TIDAK ADA,2026-09-01 09:00:03,Biasa / Mengikuti Pasar
09:00,ASGR,Token Mati (Perlu Update),Mid Cap (Lapis 2),Fair Value (Wajar),9.930531,1.5456378,2230.0,1848,1740,2410,6.698564593301436,6785400,Tembus MA20,83,Positif,Uptrend,Bullish,Strong Bullish,Perfect Uptrend (5>20>50),Akumulasi Kuat,Akumulasi (Naik),Gap Up (+6.2%),Dominan Jual (Guyur),Breakout Upper,Tinggi,Doji (Ragu-ragu),Rawan Pucuk (High Risk),> 1 Miliar,Di Atas VWAP (Kuat),Distribusi Pro (Guyuran),Ritel Aktif (5M - 50M),Anomali Tinggi (150-300%),Mark-Up (Fase Pesta),Spesialis Tiang Jemuran (Banting Pucuk),Normal,Naik 1 Hari Beruntun,TP: 2363 | CL: 2140,Normal,Tidak Ideal (< 1:1),Netral / Sideways,Netral / Sepi Berita,Normal / Sedang Transisi,Mendekati Fibo 23.6%,9,BELI,TIDAK ADA,2026-09-01 09:00:03,Biasa / Mengikuti Pasar
09:00,ASII,Token Mati (Perlu Update),Big Cap (Lapis 1),Undervalued (Murah),6.4850845,0.83286804,4800.0,4893,4720,5275,0.0,79688700,Tembus MA20,44,Negatif,Downtrend,Bearish,Strong Bearish,Konsolidasi / Transisi,Normal,Akumulasi (Naik),Normal,Seimbang / Adu Mekanik,Normal,Sedang,Doji (Ragu-ragu),Dekat Support (Low Risk),> 1 Miliar,Persis di VWAP,Akumulasi Pro (Smart Money),Sultan (> 50M/hari),Anomali Tinggi (150-300%),Distribution (Fase Jualan),Normal,Normal,Sideways / Stagnan,TP: 4931 | CL: 4712,Normal,Sangat Menarik (> 1:3),Golden Cross (Awal Bullish),Netral / Sepi Berita,Normal / Sedang Transisi,Dekat Support Fibo 61.8% (Golden Ratio),2,WAIT & SEE,TIDAK ADA,2026-09-01 09:00:03,Biasa / Mengikuti Pasar
09:00,ASJT,Transaksi Sepi (Skip Broksum),Small Cap (Lapis 3),Fair Value (Wajar),0.0,0.75026006,163.0,157,149,169,1.875,122700,Normal,56,Positif,Uptrend,Bullish,Strong Bullish,Awal Reversal (5>20),Normal,Akumulasi (Naik),Normal,Dominan Beli (Hajar Kanan),Normal,Sedang,Normal,Area Tengah,< 1 Miliar,Di Atas VWAP (Kuat),Akumulasi Pro (Smart Money),Gorengan Sepi (< 5M),Normal (50-150%),Accumulation (Kumpul Barang),Normal,Normal,Naik 1 Hari Beruntun,TP: 169 | CL: 158,Normal,Tidak Ideal (< 1:1),Netral / Sideways,Netral / Sepi Berita,Supply Kering (Siap Pump) 🏜️,Golden Rebound Fibo 61.8% (Golden Ratio) 🎯,7,BELI,TIDAK ADA,2026-09-01 09:00:03,Biasa / Mengikuti Pasar
09:00,ASMI,Transaksi Sepi (Skip Broksum),Small Cap (Lapis 3),Fair Value (Wajar),0.0,0.55347997,16.0,16,15,18,6.666666666666667,3559400,Normal,48,Positif,Downtrend,Bearish,Strong Bearish,Strong Downtrend (5<20<50),Normal,Distribusi (Turun),Normal,Dominan Beli (Hajar Kanan),Normal,Tinggi,Marubozu (Strong Bullish),Area Tengah,< 1 Miliar,Di Atas VWAP (Kuat),Distribusi Pro (Guyuran),Gorengan Sepi (< 5M),Sepi (< 50%),Mark-Down (Fase Runtuh),Normal,Normal,Naik 1 Hari Beruntun,TP: 17 | CL: 15,Open = Low (Bullish Kuat),Ideal (1:2),Golden Cross (Awal Bullish),Netral / Sepi Berita,Normal / Sedang Transisi,Mengambang (Jauh dari Fibo),2,WAIT & SEE,TIDAK ADA,2026-09-01 09:00:03,Biasa / Mengikuti Pasar
09:00,ASRI,Token Mati (Perlu Update),Mid Cap (Lapis 2),Undervalued (Murah),8.632597,0.21336119,125.0,123,115,141,0.0,13829200,Normal,55,Negatif,Uptrend,Bullish,Bearish MACD,Perfect Uptrend (5>20>50),Normal,Distribusi (Turun),Normal,Seimbang / Adu Mekanik,Normal,Sedang,Doji (Ragu-ragu),Area Tengah,> 1 Miliar,Persis di VWAP,Distribusi Pro (Guyuran),Gorengan Sepi (< 5M),Sepi (< 50%),Mark-Up (Fase Pesta),Normal,Normal,Sideways / Stagnan,TP: 132 | CL: 119,Normal,Ideal (1:2),Golden Cross (Awal Bullish),Netral / Sepi Berita,Normal / Sedang Transisi,Dekat Support Fibo 38.2%,3,WAIT & SEE,TIDAK ADA,2026-09-01 09:00:03,Biasa / Mengikuti Pasar
09:00,ASRM,Transaksi Sepi (Skip Broksum),Small Cap (Lapis 3),Overvalued (Mahal),65.40285,0.4545844,276.0,270,250,288,0.0,19400,Normal,62,Negatif,Uptrend,Bullish,Strong Bullish,Perfect Uptrend (5>20>50),Normal,Akumulasi (Naik),Normal,Seimbang / Adu Mekanik,Squeeze,Rendah,Normal,Rawan Pucuk (High Risk),< 1 Miliar,Persis di VWAP,Distribusi Pro (Guyuran),Gorengan Sepi (< 5M),Sepi (< 50%),Mark-Up (Fase Pesta),Spesialis Tiang Jemuran (Banting Pucuk),Normal,Sideways / Stagnan,TP: 286 | CL: 269,Open = Low (Bullish Kuat),Tidak Ideal (< 1:1),Death Cross (Awal Bearish),Netral / Sepi Berita,Normal / Sedang Transisi,Dekat Support Fibo 23.6%,5,WAIT & SEE,TIDAK ADA,2026-09-01 09:00:03,Biasa / Mengikuti Pasar
09:00,ASSA,Token Mati (Perlu Update),Mid Cap (Lapis 2),Undervalued (Murah),5.6691365,1.0367093,635.0,629,595,685,0.0,6506000,Normal,55,Negatif,Uptrend,Death Cross,Bearish MACD,Konsolidasi / Transisi,Normal,Distribusi (Turun),Gap Up (+2.4%),Dominan Jual (Guyur),Normal,Sedang,Normal,Area Tengah,> 1 Miliar,Persis di VWAP,Distribusi Pro (Guyuran),Ritel Aktif (5M - 50M),Normal (50-150%),Mark-Up (Fase Pesta),Spesialis Tiang Jemuran (Banting Pucuk),Normal,Sideways / Stagnan,TP: 671 | CL: 610,Open = High (Tekanan Jual),Menengah (1:1),Golden Cross (Awal Bullish),Netral / Sepi Berita,Normal / Sedang Transisi,Mendekati Fibo 38.2%,3,WAIT & SEE,TIDAK ADA,2026-09-01 09:00:03,Biasa / Mengikuti Pasar
09:00,ATIC,Transaksi Sepi (Skip Broksum),Mid Cap (Lapis 2),Fair Value (Wajar),7.3743014,1.7157501,462.0,465,450,482,-1.282051282051282,54400,Normal,46,Negatif,Downtrend,Bullish,Bullish MACD,Awal Reversal (5>20),Normal,Distribusi (Turun),Normal,Dominan Jual (Guyur),Squeeze,Rendah,Normal,Dekat Support (Low Risk),< 1 Miliar,Persis di VWAP,Akumulasi Pro (Smart Money),Gorengan Sepi (< 5M),Normal (50-150%),Mark-Down (Fase Runtuh),Normal,Normal,Turun 1 Hari Beruntun,TP: 477 | CL: 451,Open = High (Tekanan Jual),Ideal (1:2),Netral / Sideways,Netral / Sepi Berita,Normal / Sedang Transisi,Mendekati Fibo Bottom / 100%,2,WAIT & SEE,TIDAK ADA,2026-09-01 09:00:03,Biasa / Mengikuti Pasar
09:00,AUTO,Token Mati (Perlu Update),Big Cap (Lapis 1),Undervalued (Murah),6.844668,1.0338297,3430.0,2951,2730,3520,0.8823529411764706,12497300,Tembus MA20,94,Positif,Uptrend,Bullish,Strong Bullish,Perfect Uptrend (5>20>50),Distribusi Kuat,Akumulasi (Naik),Gap Up (+2.1%),Seimbang / Adu Mekanik,Breakout Upper,Tinggi,Normal,Rawan Pucuk (High Risk),> 1 Miliar,Di Atas VWAP (Kuat),Akumulasi Pro (Smart Money),Ritel Aktif (5M - 50M),Anomali Tinggi (150-300%),Mark-Up (Fase Pesta),Spesialis Tiang Jemuran (Banting Pucuk),Normal,Naik 7 Hari Beruntun,TP: 3581 | CL: 3329,Normal,Tidak Ideal (< 1:1),Overbought (Jenuh Beli - Rawan),Netral / Sepi Berita,Supply Banjir (Distribusi) 🌊,Mengambang (Jauh dari Fibo),8,BELI,TIDAK ADA,2026-09-01 09:00:03,🔥 ANOMALI BANDAR (Siap Ledakan)
09:00,BABP,Transaksi Sepi (Skip Broksum),Mid Cap (Lapis 2),Overvalued (Mahal),26.88172,0.58640707,50.0,50,50,50,0.0,34800,Normal,0,Negatif,Downtrend,Bearish,Bullish MACD,Konsolidasi / Transisi,Normal,Netral,Normal,Tidak Ada Transaksi,Squeeze,Rendah,Doji (Ragu-ragu),Dekat Support (Low Risk),< 1 Miliar,Persis di VWAP,Netral,Gorengan Sepi (< 5M),Sepi (< 50%),Sideways,Solid (Jarang Dibanting),Normal,Sideways / Stagnan,TP: 51 | CL: 49,Normal,Di Area Support,Oversold (Jenuh Jual - Peluang),Netral / Sepi Berita,Normal / Sedang Transisi,Golden Rebound Fibo Bottom / 100% 🎯,1,WAIT & SEE,TIDAK ADA,2026-09-01 09:00:03,🔥 ANOMALI BANDAR (Siap Ledakan)
09:00,BACA,Transaksi Sepi (Skip Broksum),Mid Cap (Lapis 2),Fair Value (Wajar),16.666666,0.34864643,119.0,116,114,126,0.0,1439600,Normal,58,Negatif,Uptrend,Bullish,Bearish MACD,Perfect Uptrend (5>20>50),Normal,Akumulasi (Naik),Normal,Seimbang / Adu Mekanik,Squeeze,Rendah,Normal,Area Tengah,< 1 Miliar,Persis di VWAP,Distribusi Pro (Guyuran),Gorengan Sepi (< 5M),Normal (50-150%),Mark-Up (Fase Pesta),Normal,Normal,Sideways / Stagnan,TP: 124 | CL: 115,Normal,Menengah (1:1),Netral / Sideways,Netral / Sepi Berita,Normal / Sedang Transisi,Dekat Support Fibo 38.2%,4,WAIT & SEE,TIDAK ADA,2026-09-01 09:00:03,Biasa / Mengikuti Pasar
09:00,BAJA,Token Mati (Perlu Update),Small Cap (Lapis 3),Overvalued (Mahal),389.8734,12.989752,308.0,322,244,376,12.408759124087592,45181000,Tembus MA20,57,Positif,Downtrend,Bearish,Bearish MACD,Konsolidasi / Transisi,Akumulasi Kuat,Akumulasi (Naik),Gap Up (+2.2%),Dominan Beli (Hajar Kanan),Normal,Tinggi,Normal,Rawan Pucuk (High Risk),> 1 Miliar,Di Atas VWAP (Kuat),Akumulasi Pro (Smart Money),Gorengan Sepi (< 5M),Ledakan Ekstrem (> 300%),Distribution (Fase Jualan),Solid (Jarang Dibanting),Normal,Naik 3 Hari Beruntun,TP: 332 | CL: 291,Normal,Menengah (1:1),Netral / Sideways,Netral / Sepi Berita,Normal / Sedang Transisi,Mengambang (Jauh dari Fibo),7,BELI,TIDAK ADA,2026-09-01 09:00:03,Biasa / Mengikuti Pasar
09:00,BALI,Transaksi Sepi (Skip Broksum),Mid Cap (Lapis 2),Overvalued (Mahal),30.775993,2.265761,1400.0,1243,1200,1575,11.11111111111111,397900,Tembus MA20,70,Positif,Uptrend,Bullish,Strong Bullish,Awal Reversal (5>20),Akumulasi Kuat,Akumulasi (Naik),Normal,Seimbang / Adu Mekanik,Breakout Upper,Sedang,Normal,Rawan Pucuk (High Risk),< 1 Miliar,Persis di VWAP,Distribusi Pro (Guyuran),Gorengan Sepi (< 5M),Ledakan Ekstrem (> 300%),Accumulation (Kumpul Barang),Spesialis Tiang Jemuran (Banting Pucuk),Normal,Naik 2 Hari Beruntun,TP: 1511 | CL: 1325,Open = Low (Bullish Kuat),Tidak Ideal (< 1:1),Netral / Sideways,Netral / Sepi Berita,Normal / Sedang Transisi,Dekat Support Fibo 38.2%,8,BELI,TIDAK ADA,2026-09-01 09:00:03,Biasa / Mengikuti Pasar
09:00,BAPA,Token Mati (Perlu Update),Small Cap (Lapis 3),Fair Value (Wajar),0.0,0.92770916,158.0,154,137,185,-9.195402298850574,64374800,Tembus MA20,44,Negatif,Uptrend,Bearish,Bullish MACD,Strong Downtrend (5<20<50),Distribusi Kuat,Akumulasi (Naik),Gap Down (-4.6%),Dominan Jual (Guyur),Normal,Tinggi,Normal,Rawan Pucuk (High Risk),> 1 Miliar,Di Bawah VWAP (Lemah),Akumulasi Pro (Smart Money),Ritel Aktif (5M - 50M),Anomali Tinggi (150-300%),Accumulation (Kumpul Barang),Normal,Normal,Turun 1 Hari Beruntun,TP: 174 | CL: 146,Normal,Menengah (1:1),Netral / Sideways,Netral / Sepi Berita,Supply Banjir (Distribusi) 🌊,Mengambang (Jauh dari Fibo),4,WAIT & SEE,TIDAK ADA,2026-09-01 09:00:03,Biasa / Mengikuti Pasar
09:00,BAYU,Transaksi Sepi (Skip Broksum),Small Cap (Lapis 3),Overvalued (Mahal),57.35894,0.8031828,1350.0,1221,1050,1385,0.7462686567164178,194800,Tembus MA20,80,Positif,Uptrend,Bullish,Strong Bullish,Perfect Uptrend (5>20>50),Normal,Akumulasi (Naik),Normal,Dominan Beli (Hajar Kanan),Normal,Tinggi,Normal,Rawan Pucuk (High Risk),< 1 Miliar,Di Atas VWAP (Kuat),Akumulasi Pro (Smart Money),Gorengan Sepi (< 5M),Normal (50-150%),Mark-Up (Fase Pesta),Normal,Jarum Bawah (Sinyal Pantulan Kuat),Naik 3 Hari Beruntun,TP: 1412 | CL: 1308,Normal,Tidak Ideal (< 1:1),Overbought (Jenuh Beli - Rawan),Netral / Sepi Berita,Normal / Sedang Transisi,Mendekati Fibo 23.6%,8,BELI,TIDAK ADA,2026-09-01 09:00:03,Biasa / Mengikuti Pasar
09:00,BBCA,Token Mati (Perlu Update),Big Cap (Lapis 1),Fair Value (Wajar),13.717348,2.9411604,6475.0,6356,6176,6525,0.3875968992248062,230904500,Tembus MA20,59,Positif,Uptrend,Bullish,Strong Bullish,Perfect Uptrend (5>20>50),Akumulasi Kuat,Akumulasi (Naik),Normal,Seimbang / Adu Mekanik,Squeeze,Rendah,Normal,Area Tengah,> 1 Miliar,Persis di VWAP,Akumulasi Pro (Smart Money),Sultan (> 50M/hari),Anomali Tinggi (150-300%),Mark-Up (Fase Pesta),Normal,Normal,Naik 3 Hari Beruntun,TP: 6651 | CL: 6357,Normal,Tidak Ideal (< 1:1),Overbought (Jenuh Beli - Rawan),Netral / Sepi Berita,Normal / Sedang Transisi,Mendekati Fibo 23.6%,8,BELI,TIDAK ADA,2026-09-01 09:00:03,Biasa / Mengikuti Pasar
09:00,BBHI,Transaksi Sepi (Skip Broksum),Big Cap (Lapis 1),Overvalued (Mahal),33.112583,2.649576,900.0,907,865,945,-0.5524861878453038,806300,Normal,44,Negatif,Downtrend,Bearish,Bullish MACD,Strong Downtrend (5<20<50),Normal,Akumulasi (Naik),Normal,Dominan Beli (Hajar Kanan),Squeeze,Rendah,Normal,Area Tengah,< 1 Miliar,Persis di VWAP,Akumulasi Pro (Smart Money),Ritel Aktif (5M - 50M),Sepi (< 50%),Mark-Down (Fase Runtuh),Normal,Jarum Bawah (Sinyal Pantulan Kuat),Turun 1 Hari Beruntun,TP: 919 | CL: 887,Normal,Menengah (1:1),Netral / Sideways,Netral / Sepi Berita,Supply Kering (Siap Pump) 🏜️,Mendekati Fibo 61.8% (Golden Ratio),3,WAIT & SEE,TIDAK ADA,2026-09-01 09:00:03,Biasa / Mengikuti Pasar
09:00,BBKP,Transaksi Sepi (Skip Broksum),Big Cap (Lapis 1),Fair Value (Wajar),0.0,1.2805885,55.0,54,52,57,1.8518518518518516,13759600,Normal,54,Positif,Uptrend,Bearish,Bearish MACD,Konsolidasi / Transisi,Normal,Distribusi (Turun),Normal,Dominan Beli (Hajar Kanan),Squeeze,Rendah,Marubozu (Strong Bullish),Area Tengah,< 1 Miliar,Di Atas VWAP (Kuat),Distribusi Pro (Guyuran),Gorengan Sepi (< 5M),Sepi (< 50%),Mark-Up (Fase Pesta),Spesialis Tiang Jemuran (Banting Pucuk),Normal,Naik 1 Hari Beruntun,TP: 57 | CL: 53,Open = Low (Bullish Kuat),Tidak Ideal (< 1:1),Netral / Sideways,Netral / Sepi Berita,Normal / Sedang Transisi,Dekat Support Fibo 38.2%,4,WAIT & SEE,TIDAK ADA,2026-09-01 09:00:03,Biasa / Mengikuti Pasar
09:00,BBLD,Transaksi Sepi (Skip Broksum),Mid Cap (Lapis 2),Overvalued (Mahal),340.0,0.7838337,680.0,637,565,755,-1.4492753623188406,2200,Normal,61,Negatif,Uptrend,Bullish,Strong Bullish,Perfect Uptrend (5>20>50),Normal,Distribusi (Turun),Normal,Dominan Jual (Guyur),Normal,Tinggi,Normal,Rawan Pucuk (High Risk),< 1 Miliar,Di Bawah VWAP (Lemah),Akumulasi Pro (Smart Money),Gorengan Sepi (< 5M),Sepi (< 50%),Mark-Up (Fase Pesta),Spesialis Tiang Jemuran (Banting Pucuk),Normal,Turun 2 Hari Beruntun,TP: 768 | CL: 620,Normal,Tidak Ideal (< 1:1),Death Cross (Awal Bearish),Netral / Sepi Berita,Supply Banjir (Distribusi) 🌊,Mendekati Fibo 38.2%,4,WAIT & SEE,TIDAK ADA,2026-09-01 09:00:03,Biasa / Mengikuti Pasar
09:00,BBNI,Token Mati (Perlu Update),Big Cap (Lapis 1),Undervalued (Murah),6.956208,0.87491447,3860.0,3639,3500,3900,2.1164021164021163,115236500,Tembus MA20,68,Positif,Uptrend,Bullish,Strong Bullish,Perfect Uptrend (5>20>50),Akumulasi Kuat,Akumulasi (Naik),Normal,Dominan Beli (Hajar Kanan),Breakout Upper,Sedang,Normal,Rawan Pucuk (High Risk),> 1 Miliar,Di Atas VWAP (Kuat),Akumulasi Pro (Smart Money),Sultan (> 50M/hari),Anomali Tinggi (150-300%),Mark-Up (Fase Pesta),Normal,Normal,Naik 3 Hari Beruntun,TP: 3977 | CL: 3781,Normal,Tidak Ideal (< 1:1),Overbought (Jenuh Beli - Rawan),Netral / Sepi Berita,Normal / Sedang Transisi,Mendekati Fibo 23.6%,9,BELI,TIDAK ADA,2026-09-01 09:00:03,Biasa / Mengikuti Pasar
09:00,BBRI,Token Mati (Perlu Update),Big Cap (Lapis 1),Undervalued (Murah),8.354112,1.4469647,3250.0,3114,2980,3270,1.8808777429467085,353834000,Tembus MA20,65,Positif,Uptrend,Bullish,Strong Bullish,Perfect Uptrend (5>20>50),Normal,Akumulasi (Naik),Normal,Dominan Beli (Hajar Kanan),Breakout Upper,Sedang,Normal,Area Tengah,> 1 Miliar,Di Atas VWAP (Kuat),Akumulasi Pro (Smart Money),Sultan (> 50M/hari),Anomali Tinggi (150-300%),Mark-Up (Fase Pesta),Normal,Normal,Naik 3 Hari Beruntun,TP: 3348 | CL: 3184,Normal,Tidak Ideal (< 1:1),Netral / Sideways,Netral / Sepi Berita,Normal / Sedang Transisi,Mendekati Fibo 23.6%,8,BELI,TIDAK ADA,2026-09-01 09:00:03,Biasa / Mengikuti Pasar
09:00,BBRM,Transaksi Sepi (Skip Broksum),Small Cap (Lapis 3),Overvalued (Mahal),8.448653,19333.334,116.0,115,109,125,2.6548672566371683,4445600,Normal,52,Positif,Uptrend,Bearish,Strong Bearish,Konsolidasi / Transisi,Normal,Distribusi (Turun),Normal,Dominan Beli (Hajar Kanan),Squeeze,Rendah,Normal,Area Tengah,< 1 Miliar,Di Atas VWAP (Kuat),Distribusi Pro (Guyuran),Gorengan Sepi (< 5M),Normal (50-150%),Mark-Up (Fase Pesta),Normal,Normal,Naik 1 Hari Beruntun,TP: 122 | CL: 111,Normal,Menengah (1:1),Netral / Sideways,Netral / Sepi Berita,Normal / Sedang Transisi,Mendekati Fibo 50.0%,4,WAIT & SEE,TIDAK ADA,2026-09-01 09:00:03,Biasa / Mengikuti Pasar
09:00,BBTN,Token Mati (Perlu Update),Big Cap (Lapis 1),Undervalued (Murah),4.160934,0.46335843,1240.0,1218,1190,1250,0.4048582995951417,23940500,Tembus MA20,57,Positif,Uptrend,Bullish,Strong Bullish,Perfect Uptrend (5>20>50),Normal,Akumulasi (Naik),Normal,Dominan Beli (Hajar Kanan),Squeeze,Rendah,Hammer (Potensi Reversal),Area Tengah,> 1 Miliar,Di Atas VWAP (Kuat),Akumulasi Pro (Smart Money),Ritel Aktif (5M - 50M),Anomali Tinggi (150-300%),Mark-Up (Fase Pesta),Normal,Jarum Bawah (Sinyal Pantulan Kuat),Naik 3 Hari Beruntun,TP: 1276 | CL: 1215,Normal,Tidak Ideal (< 1:1),Netral / Sideways,Netral / Sepi Berita,Normal / Sedang Transisi,Golden Rebound Fibo 38.2% 🎯,8,BELI,TIDAK ADA,2026-09-01 09:00:03,Biasa / Mengikuti Pasar
09:00,BBYB,Token Mati (Perlu Update),Mid Cap (Lapis 2),Undervalued (Murah),5.8004107,0.76728815,254.0,255,240,274,0.0,33967500,Tembus MA20,53,Negatif,Downtrend,Bearish,Bearish MACD,Konsolidasi / Transisi,Normal,Akumulasi (Naik),Normal,Seimbang / Adu Mekanik,Normal,Sedang,Doji (Ragu-ragu),Area Tengah,> 1 Miliar,Persis di VWAP,Distribusi Pro (Guyuran),Ritel Aktif (5M - 50M),Normal (50-150%),Distribution (Fase Jualan),Spesialis Tiang Jemuran (Banting Pucuk),Jarum Bawah (Sinyal Pantulan Kuat),Sideways / Stagnan,TP: 268 | CL: 244,Normal,Menengah (1:1),Golden Cross (Awal Bullish),Netral / Sepi Berita,Normal / Sedang Transisi,Golden Rebound Fibo 23.6% 🎯,3,WAIT & SEE,TIDAK ADA,2026-09-01 09:00:03,Biasa / Mengikuti Pasar
09:00,BCAP,Transaksi Sepi (Skip Broksum),Mid Cap (Lapis 2),Undervalued (Murah),7.374631,0.46965998,50.0,50,50,50,0.0,50300,Normal,46,Negatif,Downtrend,Bearish,Bullish MACD,Konsolidasi / Transisi,Normal,Netral,Normal,Tidak Ada Transaksi,Squeeze,Rendah,Doji (Ragu-ragu),Dekat Support (Low Risk),< 1 Miliar,Persis di VWAP,Netral,Gorengan Sepi (< 5M),Sepi (< 50%),Sideways,Solid (Jarang Dibanting),Normal,Sideways / Stagnan,TP: 51 | CL: 49,Normal,Di Area Support,Oversold (Jenuh Jual - Peluang),Netral / Sepi Berita,Supply Kering (Siap Pump) 🏜️,Golden Rebound Fibo Bottom / 100% 🎯,1,WAIT & SEE,TIDAK ADA,2026-09-01 09:00:03,Biasa / Mengikuti Pasar
09:00,BCIC,Transaksi Sepi (Skip Broksum),Mid Cap (Lapis 2),Fair Value (Wajar),0.0,0.63278276,137.0,129,124,151,1.4814814814814816,1620800,Normal,65,Positif,Uptrend,Bullish,Strong Bullish,Perfect Uptrend (5>20>50),Normal,Akumulasi (Naik),Normal,Seimbang / Adu Mekanik,Breakout Upper,Sedang,Normal,Rawan Pucuk (High Risk),< 1 Miliar,Persis di VWAP,Distribusi Pro (Guyuran),Gorengan Sepi (< 5M),Normal (50-150%),Mark-Up (Fase Pesta),Spesialis Tiang Jemuran (Banting Pucuk),Normal,Naik 2 Hari Beruntun,TP: 149 | CL: 128,Normal,Menengah (1:1),Golden Cross (Awal Bullish),Netral / Sepi Berita,Normal / Sedang Transisi,Mengambang (Jauh dari Fibo),6,WAIT & SEE,TIDAK ADA,2026-09-01 09:00:03,Biasa / Mengikuti Pasar
09:00,BCIP,Transaksi Sepi (Skip Broksum),Small Cap (Lapis 3),Undervalued (Murah),4.4604316,0.1747035,62.0,63,61,65,-1.5873015873015872,4268800,Normal,46,Negatif,Downtrend,Bearish,Bearish MACD,Konsolidasi / Transisi,Normal,Distribusi (Turun),Normal,Dominan Jual (Guyur),Squeeze,Rendah,Normal,Dekat Support (Low Risk),< 1 Miliar,Persis di VWAP,Akumulasi Pro (Smart Money),Gorengan Sepi (< 5M),Sepi (< 50%),Distribution (Fase Jualan),Solid (Jarang Dibanting),Normal,Turun 1 Hari Beruntun,TP: 65 | CL: 59,Open = High (Tekanan Jual),Sangat Menarik (> 1:3),Netral / Sideways,Netral / Sepi Berita,Normal / Sedang Transisi,Dekat Support Fibo 38.2%,0,WAIT & SEE,TIDAK ADA,2026-09-01 09:00:03,Biasa / Mengikuti Pasar
09:00,BDMN,Token Mati (Perlu Update),Big Cap (Lapis 1),Undervalued (Murah),9.208103,0.7736872,4300.0,4274,4120,4680,0.46728971962616817,1267900,Normal,54,Positif,Uptrend,Death Cross,Bearish MACD,Konsolidasi / Transisi,Normal,Distribusi (Turun),Normal,Seimbang / Adu Mekanik,Normal,Sedang,Doji (Ragu-ragu),Area Tengah,> 1 Miliar,Persis di VWAP,Distribusi Pro (Guyuran),Ritel Aktif (5M - 50M),Normal (50-150%),Mark-Up (Fase Pesta),Normal,Normal,Naik 1 Hari Beruntun,TP: 4459 | CL: 4193,Normal,Ideal (1:2),Netral / Sideways,Netral / Sepi Berita,Normal / Sedang Transisi,Mendekati Fibo 50.0%,3,WAIT & SEE,TIDAK ADA,2026-09-01 09:00:03,Biasa / Mengikuti Pasar
09:00,BEKS,Transaksi Sepi (Skip Broksum),Mid Cap (Lapis 2),Fair Value (Wajar),17.692308,0.6303615,23.0,22,21,24,0.0,5337400,Normal,53,Negatif,Uptrend,Bullish,Bearish MACD,Perfect Uptrend (5>20>50),Normal,Distribusi (Turun),Normal,Tidak Ada Transaksi,Normal,Tinggi,Doji (Ragu-ragu),Area Tengah,< 1 Miliar,Di Atas VWAP (Kuat),Akumulasi Pro (Smart Money),Gorengan Sepi (< 5M),Normal (50-150%),Mark-Up (Fase Pesta),Normal,Normal,Sideways / Stagnan,TP: 24 | CL: 22,Normal,Tidak Ideal (< 1:1),Netral / Sideways,Netral / Sepi Berita,Normal / Sedang Transisi,Dekat Support Fibo 23.6%,3,WAIT & SEE,TIDAK ADA,2026-09-01 09:00:03,Biasa / Mengikuti Pasar
09:00,BEST,Token Mati (Perlu Update),Mid Cap (Lapis 2),Undervalued (Murah),5.758078,0.29153112,139.0,116,106,144,10.317460317460316,469322400,Tembus MA20,72,Positif,Uptrend,Bullish,Strong Bullish,Perfect Uptrend (5>20>50),Akumulasi Kuat,Akumulasi (Naik),Normal,Dominan Beli (Hajar Kanan),Breakout Upper,Tinggi,Normal,Rawan Pucuk (High Risk),> 1 Miliar,Di Atas VWAP (Kuat),Akumulasi Pro (Smart Money),Ritel Aktif (5M - 50M),Ledakan Ekstrem (> 300%),Mark-Up (Fase Pesta),Normal,Normal,Naik 3 Hari Beruntun,TP: 150 | CL: 131,Normal,Tidak Ideal (< 1:1),Netral / Sideways,Netral / Sepi Berita,Normal / Sedang Transisi,Mengambang (Jauh dari Fibo),9,BELI,TIDAK ADA,2026-09-01 09:00:03,⚠️ Anomali (Sudah Terbang)
09:00,BFIN,Token Mati (Perlu Update),Big Cap (Lapis 1),Undervalued (Murah),8.613503,1.2532645,930.0,904,835,960,1.0869565217391304,27022300,Normal,63,Positif,Uptrend,Bearish,Bearish MACD,Konsolidasi / Transisi,Normal,Akumulasi (Naik),Normal,Dominan Beli (Hajar Kanan),Normal,Sedang,Normal,Rawan Pucuk (High Risk),> 1 Miliar,Di Atas VWAP (Kuat),Akumulasi Pro (Smart Money),Ritel Aktif (5M - 50M),Normal (50-150%),Mark-Up (Fase Pesta),Normal,Normal,Naik 2 Hari Beruntun,TP: 977 | CL: 898,Normal,Tidak Ideal (< 1:1),Netral / Sideways,Netral / Sepi Berita,Normal / Sedang Transisi,Mengambang (Jauh dari Fibo),5,WAIT & SEE,TIDAK ADA,2026-09-01 09:00:03,Biasa / Mengikuti Pasar
09:00,BGTG,Token Mati (Perlu Update),Mid Cap (Lapis 2),Undervalued (Murah),12.008282,0.73912656,116.0,111,108,129,-1.694915254237288,10625100,Tembus MA20,58,Negatif,Uptrend,Bullish,Strong Bullish,Perfect Uptrend (5>20>50),Normal,Akumulasi (Naik),Normal,Seimbang / Adu Mekanik,Normal,Sedang,Normal,Area Tengah,> 1 Miliar,Di Bawah VWAP (Lemah),Distribusi Pro (Guyuran),Gorengan Sepi (< 5M),Normal (50-150%),Mark-Up (Fase Pesta),Spesialis Tiang Jemuran (Banting Pucuk),Normal,Turun 1 Hari Beruntun,TP: 122 | CL: 111,Normal,Ideal (1:2),Netral / Sideways,Netral / Sepi Berita,Supply Banjir (Distribusi) 🌊,Mendekati Fibo 38.2%,6,WAIT & SEE,TIDAK ADA,2026-09-01 09:00:03,Biasa / Mengikuti Pasar
09:00,BHIT,Transaksi Sepi (Skip Broksum),Mid Cap (Lapis 2),Undervalued (Murah),5.7522125,0.13192679,26.0,25,24,27,4.0,21234500,Tembus MA20,52,Positif,Uptrend,Bearish,Strong Bearish,Strong Downtrend (5<20<50),Normal,Akumulasi (Naik),Normal,Dominan Beli (Hajar Kanan),Normal,Sedang,Marubozu (Strong Bullish),Area Tengah,< 1 Miliar,Di Atas VWAP (Kuat),Distribusi Pro (Guyuran),Gorengan Sepi (< 5M),Anomali Tinggi (150-300%),Accumulation (Kumpul Barang),Normal,Normal,Naik 1 Hari Beruntun,TP: 26 | CL: 25,Open = Low (Bullish Kuat),Tidak Ideal (< 1:1),Netral / Sideways,Netral / Sepi Berita,Normal / Sedang Transisi,Dekat Support Fibo 61.8% (Golden Ratio),6,WAIT & SEE,TIDAK ADA,2026-09-01 09:00:03,Biasa / Mengikuti Pasar
09:00,BINA,Token Mati (Perlu Update),Big Cap (Lapis 1),Overvalued (Mahal),0.0,9.043626,4380.0,4139,3970,4400,6.829268292682928,3192900,Tembus MA20,62,Positif,Uptrend,Bullish,Strong Bullish,Perfect Uptrend (5>20>50),Akumulasi Kuat,Akumulasi (Naik),Normal,Dominan Beli (Hajar Kanan),Normal,Sedang,Marubozu (Strong Bullish),Rawan Pucuk (High Risk),> 1 Miliar,Di Atas VWAP (Kuat),Akumulasi Pro (Smart Money),Gorengan Sepi (< 5M),Ledakan Ekstrem (> 300%),Mark-Up (Fase Pesta),Spesialis Tiang Jemuran (Banting Pucuk),Normal,Naik 1 Hari Beruntun,TP: 4577 | CL: 4248,Normal,Tidak Ideal (< 1:1),Netral / Sideways,Netral / Sepi Berita,Normal / Sedang Transisi,Mengambang (Jauh dari Fibo),9,BELI,TIDAK ADA,2026-09-01 09:00:03,Biasa / Mengikuti Pasar
09:00,BIPI,Token Mati (Perlu Update),Mid Cap (Lapis 2),Overvalued (Mahal),34.498837,21142.857,148.0,149,134,164,0.6802721088435374,429533800,Normal,50,Positif,Downtrend,Bearish,Bearish MACD,Konsolidasi / Transisi,Normal,Distribusi (Turun),Normal,Seimbang / Adu Mekanik,Normal,Sedang,Normal,Rawan Pucuk (High Risk),> 1 Miliar,Di Atas VWAP (Kuat),Distribusi Pro (Guyuran),Sultan (> 50M/hari),Normal (50-150%),Distribution (Fase Jualan),Spesialis Tiang Jemuran (Banting Pucuk),Normal,Naik 1 Hari Beruntun,TP: 161 | CL: 138,Normal,Menengah (1:1),Netral / Sideways,Netral / Sepi Berita,Normal / Sedang Transisi,Mendekati Fibo 61.8% (Golden Ratio),1,WAIT & SEE,TIDAK ADA,2026-09-01 09:00:03,Biasa / Mengikuti Pasar
09:00,BIPP,Transaksi Sepi (Skip Broksum),Small Cap (Lapis 3),Fair Value (Wajar),0.0,0.43381137,67.0,67,61,79,0.0,7661600,Normal,51,Negatif,Downtrend,Death Cross,Bearish MACD,Konsolidasi / Transisi,Normal,Distribusi (Turun),Normal,Seimbang / Adu Mekanik,Normal,Tinggi,Doji (Ragu-ragu),Area Tengah,< 1 Miliar,Di Bawah VWAP (Lemah),Distribusi Pro (Guyuran),Gorengan Sepi (< 5M),Sepi (< 50%),Distribution (Fase Jualan),Spesialis Tiang Jemuran (Banting Pucuk),Jarum Bawah (Sinyal Pantulan Kuat),Sideways / Stagnan,TP: 75 | CL: 61,Normal,Ideal (1:2),Netral / Sideways,Netral / Sepi Berita,Normal / Sedang Transisi,Mendekati Fibo 50.0%,1,WAIT & SEE,TIDAK ADA,2026-09-01 09:00:03,Biasa / Mengikuti Pasar
09:00,BIRD,Token Mati (Perlu Update),Mid Cap (Lapis 2),Undervalued (Murah),6.574702,0.667106,1630.0,1626,1590,1670,0.0,743400,Normal,56,Negatif,Uptrend,Bullish,Bearish MACD,Perfect Uptrend (5>20>50),Normal,Distribusi (Turun),Normal,Seimbang / Adu Mekanik,Squeeze,Rendah,Normal,Dekat Support (Low Risk),> 1 Miliar,Persis di VWAP,Distribusi Pro (Guyuran),Gorengan Sepi (< 5M),Normal (50-150%),Mark-Up (Fase Pesta),Normal,Normal,Sideways / Stagnan,TP: 1663 | CL: 1607,Open = High (Tekanan Jual),Menengah (1:1),Netral / Sideways,Netral / Sepi Berita,Normal / Sedang Transisi,Mendekati Fibo 23.6%,3,WAIT & SEE,TIDAK ADA,2026-09-01 09:00:03,Biasa / Mengikuti Pasar
09:00,BISI,Transaksi Sepi (Skip Broksum),Mid Cap (Lapis 2),Undervalued (Murah),8.84195,0.6101752,720.0,690,640,730,0.0,310700,Normal,67,Negatif,Uptrend,Bullish,Strong Bullish,Perfect Uptrend (5>20>50),Normal,Akumulasi (Naik),Normal,Seimbang / Adu Mekanik,Normal,Sedang,Doji (Ragu-ragu),Rawan Pucuk (High Risk),< 1 Miliar,Di Atas VWAP (Kuat),Akumulasi Pro (Smart Money),Gorengan Sepi (< 5M),Normal (50-150%),Mark-Up (Fase Pesta),Spesialis Tiang Jemuran (Banting Pucuk),Normal,Sideways / Stagnan,TP: 744 | CL: 703,Normal,Tidak Ideal (< 1:1),Overbought (Jenuh Beli - Rawan),Netral / Sepi Berita,Normal / Sedang Transisi,Mendekati Fibo 23.6%,5,WAIT & SEE,TIDAK ADA,2026-09-01 09:00:03,Biasa / Mengikuti Pasar
09:00,BJBR,Token Mati (Perlu Update),Mid Cap (Lapis 2),Undervalued (Murah),5.7605367,0.51415086,790.0,789,780,800,0.0,1405100,Normal,54,Negatif,Uptrend,Bullish,Bearish MACD,Perfect Uptrend (5>20>50),Normal,Akumulasi (Naik),Normal,Dominan Jual (Guyur),Squeeze,Rendah,Doji (Ragu-ragu),Dekat Support (Low Risk),> 1 Miliar,Persis di VWAP,Distribusi Pro (Guyuran),Gorengan Sepi (< 5M),Normal (50-150%),Mark-Up (Fase Pesta),Normal,Normal,Sideways / Stagnan,TP: 805 | CL: 780,Normal,Menengah (1:1),Netral / Sideways,Netral / Sepi Berita,Normal / Sedang Transisi,Dekat Support Fibo 38.2%,4,WAIT & SEE,TIDAK ADA,2026-09-01 09:00:03,Biasa / Mengikuti Pasar
09:00,BJTM,Token Mati (Perlu Update),Mid Cap (Lapis 2),Undervalued (Murah),5.030181,0.6049112,525.0,517,510,525,0.9615384615384616,3451500,Normal,63,Positif,Uptrend,Bullish,Strong Bullish,Perfect Uptrend (5>20>50),Normal,Akumulasi (Naik),Normal,Dominan Beli (Hajar Kanan),Squeeze,Rendah,Marubozu (Strong Bullish),Dekat Support (Low Risk),> 1 Miliar,Di Atas VWAP (Kuat),Akumulasi Pro (Smart Money),Gorengan Sepi (< 5M),Normal (50-150%),Mark-Up (Fase Pesta),Normal,Normal,Naik 1 Hari Beruntun,TP: 535 | CL: 517,Open = Low (Bullish Kuat),Tidak Ideal (< 1:1),Netral / Sideways,Netral / Sepi Berita,Normal / Sedang Transisi,Dekat Support Fibo 23.6%,7,BELI,TIDAK ADA,2026-09-01 09:00:03,Biasa / Mengikuti Pasar
09:00,BKDP,Transaksi Sepi (Skip Broksum),Mid Cap (Lapis 2),Overvalued (Mahal),0.0,3.4602077,138.0,166,138,169,-9.803921568627452,632000,Tembus MA20,25,Negatif,Downtrend,Bearish,Bearish MACD,Konsolidasi / Transisi,Normal,Distribusi (Turun),Gap Down (-9.8%),Tidak Ada Transaksi,Normal,Tinggi,Doji (Ragu-ragu),Dekat Support (Low Risk),< 1 Miliar,Di Bawah VWAP (Lemah),Netral,Gorengan Sepi (< 5M),Ledakan Ekstrem (> 300%),Distribution (Fase Jualan),Solid (Jarang Dibanting),Normal,Turun 2 Hari Beruntun,TP: 141 | CL: 135,Normal,Di Area Support,Oversold (Jenuh Jual - Peluang),Netral / Sepi Berita,Normal / Sedang Transisi,Mengambang (Jauh dari Fibo),1,WAIT & SEE,TIDAK ADA,2026-09-01 09:00:03,🔥 ANOMALI BANDAR (Siap Ledakan)
09:00,BKSL,Token Mati (Perlu Update),Big Cap (Lapis 1),Undervalued (Murah),13.703704,0.80963683,74.0,73,67,82,1.36986301369863,140619600,Normal,53,Positif,Uptrend,Bullish,Bearish MACD,Perfect Uptrend (5>20>50),Normal,Distribusi (Turun),Normal,Seimbang / Adu Mekanik,Normal,Tinggi,Doji (Ragu-ragu),Rawan Pucuk (High Risk),> 1 Miliar,Persis di VWAP,Distribusi Pro (Guyuran),Ritel Aktif (5M - 50M),Normal (50-150%),Mark-Up (Fase Pesta),Normal,Normal,Naik 1 Hari Beruntun,TP: 80 | CL: 70,Normal,Menengah (1:1),Netral / Sideways,Netral / Sepi Berita,Normal / Sedang Transisi,Mendekati Fibo 38.2%,4,WAIT & SEE,TIDAK ADA,2026-09-01 09:00:03,Biasa / Mengikuti Pasar
09:00,BKSW,Transaksi Sepi (Skip Broksum),Mid Cap (Lapis 2),Fair Value (Wajar),0.0,0.38934103,52.0,52,51,54,1.9607843137254901,1697400,Normal,49,Positif,Downtrend,Bearish,Strong Bearish,Konsolidasi / Transisi,Normal,Akumulasi (Naik),Normal,Seimbang / Adu Mekanik,Squeeze,Rendah,Doji (Ragu-ragu),Dekat Support (Low Risk),< 1 Miliar,Persis di VWAP,Distribusi Pro (Guyuran),Gorengan Sepi (< 5M),Normal (50-150%),Distribution (Fase Jualan),Normal,Normal,Naik 1 Hari Beruntun,TP: 54 | CL: 50,Normal,Ideal (1:2),Golden Cross (Awal Bullish),Netral / Sepi Berita,Normal / Sedang Transisi,Dekat Support Fibo 78.6%,2,WAIT & SEE,TIDAK ADA,2026-09-01 09:00:03,Biasa / Mengikuti Pasar
09:00,BLTA,Transaksi Sepi (Skip Broksum),Small Cap (Lapis 3),Overvalued (Mahal),30.275229,11000.0,33.0,32,31,34,0.0,8635800,Tembus MA20,51,Negatif,Uptrend,Bearish,Bullish MACD,Strong Downtrend (5<20<50),Akumulasi Kuat,Akumulasi (Naik),Gap Down (-3.0%),Dominan Beli (Hajar Kanan),Squeeze,Rendah,Marubozu (Strong Bullish),Area Tengah,< 1 Miliar,Di Atas VWAP (Kuat),Akumulasi Pro (Smart Money),Gorengan Sepi (< 5M),Anomali Tinggi (150-300%),Accumulation (Kumpul Barang),Spesialis Tiang Jemuran (Banting Pucuk),Normal,Sideways / Stagnan,TP: 34 | CL: 32,Open = Low (Bullish Kuat),Tidak Ideal (< 1:1),Netral / Sideways,Netral / Sepi Berita,Normal / Sedang Transisi,Dekat Support Fibo 61.8% (Golden Ratio),7,BELI,TIDAK ADA,2026-09-01 09:00:03,Biasa / Mengikuti Pasar
09:00,BLTZ,Transaksi Sepi (Skip Broksum),Mid Cap (Lapis 2),Overvalued (Mahal),25.316456,4.1049557,2000.0,2287,2000,2540,0.0,100,Normal,0,Negatif,Downtrend,Bearish,Strong Bearish,Strong Downtrend (5<20<50),Normal,Distribusi (Turun),Normal,Tidak Ada Transaksi,Normal,Tinggi,Doji (Ragu-ragu),Dekat Support (Low Risk),< 1 Miliar,Persis di VWAP,Netral,Gorengan Sepi (< 5M),Anomali Tinggi (150-300%),Mark-Down (Fase Runtuh),Solid (Jarang Dibanting),Normal,Sideways / Stagnan,TP: 2058 | CL: 1960,Normal,Di Area Support,Oversold (Jenuh Jual - Peluang),Netral / Sepi Berita,Normal / Sedang Transisi,Golden Rebound Fibo Bottom / 100% 🎯,0,WAIT & SEE,TIDAK ADA,2026-09-01 09:00:03,🔥 ANOMALI BANDAR (Siap Ledakan)
09:00,BMAS,Transaksi Sepi (Skip Broksum),Mid Cap (Lapis 2),Overvalued (Mahal),2550.0,1.4195215,510.0,497,464,610,0.0,349000,Normal,55,Negatif,Uptrend,Bullish,Strong Bullish,Perfect Uptrend (5>20>50),Normal,Akumulasi (Naik),Normal,Seimbang / Adu Mekanik,Normal,Sedang,Normal,Area Tengah,< 1 Miliar,Di Bawah VWAP (Lemah),Distribusi Pro (Guyuran),Gorengan Sepi (< 5M),Normal (50-150%),Mark-Up (Fase Pesta),Spesialis Tiang Jemuran (Banting Pucuk),Normal,Sideways / Stagnan,TP: 557 | CL: 478,Normal,Ideal (1:2),Golden Cross (Awal Bullish),Netral / Sepi Berita,Normal / Sedang Transisi,Mendekati Fibo 78.6%,5,WAIT & SEE,TIDAK ADA,2026-09-01 09:00:03,Biasa / Mengikuti Pasar
09:00,BMRI,Token Mati (Perlu Update),Big Cap (Lapis 1),Undervalued (Murah),6.3694267,1.3872422,4230.0,4186,4080,4280,-0.4705882352941176,231356300,Tembus MA20,54,Negatif,Uptrend,Bullish,Strong Bullish,Perfect Uptrend (5>20>50),Normal,Distribusi (Turun),Normal,Seimbang / Adu Mekanik,Squeeze,Rendah,Normal,Area Tengah,> 1 Miliar,Persis di VWAP,Akumulasi Pro (Smart Money),Sultan (> 50M/hari),Anomali Tinggi (150-300%),Mark-Up (Fase Pesta),Normal,Normal,Turun 1 Hari Beruntun,TP: 4332 | CL: 4161,Normal,Tidak Ideal (< 1:1),Death Cross (Awal Bearish),Netral / Sepi Berita,Normal / Sedang Transisi,Dekat Support Fibo 38.2%,5,WAIT & SEE,TIDAK ADA,2026-09-01 09:00:03,Biasa / Mengikuti Pasar
09:00,BMSR,Transaksi Sepi (Skip Broksum),Small Cap (Lapis 3),Undervalued (Murah),3.1499243,0.42022976,312.0,307,300,320,0.6451612903225806,10900,Normal,55,Positif,Uptrend,Bullish,Strong Bullish,Perfect Uptrend (5>20>50),Normal,Distribusi (Turun),Normal,Seimbang / Adu Mekanik,Squeeze,Rendah,Normal,Area Tengah,< 1 Miliar,Persis di VWAP,Distribusi Pro (Guyuran),Gorengan Sepi (< 5M),Sepi (< 50%),Mark-Up (Fase Pesta),Solid (Jarang Dibanting),Normal,Naik 1 Hari Beruntun,TP: 322 | CL: 305,Normal,Tidak Ideal (< 1:1),Netral / Sideways,Netral / Sepi Berita,Normal / Sedang Transisi,Mendekati Fibo 50.0%,5,WAIT & SEE,TIDAK ADA,2026-09-01 09:00:03,Biasa / Mengikuti Pasar
09:00,BMTR,Token Mati (Perlu Update),Mid Cap (Lapis 2),Undervalued (Murah),2.8535354,0.11502618,113.0,115,111,118,-0.8771929824561403,54750800,Normal,45,Negatif,Downtrend,Bearish,Strong Bearish,Strong Downtrend (5<20<50),Normal,Distribusi (Turun),Normal,Seimbang / Adu Mekanik,Squeeze,Rendah,Normal,Dekat Support (Low Risk),> 1 Miliar,Persis di VWAP,Akumulasi Pro (Smart Money),Ritel Aktif (5M - 50M),Normal (50-150%),Mark-Down (Fase Runtuh),Solid (Jarang Dibanting),Normal,Turun 2 Hari Beruntun,TP: 117 | CL: 110,Open = High (Tekanan Jual),Ideal (1:2),Netral / Sideways,Netral / Sepi Berita,Normal / Sedang Transisi,Dekat Support Fibo 61.8% (Golden Ratio),0,WAIT & SEE,TIDAK ADA,2026-09-01 09:00:03,Biasa / Mengikuti Pasar
09:00,BNBA,Token Mati (Perlu Update),Mid Cap (Lapis 2),Overvalued (Mahal),142.85715,0.8116047,780.0,733,690,810,8.333333333333332,1805200,Tembus MA20,63,Positif,Uptrend,Bearish,Bullish MACD,Strong Downtrend (5<20<50),Akumulasi Kuat,Akumulasi (Naik),Normal,Seimbang / Adu Mekanik,Breakout Upper,Sedang,Normal,Rawan Pucuk (High Risk),> 1 Miliar,Di Atas VWAP (Kuat),Distribusi Pro (Guyuran),Gorengan Sepi (< 5M),Ledakan Ekstrem (> 300%),Accumulation (Kumpul Barang),Normal,Normal,Naik 3 Hari Beruntun,TP: 824 | CL: 750,Normal,Tidak Ideal (< 1:1),Netral / Sideways,Netral / Sepi Berita,Normal / Sedang Transisi,Dekat Support Fibo 38.2%,7,BELI,TIDAK ADA,2026-09-01 09:00:03,Biasa / Mengikuti Pasar
09:00,BNBR,Token Mati (Perlu Update),Big Cap (Lapis 1),Overvalued (Mahal),37.837837,4.393437,98.0,100,92,113,0.0,953013700,Normal,48,Negatif,Downtrend,Bearish,Bearish MACD,Konsolidasi / Transisi,Normal,Distribusi (Turun),Normal,Dominan Jual (Guyur),Normal,Sedang,Normal,Area Tengah,> 1 Miliar,Persis di VWAP,Distribusi Pro (Guyuran),Sultan (> 50M/hari),Normal (50-150%),Distribution (Fase Jualan),Normal,Normal,Sideways / Stagnan,TP: 105 | CL: 93,Normal,Ideal (1:2),Netral / Sideways,Netral / Sepi Berita,Normal / Sedang Transisi,Dekat Support Fibo 61.8% (Golden Ratio),0,WAIT & SEE,TIDAK ADA,2026-09-01 09:00:03,🔥 ANOMALI BANDAR (Siap Ledakan)
09:00,BNGA,Token Mati (Perlu Update),Big Cap (Lapis 1),Undervalued (Murah),6.1766863,0.7550041,1685.0,1661,1635,1700,-0.5899705014749262,2706300,Tembus MA20,61,Negatif,Uptrend,Bullish,Strong Bullish,Perfect Uptrend (5>20>50),Normal,Akumulasi (Naik),Normal,Dominan Jual (Guyur),Squeeze,Rendah,Normal,Area Tengah,> 1 Miliar,Persis di VWAP,Akumulasi Pro (Smart Money),Gorengan Sepi (< 5M),Normal (50-150%),Mark-Up (Fase Pesta),Spesialis Tiang Jemuran (Banting Pucuk),Normal,Turun 1 Hari Beruntun,TP: 1715 | CL: 1664,Normal,Tidak Ideal (< 1:1),Death Cross (Awal Bearish),Netral / Sepi Berita,Normal / Sedang Transisi,Mendekati Fibo 23.6%,6,WAIT & SEE,TIDAK ADA,2026-09-01 09:00:03,Biasa / Mengikuti Pasar
09:00,BNII,Transaksi Sepi (Skip Broksum),Big Cap (Lapis 1),Undervalued (Murah),8.304794,0.46761638,194.0,193,188,197,0.0,734600,Normal,58,Negatif,Uptrend,Bearish,Bearish MACD,Konsolidasi / Transisi,Normal,Akumulasi (Naik),Normal,Dominan Beli (Hajar Kanan),Squeeze,Rendah,Doji (Ragu-ragu),Area Tengah,< 1 Miliar,Persis di VWAP,Akumulasi Pro (Smart Money),Gorengan Sepi (< 5M),Normal (50-150%),Mark-Up (Fase Pesta),Normal,Jarum Bawah (Sinyal Pantulan Kuat),Sideways / Stagnan,TP: 198 | CL: 190,Normal,Tidak Ideal (< 1:1),Netral / Sideways,Netral / Sepi Berita,Normal / Sedang Transisi,Golden Rebound Fibo 23.6% 🎯,4,WAIT & SEE,TIDAK ADA,2026-09-01 09:00:03,Biasa / Mengikuti Pasar
09:00,BNLI,Transaksi Sepi (Skip Broksum),Big Cap (Lapis 1),Fair Value (Wajar),21.097046,1.7229234,2150.0,2162,2000,2210,-0.4629629629629629,24100,Normal,37,Negatif,Downtrend,Bearish,Bullish MACD,Strong Downtrend (5<20<50),Normal,Distribusi (Turun),Normal,Dominan Jual (Guyur),Squeeze,Rendah,Normal,Area Tengah,< 1 Miliar,Persis di VWAP,Distribusi Pro (Guyuran),Gorengan Sepi (< 5M),Sepi (< 50%),Mark-Down (Fase Runtuh),Solid (Jarang Dibanting),Normal,Turun 1 Hari Beruntun,TP: 2212 | CL: 2108,Open = High (Tekanan Jual),Tidak Ideal (< 1:1),Death Cross (Awal Bearish),Netral / Sepi Berita,Normal / Sedang Transisi,Mengambang (Jauh dari Fibo),1,WAIT & SEE,TIDAK ADA,2026-09-01 09:00:03,Biasa / Mengikuti Pasar
09:00,BOLT,Transaksi Sepi (Skip Broksum),Mid Cap (Lapis 2),Fair Value (Wajar),12.547051,2.22105,800.0,797,770,1010,2.564102564102564,29900,Tembus MA20,53,Positif,Uptrend,Bearish,Bearish MACD,Konsolidasi / Transisi,Normal,Distribusi (Turun),Normal,Dominan Beli (Hajar Kanan),Squeeze,Rendah,Normal,Area Tengah,< 1 Miliar,Di Bawah VWAP (Lemah),Distribusi Pro (Guyuran),Gorengan Sepi (< 5M),Normal (50-150%),Mark-Up (Fase Pesta),Normal,Normal,Naik 1 Hari Beruntun,TP: 842 | CL: 771,Open = Low (Bullish Kuat),Sangat Menarik (> 1:3),Netral / Sideways,Netral / Sepi Berita,Normal / Sedang Transisi,Mengambang (Jauh dari Fibo),5,WAIT & SEE,TIDAK ADA,2026-09-01 09:00:03,Biasa / Mengikuti Pasar
09:00,BPFI,Transaksi Sepi (Skip Broksum),Small Cap (Lapis 3),Undervalued (Murah),6.313592,0.52445656,242.0,254,232,286,0.8333333333333334,114200,Normal,40,Positif,Downtrend,Bearish,Strong Bearish,Konsolidasi / Transisi,Normal,Distribusi (Turun),Normal,Dominan Beli (Hajar Kanan),Normal,Sedang,Doji (Ragu-ragu),Area Tengah,< 1 Miliar,Persis di VWAP,Distribusi Pro (Guyuran),Gorengan Sepi (< 5M),Sepi (< 50%),Distribution (Fase Jualan),Normal,Jarum Bawah (Sinyal Pantulan Kuat),Naik 1 Hari Beruntun,TP: 262 | CL: 228,Normal,Sangat Menarik (> 1:3),Oversold (Jenuh Jual - Peluang),Netral / Sepi Berita,Normal / Sedang Transisi,Mendekati Fibo 78.6%,2,WAIT & SEE,TIDAK ADA,2026-09-01 09:00:03,Biasa / Mengikuti Pasar
09:00,BPII,Transaksi Sepi (Skip Broksum),Mid Cap (Lapis 2),Overvalued (Mahal),55.54286,3.3972235,486.0,466,429,615,-0.8163265306122449,13700,Normal,58,Negatif,Uptrend,Bullish,Strong Bullish,Perfect Uptrend (5>20>50),Normal,Distribusi (Turun),Normal,Dominan Jual (Guyur),Normal,Tinggi,Normal,Rawan Pucuk (High Risk),< 1 Miliar,Di Bawah VWAP (Lemah),Distribusi Pro (Guyuran),Gorengan Sepi (< 5M),Sepi (< 50%),Mark-Up (Fase Pesta),Spesialis Tiang Jemuran (Banting Pucuk),Normal,Turun 3 Hari Beruntun,TP: 548 | CL: 444,Normal,Ideal (1:2),Netral / Sideways,Netral / Sepi Berita,Normal / Sedang Transisi,Mendekati Fibo 78.6%,4,WAIT & SEE,TIDAK ADA,2026-09-01 09:00:03,Biasa / Mengikuti Pasar
09:00,BRAM,Transaksi Sepi (Skip Broksum),Mid Cap (Lapis 2),Overvalued (Mahal),19.762678,9747.368,4630.0,4567,4470,4790,0.6521739130434783,1000,Normal,55,Positif,Uptrend,Bullish,Strong Bullish,Perfect Uptrend (5>20>50),Normal,Akumulasi (Naik),Normal,Dominan Beli (Hajar Kanan),Squeeze,Rendah,Marubozu (Strong Bullish),Area Tengah,< 1 Miliar,Persis di VWAP,Akumulasi Pro (Smart Money),Gorengan Sepi (< 5M),Normal (50-150%),Mark-Up (Fase Pesta),Normal,Normal,Naik 1 Hari Beruntun,TP: 4826 | CL: 4499,Open = Low (Bullish Kuat),Menengah (1:1),Golden Cross (Awal Bullish),Netral / Sepi Berita,Normal / Sedang Transisi,Dekat Support Fibo 23.6%,7,BELI,TIDAK ADA,2026-09-01 09:00:03,Biasa / Mengikuti Pasar
09:00,BRMS,Token Mati (Perlu Update),Big Cap (Lapis 1),Overvalued (Mahal),151.51515,83333.336,750.0,649,545,785,0.0,809415300,Tembus MA20,71,Negatif,Uptrend,Bullish,Strong Bullish,Perfect Uptrend (5>20>50),Normal,Akumulasi (Naik),Gap Down (-2.7%),Dominan Beli (Hajar Kanan),Normal,Tinggi,Normal,Rawan Pucuk (High Risk),> 1 Miliar,Di Atas VWAP (Kuat),Akumulasi Pro (Smart Money),Sultan (> 50M/hari),Anomali Tinggi (150-300%),Mark-Up (Fase Pesta),Normal,Normal,Sideways / Stagnan,TP: 810 | CL: 710,Normal,Tidak Ideal (< 1:1),Overbought (Jenuh Beli - Rawan),Netral / Sepi Berita,Normal / Sedang Transisi,Mengambang (Jauh dari Fibo),7,BELI,TIDAK ADA,2026-09-01 09:00:03,🔥 ANOMALI BANDAR (Siap Ledakan)
09:00,BRNA,Transaksi Sepi (Skip Broksum),Small Cap (Lapis 3),Fair Value (Wajar),0.0,0.60867506,595.0,632,585,750,0.847457627118644,717400,Tembus MA20,44,Positif,Downtrend,Bearish,Strong Bearish,Konsolidasi / Transisi,Normal,Distribusi (Turun),Normal,Dominan Jual (Guyur),Normal,Tinggi,Doji (Ragu-ragu),Dekat Support (Low Risk),< 1 Miliar,Di Bawah VWAP (Lemah),Distribusi Pro (Guyuran),Gorengan Sepi (< 5M),Anomali Tinggi (150-300%),Distribution (Fase Jualan),Spesialis Tiang Jemuran (Banting Pucuk),Normal,Naik 1 Hari Beruntun,TP: 668 | CL: 546,Normal,Sangat Menarik (> 1:3),Oversold (Jenuh Jual - Peluang),Netral / Sepi Berita,Normal / Sedang Transisi,Golden Rebound Fibo 78.6% 🎯,2,WAIT & SEE,TIDAK ADA,2026-09-01 09:00:03,Biasa / Mengikuti Pasar
09:00,BRPT,Token Mati (Perlu Update),Big Cap (Lapis 1),Overvalued (Mahal),66.803894,68653.84,1785.0,1854,1710,1965,-2.459016393442623,120064100,Normal,47,Negatif,Downtrend,Bearish,Bearish MACD,Konsolidasi / Transisi,Normal,Distribusi (Turun),Normal,Dominan Jual (Guyur),Bottom Rebound,Sedang,Normal,Area Tengah,> 1 Miliar,Di Bawah VWAP (Lemah),Distribusi Pro (Guyuran),Sultan (> 50M/hari),Normal (50-150%),Distribution (Fase Jualan),Normal,Normal,Turun 2 Hari Beruntun,TP: 1903 | CL: 1706,Normal,Ideal (1:2),Netral / Sideways,Netral / Sepi Berita,Normal / Sedang Transisi,Dekat Support Fibo 50.0%,0,WAIT & SEE,TIDAK ADA,2026-09-01 09:00:03,Biasa / Mengikuti Pasar
09:00,BSDE,Token Mati (Perlu Update),Big Cap (Lapis 1),Undervalued (Murah),7.3041916,0.30330035,650.0,609,565,705,1.5625,22366100,Normal,64,Positif,Uptrend,Bullish,Strong Bullish,Perfect Uptrend (5>20>50),Normal,Distribusi (Turun),Normal,Seimbang / Adu Mekanik,Normal,Tinggi,Doji (Ragu-ragu),Rawan Pucuk (High Risk),> 1 Miliar,Di Atas VWAP (Kuat),Distribusi Pro (Guyuran),Ritel Aktif (5M - 50M),Normal (50-150%),Mark-Up (Fase Pesta),Normal,Jarum Bawah (Sinyal Pantulan Kuat),Naik 1 Hari Beruntun,TP: 691 | CL: 622,Normal,Tidak Ideal (< 1:1),Netral / Sideways,Netral / Sepi Berita,Normal / Sedang Transisi,Golden Rebound Fibo 38.2% 🎯,5,WAIT & SEE,TIDAK ADA,2026-09-01 09:00:03,Biasa / Mengikuti Pasar
09:00,BSIM,Transaksi Sepi (Skip Broksum),Big Cap (Lapis 1),Overvalued (Mahal),64.09323,2.0819976,880.0,710,685,880,24.822695035460992,958200,Tembus MA20,79,Positif,Uptrend,Bullish,Strong Bullish,Perfect Uptrend (5>20>50),Akumulasi Kuat,Akumulasi (Naik),Gap Up (+2.8%),Dominan Beli (Hajar Kanan),Breakout Upper,Tinggi,Marubozu (Strong Bullish),Rawan Pucuk (High Risk),< 1 Miliar,Di Atas VWAP (Kuat),Akumulasi Pro (Smart Money),Gorengan Sepi (< 5M),Ledakan Ekstrem (> 300%),Mark-Up (Fase Pesta),Normal,Normal,Naik 1 Hari Beruntun,TP: 925 | CL: 849,Normal,Tidak Ideal (< 1:1),Netral / Sideways,Netral / Sepi Berita,Normal / Sedang Transisi,Mengambang (Jauh dari Fibo),10,BELI,TIDAK ADA,2026-09-01 09:00:03,⚠️ Anomali (Sudah Terbang)
09:00,BSSR,Token Mati (Perlu Update),Big Cap (Lapis 1),Overvalued (Mahal),7.751811,41491.227,4730.0,4407,4290,4790,4.185022026431718,3411100,Tembus MA20,85,Positif,Uptrend,Bullish,Strong Bullish,Perfect Uptrend (5>20>50),Akumulasi Kuat,Akumulasi (Naik),Normal,Dominan Beli (Hajar Kanan),Breakout Upper,Sedang,Normal,Rawan Pucuk (High Risk),> 1 Miliar,Di Atas VWAP (Kuat),Akumulasi Pro (Smart Money),Ritel Aktif (5M - 50M),Anomali Tinggi (150-300%),Mark-Up (Fase Pesta),Normal,Normal,Naik 3 Hari Beruntun,TP: 4822 | CL: 4668,Open = Low (Bullish Kuat),Tidak Ideal (< 1:1),Overbought (Jenuh Beli - Rawan),Netral / Sepi Berita,Normal / Sedang Transisi,Mendekati Fibo 23.6%,9,BELI,TIDAK ADA,2026-09-01 09:00:03,Biasa / Mengikuti Pasar
09:00,BTEK,Transaksi Sepi (Skip Broksum),Small Cap (Lapis 3),Fair Value (Wajar),0.0,2.0300446,10.0,10,10,11,0.0,86944900,Tembus MA20,46,Negatif,Downtrend,Bearish,Strong Bearish,Strong Downtrend (5<20<50),Normal,Distribusi (Turun),Normal,Tidak Ada Transaksi,Normal,Tinggi,Doji (Ragu-ragu),Dekat Support (Low Risk),< 1 Miliar,Di Bawah VWAP (Lemah),Distribusi Pro (Guyuran),Gorengan Sepi (< 5M),Normal (50-150%),Mark-Down (Fase Runtuh),Spesialis Tiang Jemuran (Banting Pucuk),Normal,Sideways / Stagnan,TP: 11 | CL: 9,Normal,Di Area Support,Netral / Sideways,Netral / Sepi Berita,Normal / Sedang Transisi,Dekat Support Fibo 78.6%,1,WAIT & SEE,TIDAK ADA,2026-09-01 09:00:03,Biasa / Mengikuti Pasar
09:00,BTON,Transaksi Sepi (Skip Broksum),Small Cap (Lapis 3),Overvalued (Mahal),27.04924,0.7831616,362.0,363,342,374,0.5555555555555556,214400,Tembus MA20,51,Positif,Downtrend,Bearish,Bearish MACD,Konsolidasi / Transisi,Normal,Akumulasi (Naik),Normal,Seimbang / Adu Mekanik,Squeeze,Rendah,Doji (Ragu-ragu),Area Tengah,< 1 Miliar,Persis di VWAP,Distribusi Pro (Guyuran),Gorengan Sepi (< 5M),Ledakan Ekstrem (> 300%),Distribution (Fase Jualan),Normal,Normal,Naik 1 Hari Beruntun,TP: 379 | CL: 350,Normal,Tidak Ideal (< 1:1),Netral / Sideways,Netral / Sepi Berita,Normal / Sedang Transisi,Dekat Support Fibo 61.8% (Golden Ratio),4,WAIT & SEE,TIDAK ADA,2026-09-01 09:00:03,Biasa / Mengikuti Pasar
09:00,BTPN,Transaksi Sepi (Skip Broksum),Big Cap (Lapis 1),Overvalued (Mahal),53.194016,0.48938495,2240.0,2179,2100,2260,0.0,26000,Tembus MA20,60,Negatif,Uptrend,Bullish,Strong Bullish,Perfect Uptrend (5>20>50),Normal,Akumulasi (Naik),Gap Down (-4.0%),Dominan Beli (Hajar Kanan),Squeeze,Rendah,Marubozu (Strong Bullish),Area Tengah,< 1 Miliar,Di Atas VWAP (Kuat),Akumulasi Pro (Smart Money),Gorengan Sepi (< 5M),Normal (50-150%),Mark-Up (Fase Pesta),Normal,Normal,Sideways / Stagnan,TP: 2333 | CL: 2177,Open = Low (Bullish Kuat),Tidak Ideal (< 1:1),Overbought (Jenuh Beli - Rawan),Netral / Sepi Berita,Normal / Sedang Transisi,Mendekati Fibo 38.2%,7,BELI,TIDAK ADA,2026-09-01 09:00:03,Biasa / Mengikuti Pasar
09:00,BUDI,Transaksi Sepi (Skip Broksum),Mid Cap (Lapis 2),Undervalued (Murah),6.401291,0.6573496,238.0,221,210,264,1.7094017094017095,442800,Normal,75,Positif,Uptrend,Bullish,Strong Bullish,Perfect Uptrend (5>20>50),Normal,Akumulasi (Naik),Normal,Dominan Beli (Hajar Kanan),Breakout Upper,Sedang,Normal,Rawan Pucuk (High Risk),< 1 Miliar,Persis di VWAP,Distribusi Pro (Guyuran),Gorengan Sepi (< 5M),Sepi (< 50%),Mark-Up (Fase Pesta),Spesialis Tiang Jemuran (Banting Pucuk),Normal,Naik 1 Hari Beruntun,TP: 255 | CL: 226,Normal,Tidak Ideal (< 1:1),Golden Cross (Awal Bullish),Netral / Sepi Berita,Normal / Sedang Transisi,Mendekati Fibo 50.0%,7,BELI,TIDAK ADA,2026-09-01 09:00:03,Biasa / Mengikuti Pasar
09:00,BUKK,Transaksi Sepi (Skip Broksum),Mid Cap (Lapis 2),Undervalued (Murah),12.531646,0.35493946,990.0,1011,950,1080,0.5076142131979695,143700,Tembus MA20,43,Positif,Downtrend,Bearish,Strong Bearish,Strong Downtrend (5<20<50),Distribusi Kuat,Akumulasi (Naik),Normal,Seimbang / Adu Mekanik,Squeeze,Rendah,Normal,Area Tengah,< 1 Miliar,Persis di VWAP,Distribusi Pro (Guyuran),Gorengan Sepi (< 5M),Anomali Tinggi (150-300%),Mark-Down (Fase Runtuh),Normal,Normal,Naik 1 Hari Beruntun,TP: 1045 | CL: 953,Normal,Ideal (1:2),Golden Cross (Awal Bullish),Netral / Sepi Berita,Supply Banjir (Distribusi) 🌊,Mengambang (Jauh dari Fibo),3,WAIT & SEE,TIDAK ADA,2026-09-01 09:00:03,Biasa / Mengikuti Pasar
09:00,BULL,Token Mati (Perlu Update),Mid Cap (Lapis 2),Overvalued (Mahal),12.545711,31857.143,446.0,442,404,482,3.7209302325581395,531555700,Tembus MA20,55,Positif,Uptrend,Bearish,Bearish MACD,Konsolidasi / Transisi,Normal,Akumulasi (Naik),Normal,Seimbang / Adu Mekanik,Normal,Sedang,Normal,Rawan Pucuk (High Risk),> 1 Miliar,Di Atas VWAP (Kuat),Distribusi Pro (Guyuran),Sultan (> 50M/hari),Normal (50-150%),Mark-Up (Fase Pesta),Normal,Normal,Naik 1 Hari Beruntun,TP: 484 | CL: 420,Normal,Tidak Ideal (< 1:1),Netral / Sideways,Netral / Sepi Berita,Normal / Sedang Transisi,Mendekati Fibo 23.6%,5,WAIT & SEE,TIDAK ADA,2026-09-01 09:00:03,Biasa / Mengikuti Pasar
09:00,BUMI,Token Mati (Perlu Update),Big Cap (Lapis 1),Overvalued (Mahal),32.98969,47999.996,192.0,183,162,202,1.0526315789473684,1586243800,Normal,60,Positif,Uptrend,Bullish,Bearish MACD,Perfect Uptrend (5>20>50),Normal,Distribusi (Turun),Normal,Seimbang / Adu Mekanik,Normal,Tinggi,Normal,Rawan Pucuk (High Risk),> 1 Miliar,Persis di VWAP,Distribusi Pro (Guyuran),Sultan (> 50M/hari),Normal (50-150%),Mark-Up (Fase Pesta),Normal,Normal,Naik 1 Hari Beruntun,TP: 205 | CL: 182,Normal,Tidak Ideal (< 1:1),Netral / Sideways,Netral / Sepi Berita,Normal / Sedang Transisi,Mendekati Fibo 23.6%,4,WAIT & SEE,TIDAK ADA,2026-09-01 09:00:03,🔥 ANOMALI BANDAR (Siap Ledakan)
09:00,BUVA,Token Mati (Perlu Update),Big Cap (Lapis 1),Overvalued (Mahal),768.4211,8.339617,730.0,753,695,910,0.6896551724137931,53504500,Normal,44,Positif,Downtrend,Bearish,Bullish MACD,Strong Downtrend (5<20<50),Normal,Distribusi (Turun),Normal,Seimbang / Adu Mekanik,Normal,Tinggi,Doji (Ragu-ragu),Area Tengah,> 1 Miliar,Persis di VWAP,Distribusi Pro (Guyuran),Ritel Aktif (5M - 50M),Normal (50-150%),Mark-Down (Fase Runtuh),Normal,Normal,Naik 1 Hari Beruntun,TP: 783 | CL: 694,Normal,Sangat Menarik (> 1:3),Golden Cross (Awal Bullish),Netral / Sepi Berita,Normal / Sedang Transisi,Dekat Support Fibo 61.8% (Golden Ratio),2,WAIT & SEE,TIDAK ADA,2026-09-01 09:00:03,Biasa / Mengikuti Pasar
09:00,BVIC,Transaksi Sepi (Skip Broksum),Mid Cap (Lapis 2),Overvalued (Mahal),32.87197,0.40422952,95.0,92,90,98,3.260869565217391,2255800,Tembus MA20,61,Positif,Uptrend,Bearish,Bearish MACD,Konsolidasi / Transisi,Normal,Distribusi (Turun),Normal,Dominan Beli (Hajar Kanan),Squeeze,Rendah,Normal,Area Tengah,< 1 Miliar,Di Atas VWAP (Kuat),Distribusi Pro (Guyuran),Gorengan Sepi (< 5M),Normal (50-150%),Mark-Up (Fase Pesta),Spesialis Tiang Jemuran (Banting Pucuk),Normal,Naik 1 Hari Beruntun,TP: 98 | CL: 92,Normal,Tidak Ideal (< 1:1),Netral / Sideways,Netral / Sepi Berita,Normal / Sedang Transisi,Mendekati Fibo 38.2%,5,WAIT & SEE,TIDAK ADA,2026-09-01 09:00:03,Biasa / Mengikuti Pasar
09:00,BWPT,Token Mati (Perlu Update),Mid Cap (Lapis 2),Undervalued (Murah),8.301307,1.1204946,108.0,96,80,118,0.9345794392523363,291048400,Normal,63,Positif,Uptrend,Bullish,Strong Bullish,Perfect Uptrend (5>20>50),Normal,Akumulasi (Naik),Normal,Seimbang / Adu Mekanik,Normal,Tinggi,Normal,Rawan Pucuk (High Risk),> 1 Miliar,Di Atas VWAP (Kuat),Distribusi Pro (Guyuran),Ritel Aktif (5M - 50M),Normal (50-150%),Mark-Up (Fase Pesta),Spesialis Tiang Jemuran (Banting Pucuk),Normal,Naik 3 Hari Beruntun,TP: 120 | CL: 99,Normal,Tidak Ideal (< 1:1),Netral / Sideways,Netral / Sepi Berita,Normal / Sedang Transisi,Mendekati Fibo 23.6%,6,WAIT & SEE,TIDAK ADA,2026-09-01 09:00:03,Biasa / Mengikuti Pasar
09:00,BYAN,Token Mati (Perlu Update),Big Cap (Lapis 1),Overvalued (Mahal),31.64557,190202.7,14075.0,13683,11100,18650,-3.430531732418525,1118500,Normal,54,Negatif,Uptrend,Bullish,Bearish MACD,Perfect Uptrend (5>20>50),Normal,Distribusi (Turun),Normal,Seimbang / Adu Mekanik,Normal,Tinggi,Normal,Rawan Pucuk (High Risk),> 1 Miliar,Di Bawah VWAP (Lemah),Distribusi Pro (Guyuran),Ritel Aktif (5M - 50M),Normal (50-150%),Mark-Up (Fase Pesta),Spesialis Tiang Jemuran (Banting Pucuk),Normal,Turun 3 Hari Beruntun,TP: 15939 | CL: 12832,Open = High (Tekanan Jual),Ideal (1:2),Netral / Sideways,Netral / Sepi Berita,Normal / Sedang Transisi,Mendekati Fibo 50.0%,3,WAIT & SEE,TIDAK ADA,2026-09-01 09:00:03,Biasa / Mengikuti Pasar
09:00,CASS,Transaksi Sepi (Skip Broksum),Mid Cap (Lapis 2),Fair Value (Wajar),8.156536,2.2260928,1880.0,1884,1840,1985,1.0752688172043012,290500,Normal,53,Positif,Downtrend,Bearish,Bearish MACD,Konsolidasi / Transisi,Normal,Akumulasi (Naik),Normal,Dominan Beli (Hajar Kanan),Squeeze,Rendah,Normal,Dekat Support (Low Risk),< 1 Miliar,Persis di VWAP,Distribusi Pro (Guyuran),Gorengan Sepi (< 5M),Anomali Tinggi (150-300%),Distribution (Fase Jualan),Spesialis Tiang Jemuran (Banting Pucuk),Normal,Naik 1 Hari Beruntun,TP: 1934 | CL: 1843,Normal,Ideal (1:2),Golden Cross (Awal Bullish),Netral / Sepi Berita,Supply Kering (Siap Pump) 🏜️,Golden Rebound Fibo 50.0% 🎯,4,WAIT & SEE,TIDAK ADA,2026-09-01 09:00:03,Biasa / Mengikuti Pasar
09:00,CEKA,Transaksi Sepi (Skip Broksum),Mid Cap (Lapis 2),Undervalued (Murah),5.966652,0.6293031,2190.0,2200,2140,2260,0.45871559633027525,18200,Normal,50,Positif,Downtrend,Bearish,Bearish MACD,Konsolidasi / Transisi,Normal,Distribusi (Turun),Normal,Seimbang / Adu Mekanik,Squeeze,Rendah,Normal,Dekat Support (Low Risk),< 1 Miliar,Persis di VWAP,Distribusi Pro (Guyuran),Gorengan Sepi (< 5M),Normal (50-150%),Distribution (Fase Jualan),Normal,Normal,Naik 1 Hari Beruntun,TP: 2240 | CL: 2156,Open = High (Tekanan Jual),Menengah (1:1),Netral / Sideways,Netral / Sepi Berita,Normal / Sedang Transisi,Dekat Support Fibo 50.0%,1,WAIT & SEE,TIDAK ADA,2026-09-01 09:00:03,Biasa / Mengikuti Pasar
09:00,CENT,Token Mati (Perlu Update),Mid Cap (Lapis 2),Fair Value (Wajar),0.0,1.3124028,103.0,88,79,129,-1.9047619047619049,15058600,Normal,66,Negatif,Uptrend,Bullish,Strong Bullish,Perfect Uptrend (5>20>50),Normal,Akumulasi (Naik),Normal,Dominan Jual (Guyur),Normal,Tinggi,Normal,Rawan Pucuk (High Risk),> 1 Miliar,Di Bawah VWAP (Lemah),Distribusi Pro (Guyuran),Ritel Aktif (5M - 50M),Sepi (< 50%),Mark-Up (Fase Pesta),Spesialis Tiang Jemuran (Banting Pucuk),Normal,Turun 2 Hari Beruntun,TP: 116 | CL: 93,Open = High (Tekanan Jual),Menengah (1:1),Netral / Sideways,Netral / Sepi Berita,Normal / Sedang Transisi,Dekat Support Fibo 38.2%,5,WAIT & SEE,TIDAK ADA,2026-09-01 09:00:03,Biasa / Mengikuti Pasar
09:00,CFIN,Transaksi Sepi (Skip Broksum),Mid Cap (Lapis 2),Undervalued (Murah),5.99353,0.24647962,352.0,351,340,360,-0.5649717514124294,778800,Normal,58,Negatif,Uptrend,Bullish,Bearish MACD,Perfect Uptrend (5>20>50),Normal,Distribusi (Turun),Normal,Seimbang / Adu Mekanik,Squeeze,Rendah,Doji (Ragu-ragu),Area Tengah,< 1 Miliar,Persis di VWAP,Akumulasi Pro (Smart Money),Gorengan Sepi (< 5M),Sepi (< 50%),Mark-Up (Fase Pesta),Normal,Normal,Turun 1 Hari Beruntun,TP: 363 | CL: 344,Normal,Tidak Ideal (< 1:1),Death Cross (Awal Bearish),Netral / Sepi Berita,Supply Kering (Siap Pump) 🏜️,Mendekati Fibo 23.6%,3,WAIT & SEE,TIDAK ADA,2026-09-01 09:00:03,Biasa / Mengikuti Pasar
09:00,CINT,Transaksi Sepi (Skip Broksum),Small Cap (Lapis 3),Fair Value (Wajar),0.0,0.6047837,184.0,178,170,194,1.6574585635359116,545000,Normal,63,Positif,Uptrend,Bullish,Strong Bullish,Perfect Uptrend (5>20>50),Normal,Distribusi (Turun),Normal,Seimbang / Adu Mekanik,Squeeze,Rendah,Doji (Ragu-ragu),Area Tengah,< 1 Miliar,Persis di VWAP,Distribusi Pro (Guyuran),Gorengan Sepi (< 5M),Normal (50-150%),Mark-Up (Fase Pesta),Spesialis Tiang Jemuran (Banting Pucuk),Jarum Bawah (Sinyal Pantulan Kuat),Naik 2 Hari Beruntun,TP: 193 | CL: 177,Normal,Tidak Ideal (< 1:1),Netral / Sideways,Netral / Sepi Berita,Normal / Sedang Transisi,Golden Rebound Fibo 38.2% 🎯,5,WAIT & SEE,TIDAK ADA,2026-09-01 09:00:03,Biasa / Mengikuti Pasar
09:00,CITA,Token Mati (Perlu Update),Big Cap (Lapis 1),Fair Value (Wajar),9.39855,1.6030247,3280.0,3238,3140,3320,0.6134969325153374,314300,Tembus MA20,59,Positif,Uptrend,Bullish,Bearish MACD,Perfect Uptrend (5>20>50),Normal,Akumulasi (Naik),Normal,Dominan Beli (Hajar Kanan),Squeeze,Rendah,Doji (Ragu-ragu),Area Tengah,> 1 Miliar,Persis di VWAP,Akumulasi Pro (Smart Money),Gorengan Sepi (< 5M),Anomali Tinggi (150-300%),Mark-Up (Fase Pesta),Spesialis Tiang Jemuran (Banting Pucuk),Jarum Bawah (Sinyal Pantulan Kuat),Naik 2 Hari Beruntun,TP: 3368 | CL: 3220,Normal,Tidak Ideal (< 1:1),Netral / Sideways,Netral / Sepi Berita,Normal / Sedang Transisi,Golden Rebound Fibo 23.6% 🎯,7,BELI,TIDAK ADA,2026-09-01 09:00:03,Biasa / Mengikuti Pasar
09:00,CLPI,Transaksi Sepi (Skip Broksum),Small Cap (Lapis 3),Undervalued (Murah),6.587615,0.84132284,1600.0,1596,1535,1620,0.3134796238244514,98900,Tembus MA20,62,Positif,Uptrend,Death Cross,Bearish MACD,Konsolidasi / Transisi,Normal,Akumulasi (Naik),Normal,Dominan Beli (Hajar Kanan),Squeeze,Rendah,Marubozu (Strong Bullish),Area Tengah,< 1 Miliar,Persis di VWAP,Akumulasi Pro (Smart Money),Gorengan Sepi (< 5M),Normal (50-150%),Mark-Up (Fase Pesta),Spesialis Tiang Jemuran (Banting Pucuk),Normal,Naik 1 Hari Beruntun,TP: 1629 | CL: 1580,Open = Low (Bullish Kuat),Tidak Ideal (< 1:1),Netral / Sideways,Netral / Sepi Berita,Normal / Sedang Transisi,Mendekati Fibo 23.6%,6,WAIT & SEE,TIDAK ADA,2026-09-01 09:00:03,Biasa / Mengikuti Pasar
09:00,CMNP,Transaksi Sepi (Skip Broksum),Mid Cap (Lapis 2),Undervalued (Murah),8.045053,0.6193873,1400.0,1371,1305,1410,1.083032490974729,56200,Normal,62,Positif,Uptrend,Bullish,Strong Bullish,Perfect Uptrend (5>20>50),Normal,Distribusi (Turun),Normal,Seimbang / Adu Mekanik,Squeeze,Rendah,Normal,Area Tengah,< 1 Miliar,Di Atas VWAP (Kuat),Akumulasi Pro (Smart Money),Gorengan Sepi (< 5M),Normal (50-150%),Mark-Up (Fase Pesta),Normal,Normal,Naik 2 Hari Beruntun,TP: 1449 | CL: 1366,Normal,Tidak Ideal (< 1:1),Overbought (Jenuh Beli - Rawan),Netral / Sepi Berita,Normal / Sedang Transisi,Dekat Support Fibo 23.6%,5,WAIT & SEE,TIDAK ADA,2026-09-01 09:00:03,Biasa / Mengikuti Pasar
09:00,CPIN,Token Mati (Perlu Update),Big Cap (Lapis 1),Undervalued (Murah),6.738575,1.4002864,2980.0,3077,2900,3370,-2.6143790849673203,471531000,Tembus MA20,41,Negatif,Downtrend,Bearish,Strong Bearish,Strong Downtrend (5<20<50),Distribusi Kuat,Distribusi (Turun),Normal,Dominan Jual (Guyur),Normal,Sedang,Normal,Dekat Support (Low Risk),> 1 Miliar,Di Bawah VWAP (Lemah),Distribusi Pro (Guyuran),Sultan (> 50M/hari),Ledakan Ekstrem (> 300%),Mark-Down (Fase Runtuh),Normal,Normal,Turun 1 Hari Beruntun,TP: 3090 | CL: 2906,Normal,Sangat Menarik (> 1:3),Netral / Sideways,Netral / Sepi Berita,Supply Banjir (Distribusi) 🌊,Mendekati Fibo Bottom / 100%,1,WAIT & SEE,TIDAK ADA,2026-09-01 09:00:03,🔥 ANOMALI BANDAR (Siap Ledakan)
09:00,CPRO,Transaksi Sepi (Skip Broksum),Mid Cap (Lapis 2),Undervalued (Murah),9.259259,0.7482902,50.0,50,50,54,0.0,12438100,Normal,45,Negatif,Downtrend,Bearish,Strong Bearish,Konsolidasi / Transisi,Normal,Netral,Normal,Tidak Ada Transaksi,Squeeze,Rendah,Doji (Ragu-ragu),Dekat Support (Low Risk),< 1 Miliar,Persis di VWAP,Netral,Gorengan Sepi (< 5M),Sepi (< 50%),Distribution (Fase Jualan),Spesialis Tiang Jemuran (Banting Pucuk),Normal,Sideways / Stagnan,TP: 51 | CL: 48,Normal,Di Area Support,Oversold (Jenuh Jual - Peluang),Netral / Sepi Berita,Supply Kering (Siap Pump) 🏜️,Golden Rebound Fibo Bottom / 100% 🎯,0,WAIT & SEE,TIDAK ADA,2026-09-01 09:00:03,Biasa / Mengikuti Pasar
09:00,CSAP,Transaksi Sepi (Skip Broksum),Mid Cap (Lapis 2),Undervalued (Murah),8.881988,0.44646552,286.0,289,276,360,-1.3793103448275863,209200,Normal,47,Negatif,Downtrend,Death Cross,Bearish MACD,Konsolidasi / Transisi,Normal,Distribusi (Turun),Normal,Seimbang / Adu Mekanik,Squeeze,Rendah,Normal,Area Tengah,< 1 Miliar,Persis di VWAP,Akumulasi Pro (Smart Money),Gorengan Sepi (< 5M),Sepi (< 50%),Distribution (Fase Jualan),Spesialis Tiang Jemuran (Banting Pucuk),Normal,Turun 1 Hari Beruntun,TP: 314 | CL: 266,Open = High (Tekanan Jual),Sangat Menarik (> 1:3),Oversold (Jenuh Jual - Peluang),Netral / Sepi Berita,Supply Kering (Siap Pump) 🏜️,Mendekati Fibo 78.6%,0,WAIT & SEE,TIDAK ADA,2026-09-01 09:00:03,Biasa / Mengikuti Pasar
09:00,CTBN,Transaksi Sepi (Skip Broksum),Mid Cap (Lapis 2),Overvalued (Mahal),35.08772,24374.998,3120.0,3754,3120,4240,-0.3194888178913738,84400,Normal,13,Negatif,Downtrend,Bearish,Strong Bearish,Strong Downtrend (5<20<50),Normal,Distribusi (Turun),Normal,Dominan Jual (Guyur),Normal,Tinggi,Doji (Ragu-ragu),Dekat Support (Low Risk),< 1 Miliar,Di Bawah VWAP (Lemah),Distribusi Pro (Guyuran),Gorengan Sepi (< 5M),Sepi (< 50%),Mark-Down (Fase Runtuh),Spesialis Tiang Jemuran (Banting Pucuk),Normal,Turun 2 Hari Beruntun,TP: 3292 | CL: 3005,Normal,Di Area Support,Oversold (Jenuh Jual - Peluang),Netral / Sepi Berita,Normal / Sedang Transisi,Golden Rebound Fibo Bottom / 100% 🎯,0,WAIT & SEE,TIDAK ADA,2026-09-01 09:00:03,🔥 ANOMALI BANDAR (Siap Ledakan)
09:00,CTRA,Token Mati (Perlu Update),Big Cap (Lapis 1),Undervalued (Murah),4.70519,0.48422706,640.0,611,570,655,1.5873015873015872,15250900,Tembus MA20,63,Positif,Uptrend,Bullish,Strong Bullish,Perfect Uptrend (5>20>50),Normal,Akumulasi (Naik),Normal,Dominan Beli (Hajar Kanan),Normal,Sedang,Normal,Rawan Pucuk (High Risk),> 1 Miliar,Di Atas VWAP (Kuat),Akumulasi Pro (Smart Money),Ritel Aktif (5M - 50M),Normal (50-150%),Mark-Up (Fase Pesta),Normal,Normal,Naik 3 Hari Beruntun,TP: 668 | CL: 621,Normal,Tidak Ideal (< 1:1),Netral / Sideways,Netral / Sepi Berita,Normal / Sedang Transisi,Mendekati Fibo 23.6%,8,BELI,TIDAK ADA,2026-09-01 09:00:03,Biasa / Mengikuti Pasar
09:00,CTTH,Transaksi Sepi (Skip Broksum),Small Cap (Lapis 3),Fair Value (Wajar),0.0,0.9990329,125.0,129,119,148,-0.7936507936507936,3523500,Normal,47,Negatif,Downtrend,Bearish,Strong Bearish,Konsolidasi / Transisi,Normal,Distribusi (Turun),Normal,Seimbang / Adu Mekanik,Normal,Sedang,Normal,Area Tengah,< 1 Miliar,Di Bawah VWAP (Lemah),Distribusi Pro (Guyuran),Gorengan Sepi (< 5M),Sepi (< 50%),Distribution (Fase Jualan),Spesialis Tiang Jemuran (Banting Pucuk),Normal,Turun 1 Hari Beruntun,TP: 136 | CL: 117,Normal,Sangat Menarik (> 1:3),Netral / Sideways,Netral / Sepi Berita,Normal / Sedang Transisi,Mengambang (Jauh dari Fibo),0,WAIT & SEE,TIDAK ADA,2026-09-01 09:00:03,Biasa / Mengikuti Pasar
09:00,DART,Transaksi Sepi (Skip Broksum),Small Cap (Lapis 3),Fair Value (Wajar),0.0,0.481979,163.0,156,123,214,-0.6097560975609756,1179700,Normal,57,Negatif,Uptrend,Bullish,Bearish MACD,Perfect Uptrend (5>20>50),Normal,Distribusi (Turun),Normal,Seimbang / Adu Mekanik,Normal,Tinggi,Normal,Rawan Pucuk (High Risk),< 1 Miliar,Persis di VWAP,Distribusi Pro (Guyuran),Gorengan Sepi (< 5M),Sepi (< 50%),Mark-Up (Fase Pesta),Spesialis Tiang Jemuran (Banting Pucuk),Normal,Turun 1 Hari Beruntun,TP: 187 | CL: 146,Open = High (Tekanan Jual),Menengah (1:1),Netral / Sideways,Netral / Sepi Berita,Normal / Sedang Transisi,Mendekati Fibo 50.0%,3,WAIT & SEE,TIDAK ADA,2026-09-01 09:00:03,Biasa / Mengikuti Pasar
09:00,DEFI,Transaksi Sepi (Skip Broksum),Small Cap (Lapis 3),Fair Value (Wajar),0.0,2.6155624,104.0,106,99,126,-0.9523809523809524,7502500,Normal,46,Negatif,Downtrend,Bearish,Strong Bearish,Strong Downtrend (5<20<50),Normal,Distribusi (Turun),Normal,Dominan Jual (Guyur),Normal,Sedang,Normal,Area Tengah,< 1 Miliar,Di Bawah VWAP (Lemah),Distribusi Pro (Guyuran),Gorengan Sepi (< 5M),Normal (50-150%),Mark-Down (Fase Runtuh),Spesialis Tiang Jemuran (Banting Pucuk),Normal,Turun 1 Hari Beruntun,TP: 112 | CL: 98,Normal,Sangat Menarik (> 1:3),Golden Cross (Awal Bullish),Netral / Sepi Berita,Normal / Sedang Transisi,Mengambang (Jauh dari Fibo),0,WAIT & SEE,TIDAK ADA,2026-09-01 09:00:03,Biasa / Mengikuti Pasar
09:00,DEWA,Token Mati (Perlu Update),Big Cap (Lapis 1),Fair Value (Wajar),3.8052409,2.1222205,440.0,454,414,496,0.0,174728300,Normal,51,Negatif,Downtrend,Bearish,Bearish MACD,Konsolidasi / Transisi,Normal,Distribusi (Turun),Normal,Seimbang / Adu Mekanik,Normal,Sedang,Doji (Ragu-ragu),Area Tengah,> 1 Miliar,Persis di VWAP,Distribusi Pro (Guyuran),Sultan (> 50M/hari),Sepi (< 50%),Distribution (Fase Jualan),Normal,Normal,Sideways / Stagnan,TP: 473 | CL: 417,Normal,Ideal (1:2),Netral / Sideways,Netral / Sepi Berita,Normal / Sedang Transisi,Dekat Support Fibo 23.6%,1,WAIT & SEE,TIDAK ADA,2026-09-01 09:00:03,Biasa / Mengikuti Pasar
09:00,DGIK,Token Mati (Perlu Update),Small Cap (Lapis 3),Undervalued (Murah),12.85583,0.9468416,140.0,130,121,147,3.7037037037037033,9079000,Tembus MA20,62,Positif,Uptrend,Bullish,Strong Bullish,Perfect Uptrend (5>20>50),Normal,Akumulasi (Naik),Normal,Dominan Beli (Hajar Kanan),Normal,Sedang,Normal,Rawan Pucuk (High Risk),> 1 Miliar,Di Atas VWAP (Kuat),Distribusi Pro (Guyuran),Gorengan Sepi (< 5M),Normal (50-150%),Mark-Up (Fase Pesta),Spesialis Tiang Jemuran (Banting Pucuk),Normal,Naik 1 Hari Beruntun,TP: 152 | CL: 131,Normal,Tidak Ideal (< 1:1),Netral / Sideways,Netral / Sepi Berita,Normal / Sedang Transisi,Dekat Support Fibo 23.6%,8,BELI,TIDAK ADA,2026-09-01 09:00:03,Biasa / Mengikuti Pasar
09:00,DILD,Token Mati (Perlu Update),Mid Cap (Lapis 2),Fair Value (Wajar),20.748299,0.22359514,122.0,117,113,126,1.6666666666666667,20366300,Normal,63,Positif,Uptrend,Bullish,Strong Bullish,Perfect Uptrend (5>20>50),Normal,Distribusi (Turun),Normal,Dominan Beli (Hajar Kanan),Squeeze,Rendah,Normal,Area Tengah,> 1 Miliar,Di Atas VWAP (Kuat),Distribusi Pro (Guyuran),Gorengan Sepi (< 5M),Normal (50-150%),Mark-Up (Fase Pesta),Spesialis Tiang Jemuran (Banting Pucuk),Normal,Naik 1 Hari Beruntun,TP: 129 | CL: 117,Normal,Tidak Ideal (< 1:1),Netral / Sideways,Netral / Sepi Berita,Normal / Sedang Transisi,Dekat Support Fibo 23.6%,6,WAIT & SEE,TIDAK ADA,2026-09-01 09:00:03,Biasa / Mengikuti Pasar
09:00,DKFT,Token Mati (Perlu Update),Mid Cap (Lapis 2),Fair Value (Wajar),5.5495286,2.3836663,665.0,668,635,715,-0.7462686567164178,3701000,Normal,51,Negatif,Downtrend,Bearish,Bearish MACD,Konsolidasi / Transisi,Normal,Distribusi (Turun),Normal,Seimbang / Adu Mekanik,Normal,Sedang,Normal,Area Tengah,> 1 Miliar,Persis di VWAP,Distribusi Pro (Guyuran),Gorengan Sepi (< 5M),Normal (50-150%),Distribution (Fase Jualan),Normal,Normal,Turun 1 Hari Beruntun,TP: 698 | CL: 642,Normal,Ideal (1:2),Netral / Sideways,Netral / Sepi Berita,Normal / Sedang Transisi,Dekat Support Fibo 38.2%,1,WAIT & SEE,TIDAK ADA,2026-09-01 09:00:03,Biasa / Mengikuti Pasar
09:00,DLTA,Transaksi Sepi (Skip Broksum),Mid Cap (Lapis 2),Fair Value (Wajar),9.625264,2.1161556,1780.0,1783,1760,1805,-0.2801120448179272,29000,Normal,52,Negatif,Downtrend,Bullish,Bearish MACD,Perfect Uptrend (5>20>50),Normal,Distribusi (Turun),Normal,Dominan Jual (Guyur),Squeeze,Rendah,Normal,Dekat Support (Low Risk),< 1 Miliar,Persis di VWAP,Distribusi Pro (Guyuran),Gorengan Sepi (< 5M),Sepi (< 50%),Distribution (Fase Jualan),Normal,Normal,Turun 1 Hari Beruntun,TP: 1804 | CL: 1763,Open = High (Tekanan Jual),Menengah (1:1),Netral / Sideways,Netral / Sepi Berita,Normal / Sedang Transisi,Dekat Support Fibo 23.6%,2,WAIT & SEE,TIDAK ADA,2026-09-01 09:00:03,Biasa / Mengikuti Pasar
09:00,DMAS,Token Mati (Perlu Update),Big Cap (Lapis 1),Undervalued (Murah),6.4276886,1.4307824,208.0,160,145,214,4.522613065326634,1433486400,Tembus MA20,83,Positif,Uptrend,Bullish,Strong Bullish,Perfect Uptrend (5>20>50),Akumulasi Kuat,Akumulasi (Naik),Normal,Seimbang / Adu Mekanik,Breakout Upper,Tinggi,Normal,Rawan Pucuk (High Risk),> 1 Miliar,Di Atas VWAP (Kuat),Akumulasi Pro (Smart Money),Sultan (> 50M/hari),Anomali Tinggi (150-300%),Mark-Up (Fase Pesta),Normal,Normal,Naik 3 Hari Beruntun,TP: 223 | CL: 197,Normal,Tidak Ideal (< 1:1),Overbought (Jenuh Beli - Rawan),Netral / Sepi Berita,Normal / Sedang Transisi,Mengambang (Jauh dari Fibo),8,BELI,TIDAK ADA,2026-09-01 09:00:03,🔥 ANOMALI BANDAR (Siap Ledakan)
09:00,DNAR,Transaksi Sepi (Skip Broksum),Mid Cap (Lapis 2),Undervalued (Murah),9.796534,0.5616813,130.0,125,120,138,0.7751937984496124,1059200,Normal,63,Positif,Uptrend,Bullish,Strong Bullish,Perfect Uptrend (5>20>50),Normal,Akumulasi (Naik),Normal,Seimbang / Adu Mekanik,Squeeze,Rendah,Doji (Ragu-ragu),Area Tengah,< 1 Miliar,Persis di VWAP,Distribusi Pro (Guyuran),Gorengan Sepi (< 5M),Normal (50-150%),Mark-Up (Fase Pesta),Normal,Jarum Bawah (Sinyal Pantulan Kuat),Naik 3 Hari Beruntun,TP: 137 | CL: 125,Normal,Tidak Ideal (< 1:1),Netral / Sideways,Netral / Sepi Berita,Normal / Sedang Transisi,Mendekati Fibo 23.6%,6,WAIT & SEE,TIDAK ADA,2026-09-01 09:00:03,Biasa / Mengikuti Pasar
09:00,DNET,Transaksi Sepi (Skip Broksum),Big Cap (Lapis 1),Overvalued (Mahal),126.57423,9.039981,9950.0,9863,9500,10625,0.0,5500,Normal,52,Negatif,Uptrend,Bullish,Strong Bullish,Awal Reversal (5>20),Normal,Distribusi (Turun),Normal,Dominan Beli (Hajar Kanan),Squeeze,Rendah,Normal,Area Tengah,< 1 Miliar,Persis di VWAP,Distribusi Pro (Guyuran),Gorengan Sepi (< 5M),Sepi (< 50%),Accumulation (Kumpul Barang),Normal,Normal,Sideways / Stagnan,TP: 10405 | CL: 9646,Normal,Ideal (1:2),Golden Cross (Awal Bullish),Netral / Sepi Berita,Normal / Sedang Transisi,Dekat Support Fibo 61.8% (Golden Ratio),5,WAIT & SEE,TIDAK ADA,2026-09-01 09:00:03,Biasa / Mengikuti Pasar
09:00,DOID,Transaksi Sepi (Skip Broksum),Mid Cap (Lapis 2),Overvalued (Mahal),0.0,235999.98,236.0,219,200,248,2.608695652173913,1900000,Normal,62,Positif,Uptrend,Bullish,Strong Bullish,Perfect Uptrend (5>20>50),Normal,Akumulasi (Naik),Normal,Dominan Beli (Hajar Kanan),Normal,Tinggi,Normal,Rawan Pucuk (High Risk),< 1 Miliar,Di Atas VWAP (Kuat),Akumulasi Pro (Smart Money),Gorengan Sepi (< 5M),Sepi (< 50%),Mark-Up (Fase Pesta),Normal,Normal,Naik 1 Hari Beruntun,TP: 253 | CL: 224,Normal,Tidak Ideal (< 1:1),Netral / Sideways,Netral / Sepi Berita,Normal / Sedang Transisi,Dekat Support Fibo 23.6%,7,BELI,TIDAK ADA,2026-09-01 09:00:03,Biasa / Mengikuti Pasar
09:00,DSFI,Transaksi Sepi (Skip Broksum),Small Cap (Lapis 3),Undervalued (Murah),9.374667,0.56216383,88.0,83,80,95,0.0,7028700,Normal,65,Negatif,Uptrend,Bullish,Strong Bullish,Perfect Uptrend (5>20>50),Normal,Akumulasi (Naik),Normal,Dominan Jual (Guyur),Normal,Sedang,Doji (Ragu-ragu),Rawan Pucuk (High Risk),< 1 Miliar,Persis di VWAP,Distribusi Pro (Guyuran),Gorengan Sepi (< 5M),Normal (50-150%),Mark-Up (Fase Pesta),Spesialis Tiang Jemuran (Banting Pucuk),Normal,Sideways / Stagnan,TP: 95 | CL: 83,Normal,Tidak Ideal (< 1:1),Death Cross (Awal Bearish),Netral / Sepi Berita,Normal / Sedang Transisi,Mendekati Fibo 23.6%,5,WAIT & SEE,TIDAK ADA,2026-09-01 09:00:03,Biasa / Mengikuti Pasar
09:00,DSNG,Token Mati (Perlu Update),Big Cap (Lapis 1),Undervalued (Murah),8.802817,1.4151891,1600.0,1398,1255,1620,3.225806451612903,6045900,Tembus MA20,75,Positif,Uptrend,Bullish,Strong Bullish,Perfect Uptrend (5>20>50),Normal,Akumulasi (Naik),Normal,Dominan Beli (Hajar Kanan),Breakout Upper,Tinggi,Normal,Rawan Pucuk (High Risk),> 1 Miliar,Di Atas VWAP (Kuat),Akumulasi Pro (Smart Money),Ritel Aktif (5M - 50M),Normal (50-150%),Mark-Up (Fase Pesta),Normal,Normal,Naik 1 Hari Beruntun,TP: 1687 | CL: 1541,Normal,Tidak Ideal (< 1:1),Overbought (Jenuh Beli - Rawan),Netral / Sepi Berita,Normal / Sedang Transisi,Mengambang (Jauh dari Fibo),8,BELI,TIDAK ADA,2026-09-01 09:00:03,Biasa / Mengikuti Pasar
09:00,DSSA,Token Mati (Perlu Update),Big Cap (Lapis 1),Overvalued (Mahal),44.65004,92500.0,1110.0,993,830,1290,-3.056768558951965,589122000,Normal,68,Negatif,Uptrend,Bullish,Strong Bullish,Perfect Uptrend (5>20>50),Normal,Akumulasi (Naik),Normal,Dominan Jual (Guyur),Normal,Tinggi,Normal,Rawan Pucuk (High Risk),> 1 Miliar,Di Bawah VWAP (Lemah),Distribusi Pro (Guyuran),Sultan (> 50M/hari),Normal (50-150%),Mark-Up (Fase Pesta),Spesialis Tiang Jemuran (Banting Pucuk),Normal,Turun 1 Hari Beruntun,TP: 1223 | CL: 1034,Normal,Tidak Ideal (< 1:1),Death Cross (Awal Bearish),Netral / Sepi Berita,Normal / Sedang Transisi,Mengambang (Jauh dari Fibo),5,WAIT & SEE,TIDAK ADA,2026-09-01 09:00:03,🔥 ANOMALI BANDAR (Siap Ledakan)
09:00,DUTI,Transaksi Sepi (Skip Broksum),Mid Cap (Lapis 2),Undervalued (Murah),14.144438,0.8665385,4820.0,4516,4050,4820,0.0,1400,Normal,95,Negatif,Uptrend,Bullish,Strong Bullish,Perfect Uptrend (5>20>50),Normal,Akumulasi (Naik),Normal,Dominan Beli (Hajar Kanan),Normal,Tinggi,Doji (Ragu-ragu),Rawan Pucuk (High Risk),< 1 Miliar,Persis di VWAP,Akumulasi Pro (Smart Money),Gorengan Sepi (< 5M),Sepi (< 50%),Mark-Up (Fase Pesta),Solid (Jarang Dibanting),Jarum Bawah (Sinyal Pantulan Kuat),Sideways / Stagnan,TP: 4883 | CL: 4777,Normal,Tidak Ideal (< 1:1),Overbought (Jenuh Beli - Rawan),Netral / Sepi Berita,Normal / Sedang Transisi,Mengambang (Jauh dari Fibo),6,WAIT & SEE,TIDAK ADA,2026-09-01 09:00:03,Biasa / Mengikuti Pasar
09:00,DVLA,Transaksi Sepi (Skip Broksum),Mid Cap (Lapis 2),Undervalued (Murah),12.952943,1.1796688,1580.0,1581,1550,1600,0.0,5000,Normal,54,Negatif,Downtrend,Bearish,Bearish MACD,Konsolidasi / Transisi,Normal,Distribusi (Turun),Normal,Dominan Beli (Hajar Kanan),Squeeze,Rendah,Doji (Ragu-ragu),Dekat Support (Low Risk),< 1 Miliar,Persis di VWAP,Akumulasi Pro (Smart Money),Gorengan Sepi (< 5M),Sepi (< 50%),Distribution (Fase Jualan),Normal,Jarum Bawah (Sinyal Pantulan Kuat),Sideways / Stagnan,TP: 1594 | CL: 1570,Normal,Tidak Ideal (< 1:1),Netral / Sideways,Netral / Sepi Berita,Normal / Sedang Transisi,Golden Rebound Fibo 23.6% 🎯,2,WAIT & SEE,TIDAK ADA,2026-09-01 09:00:03,Biasa / Mengikuti Pasar
09:00,DYAN,Token Mati (Perlu Update),Small Cap (Lapis 3),Undervalued (Murah),8.372093,0.5186333,90.0,86,80,98,3.4482758620689653,65228000,Tembus MA20,60,Positif,Uptrend,Bullish,Bearish MACD,Perfect Uptrend (5>20>50),Akumulasi Kuat,Akumulasi (Naik),Normal,Seimbang / Adu Mekanik,Normal,Sedang,Normal,Rawan Pucuk (High Risk),> 1 Miliar,Persis di VWAP,Distribusi Pro (Guyuran),Gorengan Sepi (< 5M),Ledakan Ekstrem (> 300%),Mark-Up (Fase Pesta),Spesialis Tiang Jemuran (Banting Pucuk),Normal,Naik 1 Hari Beruntun,TP: 96 | CL: 85,Normal,Tidak Ideal (< 1:1),Netral / Sideways,Netral / Sepi Berita,Normal / Sedang Transisi,Mendekati Fibo 38.2%,7,BELI,TIDAK ADA,2026-09-01 09:00:03,Biasa / Mengikuti Pasar
09:00,ECII,Transaksi Sepi (Skip Broksum),Small Cap (Lapis 3),Fair Value (Wajar),0.0,0.19577037,158.0,157,149,171,0.6369426751592357,942000,Normal,55,Positif,Uptrend,Bearish,Bearish MACD,Konsolidasi / Transisi,Normal,Akumulasi (Naik),Normal,Seimbang / Adu Mekanik,Normal,Sedang,Normal,Area Tengah,< 1 Miliar,Di Bawah VWAP (Lemah),Distribusi Pro (Guyuran),Gorengan Sepi (< 5M),Normal (50-150%),Mark-Up (Fase Pesta),Spesialis Tiang Jemuran (Banting Pucuk),Normal,Naik 1 Hari Beruntun,TP: 168 | CL: 151,Normal,Menengah (1:1),Netral / Sideways,Netral / Sepi Berita,Normal / Sedang Transisi,Mengambang (Jauh dari Fibo),4,WAIT & SEE,TIDAK ADA,2026-09-01 09:00:03,Biasa / Mengikuti Pasar
09:00,EKAD,Token Mati (Perlu Update),Mid Cap (Lapis 2),Undervalued (Murah),2.802978,1.1618681,410.0,277,168,466,-1.9138755980861244,13734200,Normal,88,Negatif,Uptrend,Bullish,Strong Bullish,Perfect Uptrend (5>20>50),Normal,Akumulasi (Naik),Gap Down (-3.3%),Dominan Jual (Guyur),Normal,Tinggi,Normal,Rawan Pucuk (High Risk),> 1 Miliar,Di Atas VWAP (Kuat),Akumulasi Pro (Smart Money),Ritel Aktif (5M - 50M),Sepi (< 50%),Mark-Up (Fase Pesta),Normal,Normal,Turun 2 Hari Beruntun,TP: 468 | CL: 371,Normal,Tidak Ideal (< 1:1),Overbought (Jenuh Beli - Rawan),Netral / Sepi Berita,Normal / Sedang Transisi,Mendekati Fibo 23.6%,5,WAIT & SEE,TIDAK ADA,2026-09-01 09:00:03,Biasa / Mengikuti Pasar
09:00,ELSA,Token Mati (Perlu Update),Mid Cap (Lapis 2),Undervalued (Murah),6.4331665,0.968824,720.0,699,660,740,4.3478260869565215,24725600,Tembus MA20,59,Positif,Uptrend,Bearish,Bearish MACD,Konsolidasi / Transisi,Normal,Distribusi (Turun),Normal,Dominan Beli (Hajar Kanan),Normal,Sedang,Marubozu (Strong Bullish),Area Tengah,> 1 Miliar,Di Atas VWAP (Kuat),Distribusi Pro (Guyuran),Ritel Aktif (5M - 50M),Normal (50-150%),Mark-Up (Fase Pesta),Normal,Normal,Naik 1 Hari Beruntun,TP: 756 | CL: 695,Open = Low (Bullish Kuat),Tidak Ideal (< 1:1),Netral / Sideways,Netral / Sepi Berita,Normal / Sedang Transisi,Mendekati Fibo 23.6%,5,WAIT & SEE,TIDAK ADA,2026-09-01 09:00:03,Biasa / Mengikuti Pasar
09:00,ELTY,Token Mati (Perlu Update),Mid Cap (Lapis 2),Fair Value (Wajar),0.0,0.3142727,40.0,37,31,46,8.108108108108109,175204500,Tembus MA20,60,Positif,Uptrend,Bullish,Bearish MACD,Perfect Uptrend (5>20>50),Normal,Distribusi (Turun),Gap Up (+8.1%),Dominan Beli (Hajar Kanan),Normal,Tinggi,Doji (Ragu-ragu),Rawan Pucuk (High Risk),> 1 Miliar,Di Atas VWAP (Kuat),Distribusi Pro (Guyuran),Gorengan Sepi (< 5M),Anomali Tinggi (150-300%),Mark-Up (Fase Pesta),Normal,Jarum Bawah (Sinyal Pantulan Kuat),Naik 1 Hari Beruntun,TP: 43 | CL: 37,Normal,Tidak Ideal (< 1:1),Golden Cross (Awal Bullish),Netral / Sepi Berita,Normal / Sedang Transisi,Golden Rebound Fibo 23.6% 🎯,7,BELI,TIDAK ADA,2026-09-01 09:00:03,Biasa / Mengikuti Pasar
09:00,EMDE,Transaksi Sepi (Skip Broksum),Small Cap (Lapis 3),Fair Value (Wajar),0.0,0.14013246,76.0,76,68,94,1.3333333333333335,2346400,Normal,55,Positif,Downtrend,Bearish,Bearish MACD,Konsolidasi / Transisi,Normal,Distribusi (Turun),Normal,Seimbang / Adu Mekanik,Normal,Tinggi,Doji (Ragu-ragu),Rawan Pucuk (High Risk),< 1 Miliar,Persis di VWAP,Distribusi Pro (Guyuran),Gorengan Sepi (< 5M),Sepi (< 50%),Distribution (Fase Jualan),Spesialis Tiang Jemuran (Banting Pucuk),Normal,Naik 1 Hari Beruntun,TP: 81 | CL: 72,Normal,Ideal (1:2),Golden Cross (Awal Bullish),Netral / Sepi Berita,Normal / Sedang Transisi,Mendekati Fibo 50.0%,2,WAIT & SEE,TIDAK ADA,2026-09-01 09:00:03,Biasa / Mengikuti Pasar
09:00,EMTK,Token Mati (Perlu Update),Big Cap (Lapis 1),Undervalued (Murah),14.025054,0.8602776,515.0,520,492,565,0.0,49869400,Tembus MA20,48,Negatif,Downtrend,Bearish,Strong Bearish,Strong Downtrend (5<20<50),Normal,Distribusi (Turun),Normal,Seimbang / Adu Mekanik,Normal,Sedang,Normal,Area Tengah,> 1 Miliar,Persis di VWAP,Distribusi Pro (Guyuran),Ritel Aktif (5M - 50M),Normal (50-150%),Mark-Down (Fase Runtuh),Normal,Normal,Sideways / Stagnan,TP: 547 | CL: 493,Open = High (Tekanan Jual),Ideal (1:2),Golden Cross (Awal Bullish),Netral / Sepi Berita,Normal / Sedang Transisi,Dekat Support Fibo 78.6%,1,WAIT & SEE,TIDAK ADA,2026-09-01 09:00:03,Biasa / Mengikuti Pasar
09:00,ENRG,Token Mati (Perlu Update),Big Cap (Lapis 1),Overvalued (Mahal),29.7592,36388.89,1310.0,1232,927,1355,4.382470119521913,155637700,Tembus MA20,54,Positif,Uptrend,Bullish,Bullish MACD,Awal Reversal (5>20),Normal,Akumulasi (Naik),Gap Up (+2.4%),Seimbang / Adu Mekanik,Normal,Tinggi,Normal,Rawan Pucuk (High Risk),> 1 Miliar,Di Atas VWAP (Kuat),Akumulasi Pro (Smart Money),Sultan (> 50M/hari),Anomali Tinggi (150-300%),Accumulation (Kumpul Barang),Normal,Normal,Naik 3 Hari Beruntun,TP: 1458 | CL: 1211,Normal,Tidak Ideal (< 1:1),Overbought (Jenuh Beli - Rawan),Netral / Sepi Berita,Normal / Sedang Transisi,Mendekati Fibo 50.0%,8,BELI,TIDAK ADA,2026-09-01 09:00:03,Biasa / Mengikuti Pasar
09:00,EPMT,Transaksi Sepi (Skip Broksum),Mid Cap (Lapis 2),Undervalued (Murah),7.8124995,0.784013,2390.0,2366,2280,2470,0.0,3600,Normal,55,Negatif,Uptrend,Bullish,Strong Bullish,Perfect Uptrend (5>20>50),Normal,Akumulasi (Naik),Gap Down (-2.5%),Dominan Beli (Hajar Kanan),Squeeze,Rendah,Marubozu (Strong Bullish),Area Tengah,< 1 Miliar,Persis di VWAP,Akumulasi Pro (Smart Money),Gorengan Sepi (< 5M),Sepi (< 50%),Mark-Up (Fase Pesta),Normal,Normal,Sideways / Stagnan,TP: 2475 | CL: 2332,Open = Low (Bullish Kuat),Tidak Ideal (< 1:1),Netral / Sideways,Netral / Sepi Berita,Supply Kering (Siap Pump) 🏜️,Golden Rebound Fibo 23.6% 🎯,6,WAIT & SEE,TIDAK ADA,2026-09-01 09:00:03,Biasa / Mengikuti Pasar
09:00,ERAA,Token Mati (Perlu Update),Mid Cap (Lapis 2),Undervalued (Murah),5.503565,0.8151183,494.0,463,414,498,1.2295081967213115,106021000,Tembus MA20,74,Positif,Uptrend,Bullish,Bearish MACD,Perfect Uptrend (5>20>50),Normal,Akumulasi (Naik),Normal,Dominan Beli (Hajar Kanan),Normal,Tinggi,Normal,Rawan Pucuk (High Risk),> 1 Miliar,Di Atas VWAP (Kuat),Akumulasi Pro (Smart Money),Ritel Aktif (5M - 50M),Normal (50-150%),Mark-Up (Fase Pesta),Spesialis Tiang Jemuran (Banting Pucuk),Normal,Naik 1 Hari Beruntun,TP: 519 | CL: 476,Normal,Tidak Ideal (< 1:1),Overbought (Jenuh Beli - Rawan),Netral / Sepi Berita,Normal / Sedang Transisi,Mengambang (Jauh dari Fibo),7,BELI,TIDAK ADA,2026-09-01 09:00:03,Biasa / Mengikuti Pasar
09:00,ERTX,Transaksi Sepi (Skip Broksum),Small Cap (Lapis 3),Overvalued (Mahal),184999.98,8043.478,185.0,187,173,232,1.6483516483516485,273500,Normal,58,Positif,Downtrend,Bearish,Bearish MACD,Konsolidasi / Transisi,Normal,Distribusi (Turun),Normal,Dominan Beli (Hajar Kanan),Normal,Sedang,Normal,Area Tengah,< 1 Miliar,Di Atas VWAP (Kuat),Akumulasi Pro (Smart Money),Gorengan Sepi (< 5M),Sepi (< 50%),Distribution (Fase Jualan),Spesialis Tiang Jemuran (Banting Pucuk),Normal,Naik 1 Hari Beruntun,TP: 196 | CL: 177,Normal,Sangat Menarik (> 1:3),Netral / Sideways,Netral / Sepi Berita,Normal / Sedang Transisi,Dekat Support Fibo 38.2%,3,WAIT & SEE,TIDAK ADA,2026-09-01 09:00:03,Biasa / Mengikuti Pasar
09:00,ESSA,Token Mati (Perlu Update),Big Cap (Lapis 1),Overvalued (Mahal),12.376238,26000.0,650.0,640,590,735,5.691056910569105,391874400,Tembus MA20,56,Positif,Uptrend,Bearish,Bearish MACD,Konsolidasi / Transisi,Akumulasi Kuat,Akumulasi (Naik),Normal,Dominan Beli (Hajar Kanan),Normal,Tinggi,Marubozu (Strong Bullish),Rawan Pucuk (High Risk),> 1 Miliar,Di Atas VWAP (Kuat),Akumulasi Pro (Smart Money),Sultan (> 50M/hari),Ledakan Ekstrem (> 300%),Mark-Up (Fase Pesta),Normal,Normal,Naik 1 Hari Beruntun,TP: 696 | CL: 618,Open = Low (Bullish Kuat),Menengah (1:1),Golden Cross (Awal Bullish),Netral / Sepi Berita,Normal / Sedang Transisi,Dekat Support Fibo 38.2%,7,BELI,TIDAK ADA,2026-09-01 09:00:03,Biasa / Mengikuti Pasar
09:00,ESTI,Transaksi Sepi (Skip Broksum),Small Cap (Lapis 3),Overvalued (Mahal),158000.0,1.7758795,158.0,166,152,220,-1.25,1860800,Normal,51,Negatif,Downtrend,Bearish,Bearish MACD,Konsolidasi / Transisi,Normal,Distribusi (Turun),Normal,Dominan Jual (Guyur),Normal,Tinggi,Normal,Area Tengah,< 1 Miliar,Persis di VWAP,Distribusi Pro (Guyuran),Gorengan Sepi (< 5M),Sepi (< 50%),Distribution (Fase Jualan),Normal,Normal,Turun 1 Hari Beruntun,TP: 170 | CL: 149,Normal,Sangat Menarik (> 1:3),Golden Cross (Awal Bullish),Netral / Sepi Berita,Normal / Sedang Transisi,Mengambang (Jauh dari Fibo),1,WAIT & SEE,TIDAK ADA,2026-09-01 09:00:03,Biasa / Mengikuti Pasar
09:00,EXCL,Token Mati (Perlu Update),Big Cap (Lapis 1),Fair Value (Wajar),0.0,1.7611132,2820.0,2659,2410,2930,1.8050541516245486,9277600,Tembus MA20,61,Positif,Uptrend,Bullish,Strong Bullish,Perfect Uptrend (5>20>50),Normal,Akumulasi (Naik),Normal,Dominan Beli (Hajar Kanan),Normal,Tinggi,Normal,Rawan Pucuk (High Risk),> 1 Miliar,Di Atas VWAP (Kuat),Distribusi Pro (Guyuran),Ritel Aktif (5M - 50M),Normal (50-150%),Mark-Up (Fase Pesta),Normal,Normal,Naik 1 Hari Beruntun,TP: 3005 | CL: 2696,Normal,Tidak Ideal (< 1:1),Netral / Sideways,Netral / Sepi Berita,Normal / Sedang Transisi,Dekat Support Fibo 23.6%,8,BELI,TIDAK ADA,2026-09-01 09:00:03,Biasa / Mengikuti Pasar
09:00,FAST,Token Mati (Perlu Update),Mid Cap (Lapis 2),Overvalued (Mahal),0.0,8.881757,476.0,425,312,565,1.7094017094017095,13972100,Normal,63,Positif,Uptrend,Bullish,Bearish MACD,Perfect Uptrend (5>20>50),Normal,Distribusi (Turun),Normal,Dominan Beli (Hajar Kanan),Normal,Tinggi,Normal,Rawan Pucuk (High Risk),> 1 Miliar,Persis di VWAP,Distribusi Pro (Guyuran),Ritel Aktif (5M - 50M),Sepi (< 50%),Mark-Up (Fase Pesta),Normal,Normal,Naik 1 Hari Beruntun,TP: 556 | CL: 422,Normal,Tidak Ideal (< 1:1),Death Cross (Awal Bearish),Netral / Sepi Berita,Normal / Sedang Transisi,Mengambang (Jauh dari Fibo),5,WAIT & SEE,TIDAK ADA,2026-09-01 09:00:03,Biasa / Mengikuti Pasar
09:00,FISH,Transaksi Sepi (Skip Broksum),Mid Cap (Lapis 2),Overvalued (Mahal),57.476635,17571.428,615.0,605,570,630,0.0,23500,Normal,53,Negatif,Uptrend,Bullish,Bullish MACD,Awal Reversal (5>20),Normal,Akumulasi (Naik),Normal,Dominan Beli (Hajar Kanan),Squeeze,Rendah,Doji (Ragu-ragu),Area Tengah,< 1 Miliar,Di Atas VWAP (Kuat),Akumulasi Pro (Smart Money),Gorengan Sepi (< 5M),Normal (50-150%),Accumulation (Kumpul Barang),Normal,Jarum Bawah (Sinyal Pantulan Kuat),Sideways / Stagnan,TP: 639 | CL: 598,Normal,Tidak Ideal (< 1:1),Overbought (Jenuh Beli - Rawan),Netral / Sepi Berita,Normal / Sedang Transisi,Mendekati Fibo 50.0%,6,WAIT & SEE,TIDAK ADA,2026-09-01 09:00:03,Biasa / Mengikuti Pasar
09:00,FMII,Transaksi Sepi (Skip Broksum),Mid Cap (Lapis 2),Fair Value (Wajar),0.0,2.3452287,254.0,252,240,260,0.0,7700,Normal,52,Negatif,Uptrend,Bullish,Bearish MACD,Perfect Uptrend (5>20>50),Normal,Akumulasi (Naik),Normal,Dominan Beli (Hajar Kanan),Squeeze,Rendah,Hammer (Potensi Reversal),Area Tengah,< 1 Miliar,Di Atas VWAP (Kuat),Akumulasi Pro (Smart Money),Gorengan Sepi (< 5M),Sepi (< 50%),Mark-Up (Fase Pesta),Solid (Jarang Dibanting),Jarum Bawah (Sinyal Pantulan Kuat),Sideways / Stagnan,TP: 273 | CL: 241,Open = High (Tekanan Jual),Tidak Ideal (< 1:1),Death Cross (Awal Bearish),Netral / Sepi Berita,Normal / Sedang Transisi,Mendekati Fibo 38.2%,5,WAIT & SEE,TIDAK ADA,2026-09-01 09:00:03,Biasa / Mengikuti Pasar
09:00,FORU,Token Mati (Perlu Update),Mid Cap (Lapis 2),Overvalued (Mahal),0.0,72.12867,2480.0,2314,1865,3000,24.623115577889447,3191800,Tembus MA20,52,Positif,Uptrend,Bearish,Bullish MACD,Strong Downtrend (5<20<50),Akumulasi Kuat,Akumulasi (Naik),Normal,Dominan Beli (Hajar Kanan),Normal,Tinggi,Marubozu (Strong Bullish),Rawan Pucuk (High Risk),> 1 Miliar,Di Atas VWAP (Kuat),Akumulasi Pro (Smart Money),Gorengan Sepi (< 5M),Ledakan Ekstrem (> 300%),Accumulation (Kumpul Barang),Normal,Normal,Naik 1 Hari Beruntun,TP: 2800 | CL: 2266,Normal,Tidak Ideal (< 1:1),Netral / Sideways,Netral / Sepi Berita,Normal / Sedang Transisi,Mendekati Fibo 61.8% (Golden Ratio),8,BELI,TIDAK ADA,2026-09-01 09:00:03,⚠️ Anomali (Sudah Terbang)
09:00,FPNI,Token Mati (Perlu Update),Mid Cap (Lapis 2),Overvalued (Mahal),11.723879,31250.0,625.0,489,342,670,1.6260162601626018,8260300,Normal,75,Positif,Uptrend,Bullish,Strong Bullish,Perfect Uptrend (5>20>50),Normal,Akumulasi (Naik),Normal,Dominan Beli (Hajar Kanan),Normal,Tinggi,Normal,Rawan Pucuk (High Risk),> 1 Miliar,Di Atas VWAP (Kuat),Akumulasi Pro (Smart Money),Ritel Aktif (5M - 50M),Sepi (< 50%),Mark-Up (Fase Pesta),Normal,Normal,Naik 1 Hari Beruntun,TP: 705 | CL: 571,Normal,Tidak Ideal (< 1:1),Overbought (Jenuh Beli - Rawan),Netral / Sepi Berita,Normal / Sedang Transisi,Mengambang (Jauh dari Fibo),7,BELI,TIDAK ADA,2026-09-01 09:00:03,Biasa / Mengikuti Pasar
09:00,GDST,Token Mati (Perlu Update),Mid Cap (Lapis 2),Undervalued (Murah),10.492107,0.7045415,113.0,113,94,150,1.8018018018018018,10622400,Normal,56,Positif,Downtrend,Bearish,Bearish MACD,Konsolidasi / Transisi,Normal,Akumulasi (Naik),Normal,Seimbang / Adu Mekanik,Normal,Tinggi,Normal,Rawan Pucuk (High Risk),> 1 Miliar,Persis di VWAP,Distribusi Pro (Guyuran),Gorengan Sepi (< 5M),Normal (50-150%),Distribution (Fase Jualan),Spesialis Tiang Jemuran (Banting Pucuk),Normal,Naik 1 Hari Beruntun,TP: 125 | CL: 105,Open = Low (Bullish Kuat),Ideal (1:2),Oversold (Jenuh Jual - Peluang),Netral / Sepi Berita,Normal / Sedang Transisi,Mendekati Fibo 50.0%,3,WAIT & SEE,TIDAK ADA,2026-09-01 09:00:03,Biasa / Mengikuti Pasar
09:00,GDYR,Transaksi Sepi (Skip Broksum),Small Cap (Lapis 3),Overvalued (Mahal),186666.67,7516.7783,1120.0,1104,1060,1125,0.0,11800,Normal,58,Negatif,Uptrend,Bullish,Strong Bullish,Perfect Uptrend (5>20>50),Normal,Akumulasi (Naik),Normal,Dominan Beli (Hajar Kanan),Squeeze,Rendah,Doji (Ragu-ragu),Area Tengah,< 1 Miliar,Persis di VWAP,Akumulasi Pro (Smart Money),Gorengan Sepi (< 5M),Sepi (< 50%),Mark-Up (Fase Pesta),Normal,Jarum Bawah (Sinyal Pantulan Kuat),Sideways / Stagnan,TP: 1148 | CL: 1101,Normal,Tidak Ideal (< 1:1),Overbought (Jenuh Beli - Rawan),Netral / Sepi Berita,Supply Kering (Siap Pump) 🏜️,Golden Rebound Fibo 50.0% 🎯,6,WAIT & SEE,TIDAK ADA,2026-09-01 09:00:03,Biasa / Mengikuti Pasar
09:00,GEMA,Transaksi Sepi (Skip Broksum),Small Cap (Lapis 3),Fair Value (Wajar),0.0,0.3061115,83.0,81,79,87,0.0,1230700,Normal,61,Negatif,Uptrend,Bullish,Strong Bullish,Perfect Uptrend (5>20>50),Normal,Akumulasi (Naik),Normal,Seimbang / Adu Mekanik,Squeeze,Rendah,Normal,Area Tengah,< 1 Miliar,Persis di VWAP,Distribusi Pro (Guyuran),Gorengan Sepi (< 5M),Normal (50-150%),Mark-Up (Fase Pesta),Spesialis Tiang Jemuran (Banting Pucuk),Normal,Sideways / Stagnan,TP: 87 | CL: 79,Normal,Menengah (1:1),Golden Cross (Awal Bullish),Netral / Sepi Berita,Normal / Sedang Transisi,Dekat Support Fibo 38.2%,5,WAIT & SEE,TIDAK ADA,2026-09-01 09:00:03,Biasa / Mengikuti Pasar
09:00,GEMS,Transaksi Sepi (Skip Broksum),Big Cap (Lapis 1),Overvalued (Mahal),9.979969,52819.547,7025.0,6648,6425,7050,1.444043321299639,129600,Tembus MA20,71,Positif,Uptrend,Bullish,Strong Bullish,Perfect Uptrend (5>20>50),Normal,Akumulasi (Naik),Normal,Dominan Beli (Hajar Kanan),Breakout Upper,Sedang,Normal,Area Tengah,< 1 Miliar,Di Atas VWAP (Kuat),Akumulasi Pro (Smart Money),Gorengan Sepi (< 5M),Normal (50-150%),Mark-Up (Fase Pesta),Normal,Normal,Naik 3 Hari Beruntun,TP: 7215 | CL: 6898,Open = Low (Bullish Kuat),Tidak Ideal (< 1:1),Overbought (Jenuh Beli - Rawan),Netral / Sepi Berita,Normal / Sedang Transisi,Mendekati Fibo 38.2%,8,BELI,TIDAK ADA,2026-09-01 09:00:03,Biasa / Mengikuti Pasar
09:00,GGRM,Token Mati (Perlu Update),Big Cap (Lapis 1),Undervalued (Murah),9.0663805,0.62528354,20800.0,20223,18100,21825,6.530089628681178,4279900,Tembus MA20,62,Positif,Uptrend,Bearish,Bearish MACD,Konsolidasi / Transisi,Akumulasi Kuat,Akumulasi (Naik),Normal,Dominan Beli (Hajar Kanan),Normal,Sedang,Marubozu (Strong Bullish),Rawan Pucuk (High Risk),> 1 Miliar,Di Atas VWAP (Kuat),Akumulasi Pro (Smart Money),Ritel Aktif (5M - 50M),Ledakan Ekstrem (> 300%),Mark-Up (Fase Pesta),Normal,Normal,Naik 1 Hari Beruntun,TP: 21852 | CL: 20098,Open = Low (Bullish Kuat),Tidak Ideal (< 1:1),Netral / Sideways,Netral / Sepi Berita,Normal / Sedang Transisi,Mendekati Fibo 23.6%,7,BELI,TIDAK ADA,2026-09-01 09:00:03,Biasa / Mengikuti Pasar
09:00,GIAA,Token Mati (Perlu Update),Big Cap (Lapis 1),Fair Value (Wajar),0.0,0.0,65.0,65,53,84,0.0,91091100,Normal,52,Negatif,Downtrend,Death Cross,Bearish MACD,Konsolidasi / Transisi,Normal,Distribusi (Turun),Normal,Seimbang / Adu Mekanik,Normal,Tinggi,Doji (Ragu-ragu),Rawan Pucuk (High Risk),> 1 Miliar,Di Bawah VWAP (Lemah),Distribusi Pro (Guyuran),Ritel Aktif (5M - 50M),Sepi (< 50%),Distribution (Fase Jualan),Normal,Normal,Sideways / Stagnan,TP: 74 | CL: 58,Normal,Ideal (1:2),Netral / Sideways,Netral / Sepi Berita,Normal / Sedang Transisi,Mendekati Fibo 61.8% (Golden Ratio),1,WAIT & SEE,TIDAK ADA,2026-09-01 09:00:03,Biasa / Mengikuti Pasar
09:00,GJTL,Token Mati (Perlu Update),Mid Cap (Lapis 2),Undervalued (Murah),3.0525165,0.4415763,1395.0,1335,1225,1455,-0.7117437722419928,9603000,Tembus MA20,68,Negatif,Uptrend,Bullish,Strong Bullish,Perfect Uptrend (5>20>50),Normal,Akumulasi (Naik),Normal,Seimbang / Adu Mekanik,Normal,Tinggi,Normal,Rawan Pucuk (High Risk),> 1 Miliar,Persis di VWAP,Akumulasi Pro (Smart Money),Ritel Aktif (5M - 50M),Normal (50-150%),Mark-Up (Fase Pesta),Normal,Normal,Turun 2 Hari Beruntun,TP: 1451 | CL: 1357,Normal,Tidak Ideal (< 1:1),Death Cross (Awal Bearish),Netral / Sepi Berita,Normal / Sedang Transisi,Mendekati Fibo 23.6%,6,WAIT & SEE,TIDAK ADA,2026-09-01 09:00:03,Biasa / Mengikuti Pasar
09:00,GMTD,Transaksi Sepi (Skip Broksum),Mid Cap (Lapis 2),Overvalued (Mahal),47.447754,1.605907,1385.0,1308,1220,1500,-1.773049645390071,113600,Tembus MA20,58,Negatif,Uptrend,Bullish,Strong Bullish,Perfect Uptrend (5>20>50),Distribusi Kuat,Distribusi (Turun),Normal,Seimbang / Adu Mekanik,Normal,Tinggi,Doji (Ragu-ragu),Rawan Pucuk (High Risk),< 1 Miliar,Persis di VWAP,Akumulasi Pro (Smart Money),Gorengan Sepi (< 5M),Ledakan Ekstrem (> 300%),Mark-Up (Fase Pesta),Normal,Normal,Turun 1 Hari Beruntun,TP: 1486 | CL: 1317,Normal,Tidak Ideal (< 1:1),Death Cross (Awal Bearish),Netral / Sepi Berita,Supply Banjir (Distribusi) 🌊,Mendekati Fibo 78.6%,5,WAIT & SEE,TIDAK ADA,2026-09-01 09:00:03,Biasa / Mengikuti Pasar
09:00,GOLD,Transaksi Sepi (Skip Broksum),Small Cap (Lapis 3),Fair Value (Wajar),23.073685,0.7870736,274.0,271,258,306,0.0,168600,Normal,53,Negatif,Uptrend,Bullish,Bearish MACD,Perfect Uptrend (5>20>50),Normal,Akumulasi (Naik),Normal,Seimbang / Adu Mekanik,Normal,Sedang,Normal,Area Tengah,< 1 Miliar,Di Bawah VWAP (Lemah),Distribusi Pro (Guyuran),Gorengan Sepi (< 5M),Sepi (< 50%),Mark-Up (Fase Pesta),Spesialis Tiang Jemuran (Banting Pucuk),Normal,Sideways / Stagnan,TP: 295 | CL: 259,Normal,Ideal (1:2),Netral / Sideways,Netral / Sepi Berita,Normal / Sedang Transisi,Mendekati Fibo 61.8% (Golden Ratio),4,WAIT & SEE,TIDAK ADA,2026-09-01 09:00:03,Biasa / Mengikuti Pasar
09:00,GPRA,Token Mati (Perlu Update),Small Cap (Lapis 3),Undervalued (Murah),7.115869,0.36035922,113.0,108,101,114,1.8018018018018018,137109400,Normal,63,Positif,Uptrend,Bullish,Strong Bullish,Perfect Uptrend (5>20>50),Normal,Akumulasi (Naik),Normal,Dominan Beli (Hajar Kanan),Normal,Sedang,Normal,Rawan Pucuk (High Risk),> 1 Miliar,Di Atas VWAP (Kuat),Akumulasi Pro (Smart Money),Ritel Aktif (5M - 50M),Normal (50-150%),Mark-Up (Fase Pesta),Spesialis Tiang Jemuran (Banting Pucuk),Normal,Naik 2 Hari Beruntun,TP: 119 | CL: 108,Normal,Tidak Ideal (< 1:1),Netral / Sideways,Netral / Sepi Berita,Normal / Sedang Transisi,Mendekati Fibo 23.6%,7,BELI,TIDAK ADA,2026-09-01 09:00:03,Biasa / Mengikuti Pasar
09:00,GSMF,Transaksi Sepi (Skip Broksum),Mid Cap (Lapis 2),Overvalued (Mahal),59.281437,0.6073023,99.0,90,83,113,-1.9801980198019802,7822600,Normal,63,Negatif,Uptrend,Bullish,Strong Bullish,Perfect Uptrend (5>20>50),Normal,Akumulasi (Naik),Normal,Seimbang / Adu Mekanik,Normal,Tinggi,Normal,Rawan Pucuk (High Risk),< 1 Miliar,Persis di VWAP,Distribusi Pro (Guyuran),Gorengan Sepi (< 5M),Sepi (< 50%),Mark-Up (Fase Pesta),Spesialis Tiang Jemuran (Banting Pucuk),Normal,Turun 1 Hari Beruntun,TP: 111 | CL: 90,Open = High (Tekanan Jual),Tidak Ideal (< 1:1),Netral / Sideways,Netral / Sepi Berita,Normal / Sedang Transisi,Mengambang (Jauh dari Fibo),5,WAIT & SEE,TIDAK ADA,2026-09-01 09:00:03,Biasa / Mengikuti Pasar
09:00,GWSA,Transaksi Sepi (Skip Broksum),Mid Cap (Lapis 2),Undervalued (Murah),10.017575,0.18294817,171.0,147,124,184,-0.5813953488372093,3734100,Normal,78,Negatif,Uptrend,Bullish,Strong Bullish,Perfect Uptrend (5>20>50),Normal,Akumulasi (Naik),Normal,Dominan Jual (Guyur),Normal,Tinggi,Normal,Rawan Pucuk (High Risk),< 1 Miliar,Di Atas VWAP (Kuat),Akumulasi Pro (Smart Money),Gorengan Sepi (< 5M),Normal (50-150%),Mark-Up (Fase Pesta),Spesialis Tiang Jemuran (Banting Pucuk),Normal,Turun 2 Hari Beruntun,TP: 185 | CL: 161,Normal,Tidak Ideal (< 1:1),Death Cross (Awal Bearish),Netral / Sepi Berita,Normal / Sedang Transisi,Mendekati Fibo 23.6%,5,WAIT & SEE,TIDAK ADA,2026-09-01 09:00:03,Biasa / Mengikuti Pasar
09:00,GZCO,Token Mati (Perlu Update),Mid Cap (Lapis 2),Undervalued (Murah),9.370199,0.87691975,183.0,175,154,202,0.0,25393300,Normal,61,Negatif,Uptrend,Bullish,Bearish MACD,Perfect Uptrend (5>20>50),Normal,Akumulasi (Naik),Normal,Seimbang / Adu Mekanik,Normal,Sedang,Doji (Ragu-ragu),Rawan Pucuk (High Risk),> 1 Miliar,Di Atas VWAP (Kuat),Distribusi Pro (Guyuran),Ritel Aktif (5M - 50M),Normal (50-150%),Mark-Up (Fase Pesta),Spesialis Tiang Jemuran (Banting Pucuk),Normal,Sideways / Stagnan,TP: 197 | CL: 173,Normal,Tidak Ideal (< 1:1),Netral / Sideways,Netral / Sepi Berita,Normal / Sedang Transisi,Dekat Support Fibo 23.6%,4,WAIT & SEE,TIDAK ADA,2026-09-01 09:00:03,Biasa / Mengikuti Pasar
09:00,HADE,Transaksi Sepi (Skip Broksum),Small Cap (Lapis 3),Overvalued (Mahal),0.0,8.603239,17.0,17,16,20,0.0,2453900,Normal,47,Negatif,Downtrend,Bearish,Strong Bearish,Konsolidasi / Transisi,Normal,Distribusi (Turun),Normal,Dominan Beli (Hajar Kanan),Normal,Tinggi,Doji (Ragu-ragu),Area Tengah,< 1 Miliar,Di Atas VWAP (Kuat),Distribusi Pro (Guyuran),Gorengan Sepi (< 5M),Normal (50-150%),Distribution (Fase Jualan),Normal,Jarum Bawah (Sinyal Pantulan Kuat),Sideways / Stagnan,TP: 18 | CL: 16,Normal,Sangat Menarik (> 1:3),Golden Cross (Awal Bullish),Netral / Sepi Berita,Normal / Sedang Transisi,Mendekati Fibo 50.0%,1,WAIT & SEE,TIDAK ADA,2026-09-01 09:00:03,Biasa / Mengikuti Pasar
09:00,HDFA,Transaksi Sepi (Skip Broksum),Small Cap (Lapis 3),Fair Value (Wajar),0.0,1.3415152,101.0,98,89,130,-0.9803921568627451,705600,Normal,59,Negatif,Uptrend,Bullish,Strong Bullish,Perfect Uptrend (5>20>50),Normal,Akumulasi (Naik),Normal,Dominan Jual (Guyur),Normal,Tinggi,Normal,Rawan Pucuk (High Risk),< 1 Miliar,Persis di VWAP,Distribusi Pro (Guyuran),Gorengan Sepi (< 5M),Sepi (< 50%),Mark-Up (Fase Pesta),Spesialis Tiang Jemuran (Banting Pucuk),Normal,Turun 1 Hari Beruntun,TP: 110 | CL: 94,Normal,Ideal (1:2),Netral / Sideways,Netral / Sepi Berita,Normal / Sedang Transisi,Mengambang (Jauh dari Fibo),5,WAIT & SEE,TIDAK ADA,2026-09-01 09:00:03,Biasa / Mengikuti Pasar
09:00,HERO,Transaksi Sepi (Skip Broksum),Mid Cap (Lapis 2),Overvalued (Mahal),110.963455,0.81170607,334.0,337,318,362,1.2121212121212122,146000,Normal,49,Positif,Downtrend,Bearish,Strong Bearish,Konsolidasi / Transisi,Normal,Distribusi (Turun),Normal,Dominan Beli (Hajar Kanan),Squeeze,Rendah,Normal,Area Tengah,< 1 Miliar,Persis di VWAP,Distribusi Pro (Guyuran),Gorengan Sepi (< 5M),Sepi (< 50%),Distribution (Fase Jualan),Normal,Normal,Naik 1 Hari Beruntun,TP: 353 | CL: 321,Normal,Ideal (1:2),Golden Cross (Awal Bullish),Netral / Sepi Berita,Normal / Sedang Transisi,Dekat Support Fibo 78.6%,2,WAIT & SEE,TIDAK ADA,2026-09-01 09:00:03,Biasa / Mengikuti Pasar
09:00,HEXA,Token Mati (Perlu Update),Mid Cap (Lapis 2),Overvalued (Mahal),14.705882,22227.723,4490.0,4421,4280,4520,0.8988764044943821,604900,Tembus MA20,60,Positif,Uptrend,Bearish,Bullish MACD,Strong Downtrend (5<20<50),Normal,Akumulasi (Naik),Normal,Seimbang / Adu Mekanik,Squeeze,Rendah,Normal,Area Tengah,> 1 Miliar,Di Atas VWAP (Kuat),Akumulasi Pro (Smart Money),Gorengan Sepi (< 5M),Normal (50-150%),Accumulation (Kumpul Barang),Normal,Normal,Naik 3 Hari Beruntun,TP: 4560 | CL: 4442,Open = Low (Bullish Kuat),Tidak Ideal (< 1:1),Netral / Sideways,Netral / Sepi Berita,Normal / Sedang Transisi,Dekat Support Fibo 23.6%,6,WAIT & SEE,TIDAK ADA,2026-09-01 09:00:03,Biasa / Mengikuti Pasar
09:00,HMSP,Token Mati (Perlu Update),Big Cap (Lapis 1),Overvalued (Mahal),9.861407,3.3058739,740.0,746,715,790,0.6802721088435374,12445600,Normal,53,Positif,Downtrend,Bearish,Bearish MACD,Konsolidasi / Transisi,Normal,Akumulasi (Naik),Normal,Seimbang / Adu Mekanik,Squeeze,Rendah,Normal,Area Tengah,> 1 Miliar,Persis di VWAP,Akumulasi Pro (Smart Money),Ritel Aktif (5M - 50M),Normal (50-150%),Distribution (Fase Jualan),Normal,Normal,Naik 1 Hari Beruntun,TP: 771 | CL: 719,Normal,Ideal (1:2),Golden Cross (Awal Bullish),Netral / Sepi Berita,Normal / Sedang Transisi,Mendekati Fibo 38.2%,3,WAIT & SEE,TIDAK ADA,2026-09-01 09:00:03,Biasa / Mengikuti Pasar
09:00,HRUM,Token Mati (Perlu Update),Big Cap (Lapis 1),Overvalued (Mahal),15.455305,12671.233,925.0,874,805,955,0.5434782608695652,21659500,Normal,62,Positif,Uptrend,Bullish,Strong Bullish,Perfect Uptrend (5>20>50),Normal,Akumulasi (Naik),Normal,Seimbang / Adu Mekanik,Normal,Tinggi,Normal,Rawan Pucuk (High Risk),> 1 Miliar,Persis di VWAP,Distribusi Pro (Guyuran),Ritel Aktif (5M - 50M),Normal (50-150%),Mark-Up (Fase Pesta),Normal,Normal,Naik 3 Hari Beruntun,TP: 986 | CL: 884,Normal,Tidak Ideal (< 1:1),Netral / Sideways,Netral / Sepi Berita,Normal / Sedang Transisi,Mengambang (Jauh dari Fibo),6,WAIT & SEE,TIDAK ADA,2026-09-01 09:00:03,Biasa / Mengikuti Pasar
09:00,IATA,Token Mati (Perlu Update),Mid Cap (Lapis 2),Overvalued (Mahal),70.786514,31499.998,126.0,112,57,138,12.5,2887233500,Tembus MA20,64,Positif,Uptrend,Bullish,Bearish MACD,Perfect Uptrend (5>20>50),Normal,Akumulasi (Naik),Normal,Seimbang / Adu Mekanik,Normal,Tinggi,Normal,Rawan Pucuk (High Risk),> 1 Miliar,Di Atas VWAP (Kuat),Akumulasi Pro (Smart Money),Sultan (> 50M/hari),Anomali Tinggi (150-300%),Mark-Up (Fase Pesta),Normal,Normal,Naik 1 Hari Beruntun,TP: 144 | CL: 114,Normal,Tidak Ideal (< 1:1),Netral / Sideways,Netral / Sepi Berita,Normal / Sedang Transisi,Mengambang (Jauh dari Fibo),6,WAIT & SEE,TIDAK ADA,2026-09-01 09:00:03,⚠️ Anomali (Sudah Terbang)
09:00,ICBP,Token Mati (Perlu Update),Big Cap (Lapis 1),Fair Value (Wajar),12.004802,1.679689,7600.0,7572,6950,8000,-4.40251572327044,11298400,Tembus MA20,56,Negatif,Uptrend,Bullish,Bearish MACD,Perfect Uptrend (5>20>50),Distribusi Kuat,Akumulasi (Naik),Normal,Seimbang / Adu Mekanik,Normal,Sedang,Normal,Area Tengah,> 1 Miliar,Di Bawah VWAP (Lemah),Akumulasi Pro (Smart Money),Sultan (> 50M/hari),Anomali Tinggi (150-300%),Mark-Up (Fase Pesta),Normal,Normal,Turun 1 Hari Beruntun,TP: 7881 | CL: 7412,Open = High (Tekanan Jual),Tidak Ideal (< 1:1),Netral / Sideways,Netral / Sepi Berita,Normal / Sedang Transisi,Dekat Support Fibo 23.6%,5,WAIT & SEE,TIDAK ADA,2026-09-01 09:00:03,Biasa / Mengikuti Pasar
09:00,ICON,Token Mati (Perlu Update),Small Cap (Lapis 3),Fair Value (Wajar),0.0,0.95331585,135.0,123,104,153,6.299212598425196,49186800,Normal,61,Positif,Uptrend,Bullish,Bearish MACD,Perfect Uptrend (5>20>50),Normal,Akumulasi (Naik),Normal,Dominan Beli (Hajar Kanan),Normal,Tinggi,Normal,Rawan Pucuk (High Risk),> 1 Miliar,Di Atas VWAP (Kuat),Distribusi Pro (Guyuran),Gorengan Sepi (< 5M),Anomali Tinggi (150-300%),Mark-Up (Fase Pesta),Spesialis Tiang Jemuran (Banting Pucuk),Normal,Naik 2 Hari Beruntun,TP: 154 | CL: 121,Normal,Tidak Ideal (< 1:1),Netral / Sideways,Netral / Sepi Berita,Normal / Sedang Transisi,Mendekati Fibo 38.2%,6,WAIT & SEE,TIDAK ADA,2026-09-01 09:00:03,Biasa / Mengikuti Pasar
09:00,IGAR,Transaksi Sepi (Skip Broksum),Small Cap (Lapis 3),Undervalued (Murah),6.3898625,0.6145253,474.0,453,430,478,0.851063829787234,62600,Tembus MA20,75,Positif,Uptrend,Bullish,Strong Bullish,Perfect Uptrend (5>20>50),Normal,Distribusi (Turun),Normal,Dominan Beli (Hajar Kanan),Normal,Sedang,Marubozu (Strong Bullish),Rawan Pucuk (High Risk),< 1 Miliar,Di Atas VWAP (Kuat),Akumulasi Pro (Smart Money),Gorengan Sepi (< 5M),Anomali Tinggi (150-300%),Mark-Up (Fase Pesta),Spesialis Tiang Jemuran (Banting Pucuk),Normal,Naik 1 Hari Beruntun,TP: 488 | CL: 464,Open = Low (Bullish Kuat),Tidak Ideal (< 1:1),Overbought (Jenuh Beli - Rawan),Netral / Sepi Berita,Normal / Sedang Transisi,Mendekati Fibo 38.2%,7,BELI,TIDAK ADA,2026-09-01 09:00:03,Biasa / Mengikuti Pasar
09:00,IKAI,Transaksi Sepi (Skip Broksum),Small Cap (Lapis 3),Fair Value (Wajar),0.0,0.4101457,19.0,20,19,23,-5.0,14259400,Tembus MA20,43,Negatif,Downtrend,Bearish,Strong Bearish,Konsolidasi / Transisi,Normal,Distribusi (Turun),Normal,Dominan Jual (Guyur),Normal,Tinggi,Normal,Dekat Support (Low Risk),< 1 Miliar,Di Bawah VWAP (Lemah),Distribusi Pro (Guyuran),Gorengan Sepi (< 5M),Normal (50-150%),Distribution (Fase Jualan),Spesialis Tiang Jemuran (Banting Pucuk),Normal,Turun 1 Hari Beruntun,TP: 20 | CL: 18,Open = High (Tekanan Jual),Di Area Support,Netral / Sideways,Netral / Sepi Berita,Normal / Sedang Transisi,Mendekati Fibo 61.8% (Golden Ratio),1,WAIT & SEE,TIDAK ADA,2026-09-01 09:00:03,Biasa / Mengikuti Pasar
09:00,IKBI,Transaksi Sepi (Skip Broksum),Small Cap (Lapis 3),Overvalued (Mahal),4.9189544,7291.667,525.0,556,505,753,0.0,388800,Normal,46,Negatif,Downtrend,Bearish,Strong Bearish,Konsolidasi / Transisi,Normal,Distribusi (Turun),Normal,Dominan Beli (Hajar Kanan),Normal,Tinggi,Doji (Ragu-ragu),Area Tengah,< 1 Miliar,Persis di VWAP,Akumulasi Pro (Smart Money),Gorengan Sepi (< 5M),Normal (50-150%),Distribution (Fase Jualan),Normal,Jarum Bawah (Sinyal Pantulan Kuat),Sideways / Stagnan,TP: 592 | CL: 479,Normal,Sangat Menarik (> 1:3),Oversold (Jenuh Jual - Peluang),Netral / Sepi Berita,Normal / Sedang Transisi,Mendekati Fibo 78.6%,1,WAIT & SEE,TIDAK ADA,2026-09-01 09:00:03,Biasa / Mengikuti Pasar
09:00,IMAS,Transaksi Sepi (Skip Broksum),Mid Cap (Lapis 2),Overvalued (Mahal),35.08772,0.24808347,880.0,869,840,920,0.0,34400,Normal,56,Negatif,Uptrend,Bullish,Strong Bullish,Perfect Uptrend (5>20>50),Normal,Distribusi (Turun),Normal,Dominan Beli (Hajar Kanan),Squeeze,Rendah,Doji (Ragu-ragu),Area Tengah,< 1 Miliar,Persis di VWAP,Distribusi Pro (Guyuran),Gorengan Sepi (< 5M),Sepi (< 50%),Mark-Up (Fase Pesta),Spesialis Tiang Jemuran (Banting Pucuk),Jarum Bawah (Sinyal Pantulan Kuat),Sideways / Stagnan,TP: 922 | CL: 851,Normal,Menengah (1:1),Netral / Sideways,Netral / Sepi Berita,Normal / Sedang Transisi,Golden Rebound Fibo 38.2% 🎯,5,WAIT & SEE,TIDAK ADA,2026-09-01 09:00:03,Biasa / Mengikuti Pasar
09:00,IMJS,Transaksi Sepi (Skip Broksum),Mid Cap (Lapis 2),Undervalued (Murah),9.317803,0.33132762,168.0,165,153,178,-0.591715976331361,1217900,Normal,57,Negatif,Uptrend,Bullish,Bearish MACD,Perfect Uptrend (5>20>50),Normal,Akumulasi (Naik),Gap Up (+2.4%),Dominan Jual (Guyur),Normal,Sedang,Normal,Area Tengah,< 1 Miliar,Di Bawah VWAP (Lemah),Distribusi Pro (Guyuran),Gorengan Sepi (< 5M),Sepi (< 50%),Mark-Up (Fase Pesta),Spesialis Tiang Jemuran (Banting Pucuk),Normal,Turun 2 Hari Beruntun,TP: 177 | CL: 162,Open = High (Tekanan Jual),Tidak Ideal (< 1:1),Death Cross (Awal Bearish),Netral / Sepi Berita,Normal / Sedang Transisi,Mendekati Fibo 23.6%,5,WAIT & SEE,TIDAK ADA,2026-09-01 09:00:03,Biasa / Mengikuti Pasar
09:00,IMPC,Token Mati (Perlu Update),Big Cap (Lapis 1),Overvalued (Mahal),98.01137,23.912252,1380.0,1456,1290,1610,2.2222222222222223,12281300,Tembus MA20,44,Positif,Downtrend,Bearish,Strong Bearish,Strong Downtrend (5<20<50),Normal,Distribusi (Turun),Normal,Seimbang / Adu Mekanik,Normal,Tinggi,Doji (Ragu-ragu),Area Tengah,> 1 Miliar,Persis di VWAP,Distribusi Pro (Guyuran),Ritel Aktif (5M - 50M),Normal (50-150%),Mark-Down (Fase Runtuh),Normal,Normal,Naik 1 Hari Beruntun,TP: 1483 | CL: 1311,Normal,Ideal (1:2),Netral / Sideways,Netral / Sepi Berita,Normal / Sedang Transisi,Mengambang (Jauh dari Fibo),2,WAIT & SEE,TIDAK ADA,2026-09-01 09:00:03,Biasa / Mengikuti Pasar
09:00,INAI,Transaksi Sepi (Skip Broksum),Small Cap (Lapis 3),Fair Value (Wajar),0.0,1.7406012,177.0,177,168,199,-0.5617977528089888,744100,Normal,56,Negatif,Downtrend,Bullish,Bearish MACD,Perfect Uptrend (5>20>50),Normal,Akumulasi (Naik),Normal,Dominan Jual (Guyur),Squeeze,Rendah,Normal,Area Tengah,< 1 Miliar,Di Bawah VWAP (Lemah),Distribusi Pro (Guyuran),Gorengan Sepi (< 5M),Sepi (< 50%),Distribution (Fase Jualan),Spesialis Tiang Jemuran (Banting Pucuk),Normal,Turun 2 Hari Beruntun,TP: 190 | CL: 167,Normal,Ideal (1:2),Netral / Sideways,Netral / Sepi Berita,Normal / Sedang Transisi,Mendekati Fibo 50.0%,3,WAIT & SEE,TIDAK ADA,2026-09-01 09:00:03,Biasa / Mengikuti Pasar
09:00,INCI,Transaksi Sepi (Skip Broksum),Small Cap (Lapis 3),Undervalued (Murah),8.139161,0.2939074,685.0,669,640,690,2.2388059701492535,66200,Tembus MA20,59,Positif,Uptrend,Bullish,Strong Bullish,Perfect Uptrend (5>20>50),Akumulasi Kuat,Akumulasi (Naik),Normal,Dominan Beli (Hajar Kanan),Squeeze,Rendah,Marubozu (Strong Bullish),Area Tengah,< 1 Miliar,Di Atas VWAP (Kuat),Akumulasi Pro (Smart Money),Gorengan Sepi (< 5M),Anomali Tinggi (150-300%),Mark-Up (Fase Pesta),Spesialis Tiang Jemuran (Banting Pucuk),Normal,Naik 1 Hari Beruntun,TP: 710 | CL: 668,Open = Low (Bullish Kuat),Tidak Ideal (< 1:1),Netral / Sideways,Netral / Sepi Berita,Normal / Sedang Transisi,Mendekati Fibo 38.2%,9,BELI,TIDAK ADA,2026-09-01 09:00:03,Biasa / Mengikuti Pasar
09:00,INCO,Token Mati (Perlu Update),Big Cap (Lapis 1),Overvalued (Mahal),20.055775,19516.729,5250.0,5270,4950,5700,0.4784688995215311,4992400,Normal,54,Positif,Downtrend,Bearish,Bearish MACD,Konsolidasi / Transisi,Normal,Distribusi (Turun),Normal,Dominan Beli (Hajar Kanan),Normal,Sedang,Normal,Area Tengah,> 1 Miliar,Persis di VWAP,Akumulasi Pro (Smart Money),Ritel Aktif (5M - 50M),Normal (50-150%),Distribution (Fase Jualan),Normal,Normal,Naik 1 Hari Beruntun,TP: 5533 | CL: 5060,Normal,Ideal (1:2),Netral / Sideways,Netral / Sepi Berita,Normal / Sedang Transisi,Mendekati Fibo 38.2%,3,WAIT & SEE,TIDAK ADA,2026-09-01 09:00:03,Biasa / Mengikuti Pasar
09:00,INDF,Token Mati (Perlu Update),Big Cap (Lapis 1),Undervalued (Murah),6.6979237,0.85901296,7500.0,7303,6900,7500,2.73972602739726,13822100,Tembus MA20,68,Positif,Uptrend,Bullish,Bearish MACD,Perfect Uptrend (5>20>50),Akumulasi Kuat,Akumulasi (Naik),Normal,Dominan Beli (Hajar Kanan),Squeeze,Rendah,Normal,Area Tengah,> 1 Miliar,Di Atas VWAP (Kuat),Akumulasi Pro (Smart Money),Ritel Aktif (5M - 50M),Anomali Tinggi (150-300%),Mark-Up (Fase Pesta),Solid (Jarang Dibanting),Normal,Naik 1 Hari Beruntun,TP: 7700 | CL: 7366,Normal,Tidak Ideal (< 1:1),Netral / Sideways,Netral / Sepi Berita,Normal / Sedang Transisi,Mengambang (Jauh dari Fibo),8,BELI,TIDAK ADA,2026-09-01 09:00:03,Biasa / Mengikuti Pasar
09:00,INDR,Transaksi Sepi (Skip Broksum),Mid Cap (Lapis 2),Overvalued (Mahal),9.090909,4468.085,2520.0,2396,1930,2600,3.278688524590164,34900,Tembus MA20,67,Positif,Uptrend,Bullish,Bearish MACD,Perfect Uptrend (5>20>50),Normal,Akumulasi (Naik),Normal,Dominan Beli (Hajar Kanan),Breakout Upper,Sedang,Normal,Rawan Pucuk (High Risk),< 1 Miliar,Di Atas VWAP (Kuat),Akumulasi Pro (Smart Money),Gorengan Sepi (< 5M),Anomali Tinggi (150-300%),Mark-Up (Fase Pesta),Normal,Normal,Naik 2 Hari Beruntun,TP: 2682 | CL: 2411,Normal,Tidak Ideal (< 1:1),Netral / Sideways,Netral / Sepi Berita,Normal / Sedang Transisi,Mengambang (Jauh dari Fibo),7,BELI,TIDAK ADA,2026-09-01 09:00:03,Biasa / Mengikuti Pasar
09:00,INDS,Transaksi Sepi (Skip Broksum),Mid Cap (Lapis 2),Overvalued (Mahal),27.459015,0.51383126,268.0,270,258,288,0.7518796992481203,1054700,Normal,49,Positif,Downtrend,Bearish,Strong Bearish,Konsolidasi / Transisi,Normal,Akumulasi (Naik),Normal,Seimbang / Adu Mekanik,Normal,Sedang,Doji (Ragu-ragu),Area Tengah,< 1 Miliar,Persis di VWAP,Akumulasi Pro (Smart Money),Gorengan Sepi (< 5M),Normal (50-150%),Distribution (Fase Jualan),Normal,Normal,Naik 1 Hari Beruntun,TP: 282 | CL: 258,Normal,Ideal (1:2),Golden Cross (Awal Bullish),Netral / Sepi Berita,Normal / Sedang Transisi,Dekat Support Fibo 50.0%,2,WAIT & SEE,TIDAK ADA,2026-09-01 09:00:03,Biasa / Mengikuti Pasar
09:00,INDY,Token Mati (Perlu Update),Big Cap (Lapis 1),Overvalued (Mahal),55.555553,11991.342,2770.0,2619,2310,2870,-2.1201413427561837,30289300,Normal,60,Negatif,Uptrend,Bullish,Strong Bullish,Perfect Uptrend (5>20>50),Normal,Akumulasi (Naik),Normal,Dominan Jual (Guyur),Normal,Tinggi,Normal,Rawan Pucuk (High Risk),> 1 Miliar,Persis di VWAP,Distribusi Pro (Guyuran),Sultan (> 50M/hari),Normal (50-150%),Mark-Up (Fase Pesta),Normal,Normal,Turun 1 Hari Beruntun,TP: 2973 | CL: 2634,Normal,Tidak Ideal (< 1:1),Death Cross (Awal Bearish),Netral / Sepi Berita,Normal / Sedang Transisi,Mengambang (Jauh dari Fibo),5,WAIT & SEE,TIDAK ADA,2026-09-01 09:00:03,Biasa / Mengikuti Pasar
09:00,INKP,Token Mati (Perlu Update),Big Cap (Lapis 1),Overvalued (Mahal),4.095004,6692.015,8800.0,8555,8125,8900,-0.5649717514124294,10221500,Tembus MA20,69,Negatif,Uptrend,Bullish,Bearish MACD,Perfect Uptrend (5>20>50),Distribusi Kuat,Distribusi (Turun),Normal,Dominan Beli (Hajar Kanan),Normal,Sedang,Normal,Area Tengah,> 1 Miliar,Persis di VWAP,Akumulasi Pro (Smart Money),Ritel Aktif (5M - 50M),Anomali Tinggi (150-300%),Mark-Up (Fase Pesta),Normal,Jarum Bawah (Sinyal Pantulan Kuat),Turun 1 Hari Beruntun,TP: 9161 | CL: 8558,Normal,Tidak Ideal (< 1:1),Overbought (Jenuh Beli - Rawan),Netral / Sepi Berita,Normal / Sedang Transisi,Mengambang (Jauh dari Fibo),5,WAIT & SEE,TIDAK ADA,2026-09-01 09:00:03,Biasa / Mengikuti Pasar
09:00,INPC,Transaksi Sepi (Skip Broksum),Mid Cap (Lapis 2),Fair Value (Wajar),0.0,0.78873,151.0,142,136,164,-1.3071895424836601,6272400,Normal,64,Negatif,Uptrend,Bullish,Strong Bullish,Perfect Uptrend (5>20>50),Normal,Akumulasi (Naik),Normal,Seimbang / Adu Mekanik,Breakout Upper,Sedang,Doji (Ragu-ragu),Rawan Pucuk (High Risk),< 1 Miliar,Persis di VWAP,Akumulasi Pro (Smart Money),Gorengan Sepi (< 5M),Normal (50-150%),Mark-Up (Fase Pesta),Spesialis Tiang Jemuran (Banting Pucuk),Normal,Turun 1 Hari Beruntun,TP: 161 | CL: 143,Normal,Tidak Ideal (< 1:1),Death Cross (Awal Bearish),Netral / Sepi Berita,Normal / Sedang Transisi,Dekat Support Fibo 23.6%,5,WAIT & SEE,TIDAK ADA,2026-09-01 09:00:03,Biasa / Mengikuti Pasar
09:00,INPP,Transaksi Sepi (Skip Broksum),Mid Cap (Lapis 2),Overvalued (Mahal),281.13208,1.4525021,745.0,725,665,844,1.3605442176870748,110200,Normal,56,Positif,Uptrend,Bullish,Strong Bullish,Perfect Uptrend (5>20>50),Normal,Akumulasi (Naik),Gap Down (-2.0%),Dominan Beli (Hajar Kanan),Normal,Tinggi,Normal,Rawan Pucuk (High Risk),< 1 Miliar,Di Atas VWAP (Kuat),Akumulasi Pro (Smart Money),Gorengan Sepi (< 5M),Sepi (< 50%),Mark-Up (Fase Pesta),Normal,Normal,Naik 1 Hari Beruntun,TP: 815 | CL: 698,Normal,Menengah (1:1),Netral / Sideways,Netral / Sepi Berita,Normal / Sedang Transisi,Dekat Support Fibo 50.0%,7,BELI,TIDAK ADA,2026-09-01 09:00:03,Biasa / Mengikuti Pasar
09:00,INTD,Transaksi Sepi (Skip Broksum),Small Cap (Lapis 3),Overvalued (Mahal),57.75444,4.94553,286.0,277,246,342,-0.6944444444444444,37300,Normal,58,Negatif,Uptrend,Bullish,Bearish MACD,Perfect Uptrend (5>20>50),Normal,Distribusi (Turun),Normal,Dominan Jual (Guyur),Normal,Tinggi,Normal,Rawan Pucuk (High Risk),< 1 Miliar,Persis di VWAP,Distribusi Pro (Guyuran),Gorengan Sepi (< 5M),Sepi (< 50%),Mark-Up (Fase Pesta),Spesialis Tiang Jemuran (Banting Pucuk),Normal,Turun 1 Hari Beruntun,TP: 324 | CL: 260,Normal,Menengah (1:1),Netral / Sideways,Netral / Sepi Berita,Normal / Sedang Transisi,Mendekati Fibo 50.0%,3,WAIT & SEE,TIDAK ADA,2026-09-01 09:00:03,Biasa / Mengikuti Pasar
09:00,INTP,Token Mati (Perlu Update),Big Cap (Lapis 1),Undervalued (Murah),7.822676,0.82595384,5525.0,5344,4600,5675,0.91324200913242,2315000,Tembus MA20,64,Positif,Uptrend,Bullish,Bearish MACD,Perfect Uptrend (5>20>50),Normal,Distribusi (Turun),Normal,Dominan Beli (Hajar Kanan),Normal,Tinggi,Normal,Rawan Pucuk (High Risk),> 1 Miliar,Persis di VWAP,Akumulasi Pro (Smart Money),Ritel Aktif (5M - 50M),Normal (50-150%),Mark-Up (Fase Pesta),Normal,Normal,Naik 1 Hari Beruntun,TP: 5758 | CL: 5369,Normal,Tidak Ideal (< 1:1),Death Cross (Awal Bearish),Netral / Sepi Berita,Normal / Sedang Transisi,Mendekati Fibo 23.6%,6,WAIT & SEE,TIDAK ADA,2026-09-01 09:00:03,Biasa / Mengikuti Pasar
09:00,IPOL,Transaksi Sepi (Skip Broksum),Small Cap (Lapis 3),Overvalued (Mahal),19.824562,4185.185,113.0,111,105,136,0.0,481400,Normal,58,Negatif,Uptrend,Bullish,Bearish MACD,Perfect Uptrend (5>20>50),Normal,Distribusi (Turun),Normal,Seimbang / Adu Mekanik,Normal,Sedang,Normal,Area Tengah,< 1 Miliar,Persis di VWAP,Distribusi Pro (Guyuran),Gorengan Sepi (< 5M),Normal (50-150%),Mark-Up (Fase Pesta),Spesialis Tiang Jemuran (Banting Pucuk),Normal,Sideways / Stagnan,TP: 118 | CL: 109,Normal,Ideal (1:2),Golden Cross (Awal Bullish),Netral / Sepi Berita,Supply Kering (Siap Pump) 🏜️,Golden Rebound Fibo 61.8% (Golden Ratio) 🎯,3,WAIT & SEE,TIDAK ADA,2026-09-01 09:00:03,Biasa / Mengikuti Pasar
09:00,ISAT,Token Mati (Perlu Update),Big Cap (Lapis 1),Fair Value (Wajar),10.775862,2.1761763,2500.0,2351,1865,2850,-1.185770750988142,43073500,Normal,59,Negatif,Uptrend,Bullish,Bearish MACD,Perfect Uptrend (5>20>50),Normal,Distribusi (Turun),Normal,Dominan Jual (Guyur),Normal,Tinggi,Doji (Ragu-ragu),Rawan Pucuk (High Risk),> 1 Miliar,Di Bawah VWAP (Lemah),Distribusi Pro (Guyuran),Sultan (> 50M/hari),Sepi (< 50%),Mark-Up (Fase Pesta),Spesialis Tiang Jemuran (Banting Pucuk),Normal,Turun 2 Hari Beruntun,TP: 2746 | CL: 2335,Normal,Tidak Ideal (< 1:1),Death Cross (Awal Bearish),Netral / Sepi Berita,Normal / Sedang Transisi,Mendekati Fibo 38.2%,3,WAIT & SEE,TIDAK ADA,2026-09-01 09:00:03,Biasa / Mengikuti Pasar
09:00,ISSP,Transaksi Sepi (Skip Broksum),Mid Cap (Lapis 2),Undervalued (Murah),5.2545567,0.5102732,418.0,430,408,448,0.4807692307692308,2317200,Tembus MA20,47,Positif,Downtrend,Bearish,Bearish MACD,Konsolidasi / Transisi,Distribusi Kuat,Akumulasi (Naik),Normal,Seimbang / Adu Mekanik,Squeeze,Rendah,Normal,Dekat Support (Low Risk),< 1 Miliar,Persis di VWAP,Akumulasi Pro (Smart Money),Gorengan Sepi (< 5M),Anomali Tinggi (150-300%),Distribution (Fase Jualan),Normal,Jarum Bawah (Sinyal Pantulan Kuat),Naik 1 Hari Beruntun,TP: 434 | CL: 407,Normal,Sangat Menarik (> 1:3),Golden Cross (Awal Bullish),Netral / Sepi Berita,Normal / Sedang Transisi,Golden Rebound Fibo 38.2% 🎯,3,WAIT & SEE,TIDAK ADA,2026-09-01 09:00:03,Biasa / Mengikuti Pasar
09:00,ITMA,Transaksi Sepi (Skip Broksum),Mid Cap (Lapis 2),Overvalued (Mahal),45.24181,6682.028,1450.0,1394,1295,1650,2.4734982332155475,8400,Normal,55,Positif,Uptrend,Bullish,Strong Bullish,Perfect Uptrend (5>20>50),Normal,Distribusi (Turun),Normal,Dominan Beli (Hajar Kanan),Normal,Tinggi,Marubozu (Strong Bullish),Rawan Pucuk (High Risk),< 1 Miliar,Persis di VWAP,Distribusi Pro (Guyuran),Gorengan Sepi (< 5M),Sepi (< 50%),Mark-Up (Fase Pesta),Normal,Normal,Naik 1 Hari Beruntun,TP: 1583 | CL: 1361,Open = Low (Bullish Kuat),Menengah (1:1),Golden Cross (Awal Bullish),Netral / Sepi Berita,Normal / Sedang Transisi,Mendekati Fibo 61.8% (Golden Ratio),6,WAIT & SEE,TIDAK ADA,2026-09-01 09:00:03,Biasa / Mengikuti Pasar
09:00,ITMG,Token Mati (Perlu Update),Big Cap (Lapis 1),Overvalued (Mahal),7.5872536,15118.979,26050.0,25020,24200,26050,1.5594541910331383,2525900,Tembus MA20,69,Positif,Uptrend,Bullish,Strong Bullish,Perfect Uptrend (5>20>50),Normal,Akumulasi (Naik),Normal,Dominan Beli (Hajar Kanan),Squeeze,Rendah,Marubozu (Strong Bullish),Area Tengah,> 1 Miliar,Di Atas VWAP (Kuat),Akumulasi Pro (Smart Money),Ritel Aktif (5M - 50M),Normal (50-150%),Mark-Up (Fase Pesta),Normal,Normal,Naik 3 Hari Beruntun,TP: 26757 | CL: 25578,Normal,Tidak Ideal (< 1:1),Overbought (Jenuh Beli - Rawan),Netral / Sepi Berita,Normal / Sedang Transisi,Mendekati Fibo 23.6%,8,BELI,TIDAK ADA,2026-09-01 09:00:03,Biasa / Mengikuti Pasar
09:00,JAWA,Transaksi Sepi (Skip Broksum),Mid Cap (Lapis 2),Fair Value (Wajar),0.0,1.5572621,131.0,130,121,145,-1.5037593984962405,1733400,Normal,53,Negatif,Uptrend,Bullish,Bearish MACD,Perfect Uptrend (5>20>50),Normal,Akumulasi (Naik),Normal,Dominan Jual (Guyur),Normal,Sedang,Normal,Area Tengah,< 1 Miliar,Di Bawah VWAP (Lemah),Akumulasi Pro (Smart Money),Gorengan Sepi (< 5M),Sepi (< 50%),Mark-Up (Fase Pesta),Spesialis Tiang Jemuran (Banting Pucuk),Normal,Turun 2 Hari Beruntun,TP: 140 | CL: 124,Normal,Menengah (1:1),Netral / Sideways,Netral / Sepi Berita,Supply Kering (Siap Pump) 🏜️,Golden Rebound Fibo 50.0% 🎯,4,WAIT & SEE,TIDAK ADA,2026-09-01 09:00:03,Biasa / Mengikuti Pasar
09:00,JECC,Transaksi Sepi (Skip Broksum),Small Cap (Lapis 3),Undervalued (Murah),5.5461473,0.5459334,655.0,637,610,670,1.550387596899225,250400,Tembus MA20,59,Positif,Uptrend,Bullish,Strong Bullish,Perfect Uptrend (5>20>50),Akumulasi Kuat,Akumulasi (Naik),Normal,Seimbang / Adu Mekanik,Squeeze,Rendah,Normal,Area Tengah,< 1 Miliar,Di Atas VWAP (Kuat),Akumulasi Pro (Smart Money),Gorengan Sepi (< 5M),Ledakan Ekstrem (> 300%),Mark-Up (Fase Pesta),Normal,Normal,Naik 2 Hari Beruntun,TP: 682 | CL: 636,Normal,Tidak Ideal (< 1:1),Netral / Sideways,Netral / Sepi Berita,Normal / Sedang Transisi,Mendekati Fibo 50.0%,8,BELI,TIDAK ADA,2026-09-01 09:00:03,Biasa / Mengikuti Pasar
09:00,JIHD,Transaksi Sepi (Skip Broksum),Mid Cap (Lapis 2),Fair Value (Wajar),0.0,0.2963599,446.0,434,400,462,-0.8888888888888888,252200,Normal,56,Negatif,Uptrend,Bearish,Strong Bullish,Konsolidasi / Transisi,Normal,Akumulasi (Naik),Gap Up (+2.7%),Dominan Jual (Guyur),Normal,Sedang,Normal,Rawan Pucuk (High Risk),< 1 Miliar,Di Atas VWAP (Kuat),Akumulasi Pro (Smart Money),Gorengan Sepi (< 5M),Normal (50-150%),Mark-Up (Fase Pesta),Spesialis Tiang Jemuran (Banting Pucuk),Normal,Turun 1 Hari Beruntun,TP: 473 | CL: 427,Open = High (Tekanan Jual),Tidak Ideal (< 1:1),Netral / Sideways,Netral / Sepi Berita,Normal / Sedang Transisi,Dekat Support Fibo 23.6%,5,WAIT & SEE,TIDAK ADA,2026-09-01 09:00:03,Biasa / Mengikuti Pasar
09:00,JKON,Token Mati (Perlu Update),Mid Cap (Lapis 2),Undervalued (Murah),4.9882627,0.41335377,85.0,85,66,102,-1.1627906976744187,19262900,Normal,59,Negatif,Downtrend,Bullish,Bearish MACD,Perfect Uptrend (5>20>50),Normal,Distribusi (Turun),Normal,Seimbang / Adu Mekanik,Normal,Tinggi,Normal,Rawan Pucuk (High Risk),> 1 Miliar,Di Bawah VWAP (Lemah),Distribusi Pro (Guyuran),Gorengan Sepi (< 5M),Normal (50-150%),Distribution (Fase Jualan),Spesialis Tiang Jemuran (Banting Pucuk),Normal,Turun 2 Hari Beruntun,TP: 90 | CL: 81,Normal,Tidak Ideal (< 1:1),Netral / Sideways,Netral / Sepi Berita,Normal / Sedang Transisi,Mengambang (Jauh dari Fibo),2,WAIT & SEE,TIDAK ADA,2026-09-01 09:00:03,Biasa / Mengikuti Pasar
09:00,JPFA,Token Mati (Perlu Update),Big Cap (Lapis 1),Undervalued (Murah),4.899559,1.2990525,2200.0,2221,2110,2450,1.3824884792626728,16716200,Tembus MA20,52,Positif,Downtrend,Bearish,Bearish MACD,Konsolidasi / Transisi,Normal,Distribusi (Turun),Normal,Seimbang / Adu Mekanik,Normal,Sedang,Normal,Area Tengah,> 1 Miliar,Persis di VWAP,Distribusi Pro (Guyuran),Ritel Aktif (5M - 50M),Normal (50-150%),Distribution (Fase Jualan),Normal,Normal,Naik 1 Hari Beruntun,TP: 2324 | CL: 2117,Open = Low (Bullish Kuat),Ideal (1:2),Golden Cross (Awal Bullish),Netral / Sepi Berita,Normal / Sedang Transisi,Dekat Support Fibo 38.2%,3,WAIT & SEE,TIDAK ADA,2026-09-01 09:00:03,Biasa / Mengikuti Pasar
09:00,JRPT,Transaksi Sepi (Skip Broksum),Big Cap (Lapis 1),Undervalued (Murah),10.060269,1.2719961,1085.0,1080,1070,1135,0.4629629629629629,315200,Normal,56,Positif,Uptrend,Bearish,Strong Bullish,Konsolidasi / Transisi,Normal,Akumulasi (Naik),Normal,Dominan Beli (Hajar Kanan),Squeeze,Rendah,Normal,Dekat Support (Low Risk),< 1 Miliar,Persis di VWAP,Akumulasi Pro (Smart Money),Gorengan Sepi (< 5M),Normal (50-150%),Mark-Up (Fase Pesta),Normal,Normal,Naik 2 Hari Beruntun,TP: 1105 | CL: 1071,Normal,Sangat Menarik (> 1:3),Golden Cross (Awal Bullish),Netral / Sepi Berita,Normal / Sedang Transisi,Dekat Support Fibo 50.0%,6,WAIT & SEE,TIDAK ADA,2026-09-01 09:00:03,Biasa / Mengikuti Pasar
09:00,JSMR,Token Mati (Perlu Update),Big Cap (Lapis 1),Undervalued (Murah),5.858254,0.5794594,2960.0,2778,2700,2960,4.593639575971731,8253900,Tembus MA20,70,Positif,Uptrend,Bullish,Strong Bullish,Perfect Uptrend (5>20>50),Akumulasi Kuat,Akumulasi (Naik),Normal,Dominan Beli (Hajar Kanan),Squeeze,Rendah,Marubozu (Strong Bullish),Area Tengah,> 1 Miliar,Di Atas VWAP (Kuat),Akumulasi Pro (Smart Money),Ritel Aktif (5M - 50M),Anomali Tinggi (150-300%),Mark-Up (Fase Pesta),Normal,Normal,Naik 3 Hari Beruntun,TP: 3051 | CL: 2899,Open = Low (Bullish Kuat),Tidak Ideal (< 1:1),Overbought (Jenuh Beli - Rawan),Netral / Sepi Berita,Normal / Sedang Transisi,Dekat Support Fibo 38.2%,9,BELI,TIDAK ADA,2026-09-01 09:00:03,Biasa / Mengikuti Pasar
09:00,JSPT,Transaksi Sepi (Skip Broksum),Mid Cap (Lapis 2),Undervalued (Murah),7.077286,1.2062726,1380.0,1396,1325,1600,-2.127659574468085,30600,Normal,48,Negatif,Downtrend,Golden Cross,Bearish MACD,Perfect Uptrend (5>20>50),Normal,Distribusi (Turun),Gap Up (+5.0%),Dominan Jual (Guyur),Normal,Sedang,Normal,Area Tengah,< 1 Miliar,Di Bawah VWAP (Lemah),Distribusi Pro (Guyuran),Gorengan Sepi (< 5M),Normal (50-150%),Distribution (Fase Jualan),Spesialis Tiang Jemuran (Banting Pucuk),Normal,Turun 2 Hari Beruntun,TP: 1470 | CL: 1320,Open = High (Tekanan Jual),Sangat Menarik (> 1:3),Netral / Sideways,Netral / Sepi Berita,Normal / Sedang Transisi,Dekat Support Fibo 38.2%,2,WAIT & SEE,TIDAK ADA,2026-09-01 09:00:03,Biasa / Mengikuti Pasar
09:00,JTPE,Transaksi Sepi (Skip Broksum),Mid Cap (Lapis 2),Overvalued (Mahal),11.918718,3.363717,610.0,610,580,630,0.0,992000,Normal,49,Negatif,Downtrend,Bullish,Bearish MACD,Perfect Uptrend (5>20>50),Normal,Distribusi (Turun),Normal,Seimbang / Adu Mekanik,Squeeze,Rendah,Normal,Area Tengah,< 1 Miliar,Persis di VWAP,Distribusi Pro (Guyuran),Gorengan Sepi (< 5M),Normal (50-150%),Distribution (Fase Jualan),Spesialis Tiang Jemuran (Banting Pucuk),Normal,Sideways / Stagnan,TP: 630 | CL: 596,Normal,Tidak Ideal (< 1:1),Netral / Sideways,Netral / Sepi Berita,Normal / Sedang Transisi,Dekat Support Fibo 23.6%,1,WAIT & SEE,TIDAK ADA,2026-09-01 09:00:03,Biasa / Mengikuti Pasar
09:00,KAEF,Transaksi Sepi (Skip Broksum),Mid Cap (Lapis 2),Fair Value (Wajar),0.0,0.8380634,436.0,446,420,488,0.0,983100,Tembus MA20,41,Negatif,Downtrend,Bearish,Strong Bearish,Strong Downtrend (5<20<50),Normal,Distribusi (Turun),Normal,Seimbang / Adu Mekanik,Normal,Sedang,Normal,Area Tengah,< 1 Miliar,Persis di VWAP,Distribusi Pro (Guyuran),Gorengan Sepi (< 5M),Normal (50-150%),Mark-Down (Fase Runtuh),Spesialis Tiang Jemuran (Banting Pucuk),Normal,Sideways / Stagnan,TP: 460 | CL: 419,Normal,Sangat Menarik (> 1:3),Golden Cross (Awal Bullish),Netral / Sepi Berita,Normal / Sedang Transisi,Dekat Support Fibo 61.8% (Golden Ratio),1,WAIT & SEE,TIDAK ADA,2026-09-01 09:00:03,Biasa / Mengikuti Pasar
09:00,KBLI,Transaksi Sepi (Skip Broksum),Mid Cap (Lapis 2),Undervalued (Murah),6.1099796,0.4556381,330.0,327,318,340,1.8518518518518516,165600,Normal,57,Positif,Uptrend,Bullish,Bearish MACD,Perfect Uptrend (5>20>50),Normal,Akumulasi (Naik),Normal,Dominan Beli (Hajar Kanan),Squeeze,Rendah,Normal,Area Tengah,< 1 Miliar,Di Atas VWAP (Kuat),Akumulasi Pro (Smart Money),Gorengan Sepi (< 5M),Sepi (< 50%),Mark-Up (Fase Pesta),Spesialis Tiang Jemuran (Banting Pucuk),Normal,Naik 1 Hari Beruntun,TP: 341 | CL: 322,Normal,Tidak Ideal (< 1:1),Netral / Sideways,Netral / Sepi Berita,Normal / Sedang Transisi,Dekat Support Fibo 50.0%,6,WAIT & SEE,TIDAK ADA,2026-09-01 09:00:03,Biasa / Mengikuti Pasar
09:00,KBLM,Transaksi Sepi (Skip Broksum),Small Cap (Lapis 3),Overvalued (Mahal),99.614395,0.24033616,310.0,305,294,312,0.6493506493506493,16900,Normal,62,Positif,Uptrend,Bullish,Bearish MACD,Perfect Uptrend (5>20>50),Normal,Akumulasi (Naik),Normal,Dominan Beli (Hajar Kanan),Squeeze,Rendah,Doji (Ragu-ragu),Area Tengah,< 1 Miliar,Di Atas VWAP (Kuat),Akumulasi Pro (Smart Money),Gorengan Sepi (< 5M),Sepi (< 50%),Mark-Up (Fase Pesta),Normal,Jarum Bawah (Sinyal Pantulan Kuat),Naik 1 Hari Beruntun,TP: 319 | CL: 303,Normal,Tidak Ideal (< 1:1),Netral / Sideways,Netral / Sepi Berita,Supply Kering (Siap Pump) 🏜️,Mendekati Fibo 23.6%,6,WAIT & SEE,TIDAK ADA,2026-09-01 09:00:03,Biasa / Mengikuti Pasar
09:00,KBLV,Token Mati (Perlu Update),Small Cap (Lapis 3),Fair Value (Wajar),0.0,0.16028431,139.0,140,122,172,0.0,18291200,Normal,53,Negatif,Downtrend,Death Cross,Bearish MACD,Konsolidasi / Transisi,Normal,Distribusi (Turun),Normal,Dominan Jual (Guyur),Normal,Tinggi,Doji (Ragu-ragu),Rawan Pucuk (High Risk),> 1 Miliar,Persis di VWAP,Distribusi Pro (Guyuran),Gorengan Sepi (< 5M),Normal (50-150%),Distribution (Fase Jualan),Normal,Normal,Sideways / Stagnan,TP: 157 | CL: 126,Normal,Ideal (1:2),Netral / Sideways,Netral / Sepi Berita,Normal / Sedang Transisi,Mengambang (Jauh dari Fibo),1,WAIT & SEE,TIDAK ADA,2026-09-01 09:00:03,Biasa / Mengikuti Pasar
09:00,KDSI,Transaksi Sepi (Skip Broksum),Small Cap (Lapis 3),Undervalued (Murah),2.5872068,0.9422793,464.0,458,428,468,0.0,22200,Tembus MA20,60,Negatif,Uptrend,Bullish,Strong Bullish,Perfect Uptrend (5>20>50),Normal,Akumulasi (Naik),Normal,Dominan Beli (Hajar Kanan),Squeeze,Rendah,Normal,Area Tengah,< 1 Miliar,Di Atas VWAP (Kuat),Akumulasi Pro (Smart Money),Gorengan Sepi (< 5M),Anomali Tinggi (150-300%),Mark-Up (Fase Pesta),Normal,Normal,Sideways / Stagnan,TP: 483 | CL: 450,Normal,Tidak Ideal (< 1:1),Overbought (Jenuh Beli - Rawan),Netral / Sepi Berita,Normal / Sedang Transisi,Dekat Support Fibo 23.6%,7,BELI,TIDAK ADA,2026-09-01 09:00:03,Biasa / Mengikuti Pasar
09:00,KICI,Token Mati (Perlu Update),Small Cap (Lapis 3),Undervalued (Murah),4.003246,0.74173194,296.0,204,184,296,24.369747899159663,85236800,Tembus MA20,93,Positif,Uptrend,Bullish,Strong Bullish,Perfect Uptrend (5>20>50),Akumulasi Kuat,Akumulasi (Naik),Normal,Dominan Beli (Hajar Kanan),Breakout Upper,Tinggi,Marubozu (Strong Bullish),Rawan Pucuk (High Risk),> 1 Miliar,Di Atas VWAP (Kuat),Akumulasi Pro (Smart Money),Ritel Aktif (5M - 50M),Ledakan Ekstrem (> 300%),Mark-Up (Fase Pesta),Spesialis Tiang Jemuran (Banting Pucuk),Normal,Naik 6 Hari Beruntun,TP: 323 | CL: 277,Normal,Tidak Ideal (< 1:1),Netral / Sideways,Netral / Sepi Berita,Normal / Sedang Transisi,Mengambang (Jauh dari Fibo),9,BELI,TIDAK ADA,2026-09-01 09:00:03,⚠️ Anomali (Sudah Terbang)
09:00,KIJA,Token Mati (Perlu Update),Mid Cap (Lapis 2),Fair Value (Wajar),0.0,0.7421048,216.0,157,119,228,2.857142857142857,752607800,Normal,71,Positif,Uptrend,Bullish,Strong Bullish,Perfect Uptrend (5>20>50),Normal,Akumulasi (Naik),Normal,Seimbang / Adu Mekanik,Normal,Tinggi,Normal,Rawan Pucuk (High Risk),> 1 Miliar,Di Atas VWAP (Kuat),Distribusi Pro (Guyuran),Sultan (> 50M/hari),Normal (50-150%),Mark-Up (Fase Pesta),Normal,Normal,Naik 1 Hari Beruntun,TP: 249 | CL: 193,Normal,Tidak Ideal (< 1:1),Overbought (Jenuh Beli - Rawan),Netral / Sepi Berita,Normal / Sedang Transisi,Mengambang (Jauh dari Fibo),6,WAIT & SEE,TIDAK ADA,2026-09-01 09:00:03,🔥 ANOMALI BANDAR (Siap Ledakan)
09:00,KKGI,Transaksi Sepi (Skip Broksum),Mid Cap (Lapis 2),Overvalued (Mahal),20.0,9466.667,284.0,277,266,294,2.158273381294964,3005400,Tembus MA20,58,Positif,Uptrend,Bullish,Strong Bullish,Perfect Uptrend (5>20>50),Normal,Distribusi (Turun),Normal,Seimbang / Adu Mekanik,Squeeze,Rendah,Normal,Area Tengah,< 1 Miliar,Persis di VWAP,Akumulasi Pro (Smart Money),Gorengan Sepi (< 5M),Normal (50-150%),Mark-Up (Fase Pesta),Normal,Normal,Naik 1 Hari Beruntun,TP: 295 | CL: 276,Open = Low (Bullish Kuat),Tidak Ideal (< 1:1),Netral / Sideways,Netral / Sepi Berita,Normal / Sedang Transisi,Mendekati Fibo 23.6%,6,WAIT & SEE,TIDAK ADA,2026-09-01 09:00:03,Biasa / Mengikuti Pasar
09:00,KLBF,Token Mati (Perlu Update),Big Cap (Lapis 1),Undervalued (Murah),9.861809,1.4599953,785.0,788,695,835,-1.875,47708700,Normal,52,Negatif,Downtrend,Bullish,Bearish MACD,Perfect Uptrend (5>20>50),Normal,Distribusi (Turun),Normal,Dominan Jual (Guyur),Normal,Sedang,Normal,Rawan Pucuk (High Risk),> 1 Miliar,Di Bawah VWAP (Lemah),Distribusi Pro (Guyuran),Ritel Aktif (5M - 50M),Normal (50-150%),Distribution (Fase Jualan),Spesialis Tiang Jemuran (Banting Pucuk),Normal,Turun 2 Hari Beruntun,TP: 825 | CL: 757,Normal,Tidak Ideal (< 1:1),Netral / Sideways,Netral / Sepi Berita,Normal / Sedang Transisi,Mendekati Fibo 38.2%,2,WAIT & SEE,TIDAK ADA,2026-09-01 09:00:03,Biasa / Mengikuti Pasar
09:00,KOBX,Transaksi Sepi (Skip Broksum),Small Cap (Lapis 3),Overvalued (Mahal),29000.0,0.8187503,174.0,168,159,200,0.5780346820809248,5404800,Normal,58,Positif,Uptrend,Bullish,Bearish MACD,Perfect Uptrend (5>20>50),Normal,Akumulasi (Naik),Normal,Seimbang / Adu Mekanik,Normal,Sedang,Doji (Ragu-ragu),Area Tengah,< 1 Miliar,Di Bawah VWAP (Lemah),Distribusi Pro (Guyuran),Gorengan Sepi (< 5M),Sepi (< 50%),Mark-Up (Fase Pesta),Spesialis Tiang Jemuran (Banting Pucuk),Normal,Naik 1 Hari Beruntun,TP: 186 | CL: 165,Normal,Ideal (1:2),Netral / Sideways,Netral / Sepi Berita,Normal / Sedang Transisi,Dekat Support Fibo 50.0%,5,WAIT & SEE,TIDAK ADA,2026-09-01 09:00:03,Biasa / Mengikuti Pasar
09:00,KONI,Transaksi Sepi (Skip Broksum),Small Cap (Lapis 3),Overvalued (Mahal),31.388216,3.7640166,2200.0,2320,1930,2550,2.3255813953488373,52000,Tembus MA20,38,Positif,Downtrend,Bearish,Strong Bearish,Strong Downtrend (5<20<50),Normal,Distribusi (Turun),Normal,Seimbang / Adu Mekanik,Normal,Tinggi,Normal,Rawan Pucuk (High Risk),< 1 Miliar,Di Bawah VWAP (Lemah),Distribusi Pro (Guyuran),Gorengan Sepi (< 5M),Normal (50-150%),Mark-Down (Fase Runtuh),Spesialis Tiang Jemuran (Banting Pucuk),Normal,Naik 1 Hari Beruntun,TP: 2419 | CL: 2053,Normal,Menengah (1:1),Golden Cross (Awal Bullish),Netral / Sepi Berita,Normal / Sedang Transisi,Mengambang (Jauh dari Fibo),2,WAIT & SEE,TIDAK ADA,2026-09-01 09:00:03,Biasa / Mengikuti Pasar
09:00,KOPI,Transaksi Sepi (Skip Broksum),Small Cap (Lapis 3),Overvalued (Mahal),84.767105,1.9109967,202.0,205,199,232,-1.9417475728155338,309700,Normal,49,Negatif,Downtrend,Bearish,Bearish MACD,Konsolidasi / Transisi,Normal,Distribusi (Turun),Gap Up (+2.9%),Dominan Jual (Guyur),Squeeze,Rendah,Normal,Dekat Support (Low Risk),< 1 Miliar,Persis di VWAP,Distribusi Pro (Guyuran),Gorengan Sepi (< 5M),Sepi (< 50%),Distribution (Fase Jualan),Spesialis Tiang Jemuran (Banting Pucuk),Normal,Turun 1 Hari Beruntun,TP: 215 | CL: 192,Open = High (Tekanan Jual),Sangat Menarik (> 1:3),Oversold (Jenuh Jual - Peluang),Netral / Sepi Berita,Supply Kering (Siap Pump) 🏜️,Mendekati Fibo 50.0%,1,WAIT & SEE,TIDAK ADA,2026-09-01 09:00:03,Biasa / Mengikuti Pasar
09:00,KPIG,Token Mati (Perlu Update),Mid Cap (Lapis 2),Undervalued (Murah),10.172144,0.23623219,65.0,72,62,88,-1.5151515151515151,824417300,Tembus MA20,31,Negatif,Downtrend,Bearish,Strong Bearish,Strong Downtrend (5<20<50),Distribusi Kuat,Distribusi (Turun),Normal,Dominan Jual (Guyur),Normal,Tinggi,Normal,Area Tengah,> 1 Miliar,Di Bawah VWAP (Lemah),Distribusi Pro (Guyuran),Ritel Aktif (5M - 50M),Ledakan Ekstrem (> 300%),Mark-Down (Fase Runtuh),Normal,Normal,Turun 1 Hari Beruntun,TP: 71 | CL: 60,Normal,Sangat Menarik (> 1:3),Netral / Sideways,Netral / Sepi Berita,Normal / Sedang Transisi,Mendekati Fibo Bottom / 100%,1,WAIT & SEE,TIDAK ADA,2026-09-01 09:00:03,🔥 ANOMALI BANDAR (Siap Ledakan)
09:00,KRAS,Token Mati (Perlu Update),Mid Cap (Lapis 2),Overvalued (Mahal),0.5653507,6742.857,236.0,225,216,236,3.508771929824561,5354700,Tembus MA20,60,Positif,Uptrend,Bullish,Strong Bullish,Perfect Uptrend (5>20>50),Normal,Akumulasi (Naik),Normal,Dominan Beli (Hajar Kanan),Squeeze,Rendah,Marubozu (Strong Bullish),Area Tengah,> 1 Miliar,Di Atas VWAP (Kuat),Akumulasi Pro (Smart Money),Gorengan Sepi (< 5M),Normal (50-150%),Mark-Up (Fase Pesta),Spesialis Tiang Jemuran (Banting Pucuk),Normal,Naik 3 Hari Beruntun,TP: 248 | CL: 227,Open = Low (Bullish Kuat),Tidak Ideal (< 1:1),Netral / Sideways,Netral / Sepi Berita,Normal / Sedang Transisi,Mendekati Fibo 23.6%,8,BELI,TIDAK ADA,2026-09-01 09:00:03,Biasa / Mengikuti Pasar
09:00,KREN,Transaksi Sepi (Skip Broksum),Small Cap (Lapis 3),Fair Value (Wajar),0.0,-12999.999,13.0,13,12,14,-7.142857142857142,16889100,Normal,49,Negatif,Downtrend,Bullish,Strong Bullish,Perfect Uptrend (5>20>50),Normal,Akumulasi (Naik),Normal,Dominan Jual (Guyur),Normal,Tinggi,Normal,Area Tengah,< 1 Miliar,Di Bawah VWAP (Lemah),Akumulasi Pro (Smart Money),Gorengan Sepi (< 5M),Normal (50-150%),Distribution (Fase Jualan),Normal,Normal,Turun 1 Hari Beruntun,TP: 14 | CL: 12,Open = High (Tekanan Jual),Menengah (1:1),Netral / Sideways,Netral / Sepi Berita,Normal / Sedang Transisi,Dekat Support Fibo 61.8% (Golden Ratio),3,WAIT & SEE,TIDAK ADA,2026-09-01 09:00:03,Biasa / Mengikuti Pasar
09:00,LAPD,Token Mati (Perlu Update),Small Cap (Lapis 3),Fair Value (Wajar),0.0,-12.6390295,75.0,66,60,82,7.142857142857142,200225100,Tembus MA20,70,Positif,Uptrend,Bullish,Strong Bullish,Perfect Uptrend (5>20>50),Akumulasi Kuat,Akumulasi (Naik),Normal,Seimbang / Adu Mekanik,Breakout Upper,Tinggi,Normal,Rawan Pucuk (High Risk),> 1 Miliar,Di Atas VWAP (Kuat),Distribusi Pro (Guyuran),Ritel Aktif (5M - 50M),Ledakan Ekstrem (> 300%),Mark-Up (Fase Pesta),Spesialis Tiang Jemuran (Banting Pucuk),Normal,Naik 3 Hari Beruntun,TP: 82 | CL: 70,Open = Low (Bullish Kuat),Tidak Ideal (< 1:1),Death Cross (Awal Bearish),Netral / Sepi Berita,Normal / Sedang Transisi,Mendekati Fibo 38.2%,8,BELI,TIDAK ADA,2026-09-01 09:00:03,Biasa / Mengikuti Pasar
09:00,LEAD,Token Mati (Perlu Update),Small Cap (Lapis 3),Overvalued (Mahal),0.0,13111.111,118.0,109,96,121,18.0,113977700,Tembus MA20,60,Positif,Uptrend,Bearish,Bearish MACD,Konsolidasi / Transisi,Akumulasi Kuat,Akumulasi (Naik),Normal,Dominan Beli (Hajar Kanan),Normal,Tinggi,Marubozu (Strong Bullish),Rawan Pucuk (High Risk),> 1 Miliar,Di Atas VWAP (Kuat),Akumulasi Pro (Smart Money),Gorengan Sepi (< 5M),Ledakan Ekstrem (> 300%),Mark-Up (Fase Pesta),Spesialis Tiang Jemuran (Banting Pucuk),Normal,Naik 1 Hari Beruntun,TP: 128 | CL: 111,Normal,Tidak Ideal (< 1:1),Netral / Sideways,Netral / Sepi Berita,Normal / Sedang Transisi,Dekat Support Fibo 38.2%,7,BELI,TIDAK ADA,2026-09-01 09:00:03,⚠️ Anomali (Sudah Terbang)
09:00,LINK,Transaksi Sepi (Skip Broksum),Mid Cap (Lapis 2),Fair Value (Wajar),0.0,1.1784197,1520.0,1457,1340,1865,-0.9771986970684038,20000,Normal,56,Negatif,Uptrend,Bullish,Strong Bullish,Perfect Uptrend (5>20>50),Normal,Akumulasi (Naik),Normal,Seimbang / Adu Mekanik,Normal,Tinggi,Normal,Rawan Pucuk (High Risk),< 1 Miliar,Di Bawah VWAP (Lemah),Distribusi Pro (Guyuran),Gorengan Sepi (< 5M),Sepi (< 50%),Mark-Up (Fase Pesta),Spesialis Tiang Jemuran (Banting Pucuk),Normal,Turun 1 Hari Beruntun,TP: 1727 | CL: 1381,Open = High (Tekanan Jual),Ideal (1:2),Netral / Sideways,Netral / Sepi Berita,Supply Banjir (Distribusi) 🌊,Mendekati Fibo 50.0%,5,WAIT & SEE,TIDAK ADA,2026-09-01 09:00:03,Biasa / Mengikuti Pasar
09:00,LION,Transaksi Sepi (Skip Broksum),Small Cap (Lapis 3),Fair Value (Wajar),0.0,0.4080096,350.0,350,326,362,0.0,14900,Normal,52,Negatif,Downtrend,Bullish,Bearish MACD,Perfect Uptrend (5>20>50),Normal,Akumulasi (Naik),Normal,Seimbang / Adu Mekanik,Squeeze,Rendah,Doji (Ragu-ragu),Area Tengah,< 1 Miliar,Persis di VWAP,Akumulasi Pro (Smart Money),Gorengan Sepi (< 5M),Sepi (< 50%),Sideways,Normal,Normal,Sideways / Stagnan,TP: 368 | CL: 337,Normal,Tidak Ideal (< 1:1),Death Cross (Awal Bearish),Netral / Sepi Berita,Normal / Sedang Transisi,Dekat Support Fibo 50.0%,3,WAIT & SEE,TIDAK ADA,2026-09-01 09:00:03,Biasa / Mengikuti Pasar
09:00,LMPI,Transaksi Sepi (Skip Broksum),Small Cap (Lapis 3),Fair Value (Wajar),0.0,-4.430884,167.0,150,138,183,2.4539877300613497,1101900,Normal,70,Positif,Uptrend,Bullish,Strong Bullish,Perfect Uptrend (5>20>50),Normal,Akumulasi (Naik),Normal,Seimbang / Adu Mekanik,Normal,Tinggi,Normal,Rawan Pucuk (High Risk),< 1 Miliar,Di Atas VWAP (Kuat),Akumulasi Pro (Smart Money),Gorengan Sepi (< 5M),Normal (50-150%),Mark-Up (Fase Pesta),Spesialis Tiang Jemuran (Banting Pucuk),Normal,Naik 1 Hari Beruntun,TP: 185 | CL: 154,Normal,Tidak Ideal (< 1:1),Netral / Sideways,Netral / Sepi Berita,Normal / Sedang Transisi,Mendekati Fibo 38.2%,6,WAIT & SEE,TIDAK ADA,2026-09-01 09:00:03,Biasa / Mengikuti Pasar
09:00,LPCK,Transaksi Sepi (Skip Broksum),Mid Cap (Lapis 2),Undervalued (Murah),11.960784,0.45558837,610.0,597,525,670,1.6666666666666667,717500,Tembus MA20,61,Positif,Uptrend,Bullish,Bearish MACD,Perfect Uptrend (5>20>50),Normal,Akumulasi (Naik),Gap Up (+3.3%),Seimbang / Adu Mekanik,Normal,Sedang,Normal,Rawan Pucuk (High Risk),< 1 Miliar,Di Atas VWAP (Kuat),Distribusi Pro (Guyuran),Gorengan Sepi (< 5M),Normal (50-150%),Mark-Up (Fase Pesta),Spesialis Tiang Jemuran (Banting Pucuk),Normal,Naik 3 Hari Beruntun,TP: 651 | CL: 582,Open = High (Tekanan Jual),Tidak Ideal (< 1:1),Golden Cross (Awal Bullish),Netral / Sepi Berita,Normal / Sedang Transisi,Mendekati Fibo 38.2%,7,BELI,TIDAK ADA,2026-09-01 09:00:03,Biasa / Mengikuti Pasar
09:00,LPGI,Transaksi Sepi (Skip Broksum),Mid Cap (Lapis 2),Fair Value (Wajar),11.891593,1.7332746,645.0,634,585,650,2.380952380952381,12100,Normal,52,Positif,Uptrend,Bullish,Bullish MACD,Awal Reversal (5>20),Normal,Netral,Normal,Dominan Beli (Hajar Kanan),Squeeze,Rendah,Normal,Rawan Pucuk (High Risk),< 1 Miliar,Di Atas VWAP (Kuat),Akumulasi Pro (Smart Money),Gorengan Sepi (< 5M),Normal (50-150%),Accumulation (Kumpul Barang),Normal,Normal,Naik 1 Hari Beruntun,TP: 689 | CL: 615,Normal,Tidak Ideal (< 1:1),Overbought (Jenuh Beli - Rawan),Netral / Sepi Berita,Supply Kering (Siap Pump) 🏜️,Golden Rebound Fibo 61.8% (Golden Ratio) 🎯,6,WAIT & SEE,TIDAK ADA,2026-09-01 09:00:03,Biasa / Mengikuti Pasar
09:00,LPIN,Transaksi Sepi (Skip Broksum),Small Cap (Lapis 3),Undervalued (Murah),6.897679,0.51954705,422.0,421,410,438,-0.4716981132075472,71100,Normal,55,Negatif,Uptrend,Bullish,Bearish MACD,Perfect Uptrend (5>20>50),Normal,Distribusi (Turun),Normal,Dominan Jual (Guyur),Squeeze,Rendah,Normal,Dekat Support (Low Risk),< 1 Miliar,Persis di VWAP,Akumulasi Pro (Smart Money),Gorengan Sepi (< 5M),Normal (50-150%),Mark-Up (Fase Pesta),Normal,Normal,Turun 1 Hari Beruntun,TP: 430 | CL: 416,Normal,Menengah (1:1),Death Cross (Awal Bearish),Netral / Sepi Berita,Normal / Sedang Transisi,Dekat Support Fibo 23.6%,3,WAIT & SEE,TIDAK ADA,2026-09-01 09:00:03,Biasa / Mengikuti Pasar
09:00,LPKR,Token Mati (Perlu Update),Mid Cap (Lapis 2),Undervalued (Murah),6.132542,0.14440635,62.0,62,59,74,0.0,76921800,Normal,48,Negatif,Downtrend,Bearish,Bearish MACD,Konsolidasi / Transisi,Normal,Distribusi (Turun),Normal,Dominan Jual (Guyur),Normal,Sedang,Doji (Ragu-ragu),Area Tengah,> 1 Miliar,Persis di VWAP,Distribusi Pro (Guyuran),Ritel Aktif (5M - 50M),Sepi (< 50%),Distribution (Fase Jualan),Spesialis Tiang Jemuran (Banting Pucuk),Normal,Sideways / Stagnan,TP: 66 | CL: 59,Normal,Sangat Menarik (> 1:3),Golden Cross (Awal Bullish),Netral / Sepi Berita,Supply Kering (Siap Pump) 🏜️,Golden Rebound Fibo 61.8% (Golden Ratio) 🎯,0,WAIT & SEE,TIDAK ADA,2026-09-01 09:00:03,Biasa / Mengikuti Pasar
09:00,LPLI,Transaksi Sepi (Skip Broksum),Small Cap (Lapis 3),Undervalued (Murah),0.51610154,0.1640638,242.0,244,236,276,0.0,214400,Tembus MA20,45,Negatif,Downtrend,Bearish,Strong Bearish,Konsolidasi / Transisi,Normal,Distribusi (Turun),Normal,Seimbang / Adu Mekanik,Squeeze,Rendah,Doji (Ragu-ragu),Dekat Support (Low Risk),< 1 Miliar,Persis di VWAP,Akumulasi Pro (Smart Money),Gorengan Sepi (< 5M),Normal (50-150%),Distribution (Fase Jualan),Normal,Normal,Sideways / Stagnan,TP: 254 | CL: 233,Normal,Sangat Menarik (> 1:3),Oversold (Jenuh Jual - Peluang),Netral / Sepi Berita,Normal / Sedang Transisi,Golden Rebound Fibo 61.8% (Golden Ratio) 🎯,1,WAIT & SEE,TIDAK ADA,2026-09-01 09:00:03,Biasa / Mengikuti Pasar
09:00,LPPF,Token Mati (Perlu Update),Mid Cap (Lapis 2),Overvalued (Mahal),4.6253467,11.859846,1600.0,1593,1525,1650,-0.3115264797507788,1096800,Normal,54,Negatif,Uptrend,Bullish,Bearish MACD,Perfect Uptrend (5>20>50),Normal,Distribusi (Turun),Normal,Dominan Jual (Guyur),Squeeze,Rendah,Normal,Area Tengah,> 1 Miliar,Persis di VWAP,Distribusi Pro (Guyuran),Gorengan Sepi (< 5M),Normal (50-150%),Mark-Up (Fase Pesta),Normal,Normal,Turun 2 Hari Beruntun,TP: 1634 | CL: 1576,Open = High (Tekanan Jual),Tidak Ideal (< 1:1),Netral / Sideways,Netral / Sepi Berita,Normal / Sedang Transisi,Dekat Support Fibo 23.6%,3,WAIT & SEE,TIDAK ADA,2026-09-01 09:00:03,Biasa / Mengikuti Pasar
09:00,LPPS,Transaksi Sepi (Skip Broksum),Small Cap (Lapis 3),Fair Value (Wajar),0.0,0.30267572,82.0,81,77,88,-1.2048192771084338,2905600,Tembus MA20,55,Negatif,Uptrend,Bullish,Bearish MACD,Perfect Uptrend (5>20>50),Normal,Distribusi (Turun),Normal,Seimbang / Adu Mekanik,Squeeze,Rendah,Normal,Area Tengah,< 1 Miliar,Persis di VWAP,Akumulasi Pro (Smart Money),Gorengan Sepi (< 5M),Anomali Tinggi (150-300%),Mark-Up (Fase Pesta),Spesialis Tiang Jemuran (Banting Pucuk),Normal,Turun 1 Hari Beruntun,TP: 87 | CL: 78,Open = High (Tekanan Jual),Menengah (1:1),Golden Cross (Awal Bullish),Netral / Sepi Berita,Normal / Sedang Transisi,Mengambang (Jauh dari Fibo),4,WAIT & SEE,TIDAK ADA,2026-09-01 09:00:03,Biasa / Mengikuti Pasar
09:00,LRNA,Transaksi Sepi (Skip Broksum),Small Cap (Lapis 3),Fair Value (Wajar),0.0,0.2650274,190.0,187,182,224,0.5291005291005291,156300,Normal,56,Positif,Uptrend,Bullish,Bearish MACD,Perfect Uptrend (5>20>50),Normal,Akumulasi (Naik),Normal,Dominan Jual (Guyur),Squeeze,Rendah,Normal,Area Tengah,< 1 Miliar,Di Bawah VWAP (Lemah),Distribusi Pro (Guyuran),Gorengan Sepi (< 5M),Sepi (< 50%),Mark-Up (Fase Pesta),Spesialis Tiang Jemuran (Banting Pucuk),Normal,Naik 1 Hari Beruntun,TP: 207 | CL: 178,Normal,Sangat Menarik (> 1:3),Oversold (Jenuh Jual - Peluang),Netral / Sepi Berita,Normal / Sedang Transisi,Mengambang (Jauh dari Fibo),5,WAIT & SEE,TIDAK ADA,2026-09-01 09:00:03,Biasa / Mengikuti Pasar
09:00,LSIP,Token Mati (Perlu Update),Big Cap (Lapis 1),Undervalued (Murah),4.901961,0.7071011,1485.0,1443,1375,1490,1.3651877133105803,12879700,Tembus MA20,65,Positif,Uptrend,Bullish,Bearish MACD,Perfect Uptrend (5>20>50),Normal,Akumulasi (Naik),Normal,Dominan Beli (Hajar Kanan),Squeeze,Rendah,Normal,Area Tengah,> 1 Miliar,Di Atas VWAP (Kuat),Akumulasi Pro (Smart Money),Ritel Aktif (5M - 50M),Normal (50-150%),Mark-Up (Fase Pesta),Normal,Normal,Naik 3 Hari Beruntun,TP: 1539 | CL: 1448,Normal,Tidak Ideal (< 1:1),Overbought (Jenuh Beli - Rawan),Netral / Sepi Berita,Normal / Sedang Transisi,Mengambang (Jauh dari Fibo),7,BELI,TIDAK ADA,2026-09-01 09:00:03,Biasa / Mengikuti Pasar
09:00,LTLS,Transaksi Sepi (Skip Broksum),Mid Cap (Lapis 2),Undervalued (Murah),6.6313,0.376437,850.0,841,800,870,0.591715976331361,43200,Normal,63,Positif,Uptrend,Bearish,Bearish MACD,Konsolidasi / Transisi,Normal,Distribusi (Turun),Normal,Seimbang / Adu Mekanik,Squeeze,Rendah,Normal,Area Tengah,< 1 Miliar,Persis di VWAP,Distribusi Pro (Guyuran),Gorengan Sepi (< 5M),Normal (50-150%),Mark-Up (Fase Pesta),Spesialis Tiang Jemuran (Banting Pucuk),Normal,Naik 1 Hari Beruntun,TP: 887 | CL: 825,Normal,Tidak Ideal (< 1:1),Death Cross (Awal Bearish),Netral / Sepi Berita,Normal / Sedang Transisi,Mendekati Fibo 23.6%,3,WAIT & SEE,TIDAK ADA,2026-09-01 09:00:03,Biasa / Mengikuti Pasar
09:00,MAIN,Token Mati (Perlu Update),Mid Cap (Lapis 2),Undervalued (Murah),3.1969619,0.51782846,665.0,671,645,720,-0.7462686567164178,1527200,Normal,45,Negatif,Downtrend,Bearish,Strong Bearish,Strong Downtrend (5<20<50),Normal,Distribusi (Turun),Normal,Seimbang / Adu Mekanik,Squeeze,Rendah,Doji (Ragu-ragu),Area Tengah,> 1 Miliar,Persis di VWAP,Distribusi Pro (Guyuran),Gorengan Sepi (< 5M),Normal (50-150%),Mark-Down (Fase Runtuh),Normal,Normal,Turun 1 Hari Beruntun,TP: 687 | CL: 650,Normal,Ideal (1:2),Golden Cross (Awal Bullish),Netral / Sepi Berita,Normal / Sedang Transisi,Mendekati Fibo 78.6%,0,WAIT & SEE,TIDAK ADA,2026-09-01 09:00:03,Biasa / Mengikuti Pasar
09:00,MAPI,Token Mati (Perlu Update),Big Cap (Lapis 1),Fair Value (Wajar),9.398496,1.5197041,1400.0,1563,1400,1940,-6.354515050167224,21821800,Tembus MA20,38,Negatif,Downtrend,Bearish,Strong Bearish,Konsolidasi / Transisi,Normal,Distribusi (Turun),Normal,Dominan Jual (Guyur),Normal,Tinggi,Normal,Dekat Support (Low Risk),> 1 Miliar,Di Bawah VWAP (Lemah),Distribusi Pro (Guyuran),Ritel Aktif (5M - 50M),Ledakan Ekstrem (> 300%),Distribution (Fase Jualan),Normal,Normal,Turun 2 Hari Beruntun,TP: 1478 | CL: 1347,Open = High (Tekanan Jual),Di Area Support,Oversold (Jenuh Jual - Peluang),Netral / Sepi Berita,Normal / Sedang Transisi,Mendekati Fibo Bottom / 100%,1,WAIT & SEE,TIDAK ADA,2026-09-01 09:00:03,Biasa / Mengikuti Pasar
09:00,MAYA,Transaksi Sepi (Skip Broksum),Mid Cap (Lapis 2),Overvalued (Mahal),78.17461,0.2653656,197.0,200,192,208,-2.4752475247524752,1709700,Tembus MA20,48,Negatif,Downtrend,Bearish,Bearish MACD,Konsolidasi / Transisi,Distribusi Kuat,Distribusi (Turun),Normal,Dominan Jual (Guyur),Squeeze,Rendah,Normal,Dekat Support (Low Risk),< 1 Miliar,Di Bawah VWAP (Lemah),Distribusi Pro (Guyuran),Gorengan Sepi (< 5M),Anomali Tinggi (150-300%),Distribution (Fase Jualan),Spesialis Tiang Jemuran (Banting Pucuk),Normal,Turun 1 Hari Beruntun,TP: 204 | CL: 191,Open = High (Tekanan Jual),Ideal (1:2),Netral / Sideways,Netral / Sepi Berita,Normal / Sedang Transisi,Dekat Support Fibo 23.6%,1,WAIT & SEE,TIDAK ADA,2026-09-01 09:00:03,Biasa / Mengikuti Pasar
09:00,MBAP,Token Mati (Perlu Update),Mid Cap (Lapis 2),Overvalued (Mahal),95.25155,11085.526,1685.0,1465,1395,1860,13.087248322147651,2405000,Tembus MA20,84,Positif,Uptrend,Bullish,Strong Bullish,Perfect Uptrend (5>20>50),Akumulasi Kuat,Akumulasi (Naik),Normal,Seimbang / Adu Mekanik,Breakout Upper,Tinggi,Normal,Rawan Pucuk (High Risk),> 1 Miliar,Persis di VWAP,Distribusi Pro (Guyuran),Gorengan Sepi (< 5M),Ledakan Ekstrem (> 300%),Mark-Up (Fase Pesta),Spesialis Tiang Jemuran (Banting Pucuk),Normal,Naik 3 Hari Beruntun,TP: 1770 | CL: 1628,Open = Low (Bullish Kuat),Tidak Ideal (< 1:1),Death Cross (Awal Bearish),Netral / Sepi Berita,Normal / Sedang Transisi,Mendekati Fibo 38.2%,8,BELI,TIDAK ADA,2026-09-01 09:00:03,⚠️ Anomali (Sudah Terbang)
09:00,MBSS,Token Mati (Perlu Update),Mid Cap (Lapis 2),Undervalued (Murah),13.350945,1.2058189,2830.0,2831,2800,2940,0.0,1269600,Normal,61,Negatif,Downtrend,Bearish,Bearish MACD,Konsolidasi / Transisi,Normal,Distribusi (Turun),Normal,Dominan Beli (Hajar Kanan),Squeeze,Rendah,Doji (Ragu-ragu),Dekat Support (Low Risk),> 1 Miliar,Persis di VWAP,Distribusi Pro (Guyuran),Gorengan Sepi (< 5M),Normal (50-150%),Distribution (Fase Jualan),Normal,Jarum Bawah (Sinyal Pantulan Kuat),Sideways / Stagnan,TP: 2861 | CL: 2809,Normal,Sangat Menarik (> 1:3),Netral / Sideways,Netral / Sepi Berita,Normal / Sedang Transisi,Mendekati Fibo 23.6%,2,WAIT & SEE,TIDAK ADA,2026-09-01 09:00:03,Biasa / Mengikuti Pasar
09:00,MBTO,Transaksi Sepi (Skip Broksum),Small Cap (Lapis 3),Fair Value (Wajar),0.0,0.38238248,126.0,128,118,167,0.8,615500,Normal,52,Positif,Downtrend,Bearish,Bearish MACD,Konsolidasi / Transisi,Normal,Akumulasi (Naik),Normal,Seimbang / Adu Mekanik,Normal,Tinggi,Doji (Ragu-ragu),Area Tengah,< 1 Miliar,Persis di VWAP,Akumulasi Pro (Smart Money),Gorengan Sepi (< 5M),Sepi (< 50%),Distribution (Fase Jualan),Normal,Jarum Bawah (Sinyal Pantulan Kuat),Naik 1 Hari Beruntun,TP: 132 | CL: 121,Normal,Sangat Menarik (> 1:3),Netral / Sideways,Netral / Sepi Berita,Normal / Sedang Transisi,Mendekati Fibo 61.8% (Golden Ratio),3,WAIT & SEE,TIDAK ADA,2026-09-01 09:00:03,Biasa / Mengikuti Pasar
09:00,MCOR,Transaksi Sepi (Skip Broksum),Mid Cap (Lapis 2),Undervalued (Murah),8.760951,0.36483604,70.0,68,67,71,1.4492753623188406,3558300,Tembus MA20,56,Positif,Uptrend,Bullish,Bearish MACD,Perfect Uptrend (5>20>50),Normal,Akumulasi (Naik),Normal,Dominan Beli (Hajar Kanan),Squeeze,Rendah,Doji (Ragu-ragu),Area Tengah,< 1 Miliar,Di Atas VWAP (Kuat),Distribusi Pro (Guyuran),Gorengan Sepi (< 5M),Normal (50-150%),Mark-Up (Fase Pesta),Normal,Jarum Bawah (Sinyal Pantulan Kuat),Naik 2 Hari Beruntun,TP: 72 | CL: 68,Normal,Tidak Ideal (< 1:1),Netral / Sideways,Netral / Sepi Berita,Normal / Sedang Transisi,Golden Rebound Fibo 23.6% 🎯,7,BELI,TIDAK ADA,2026-09-01 09:00:03,Biasa / Mengikuti Pasar
09:00,MDIA,Token Mati (Perlu Update),Big Cap (Lapis 1),Overvalued (Mahal),3300.0,11.275787,264.0,253,186,296,10.0,39874200,Normal,64,Positif,Uptrend,Bearish,Bearish MACD,Konsolidasi / Transisi,Normal,Distribusi (Turun),Gap Up (+7.5%),Dominan Beli (Hajar Kanan),Normal,Tinggi,Marubozu (Strong Bullish),Rawan Pucuk (High Risk),> 1 Miliar,Di Atas VWAP (Kuat),Distribusi Pro (Guyuran),Ritel Aktif (5M - 50M),Anomali Tinggi (150-300%),Mark-Up (Fase Pesta),Normal,Normal,Naik 1 Hari Beruntun,TP: 284 | CL: 250,Open = Low (Bullish Kuat),Tidak Ideal (< 1:1),Netral / Sideways,Netral / Sepi Berita,Normal / Sedang Transisi,Mengambang (Jauh dari Fibo),5,WAIT & SEE,TIDAK ADA,2026-09-01 09:00:03,Biasa / Mengikuti Pasar
09:00,MDKA,Token Mati (Perlu Update),Big Cap (Lapis 1),Overvalued (Mahal),1670.4546,84000.0,2940.0,2910,2700,3180,-3.289473684210526,49499200,Tembus MA20,55,Negatif,Uptrend,Bullish,Strong Bullish,Perfect Uptrend (5>20>50),Normal,Akumulasi (Naik),Normal,Dominan Jual (Guyur),Normal,Sedang,Normal,Area Tengah,> 1 Miliar,Di Bawah VWAP (Lemah),Distribusi Pro (Guyuran),Sultan (> 50M/hari),Normal (50-150%),Mark-Up (Fase Pesta),Spesialis Tiang Jemuran (Banting Pucuk),Normal,Turun 1 Hari Beruntun,TP: 3124 | CL: 2817,Open = High (Tekanan Jual),Menengah (1:1),Netral / Sideways,Netral / Sepi Berita,Normal / Sedang Transisi,Dekat Support Fibo 23.6%,6,WAIT & SEE,TIDAK ADA,2026-09-01 09:00:03,Biasa / Mengikuti Pasar
09:00,MDLN,Transaksi Sepi (Skip Broksum),Small Cap (Lapis 3),Fair Value (Wajar),0.0,0.1902421,50.0,50,50,52,0.0,755200,Normal,48,Negatif,Downtrend,Bearish,Strong Bearish,Strong Downtrend (5<20<50),Normal,Netral,Normal,Tidak Ada Transaksi,Squeeze,Rendah,Doji (Ragu-ragu),Dekat Support (Low Risk),< 1 Miliar,Persis di VWAP,Netral,Gorengan Sepi (< 5M),Sepi (< 50%),Mark-Down (Fase Runtuh),Normal,Normal,Sideways / Stagnan,TP: 50 | CL: 49,Normal,Di Area Support,Oversold (Jenuh Jual - Peluang),Netral / Sepi Berita,Supply Kering (Siap Pump) 🏜️,Golden Rebound Fibo Bottom / 100% 🎯,0,WAIT & SEE,TIDAK ADA,2026-09-01 09:00:03,Biasa / Mengikuti Pasar
09:00,MEDC,Token Mati (Perlu Update),Big Cap (Lapis 1),Overvalued (Mahal),12.969629,15786.517,1405.0,1342,1240,1445,3.308823529411765,81594300,Tembus MA20,59,Positif,Uptrend,Bullish,Bearish MACD,Perfect Uptrend (5>20>50),Normal,Akumulasi (Naik),Normal,Seimbang / Adu Mekanik,Normal,Sedang,Normal,Rawan Pucuk (High Risk),> 1 Miliar,Di Atas VWAP (Kuat),Distribusi Pro (Guyuran),Sultan (> 50M/hari),Anomali Tinggi (150-300%),Mark-Up (Fase Pesta),Normal,Normal,Naik 1 Hari Beruntun,TP: 1486 | CL: 1350,Normal,Tidak Ideal (< 1:1),Netral / Sideways,Netral / Sepi Berita,Normal / Sedang Transisi,Mendekati Fibo 23.6%,6,WAIT & SEE,TIDAK ADA,2026-09-01 09:00:03,Biasa / Mengikuti Pasar
09:00,MEGA,Transaksi Sepi (Skip Broksum),Big Cap (Lapis 1),Fair Value (Wajar),14.058242,2.0577557,1960.0,1978,1900,1995,0.5128205128205128,29900,Tembus MA20,39,Positif,Downtrend,Bearish,Strong Bearish,Strong Downtrend (5<20<50),Normal,Distribusi (Turun),Normal,Seimbang / Adu Mekanik,Squeeze,Rendah,Normal,Area Tengah,< 1 Miliar,Persis di VWAP,Akumulasi Pro (Smart Money),Gorengan Sepi (< 5M),Normal (50-150%),Mark-Down (Fase Runtuh),Normal,Normal,Naik 1 Hari Beruntun,TP: 2011 | CL: 1925,Normal,Tidak Ideal (< 1:1),Death Cross (Awal Bearish),Netral / Sepi Berita,Normal / Sedang Transisi,Dekat Support Fibo 50.0%,2,WAIT & SEE,TIDAK ADA,2026-09-01 09:00:03,Biasa / Mengikuti Pasar
09:00,MERK,Transaksi Sepi (Skip Broksum),Mid Cap (Lapis 2),Fair Value (Wajar),5.194805,1.7933193,3860.0,3926,3700,4020,-1.0256410256410255,110500,Tembus MA20,45,Negatif,Downtrend,Bearish,Bearish MACD,Konsolidasi / Transisi,Normal,Distribusi (Turun),Normal,Seimbang / Adu Mekanik,Squeeze,Rendah,Normal,Area Tengah,< 1 Miliar,Persis di VWAP,Distribusi Pro (Guyuran),Gorengan Sepi (< 5M),Anomali Tinggi (150-300%),Distribution (Fase Jualan),Normal,Normal,Turun 2 Hari Beruntun,TP: 3984 | CL: 3777,Normal,Menengah (1:1),Netral / Sideways,Netral / Sepi Berita,Normal / Sedang Transisi,Dekat Support Fibo 23.6%,1,WAIT & SEE,TIDAK ADA,2026-09-01 09:00:03,Biasa / Mengikuti Pasar
09:00,MGNA,Transaksi Sepi (Skip Broksum),Small Cap (Lapis 3),Overvalued (Mahal),2.7205596,12.19664,98.0,103,80,125,2.083333333333333,1449400,Normal,48,Positif,Downtrend,Bearish,Strong Bearish,Konsolidasi / Transisi,Normal,Akumulasi (Naik),Gap Up (+2.1%),Dominan Beli (Hajar Kanan),Normal,Tinggi,Doji (Ragu-ragu),Rawan Pucuk (High Risk),< 1 Miliar,Di Atas VWAP (Kuat),Akumulasi Pro (Smart Money),Gorengan Sepi (< 5M),Sepi (< 50%),Distribution (Fase Jualan),Spesialis Tiang Jemuran (Banting Pucuk),Jarum Bawah (Sinyal Pantulan Kuat),Naik 3 Hari Beruntun,TP: 109 | CL: 90,Normal,Menengah (1:1),Netral / Sideways,Netral / Sepi Berita,Normal / Sedang Transisi,Mengambang (Jauh dari Fibo),4,WAIT & SEE,TIDAK ADA,2026-09-01 09:00:03,Biasa / Mengikuti Pasar
09:00,MICE,Transaksi Sepi (Skip Broksum),Small Cap (Lapis 3),Undervalued (Murah),7.598996,0.32927132,545.0,525,510,550,1.8691588785046727,85800,Normal,70,Positif,Uptrend,Bullish,Strong Bullish,Perfect Uptrend (5>20>50),Normal,Distribusi (Turun),Normal,Dominan Beli (Hajar Kanan),Squeeze,Rendah,Doji (Ragu-ragu),Area Tengah,< 1 Miliar,Di Atas VWAP (Kuat),Akumulasi Pro (Smart Money),Gorengan Sepi (< 5M),Normal (50-150%),Mark-Up (Fase Pesta),Normal,Jarum Bawah (Sinyal Pantulan Kuat),Naik 1 Hari Beruntun,TP: 563 | CL: 532,Normal,Tidak Ideal (< 1:1),Overbought (Jenuh Beli - Rawan),Netral / Sepi Berita,Normal / Sedang Transisi,Mendekati Fibo 23.6%,6,WAIT & SEE,TIDAK ADA,2026-09-01 09:00:03,Biasa / Mengikuti Pasar
09:00,MIDI,Token Mati (Perlu Update),Mid Cap (Lapis 2),Fair Value (Wajar),10.469592,1.9635303,272.0,277,266,294,-2.158273381294964,4887100,Normal,42,Negatif,Downtrend,Death Cross,Bullish MACD,Strong Downtrend (5<20<50),Normal,Distribusi (Turun),Normal,Dominan Jual (Guyur),Squeeze,Rendah,Normal,Dekat Support (Low Risk),> 1 Miliar,Di Bawah VWAP (Lemah),Distribusi Pro (Guyuran),Gorengan Sepi (< 5M),Normal (50-150%),Mark-Down (Fase Runtuh),Normal,Normal,Turun 1 Hari Beruntun,TP: 282 | CL: 265,Open = High (Tekanan Jual),Sangat Menarik (> 1:3),Netral / Sideways,Netral / Sepi Berita,Normal / Sedang Transisi,Dekat Support Fibo 78.6%,1,WAIT & SEE,TIDAK ADA,2026-09-01 09:00:03,Biasa / Mengikuti Pasar
09:00,MIKA,Token Mati (Perlu Update),Big Cap (Lapis 1),Overvalued (Mahal),18.348623,3.5360544,1860.0,1821,1730,1920,-0.8,3239800,Normal,60,Negatif,Uptrend,Bullish,Strong Bullish,Perfect Uptrend (5>20>50),Normal,Akumulasi (Naik),Normal,Seimbang / Adu Mekanik,Normal,Sedang,Normal,Area Tengah,> 1 Miliar,Persis di VWAP,Distribusi Pro (Guyuran),Ritel Aktif (5M - 50M),Normal (50-150%),Mark-Up (Fase Pesta),Normal,Jarum Bawah (Sinyal Pantulan Kuat),Turun 1 Hari Beruntun,TP: 1944 | CL: 1803,Normal,Tidak Ideal (< 1:1),Death Cross (Awal Bearish),Netral / Sepi Berita,Normal / Sedang Transisi,Mendekati Fibo 23.6%,5,WAIT & SEE,TIDAK ADA,2026-09-01 09:00:03,Biasa / Mengikuti Pasar
09:00,MIRA,Transaksi Sepi (Skip Broksum),Small Cap (Lapis 3),Fair Value (Wajar),0.0,0.6981095,25.0,26,21,31,-3.8461538461538463,3928800,Normal,49,Negatif,Downtrend,Bearish,Bearish MACD,Konsolidasi / Transisi,Normal,Distribusi (Turun),Gap Down (-3.8%),Tidak Ada Transaksi,Normal,Tinggi,Doji (Ragu-ragu),Rawan Pucuk (High Risk),< 1 Miliar,Di Bawah VWAP (Lemah),Distribusi Pro (Guyuran),Gorengan Sepi (< 5M),Normal (50-150%),Distribution (Fase Jualan),Normal,Normal,Turun 1 Hari Beruntun,TP: 27 | CL: 23,Normal,Ideal (1:2),Oversold (Jenuh Jual - Peluang),Netral / Sepi Berita,Normal / Sedang Transisi,Golden Rebound Fibo 38.2% 🎯,0,WAIT & SEE,TIDAK ADA,2026-09-01 09:00:03,Biasa / Mengikuti Pasar
09:00,MITI,Token Mati (Perlu Update),Small Cap (Lapis 3),Overvalued (Mahal),67.77778,1.9622666,244.0,208,157,264,1.6666666666666667,4791000,Normal,70,Positif,Uptrend,Bullish,Strong Bullish,Perfect Uptrend (5>20>50),Normal,Akumulasi (Naik),Normal,Seimbang / Adu Mekanik,Normal,Tinggi,Normal,Rawan Pucuk (High Risk),> 1 Miliar,Di Atas VWAP (Kuat),Akumulasi Pro (Smart Money),Gorengan Sepi (< 5M),Normal (50-150%),Mark-Up (Fase Pesta),Normal,Normal,Naik 1 Hari Beruntun,TP: 270 | CL: 226,Normal,Tidak Ideal (< 1:1),Death Cross (Awal Bearish),Netral / Sepi Berita,Normal / Sedang Transisi,Mendekati Fibo 23.6%,6,WAIT & SEE,TIDAK ADA,2026-09-01 09:00:03,Biasa / Mengikuti Pasar
09:00,MKPI,Transaksi Sepi (Skip Broksum),Big Cap (Lapis 1),Fair Value (Wajar),17.857143,2.794557,21975.0,21981,21625,22175,0.11389521640091116,40900,Normal,58,Positif,Downtrend,Bullish,Bearish MACD,Perfect Uptrend (5>20>50),Normal,Distribusi (Turun),Normal,Dominan Beli (Hajar Kanan),Squeeze,Rendah,Marubozu (Strong Bullish),Dekat Support (Low Risk),< 1 Miliar,Persis di VWAP,Akumulasi Pro (Smart Money),Gorengan Sepi (< 5M),Normal (50-150%),Distribution (Fase Jualan),Normal,Normal,Naik 1 Hari Beruntun,TP: 22194 | CL: 21828,Open = Low (Bullish Kuat),Tidak Ideal (< 1:1),Death Cross (Awal Bearish),Netral / Sepi Berita,Normal / Sedang Transisi,Dekat Support Fibo 23.6%,4,WAIT & SEE,TIDAK ADA,2026-09-01 09:00:03,Biasa / Mengikuti Pasar
09:00,MLBI,Token Mati (Perlu Update),Big Cap (Lapis 1),Overvalued (Mahal),11.248548,13.112096,6875.0,6918,6525,7200,0.0,217100,Tembus MA20,60,Negatif,Downtrend,Bearish,Bearish MACD,Konsolidasi / Transisi,Normal,Distribusi (Turun),Normal,Dominan Jual (Guyur),Squeeze,Rendah,Normal,Area Tengah,> 1 Miliar,Persis di VWAP,Distribusi Pro (Guyuran),Gorengan Sepi (< 5M),Anomali Tinggi (150-300%),Distribution (Fase Jualan),Normal,Normal,Sideways / Stagnan,TP: 7019 | CL: 6778,Open = High (Tekanan Jual),Tidak Ideal (< 1:1),Oversold (Jenuh Jual - Peluang),Netral / Sepi Berita,Normal / Sedang Transisi,Golden Rebound Fibo 23.6% 🎯,2,WAIT & SEE,TIDAK ADA,2026-09-01 09:00:03,Biasa / Mengikuti Pasar
09:00,MLIA,Transaksi Sepi (Skip Broksum),Mid Cap (Lapis 2),Fair Value (Wajar),0.0,0.29292855,232.0,231,228,236,0.0,6900,Normal,48,Negatif,Uptrend,Bearish,Bullish MACD,Strong Downtrend (5<20<50),Normal,Distribusi (Turun),Normal,Tidak Ada Transaksi,Squeeze,Rendah,Doji (Ragu-ragu),Dekat Support (Low Risk),< 1 Miliar,Persis di VWAP,Distribusi Pro (Guyuran),Gorengan Sepi (< 5M),Sepi (< 50%),Accumulation (Kumpul Barang),Normal,Normal,Sideways / Stagnan,TP: 235 | CL: 229,Normal,Menengah (1:1),Netral / Sideways,Netral / Sepi Berita,Supply Kering (Siap Pump) 🏜️,Golden Rebound Fibo Bottom / 100% 🎯,2,WAIT & SEE,TIDAK ADA,2026-09-01 09:00:03,Biasa / Mengikuti Pasar
09:00,MLPL,Token Mati (Perlu Update),Mid Cap (Lapis 2),Fair Value (Wajar),0.0,0.23985392,93.0,95,90,107,0.0,13690800,Normal,49,Negatif,Downtrend,Bearish,Bearish MACD,Konsolidasi / Transisi,Normal,Distribusi (Turun),Normal,Seimbang / Adu Mekanik,Normal,Sedang,Normal,Area Tengah,> 1 Miliar,Persis di VWAP,Distribusi Pro (Guyuran),Gorengan Sepi (< 5M),Normal (50-150%),Distribution (Fase Jualan),Normal,Normal,Sideways / Stagnan,TP: 99 | CL: 88,Normal,Sangat Menarik (> 1:3),Oversold (Jenuh Jual - Peluang),Netral / Sepi Berita,Supply Kering (Siap Pump) 🏜️,Golden Rebound Fibo 38.2% 🎯,0,WAIT & SEE,TIDAK ADA,2026-09-01 09:00:03,Biasa / Mengikuti Pasar
09:00,MLPT,Token Mati (Perlu Update),Big Cap (Lapis 1),Overvalued (Mahal),156.25,80.584,1275.0,1485,1255,2000,-1.5444015444015444,3683400,Normal,45,Negatif,Downtrend,Bearish,Bearish MACD,Konsolidasi / Transisi,Normal,Distribusi (Turun),Normal,Dominan Jual (Guyur),Normal,Tinggi,Normal,Dekat Support (Low Risk),> 1 Miliar,Di Bawah VWAP (Lemah),Distribusi Pro (Guyuran),Gorengan Sepi (< 5M),Normal (50-150%),Distribution (Fase Jualan),Normal,Normal,Turun 2 Hari Beruntun,TP: 1441 | CL: 1163,Normal,Sangat Menarik (> 1:3),Oversold (Jenuh Jual - Peluang),Netral / Sepi Berita,Normal / Sedang Transisi,Golden Rebound Fibo 50.0% 🎯,0,WAIT & SEE,TIDAK ADA,2026-09-01 09:00:03,Biasa / Mengikuti Pasar
09:00,MMLP,Transaksi Sepi (Skip Broksum),Mid Cap (Lapis 2),Fair Value (Wajar),19.879921,0.43386412,298.0,296,286,320,-0.6666666666666667,778000,Tembus MA20,52,Negatif,Uptrend,Bullish,Strong Bullish,Perfect Uptrend (5>20>50),Normal,Distribusi (Turun),Normal,Seimbang / Adu Mekanik,Squeeze,Rendah,Normal,Area Tengah,< 1 Miliar,Persis di VWAP,Distribusi Pro (Guyuran),Gorengan Sepi (< 5M),Normal (50-150%),Mark-Up (Fase Pesta),Spesialis Tiang Jemuran (Banting Pucuk),Normal,Turun 1 Hari Beruntun,TP: 313 | CL: 287,Open = High (Tekanan Jual),Ideal (1:2),Netral / Sideways,Netral / Sepi Berita,Normal / Sedang Transisi,Dekat Support Fibo 38.2%,5,WAIT & SEE,TIDAK ADA,2026-09-01 09:00:03,Biasa / Mengikuti Pasar
09:00,MNCN,Token Mati (Perlu Update),Mid Cap (Lapis 2),Undervalued (Murah),2.2119,0.1189906,200.0,202,198,210,0.0,28596900,Normal,44,Negatif,Downtrend,Death Cross,Strong Bearish,Strong Downtrend (5<20<50),Normal,Distribusi (Turun),Normal,Dominan Beli (Hajar Kanan),Squeeze,Rendah,Doji (Ragu-ragu),Dekat Support (Low Risk),> 1 Miliar,Persis di VWAP,Distribusi Pro (Guyuran),Ritel Aktif (5M - 50M),Normal (50-150%),Mark-Down (Fase Runtuh),Normal,Jarum Bawah (Sinyal Pantulan Kuat),Sideways / Stagnan,TP: 204 | CL: 196,Normal,Sangat Menarik (> 1:3),Netral / Sideways,Netral / Sepi Berita,Normal / Sedang Transisi,Golden Rebound Fibo Bottom / 100% 🎯,1,WAIT & SEE,TIDAK ADA,2026-09-01 09:00:03,Biasa / Mengikuti Pasar
09:00,MPMX,Token Mati (Perlu Update),Mid Cap (Lapis 2),Undervalued (Murah),8.6009655,0.79988146,1015.0,1008,995,1020,-0.49019607843137253,4116100,Tembus MA20,60,Negatif,Uptrend,Bullish,Bearish MACD,Perfect Uptrend (5>20>50),Normal,Akumulasi (Naik),Normal,Seimbang / Adu Mekanik,Squeeze,Rendah,Doji (Ragu-ragu),Dekat Support (Low Risk),> 1 Miliar,Persis di VWAP,Akumulasi Pro (Smart Money),Gorengan Sepi (< 5M),Normal (50-150%),Mark-Up (Fase Pesta),Normal,Normal,Turun 1 Hari Beruntun,TP: 1033 | CL: 1002,Normal,Tidak Ideal (< 1:1),Death Cross (Awal Bearish),Netral / Sepi Berita,Normal / Sedang Transisi,Mendekati Fibo 23.6%,5,WAIT & SEE,TIDAK ADA,2026-09-01 09:00:03,Biasa / Mengikuti Pasar
09:00,MPPA,Transaksi Sepi (Skip Broksum),Mid Cap (Lapis 2),Fair Value (Wajar),0.0,-15.261881,44.0,47,43,52,2.3255813953488373,18371400,Tembus MA20,39,Positif,Downtrend,Bearish,Strong Bearish,Konsolidasi / Transisi,Normal,Distribusi (Turun),Normal,Dominan Beli (Hajar Kanan),Normal,Tinggi,Marubozu (Strong Bullish),Dekat Support (Low Risk),< 1 Miliar,Di Bawah VWAP (Lemah),Distribusi Pro (Guyuran),Gorengan Sepi (< 5M),Anomali Tinggi (150-300%),Distribution (Fase Jualan),Solid (Jarang Dibanting),Normal,Naik 1 Hari Beruntun,TP: 45 | CL: 42,Open = Low (Bullish Kuat),Sangat Menarik (> 1:3),Oversold (Jenuh Jual - Peluang),Netral / Sepi Berita,Normal / Sedang Transisi,Mendekati Fibo 78.6%,3,WAIT & SEE,TIDAK ADA,2026-09-01 09:00:03,Biasa / Mengikuti Pasar
09:00,MRAT,Transaksi Sepi (Skip Broksum),Small Cap (Lapis 3),Overvalued (Mahal),55.570473,0.30655155,414.0,429,404,550,0.0,72600,Normal,36,Negatif,Downtrend,Bearish,Strong Bearish,Strong Downtrend (5<20<50),Normal,Distribusi (Turun),Normal,Seimbang / Adu Mekanik,Normal,Sedang,Doji (Ragu-ragu),Dekat Support (Low Risk),< 1 Miliar,Persis di VWAP,Distribusi Pro (Guyuran),Gorengan Sepi (< 5M),Sepi (< 50%),Mark-Down (Fase Runtuh),Spesialis Tiang Jemuran (Banting Pucuk),Normal,Sideways / Stagnan,TP: 441 | CL: 395,Normal,Sangat Menarik (> 1:3),Oversold (Jenuh Jual - Peluang),Netral / Sepi Berita,Normal / Sedang Transisi,Golden Rebound Fibo Bottom / 100% 🎯,0,WAIT & SEE,TIDAK ADA,2026-09-01 09:00:03,Biasa / Mengikuti Pasar
09:00,MSKY,Transaksi Sepi (Skip Broksum),Small Cap (Lapis 3),Fair Value (Wajar),0.0,0.90116733,64.0,66,58,76,1.5873015873015872,12953100,Normal,49,Positif,Downtrend,Bearish,Bearish MACD,Konsolidasi / Transisi,Normal,Distribusi (Turun),Normal,Dominan Jual (Guyur),Normal,Tinggi,Normal,Rawan Pucuk (High Risk),< 1 Miliar,Persis di VWAP,Distribusi Pro (Guyuran),Gorengan Sepi (< 5M),Normal (50-150%),Distribution (Fase Jualan),Spesialis Tiang Jemuran (Banting Pucuk),Normal,Naik 1 Hari Beruntun,TP: 71 | CL: 59,Open = Low (Bullish Kuat),Ideal (1:2),Golden Cross (Awal Bullish),Netral / Sepi Berita,Normal / Sedang Transisi,Mendekati Fibo 61.8% (Golden Ratio),1,WAIT & SEE,TIDAK ADA,2026-09-01 09:00:03,Biasa / Mengikuti Pasar
09:00,MTDL,Transaksi Sepi (Skip Broksum),Mid Cap (Lapis 2),Undervalued (Murah),7.4242873,1.3206482,505.0,508,500,525,0.0,721600,Normal,47,Negatif,Downtrend,Bearish,Strong Bearish,Strong Downtrend (5<20<50),Normal,Distribusi (Turun),Normal,Dominan Jual (Guyur),Squeeze,Rendah,Normal,Dekat Support (Low Risk),< 1 Miliar,Persis di VWAP,Distribusi Pro (Guyuran),Gorengan Sepi (< 5M),Sepi (< 50%),Mark-Down (Fase Runtuh),Normal,Normal,Sideways / Stagnan,TP: 521 | CL: 493,Open = High (Tekanan Jual),Sangat Menarik (> 1:3),Netral / Sideways,Netral / Sepi Berita,Normal / Sedang Transisi,Dekat Support Fibo 38.2%,0,WAIT & SEE,TIDAK ADA,2026-09-01 09:00:03,Biasa / Mengikuti Pasar
09:00,MTLA,Transaksi Sepi (Skip Broksum),Mid Cap (Lapis 2),Undervalued (Murah),10.559771,0.7065577,515.0,520,500,575,-1.9047619047619049,112900,Tembus MA20,49,Negatif,Downtrend,Bearish,Strong Bearish,Konsolidasi / Transisi,Distribusi Kuat,Distribusi (Turun),Normal,Dominan Jual (Guyur),Normal,Sedang,Normal,Dekat Support (Low Risk),< 1 Miliar,Di Bawah VWAP (Lemah),Distribusi Pro (Guyuran),Gorengan Sepi (< 5M),Ledakan Ekstrem (> 300%),Distribution (Fase Jualan),Normal,Normal,Turun 1 Hari Beruntun,TP: 535 | CL: 501,Normal,Sangat Menarik (> 1:3),Netral / Sideways,Netral / Sepi Berita,Normal / Sedang Transisi,Dekat Support Fibo 61.8% (Golden Ratio),1,WAIT & SEE,TIDAK ADA,2026-09-01 09:00:03,Biasa / Mengikuti Pasar
09:00,MYOH,Transaksi Sepi (Skip Broksum),Mid Cap (Lapis 2),Overvalued (Mahal),9.311373,13719.512,1125.0,1083,1015,1250,0.0,94900,Normal,59,Negatif,Uptrend,Bullish,Strong Bullish,Perfect Uptrend (5>20>50),Normal,Akumulasi (Naik),Normal,Dominan Jual (Guyur),Normal,Tinggi,Normal,Rawan Pucuk (High Risk),< 1 Miliar,Di Bawah VWAP (Lemah),Distribusi Pro (Guyuran),Gorengan Sepi (< 5M),Sepi (< 50%),Mark-Up (Fase Pesta),Spesialis Tiang Jemuran (Banting Pucuk),Normal,Sideways / Stagnan,TP: 1226 | CL: 1057,Normal,Menengah (1:1),Netral / Sideways,Netral / Sepi Berita,Normal / Sedang Transisi,Dekat Support Fibo 50.0%,5,WAIT & SEE,TIDAK ADA,2026-09-01 09:00:03,Biasa / Mengikuti Pasar
09:00,MYOR,Token Mati (Perlu Update),Big Cap (Lapis 1),Fair Value (Wajar),10.10101,1.8794166,1550.0,1655,1530,1730,-2.515723270440252,36463100,Tembus MA20,30,Negatif,Downtrend,Bearish,Strong Bearish,Strong Downtrend (5<20<50),Distribusi Kuat,Distribusi (Turun),Normal,Seimbang / Adu Mekanik,Normal,Sedang,Normal,Dekat Support (Low Risk),> 1 Miliar,Di Bawah VWAP (Lemah),Distribusi Pro (Guyuran),Ritel Aktif (5M - 50M),Anomali Tinggi (150-300%),Mark-Down (Fase Runtuh),Normal,Normal,Turun 2 Hari Beruntun,TP: 1607 | CL: 1511,Normal,Sangat Menarik (> 1:3),Oversold (Jenuh Jual - Peluang),Netral / Sepi Berita,Supply Banjir (Distribusi) 🌊,Mendekati Fibo Bottom / 100%,1,WAIT & SEE,TIDAK ADA,2026-09-01 09:00:03,Biasa / Mengikuti Pasar
09:00,NELY,Token Mati (Perlu Update),Small Cap (Lapis 3),Undervalued (Murah),7.8220305,0.5851705,218.0,201,194,228,9.0,12281100,Tembus MA20,71,Positif,Uptrend,Bullish,Strong Bullish,Awal Reversal (5>20),Akumulasi Kuat,Akumulasi (Naik),Normal,Seimbang / Adu Mekanik,Breakout Upper,Sedang,Normal,Rawan Pucuk (High Risk),> 1 Miliar,Di Atas VWAP (Kuat),Akumulasi Pro (Smart Money),Gorengan Sepi (< 5M),Ledakan Ekstrem (> 300%),Accumulation (Kumpul Barang),Normal,Normal,Naik 1 Hari Beruntun,TP: 227 | CL: 211,Normal,Tidak Ideal (< 1:1),Netral / Sideways,Netral / Sepi Berita,Normal / Sedang Transisi,Dekat Support Fibo 23.6%,8,BELI,TIDAK ADA,2026-09-01 09:00:03,Biasa / Mengikuti Pasar
09:00,NIKL,Transaksi Sepi (Skip Broksum),Small Cap (Lapis 3),Overvalued (Mahal),15.77287,9090.909,200.0,197,186,208,-0.9900990099009901,4207500,Normal,55,Negatif,Uptrend,Bullish,Strong Bullish,Perfect Uptrend (5>20>50),Normal,Distribusi (Turun),Normal,Dominan Jual (Guyur),Normal,Sedang,Normal,Area Tengah,< 1 Miliar,Persis di VWAP,Distribusi Pro (Guyuran),Gorengan Sepi (< 5M),Normal (50-150%),Mark-Up (Fase Pesta),Normal,Normal,Turun 1 Hari Beruntun,TP: 210 | CL: 193,Normal,Tidak Ideal (< 1:1),Netral / Sideways,Netral / Sepi Berita,Normal / Sedang Transisi,Mengambang (Jauh dari Fibo),4,WAIT & SEE,TIDAK ADA,2026-09-01 09:00:03,Biasa / Mengikuti Pasar
09:00,NIRO,Transaksi Sepi (Skip Broksum),Mid Cap (Lapis 2),Fair Value (Wajar),0.0,2.1635542,163.0,159,144,192,1.875,213900,Normal,55,Positif,Uptrend,Bullish,Bearish MACD,Perfect Uptrend (5>20>50),Normal,Akumulasi (Naik),Normal,Seimbang / Adu Mekanik,Normal,Tinggi,Doji (Ragu-ragu),Rawan Pucuk (High Risk),< 1 Miliar,Persis di VWAP,Akumulasi Pro (Smart Money),Gorengan Sepi (< 5M),Normal (50-150%),Mark-Up (Fase Pesta),Normal,Jarum Bawah (Sinyal Pantulan Kuat),Naik 1 Hari Beruntun,TP: 178 | CL: 152,Normal,Ideal (1:2),Netral / Sideways,Netral / Sepi Berita,Normal / Sedang Transisi,Golden Rebound Fibo 50.0% 🎯,5,WAIT & SEE,TIDAK ADA,2026-09-01 09:00:03,Biasa / Mengikuti Pasar
09:00,NISP,Token Mati (Perlu Update),Big Cap (Lapis 1),Undervalued (Murah),5.4495916,0.64120495,1240.0,1263,1235,1310,0.0,9402900,Tembus MA20,44,Negatif,Downtrend,Bearish,Bearish MACD,Konsolidasi / Transisi,Distribusi Kuat,Distribusi (Turun),Normal,Dominan Jual (Guyur),Squeeze,Rendah,Normal,Dekat Support (Low Risk),> 1 Miliar,Persis di VWAP,Distribusi Pro (Guyuran),Ritel Aktif (5M - 50M),Anomali Tinggi (150-300%),Distribution (Fase Jualan),Normal,Normal,Sideways / Stagnan,TP: 1268 | CL: 1220,Normal,Sangat Menarik (> 1:3),Oversold (Jenuh Jual - Peluang),Netral / Sepi Berita,Supply Banjir (Distribusi) 🌊,Golden Rebound Fibo 38.2% 🎯,1,WAIT & SEE,TIDAK ADA,2026-09-01 09:00:03,Biasa / Mengikuti Pasar
09:00,NOBU,Transaksi Sepi (Skip Broksum),Mid Cap (Lapis 2),Undervalued (Murah),6.3415256,0.8365628,498.0,498,448,535,1.2195121951219512,1838500,Normal,56,Positif,Downtrend,Death Cross,Bearish MACD,Konsolidasi / Transisi,Normal,Distribusi (Turun),Normal,Seimbang / Adu Mekanik,Normal,Sedang,Normal,Rawan Pucuk (High Risk),< 1 Miliar,Persis di VWAP,Akumulasi Pro (Smart Money),Gorengan Sepi (< 5M),Normal (50-150%),Distribution (Fase Jualan),Normal,Normal,Naik 1 Hari Beruntun,TP: 521 | CL: 482,Open = Low (Bullish Kuat),Tidak Ideal (< 1:1),Golden Cross (Awal Bullish),Netral / Sepi Berita,Normal / Sedang Transisi,Dekat Support Fibo 38.2%,2,WAIT & SEE,TIDAK ADA,2026-09-01 09:00:03,Biasa / Mengikuti Pasar
09:00,NRCA,Token Mati (Perlu Update),Mid Cap (Lapis 2),Undervalued (Murah),7.855103,1.1106889,605.0,544,476,620,3.418803418803419,21279800,Tembus MA20,68,Positif,Uptrend,Bullish,Strong Bullish,Perfect Uptrend (5>20>50),Akumulasi Kuat,Akumulasi (Naik),Normal,Seimbang / Adu Mekanik,Normal,Tinggi,Normal,Rawan Pucuk (High Risk),> 1 Miliar,Di Atas VWAP (Kuat),Akumulasi Pro (Smart Money),Ritel Aktif (5M - 50M),Anomali Tinggi (150-300%),Mark-Up (Fase Pesta),Normal,Normal,Naik 1 Hari Beruntun,TP: 656 | CL: 570,Normal,Tidak Ideal (< 1:1),Overbought (Jenuh Beli - Rawan),Netral / Sepi Berita,Normal / Sedang Transisi,Mengambang (Jauh dari Fibo),8,BELI,TIDAK ADA,2026-09-01 09:00:03,Biasa / Mengikuti Pasar
09:00,OKAS,Transaksi Sepi (Skip Broksum),Small Cap (Lapis 3),Overvalued (Mahal),0.0,17285.713,121.0,116,99,143,0.0,3519800,Normal,58,Negatif,Uptrend,Bullish,Bearish MACD,Perfect Uptrend (5>20>50),Normal,Distribusi (Turun),Normal,Seimbang / Adu Mekanik,Normal,Tinggi,Normal,Rawan Pucuk (High Risk),< 1 Miliar,Persis di VWAP,Distribusi Pro (Guyuran),Gorengan Sepi (< 5M),Sepi (< 50%),Mark-Up (Fase Pesta),Spesialis Tiang Jemuran (Banting Pucuk),Normal,Sideways / Stagnan,TP: 135 | CL: 111,Normal,Menengah (1:1),Netral / Sideways,Netral / Sepi Berita,Normal / Sedang Transisi,Dekat Support Fibo 38.2%,3,WAIT & SEE,TIDAK ADA,2026-09-01 09:00:03,Biasa / Mengikuti Pasar
09:00,OMRE,Transaksi Sepi (Skip Broksum),Mid Cap (Lapis 2),Fair Value (Wajar),0.0,0.86799735,945.0,985,900,1150,-1.0471204188481675,9000,Normal,42,Negatif,Downtrend,Bearish,Strong Bearish,Strong Downtrend (5<20<50),Normal,Distribusi (Turun),Normal,Dominan Jual (Guyur),Normal,Sedang,Normal,Area Tengah,< 1 Miliar,Persis di VWAP,Akumulasi Pro (Smart Money),Gorengan Sepi (< 5M),Normal (50-150%),Mark-Down (Fase Runtuh),Spesialis Tiang Jemuran (Banting Pucuk),Normal,Turun 2 Hari Beruntun,TP: 1031 | CL: 887,Normal,Sangat Menarik (> 1:3),Netral / Sideways,Netral / Sepi Berita,Normal / Sedang Transisi,Mendekati Fibo 78.6%,0,WAIT & SEE,TIDAK ADA,2026-09-01 09:00:03,Biasa / Mengikuti Pasar
09:00,PADI,Token Mati (Perlu Update),Small Cap (Lapis 3),Overvalued (Mahal),0.0,5.8563976,73.0,71,67,82,1.3888888888888888,294228700,Normal,51,Positif,Uptrend,Bullish,Strong Bullish,Awal Reversal (5>20),Normal,Akumulasi (Naik),Normal,Seimbang / Adu Mekanik,Normal,Sedang,Normal,Area Tengah,> 1 Miliar,Di Bawah VWAP (Lemah),Distribusi Pro (Guyuran),Sultan (> 50M/hari),Sepi (< 50%),Accumulation (Kumpul Barang),Spesialis Tiang Jemuran (Banting Pucuk),Normal,Naik 1 Hari Beruntun,TP: 79 | CL: 68,Normal,Ideal (1:2),Golden Cross (Awal Bullish),Netral / Sepi Berita,Normal / Sedang Transisi,Mendekati Fibo 61.8% (Golden Ratio),6,WAIT & SEE,TIDAK ADA,2026-09-01 09:00:03,Biasa / Mengikuti Pasar
09:00,PALM,Transaksi Sepi (Skip Broksum),Mid Cap (Lapis 2),Undervalued (Murah),8.342729,0.9299461,296.0,290,282,300,1.36986301369863,178500,Normal,53,Positif,Uptrend,Bullish,Bullish MACD,Awal Reversal (5>20),Normal,Distribusi (Turun),Normal,Dominan Beli (Hajar Kanan),Squeeze,Rendah,Normal,Area Tengah,< 1 Miliar,Di Atas VWAP (Kuat),Akumulasi Pro (Smart Money),Gorengan Sepi (< 5M),Normal (50-150%),Accumulation (Kumpul Barang),Solid (Jarang Dibanting),Normal,Naik 2 Hari Beruntun,TP: 304 | CL: 290,Normal,Tidak Ideal (< 1:1),Netral / Sideways,Netral / Sepi Berita,Normal / Sedang Transisi,Mendekati Fibo 50.0%,6,WAIT & SEE,TIDAK ADA,2026-09-01 09:00:03,Biasa / Mengikuti Pasar
09:00,PANR,Transaksi Sepi (Skip Broksum),Small Cap (Lapis 3),Fair Value (Wajar),0.0,0.6460307,430.0,424,412,448,1.8957345971563981,178100,Tembus MA20,56,Positif,Uptrend,Golden Cross,Strong Bullish,Perfect Uptrend (5>20>50),Normal,Distribusi (Turun),Normal,Seimbang / Adu Mekanik,Squeeze,Rendah,Normal,Area Tengah,< 1 Miliar,Di Atas VWAP (Kuat),Distribusi Pro (Guyuran),Gorengan Sepi (< 5M),Anomali Tinggi (150-300%),Mark-Up (Fase Pesta),Spesialis Tiang Jemuran (Banting Pucuk),Normal,Naik 1 Hari Beruntun,TP: 448 | CL: 417,Normal,Menengah (1:1),Netral / Sideways,Netral / Sepi Berita,Normal / Sedang Transisi,Dekat Support Fibo 61.8% (Golden Ratio),6,WAIT & SEE,TIDAK ADA,2026-09-01 09:00:03,Biasa / Mengikuti Pasar
09:00,PANS,Transaksi Sepi (Skip Broksum),Mid Cap (Lapis 2),Undervalued (Murah),6.5574446,0.7971289,1585.0,1552,1515,1590,0.31645569620253167,160400,Normal,61,Positif,Uptrend,Bullish,Strong Bullish,Awal Reversal (5>20),Normal,Akumulasi (Naik),Normal,Dominan Beli (Hajar Kanan),Squeeze,Rendah,Doji (Ragu-ragu),Area Tengah,< 1 Miliar,Persis di VWAP,Akumulasi Pro (Smart Money),Gorengan Sepi (< 5M),Normal (50-150%),Accumulation (Kumpul Barang),Normal,Jarum Bawah (Sinyal Pantulan Kuat),Naik 3 Hari Beruntun,TP: 1616 | CL: 1564,Normal,Tidak Ideal (< 1:1),Overbought (Jenuh Beli - Rawan),Netral / Sepi Berita,Normal / Sedang Transisi,Golden Rebound Fibo 23.6% 🎯,7,BELI,TIDAK ADA,2026-09-01 09:00:03,Biasa / Mengikuti Pasar
09:00,PBRX,Transaksi Sepi (Skip Broksum),Small Cap (Lapis 3),Overvalued (Mahal),0.0,9000.0,27.0,26,26,28,3.8461538461538463,1805000,Normal,54,Positif,Uptrend,Bearish,Bullish MACD,Strong Downtrend (5<20<50),Normal,Akumulasi (Naik),Normal,Dominan Beli (Hajar Kanan),Normal,Sedang,Marubozu (Strong Bullish),Area Tengah,< 1 Miliar,Di Atas VWAP (Kuat),Distribusi Pro (Guyuran),Gorengan Sepi (< 5M),Sepi (< 50%),Accumulation (Kumpul Barang),Normal,Normal,Naik 1 Hari Beruntun,TP: 27 | CL: 26,Open = Low (Bullish Kuat),Menengah (1:1),Netral / Sideways,Netral / Sepi Berita,Normal / Sedang Transisi,Mendekati Fibo 50.0%,6,WAIT & SEE,TIDAK ADA,2026-09-01 09:00:03,Biasa / Mengikuti Pasar
09:00,PDES,Transaksi Sepi (Skip Broksum),Small Cap (Lapis 3),Fair Value (Wajar),0.0,2.5741556,390.0,393,356,590,1.5625,1634300,Tembus MA20,47,Positif,Downtrend,Bearish,Bullish MACD,Strong Downtrend (5<20<50),Distribusi Kuat,Akumulasi (Naik),Gap Up (+4.2%),Seimbang / Adu Mekanik,Normal,Tinggi,Hammer (Potensi Reversal),Area Tengah,< 1 Miliar,Persis di VWAP,Akumulasi Pro (Smart Money),Gorengan Sepi (< 5M),Ledakan Ekstrem (> 300%),Mark-Down (Fase Runtuh),Normal,Jarum Bawah (Sinyal Pantulan Kuat),Naik 1 Hari Beruntun,TP: 434 | CL: 360,Open = High (Tekanan Jual),Sangat Menarik (> 1:3),Golden Cross (Awal Bullish),Netral / Sepi Berita,Supply Banjir (Distribusi) 🌊,Mengambang (Jauh dari Fibo),5,WAIT & SEE,TIDAK ADA,2026-09-01 09:00:03,Biasa / Mengikuti Pasar
09:00,PEGE,Transaksi Sepi (Skip Broksum),Small Cap (Lapis 3),Fair Value (Wajar),0.0,2.3852487,115.0,106,92,122,-1.7094017094017095,8357000,Normal,58,Negatif,Uptrend,Bullish,Strong Bullish,Perfect Uptrend (5>20>50),Normal,Distribusi (Turun),Normal,Dominan Jual (Guyur),Normal,Tinggi,Normal,Rawan Pucuk (High Risk),< 1 Miliar,Persis di VWAP,Akumulasi Pro (Smart Money),Gorengan Sepi (< 5M),Sepi (< 50%),Mark-Up (Fase Pesta),Normal,Normal,Turun 2 Hari Beruntun,TP: 126 | CL: 107,Normal,Tidak Ideal (< 1:1),Death Cross (Awal Bearish),Netral / Sepi Berita,Normal / Sedang Transisi,Mengambang (Jauh dari Fibo),4,WAIT & SEE,TIDAK ADA,2026-09-01 09:00:03,Biasa / Mengikuti Pasar
09:00,PGAS,Token Mati (Perlu Update),Big Cap (Lapis 1),Overvalued (Mahal),8.61341,13076.923,1530.0,1510,1470,1560,1.3245033112582782,37894200,Tembus MA20,55,Positif,Uptrend,Bullish,Strong Bullish,Perfect Uptrend (5>20>50),Normal,Distribusi (Turun),Normal,Dominan Beli (Hajar Kanan),Squeeze,Rendah,Normal,Area Tengah,> 1 Miliar,Persis di VWAP,Akumulasi Pro (Smart Money),Sultan (> 50M/hari),Normal (50-150%),Mark-Up (Fase Pesta),Spesialis Tiang Jemuran (Banting Pucuk),Normal,Naik 1 Hari Beruntun,TP: 1575 | CL: 1500,Normal,Tidak Ideal (< 1:1),Netral / Sideways,Netral / Sepi Berita,Normal / Sedang Transisi,Mendekati Fibo 61.8% (Golden Ratio),7,BELI,TIDAK ADA,2026-09-01 09:00:03,Biasa / Mengikuti Pasar
09:00,PGLI,Transaksi Sepi (Skip Broksum),Small Cap (Lapis 3),Overvalued (Mahal),0.0,7.9627905,214.0,208,190,246,2.8846153846153846,308200,Normal,58,Positif,Uptrend,Bullish,Bearish MACD,Perfect Uptrend (5>20>50),Normal,Akumulasi (Naik),Normal,Dominan Beli (Hajar Kanan),Normal,Sedang,Normal,Rawan Pucuk (High Risk),< 1 Miliar,Di Atas VWAP (Kuat),Distribusi Pro (Guyuran),Gorengan Sepi (< 5M),Normal (50-150%),Mark-Up (Fase Pesta),Spesialis Tiang Jemuran (Banting Pucuk),Jarum Bawah (Sinyal Pantulan Kuat),Naik 2 Hari Beruntun,TP: 242 | CL: 195,Normal,Menengah (1:1),Golden Cross (Awal Bullish),Netral / Sepi Berita,Normal / Sedang Transisi,Golden Rebound Fibo 38.2% 🎯,6,WAIT & SEE,TIDAK ADA,2026-09-01 09:00:03,Biasa / Mengikuti Pasar
09:00,PICO,Token Mati (Perlu Update),Small Cap (Lapis 3),Fair Value (Wajar),0.0,0.48648143,182.0,147,124,248,-5.208333333333334,7420600,Normal,71,Negatif,Uptrend,Bullish,Strong Bullish,Perfect Uptrend (5>20>50),Normal,Akumulasi (Naik),Normal,Dominan Jual (Guyur),Normal,Tinggi,Normal,Rawan Pucuk (High Risk),> 1 Miliar,Di Bawah VWAP (Lemah),Distribusi Pro (Guyuran),Ritel Aktif (5M - 50M),Sepi (< 50%),Mark-Up (Fase Pesta),Normal,Normal,Turun 3 Hari Beruntun,TP: 206 | CL: 165,Normal,Menengah (1:1),Netral / Sideways,Netral / Sepi Berita,Normal / Sedang Transisi,Dekat Support Fibo 50.0%,5,WAIT & SEE,TIDAK ADA,2026-09-01 09:00:03,Biasa / Mengikuti Pasar
09:00,PJAA,Transaksi Sepi (Skip Broksum),Small Cap (Lapis 3),Undervalued (Murah),4.64,0.41243196,464.0,457,444,470,0.8695652173913043,149500,Tembus MA20,59,Positif,Uptrend,Bullish,Strong Bullish,Perfect Uptrend (5>20>50),Normal,Akumulasi (Naik),Normal,Dominan Beli (Hajar Kanan),Squeeze,Rendah,Normal,Area Tengah,< 1 Miliar,Persis di VWAP,Akumulasi Pro (Smart Money),Gorengan Sepi (< 5M),Anomali Tinggi (150-300%),Mark-Up (Fase Pesta),Solid (Jarang Dibanting),Normal,Naik 1 Hari Beruntun,TP: 471 | CL: 458,Normal,Tidak Ideal (< 1:1),Netral / Sideways,Netral / Sepi Berita,Normal / Sedang Transisi,Dekat Support Fibo 38.2%,8,BELI,TIDAK ADA,2026-09-01 09:00:03,Biasa / Mengikuti Pasar
09:00,PKPK,Token Mati (Perlu Update),Mid Cap (Lapis 2),Overvalued (Mahal),46.511627,13.703021,3720.0,3772,3500,4070,1.0869565217391304,733900,Normal,54,Positif,Downtrend,Bearish,Bearish MACD,Konsolidasi / Transisi,Normal,Akumulasi (Naik),Normal,Seimbang / Adu Mekanik,Normal,Sedang,Normal,Area Tengah,> 1 Miliar,Di Atas VWAP (Kuat),Distribusi Pro (Guyuran),Gorengan Sepi (< 5M),Normal (50-150%),Distribution (Fase Jualan),Normal,Normal,Naik 1 Hari Beruntun,TP: 3920 | CL: 3586,Normal,Ideal (1:2),Netral / Sideways,Netral / Sepi Berita,Normal / Sedang Transisi,Dekat Support Fibo 23.6%,3,WAIT & SEE,TIDAK ADA,2026-09-01 09:00:03,Biasa / Mengikuti Pasar
09:00,PNBN,Token Mati (Perlu Update),Big Cap (Lapis 1),Undervalued (Murah),7.837267,0.4017201,890.0,902,885,915,-0.5586592178770949,2078700,Tembus MA20,45,Negatif,Downtrend,Bearish,Bearish MACD,Konsolidasi / Transisi,Normal,Distribusi (Turun),Normal,Dominan Jual (Guyur),Squeeze,Rendah,Normal,Dekat Support (Low Risk),> 1 Miliar,Persis di VWAP,Distribusi Pro (Guyuran),Gorengan Sepi (< 5M),Normal (50-150%),Distribution (Fase Jualan),Normal,Normal,Turun 1 Hari Beruntun,TP: 913 | CL: 874,Open = High (Tekanan Jual),Sangat Menarik (> 1:3),Netral / Sideways,Netral / Sepi Berita,Normal / Sedang Transisi,Dekat Support Fibo 23.6%,1,WAIT & SEE,TIDAK ADA,2026-09-01 09:00:03,Biasa / Mengikuti Pasar
09:00,PNBS,Transaksi Sepi (Skip Broksum),Mid Cap (Lapis 2),Overvalued (Mahal),25.906736,0.6449366,50.0,50,50,51,0.0,114400,Normal,47,Negatif,Downtrend,Bearish,Strong Bearish,Strong Downtrend (5<20<50),Normal,Netral,Normal,Tidak Ada Transaksi,Squeeze,Rendah,Doji (Ragu-ragu),Dekat Support (Low Risk),< 1 Miliar,Persis di VWAP,Distribusi Pro (Guyuran),Gorengan Sepi (< 5M),Sepi (< 50%),Mark-Down (Fase Runtuh),Spesialis Tiang Jemuran (Banting Pucuk),Normal,Sideways / Stagnan,TP: 51 | CL: 49,Normal,Di Area Support,Oversold (Jenuh Jual - Peluang),Netral / Sepi Berita,Supply Kering (Siap Pump) 🏜️,Golden Rebound Fibo Bottom / 100% 🎯,0,WAIT & SEE,TIDAK ADA,2026-09-01 09:00:03,Biasa / Mengikuti Pasar
09:00,PNIN,Transaksi Sepi (Skip Broksum),Mid Cap (Lapis 2),Undervalued (Murah),2.7196496,0.13208558,720.0,717,700,750,-2.0408163265306123,159000,Normal,50,Negatif,Uptrend,Bullish,Strong Bullish,Awal Reversal (5>20),Normal,Akumulasi (Naik),Normal,Dominan Jual (Guyur),Squeeze,Rendah,Normal,Dekat Support (Low Risk),< 1 Miliar,Persis di VWAP,Akumulasi Pro (Smart Money),Gorengan Sepi (< 5M),Sepi (< 50%),Accumulation (Kumpul Barang),Normal,Normal,Turun 1 Hari Beruntun,TP: 748 | CL: 700,Normal,Menengah (1:1),Netral / Sideways,Netral / Sepi Berita,Normal / Sedang Transisi,Dekat Support Fibo 50.0%,4,WAIT & SEE,TIDAK ADA,2026-09-01 09:00:03,Biasa / Mengikuti Pasar
09:00,PNLF,Token Mati (Perlu Update),Mid Cap (Lapis 2),Undervalued (Murah),3.3877797,0.22727618,224.0,230,222,244,-1.7543859649122806,32982800,Tembus MA20,42,Negatif,Downtrend,Bearish,Bearish MACD,Konsolidasi / Transisi,Normal,Distribusi (Turun),Normal,Dominan Jual (Guyur),Bottom Rebound,Sedang,Normal,Dekat Support (Low Risk),> 1 Miliar,Di Bawah VWAP (Lemah),Distribusi Pro (Guyuran),Ritel Aktif (5M - 50M),Normal (50-150%),Distribution (Fase Jualan),Normal,Normal,Turun 1 Hari Beruntun,TP: 233 | CL: 217,Normal,Sangat Menarik (> 1:3),Oversold (Jenuh Jual - Peluang),Netral / Sepi Berita,Normal / Sedang Transisi,Golden Rebound Fibo 38.2% 🎯,1,WAIT & SEE,TIDAK ADA,2026-09-01 09:00:03,Biasa / Mengikuti Pasar
09:00,PSAB,Token Mati (Perlu Update),Big Cap (Lapis 1),Overvalued (Mahal),3.0175476,25869.564,595.0,531,426,665,-3.2520325203252036,80603600,Normal,66,Negatif,Uptrend,Bullish,Strong Bullish,Perfect Uptrend (5>20>50),Normal,Distribusi (Turun),Gap Down (-2.4%),Seimbang / Adu Mekanik,Normal,Tinggi,Normal,Rawan Pucuk (High Risk),> 1 Miliar,Di Bawah VWAP (Lemah),Distribusi Pro (Guyuran),Sultan (> 50M/hari),Normal (50-150%),Mark-Up (Fase Pesta),Normal,Normal,Turun 2 Hari Beruntun,TP: 656 | CL: 554,Normal,Tidak Ideal (< 1:1),Death Cross (Awal Bearish),Netral / Sepi Berita,Normal / Sedang Transisi,Dekat Support Fibo 23.6%,4,WAIT & SEE,TIDAK ADA,2026-09-01 09:00:03,Biasa / Mengikuti Pasar
09:00,PSDN,Transaksi Sepi (Skip Broksum),Small Cap (Lapis 3),Overvalued (Mahal),22.789116,4.1149735,134.0,133,122,149,0.0,2961900,Normal,55,Negatif,Uptrend,Death Cross,Bearish MACD,Konsolidasi / Transisi,Normal,Akumulasi (Naik),Normal,Seimbang / Adu Mekanik,Normal,Sedang,Doji (Ragu-ragu),Area Tengah,< 1 Miliar,Persis di VWAP,Distribusi Pro (Guyuran),Gorengan Sepi (< 5M),Normal (50-150%),Mark-Up (Fase Pesta),Spesialis Tiang Jemuran (Banting Pucuk),Normal,Sideways / Stagnan,TP: 145 | CL: 126,Normal,Menengah (1:1),Netral / Sideways,Netral / Sepi Berita,Supply Kering (Siap Pump) 🏜️,Golden Rebound Fibo 38.2% 🎯,3,WAIT & SEE,TIDAK ADA,2026-09-01 09:00:03,Biasa / Mengikuti Pasar
09:00,PSKT,Token Mati (Perlu Update),Mid Cap (Lapis 2),Overvalued (Mahal),0.0,8.345286,256.0,227,208,268,8.47457627118644,36031400,Tembus MA20,63,Positif,Uptrend,Bullish,Strong Bullish,Perfect Uptrend (5>20>50),Normal,Akumulasi (Naik),Gap Up (+5.1%),Dominan Beli (Hajar Kanan),Breakout Upper,Tinggi,Normal,Rawan Pucuk (High Risk),> 1 Miliar,Di Atas VWAP (Kuat),Distribusi Pro (Guyuran),Ritel Aktif (5M - 50M),Normal (50-150%),Mark-Up (Fase Pesta),Normal,Normal,Naik 1 Hari Beruntun,TP: 283 | CL: 237,Normal,Tidak Ideal (< 1:1),Netral / Sideways,Netral / Sepi Berita,Normal / Sedang Transisi,Mengambang (Jauh dari Fibo),9,BELI,TIDAK ADA,2026-09-01 09:00:03,Biasa / Mengikuti Pasar
09:00,PTBA,Token Mati (Perlu Update),Big Cap (Lapis 1),Undervalued (Murah),8.826065,1.2525619,2560.0,2395,2310,2640,1.185770750988142,30232000,Tembus MA20,70,Positif,Uptrend,Bullish,Strong Bullish,Perfect Uptrend (5>20>50),Normal,Akumulasi (Naik),Normal,Seimbang / Adu Mekanik,Breakout Upper,Sedang,Normal,Rawan Pucuk (High Risk),> 1 Miliar,Di Atas VWAP (Kuat),Distribusi Pro (Guyuran),Sultan (> 50M/hari),Anomali Tinggi (150-300%),Mark-Up (Fase Pesta),Normal,Normal,Naik 3 Hari Beruntun,TP: 2651 | CL: 2499,Normal,Tidak Ideal (< 1:1),Death Cross (Awal Bearish),Netral / Sepi Berita,Normal / Sedang Transisi,Dekat Support Fibo 38.2%,7,BELI,TIDAK ADA,2026-09-01 09:00:03,Biasa / Mengikuti Pasar
09:00,PTIS,Transaksi Sepi (Skip Broksum),Small Cap (Lapis 3),Overvalued (Mahal),0.0,7189.189,266.0,263,248,294,3.10077519379845,112100,Tembus MA20,51,Positif,Uptrend,Bearish,Bullish MACD,Strong Downtrend (5<20<50),Normal,Akumulasi (Naik),Normal,Seimbang / Adu Mekanik,Normal,Sedang,Normal,Area Tengah,< 1 Miliar,Di Atas VWAP (Kuat),Akumulasi Pro (Smart Money),Gorengan Sepi (< 5M),Normal (50-150%),Accumulation (Kumpul Barang),Spesialis Tiang Jemuran (Banting Pucuk),Normal,Naik 1 Hari Beruntun,TP: 284 | CL: 253,Normal,Ideal (1:2),Netral / Sideways,Netral / Sepi Berita,Normal / Sedang Transisi,Mendekati Fibo 78.6%,6,WAIT & SEE,TIDAK ADA,2026-09-01 09:00:03,Biasa / Mengikuti Pasar
09:00,PTPP,Token Mati (Perlu Update),Mid Cap (Lapis 2),Fair Value (Wajar),0.0,0.35868332,197.0,203,195,216,-1.0050251256281406,5667600,Normal,44,Negatif,Downtrend,Death Cross,Bearish MACD,Konsolidasi / Transisi,Normal,Distribusi (Turun),Normal,Dominan Jual (Guyur),Squeeze,Rendah,Normal,Dekat Support (Low Risk),> 1 Miliar,Di Bawah VWAP (Lemah),Distribusi Pro (Guyuran),Gorengan Sepi (< 5M),Normal (50-150%),Distribution (Fase Jualan),Spesialis Tiang Jemuran (Banting Pucuk),Normal,Turun 2 Hari Beruntun,TP: 210 | CL: 188,Normal,Sangat Menarik (> 1:3),Netral / Sideways,Netral / Sepi Berita,Normal / Sedang Transisi,Dekat Support Fibo 61.8% (Golden Ratio),0,WAIT & SEE,TIDAK ADA,2026-09-01 09:00:03,Biasa / Mengikuti Pasar
09:00,PTRO,Token Mati (Perlu Update),Big Cap (Lapis 1),Overvalued (Mahal),97.09202,195192.3,5075.0,5053,4570,5600,1.7034068136272544,24625500,Normal,55,Positif,Uptrend,Death Cross,Bearish MACD,Konsolidasi / Transisi,Normal,Distribusi (Turun),Normal,Seimbang / Adu Mekanik,Normal,Tinggi,Normal,Rawan Pucuk (High Risk),> 1 Miliar,Persis di VWAP,Distribusi Pro (Guyuran),Sultan (> 50M/hari),Normal (50-150%),Mark-Up (Fase Pesta),Normal,Normal,Naik 1 Hari Beruntun,TP: 5466 | CL: 4813,Normal,Menengah (1:1),Golden Cross (Awal Bullish),Netral / Sepi Berita,Normal / Sedang Transisi,Dekat Support Fibo 23.6%,3,WAIT & SEE,TIDAK ADA,2026-09-01 09:00:03,Biasa / Mengikuti Pasar
09:00,PTSN,Transaksi Sepi (Skip Broksum),Mid Cap (Lapis 2),Overvalued (Mahal),7.440925,12333.333,296.0,287,268,340,-0.6711409395973155,178900,Normal,63,Negatif,Uptrend,Bullish,Bearish MACD,Perfect Uptrend (5>20>50),Normal,Distribusi (Turun),Normal,Dominan Beli (Hajar Kanan),Normal,Sedang,Hammer (Potensi Reversal),Rawan Pucuk (High Risk),< 1 Miliar,Persis di VWAP,Distribusi Pro (Guyuran),Gorengan Sepi (< 5M),Sepi (< 50%),Mark-Up (Fase Pesta),Spesialis Tiang Jemuran (Banting Pucuk),Jarum Bawah (Sinyal Pantulan Kuat),Turun 1 Hari Beruntun,TP: 311 | CL: 286,Open = High (Tekanan Jual),Ideal (1:2),Death Cross (Awal Bearish),Netral / Sepi Berita,Supply Kering (Siap Pump) 🏜️,Mendekati Fibo 38.2%,4,WAIT & SEE,TIDAK ADA,2026-09-01 09:00:03,Biasa / Mengikuti Pasar
09:00,PTSP,Transaksi Sepi (Skip Broksum),Small Cap (Lapis 3),Undervalued (Murah),7.0723557,1.0535614,910.0,919,865,1180,2.247191011235955,15700,Normal,50,Positif,Downtrend,Bearish,Strong Bearish,Konsolidasi / Transisi,Normal,Akumulasi (Naik),Normal,Dominan Jual (Guyur),Normal,Sedang,Normal,Area Tengah,< 1 Miliar,Persis di VWAP,Distribusi Pro (Guyuran),Gorengan Sepi (< 5M),Anomali Tinggi (150-300%),Distribution (Fase Jualan),Spesialis Tiang Jemuran (Banting Pucuk),Normal,Naik 1 Hari Beruntun,TP: 1003 | CL: 847,Normal,Sangat Menarik (> 1:3),Oversold (Jenuh Jual - Peluang),Netral / Sepi Berita,Normal / Sedang Transisi,Golden Rebound Fibo 78.6% 🎯,2,WAIT & SEE,TIDAK ADA,2026-09-01 09:00:03,Biasa / Mengikuti Pasar
09:00,PUDP,Transaksi Sepi (Skip Broksum),Small Cap (Lapis 3),Fair Value (Wajar),0.0,0.35704815,272.0,293,264,328,0.0,94300,Normal,32,Negatif,Downtrend,Bearish,Strong Bearish,Strong Downtrend (5<20<50),Normal,Distribusi (Turun),Normal,Seimbang / Adu Mekanik,Normal,Tinggi,Doji (Ragu-ragu),Area Tengah,< 1 Miliar,Di Bawah VWAP (Lemah),Distribusi Pro (Guyuran),Gorengan Sepi (< 5M),Sepi (< 50%),Mark-Down (Fase Runtuh),Spesialis Tiang Jemuran (Banting Pucuk),Jarum Bawah (Sinyal Pantulan Kuat),Sideways / Stagnan,TP: 294 | CL: 256,Normal,Sangat Menarik (> 1:3),Oversold (Jenuh Jual - Peluang),Netral / Sepi Berita,Normal / Sedang Transisi,Mendekati Fibo Bottom / 100%,0,WAIT & SEE,TIDAK ADA,2026-09-01 09:00:03,Biasa / Mengikuti Pasar
09:00,PWON,Token Mati (Perlu Update),Big Cap (Lapis 1),Undervalued (Murah),6.084311,0.5902976,280.0,263,252,280,2.941176470588235,95090800,Tembus MA20,65,Positif,Uptrend,Bullish,Strong Bullish,Perfect Uptrend (5>20>50),Normal,Akumulasi (Naik),Normal,Dominan Beli (Hajar Kanan),Breakout Upper,Sedang,Normal,Rawan Pucuk (High Risk),> 1 Miliar,Di Atas VWAP (Kuat),Akumulasi Pro (Smart Money),Ritel Aktif (5M - 50M),Normal (50-150%),Mark-Up (Fase Pesta),Spesialis Tiang Jemuran (Banting Pucuk),Normal,Naik 3 Hari Beruntun,TP: 292 | CL: 271,Normal,Tidak Ideal (< 1:1),Netral / Sideways,Netral / Sepi Berita,Normal / Sedang Transisi,Mendekati Fibo 23.6%,8,BELI,TIDAK ADA,2026-09-01 09:00:03,Biasa / Mengikuti Pasar
09:00,PYFA,Token Mati (Perlu Update),Mid Cap (Lapis 2),Overvalued (Mahal),0.0,4.204441,256.0,221,202,268,-1.5384615384615385,43476600,Tembus MA20,66,Negatif,Uptrend,Bullish,Strong Bullish,Perfect Uptrend (5>20>50),Distribusi Kuat,Akumulasi (Naik),Normal,Seimbang / Adu Mekanik,Breakout Upper,Tinggi,Normal,Rawan Pucuk (High Risk),> 1 Miliar,Di Atas VWAP (Kuat),Akumulasi Pro (Smart Money),Ritel Aktif (5M - 50M),Normal (50-150%),Mark-Up (Fase Pesta),Normal,Normal,Turun 1 Hari Beruntun,TP: 279 | CL: 240,Normal,Tidak Ideal (< 1:1),Netral / Sideways,Netral / Sepi Berita,Supply Banjir (Distribusi) 🌊,Mendekati Fibo 23.6%,6,WAIT & SEE,TIDAK ADA,2026-09-01 09:00:03,Biasa / Mengikuti Pasar
09:00,RAJA,Token Mati (Perlu Update),Big Cap (Lapis 1),Overvalued (Mahal),24.630543,80000.0,800.0,852,785,925,-1.2345679012345678,70092400,Normal,42,Negatif,Downtrend,Bearish,Strong Bearish,Konsolidasi / Transisi,Normal,Distribusi (Turun),Normal,Seimbang / Adu Mekanik,Normal,Tinggi,Normal,Dekat Support (Low Risk),> 1 Miliar,Di Bawah VWAP (Lemah),Distribusi Pro (Guyuran),Ritel Aktif (5M - 50M),Normal (50-150%),Distribution (Fase Jualan),Normal,Normal,Turun 2 Hari Beruntun,TP: 853 | CL: 764,Normal,Sangat Menarik (> 1:3),Oversold (Jenuh Jual - Peluang),Netral / Sepi Berita,Normal / Sedang Transisi,Mengambang (Jauh dari Fibo),0,WAIT & SEE,TIDAK ADA,2026-09-01 09:00:03,Biasa / Mengikuti Pasar
09:00,RALS,Token Mati (Perlu Update),Mid Cap (Lapis 2),Undervalued (Murah),9.643395,0.6793851,384.0,380,374,386,0.5235602094240838,3200500,Tembus MA20,58,Positif,Uptrend,Bearish,Strong Bullish,Konsolidasi / Transisi,Normal,Akumulasi (Naik),Normal,Seimbang / Adu Mekanik,Squeeze,Rendah,Normal,Dekat Support (Low Risk),> 1 Miliar,Persis di VWAP,Distribusi Pro (Guyuran),Gorengan Sepi (< 5M),Normal (50-150%),Mark-Up (Fase Pesta),Solid (Jarang Dibanting),Normal,Naik 3 Hari Beruntun,TP: 390 | CL: 379,Normal,Tidak Ideal (< 1:1),Netral / Sideways,Netral / Sepi Berita,Normal / Sedang Transisi,Dekat Support Fibo 23.6%,6,WAIT & SEE,TIDAK ADA,2026-09-01 09:00:03,Biasa / Mengikuti Pasar
09:00,RANC,Transaksi Sepi (Skip Broksum),Small Cap (Lapis 3),Overvalued (Mahal),0.0,3.1229396,540.0,520,500,565,3.8461538461538463,54800,Tembus MA20,63,Positif,Uptrend,Bullish,Strong Bullish,Awal Reversal (5>20),Normal,Akumulasi (Naik),Normal,Dominan Jual (Guyur),Squeeze,Rendah,Normal,Area Tengah,< 1 Miliar,Di Atas VWAP (Kuat),Akumulasi Pro (Smart Money),Gorengan Sepi (< 5M),Anomali Tinggi (150-300%),Accumulation (Kumpul Barang),Spesialis Tiang Jemuran (Banting Pucuk),Normal,Naik 1 Hari Beruntun,TP: 571 | CL: 519,Open = Low (Bullish Kuat),Tidak Ideal (< 1:1),Netral / Sideways,Netral / Sepi Berita,Normal / Sedang Transisi,Dekat Support Fibo 50.0%,7,BELI,TIDAK ADA,2026-09-01 09:00:03,Biasa / Mengikuti Pasar
09:00,RBMS,Transaksi Sepi (Skip Broksum),Small Cap (Lapis 3),Fair Value (Wajar),0.0,0.33078486,62.0,64,58,69,0.0,6734400,Normal,47,Negatif,Downtrend,Bearish,Strong Bearish,Konsolidasi / Transisi,Normal,Distribusi (Turun),Normal,Dominan Beli (Hajar Kanan),Normal,Sedang,Normal,Area Tengah,< 1 Miliar,Di Bawah VWAP (Lemah),Distribusi Pro (Guyuran),Gorengan Sepi (< 5M),Sepi (< 50%),Distribution (Fase Jualan),Normal,Normal,Sideways / Stagnan,TP: 67 | CL: 58,Normal,Ideal (1:2),Netral / Sideways,Netral / Sepi Berita,Normal / Sedang Transisi,Mengambang (Jauh dari Fibo),1,WAIT & SEE,TIDAK ADA,2026-09-01 09:00:03,Biasa / Mengikuti Pasar
09:00,RDTX,Transaksi Sepi (Skip Broksum),Mid Cap (Lapis 2),Undervalued (Murah),8.5470085,1.0350361,13300.0,13556,13100,14000,0.18832391713747645,300,Tembus MA20,39,Positif,Downtrend,Death Cross,Strong Bearish,Strong Downtrend (5<20<50),Normal,Distribusi (Turun),Normal,Dominan Beli (Hajar Kanan),Squeeze,Rendah,Marubozu (Strong Bullish),Dekat Support (Low Risk),< 1 Miliar,Di Bawah VWAP (Lemah),Distribusi Pro (Guyuran),Gorengan Sepi (< 5M),Normal (50-150%),Mark-Down (Fase Runtuh),Normal,Normal,Naik 1 Hari Beruntun,TP: 13508 | CL: 13160,Open = Low (Bullish Kuat),Sangat Menarik (> 1:3),Netral / Sideways,Netral / Sepi Berita,Normal / Sedang Transisi,Dekat Support Fibo Bottom / 100%,3,WAIT & SEE,TIDAK ADA,2026-09-01 09:00:03,Biasa / Mengikuti Pasar
09:00,RELI,Transaksi Sepi (Skip Broksum),Small Cap (Lapis 3),Overvalued (Mahal),45.50919,1.7983841,530.0,501,468,605,6.0,23600,Normal,61,Positif,Uptrend,Bullish,Strong Bullish,Perfect Uptrend (5>20>50),Normal,Distribusi (Turun),Gap Up (+4.0%),Dominan Beli (Hajar Kanan),Normal,Tinggi,Normal,Rawan Pucuk (High Risk),< 1 Miliar,Di Atas VWAP (Kuat),Akumulasi Pro (Smart Money),Gorengan Sepi (< 5M),Sepi (< 50%),Mark-Up (Fase Pesta),Spesialis Tiang Jemuran (Banting Pucuk),Normal,Naik 1 Hari Beruntun,TP: 601 | CL: 482,Normal,Menengah (1:1),Golden Cross (Awal Bullish),Netral / Sepi Berita,Normal / Sedang Transisi,Dekat Support Fibo 50.0%,7,BELI,TIDAK ADA,2026-09-01 09:00:03,Biasa / Mengikuti Pasar
09:00,RICY,Transaksi Sepi (Skip Broksum),Small Cap (Lapis 3),Fair Value (Wajar),0.0,0.2343615,80.0,79,72,97,1.2658227848101267,1458500,Normal,55,Positif,Uptrend,Bearish,Bearish MACD,Konsolidasi / Transisi,Normal,Akumulasi (Naik),Normal,Seimbang / Adu Mekanik,Squeeze,Rendah,Normal,Rawan Pucuk (High Risk),< 1 Miliar,Di Bawah VWAP (Lemah),Distribusi Pro (Guyuran),Gorengan Sepi (< 5M),Sepi (< 50%),Mark-Up (Fase Pesta),Spesialis Tiang Jemuran (Banting Pucuk),Normal,Naik 1 Hari Beruntun,TP: 86 | CL: 75,Normal,Ideal (1:2),Golden Cross (Awal Bullish),Netral / Sepi Berita,Normal / Sedang Transisi,Dekat Support Fibo 50.0%,4,WAIT & SEE,TIDAK ADA,2026-09-01 09:00:03,Biasa / Mengikuti Pasar
09:00,RIGS,Transaksi Sepi (Skip Broksum),Small Cap (Lapis 3),Overvalued (Mahal),4.758548,9246.575,675.0,681,660,695,-0.7352941176470588,69900,Tembus MA20,46,Negatif,Downtrend,Death Cross,Strong Bearish,Strong Downtrend (5<20<50),Normal,Distribusi (Turun),Normal,Dominan Jual (Guyur),Squeeze,Rendah,Normal,Dekat Support (Low Risk),< 1 Miliar,Persis di VWAP,Distribusi Pro (Guyuran),Gorengan Sepi (< 5M),Anomali Tinggi (150-300%),Mark-Down (Fase Runtuh),Spesialis Tiang Jemuran (Banting Pucuk),Normal,Turun 1 Hari Beruntun,TP: 694 | CL: 662,Open = High (Tekanan Jual),Menengah (1:1),Netral / Sideways,Netral / Sepi Berita,Normal / Sedang Transisi,Dekat Support Fibo 23.6%,1,WAIT & SEE,TIDAK ADA,2026-09-01 09:00:03,Biasa / Mengikuti Pasar
09:00,RODA,Transaksi Sepi (Skip Broksum),Small Cap (Lapis 3),Fair Value (Wajar),0.0,0.460422,63.0,65,55,77,0.0,7371900,Normal,48,Negatif,Downtrend,Death Cross,Bearish MACD,Konsolidasi / Transisi,Normal,Distribusi (Turun),Normal,Seimbang / Adu Mekanik,Normal,Tinggi,Doji (Ragu-ragu),Rawan Pucuk (High Risk),< 1 Miliar,Di Bawah VWAP (Lemah),Akumulasi Pro (Smart Money),Gorengan Sepi (< 5M),Sepi (< 50%),Distribution (Fase Jualan),Spesialis Tiang Jemuran (Banting Pucuk),Normal,Sideways / Stagnan,TP: 70 | CL: 58,Normal,Ideal (1:2),Oversold (Jenuh Jual - Peluang),Netral / Sepi Berita,Normal / Sedang Transisi,Mendekati Fibo 61.8% (Golden Ratio),0,WAIT & SEE,TIDAK ADA,2026-09-01 09:00:03,Biasa / Mengikuti Pasar
09:00,ROTI,Transaksi Sepi (Skip Broksum),Mid Cap (Lapis 2),Fair Value (Wajar),17.302572,2.061725,585.0,586,580,605,0.0,545900,Tembus MA20,44,Negatif,Downtrend,Bearish,Bullish MACD,Strong Downtrend (5<20<50),Normal,Netral,Normal,Dominan Jual (Guyur),Squeeze,Rendah,Doji (Ragu-ragu),Dekat Support (Low Risk),< 1 Miliar,Persis di VWAP,Distribusi Pro (Guyuran),Gorengan Sepi (< 5M),Normal (50-150%),Mark-Down (Fase Runtuh),Spesialis Tiang Jemuran (Banting Pucuk),Normal,Sideways / Stagnan,TP: 598 | CL: 575,Normal,Sangat Menarik (> 1:3),Netral / Sideways,Netral / Sepi Berita,Normal / Sedang Transisi,Dekat Support Fibo 61.8% (Golden Ratio),2,WAIT & SEE,TIDAK ADA,2026-09-01 09:00:03,Biasa / Mengikuti Pasar
09:00,RUIS,Transaksi Sepi (Skip Broksum),Small Cap (Lapis 3),Undervalued (Murah),11.751152,0.27814478,204.0,204,190,216,0.0,250600,Normal,52,Negatif,Downtrend,Bearish,Bearish MACD,Konsolidasi / Transisi,Normal,Akumulasi (Naik),Normal,Dominan Beli (Hajar Kanan),Normal,Sedang,Normal,Area Tengah,< 1 Miliar,Persis di VWAP,Distribusi Pro (Guyuran),Gorengan Sepi (< 5M),Normal (50-150%),Distribution (Fase Jualan),Normal,Normal,Sideways / Stagnan,TP: 215 | CL: 196,Normal,Tidak Ideal (< 1:1),Golden Cross (Awal Bullish),Netral / Sepi Berita,Normal / Sedang Transisi,Dekat Support Fibo 23.6%,3,WAIT & SEE,TIDAK ADA,2026-09-01 09:00:03,Biasa / Mengikuti Pasar
09:00,SAME,Token Mati (Perlu Update),Mid Cap (Lapis 2),Overvalued (Mahal),250.0,1.4442323,320.0,297,286,322,3.896103896103896,5779700,Tembus MA20,68,Positif,Uptrend,Bullish,Strong Bullish,Awal Reversal (5>20),Akumulasi Kuat,Akumulasi (Naik),Normal,Dominan Beli (Hajar Kanan),Breakout Upper,Sedang,Normal,Rawan Pucuk (High Risk),> 1 Miliar,Di Atas VWAP (Kuat),Akumulasi Pro (Smart Money),Gorengan Sepi (< 5M),Anomali Tinggi (150-300%),Accumulation (Kumpul Barang),Normal,Normal,Naik 5 Hari Beruntun,TP: 335 | CL: 309,Normal,Tidak Ideal (< 1:1),Overbought (Jenuh Beli - Rawan),Netral / Sepi Berita,Normal / Sedang Transisi,Mendekati Fibo 78.6%,9,BELI,TIDAK ADA,2026-09-01 09:00:03,Biasa / Mengikuti Pasar
09:00,SCCO,Transaksi Sepi (Skip Broksum),Mid Cap (Lapis 2),Undervalued (Murah),5.7471266,0.33688673,2350.0,2323,2260,2380,0.4273504273504274,125000,Tembus MA20,58,Positif,Uptrend,Bullish,Strong Bullish,Perfect Uptrend (5>20>50),Akumulasi Kuat,Akumulasi (Naik),Normal,Seimbang / Adu Mekanik,Squeeze,Rendah,Normal,Area Tengah,< 1 Miliar,Persis di VWAP,Distribusi Pro (Guyuran),Gorengan Sepi (< 5M),Ledakan Ekstrem (> 300%),Mark-Up (Fase Pesta),Spesialis Tiang Jemuran (Banting Pucuk),Normal,Naik 1 Hari Beruntun,TP: 2401 | CL: 2315,Normal,Tidak Ideal (< 1:1),Netral / Sideways,Netral / Sepi Berita,Normal / Sedang Transisi,Dekat Support Fibo 38.2%,8,BELI,TIDAK ADA,2026-09-01 09:00:03,Biasa / Mengikuti Pasar
09:00,SCMA,Token Mati (Perlu Update),Big Cap (Lapis 1),Fair Value (Wajar),12.85347,2.0132065,200.0,204,198,224,-0.9900990099009901,27440300,Normal,45,Negatif,Downtrend,Death Cross,Bearish MACD,Strong Downtrend (5<20<50),Normal,Distribusi (Turun),Normal,Dominan Jual (Guyur),Normal,Sedang,Normal,Dekat Support (Low Risk),> 1 Miliar,Di Bawah VWAP (Lemah),Distribusi Pro (Guyuran),Ritel Aktif (5M - 50M),Sepi (< 50%),Mark-Down (Fase Runtuh),Normal,Normal,Turun 2 Hari Beruntun,TP: 213 | CL: 190,Normal,Sangat Menarik (> 1:3),Oversold (Jenuh Jual - Peluang),Netral / Sepi Berita,Normal / Sedang Transisi,Golden Rebound Fibo 50.0% 🎯,0,WAIT & SEE,TIDAK ADA,2026-09-01 09:00:03,Biasa / Mengikuti Pasar
09:00,SDMU,Token Mati (Perlu Update),Small Cap (Lapis 3),Fair Value (Wajar),0.0,2.6660416,91.0,83,77,108,-4.2105263157894735,317087600,Tembus MA20,57,Negatif,Uptrend,Bullish,Strong Bullish,Perfect Uptrend (5>20>50),Distribusi Kuat,Distribusi (Turun),Gap Up (+5.3%),Dominan Jual (Guyur),Normal,Tinggi,Normal,Rawan Pucuk (High Risk),> 1 Miliar,Di Bawah VWAP (Lemah),Distribusi Pro (Guyuran),Ritel Aktif (5M - 50M),Anomali Tinggi (150-300%),Mark-Up (Fase Pesta),Normal,Normal,Turun 1 Hari Beruntun,TP: 102 | CL: 83,Normal,Menengah (1:1),Netral / Sideways,Netral / Sepi Berita,Supply Banjir (Distribusi) 🌊,Mendekati Fibo 38.2%,6,WAIT & SEE,TIDAK ADA,2026-09-01 09:00:03,Biasa / Mengikuti Pasar
09:00,SDPC,Transaksi Sepi (Skip Broksum),Small Cap (Lapis 3),Undervalued (Murah),6.1690316,0.76940536,200.0,187,178,226,0.0,723700,Tembus MA20,71,Negatif,Uptrend,Bullish,Strong Bullish,Perfect Uptrend (5>20>50),Normal,Akumulasi (Naik),Normal,Dominan Jual (Guyur),Breakout Upper,Sedang,Normal,Rawan Pucuk (High Risk),< 1 Miliar,Persis di VWAP,Distribusi Pro (Guyuran),Gorengan Sepi (< 5M),Normal (50-150%),Mark-Up (Fase Pesta),Spesialis Tiang Jemuran (Banting Pucuk),Normal,Sideways / Stagnan,TP: 214 | CL: 190,Normal,Menengah (1:1),Golden Cross (Awal Bullish),Netral / Sepi Berita,Normal / Sedang Transisi,Mendekati Fibo 50.0%,6,WAIT & SEE,TIDAK ADA,2026-09-01 09:00:03,Biasa / Mengikuti Pasar
09:00,SDRA,Transaksi Sepi (Skip Broksum),Mid Cap (Lapis 2),Fair Value (Wajar),0.0,0.29526561,224.0,221,212,240,0.9009009009009009,309500,Normal,61,Positif,Uptrend,Bearish,Bearish MACD,Konsolidasi / Transisi,Normal,Akumulasi (Naik),Normal,Dominan Beli (Hajar Kanan),Squeeze,Rendah,Hammer (Potensi Reversal),Area Tengah,< 1 Miliar,Di Atas VWAP (Kuat),Akumulasi Pro (Smart Money),Gorengan Sepi (< 5M),Sepi (< 50%),Mark-Up (Fase Pesta),Normal,Jarum Bawah (Sinyal Pantulan Kuat),Naik 1 Hari Beruntun,TP: 232 | CL: 218,Normal,Menengah (1:1),Netral / Sideways,Netral / Sepi Berita,Normal / Sedang Transisi,Golden Rebound Fibo 38.2% 🎯,5,WAIT & SEE,TIDAK ADA,2026-09-01 09:00:03,Biasa / Mengikuti Pasar
09:00,SGRO,Transaksi Sepi (Skip Broksum),Mid Cap (Lapis 2),Fair Value (Wajar),17.271156,1.7030159,4800.0,4521,3290,4970,0.628930817610063,137100,Tembus MA20,82,Positif,Uptrend,Bullish,Bearish MACD,Perfect Uptrend (5>20>50),Normal,Akumulasi (Naik),Normal,Seimbang / Adu Mekanik,Normal,Tinggi,Normal,Rawan Pucuk (High Risk),< 1 Miliar,Persis di VWAP,Distribusi Pro (Guyuran),Gorengan Sepi (< 5M),Anomali Tinggi (150-300%),Mark-Up (Fase Pesta),Spesialis Tiang Jemuran (Banting Pucuk),Normal,Naik 1 Hari Beruntun,TP: 5005 | CL: 4662,Normal,Tidak Ideal (< 1:1),Netral / Sideways,Netral / Sepi Berita,Normal / Sedang Transisi,Mengambang (Jauh dari Fibo),6,WAIT & SEE,TIDAK ADA,2026-09-01 09:00:03,Biasa / Mengikuti Pasar
09:00,SHID,Transaksi Sepi (Skip Broksum),Small Cap (Lapis 3),Fair Value (Wajar),0.0,0.87030965,550.0,576,515,625,0.0,4600,Normal,41,Negatif,Downtrend,Bearish,Strong Bearish,Strong Downtrend (5<20<50),Normal,Distribusi (Turun),Normal,Dominan Beli (Hajar Kanan),Normal,Tinggi,Doji (Ragu-ragu),Area Tengah,< 1 Miliar,Persis di VWAP,Distribusi Pro (Guyuran),Gorengan Sepi (< 5M),Sepi (< 50%),Mark-Down (Fase Runtuh),Normal,Jarum Bawah (Sinyal Pantulan Kuat),Sideways / Stagnan,TP: 589 | CL: 523,Normal,Ideal (1:2),Golden Cross (Awal Bullish),Netral / Sepi Berita,Normal / Sedang Transisi,Mengambang (Jauh dari Fibo),1,WAIT & SEE,TIDAK ADA,2026-09-01 09:00:03,Biasa / Mengikuti Pasar
09:00,SIDO,Token Mati (Perlu Update),Big Cap (Lapis 1),Overvalued (Mahal),10.797546,3.4592896,352.0,352,344,366,0.0,22242700,Normal,44,Negatif,Downtrend,Bearish,Bullish MACD,Strong Downtrend (5<20<50),Normal,Distribusi (Turun),Normal,Dominan Beli (Hajar Kanan),Squeeze,Rendah,Doji (Ragu-ragu),Dekat Support (Low Risk),> 1 Miliar,Persis di VWAP,Akumulasi Pro (Smart Money),Ritel Aktif (5M - 50M),Normal (50-150%),Sideways,Normal,Jarum Bawah (Sinyal Pantulan Kuat),Sideways / Stagnan,TP: 360 | CL: 346,Normal,Ideal (1:2),Netral / Sideways,Netral / Sepi Berita,Normal / Sedang Transisi,Golden Rebound Fibo Bottom / 100% 🎯,2,WAIT & SEE,TIDAK ADA,2026-09-01 09:00:03,Biasa / Mengikuti Pasar
09:00,SILO,Transaksi Sepi (Skip Broksum),Big Cap (Lapis 1),Fair Value (Wajar),22.674784,2.7286785,2160.0,2286,2060,2430,0.9345794392523363,86300,Normal,43,Positif,Downtrend,Bearish,Strong Bearish,Konsolidasi / Transisi,Normal,Distribusi (Turun),Normal,Dominan Beli (Hajar Kanan),Bottom Rebound,Sedang,Marubozu (Strong Bullish),Area Tengah,< 1 Miliar,Di Bawah VWAP (Lemah),Distribusi Pro (Guyuran),Gorengan Sepi (< 5M),Sepi (< 50%),Distribution (Fase Jualan),Normal,Normal,Naik 1 Hari Beruntun,TP: 2311 | CL: 2059,Open = Low (Bullish Kuat),Ideal (1:2),Oversold (Jenuh Jual - Peluang),Netral / Sepi Berita,Normal / Sedang Transisi,Mendekati Fibo 78.6%,2,WAIT & SEE,TIDAK ADA,2026-09-01 09:00:03,Biasa / Mengikuti Pasar
09:00,SIMP,Token Mati (Perlu Update),Mid Cap (Lapis 2),Undervalued (Murah),4.4295206,0.45958266,620.0,602,575,630,0.8130081300813009,8374300,Normal,62,Positif,Uptrend,Bullish,Bearish MACD,Perfect Uptrend (5>20>50),Normal,Akumulasi (Naik),Normal,Seimbang / Adu Mekanik,Squeeze,Rendah,Normal,Area Tengah,> 1 Miliar,Di Atas VWAP (Kuat),Distribusi Pro (Guyuran),Gorengan Sepi (< 5M),Normal (50-150%),Mark-Up (Fase Pesta),Normal,Normal,Naik 3 Hari Beruntun,TP: 645 | CL: 603,Normal,Tidak Ideal (< 1:1),Netral / Sideways,Netral / Sepi Berita,Normal / Sedang Transisi,Mendekati Fibo 23.6%,5,WAIT & SEE,TIDAK ADA,2026-09-01 09:00:03,Biasa / Mengikuti Pasar
09:00,SIPD,Transaksi Sepi (Skip Broksum),Mid Cap (Lapis 2),Fair Value (Wajar),0.0,1.4765791,950.0,746,660,995,3.260869565217391,12400,Normal,83,Positif,Uptrend,Bullish,Strong Bullish,Perfect Uptrend (5>20>50),Normal,Akumulasi (Naik),Normal,Seimbang / Adu Mekanik,Breakout Upper,Tinggi,Normal,Rawan Pucuk (High Risk),< 1 Miliar,Di Atas VWAP (Kuat),Akumulasi Pro (Smart Money),Gorengan Sepi (< 5M),Sepi (< 50%),Mark-Up (Fase Pesta),Normal,Normal,Naik 3 Hari Beruntun,TP: 1036 | CL: 892,Open = Low (Bullish Kuat),Tidak Ideal (< 1:1),Overbought (Jenuh Beli - Rawan),Netral / Sepi Berita,Normal / Sedang Transisi,Mendekati Fibo 23.6%,6,WAIT & SEE,TIDAK ADA,2026-09-01 09:00:03,Biasa / Mengikuti Pasar
09:00,SKBM,Transaksi Sepi (Skip Broksum),Small Cap (Lapis 3),Undervalued (Murah),6.9159837,0.9004337,540.0,538,510,570,0.0,204200,Normal,49,Negatif,Uptrend,Golden Cross,Bullish MACD,Awal Reversal (5>20),Normal,Akumulasi (Naik),Normal,Dominan Beli (Hajar Kanan),Squeeze,Rendah,Normal,Area Tengah,< 1 Miliar,Persis di VWAP,Akumulasi Pro (Smart Money),Gorengan Sepi (< 5M),Normal (50-150%),Accumulation (Kumpul Barang),Normal,Normal,Sideways / Stagnan,TP: 565 | CL: 522,Normal,Menengah (1:1),Netral / Sideways,Netral / Sepi Berita,Normal / Sedang Transisi,Mengambang (Jauh dari Fibo),5,WAIT & SEE,TIDAK ADA,2026-09-01 09:00:03,Biasa / Mengikuti Pasar
09:00,SKLT,Transaksi Sepi (Skip Broksum),Mid Cap (Lapis 2),Fair Value (Wajar),11.764706,1.7178789,212.0,206,191,228,0.0,119900,Normal,63,Negatif,Uptrend,Bullish,Strong Bullish,Perfect Uptrend (5>20>50),Normal,Akumulasi (Naik),Gap Up (+2.8%),Seimbang / Adu Mekanik,Normal,Sedang,Normal,Rawan Pucuk (High Risk),< 1 Miliar,Persis di VWAP,Akumulasi Pro (Smart Money),Gorengan Sepi (< 5M),Normal (50-150%),Mark-Up (Fase Pesta),Spesialis Tiang Jemuran (Banting Pucuk),Normal,Sideways / Stagnan,TP: 229 | CL: 200,Normal,Tidak Ideal (< 1:1),Netral / Sideways,Netral / Sepi Berita,Supply Kering (Siap Pump) 🏜️,Golden Rebound Fibo 23.6% 🎯,6,WAIT & SEE,TIDAK ADA,2026-09-01 09:00:03,Biasa / Mengikuti Pasar
09:00,SMAR,Transaksi Sepi (Skip Broksum),Big Cap (Lapis 1),Undervalued (Murah),4.391736,0.74723476,6275.0,5811,5500,6275,1.6194331983805668,107700,Tembus MA20,76,Positif,Uptrend,Bullish,Strong Bullish,Perfect Uptrend (5>20>50),Normal,Akumulasi (Naik),Normal,Dominan Beli (Hajar Kanan),Breakout Upper,Sedang,Marubozu (Strong Bullish),Rawan Pucuk (High Risk),< 1 Miliar,Di Atas VWAP (Kuat),Akumulasi Pro (Smart Money),Gorengan Sepi (< 5M),Normal (50-150%),Mark-Up (Fase Pesta),Normal,Normal,Naik 4 Hari Beruntun,TP: 6548 | CL: 6092,Open = Low (Bullish Kuat),Tidak Ideal (< 1:1),Overbought (Jenuh Beli - Rawan),Netral / Sepi Berita,Normal / Sedang Transisi,Mengambang (Jauh dari Fibo),8,BELI,TIDAK ADA,2026-09-01 09:00:03,Biasa / Mengikuti Pasar
09:00,SMBR,Transaksi Sepi (Skip Broksum),Mid Cap (Lapis 2),Undervalued (Murah),11.642858,0.4720123,163.0,166,157,176,0.0,4104900,Tembus MA20,49,Negatif,Downtrend,Bearish,Bearish MACD,Konsolidasi / Transisi,Normal,Distribusi (Turun),Normal,Dominan Jual (Guyur),Squeeze,Rendah,Normal,Area Tengah,< 1 Miliar,Persis di VWAP,Distribusi Pro (Guyuran),Gorengan Sepi (< 5M),Normal (50-150%),Distribution (Fase Jualan),Spesialis Tiang Jemuran (Banting Pucuk),Normal,Sideways / Stagnan,TP: 170 | CL: 157,Normal,Ideal (1:2),Golden Cross (Awal Bullish),Netral / Sepi Berita,Normal / Sedang Transisi,Mendekati Fibo 38.2%,1,WAIT & SEE,TIDAK ADA,2026-09-01 09:00:03,Biasa / Mengikuti Pasar
09:00,SMDM,Transaksi Sepi (Skip Broksum),Mid Cap (Lapis 2),Overvalued (Mahal),144.73685,1.1232146,550.0,555,530,570,1.8518518518518516,44600,Tembus MA20,48,Positif,Downtrend,Bearish,Strong Bearish,Strong Downtrend (5<20<50),Normal,Akumulasi (Naik),Normal,Seimbang / Adu Mekanik,Squeeze,Rendah,Normal,Area Tengah,< 1 Miliar,Di Atas VWAP (Kuat),Akumulasi Pro (Smart Money),Gorengan Sepi (< 5M),Normal (50-150%),Mark-Down (Fase Runtuh),Normal,Normal,Naik 1 Hari Beruntun,TP: 576 | CL: 532,Normal,Menengah (1:1),Netral / Sideways,Netral / Sepi Berita,Normal / Sedang Transisi,Dekat Support Fibo 50.0%,3,WAIT & SEE,TIDAK ADA,2026-09-01 09:00:03,Biasa / Mengikuti Pasar
09:00,SMDR,Token Mati (Perlu Update),Mid Cap (Lapis 2),Overvalued (Mahal),5.9947543,9696.97,320.0,306,295,322,2.564102564102564,17034000,Tembus MA20,69,Positif,Uptrend,Bullish,Strong Bullish,Perfect Uptrend (5>20>50),Normal,Akumulasi (Naik),Normal,Dominan Beli (Hajar Kanan),Squeeze,Rendah,Normal,Area Tengah,> 1 Miliar,Di Atas VWAP (Kuat),Akumulasi Pro (Smart Money),Gorengan Sepi (< 5M),Anomali Tinggi (150-300%),Mark-Up (Fase Pesta),Normal,Normal,Naik 1 Hari Beruntun,TP: 329 | CL: 313,Open = Low (Bullish Kuat),Tidak Ideal (< 1:1),Overbought (Jenuh Beli - Rawan),Netral / Sepi Berita,Normal / Sedang Transisi,Mendekati Fibo 23.6%,8,BELI,TIDAK ADA,2026-09-01 09:00:03,Biasa / Mengikuti Pasar
09:00,SMGR,Token Mati (Perlu Update),Mid Cap (Lapis 2),Overvalued (Mahal),43.47826,0.22891457,1480.0,1537,1445,1640,-1.3333333333333335,119990500,Tembus MA20,44,Negatif,Downtrend,Bearish,Strong Bearish,Konsolidasi / Transisi,Distribusi Kuat,Distribusi (Turun),Normal,Dominan Jual (Guyur),Normal,Sedang,Normal,Dekat Support (Low Risk),> 1 Miliar,Di Bawah VWAP (Lemah),Distribusi Pro (Guyuran),Sultan (> 50M/hari),Ledakan Ekstrem (> 300%),Distribution (Fase Jualan),Solid (Jarang Dibanting),Normal,Turun 2 Hari Beruntun,TP: 1564 | CL: 1423,Normal,Sangat Menarik (> 1:3),Oversold (Jenuh Jual - Peluang),Netral / Sepi Berita,Supply Banjir (Distribusi) 🌊,Golden Rebound Fibo 78.6% 🎯,1,WAIT & SEE,TIDAK ADA,2026-09-01 09:00:03,Biasa / Mengikuti Pasar
09:00,SMMA,Transaksi Sepi (Skip Broksum),Big Cap (Lapis 1),Overvalued (Mahal),42.016365,4.853195,20075.0,20113,18000,20200,0.0,14600,Normal,41,Negatif,Downtrend,Bearish,Bullish MACD,Strong Downtrend (5<20<50),Normal,Akumulasi (Naik),Normal,Dominan Beli (Hajar Kanan),Squeeze,Rendah,Doji (Ragu-ragu),Rawan Pucuk (High Risk),< 1 Miliar,Di Atas VWAP (Kuat),Akumulasi Pro (Smart Money),Gorengan Sepi (< 5M),Sepi (< 50%),Mark-Down (Fase Runtuh),Solid (Jarang Dibanting),Jarum Bawah (Sinyal Pantulan Kuat),Sideways / Stagnan,TP: 20787 | CL: 19600,Normal,Tidak Ideal (< 1:1),Overbought (Jenuh Beli - Rawan),Netral / Sepi Berita,Normal / Sedang Transisi,Mendekati Fibo 78.6%,3,WAIT & SEE,TIDAK ADA,2026-09-01 09:00:03,Biasa / Mengikuti Pasar
09:00,SMMT,Transaksi Sepi (Skip Broksum),Mid Cap (Lapis 2),Overvalued (Mahal),93.4403,180000.0,1980.0,1907,1805,2200,-0.5025125628140703,72000,Normal,59,Negatif,Uptrend,Bullish,Strong Bullish,Perfect Uptrend (5>20>50),Normal,Distribusi (Turun),Normal,Dominan Beli (Hajar Kanan),Normal,Tinggi,Hammer (Potensi Reversal),Area Tengah,< 1 Miliar,Di Bawah VWAP (Lemah),Akumulasi Pro (Smart Money),Gorengan Sepi (< 5M),Normal (50-150%),Mark-Up (Fase Pesta),Spesialis Tiang Jemuran (Banting Pucuk),Jarum Bawah (Sinyal Pantulan Kuat),Turun 4 Hari Beruntun,TP: 2112 | CL: 1891,Open = High (Tekanan Jual),Menengah (1:1),Netral / Sideways,Netral / Sepi Berita,Normal / Sedang Transisi,Mendekati Fibo 38.2%,5,WAIT & SEE,TIDAK ADA,2026-09-01 09:00:03,Biasa / Mengikuti Pasar
09:00,SMRA,Token Mati (Perlu Update),Mid Cap (Lapis 2),Undervalued (Murah),8.710125,0.43584052,314.0,324,306,348,-0.6329113924050633,7660300,Normal,46,Negatif,Downtrend,Bearish,Bearish MACD,Konsolidasi / Transisi,Normal,Distribusi (Turun),Normal,Dominan Jual (Guyur),Bottom Rebound,Sedang,Normal,Dekat Support (Low Risk),> 1 Miliar,Di Bawah VWAP (Lemah),Distribusi Pro (Guyuran),Gorengan Sepi (< 5M),Sepi (< 50%),Distribution (Fase Jualan),Normal,Normal,Turun 1 Hari Beruntun,TP: 328 | CL: 304,Normal,Sangat Menarik (> 1:3),Netral / Sideways,Netral / Sepi Berita,Normal / Sedang Transisi,Dekat Support Fibo 38.2%,0,WAIT & SEE,TIDAK ADA,2026-09-01 09:00:03,Biasa / Mengikuti Pasar
09:00,SMSM,Token Mati (Perlu Update),Mid Cap (Lapis 2),Fair Value (Wajar),8.620689,2.4636912,1715.0,1728,1700,1788,0.0,3827600,Tembus MA20,51,Negatif,Downtrend,Bearish,Bearish MACD,Konsolidasi / Transisi,Normal,Akumulasi (Naik),Normal,Seimbang / Adu Mekanik,Squeeze,Rendah,Normal,Dekat Support (Low Risk),> 1 Miliar,Persis di VWAP,Distribusi Pro (Guyuran),Ritel Aktif (5M - 50M),Normal (50-150%),Distribution (Fase Jualan),Spesialis Tiang Jemuran (Banting Pucuk),Normal,Sideways / Stagnan,TP: 1740 | CL: 1698,Normal,Sangat Menarik (> 1:3),Golden Cross (Awal Bullish),Netral / Sepi Berita,Normal / Sedang Transisi,Dekat Support Fibo 38.2%,3,WAIT & SEE,TIDAK ADA,2026-09-01 09:00:03,Biasa / Mengikuti Pasar
09:00,SOCI,Token Mati (Perlu Update),Mid Cap (Lapis 2),Overvalued (Mahal),22.318079,10258.621,595.0,512,422,605,9.174311926605505,29898800,Tembus MA20,76,Positif,Uptrend,Bullish,Strong Bullish,Perfect Uptrend (5>20>50),Normal,Akumulasi (Naik),Normal,Dominan Beli (Hajar Kanan),Normal,Tinggi,Normal,Rawan Pucuk (High Risk),> 1 Miliar,Di Atas VWAP (Kuat),Akumulasi Pro (Smart Money),Ritel Aktif (5M - 50M),Anomali Tinggi (150-300%),Mark-Up (Fase Pesta),Normal,Normal,Naik 1 Hari Beruntun,TP: 639 | CL: 565,Normal,Tidak Ideal (< 1:1),Overbought (Jenuh Beli - Rawan),Netral / Sepi Berita,Normal / Sedang Transisi,Mengambang (Jauh dari Fibo),8,BELI,TIDAK ADA,2026-09-01 09:00:03,Biasa / Mengikuti Pasar
09:00,SONA,Transaksi Sepi (Skip Broksum),Mid Cap (Lapis 2),Fair Value (Wajar),17.391306,2.2764742,2520.0,2543,2160,3240,5.0,2600,Normal,51,Positif,Downtrend,Bearish,Bearish MACD,Konsolidasi / Transisi,Normal,Akumulasi (Naik),Normal,Dominan Beli (Hajar Kanan),Normal,Tinggi,Marubozu (Strong Bullish),Rawan Pucuk (High Risk),< 1 Miliar,Di Atas VWAP (Kuat),Akumulasi Pro (Smart Money),Gorengan Sepi (< 5M),Sepi (< 50%),Distribution (Fase Jualan),Normal,Normal,Naik 1 Hari Beruntun,TP: 2863 | CL: 2290,Open = Low (Bullish Kuat),Ideal (1:2),Golden Cross (Awal Bullish),Netral / Sepi Berita,Normal / Sedang Transisi,Mendekati Fibo 61.8% (Golden Ratio),4,WAIT & SEE,TIDAK ADA,2026-09-01 09:00:03,Biasa / Mengikuti Pasar
09:00,SPMA,Transaksi Sepi (Skip Broksum),Small Cap (Lapis 3),Undervalued (Murah),9.87074,0.35446405,168.0,164,160,173,0.5988023952095809,707100,Tembus MA20,58,Positif,Uptrend,Bullish,Strong Bullish,Awal Reversal (5>20),Normal,Akumulasi (Naik),Normal,Seimbang / Adu Mekanik,Squeeze,Rendah,Normal,Area Tengah,< 1 Miliar,Di Atas VWAP (Kuat),Distribusi Pro (Guyuran),Gorengan Sepi (< 5M),Normal (50-150%),Accumulation (Kumpul Barang),Spesialis Tiang Jemuran (Banting Pucuk),Normal,Naik 3 Hari Beruntun,TP: 174 | CL: 163,Normal,Tidak Ideal (< 1:1),Netral / Sideways,Netral / Sepi Berita,Normal / Sedang Transisi,Mendekati Fibo 50.0%,7,BELI,TIDAK ADA,2026-09-01 09:00:03,Biasa / Mengikuti Pasar
09:00,SQMI,Token Mati (Perlu Update),Small Cap (Lapis 3),Overvalued (Mahal),0.0,9.221312,63.0,63,59,74,-5.970149253731343,53056300,Tembus MA20,52,Negatif,Downtrend,Bearish,Bearish MACD,Konsolidasi / Transisi,Normal,Akumulasi (Naik),Normal,Dominan Jual (Guyur),Normal,Sedang,Normal,Area Tengah,> 1 Miliar,Di Bawah VWAP (Lemah),Distribusi Pro (Guyuran),Gorengan Sepi (< 5M),Normal (50-150%),Distribution (Fase Jualan),Spesialis Tiang Jemuran (Banting Pucuk),Normal,Turun 1 Hari Beruntun,TP: 71 | CL: 57,Normal,Ideal (1:2),Netral / Sideways,Netral / Sepi Berita,Normal / Sedang Transisi,Dekat Support Fibo 38.2%,3,WAIT & SEE,TIDAK ADA,2026-09-01 09:00:03,Biasa / Mengikuti Pasar
09:00,SRAJ,Transaksi Sepi (Skip Broksum),Big Cap (Lapis 1),Overvalued (Mahal),0.0,153.93431,13700.0,13575,11200,15700,-4.861111111111112,5700,Tembus MA20,54,Negatif,Uptrend,Bullish,Bearish MACD,Perfect Uptrend (5>20>50),Normal,Distribusi (Turun),Gap Down (-3.3%),Seimbang / Adu Mekanik,Normal,Tinggi,Normal,Rawan Pucuk (High Risk),< 1 Miliar,Di Bawah VWAP (Lemah),Akumulasi Pro (Smart Money),Gorengan Sepi (< 5M),Normal (50-150%),Mark-Up (Fase Pesta),Normal,Normal,Turun 2 Hari Beruntun,TP: 15122 | CL: 12751,Open = High (Tekanan Jual),Tidak Ideal (< 1:1),Netral / Sideways,Netral / Sepi Berita,Normal / Sedang Transisi,Mendekati Fibo 38.2%,4,WAIT & SEE,TIDAK ADA,2026-09-01 09:00:03,Biasa / Mengikuti Pasar
09:00,SRSN,Token Mati (Perlu Update),Small Cap (Lapis 3),Undervalued (Murah),3.575378,0.6671573,97.0,72,67,99,31.08108108108108,673755300,Tembus MA20,83,Positif,Uptrend,Bullish,Strong Bullish,Perfect Uptrend (5>20>50),Akumulasi Kuat,Akumulasi (Naik),Normal,Dominan Beli (Hajar Kanan),Breakout Upper,Tinggi,Marubozu (Strong Bullish),Rawan Pucuk (High Risk),> 1 Miliar,Di Atas VWAP (Kuat),Akumulasi Pro (Smart Money),Ritel Aktif (5M - 50M),Ledakan Ekstrem (> 300%),Mark-Up (Fase Pesta),Normal,Normal,Naik 3 Hari Beruntun,TP: 103 | CL: 92,Open = Low (Bullish Kuat),Tidak Ideal (< 1:1),Netral / Sideways,Netral / Sepi Berita,Normal / Sedang Transisi,Mengambang (Jauh dari Fibo),9,BELI,TIDAK ADA,2026-09-01 09:00:03,⚠️ Anomali (Sudah Terbang)
09:00,SRTG,Token Mati (Perlu Update),Big Cap (Lapis 1),Undervalued (Murah),1.3460758,0.3913655,1855.0,1843,1680,1960,-4.1343669250646,15006800,Tembus MA20,54,Negatif,Uptrend,Bullish,Bearish MACD,Perfect Uptrend (5>20>50),Distribusi Kuat,Distribusi (Turun),Gap Down (-2.3%),Seimbang / Adu Mekanik,Normal,Tinggi,Normal,Rawan Pucuk (High Risk),> 1 Miliar,Di Bawah VWAP (Lemah),Akumulasi Pro (Smart Money),Ritel Aktif (5M - 50M),Anomali Tinggi (150-300%),Mark-Up (Fase Pesta),Solid (Jarang Dibanting),Normal,Turun 2 Hari Beruntun,TP: 1938 | CL: 1799,Normal,Tidak Ideal (< 1:1),Netral / Sideways,Netral / Sepi Berita,Normal / Sedang Transisi,Mendekati Fibo 23.6%,4,WAIT & SEE,TIDAK ADA,2026-09-01 09:00:03,Biasa / Mengikuti Pasar
09:00,SSIA,Token Mati (Perlu Update),Mid Cap (Lapis 2),Overvalued (Mahal),42.731277,1.5783341,1940.0,1734,1615,1980,4.021447721179625,76697600,Tembus MA20,69,Positif,Uptrend,Bullish,Strong Bullish,Perfect Uptrend (5>20>50),Akumulasi Kuat,Akumulasi (Naik),Normal,Seimbang / Adu Mekanik,Breakout Upper,Tinggi,Normal,Rawan Pucuk (High Risk),> 1 Miliar,Di Atas VWAP (Kuat),Akumulasi Pro (Smart Money),Sultan (> 50M/hari),Anomali Tinggi (150-300%),Mark-Up (Fase Pesta),Spesialis Tiang Jemuran (Banting Pucuk),Normal,Naik 3 Hari Beruntun,TP: 2060 | CL: 1860,Open = Low (Bullish Kuat),Tidak Ideal (< 1:1),Overbought (Jenuh Beli - Rawan),Netral / Sepi Berita,Normal / Sedang Transisi,Mendekati Fibo 23.6%,8,BELI,TIDAK ADA,2026-09-01 09:00:03,Biasa / Mengikuti Pasar
09:00,SSMS,Token Mati (Perlu Update),Mid Cap (Lapis 2),Overvalued (Mahal),6.602898,3.378687,925.0,924,850,1005,1.092896174863388,10503200,Normal,54,Positif,Uptrend,Bearish,Bearish MACD,Konsolidasi / Transisi,Normal,Akumulasi (Naik),Normal,Seimbang / Adu Mekanik,Normal,Tinggi,Normal,Area Tengah,> 1 Miliar,Di Atas VWAP (Kuat),Distribusi Pro (Guyuran),Ritel Aktif (5M - 50M),Normal (50-150%),Mark-Up (Fase Pesta),Normal,Normal,Naik 1 Hari Beruntun,TP: 980 | CL: 888,Normal,Menengah (1:1),Netral / Sideways,Netral / Sepi Berita,Normal / Sedang Transisi,Mendekati Fibo 38.2%,4,WAIT & SEE,TIDAK ADA,2026-09-01 09:00:03,Biasa / Mengikuti Pasar
09:00,SSTM,Token Mati (Perlu Update),Small Cap (Lapis 3),Overvalued (Mahal),0.0,3.0254369,520.0,419,364,590,8.333333333333332,5276900,Tembus MA20,76,Positif,Uptrend,Golden Cross,Strong Bullish,Perfect Uptrend (5>20>50),Distribusi Kuat,Akumulasi (Naik),Gap Up (+15.6%),Dominan Jual (Guyur),Breakout Upper,Tinggi,Normal,Rawan Pucuk (High Risk),> 1 Miliar,Di Atas VWAP (Kuat),Distribusi Pro (Guyuran),Gorengan Sepi (< 5M),Ledakan Ekstrem (> 300%),Mark-Up (Fase Pesta),Normal,Normal,Naik 2 Hari Beruntun,TP: 564 | CL: 490,Normal,Tidak Ideal (< 1:1),Netral / Sideways,Netral / Sepi Berita,Supply Banjir (Distribusi) 🌊,Mengambang (Jauh dari Fibo),8,BELI,TIDAK ADA,2026-09-01 09:00:03,Biasa / Mengikuti Pasar
09:00,STAR,Transaksi Sepi (Skip Broksum),Mid Cap (Lapis 2),Overvalued (Mahal),74.03315,3.554031,402.0,370,260,515,-1.4705882352941175,130400,Normal,58,Negatif,Uptrend,Bullish,Bearish MACD,Perfect Uptrend (5>20>50),Normal,Akumulasi (Naik),Normal,Seimbang / Adu Mekanik,Normal,Tinggi,Normal,Rawan Pucuk (High Risk),< 1 Miliar,Di Bawah VWAP (Lemah),Distribusi Pro (Guyuran),Gorengan Sepi (< 5M),Sepi (< 50%),Mark-Up (Fase Pesta),Spesialis Tiang Jemuran (Banting Pucuk),Normal,Turun 2 Hari Beruntun,TP: 479 | CL: 350,Open = High (Tekanan Jual),Tidak Ideal (< 1:1),Death Cross (Awal Bearish),Netral / Sepi Berita,Normal / Sedang Transisi,Mengambang (Jauh dari Fibo),4,WAIT & SEE,TIDAK ADA,2026-09-01 09:00:03,Biasa / Mengikuti Pasar
09:00,STTP,Transaksi Sepi (Skip Broksum),Big Cap (Lapis 1),Fair Value (Wajar),9.950249,1.6353048,9400.0,9588,9400,10150,0.0,3700,Normal,40,Negatif,Downtrend,Bearish,Strong Bearish,Strong Downtrend (5<20<50),Normal,Distribusi (Turun),Normal,Tidak Ada Transaksi,Squeeze,Rendah,Doji (Ragu-ragu),Dekat Support (Low Risk),< 1 Miliar,Persis di VWAP,Distribusi Pro (Guyuran),Gorengan Sepi (< 5M),Normal (50-150%),Mark-Down (Fase Runtuh),Spesialis Tiang Jemuran (Banting Pucuk),Normal,Sideways / Stagnan,TP: 9691 | CL: 9205,Normal,Di Area Support,Oversold (Jenuh Jual - Peluang),Netral / Sepi Berita,Normal / Sedang Transisi,Golden Rebound Fibo Bottom / 100% 🎯,0,WAIT & SEE,TIDAK ADA,2026-09-01 09:00:03,Biasa / Mengikuti Pasar
09:00,SULI,Token Mati (Perlu Update),Small Cap (Lapis 3),Overvalued (Mahal),0.0,47999.996,96.0,92,86,139,6.666666666666667,44270600,Tembus MA20,56,Positif,Uptrend,Bearish,Bearish MACD,Konsolidasi / Transisi,Normal,Distribusi (Turun),Normal,Dominan Beli (Hajar Kanan),Normal,Tinggi,Normal,Rawan Pucuk (High Risk),> 1 Miliar,Di Atas VWAP (Kuat),Distribusi Pro (Guyuran),Gorengan Sepi (< 5M),Anomali Tinggi (150-300%),Mark-Up (Fase Pesta),Spesialis Tiang Jemuran (Banting Pucuk),Normal,Naik 3 Hari Beruntun,TP: 110 | CL: 86,Normal,Sangat Menarik (> 1:3),Oversold (Jenuh Jual - Peluang),Netral / Sepi Berita,Normal / Sedang Transisi,Golden Rebound Fibo 61.8% (Golden Ratio) 🎯,5,WAIT & SEE,TIDAK ADA,2026-09-01 09:00:03,Biasa / Mengikuti Pasar
09:00,TALF,Transaksi Sepi (Skip Broksum),Small Cap (Lapis 3),Overvalued (Mahal),46.022354,0.72362864,700.0,819,570,1205,-1.4084507042253522,153700,Normal,46,Negatif,Downtrend,Bearish,Strong Bearish,Konsolidasi / Transisi,Normal,Akumulasi (Naik),Normal,Seimbang / Adu Mekanik,Normal,Tinggi,Normal,Rawan Pucuk (High Risk),< 1 Miliar,Di Bawah VWAP (Lemah),Distribusi Pro (Guyuran),Gorengan Sepi (< 5M),Sepi (< 50%),Distribution (Fase Jualan),Normal,Normal,Turun 2 Hari Beruntun,TP: 829 | CL: 613,Open = High (Tekanan Jual),Sangat Menarik (> 1:3),Oversold (Jenuh Jual - Peluang),Netral / Sepi Berita,Normal / Sedang Transisi,Mengambang (Jauh dari Fibo),1,WAIT & SEE,TIDAK ADA,2026-09-01 09:00:03,Biasa / Mengikuti Pasar
09:00,TARA,Transaksi Sepi (Skip Broksum),Small Cap (Lapis 3),Fair Value (Wajar),0.0,0.28058633,29.0,29,28,32,0.0,573700,Normal,46,Negatif,Downtrend,Bearish,Strong Bearish,Konsolidasi / Transisi,Normal,Distribusi (Turun),Gap Up (+3.4%),Dominan Jual (Guyur),Normal,Sedang,Normal,Area Tengah,< 1 Miliar,Persis di VWAP,Distribusi Pro (Guyuran),Gorengan Sepi (< 5M),Normal (50-150%),Distribution (Fase Jualan),Normal,Normal,Sideways / Stagnan,TP: 30 | CL: 27,Open = High (Tekanan Jual),Sangat Menarik (> 1:3),Netral / Sideways,Netral / Sepi Berita,Normal / Sedang Transisi,Dekat Support Fibo 61.8% (Golden Ratio),1,WAIT & SEE,TIDAK ADA,2026-09-01 09:00:03,Biasa / Mengikuti Pasar
09:00,TAXI,Transaksi Sepi (Skip Broksum),Small Cap (Lapis 3),Overvalued (Mahal),0.0,3.7593985,14.0,14,13,16,7.6923076923076925,45723000,Tembus MA20,51,Positif,Downtrend,Bearish,Bearish MACD,Konsolidasi / Transisi,Normal,Akumulasi (Naik),Normal,Dominan Beli (Hajar Kanan),Normal,Tinggi,Marubozu (Strong Bullish),Area Tengah,< 1 Miliar,Di Atas VWAP (Kuat),Akumulasi Pro (Smart Money),Gorengan Sepi (< 5M),Normal (50-150%),Distribution (Fase Jualan),Normal,Normal,Naik 1 Hari Beruntun,TP: 15 | CL: 13,Open = Low (Bullish Kuat),Ideal (1:2),Golden Cross (Awal Bullish),Netral / Sepi Berita,Normal / Sedang Transisi,Dekat Support Fibo 50.0%,5,WAIT & SEE,TIDAK ADA,2026-09-01 09:00:03,Biasa / Mengikuti Pasar
09:00,TBIG,Transaksi Sepi (Skip Broksum),Big Cap (Lapis 1),Fair Value (Wajar),23.041836,2.5591755,1465.0,1424,1340,1570,-1.0135135135135136,175900,Normal,56,Negatif,Uptrend,Bullish,Strong Bullish,Perfect Uptrend (5>20>50),Normal,Akumulasi (Naik),Normal,Seimbang / Adu Mekanik,Normal,Sedang,Normal,Area Tengah,< 1 Miliar,Persis di VWAP,Distribusi Pro (Guyuran),Gorengan Sepi (< 5M),Sepi (< 50%),Mark-Up (Fase Pesta),Spesialis Tiang Jemuran (Banting Pucuk),Normal,Turun 2 Hari Beruntun,TP: 1552 | CL: 1406,Normal,Tidak Ideal (< 1:1),Death Cross (Awal Bearish),Netral / Sepi Berita,Normal / Sedang Transisi,Mendekati Fibo 38.2%,5,WAIT & SEE,TIDAK ADA,2026-09-01 09:00:03,Biasa / Mengikuti Pasar
09:00,TBLA,Transaksi Sepi (Skip Broksum),Mid Cap (Lapis 2),Undervalued (Murah),4.251701,0.38810548,625.0,624,600,665,0.8064516129032258,1042100,Normal,50,Positif,Uptrend,Death Cross,Bearish MACD,Strong Downtrend (5<20<50),Normal,Distribusi (Turun),Normal,Seimbang / Adu Mekanik,Squeeze,Rendah,Normal,Area Tengah,< 1 Miliar,Persis di VWAP,Distribusi Pro (Guyuran),Gorengan Sepi (< 5M),Normal (50-150%),Accumulation (Kumpul Barang),Normal,Normal,Naik 1 Hari Beruntun,TP: 641 | CL: 613,Open = Low (Bullish Kuat),Ideal (1:2),Golden Cross (Awal Bullish),Netral / Sepi Berita,Normal / Sedang Transisi,Dekat Support Fibo 23.6%,2,WAIT & SEE,TIDAK ADA,2026-09-01 09:00:03,Biasa / Mengikuti Pasar
09:00,TBMS,Transaksi Sepi (Skip Broksum),Small Cap (Lapis 3),Overvalued (Mahal),64736.844,11714.286,1230.0,1203,1100,1400,0.0,67000,Tembus MA20,54,Negatif,Uptrend,Bullish,Strong Bullish,Awal Reversal (5>20),Normal,Akumulasi (Naik),Normal,Seimbang / Adu Mekanik,Normal,Sedang,Doji (Ragu-ragu),Rawan Pucuk (High Risk),< 1 Miliar,Persis di VWAP,Distribusi Pro (Guyuran),Gorengan Sepi (< 5M),Anomali Tinggi (150-300%),Accumulation (Kumpul Barang),Spesialis Tiang Jemuran (Banting Pucuk),Normal,Sideways / Stagnan,TP: 1305 | CL: 1180,Normal,Menengah (1:1),Death Cross (Awal Bearish),Netral / Sepi Berita,Normal / Sedang Transisi,Dekat Support Fibo 50.0%,6,WAIT & SEE,TIDAK ADA,2026-09-01 09:00:03,Biasa / Mengikuti Pasar
09:00,TCID,Transaksi Sepi (Skip Broksum),Mid Cap (Lapis 2),Fair Value (Wajar),0.0,0.60010815,2700.0,2696,2600,2790,0.37174721189591076,1600,Normal,49,Positif,Uptrend,Bearish,Bullish MACD,Strong Downtrend (5<20<50),Normal,Akumulasi (Naik),Normal,Dominan Beli (Hajar Kanan),Squeeze,Rendah,Doji (Ragu-ragu),Area Tengah,< 1 Miliar,Di Atas VWAP (Kuat),Akumulasi Pro (Smart Money),Gorengan Sepi (< 5M),Sepi (< 50%),Accumulation (Kumpul Barang),Normal,Jarum Bawah (Sinyal Pantulan Kuat),Naik 2 Hari Beruntun,TP: 2787 | CL: 2641,Normal,Tidak Ideal (< 1:1),Netral / Sideways,Netral / Sepi Berita,Normal / Sedang Transisi,Golden Rebound Fibo 78.6% 🎯,5,WAIT & SEE,TIDAK ADA,2026-09-01 09:00:03,Biasa / Mengikuti Pasar
09:00,TFCO,Transaksi Sepi (Skip Broksum),Mid Cap (Lapis 2),Overvalued (Mahal),0.0,13538.462,880.0,832,720,960,0.0,700,Tembus MA20,58,Negatif,Uptrend,Bullish,Strong Bullish,Perfect Uptrend (5>20>50),Normal,Akumulasi (Naik),Normal,Dominan Jual (Guyur),Normal,Tinggi,Doji (Ragu-ragu),Rawan Pucuk (High Risk),< 1 Miliar,Di Bawah VWAP (Lemah),Distribusi Pro (Guyuran),Gorengan Sepi (< 5M),Normal (50-150%),Mark-Up (Fase Pesta),Normal,Normal,Sideways / Stagnan,TP: 949 | CL: 833,Normal,Tidak Ideal (< 1:1),Death Cross (Awal Bearish),Netral / Sepi Berita,Normal / Sedang Transisi,Dekat Support Fibo 23.6%,6,WAIT & SEE,TIDAK ADA,2026-09-01 09:00:03,Biasa / Mengikuti Pasar
09:00,TGKA,Transaksi Sepi (Skip Broksum),Mid Cap (Lapis 2),Fair Value (Wajar),11.111111,1.9302249,5125.0,4986,4770,5275,3.9553752535496955,300,Normal,59,Positif,Uptrend,Bullish,Strong Bullish,Perfect Uptrend (5>20>50),Normal,Akumulasi (Naik),Gap Up (+4.0%),Tidak Ada Transaksi,Squeeze,Rendah,Doji (Ragu-ragu),Area Tengah,< 1 Miliar,Di Atas VWAP (Kuat),Akumulasi Pro (Smart Money),Gorengan Sepi (< 5M),Sepi (< 50%),Mark-Up (Fase Pesta),Spesialis Tiang Jemuran (Banting Pucuk),Normal,Naik 1 Hari Beruntun,TP: 5346 | CL: 4977,Normal,Tidak Ideal (< 1:1),Netral / Sideways,Netral / Sepi Berita,Supply Kering (Siap Pump) 🏜️,Golden Rebound Fibo 23.6% 🎯,7,BELI,TIDAK ADA,2026-09-01 09:00:03,Biasa / Mengikuti Pasar
09:00,TIFA,Transaksi Sepi (Skip Broksum),Mid Cap (Lapis 2),Fair Value (Wajar),16.420193,0.9354374,322.0,337,300,414,-1.8292682926829267,126800,Normal,51,Negatif,Downtrend,Bearish,Bearish MACD,Konsolidasi / Transisi,Normal,Akumulasi (Naik),Gap Up (+3.0%),Seimbang / Adu Mekanik,Normal,Tinggi,Normal,Area Tengah,< 1 Miliar,Di Bawah VWAP (Lemah),Distribusi Pro (Guyuran),Gorengan Sepi (< 5M),Sepi (< 50%),Distribution (Fase Jualan),Normal,Normal,Turun 2 Hari Beruntun,TP: 368 | CL: 290,Open = High (Tekanan Jual),Sangat Menarik (> 1:3),Netral / Sideways,Netral / Sepi Berita,Normal / Sedang Transisi,Mendekati Fibo 50.0%,3,WAIT & SEE,TIDAK ADA,2026-09-01 09:00:03,Biasa / Mengikuti Pasar
09:00,TINS,Token Mati (Perlu Update),Big Cap (Lapis 1),Fair Value (Wajar),8.077577,2.852781,4040.0,3912,3590,4220,0.24813895781637718,24337100,Normal,60,Positif,Uptrend,Bullish,Strong Bullish,Perfect Uptrend (5>20>50),Normal,Akumulasi (Naik),Normal,Seimbang / Adu Mekanik,Normal,Sedang,Normal,Rawan Pucuk (High Risk),> 1 Miliar,Persis di VWAP,Distribusi Pro (Guyuran),Sultan (> 50M/hari),Sepi (< 50%),Mark-Up (Fase Pesta),Normal,Normal,Naik 1 Hari Beruntun,TP: 4277 | CL: 3881,Normal,Tidak Ideal (< 1:1),Death Cross (Awal Bearish),Netral / Sepi Berita,Normal / Sedang Transisi,Mendekati Fibo 23.6%,6,WAIT & SEE,TIDAK ADA,2026-09-01 09:00:03,Biasa / Mengikuti Pasar
09:00,TIRA,Transaksi Sepi (Skip Broksum),Small Cap (Lapis 3),Overvalued (Mahal),108.67238,1.3136438,406.0,436,394,505,-0.49019607843137253,728900,Normal,21,Negatif,Downtrend,Bearish,Bullish MACD,Strong Downtrend (5<20<50),Normal,Akumulasi (Naik),Normal,Seimbang / Adu Mekanik,Normal,Tinggi,Normal,Area Tengah,< 1 Miliar,Persis di VWAP,Akumulasi Pro (Smart Money),Gorengan Sepi (< 5M),Anomali Tinggi (150-300%),Mark-Down (Fase Runtuh),Normal,Normal,Turun 1 Hari Beruntun,TP: 435 | CL: 386,Normal,Sangat Menarik (> 1:3),Golden Cross (Awal Bullish),Netral / Sepi Berita,Normal / Sedang Transisi,Mendekati Fibo Bottom / 100%,2,WAIT & SEE,TIDAK ADA,2026-09-01 09:00:03,Biasa / Mengikuti Pasar
09:00,TKIM,Token Mati (Perlu Update),Big Cap (Lapis 1),Overvalued (Mahal),3.187759,8438.818,8000.0,7543,6225,8250,-0.6211180124223602,2979700,Normal,69,Negatif,Uptrend,Bullish,Bearish MACD,Perfect Uptrend (5>20>50),Normal,Distribusi (Turun),Normal,Dominan Jual (Guyur),Normal,Tinggi,Normal,Rawan Pucuk (High Risk),> 1 Miliar,Persis di VWAP,Distribusi Pro (Guyuran),Ritel Aktif (5M - 50M),Normal (50-150%),Mark-Up (Fase Pesta),Spesialis Tiang Jemuran (Banting Pucuk),Normal,Turun 1 Hari Beruntun,TP: 8439 | CL: 7707,Normal,Tidak Ideal (< 1:1),Netral / Sideways,Netral / Sepi Berita,Normal / Sedang Transisi,Mengambang (Jauh dari Fibo),3,WAIT & SEE,TIDAK ADA,2026-09-01 09:00:03,Biasa / Mengikuti Pasar
09:00,TLKM,Token Mati (Perlu Update),Big Cap (Lapis 1),Fair Value (Wajar),14.577259,1.911301,2600.0,2634,2550,2790,1.1673151750972763,204591800,Tembus MA20,48,Positif,Downtrend,Bearish,Strong Bearish,Konsolidasi / Transisi,Akumulasi Kuat,Akumulasi (Naik),Normal,Dominan Beli (Hajar Kanan),Normal,Sedang,Normal,Dekat Support (Low Risk),> 1 Miliar,Persis di VWAP,Akumulasi Pro (Smart Money),Sultan (> 50M/hari),Anomali Tinggi (150-300%),Distribution (Fase Jualan),Normal,Normal,Naik 1 Hari Beruntun,TP: 2672 | CL: 2551,Normal,Sangat Menarik (> 1:3),Golden Cross (Awal Bullish),Netral / Sepi Berita,Normal / Sedang Transisi,Dekat Support Fibo 38.2%,5,WAIT & SEE,TIDAK ADA,2026-09-01 09:00:03,Biasa / Mengikuti Pasar
09:00,TMAS,Transaksi Sepi (Skip Broksum),Mid Cap (Lapis 2),Fair Value (Wajar),11.666667,2.4576926,140.0,130,120,144,0.0,4131800,Normal,67,Negatif,Uptrend,Bullish,Strong Bullish,Perfect Uptrend (5>20>50),Normal,Akumulasi (Naik),Normal,Dominan Beli (Hajar Kanan),Normal,Tinggi,Doji (Ragu-ragu),Rawan Pucuk (High Risk),< 1 Miliar,Persis di VWAP,Akumulasi Pro (Smart Money),Gorengan Sepi (< 5M),Normal (50-150%),Mark-Up (Fase Pesta),Normal,Jarum Bawah (Sinyal Pantulan Kuat),Sideways / Stagnan,TP: 149 | CL: 133,Normal,Tidak Ideal (< 1:1),Death Cross (Awal Bearish),Netral / Sepi Berita,Normal / Sedang Transisi,Mendekati Fibo 23.6%,6,WAIT & SEE,TIDAK ADA,2026-09-01 09:00:03,Biasa / Mengikuti Pasar
09:00,TMPO,Token Mati (Perlu Update),Small Cap (Lapis 3),Overvalued (Mahal),40.88889,0.8369076,184.0,175,106,252,-14.814814814814813,134654300,Tembus MA20,54,Negatif,Uptrend,Bullish,Strong Bullish,Perfect Uptrend (5>20>50),Normal,Akumulasi (Naik),Gap Down (-14.8%),Dominan Jual (Guyur),Normal,Tinggi,Doji (Ragu-ragu),Rawan Pucuk (High Risk),> 1 Miliar,Di Bawah VWAP (Lemah),Akumulasi Pro (Smart Money),Ritel Aktif (5M - 50M),Normal (50-150%),Mark-Up (Fase Pesta),Spesialis Tiang Jemuran (Banting Pucuk),Normal,Turun 2 Hari Beruntun,TP: 227 | CL: 155,Normal,Tidak Ideal (< 1:1),Netral / Sideways,Netral / Sepi Berita,Normal / Sedang Transisi,Mengambang (Jauh dari Fibo),6,WAIT & SEE,TIDAK ADA,2026-09-01 09:00:03,🔥 ANOMALI BANDAR (Siap Ledakan)
09:00,TOBA,Token Mati (Perlu Update),Mid Cap (Lapis 2),Overvalued (Mahal),0.0,28181.818,620.0,528,450,635,2.479338842975207,23597700,Normal,71,Positif,Uptrend,Bullish,Strong Bullish,Perfect Uptrend (5>20>50),Normal,Akumulasi (Naik),Normal,Dominan Beli (Hajar Kanan),Breakout Upper,Tinggi,Normal,Rawan Pucuk (High Risk),> 1 Miliar,Di Atas VWAP (Kuat),Distribusi Pro (Guyuran),Ritel Aktif (5M - 50M),Normal (50-150%),Mark-Up (Fase Pesta),Normal,Normal,Naik 3 Hari Beruntun,TP: 675 | CL: 582,Open = Low (Bullish Kuat),Tidak Ideal (< 1:1),Overbought (Jenuh Beli - Rawan),Netral / Sepi Berita,Normal / Sedang Transisi,Mengambang (Jauh dari Fibo),7,BELI,TIDAK ADA,2026-09-01 09:00:03,Biasa / Mengikuti Pasar
09:00,TOTL,Token Mati (Perlu Update),Mid Cap (Lapis 2),Overvalued (Mahal),10.040161,4.1691914,1500.0,1377,1125,1570,-1.3157894736842104,1958800,Normal,69,Negatif,Uptrend,Bullish,Strong Bullish,Perfect Uptrend (5>20>50),Normal,Akumulasi (Naik),Normal,Seimbang / Adu Mekanik,Normal,Tinggi,Normal,Rawan Pucuk (High Risk),> 1 Miliar,Persis di VWAP,Akumulasi Pro (Smart Money),Ritel Aktif (5M - 50M),Sepi (< 50%),Mark-Up (Fase Pesta),Normal,Normal,Turun 2 Hari Beruntun,TP: 1604 | CL: 1430,Normal,Tidak Ideal (< 1:1),Death Cross (Awal Bearish),Netral / Sepi Berita,Normal / Sedang Transisi,Mendekati Fibo 23.6%,5,WAIT & SEE,TIDAK ADA,2026-09-01 09:00:03,Biasa / Mengikuti Pasar
09:00,TOTO,Transaksi Sepi (Skip Broksum),Mid Cap (Lapis 2),Undervalued (Murah),9.028309,0.951168,236.0,234,226,246,0.8547008547008548,542700,Normal,52,Positif,Uptrend,Golden Cross,Bullish MACD,Awal Reversal (5>20),Normal,Akumulasi (Naik),Normal,Seimbang / Adu Mekanik,Squeeze,Rendah,Doji (Ragu-ragu),Area Tengah,< 1 Miliar,Persis di VWAP,Distribusi Pro (Guyuran),Gorengan Sepi (< 5M),Normal (50-150%),Accumulation (Kumpul Barang),Normal,Normal,Naik 1 Hari Beruntun,TP: 241 | CL: 232,Normal,Menengah (1:1),Netral / Sideways,Netral / Sepi Berita,Normal / Sedang Transisi,Dekat Support Fibo 38.2%,6,WAIT & SEE,TIDAK ADA,2026-09-01 09:00:03,Biasa / Mengikuti Pasar
09:00,TOWR,Token Mati (Perlu Update),Big Cap (Lapis 1),Undervalued (Murah),6.6754885,0.9191251,454.0,419,384,498,-0.43859649122807015,92398900,Tembus MA20,66,Negatif,Uptrend,Bullish,Strong Bullish,Perfect Uptrend (5>20>50),Normal,Akumulasi (Naik),Normal,Seimbang / Adu Mekanik,Normal,Tinggi,Normal,Rawan Pucuk (High Risk),> 1 Miliar,Di Bawah VWAP (Lemah),Akumulasi Pro (Smart Money),Sultan (> 50M/hari),Normal (50-150%),Mark-Up (Fase Pesta),Spesialis Tiang Jemuran (Banting Pucuk),Jarum Bawah (Sinyal Pantulan Kuat),Turun 3 Hari Beruntun,TP: 483 | CL: 434,Normal,Tidak Ideal (< 1:1),Death Cross (Awal Bearish),Netral / Sepi Berita,Normal / Sedang Transisi,Golden Rebound Fibo 23.6% 🎯,6,WAIT & SEE,TIDAK ADA,2026-09-01 09:00:03,Biasa / Mengikuti Pasar
09:00,TPIA,Token Mati (Perlu Update),Big Cap (Lapis 1),Overvalued (Mahal),137.0007,42500.0,1955.0,2039,1830,2270,-0.5089058524173028,130464400,Normal,46,Negatif,Downtrend,Bearish,Strong Bearish,Konsolidasi / Transisi,Normal,Distribusi (Turun),Normal,Dominan Jual (Guyur),Normal,Tinggi,Normal,Area Tengah,> 1 Miliar,Persis di VWAP,Distribusi Pro (Guyuran),Sultan (> 50M/hari),Sepi (< 50%),Distribution (Fase Jualan),Normal,Normal,Turun 1 Hari Beruntun,TP: 2102 | CL: 1856,Normal,Ideal (1:2),Netral / Sideways,Netral / Sepi Berita,Normal / Sedang Transisi,Dekat Support Fibo 38.2%,0,WAIT & SEE,TIDAK ADA,2026-09-01 09:00:03,Biasa / Mengikuti Pasar
09:00,TPMA,Transaksi Sepi (Skip Broksum),Mid Cap (Lapis 2),Overvalued (Mahal),7.846467,12157.8955,462.0,461,452,470,-0.43103448275862066,741800,Normal,57,Negatif,Uptrend,Bearish,Bearish MACD,Konsolidasi / Transisi,Normal,Distribusi (Turun),Normal,Dominan Jual (Guyur),Squeeze,Rendah,Normal,Dekat Support (Low Risk),< 1 Miliar,Persis di VWAP,Distribusi Pro (Guyuran),Gorengan Sepi (< 5M),Normal (50-150%),Mark-Up (Fase Pesta),Normal,Normal,Turun 1 Hari Beruntun,TP: 471 | CL: 455,Open = High (Tekanan Jual),Tidak Ideal (< 1:1),Death Cross (Awal Bearish),Netral / Sepi Berita,Normal / Sedang Transisi,Mendekati Fibo 23.6%,2,WAIT & SEE,TIDAK ADA,2026-09-01 09:00:03,Biasa / Mengikuti Pasar
09:00,TRIM,Transaksi Sepi (Skip Broksum),Mid Cap (Lapis 2),Fair Value (Wajar),6.2537227,1.914498,630.0,602,550,660,0.0,608500,Tembus MA20,67,Negatif,Uptrend,Bullish,Strong Bullish,Perfect Uptrend (5>20>50),Normal,Akumulasi (Naik),Normal,Dominan Beli (Hajar Kanan),Normal,Sedang,Hammer (Potensi Reversal),Rawan Pucuk (High Risk),< 1 Miliar,Persis di VWAP,Distribusi Pro (Guyuran),Gorengan Sepi (< 5M),Anomali Tinggi (150-300%),Mark-Up (Fase Pesta),Spesialis Tiang Jemuran (Banting Pucuk),Jarum Bawah (Sinyal Pantulan Kuat),Sideways / Stagnan,TP: 672 | CL: 601,Open = High (Tekanan Jual),Tidak Ideal (< 1:1),Netral / Sideways,Netral / Sepi Berita,Normal / Sedang Transisi,Mendekati Fibo 23.6%,7,BELI,TIDAK ADA,2026-09-01 09:00:03,Biasa / Mengikuti Pasar
09:00,TRIS,Transaksi Sepi (Skip Broksum),Small Cap (Lapis 3),Overvalued (Mahal),48.137066,1.0178438,177.0,171,166,188,1.1428571428571428,502800,Normal,62,Positif,Uptrend,Bullish,Strong Bullish,Perfect Uptrend (5>20>50),Normal,Distribusi (Turun),Normal,Seimbang / Adu Mekanik,Squeeze,Rendah,Normal,Area Tengah,< 1 Miliar,Di Atas VWAP (Kuat),Distribusi Pro (Guyuran),Gorengan Sepi (< 5M),Sepi (< 50%),Mark-Up (Fase Pesta),Spesialis Tiang Jemuran (Banting Pucuk),Normal,Naik 3 Hari Beruntun,TP: 184 | CL: 172,Normal,Menengah (1:1),Netral / Sideways,Netral / Sepi Berita,Normal / Sedang Transisi,Dekat Support Fibo 38.2%,5,WAIT & SEE,TIDAK ADA,2026-09-01 09:00:03,Biasa / Mengikuti Pasar
09:00,TRST,Transaksi Sepi (Skip Broksum),Mid Cap (Lapis 2),Undervalued (Murah),11.466865,0.49874502,462.0,459,440,496,-0.8583690987124464,103400,Normal,48,Negatif,Uptrend,Bullish,Bullish MACD,Awal Reversal (5>20),Normal,Akumulasi (Naik),Normal,Dominan Beli (Hajar Kanan),Squeeze,Rendah,Normal,Area Tengah,< 1 Miliar,Persis di VWAP,Akumulasi Pro (Smart Money),Gorengan Sepi (< 5M),Normal (50-150%),Accumulation (Kumpul Barang),Normal,Normal,Turun 3 Hari Beruntun,TP: 486 | CL: 445,Normal,Ideal (1:2),Netral / Sideways,Netral / Sepi Berita,Normal / Sedang Transisi,Dekat Support Fibo 38.2%,5,WAIT & SEE,TIDAK ADA,2026-09-01 09:00:03,Biasa / Mengikuti Pasar
09:00,TRUS,Transaksi Sepi (Skip Broksum),Small Cap (Lapis 3),Fair Value (Wajar),16.347761,0.84306526,440.0,422,382,490,0.0,49300,Normal,56,Negatif,Uptrend,Bullish,Strong Bullish,Perfect Uptrend (5>20>50),Normal,Akumulasi (Naik),Normal,Seimbang / Adu Mekanik,Normal,Tinggi,Doji (Ragu-ragu),Rawan Pucuk (High Risk),< 1 Miliar,Di Bawah VWAP (Lemah),Distribusi Pro (Guyuran),Gorengan Sepi (< 5M),Sepi (< 50%),Mark-Up (Fase Pesta),Spesialis Tiang Jemuran (Banting Pucuk),Normal,Sideways / Stagnan,TP: 477 | CL: 415,Normal,Tidak Ideal (< 1:1),Netral / Sideways,Netral / Sepi Berita,Normal / Sedang Transisi,Dekat Support Fibo 50.0%,5,WAIT & SEE,TIDAK ADA,2026-09-01 09:00:03,Biasa / Mengikuti Pasar
09:00,TSPC,Transaksi Sepi (Skip Broksum),Big Cap (Lapis 1),Undervalued (Murah),8.354168,1.2689832,2740.0,2788,2680,2900,-0.7246376811594203,282800,Normal,51,Negatif,Downtrend,Bearish,Bearish MACD,Konsolidasi / Transisi,Normal,Akumulasi (Naik),Normal,Dominan Jual (Guyur),Squeeze,Rendah,Normal,Dekat Support (Low Risk),< 1 Miliar,Persis di VWAP,Akumulasi Pro (Smart Money),Gorengan Sepi (< 5M),Sepi (< 50%),Distribution (Fase Jualan),Normal,Normal,Turun 1 Hari Beruntun,TP: 2815 | CL: 2690,Normal,Ideal (1:2),Netral / Sideways,Netral / Sepi Berita,Normal / Sedang Transisi,Mendekati Fibo 38.2%,2,WAIT & SEE,TIDAK ADA,2026-09-01 09:00:03,Biasa / Mengikuti Pasar
09:00,ULTJ,Token Mati (Perlu Update),Big Cap (Lapis 1),Fair Value (Wajar),8.585303,1.9480468,1485.0,1496,1455,1530,-0.6688963210702341,2688500,Normal,54,Negatif,Downtrend,Death Cross,Bearish MACD,Konsolidasi / Transisi,Normal,Distribusi (Turun),Normal,Dominan Jual (Guyur),Squeeze,Rendah,Normal,Dekat Support (Low Risk),> 1 Miliar,Persis di VWAP,Distribusi Pro (Guyuran),Gorengan Sepi (< 5M),Normal (50-150%),Distribution (Fase Jualan),Spesialis Tiang Jemuran (Banting Pucuk),Normal,Turun 1 Hari Beruntun,TP: 1520 | CL: 1461,Normal,Ideal (1:2),Netral / Sideways,Netral / Sepi Berita,Normal / Sedang Transisi,Dekat Support Fibo 23.6%,1,WAIT & SEE,TIDAK ADA,2026-09-01 09:00:03,Biasa / Mengikuti Pasar
09:00,UNIC,Transaksi Sepi (Skip Broksum),Mid Cap (Lapis 2),Overvalued (Mahal),5.7636886,18495.686,15000.0,15127,12575,16100,-0.33222591362126247,42900,Tembus MA20,66,Negatif,Downtrend,Death Cross,Bearish MACD,Konsolidasi / Transisi,Normal,Distribusi (Turun),Normal,Dominan Jual (Guyur),Squeeze,Rendah,Normal,Rawan Pucuk (High Risk),< 1 Miliar,Persis di VWAP,Distribusi Pro (Guyuran),Gorengan Sepi (< 5M),Anomali Tinggi (150-300%),Distribution (Fase Jualan),Spesialis Tiang Jemuran (Banting Pucuk),Normal,Turun 1 Hari Beruntun,TP: 15404 | CL: 14730,Normal,Tidak Ideal (< 1:1),Netral / Sideways,Netral / Sepi Berita,Normal / Sedang Transisi,Mendekati Fibo 38.2%,2,WAIT & SEE,TIDAK ADA,2026-09-01 09:00:03,Biasa / Mengikuti Pasar
09:00,UNTR,Token Mati (Perlu Update),Big Cap (Lapis 1),Undervalued (Murah),11.441648,0.9003851,24200.0,23781,23075,24900,0.8333333333333334,11778800,Tembus MA20,52,Positif,Uptrend,Bullish,Bullish MACD,Awal Reversal (5>20),Akumulasi Kuat,Akumulasi (Naik),Normal,Dominan Beli (Hajar Kanan),Squeeze,Rendah,Normal,Area Tengah,> 1 Miliar,Persis di VWAP,Distribusi Pro (Guyuran),Sultan (> 50M/hari),Anomali Tinggi (150-300%),Accumulation (Kumpul Barang),Normal,Normal,Naik 1 Hari Beruntun,TP: 24976 | CL: 23682,Normal,Tidak Ideal (< 1:1),Overbought (Jenuh Beli - Rawan),Netral / Sepi Berita,Normal / Sedang Transisi,Dekat Support Fibo 50.0%,9,BELI,TIDAK ADA,2026-09-01 09:00:03,Biasa / Mengikuti Pasar
09:00,UNVR,Token Mati (Perlu Update),Big Cap (Lapis 1),Overvalued (Mahal),17.920963,22.051064,1755.0,1782,1615,1845,0.0,140113900,Tembus MA20,49,Negatif,Downtrend,Bearish,Bearish MACD,Konsolidasi / Transisi,Distribusi Kuat,Distribusi (Turun),Normal,Dominan Beli (Hajar Kanan),Squeeze,Rendah,Doji (Ragu-ragu),Area Tengah,> 1 Miliar,Di Atas VWAP (Kuat),Akumulasi Pro (Smart Money),Sultan (> 50M/hari),Ledakan Ekstrem (> 300%),Distribution (Fase Jualan),Normal,Jarum Bawah (Sinyal Pantulan Kuat),Sideways / Stagnan,TP: 1828 | CL: 1706,Normal,Tidak Ideal (< 1:1),Netral / Sideways,Netral / Sepi Berita,Supply Banjir (Distribusi) 🌊,Golden Rebound Fibo 23.6% 🎯,2,WAIT & SEE,TIDAK ADA,2026-09-01 09:00:03,Biasa / Mengikuti Pasar
09:00,VICO,Transaksi Sepi (Skip Broksum),Mid Cap (Lapis 2),Fair Value (Wajar),15.48718,0.6206381,151.0,144,137,159,-0.6578947368421052,431200,Tembus MA20,68,Negatif,Uptrend,Bullish,Strong Bullish,Perfect Uptrend (5>20>50),Distribusi Kuat,Akumulasi (Naik),Normal,Seimbang / Adu Mekanik,Normal,Sedang,Doji (Ragu-ragu),Rawan Pucuk (High Risk),< 1 Miliar,Persis di VWAP,Akumulasi Pro (Smart Money),Gorengan Sepi (< 5M),Anomali Tinggi (150-300%),Mark-Up (Fase Pesta),Spesialis Tiang Jemuran (Banting Pucuk),Normal,Turun 2 Hari Beruntun,TP: 162 | CL: 143,Normal,Tidak Ideal (< 1:1),Death Cross (Awal Bearish),Netral / Sepi Berita,Supply Banjir (Distribusi) 🌊,Mendekati Fibo 38.2%,6,WAIT & SEE,TIDAK ADA,2026-09-01 09:00:03,Biasa / Mengikuti Pasar
09:00,VINS,Transaksi Sepi (Skip Broksum),Small Cap (Lapis 3),Fair Value (Wajar),17.992905,0.95835215,142.0,142,135,168,0.0,458500,Normal,52,Negatif,Downtrend,Death Cross,Bearish MACD,Konsolidasi / Transisi,Normal,Distribusi (Turun),Normal,Dominan Beli (Hajar Kanan),Squeeze,Rendah,Normal,Area Tengah,< 1 Miliar,Persis di VWAP,Distribusi Pro (Guyuran),Gorengan Sepi (< 5M),Sepi (< 50%),Distribution (Fase Jualan),Spesialis Tiang Jemuran (Banting Pucuk),Normal,Sideways / Stagnan,TP: 152 | CL: 135,Normal,Sangat Menarik (> 1:3),Oversold (Jenuh Jual - Peluang),Netral / Sepi Berita,Normal / Sedang Transisi,Golden Rebound Fibo 50.0% 🎯,2,WAIT & SEE,TIDAK ADA,2026-09-01 09:00:03,Biasa / Mengikuti Pasar
09:00,VIVA,Token Mati (Perlu Update),Small Cap (Lapis 3),Overvalued (Mahal),0.5925575,8.461669,50.0,52,42,63,4.166666666666666,37921900,Normal,52,Positif,Downtrend,Bearish,Bearish MACD,Konsolidasi / Transisi,Normal,Distribusi (Turun),Gap Up (+4.2%),Tidak Ada Transaksi,Normal,Tinggi,Doji (Ragu-ragu),Rawan Pucuk (High Risk),> 1 Miliar,Persis di VWAP,Distribusi Pro (Guyuran),Gorengan Sepi (< 5M),Normal (50-150%),Distribution (Fase Jualan),Solid (Jarang Dibanting),Normal,Naik 1 Hari Beruntun,TP: 55 | CL: 46,Normal,Ideal (1:2),Oversold (Jenuh Jual - Peluang),Netral / Sepi Berita,Normal / Sedang Transisi,Mendekati Fibo 38.2%,3,WAIT & SEE,TIDAK ADA,2026-09-01 09:00:03,Biasa / Mengikuti Pasar
09:00,VOKS,Transaksi Sepi (Skip Broksum),Small Cap (Lapis 3),Fair Value (Wajar),0.0,1.6968243,232.0,224,196,270,5.454545454545454,730400,Normal,57,Positif,Uptrend,Death Cross,Bearish MACD,Konsolidasi / Transisi,Normal,Akumulasi (Naik),Normal,Seimbang / Adu Mekanik,Normal,Tinggi,Normal,Rawan Pucuk (High Risk),< 1 Miliar,Di Atas VWAP (Kuat),Distribusi Pro (Guyuran),Gorengan Sepi (< 5M),Anomali Tinggi (150-300%),Mark-Up (Fase Pesta),Normal,Normal,Naik 1 Hari Beruntun,TP: 256 | CL: 215,Open = Low (Bullish Kuat),Menengah (1:1),Golden Cross (Awal Bullish),Netral / Sepi Berita,Normal / Sedang Transisi,Mendekati Fibo 50.0%,4,WAIT & SEE,TIDAK ADA,2026-09-01 09:00:03,Biasa / Mengikuti Pasar
09:00,VRNA,Transaksi Sepi (Skip Broksum),Small Cap (Lapis 3),Overvalued (Mahal),108.85341,0.5733112,75.0,75,70,84,0.0,14100,Normal,50,Negatif,Downtrend,Bearish,Bullish MACD,Konsolidasi / Transisi,Normal,Akumulasi (Naik),Normal,Seimbang / Adu Mekanik,Squeeze,Rendah,Normal,Area Tengah,< 1 Miliar,Persis di VWAP,Akumulasi Pro (Smart Money),Gorengan Sepi (< 5M),Sepi (< 50%),Distribution (Fase Jualan),Spesialis Tiang Jemuran (Banting Pucuk),Normal,Sideways / Stagnan,TP: 80 | CL: 71,Open = High (Tekanan Jual),Ideal (1:2),Netral / Sideways,Netral / Sepi Berita,Supply Kering (Siap Pump) 🏜️,Golden Rebound Fibo 61.8% (Golden Ratio) 🎯,2,WAIT & SEE,TIDAK ADA,2026-09-01 09:00:03,Biasa / Mengikuti Pasar
09:00,WAPO,Transaksi Sepi (Skip Broksum),Small Cap (Lapis 3),Overvalued (Mahal),0.0,3.524283,173.0,137,117,175,7.453416149068323,5585000,Normal,87,Positif,Uptrend,Bullish,Strong Bullish,Perfect Uptrend (5>20>50),Normal,Akumulasi (Naik),Normal,Dominan Beli (Hajar Kanan),Breakout Upper,Tinggi,Marubozu (Strong Bullish),Rawan Pucuk (High Risk),< 1 Miliar,Di Atas VWAP (Kuat),Distribusi Pro (Guyuran),Gorengan Sepi (< 5M),Normal (50-150%),Mark-Up (Fase Pesta),Spesialis Tiang Jemuran (Banting Pucuk),Normal,Naik 7 Hari Beruntun,TP: 191 | CL: 160,Open = Low (Bullish Kuat),Tidak Ideal (< 1:1),Netral / Sideways,Netral / Sepi Berita,Normal / Sedang Transisi,Mengambang (Jauh dari Fibo),7,BELI,TIDAK ADA,2026-09-01 09:00:03,Biasa / Mengikuti Pasar
09:00,WEHA,Transaksi Sepi (Skip Broksum),Small Cap (Lapis 3),Undervalued (Murah),7.6815643,0.618624,110.0,108,103,117,0.9174311926605505,5464900,Normal,56,Positif,Uptrend,Bearish,Bearish MACD,Konsolidasi / Transisi,Normal,Akumulasi (Naik),Normal,Seimbang / Adu Mekanik,Squeeze,Rendah,Normal,Area Tengah,< 1 Miliar,Di Atas VWAP (Kuat),Distribusi Pro (Guyuran),Gorengan Sepi (< 5M),Normal (50-150%),Mark-Up (Fase Pesta),Spesialis Tiang Jemuran (Banting Pucuk),Normal,Naik 3 Hari Beruntun,TP: 116 | CL: 105,Normal,Menengah (1:1),Netral / Sideways,Netral / Sepi Berita,Normal / Sedang Transisi,Dekat Support Fibo 78.6%,4,WAIT & SEE,TIDAK ADA,2026-09-01 09:00:03,Biasa / Mengikuti Pasar
09:00,WIIM,Token Mati (Perlu Update),Mid Cap (Lapis 2),Undervalued (Murah),5.984332,1.4600517,1650.0,1737,1630,1855,-0.3021148036253776,1460900,Normal,44,Negatif,Downtrend,Bearish,Bearish MACD,Konsolidasi / Transisi,Normal,Distribusi (Turun),Normal,Seimbang / Adu Mekanik,Bottom Rebound,Sedang,Normal,Dekat Support (Low Risk),> 1 Miliar,Di Bawah VWAP (Lemah),Distribusi Pro (Guyuran),Gorengan Sepi (< 5M),Normal (50-150%),Distribution (Fase Jualan),Normal,Normal,Turun 2 Hari Beruntun,TP: 1732 | CL: 1595,Normal,Sangat Menarik (> 1:3),Oversold (Jenuh Jual - Peluang),Netral / Sepi Berita,Normal / Sedang Transisi,Golden Rebound Fibo 38.2% 🎯,0,WAIT & SEE,TIDAK ADA,2026-09-01 09:00:03,Biasa / Mengikuti Pasar
09:00,WINS,Token Mati (Perlu Update),Mid Cap (Lapis 2),Overvalued (Mahal),6.457673,13750.0,550.0,515,498,550,3.7735849056603774,2602300,Normal,68,Positif,Uptrend,Bullish,Strong Bullish,Awal Reversal (5>20),Normal,Akumulasi (Naik),Normal,Dominan Beli (Hajar Kanan),Breakout Upper,Sedang,Marubozu (Strong Bullish),Rawan Pucuk (High Risk),> 1 Miliar,Di Atas VWAP (Kuat),Akumulasi Pro (Smart Money),Gorengan Sepi (< 5M),Normal (50-150%),Accumulation (Kumpul Barang),Normal,Normal,Naik 2 Hari Beruntun,TP: 571 | CL: 535,Open = Low (Bullish Kuat),Tidak Ideal (< 1:1),Netral / Sideways,Netral / Sepi Berita,Normal / Sedang Transisi,Mendekati Fibo 23.6%,7,BELI,TIDAK ADA,2026-09-01 09:00:03,Biasa / Mengikuti Pasar
09:00,WOMF,Transaksi Sepi (Skip Broksum),Small Cap (Lapis 3),Undervalued (Murah),6.262672,0.4880318,278.0,271,252,306,1.4598540145985401,226300,Normal,59,Positif,Uptrend,Bullish,Strong Bullish,Perfect Uptrend (5>20>50),Normal,Distribusi (Turun),Normal,Dominan Beli (Hajar Kanan),Normal,Sedang,Normal,Rawan Pucuk (High Risk),< 1 Miliar,Persis di VWAP,Akumulasi Pro (Smart Money),Gorengan Sepi (< 5M),Normal (50-150%),Mark-Up (Fase Pesta),Spesialis Tiang Jemuran (Banting Pucuk),Normal,Naik 1 Hari Beruntun,TP: 296 | CL: 265,Normal,Menengah (1:1),Netral / Sideways,Netral / Sepi Berita,Normal / Sedang Transisi,Dekat Support Fibo 38.2%,6,WAIT & SEE,TIDAK ADA,2026-09-01 09:00:03,Biasa / Mengikuti Pasar
09:00,WTON,Transaksi Sepi (Skip Broksum),Small Cap (Lapis 3),Fair Value (Wajar),17.4946,0.19451703,81.0,78,73,95,1.25,2339900,Normal,57,Positif,Uptrend,Bullish,Bearish MACD,Perfect Uptrend (5>20>50),Normal,Distribusi (Turun),Normal,Dominan Beli (Hajar Kanan),Normal,Tinggi,Doji (Ragu-ragu),Rawan Pucuk (High Risk),< 1 Miliar,Di Atas VWAP (Kuat),Akumulasi Pro (Smart Money),Gorengan Sepi (< 5M),Sepi (< 50%),Mark-Up (Fase Pesta),Normal,Jarum Bawah (Sinyal Pantulan Kuat),Naik 1 Hari Beruntun,TP: 87 | CL: 76,Normal,Ideal (1:2),Golden Cross (Awal Bullish),Netral / Sepi Berita,Normal / Sedang Transisi,Mendekati Fibo 50.0%,5,WAIT & SEE,TIDAK ADA,2026-09-01 09:00:03,Biasa / Mengikuti Pasar
09:00,YPAS,Transaksi Sepi (Skip Broksum),Small Cap (Lapis 3),Overvalued (Mahal),38.304253,7.602443,1405.0,1053,580,1765,0.35714285714285715,106200,Normal,78,Positif,Uptrend,Bullish,Strong Bullish,Perfect Uptrend (5>20>50),Normal,Akumulasi (Naik),Gap Up (+7.1%),Seimbang / Adu Mekanik,Normal,Tinggi,Normal,Rawan Pucuk (High Risk),< 1 Miliar,Di Bawah VWAP (Lemah),Distribusi Pro (Guyuran),Gorengan Sepi (< 5M),Sepi (< 50%),Mark-Up (Fase Pesta),Spesialis Tiang Jemuran (Banting Pucuk),Normal,Naik 1 Hari Beruntun,TP: 1704 | CL: 1205,Normal,Tidak Ideal (< 1:1),Death Cross (Awal Bearish),Netral / Sepi Berita,Normal / Sedang Transisi,Mengambang (Jauh dari Fibo),7,BELI,TIDAK ADA,2026-09-01 09:00:03,Biasa / Mengikuti Pasar
09:00,YULE,Transaksi Sepi (Skip Broksum),Mid Cap (Lapis 2),Overvalued (Mahal),79.0308,8.85915,3490.0,3458,3260,3680,1.1594202898550725,136400,Tembus MA20,55,Positif,Uptrend,Bullish,Bearish MACD,Perfect Uptrend (5>20>50),Distribusi Kuat,Akumulasi (Naik),Normal,Dominan Beli (Hajar Kanan),Squeeze,Rendah,Doji (Ragu-ragu),Area Tengah,< 1 Miliar,Persis di VWAP,Akumulasi Pro (Smart Money),Gorengan Sepi (< 5M),Ledakan Ekstrem (> 300%),Mark-Up (Fase Pesta),Normal,Jarum Bawah (Sinyal Pantulan Kuat),Naik 1 Hari Beruntun,TP: 3652 | CL: 3381,Normal,Tidak Ideal (< 1:1),Netral / Sideways,Netral / Sepi Berita,Supply Banjir (Distribusi) 🌊,Golden Rebound Fibo 61.8% (Golden Ratio) 🎯,7,BELI,TIDAK ADA,2026-09-01 09:00:03,Biasa / Mengikuti Pasar
09:00,SHIP,Transaksi Sepi (Skip Broksum),Mid Cap (Lapis 2),Overvalued (Mahal),22.727272,41785.715,2340.0,2220,1855,2500,-5.263157894736842,126400,Normal,59,Negatif,Uptrend,Bullish,Bearish MACD,Perfect Uptrend (5>20>50),Normal,Akumulasi (Naik),Normal,Seimbang / Adu Mekanik,Normal,Tinggi,Normal,Rawan Pucuk (High Risk),< 1 Miliar,Di Atas VWAP (Kuat),Akumulasi Pro (Smart Money),Gorengan Sepi (< 5M),Normal (50-150%),Mark-Up (Fase Pesta),Normal,Normal,Turun 1 Hari Beruntun,TP: 2655 | CL: 2130,Open = High (Tekanan Jual),Tidak Ideal (< 1:1),Death Cross (Awal Bearish),Netral / Sepi Berita,Normal / Sedang Transisi,Mendekati Fibo 23.6%,4,WAIT & SEE,TIDAK ADA,2026-09-01 09:00:03,Biasa / Mengikuti Pasar
09:00,CASA,Transaksi Sepi (Skip Broksum),Big Cap (Lapis 1),Overvalued (Mahal),666.05164,12.007557,1805.0,1820,1795,1970,-0.2762430939226519,1000,Normal,48,Negatif,Downtrend,Bearish,Bearish MACD,Strong Downtrend (5<20<50),Normal,Distribusi (Turun),Normal,Dominan Beli (Hajar Kanan),Squeeze,Rendah,Doji (Ragu-ragu),Dekat Support (Low Risk),< 1 Miliar,Di Bawah VWAP (Lemah),Distribusi Pro (Guyuran),Gorengan Sepi (< 5M),Sepi (< 50%),Mark-Down (Fase Runtuh),Spesialis Tiang Jemuran (Banting Pucuk),Jarum Bawah (Sinyal Pantulan Kuat),Turun 1 Hari Beruntun,TP: 1907 | CL: 1736,Normal,Sangat Menarik (> 1:3),Oversold (Jenuh Jual - Peluang),Netral / Sepi Berita,Supply Kering (Siap Pump) 🏜️,Golden Rebound Fibo 50.0% 🎯,1,WAIT & SEE,TIDAK ADA,2026-09-01 09:00:03,Biasa / Mengikuti Pasar
09:00,DAYA,Transaksi Sepi (Skip Broksum),Mid Cap (Lapis 2),Overvalued (Mahal),27.620918,14.253136,1125.0,1025,925,1315,0.0,10400,Normal,80,Negatif,Uptrend,Bullish,Strong Bullish,Perfect Uptrend (5>20>50),Normal,Akumulasi (Naik),Normal,Dominan Beli (Hajar Kanan),Normal,Tinggi,Doji (Ragu-ragu),Rawan Pucuk (High Risk),< 1 Miliar,Persis di VWAP,Distribusi Pro (Guyuran),Gorengan Sepi (< 5M),Sepi (< 50%),Mark-Up (Fase Pesta),Normal,Jarum Bawah (Sinyal Pantulan Kuat),Sideways / Stagnan,TP: 1245 | CL: 1044,Normal,Tidak Ideal (< 1:1),Death Cross (Awal Bearish),Netral / Sepi Berita,Normal / Sedang Transisi,Golden Rebound Fibo 50.0% 🎯,6,WAIT & SEE,TIDAK ADA,2026-09-01 09:00:03,Biasa / Mengikuti Pasar
09:00,DPUM,Transaksi Sepi (Skip Broksum),Small Cap (Lapis 3),Fair Value (Wajar),0.0,1.1631647,94.0,96,87,106,2.1739130434782608,9781500,Normal,42,Positif,Downtrend,Bearish,Bullish MACD,Strong Downtrend (5<20<50),Normal,Distribusi (Turun),Gap Up (+2.2%),Dominan Beli (Hajar Kanan),Normal,Sedang,Doji (Ragu-ragu),Area Tengah,< 1 Miliar,Di Atas VWAP (Kuat),Akumulasi Pro (Smart Money),Gorengan Sepi (< 5M),Normal (50-150%),Mark-Down (Fase Runtuh),Spesialis Tiang Jemuran (Banting Pucuk),Jarum Bawah (Sinyal Pantulan Kuat),Naik 1 Hari Beruntun,TP: 100 | CL: 89,Normal,Ideal (1:2),Golden Cross (Awal Bullish),Netral / Sepi Berita,Normal / Sedang Transisi,Mengambang (Jauh dari Fibo),4,WAIT & SEE,TIDAK ADA,2026-09-01 09:00:03,Biasa / Mengikuti Pasar
09:00,IDPR,Transaksi Sepi (Skip Broksum),Small Cap (Lapis 3),Fair Value (Wajar),17.299316,0.80004835,278.0,270,254,294,3.731343283582089,194100,Tembus MA20,53,Positif,Uptrend,Bearish,Bullish MACD,Strong Downtrend (5<20<50),Akumulasi Kuat,Akumulasi (Naik),Normal,Seimbang / Adu Mekanik,Normal,Sedang,Normal,Area Tengah,< 1 Miliar,Di Atas VWAP (Kuat),Akumulasi Pro (Smart Money),Gorengan Sepi (< 5M),Ledakan Ekstrem (> 300%),Accumulation (Kumpul Barang),Normal,Normal,Naik 2 Hari Beruntun,TP: 296 | CL: 266,Normal,Tidak Ideal (< 1:1),Netral / Sideways,Netral / Sepi Berita,Normal / Sedang Transisi,Dekat Support Fibo 61.8% (Golden Ratio),7,BELI,TIDAK ADA,2026-09-01 09:00:03,Biasa / Mengikuti Pasar
09:00,JGLE,Token Mati (Perlu Update),Mid Cap (Lapis 2),Fair Value (Wajar),0.0,1.9406008,92.0,85,61,109,15.0,2240496200,Tembus MA20,60,Positif,Uptrend,Bearish,Bearish MACD,Konsolidasi / Transisi,Normal,Akumulasi (Naik),Normal,Dominan Beli (Hajar Kanan),Normal,Tinggi,Marubozu (Strong Bullish),Rawan Pucuk (High Risk),> 1 Miliar,Di Atas VWAP (Kuat),Akumulasi Pro (Smart Money),Sultan (> 50M/hari),Anomali Tinggi (150-300%),Mark-Up (Fase Pesta),Spesialis Tiang Jemuran (Banting Pucuk),Normal,Naik 1 Hari Beruntun,TP: 103 | CL: 84,Normal,Tidak Ideal (< 1:1),Netral / Sideways,Netral / Sepi Berita,Normal / Sedang Transisi,Mengambang (Jauh dari Fibo),6,WAIT & SEE,TIDAK ADA,2026-09-01 09:00:03,⚠️ Anomali (Sudah Terbang)
09:00,KINO,Transaksi Sepi (Skip Broksum),Mid Cap (Lapis 2),Undervalued (Murah),8.291925,1.0202428,1335.0,1316,1200,1415,-1.4760147601476015,23000,Normal,61,Negatif,Uptrend,Bullish,Bearish MACD,Perfect Uptrend (5>20>50),Normal,Distribusi (Turun),Normal,Seimbang / Adu Mekanik,Normal,Sedang,Normal,Rawan Pucuk (High Risk),< 1 Miliar,Persis di VWAP,Distribusi Pro (Guyuran),Gorengan Sepi (< 5M),Sepi (< 50%),Mark-Up (Fase Pesta),Normal,Normal,Turun 2 Hari Beruntun,TP: 1427 | CL: 1273,Open = High (Tekanan Jual),Tidak Ideal (< 1:1),Death Cross (Awal Bearish),Netral / Sepi Berita,Supply Kering (Siap Pump) 🏜️,Golden Rebound Fibo 23.6% 🎯,3,WAIT & SEE,TIDAK ADA,2026-09-01 09:00:03,Biasa / Mengikuti Pasar
09:00,OASA,Token Mati (Perlu Update),Mid Cap (Lapis 2),Overvalued (Mahal),0.0,4.0498104,334.0,326,304,364,3.0864197530864197,118211800,Tembus MA20,56,Positif,Uptrend,Bearish,Bearish MACD,Konsolidasi / Transisi,Akumulasi Kuat,Akumulasi (Naik),Normal,Seimbang / Adu Mekanik,Normal,Tinggi,Normal,Area Tengah,> 1 Miliar,Di Atas VWAP (Kuat),Distribusi Pro (Guyuran),Ritel Aktif (5M - 50M),Ledakan Ekstrem (> 300%),Mark-Up (Fase Pesta),Normal,Normal,Naik 1 Hari Beruntun,TP: 360 | CL: 316,Normal,Menengah (1:1),Netral / Sideways,Netral / Sepi Berita,Normal / Sedang Transisi,Mengambang (Jauh dari Fibo),6,WAIT & SEE,TIDAK ADA,2026-09-01 09:00:03,Biasa / Mengikuti Pasar
09:00,POWR,Token Mati (Perlu Update),Big Cap (Lapis 1),Overvalued (Mahal),12.149891,21111.11,950.0,811,715,965,5.555555555555555,24322400,Tembus MA20,73,Positif,Uptrend,Bullish,Strong Bullish,Perfect Uptrend (5>20>50),Akumulasi Kuat,Akumulasi (Naik),Normal,Dominan Beli (Hajar Kanan),Normal,Tinggi,Normal,Rawan Pucuk (High Risk),> 1 Miliar,Di Atas VWAP (Kuat),Akumulasi Pro (Smart Money),Ritel Aktif (5M - 50M),Anomali Tinggi (150-300%),Mark-Up (Fase Pesta),Normal,Normal,Naik 1 Hari Beruntun,TP: 1022 | CL: 901,Normal,Tidak Ideal (< 1:1),Overbought (Jenuh Beli - Rawan),Netral / Sepi Berita,Normal / Sedang Transisi,Mengambang (Jauh dari Fibo),9,BELI,TIDAK ADA,2026-09-01 09:00:03,Biasa / Mengikuti Pasar
09:00,PBSA,Transaksi Sepi (Skip Broksum),Mid Cap (Lapis 2),Overvalued (Mahal),10.131894,3.3295636,845.0,803,715,925,1.1976047904191618,740400,Normal,57,Positif,Uptrend,Bullish,Strong Bullish,Perfect Uptrend (5>20>50),Normal,Distribusi (Turun),Gap Up (+2.4%),Seimbang / Adu Mekanik,Normal,Tinggi,Normal,Rawan Pucuk (High Risk),< 1 Miliar,Di Atas VWAP (Kuat),Distribusi Pro (Guyuran),Gorengan Sepi (< 5M),Normal (50-150%),Mark-Up (Fase Pesta),Spesialis Tiang Jemuran (Banting Pucuk),Normal,Naik 3 Hari Beruntun,TP: 933 | CL: 785,Normal,Tidak Ideal (< 1:1),Netral / Sideways,Netral / Sepi Berita,Normal / Sedang Transisi,Dekat Support Fibo 23.6%,6,WAIT & SEE,TIDAK ADA,2026-09-01 09:00:03,Biasa / Mengikuti Pasar
09:00,PRDA,Token Mati (Perlu Update),Mid Cap (Lapis 2),Undervalued (Murah),10.989011,0.99645346,2620.0,2442,2300,2630,0.7692307692307693,775400,Normal,69,Positif,Uptrend,Bullish,Strong Bullish,Awal Reversal (5>20),Normal,Akumulasi (Naik),Normal,Dominan Beli (Hajar Kanan),Normal,Sedang,Normal,Rawan Pucuk (High Risk),> 1 Miliar,Di Atas VWAP (Kuat),Akumulasi Pro (Smart Money),Gorengan Sepi (< 5M),Normal (50-150%),Accumulation (Kumpul Barang),Solid (Jarang Dibanting),Jarum Bawah (Sinyal Pantulan Kuat),Naik 4 Hari Beruntun,TP: 2730 | CL: 2546,Normal,Tidak Ideal (< 1:1),Overbought (Jenuh Beli - Rawan),Netral / Sepi Berita,Normal / Sedang Transisi,Golden Rebound Fibo 38.2% 🎯,7,BELI,TIDAK ADA,2026-09-01 09:00:03,Biasa / Mengikuti Pasar
09:00,BOGA,Transaksi Sepi (Skip Broksum),Mid Cap (Lapis 2),Overvalued (Mahal),1431.1926,13.088676,1560.0,1625,1500,2000,-2.5,2600,Normal,48,Negatif,Downtrend,Bearish,Bearish MACD,Konsolidasi / Transisi,Normal,Distribusi (Turun),Normal,Dominan Jual (Guyur),Normal,Tinggi,Normal,Area Tengah,< 1 Miliar,Persis di VWAP,Distribusi Pro (Guyuran),Gorengan Sepi (< 5M),Sepi (< 50%),Distribution (Fase Jualan),Normal,Normal,Turun 2 Hari Beruntun,TP: 1716 | CL: 1455,Normal,Sangat Menarik (> 1:3),Oversold (Jenuh Jual - Peluang),Netral / Sepi Berita,Normal / Sedang Transisi,Mengambang (Jauh dari Fibo),0,WAIT & SEE,TIDAK ADA,2026-09-01 09:00:03,Biasa / Mengikuti Pasar
09:00,BRIS,Token Mati (Perlu Update),Big Cap (Lapis 1),Fair Value (Wajar),10.256558,1.6042008,1775.0,1790,1755,1850,-0.5602240896358543,17009500,Tembus MA20,47,Negatif,Downtrend,Death Cross,Strong Bearish,Konsolidasi / Transisi,Normal,Distribusi (Turun),Normal,Dominan Jual (Guyur),Squeeze,Rendah,Doji (Ragu-ragu),Dekat Support (Low Risk),> 1 Miliar,Persis di VWAP,Distribusi Pro (Guyuran),Ritel Aktif (5M - 50M),Normal (50-150%),Distribution (Fase Jualan),Spesialis Tiang Jemuran (Banting Pucuk),Normal,Turun 1 Hari Beruntun,TP: 1825 | CL: 1741,Normal,Sangat Menarik (> 1:3),Netral / Sideways,Netral / Sepi Berita,Normal / Sedang Transisi,Dekat Support Fibo 50.0%,1,WAIT & SEE,TIDAK ADA,2026-09-01 09:00:03,Biasa / Mengikuti Pasar
09:00,PORT,Transaksi Sepi (Skip Broksum),Mid Cap (Lapis 2),Fair Value (Wajar),16.393444,2.0489912,910.0,890,825,1085,2.247191011235955,17600,Normal,54,Positif,Uptrend,Bullish,Strong Bullish,Perfect Uptrend (5>20>50),Normal,Distribusi (Turun),Normal,Dominan Beli (Hajar Kanan),Normal,Sedang,Normal,Rawan Pucuk (High Risk),< 1 Miliar,Persis di VWAP,Distribusi Pro (Guyuran),Gorengan Sepi (< 5M),Sepi (< 50%),Mark-Up (Fase Pesta),Spesialis Tiang Jemuran (Banting Pucuk),Normal,Naik 1 Hari Beruntun,TP: 1033 | CL: 827,Normal,Ideal (1:2),Golden Cross (Awal Bullish),Netral / Sepi Berita,Normal / Sedang Transisi,Dekat Support Fibo 61.8% (Golden Ratio),6,WAIT & SEE,TIDAK ADA,2026-09-01 09:00:03,Biasa / Mengikuti Pasar
09:00,CARS,Token Mati (Perlu Update),Mid Cap (Lapis 2),Undervalued (Murah),10.302458,1.4844675,109.0,95,89,113,3.8095238095238098,10585200,Tembus MA20,71,Positif,Uptrend,Bullish,Strong Bullish,Perfect Uptrend (5>20>50),Normal,Akumulasi (Naik),Normal,Seimbang / Adu Mekanik,Breakout Upper,Tinggi,Normal,Rawan Pucuk (High Risk),> 1 Miliar,Di Atas VWAP (Kuat),Distribusi Pro (Guyuran),Gorengan Sepi (< 5M),Normal (50-150%),Mark-Up (Fase Pesta),Spesialis Tiang Jemuran (Banting Pucuk),Normal,Naik 3 Hari Beruntun,TP: 118 | CL: 102,Normal,Tidak Ideal (< 1:1),Netral / Sideways,Netral / Sepi Berita,Normal / Sedang Transisi,Mendekati Fibo 23.6%,7,BELI,TIDAK ADA,2026-09-01 09:00:03,Biasa / Mengikuti Pasar
09:00,MINA,Token Mati (Perlu Update),Mid Cap (Lapis 2),Overvalued (Mahal),0.0,10.687622,272.0,272,260,302,-0.7299270072992701,37360700,Normal,48,Negatif,Downtrend,Bullish,Bullish MACD,Awal Reversal (5>20),Normal,Distribusi (Turun),Normal,Seimbang / Adu Mekanik,Normal,Sedang,Normal,Area Tengah,> 1 Miliar,Di Bawah VWAP (Lemah),Distribusi Pro (Guyuran),Ritel Aktif (5M - 50M),Sepi (< 50%),Mark-Down (Fase Runtuh),Spesialis Tiang Jemuran (Banting Pucuk),Normal,Turun 2 Hari Beruntun,TP: 293 | CL: 258,Normal,Ideal (1:2),Netral / Sideways,Netral / Sepi Berita,Normal / Sedang Transisi,Mendekati Fibo 78.6%,2,WAIT & SEE,TIDAK ADA,2026-09-01 09:00:03,Biasa / Mengikuti Pasar
09:00,CLEO,Token Mati (Perlu Update),Mid Cap (Lapis 2),Overvalued (Mahal),22.417582,3.9092817,408.0,389,370,416,0.9900990099009901,9631200,Normal,65,Positif,Uptrend,Bullish,Strong Bullish,Perfect Uptrend (5>20>50),Normal,Distribusi (Turun),Normal,Seimbang / Adu Mekanik,Normal,Sedang,Normal,Rawan Pucuk (High Risk),> 1 Miliar,Persis di VWAP,Distribusi Pro (Guyuran),Gorengan Sepi (< 5M),Normal (50-150%),Mark-Up (Fase Pesta),Normal,Normal,Naik 1 Hari Beruntun,TP: 425 | CL: 396,Normal,Tidak Ideal (< 1:1),Netral / Sideways,Netral / Sepi Berita,Normal / Sedang Transisi,Mendekati Fibo 23.6%,5,WAIT & SEE,TIDAK ADA,2026-09-01 09:00:03,Biasa / Mengikuti Pasar
09:00,TAMU,Transaksi Sepi (Skip Broksum),Small Cap (Lapis 3),Fair Value (Wajar),0.0,0.0,25.0,24,20,29,-3.8461538461538463,8487100,Tembus MA20,54,Negatif,Uptrend,Bullish,Bearish MACD,Perfect Uptrend (5>20>50),Normal,Distribusi (Turun),Normal,Dominan Jual (Guyur),Normal,Tinggi,Normal,Rawan Pucuk (High Risk),< 1 Miliar,Di Bawah VWAP (Lemah),Distribusi Pro (Guyuran),Gorengan Sepi (< 5M),Normal (50-150%),Mark-Up (Fase Pesta),Solid (Jarang Dibanting),Normal,Turun 1 Hari Beruntun,TP: 27 | CL: 23,Open = High (Tekanan Jual),Tidak Ideal (< 1:1),Netral / Sideways,Netral / Sepi Berita,Normal / Sedang Transisi,Mendekati Fibo 38.2%,4,WAIT & SEE,TIDAK ADA,2026-09-01 09:00:03,Biasa / Mengikuti Pasar
09:00,CSIS,Transaksi Sepi (Skip Broksum),Small Cap (Lapis 3),Overvalued (Mahal),32.0902,1.036284,222.0,208,176,236,0.0,2735300,Normal,66,Negatif,Uptrend,Bullish,Bearish MACD,Perfect Uptrend (5>20>50),Normal,Distribusi (Turun),Gap Up (+2.7%),Seimbang / Adu Mekanik,Normal,Tinggi,Normal,Rawan Pucuk (High Risk),< 1 Miliar,Di Atas VWAP (Kuat),Distribusi Pro (Guyuran),Gorengan Sepi (< 5M),Normal (50-150%),Mark-Up (Fase Pesta),Normal,Normal,Sideways / Stagnan,TP: 242 | CL: 208,Open = High (Tekanan Jual),Tidak Ideal (< 1:1),Netral / Sideways,Netral / Sepi Berita,Normal / Sedang Transisi,Mengambang (Jauh dari Fibo),4,WAIT & SEE,TIDAK ADA,2026-09-01 09:00:03,Biasa / Mengikuti Pasar
09:00,FIRE,Token Mati (Perlu Update),Small Cap (Lapis 3),Fair Value (Wajar),22.75449,0.6957286,114.0,109,104,137,2.7027027027027026,20935000,Normal,56,Positif,Uptrend,Bullish,Strong Bullish,Perfect Uptrend (5>20>50),Normal,Akumulasi (Naik),Normal,Seimbang / Adu Mekanik,Normal,Sedang,Normal,Area Tengah,> 1 Miliar,Di Bawah VWAP (Lemah),Distribusi Pro (Guyuran),Ritel Aktif (5M - 50M),Sepi (< 50%),Mark-Up (Fase Pesta),Spesialis Tiang Jemuran (Banting Pucuk),Normal,Naik 1 Hari Beruntun,TP: 125 | CL: 106,Normal,Ideal (1:2),Golden Cross (Awal Bullish),Netral / Sepi Berita,Normal / Sedang Transisi,Mendekati Fibo 50.0%,6,WAIT & SEE,TIDAK ADA,2026-09-01 09:00:03,Biasa / Mengikuti Pasar
09:00,KMTR,Transaksi Sepi (Skip Broksum),Mid Cap (Lapis 2),Fair Value (Wajar),0.0,0.936402,242.0,232,220,254,1.680672268907563,419000,Tembus MA20,59,Positif,Uptrend,Bullish,Strong Bullish,Perfect Uptrend (5>20>50),Akumulasi Kuat,Akumulasi (Naik),Normal,Dominan Jual (Guyur),Squeeze,Rendah,Normal,Rawan Pucuk (High Risk),< 1 Miliar,Persis di VWAP,Distribusi Pro (Guyuran),Gorengan Sepi (< 5M),Anomali Tinggi (150-300%),Mark-Up (Fase Pesta),Spesialis Tiang Jemuran (Banting Pucuk),Normal,Naik 2 Hari Beruntun,TP: 256 | CL: 232,Open = Low (Bullish Kuat),Tidak Ideal (< 1:1),Netral / Sideways,Netral / Sepi Berita,Normal / Sedang Transisi,Dekat Support Fibo 50.0%,8,BELI,TIDAK ADA,2026-09-01 09:00:03,Biasa / Mengikuti Pasar
09:00,WOOD,Token Mati (Perlu Update),Mid Cap (Lapis 2),Fair Value (Wajar),23.146069,0.28670523,206.0,216,200,246,-1.9047619047619049,7024500,Tembus MA20,44,Negatif,Downtrend,Bearish,Strong Bearish,Konsolidasi / Transisi,Normal,Distribusi (Turun),Normal,Seimbang / Adu Mekanik,Normal,Tinggi,Normal,Dekat Support (Low Risk),> 1 Miliar,Persis di VWAP,Akumulasi Pro (Smart Money),Gorengan Sepi (< 5M),Anomali Tinggi (150-300%),Distribution (Fase Jualan),Normal,Normal,Turun 1 Hari Beruntun,TP: 221 | CL: 196,Open = High (Tekanan Jual),Sangat Menarik (> 1:3),Netral / Sideways,Netral / Sepi Berita,Normal / Sedang Transisi,Mengambang (Jauh dari Fibo),1,WAIT & SEE,TIDAK ADA,2026-09-01 09:00:03,Biasa / Mengikuti Pasar
09:00,HRTA,Token Mati (Perlu Update),Big Cap (Lapis 1),Fair Value (Wajar),7.65527,2.7243893,2210.0,2163,1805,2470,-5.150214592274678,18364000,Tembus MA20,54,Negatif,Uptrend,Bullish,Strong Bullish,Perfect Uptrend (5>20>50),Normal,Distribusi (Turun),Normal,Dominan Jual (Guyur),Normal,Tinggi,Normal,Rawan Pucuk (High Risk),> 1 Miliar,Di Bawah VWAP (Lemah),Distribusi Pro (Guyuran),Ritel Aktif (5M - 50M),Normal (50-150%),Mark-Up (Fase Pesta),Normal,Normal,Turun 2 Hari Beruntun,TP: 2378 | CL: 2097,Open = High (Tekanan Jual),Tidak Ideal (< 1:1),Netral / Sideways,Netral / Sepi Berita,Normal / Sedang Transisi,Mendekati Fibo 38.2%,5,WAIT & SEE,TIDAK ADA,2026-09-01 09:00:03,Biasa / Mengikuti Pasar
09:00,HOKI,Token Mati (Perlu Update),Small Cap (Lapis 3),Fair Value (Wajar),0.0,0.9979134,55.0,55,53,60,-3.508771929824561,22152100,Tembus MA20,50,Negatif,Downtrend,Bullish,Strong Bullish,Perfect Uptrend (5>20>50),Normal,Distribusi (Turun),Normal,Seimbang / Adu Mekanik,Squeeze,Rendah,Normal,Area Tengah,> 1 Miliar,Di Bawah VWAP (Lemah),Distribusi Pro (Guyuran),Gorengan Sepi (< 5M),Normal (50-150%),Distribution (Fase Jualan),Normal,Normal,Turun 1 Hari Beruntun,TP: 58 | CL: 52,Open = High (Tekanan Jual),Ideal (1:2),Netral / Sideways,Netral / Sepi Berita,Normal / Sedang Transisi,Dekat Support Fibo 61.8% (Golden Ratio),3,WAIT & SEE,TIDAK ADA,2026-09-01 09:00:03,Biasa / Mengikuti Pasar
09:00,MPOW,Transaksi Sepi (Skip Broksum),Small Cap (Lapis 3),Fair Value (Wajar),17.03163,0.951588,112.0,108,101,121,-0.8849557522123894,4099800,Normal,62,Negatif,Uptrend,Bullish,Strong Bullish,Perfect Uptrend (5>20>50),Normal,Akumulasi (Naik),Normal,Dominan Jual (Guyur),Normal,Sedang,Normal,Rawan Pucuk (High Risk),< 1 Miliar,Di Bawah VWAP (Lemah),Distribusi Pro (Guyuran),Gorengan Sepi (< 5M),Sepi (< 50%),Mark-Up (Fase Pesta),Spesialis Tiang Jemuran (Banting Pucuk),Normal,Turun 1 Hari Beruntun,TP: 119 | CL: 106,Normal,Tidak Ideal (< 1:1),Death Cross (Awal Bearish),Netral / Sepi Berita,Normal / Sedang Transisi,Dekat Support Fibo 38.2%,5,WAIT & SEE,TIDAK ADA,2026-09-01 09:00:03,Biasa / Mengikuti Pasar
09:00,MARK,Token Mati (Perlu Update),Mid Cap (Lapis 2),Overvalued (Mahal),12.07675,4.5595555,1070.0,1078,1021,1115,-0.46511627906976744,12242700,Normal,54,Negatif,Downtrend,Bearish,Bearish MACD,Konsolidasi / Transisi,Normal,Distribusi (Turun),Normal,Seimbang / Adu Mekanik,Squeeze,Rendah,Normal,Area Tengah,> 1 Miliar,Persis di VWAP,Distribusi Pro (Guyuran),Ritel Aktif (5M - 50M),Normal (50-150%),Distribution (Fase Jualan),Normal,Normal,Turun 1 Hari Beruntun,TP: 1118 | CL: 1037,Normal,Tidak Ideal (< 1:1),Netral / Sideways,Netral / Sepi Berita,Normal / Sedang Transisi,Mendekati Fibo 23.6%,1,WAIT & SEE,TIDAK ADA,2026-09-01 09:00:03,Biasa / Mengikuti Pasar
09:00,NASA,Transaksi Sepi (Skip Broksum),Small Cap (Lapis 3),Fair Value (Wajar),0.0,0.30261764,30.0,30,29,31,0.0,229600,Normal,48,Negatif,Downtrend,Bearish,Bullish MACD,Strong Downtrend (5<20<50),Normal,Netral,Gap Down (-3.3%),Dominan Beli (Hajar Kanan),Squeeze,Rendah,Marubozu (Strong Bullish),Area Tengah,< 1 Miliar,Di Atas VWAP (Kuat),Akumulasi Pro (Smart Money),Gorengan Sepi (< 5M),Normal (50-150%),Mark-Down (Fase Runtuh),Normal,Normal,Sideways / Stagnan,TP: 31 | CL: 28,Open = Low (Bullish Kuat),Menengah (1:1),Netral / Sideways,Netral / Sepi Berita,Normal / Sedang Transisi,Mengambang (Jauh dari Fibo),2,WAIT & SEE,TIDAK ADA,2026-09-01 09:00:03,Biasa / Mengikuti Pasar
09:00,MDKI,Transaksi Sepi (Skip Broksum),Small Cap (Lapis 3),Undervalued (Murah),12.425576,0.50426126,192.0,188,179,195,0.0,101400,Normal,64,Negatif,Uptrend,Bullish,Strong Bullish,Perfect Uptrend (5>20>50),Normal,Akumulasi (Naik),Normal,Dominan Jual (Guyur),Squeeze,Rendah,Normal,Area Tengah,< 1 Miliar,Persis di VWAP,Distribusi Pro (Guyuran),Gorengan Sepi (< 5M),Normal (50-150%),Mark-Up (Fase Pesta),Normal,Normal,Sideways / Stagnan,TP: 199 | CL: 187,Open = High (Tekanan Jual),Tidak Ideal (< 1:1),Death Cross (Awal Bearish),Netral / Sepi Berita,Normal / Sedang Transisi,Dekat Support Fibo 38.2%,5,WAIT & SEE,TIDAK ADA,2026-09-01 09:00:03,Biasa / Mengikuti Pasar
09:00,BELL,Transaksi Sepi (Skip Broksum),Small Cap (Lapis 3),Overvalued (Mahal),1753.8462,3.43508,114.0,115,109,124,0.8849557522123894,8544100,Normal,50,Positif,Downtrend,Bearish,Bearish MACD,Konsolidasi / Transisi,Normal,Distribusi (Turun),Normal,Seimbang / Adu Mekanik,Normal,Sedang,Doji (Ragu-ragu),Area Tengah,< 1 Miliar,Persis di VWAP,Akumulasi Pro (Smart Money),Gorengan Sepi (< 5M),Normal (50-150%),Distribution (Fase Jualan),Normal,Jarum Bawah (Sinyal Pantulan Kuat),Naik 1 Hari Beruntun,TP: 121 | CL: 109,Normal,Ideal (1:2),Golden Cross (Awal Bullish),Netral / Sepi Berita,Normal / Sedang Transisi,Mendekati Fibo 50.0%,1,WAIT & SEE,TIDAK ADA,2026-09-01 09:00:03,Biasa / Mengikuti Pasar
09:00,KIOS,Token Mati (Perlu Update),Small Cap (Lapis 3),Overvalued (Mahal),72.85715,0.7973359,102.0,96,91,117,0.9900990099009901,46151500,Tembus MA20,59,Positif,Uptrend,Bullish,Strong Bullish,Perfect Uptrend (5>20>50),Normal,Akumulasi (Naik),Normal,Seimbang / Adu Mekanik,Normal,Sedang,Normal,Rawan Pucuk (High Risk),> 1 Miliar,Di Atas VWAP (Kuat),Distribusi Pro (Guyuran),Gorengan Sepi (< 5M),Normal (50-150%),Mark-Up (Fase Pesta),Spesialis Tiang Jemuran (Banting Pucuk),Normal,Naik 3 Hari Beruntun,TP: 111 | CL: 95,Normal,Menengah (1:1),Golden Cross (Awal Bullish),Netral / Sepi Berita,Normal / Sedang Transisi,Mengambang (Jauh dari Fibo),7,BELI,TIDAK ADA,2026-09-01 09:00:03,Biasa / Mengikuti Pasar
09:00,GMFI,Token Mati (Perlu Update),Mid Cap (Lapis 2),Overvalued (Mahal),3.5499396,58999.996,59.0,58,52,71,0.0,76415000,Normal,53,Negatif,Uptrend,Bearish,Bearish MACD,Konsolidasi / Transisi,Normal,Distribusi (Turun),Normal,Seimbang / Adu Mekanik,Normal,Tinggi,Doji (Ragu-ragu),Rawan Pucuk (High Risk),> 1 Miliar,Di Atas VWAP (Kuat),Distribusi Pro (Guyuran),Ritel Aktif (5M - 50M),Sepi (< 50%),Mark-Up (Fase Pesta),Normal,Normal,Sideways / Stagnan,TP: 66 | CL: 53,Normal,Ideal (1:2),Netral / Sideways,Netral / Sepi Berita,Normal / Sedang Transisi,Dekat Support Fibo 61.8% (Golden Ratio),2,WAIT & SEE,TIDAK ADA,2026-09-01 09:00:03,Biasa / Mengikuti Pasar
09:00,MTWI,Transaksi Sepi (Skip Broksum),Small Cap (Lapis 3),Overvalued (Mahal),55.855854,1.7562746,248.0,251,232,272,0.8130081300813009,20700,Normal,43,Positif,Downtrend,Bearish,Strong Bearish,Strong Downtrend (5<20<50),Normal,Distribusi (Turun),Normal,Dominan Beli (Hajar Kanan),Squeeze,Rendah,Doji (Ragu-ragu),Area Tengah,< 1 Miliar,Persis di VWAP,Akumulasi Pro (Smart Money),Gorengan Sepi (< 5M),Normal (50-150%),Mark-Down (Fase Runtuh),Normal,Jarum Bawah (Sinyal Pantulan Kuat),Naik 1 Hari Beruntun,TP: 263 | CL: 237,Normal,Ideal (1:2),Golden Cross (Awal Bullish),Netral / Sepi Berita,Normal / Sedang Transisi,Golden Rebound Fibo 61.8% (Golden Ratio) 🎯,2,WAIT & SEE,TIDAK ADA,2026-09-01 09:00:03,Biasa / Mengikuti Pasar
09:00,MCAS,Transaksi Sepi (Skip Broksum),Small Cap (Lapis 3),Fair Value (Wajar),0.0,1.6549442,284.0,286,230,370,-0.6993006993006993,2050900,Normal,54,Negatif,Downtrend,Death Cross,Bearish MACD,Konsolidasi / Transisi,Normal,Akumulasi (Naik),Normal,Seimbang / Adu Mekanik,Normal,Tinggi,Normal,Rawan Pucuk (High Risk),< 1 Miliar,Di Bawah VWAP (Lemah),Distribusi Pro (Guyuran),Gorengan Sepi (< 5M),Sepi (< 50%),Distribution (Fase Jualan),Spesialis Tiang Jemuran (Banting Pucuk),Normal,Turun 2 Hari Beruntun,TP: 326 | CL: 255,Normal,Ideal (1:2),Netral / Sideways,Netral / Sepi Berita,Normal / Sedang Transisi,Dekat Support Fibo 38.2%,2,WAIT & SEE,TIDAK ADA,2026-09-01 09:00:03,Biasa / Mengikuti Pasar
09:00,PPRE,Token Mati (Perlu Update),Mid Cap (Lapis 2),Fair Value (Wajar),0.0,1.1464097,104.0,104,100,115,0.9708737864077669,23739500,Normal,49,Positif,Downtrend,Death Cross,Bearish MACD,Strong Downtrend (5<20<50),Normal,Distribusi (Turun),Normal,Dominan Beli (Hajar Kanan),Normal,Sedang,Doji (Ragu-ragu),Area Tengah,> 1 Miliar,Persis di VWAP,Distribusi Pro (Guyuran),Gorengan Sepi (< 5M),Normal (50-150%),Mark-Down (Fase Runtuh),Spesialis Tiang Jemuran (Banting Pucuk),Jarum Bawah (Sinyal Pantulan Kuat),Naik 1 Hari Beruntun,TP: 112 | CL: 98,Normal,Ideal (1:2),Golden Cross (Awal Bullish),Netral / Sepi Berita,Supply Kering (Siap Pump) 🏜️,Mendekati Fibo 38.2%,2,WAIT & SEE,TIDAK ADA,2026-09-01 09:00:03,Biasa / Mengikuti Pasar
09:00,WEGE,Token Mati (Perlu Update),Small Cap (Lapis 3),Fair Value (Wajar),0.0,0.26728305,54.0,54,50,76,0.0,24478700,Normal,50,Negatif,Downtrend,Bullish,Bearish MACD,Perfect Uptrend (5>20>50),Normal,Distribusi (Turun),Normal,Seimbang / Adu Mekanik,Normal,Tinggi,Doji (Ragu-ragu),Area Tengah,> 1 Miliar,Di Bawah VWAP (Lemah),Distribusi Pro (Guyuran),Gorengan Sepi (< 5M),Sepi (< 50%),Sideways,Normal,Normal,Sideways / Stagnan,TP: 62 | CL: 48,Normal,Sangat Menarik (> 1:3),Oversold (Jenuh Jual - Peluang),Netral / Sepi Berita,Normal / Sedang Transisi,Mengambang (Jauh dari Fibo),1,WAIT & SEE,TIDAK ADA,2026-09-01 09:00:03,Biasa / Mengikuti Pasar
09:00,PSSI,Transaksi Sepi (Skip Broksum),Mid Cap (Lapis 2),Overvalued (Mahal),0.0,11241.38,326.0,328,312,338,-0.6097560975609756,96400,Normal,52,Negatif,Downtrend,Bearish,Bearish MACD,Konsolidasi / Transisi,Normal,Distribusi (Turun),Normal,Dominan Jual (Guyur),Squeeze,Rendah,Normal,Area Tengah,< 1 Miliar,Persis di VWAP,Distribusi Pro (Guyuran),Gorengan Sepi (< 5M),Normal (50-150%),Distribution (Fase Jualan),Solid (Jarang Dibanting),Normal,Turun 1 Hari Beruntun,TP: 337 | CL: 318,Normal,Tidak Ideal (< 1:1),Death Cross (Awal Bearish),Netral / Sepi Berita,Normal / Sedang Transisi,Mendekati Fibo 23.6%,1,WAIT & SEE,TIDAK ADA,2026-09-01 09:00:03,Biasa / Mengikuti Pasar
09:00,MORA,Token Mati (Perlu Update),Big Cap (Lapis 1),Overvalued (Mahal),222.26672,14.72969,5550.0,5400,5000,6300,-0.8928571428571428,381400,Normal,48,Negatif,Uptrend,Bearish,Bullish MACD,Strong Downtrend (5<20<50),Normal,Akumulasi (Naik),Normal,Seimbang / Adu Mekanik,Normal,Tinggi,Normal,Rawan Pucuk (High Risk),> 1 Miliar,Persis di VWAP,Distribusi Pro (Guyuran),Ritel Aktif (5M - 50M),Normal (50-150%),Accumulation (Kumpul Barang),Spesialis Tiang Jemuran (Banting Pucuk),Normal,Turun 1 Hari Beruntun,TP: 5991 | CL: 5255,Open = High (Tekanan Jual),Menengah (1:1),Netral / Sideways,Netral / Sepi Berita,Supply Banjir (Distribusi) 🌊,Mengambang (Jauh dari Fibo),3,WAIT & SEE,TIDAK ADA,2026-09-01 09:00:03,Biasa / Mengikuti Pasar
09:00,DWGL,Token Mati (Perlu Update),Mid Cap (Lapis 2),Overvalued (Mahal),9.9285145,3.8692503,250.0,342,250,442,-14.965986394557824,63462200,Tembus MA20,37,Negatif,Downtrend,Bearish,Strong Bearish,Konsolidasi / Transisi,Distribusi Kuat,Distribusi (Turun),Normal,Dominan Jual (Guyur),Bottom Rebound,Tinggi,Normal,Dekat Support (Low Risk),> 1 Miliar,Di Bawah VWAP (Lemah),Distribusi Pro (Guyuran),Gorengan Sepi (< 5M),Ledakan Ekstrem (> 300%),Distribution (Fase Jualan),Normal,Normal,Turun 1 Hari Beruntun,TP: 299 | CL: 216,Open = High (Tekanan Jual),Di Area Support,Oversold (Jenuh Jual - Peluang),Netral / Sepi Berita,Supply Banjir (Distribusi) 🌊,Mengambang (Jauh dari Fibo),1,WAIT & SEE,TIDAK ADA,2026-09-01 09:00:03,🔥 ANOMALI BANDAR (Siap Ledakan)
09:00,PBID,Transaksi Sepi (Skip Broksum),Mid Cap (Lapis 2),Undervalued (Murah),6.4351625,1.3459429,530.0,532,515,545,0.9523809523809524,1057600,Normal,55,Positif,Downtrend,Bearish,Bearish MACD,Konsolidasi / Transisi,Normal,Distribusi (Turun),Normal,Dominan Beli (Hajar Kanan),Squeeze,Rendah,Doji (Ragu-ragu),Dekat Support (Low Risk),< 1 Miliar,Persis di VWAP,Akumulasi Pro (Smart Money),Gorengan Sepi (< 5M),Normal (50-150%),Distribution (Fase Jualan),Normal,Jarum Bawah (Sinyal Pantulan Kuat),Naik 1 Hari Beruntun,TP: 548 | CL: 517,Normal,Menengah (1:1),Netral / Sideways,Netral / Sepi Berita,Normal / Sedang Transisi,Golden Rebound Fibo 38.2% 🎯,3,WAIT & SEE,TIDAK ADA,2026-09-01 09:00:03,Biasa / Mengikuti Pasar
09:00,CAMP,Transaksi Sepi (Skip Broksum),Mid Cap (Lapis 2),Undervalued (Murah),13.225058,0.9854033,171.0,170,167,200,0.5882352941176471,679500,Normal,52,Positif,Uptrend,Bearish,Bullish MACD,Strong Downtrend (5<20<50),Normal,Distribusi (Turun),Normal,Seimbang / Adu Mekanik,Squeeze,Rendah,Normal,Dekat Support (Low Risk),< 1 Miliar,Persis di VWAP,Distribusi Pro (Guyuran),Gorengan Sepi (< 5M),Normal (50-150%),Accumulation (Kumpul Barang),Normal,Normal,Naik 1 Hari Beruntun,TP: 180 | CL: 164,Normal,Sangat Menarik (> 1:3),Oversold (Jenuh Jual - Peluang),Netral / Sepi Berita,Normal / Sedang Transisi,Golden Rebound Fibo 61.8% (Golden Ratio) 🎯,4,WAIT & SEE,TIDAK ADA,2026-09-01 09:00:03,Biasa / Mengikuti Pasar
09:00,IPCM,Transaksi Sepi (Skip Broksum),Mid Cap (Lapis 2),Undervalued (Murah),9.082652,1.1960483,300.0,302,282,308,0.0,1181200,Tembus MA20,38,Negatif,Downtrend,Bearish,Strong Bearish,Strong Downtrend (5<20<50),Normal,Distribusi (Turun),Normal,Dominan Beli (Hajar Kanan),Squeeze,Rendah,Doji (Ragu-ragu),Area Tengah,< 1 Miliar,Persis di VWAP,Akumulasi Pro (Smart Money),Gorengan Sepi (< 5M),Anomali Tinggi (150-300%),Mark-Down (Fase Runtuh),Normal,Jarum Bawah (Sinyal Pantulan Kuat),Sideways / Stagnan,TP: 307 | CL: 294,Normal,Tidak Ideal (< 1:1),Overbought (Jenuh Beli - Rawan),Netral / Sepi Berita,Normal / Sedang Transisi,Golden Rebound Fibo 50.0% 🎯,2,WAIT & SEE,TIDAK ADA,2026-09-01 09:00:03,Biasa / Mengikuti Pasar
09:00,PCAR,Transaksi Sepi (Skip Broksum),Small Cap (Lapis 3),Fair Value (Wajar),0.0,0.6526299,42.0,42,39,49,2.4390243902439024,2443100,Normal,53,Positif,Downtrend,Bearish,Bearish MACD,Konsolidasi / Transisi,Normal,Distribusi (Turun),Gap Down (-2.4%),Dominan Beli (Hajar Kanan),Normal,Sedang,Marubozu (Strong Bullish),Area Tengah,< 1 Miliar,Di Atas VWAP (Kuat),Distribusi Pro (Guyuran),Gorengan Sepi (< 5M),Sepi (< 50%),Distribution (Fase Jualan),Normal,Normal,Naik 2 Hari Beruntun,TP: 44 | CL: 40,Open = Low (Bullish Kuat),Ideal (1:2),Netral / Sideways,Netral / Sepi Berita,Normal / Sedang Transisi,Mendekati Fibo 61.8% (Golden Ratio),3,WAIT & SEE,TIDAK ADA,2026-09-01 09:00:03,Biasa / Mengikuti Pasar
09:00,HELI,Transaksi Sepi (Skip Broksum),Small Cap (Lapis 3),Fair Value (Wajar),6.081505,1.8234454,194.0,193,179,228,-3.0,700400,Normal,52,Negatif,Uptrend,Bullish,Bearish MACD,Perfect Uptrend (5>20>50),Normal,Distribusi (Turun),Normal,Dominan Jual (Guyur),Normal,Sedang,Normal,Area Tengah,< 1 Miliar,Di Bawah VWAP (Lemah),Distribusi Pro (Guyuran),Gorengan Sepi (< 5M),Normal (50-150%),Mark-Up (Fase Pesta),Spesialis Tiang Jemuran (Banting Pucuk),Normal,Turun 1 Hari Beruntun,TP: 212 | CL: 181,Open = High (Tekanan Jual),Ideal (1:2),Oversold (Jenuh Jual - Peluang),Netral / Sepi Berita,Normal / Sedang Transisi,Mendekati Fibo 50.0%,3,WAIT & SEE,TIDAK ADA,2026-09-01 09:00:03,Biasa / Mengikuti Pasar
09:00,INPS,Transaksi Sepi (Skip Broksum),Small Cap (Lapis 3),Fair Value (Wajar),0.0,-10.3783655,700.0,697,610,770,0.0,240700,Tembus MA20,53,Negatif,Uptrend,Bearish,Bearish MACD,Konsolidasi / Transisi,Normal,Distribusi (Turun),Gap Down (-5.7%),Dominan Beli (Hajar Kanan),Normal,Tinggi,Marubozu (Strong Bullish),Rawan Pucuk (High Risk),< 1 Miliar,Di Atas VWAP (Kuat),Distribusi Pro (Guyuran),Gorengan Sepi (< 5M),Normal (50-150%),Mark-Up (Fase Pesta),Normal,Normal,Sideways / Stagnan,TP: 751 | CL: 665,Open = Low (Bullish Kuat),Tidak Ideal (< 1:1),Netral / Sideways,Netral / Sepi Berita,Normal / Sedang Transisi,Dekat Support Fibo 38.2%,4,WAIT & SEE,TIDAK ADA,2026-09-01 09:00:03,Biasa / Mengikuti Pasar
09:00,GHON,Transaksi Sepi (Skip Broksum),Small Cap (Lapis 3),Undervalued (Murah),9.977108,1.286133,1630.0,1613,1575,1660,0.6172839506172839,17200,Tembus MA20,53,Positif,Uptrend,Bullish,Bullish MACD,Perfect Uptrend (5>20>50),Normal,Akumulasi (Naik),Normal,Dominan Beli (Hajar Kanan),Squeeze,Rendah,Normal,Area Tengah,< 1 Miliar,Persis di VWAP,Akumulasi Pro (Smart Money),Gorengan Sepi (< 5M),Normal (50-150%),Mark-Up (Fase Pesta),Spesialis Tiang Jemuran (Banting Pucuk),Normal,Naik 1 Hari Beruntun,TP: 1667 | CL: 1605,Normal,Tidak Ideal (< 1:1),Netral / Sideways,Netral / Sepi Berita,Normal / Sedang Transisi,Mengambang (Jauh dari Fibo),8,BELI,TIDAK ADA,2026-09-01 09:00:03,Biasa / Mengikuti Pasar
09:00,DFAM,Token Mati (Perlu Update),Small Cap (Lapis 3),Overvalued (Mahal),0.0,25.648853,84.0,81,78,89,3.7037037037037033,14984900,Tembus MA20,56,Positif,Uptrend,Bullish,Bullish MACD,Awal Reversal (5>20),Normal,Akumulasi (Naik),Normal,Dominan Beli (Hajar Kanan),Normal,Sedang,Normal,Area Tengah,> 1 Miliar,Di Atas VWAP (Kuat),Distribusi Pro (Guyuran),Gorengan Sepi (< 5M),Anomali Tinggi (150-300%),Accumulation (Kumpul Barang),Spesialis Tiang Jemuran (Banting Pucuk),Normal,Naik 1 Hari Beruntun,TP: 89 | CL: 80,Normal,Tidak Ideal (< 1:1),Netral / Sideways,Netral / Sepi Berita,Normal / Sedang Transisi,Mendekati Fibo 78.6%,8,BELI,TIDAK ADA,2026-09-01 09:00:03,Biasa / Mengikuti Pasar
09:00,NICK,Transaksi Sepi (Skip Broksum),Mid Cap (Lapis 2),Overvalued (Mahal),5.7887735,4.1094446,1910.0,1504,1180,2190,1.866666666666667,7400,Normal,77,Positif,Uptrend,Bullish,Strong Bullish,Perfect Uptrend (5>20>50),Normal,Distribusi (Turun),Normal,Dominan Beli (Hajar Kanan),Normal,Tinggi,Marubozu (Strong Bullish),Rawan Pucuk (High Risk),< 1 Miliar,Di Atas VWAP (Kuat),Akumulasi Pro (Smart Money),Gorengan Sepi (< 5M),Sepi (< 50%),Mark-Up (Fase Pesta),Normal,Normal,Naik 1 Hari Beruntun,TP: 2085 | CL: 1792,Open = Low (Bullish Kuat),Tidak Ideal (< 1:1),Death Cross (Awal Bearish),Netral / Sepi Berita,Normal / Sedang Transisi,Dekat Support Fibo 23.6%,6,WAIT & SEE,TIDAK ADA,2026-09-01 09:00:03,Biasa / Mengikuti Pasar
09:00,BTPS,Token Mati (Perlu Update),Mid Cap (Lapis 2),Undervalued (Murah),6.273486,0.7397005,985.0,986,965,1005,0.0,1172600,Normal,49,Negatif,Downtrend,Bearish,Strong Bearish,Strong Downtrend (5<20<50),Normal,Distribusi (Turun),Normal,Seimbang / Adu Mekanik,Squeeze,Rendah,Doji (Ragu-ragu),Dekat Support (Low Risk),> 1 Miliar,Persis di VWAP,Distribusi Pro (Guyuran),Gorengan Sepi (< 5M),Normal (50-150%),Mark-Down (Fase Runtuh),Spesialis Tiang Jemuran (Banting Pucuk),Normal,Sideways / Stagnan,TP: 1008 | CL: 969,Normal,Menengah (1:1),Netral / Sideways,Netral / Sepi Berita,Normal / Sedang Transisi,Dekat Support Fibo 38.2%,0,WAIT & SEE,TIDAK ADA,2026-09-01 09:00:03,Biasa / Mengikuti Pasar
09:00,SPTO,Transaksi Sepi (Skip Broksum),Mid Cap (Lapis 2),Undervalued (Murah),6.4472165,0.96849173,615.0,607,595,625,-0.8064516129032258,591700,Tembus MA20,60,Negatif,Uptrend,Bullish,Bearish MACD,Perfect Uptrend (5>20>50),Normal,Akumulasi (Naik),Normal,Seimbang / Adu Mekanik,Squeeze,Rendah,Normal,Area Tengah,< 1 Miliar,Persis di VWAP,Akumulasi Pro (Smart Money),Gorengan Sepi (< 5M),Normal (50-150%),Mark-Up (Fase Pesta),Normal,Normal,Turun 1 Hari Beruntun,TP: 630 | CL: 605,Open = High (Tekanan Jual),Tidak Ideal (< 1:1),Death Cross (Awal Bearish),Netral / Sepi Berita,Normal / Sedang Transisi,Mendekati Fibo 23.6%,5,WAIT & SEE,TIDAK ADA,2026-09-01 09:00:03,Biasa / Mengikuti Pasar
09:00,PRIM,Transaksi Sepi (Skip Broksum),Small Cap (Lapis 3),Fair Value (Wajar),0.0,0.43261018,120.0,113,101,123,0.0,3281100,Normal,68,Negatif,Uptrend,Bullish,Strong Bullish,Perfect Uptrend (5>20>50),Normal,Akumulasi (Naik),Normal,Seimbang / Adu Mekanik,Normal,Tinggi,Normal,Rawan Pucuk (High Risk),< 1 Miliar,Persis di VWAP,Distribusi Pro (Guyuran),Gorengan Sepi (< 5M),Normal (50-150%),Mark-Up (Fase Pesta),Normal,Normal,Sideways / Stagnan,TP: 126 | CL: 115,Normal,Tidak Ideal (< 1:1),Overbought (Jenuh Beli - Rawan),Netral / Sepi Berita,Normal / Sedang Transisi,Mengambang (Jauh dari Fibo),5,WAIT & SEE,TIDAK ADA,2026-09-01 09:00:03,Biasa / Mengikuti Pasar
09:00,HEAL,Token Mati (Perlu Update),Mid Cap (Lapis 2),Fair Value (Wajar),24.865072,1.7831571,645.0,723,630,810,-3.007518796992481,176757300,Tembus MA20,25,Negatif,Downtrend,Bearish,Strong Bearish,Strong Downtrend (5<20<50),Distribusi Kuat,Distribusi (Turun),Normal,Dominan Jual (Guyur),Normal,Tinggi,Normal,Dekat Support (Low Risk),> 1 Miliar,Di Bawah VWAP (Lemah),Distribusi Pro (Guyuran),Ritel Aktif (5M - 50M),Ledakan Ekstrem (> 300%),Mark-Down (Fase Runtuh),Normal,Normal,Turun 1 Hari Beruntun,TP: 687 | CL: 616,Normal,Sangat Menarik (> 1:3),Oversold (Jenuh Jual - Peluang),Netral / Sepi Berita,Supply Banjir (Distribusi) 🌊,Golden Rebound Fibo Bottom / 100% 🎯,1,WAIT & SEE,TIDAK ADA,2026-09-01 09:00:03,Biasa / Mengikuti Pasar
09:00,TRUK,Token Mati (Perlu Update),Small Cap (Lapis 3),Overvalued (Mahal),0.0,10.033761,850.0,708,412,910,4.294478527607362,2404100,Normal,71,Positif,Uptrend,Bullish,Strong Bullish,Perfect Uptrend (5>20>50),Normal,Akumulasi (Naik),Normal,Seimbang / Adu Mekanik,Normal,Tinggi,Normal,Rawan Pucuk (High Risk),> 1 Miliar,Di Atas VWAP (Kuat),Distribusi Pro (Guyuran),Gorengan Sepi (< 5M),Normal (50-150%),Mark-Up (Fase Pesta),Normal,Normal,Naik 3 Hari Beruntun,TP: 1002 | CL: 748,Open = Low (Bullish Kuat),Tidak Ideal (< 1:1),Netral / Sideways,Netral / Sepi Berita,Normal / Sedang Transisi,Mengambang (Jauh dari Fibo),6,WAIT & SEE,TIDAK ADA,2026-09-01 09:00:03,Biasa / Mengikuti Pasar
09:00,PZZA,Token Mati (Perlu Update),Small Cap (Lapis 3),Overvalued (Mahal),31.240427,0.5911673,204.0,182,178,204,11.475409836065573,5419100,Tembus MA20,77,Positif,Uptrend,Golden Cross,Strong Bullish,Awal Reversal (5>20),Akumulasi Kuat,Akumulasi (Naik),Normal,Dominan Beli (Hajar Kanan),Breakout Upper,Sedang,Marubozu (Strong Bullish),Rawan Pucuk (High Risk),> 1 Miliar,Di Atas VWAP (Kuat),Akumulasi Pro (Smart Money),Gorengan Sepi (< 5M),Ledakan Ekstrem (> 300%),Accumulation (Kumpul Barang),Spesialis Tiang Jemuran (Banting Pucuk),Normal,Naik 3 Hari Beruntun,TP: 212 | CL: 198,Normal,Tidak Ideal (< 1:1),Netral / Sideways,Netral / Sepi Berita,Normal / Sedang Transisi,Mengambang (Jauh dari Fibo),9,BELI,TIDAK ADA,2026-09-01 09:00:03,Biasa / Mengikuti Pasar
09:00,TUGU,Token Mati (Perlu Update),Mid Cap (Lapis 2),Undervalued (Murah),5.288146,0.5305297,1370.0,1304,1205,1460,0.3663003663003663,1136500,Normal,63,Positif,Uptrend,Bullish,Strong Bullish,Perfect Uptrend (5>20>50),Normal,Akumulasi (Naik),Normal,Dominan Beli (Hajar Kanan),Normal,Tinggi,Normal,Rawan Pucuk (High Risk),> 1 Miliar,Di Atas VWAP (Kuat),Distribusi Pro (Guyuran),Gorengan Sepi (< 5M),Sepi (< 50%),Mark-Up (Fase Pesta),Normal,Jarum Bawah (Sinyal Pantulan Kuat),Naik 3 Hari Beruntun,TP: 1445 | CL: 1320,Normal,Tidak Ideal (< 1:1),Netral / Sideways,Netral / Sepi Berita,Normal / Sedang Transisi,Golden Rebound Fibo 23.6% 🎯,7,BELI,TIDAK ADA,2026-09-01 09:00:03,Biasa / Mengikuti Pasar
09:00,MSIN,Token Mati (Perlu Update),Big Cap (Lapis 1),Fair Value (Wajar),18.474373,2.7487874,310.0,362,306,406,-1.89873417721519,43232200,Tembus MA20,20,Negatif,Downtrend,Bearish,Strong Bearish,Strong Downtrend (5<20<50),Normal,Distribusi (Turun),Normal,Seimbang / Adu Mekanik,Bottom Rebound,Tinggi,Normal,Dekat Support (Low Risk),> 1 Miliar,Di Bawah VWAP (Lemah),Distribusi Pro (Guyuran),Ritel Aktif (5M - 50M),Normal (50-150%),Mark-Down (Fase Runtuh),Solid (Jarang Dibanting),Normal,Turun 6 Hari Beruntun,TP: 334 | CL: 293,Open = High (Tekanan Jual),Sangat Menarik (> 1:3),Oversold (Jenuh Jual - Peluang),Netral / Sepi Berita,Normal / Sedang Transisi,Golden Rebound Fibo Bottom / 100% 🎯,1,WAIT & SEE,TIDAK ADA,2026-09-01 09:00:03,Biasa / Mengikuti Pasar
09:00,TNCA,Transaksi Sepi (Skip Broksum),Small Cap (Lapis 3),Overvalued (Mahal),51.074432,1.6577545,164.0,162,154,182,2.5,1483400,Normal,59,Positif,Uptrend,Bearish,Bearish MACD,Konsolidasi / Transisi,Normal,Akumulasi (Naik),Normal,Dominan Beli (Hajar Kanan),Squeeze,Rendah,Normal,Area Tengah,< 1 Miliar,Di Atas VWAP (Kuat),Distribusi Pro (Guyuran),Gorengan Sepi (< 5M),Normal (50-150%),Mark-Up (Fase Pesta),Spesialis Tiang Jemuran (Banting Pucuk),Normal,Naik 1 Hari Beruntun,TP: 176 | CL: 155,Normal,Ideal (1:2),Golden Cross (Awal Bullish),Netral / Sepi Berita,Normal / Sedang Transisi,Mendekati Fibo 50.0%,5,WAIT & SEE,TIDAK ADA,2026-09-01 09:00:03,Biasa / Mengikuti Pasar
09:00,MAPA,Token Mati (Perlu Update),Big Cap (Lapis 1),Fair Value (Wajar),10.592909,2.144836,720.0,669,620,730,-0.6896551724137931,21641700,Normal,65,Negatif,Uptrend,Bullish,Strong Bullish,Perfect Uptrend (5>20>50),Normal,Akumulasi (Naik),Normal,Seimbang / Adu Mekanik,Breakout Upper,Tinggi,Normal,Rawan Pucuk (High Risk),> 1 Miliar,Di Atas VWAP (Kuat),Akumulasi Pro (Smart Money),Ritel Aktif (5M - 50M),Normal (50-150%),Mark-Up (Fase Pesta),Solid (Jarang Dibanting),Jarum Bawah (Sinyal Pantulan Kuat),Turun 1 Hari Beruntun,TP: 763 | CL: 691,Normal,Tidak Ideal (< 1:1),Overbought (Jenuh Beli - Rawan),Netral / Sepi Berita,Normal / Sedang Transisi,Mengambang (Jauh dari Fibo),5,WAIT & SEE,TIDAK ADA,2026-09-01 09:00:03,Biasa / Mengikuti Pasar
09:00,TCPI,Token Mati (Perlu Update),Big Cap (Lapis 1),Overvalued (Mahal),81.9733,5.141938,2210.0,3329,2140,5350,-9.795918367346939,37277700,Tembus MA20,17,Negatif,Downtrend,Bearish,Bullish MACD,Strong Downtrend (5<20<50),Distribusi Kuat,Distribusi (Turun),Gap Up (+2.0%),Dominan Jual (Guyur),Normal,Tinggi,Normal,Area Tengah,> 1 Miliar,Di Bawah VWAP (Lemah),Distribusi Pro (Guyuran),Ritel Aktif (5M - 50M),Ledakan Ekstrem (> 300%),Mark-Down (Fase Runtuh),Normal,Normal,Turun 1 Hari Beruntun,TP: 2760 | CL: 1842,Normal,Sangat Menarik (> 1:3),Oversold (Jenuh Jual - Peluang),Netral / Sepi Berita,Supply Banjir (Distribusi) 🌊,Mendekati Fibo Bottom / 100%,3,WAIT & SEE,TIDAK ADA,2026-09-01 09:00:03,🔥 ANOMALI BANDAR (Siap Ledakan)
09:00,IPCC,Transaksi Sepi (Skip Broksum),Mid Cap (Lapis 2),Fair Value (Wajar),8.503401,1.6006324,1150.0,1161,1130,1190,0.0,704300,Tembus MA20,44,Negatif,Downtrend,Bearish,Strong Bearish,Strong Downtrend (5<20<50),Normal,Distribusi (Turun),Normal,Dominan Beli (Hajar Kanan),Squeeze,Rendah,Normal,Dekat Support (Low Risk),< 1 Miliar,Persis di VWAP,Akumulasi Pro (Smart Money),Gorengan Sepi (< 5M),Normal (50-150%),Mark-Down (Fase Runtuh),Normal,Normal,Sideways / Stagnan,TP: 1176 | CL: 1132,Normal,Ideal (1:2),Netral / Sideways,Netral / Sepi Berita,Normal / Sedang Transisi,Dekat Support Fibo 38.2%,2,WAIT & SEE,TIDAK ADA,2026-09-01 09:00:03,Biasa / Mengikuti Pasar
09:00,RISE,Token Mati (Perlu Update),Big Cap (Lapis 1),Overvalued (Mahal),76.95811,4.892226,845.0,932,845,1020,-6.111111111111111,3964600,Tembus MA20,33,Negatif,Downtrend,Bearish,Strong Bearish,Strong Downtrend (5<20<50),Distribusi Kuat,Distribusi (Turun),Normal,Dominan Jual (Guyur),Normal,Sedang,Normal,Dekat Support (Low Risk),> 1 Miliar,Di Bawah VWAP (Lemah),Distribusi Pro (Guyuran),Gorengan Sepi (< 5M),Anomali Tinggi (150-300%),Mark-Down (Fase Runtuh),Normal,Normal,Turun 2 Hari Beruntun,TP: 914 | CL: 798,Normal,Di Area Support,Oversold (Jenuh Jual - Peluang),Netral / Sepi Berita,Supply Banjir (Distribusi) 🌊,Mengambang (Jauh dari Fibo),1,WAIT & SEE,TIDAK ADA,2026-09-01 09:00:03,Biasa / Mengikuti Pasar
09:00,BPTR,Transaksi Sepi (Skip Broksum),Small Cap (Lapis 3),Undervalued (Murah),9.055784,0.41829103,75.0,75,73,88,-1.3157894736842104,2492100,Normal,49,Negatif,Downtrend,Bullish,Bearish MACD,Perfect Uptrend (5>20>50),Normal,Distribusi (Turun),Normal,Seimbang / Adu Mekanik,Squeeze,Rendah,Doji (Ragu-ragu),Dekat Support (Low Risk),< 1 Miliar,Di Bawah VWAP (Lemah),Distribusi Pro (Guyuran),Gorengan Sepi (< 5M),Normal (50-150%),Distribution (Fase Jualan),Spesialis Tiang Jemuran (Banting Pucuk),Normal,Turun 2 Hari Beruntun,TP: 79 | CL: 71,Normal,Sangat Menarik (> 1:3),Oversold (Jenuh Jual - Peluang),Netral / Sepi Berita,Normal / Sedang Transisi,Mendekati Fibo 50.0%,1,WAIT & SEE,TIDAK ADA,2026-09-01 09:00:03,Biasa / Mengikuti Pasar
09:00,NFCX,Transaksi Sepi (Skip Broksum),Mid Cap (Lapis 2),Overvalued (Mahal),0.0,4.2913685,1700.0,1591,1475,1880,2.1021021021021022,2100,Normal,61,Positif,Uptrend,Bullish,Strong Bullish,Awal Reversal (5>20),Normal,Distribusi (Turun),Gap Up (+3.3%),Seimbang / Adu Mekanik,Normal,Tinggi,Normal,Rawan Pucuk (High Risk),< 1 Miliar,Di Bawah VWAP (Lemah),Distribusi Pro (Guyuran),Gorengan Sepi (< 5M),Sepi (< 50%),Accumulation (Kumpul Barang),Spesialis Tiang Jemuran (Banting Pucuk),Normal,Naik 1 Hari Beruntun,TP: 1837 | CL: 1608,Open = High (Tekanan Jual),Tidak Ideal (< 1:1),Netral / Sideways,Netral / Sepi Berita,Supply Banjir (Distribusi) 🌊,Mendekati Fibo 50.0%,6,WAIT & SEE,TIDAK ADA,2026-09-01 09:00:03,Biasa / Mengikuti Pasar
09:00,MGRO,Token Mati (Perlu Update),Mid Cap (Lapis 2),Overvalued (Mahal),0.0,7.6025224,680.0,674,640,710,-0.7299270072992701,2165100,Normal,52,Negatif,Uptrend,Golden Cross,Strong Bullish,Awal Reversal (5>20),Normal,Akumulasi (Naik),Normal,Seimbang / Adu Mekanik,Squeeze,Rendah,Normal,Area Tengah,> 1 Miliar,Di Atas VWAP (Kuat),Akumulasi Pro (Smart Money),Gorengan Sepi (< 5M),Normal (50-150%),Accumulation (Kumpul Barang),Normal,Normal,Turun 1 Hari Beruntun,TP: 708 | CL: 661,Open = High (Tekanan Jual),Tidak Ideal (< 1:1),Death Cross (Awal Bearish),Netral / Sepi Berita,Normal / Sedang Transisi,Dekat Support Fibo 38.2%,5,WAIT & SEE,TIDAK ADA,2026-09-01 09:00:03,Biasa / Mengikuti Pasar
09:00,FILM,Token Mati (Perlu Update),Mid Cap (Lapis 2),Fair Value (Wajar),0.0,2.7967432,800.0,918,740,1155,0.628930817610063,191381000,Tembus MA20,33,Positif,Downtrend,Bearish,Bullish MACD,Strong Downtrend (5<20<50),Normal,Akumulasi (Naik),Normal,Dominan Jual (Guyur),Normal,Tinggi,Doji (Ragu-ragu),Area Tengah,> 1 Miliar,Di Bawah VWAP (Lemah),Distribusi Pro (Guyuran),Ritel Aktif (5M - 50M),Ledakan Ekstrem (> 300%),Mark-Down (Fase Runtuh),Spesialis Tiang Jemuran (Banting Pucuk),Normal,Naik 1 Hari Beruntun,TP: 925 | CL: 716,Normal,Sangat Menarik (> 1:3),Oversold (Jenuh Jual - Peluang),Netral / Sepi Berita,Normal / Sedang Transisi,Mengambang (Jauh dari Fibo),4,WAIT & SEE,TIDAK ADA,2026-09-01 09:00:03,Biasa / Mengikuti Pasar
09:00,ANDI,Transaksi Sepi (Skip Broksum),Small Cap (Lapis 3),Fair Value (Wajar),0.0,1.4274244,16.0,17,16,18,-5.88235294117647,12933000,Tembus MA20,35,Negatif,Downtrend,Bearish,Strong Bearish,Strong Downtrend (5<20<50),Distribusi Kuat,Distribusi (Turun),Normal,Dominan Jual (Guyur),Bottom Rebound,Tinggi,Normal,Dekat Support (Low Risk),< 1 Miliar,Di Bawah VWAP (Lemah),Distribusi Pro (Guyuran),Gorengan Sepi (< 5M),Anomali Tinggi (150-300%),Mark-Down (Fase Runtuh),Normal,Normal,Turun 1 Hari Beruntun,TP: 17 | CL: 15,Open = High (Tekanan Jual),Di Area Support,Netral / Sideways,Netral / Sepi Berita,Normal / Sedang Transisi,Dekat Support Fibo 61.8% (Golden Ratio),1,WAIT & SEE,TIDAK ADA,2026-09-01 09:00:03,Biasa / Mengikuti Pasar
09:00,LAND,Token Mati (Perlu Update),Small Cap (Lapis 3),Overvalued (Mahal),125.42374,0.45006964,74.0,76,70,87,1.36986301369863,14293100,Normal,49,Positif,Downtrend,Bearish,Bearish MACD,Konsolidasi / Transisi,Normal,Distribusi (Turun),Normal,Seimbang / Adu Mekanik,Normal,Tinggi,Normal,Area Tengah,> 1 Miliar,Persis di VWAP,Distribusi Pro (Guyuran),Gorengan Sepi (< 5M),Normal (50-150%),Distribution (Fase Jualan),Spesialis Tiang Jemuran (Banting Pucuk),Normal,Naik 1 Hari Beruntun,TP: 81 | CL: 69,Normal,Sangat Menarik (> 1:3),Golden Cross (Awal Bullish),Netral / Sepi Berita,Normal / Sedang Transisi,Mendekati Fibo 50.0%,1,WAIT & SEE,TIDAK ADA,2026-09-01 09:00:03,Biasa / Mengikuti Pasar
09:00,MOLI,Token Mati (Perlu Update),Small Cap (Lapis 3),Undervalued (Murah),7.1510425,0.6639527,312.0,276,250,328,10.638297872340425,34565600,Tembus MA20,71,Positif,Uptrend,Bullish,Strong Bullish,Perfect Uptrend (5>20>50),Akumulasi Kuat,Akumulasi (Naik),Normal,Seimbang / Adu Mekanik,Breakout Upper,Tinggi,Normal,Rawan Pucuk (High Risk),> 1 Miliar,Di Atas VWAP (Kuat),Akumulasi Pro (Smart Money),Gorengan Sepi (< 5M),Ledakan Ekstrem (> 300%),Mark-Up (Fase Pesta),Spesialis Tiang Jemuran (Banting Pucuk),Normal,Naik 3 Hari Beruntun,TP: 334 | CL: 297,Normal,Tidak Ideal (< 1:1),Netral / Sideways,Netral / Sepi Berita,Normal / Sedang Transisi,Mengambang (Jauh dari Fibo),8,BELI,TIDAK ADA,2026-09-01 09:00:03,Biasa / Mengikuti Pasar
09:00,PANI,Token Mati (Perlu Update),Big Cap (Lapis 1),Overvalued (Mahal),40.648987,3.6370971,5825.0,6105,5700,6875,-1.6877637130801686,4019300,Normal,39,Negatif,Downtrend,Bearish,Strong Bearish,Strong Downtrend (5<20<50),Normal,Distribusi (Turun),Normal,Dominan Jual (Guyur),Bottom Rebound,Sedang,Normal,Dekat Support (Low Risk),> 1 Miliar,Di Bawah VWAP (Lemah),Distribusi Pro (Guyuran),Ritel Aktif (5M - 50M),Normal (50-150%),Mark-Down (Fase Runtuh),Spesialis Tiang Jemuran (Banting Pucuk),Normal,Turun 2 Hari Beruntun,TP: 6095 | CL: 5644,Open = High (Tekanan Jual),Sangat Menarik (> 1:3),Netral / Sideways,Netral / Sepi Berita,Normal / Sedang Transisi,Mengambang (Jauh dari Fibo),0,WAIT & SEE,TIDAK ADA,2026-09-01 09:00:03,Biasa / Mengikuti Pasar
09:00,CITY,Transaksi Sepi (Skip Broksum),Small Cap (Lapis 3),Overvalued (Mahal),40.646652,1.059067,176.0,175,165,195,0.0,293700,Normal,54,Negatif,Uptrend,Bullish,Bearish MACD,Perfect Uptrend (5>20>50),Normal,Akumulasi (Naik),Normal,Seimbang / Adu Mekanik,Squeeze,Rendah,Normal,Area Tengah,< 1 Miliar,Persis di VWAP,Distribusi Pro (Guyuran),Gorengan Sepi (< 5M),Sepi (< 50%),Mark-Up (Fase Pesta),Spesialis Tiang Jemuran (Banting Pucuk),Normal,Sideways / Stagnan,TP: 187 | CL: 168,Normal,Ideal (1:2),Netral / Sideways,Netral / Sepi Berita,Supply Kering (Siap Pump) 🏜️,Golden Rebound Fibo 23.6% 🎯,4,WAIT & SEE,TIDAK ADA,2026-09-01 09:00:03,Biasa / Mengikuti Pasar
09:00,SAPX,Transaksi Sepi (Skip Broksum),Small Cap (Lapis 3),Overvalued (Mahal),94.32314,0.85744226,216.0,215,204,232,-0.9174311926605505,135600,Normal,51,Negatif,Uptrend,Bullish,Strong Bullish,Perfect Uptrend (5>20>50),Normal,Distribusi (Turun),Normal,Seimbang / Adu Mekanik,Squeeze,Rendah,Normal,Area Tengah,< 1 Miliar,Persis di VWAP,Distribusi Pro (Guyuran),Gorengan Sepi (< 5M),Normal (50-150%),Mark-Up (Fase Pesta),Spesialis Tiang Jemuran (Banting Pucuk),Normal,Turun 1 Hari Beruntun,TP: 231 | CL: 205,Open = High (Tekanan Jual),Menengah (1:1),Golden Cross (Awal Bullish),Netral / Sepi Berita,Normal / Sedang Transisi,Dekat Support Fibo 50.0%,4,WAIT & SEE,TIDAK ADA,2026-09-01 09:00:03,Biasa / Mengikuti Pasar
09:00,SURE,Transaksi Sepi (Skip Broksum),Mid Cap (Lapis 2),Overvalued (Mahal),1668.7898,-12.200858,2620.0,2691,2600,2820,0.38314176245210724,6400,Tembus MA20,40,Positif,Downtrend,Bearish,Strong Bearish,Strong Downtrend (5<20<50),Akumulasi Kuat,Akumulasi (Naik),Normal,Dominan Beli (Hajar Kanan),Bottom Rebound,Sedang,Normal,Dekat Support (Low Risk),< 1 Miliar,Persis di VWAP,Distribusi Pro (Guyuran),Gorengan Sepi (< 5M),Anomali Tinggi (150-300%),Mark-Down (Fase Runtuh),Spesialis Tiang Jemuran (Banting Pucuk),Normal,Naik 2 Hari Beruntun,TP: 2706 | CL: 2562,Normal,Sangat Menarik (> 1:3),Oversold (Jenuh Jual - Peluang),Netral / Sepi Berita,Normal / Sedang Transisi,Golden Rebound Fibo 78.6% 🎯,5,WAIT & SEE,TIDAK ADA,2026-09-01 09:00:03,Biasa / Mengikuti Pasar
09:00,MPRO,Transaksi Sepi (Skip Broksum),Big Cap (Lapis 1),Overvalued (Mahal),0.0,154.107,12225.0,12310,10025,14400,-0.40733197556008144,300,Normal,52,Negatif,Downtrend,Death Cross,Bearish MACD,Konsolidasi / Transisi,Normal,Distribusi (Turun),Gap Down (-2.0%),Dominan Beli (Hajar Kanan),Normal,Tinggi,Marubozu (Strong Bullish),Rawan Pucuk (High Risk),< 1 Miliar,Persis di VWAP,Distribusi Pro (Guyuran),Gorengan Sepi (< 5M),Sepi (< 50%),Distribution (Fase Jualan),Normal,Normal,Turun 1 Hari Beruntun,TP: 13923 | CL: 11092,Open = Low (Bullish Kuat),Tidak Ideal (< 1:1),Netral / Sideways,Netral / Sepi Berita,Normal / Sedang Transisi,Dekat Support Fibo 50.0%,2,WAIT & SEE,TIDAK ADA,2026-09-01 09:00:03,Biasa / Mengikuti Pasar
09:00,GOOD,Transaksi Sepi (Skip Broksum),Big Cap (Lapis 1),Overvalued (Mahal),16.736841,3.0025208,318.0,304,288,318,1.9230769230769231,483100,Tembus MA20,64,Positif,Uptrend,Bullish,Strong Bullish,Awal Reversal (5>20),Normal,Akumulasi (Naik),Normal,Dominan Beli (Hajar Kanan),Squeeze,Rendah,Normal,Rawan Pucuk (High Risk),< 1 Miliar,Di Atas VWAP (Kuat),Akumulasi Pro (Smart Money),Gorengan Sepi (< 5M),Anomali Tinggi (150-300%),Accumulation (Kumpul Barang),Spesialis Tiang Jemuran (Banting Pucuk),Normal,Naik 3 Hari Beruntun,TP: 327 | CL: 311,Normal,Tidak Ideal (< 1:1),Overbought (Jenuh Beli - Rawan),Netral / Sepi Berita,Normal / Sedang Transisi,Dekat Support Fibo 50.0%,8,BELI,TIDAK ADA,2026-09-01 09:00:03,Biasa / Mengikuti Pasar
09:00,SKRN,Transaksi Sepi (Skip Broksum),Mid Cap (Lapis 2),Overvalued (Mahal),15.103339,4.426222,380.0,396,378,422,-1.0416666666666665,585200,Tembus MA20,42,Negatif,Downtrend,Bearish,Strong Bearish,Konsolidasi / Transisi,Distribusi Kuat,Distribusi (Turun),Normal,Dominan Jual (Guyur),Bottom Rebound,Sedang,Normal,Dekat Support (Low Risk),< 1 Miliar,Di Bawah VWAP (Lemah),Distribusi Pro (Guyuran),Gorengan Sepi (< 5M),Anomali Tinggi (150-300%),Distribution (Fase Jualan),Normal,Normal,Turun 3 Hari Beruntun,TP: 401 | CL: 366,Normal,Sangat Menarik (> 1:3),Oversold (Jenuh Jual - Peluang),Netral / Sepi Berita,Normal / Sedang Transisi,Mendekati Fibo 50.0%,1,WAIT & SEE,TIDAK ADA,2026-09-01 09:00:03,Biasa / Mengikuti Pasar
09:00,YELO,Token Mati (Perlu Update),Small Cap (Lapis 3),Undervalued (Murah),6.245452,0.7426849,103.0,90,81,110,14.444444444444443,815974700,Tembus MA20,64,Positif,Uptrend,Golden Cross,Strong Bullish,Perfect Uptrend (5>20>50),Akumulasi Kuat,Akumulasi (Naik),Normal,Seimbang / Adu Mekanik,Breakout Upper,Tinggi,Normal,Rawan Pucuk (High Risk),> 1 Miliar,Di Atas VWAP (Kuat),Akumulasi Pro (Smart Money),Ritel Aktif (5M - 50M),Ledakan Ekstrem (> 300%),Mark-Up (Fase Pesta),Normal,Normal,Naik 3 Hari Beruntun,TP: 115 | CL: 94,Normal,Tidak Ideal (< 1:1),Netral / Sideways,Netral / Sepi Berita,Normal / Sedang Transisi,Mengambang (Jauh dari Fibo),8,BELI,TIDAK ADA,2026-09-01 09:00:03,⚠️ Anomali (Sudah Terbang)
09:00,CAKK,Transaksi Sepi (Skip Broksum),Small Cap (Lapis 3),Undervalued (Murah),13.093153,1.4075037,157.0,143,132,165,0.641025641025641,715600,Normal,70,Positif,Uptrend,Bullish,Strong Bullish,Perfect Uptrend (5>20>50),Normal,Akumulasi (Naik),Gap Up (+3.2%),Dominan Jual (Guyur),Breakout Upper,Tinggi,Normal,Rawan Pucuk (High Risk),< 1 Miliar,Di Atas VWAP (Kuat),Distribusi Pro (Guyuran),Gorengan Sepi (< 5M),Normal (50-150%),Mark-Up (Fase Pesta),Spesialis Tiang Jemuran (Banting Pucuk),Normal,Naik 3 Hari Beruntun,TP: 166 | CL: 150,Normal,Tidak Ideal (< 1:1),Death Cross (Awal Bearish),Netral / Sepi Berita,Supply Banjir (Distribusi) 🌊,Dekat Support Fibo 23.6%,7,BELI,TIDAK ADA,2026-09-01 09:00:03,Biasa / Mengikuti Pasar
09:00,SATU,Transaksi Sepi (Skip Broksum),Small Cap (Lapis 3),Overvalued (Mahal),0.0,7.8541555,246.0,255,236,264,0.819672131147541,315100,Tembus MA20,34,Positif,Downtrend,Bearish,Strong Bearish,Strong Downtrend (5<20<50),Akumulasi Kuat,Akumulasi (Naik),Normal,Seimbang / Adu Mekanik,Normal,Sedang,Normal,Area Tengah,< 1 Miliar,Di Atas VWAP (Kuat),Akumulasi Pro (Smart Money),Gorengan Sepi (< 5M),Anomali Tinggi (150-300%),Mark-Down (Fase Runtuh),Solid (Jarang Dibanting),Normal,Naik 2 Hari Beruntun,TP: 253 | CL: 240,Open = Low (Bullish Kuat),Ideal (1:2),Golden Cross (Awal Bullish),Netral / Sepi Berita,Normal / Sedang Transisi,Mendekati Fibo Bottom / 100%,4,WAIT & SEE,TIDAK ADA,2026-09-01 09:00:03,Biasa / Mengikuti Pasar
09:00,SOSS,Transaksi Sepi (Skip Broksum),Small Cap (Lapis 3),Overvalued (Mahal),18.991205,4.9797254,840.0,850,785,870,0.0,100,Normal,43,Negatif,Downtrend,Bearish,Strong Bearish,Strong Downtrend (5<20<50),Normal,Netral,Normal,Tidak Ada Transaksi,Squeeze,Rendah,Doji (Ragu-ragu),Area Tengah,< 1 Miliar,Persis di VWAP,Netral,Gorengan Sepi (< 5M),Sepi (< 50%),Mark-Down (Fase Runtuh),Solid (Jarang Dibanting),Normal,Sideways / Stagnan,TP: 844 | CL: 836,Normal,Tidak Ideal (< 1:1),Netral / Sideways,Netral / Sepi Berita,Supply Kering (Siap Pump) 🏜️,Mendekati Fibo 61.8% (Golden Ratio),0,WAIT & SEE,TIDAK ADA,2026-09-01 09:00:03,Biasa / Mengikuti Pasar
09:00,POLA,Transaksi Sepi (Skip Broksum),Small Cap (Lapis 3),Overvalued (Mahal),31.54762,0.7952943,53.0,56,50,63,1.9230769230769231,5832500,Normal,39,Positif,Downtrend,Bearish,Strong Bearish,Strong Downtrend (5<20<50),Normal,Distribusi (Turun),Normal,Seimbang / Adu Mekanik,Normal,Tinggi,Normal,Area Tengah,< 1 Miliar,Di Bawah VWAP (Lemah),Distribusi Pro (Guyuran),Gorengan Sepi (< 5M),Normal (50-150%),Mark-Down (Fase Runtuh),Normal,Normal,Naik 1 Hari Beruntun,TP: 57 | CL: 50,Open = Low (Bullish Kuat),Sangat Menarik (> 1:3),Golden Cross (Awal Bullish),Netral / Sepi Berita,Normal / Sedang Transisi,Mendekati Fibo Bottom / 100%,1,WAIT & SEE,TIDAK ADA,2026-09-01 09:00:03,Biasa / Mengikuti Pasar
09:00,DIVA,Transaksi Sepi (Skip Broksum),Small Cap (Lapis 3),Fair Value (Wajar),0.0,0.3220018,138.0,136,120,152,0.7299270072992701,2024900,Normal,57,Positif,Uptrend,Death Cross,Bearish MACD,Konsolidasi / Transisi,Normal,Akumulasi (Naik),Normal,Seimbang / Adu Mekanik,Normal,Sedang,Normal,Rawan Pucuk (High Risk),< 1 Miliar,Persis di VWAP,Distribusi Pro (Guyuran),Gorengan Sepi (< 5M),Sepi (< 50%),Mark-Up (Fase Pesta),Spesialis Tiang Jemuran (Banting Pucuk),Normal,Naik 1 Hari Beruntun,TP: 148 | CL: 130,Normal,Tidak Ideal (< 1:1),Golden Cross (Awal Bullish),Netral / Sepi Berita,Normal / Sedang Transisi,Dekat Support Fibo 23.6%,4,WAIT & SEE,TIDAK ADA,2026-09-01 09:00:03,Biasa / Mengikuti Pasar
09:00,LUCK,Transaksi Sepi (Skip Broksum),Small Cap (Lapis 3),Fair Value (Wajar),0.0,0.6814043,113.0,113,105,121,1.8018018018018018,2700400,Normal,53,Positif,Downtrend,Bearish,Bearish MACD,Konsolidasi / Transisi,Normal,Akumulasi (Naik),Normal,Seimbang / Adu Mekanik,Squeeze,Rendah,Normal,Area Tengah,< 1 Miliar,Persis di VWAP,Distribusi Pro (Guyuran),Gorengan Sepi (< 5M),Normal (50-150%),Distribution (Fase Jualan),Spesialis Tiang Jemuran (Banting Pucuk),Normal,Naik 1 Hari Beruntun,TP: 121 | CL: 107,Open = Low (Bullish Kuat),Menengah (1:1),Netral / Sideways,Netral / Sepi Berita,Normal / Sedang Transisi,Dekat Support Fibo 50.0%,3,WAIT & SEE,TIDAK ADA,2026-09-01 09:00:03,Biasa / Mengikuti Pasar
09:00,URBN,Transaksi Sepi (Skip Broksum),Small Cap (Lapis 3),Fair Value (Wajar),0.0,0.7888518,218.0,212,193,222,1.8691588785046727,59900,Normal,55,Positif,Uptrend,Bullish,Strong Bullish,Awal Reversal (5>20),Normal,Distribusi (Turun),Gap Up (+3.7%),Seimbang / Adu Mekanik,Normal,Sedang,Normal,Rawan Pucuk (High Risk),< 1 Miliar,Di Atas VWAP (Kuat),Distribusi Pro (Guyuran),Gorengan Sepi (< 5M),Sepi (< 50%),Accumulation (Kumpul Barang),Normal,Normal,Naik 1 Hari Beruntun,TP: 227 | CL: 211,Open = High (Tekanan Jual),Tidak Ideal (< 1:1),Overbought (Jenuh Beli - Rawan),Netral / Sepi Berita,Normal / Sedang Transisi,Mendekati Fibo 38.2%,6,WAIT & SEE,TIDAK ADA,2026-09-01 09:00:03,Biasa / Mengikuti Pasar
09:00,SOTS,Transaksi Sepi (Skip Broksum),Small Cap (Lapis 3),Overvalued (Mahal),0.0,3.6164558,615.0,628,575,740,-0.8064516129032258,89100,Normal,46,Negatif,Downtrend,Bearish,Bearish MACD,Konsolidasi / Transisi,Normal,Distribusi (Turun),Normal,Seimbang / Adu Mekanik,Normal,Tinggi,Normal,Area Tengah,< 1 Miliar,Di Bawah VWAP (Lemah),Akumulasi Pro (Smart Money),Gorengan Sepi (< 5M),Sepi (< 50%),Distribution (Fase Jualan),Spesialis Tiang Jemuran (Banting Pucuk),Normal,Turun 2 Hari Beruntun,TP: 694 | CL: 561,Normal,Sangat Menarik (> 1:3),Netral / Sideways,Netral / Sepi Berita,Normal / Sedang Transisi,Dekat Support Fibo 61.8% (Golden Ratio),0,WAIT & SEE,TIDAK ADA,2026-09-01 09:00:03,Biasa / Mengikuti Pasar
09:00,ZONE,Transaksi Sepi (Skip Broksum),Small Cap (Lapis 3),Fair Value (Wajar),13.644982,1.6707169,770.0,735,645,885,-1.282051282051282,82200,Normal,61,Negatif,Uptrend,Bullish,Bearish MACD,Perfect Uptrend (5>20>50),Normal,Akumulasi (Naik),Normal,Dominan Beli (Hajar Kanan),Normal,Tinggi,Hammer (Potensi Reversal),Rawan Pucuk (High Risk),< 1 Miliar,Persis di VWAP,Akumulasi Pro (Smart Money),Gorengan Sepi (< 5M),Sepi (< 50%),Mark-Up (Fase Pesta),Normal,Jarum Bawah (Sinyal Pantulan Kuat),Turun 2 Hari Beruntun,TP: 863 | CL: 707,Open = High (Tekanan Jual),Tidak Ideal (< 1:1),Death Cross (Awal Bearish),Netral / Sepi Berita,Supply Banjir (Distribusi) 🌊,Mengambang (Jauh dari Fibo),5,WAIT & SEE,TIDAK ADA,2026-09-01 09:00:03,Biasa / Mengikuti Pasar
09:00,PEHA,Token Mati (Perlu Update),Small Cap (Lapis 3),Undervalued (Murah),7.2380953,0.6137695,304.0,274,258,330,10.948905109489052,6893200,Tembus MA20,65,Positif,Uptrend,Bullish,Strong Bullish,Perfect Uptrend (5>20>50),Akumulasi Kuat,Akumulasi (Naik),Gap Up (+4.4%),Seimbang / Adu Mekanik,Breakout Upper,Tinggi,Normal,Rawan Pucuk (High Risk),> 1 Miliar,Di Atas VWAP (Kuat),Distribusi Pro (Guyuran),Gorengan Sepi (< 5M),Anomali Tinggi (150-300%),Mark-Up (Fase Pesta),Spesialis Tiang Jemuran (Banting Pucuk),Normal,Naik 1 Hari Beruntun,TP: 340 | CL: 280,Normal,Tidak Ideal (< 1:1),Netral / Sideways,Netral / Sepi Berita,Normal / Sedang Transisi,Dekat Support Fibo 23.6%,9,BELI,TIDAK ADA,2026-09-01 09:00:03,Biasa / Mengikuti Pasar
09:00,BEEF,Token Mati (Perlu Update),Mid Cap (Lapis 2),Overvalued (Mahal),46.282722,9.484775,442.0,439,354,498,0.0,7637800,Normal,62,Negatif,Uptrend,Bullish,Bearish MACD,Perfect Uptrend (5>20>50),Normal,Distribusi (Turun),Normal,Seimbang / Adu Mekanik,Normal,Tinggi,Doji (Ragu-ragu),Rawan Pucuk (High Risk),> 1 Miliar,Di Bawah VWAP (Lemah),Distribusi Pro (Guyuran),Gorengan Sepi (< 5M),Sepi (< 50%),Mark-Up (Fase Pesta),Spesialis Tiang Jemuran (Banting Pucuk),Normal,Sideways / Stagnan,TP: 490 | CL: 409,Normal,Tidak Ideal (< 1:1),Death Cross (Awal Bearish),Netral / Sepi Berita,Normal / Sedang Transisi,Mengambang (Jauh dari Fibo),3,WAIT & SEE,TIDAK ADA,2026-09-01 09:00:03,Biasa / Mengikuti Pasar
09:00,POLI,Transaksi Sepi (Skip Broksum),Mid Cap (Lapis 2),Overvalued (Mahal),26.244343,0.81688297,870.0,773,695,995,5.454545454545454,150100,Tembus MA20,66,Positif,Uptrend,Bullish,Strong Bullish,Perfect Uptrend (5>20>50),Akumulasi Kuat,Akumulasi (Naik),Normal,Seimbang / Adu Mekanik,Breakout Upper,Tinggi,Normal,Rawan Pucuk (High Risk),< 1 Miliar,Persis di VWAP,Distribusi Pro (Guyuran),Gorengan Sepi (< 5M),Anomali Tinggi (150-300%),Mark-Up (Fase Pesta),Spesialis Tiang Jemuran (Banting Pucuk),Normal,Naik 1 Hari Beruntun,TP: 975 | CL: 799,Normal,Tidak Ideal (< 1:1),Netral / Sideways,Netral / Sepi Berita,Normal / Sedang Transisi,Dekat Support Fibo 38.2%,8,BELI,TIDAK ADA,2026-09-01 09:00:03,Biasa / Mengikuti Pasar
09:00,CLAY,Transaksi Sepi (Skip Broksum),Mid Cap (Lapis 2),Overvalued (Mahal),263.10678,243.85855,2710.0,2733,2350,2930,0.3703703703703704,10100,Normal,53,Positif,Downtrend,Death Cross,Bearish MACD,Konsolidasi / Transisi,Normal,Distribusi (Turun),Normal,Dominan Beli (Hajar Kanan),Squeeze,Rendah,Marubozu (Strong Bullish),Rawan Pucuk (High Risk),< 1 Miliar,Di Atas VWAP (Kuat),Akumulasi Pro (Smart Money),Gorengan Sepi (< 5M),Normal (50-150%),Distribution (Fase Jualan),Spesialis Tiang Jemuran (Banting Pucuk),Normal,Naik 1 Hari Beruntun,TP: 2905 | CL: 2580,Open = Low (Bullish Kuat),Tidak Ideal (< 1:1),Death Cross (Awal Bearish),Netral / Sepi Berita,Normal / Sedang Transisi,Dekat Support Fibo 38.2%,3,WAIT & SEE,TIDAK ADA,2026-09-01 09:00:03,Biasa / Mengikuti Pasar
09:00,NATO,Token Mati (Perlu Update),Mid Cap (Lapis 2),Overvalued (Mahal),0.0,3.0581625,800.0,665,615,855,16.78832116788321,1690400,Tembus MA20,87,Positif,Uptrend,Bullish,Strong Bullish,Perfect Uptrend (5>20>50),Akumulasi Kuat,Akumulasi (Naik),Normal,Seimbang / Adu Mekanik,Breakout Upper,Tinggi,Normal,Rawan Pucuk (High Risk),> 1 Miliar,Di Atas VWAP (Kuat),Akumulasi Pro (Smart Money),Gorengan Sepi (< 5M),Ledakan Ekstrem (> 300%),Mark-Up (Fase Pesta),Spesialis Tiang Jemuran (Banting Pucuk),Normal,Naik 3 Hari Beruntun,TP: 862 | CL: 758,Open = Low (Bullish Kuat),Tidak Ideal (< 1:1),Death Cross (Awal Bearish),Netral / Sepi Berita,Normal / Sedang Transisi,Mendekati Fibo 23.6%,8,BELI,TIDAK ADA,2026-09-01 09:00:03,⚠️ Anomali (Sudah Terbang)
09:00,JAYA,Transaksi Sepi (Skip Broksum),Small Cap (Lapis 3),Undervalued (Murah),10.14275,0.8044094,135.0,133,128,147,0.7462686567164178,1291700,Normal,62,Positif,Uptrend,Bullish,Bearish MACD,Perfect Uptrend (5>20>50),Normal,Distribusi (Turun),Normal,Seimbang / Adu Mekanik,Squeeze,Rendah,Normal,Area Tengah,< 1 Miliar,Di Bawah VWAP (Lemah),Distribusi Pro (Guyuran),Gorengan Sepi (< 5M),Sepi (< 50%),Mark-Up (Fase Pesta),Spesialis Tiang Jemuran (Banting Pucuk),Normal,Naik 2 Hari Beruntun,TP: 142 | CL: 130,Normal,Ideal (1:2),Golden Cross (Awal Bullish),Netral / Sepi Berita,Normal / Sedang Transisi,Mendekati Fibo 38.2%,4,WAIT & SEE,TIDAK ADA,2026-09-01 09:00:03,Biasa / Mengikuti Pasar
09:00,COCO,Token Mati (Perlu Update),Mid Cap (Lapis 2),Overvalued (Mahal),14.570447,4.589142,106.0,103,96,116,6.0,329036400,Tembus MA20,45,Positif,Uptrend,Bearish,Bullish MACD,Strong Downtrend (5<20<50),Normal,Akumulasi (Naik),Normal,Dominan Beli (Hajar Kanan),Normal,Tinggi,Normal,Rawan Pucuk (High Risk),> 1 Miliar,Di Atas VWAP (Kuat),Akumulasi Pro (Smart Money),Ritel Aktif (5M - 50M),Anomali Tinggi (150-300%),Accumulation (Kumpul Barang),Normal,Normal,Naik 1 Hari Beruntun,TP: 113 | CL: 101,Normal,Menengah (1:1),Netral / Sideways,Netral / Sepi Berita,Normal / Sedang Transisi,Mengambang (Jauh dari Fibo),6,WAIT & SEE,TIDAK ADA,2026-09-01 09:00:03,Biasa / Mengikuti Pasar
09:00,HRME,Transaksi Sepi (Skip Broksum),Small Cap (Lapis 3),Fair Value (Wajar),0.0,0.42857465,38.0,41,36,45,-2.564102564102564,1914500,Tembus MA20,40,Negatif,Downtrend,Bearish,Strong Bearish,Strong Downtrend (5<20<50),Normal,Distribusi (Turun),Gap Up (+5.1%),Dominan Jual (Guyur),Normal,Tinggi,Normal,Area Tengah,< 1 Miliar,Di Bawah VWAP (Lemah),Distribusi Pro (Guyuran),Gorengan Sepi (< 5M),Normal (50-150%),Mark-Down (Fase Runtuh),Normal,Normal,Turun 1 Hari Beruntun,TP: 41 | CL: 35,Open = High (Tekanan Jual),Sangat Menarik (> 1:3),Golden Cross (Awal Bullish),Netral / Sepi Berita,Normal / Sedang Transisi,Mendekati Fibo Bottom / 100%,2,WAIT & SEE,TIDAK ADA,2026-09-01 09:00:03,Biasa / Mengikuti Pasar
09:00,JAST,Token Mati (Perlu Update),Small Cap (Lapis 3),Fair Value (Wajar),0.0,1.831716,94.0,87,81,120,-2.083333333333333,20563100,Normal,57,Negatif,Uptrend,Bullish,Strong Bullish,Perfect Uptrend (5>20>50),Normal,Akumulasi (Naik),Normal,Dominan Jual (Guyur),Normal,Tinggi,Normal,Rawan Pucuk (High Risk),> 1 Miliar,Di Bawah VWAP (Lemah),Distribusi Pro (Guyuran),Ritel Aktif (5M - 50M),Sepi (< 50%),Mark-Up (Fase Pesta),Spesialis Tiang Jemuran (Banting Pucuk),Normal,Turun 3 Hari Beruntun,TP: 106 | CL: 85,Open = High (Tekanan Jual),Ideal (1:2),Netral / Sideways,Netral / Sepi Berita,Supply Banjir (Distribusi) 🌊,Dekat Support Fibo 50.0%,5,WAIT & SEE,TIDAK ADA,2026-09-01 09:00:03,Biasa / Mengikuti Pasar
09:00,FITT,Transaksi Sepi (Skip Broksum),Small Cap (Lapis 3),Overvalued (Mahal),0.0,6.939008,390.0,369,348,426,0.5154639175257731,658100,Tembus MA20,60,Positif,Uptrend,Bullish,Strong Bullish,Awal Reversal (5>20),Normal,Akumulasi (Naik),Normal,Dominan Jual (Guyur),Normal,Tinggi,Normal,Rawan Pucuk (High Risk),< 1 Miliar,Persis di VWAP,Distribusi Pro (Guyuran),Gorengan Sepi (< 5M),Normal (50-150%),Accumulation (Kumpul Barang),Spesialis Tiang Jemuran (Banting Pucuk),Normal,Naik 2 Hari Beruntun,TP: 428 | CL: 364,Normal,Tidak Ideal (< 1:1),Netral / Sideways,Netral / Sepi Berita,Normal / Sedang Transisi,Dekat Support Fibo 38.2%,7,BELI,TIDAK ADA,2026-09-01 09:00:03,Biasa / Mengikuti Pasar
09:00,BOLA,Transaksi Sepi (Skip Broksum),Small Cap (Lapis 3),Fair Value (Wajar),0.0,1.5479556,150.0,152,143,164,2.0408163265306123,235100,Normal,45,Positif,Downtrend,Bearish,Strong Bearish,Strong Downtrend (5<20<50),Normal,Akumulasi (Naik),Normal,Dominan Beli (Hajar Kanan),Normal,Sedang,Hammer (Potensi Reversal),Area Tengah,< 1 Miliar,Di Atas VWAP (Kuat),Distribusi Pro (Guyuran),Gorengan Sepi (< 5M),Sepi (< 50%),Mark-Down (Fase Runtuh),Normal,Jarum Bawah (Sinyal Pantulan Kuat),Naik 1 Hari Beruntun,TP: 157 | CL: 144,Normal,Ideal (1:2),Golden Cross (Awal Bullish),Netral / Sepi Berita,Normal / Sedang Transisi,Golden Rebound Fibo 50.0% 🎯,3,WAIT & SEE,TIDAK ADA,2026-09-01 09:00:03,Biasa / Mengikuti Pasar
09:00,CCSI,Transaksi Sepi (Skip Broksum),Small Cap (Lapis 3),Undervalued (Murah),8.242603,0.64955366,268.0,254,232,300,3.875968992248062,1306900,Tembus MA20,64,Positif,Uptrend,Bullish,Strong Bullish,Perfect Uptrend (5>20>50),Distribusi Kuat,Akumulasi (Naik),Gap Up (+7.8%),Dominan Jual (Guyur),Normal,Sedang,Normal,Rawan Pucuk (High Risk),< 1 Miliar,Persis di VWAP,Distribusi Pro (Guyuran),Gorengan Sepi (< 5M),Anomali Tinggi (150-300%),Mark-Up (Fase Pesta),Spesialis Tiang Jemuran (Banting Pucuk),Normal,Naik 2 Hari Beruntun,TP: 299 | CL: 247,Normal,Tidak Ideal (< 1:1),Golden Cross (Awal Bullish),Netral / Sepi Berita,Normal / Sedang Transisi,Dekat Support Fibo 38.2%,8,BELI,TIDAK ADA,2026-09-01 09:00:03,Biasa / Mengikuti Pasar
09:00,SFAN,Transaksi Sepi (Skip Broksum),Mid Cap (Lapis 2),Overvalued (Mahal),0.0,29.044521,2040.0,2005,1965,2050,0.49261083743842365,49400,Tembus MA20,86,Positif,Uptrend,Bullish,Strong Bullish,Perfect Uptrend (5>20>50),Normal,Akumulasi (Naik),Normal,Dominan Beli (Hajar Kanan),Squeeze,Rendah,Normal,Area Tengah,< 1 Miliar,Persis di VWAP,Akumulasi Pro (Smart Money),Gorengan Sepi (< 5M),Normal (50-150%),Mark-Up (Fase Pesta),Normal,Normal,Naik 1 Hari Beruntun,TP: 2058 | CL: 2027,Normal,Tidak Ideal (< 1:1),Netral / Sideways,Netral / Sepi Berita,Normal / Sedang Transisi,Dekat Support Fibo 23.6%,8,BELI,TIDAK ADA,2026-09-01 09:00:03,Biasa / Mengikuti Pasar
09:00,POLU,Transaksi Sepi (Skip Broksum),Big Cap (Lapis 1),Overvalued (Mahal),0.0,115.227875,18775.0,13015,11000,21850,2.0380434782608696,18200,Normal,77,Positif,Uptrend,Bullish,Strong Bullish,Perfect Uptrend (5>20>50),Normal,Akumulasi (Naik),Normal,Dominan Jual (Guyur),Breakout Upper,Tinggi,Normal,Rawan Pucuk (High Risk),< 1 Miliar,Di Atas VWAP (Kuat),Akumulasi Pro (Smart Money),Gorengan Sepi (< 5M),Sepi (< 50%),Mark-Up (Fase Pesta),Spesialis Tiang Jemuran (Banting Pucuk),Normal,Naik 1 Hari Beruntun,TP: 20794 | CL: 17428,Open = Low (Bullish Kuat),Tidak Ideal (< 1:1),Death Cross (Awal Bearish),Netral / Sepi Berita,Normal / Sedang Transisi,Dekat Support Fibo 23.6%,6,WAIT & SEE,TIDAK ADA,2026-09-01 09:00:03,Biasa / Mengikuti Pasar
09:00,KJEN,Token Mati (Perlu Update),Small Cap (Lapis 3),Fair Value (Wajar),0.0,1.3186287,165.0,158,138,193,1.8518518518518516,8942600,Normal,59,Positif,Uptrend,Bullish,Bearish MACD,Perfect Uptrend (5>20>50),Normal,Akumulasi (Naik),Normal,Seimbang / Adu Mekanik,Normal,Tinggi,Normal,Rawan Pucuk (High Risk),> 1 Miliar,Di Atas VWAP (Kuat),Akumulasi Pro (Smart Money),Gorengan Sepi (< 5M),Sepi (< 50%),Mark-Up (Fase Pesta),Normal,Normal,Naik 1 Hari Beruntun,TP: 186 | CL: 150,Normal,Menengah (1:1),Golden Cross (Awal Bullish),Netral / Sepi Berita,Normal / Sedang Transisi,Mengambang (Jauh dari Fibo),5,WAIT & SEE,TIDAK ADA,2026-09-01 09:00:03,Biasa / Mengikuti Pasar
09:00,ITIC,Transaksi Sepi (Skip Broksum),Small Cap (Lapis 3),Undervalued (Murah),10.426849,0.43818638,224.0,225,208,250,0.9009009009009009,467200,Normal,54,Positif,Downtrend,Bearish,Bearish MACD,Konsolidasi / Transisi,Normal,Akumulasi (Naik),Normal,Dominan Jual (Guyur),Normal,Sedang,Normal,Area Tengah,< 1 Miliar,Di Bawah VWAP (Lemah),Distribusi Pro (Guyuran),Gorengan Sepi (< 5M),Normal (50-150%),Distribution (Fase Jualan),Spesialis Tiang Jemuran (Banting Pucuk),Normal,Naik 1 Hari Beruntun,TP: 237 | CL: 215,Open = Low (Bullish Kuat),Ideal (1:2),Golden Cross (Awal Bullish),Netral / Sepi Berita,Supply Kering (Siap Pump) 🏜️,Mendekati Fibo 38.2%,3,WAIT & SEE,TIDAK ADA,2026-09-01 09:00:03,Biasa / Mengikuti Pasar
09:00,PAMG,Transaksi Sepi (Skip Broksum),Small Cap (Lapis 3),Fair Value (Wajar),0.0,0.40760174,56.0,56,53,64,0.0,4074300,Normal,51,Negatif,Downtrend,Bearish,Bearish MACD,Konsolidasi / Transisi,Normal,Akumulasi (Naik),Normal,Dominan Beli (Hajar Kanan),Squeeze,Rendah,Doji (Ragu-ragu),Area Tengah,< 1 Miliar,Persis di VWAP,Distribusi Pro (Guyuran),Gorengan Sepi (< 5M),Sepi (< 50%),Distribution (Fase Jualan),Spesialis Tiang Jemuran (Banting Pucuk),Jarum Bawah (Sinyal Pantulan Kuat),Sideways / Stagnan,TP: 60 | CL: 53,Normal,Ideal (1:2),Golden Cross (Awal Bullish),Netral / Sepi Berita,Normal / Sedang Transisi,Mendekati Fibo 78.6%,3,WAIT & SEE,TIDAK ADA,2026-09-01 09:00:03,Biasa / Mengikuti Pasar
09:00,IPTV,Transaksi Sepi (Skip Broksum),Mid Cap (Lapis 2),Fair Value (Wajar),0.0,0.22543323,31.0,30,29,32,0.0,4056700,Tembus MA20,51,Negatif,Uptrend,Bullish,Bullish MACD,Awal Reversal (5>20),Normal,Distribusi (Turun),Normal,Tidak Ada Transaksi,Normal,Sedang,Doji (Ragu-ragu),Area Tengah,< 1 Miliar,Persis di VWAP,Akumulasi Pro (Smart Money),Gorengan Sepi (< 5M),Normal (50-150%),Accumulation (Kumpul Barang),Normal,Normal,Sideways / Stagnan,TP: 32 | CL: 30,Normal,Tidak Ideal (< 1:1),Netral / Sideways,Netral / Sepi Berita,Normal / Sedang Transisi,Mendekati Fibo 78.6%,5,WAIT & SEE,TIDAK ADA,2026-09-01 09:00:03,Biasa / Mengikuti Pasar
09:00,BLUE,Transaksi Sepi (Skip Broksum),Mid Cap (Lapis 2),Overvalued (Mahal),79.36046,11.894181,2730.0,2522,2290,2970,-0.7272727272727273,230200,Normal,55,Negatif,Uptrend,Bullish,Bullish MACD,Awal Reversal (5>20),Normal,Distribusi (Turun),Normal,Dominan Jual (Guyur),Normal,Tinggi,Normal,Rawan Pucuk (High Risk),< 1 Miliar,Persis di VWAP,Distribusi Pro (Guyuran),Gorengan Sepi (< 5M),Normal (50-150%),Accumulation (Kumpul Barang),Spesialis Tiang Jemuran (Banting Pucuk),Normal,Turun 2 Hari Beruntun,TP: 2968 | CL: 2570,Normal,Tidak Ideal (< 1:1),Death Cross (Awal Bearish),Netral / Sepi Berita,Normal / Sedang Transisi,Mendekati Fibo 78.6%,4,WAIT & SEE,TIDAK ADA,2026-09-01 09:00:03,Biasa / Mengikuti Pasar
09:00,EAST,Transaksi Sepi (Skip Broksum),Small Cap (Lapis 3),Fair Value (Wajar),21.728632,0.80956364,90.0,90,89,92,0.0,3825900,Tembus MA20,52,Negatif,Downtrend,Bearish,Bearish MACD,Konsolidasi / Transisi,Normal,Akumulasi (Naik),Normal,Seimbang / Adu Mekanik,Squeeze,Rendah,Doji (Ragu-ragu),Dekat Support (Low Risk),< 1 Miliar,Persis di VWAP,Akumulasi Pro (Smart Money),Gorengan Sepi (< 5M),Anomali Tinggi (150-300%),Distribution (Fase Jualan),Normal,Normal,Sideways / Stagnan,TP: 92 | CL: 88,Normal,Ideal (1:2),Netral / Sideways,Netral / Sepi Berita,Normal / Sedang Transisi,Dekat Support Fibo 23.6%,3,WAIT & SEE,TIDAK ADA,2026-09-01 09:00:03,Biasa / Mengikuti Pasar
09:00,LIFE,Token Mati (Perlu Update),Big Cap (Lapis 1),Overvalued (Mahal),74.62406,2.5439148,9925.0,6310,5500,10125,17.45562130177515,174100,Tembus MA20,90,Positif,Uptrend,Bullish,Strong Bullish,Perfect Uptrend (5>20>50),Akumulasi Kuat,Akumulasi (Naik),Normal,Dominan Beli (Hajar Kanan),Breakout Upper,Tinggi,Marubozu (Strong Bullish),Rawan Pucuk (High Risk),> 1 Miliar,Di Atas VWAP (Kuat),Akumulasi Pro (Smart Money),Gorengan Sepi (< 5M),Anomali Tinggi (150-300%),Mark-Up (Fase Pesta),Normal,Normal,Naik 4 Hari Beruntun,TP: 10733 | CL: 9385,Open = Low (Bullish Kuat),Tidak Ideal (< 1:1),Overbought (Jenuh Beli - Rawan),Netral / Sepi Berita,Normal / Sedang Transisi,Mengambang (Jauh dari Fibo),9,BELI,TIDAK ADA,2026-09-01 09:00:03,⚠️ Anomali (Sudah Terbang)
09:00,FUJI,Token Mati (Perlu Update),Small Cap (Lapis 3),Overvalued (Mahal),51.57895,2.0735476,294.0,252,200,386,-10.909090909090908,8036100,Tembus MA20,59,Negatif,Uptrend,Bullish,Strong Bullish,Perfect Uptrend (5>20>50),Normal,Distribusi (Turun),Normal,Dominan Jual (Guyur),Normal,Tinggi,Normal,Rawan Pucuk (High Risk),> 1 Miliar,Di Bawah VWAP (Lemah),Distribusi Pro (Guyuran),Gorengan Sepi (< 5M),Normal (50-150%),Mark-Up (Fase Pesta),Normal,Normal,Turun 2 Hari Beruntun,TP: 344 | CL: 260,Open = High (Tekanan Jual),Tidak Ideal (< 1:1),Death Cross (Awal Bearish),Netral / Sepi Berita,Normal / Sedang Transisi,Mendekati Fibo 50.0%,5,WAIT & SEE,TIDAK ADA,2026-09-01 09:00:03,Biasa / Mengikuti Pasar
09:00,KOTA,Token Mati (Perlu Update),Mid Cap (Lapis 2),Overvalued (Mahal),44.08163,1.8346286,216.0,168,140,216,34.161490683229815,3829160800,Tembus MA20,69,Positif,Uptrend,Golden Cross,Bearish MACD,Perfect Uptrend (5>20>50),Akumulasi Kuat,Akumulasi (Naik),Gap Up (+8.1%),Dominan Beli (Hajar Kanan),Breakout Upper,Tinggi,Marubozu (Strong Bullish),Rawan Pucuk (High Risk),> 1 Miliar,Di Atas VWAP (Kuat),Akumulasi Pro (Smart Money),Sultan (> 50M/hari),Ledakan Ekstrem (> 300%),Mark-Up (Fase Pesta),Spesialis Tiang Jemuran (Banting Pucuk),Normal,Naik 1 Hari Beruntun,TP: 244 | CL: 197,Normal,Tidak Ideal (< 1:1),Netral / Sideways,Netral / Sepi Berita,Normal / Sedang Transisi,Mengambang (Jauh dari Fibo),9,BELI,TIDAK ADA,2026-09-01 09:00:03,⚠️ Anomali (Sudah Terbang)
09:00,INOV,Transaksi Sepi (Skip Broksum),Small Cap (Lapis 3),Undervalued (Murah),7.5414786,0.692579,140.0,144,131,155,0.7194244604316548,1158400,Normal,50,Positif,Downtrend,Bearish,Bearish MACD,Konsolidasi / Transisi,Normal,Distribusi (Turun),Normal,Seimbang / Adu Mekanik,Squeeze,Rendah,Normal,Area Tengah,< 1 Miliar,Persis di VWAP,Distribusi Pro (Guyuran),Gorengan Sepi (< 5M),Sepi (< 50%),Distribution (Fase Jualan),Normal,Normal,Naik 1 Hari Beruntun,TP: 149 | CL: 133,Normal,Ideal (1:2),Netral / Sideways,Netral / Sepi Berita,Normal / Sedang Transisi,Mendekati Fibo 38.2%,1,WAIT & SEE,TIDAK ADA,2026-09-01 09:00:03,Biasa / Mengikuti Pasar
09:00,SMKL,Transaksi Sepi (Skip Broksum),Small Cap (Lapis 3),Undervalued (Murah),4.426657,0.48100364,146.0,146,141,157,0.0,84300,Normal,52,Negatif,Downtrend,Bearish,Bearish MACD,Konsolidasi / Transisi,Normal,Akumulasi (Naik),Normal,Dominan Jual (Guyur),Squeeze,Rendah,Doji (Ragu-ragu),Area Tengah,< 1 Miliar,Persis di VWAP,Distribusi Pro (Guyuran),Gorengan Sepi (< 5M),Normal (50-150%),Distribution (Fase Jualan),Spesialis Tiang Jemuran (Banting Pucuk),Normal,Sideways / Stagnan,TP: 154 | CL: 140,Normal,Ideal (1:2),Golden Cross (Awal Bullish),Netral / Sepi Berita,Supply Kering (Siap Pump) 🏜️,Golden Rebound Fibo 50.0% 🎯,2,WAIT & SEE,TIDAK ADA,2026-09-01 09:00:03,Biasa / Mengikuti Pasar
09:00,HDIT,Transaksi Sepi (Skip Broksum),Small Cap (Lapis 3),Fair Value (Wajar),0.0,0.3341576,50.0,50,50,61,0.0,118700,Normal,45,Negatif,Downtrend,Bearish,Strong Bearish,Konsolidasi / Transisi,Normal,Netral,Normal,Tidak Ada Transaksi,Squeeze,Rendah,Doji (Ragu-ragu),Dekat Support (Low Risk),< 1 Miliar,Persis di VWAP,Netral,Gorengan Sepi (< 5M),Sepi (< 50%),Distribution (Fase Jualan),Normal,Normal,Sideways / Stagnan,TP: 53 | CL: 48,Normal,Di Area Support,Oversold (Jenuh Jual - Peluang),Netral / Sepi Berita,Supply Kering (Siap Pump) 🏜️,Golden Rebound Fibo Bottom / 100% 🎯,0,WAIT & SEE,TIDAK ADA,2026-09-01 09:00:03,Biasa / Mengikuti Pasar
09:00,KEEN,Token Mati (Perlu Update),Mid Cap (Lapis 2),Overvalued (Mahal),34.359745,18673.47,915.0,882,835,930,3.977272727272727,13447600,Tembus MA20,61,Positif,Uptrend,Bearish,Bearish MACD,Konsolidasi / Transisi,Normal,Akumulasi (Naik),Normal,Seimbang / Adu Mekanik,Normal,Sedang,Normal,Area Tengah,> 1 Miliar,Di Atas VWAP (Kuat),Akumulasi Pro (Smart Money),Ritel Aktif (5M - 50M),Normal (50-150%),Mark-Up (Fase Pesta),Normal,Normal,Naik 3 Hari Beruntun,TP: 953 | CL: 889,Open = Low (Bullish Kuat),Tidak Ideal (< 1:1),Netral / Sideways,Netral / Sepi Berita,Normal / Sedang Transisi,Mendekati Fibo 23.6%,5,WAIT & SEE,TIDAK ADA,2026-09-01 09:00:03,Biasa / Mengikuti Pasar
09:00,BAPI,Transaksi Sepi (Skip Broksum),Small Cap (Lapis 3),Fair Value (Wajar),0.0,0.25321087,18.0,18,17,21,0.0,5091900,Normal,48,Negatif,Downtrend,Bearish,Bearish MACD,Konsolidasi / Transisi,Normal,Distribusi (Turun),Normal,Dominan Jual (Guyur),Normal,Tinggi,Doji (Ragu-ragu),Area Tengah,< 1 Miliar,Persis di VWAP,Distribusi Pro (Guyuran),Gorengan Sepi (< 5M),Sepi (< 50%),Distribution (Fase Jualan),Normal,Normal,Sideways / Stagnan,TP: 19 | CL: 16,Normal,Ideal (1:2),Netral / Sideways,Netral / Sepi Berita,Normal / Sedang Transisi,Mendekati Fibo 61.8% (Golden Ratio),0,WAIT & SEE,TIDAK ADA,2026-09-01 09:00:03,Biasa / Mengikuti Pasar
09:00,TFAS,Transaksi Sepi (Skip Broksum),Small Cap (Lapis 3),Fair Value (Wajar),0.0,1.8635448,188.0,187,181,200,1.6216216216216217,280300,Normal,51,Positif,Uptrend,Bearish,Bullish MACD,Strong Downtrend (5<20<50),Normal,Akumulasi (Naik),Normal,Dominan Beli (Hajar Kanan),Squeeze,Rendah,Normal,Area Tengah,< 1 Miliar,Persis di VWAP,Distribusi Pro (Guyuran),Gorengan Sepi (< 5M),Normal (50-150%),Accumulation (Kumpul Barang),Spesialis Tiang Jemuran (Banting Pucuk),Jarum Bawah (Sinyal Pantulan Kuat),Naik 1 Hari Beruntun,TP: 200 | CL: 180,Normal,Ideal (1:2),Golden Cross (Awal Bullish),Netral / Sepi Berita,Supply Kering (Siap Pump) 🏜️,Mendekati Fibo 78.6%,6,WAIT & SEE,TIDAK ADA,2026-09-01 09:00:03,Biasa / Mengikuti Pasar
09:00,GGRP,Transaksi Sepi (Skip Broksum),Mid Cap (Lapis 2),Overvalued (Mahal),0.0,5849.0566,310.0,301,294,312,2.6490066225165565,1392100,Tembus MA20,67,Positif,Uptrend,Bullish,Strong Bullish,Perfect Uptrend (5>20>50),Normal,Akumulasi (Naik),Normal,Dominan Beli (Hajar Kanan),Squeeze,Rendah,Normal,Area Tengah,< 1 Miliar,Di Atas VWAP (Kuat),Akumulasi Pro (Smart Money),Gorengan Sepi (< 5M),Normal (50-150%),Mark-Up (Fase Pesta),Normal,Normal,Naik 1 Hari Beruntun,TP: 319 | CL: 303,Open = Low (Bullish Kuat),Tidak Ideal (< 1:1),Netral / Sideways,Netral / Sepi Berita,Normal / Sedang Transisi,Mendekati Fibo 23.6%,8,BELI,TIDAK ADA,2026-09-01 09:00:03,Biasa / Mengikuti Pasar
09:00,OPMS,Transaksi Sepi (Skip Broksum),Small Cap (Lapis 3),Fair Value (Wajar),0.0,1.3464743,122.0,124,103,144,0.0,2820900,Normal,54,Negatif,Downtrend,Bearish,Bearish MACD,Konsolidasi / Transisi,Normal,Akumulasi (Naik),Normal,Dominan Beli (Hajar Kanan),Normal,Tinggi,Hammer (Potensi Reversal),Rawan Pucuk (High Risk),< 1 Miliar,Persis di VWAP,Distribusi Pro (Guyuran),Gorengan Sepi (< 5M),Normal (50-150%),Distribution (Fase Jualan),Spesialis Tiang Jemuran (Banting Pucuk),Jarum Bawah (Sinyal Pantulan Kuat),Sideways / Stagnan,TP: 132 | CL: 115,Open = High (Tekanan Jual),Menengah (1:1),Netral / Sideways,Netral / Sepi Berita,Normal / Sedang Transisi,Golden Rebound Fibo 38.2% 🎯,3,WAIT & SEE,TIDAK ADA,2026-09-01 09:00:03,Biasa / Mengikuti Pasar
09:00,NZIA,Token Mati (Perlu Update),Small Cap (Lapis 3),Overvalued (Mahal),109.5057,0.6910054,144.0,141,131,199,-3.3557046979865772,11716000,Normal,50,Negatif,Uptrend,Bullish,Strong Bullish,Awal Reversal (5>20),Normal,Distribusi (Turun),Normal,Dominan Jual (Guyur),Normal,Tinggi,Normal,Area Tengah,> 1 Miliar,Di Bawah VWAP (Lemah),Distribusi Pro (Guyuran),Ritel Aktif (5M - 50M),Sepi (< 50%),Accumulation (Kumpul Barang),Normal,Normal,Turun 1 Hari Beruntun,TP: 163 | CL: 130,Normal,Sangat Menarik (> 1:3),Netral / Sideways,Netral / Sepi Berita,Normal / Sedang Transisi,Mengambang (Jauh dari Fibo),3,WAIT & SEE,TIDAK ADA,2026-09-01 09:00:03,Biasa / Mengikuti Pasar
09:00,SLIS,Token Mati (Perlu Update),Small Cap (Lapis 3),Fair Value (Wajar),0.0,0.7020554,90.0,84,61,114,1.1235955056179776,53779900,Normal,58,Positif,Uptrend,Bullish,Bearish MACD,Perfect Uptrend (5>20>50),Normal,Distribusi (Turun),Normal,Dominan Jual (Guyur),Normal,Tinggi,Doji (Ragu-ragu),Rawan Pucuk (High Risk),> 1 Miliar,Di Bawah VWAP (Lemah),Distribusi Pro (Guyuran),Ritel Aktif (5M - 50M),Sepi (< 50%),Mark-Up (Fase Pesta),Spesialis Tiang Jemuran (Banting Pucuk),Normal,Naik 1 Hari Beruntun,TP: 104 | CL: 80,Normal,Tidak Ideal (< 1:1),Netral / Sideways,Netral / Sepi Berita,Normal / Sedang Transisi,Dekat Support Fibo 38.2%,4,WAIT & SEE,TIDAK ADA,2026-09-01 09:00:03,Biasa / Mengikuti Pasar
09:00,IRRA,Transaksi Sepi (Skip Broksum),Small Cap (Lapis 3),Undervalued (Murah),8.707931,0.9229326,370.0,372,364,384,-1.06951871657754,284300,Normal,47,Negatif,Downtrend,Bearish,Strong Bearish,Konsolidasi / Transisi,Normal,Akumulasi (Naik),Normal,Dominan Jual (Guyur),Squeeze,Rendah,Normal,Dekat Support (Low Risk),< 1 Miliar,Persis di VWAP,Akumulasi Pro (Smart Money),Gorengan Sepi (< 5M),Normal (50-150%),Distribution (Fase Jualan),Normal,Normal,Turun 1 Hari Beruntun,TP: 382 | CL: 361,Open = High (Tekanan Jual),Ideal (1:2),Netral / Sideways,Netral / Sepi Berita,Normal / Sedang Transisi,Dekat Support Fibo 50.0%,1,WAIT & SEE,TIDAK ADA,2026-09-01 09:00:03,Biasa / Mengikuti Pasar
09:00,DMMX,Transaksi Sepi (Skip Broksum),Mid Cap (Lapis 2),Overvalued (Mahal),34.981686,2.0440269,191.0,188,178,236,-2.051282051282051,2265000,Normal,55,Negatif,Uptrend,Bullish,Bearish MACD,Perfect Uptrend (5>20>50),Normal,Akumulasi (Naik),Normal,Seimbang / Adu Mekanik,Normal,Sedang,Normal,Area Tengah,< 1 Miliar,Di Bawah VWAP (Lemah),Distribusi Pro (Guyuran),Gorengan Sepi (< 5M),Sepi (< 50%),Mark-Up (Fase Pesta),Spesialis Tiang Jemuran (Banting Pucuk),Normal,Turun 2 Hari Beruntun,TP: 211 | CL: 177,Open = High (Tekanan Jual),Sangat Menarik (> 1:3),Netral / Sideways,Netral / Sepi Berita,Supply Banjir (Distribusi) 🌊,Mengambang (Jauh dari Fibo),4,WAIT & SEE,TIDAK ADA,2026-09-01 09:00:03,Biasa / Mengikuti Pasar
09:00,SINI,Token Mati (Perlu Update),Big Cap (Lapis 1),Fair Value (Wajar),12.254902,-40.89469,10650.0,7742,6700,11250,10.649350649350648,30245900,Tembus MA20,77,Positif,Uptrend,Bullish,Strong Bullish,Perfect Uptrend (5>20>50),Akumulasi Kuat,Akumulasi (Naik),Normal,Seimbang / Adu Mekanik,Breakout Upper,Tinggi,Normal,Rawan Pucuk (High Risk),> 1 Miliar,Di Atas VWAP (Kuat),Akumulasi Pro (Smart Money),Sultan (> 50M/hari),Ledakan Ekstrem (> 300%),Mark-Up (Fase Pesta),Normal,Normal,Naik 3 Hari Beruntun,TP: 11456 | CL: 10112,Normal,Tidak Ideal (< 1:1),Overbought (Jenuh Beli - Rawan),Netral / Sepi Berita,Normal / Sedang Transisi,Mendekati Fibo 38.2%,8,BELI,TIDAK ADA,2026-09-01 09:00:03,Biasa / Mengikuti Pasar
09:00,WOWS,Transaksi Sepi (Skip Broksum),Small Cap (Lapis 3),Fair Value (Wajar),0.0,0.2741942,60.0,60,55,68,1.694915254237288,6825200,Normal,50,Positif,Downtrend,Bullish,Bearish MACD,Perfect Uptrend (5>20>50),Normal,Distribusi (Turun),Normal,Dominan Beli (Hajar Kanan),Normal,Sedang,Marubozu (Strong Bullish),Area Tengah,< 1 Miliar,Persis di VWAP,Distribusi Pro (Guyuran),Gorengan Sepi (< 5M),Sepi (< 50%),Distribution (Fase Jualan),Normal,Normal,Naik 1 Hari Beruntun,TP: 65 | CL: 56,Open = Low (Bullish Kuat),Ideal (1:2),Netral / Sideways,Netral / Sepi Berita,Normal / Sedang Transisi,Dekat Support Fibo 50.0%,3,WAIT & SEE,TIDAK ADA,2026-09-01 09:00:03,Biasa / Mengikuti Pasar
09:00,ESIP,Transaksi Sepi (Skip Broksum),Small Cap (Lapis 3),Overvalued (Mahal),39.79933,1.3218256,119.0,125,110,139,-0.8333333333333334,6310100,Normal,40,Negatif,Downtrend,Bearish,Strong Bearish,Strong Downtrend (5<20<50),Normal,Distribusi (Turun),Normal,Dominan Jual (Guyur),Bottom Rebound,Sedang,Normal,Area Tengah,< 1 Miliar,Persis di VWAP,Distribusi Pro (Guyuran),Gorengan Sepi (< 5M),Normal (50-150%),Mark-Down (Fase Runtuh),Spesialis Tiang Jemuran (Banting Pucuk),Normal,Turun 2 Hari Beruntun,TP: 126 | CL: 114,Normal,Ideal (1:2),Netral / Sideways,Netral / Sepi Berita,Normal / Sedang Transisi,Mengambang (Jauh dari Fibo),0,WAIT & SEE,TIDAK ADA,2026-09-01 09:00:03,Biasa / Mengikuti Pasar
09:00,TEBE,Token Mati (Perlu Update),Mid Cap (Lapis 2),Fair Value (Wajar),17.209494,2.0754807,1675.0,1391,1060,1980,-3.45821325648415,7878800,Normal,67,Negatif,Uptrend,Bullish,Strong Bullish,Perfect Uptrend (5>20>50),Normal,Distribusi (Turun),Normal,Dominan Jual (Guyur),Normal,Tinggi,Normal,Rawan Pucuk (High Risk),> 1 Miliar,Di Bawah VWAP (Lemah),Distribusi Pro (Guyuran),Ritel Aktif (5M - 50M),Sepi (< 50%),Mark-Up (Fase Pesta),Spesialis Tiang Jemuran (Banting Pucuk),Normal,Turun 2 Hari Beruntun,TP: 1923 | CL: 1509,Normal,Tidak Ideal (< 1:1),Death Cross (Awal Bearish),Netral / Sepi Berita,Normal / Sedang Transisi,Mengambang (Jauh dari Fibo),4,WAIT & SEE,TIDAK ADA,2026-09-01 09:00:03,Biasa / Mengikuti Pasar
09:00,KEJU,Transaksi Sepi (Skip Broksum),Mid Cap (Lapis 2),Overvalued (Mahal),17.732557,4.01168,610.0,583,540,650,1.6666666666666667,136200,Normal,65,Positif,Uptrend,Bullish,Strong Bullish,Perfect Uptrend (5>20>50),Normal,Akumulasi (Naik),Normal,Dominan Beli (Hajar Kanan),Normal,Sedang,Normal,Rawan Pucuk (High Risk),< 1 Miliar,Persis di VWAP,Distribusi Pro (Guyuran),Gorengan Sepi (< 5M),Normal (50-150%),Mark-Up (Fase Pesta),Normal,Normal,Naik 1 Hari Beruntun,TP: 639 | CL: 590,Normal,Tidak Ideal (< 1:1),Netral / Sideways,Netral / Sepi Berita,Normal / Sedang Transisi,Dekat Support Fibo 38.2%,7,BELI,TIDAK ADA,2026-09-01 09:00:03,Biasa / Mengikuti Pasar
09:00,PSGO,Transaksi Sepi (Skip Broksum),Mid Cap (Lapis 2),Undervalued (Murah),9.142319,1.3126112,194.0,194,191,199,0.5181347150259068,363400,Tembus MA20,46,Positif,Downtrend,Bearish,Strong Bearish,Strong Downtrend (5<20<50),Normal,Distribusi (Turun),Normal,Seimbang / Adu Mekanik,Squeeze,Rendah,Doji (Ragu-ragu),Dekat Support (Low Risk),< 1 Miliar,Persis di VWAP,Distribusi Pro (Guyuran),Gorengan Sepi (< 5M),Normal (50-150%),Mark-Down (Fase Runtuh),Solid (Jarang Dibanting),Jarum Bawah (Sinyal Pantulan Kuat),Naik 1 Hari Beruntun,TP: 199 | CL: 190,Normal,Ideal (1:2),Netral / Sideways,Netral / Sepi Berita,Normal / Sedang Transisi,Golden Rebound Fibo 23.6% 🎯,2,WAIT & SEE,TIDAK ADA,2026-09-01 09:00:03,Biasa / Mengikuti Pasar
09:00,IFSH,Transaksi Sepi (Skip Broksum),Mid Cap (Lapis 2),Fair Value (Wajar),16.18199,2.3377995,1035.0,1112,1000,1295,-0.4807692307692308,8300,Normal,40,Negatif,Downtrend,Bearish,Strong Bearish,Strong Downtrend (5<20<50),Normal,Distribusi (Turun),Normal,Dominan Beli (Hajar Kanan),Normal,Tinggi,Marubozu (Strong Bullish),Area Tengah,< 1 Miliar,Di Bawah VWAP (Lemah),Distribusi Pro (Guyuran),Gorengan Sepi (< 5M),Sepi (< 50%),Mark-Down (Fase Runtuh),Solid (Jarang Dibanting),Normal,Turun 1 Hari Beruntun,TP: 1122 | CL: 976,Open = Low (Bullish Kuat),Sangat Menarik (> 1:3),Oversold (Jenuh Jual - Peluang),Netral / Sepi Berita,Normal / Sedang Transisi,Mengambang (Jauh dari Fibo),1,WAIT & SEE,TIDAK ADA,2026-09-01 09:00:03,Biasa / Mengikuti Pasar
09:00,REAL,Transaksi Sepi (Skip Broksum),Small Cap (Lapis 3),Overvalued (Mahal),390.62497,0.88487744,50.0,51,50,56,0.0,1969700,Normal,41,Negatif,Downtrend,Bearish,Strong Bearish,Konsolidasi / Transisi,Normal,Distribusi (Turun),Normal,Tidak Ada Transaksi,Bottom Rebound,Sedang,Doji (Ragu-ragu),Dekat Support (Low Risk),< 1 Miliar,Di Bawah VWAP (Lemah),Distribusi Pro (Guyuran),Gorengan Sepi (< 5M),Sepi (< 50%),Distribution (Fase Jualan),Spesialis Tiang Jemuran (Banting Pucuk),Normal,Sideways / Stagnan,TP: 52 | CL: 48,Normal,Di Area Support,Oversold (Jenuh Jual - Peluang),Netral / Sepi Berita,Supply Kering (Siap Pump) 🏜️,Golden Rebound Fibo Bottom / 100% 🎯,0,WAIT & SEE,TIDAK ADA,2026-09-01 09:00:03,Biasa / Mengikuti Pasar
09:00,IFII,Transaksi Sepi (Skip Broksum),Mid Cap (Lapis 2),Undervalued (Murah),13.457695,1.3515413,202.0,206,200,216,-0.9803921568627451,354900,Tembus MA20,35,Negatif,Downtrend,Death Cross,Strong Bearish,Strong Downtrend (5<20<50),Distribusi Kuat,Distribusi (Turun),Normal,Dominan Jual (Guyur),Squeeze,Rendah,Normal,Dekat Support (Low Risk),< 1 Miliar,Di Bawah VWAP (Lemah),Distribusi Pro (Guyuran),Gorengan Sepi (< 5M),Anomali Tinggi (150-300%),Mark-Down (Fase Runtuh),Normal,Normal,Turun 2 Hari Beruntun,TP: 207 | CL: 198,Open = High (Tekanan Jual),Sangat Menarik (> 1:3),Netral / Sideways,Netral / Sepi Berita,Normal / Sedang Transisi,Dekat Support Fibo Bottom / 100%,1,WAIT & SEE,TIDAK ADA,2026-09-01 09:00:03,Biasa / Mengikuti Pasar
09:00,PMJS,Token Mati (Perlu Update),Mid Cap (Lapis 2),Undervalued (Murah),9.597925,0.72752655,148.0,123,107,149,8.02919708029197,10048100,Tembus MA20,79,Positif,Uptrend,Bullish,Strong Bullish,Perfect Uptrend (5>20>50),Akumulasi Kuat,Akumulasi (Naik),Gap Up (+4.4%),Dominan Beli (Hajar Kanan),Breakout Upper,Tinggi,Normal,Rawan Pucuk (High Risk),> 1 Miliar,Di Atas VWAP (Kuat),Akumulasi Pro (Smart Money),Gorengan Sepi (< 5M),Anomali Tinggi (150-300%),Mark-Up (Fase Pesta),Normal,Normal,Naik 1 Hari Beruntun,TP: 159 | CL: 140,Normal,Tidak Ideal (< 1:1),Overbought (Jenuh Beli - Rawan),Netral / Sepi Berita,Normal / Sedang Transisi,Mengambang (Jauh dari Fibo),10,BELI,TIDAK ADA,2026-09-01 09:00:03,Biasa / Mengikuti Pasar
09:00,UCID,Transaksi Sepi (Skip Broksum),Mid Cap (Lapis 2),Undervalued (Murah),1.5229824,0.44283634,498.0,450,390,540,0.0,1050100,Normal,79,Negatif,Uptrend,Bullish,Strong Bullish,Perfect Uptrend (5>20>50),Normal,Akumulasi (Naik),Normal,Dominan Beli (Hajar Kanan),Normal,Tinggi,Doji (Ragu-ragu),Rawan Pucuk (High Risk),< 1 Miliar,Persis di VWAP,Akumulasi Pro (Smart Money),Gorengan Sepi (< 5M),Normal (50-150%),Mark-Up (Fase Pesta),Normal,Jarum Bawah (Sinyal Pantulan Kuat),Sideways / Stagnan,TP: 525 | CL: 479,Normal,Tidak Ideal (< 1:1),Death Cross (Awal Bearish),Netral / Sepi Berita,Normal / Sedang Transisi,Golden Rebound Fibo 23.6% 🎯,6,WAIT & SEE,TIDAK ADA,2026-09-01 09:00:03,Biasa / Mengikuti Pasar
09:00,GLVA,Transaksi Sepi (Skip Broksum),Small Cap (Lapis 3),Undervalued (Murah),9.734728,1.1700397,320.0,310,300,338,2.564102564102564,27800,Normal,62,Positif,Uptrend,Bullish,Strong Bullish,Perfect Uptrend (5>20>50),Normal,Distribusi (Turun),Normal,Dominan Beli (Hajar Kanan),Squeeze,Rendah,Marubozu (Strong Bullish),Area Tengah,< 1 Miliar,Di Atas VWAP (Kuat),Akumulasi Pro (Smart Money),Gorengan Sepi (< 5M),Sepi (< 50%),Mark-Up (Fase Pesta),Spesialis Tiang Jemuran (Banting Pucuk),Normal,Naik 2 Hari Beruntun,TP: 343 | CL: 304,Open = Low (Bullish Kuat),Tidak Ideal (< 1:1),Netral / Sideways,Netral / Sepi Berita,Normal / Sedang Transisi,Dekat Support Fibo 50.0%,6,WAIT & SEE,TIDAK ADA,2026-09-01 09:00:03,Biasa / Mengikuti Pasar
09:00,PGJO,Transaksi Sepi (Skip Broksum),Small Cap (Lapis 3),Fair Value (Wajar),0.0,-369.9284,930.0,823,715,930,0.0,369800,Tembus MA20,69,Negatif,Uptrend,Bullish,Strong Bullish,Perfect Uptrend (5>20>50),Normal,Akumulasi (Naik),Gap Down (-4.8%),Dominan Beli (Hajar Kanan),Normal,Tinggi,Marubozu (Strong Bullish),Rawan Pucuk (High Risk),< 1 Miliar,Di Atas VWAP (Kuat),Akumulasi Pro (Smart Money),Gorengan Sepi (< 5M),Normal (50-150%),Mark-Up (Fase Pesta),Normal,Normal,Sideways / Stagnan,TP: 998 | CL: 884,Open = Low (Bullish Kuat),Tidak Ideal (< 1:1),Overbought (Jenuh Beli - Rawan),Netral / Sepi Berita,Normal / Sedang Transisi,Mengambang (Jauh dari Fibo),7,BELI,TIDAK ADA,2026-09-01 09:00:03,Biasa / Mengikuti Pasar
09:00,AMAR,Transaksi Sepi (Skip Broksum),Mid Cap (Lapis 2),Undervalued (Murah),14.615865,1.2260553,234.0,222,204,236,0.0,484000,Normal,73,Negatif,Uptrend,Bullish,Strong Bullish,Perfect Uptrend (5>20>50),Normal,Akumulasi (Naik),Normal,Dominan Beli (Hajar Kanan),Normal,Sedang,Doji (Ragu-ragu),Rawan Pucuk (High Risk),< 1 Miliar,Di Atas VWAP (Kuat),Akumulasi Pro (Smart Money),Gorengan Sepi (< 5M),Normal (50-150%),Mark-Up (Fase Pesta),Solid (Jarang Dibanting),Jarum Bawah (Sinyal Pantulan Kuat),Sideways / Stagnan,TP: 244 | CL: 226,Normal,Tidak Ideal (< 1:1),Overbought (Jenuh Beli - Rawan),Netral / Sepi Berita,Normal / Sedang Transisi,Mendekati Fibo 23.6%,6,WAIT & SEE,TIDAK ADA,2026-09-01 09:00:03,Biasa / Mengikuti Pasar
09:00,CSRA,Transaksi Sepi (Skip Broksum),Mid Cap (Lapis 2),Undervalued (Murah),6.017035,0.94170135,770.0,753,730,800,0.6535947712418301,446300,Tembus MA20,53,Positif,Uptrend,Bullish,Strong Bullish,Awal Reversal (5>20),Normal,Akumulasi (Naik),Normal,Dominan Jual (Guyur),Squeeze,Rendah,Normal,Area Tengah,< 1 Miliar,Persis di VWAP,Distribusi Pro (Guyuran),Gorengan Sepi (< 5M),Normal (50-150%),Accumulation (Kumpul Barang),Normal,Normal,Naik 1 Hari Beruntun,TP: 799 | CL: 750,Normal,Tidak Ideal (< 1:1),Death Cross (Awal Bearish),Netral / Sepi Berita,Normal / Sedang Transisi,Dekat Support Fibo 38.2%,7,BELI,TIDAK ADA,2026-09-01 09:00:03,Biasa / Mengikuti Pasar
09:00,INDO,Token Mati (Perlu Update),Small Cap (Lapis 3),Fair Value (Wajar),17.726397,0.7280324,184.0,178,172,187,1.6574585635359116,27262400,Normal,62,Positif,Uptrend,Bullish,Strong Bullish,Perfect Uptrend (5>20>50),Normal,Distribusi (Turun),Normal,Dominan Beli (Hajar Kanan),Normal,Sedang,Normal,Area Tengah,> 1 Miliar,Di Atas VWAP (Kuat),Akumulasi Pro (Smart Money),Ritel Aktif (5M - 50M),Normal (50-150%),Mark-Up (Fase Pesta),Normal,Normal,Naik 1 Hari Beruntun,TP: 190 | CL: 179,Open = Low (Bullish Kuat),Tidak Ideal (< 1:1),Netral / Sideways,Netral / Sepi Berita,Normal / Sedang Transisi,Mendekati Fibo 23.6%,6,WAIT & SEE,TIDAK ADA,2026-09-01 09:00:03,Biasa / Mengikuti Pasar
09:00,AMOR,Transaksi Sepi (Skip Broksum),Small Cap (Lapis 3),Fair Value (Wajar),10.526317,2.966351,358.0,357,340,366,1.1299435028248588,38400,Normal,58,Positif,Uptrend,Death Cross,Bearish MACD,Konsolidasi / Transisi,Normal,Distribusi (Turun),Normal,Dominan Beli (Hajar Kanan),Squeeze,Rendah,Marubozu (Strong Bullish),Area Tengah,< 1 Miliar,Persis di VWAP,Akumulasi Pro (Smart Money),Gorengan Sepi (< 5M),Normal (50-150%),Mark-Up (Fase Pesta),Normal,Normal,Naik 1 Hari Beruntun,TP: 367 | CL: 351,Open = Low (Bullish Kuat),Tidak Ideal (< 1:1),Netral / Sideways,Netral / Sepi Berita,Normal / Sedang Transisi,Mendekati Fibo 23.6%,4,WAIT & SEE,TIDAK ADA,2026-09-01 09:00:03,Biasa / Mengikuti Pasar
09:00,TRIN,Token Mati (Perlu Update),Mid Cap (Lapis 2),Overvalued (Mahal),78.78788,2.5134597,338.0,322,292,380,0.5952380952380952,48142400,Tembus MA20,52,Positif,Uptrend,Bullish,Bullish MACD,Awal Reversal (5>20),Akumulasi Kuat,Akumulasi (Naik),Normal,Seimbang / Adu Mekanik,Normal,Tinggi,Doji (Ragu-ragu),Rawan Pucuk (High Risk),> 1 Miliar,Persis di VWAP,Distribusi Pro (Guyuran),Ritel Aktif (5M - 50M),Anomali Tinggi (150-300%),Accumulation (Kumpul Barang),Normal,Jarum Bawah (Sinyal Pantulan Kuat),Naik 1 Hari Beruntun,TP: 378 | CL: 310,Normal,Tidak Ideal (< 1:1),Netral / Sideways,Netral / Sepi Berita,Normal / Sedang Transisi,Mengambang (Jauh dari Fibo),8,BELI,TIDAK ADA,2026-09-01 09:00:03,Biasa / Mengikuti Pasar
09:00,DMND,Transaksi Sepi (Skip Broksum),Mid Cap (Lapis 2),Undervalued (Murah),11.918492,0.8813378,620.0,622,575,640,0.0,3000,Normal,51,Negatif,Downtrend,Bearish,Bearish MACD,Konsolidasi / Transisi,Normal,Akumulasi (Naik),Normal,Seimbang / Adu Mekanik,Squeeze,Rendah,Normal,Area Tengah,< 1 Miliar,Persis di VWAP,Distribusi Pro (Guyuran),Gorengan Sepi (< 5M),Sepi (< 50%),Distribution (Fase Jualan),Normal,Normal,Sideways / Stagnan,TP: 645 | CL: 603,Open = High (Tekanan Jual),Tidak Ideal (< 1:1),Death Cross (Awal Bearish),Netral / Sepi Berita,Normal / Sedang Transisi,Dekat Support Fibo 23.6%,2,WAIT & SEE,TIDAK ADA,2026-09-01 09:00:03,Biasa / Mengikuti Pasar
09:00,PURA,Transaksi Sepi (Skip Broksum),Small Cap (Lapis 3),Fair Value (Wajar),22.11472,0.38738573,32.0,32,31,34,3.225806451612903,2323100,Normal,50,Positif,Downtrend,Bearish,Bearish MACD,Konsolidasi / Transisi,Normal,Distribusi (Turun),Gap Up (+3.2%),Dominan Beli (Hajar Kanan),Normal,Sedang,Doji (Ragu-ragu),Area Tengah,< 1 Miliar,Di Atas VWAP (Kuat),Distribusi Pro (Guyuran),Gorengan Sepi (< 5M),Normal (50-150%),Distribution (Fase Jualan),Normal,Jarum Bawah (Sinyal Pantulan Kuat),Naik 1 Hari Beruntun,TP: 33 | CL: 31,Normal,Ideal (1:2),Netral / Sideways,Netral / Sepi Berita,Normal / Sedang Transisi,Mendekati Fibo 78.6%,3,WAIT & SEE,TIDAK ADA,2026-09-01 09:00:03,Biasa / Mengikuti Pasar
09:00,PTPW,Transaksi Sepi (Skip Broksum),Mid Cap (Lapis 2),Fair Value (Wajar),15.598656,1.4966952,1175.0,1180,1125,1230,-0.8438818565400843,39500,Normal,52,Negatif,Downtrend,Death Cross,Bearish MACD,Konsolidasi / Transisi,Normal,Distribusi (Turun),Normal,Dominan Jual (Guyur),Squeeze,Rendah,Normal,Area Tengah,< 1 Miliar,Persis di VWAP,Distribusi Pro (Guyuran),Gorengan Sepi (< 5M),Normal (50-150%),Distribution (Fase Jualan),Normal,Normal,Turun 1 Hari Beruntun,TP: 1196 | CL: 1160,Normal,Menengah (1:1),Netral / Sideways,Netral / Sepi Berita,Normal / Sedang Transisi,Mengambang (Jauh dari Fibo),1,WAIT & SEE,TIDAK ADA,2026-09-01 09:00:03,Biasa / Mengikuti Pasar
09:00,TAMA,Token Mati (Perlu Update),Small Cap (Lapis 3),Overvalued (Mahal),0.0,8.351682,220.0,247,200,290,-1.7857142857142856,5710400,Normal,45,Negatif,Downtrend,Bearish,Bearish MACD,Konsolidasi / Transisi,Normal,Distribusi (Turun),Normal,Dominan Jual (Guyur),Bottom Rebound,Tinggi,Normal,Rawan Pucuk (High Risk),> 1 Miliar,Di Bawah VWAP (Lemah),Distribusi Pro (Guyuran),Gorengan Sepi (< 5M),Sepi (< 50%),Distribution (Fase Jualan),Spesialis Tiang Jemuran (Banting Pucuk),Normal,Turun 2 Hari Beruntun,TP: 260 | CL: 193,Normal,Sangat Menarik (> 1:3),Netral / Sideways,Netral / Sepi Berita,Normal / Sedang Transisi,Mengambang (Jauh dari Fibo),0,WAIT & SEE,TIDAK ADA,2026-09-01 09:00:03,Biasa / Mengikuti Pasar
09:00,IKAN,Token Mati (Perlu Update),Small Cap (Lapis 3),Overvalued (Mahal),46.42857,1.0214161,91.0,87,82,105,0.0,24704500,Normal,60,Negatif,Uptrend,Bullish,Strong Bullish,Perfect Uptrend (5>20>50),Normal,Akumulasi (Naik),Normal,Seimbang / Adu Mekanik,Normal,Sedang,Doji (Ragu-ragu),Rawan Pucuk (High Risk),> 1 Miliar,Persis di VWAP,Akumulasi Pro (Smart Money),Gorengan Sepi (< 5M),Normal (50-150%),Mark-Up (Fase Pesta),Spesialis Tiang Jemuran (Banting Pucuk),Normal,Sideways / Stagnan,TP: 100 | CL: 84,Normal,Ideal (1:2),Netral / Sideways,Netral / Sepi Berita,Normal / Sedang Transisi,Mendekati Fibo 38.2%,5,WAIT & SEE,TIDAK ADA,2026-09-01 09:00:03,Biasa / Mengikuti Pasar
09:00,SAMF,Transaksi Sepi (Skip Broksum),Mid Cap (Lapis 2),Fair Value (Wajar),10.990654,1.6330068,294.0,283,270,340,1.3793103448275863,318100,Normal,63,Positif,Uptrend,Bullish,Strong Bullish,Perfect Uptrend (5>20>50),Normal,Distribusi (Turun),Normal,Seimbang / Adu Mekanik,Normal,Sedang,Normal,Area Tengah,< 1 Miliar,Persis di VWAP,Distribusi Pro (Guyuran),Gorengan Sepi (< 5M),Normal (50-150%),Mark-Up (Fase Pesta),Spesialis Tiang Jemuran (Banting Pucuk),Normal,Naik 2 Hari Beruntun,TP: 317 | CL: 278,Normal,Ideal (1:2),Golden Cross (Awal Bullish),Netral / Sepi Berita,Normal / Sedang Transisi,Dekat Support Fibo 50.0%,5,WAIT & SEE,TIDAK ADA,2026-09-01 09:00:03,Biasa / Mengikuti Pasar
09:00,KBAG,Transaksi Sepi (Skip Broksum),Small Cap (Lapis 3),Fair Value (Wajar),0.0,0.9109011,43.0,47,39,51,-2.272727272727273,2089000,Normal,45,Negatif,Downtrend,Bearish,Bearish MACD,Konsolidasi / Transisi,Normal,Distribusi (Turun),Normal,Dominan Jual (Guyur),Normal,Tinggi,Normal,Rawan Pucuk (High Risk),< 1 Miliar,Di Atas VWAP (Kuat),Distribusi Pro (Guyuran),Gorengan Sepi (< 5M),Sepi (< 50%),Distribution (Fase Jualan),Normal,Normal,Turun 1 Hari Beruntun,TP: 46 | CL: 41,Open = High (Tekanan Jual),Ideal (1:2),Golden Cross (Awal Bullish),Netral / Sepi Berita,Normal / Sedang Transisi,Dekat Support Fibo 38.2%,0,WAIT & SEE,TIDAK ADA,2026-09-01 09:00:03,Biasa / Mengikuti Pasar
09:00,RONY,Transaksi Sepi (Skip Broksum),Mid Cap (Lapis 2),Overvalued (Mahal),0.0,675.82416,1230.0,1249,1135,1490,0.0,15900,Normal,49,Negatif,Downtrend,Bearish,Strong Bearish,Konsolidasi / Transisi,Normal,Akumulasi (Naik),Normal,Dominan Beli (Hajar Kanan),Normal,Sedang,Normal,Area Tengah,< 1 Miliar,Persis di VWAP,Akumulasi Pro (Smart Money),Gorengan Sepi (< 5M),Normal (50-150%),Distribution (Fase Jualan),Spesialis Tiang Jemuran (Banting Pucuk),Normal,Sideways / Stagnan,TP: 1353 | CL: 1147,Normal,Ideal (1:2),Golden Cross (Awal Bullish),Netral / Sepi Berita,Normal / Sedang Transisi,Mengambang (Jauh dari Fibo),2,WAIT & SEE,TIDAK ADA,2026-09-01 09:00:03,Biasa / Mengikuti Pasar
09:00,BBSS,Token Mati (Perlu Update),Small Cap (Lapis 3),Fair Value (Wajar),0.0,2.072782,106.0,101,92,129,4.9504950495049505,151494800,Tembus MA20,60,Positif,Uptrend,Death Cross,Bearish MACD,Konsolidasi / Transisi,Akumulasi Kuat,Akumulasi (Naik),Normal,Seimbang / Adu Mekanik,Normal,Tinggi,Normal,Rawan Pucuk (High Risk),> 1 Miliar,Persis di VWAP,Distribusi Pro (Guyuran),Gorengan Sepi (< 5M),Ledakan Ekstrem (> 300%),Mark-Up (Fase Pesta),Spesialis Tiang Jemuran (Banting Pucuk),Normal,Naik 2 Hari Beruntun,TP: 120 | CL: 96,Normal,Ideal (1:2),Golden Cross (Awal Bullish),Netral / Sepi Berita,Normal / Sedang Transisi,Dekat Support Fibo 50.0%,6,WAIT & SEE,TIDAK ADA,2026-09-01 09:00:03,Biasa / Mengikuti Pasar
09:00,CASH,Token Mati (Perlu Update),Small Cap (Lapis 3),Overvalued (Mahal),0.0,8.962452,248.0,225,195,262,0.8130081300813009,6988000,Tembus MA20,66,Positif,Uptrend,Bullish,Strong Bullish,Perfect Uptrend (5>20>50),Akumulasi Kuat,Akumulasi (Naik),Normal,Seimbang / Adu Mekanik,Normal,Tinggi,Doji (Ragu-ragu),Rawan Pucuk (High Risk),> 1 Miliar,Di Atas VWAP (Kuat),Akumulasi Pro (Smart Money),Gorengan Sepi (< 5M),Anomali Tinggi (150-300%),Mark-Up (Fase Pesta),Spesialis Tiang Jemuran (Banting Pucuk),Normal,Naik 4 Hari Beruntun,TP: 272 | CL: 231,Normal,Tidak Ideal (< 1:1),Death Cross (Awal Bearish),Netral / Sepi Berita,Normal / Sedang Transisi,Mendekati Fibo 23.6%,8,BELI,TIDAK ADA,2026-09-01 09:00:03,Biasa / Mengikuti Pasar
09:00,EPAC,Token Mati (Perlu Update),Small Cap (Lapis 3),Fair Value (Wajar),0.0,2.727743,58.0,58,51,66,5.454545454545454,309534300,Tembus MA20,47,Positif,Downtrend,Bearish,Strong Bearish,Strong Downtrend (5<20<50),Akumulasi Kuat,Akumulasi (Naik),Normal,Seimbang / Adu Mekanik,Normal,Tinggi,Normal,Rawan Pucuk (High Risk),> 1 Miliar,Di Atas VWAP (Kuat),Distribusi Pro (Guyuran),Ritel Aktif (5M - 50M),Anomali Tinggi (150-300%),Mark-Down (Fase Runtuh),Normal,Normal,Naik 3 Hari Beruntun,TP: 63 | CL: 54,Normal,Menengah (1:1),Golden Cross (Awal Bullish),Netral / Sepi Berita,Normal / Sedang Transisi,Dekat Support Fibo 78.6%,4,WAIT & SEE,TIDAK ADA,2026-09-01 09:00:03,Biasa / Mengikuti Pasar
09:00,UANG,Transaksi Sepi (Skip Broksum),Mid Cap (Lapis 2),Overvalued (Mahal),42.20558,9.238461,2480.0,2445,2240,2590,-0.4016064257028112,284100,Tembus MA20,54,Negatif,Uptrend,Bullish,Strong Bullish,Perfect Uptrend (5>20>50),Normal,Distribusi (Turun),Normal,Dominan Beli (Hajar Kanan),Squeeze,Rendah,Doji (Ragu-ragu),Rawan Pucuk (High Risk),< 1 Miliar,Persis di VWAP,Akumulasi Pro (Smart Money),Gorengan Sepi (< 5M),Anomali Tinggi (150-300%),Mark-Up (Fase Pesta),Normal,Jarum Bawah (Sinyal Pantulan Kuat),Turun 1 Hari Beruntun,TP: 2652 | CL: 2365,Open = High (Tekanan Jual),Tidak Ideal (< 1:1),Netral / Sideways,Netral / Sepi Berita,Normal / Sedang Transisi,Golden Rebound Fibo 50.0% 🎯,6,WAIT & SEE,TIDAK ADA,2026-09-01 09:00:03,Biasa / Mengikuti Pasar
09:00,PGUN,Transaksi Sepi (Skip Broksum),Big Cap (Lapis 1),Overvalued (Mahal),476.13248,29.169613,9775.0,8458,7350,10675,-1.5113350125944585,70400,Normal,67,Negatif,Uptrend,Bullish,Strong Bullish,Perfect Uptrend (5>20>50),Normal,Distribusi (Turun),Normal,Seimbang / Adu Mekanik,Normal,Tinggi,Normal,Rawan Pucuk (High Risk),< 1 Miliar,Di Bawah VWAP (Lemah),Distribusi Pro (Guyuran),Gorengan Sepi (< 5M),Sepi (< 50%),Mark-Up (Fase Pesta),Spesialis Tiang Jemuran (Banting Pucuk),Normal,Turun 1 Hari Beruntun,TP: 10991 | CL: 8964,Normal,Tidak Ideal (< 1:1),Death Cross (Awal Bearish),Netral / Sepi Berita,Normal / Sedang Transisi,Mendekati Fibo 23.6%,4,WAIT & SEE,TIDAK ADA,2026-09-01 09:00:03,Biasa / Mengikuti Pasar
09:00,SOFA,Token Mati (Perlu Update),Small Cap (Lapis 3),Overvalued (Mahal),0.0,16.137936,380.0,286,206,386,4.395604395604396,3474900,Normal,71,Positif,Uptrend,Bullish,Strong Bullish,Perfect Uptrend (5>20>50),Normal,Akumulasi (Naik),Normal,Dominan Beli (Hajar Kanan),Normal,Tinggi,Normal,Rawan Pucuk (High Risk),> 1 Miliar,Di Atas VWAP (Kuat),Distribusi Pro (Guyuran),Gorengan Sepi (< 5M),Normal (50-150%),Mark-Up (Fase Pesta),Normal,Normal,Naik 3 Hari Beruntun,TP: 434 | CL: 343,Normal,Tidak Ideal (< 1:1),Overbought (Jenuh Beli - Rawan),Netral / Sepi Berita,Normal / Sedang Transisi,Mendekati Fibo 23.6%,7,BELI,TIDAK ADA,2026-09-01 09:00:03,Biasa / Mengikuti Pasar
09:00,PPGL,Token Mati (Perlu Update),Small Cap (Lapis 3),Overvalued (Mahal),14.796857,3.547983,354.0,232,188,354,9.937888198757763,10820300,Tembus MA20,91,Positif,Uptrend,Bullish,Strong Bullish,Perfect Uptrend (5>20>50),Akumulasi Kuat,Akumulasi (Naik),Normal,Dominan Beli (Hajar Kanan),Breakout Upper,Tinggi,Normal,Rawan Pucuk (High Risk),> 1 Miliar,Di Atas VWAP (Kuat),Akumulasi Pro (Smart Money),Gorengan Sepi (< 5M),Anomali Tinggi (150-300%),Mark-Up (Fase Pesta),Normal,Normal,Naik 5 Hari Beruntun,TP: 385 | CL: 332,Normal,Tidak Ideal (< 1:1),Overbought (Jenuh Beli - Rawan),Netral / Sepi Berita,Normal / Sedang Transisi,Mengambang (Jauh dari Fibo),9,BELI,TIDAK ADA,2026-09-01 09:00:03,⚠️ Anomali (Sudah Terbang)
09:00,SGER,Token Mati (Perlu Update),Mid Cap (Lapis 2),Overvalued (Mahal),41.666668,3.7900262,595.0,505,450,620,-0.8333333333333334,60036000,Tembus MA20,82,Negatif,Uptrend,Bullish,Strong Bullish,Perfect Uptrend (5>20>50),Normal,Akumulasi (Naik),Normal,Seimbang / Adu Mekanik,Breakout Upper,Tinggi,Doji (Ragu-ragu),Rawan Pucuk (High Risk),> 1 Miliar,Di Atas VWAP (Kuat),Akumulasi Pro (Smart Money),Ritel Aktif (5M - 50M),Normal (50-150%),Mark-Up (Fase Pesta),Normal,Jarum Bawah (Sinyal Pantulan Kuat),Turun 1 Hari Beruntun,TP: 638 | CL: 565,Normal,Tidak Ideal (< 1:1),Overbought (Jenuh Beli - Rawan),Netral / Sepi Berita,Normal / Sedang Transisi,Mengambang (Jauh dari Fibo),6,WAIT & SEE,TIDAK ADA,2026-09-01 09:00:03,Biasa / Mengikuti Pasar
09:00,TRJA,Transaksi Sepi (Skip Broksum),Small Cap (Lapis 3),Undervalued (Murah),3.859562,0.48125437,124.0,117,107,135,-0.8,261700,Normal,65,Negatif,Uptrend,Bullish,Strong Bullish,Perfect Uptrend (5>20>50),Normal,Distribusi (Turun),Normal,Dominan Beli (Hajar Kanan),Normal,Tinggi,Hammer (Potensi Reversal),Rawan Pucuk (High Risk),< 1 Miliar,Di Atas VWAP (Kuat),Akumulasi Pro (Smart Money),Gorengan Sepi (< 5M),Sepi (< 50%),Mark-Up (Fase Pesta),Spesialis Tiang Jemuran (Banting Pucuk),Jarum Bawah (Sinyal Pantulan Kuat),Turun 1 Hari Beruntun,TP: 136 | CL: 115,Open = High (Tekanan Jual),Tidak Ideal (< 1:1),Death Cross (Awal Bearish),Netral / Sepi Berita,Normal / Sedang Transisi,Mendekati Fibo 38.2%,5,WAIT & SEE,TIDAK ADA,2026-09-01 09:00:03,Biasa / Mengikuti Pasar
09:00,PNGO,Transaksi Sepi (Skip Broksum),Mid Cap (Lapis 2),Fair Value (Wajar),8.203524,2.1393352,3460.0,3527,3450,3570,-0.2881844380403458,5800,Normal,37,Negatif,Downtrend,Bearish,Strong Bearish,Konsolidasi / Transisi,Normal,Distribusi (Turun),Normal,Dominan Jual (Guyur),Squeeze,Rendah,Normal,Dekat Support (Low Risk),< 1 Miliar,Persis di VWAP,Distribusi Pro (Guyuran),Gorengan Sepi (< 5M),Anomali Tinggi (150-300%),Distribution (Fase Jualan),Normal,Normal,Turun 1 Hari Beruntun,TP: 3494 | CL: 3437,Open = High (Tekanan Jual),Sangat Menarik (> 1:3),Oversold (Jenuh Jual - Peluang),Netral / Sepi Berita,Normal / Sedang Transisi,Golden Rebound Fibo 61.8% (Golden Ratio) 🎯,0,WAIT & SEE,TIDAK ADA,2026-09-01 09:00:03,Biasa / Mengikuti Pasar
09:00,SCNP,Transaksi Sepi (Skip Broksum),Small Cap (Lapis 3),Fair Value (Wajar),0.0,1.0276477,156.0,152,138,173,1.9607843137254901,792700,Tembus MA20,57,Positif,Uptrend,Bearish,Bullish MACD,Konsolidasi / Transisi,Normal,Akumulasi (Naik),Normal,Seimbang / Adu Mekanik,Normal,Sedang,Normal,Rawan Pucuk (High Risk),< 1 Miliar,Di Atas VWAP (Kuat),Distribusi Pro (Guyuran),Gorengan Sepi (< 5M),Anomali Tinggi (150-300%),Mark-Up (Fase Pesta),Spesialis Tiang Jemuran (Banting Pucuk),Normal,Naik 3 Hari Beruntun,TP: 166 | CL: 149,Normal,Tidak Ideal (< 1:1),Netral / Sideways,Netral / Sepi Berita,Normal / Sedang Transisi,Mengambang (Jauh dari Fibo),6,WAIT & SEE,TIDAK ADA,2026-09-01 09:00:03,Biasa / Mengikuti Pasar
09:00,BBSI,Transaksi Sepi (Skip Broksum),Big Cap (Lapis 1),Overvalued (Mahal),97.095436,4.823539,4680.0,4670,4500,4700,0.0,800,Tembus MA20,52,Negatif,Uptrend,Bullish,Strong Bullish,Awal Reversal (5>20),Normal,Distribusi (Turun),Normal,Dominan Beli (Hajar Kanan),Squeeze,Rendah,Marubozu (Strong Bullish),Area Tengah,< 1 Miliar,Persis di VWAP,Akumulasi Pro (Smart Money),Gorengan Sepi (< 5M),Anomali Tinggi (150-300%),Accumulation (Kumpul Barang),Spesialis Tiang Jemuran (Banting Pucuk),Normal,Sideways / Stagnan,TP: 4752 | CL: 4631,Open = Low (Bullish Kuat),Tidak Ideal (< 1:1),Death Cross (Awal Bearish),Netral / Sepi Berita,Normal / Sedang Transisi,Mendekati Fibo 23.6%,6,WAIT & SEE,TIDAK ADA,2026-09-01 09:00:03,Biasa / Mengikuti Pasar
09:00,KMDS,Transaksi Sepi (Skip Broksum),Small Cap (Lapis 3),Fair Value (Wajar),5.703568,1.5398556,520.0,529,500,555,1.9607843137254901,30600,Normal,45,Positif,Downtrend,Bearish,Strong Bearish,Strong Downtrend (5<20<50),Normal,Distribusi (Turun),Normal,Seimbang / Adu Mekanik,Squeeze,Rendah,Normal,Area Tengah,< 1 Miliar,Persis di VWAP,Distribusi Pro (Guyuran),Gorengan Sepi (< 5M),Sepi (< 50%),Mark-Down (Fase Runtuh),Solid (Jarang Dibanting),Normal,Naik 1 Hari Beruntun,TP: 545 | CL: 503,Open = Low (Bullish Kuat),Ideal (1:2),Netral / Sideways,Netral / Sepi Berita,Normal / Sedang Transisi,Dekat Support Fibo 78.6%,1,WAIT & SEE,TIDAK ADA,2026-09-01 09:00:03,Biasa / Mengikuti Pasar
09:00,PURI,Transaksi Sepi (Skip Broksum),Small Cap (Lapis 3),Overvalued (Mahal),27.90527,1.6880636,152.0,142,133,161,0.6622516556291391,3331000,Normal,61,Positif,Uptrend,Bullish,Strong Bullish,Perfect Uptrend (5>20>50),Normal,Akumulasi (Naik),Normal,Seimbang / Adu Mekanik,Normal,Tinggi,Doji (Ragu-ragu),Rawan Pucuk (High Risk),< 1 Miliar,Persis di VWAP,Distribusi Pro (Guyuran),Gorengan Sepi (< 5M),Normal (50-150%),Mark-Up (Fase Pesta),Spesialis Tiang Jemuran (Banting Pucuk),Jarum Bawah (Sinyal Pantulan Kuat),Naik 1 Hari Beruntun,TP: 164 | CL: 143,Normal,Tidak Ideal (< 1:1),Death Cross (Awal Bearish),Netral / Sepi Berita,Normal / Sedang Transisi,Mendekati Fibo 38.2%,6,WAIT & SEE,TIDAK ADA,2026-09-01 09:00:03,Biasa / Mengikuti Pasar
09:00,SOHO,Transaksi Sepi (Skip Broksum),Big Cap (Lapis 1),Overvalued (Mahal),22.319761,6.17884,1195.0,1190,1100,1455,0.0,19700,Normal,52,Negatif,Uptrend,Bullish,Strong Bullish,Perfect Uptrend (5>20>50),Normal,Akumulasi (Naik),Normal,Seimbang / Adu Mekanik,Squeeze,Rendah,Normal,Area Tengah,< 1 Miliar,Persis di VWAP,Distribusi Pro (Guyuran),Gorengan Sepi (< 5M),Normal (50-150%),Mark-Up (Fase Pesta),Spesialis Tiang Jemuran (Banting Pucuk),Normal,Sideways / Stagnan,TP: 1240 | CL: 1164,Normal,Ideal (1:2),Netral / Sideways,Netral / Sepi Berita,Supply Kering (Siap Pump) 🏜️,Mengambang (Jauh dari Fibo),5,WAIT & SEE,TIDAK ADA,2026-09-01 09:00:03,Biasa / Mengikuti Pasar
09:00,ROCK,Transaksi Sepi (Skip Broksum),Mid Cap (Lapis 2),Overvalued (Mahal),95.17045,3.4500694,2010.0,2010,1500,2490,-1.951219512195122,30700,Normal,51,Negatif,Downtrend,Bullish,Bearish MACD,Perfect Uptrend (5>20>50),Normal,Distribusi (Turun),Normal,Seimbang / Adu Mekanik,Normal,Tinggi,Normal,Rawan Pucuk (High Risk),< 1 Miliar,Di Bawah VWAP (Lemah),Distribusi Pro (Guyuran),Gorengan Sepi (< 5M),Sepi (< 50%),Sideways,Normal,Normal,Turun 2 Hari Beruntun,TP: 2331 | CL: 1795,Normal,Tidak Ideal (< 1:1),Netral / Sideways,Netral / Sepi Berita,Normal / Sedang Transisi,Dekat Support Fibo 38.2%,2,WAIT & SEE,TIDAK ADA,2026-09-01 09:00:03,Biasa / Mengikuti Pasar
09:00,ENZO,Transaksi Sepi (Skip Broksum),Small Cap (Lapis 3),Undervalued (Murah),14.253716,0.86390954,70.0,74,65,96,-1.4084507042253522,8209500,Normal,47,Negatif,Downtrend,Bearish,Bearish MACD,Konsolidasi / Transisi,Normal,Akumulasi (Naik),Normal,Seimbang / Adu Mekanik,Normal,Tinggi,Normal,Area Tengah,< 1 Miliar,Persis di VWAP,Distribusi Pro (Guyuran),Gorengan Sepi (< 5M),Sepi (< 50%),Distribution (Fase Jualan),Normal,Normal,Turun 2 Hari Beruntun,TP: 77 | CL: 65,Open = High (Tekanan Jual),Sangat Menarik (> 1:3),Netral / Sideways,Netral / Sepi Berita,Normal / Sedang Transisi,Mendekati Fibo 61.8% (Golden Ratio),1,WAIT & SEE,TIDAK ADA,2026-09-01 09:00:03,Biasa / Mengikuti Pasar
09:00,PLAN,Transaksi Sepi (Skip Broksum),Small Cap (Lapis 3),Fair Value (Wajar),0.0,0.7321018,43.0,39,36,46,0.0,3405100,Tembus MA20,73,Negatif,Uptrend,Bullish,Strong Bullish,Perfect Uptrend (5>20>50),Normal,Akumulasi (Naik),Normal,Dominan Beli (Hajar Kanan),Normal,Tinggi,Doji (Ragu-ragu),Rawan Pucuk (High Risk),< 1 Miliar,Di Atas VWAP (Kuat),Akumulasi Pro (Smart Money),Gorengan Sepi (< 5M),Normal (50-150%),Mark-Up (Fase Pesta),Normal,Jarum Bawah (Sinyal Pantulan Kuat),Sideways / Stagnan,TP: 46 | CL: 40,Normal,Tidak Ideal (< 1:1),Netral / Sideways,Netral / Sepi Berita,Normal / Sedang Transisi,Golden Rebound Fibo 23.6% 🎯,7,BELI,TIDAK ADA,2026-09-01 09:00:03,Biasa / Mengikuti Pasar
09:00,ATAP,Transaksi Sepi (Skip Broksum),Small Cap (Lapis 3),Overvalued (Mahal),170.99236,9.132421,560.0,586,520,660,2.7522935779816518,518700,Normal,49,Positif,Downtrend,Bearish,Bearish MACD,Konsolidasi / Transisi,Normal,Distribusi (Turun),Normal,Dominan Beli (Hajar Kanan),Normal,Tinggi,Normal,Area Tengah,< 1 Miliar,Persis di VWAP,Distribusi Pro (Guyuran),Gorengan Sepi (< 5M),Sepi (< 50%),Distribution (Fase Jualan),Normal,Normal,Naik 1 Hari Beruntun,TP: 628 | CL: 514,Normal,Ideal (1:2),Golden Cross (Awal Bullish),Netral / Sepi Berita,Normal / Sedang Transisi,Mengambang (Jauh dari Fibo),2,WAIT & SEE,TIDAK ADA,2026-09-01 09:00:03,Biasa / Mengikuti Pasar
09:00,VICI,Token Mati (Perlu Update),Mid Cap (Lapis 2),Overvalued (Mahal),54.340622,5.036793,820.0,646,565,955,5.806451612903226,30476800,Tembus MA20,81,Positif,Uptrend,Bullish,Strong Bullish,Perfect Uptrend (5>20>50),Akumulasi Kuat,Akumulasi (Naik),Normal,Dominan Jual (Guyur),Breakout Upper,Tinggi,Normal,Rawan Pucuk (High Risk),> 1 Miliar,Di Atas VWAP (Kuat),Distribusi Pro (Guyuran),Ritel Aktif (5M - 50M),Ledakan Ekstrem (> 300%),Mark-Up (Fase Pesta),Normal,Normal,Naik 3 Hari Beruntun,TP: 892 | CL: 771,Normal,Tidak Ideal (< 1:1),Death Cross (Awal Bearish),Netral / Sepi Berita,Normal / Sedang Transisi,Mengambang (Jauh dari Fibo),8,BELI,TIDAK ADA,2026-09-01 09:00:03,Biasa / Mengikuti Pasar
09:00,BANK,Token Mati (Perlu Update),Mid Cap (Lapis 2),Overvalued (Mahal),50.0,1.1925094,280.0,273,266,284,1.4492753623188406,5317300,Tembus MA20,56,Positif,Uptrend,Golden Cross,Bullish MACD,Awal Reversal (5>20),Akumulasi Kuat,Akumulasi (Naik),Normal,Seimbang / Adu Mekanik,Squeeze,Rendah,Normal,Area Tengah,> 1 Miliar,Di Atas VWAP (Kuat),Akumulasi Pro (Smart Money),Gorengan Sepi (< 5M),Anomali Tinggi (150-300%),Accumulation (Kumpul Barang),Normal,Normal,Naik 2 Hari Beruntun,TP: 290 | CL: 273,Normal,Tidak Ideal (< 1:1),Netral / Sideways,Netral / Sepi Berita,Normal / Sedang Transisi,Dekat Support Fibo 38.2%,8,BELI,TIDAK ADA,2026-09-01 09:00:03,Biasa / Mengikuti Pasar
09:00,WMUU,Transaksi Sepi (Skip Broksum),Small Cap (Lapis 3),Fair Value (Wajar),0.0,0.8526603,50.0,53,50,63,0.0,3768000,Normal,40,Negatif,Downtrend,Bearish,Strong Bearish,Konsolidasi / Transisi,Normal,Netral,Normal,Tidak Ada Transaksi,Normal,Tinggi,Doji (Ragu-ragu),Dekat Support (Low Risk),< 1 Miliar,Persis di VWAP,Netral,Gorengan Sepi (< 5M),Sepi (< 50%),Distribution (Fase Jualan),Spesialis Tiang Jemuran (Banting Pucuk),Normal,Sideways / Stagnan,TP: 53 | CL: 47,Normal,Di Area Support,Oversold (Jenuh Jual - Peluang),Netral / Sepi Berita,Normal / Sedang Transisi,Golden Rebound Fibo Bottom / 100% 🎯,0,WAIT & SEE,TIDAK ADA,2026-09-01 09:00:03,Biasa / Mengikuti Pasar
09:00,UNIQ,Transaksi Sepi (Skip Broksum),Small Cap (Lapis 3),Undervalued (Murah),13.736903,0.76894504,118.0,115,110,122,0.8547008547008548,3227300,Tembus MA20,62,Positif,Uptrend,Bullish,Bearish MACD,Perfect Uptrend (5>20>50),Normal,Akumulasi (Naik),Normal,Seimbang / Adu Mekanik,Squeeze,Rendah,Normal,Area Tengah,< 1 Miliar,Di Atas VWAP (Kuat),Akumulasi Pro (Smart Money),Gorengan Sepi (< 5M),Anomali Tinggi (150-300%),Mark-Up (Fase Pesta),Spesialis Tiang Jemuran (Banting Pucuk),Normal,Naik 1 Hari Beruntun,TP: 124 | CL: 113,Open = Low (Bullish Kuat),Tidak Ideal (< 1:1),Death Cross (Awal Bearish),Netral / Sepi Berita,Normal / Sedang Transisi,Mendekati Fibo 23.6%,6,WAIT & SEE,TIDAK ADA,2026-09-01 09:00:03,Biasa / Mengikuti Pasar
09:00,SNLK,Token Mati (Perlu Update),Small Cap (Lapis 3),Fair Value (Wajar),0.0,0.6315831,226.0,227,216,244,0.8928571428571428,13071700,Normal,49,Positif,Downtrend,Death Cross,Bearish MACD,Konsolidasi / Transisi,Normal,Distribusi (Turun),Normal,Seimbang / Adu Mekanik,Squeeze,Rendah,Normal,Area Tengah,> 1 Miliar,Persis di VWAP,Distribusi Pro (Guyuran),Gorengan Sepi (< 5M),Normal (50-150%),Distribution (Fase Jualan),Normal,Normal,Naik 1 Hari Beruntun,TP: 238 | CL: 217,Open = Low (Bullish Kuat),Ideal (1:2),Golden Cross (Awal Bullish),Netral / Sepi Berita,Normal / Sedang Transisi,Dekat Support Fibo 78.6%,1,WAIT & SEE,TIDAK ADA,2026-09-01 09:00:03,Biasa / Mengikuti Pasar
09:00,ZYRX,Transaksi Sepi (Skip Broksum),Small Cap (Lapis 3),Undervalued (Murah),2.4961596,0.55870724,130.0,127,117,140,-1.5151515151515151,420600,Normal,53,Negatif,Uptrend,Bullish,Strong Bullish,Awal Reversal (5>20),Normal,Distribusi (Turun),Normal,Seimbang / Adu Mekanik,Normal,Sedang,Normal,Rawan Pucuk (High Risk),< 1 Miliar,Persis di VWAP,Distribusi Pro (Guyuran),Gorengan Sepi (< 5M),Normal (50-150%),Accumulation (Kumpul Barang),Normal,Normal,Turun 1 Hari Beruntun,TP: 138 | CL: 124,Open = High (Tekanan Jual),Tidak Ideal (< 1:1),Netral / Sideways,Netral / Sepi Berita,Normal / Sedang Transisi,Dekat Support Fibo 38.2%,4,WAIT & SEE,TIDAK ADA,2026-09-01 09:00:03,Biasa / Mengikuti Pasar
09:00,LFLO,Transaksi Sepi (Skip Broksum),Small Cap (Lapis 3),Overvalued (Mahal),0.0,7.6740413,530.0,505,466,555,2.912621359223301,4800,Normal,58,Positif,Uptrend,Bullish,Strong Bullish,Awal Reversal (5>20),Normal,Distribusi (Turun),Normal,Dominan Beli (Hajar Kanan),Normal,Sedang,Normal,Rawan Pucuk (High Risk),< 1 Miliar,Di Atas VWAP (Kuat),Akumulasi Pro (Smart Money),Gorengan Sepi (< 5M),Sepi (< 50%),Accumulation (Kumpul Barang),Normal,Jarum Bawah (Sinyal Pantulan Kuat),Naik 1 Hari Beruntun,TP: 571 | CL: 502,Normal,Tidak Ideal (< 1:1),Netral / Sideways,Netral / Sepi Berita,Normal / Sedang Transisi,Mendekati Fibo 61.8% (Golden Ratio),6,WAIT & SEE,TIDAK ADA,2026-09-01 09:00:03,Biasa / Mengikuti Pasar
09:00,TAPG,Token Mati (Perlu Update),Big Cap (Lapis 1),Overvalued (Mahal),10.244094,3.626382,2090.0,1851,1647,2150,2.955665024630542,32814100,Tembus MA20,79,Positif,Uptrend,Bullish,Strong Bullish,Perfect Uptrend (5>20>50),Normal,Akumulasi (Naik),Normal,Seimbang / Adu Mekanik,Breakout Upper,Tinggi,Normal,Rawan Pucuk (High Risk),> 1 Miliar,Di Atas VWAP (Kuat),Distribusi Pro (Guyuran),Ritel Aktif (5M - 50M),Anomali Tinggi (150-300%),Mark-Up (Fase Pesta),Normal,Normal,Naik 1 Hari Beruntun,TP: 2186 | CL: 2025,Normal,Tidak Ideal (< 1:1),Overbought (Jenuh Beli - Rawan),Netral / Sepi Berita,Normal / Sedang Transisi,Mengambang (Jauh dari Fibo),7,BELI,TIDAK ADA,2026-09-01 09:00:03,Biasa / Mengikuti Pasar
09:00,NPGF,Transaksi Sepi (Skip Broksum),Small Cap (Lapis 3),Overvalued (Mahal),2800.0,0.75250614,56.0,58,55,70,-1.7543859649122806,5290100,Normal,41,Negatif,Downtrend,Bearish,Strong Bearish,Konsolidasi / Transisi,Normal,Distribusi (Turun),Normal,Seimbang / Adu Mekanik,Bottom Rebound,Sedang,Normal,Dekat Support (Low Risk),< 1 Miliar,Di Bawah VWAP (Lemah),Distribusi Pro (Guyuran),Gorengan Sepi (< 5M),Sepi (< 50%),Distribution (Fase Jualan),Spesialis Tiang Jemuran (Banting Pucuk),Normal,Turun 2 Hari Beruntun,TP: 60 | CL: 52,Open = High (Tekanan Jual),Sangat Menarik (> 1:3),Oversold (Jenuh Jual - Peluang),Netral / Sepi Berita,Normal / Sedang Transisi,Golden Rebound Fibo 78.6% 🎯,0,WAIT & SEE,TIDAK ADA,2026-09-01 09:00:03,Biasa / Mengikuti Pasar
09:00,LUCY,Token Mati (Perlu Update),Small Cap (Lapis 3),Overvalued (Mahal),0.0,34.915718,406.0,287,204,406,9.72972972972973,159789000,Tembus MA20,60,Positif,Uptrend,Bullish,Bullish MACD,Awal Reversal (5>20),Akumulasi Kuat,Akumulasi (Naik),Gap Down (-2.7%),Dominan Beli (Hajar Kanan),Breakout Upper,Tinggi,Marubozu (Strong Bullish),Rawan Pucuk (High Risk),> 1 Miliar,Di Atas VWAP (Kuat),Akumulasi Pro (Smart Money),Ritel Aktif (5M - 50M),Anomali Tinggi (150-300%),Accumulation (Kumpul Barang),Spesialis Tiang Jemuran (Banting Pucuk),Normal,Naik 5 Hari Beruntun,TP: 454 | CL: 373,Open = Low (Bullish Kuat),Tidak Ideal (< 1:1),Overbought (Jenuh Beli - Rawan),Netral / Sepi Berita,Normal / Sedang Transisi,Mengambang (Jauh dari Fibo),9,BELI,TIDAK ADA,2026-09-01 09:00:03,Biasa / Mengikuti Pasar
09:00,HOPE,Token Mati (Perlu Update),Small Cap (Lapis 3),Overvalued (Mahal),0.0,10.399969,266.0,238,202,288,4.724409448818897,68744700,Tembus MA20,63,Positif,Uptrend,Bullish,Bearish MACD,Perfect Uptrend (5>20>50),Normal,Akumulasi (Naik),Normal,Dominan Beli (Hajar Kanan),Normal,Tinggi,Normal,Rawan Pucuk (High Risk),> 1 Miliar,Di Atas VWAP (Kuat),Akumulasi Pro (Smart Money),Ritel Aktif (5M - 50M),Normal (50-150%),Mark-Up (Fase Pesta),Normal,Normal,Naik 1 Hari Beruntun,TP: 306 | CL: 239,Normal,Tidak Ideal (< 1:1),Netral / Sideways,Netral / Sepi Berita,Normal / Sedang Transisi,Mengambang (Jauh dari Fibo),7,BELI,TIDAK ADA,2026-09-01 09:00:03,Biasa / Mengikuti Pasar
09:00,MGLV,Token Mati (Perlu Update),Big Cap (Lapis 1),Overvalued (Mahal),0.0,205.61423,12225.0,9946,7825,13325,1.0330578512396695,1515100,Normal,83,Positif,Uptrend,Bullish,Strong Bullish,Perfect Uptrend (5>20>50),Normal,Akumulasi (Naik),Normal,Seimbang / Adu Mekanik,Normal,Tinggi,Doji (Ragu-ragu),Rawan Pucuk (High Risk),> 1 Miliar,Persis di VWAP,Distribusi Pro (Guyuran),Ritel Aktif (5M - 50M),Normal (50-150%),Mark-Up (Fase Pesta),Spesialis Tiang Jemuran (Banting Pucuk),Normal,Naik 1 Hari Beruntun,TP: 13968 | CL: 11062,Normal,Tidak Ideal (< 1:1),Death Cross (Awal Bearish),Netral / Sepi Berita,Normal / Sedang Transisi,Mendekati Fibo 23.6%,6,WAIT & SEE,TIDAK ADA,2026-09-01 09:00:03,Biasa / Mengikuti Pasar
09:00,LABA,Token Mati (Perlu Update),Small Cap (Lapis 3),Fair Value (Wajar),4.6971745,1.5678449,132.0,99,92,148,2.3255813953488373,400745200,Tembus MA20,81,Positif,Uptrend,Bullish,Strong Bullish,Perfect Uptrend (5>20>50),Akumulasi Kuat,Akumulasi (Naik),Normal,Seimbang / Adu Mekanik,Breakout Upper,Tinggi,Normal,Rawan Pucuk (High Risk),> 1 Miliar,Di Atas VWAP (Kuat),Akumulasi Pro (Smart Money),Ritel Aktif (5M - 50M),Ledakan Ekstrem (> 300%),Mark-Up (Fase Pesta),Spesialis Tiang Jemuran (Banting Pucuk),Normal,Naik 3 Hari Beruntun,TP: 144 | CL: 123,Normal,Tidak Ideal (< 1:1),Netral / Sideways,Netral / Sepi Berita,Normal / Sedang Transisi,Mendekati Fibo 23.6%,8,BELI,TIDAK ADA,2026-09-01 09:00:03,🔥 ANOMALI BANDAR (Siap Ledakan)
09:00,ARCI,Token Mati (Perlu Update),Big Cap (Lapis 1),Overvalued (Mahal),13.244707,84062.49,1345.0,1266,1060,1475,-3.237410071942446,72256400,Tembus MA20,59,Negatif,Uptrend,Bullish,Strong Bullish,Perfect Uptrend (5>20>50),Normal,Distribusi (Turun),Gap Down (-3.6%),Dominan Beli (Hajar Kanan),Normal,Tinggi,Doji (Ragu-ragu),Rawan Pucuk (High Risk),> 1 Miliar,Di Bawah VWAP (Lemah),Distribusi Pro (Guyuran),Sultan (> 50M/hari),Normal (50-150%),Mark-Up (Fase Pesta),Spesialis Tiang Jemuran (Banting Pucuk),Jarum Bawah (Sinyal Pantulan Kuat),Turun 2 Hari Beruntun,TP: 1470 | CL: 1261,Normal,Tidak Ideal (< 1:1),Death Cross (Awal Bearish),Netral / Sepi Berita,Normal / Sedang Transisi,Golden Rebound Fibo 23.6% 🎯,6,WAIT & SEE,TIDAK ADA,2026-09-01 09:00:03,Biasa / Mengikuti Pasar
09:00,IPAC,Transaksi Sepi (Skip Broksum),Small Cap (Lapis 3),Overvalued (Mahal),46.298717,4.7827497,177.0,172,154,190,-0.5617977528089888,15800,Normal,56,Negatif,Uptrend,Bullish,Strong Bullish,Perfect Uptrend (5>20>50),Normal,Akumulasi (Naik),Normal,Seimbang / Adu Mekanik,Normal,Tinggi,Normal,Rawan Pucuk (High Risk),< 1 Miliar,Di Bawah VWAP (Lemah),Distribusi Pro (Guyuran),Gorengan Sepi (< 5M),Sepi (< 50%),Mark-Up (Fase Pesta),Spesialis Tiang Jemuran (Banting Pucuk),Normal,Turun 2 Hari Beruntun,TP: 192 | CL: 167,Normal,Tidak Ideal (< 1:1),Death Cross (Awal Bearish),Netral / Sepi Berita,Normal / Sedang Transisi,Mendekati Fibo 23.6%,5,WAIT & SEE,TIDAK ADA,2026-09-01 09:00:03,Biasa / Mengikuti Pasar
09:00,MASB,Transaksi Sepi (Skip Broksum),Mid Cap (Lapis 2),Fair Value (Wajar),22.321428,1.1569718,3400.0,3387,3100,3400,0.2949852507374631,11100,Tembus MA20,55,Positif,Uptrend,Bullish,Strong Bullish,Perfect Uptrend (5>20>50),Normal,Akumulasi (Naik),Normal,Dominan Beli (Hajar Kanan),Squeeze,Rendah,Marubozu (Strong Bullish),Area Tengah,< 1 Miliar,Persis di VWAP,Akumulasi Pro (Smart Money),Gorengan Sepi (< 5M),Normal (50-150%),Mark-Up (Fase Pesta),Solid (Jarang Dibanting),Normal,Naik 1 Hari Beruntun,TP: 3490 | CL: 3340,Open = Low (Bullish Kuat),Tidak Ideal (< 1:1),Overbought (Jenuh Beli - Rawan),Netral / Sepi Berita,Normal / Sedang Transisi,Dekat Support Fibo 38.2%,8,BELI,TIDAK ADA,2026-09-01 09:00:03,Biasa / Mengikuti Pasar
09:00,BMHS,Transaksi Sepi (Skip Broksum),Mid Cap (Lapis 2),Fair Value (Wajar),0.0,0.8549129,193.0,190,182,200,-0.5154639175257731,419100,Normal,67,Negatif,Uptrend,Bullish,Strong Bullish,Perfect Uptrend (5>20>50),Normal,Akumulasi (Naik),Normal,Seimbang / Adu Mekanik,Squeeze,Rendah,Normal,Area Tengah,< 1 Miliar,Di Atas VWAP (Kuat),Akumulasi Pro (Smart Money),Gorengan Sepi (< 5M),Sepi (< 50%),Mark-Up (Fase Pesta),Normal,Normal,Turun 1 Hari Beruntun,TP: 200 | CL: 188,Normal,Tidak Ideal (< 1:1),Death Cross (Awal Bearish),Netral / Sepi Berita,Normal / Sedang Transisi,Dekat Support Fibo 23.6%,5,WAIT & SEE,TIDAK ADA,2026-09-01 09:00:03,Biasa / Mengikuti Pasar
09:00,FLMC,Token Mati (Perlu Update),Small Cap (Lapis 3),Overvalued (Mahal),5.3313494,5.0401454,86.0,76,66,86,8.860759493670885,14860200,Tembus MA20,65,Positif,Uptrend,Bullish,Strong Bullish,Perfect Uptrend (5>20>50),Akumulasi Kuat,Akumulasi (Naik),Gap Down (-2.5%),Dominan Beli (Hajar Kanan),Breakout Upper,Tinggi,Marubozu (Strong Bullish),Rawan Pucuk (High Risk),> 1 Miliar,Di Atas VWAP (Kuat),Akumulasi Pro (Smart Money),Gorengan Sepi (< 5M),Ledakan Ekstrem (> 300%),Mark-Up (Fase Pesta),Normal,Normal,Naik 1 Hari Beruntun,TP: 94 | CL: 80,Open = Low (Bullish Kuat),Tidak Ideal (< 1:1),Overbought (Jenuh Beli - Rawan),Netral / Sepi Berita,Normal / Sedang Transisi,Mengambang (Jauh dari Fibo),9,BELI,TIDAK ADA,2026-09-01 09:00:03,Biasa / Mengikuti Pasar
09:00,NICL,Token Mati (Perlu Update),Mid Cap (Lapis 2),Overvalued (Mahal),51.030422,6.652679,520.0,477,440,530,1.9607843137254901,55369100,Tembus MA20,62,Positif,Uptrend,Bullish,Strong Bullish,Awal Reversal (5>20),Normal,Akumulasi (Naik),Normal,Dominan Beli (Hajar Kanan),Breakout Upper,Sedang,Normal,Rawan Pucuk (High Risk),> 1 Miliar,Di Atas VWAP (Kuat),Akumulasi Pro (Smart Money),Ritel Aktif (5M - 50M),Normal (50-150%),Accumulation (Kumpul Barang),Normal,Normal,Naik 3 Hari Beruntun,TP: 552 | CL: 498,Normal,Tidak Ideal (< 1:1),Overbought (Jenuh Beli - Rawan),Netral / Sepi Berita,Normal / Sedang Transisi,Mendekati Fibo 61.8% (Golden Ratio),8,BELI,TIDAK ADA,2026-09-01 09:00:03,Biasa / Mengikuti Pasar
09:00,UVCR,Token Mati (Perlu Update),Small Cap (Lapis 3),Overvalued (Mahal),40.869564,2.6142578,141.0,145,129,160,0.0,24076200,Normal,44,Negatif,Downtrend,Bearish,Strong Bearish,Strong Downtrend (5<20<50),Normal,Akumulasi (Naik),Normal,Dominan Beli (Hajar Kanan),Normal,Tinggi,Doji (Ragu-ragu),Area Tengah,> 1 Miliar,Di Atas VWAP (Kuat),Akumulasi Pro (Smart Money),Ritel Aktif (5M - 50M),Normal (50-150%),Mark-Down (Fase Runtuh),Solid (Jarang Dibanting),Jarum Bawah (Sinyal Pantulan Kuat),Sideways / Stagnan,TP: 151 | CL: 134,Normal,Ideal (1:2),Golden Cross (Awal Bullish),Netral / Sepi Berita,Normal / Sedang Transisi,Mengambang (Jauh dari Fibo),2,WAIT & SEE,TIDAK ADA,2026-09-01 09:00:03,Biasa / Mengikuti Pasar
09:00,BUKA,Token Mati (Perlu Update),Mid Cap (Lapis 2),Undervalued (Murah),5.7220707,0.39684936,105.0,114,104,125,0.0,1883828500,Tembus MA20,36,Negatif,Downtrend,Bearish,Strong Bearish,Konsolidasi / Transisi,Distribusi Kuat,Distribusi (Turun),Normal,Dominan Jual (Guyur),Bottom Rebound,Tinggi,Normal,Dekat Support (Low Risk),> 1 Miliar,Di Bawah VWAP (Lemah),Distribusi Pro (Guyuran),Ritel Aktif (5M - 50M),Ledakan Ekstrem (> 300%),Distribution (Fase Jualan),Spesialis Tiang Jemuran (Banting Pucuk),Normal,Sideways / Stagnan,TP: 112 | CL: 100,Normal,Sangat Menarik (> 1:3),Oversold (Jenuh Jual - Peluang),Netral / Sepi Berita,Supply Banjir (Distribusi) 🌊,Mendekati Fibo 78.6%,1,WAIT & SEE,TIDAK ADA,2026-09-01 09:00:03,🔥 ANOMALI BANDAR (Siap Ledakan)
09:00,HAIS,Transaksi Sepi (Skip Broksum),Small Cap (Lapis 3),Undervalued (Murah),8.665269,0.63265306,186.0,182,178,191,1.639344262295082,801500,Tembus MA20,59,Positif,Uptrend,Golden Cross,Strong Bullish,Perfect Uptrend (5>20>50),Normal,Distribusi (Turun),Normal,Dominan Beli (Hajar Kanan),Squeeze,Rendah,Normal,Area Tengah,< 1 Miliar,Di Atas VWAP (Kuat),Akumulasi Pro (Smart Money),Gorengan Sepi (< 5M),Anomali Tinggi (150-300%),Mark-Up (Fase Pesta),Spesialis Tiang Jemuran (Banting Pucuk),Normal,Naik 1 Hari Beruntun,TP: 192 | CL: 181,Normal,Tidak Ideal (< 1:1),Netral / Sideways,Netral / Sepi Berita,Normal / Sedang Transisi,Dekat Support Fibo 23.6%,7,BELI,TIDAK ADA,2026-09-01 09:00:03,Biasa / Mengikuti Pasar
09:00,OILS,Token Mati (Perlu Update),Small Cap (Lapis 3),Fair Value (Wajar),0.0,1.2097425,262.0,227,210,280,15.929203539823009,76517600,Tembus MA20,70,Positif,Uptrend,Golden Cross,Strong Bullish,Perfect Uptrend (5>20>50),Distribusi Kuat,Akumulasi (Naik),Gap Up (+23.9%),Seimbang / Adu Mekanik,Breakout Upper,Tinggi,Normal,Rawan Pucuk (High Risk),> 1 Miliar,Di Atas VWAP (Kuat),Distribusi Pro (Guyuran),Gorengan Sepi (< 5M),Ledakan Ekstrem (> 300%),Mark-Up (Fase Pesta),Normal,Normal,Naik 3 Hari Beruntun,TP: 279 | CL: 250,Open = High (Tekanan Jual),Tidak Ideal (< 1:1),Netral / Sideways,Netral / Sepi Berita,Supply Banjir (Distribusi) 🌊,Mengambang (Jauh dari Fibo),8,BELI,TIDAK ADA,2026-09-01 09:00:03,Biasa / Mengikuti Pasar
09:00,GPSO,Token Mati (Perlu Update),Small Cap (Lapis 3),Overvalued (Mahal),0.0,4.8123345,304.0,293,274,324,4.10958904109589,52524000,Tembus MA20,51,Positif,Uptrend,Bullish,Bullish MACD,Awal Reversal (5>20),Normal,Akumulasi (Naik),Normal,Dominan Beli (Hajar Kanan),Normal,Sedang,Normal,Rawan Pucuk (High Risk),> 1 Miliar,Di Atas VWAP (Kuat),Akumulasi Pro (Smart Money),Ritel Aktif (5M - 50M),Normal (50-150%),Accumulation (Kumpul Barang),Spesialis Tiang Jemuran (Banting Pucuk),Normal,Naik 1 Hari Beruntun,TP: 324 | CL: 290,Open = Low (Bullish Kuat),Tidak Ideal (< 1:1),Netral / Sideways,Netral / Sepi Berita,Normal / Sedang Transisi,Mengambang (Jauh dari Fibo),8,BELI,TIDAK ADA,2026-09-01 09:00:03,Biasa / Mengikuti Pasar
09:00,MCOL,Transaksi Sepi (Skip Broksum),Big Cap (Lapis 1),Overvalued (Mahal),9.21659,23717.947,3700.0,3730,3600,3870,1.36986301369863,37500,Tembus MA20,48,Positif,Downtrend,Bearish,Strong Bearish,Strong Downtrend (5<20<50),Normal,Distribusi (Turun),Normal,Seimbang / Adu Mekanik,Squeeze,Rendah,Normal,Dekat Support (Low Risk),< 1 Miliar,Persis di VWAP,Distribusi Pro (Guyuran),Gorengan Sepi (< 5M),Anomali Tinggi (150-300%),Mark-Down (Fase Runtuh),Spesialis Tiang Jemuran (Banting Pucuk),Normal,Naik 1 Hari Beruntun,TP: 3826 | CL: 3615,Normal,Ideal (1:2),Golden Cross (Awal Bullish),Netral / Sepi Berita,Normal / Sedang Transisi,Mendekati Fibo 50.0%,2,WAIT & SEE,TIDAK ADA,2026-09-01 09:00:03,Biasa / Mengikuti Pasar
09:00,RSGK,Transaksi Sepi (Skip Broksum),Small Cap (Lapis 3),Overvalued (Mahal),25.578232,1.0308001,940.0,953,905,1010,-2.5906735751295336,40100,Tembus MA20,46,Negatif,Downtrend,Bullish,Bullish MACD,Awal Reversal (5>20),Distribusi Kuat,Distribusi (Turun),Normal,Seimbang / Adu Mekanik,Normal,Sedang,Normal,Area Tengah,< 1 Miliar,Persis di VWAP,Akumulasi Pro (Smart Money),Gorengan Sepi (< 5M),Anomali Tinggi (150-300%),Mark-Down (Fase Runtuh),Normal,Normal,Turun 1 Hari Beruntun,TP: 1018 | CL: 887,Open = High (Tekanan Jual),Ideal (1:2),Netral / Sideways,Netral / Sepi Berita,Normal / Sedang Transisi,Mengambang (Jauh dari Fibo),3,WAIT & SEE,TIDAK ADA,2026-09-01 09:00:03,Biasa / Mengikuti Pasar
09:00,RUNS,Transaksi Sepi (Skip Broksum),Small Cap (Lapis 3),Fair Value (Wajar),0.0,1.1584455,62.0,62,59,66,0.0,341200,Normal,39,Negatif,Downtrend,Bearish,Bullish MACD,Strong Downtrend (5<20<50),Normal,Distribusi (Turun),Normal,Dominan Beli (Hajar Kanan),Squeeze,Rendah,Doji (Ragu-ragu),Area Tengah,< 1 Miliar,Persis di VWAP,Akumulasi Pro (Smart Money),Gorengan Sepi (< 5M),Sepi (< 50%),Mark-Down (Fase Runtuh),Normal,Jarum Bawah (Sinyal Pantulan Kuat),Sideways / Stagnan,TP: 65 | CL: 59,Normal,Menengah (1:1),Netral / Sideways,Netral / Sepi Berita,Normal / Sedang Transisi,Mengambang (Jauh dari Fibo),2,WAIT & SEE,TIDAK ADA,2026-09-01 09:00:03,Biasa / Mengikuti Pasar
09:00,SBMA,Transaksi Sepi (Skip Broksum),Small Cap (Lapis 3),Undervalued (Murah),9.055518,0.41276246,107.0,107,100,120,-1.834862385321101,536800,Normal,48,Negatif,Downtrend,Bullish,Bearish MACD,Perfect Uptrend (5>20>50),Normal,Distribusi (Turun),Normal,Dominan Jual (Guyur),Squeeze,Rendah,Normal,Area Tengah,< 1 Miliar,Di Bawah VWAP (Lemah),Akumulasi Pro (Smart Money),Gorengan Sepi (< 5M),Normal (50-150%),Distribution (Fase Jualan),Normal,Normal,Turun 1 Hari Beruntun,TP: 115 | CL: 101,Normal,Ideal (1:2),Netral / Sideways,Netral / Sepi Berita,Normal / Sedang Transisi,Dekat Support Fibo 50.0%,1,WAIT & SEE,TIDAK ADA,2026-09-01 09:00:03,Biasa / Mengikuti Pasar
09:00,CMNT,Token Mati (Perlu Update),Big Cap (Lapis 1),Overvalued (Mahal),0.0,5.766662,760.0,781,735,825,2.013422818791946,24265600,Tembus MA20,42,Positif,Downtrend,Bearish,Strong Bearish,Strong Downtrend (5<20<50),Normal,Distribusi (Turun),Normal,Dominan Beli (Hajar Kanan),Normal,Sedang,Normal,Area Tengah,> 1 Miliar,Di Atas VWAP (Kuat),Distribusi Pro (Guyuran),Ritel Aktif (5M - 50M),Normal (50-150%),Mark-Down (Fase Runtuh),Normal,Normal,Naik 2 Hari Beruntun,TP: 797 | CL: 735,Normal,Ideal (1:2),Golden Cross (Awal Bullish),Netral / Sepi Berita,Normal / Sedang Transisi,Dekat Support Fibo 78.6%,3,WAIT & SEE,TIDAK ADA,2026-09-01 09:00:03,Biasa / Mengikuti Pasar
09:00,GTSI,Token Mati (Perlu Update),Mid Cap (Lapis 2),Overvalued (Mahal),0.0,57000.0,171.0,177,141,199,1.183431952662722,42879700,Normal,51,Positif,Downtrend,Bearish,Bearish MACD,Konsolidasi / Transisi,Normal,Distribusi (Turun),Normal,Seimbang / Adu Mekanik,Normal,Tinggi,Normal,Rawan Pucuk (High Risk),> 1 Miliar,Persis di VWAP,Distribusi Pro (Guyuran),Ritel Aktif (5M - 50M),Normal (50-150%),Distribution (Fase Jualan),Normal,Normal,Naik 1 Hari Beruntun,TP: 187 | CL: 159,Normal,Tidak Ideal (< 1:1),Golden Cross (Awal Bullish),Netral / Sepi Berita,Normal / Sedang Transisi,Mengambang (Jauh dari Fibo),2,WAIT & SEE,TIDAK ADA,2026-09-01 09:00:03,Biasa / Mengikuti Pasar
09:00,IDEA,Transaksi Sepi (Skip Broksum),Small Cap (Lapis 3),Overvalued (Mahal),27.397259,0.9997667,60.0,63,58,72,0.0,3661700,Normal,44,Negatif,Downtrend,Bearish,Strong Bearish,Konsolidasi / Transisi,Normal,Distribusi (Turun),Normal,Seimbang / Adu Mekanik,Normal,Tinggi,Doji (Ragu-ragu),Area Tengah,< 1 Miliar,Persis di VWAP,Distribusi Pro (Guyuran),Gorengan Sepi (< 5M),Normal (50-150%),Distribution (Fase Jualan),Normal,Normal,Sideways / Stagnan,TP: 65 | CL: 56,Normal,Sangat Menarik (> 1:3),Netral / Sideways,Netral / Sepi Berita,Normal / Sedang Transisi,Dekat Support Fibo 50.0%,0,WAIT & SEE,TIDAK ADA,2026-09-01 09:00:03,Biasa / Mengikuti Pasar
09:00,KUAS,Token Mati (Perlu Update),Small Cap (Lapis 3),Fair Value (Wajar),17.469658,0.7183799,95.0,92,89,108,0.0,17270500,Normal,55,Negatif,Uptrend,Bullish,Strong Bullish,Perfect Uptrend (5>20>50),Normal,Akumulasi (Naik),Normal,Seimbang / Adu Mekanik,Normal,Sedang,Doji (Ragu-ragu),Area Tengah,> 1 Miliar,Di Bawah VWAP (Lemah),Distribusi Pro (Guyuran),Ritel Aktif (5M - 50M),Sepi (< 50%),Mark-Up (Fase Pesta),Spesialis Tiang Jemuran (Banting Pucuk),Normal,Sideways / Stagnan,TP: 103 | CL: 89,Normal,Ideal (1:2),Netral / Sideways,Netral / Sepi Berita,Normal / Sedang Transisi,Mengambang (Jauh dari Fibo),5,WAIT & SEE,TIDAK ADA,2026-09-01 09:00:03,Biasa / Mengikuti Pasar
09:00,BOBA,Transaksi Sepi (Skip Broksum),Small Cap (Lapis 3),Undervalued (Murah),12.613462,1.4626178,214.0,213,204,240,1.9047619047619049,443700,Normal,42,Positif,Uptrend,Bearish,Bullish MACD,Strong Downtrend (5<20<50),Normal,Akumulasi (Naik),Normal,Seimbang / Adu Mekanik,Normal,Sedang,Normal,Area Tengah,< 1 Miliar,Persis di VWAP,Distribusi Pro (Guyuran),Gorengan Sepi (< 5M),Sepi (< 50%),Accumulation (Kumpul Barang),Spesialis Tiang Jemuran (Banting Pucuk),Normal,Naik 1 Hari Beruntun,TP: 231 | CL: 202,Normal,Ideal (1:2),Golden Cross (Awal Bullish),Netral / Sepi Berita,Supply Kering (Siap Pump) 🏜️,Mendekati Fibo Bottom / 100%,4,WAIT & SEE,TIDAK ADA,2026-09-01 09:00:03,Biasa / Mengikuti Pasar
09:00,MTEL,Token Mati (Perlu Update),Big Cap (Lapis 1),Fair Value (Wajar),17.036768,1.1797923,468.0,444,418,476,1.7391304347826086,129526700,Tembus MA20,63,Positif,Uptrend,Bullish,Strong Bullish,Awal Reversal (5>20),Akumulasi Kuat,Akumulasi (Naik),Normal,Dominan Beli (Hajar Kanan),Normal,Sedang,Normal,Rawan Pucuk (High Risk),> 1 Miliar,Di Atas VWAP (Kuat),Akumulasi Pro (Smart Money),Ritel Aktif (5M - 50M),Anomali Tinggi (150-300%),Accumulation (Kumpul Barang),Normal,Normal,Naik 1 Hari Beruntun,TP: 484 | CL: 457,Normal,Tidak Ideal (< 1:1),Overbought (Jenuh Beli - Rawan),Netral / Sepi Berita,Normal / Sedang Transisi,Dekat Support Fibo 50.0%,9,BELI,TIDAK ADA,2026-09-01 09:00:03,Biasa / Mengikuti Pasar
09:00,DEPO,Transaksi Sepi (Skip Broksum),Mid Cap (Lapis 2),Fair Value (Wajar),21.229992,1.2306551,252.0,246,236,276,1.6129032258064515,221700,Normal,55,Positif,Uptrend,Bullish,Strong Bullish,Perfect Uptrend (5>20>50),Normal,Akumulasi (Naik),Normal,Seimbang / Adu Mekanik,Normal,Sedang,Normal,Area Tengah,< 1 Miliar,Persis di VWAP,Akumulasi Pro (Smart Money),Gorengan Sepi (< 5M),Sepi (< 50%),Mark-Up (Fase Pesta),Normal,Normal,Naik 1 Hari Beruntun,TP: 269 | CL: 240,Open = Low (Bullish Kuat),Ideal (1:2),Golden Cross (Awal Bullish),Netral / Sepi Berita,Supply Kering (Siap Pump) 🏜️,Mendekati Fibo 78.6%,6,WAIT & SEE,TIDAK ADA,2026-09-01 09:00:03,Biasa / Mengikuti Pasar
09:00,BINO,Transaksi Sepi (Skip Broksum),Small Cap (Lapis 3),Fair Value (Wajar),20.915266,0.64789796,117.0,113,108,124,0.8620689655172413,471200,Normal,66,Positif,Uptrend,Bullish,Bearish MACD,Perfect Uptrend (5>20>50),Normal,Distribusi (Turun),Normal,Dominan Beli (Hajar Kanan),Squeeze,Rendah,Normal,Area Tengah,< 1 Miliar,Di Atas VWAP (Kuat),Akumulasi Pro (Smart Money),Gorengan Sepi (< 5M),Sepi (< 50%),Mark-Up (Fase Pesta),Spesialis Tiang Jemuran (Banting Pucuk),Normal,Naik 2 Hari Beruntun,TP: 123 | CL: 112,Normal,Tidak Ideal (< 1:1),Netral / Sideways,Netral / Sepi Berita,Supply Kering (Siap Pump) 🏜️,Mendekati Fibo 38.2%,5,WAIT & SEE,TIDAK ADA,2026-09-01 09:00:03,Biasa / Mengikuti Pasar
09:00,CMRY,Token Mati (Perlu Update),Big Cap (Lapis 1),Overvalued (Mahal),17.331085,5.350597,4830.0,4661,4520,4830,2.9850746268656714,8868200,Tembus MA20,61,Positif,Uptrend,Bullish,Strong Bullish,Perfect Uptrend (5>20>50),Akumulasi Kuat,Akumulasi (Naik),Normal,Dominan Beli (Hajar Kanan),Squeeze,Rendah,Marubozu (Strong Bullish),Area Tengah,> 1 Miliar,Di Atas VWAP (Kuat),Distribusi Pro (Guyuran),Ritel Aktif (5M - 50M),Anomali Tinggi (150-300%),Mark-Up (Fase Pesta),Spesialis Tiang Jemuran (Banting Pucuk),Normal,Naik 4 Hari Beruntun,TP: 4993 | CL: 4720,Normal,Tidak Ideal (< 1:1),Netral / Sideways,Netral / Sepi Berita,Normal / Sedang Transisi,Mendekati Fibo 23.6%,9,BELI,TIDAK ADA,2026-09-01 09:00:03,Biasa / Mengikuti Pasar
09:00,WGSH,Token Mati (Perlu Update),Small Cap (Lapis 3),Overvalued (Mahal),25.546219,4.5255604,152.0,171,145,208,-1.935483870967742,21040400,Normal,44,Negatif,Downtrend,Bearish,Bearish MACD,Konsolidasi / Transisi,Normal,Distribusi (Turun),Normal,Dominan Jual (Guyur),Normal,Tinggi,Normal,Area Tengah,> 1 Miliar,Di Bawah VWAP (Lemah),Distribusi Pro (Guyuran),Ritel Aktif (5M - 50M),Normal (50-150%),Distribution (Fase Jualan),Solid (Jarang Dibanting),Normal,Turun 1 Hari Beruntun,TP: 174 | CL: 137,Normal,Sangat Menarik (> 1:3),Oversold (Jenuh Jual - Peluang),Netral / Sepi Berita,Normal / Sedang Transisi,Golden Rebound Fibo 50.0% 🎯,0,WAIT & SEE,TIDAK ADA,2026-09-01 09:00:03,Biasa / Mengikuti Pasar
09:00,ADMR,Token Mati (Perlu Update),Big Cap (Lapis 1),Overvalued (Mahal),13.869076,43750.0,1750.0,1635,1485,1785,2.3391812865497075,56111600,Tembus MA20,67,Positif,Uptrend,Bullish,Strong Bullish,Perfect Uptrend (5>20>50),Normal,Akumulasi (Naik),Normal,Dominan Beli (Hajar Kanan),Normal,Tinggi,Normal,Rawan Pucuk (High Risk),> 1 Miliar,Di Atas VWAP (Kuat),Distribusi Pro (Guyuran),Sultan (> 50M/hari),Anomali Tinggi (150-300%),Mark-Up (Fase Pesta),Normal,Normal,Naik 1 Hari Beruntun,TP: 1854 | CL: 1680,Normal,Tidak Ideal (< 1:1),Overbought (Jenuh Beli - Rawan),Netral / Sepi Berita,Normal / Sedang Transisi,Mendekati Fibo 23.6%,8,BELI,TIDAK ADA,2026-09-01 09:00:03,Biasa / Mengikuti Pasar
09:00,SEMA,Transaksi Sepi (Skip Broksum),Small Cap (Lapis 3),Undervalued (Murah),6.5250983,0.9398806,114.0,101,95,120,2.7027027027027026,3835300,Tembus MA20,76,Positif,Uptrend,Bullish,Strong Bullish,Perfect Uptrend (5>20>50),Normal,Akumulasi (Naik),Normal,Dominan Beli (Hajar Kanan),Breakout Upper,Tinggi,Normal,Rawan Pucuk (High Risk),< 1 Miliar,Di Atas VWAP (Kuat),Distribusi Pro (Guyuran),Gorengan Sepi (< 5M),Normal (50-150%),Mark-Up (Fase Pesta),Spesialis Tiang Jemuran (Banting Pucuk),Normal,Naik 1 Hari Beruntun,TP: 121 | CL: 108,Open = Low (Bullish Kuat),Tidak Ideal (< 1:1),Netral / Sideways,Netral / Sepi Berita,Normal / Sedang Transisi,Mendekati Fibo 23.6%,8,BELI,TIDAK ADA,2026-09-01 09:00:03,Biasa / Mengikuti Pasar
09:00,ASLC,Transaksi Sepi (Skip Broksum),Small Cap (Lapis 3),Overvalued (Mahal),27.091633,1.1438953,68.0,63,59,75,-1.4492753623188406,11483100,Normal,59,Negatif,Uptrend,Bullish,Strong Bullish,Perfect Uptrend (5>20>50),Normal,Akumulasi (Naik),Normal,Seimbang / Adu Mekanik,Normal,Tinggi,Normal,Rawan Pucuk (High Risk),< 1 Miliar,Persis di VWAP,Distribusi Pro (Guyuran),Gorengan Sepi (< 5M),Sepi (< 50%),Mark-Up (Fase Pesta),Solid (Jarang Dibanting),Normal,Turun 1 Hari Beruntun,TP: 73 | CL: 64,Open = High (Tekanan Jual),Tidak Ideal (< 1:1),Netral / Sideways,Netral / Sepi Berita,Normal / Sedang Transisi,Mendekati Fibo 38.2%,5,WAIT & SEE,TIDAK ADA,2026-09-01 09:00:03,Biasa / Mengikuti Pasar
09:00,NETV,Transaksi Sepi (Skip Broksum),Mid Cap (Lapis 2),Overvalued (Mahal),0.0,5.560498,50.0,51,50,59,0.0,1382000,Normal,42,Negatif,Downtrend,Bearish,Strong Bearish,Konsolidasi / Transisi,Normal,Netral,Normal,Tidak Ada Transaksi,Squeeze,Rendah,Doji (Ragu-ragu),Dekat Support (Low Risk),< 1 Miliar,Persis di VWAP,Netral,Gorengan Sepi (< 5M),Sepi (< 50%),Distribution (Fase Jualan),Solid (Jarang Dibanting),Normal,Sideways / Stagnan,TP: 52 | CL: 48,Normal,Di Area Support,Oversold (Jenuh Jual - Peluang),Netral / Sepi Berita,Supply Kering (Siap Pump) 🏜️,Golden Rebound Fibo Bottom / 100% 🎯,0,WAIT & SEE,TIDAK ADA,2026-09-01 09:00:03,Biasa / Mengikuti Pasar
09:00,BAUT,Transaksi Sepi (Skip Broksum),Small Cap (Lapis 3),Fair Value (Wajar),0.0,1.0869876,38.0,35,28,39,0.0,2115000,Normal,63,Negatif,Uptrend,Bullish,Bearish MACD,Perfect Uptrend (5>20>50),Normal,Akumulasi (Naik),Gap Down (-2.6%),Dominan Beli (Hajar Kanan),Normal,Tinggi,Marubozu (Strong Bullish),Rawan Pucuk (High Risk),< 1 Miliar,Di Atas VWAP (Kuat),Akumulasi Pro (Smart Money),Gorengan Sepi (< 5M),Sepi (< 50%),Mark-Up (Fase Pesta),Solid (Jarang Dibanting),Normal,Sideways / Stagnan,TP: 40 | CL: 36,Open = Low (Bullish Kuat),Tidak Ideal (< 1:1),Death Cross (Awal Bearish),Netral / Sepi Berita,Normal / Sedang Transisi,Mengambang (Jauh dari Fibo),5,WAIT & SEE,TIDAK ADA,2026-09-01 09:00:03,Biasa / Mengikuti Pasar
09:00,ENAK,Token Mati (Perlu Update),Small Cap (Lapis 3),Fair Value (Wajar),0.0,2.801952,236.0,240,228,284,0.8547008547008548,7298300,Tembus MA20,43,Positif,Downtrend,Bearish,Bullish MACD,Strong Downtrend (5<20<50),Distribusi Kuat,Akumulasi (Naik),Normal,Dominan Jual (Guyur),Normal,Sedang,Doji (Ragu-ragu),Area Tengah,> 1 Miliar,Di Bawah VWAP (Lemah),Distribusi Pro (Guyuran),Gorengan Sepi (< 5M),Ledakan Ekstrem (> 300%),Mark-Down (Fase Runtuh),Spesialis Tiang Jemuran (Banting Pucuk),Normal,Naik 1 Hari Beruntun,TP: 263 | CL: 217,Normal,Sangat Menarik (> 1:3),Oversold (Jenuh Jual - Peluang),Netral / Sepi Berita,Supply Banjir (Distribusi) 🌊,Golden Rebound Fibo 78.6% 🎯,4,WAIT & SEE,TIDAK ADA,2026-09-01 09:00:03,Biasa / Mengikuti Pasar
09:00,NTBK,Token Mati (Perlu Update),Small Cap (Lapis 3),Overvalued (Mahal),357.14285,2.4355345,80.0,85,73,99,0.0,30877500,Normal,44,Negatif,Downtrend,Bearish,Strong Bearish,Konsolidasi / Transisi,Normal,Distribusi (Turun),Normal,Seimbang / Adu Mekanik,Normal,Tinggi,Normal,Area Tengah,> 1 Miliar,Persis di VWAP,Distribusi Pro (Guyuran),Gorengan Sepi (< 5M),Normal (50-150%),Distribution (Fase Jualan),Spesialis Tiang Jemuran (Banting Pucuk),Normal,Sideways / Stagnan,TP: 88 | CL: 74,Normal,Ideal (1:2),Golden Cross (Awal Bullish),Netral / Sepi Berita,Normal / Sedang Transisi,Mengambang (Jauh dari Fibo),0,WAIT & SEE,TIDAK ADA,2026-09-01 09:00:03,Biasa / Mengikuti Pasar
09:00,SMKM,Transaksi Sepi (Skip Broksum),Small Cap (Lapis 3),Undervalued (Murah),7.632538,0.6914337,111.0,91,67,119,1.834862385321101,3081200,Normal,76,Positif,Uptrend,Bullish,Strong Bullish,Perfect Uptrend (5>20>50),Normal,Akumulasi (Naik),Normal,Seimbang / Adu Mekanik,Normal,Tinggi,Normal,Rawan Pucuk (High Risk),< 1 Miliar,Di Atas VWAP (Kuat),Akumulasi Pro (Smart Money),Gorengan Sepi (< 5M),Sepi (< 50%),Mark-Up (Fase Pesta),Normal,Normal,Naik 1 Hari Beruntun,TP: 126 | CL: 100,Normal,Tidak Ideal (< 1:1),Overbought (Jenuh Beli - Rawan),Netral / Sepi Berita,Normal / Sedang Transisi,Mengambang (Jauh dari Fibo),6,WAIT & SEE,TIDAK ADA,2026-09-01 09:00:03,Biasa / Mengikuti Pasar
09:00,STAA,Token Mati (Perlu Update),Big Cap (Lapis 1),Fair Value (Wajar),8.116664,2.0464587,1205.0,1112,1045,1205,1.6877637130801686,6218100,Tembus MA20,74,Positif,Uptrend,Bullish,Strong Bullish,Perfect Uptrend (5>20>50),Normal,Akumulasi (Naik),Normal,Dominan Beli (Hajar Kanan),Normal,Tinggi,Hammer (Potensi Reversal),Rawan Pucuk (High Risk),> 1 Miliar,Di Atas VWAP (Kuat),Akumulasi Pro (Smart Money),Ritel Aktif (5M - 50M),Normal (50-150%),Mark-Up (Fase Pesta),Normal,Jarum Bawah (Sinyal Pantulan Kuat),Naik 1 Hari Beruntun,TP: 1250 | CL: 1174,Normal,Tidak Ideal (< 1:1),Overbought (Jenuh Beli - Rawan),Netral / Sepi Berita,Normal / Sedang Transisi,Mengambang (Jauh dari Fibo),8,BELI,TIDAK ADA,2026-09-01 09:00:03,Biasa / Mengikuti Pasar
09:00,NANO,Token Mati (Perlu Update),Small Cap (Lapis 3),Undervalued (Murah),13.420245,0.8811238,35.0,31,27,36,2.941176470588235,33717200,Normal,60,Positif,Uptrend,Bullish,Strong Bullish,Perfect Uptrend (5>20>50),Normal,Akumulasi (Naik),Gap Up (+2.9%),Dominan Beli (Hajar Kanan),Normal,Tinggi,Doji (Ragu-ragu),Rawan Pucuk (High Risk),> 1 Miliar,Di Atas VWAP (Kuat),Akumulasi Pro (Smart Money),Gorengan Sepi (< 5M),Normal (50-150%),Mark-Up (Fase Pesta),Normal,Jarum Bawah (Sinyal Pantulan Kuat),Naik 1 Hari Beruntun,TP: 39 | CL: 32,Normal,Tidak Ideal (< 1:1),Netral / Sideways,Netral / Sepi Berita,Normal / Sedang Transisi,Golden Rebound Fibo 23.6% 🎯,8,BELI,TIDAK ADA,2026-09-01 09:00:03,Biasa / Mengikuti Pasar
09:00,BIKE,Token Mati (Perlu Update),Mid Cap (Lapis 2),Overvalued (Mahal),33.388344,21.900568,870.0,568,464,965,-9.844559585492227,1563800,Tembus MA20,80,Negatif,Uptrend,Bullish,Strong Bullish,Perfect Uptrend (5>20>50),Distribusi Kuat,Akumulasi (Naik),Normal,Dominan Jual (Guyur),Breakout Upper,Tinggi,Normal,Rawan Pucuk (High Risk),> 1 Miliar,Di Atas VWAP (Kuat),Akumulasi Pro (Smart Money),Gorengan Sepi (< 5M),Normal (50-150%),Mark-Up (Fase Pesta),Solid (Jarang Dibanting),Normal,Turun 1 Hari Beruntun,TP: 937 | CL: 824,Open = High (Tekanan Jual),Tidak Ideal (< 1:1),Overbought (Jenuh Beli - Rawan),Netral / Sepi Berita,Supply Banjir (Distribusi) 🌊,Mendekati Fibo 23.6%,6,WAIT & SEE,TIDAK ADA,2026-09-01 09:00:03,Biasa / Mengikuti Pasar
09:00,WIRG,Token Mati (Perlu Update),Small Cap (Lapis 3),Undervalued (Murah),11.764706,1.0712523,76.0,66,56,81,4.10958904109589,155364700,Normal,65,Positif,Uptrend,Bullish,Strong Bullish,Perfect Uptrend (5>20>50),Normal,Akumulasi (Naik),Normal,Seimbang / Adu Mekanik,Normal,Tinggi,Normal,Rawan Pucuk (High Risk),> 1 Miliar,Di Atas VWAP (Kuat),Distribusi Pro (Guyuran),Ritel Aktif (5M - 50M),Normal (50-150%),Mark-Up (Fase Pesta),Spesialis Tiang Jemuran (Banting Pucuk),Normal,Naik 1 Hari Beruntun,TP: 84 | CL: 70,Normal,Tidak Ideal (< 1:1),Netral / Sideways,Netral / Sepi Berita,Normal / Sedang Transisi,Mendekati Fibo 23.6%,6,WAIT & SEE,TIDAK ADA,2026-09-01 09:00:03,Biasa / Mengikuti Pasar
09:00,SICO,Transaksi Sepi (Skip Broksum),Small Cap (Lapis 3),Undervalued (Murah),12.119296,0.7816855,115.0,110,105,135,0.8771929824561403,5605800,Normal,60,Positif,Uptrend,Bullish,Strong Bullish,Perfect Uptrend (5>20>50),Normal,Akumulasi (Naik),Normal,Dominan Beli (Hajar Kanan),Normal,Sedang,Normal,Area Tengah,< 1 Miliar,Di Bawah VWAP (Lemah),Distribusi Pro (Guyuran),Gorengan Sepi (< 5M),Sepi (< 50%),Mark-Up (Fase Pesta),Spesialis Tiang Jemuran (Banting Pucuk),Normal,Naik 1 Hari Beruntun,TP: 123 | CL: 109,Normal,Ideal (1:2),Netral / Sideways,Netral / Sepi Berita,Normal / Sedang Transisi,Dekat Support Fibo 50.0%,7,BELI,TIDAK ADA,2026-09-01 09:00:03,Biasa / Mengikuti Pasar
09:00,GOTO,Token Mati (Perlu Update),Big Cap (Lapis 1),Fair Value (Wajar),0.0,1.6453322,50.0,50,50,50,0.0,38022700,Tembus MA20,0,Negatif,Downtrend,Bearish,Bearish MACD,Konsolidasi / Transisi,Normal,Netral,Normal,Tidak Ada Transaksi,Squeeze,Rendah,Doji (Ragu-ragu),Dekat Support (Low Risk),> 1 Miliar,Persis di VWAP,Netral,Gorengan Sepi (< 5M),Anomali Tinggi (150-300%),Sideways,Solid (Jarang Dibanting),Normal,Sideways / Stagnan,TP: 51 | CL: 49,Normal,Di Area Support,Oversold (Jenuh Jual - Peluang),Netral / Sepi Berita,Normal / Sedang Transisi,Normal / Sideways,1,WAIT & SEE,TIDAK ADA,2026-09-01 09:00:03,🔥 ANOMALI BANDAR (Siap Ledakan)
09:00,TLDN,Transaksi Sepi (Skip Broksum),Mid Cap (Lapis 2),Fair Value (Wajar),6.835473,2.016539,575.0,564,515,605,0.0,1249600,Normal,58,Negatif,Uptrend,Bullish,Bearish MACD,Perfect Uptrend (5>20>50),Normal,Distribusi (Turun),Normal,Dominan Beli (Hajar Kanan),Normal,Sedang,Doji (Ragu-ragu),Rawan Pucuk (High Risk),< 1 Miliar,Persis di VWAP,Distribusi Pro (Guyuran),Gorengan Sepi (< 5M),Normal (50-150%),Mark-Up (Fase Pesta),Normal,Jarum Bawah (Sinyal Pantulan Kuat),Sideways / Stagnan,TP: 605 | CL: 554,Normal,Tidak Ideal (< 1:1),Death Cross (Awal Bearish),Netral / Sepi Berita,Normal / Sedang Transisi,Mendekati Fibo 23.6%,4,WAIT & SEE,TIDAK ADA,2026-09-01 09:00:03,Biasa / Mengikuti Pasar
09:00,MTMH,Transaksi Sepi (Skip Broksum),Mid Cap (Lapis 2),Overvalued (Mahal),42.553192,1.377258,1020.0,943,890,1020,3.0303030303030303,43500,Tembus MA20,68,Positif,Uptrend,Bullish,Strong Bullish,Perfect Uptrend (5>20>50),Akumulasi Kuat,Akumulasi (Naik),Normal,Dominan Beli (Hajar Kanan),Breakout Upper,Sedang,Marubozu (Strong Bullish),Rawan Pucuk (High Risk),< 1 Miliar,Di Atas VWAP (Kuat),Akumulasi Pro (Smart Money),Gorengan Sepi (< 5M),Anomali Tinggi (150-300%),Mark-Up (Fase Pesta),Spesialis Tiang Jemuran (Banting Pucuk),Normal,Naik 1 Hari Beruntun,TP: 1058 | CL: 994,Open = Low (Bullish Kuat),Tidak Ideal (< 1:1),Overbought (Jenuh Beli - Rawan),Netral / Sepi Berita,Normal / Sedang Transisi,Dekat Support Fibo 23.6%,9,BELI,TIDAK ADA,2026-09-01 09:00:03,Biasa / Mengikuti Pasar
09:00,WINR,Transaksi Sepi (Skip Broksum),Small Cap (Lapis 3),Undervalued (Murah),0.022030726,0.2837322,20.0,22,19,28,0.0,10498300,Normal,42,Negatif,Downtrend,Bearish,Strong Bearish,Konsolidasi / Transisi,Normal,Distribusi (Turun),Normal,Dominan Jual (Guyur),Normal,Tinggi,Doji (Ragu-ragu),Area Tengah,< 1 Miliar,Persis di VWAP,Akumulasi Pro (Smart Money),Gorengan Sepi (< 5M),Sepi (< 50%),Distribution (Fase Jualan),Normal,Normal,Sideways / Stagnan,TP: 22 | CL: 18,Normal,Sangat Menarik (> 1:3),Oversold (Jenuh Jual - Peluang),Netral / Sepi Berita,Normal / Sedang Transisi,Mengambang (Jauh dari Fibo),0,WAIT & SEE,TIDAK ADA,2026-09-01 09:00:03,Biasa / Mengikuti Pasar
09:00,IBOS,Token Mati (Perlu Update),Small Cap (Lapis 3),Overvalued (Mahal),365.38464,2.2364519,95.0,74,61,96,9.195402298850574,72638700,Tembus MA20,73,Positif,Uptrend,Bullish,Strong Bullish,Perfect Uptrend (5>20>50),Akumulasi Kuat,Akumulasi (Naik),Gap Up (+5.7%),Dominan Beli (Hajar Kanan),Breakout Upper,Tinggi,Normal,Rawan Pucuk (High Risk),> 1 Miliar,Di Atas VWAP (Kuat),Akumulasi Pro (Smart Money),Gorengan Sepi (< 5M),Ledakan Ekstrem (> 300%),Mark-Up (Fase Pesta),Normal,Normal,Naik 1 Hari Beruntun,TP: 104 | CL: 88,Normal,Tidak Ideal (< 1:1),Overbought (Jenuh Beli - Rawan),Netral / Sepi Berita,Normal / Sedang Transisi,Mendekati Fibo 23.6%,10,BELI,TIDAK ADA,2026-09-01 09:00:03,Biasa / Mengikuti Pasar
09:00,OLIV,Transaksi Sepi (Skip Broksum),Small Cap (Lapis 3),Overvalued (Mahal),51.47864,2.4075403,47.0,48,44,53,2.1739130434782608,8735700,Tembus MA20,42,Positif,Downtrend,Bearish,Strong Bearish,Strong Downtrend (5<20<50),Normal,Distribusi (Turun),Gap Up (+6.5%),Seimbang / Adu Mekanik,Normal,Sedang,Normal,Area Tengah,< 1 Miliar,Di Atas VWAP (Kuat),Distribusi Pro (Guyuran),Gorengan Sepi (< 5M),Normal (50-150%),Mark-Down (Fase Runtuh),Normal,Normal,Naik 1 Hari Beruntun,TP: 51 | CL: 44,Open = High (Tekanan Jual),Ideal (1:2),Golden Cross (Awal Bullish),Netral / Sepi Berita,Normal / Sedang Transisi,Mengambang (Jauh dari Fibo),3,WAIT & SEE,TIDAK ADA,2026-09-01 09:00:03,Biasa / Mengikuti Pasar
09:00,ASHA,Token Mati (Perlu Update),Small Cap (Lapis 3),Fair Value (Wajar),0.0,2.6770053,58.0,58,54,67,1.7543859649122806,22095800,Normal,49,Positif,Downtrend,Bearish,Bearish MACD,Konsolidasi / Transisi,Normal,Distribusi (Turun),Normal,Seimbang / Adu Mekanik,Normal,Sedang,Normal,Area Tengah,> 1 Miliar,Persis di VWAP,Distribusi Pro (Guyuran),Gorengan Sepi (< 5M),Normal (50-150%),Distribution (Fase Jualan),Spesialis Tiang Jemuran (Banting Pucuk),Normal,Naik 1 Hari Beruntun,TP: 62 | CL: 54,Open = Low (Bullish Kuat),Ideal (1:2),Golden Cross (Awal Bullish),Netral / Sepi Berita,Normal / Sedang Transisi,Mendekati Fibo 61.8% (Golden Ratio),1,WAIT & SEE,TIDAK ADA,2026-09-01 09:00:03,Biasa / Mengikuti Pasar
09:00,SWID,Transaksi Sepi (Skip Broksum),Small Cap (Lapis 3),Fair Value (Wajar),0.0,2.3151844,116.0,110,99,148,0.0,2999900,Normal,59,Negatif,Uptrend,Bullish,Strong Bullish,Perfect Uptrend (5>20>50),Normal,Akumulasi (Naik),Normal,Seimbang / Adu Mekanik,Normal,Tinggi,Doji (Ragu-ragu),Rawan Pucuk (High Risk),< 1 Miliar,Di Bawah VWAP (Lemah),Akumulasi Pro (Smart Money),Gorengan Sepi (< 5M),Sepi (< 50%),Mark-Up (Fase Pesta),Spesialis Tiang Jemuran (Banting Pucuk),Normal,Sideways / Stagnan,TP: 134 | CL: 103,Normal,Ideal (1:2),Netral / Sideways,Netral / Sepi Berita,Normal / Sedang Transisi,Mendekati Fibo 50.0%,5,WAIT & SEE,TIDAK ADA,2026-09-01 09:00:03,Biasa / Mengikuti Pasar
09:00,TRGU,Transaksi Sepi (Skip Broksum),Mid Cap (Lapis 2),Overvalued (Mahal),128.14815,1.4004695,173.0,168,159,204,0.0,101000,Normal,56,Negatif,Uptrend,Bullish,Strong Bullish,Perfect Uptrend (5>20>50),Normal,Akumulasi (Naik),Normal,Seimbang / Adu Mekanik,Normal,Sedang,Normal,Area Tengah,< 1 Miliar,Di Bawah VWAP (Lemah),Distribusi Pro (Guyuran),Gorengan Sepi (< 5M),Sepi (< 50%),Mark-Up (Fase Pesta),Spesialis Tiang Jemuran (Banting Pucuk),Normal,Sideways / Stagnan,TP: 188 | CL: 162,Open = High (Tekanan Jual),Ideal (1:2),Netral / Sideways,Netral / Sepi Berita,Supply Kering (Siap Pump) 🏜️,Mendekati Fibo 78.6%,5,WAIT & SEE,TIDAK ADA,2026-09-01 09:00:03,Biasa / Mengikuti Pasar
09:00,ARKO,Token Mati (Perlu Update),Big Cap (Lapis 1),Overvalued (Mahal),227.31439,26.327803,4960.0,5012,4490,6100,-0.8,2777300,Normal,48,Negatif,Downtrend,Bullish,Bearish MACD,Perfect Uptrend (5>20>50),Normal,Distribusi (Turun),Normal,Seimbang / Adu Mekanik,Normal,Tinggi,Normal,Rawan Pucuk (High Risk),> 1 Miliar,Di Bawah VWAP (Lemah),Distribusi Pro (Guyuran),Ritel Aktif (5M - 50M),Sepi (< 50%),Distribution (Fase Jualan),Normal,Normal,Turun 2 Hari Beruntun,TP: 5677 | CL: 4481,Normal,Ideal (1:2),Netral / Sideways,Netral / Sepi Berita,Normal / Sedang Transisi,Mendekati Fibo 61.8% (Golden Ratio),1,WAIT & SEE,TIDAK ADA,2026-09-01 09:00:03,Biasa / Mengikuti Pasar
09:00,CHEM,Transaksi Sepi (Skip Broksum),Small Cap (Lapis 3),Fair Value (Wajar),0.0,1.0502152,70.0,68,63,77,-1.4084507042253522,6006700,Normal,56,Negatif,Uptrend,Bullish,Strong Bullish,Perfect Uptrend (5>20>50),Normal,Distribusi (Turun),Normal,Dominan Jual (Guyur),Normal,Sedang,Normal,Rawan Pucuk (High Risk),< 1 Miliar,Persis di VWAP,Distribusi Pro (Guyuran),Gorengan Sepi (< 5M),Normal (50-150%),Mark-Up (Fase Pesta),Normal,Normal,Turun 1 Hari Beruntun,TP: 75 | CL: 66,Open = High (Tekanan Jual),Menengah (1:1),Netral / Sideways,Netral / Sepi Berita,Normal / Sedang Transisi,Mendekati Fibo 38.2%,4,WAIT & SEE,TIDAK ADA,2026-09-01 09:00:03,Biasa / Mengikuti Pasar
09:00,DEWI,Token Mati (Perlu Update),Small Cap (Lapis 3),Fair Value (Wajar),0.0,1.849725,153.0,137,117,158,0.6578947368421052,58288000,Tembus MA20,73,Positif,Uptrend,Bullish,Strong Bullish,Perfect Uptrend (5>20>50),Normal,Akumulasi (Naik),Normal,Seimbang / Adu Mekanik,Normal,Tinggi,Normal,Rawan Pucuk (High Risk),> 1 Miliar,Di Atas VWAP (Kuat),Akumulasi Pro (Smart Money),Ritel Aktif (5M - 50M),Normal (50-150%),Mark-Up (Fase Pesta),Solid (Jarang Dibanting),Normal,Naik 3 Hari Beruntun,TP: 164 | CL: 145,Open = Low (Bullish Kuat),Tidak Ideal (< 1:1),Overbought (Jenuh Beli - Rawan),Netral / Sepi Berita,Normal / Sedang Transisi,Mendekati Fibo 23.6%,7,BELI,TIDAK ADA,2026-09-01 09:00:03,Biasa / Mengikuti Pasar
09:00,AXIO,Transaksi Sepi (Skip Broksum),Small Cap (Lapis 3),Fair Value (Wajar),0.0,1.2792199,117.0,113,109,124,0.8620689655172413,729400,Normal,58,Positif,Uptrend,Bullish,Strong Bullish,Perfect Uptrend (5>20>50),Normal,Akumulasi (Naik),Normal,Dominan Beli (Hajar Kanan),Squeeze,Rendah,Normal,Area Tengah,< 1 Miliar,Persis di VWAP,Akumulasi Pro (Smart Money),Gorengan Sepi (< 5M),Sepi (< 50%),Mark-Up (Fase Pesta),Normal,Normal,Naik 1 Hari Beruntun,TP: 123 | CL: 112,Normal,Tidak Ideal (< 1:1),Golden Cross (Awal Bullish),Netral / Sepi Berita,Normal / Sedang Transisi,Dekat Support Fibo 50.0%,7,BELI,TIDAK ADA,2026-09-01 09:00:03,Biasa / Mengikuti Pasar
09:00,KRYA,Token Mati (Perlu Update),Small Cap (Lapis 3),Overvalued (Mahal),0.0,4.3119845,68.0,63,56,76,-2.857142857142857,261533600,Tembus MA20,61,Negatif,Uptrend,Bullish,Strong Bullish,Perfect Uptrend (5>20>50),Distribusi Kuat,Akumulasi (Naik),Normal,Dominan Jual (Guyur),Normal,Tinggi,Normal,Rawan Pucuk (High Risk),> 1 Miliar,Di Bawah VWAP (Lemah),Distribusi Pro (Guyuran),Ritel Aktif (5M - 50M),Ledakan Ekstrem (> 300%),Mark-Up (Fase Pesta),Normal,Normal,Turun 1 Hari Beruntun,TP: 75 | CL: 63,Normal,Tidak Ideal (< 1:1),Death Cross (Awal Bearish),Netral / Sepi Berita,Supply Banjir (Distribusi) 🌊,Mendekati Fibo 38.2%,6,WAIT & SEE,TIDAK ADA,2026-09-01 09:00:03,Biasa / Mengikuti Pasar
09:00,HATM,Token Mati (Perlu Update),Mid Cap (Lapis 2),Overvalued (Mahal),106.42202,3.0737107,580.0,577,456,685,0.8695652173913043,15081200,Normal,56,Positif,Uptrend,Bearish,Bearish MACD,Konsolidasi / Transisi,Normal,Distribusi (Turun),Normal,Seimbang / Adu Mekanik,Normal,Tinggi,Doji (Ragu-ragu),Rawan Pucuk (High Risk),> 1 Miliar,Persis di VWAP,Distribusi Pro (Guyuran),Ritel Aktif (5M - 50M),Normal (50-150%),Mark-Up (Fase Pesta),Normal,Normal,Naik 2 Hari Beruntun,TP: 667 | CL: 521,Normal,Tidak Ideal (< 1:1),Netral / Sideways,Netral / Sepi Berita,Normal / Sedang Transisi,Mengambang (Jauh dari Fibo),3,WAIT & SEE,TIDAK ADA,2026-09-01 09:00:03,Biasa / Mengikuti Pasar
09:00,RCCC,Transaksi Sepi (Skip Broksum),Small Cap (Lapis 3),Fair Value (Wajar),0.0,1.7231046,115.0,104,94,117,3.6036036036036037,1579400,Tembus MA20,67,Positif,Uptrend,Bullish,Strong Bullish,Perfect Uptrend (5>20>50),Normal,Akumulasi (Naik),Gap Up (+3.6%),Dominan Beli (Hajar Kanan),Breakout Upper,Tinggi,Doji (Ragu-ragu),Rawan Pucuk (High Risk),< 1 Miliar,Di Atas VWAP (Kuat),Akumulasi Pro (Smart Money),Gorengan Sepi (< 5M),Normal (50-150%),Mark-Up (Fase Pesta),Spesialis Tiang Jemuran (Banting Pucuk),Jarum Bawah (Sinyal Pantulan Kuat),Naik 1 Hari Beruntun,TP: 122 | CL: 110,Normal,Tidak Ideal (< 1:1),Overbought (Jenuh Beli - Rawan),Netral / Sepi Berita,Normal / Sedang Transisi,Mengambang (Jauh dari Fibo),9,BELI,TIDAK ADA,2026-09-01 09:00:03,Biasa / Mengikuti Pasar
09:00,GULA,Token Mati (Perlu Update),Small Cap (Lapis 3),Overvalued (Mahal),0.0,5.67325,760.0,760,660,870,0.6622516556291391,13176200,Normal,53,Positif,Downtrend,Golden Cross,Bearish MACD,Perfect Uptrend (5>20>50),Normal,Akumulasi (Naik),Normal,Seimbang / Adu Mekanik,Normal,Sedang,Normal,Rawan Pucuk (High Risk),> 1 Miliar,Persis di VWAP,Akumulasi Pro (Smart Money),Ritel Aktif (5M - 50M),Sepi (< 50%),Distribution (Fase Jualan),Normal,Normal,Naik 1 Hari Beruntun,TP: 820 | CL: 719,Normal,Menengah (1:1),Netral / Sideways,Netral / Sepi Berita,Normal / Sedang Transisi,Mengambang (Jauh dari Fibo),4,WAIT & SEE,TIDAK ADA,2026-09-01 09:00:03,Biasa / Mengikuti Pasar
09:00,JARR,Token Mati (Perlu Update),Big Cap (Lapis 1),Overvalued (Mahal),109.375,14.423342,3150.0,2396,1850,3580,-1.5625,6200300,Normal,79,Negatif,Uptrend,Bullish,Strong Bullish,Perfect Uptrend (5>20>50),Normal,Akumulasi (Naik),Normal,Dominan Jual (Guyur),Normal,Tinggi,Normal,Rawan Pucuk (High Risk),> 1 Miliar,Di Bawah VWAP (Lemah),Distribusi Pro (Guyuran),Sultan (> 50M/hari),Sepi (< 50%),Mark-Up (Fase Pesta),Spesialis Tiang Jemuran (Banting Pucuk),Normal,Turun 2 Hari Beruntun,TP: 3607 | CL: 2845,Normal,Tidak Ideal (< 1:1),Death Cross (Awal Bearish),Netral / Sepi Berita,Normal / Sedang Transisi,Mendekati Fibo 23.6%,5,WAIT & SEE,TIDAK ADA,2026-09-01 09:00:03,Biasa / Mengikuti Pasar
09:00,AMMS,Transaksi Sepi (Skip Broksum),Small Cap (Lapis 3),Overvalued (Mahal),0.0,3.9306474,236.0,203,155,280,-4.0650406504065035,4115100,Tembus MA20,54,Negatif,Uptrend,Bullish,Bullish MACD,Awal Reversal (5>20),Normal,Akumulasi (Naik),Normal,Seimbang / Adu Mekanik,Normal,Tinggi,Normal,Rawan Pucuk (High Risk),< 1 Miliar,Di Atas VWAP (Kuat),Akumulasi Pro (Smart Money),Gorengan Sepi (< 5M),Anomali Tinggi (150-300%),Accumulation (Kumpul Barang),Solid (Jarang Dibanting),Normal,Turun 1 Hari Beruntun,TP: 265 | CL: 216,Normal,Tidak Ideal (< 1:1),Overbought (Jenuh Beli - Rawan),Netral / Sepi Berita,Supply Banjir (Distribusi) 🌊,Mengambang (Jauh dari Fibo),6,WAIT & SEE,TIDAK ADA,2026-09-01 09:00:03,Biasa / Mengikuti Pasar
09:00,KKES,Token Mati (Perlu Update),Small Cap (Lapis 3),Fair Value (Wajar),0.0,1.5777328,67.0,68,60,77,-4.285714285714286,207123100,Tembus MA20,50,Negatif,Downtrend,Bullish,Bearish MACD,Perfect Uptrend (5>20>50),Distribusi Kuat,Distribusi (Turun),Normal,Seimbang / Adu Mekanik,Normal,Sedang,Normal,Rawan Pucuk (High Risk),> 1 Miliar,Persis di VWAP,Akumulasi Pro (Smart Money),Gorengan Sepi (< 5M),Ledakan Ekstrem (> 300%),Distribution (Fase Jualan),Solid (Jarang Dibanting),Normal,Turun 1 Hari Beruntun,TP: 73 | CL: 62,Normal,Menengah (1:1),Netral / Sideways,Netral / Sepi Berita,Supply Banjir (Distribusi) 🌊,Mengambang (Jauh dari Fibo),2,WAIT & SEE,TIDAK ADA,2026-09-01 09:00:03,Biasa / Mengikuti Pasar
09:00,ELPI,Transaksi Sepi (Skip Broksum),Mid Cap (Lapis 2),Overvalued (Mahal),44.429707,1.9542073,670.0,696,615,845,-0.7407407407407408,746400,Normal,34,Negatif,Downtrend,Bearish,Bullish MACD,Strong Downtrend (5<20<50),Normal,Distribusi (Turun),Normal,Seimbang / Adu Mekanik,Normal,Tinggi,Normal,Area Tengah,< 1 Miliar,Persis di VWAP,Distribusi Pro (Guyuran),Gorengan Sepi (< 5M),Normal (50-150%),Mark-Down (Fase Runtuh),Normal,Normal,Turun 1 Hari Beruntun,TP: 725 | CL: 633,Normal,Sangat Menarik (> 1:3),Golden Cross (Awal Bullish),Netral / Sepi Berita,Normal / Sedang Transisi,Mengambang (Jauh dari Fibo),1,WAIT & SEE,TIDAK ADA,2026-09-01 09:00:03,Biasa / Mengikuti Pasar
09:00,EURO,Transaksi Sepi (Skip Broksum),Mid Cap (Lapis 2),Overvalued (Mahal),2007.3529,67.457375,1365.0,1694,1305,1990,-1.7985611510791366,212700,Normal,22,Negatif,Downtrend,Bearish,Strong Bearish,Strong Downtrend (5<20<50),Normal,Distribusi (Turun),Normal,Dominan Beli (Hajar Kanan),Normal,Tinggi,Normal,Area Tengah,< 1 Miliar,Di Bawah VWAP (Lemah),Akumulasi Pro (Smart Money),Gorengan Sepi (< 5M),Normal (50-150%),Mark-Down (Fase Runtuh),Normal,Jarum Bawah (Sinyal Pantulan Kuat),Turun 2 Hari Beruntun,TP: 1564 | CL: 1231,Normal,Sangat Menarik (> 1:3),Oversold (Jenuh Jual - Peluang),Netral / Sepi Berita,Normal / Sedang Transisi,Mengambang (Jauh dari Fibo),1,WAIT & SEE,TIDAK ADA,2026-09-01 09:00:03,Biasa / Mengikuti Pasar
09:00,KLIN,Transaksi Sepi (Skip Broksum),Small Cap (Lapis 3),Overvalued (Mahal),0.0,5.3172317,118.0,116,108,125,0.8547008547008548,47800,Normal,53,Positif,Uptrend,Bullish,Bearish MACD,Perfect Uptrend (5>20>50),Normal,Akumulasi (Naik),Normal,Seimbang / Adu Mekanik,Squeeze,Rendah,Normal,Area Tengah,< 1 Miliar,Persis di VWAP,Akumulasi Pro (Smart Money),Gorengan Sepi (< 5M),Sepi (< 50%),Mark-Up (Fase Pesta),Normal,Normal,Naik 1 Hari Beruntun,TP: 128 | CL: 111,Normal,Tidak Ideal (< 1:1),Death Cross (Awal Bearish),Netral / Sepi Berita,Normal / Sedang Transisi,Mendekati Fibo 50.0%,5,WAIT & SEE,TIDAK ADA,2026-09-01 09:00:03,Biasa / Mengikuti Pasar
09:00,TOOL,Transaksi Sepi (Skip Broksum),Small Cap (Lapis 3),Fair Value (Wajar),0.0,0.76611704,67.0,66,62,71,3.076923076923077,5401200,Normal,52,Positif,Uptrend,Bearish,Bearish MACD,Konsolidasi / Transisi,Normal,Distribusi (Turun),Normal,Seimbang / Adu Mekanik,Squeeze,Rendah,Normal,Area Tengah,< 1 Miliar,Persis di VWAP,Distribusi Pro (Guyuran),Gorengan Sepi (< 5M),Sepi (< 50%),Mark-Up (Fase Pesta),Normal,Normal,Naik 1 Hari Beruntun,TP: 72 | CL: 63,Normal,Tidak Ideal (< 1:1),Netral / Sideways,Netral / Sepi Berita,Supply Kering (Siap Pump) 🏜️,Golden Rebound Fibo 38.2% 🎯,3,WAIT & SEE,TIDAK ADA,2026-09-01 09:00:03,Biasa / Mengikuti Pasar
09:00,BUAH,Transaksi Sepi (Skip Broksum),Mid Cap (Lapis 2),Overvalued (Mahal),20.0,5.156429,505.0,509,496,520,1.0,265500,Normal,46,Positif,Downtrend,Bearish,Strong Bearish,Strong Downtrend (5<20<50),Normal,Akumulasi (Naik),Normal,Seimbang / Adu Mekanik,Squeeze,Rendah,Doji (Ragu-ragu),Dekat Support (Low Risk),< 1 Miliar,Persis di VWAP,Distribusi Pro (Guyuran),Gorengan Sepi (< 5M),Normal (50-150%),Mark-Down (Fase Runtuh),Normal,Normal,Naik 1 Hari Beruntun,TP: 529 | CL: 489,Normal,Ideal (1:2),Golden Cross (Awal Bullish),Netral / Sepi Berita,Normal / Sedang Transisi,Dekat Support Fibo 38.2%,2,WAIT & SEE,TIDAK ADA,2026-09-01 09:00:03,Biasa / Mengikuti Pasar
09:00,MEDS,Token Mati (Perlu Update),Small Cap (Lapis 3),Fair Value (Wajar),0.0,2.4103355,75.0,72,68,79,5.633802816901409,36790000,Tembus MA20,55,Positif,Uptrend,Bearish,Bullish MACD,Strong Downtrend (5<20<50),Normal,Akumulasi (Naik),Normal,Dominan Beli (Hajar Kanan),Normal,Sedang,Marubozu (Strong Bullish),Rawan Pucuk (High Risk),> 1 Miliar,Di Atas VWAP (Kuat),Akumulasi Pro (Smart Money),Gorengan Sepi (< 5M),Anomali Tinggi (150-300%),Accumulation (Kumpul Barang),Spesialis Tiang Jemuran (Banting Pucuk),Normal,Naik 1 Hari Beruntun,TP: 80 | CL: 71,Open = Low (Bullish Kuat),Tidak Ideal (< 1:1),Netral / Sideways,Netral / Sepi Berita,Normal / Sedang Transisi,Mengambang (Jauh dari Fibo),7,BELI,TIDAK ADA,2026-09-01 09:00:03,Biasa / Mengikuti Pasar
09:00,PRAY,Transaksi Sepi (Skip Broksum),Big Cap (Lapis 1),Overvalued (Mahal),56.18401,3.1595912,745.0,750,680,800,0.0,14800,Normal,50,Negatif,Downtrend,Bullish,Bearish MACD,Perfect Uptrend (5>20>50),Normal,Distribusi (Turun),Normal,Seimbang / Adu Mekanik,Normal,Sedang,Doji (Ragu-ragu),Area Tengah,< 1 Miliar,Di Bawah VWAP (Lemah),Distribusi Pro (Guyuran),Gorengan Sepi (< 5M),Normal (50-150%),Distribution (Fase Jualan),Spesialis Tiang Jemuran (Banting Pucuk),Normal,Sideways / Stagnan,TP: 807 | CL: 703,Normal,Tidak Ideal (< 1:1),Netral / Sideways,Netral / Sepi Berita,Normal / Sedang Transisi,Dekat Support Fibo 38.2%,1,WAIT & SEE,TIDAK ADA,2026-09-01 09:00:03,Biasa / Mengikuti Pasar
09:00,CBUT,Transaksi Sepi (Skip Broksum),Mid Cap (Lapis 2),Fair Value (Wajar),12.499999,2.6308606,935.0,824,745,1100,-5.0761421319796955,859200,Tembus MA20,65,Negatif,Uptrend,Bullish,Strong Bullish,Perfect Uptrend (5>20>50),Normal,Akumulasi (Naik),Normal,Dominan Jual (Guyur),Normal,Tinggi,Normal,Rawan Pucuk (High Risk),< 1 Miliar,Di Bawah VWAP (Lemah),Akumulasi Pro (Smart Money),Gorengan Sepi (< 5M),Normal (50-150%),Mark-Up (Fase Pesta),Normal,Normal,Turun 1 Hari Beruntun,TP: 1035 | CL: 868,Normal,Tidak Ideal (< 1:1),Death Cross (Awal Bearish),Netral / Sepi Berita,Supply Banjir (Distribusi) 🌊,Mengambang (Jauh dari Fibo),6,WAIT & SEE,TIDAK ADA,2026-09-01 09:00:03,Biasa / Mengikuti Pasar
09:00,BELI,Transaksi Sepi (Skip Broksum),Big Cap (Lapis 1),Overvalued (Mahal),0.0,3.9295087,262.0,259,250,274,0.7692307692307693,810900,Normal,50,Positif,Uptrend,Bullish,Bullish MACD,Awal Reversal (5>20),Normal,Distribusi (Turun),Normal,Seimbang / Adu Mekanik,Squeeze,Rendah,Doji (Ragu-ragu),Area Tengah,< 1 Miliar,Persis di VWAP,Distribusi Pro (Guyuran),Gorengan Sepi (< 5M),Normal (50-150%),Accumulation (Kumpul Barang),Normal,Jarum Bawah (Sinyal Pantulan Kuat),Naik 1 Hari Beruntun,TP: 279 | CL: 250,Normal,Menengah (1:1),Netral / Sideways,Netral / Sepi Berita,Normal / Sedang Transisi,Mendekati Fibo Bottom / 100%,4,WAIT & SEE,TIDAK ADA,2026-09-01 09:00:03,Biasa / Mengikuti Pasar
09:00,MKTR,Transaksi Sepi (Skip Broksum),Mid Cap (Lapis 2),Overvalued (Mahal),25.690022,2.1562476,121.0,122,118,153,-0.819672131147541,604700,Normal,47,Negatif,Downtrend,Bearish,Bearish MACD,Konsolidasi / Transisi,Normal,Distribusi (Turun),Normal,Seimbang / Adu Mekanik,Squeeze,Rendah,Normal,Dekat Support (Low Risk),< 1 Miliar,Persis di VWAP,Akumulasi Pro (Smart Money),Gorengan Sepi (< 5M),Normal (50-150%),Distribution (Fase Jualan),Normal,Normal,Turun 1 Hari Beruntun,TP: 130 | CL: 114,Open = High (Tekanan Jual),Sangat Menarik (> 1:3),Oversold (Jenuh Jual - Peluang),Netral / Sepi Berita,Supply Kering (Siap Pump) 🏜️,Mendekati Fibo 78.6%,0,WAIT & SEE,TIDAK ADA,2026-09-01 09:00:03,Biasa / Mengikuti Pasar
09:00,OMED,Token Mati (Perlu Update),Mid Cap (Lapis 2),Fair Value (Wajar),14.496314,2.2526822,236.0,229,212,248,1.7241379310344827,18976500,Normal,63,Positif,Uptrend,Bullish,Bearish MACD,Perfect Uptrend (5>20>50),Normal,Akumulasi (Naik),Normal,Seimbang / Adu Mekanik,Normal,Sedang,Normal,Rawan Pucuk (High Risk),> 1 Miliar,Di Atas VWAP (Kuat),Distribusi Pro (Guyuran),Ritel Aktif (5M - 50M),Normal (50-150%),Mark-Up (Fase Pesta),Normal,Normal,Naik 1 Hari Beruntun,TP: 252 | CL: 225,Open = Low (Bullish Kuat),Tidak Ideal (< 1:1),Netral / Sideways,Netral / Sepi Berita,Normal / Sedang Transisi,Dekat Support Fibo 23.6%,5,WAIT & SEE,TIDAK ADA,2026-09-01 09:00:03,Biasa / Mengikuti Pasar
09:00,BSBK,Transaksi Sepi (Skip Broksum),Mid Cap (Lapis 2),Fair Value (Wajar),16.666666,0.57014495,50.0,52,50,58,0.0,3097100,Normal,36,Negatif,Downtrend,Bearish,Strong Bearish,Konsolidasi / Transisi,Normal,Distribusi (Turun),Normal,Tidak Ada Transaksi,Bottom Rebound,Sedang,Doji (Ragu-ragu),Dekat Support (Low Risk),< 1 Miliar,Persis di VWAP,Distribusi Pro (Guyuran),Gorengan Sepi (< 5M),Sepi (< 50%),Distribution (Fase Jualan),Spesialis Tiang Jemuran (Banting Pucuk),Normal,Sideways / Stagnan,TP: 52 | CL: 48,Normal,Di Area Support,Oversold (Jenuh Jual - Peluang),Netral / Sepi Berita,Supply Kering (Siap Pump) 🏜️,Golden Rebound Fibo Bottom / 100% 🎯,0,WAIT & SEE,TIDAK ADA,2026-09-01 09:00:03,Biasa / Mengikuti Pasar
09:00,PDPP,Transaksi Sepi (Skip Broksum),Mid Cap (Lapis 2),Fair Value (Wajar),14.30418,2.148339,332.0,314,278,382,0.6060606060606061,171900,Normal,66,Positif,Uptrend,Bullish,Strong Bullish,Perfect Uptrend (5>20>50),Normal,Akumulasi (Naik),Normal,Seimbang / Adu Mekanik,Normal,Tinggi,Normal,Rawan Pucuk (High Risk),< 1 Miliar,Persis di VWAP,Akumulasi Pro (Smart Money),Gorengan Sepi (< 5M),Normal (50-150%),Mark-Up (Fase Pesta),Spesialis Tiang Jemuran (Banting Pucuk),Normal,Naik 1 Hari Beruntun,TP: 372 | CL: 305,Open = High (Tekanan Jual),Tidak Ideal (< 1:1),Death Cross (Awal Bearish),Netral / Sepi Berita,Normal / Sedang Transisi,Mengambang (Jauh dari Fibo),6,WAIT & SEE,TIDAK ADA,2026-09-01 09:00:03,Biasa / Mengikuti Pasar
09:00,KDTN,Token Mati (Perlu Update),Small Cap (Lapis 3),Overvalued (Mahal),0.0,6.6393003,372.0,389,326,530,5.681818181818182,12808600,Tembus MA20,43,Positif,Downtrend,Bearish,Bullish MACD,Strong Downtrend (5<20<50),Normal,Akumulasi (Naik),Normal,Dominan Beli (Hajar Kanan),Normal,Tinggi,Normal,Rawan Pucuk (High Risk),> 1 Miliar,Di Atas VWAP (Kuat),Distribusi Pro (Guyuran),Gorengan Sepi (< 5M),Normal (50-150%),Mark-Down (Fase Runtuh),Spesialis Tiang Jemuran (Banting Pucuk),Normal,Naik 3 Hari Beruntun,TP: 428 | CL: 334,Normal,Sangat Menarik (> 1:3),Golden Cross (Awal Bullish),Netral / Sepi Berita,Normal / Sedang Transisi,Mengambang (Jauh dari Fibo),5,WAIT & SEE,TIDAK ADA,2026-09-01 09:00:03,Biasa / Mengikuti Pasar
09:00,ZATA,Token Mati (Perlu Update),Small Cap (Lapis 3),Fair Value (Wajar),0.0,1.6545818,68.0,69,63,81,1.4925373134328357,49491700,Normal,53,Positif,Downtrend,Bearish,Bearish MACD,Konsolidasi / Transisi,Normal,Distribusi (Turun),Normal,Dominan Beli (Hajar Kanan),Normal,Tinggi,Normal,Area Tengah,> 1 Miliar,Di Atas VWAP (Kuat),Distribusi Pro (Guyuran),Gorengan Sepi (< 5M),Normal (50-150%),Distribution (Fase Jualan),Normal,Normal,Naik 1 Hari Beruntun,TP: 74 | CL: 63,Normal,Ideal (1:2),Golden Cross (Awal Bullish),Netral / Sepi Berita,Normal / Sedang Transisi,Dekat Support Fibo 50.0%,3,WAIT & SEE,TIDAK ADA,2026-09-01 09:00:03,Biasa / Mengikuti Pasar
09:00,NINE,Transaksi Sepi (Skip Broksum),Small Cap (Lapis 3),Overvalued (Mahal),0.0,7.991252,95.0,81,67,110,-1.0416666666666665,7683800,Normal,62,Negatif,Uptrend,Bullish,Strong Bullish,Perfect Uptrend (5>20>50),Normal,Distribusi (Turun),Gap Up (+2.1%),Seimbang / Adu Mekanik,Normal,Tinggi,Normal,Rawan Pucuk (High Risk),< 1 Miliar,Di Bawah VWAP (Lemah),Distribusi Pro (Guyuran),Gorengan Sepi (< 5M),Sepi (< 50%),Mark-Up (Fase Pesta),Normal,Normal,Turun 2 Hari Beruntun,TP: 107 | CL: 86,Normal,Tidak Ideal (< 1:1),Death Cross (Awal Bearish),Netral / Sepi Berita,Normal / Sedang Transisi,Mengambang (Jauh dari Fibo),5,WAIT & SEE,TIDAK ADA,2026-09-01 09:00:03,Biasa / Mengikuti Pasar
09:00,MMIX,Token Mati (Perlu Update),Mid Cap (Lapis 2),Overvalued (Mahal),5.2219324,19.929989,780.0,758,700,805,-2.5,33049700,Tembus MA20,58,Negatif,Uptrend,Bullish,Strong Bullish,Perfect Uptrend (5>20>50),Normal,Akumulasi (Naik),Normal,Seimbang / Adu Mekanik,Normal,Sedang,Normal,Rawan Pucuk (High Risk),> 1 Miliar,Persis di VWAP,Akumulasi Pro (Smart Money),Ritel Aktif (5M - 50M),Normal (50-150%),Mark-Up (Fase Pesta),Normal,Normal,Turun 1 Hari Beruntun,TP: 819 | CL: 753,Normal,Tidak Ideal (< 1:1),Death Cross (Awal Bearish),Netral / Sepi Berita,Normal / Sedang Transisi,Mengambang (Jauh dari Fibo),6,WAIT & SEE,TIDAK ADA,2026-09-01 09:00:03,Biasa / Mengikuti Pasar
09:00,PADA,Token Mati (Perlu Update),Small Cap (Lapis 3),Overvalued (Mahal),0.0,5.8571177,228.0,198,141,252,2.7027027027027026,97709300,Normal,62,Positif,Uptrend,Bullish,Strong Bullish,Perfect Uptrend (5>20>50),Normal,Akumulasi (Naik),Normal,Dominan Beli (Hajar Kanan),Normal,Tinggi,Normal,Rawan Pucuk (High Risk),> 1 Miliar,Di Atas VWAP (Kuat),Akumulasi Pro (Smart Money),Ritel Aktif (5M - 50M),Normal (50-150%),Mark-Up (Fase Pesta),Normal,Normal,Naik 1 Hari Beruntun,TP: 265 | CL: 203,Normal,Tidak Ideal (< 1:1),Netral / Sideways,Netral / Sepi Berita,Normal / Sedang Transisi,Mengambang (Jauh dari Fibo),7,BELI,TIDAK ADA,2026-09-01 09:00:03,Biasa / Mengikuti Pasar
09:00,ISAP,Transaksi Sepi (Skip Broksum),Small Cap (Lapis 3),Fair Value (Wajar),0.0,0.56177145,24.0,24,22,25,0.0,15189100,Normal,51,Negatif,Downtrend,Bearish,Strong Bearish,Konsolidasi / Transisi,Normal,Akumulasi (Naik),Gap Down (-4.2%),Dominan Beli (Hajar Kanan),Normal,Tinggi,Marubozu (Strong Bullish),Area Tengah,< 1 Miliar,Di Atas VWAP (Kuat),Akumulasi Pro (Smart Money),Gorengan Sepi (< 5M),Normal (50-150%),Distribution (Fase Jualan),Normal,Normal,Sideways / Stagnan,TP: 26 | CL: 22,Open = Low (Bullish Kuat),Tidak Ideal (< 1:1),Netral / Sideways,Netral / Sepi Berita,Normal / Sedang Transisi,Mendekati Fibo 50.0%,3,WAIT & SEE,TIDAK ADA,2026-09-01 09:00:03,Biasa / Mengikuti Pasar
09:00,VTNY,Token Mati (Perlu Update),Small Cap (Lapis 3),Overvalued (Mahal),136.2069,1.1812378,79.0,73,62,98,-2.4691358024691357,30742100,Normal,57,Negatif,Uptrend,Bullish,Strong Bullish,Perfect Uptrend (5>20>50),Normal,Akumulasi (Naik),Normal,Seimbang / Adu Mekanik,Normal,Tinggi,Normal,Rawan Pucuk (High Risk),> 1 Miliar,Di Bawah VWAP (Lemah),Distribusi Pro (Guyuran),Gorengan Sepi (< 5M),Normal (50-150%),Mark-Up (Fase Pesta),Normal,Normal,Turun 2 Hari Beruntun,TP: 90 | CL: 71,Normal,Menengah (1:1),Netral / Sideways,Netral / Sepi Berita,Normal / Sedang Transisi,Mengambang (Jauh dari Fibo),5,WAIT & SEE,TIDAK ADA,2026-09-01 09:00:03,Biasa / Mengikuti Pasar
09:00,ELIT,Token Mati (Perlu Update),Small Cap (Lapis 3),Overvalued (Mahal),0.0,3.1791413,278.0,195,168,298,10.317460317460316,50944500,Tembus MA20,75,Positif,Uptrend,Bullish,Strong Bullish,Perfect Uptrend (5>20>50),Normal,Distribusi (Turun),Normal,Dominan Beli (Hajar Kanan),Breakout Upper,Tinggi,Marubozu (Strong Bullish),Rawan Pucuk (High Risk),> 1 Miliar,Di Atas VWAP (Kuat),Akumulasi Pro (Smart Money),Ritel Aktif (5M - 50M),Normal (50-150%),Mark-Up (Fase Pesta),Spesialis Tiang Jemuran (Banting Pucuk),Normal,Naik 1 Hari Beruntun,TP: 313 | CL: 254,Normal,Tidak Ideal (< 1:1),Netral / Sideways,Netral / Sepi Berita,Normal / Sedang Transisi,Mengambang (Jauh dari Fibo),7,BELI,TIDAK ADA,2026-09-01 09:00:03,Biasa / Mengikuti Pasar
09:00,BEER,Token Mati (Perlu Update),Small Cap (Lapis 3),Fair Value (Wajar),0.0,1.4667008,86.0,77,72,98,0.0,43312700,Normal,61,Negatif,Uptrend,Bullish,Strong Bullish,Awal Reversal (5>20),Normal,Akumulasi (Naik),Normal,Seimbang / Adu Mekanik,Normal,Tinggi,Normal,Rawan Pucuk (High Risk),> 1 Miliar,Di Atas VWAP (Kuat),Akumulasi Pro (Smart Money),Ritel Aktif (5M - 50M),Normal (50-150%),Accumulation (Kumpul Barang),Spesialis Tiang Jemuran (Banting Pucuk),Normal,Sideways / Stagnan,TP: 98 | CL: 77,Normal,Tidak Ideal (< 1:1),Netral / Sideways,Netral / Sepi Berita,Normal / Sedang Transisi,Mendekati Fibo 78.6%,5,WAIT & SEE,TIDAK ADA,2026-09-01 09:00:03,Biasa / Mengikuti Pasar
09:00,CBPE,Transaksi Sepi (Skip Broksum),Small Cap (Lapis 3),Fair Value (Wajar),0.0,1.8577707,490.0,500,300,670,-3.9215686274509802,92200,Normal,57,Negatif,Downtrend,Bullish,Bearish MACD,Perfect Uptrend (5>20>50),Normal,Distribusi (Turun),Normal,Dominan Jual (Guyur),Normal,Tinggi,Normal,Rawan Pucuk (High Risk),< 1 Miliar,Di Bawah VWAP (Lemah),Distribusi Pro (Guyuran),Gorengan Sepi (< 5M),Normal (50-150%),Distribution (Fase Jualan),Spesialis Tiang Jemuran (Banting Pucuk),Normal,Turun 2 Hari Beruntun,TP: 582 | CL: 428,Open = High (Tekanan Jual),Tidak Ideal (< 1:1),Oversold (Jenuh Jual - Peluang),Netral / Sepi Berita,Normal / Sedang Transisi,Mengambang (Jauh dari Fibo),2,WAIT & SEE,TIDAK ADA,2026-09-01 09:00:03,Biasa / Mengikuti Pasar
09:00,SUNI,Transaksi Sepi (Skip Broksum),Mid Cap (Lapis 2),Fair Value (Wajar),10.60493,1.93726,710.0,718,690,735,-0.6993006993006993,289900,Normal,56,Negatif,Downtrend,Bearish,Bearish MACD,Konsolidasi / Transisi,Normal,Distribusi (Turun),Normal,Seimbang / Adu Mekanik,Squeeze,Rendah,Normal,Dekat Support (Low Risk),< 1 Miliar,Persis di VWAP,Akumulasi Pro (Smart Money),Gorengan Sepi (< 5M),Normal (50-150%),Distribution (Fase Jualan),Solid (Jarang Dibanting),Normal,Turun 1 Hari Beruntun,TP: 728 | CL: 697,Open = High (Tekanan Jual),Menengah (1:1),Netral / Sideways,Netral / Sepi Berita,Normal / Sedang Transisi,Dekat Support Fibo 23.6%,1,WAIT & SEE,TIDAK ADA,2026-09-01 09:00:03,Biasa / Mengikuti Pasar
09:00,CBRE,Token Mati (Perlu Update),Mid Cap (Lapis 2),Overvalued (Mahal),0.0,295.7101,710.0,686,655,725,1.4285714285714286,16592100,Tembus MA20,55,Positif,Uptrend,Bullish,Bullish MACD,Awal Reversal (5>20),Normal,Distribusi (Turun),Gap Down (-2.1%),Seimbang / Adu Mekanik,Squeeze,Rendah,Normal,Area Tengah,> 1 Miliar,Di Atas VWAP (Kuat),Distribusi Pro (Guyuran),Ritel Aktif (5M - 50M),Normal (50-150%),Accumulation (Kumpul Barang),Spesialis Tiang Jemuran (Banting Pucuk),Normal,Naik 3 Hari Beruntun,TP: 752 | CL: 681,Open = Low (Bullish Kuat),Tidak Ideal (< 1:1),Netral / Sideways,Netral / Sepi Berita,Normal / Sedang Transisi,Mendekati Fibo 50.0%,6,WAIT & SEE,TIDAK ADA,2026-09-01 09:00:03,Biasa / Mengikuti Pasar
09:00,WINE,Transaksi Sepi (Skip Broksum),Small Cap (Lapis 3),Undervalued (Murah),9.87842,1.0292139,130.0,135,117,157,0.0,1079800,Normal,39,Negatif,Downtrend,Bearish,Strong Bearish,Strong Downtrend (5<20<50),Normal,Akumulasi (Naik),Normal,Dominan Beli (Hajar Kanan),Normal,Tinggi,Doji (Ragu-ragu),Rawan Pucuk (High Risk),< 1 Miliar,Persis di VWAP,Distribusi Pro (Guyuran),Gorengan Sepi (< 5M),Sepi (< 50%),Mark-Down (Fase Runtuh),Normal,Jarum Bawah (Sinyal Pantulan Kuat),Sideways / Stagnan,TP: 142 | CL: 121,Normal,Ideal (1:2),Golden Cross (Awal Bullish),Netral / Sepi Berita,Normal / Sedang Transisi,Mengambang (Jauh dari Fibo),2,WAIT & SEE,TIDAK ADA,2026-09-01 09:00:03,Biasa / Mengikuti Pasar
09:00,BMBL,Transaksi Sepi (Skip Broksum),Small Cap (Lapis 3),Fair Value (Wajar),0.0,0.4001662,26.0,30,25,34,-7.142857142857142,18790600,Tembus MA20,31,Negatif,Downtrend,Bearish,Strong Bearish,Strong Downtrend (5<20<50),Normal,Akumulasi (Naik),Gap Down (-3.6%),Dominan Jual (Guyur),Normal,Tinggi,Normal,Area Tengah,< 1 Miliar,Di Bawah VWAP (Lemah),Akumulasi Pro (Smart Money),Gorengan Sepi (< 5M),Normal (50-150%),Mark-Down (Fase Runtuh),Normal,Normal,Turun 1 Hari Beruntun,TP: 29 | CL: 23,Normal,Sangat Menarik (> 1:3),Netral / Sideways,Netral / Sepi Berita,Normal / Sedang Transisi,Mengambang (Jauh dari Fibo),2,WAIT & SEE,TIDAK ADA,2026-09-01 09:00:03,Biasa / Mengikuti Pasar
09:00,PEVE,Transaksi Sepi (Skip Broksum),Small Cap (Lapis 3),Fair Value (Wajar),0.0,1.4609683,312.0,324,296,342,0.0,1117200,Normal,40,Negatif,Downtrend,Bearish,Strong Bearish,Konsolidasi / Transisi,Normal,Distribusi (Turun),Normal,Seimbang / Adu Mekanik,Normal,Sedang,Doji (Ragu-ragu),Area Tengah,< 1 Miliar,Persis di VWAP,Akumulasi Pro (Smart Money),Gorengan Sepi (< 5M),Normal (50-150%),Distribution (Fase Jualan),Normal,Jarum Bawah (Sinyal Pantulan Kuat),Sideways / Stagnan,TP: 327 | CL: 301,Normal,Ideal (1:2),Netral / Sideways,Netral / Sepi Berita,Normal / Sedang Transisi,Mendekati Fibo 61.8% (Golden Ratio),0,WAIT & SEE,TIDAK ADA,2026-09-01 09:00:03,Biasa / Mengikuti Pasar
09:00,LAJU,Transaksi Sepi (Skip Broksum),Small Cap (Lapis 3),Fair Value (Wajar),0.0,1.0568854,68.0,67,65,73,0.0,7235400,Normal,53,Negatif,Uptrend,Bullish,Bearish MACD,Perfect Uptrend (5>20>50),Normal,Distribusi (Turun),Normal,Seimbang / Adu Mekanik,Squeeze,Rendah,Doji (Ragu-ragu),Area Tengah,< 1 Miliar,Persis di VWAP,Distribusi Pro (Guyuran),Gorengan Sepi (< 5M),Normal (50-150%),Mark-Up (Fase Pesta),Spesialis Tiang Jemuran (Banting Pucuk),Normal,Sideways / Stagnan,TP: 72 | CL: 65,Normal,Ideal (1:2),Netral / Sideways,Netral / Sepi Berita,Normal / Sedang Transisi,Dekat Support Fibo 38.2%,3,WAIT & SEE,TIDAK ADA,2026-09-01 09:00:03,Biasa / Mengikuti Pasar
09:00,FWCT,Transaksi Sepi (Skip Broksum),Small Cap (Lapis 3),Fair Value (Wajar),0.0,0.5576869,91.0,92,85,105,1.1111111111111112,675100,Normal,51,Positif,Downtrend,Bearish,Bearish MACD,Konsolidasi / Transisi,Normal,Akumulasi (Naik),Normal,Seimbang / Adu Mekanik,Normal,Sedang,Normal,Area Tengah,< 1 Miliar,Persis di VWAP,Distribusi Pro (Guyuran),Gorengan Sepi (< 5M),Sepi (< 50%),Distribution (Fase Jualan),Spesialis Tiang Jemuran (Banting Pucuk),Normal,Naik 3 Hari Beruntun,TP: 97 | CL: 86,Normal,Ideal (1:2),Golden Cross (Awal Bullish),Netral / Sepi Berita,Supply Kering (Siap Pump) 🏜️,Mendekati Fibo 50.0%,3,WAIT & SEE,TIDAK ADA,2026-09-01 09:00:03,Biasa / Mengikuti Pasar
09:00,NAYZ,Token Mati (Perlu Update),Small Cap (Lapis 3),Fair Value (Wajar),0.0,2.999473,74.0,63,55,82,5.714285714285714,40787300,Tembus MA20,64,Positif,Uptrend,Bullish,Strong Bullish,Perfect Uptrend (5>20>50),Normal,Distribusi (Turun),Normal,Dominan Beli (Hajar Kanan),Normal,Tinggi,Normal,Rawan Pucuk (High Risk),> 1 Miliar,Di Atas VWAP (Kuat),Distribusi Pro (Guyuran),Gorengan Sepi (< 5M),Normal (50-150%),Mark-Up (Fase Pesta),Normal,Normal,Naik 1 Hari Beruntun,TP: 81 | CL: 68,Normal,Tidak Ideal (< 1:1),Netral / Sideways,Netral / Sepi Berita,Normal / Sedang Transisi,Dekat Support Fibo 23.6%,7,BELI,TIDAK ADA,2026-09-01 09:00:03,Biasa / Mengikuti Pasar
09:00,IRSX,Token Mati (Perlu Update),Mid Cap (Lapis 2),Overvalued (Mahal),84.72222,7.5003076,366.0,364,318,394,-1.0810810810810811,33732300,Normal,56,Negatif,Uptrend,Death Cross,Bearish MACD,Konsolidasi / Transisi,Normal,Distribusi (Turun),Normal,Seimbang / Adu Mekanik,Normal,Sedang,Doji (Ragu-ragu),Rawan Pucuk (High Risk),> 1 Miliar,Persis di VWAP,Distribusi Pro (Guyuran),Ritel Aktif (5M - 50M),Normal (50-150%),Mark-Up (Fase Pesta),Spesialis Tiang Jemuran (Banting Pucuk),Normal,Turun 1 Hari Beruntun,TP: 400 | CL: 343,Normal,Tidak Ideal (< 1:1),Death Cross (Awal Bearish),Netral / Sepi Berita,Normal / Sedang Transisi,Mendekati Fibo 23.6%,2,WAIT & SEE,TIDAK ADA,2026-09-01 09:00:03,Biasa / Mengikuti Pasar
09:00,PACK,Token Mati (Perlu Update),Big Cap (Lapis 1),Overvalued (Mahal),30.752335,5.350404,560.0,334,224,560,9.803921568627452,237278600,Normal,92,Positif,Uptrend,Bullish,Strong Bullish,Perfect Uptrend (5>20>50),Normal,Akumulasi (Naik),Gap Up (+9.8%),Dominan Beli (Hajar Kanan),Breakout Upper,Tinggi,Doji (Ragu-ragu),Rawan Pucuk (High Risk),> 1 Miliar,Di Atas VWAP (Kuat),Akumulasi Pro (Smart Money),Sultan (> 50M/hari),Normal (50-150%),Mark-Up (Fase Pesta),Solid (Jarang Dibanting),Jarum Bawah (Sinyal Pantulan Kuat),Naik 2 Hari Beruntun,TP: 607 | CL: 528,Normal,Tidak Ideal (< 1:1),Overbought (Jenuh Beli - Rawan),Netral / Sepi Berita,Normal / Sedang Transisi,Mengambang (Jauh dari Fibo),8,BELI,TIDAK ADA,2026-09-01 09:00:03,⚠️ Anomali (Sudah Terbang)
09:00,VAST,Transaksi Sepi (Skip Broksum),Small Cap (Lapis 3),Fair Value (Wajar),0.0,0.863092,112.0,114,110,124,0.0,2649100,Tembus MA20,43,Negatif,Downtrend,Bearish,Strong Bearish,Strong Downtrend (5<20<50),Normal,Distribusi (Turun),Normal,Dominan Jual (Guyur),Squeeze,Rendah,Doji (Ragu-ragu),Dekat Support (Low Risk),< 1 Miliar,Di Bawah VWAP (Lemah),Distribusi Pro (Guyuran),Gorengan Sepi (< 5M),Anomali Tinggi (150-300%),Mark-Down (Fase Runtuh),Spesialis Tiang Jemuran (Banting Pucuk),Normal,Sideways / Stagnan,TP: 118 | CL: 108,Normal,Sangat Menarik (> 1:3),Golden Cross (Awal Bullish),Netral / Sepi Berita,Normal / Sedang Transisi,Dekat Support Fibo 50.0%,1,WAIT & SEE,TIDAK ADA,2026-09-01 09:00:03,Biasa / Mengikuti Pasar
09:00,CHIP,Transaksi Sepi (Skip Broksum),Small Cap (Lapis 3),Overvalued (Mahal),112.39782,9.1306505,825.0,888,815,945,-1.1976047904191618,53300,Normal,24,Negatif,Downtrend,Bearish,Strong Bearish,Strong Downtrend (5<20<50),Normal,Distribusi (Turun),Normal,Seimbang / Adu Mekanik,Normal,Sedang,Normal,Dekat Support (Low Risk),< 1 Miliar,Di Bawah VWAP (Lemah),Distribusi Pro (Guyuran),Gorengan Sepi (< 5M),Sepi (< 50%),Mark-Down (Fase Runtuh),Solid (Jarang Dibanting),Normal,Turun 4 Hari Beruntun,TP: 881 | CL: 787,Normal,Sangat Menarik (> 1:3),Oversold (Jenuh Jual - Peluang),Netral / Sepi Berita,Normal / Sedang Transisi,Golden Rebound Fibo Bottom / 100% 🎯,0,WAIT & SEE,TIDAK ADA,2026-09-01 09:00:03,Biasa / Mengikuti Pasar
09:00,HALO,Transaksi Sepi (Skip Broksum),Small Cap (Lapis 3),Fair Value (Wajar),0.0,1.7522211,71.0,69,65,76,2.898550724637681,8865500,Normal,59,Positif,Uptrend,Bearish,Bearish MACD,Konsolidasi / Transisi,Normal,Akumulasi (Naik),Normal,Dominan Beli (Hajar Kanan),Normal,Sedang,Normal,Area Tengah,< 1 Miliar,Di Atas VWAP (Kuat),Akumulasi Pro (Smart Money),Gorengan Sepi (< 5M),Normal (50-150%),Mark-Up (Fase Pesta),Normal,Normal,Naik 3 Hari Beruntun,TP: 76 | CL: 67,Normal,Tidak Ideal (< 1:1),Netral / Sideways,Netral / Sepi Berita,Normal / Sedang Transisi,Mendekati Fibo 38.2%,5,WAIT & SEE,TIDAK ADA,2026-09-01 09:00:03,Biasa / Mengikuti Pasar
09:00,KING,Transaksi Sepi (Skip Broksum),Small Cap (Lapis 3),Overvalued (Mahal),0.0,10.664877,286.0,281,250,310,-1.3793103448275863,81500,Normal,47,Negatif,Uptrend,Bullish,Bullish MACD,Awal Reversal (5>20),Normal,Akumulasi (Naik),Normal,Seimbang / Adu Mekanik,Normal,Sedang,Normal,Rawan Pucuk (High Risk),< 1 Miliar,Di Atas VWAP (Kuat),Akumulasi Pro (Smart Money),Gorengan Sepi (< 5M),Sepi (< 50%),Accumulation (Kumpul Barang),Normal,Normal,Turun 1 Hari Beruntun,TP: 316 | CL: 266,Open = High (Tekanan Jual),Tidak Ideal (< 1:1),Death Cross (Awal Bearish),Netral / Sepi Berita,Normal / Sedang Transisi,Mengambang (Jauh dari Fibo),4,WAIT & SEE,TIDAK ADA,2026-09-01 09:00:03,Biasa / Mengikuti Pasar
09:00,PGEO,Token Mati (Perlu Update),Big Cap (Lapis 1),Overvalued (Mahal),16.60783,21562.5,1035.0,1052,1000,1140,0.48543689320388345,7619700,Normal,50,Positif,Downtrend,Bearish,Bearish MACD,Konsolidasi / Transisi,Normal,Distribusi (Turun),Normal,Seimbang / Adu Mekanik,Normal,Sedang,Normal,Area Tengah,> 1 Miliar,Persis di VWAP,Distribusi Pro (Guyuran),Ritel Aktif (5M - 50M),Sepi (< 50%),Distribution (Fase Jualan),Normal,Normal,Naik 1 Hari Beruntun,TP: 1088 | CL: 999,Normal,Sangat Menarik (> 1:3),Golden Cross (Awal Bullish),Netral / Sepi Berita,Normal / Sedang Transisi,Mendekati Fibo 38.2%,1,WAIT & SEE,TIDAK ADA,2026-09-01 09:00:03,Biasa / Mengikuti Pasar
09:00,FUTR,Token Mati (Perlu Update),Mid Cap (Lapis 2),Overvalued (Mahal),0.0,13.844349,354.0,331,278,382,-1.6666666666666667,174617500,Tembus MA20,59,Negatif,Uptrend,Bullish,Bearish MACD,Perfect Uptrend (5>20>50),Normal,Distribusi (Turun),Normal,Dominan Jual (Guyur),Normal,Tinggi,Normal,Rawan Pucuk (High Risk),> 1 Miliar,Di Atas VWAP (Kuat),Distribusi Pro (Guyuran),Ritel Aktif (5M - 50M),Anomali Tinggi (150-300%),Mark-Up (Fase Pesta),Normal,Normal,Turun 1 Hari Beruntun,TP: 403 | CL: 321,Normal,Tidak Ideal (< 1:1),Netral / Sideways,Netral / Sepi Berita,Normal / Sedang Transisi,Mengambang (Jauh dari Fibo),4,WAIT & SEE,TIDAK ADA,2026-09-01 09:00:03,Biasa / Mengikuti Pasar
09:00,BDKR,Transaksi Sepi (Skip Broksum),Small Cap (Lapis 3),Overvalued (Mahal),27.543861,0.91026103,157.0,161,152,174,1.2903225806451613,6137500,Normal,50,Positif,Downtrend,Bearish,Bearish MACD,Konsolidasi / Transisi,Normal,Distribusi (Turun),Normal,Dominan Beli (Hajar Kanan),Normal,Sedang,Normal,Area Tengah,< 1 Miliar,Persis di VWAP,Akumulasi Pro (Smart Money),Gorengan Sepi (< 5M),Normal (50-150%),Distribution (Fase Jualan),Normal,Normal,Naik 1 Hari Beruntun,TP: 163 | CL: 152,Normal,Sangat Menarik (> 1:3),Golden Cross (Awal Bullish),Netral / Sepi Berita,Normal / Sedang Transisi,Mendekati Fibo 38.2%,2,WAIT & SEE,TIDAK ADA,2026-09-01 09:00:03,Biasa / Mengikuti Pasar
09:00,PTMP,Transaksi Sepi (Skip Broksum),Small Cap (Lapis 3),Fair Value (Wajar),0.0,1.2285926,66.0,65,61,85,3.125,7625800,Normal,56,Positif,Uptrend,Bearish,Bearish MACD,Konsolidasi / Transisi,Normal,Distribusi (Turun),Normal,Dominan Beli (Hajar Kanan),Normal,Sedang,Normal,Area Tengah,< 1 Miliar,Persis di VWAP,Distribusi Pro (Guyuran),Gorengan Sepi (< 5M),Sepi (< 50%),Mark-Up (Fase Pesta),Spesialis Tiang Jemuran (Banting Pucuk),Normal,Naik 1 Hari Beruntun,TP: 70 | CL: 63,Normal,Sangat Menarik (> 1:3),Netral / Sideways,Netral / Sepi Berita,Supply Kering (Siap Pump) 🏜️,Mendekati Fibo 61.8% (Golden Ratio),4,WAIT & SEE,TIDAK ADA,2026-09-01 09:00:03,Biasa / Mengikuti Pasar
09:00,SAGE,Transaksi Sepi (Skip Broksum),Small Cap (Lapis 3),Fair Value (Wajar),0.0,0.8201589,29.0,31,28,38,0.0,1357700,Normal,43,Negatif,Downtrend,Bearish,Strong Bearish,Konsolidasi / Transisi,Normal,Distribusi (Turun),Normal,Dominan Beli (Hajar Kanan),Normal,Tinggi,Doji (Ragu-ragu),Area Tengah,< 1 Miliar,Persis di VWAP,Distribusi Pro (Guyuran),Gorengan Sepi (< 5M),Normal (50-150%),Distribution (Fase Jualan),Normal,Jarum Bawah (Sinyal Pantulan Kuat),Sideways / Stagnan,TP: 30 | CL: 28,Normal,Sangat Menarik (> 1:3),Golden Cross (Awal Bullish),Netral / Sepi Berita,Normal / Sedang Transisi,Mengambang (Jauh dari Fibo),1,WAIT & SEE,TIDAK ADA,2026-09-01 09:00:03,Biasa / Mengikuti Pasar
09:00,TRON,Transaksi Sepi (Skip Broksum),Small Cap (Lapis 3),Fair Value (Wajar),0.0,1.6368507,99.0,102,94,113,0.0,7427500,Normal,46,Negatif,Downtrend,Bearish,Strong Bearish,Konsolidasi / Transisi,Normal,Akumulasi (Naik),Normal,Seimbang / Adu Mekanik,Normal,Tinggi,Normal,Area Tengah,< 1 Miliar,Di Bawah VWAP (Lemah),Distribusi Pro (Guyuran),Gorengan Sepi (< 5M),Sepi (< 50%),Distribution (Fase Jualan),Spesialis Tiang Jemuran (Banting Pucuk),Normal,Sideways / Stagnan,TP: 107 | CL: 93,Normal,Ideal (1:2),Netral / Sideways,Netral / Sepi Berita,Supply Banjir (Distribusi) 🌊,Dekat Support Fibo 50.0%,1,WAIT & SEE,TIDAK ADA,2026-09-01 09:00:03,Biasa / Mengikuti Pasar
09:00,CUAN,Token Mati (Perlu Update),Big Cap (Lapis 1),Overvalued (Mahal),35.58952,271666.66,815.0,772,650,885,0.6172839506172839,172393100,Normal,58,Positif,Uptrend,Bullish,Bearish MACD,Perfect Uptrend (5>20>50),Normal,Distribusi (Turun),Normal,Seimbang / Adu Mekanik,Normal,Tinggi,Doji (Ragu-ragu),Rawan Pucuk (High Risk),> 1 Miliar,Persis di VWAP,Distribusi Pro (Guyuran),Sultan (> 50M/hari),Sepi (< 50%),Mark-Up (Fase Pesta),Spesialis Tiang Jemuran (Banting Pucuk),Normal,Naik 1 Hari Beruntun,TP: 902 | CL: 756,Normal,Tidak Ideal (< 1:1),Netral / Sideways,Netral / Sepi Berita,Normal / Sedang Transisi,Dekat Support Fibo 23.6%,4,WAIT & SEE,TIDAK ADA,2026-09-01 09:00:03,Biasa / Mengikuti Pasar
09:00,NSSS,Token Mati (Perlu Update),Big Cap (Lapis 1),Overvalued (Mahal),30.492153,8.94679,855.0,930,780,1190,-0.5813953488372093,2244100,Normal,48,Negatif,Downtrend,Bearish,Bearish MACD,Konsolidasi / Transisi,Normal,Distribusi (Turun),Normal,Seimbang / Adu Mekanik,Normal,Tinggi,Normal,Area Tengah,> 1 Miliar,Persis di VWAP,Distribusi Pro (Guyuran),Gorengan Sepi (< 5M),Sepi (< 50%),Distribution (Fase Jualan),Spesialis Tiang Jemuran (Banting Pucuk),Normal,Turun 2 Hari Beruntun,TP: 945 | CL: 794,Open = High (Tekanan Jual),Sangat Menarik (> 1:3),Netral / Sideways,Netral / Sepi Berita,Normal / Sedang Transisi,Mengambang (Jauh dari Fibo),0,WAIT & SEE,TIDAK ADA,2026-09-01 09:00:03,Biasa / Mengikuti Pasar
09:00,GTRA,Transaksi Sepi (Skip Broksum),Small Cap (Lapis 3),Fair Value (Wajar),0.0,1.0255502,220.0,234,214,268,-1.7857142857142856,315400,Normal,43,Negatif,Downtrend,Bearish,Strong Bearish,Konsolidasi / Transisi,Normal,Akumulasi (Naik),Normal,Dominan Jual (Guyur),Normal,Tinggi,Normal,Dekat Support (Low Risk),< 1 Miliar,Di Bawah VWAP (Lemah),Distribusi Pro (Guyuran),Gorengan Sepi (< 5M),Normal (50-150%),Distribution (Fase Jualan),Spesialis Tiang Jemuran (Banting Pucuk),Normal,Turun 1 Hari Beruntun,TP: 237 | CL: 208,Normal,Sangat Menarik (> 1:3),Oversold (Jenuh Jual - Peluang),Netral / Sepi Berita,Normal / Sedang Transisi,Mendekati Fibo 50.0%,1,WAIT & SEE,TIDAK ADA,2026-09-01 09:00:03,Biasa / Mengikuti Pasar
09:00,HAJJ,Transaksi Sepi (Skip Broksum),Small Cap (Lapis 3),Fair Value (Wajar),0.0,1.2512681,111.0,109,103,121,-0.8928571428571428,5072600,Normal,54,Negatif,Uptrend,Bullish,Strong Bullish,Perfect Uptrend (5>20>50),Normal,Distribusi (Turun),Gap Up (+8.0%),Dominan Jual (Guyur),Normal,Sedang,Normal,Area Tengah,< 1 Miliar,Di Bawah VWAP (Lemah),Distribusi Pro (Guyuran),Gorengan Sepi (< 5M),Normal (50-150%),Mark-Up (Fase Pesta),Normal,Normal,Turun 2 Hari Beruntun,TP: 119 | CL: 105,Open = High (Tekanan Jual),Menengah (1:1),Netral / Sideways,Netral / Sepi Berita,Normal / Sedang Transisi,Mendekati Fibo 38.2%,5,WAIT & SEE,TIDAK ADA,2026-09-01 09:00:03,Biasa / Mengikuti Pasar
09:00,JATI,Token Mati (Perlu Update),Small Cap (Lapis 3),Fair Value (Wajar),0.0,1.8966165,106.0,100,94,108,1.9230769230769231,11134600,Normal,63,Positif,Uptrend,Bullish,Strong Bullish,Perfect Uptrend (5>20>50),Normal,Distribusi (Turun),Normal,Dominan Beli (Hajar Kanan),Normal,Sedang,Normal,Rawan Pucuk (High Risk),> 1 Miliar,Di Atas VWAP (Kuat),Distribusi Pro (Guyuran),Gorengan Sepi (< 5M),Normal (50-150%),Mark-Up (Fase Pesta),Normal,Normal,Naik 1 Hari Beruntun,TP: 112 | CL: 101,Normal,Tidak Ideal (< 1:1),Netral / Sideways,Netral / Sepi Berita,Normal / Sedang Transisi,Dekat Support Fibo 38.2%,6,WAIT & SEE,TIDAK ADA,2026-09-01 09:00:03,Biasa / Mengikuti Pasar
09:00,TYRE,Transaksi Sepi (Skip Broksum),Small Cap (Lapis 3),Fair Value (Wajar),0.0,1.1540387,113.0,113,109,121,0.0,155700,Normal,50,Negatif,Downtrend,Bearish,Strong Bearish,Konsolidasi / Transisi,Normal,Akumulasi (Naik),Normal,Seimbang / Adu Mekanik,Squeeze,Rendah,Doji (Ragu-ragu),Area Tengah,< 1 Miliar,Persis di VWAP,Distribusi Pro (Guyuran),Gorengan Sepi (< 5M),Sepi (< 50%),Distribution (Fase Jualan),Spesialis Tiang Jemuran (Banting Pucuk),Jarum Bawah (Sinyal Pantulan Kuat),Sideways / Stagnan,TP: 119 | CL: 108,Normal,Ideal (1:2),Golden Cross (Awal Bullish),Netral / Sepi Berita,Supply Kering (Siap Pump) 🏜️,Golden Rebound Fibo 50.0% 🎯,1,WAIT & SEE,TIDAK ADA,2026-09-01 09:00:03,Biasa / Mengikuti Pasar
09:00,MPXL,Transaksi Sepi (Skip Broksum),Small Cap (Lapis 3),Overvalued (Mahal),0.0,3.596735,167.0,163,151,175,-1.183431952662722,95600,Normal,60,Negatif,Uptrend,Bullish,Strong Bullish,Perfect Uptrend (5>20>50),Normal,Akumulasi (Naik),Normal,Dominan Jual (Guyur),Normal,Sedang,Normal,Rawan Pucuk (High Risk),< 1 Miliar,Di Bawah VWAP (Lemah),Distribusi Pro (Guyuran),Gorengan Sepi (< 5M),Sepi (< 50%),Mark-Up (Fase Pesta),Normal,Normal,Turun 2 Hari Beruntun,TP: 177 | CL: 160,Normal,Tidak Ideal (< 1:1),Death Cross (Awal Bearish),Netral / Sepi Berita,Normal / Sedang Transisi,Dekat Support Fibo 23.6%,5,WAIT & SEE,TIDAK ADA,2026-09-01 09:00:03,Biasa / Mengikuti Pasar
09:00,SMIL,Token Mati (Perlu Update),Mid Cap (Lapis 2),Overvalued (Mahal),47.41082,4.6775126,412.0,397,352,432,0.0,43429800,Tembus MA20,65,Negatif,Uptrend,Bullish,Bearish MACD,Perfect Uptrend (5>20>50),Normal,Akumulasi (Naik),Normal,Seimbang / Adu Mekanik,Normal,Tinggi,Doji (Ragu-ragu),Rawan Pucuk (High Risk),> 1 Miliar,Di Atas VWAP (Kuat),Akumulasi Pro (Smart Money),Ritel Aktif (5M - 50M),Normal (50-150%),Mark-Up (Fase Pesta),Normal,Jarum Bawah (Sinyal Pantulan Kuat),Sideways / Stagnan,TP: 442 | CL: 391,Normal,Tidak Ideal (< 1:1),Netral / Sideways,Netral / Sepi Berita,Normal / Sedang Transisi,Mengambang (Jauh dari Fibo),5,WAIT & SEE,TIDAK ADA,2026-09-01 09:00:03,Biasa / Mengikuti Pasar
09:00,KLAS,Token Mati (Perlu Update),Small Cap (Lapis 3),Fair Value (Wajar),0.0,1.1915239,88.0,80,72,90,2.3255813953488373,14289300,Tembus MA20,81,Positif,Uptrend,Bullish,Strong Bullish,Perfect Uptrend (5>20>50),Normal,Akumulasi (Naik),Normal,Seimbang / Adu Mekanik,Breakout Upper,Tinggi,Normal,Rawan Pucuk (High Risk),> 1 Miliar,Di Atas VWAP (Kuat),Akumulasi Pro (Smart Money),Gorengan Sepi (< 5M),Normal (50-150%),Mark-Up (Fase Pesta),Normal,Normal,Naik 1 Hari Beruntun,TP: 93 | CL: 84,Normal,Tidak Ideal (< 1:1),Overbought (Jenuh Beli - Rawan),Netral / Sepi Berita,Normal / Sedang Transisi,Mengambang (Jauh dari Fibo),7,BELI,TIDAK ADA,2026-09-01 09:00:03,Biasa / Mengikuti Pasar
09:00,MAXI,Transaksi Sepi (Skip Broksum),Small Cap (Lapis 3),Overvalued (Mahal),0.0,3.705076,50.0,50,50,50,0.0,83700,Normal,0,Negatif,Downtrend,Bearish,Bearish MACD,Konsolidasi / Transisi,Normal,Netral,Normal,Tidak Ada Transaksi,Squeeze,Rendah,Doji (Ragu-ragu),Dekat Support (Low Risk),< 1 Miliar,Persis di VWAP,Netral,Gorengan Sepi (< 5M),Normal (50-150%),Sideways,Solid (Jarang Dibanting),Normal,Sideways / Stagnan,TP: 51 | CL: 49,Normal,Di Area Support,Oversold (Jenuh Jual - Peluang),Netral / Sepi Berita,Supply Kering (Siap Pump) 🏜️,Golden Rebound Fibo Bottom / 100% 🎯,0,WAIT & SEE,TIDAK ADA,2026-09-01 09:00:03,🔥 ANOMALI BANDAR (Siap Ledakan)
09:00,VKTR,Token Mati (Perlu Update),Big Cap (Lapis 1),Overvalued (Mahal),0.0,40.300575,960.0,859,705,1005,-0.5181347150259068,119363900,Tembus MA20,62,Negatif,Uptrend,Bullish,Strong Bullish,Perfect Uptrend (5>20>50),Normal,Akumulasi (Naik),Normal,Dominan Jual (Guyur),Normal,Tinggi,Doji (Ragu-ragu),Rawan Pucuk (High Risk),> 1 Miliar,Di Atas VWAP (Kuat),Distribusi Pro (Guyuran),Sultan (> 50M/hari),Normal (50-150%),Mark-Up (Fase Pesta),Spesialis Tiang Jemuran (Banting Pucuk),Normal,Turun 1 Hari Beruntun,TP: 1060 | CL: 893,Open = Low (Bullish Kuat),Tidak Ideal (< 1:1),Netral / Sideways,Netral / Sepi Berita,Normal / Sedang Transisi,Mengambang (Jauh dari Fibo),6,WAIT & SEE,TIDAK ADA,2026-09-01 09:00:03,Biasa / Mengikuti Pasar
09:00,RELF,Transaksi Sepi (Skip Broksum),Small Cap (Lapis 3),Fair Value (Wajar),0.0,0.8134427,35.0,35,33,36,0.0,1316900,Normal,49,Negatif,Downtrend,Bearish,Strong Bearish,Konsolidasi / Transisi,Normal,Distribusi (Turun),Gap Down (-2.9%),Dominan Beli (Hajar Kanan),Squeeze,Rendah,Normal,Area Tengah,< 1 Miliar,Persis di VWAP,Akumulasi Pro (Smart Money),Gorengan Sepi (< 5M),Normal (50-150%),Sideways,Normal,Normal,Sideways / Stagnan,TP: 37 | CL: 33,Normal,Tidak Ideal (< 1:1),Netral / Sideways,Netral / Sepi Berita,Normal / Sedang Transisi,Dekat Support Fibo 61.8% (Golden Ratio),1,WAIT & SEE,TIDAK ADA,2026-09-01 09:00:03,Biasa / Mengikuti Pasar
09:00,AMMN,Token Mati (Perlu Update),Big Cap (Lapis 1),Overvalued (Mahal),30.119644,56973.688,4330.0,4335,4050,4600,-1.8140589569160999,53452700,Normal,54,Negatif,Downtrend,Bullish,Bearish MACD,Perfect Uptrend (5>20>50),Normal,Distribusi (Turun),Normal,Seimbang / Adu Mekanik,Normal,Sedang,Normal,Area Tengah,> 1 Miliar,Di Bawah VWAP (Lemah),Distribusi Pro (Guyuran),Sultan (> 50M/hari),Normal (50-150%),Distribution (Fase Jualan),Spesialis Tiang Jemuran (Banting Pucuk),Jarum Bawah (Sinyal Pantulan Kuat),Turun 2 Hari Beruntun,TP: 4591 | CL: 4155,Normal,Tidak Ideal (< 1:1),Netral / Sideways,Netral / Sepi Berita,Normal / Sedang Transisi,Mendekati Fibo 23.6%,2,WAIT & SEE,TIDAK ADA,2026-09-01 09:00:03,Biasa / Mengikuti Pasar
09:00,CRSN,Transaksi Sepi (Skip Broksum),Small Cap (Lapis 3),Fair Value (Wajar),0.0,1.7274162,139.0,120,103,140,8.59375,4550800,Tembus MA20,76,Positif,Uptrend,Bullish,Strong Bullish,Perfect Uptrend (5>20>50),Normal,Akumulasi (Naik),Gap Up (+2.3%),Dominan Beli (Hajar Kanan),Breakout Upper,Tinggi,Normal,Rawan Pucuk (High Risk),< 1 Miliar,Di Atas VWAP (Kuat),Akumulasi Pro (Smart Money),Gorengan Sepi (< 5M),Anomali Tinggi (150-300%),Mark-Up (Fase Pesta),Spesialis Tiang Jemuran (Banting Pucuk),Normal,Naik 1 Hari Beruntun,TP: 154 | CL: 128,Normal,Tidak Ideal (< 1:1),Overbought (Jenuh Beli - Rawan),Netral / Sepi Berita,Normal / Sedang Transisi,Mengambang (Jauh dari Fibo),9,BELI,TIDAK ADA,2026-09-01 09:00:03,Biasa / Mengikuti Pasar
09:00,GRPM,Token Mati (Perlu Update),Small Cap (Lapis 3),Overvalued (Mahal),0.0,3.9573882,198.0,205,160,264,3.125,17323300,Tembus MA20,45,Positif,Downtrend,Bearish,Bullish MACD,Strong Downtrend (5<20<50),Akumulasi Kuat,Akumulasi (Naik),Normal,Seimbang / Adu Mekanik,Normal,Tinggi,Normal,Rawan Pucuk (High Risk),> 1 Miliar,Di Atas VWAP (Kuat),Akumulasi Pro (Smart Money),Gorengan Sepi (< 5M),Anomali Tinggi (150-300%),Mark-Down (Fase Runtuh),Solid (Jarang Dibanting),Normal,Naik 3 Hari Beruntun,TP: 225 | CL: 179,Normal,Ideal (1:2),Golden Cross (Awal Bullish),Netral / Sepi Berita,Normal / Sedang Transisi,Dekat Support Fibo 78.6%,5,WAIT & SEE,TIDAK ADA,2026-09-01 09:00:03,Biasa / Mengikuti Pasar
09:00,WIDI,Transaksi Sepi (Skip Broksum),Small Cap (Lapis 3),Fair Value (Wajar),0.0,0.9821039,27.0,25,24,29,3.8461538461538463,18118200,Tembus MA20,54,Positif,Uptrend,Bullish,Strong Bullish,Awal Reversal (5>20),Normal,Akumulasi (Naik),Gap Down (-3.8%),Seimbang / Adu Mekanik,Normal,Tinggi,Normal,Rawan Pucuk (High Risk),< 1 Miliar,Persis di VWAP,Akumulasi Pro (Smart Money),Gorengan Sepi (< 5M),Normal (50-150%),Accumulation (Kumpul Barang),Normal,Normal,Naik 1 Hari Beruntun,TP: 29 | CL: 25,Open = Low (Bullish Kuat),Tidak Ideal (< 1:1),Netral / Sideways,Netral / Sepi Berita,Normal / Sedang Transisi,Mendekati Fibo 38.2%,7,BELI,TIDAK ADA,2026-09-01 09:00:03,Biasa / Mengikuti Pasar
09:00,TGUK,Transaksi Sepi (Skip Broksum),Small Cap (Lapis 3),Overvalued (Mahal),0.0,3.1339166,67.0,93,60,137,6.349206349206349,5285500,Normal,20,Positif,Downtrend,Bearish,Strong Bearish,Strong Downtrend (5<20<50),Normal,Distribusi (Turun),Gap Down (-3.2%),Dominan Beli (Hajar Kanan),Normal,Tinggi,Marubozu (Strong Bullish),Rawan Pucuk (High Risk),< 1 Miliar,Di Atas VWAP (Kuat),Distribusi Pro (Guyuran),Gorengan Sepi (< 5M),Normal (50-150%),Mark-Down (Fase Runtuh),Normal,Normal,Naik 1 Hari Beruntun,TP: 78 | CL: 59,Open = Low (Bullish Kuat),Sangat Menarik (> 1:3),Oversold (Jenuh Jual - Peluang),Netral / Sepi Berita,Normal / Sedang Transisi,Mengambang (Jauh dari Fibo),2,WAIT & SEE,TIDAK ADA,2026-09-01 09:00:03,⚠️ Anomali (Sudah Terbang)
09:00,INET,Token Mati (Perlu Update),Mid Cap (Lapis 2),Overvalued (Mahal),148.93617,2.1529584,350.0,271,212,366,2.941176470588235,916587400,Tembus MA20,72,Positif,Uptrend,Bullish,Strong Bullish,Perfect Uptrend (5>20>50),Normal,Akumulasi (Naik),Normal,Seimbang / Adu Mekanik,Normal,Tinggi,Normal,Rawan Pucuk (High Risk),> 1 Miliar,Di Atas VWAP (Kuat),Distribusi Pro (Guyuran),Sultan (> 50M/hari),Normal (50-150%),Mark-Up (Fase Pesta),Normal,Normal,Naik 1 Hari Beruntun,TP: 394 | CL: 320,Normal,Tidak Ideal (< 1:1),Overbought (Jenuh Beli - Rawan),Netral / Sepi Berita,Normal / Sedang Transisi,Mengambang (Jauh dari Fibo),7,BELI,TIDAK ADA,2026-09-01 09:00:03,🔥 ANOMALI BANDAR (Siap Ledakan)
09:00,MAHA,Token Mati (Perlu Update),Mid Cap (Lapis 2),Undervalued (Murah),6.4017663,1.2961241,145.0,146,142,155,-1.3605442176870748,7174800,Tembus MA20,51,Negatif,Downtrend,Bullish,Bearish MACD,Perfect Uptrend (5>20>50),Normal,Distribusi (Turun),Normal,Dominan Jual (Guyur),Squeeze,Rendah,Normal,Dekat Support (Low Risk),> 1 Miliar,Persis di VWAP,Akumulasi Pro (Smart Money),Gorengan Sepi (< 5M),Normal (50-150%),Distribution (Fase Jualan),Spesialis Tiang Jemuran (Banting Pucuk),Normal,Turun 1 Hari Beruntun,TP: 150 | CL: 141,Open = High (Tekanan Jual),Sangat Menarik (> 1:3),Netral / Sideways,Netral / Sepi Berita,Normal / Sedang Transisi,Mendekati Fibo 38.2%,3,WAIT & SEE,TIDAK ADA,2026-09-01 09:00:03,Biasa / Mengikuti Pasar
09:00,RMKO,Token Mati (Perlu Update),Small Cap (Lapis 3),Fair Value (Wajar),0.0,2.8285568,296.0,287,240,334,-1.3333333333333335,7201100,Tembus MA20,51,Negatif,Uptrend,Bearish,Bullish MACD,Strong Downtrend (5<20<50),Normal,Akumulasi (Naik),Normal,Dominan Jual (Guyur),Normal,Sedang,Normal,Rawan Pucuk (High Risk),> 1 Miliar,Persis di VWAP,Distribusi Pro (Guyuran),Gorengan Sepi (< 5M),Normal (50-150%),Accumulation (Kumpul Barang),Normal,Normal,Turun 1 Hari Beruntun,TP: 328 | CL: 274,Normal,Tidak Ideal (< 1:1),Netral / Sideways,Netral / Sepi Berita,Supply Banjir (Distribusi) 🌊,Mengambang (Jauh dari Fibo),5,WAIT & SEE,TIDAK ADA,2026-09-01 09:00:03,Biasa / Mengikuti Pasar
09:00,CNMA,Transaksi Sepi (Skip Broksum),Mid Cap (Lapis 2),Fair Value (Wajar),13.191489,2.0721464,93.0,93,90,103,0.0,8331200,Normal,51,Negatif,Downtrend,Bearish,Bearish MACD,Konsolidasi / Transisi,Normal,Distribusi (Turun),Normal,Dominan Beli (Hajar Kanan),Normal,Sedang,Doji (Ragu-ragu),Area Tengah,< 1 Miliar,Persis di VWAP,Akumulasi Pro (Smart Money),Gorengan Sepi (< 5M),Sepi (< 50%),Distribution (Fase Jualan),Normal,Jarum Bawah (Sinyal Pantulan Kuat),Sideways / Stagnan,TP: 97 | CL: 90,Normal,Sangat Menarik (> 1:3),Oversold (Jenuh Jual - Peluang),Netral / Sepi Berita,Supply Kering (Siap Pump) 🏜️,Golden Rebound Fibo 50.0% 🎯,2,WAIT & SEE,TIDAK ADA,2026-09-01 09:00:03,Biasa / Mengikuti Pasar
09:00,FOLK,Token Mati (Perlu Update),Small Cap (Lapis 3),Overvalued (Mahal),0.0,5.08393,169.0,194,160,228,-1.744186046511628,15680800,Tembus MA20,37,Negatif,Downtrend,Bearish,Strong Bearish,Strong Downtrend (5<20<50),Normal,Distribusi (Turun),Normal,Dominan Jual (Guyur),Normal,Tinggi,Normal,Area Tengah,> 1 Miliar,Di Bawah VWAP (Lemah),Distribusi Pro (Guyuran),Gorengan Sepi (< 5M),Normal (50-150%),Mark-Down (Fase Runtuh),Spesialis Tiang Jemuran (Banting Pucuk),Normal,Turun 2 Hari Beruntun,TP: 197 | CL: 150,Normal,Sangat Menarik (> 1:3),Netral / Sideways,Netral / Sepi Berita,Normal / Sedang Transisi,Mengambang (Jauh dari Fibo),1,WAIT & SEE,TIDAK ADA,2026-09-01 09:00:03,Biasa / Mengikuti Pasar
09:00,HBAT,Transaksi Sepi (Skip Broksum),Small Cap (Lapis 3),Overvalued (Mahal),0.0,3.56813,282.0,231,204,304,2.9197080291970803,634900,Normal,65,Positif,Uptrend,Bullish,Bullish MACD,Awal Reversal (5>20),Normal,Akumulasi (Naik),Normal,Seimbang / Adu Mekanik,Breakout Upper,Tinggi,Normal,Rawan Pucuk (High Risk),< 1 Miliar,Di Atas VWAP (Kuat),Akumulasi Pro (Smart Money),Gorengan Sepi (< 5M),Normal (50-150%),Accumulation (Kumpul Barang),Normal,Normal,Naik 1 Hari Beruntun,TP: 307 | CL: 264,Normal,Tidak Ideal (< 1:1),Death Cross (Awal Bearish),Netral / Sepi Berita,Normal / Sedang Transisi,Mendekati Fibo 78.6%,6,WAIT & SEE,TIDAK ADA,2026-09-01 09:00:03,Biasa / Mengikuti Pasar
09:00,GRIA,Token Mati (Perlu Update),Mid Cap (Lapis 2),Overvalued (Mahal),192.3077,3.238402,175.0,159,118,238,-2.7777777777777777,18692000,Normal,58,Negatif,Uptrend,Bullish,Strong Bullish,Perfect Uptrend (5>20>50),Normal,Akumulasi (Naik),Normal,Dominan Jual (Guyur),Normal,Tinggi,Normal,Rawan Pucuk (High Risk),> 1 Miliar,Di Bawah VWAP (Lemah),Distribusi Pro (Guyuran),Ritel Aktif (5M - 50M),Sepi (< 50%),Mark-Up (Fase Pesta),Spesialis Tiang Jemuran (Banting Pucuk),Normal,Turun 3 Hari Beruntun,TP: 197 | CL: 159,Normal,Menengah (1:1),Netral / Sideways,Netral / Sepi Berita,Normal / Sedang Transisi,Mendekati Fibo 50.0%,5,WAIT & SEE,TIDAK ADA,2026-09-01 09:00:03,Biasa / Mengikuti Pasar
09:00,PPRI,Transaksi Sepi (Skip Broksum),Small Cap (Lapis 3),Fair Value (Wajar),0.0,1.4587574,134.0,144,132,155,-5.633802816901409,4044500,Tembus MA20,34,Negatif,Downtrend,Bearish,Strong Bearish,Konsolidasi / Transisi,Normal,Distribusi (Turun),Normal,Dominan Jual (Guyur),Normal,Sedang,Normal,Dekat Support (Low Risk),< 1 Miliar,Di Bawah VWAP (Lemah),Akumulasi Pro (Smart Money),Gorengan Sepi (< 5M),Normal (50-150%),Distribution (Fase Jualan),Normal,Normal,Turun 2 Hari Beruntun,TP: 143 | CL: 127,Open = High (Tekanan Jual),Sangat Menarik (> 1:3),Netral / Sideways,Netral / Sepi Berita,Normal / Sedang Transisi,Mendekati Fibo 61.8% (Golden Ratio),1,WAIT & SEE,TIDAK ADA,2026-09-01 09:00:03,Biasa / Mengikuti Pasar
09:00,ERAL,Transaksi Sepi (Skip Broksum),Mid Cap (Lapis 2),Undervalued (Murah),9.165401,0.8651758,302.0,304,286,320,-0.6578947368421052,1634400,Normal,52,Negatif,Downtrend,Bearish,Bearish MACD,Konsolidasi / Transisi,Normal,Distribusi (Turun),Normal,Seimbang / Adu Mekanik,Normal,Sedang,Doji (Ragu-ragu),Area Tengah,< 1 Miliar,Di Atas VWAP (Kuat),Akumulasi Pro (Smart Money),Gorengan Sepi (< 5M),Sepi (< 50%),Distribution (Fase Jualan),Normal,Normal,Turun 1 Hari Beruntun,TP: 318 | CL: 291,Normal,Menengah (1:1),Death Cross (Awal Bearish),Netral / Sepi Berita,Normal / Sedang Transisi,Dekat Support Fibo 23.6%,1,WAIT & SEE,TIDAK ADA,2026-09-01 09:00:03,Biasa / Mengikuti Pasar
09:00,CYBR,Token Mati (Perlu Update),Mid Cap (Lapis 2),Overvalued (Mahal),588.8889,27.999365,530.0,557,525,605,0.0,29354100,Tembus MA20,31,Negatif,Downtrend,Bearish,Strong Bearish,Strong Downtrend (5<20<50),Normal,Distribusi (Turun),Normal,Seimbang / Adu Mekanik,Bottom Rebound,Sedang,Doji (Ragu-ragu),Dekat Support (Low Risk),> 1 Miliar,Di Bawah VWAP (Lemah),Distribusi Pro (Guyuran),Ritel Aktif (5M - 50M),Normal (50-150%),Mark-Down (Fase Runtuh),Normal,Normal,Sideways / Stagnan,TP: 562 | CL: 508,Normal,Sangat Menarik (> 1:3),Oversold (Jenuh Jual - Peluang),Netral / Sepi Berita,Normal / Sedang Transisi,Golden Rebound Fibo 78.6% 🎯,1,WAIT & SEE,TIDAK ADA,2026-09-01 09:00:03,Biasa / Mengikuti Pasar
09:00,MUTU,Token Mati (Perlu Update),Small Cap (Lapis 3),Fair Value (Wajar),0.0,1.59724,125.0,116,107,146,-3.10077519379845,33979300,Normal,62,Negatif,Uptrend,Bullish,Strong Bullish,Perfect Uptrend (5>20>50),Normal,Akumulasi (Naik),Normal,Dominan Jual (Guyur),Normal,Tinggi,Normal,Rawan Pucuk (High Risk),> 1 Miliar,Di Bawah VWAP (Lemah),Distribusi Pro (Guyuran),Ritel Aktif (5M - 50M),Normal (50-150%),Mark-Up (Fase Pesta),Normal,Normal,Turun 2 Hari Beruntun,TP: 137 | CL: 116,Normal,Menengah (1:1),Netral / Sideways,Netral / Sepi Berita,Normal / Sedang Transisi,Mendekati Fibo 50.0%,5,WAIT & SEE,TIDAK ADA,2026-09-01 09:00:03,Biasa / Mengikuti Pasar
09:00,LMAX,Transaksi Sepi (Skip Broksum),Small Cap (Lapis 3),Fair Value (Wajar),0.0,1.3702974,108.0,111,105,121,0.0,97500,Normal,46,Negatif,Downtrend,Bearish,Bearish MACD,Konsolidasi / Transisi,Normal,Distribusi (Turun),Normal,Dominan Beli (Hajar Kanan),Bottom Rebound,Sedang,Hammer (Potensi Reversal),Dekat Support (Low Risk),< 1 Miliar,Di Bawah VWAP (Lemah),Distribusi Pro (Guyuran),Gorengan Sepi (< 5M),Sepi (< 50%),Distribution (Fase Jualan),Normal,Jarum Bawah (Sinyal Pantulan Kuat),Sideways / Stagnan,TP: 115 | CL: 102,Open = High (Tekanan Jual),Sangat Menarik (> 1:3),Netral / Sideways,Netral / Sepi Berita,Supply Kering (Siap Pump) 🏜️,Mendekati Fibo 38.2%,1,WAIT & SEE,TIDAK ADA,2026-09-01 09:00:03,Biasa / Mengikuti Pasar
09:00,HUMI,Token Mati (Perlu Update),Mid Cap (Lapis 2),Overvalued (Mahal),268.5185,18125.0,145.0,146,127,160,5.072463768115942,46976400,Normal,53,Positif,Downtrend,Bearish,Bearish MACD,Konsolidasi / Transisi,Normal,Distribusi (Turun),Normal,Dominan Beli (Hajar Kanan),Normal,Tinggi,Normal,Rawan Pucuk (High Risk),> 1 Miliar,Di Atas VWAP (Kuat),Distribusi Pro (Guyuran),Ritel Aktif (5M - 50M),Normal (50-150%),Distribution (Fase Jualan),Normal,Normal,Naik 1 Hari Beruntun,TP: 157 | CL: 136,Normal,Tidak Ideal (< 1:1),Netral / Sideways,Netral / Sepi Berita,Normal / Sedang Transisi,Dekat Support Fibo 23.6%,3,WAIT & SEE,TIDAK ADA,2026-09-01 09:00:03,Biasa / Mengikuti Pasar
09:00,MSIE,Transaksi Sepi (Skip Broksum),Small Cap (Lapis 3),Fair Value (Wajar),0.0,1.4786052,115.0,97,86,115,9.523809523809524,6937100,Normal,71,Positif,Uptrend,Golden Cross,Strong Bullish,Perfect Uptrend (5>20>50),Normal,Akumulasi (Naik),Gap Up (+9.5%),Dominan Beli (Hajar Kanan),Breakout Upper,Tinggi,Doji (Ragu-ragu),Rawan Pucuk (High Risk),< 1 Miliar,Di Atas VWAP (Kuat),Akumulasi Pro (Smart Money),Gorengan Sepi (< 5M),Normal (50-150%),Mark-Up (Fase Pesta),Normal,Jarum Bawah (Sinyal Pantulan Kuat),Naik 2 Hari Beruntun,TP: 124 | CL: 108,Normal,Tidak Ideal (< 1:1),Overbought (Jenuh Beli - Rawan),Netral / Sepi Berita,Normal / Sedang Transisi,Golden Rebound Fibo 50.0% 🎯,8,BELI,TIDAK ADA,2026-09-01 09:00:03,Biasa / Mengikuti Pasar
09:00,RSCH,Token Mati (Perlu Update),Small Cap (Lapis 3),Overvalued (Mahal),0.0,7.653566,348.0,324,302,360,2.3529411764705883,19481600,Normal,69,Positif,Uptrend,Bullish,Strong Bullish,Perfect Uptrend (5>20>50),Normal,Akumulasi (Naik),Normal,Dominan Beli (Hajar Kanan),Normal,Tinggi,Normal,Rawan Pucuk (High Risk),> 1 Miliar,Di Atas VWAP (Kuat),Distribusi Pro (Guyuran),Ritel Aktif (5M - 50M),Normal (50-150%),Mark-Up (Fase Pesta),Normal,Normal,Naik 1 Hari Beruntun,TP: 369 | CL: 333,Normal,Tidak Ideal (< 1:1),Netral / Sideways,Netral / Sepi Berita,Normal / Sedang Transisi,Mendekati Fibo 38.2%,7,BELI,TIDAK ADA,2026-09-01 09:00:03,Biasa / Mengikuti Pasar
09:00,BABY,Transaksi Sepi (Skip Broksum),Small Cap (Lapis 3),Fair Value (Wajar),0.0,1.0229065,216.0,209,182,284,0.0,1418800,Normal,55,Negatif,Uptrend,Bullish,Bearish MACD,Perfect Uptrend (5>20>50),Normal,Distribusi (Turun),Normal,Seimbang / Adu Mekanik,Normal,Tinggi,Normal,Rawan Pucuk (High Risk),< 1 Miliar,Di Atas VWAP (Kuat),Distribusi Pro (Guyuran),Gorengan Sepi (< 5M),Sepi (< 50%),Mark-Up (Fase Pesta),Spesialis Tiang Jemuran (Banting Pucuk),Normal,Sideways / Stagnan,TP: 249 | CL: 193,Open = High (Tekanan Jual),Ideal (1:2),Golden Cross (Awal Bullish),Netral / Sepi Berita,Normal / Sedang Transisi,Dekat Support Fibo 38.2%,3,WAIT & SEE,TIDAK ADA,2026-09-01 09:00:03,Biasa / Mengikuti Pasar
09:00,AEGS,Transaksi Sepi (Skip Broksum),Small Cap (Lapis 3),Fair Value (Wajar),0.0,0.667092,46.0,43,39,52,0.0,5735000,Normal,59,Negatif,Uptrend,Bullish,Strong Bullish,Perfect Uptrend (5>20>50),Normal,Distribusi (Turun),Normal,Dominan Beli (Hajar Kanan),Normal,Tinggi,Doji (Ragu-ragu),Rawan Pucuk (High Risk),< 1 Miliar,Persis di VWAP,Akumulasi Pro (Smart Money),Gorengan Sepi (< 5M),Sepi (< 50%),Mark-Up (Fase Pesta),Normal,Jarum Bawah (Sinyal Pantulan Kuat),Sideways / Stagnan,TP: 51 | CL: 42,Normal,Tidak Ideal (< 1:1),Death Cross (Awal Bearish),Netral / Sepi Berita,Normal / Sedang Transisi,Golden Rebound Fibo 38.2% 🎯,5,WAIT & SEE,TIDAK ADA,2026-09-01 09:00:03,Biasa / Mengikuti Pasar
09:00,IOTF,Transaksi Sepi (Skip Broksum),Small Cap (Lapis 3),Fair Value (Wajar),0.0,2.1254344,63.0,62,51,79,0.0,13539200,Normal,54,Negatif,Uptrend,Bullish,Bearish MACD,Perfect Uptrend (5>20>50),Normal,Akumulasi (Naik),Normal,Dominan Beli (Hajar Kanan),Normal,Tinggi,Doji (Ragu-ragu),Rawan Pucuk (High Risk),< 1 Miliar,Di Bawah VWAP (Lemah),Distribusi Pro (Guyuran),Gorengan Sepi (< 5M),Sepi (< 50%),Mark-Up (Fase Pesta),Normal,Jarum Bawah (Sinyal Pantulan Kuat),Sideways / Stagnan,TP: 74 | CL: 55,Normal,Menengah (1:1),Netral / Sideways,Netral / Sepi Berita,Normal / Sedang Transisi,Mendekati Fibo 61.8% (Golden Ratio),5,WAIT & SEE,TIDAK ADA,2026-09-01 09:00:03,Biasa / Mengikuti Pasar
09:00,KOCI,Transaksi Sepi (Skip Broksum),Small Cap (Lapis 3),Overvalued (Mahal),0.0,3.385819,103.0,106,96,134,0.9803921568627451,5230900,Normal,48,Positif,Downtrend,Bearish,Bearish MACD,Konsolidasi / Transisi,Normal,Distribusi (Turun),Normal,Dominan Jual (Guyur),Normal,Tinggi,Normal,Area Tengah,< 1 Miliar,Di Bawah VWAP (Lemah),Distribusi Pro (Guyuran),Gorengan Sepi (< 5M),Sepi (< 50%),Distribution (Fase Jualan),Spesialis Tiang Jemuran (Banting Pucuk),Normal,Naik 1 Hari Beruntun,TP: 110 | CL: 98,Open = Low (Bullish Kuat),Sangat Menarik (> 1:3),Golden Cross (Awal Bullish),Netral / Sepi Berita,Normal / Sedang Transisi,Dekat Support Fibo 50.0%,1,WAIT & SEE,TIDAK ADA,2026-09-01 09:00:03,Biasa / Mengikuti Pasar
09:00,PTPS,Transaksi Sepi (Skip Broksum),Small Cap (Lapis 3),Fair Value (Wajar),0.0,1.8324152,158.0,153,144,164,0.6369426751592357,1449300,Normal,62,Positif,Uptrend,Bullish,Bearish MACD,Perfect Uptrend (5>20>50),Normal,Distribusi (Turun),Normal,Dominan Beli (Hajar Kanan),Normal,Sedang,Normal,Area Tengah,< 1 Miliar,Di Atas VWAP (Kuat),Distribusi Pro (Guyuran),Gorengan Sepi (< 5M),Normal (50-150%),Mark-Up (Fase Pesta),Normal,Normal,Naik 3 Hari Beruntun,TP: 165 | CL: 153,Normal,Tidak Ideal (< 1:1),Netral / Sideways,Netral / Sepi Berita,Normal / Sedang Transisi,Mengambang (Jauh dari Fibo),5,WAIT & SEE,TIDAK ADA,2026-09-01 09:00:03,Biasa / Mengikuti Pasar
09:00,BREN,Token Mati (Perlu Update),Big Cap (Lapis 1),Overvalued (Mahal),161.32167,664000.0,3320.0,3421,3210,3940,-1.1904761904761905,8866700,Normal,45,Negatif,Downtrend,Bearish,Strong Bearish,Strong Downtrend (5<20<50),Normal,Distribusi (Turun),Normal,Dominan Jual (Guyur),Normal,Tinggi,Normal,Area Tengah,> 1 Miliar,Di Bawah VWAP (Lemah),Distribusi Pro (Guyuran),Sultan (> 50M/hari),Sepi (< 50%),Mark-Down (Fase Runtuh),Normal,Normal,Turun 2 Hari Beruntun,TP: 3578 | CL: 3147,Normal,Sangat Menarik (> 1:3),Oversold (Jenuh Jual - Peluang),Netral / Sepi Berita,Normal / Sedang Transisi,Mengambang (Jauh dari Fibo),0,WAIT & SEE,TIDAK ADA,2026-09-01 09:00:03,Biasa / Mengikuti Pasar
09:00,STRK,Transaksi Sepi (Skip Broksum),Small Cap (Lapis 3),Overvalued (Mahal),0.0,6.7069077,70.0,63,57,77,-1.4084507042253522,11907900,Normal,62,Negatif,Uptrend,Bullish,Strong Bullish,Awal Reversal (5>20),Normal,Akumulasi (Naik),Normal,Dominan Jual (Guyur),Normal,Tinggi,Normal,Rawan Pucuk (High Risk),< 1 Miliar,Di Atas VWAP (Kuat),Distribusi Pro (Guyuran),Gorengan Sepi (< 5M),Sepi (< 50%),Accumulation (Kumpul Barang),Spesialis Tiang Jemuran (Banting Pucuk),Normal,Turun 1 Hari Beruntun,TP: 77 | CL: 65,Normal,Tidak Ideal (< 1:1),Death Cross (Awal Bearish),Netral / Sepi Berita,Normal / Sedang Transisi,Dekat Support Fibo 61.8% (Golden Ratio),5,WAIT & SEE,TIDAK ADA,2026-09-01 09:00:03,Biasa / Mengikuti Pasar
09:00,KOKA,Token Mati (Perlu Update),Small Cap (Lapis 3),Overvalued (Mahal),0.0,3.560796,183.0,187,168,224,3.389830508474576,13244200,Normal,51,Positif,Downtrend,Bearish,Bearish MACD,Konsolidasi / Transisi,Normal,Akumulasi (Naik),Normal,Seimbang / Adu Mekanik,Normal,Tinggi,Normal,Area Tengah,> 1 Miliar,Di Atas VWAP (Kuat),Distribusi Pro (Guyuran),Gorengan Sepi (< 5M),Normal (50-150%),Distribution (Fase Jualan),Spesialis Tiang Jemuran (Banting Pucuk),Normal,Naik 3 Hari Beruntun,TP: 203 | CL: 169,Open = Low (Bullish Kuat),Ideal (1:2),Golden Cross (Awal Bullish),Netral / Sepi Berita,Normal / Sedang Transisi,Mendekati Fibo 50.0%,3,WAIT & SEE,TIDAK ADA,2026-09-01 09:00:03,Biasa / Mengikuti Pasar
09:00,LOPI,Transaksi Sepi (Skip Broksum),Small Cap (Lapis 3),Fair Value (Wajar),0.0,1.404975,78.0,75,61,92,1.2987012987012987,5456700,Normal,58,Positif,Uptrend,Bullish,Bearish MACD,Perfect Uptrend (5>20>50),Normal,Distribusi (Turun),Normal,Seimbang / Adu Mekanik,Normal,Tinggi,Normal,Rawan Pucuk (High Risk),< 1 Miliar,Persis di VWAP,Distribusi Pro (Guyuran),Gorengan Sepi (< 5M),Normal (50-150%),Mark-Up (Fase Pesta),Spesialis Tiang Jemuran (Banting Pucuk),Normal,Naik 3 Hari Beruntun,TP: 90 | CL: 69,Normal,Tidak Ideal (< 1:1),Golden Cross (Awal Bullish),Netral / Sepi Berita,Normal / Sedang Transisi,Mendekati Fibo 50.0%,4,WAIT & SEE,TIDAK ADA,2026-09-01 09:00:03,Biasa / Mengikuti Pasar
09:00,RGAS,Token Mati (Perlu Update),Small Cap (Lapis 3),Fair Value (Wajar),0.0,2.2733536,165.0,217,165,280,-14.948453608247423,337187800,Tembus MA20,38,Negatif,Downtrend,Death Cross,Strong Bearish,Konsolidasi / Transisi,Distribusi Kuat,Akumulasi (Naik),Gap Down (-7.7%),Dominan Jual (Guyur),Bottom Rebound,Tinggi,Normal,Dekat Support (Low Risk),> 1 Miliar,Di Bawah VWAP (Lemah),Akumulasi Pro (Smart Money),Sultan (> 50M/hari),Normal (50-150%),Distribution (Fase Jualan),Normal,Normal,Turun 3 Hari Beruntun,TP: 199 | CL: 142,Normal,Di Area Support,Netral / Sideways,Netral / Sepi Berita,Normal / Sedang Transisi,Dekat Support Fibo 61.8% (Golden Ratio),2,WAIT & SEE,TIDAK ADA,2026-09-01 09:00:03,🔥 ANOMALI BANDAR (Siap Ledakan)
09:00,MSTI,Token Mati (Perlu Update),Mid Cap (Lapis 2),Fair Value (Wajar),7.5130844,1.9319602,1335.0,1329,1310,1365,-0.7434944237918215,1017300,Normal,54,Negatif,Uptrend,Bullish,Bearish MACD,Perfect Uptrend (5>20>50),Normal,Distribusi (Turun),Normal,Dominan Jual (Guyur),Squeeze,Rendah,Normal,Dekat Support (Low Risk),> 1 Miliar,Persis di VWAP,Akumulasi Pro (Smart Money),Gorengan Sepi (< 5M),Normal (50-150%),Mark-Up (Fase Pesta),Normal,Normal,Turun 2 Hari Beruntun,TP: 1369 | CL: 1311,Normal,Menengah (1:1),Netral / Sideways,Netral / Sepi Berita,Normal / Sedang Transisi,Dekat Support Fibo 23.6%,3,WAIT & SEE,TIDAK ADA,2026-09-01 09:00:03,Biasa / Mengikuti Pasar
09:00,IKPM,Transaksi Sepi (Skip Broksum),Small Cap (Lapis 3),Fair Value (Wajar),0.0,1.4822699,195.0,194,180,252,1.0362694300518136,1282000,Tembus MA20,52,Positif,Uptrend,Bearish,Bearish MACD,Konsolidasi / Transisi,Akumulasi Kuat,Akumulasi (Naik),Normal,Seimbang / Adu Mekanik,Normal,Sedang,Normal,Area Tengah,< 1 Miliar,Di Bawah VWAP (Lemah),Distribusi Pro (Guyuran),Gorengan Sepi (< 5M),Anomali Tinggi (150-300%),Mark-Up (Fase Pesta),Spesialis Tiang Jemuran (Banting Pucuk),Normal,Naik 2 Hari Beruntun,TP: 216 | CL: 180,Normal,Sangat Menarik (> 1:3),Oversold (Jenuh Jual - Peluang),Netral / Sepi Berita,Normal / Sedang Transisi,Mendekati Fibo 78.6%,6,WAIT & SEE,TIDAK ADA,2026-09-01 09:00:03,Biasa / Mengikuti Pasar
09:00,AYAM,Token Mati (Perlu Update),Mid Cap (Lapis 2),Overvalued (Mahal),1252.6316,9.003556,476.0,462,410,500,0.0,15294600,Normal,63,Negatif,Uptrend,Bullish,Bearish MACD,Perfect Uptrend (5>20>50),Normal,Distribusi (Turun),Normal,Seimbang / Adu Mekanik,Normal,Tinggi,Doji (Ragu-ragu),Rawan Pucuk (High Risk),> 1 Miliar,Di Atas VWAP (Kuat),Distribusi Pro (Guyuran),Ritel Aktif (5M - 50M),Normal (50-150%),Mark-Up (Fase Pesta),Normal,Jarum Bawah (Sinyal Pantulan Kuat),Sideways / Stagnan,TP: 501 | CL: 458,Normal,Tidak Ideal (< 1:1),Netral / Sideways,Netral / Sepi Berita,Normal / Sedang Transisi,Mendekati Fibo 23.6%,3,WAIT & SEE,TIDAK ADA,2026-09-01 09:00:03,Biasa / Mengikuti Pasar
09:00,SURI,Transaksi Sepi (Skip Broksum),Small Cap (Lapis 3),Overvalued (Mahal),533.3333,1.4639413,80.0,76,71,88,0.0,4066300,Normal,74,Negatif,Uptrend,Bullish,Strong Bullish,Perfect Uptrend (5>20>50),Normal,Distribusi (Turun),Normal,Dominan Jual (Guyur),Normal,Tinggi,Doji (Ragu-ragu),Rawan Pucuk (High Risk),< 1 Miliar,Persis di VWAP,Distribusi Pro (Guyuran),Gorengan Sepi (< 5M),Sepi (< 50%),Mark-Up (Fase Pesta),Spesialis Tiang Jemuran (Banting Pucuk),Normal,Sideways / Stagnan,TP: 86 | CL: 75,Normal,Tidak Ideal (< 1:1),Netral / Sideways,Netral / Sepi Berita,Normal / Sedang Transisi,Dekat Support Fibo 23.6%,4,WAIT & SEE,TIDAK ADA,2026-09-01 09:00:03,Biasa / Mengikuti Pasar
09:00,ASLI,Token Mati (Perlu Update),Mid Cap (Lapis 2),Overvalued (Mahal),0.0,5.3210664,310.0,221,186,310,25.0,117981000,Tembus MA20,72,Positif,Uptrend,Bullish,Strong Bullish,Perfect Uptrend (5>20>50),Akumulasi Kuat,Akumulasi (Naik),Normal,Dominan Beli (Hajar Kanan),Breakout Upper,Tinggi,Marubozu (Strong Bullish),Rawan Pucuk (High Risk),> 1 Miliar,Di Atas VWAP (Kuat),Akumulasi Pro (Smart Money),Ritel Aktif (5M - 50M),Anomali Tinggi (150-300%),Mark-Up (Fase Pesta),Spesialis Tiang Jemuran (Banting Pucuk),Normal,Naik 3 Hari Beruntun,TP: 354 | CL: 280,Normal,Tidak Ideal (< 1:1),Netral / Sideways,Netral / Sepi Berita,Normal / Sedang Transisi,Mengambang (Jauh dari Fibo),9,BELI,TIDAK ADA,2026-09-01 09:00:03,⚠️ Anomali (Sudah Terbang)
09:00,GRPH,Token Mati (Perlu Update),Small Cap (Lapis 3),Fair Value (Wajar),0.0,1.244318,98.0,70,58,112,3.1578947368421053,119934200,Tembus MA20,78,Positif,Uptrend,Bullish,Strong Bullish,Perfect Uptrend (5>20>50),Normal,Akumulasi (Naik),Normal,Seimbang / Adu Mekanik,Breakout Upper,Tinggi,Normal,Rawan Pucuk (High Risk),> 1 Miliar,Di Atas VWAP (Kuat),Akumulasi Pro (Smart Money),Ritel Aktif (5M - 50M),Normal (50-150%),Mark-Up (Fase Pesta),Normal,Normal,Naik 3 Hari Beruntun,TP: 114 | CL: 87,Normal,Tidak Ideal (< 1:1),Death Cross (Awal Bearish),Netral / Sepi Berita,Normal / Sedang Transisi,Dekat Support Fibo 23.6%,7,BELI,TIDAK ADA,2026-09-01 09:00:03,Biasa / Mengikuti Pasar
09:00,SMGA,Transaksi Sepi (Skip Broksum),Small Cap (Lapis 3),Fair Value (Wajar),0.0,1.6788486,82.0,76,69,89,1.2345679012345678,7994100,Normal,62,Positif,Uptrend,Bullish,Strong Bullish,Perfect Uptrend (5>20>50),Normal,Akumulasi (Naik),Normal,Dominan Beli (Hajar Kanan),Normal,Tinggi,Doji (Ragu-ragu),Rawan Pucuk (High Risk),< 1 Miliar,Di Atas VWAP (Kuat),Distribusi Pro (Guyuran),Gorengan Sepi (< 5M),Sepi (< 50%),Mark-Up (Fase Pesta),Normal,Jarum Bawah (Sinyal Pantulan Kuat),Naik 3 Hari Beruntun,TP: 89 | CL: 77,Normal,Tidak Ideal (< 1:1),Netral / Sideways,Netral / Sepi Berita,Normal / Sedang Transisi,Golden Rebound Fibo 23.6% 🎯,7,BELI,TIDAK ADA,2026-09-01 09:00:03,Biasa / Mengikuti Pasar
09:00,UNTD,Token Mati (Perlu Update),Small Cap (Lapis 3),Fair Value (Wajar),0.0,1.0177253,84.0,82,78,92,2.4390243902439024,31965800,Tembus MA20,59,Positif,Uptrend,Bearish,Bearish MACD,Konsolidasi / Transisi,Normal,Akumulasi (Naik),Normal,Dominan Jual (Guyur),Normal,Sedang,Normal,Area Tengah,> 1 Miliar,Persis di VWAP,Distribusi Pro (Guyuran),Gorengan Sepi (< 5M),Normal (50-150%),Mark-Up (Fase Pesta),Spesialis Tiang Jemuran (Banting Pucuk),Normal,Naik 1 Hari Beruntun,TP: 91 | CL: 79,Normal,Menengah (1:1),Golden Cross (Awal Bullish),Netral / Sepi Berita,Normal / Sedang Transisi,Dekat Support Fibo 23.6%,5,WAIT & SEE,TIDAK ADA,2026-09-01 09:00:03,Biasa / Mengikuti Pasar
09:00,TOSK,Transaksi Sepi (Skip Broksum),Small Cap (Lapis 3),Fair Value (Wajar),0.0,2.0399609,73.0,71,67,76,-1.3513513513513513,8462800,Normal,65,Negatif,Uptrend,Bullish,Bearish MACD,Perfect Uptrend (5>20>50),Normal,Distribusi (Turun),Normal,Seimbang / Adu Mekanik,Normal,Sedang,Normal,Area Tengah,< 1 Miliar,Persis di VWAP,Distribusi Pro (Guyuran),Gorengan Sepi (< 5M),Normal (50-150%),Mark-Up (Fase Pesta),Spesialis Tiang Jemuran (Banting Pucuk),Normal,Turun 1 Hari Beruntun,TP: 77 | CL: 70,Normal,Tidak Ideal (< 1:1),Death Cross (Awal Bearish),Netral / Sepi Berita,Normal / Sedang Transisi,Mendekati Fibo 23.6%,3,WAIT & SEE,TIDAK ADA,2026-09-01 09:00:03,Biasa / Mengikuti Pasar
09:00,MPIX,Token Mati (Perlu Update),Small Cap (Lapis 3),Fair Value (Wajar),0.0,1.0930028,112.0,99,93,126,-5.084745762711865,48618600,Tembus MA20,70,Negatif,Uptrend,Bullish,Strong Bullish,Perfect Uptrend (5>20>50),Distribusi Kuat,Akumulasi (Naik),Normal,Dominan Jual (Guyur),Breakout Upper,Tinggi,Normal,Rawan Pucuk (High Risk),> 1 Miliar,Di Bawah VWAP (Lemah),Akumulasi Pro (Smart Money),Ritel Aktif (5M - 50M),Anomali Tinggi (150-300%),Mark-Up (Fase Pesta),Normal,Normal,Turun 1 Hari Beruntun,TP: 121 | CL: 105,Normal,Tidak Ideal (< 1:1),Death Cross (Awal Bearish),Netral / Sepi Berita,Supply Banjir (Distribusi) 🌊,Mengambang (Jauh dari Fibo),6,WAIT & SEE,TIDAK ADA,2026-09-01 09:00:03,Biasa / Mengikuti Pasar
09:00,ALII,Transaksi Sepi (Skip Broksum),Big Cap (Lapis 1),Overvalued (Mahal),28.655401,5.7591352,780.0,790,725,855,-0.6369426751592357,495000,Normal,50,Negatif,Downtrend,Death Cross,Bearish MACD,Konsolidasi / Transisi,Normal,Distribusi (Turun),Normal,Dominan Jual (Guyur),Normal,Sedang,Normal,Area Tengah,< 1 Miliar,Di Bawah VWAP (Lemah),Distribusi Pro (Guyuran),Gorengan Sepi (< 5M),Normal (50-150%),Distribution (Fase Jualan),Normal,Normal,Turun 2 Hari Beruntun,TP: 832 | CL: 745,Normal,Menengah (1:1),Netral / Sideways,Netral / Sepi Berita,Supply Kering (Siap Pump) 🏜️,Golden Rebound Fibo 61.8% (Golden Ratio) 🎯,0,WAIT & SEE,TIDAK ADA,2026-09-01 09:00:03,Biasa / Mengikuti Pasar
09:00,MKAP,Transaksi Sepi (Skip Broksum),Mid Cap (Lapis 2),Overvalued (Mahal),125.0,10.756801,1125.0,1159,1120,1200,0.0,47700,Normal,28,Negatif,Downtrend,Bearish,Strong Bearish,Strong Downtrend (5<20<50),Normal,Distribusi (Turun),Normal,Dominan Beli (Hajar Kanan),Squeeze,Rendah,Doji (Ragu-ragu),Dekat Support (Low Risk),< 1 Miliar,Di Bawah VWAP (Lemah),Distribusi Pro (Guyuran),Gorengan Sepi (< 5M),Sepi (< 50%),Mark-Down (Fase Runtuh),Normal,Jarum Bawah (Sinyal Pantulan Kuat),Sideways / Stagnan,TP: 1139 | CL: 1115,Normal,Sangat Menarik (> 1:3),Oversold (Jenuh Jual - Peluang),Netral / Sepi Berita,Supply Kering (Siap Pump) 🏜️,Golden Rebound Fibo 61.8% (Golden Ratio) 🎯,1,WAIT & SEE,TIDAK ADA,2026-09-01 09:00:03,Biasa / Mengikuti Pasar
09:00,MEJA,Token Mati (Perlu Update),Small Cap (Lapis 3),Overvalued (Mahal),0.0,3.9403322,112.0,112,91,136,-4.273504273504273,54662600,Tembus MA20,52,Negatif,Downtrend,Bullish,Bearish MACD,Perfect Uptrend (5>20>50),Normal,Distribusi (Turun),Normal,Dominan Jual (Guyur),Normal,Tinggi,Normal,Rawan Pucuk (High Risk),> 1 Miliar,Di Bawah VWAP (Lemah),Distribusi Pro (Guyuran),Ritel Aktif (5M - 50M),Normal (50-150%),Distribution (Fase Jualan),Normal,Normal,Turun 2 Hari Beruntun,TP: 128 | CL: 101,Normal,Menengah (1:1),Netral / Sideways,Netral / Sepi Berita,Normal / Sedang Transisi,Dekat Support Fibo 38.2%,3,WAIT & SEE,TIDAK ADA,2026-09-01 09:00:03,Biasa / Mengikuti Pasar
09:00,LIVE,Transaksi Sepi (Skip Broksum),Small Cap (Lapis 3),Fair Value (Wajar),0.0,2.6405077,193.0,203,183,248,0.0,1191800,Normal,40,Negatif,Downtrend,Bearish,Strong Bearish,Strong Downtrend (5<20<50),Normal,Akumulasi (Naik),Normal,Seimbang / Adu Mekanik,Normal,Tinggi,Normal,Area Tengah,< 1 Miliar,Persis di VWAP,Distribusi Pro (Guyuran),Gorengan Sepi (< 5M),Sepi (< 50%),Mark-Down (Fase Runtuh),Spesialis Tiang Jemuran (Banting Pucuk),Normal,Sideways / Stagnan,TP: 208 | CL: 182,Open = High (Tekanan Jual),Sangat Menarik (> 1:3),Netral / Sideways,Netral / Sepi Berita,Normal / Sedang Transisi,Mendekati Fibo Bottom / 100%,1,WAIT & SEE,TIDAK ADA,2026-09-01 09:00:03,Biasa / Mengikuti Pasar
09:00,HYGN,Transaksi Sepi (Skip Broksum),Small Cap (Lapis 3),Fair Value (Wajar),0.0,2.7375658,184.0,172,160,185,0.546448087431694,2125600,Tembus MA20,78,Positif,Uptrend,Bullish,Strong Bullish,Perfect Uptrend (5>20>50),Normal,Akumulasi (Naik),Normal,Dominan Beli (Hajar Kanan),Normal,Sedang,Hammer (Potensi Reversal),Rawan Pucuk (High Risk),< 1 Miliar,Di Atas VWAP (Kuat),Akumulasi Pro (Smart Money),Gorengan Sepi (< 5M),Normal (50-150%),Mark-Up (Fase Pesta),Spesialis Tiang Jemuran (Banting Pucuk),Jarum Bawah (Sinyal Pantulan Kuat),Naik 3 Hari Beruntun,TP: 190 | CL: 179,Normal,Tidak Ideal (< 1:1),Overbought (Jenuh Beli - Rawan),Netral / Sepi Berita,Normal / Sedang Transisi,Mengambang (Jauh dari Fibo),8,BELI,TIDAK ADA,2026-09-01 09:00:03,Biasa / Mengikuti Pasar
09:00,BAIK,Token Mati (Perlu Update),Small Cap (Lapis 3),Fair Value (Wajar),0.0,2.1941583,266.0,448,264,770,-3.6231884057971016,13838800,Normal,14,Negatif,Downtrend,Bearish,Strong Bearish,Strong Downtrend (5<20<50),Normal,Distribusi (Turun),Normal,Dominan Jual (Guyur),Normal,Tinggi,Normal,Dekat Support (Low Risk),> 1 Miliar,Di Bawah VWAP (Lemah),Distribusi Pro (Guyuran),Ritel Aktif (5M - 50M),Sepi (< 50%),Mark-Down (Fase Runtuh),Normal,Normal,Turun 4 Hari Beruntun,TP: 331 | CL: 222,Normal,Sangat Menarik (> 1:3),Oversold (Jenuh Jual - Peluang),Netral / Sepi Berita,Normal / Sedang Transisi,Golden Rebound Fibo Bottom / 100% 🎯,0,WAIT & SEE,TIDAK ADA,2026-09-01 09:00:03,🔥 ANOMALI BANDAR (Siap Ledakan)
09:00,VISI,Token Mati (Perlu Update),Mid Cap (Lapis 2),Overvalued (Mahal),0.0,16.682957,990.0,940,815,1110,0.0,1648500,Tembus MA20,58,Negatif,Uptrend,Bullish,Strong Bullish,Perfect Uptrend (5>20>50),Normal,Akumulasi (Naik),Normal,Dominan Jual (Guyur),Normal,Tinggi,Doji (Ragu-ragu),Rawan Pucuk (High Risk),> 1 Miliar,Di Bawah VWAP (Lemah),Distribusi Pro (Guyuran),Gorengan Sepi (< 5M),Normal (50-150%),Mark-Up (Fase Pesta),Spesialis Tiang Jemuran (Banting Pucuk),Normal,Sideways / Stagnan,TP: 1100 | CL: 916,Normal,Tidak Ideal (< 1:1),Netral / Sideways,Netral / Sepi Berita,Normal / Sedang Transisi,Mengambang (Jauh dari Fibo),6,WAIT & SEE,TIDAK ADA,2026-09-01 09:00:03,Biasa / Mengikuti Pasar
09:00,AREA,Token Mati (Perlu Update),Small Cap (Lapis 3),Overvalued (Mahal),0.0,3.5773337,344.0,293,256,398,5.521472392638037,6359100,Tembus MA20,68,Positif,Uptrend,Bullish,Strong Bullish,Perfect Uptrend (5>20>50),Normal,Akumulasi (Naik),Gap Up (+3.1%),Seimbang / Adu Mekanik,Normal,Tinggi,Normal,Rawan Pucuk (High Risk),> 1 Miliar,Di Atas VWAP (Kuat),Akumulasi Pro (Smart Money),Gorengan Sepi (< 5M),Normal (50-150%),Mark-Up (Fase Pesta),Spesialis Tiang Jemuran (Banting Pucuk),Normal,Naik 1 Hari Beruntun,TP: 390 | CL: 312,Normal,Tidak Ideal (< 1:1),Netral / Sideways,Netral / Sepi Berita,Normal / Sedang Transisi,Mengambang (Jauh dari Fibo),8,BELI,TIDAK ADA,2026-09-01 09:00:03,Biasa / Mengikuti Pasar
09:00,MHKI,Token Mati (Perlu Update),Small Cap (Lapis 3),Fair Value (Wajar),22.844175,1.1616725,151.0,137,129,155,2.7210884353741496,15984600,Tembus MA20,67,Positif,Uptrend,Bullish,Strong Bullish,Perfect Uptrend (5>20>50),Akumulasi Kuat,Akumulasi (Naik),Normal,Seimbang / Adu Mekanik,Breakout Upper,Tinggi,Normal,Rawan Pucuk (High Risk),> 1 Miliar,Di Atas VWAP (Kuat),Distribusi Pro (Guyuran),Gorengan Sepi (< 5M),Anomali Tinggi (150-300%),Mark-Up (Fase Pesta),Normal,Normal,Naik 3 Hari Beruntun,TP: 160 | CL: 144,Normal,Tidak Ideal (< 1:1),Netral / Sideways,Netral / Sepi Berita,Normal / Sedang Transisi,Mengambang (Jauh dari Fibo),8,BELI,TIDAK ADA,2026-09-01 09:00:03,Biasa / Mengikuti Pasar
09:00,ATLA,Transaksi Sepi (Skip Broksum),Small Cap (Lapis 3),Overvalued (Mahal),166.66666,1.8630301,50.0,50,50,52,0.0,1112100,Normal,48,Negatif,Downtrend,Bearish,Strong Bearish,Konsolidasi / Transisi,Normal,Netral,Normal,Tidak Ada Transaksi,Squeeze,Rendah,Doji (Ragu-ragu),Dekat Support (Low Risk),< 1 Miliar,Persis di VWAP,Netral,Gorengan Sepi (< 5M),Normal (50-150%),Sideways,Spesialis Tiang Jemuran (Banting Pucuk),Normal,Sideways / Stagnan,TP: 50 | CL: 49,Normal,Di Area Support,Oversold (Jenuh Jual - Peluang),Netral / Sepi Berita,Supply Kering (Siap Pump) 🏜️,Golden Rebound Fibo Bottom / 100% 🎯,0,WAIT & SEE,TIDAK ADA,2026-09-01 09:00:03,Biasa / Mengikuti Pasar
09:00,DATA,Token Mati (Perlu Update),Mid Cap (Lapis 2),Overvalued (Mahal),19.569471,5.9726253,1800.0,1917,1785,2090,-2.1739130434782608,2813100,Tembus MA20,37,Negatif,Downtrend,Bearish,Strong Bearish,Strong Downtrend (5<20<50),Normal,Distribusi (Turun),Normal,Dominan Jual (Guyur),Bottom Rebound,Sedang,Normal,Dekat Support (Low Risk),> 1 Miliar,Di Bawah VWAP (Lemah),Distribusi Pro (Guyuran),Gorengan Sepi (< 5M),Anomali Tinggi (150-300%),Mark-Down (Fase Runtuh),Normal,Normal,Turun 2 Hari Beruntun,TP: 1899 | CL: 1733,Normal,Sangat Menarik (> 1:3),Netral / Sideways,Netral / Sepi Berita,Normal / Sedang Transisi,Mengambang (Jauh dari Fibo),1,WAIT & SEE,TIDAK ADA,2026-09-01 09:00:03,Biasa / Mengikuti Pasar
09:00,SOLA,Transaksi Sepi (Skip Broksum),Small Cap (Lapis 3),Fair Value (Wajar),0.0,1.6091357,93.0,91,87,106,3.3333333333333335,5436800,Normal,47,Positif,Uptrend,Bearish,Bullish MACD,Strong Downtrend (5<20<50),Normal,Akumulasi (Naik),Normal,Dominan Beli (Hajar Kanan),Normal,Sedang,Normal,Area Tengah,< 1 Miliar,Persis di VWAP,Distribusi Pro (Guyuran),Gorengan Sepi (< 5M),Sepi (< 50%),Accumulation (Kumpul Barang),Spesialis Tiang Jemuran (Banting Pucuk),Normal,Naik 1 Hari Beruntun,TP: 99 | CL: 88,Normal,Ideal (1:2),Golden Cross (Awal Bullish),Netral / Sepi Berita,Supply Kering (Siap Pump) 🏜️,Golden Rebound Fibo 61.8% (Golden Ratio) 🎯,5,WAIT & SEE,TIDAK ADA,2026-09-01 09:00:03,Biasa / Mengikuti Pasar
09:00,BATR,Transaksi Sepi (Skip Broksum),Small Cap (Lapis 3),Fair Value (Wajar),0.0,1.7370094,94.0,94,90,103,0.0,412600,Normal,52,Negatif,Downtrend,Death Cross,Bearish MACD,Konsolidasi / Transisi,Normal,Distribusi (Turun),Normal,Dominan Beli (Hajar Kanan),Normal,Sedang,Doji (Ragu-ragu),Area Tengah,< 1 Miliar,Persis di VWAP,Distribusi Pro (Guyuran),Gorengan Sepi (< 5M),Sepi (< 50%),Distribution (Fase Jualan),Spesialis Tiang Jemuran (Banting Pucuk),Jarum Bawah (Sinyal Pantulan Kuat),Sideways / Stagnan,TP: 99 | CL: 90,Normal,Ideal (1:2),Netral / Sideways,Netral / Sepi Berita,Supply Kering (Siap Pump) 🏜️,Mendekati Fibo 38.2%,2,WAIT & SEE,TIDAK ADA,2026-09-01 09:00:03,Biasa / Mengikuti Pasar
09:00,SPRE,Transaksi Sepi (Skip Broksum),Small Cap (Lapis 3),Fair Value (Wajar),0.0,1.454162,91.0,89,79,95,1.1111111111111112,2786800,Tembus MA20,55,Positif,Uptrend,Bullish,Bearish MACD,Perfect Uptrend (5>20>50),Normal,Akumulasi (Naik),Gap Down (-8.9%),Dominan Beli (Hajar Kanan),Normal,Sedang,Marubozu (Strong Bullish),Rawan Pucuk (High Risk),< 1 Miliar,Di Atas VWAP (Kuat),Akumulasi Pro (Smart Money),Gorengan Sepi (< 5M),Anomali Tinggi (150-300%),Mark-Up (Fase Pesta),Solid (Jarang Dibanting),Normal,Naik 1 Hari Beruntun,TP: 102 | CL: 83,Open = Low (Bullish Kuat),Tidak Ideal (< 1:1),Netral / Sideways,Netral / Sepi Berita,Normal / Sedang Transisi,Dekat Support Fibo 23.6%,7,BELI,TIDAK ADA,2026-09-01 09:00:03,Biasa / Mengikuti Pasar
09:00,PART,Token Mati (Perlu Update),Small Cap (Lapis 3),Fair Value (Wajar),0.0,1.7227519,120.0,102,95,123,1.694915254237288,34526400,Tembus MA20,76,Positif,Uptrend,Bullish,Strong Bullish,Awal Reversal (5>20),Akumulasi Kuat,Akumulasi (Naik),Normal,Seimbang / Adu Mekanik,Breakout Upper,Tinggi,Normal,Rawan Pucuk (High Risk),> 1 Miliar,Di Atas VWAP (Kuat),Distribusi Pro (Guyuran),Ritel Aktif (5M - 50M),Normal (50-150%),Accumulation (Kumpul Barang),Spesialis Tiang Jemuran (Banting Pucuk),Normal,Naik 6 Hari Beruntun,TP: 129 | CL: 113,Normal,Tidak Ideal (< 1:1),Overbought (Jenuh Beli - Rawan),Netral / Sepi Berita,Normal / Sedang Transisi,Mengambang (Jauh dari Fibo),8,BELI,TIDAK ADA,2026-09-01 09:00:03,Biasa / Mengikuti Pasar
09:00,GOLF,Transaksi Sepi (Skip Broksum),Mid Cap (Lapis 2),Overvalued (Mahal),58.759125,0.39117736,161.0,162,156,177,-0.6172839506172839,873100,Normal,47,Negatif,Downtrend,Bearish,Strong Bearish,Strong Downtrend (5<20<50),Normal,Distribusi (Turun),Normal,Dominan Jual (Guyur),Normal,Sedang,Normal,Area Tengah,< 1 Miliar,Persis di VWAP,Distribusi Pro (Guyuran),Gorengan Sepi (< 5M),Sepi (< 50%),Mark-Down (Fase Runtuh),Spesialis Tiang Jemuran (Banting Pucuk),Normal,Turun 1 Hari Beruntun,TP: 170 | CL: 154,Normal,Sangat Menarik (> 1:3),Netral / Sideways,Netral / Sepi Berita,Normal / Sedang Transisi,Mendekati Fibo 38.2%,0,WAIT & SEE,TIDAK ADA,2026-09-01 09:00:03,Biasa / Mengikuti Pasar
09:00,ISEA,Token Mati (Perlu Update),Small Cap (Lapis 3),Fair Value (Wajar),0.0,0.62290233,85.0,82,78,103,4.938271604938271,122514700,Tembus MA20,58,Positif,Uptrend,Bearish,Bearish MACD,Konsolidasi / Transisi,Akumulasi Kuat,Akumulasi (Naik),Normal,Dominan Jual (Guyur),Normal,Sedang,Normal,Area Tengah,> 1 Miliar,Di Bawah VWAP (Lemah),Distribusi Pro (Guyuran),Gorengan Sepi (< 5M),Ledakan Ekstrem (> 300%),Mark-Up (Fase Pesta),Spesialis Tiang Jemuran (Banting Pucuk),Normal,Naik 1 Hari Beruntun,TP: 95 | CL: 77,Open = Low (Bullish Kuat),Ideal (1:2),Golden Cross (Awal Bullish),Netral / Sepi Berita,Normal / Sedang Transisi,Dekat Support Fibo 38.2%,6,WAIT & SEE,TIDAK ADA,2026-09-01 09:00:03,Biasa / Mengikuti Pasar
09:00,BLES,Token Mati (Perlu Update),Mid Cap (Lapis 2),Undervalued (Murah),8.137216,1.4502128,204.0,205,185,230,-0.9708737864077669,7348500,Normal,57,Negatif,Downtrend,Death Cross,Bearish MACD,Konsolidasi / Transisi,Normal,Distribusi (Turun),Normal,Dominan Jual (Guyur),Normal,Tinggi,Normal,Rawan Pucuk (High Risk),> 1 Miliar,Persis di VWAP,Distribusi Pro (Guyuran),Gorengan Sepi (< 5M),Normal (50-150%),Distribution (Fase Jualan),Normal,Normal,Turun 2 Hari Beruntun,TP: 217 | CL: 195,Open = High (Tekanan Jual),Menengah (1:1),Netral / Sideways,Netral / Sepi Berita,Normal / Sedang Transisi,Dekat Support Fibo 23.6%,1,WAIT & SEE,TIDAK ADA,2026-09-01 09:00:03,Biasa / Mengikuti Pasar
09:00,GUNA,Transaksi Sepi (Skip Broksum),Small Cap (Lapis 3),Fair Value (Wajar),0.0,0.8953213,218.0,209,197,236,0.9259259259259258,91200,Normal,66,Positif,Uptrend,Bullish,Bearish MACD,Perfect Uptrend (5>20>50),Normal,Akumulasi (Naik),Normal,Seimbang / Adu Mekanik,Normal,Sedang,Normal,Rawan Pucuk (High Risk),< 1 Miliar,Persis di VWAP,Akumulasi Pro (Smart Money),Gorengan Sepi (< 5M),Sepi (< 50%),Mark-Up (Fase Pesta),Normal,Normal,Naik 1 Hari Beruntun,TP: 233 | CL: 207,Normal,Tidak Ideal (< 1:1),Netral / Sideways,Netral / Sepi Berita,Normal / Sedang Transisi,Mendekati Fibo 23.6%,5,WAIT & SEE,TIDAK ADA,2026-09-01 09:00:03,Biasa / Mengikuti Pasar
09:00,LABS,Transaksi Sepi (Skip Broksum),Small Cap (Lapis 3),Overvalued (Mahal),0.0,4.108691,163.0,162,149,204,1.875,677500,Normal,54,Positif,Uptrend,Bullish,Bearish MACD,Perfect Uptrend (5>20>50),Normal,Distribusi (Turun),Normal,Dominan Beli (Hajar Kanan),Normal,Tinggi,Normal,Area Tengah,< 1 Miliar,Persis di VWAP,Distribusi Pro (Guyuran),Gorengan Sepi (< 5M),Sepi (< 50%),Mark-Up (Fase Pesta),Normal,Normal,Naik 1 Hari Beruntun,TP: 174 | CL: 155,Normal,Ideal (1:2),Oversold (Jenuh Jual - Peluang),Netral / Sepi Berita,Normal / Sedang Transisi,Mendekati Fibo 61.8% (Golden Ratio),5,WAIT & SEE,TIDAK ADA,2026-09-01 09:00:03,Biasa / Mengikuti Pasar
09:00,DOSS,Transaksi Sepi (Skip Broksum),Small Cap (Lapis 3),Fair Value (Wajar),0.0,1.3569705,171.0,169,151,191,-0.5813953488372093,2538100,Normal,62,Negatif,Uptrend,Bearish,Bearish MACD,Konsolidasi / Transisi,Normal,Akumulasi (Naik),Normal,Seimbang / Adu Mekanik,Normal,Sedang,Normal,Rawan Pucuk (High Risk),< 1 Miliar,Persis di VWAP,Distribusi Pro (Guyuran),Gorengan Sepi (< 5M),Normal (50-150%),Mark-Up (Fase Pesta),Spesialis Tiang Jemuran (Banting Pucuk),Normal,Turun 1 Hari Beruntun,TP: 186 | CL: 160,Normal,Menengah (1:1),Death Cross (Awal Bearish),Netral / Sepi Berita,Normal / Sedang Transisi,Mendekati Fibo 38.2%,3,WAIT & SEE,TIDAK ADA,2026-09-01 09:00:03,Biasa / Mengikuti Pasar
09:00,NEST,Token Mati (Perlu Update),Small Cap (Lapis 3),Overvalued (Mahal),117.892975,7.6273937,705.0,704,665,775,1.4388489208633095,3101100,Normal,59,Positif,Uptrend,Bearish,Bearish MACD,Konsolidasi / Transisi,Normal,Akumulasi (Naik),Normal,Dominan Beli (Hajar Kanan),Normal,Sedang,Normal,Area Tengah,> 1 Miliar,Di Atas VWAP (Kuat),Akumulasi Pro (Smart Money),Gorengan Sepi (< 5M),Normal (50-150%),Mark-Up (Fase Pesta),Solid (Jarang Dibanting),Normal,Naik 2 Hari Beruntun,TP: 730 | CL: 688,Normal,Ideal (1:2),Netral / Sideways,Netral / Sepi Berita,Normal / Sedang Transisi,Dekat Support Fibo 23.6%,5,WAIT & SEE,TIDAK ADA,2026-09-01 09:00:03,Biasa / Mengikuti Pasar
09:00,VERN,Token Mati (Perlu Update),Mid Cap (Lapis 2),Fair Value (Wajar),0.0,2.2502048,250.0,223,193,258,0.0,10897300,Normal,69,Negatif,Uptrend,Bullish,Strong Bullish,Perfect Uptrend (5>20>50),Normal,Akumulasi (Naik),Normal,Dominan Beli (Hajar Kanan),Normal,Tinggi,Hammer (Potensi Reversal),Rawan Pucuk (High Risk),> 1 Miliar,Di Atas VWAP (Kuat),Akumulasi Pro (Smart Money),Gorengan Sepi (< 5M),Normal (50-150%),Mark-Up (Fase Pesta),Normal,Jarum Bawah (Sinyal Pantulan Kuat),Sideways / Stagnan,TP: 269 | CL: 236,Open = High (Tekanan Jual),Tidak Ideal (< 1:1),Overbought (Jenuh Beli - Rawan),Netral / Sepi Berita,Normal / Sedang Transisi,Mengambang (Jauh dari Fibo),6,WAIT & SEE,TIDAK ADA,2026-09-01 09:00:03,Biasa / Mengikuti Pasar
09:00,DAAZ,Transaksi Sepi (Skip Broksum),Mid Cap (Lapis 2),Fair Value (Wajar),12.269938,1.9984013,1680.0,1666,1485,1940,-1.1764705882352942,262400,Normal,52,Negatif,Uptrend,Bullish,Bearish MACD,Perfect Uptrend (5>20>50),Normal,Akumulasi (Naik),Normal,Dominan Jual (Guyur),Normal,Tinggi,Normal,Rawan Pucuk (High Risk),< 1 Miliar,Persis di VWAP,Distribusi Pro (Guyuran),Gorengan Sepi (< 5M),Sepi (< 50%),Mark-Up (Fase Pesta),Spesialis Tiang Jemuran (Banting Pucuk),Normal,Turun 1 Hari Beruntun,TP: 1863 | CL: 1557,Normal,Menengah (1:1),Netral / Sideways,Netral / Sepi Berita,Normal / Sedang Transisi,Dekat Support Fibo 61.8% (Golden Ratio),4,WAIT & SEE,TIDAK ADA,2026-09-01 09:00:03,Biasa / Mengikuti Pasar
09:00,BOAT,Token Mati (Perlu Update),Small Cap (Lapis 3),Overvalued (Mahal),0.0,21571.428,151.0,139,128,160,2.027027027027027,14824300,Tembus MA20,76,Positif,Uptrend,Bullish,Strong Bullish,Perfect Uptrend (5>20>50),Akumulasi Kuat,Akumulasi (Naik),Normal,Dominan Jual (Guyur),Breakout Upper,Sedang,Normal,Rawan Pucuk (High Risk),> 1 Miliar,Di Atas VWAP (Kuat),Distribusi Pro (Guyuran),Gorengan Sepi (< 5M),Ledakan Ekstrem (> 300%),Mark-Up (Fase Pesta),Spesialis Tiang Jemuran (Banting Pucuk),Normal,Naik 3 Hari Beruntun,TP: 159 | CL: 145,Open = Low (Bullish Kuat),Tidak Ideal (< 1:1),Death Cross (Awal Bearish),Netral / Sepi Berita,Normal / Sedang Transisi,Mengambang (Jauh dari Fibo),8,BELI,TIDAK ADA,2026-09-01 09:00:03,Biasa / Mengikuti Pasar
09:00,NAIK,Transaksi Sepi (Skip Broksum),Small Cap (Lapis 3),Undervalued (Murah),10.444445,1.4682682,94.0,89,85,103,2.1739130434782608,5502600,Normal,59,Positif,Uptrend,Bullish,Strong Bullish,Perfect Uptrend (5>20>50),Normal,Akumulasi (Naik),Normal,Seimbang / Adu Mekanik,Normal,Sedang,Normal,Rawan Pucuk (High Risk),< 1 Miliar,Di Bawah VWAP (Lemah),Distribusi Pro (Guyuran),Gorengan Sepi (< 5M),Sepi (< 50%),Mark-Up (Fase Pesta),Normal,Normal,Naik 1 Hari Beruntun,TP: 100 | CL: 89,Normal,Menengah (1:1),Golden Cross (Awal Bullish),Netral / Sepi Berita,Normal / Sedang Transisi,Mengambang (Jauh dari Fibo),6,WAIT & SEE,TIDAK ADA,2026-09-01 09:00:03,Biasa / Mengikuti Pasar
09:00,AADI,Token Mati (Perlu Update),Big Cap (Lapis 1),Overvalued (Mahal),6.7113886,24271.3,10825.0,9576,8950,10875,5.8679706601467,15204800,Tembus MA20,76,Positif,Uptrend,Bullish,Strong Bullish,Perfect Uptrend (5>20>50),Normal,Akumulasi (Naik),Gap Up (+2.9%),Dominan Beli (Hajar Kanan),Breakout Upper,Tinggi,Normal,Rawan Pucuk (High Risk),> 1 Miliar,Di Atas VWAP (Kuat),Akumulasi Pro (Smart Money),Sultan (> 50M/hari),Normal (50-150%),Mark-Up (Fase Pesta),Normal,Normal,Naik 3 Hari Beruntun,TP: 11325 | CL: 10491,Normal,Tidak Ideal (< 1:1),Overbought (Jenuh Beli - Rawan),Netral / Sepi Berita,Normal / Sedang Transisi,Mengambang (Jauh dari Fibo),9,BELI,TIDAK ADA,2026-09-01 09:00:03,Biasa / Mengikuti Pasar
09:00,MDIY,Transaksi Sepi (Skip Broksum),Big Cap (Lapis 1),Overvalued (Mahal),20.283117,5.6060686,960.0,937,895,970,0.0,208700,Normal,62,Negatif,Uptrend,Bullish,Strong Bullish,Perfect Uptrend (5>20>50),Normal,Akumulasi (Naik),Normal,Seimbang / Adu Mekanik,Squeeze,Rendah,Doji (Ragu-ragu),Area Tengah,< 1 Miliar,Persis di VWAP,Akumulasi Pro (Smart Money),Gorengan Sepi (< 5M),Sepi (< 50%),Mark-Up (Fase Pesta),Spesialis Tiang Jemuran (Banting Pucuk),Normal,Sideways / Stagnan,TP: 986 | CL: 942,Normal,Tidak Ideal (< 1:1),Netral / Sideways,Netral / Sepi Berita,Normal / Sedang Transisi,Mendekati Fibo 38.2%,5,WAIT & SEE,TIDAK ADA,2026-09-01 09:00:03,Biasa / Mengikuti Pasar
09:00,KSIX,Transaksi Sepi (Skip Broksum),Small Cap (Lapis 3),Fair Value (Wajar),0.0,0.68928397,406.0,391,270,500,-1.4563106796116505,878000,Normal,64,Negatif,Uptrend,Bullish,Bearish MACD,Perfect Uptrend (5>20>50),Normal,Distribusi (Turun),Normal,Dominan Jual (Guyur),Normal,Tinggi,Normal,Rawan Pucuk (High Risk),< 1 Miliar,Di Bawah VWAP (Lemah),Akumulasi Pro (Smart Money),Gorengan Sepi (< 5M),Normal (50-150%),Mark-Up (Fase Pesta),Normal,Normal,Turun 4 Hari Beruntun,TP: 449 | CL: 377,Open = High (Tekanan Jual),Tidak Ideal (< 1:1),Netral / Sideways,Netral / Sepi Berita,Normal / Sedang Transisi,Mengambang (Jauh dari Fibo),3,WAIT & SEE,TIDAK ADA,2026-09-01 09:00:03,Biasa / Mengikuti Pasar
09:00,RATU,Token Mati (Perlu Update),Big Cap (Lapis 1),Overvalued (Mahal),28.90094,200476.19,4210.0,4661,4110,5250,-0.4728132387706856,23188900,Tembus MA20,36,Negatif,Downtrend,Bearish,Strong Bearish,Strong Downtrend (5<20<50),Distribusi Kuat,Distribusi (Turun),Normal,Dominan Jual (Guyur),Normal,Tinggi,Normal,Dekat Support (Low Risk),> 1 Miliar,Di Bawah VWAP (Lemah),Distribusi Pro (Guyuran),Ritel Aktif (5M - 50M),Anomali Tinggi (150-300%),Mark-Down (Fase Runtuh),Normal,Normal,Turun 2 Hari Beruntun,TP: 4519 | CL: 4003,Normal,Sangat Menarik (> 1:3),Oversold (Jenuh Jual - Peluang),Netral / Sepi Berita,Normal / Sedang Transisi,Golden Rebound Fibo 78.6% 🎯,1,WAIT & SEE,TIDAK ADA,2026-09-01 09:00:03,Biasa / Mengikuti Pasar
09:00,YOII,Transaksi Sepi (Skip Broksum),Small Cap (Lapis 3),Fair Value (Wajar),0.0,1.2814102,82.0,83,79,87,0.0,3166400,Normal,45,Negatif,Downtrend,Bearish,Strong Bearish,Strong Downtrend (5<20<50),Normal,Distribusi (Turun),Normal,Seimbang / Adu Mekanik,Squeeze,Rendah,Doji (Ragu-ragu),Area Tengah,< 1 Miliar,Persis di VWAP,Distribusi Pro (Guyuran),Gorengan Sepi (< 5M),Normal (50-150%),Mark-Down (Fase Runtuh),Solid (Jarang Dibanting),Normal,Sideways / Stagnan,TP: 86 | CL: 79,Normal,Ideal (1:2),Golden Cross (Awal Bullish),Netral / Sepi Berita,Normal / Sedang Transisi,Dekat Support Fibo 50.0%,0,WAIT & SEE,TIDAK ADA,2026-09-01 09:00:03,Biasa / Mengikuti Pasar
09:00,HGII,Token Mati (Perlu Update),Small Cap (Lapis 3),Fair Value (Wajar),0.0,1.2122775,141.0,125,118,168,-1.3986013986013985,10156200,Tembus MA20,71,Negatif,Uptrend,Bullish,Strong Bullish,Perfect Uptrend (5>20>50),Normal,Akumulasi (Naik),Gap Up (+3.5%),Dominan Jual (Guyur),Breakout Upper,Tinggi,Normal,Rawan Pucuk (High Risk),> 1 Miliar,Di Bawah VWAP (Lemah),Distribusi Pro (Guyuran),Gorengan Sepi (< 5M),Normal (50-150%),Mark-Up (Fase Pesta),Spesialis Tiang Jemuran (Banting Pucuk),Normal,Turun 1 Hari Beruntun,TP: 156 | CL: 130,Normal,Menengah (1:1),Netral / Sideways,Netral / Sepi Berita,Supply Banjir (Distribusi) 🌊,Dekat Support Fibo 50.0%,7,BELI,TIDAK ADA,2026-09-01 09:00:03,Biasa / Mengikuti Pasar
09:00,BRRC,Token Mati (Perlu Update),Small Cap (Lapis 3),Fair Value (Wajar),0.0,0.8595656,74.0,66,55,101,-3.896103896103896,22138000,Normal,60,Negatif,Uptrend,Bullish,Strong Bullish,Perfect Uptrend (5>20>50),Normal,Akumulasi (Naik),Normal,Dominan Jual (Guyur),Normal,Tinggi,Normal,Rawan Pucuk (High Risk),> 1 Miliar,Di Bawah VWAP (Lemah),Distribusi Pro (Guyuran),Gorengan Sepi (< 5M),Sepi (< 50%),Mark-Up (Fase Pesta),Normal,Normal,Turun 2 Hari Beruntun,TP: 86 | CL: 65,Open = High (Tekanan Jual),Menengah (1:1),Netral / Sideways,Netral / Sepi Berita,Normal / Sedang Transisi,Mengambang (Jauh dari Fibo),5,WAIT & SEE,TIDAK ADA,2026-09-01 09:00:03,Biasa / Mengikuti Pasar
09:00,DGWG,Token Mati (Perlu Update),Mid Cap (Lapis 2),Fair Value (Wajar),7.609838,1.9072809,362.0,324,276,368,3.428571428571429,11411700,Normal,75,Positif,Uptrend,Bullish,Strong Bullish,Perfect Uptrend (5>20>50),Normal,Akumulasi (Naik),Normal,Seimbang / Adu Mekanik,Normal,Tinggi,Normal,Rawan Pucuk (High Risk),> 1 Miliar,Di Atas VWAP (Kuat),Akumulasi Pro (Smart Money),Ritel Aktif (5M - 50M),Normal (50-150%),Mark-Up (Fase Pesta),Normal,Normal,Naik 1 Hari Beruntun,TP: 380 | CL: 349,Open = Low (Bullish Kuat),Tidak Ideal (< 1:1),Overbought (Jenuh Beli - Rawan),Netral / Sepi Berita,Normal / Sedang Transisi,Mengambang (Jauh dari Fibo),6,WAIT & SEE,TIDAK ADA,2026-09-01 09:00:03,Biasa / Mengikuti Pasar
09:00,CBDK,Token Mati (Perlu Update),Big Cap (Lapis 1),Fair Value (Wajar),8.460161,2.018792,3780.0,3794,3580,4100,-0.5263157894736842,1306400,Normal,52,Negatif,Downtrend,Bullish,Bearish MACD,Perfect Uptrend (5>20>50),Normal,Distribusi (Turun),Normal,Seimbang / Adu Mekanik,Normal,Sedang,Doji (Ragu-ragu),Area Tengah,> 1 Miliar,Di Bawah VWAP (Lemah),Distribusi Pro (Guyuran),Ritel Aktif (5M - 50M),Normal (50-150%),Distribution (Fase Jualan),Normal,Normal,Turun 2 Hari Beruntun,TP: 3963 | CL: 3657,Normal,Ideal (1:2),Netral / Sideways,Netral / Sepi Berita,Normal / Sedang Transisi,Mendekati Fibo 38.2%,2,WAIT & SEE,TIDAK ADA,2026-09-01 09:00:03,Biasa / Mengikuti Pasar
09:00,OBAT,Transaksi Sepi (Skip Broksum),Small Cap (Lapis 3),Fair Value (Wajar),0.0,1.1898034,240.0,242,232,256,-0.8264462809917356,158900,Normal,46,Negatif,Downtrend,Bearish,Strong Bearish,Konsolidasi / Transisi,Normal,Distribusi (Turun),Gap Down (-2.5%),Seimbang / Adu Mekanik,Squeeze,Rendah,Normal,Area Tengah,< 1 Miliar,Persis di VWAP,Akumulasi Pro (Smart Money),Gorengan Sepi (< 5M),Normal (50-150%),Distribution (Fase Jualan),Normal,Normal,Turun 1 Hari Beruntun,TP: 251 | CL: 232,Open = Low (Bullish Kuat),Ideal (1:2),Netral / Sideways,Netral / Sepi Berita,Normal / Sedang Transisi,Dekat Support Fibo 50.0%,0,WAIT & SEE,TIDAK ADA,2026-09-01 09:00:03,Biasa / Mengikuti Pasar
09:00,MINE,Transaksi Sepi (Skip Broksum),Small Cap (Lapis 3),Undervalued (Murah),5.534135,1.0220367,244.0,234,216,258,3.389830508474576,1775300,Normal,62,Positif,Uptrend,Bullish,Strong Bullish,Perfect Uptrend (5>20>50),Normal,Akumulasi (Naik),Normal,Dominan Beli (Hajar Kanan),Normal,Sedang,Normal,Rawan Pucuk (High Risk),< 1 Miliar,Di Atas VWAP (Kuat),Akumulasi Pro (Smart Money),Gorengan Sepi (< 5M),Normal (50-150%),Mark-Up (Fase Pesta),Normal,Normal,Naik 1 Hari Beruntun,TP: 257 | CL: 234,Open = Low (Bullish Kuat),Tidak Ideal (< 1:1),Netral / Sideways,Netral / Sepi Berita,Normal / Sedang Transisi,Dekat Support Fibo 23.6%,7,BELI,TIDAK ADA,2026-09-01 09:00:03,Biasa / Mengikuti Pasar
09:00,ASPR,Token Mati (Perlu Update),Small Cap (Lapis 3),Fair Value (Wajar),0.0,2.3256168,152.0,153,126,167,-2.564102564102564,16053500,Normal,48,Negatif,Downtrend,Death Cross,Strong Bullish,Konsolidasi / Transisi,Normal,Distribusi (Turun),Normal,Dominan Jual (Guyur),Normal,Sedang,Normal,Rawan Pucuk (High Risk),> 1 Miliar,Persis di VWAP,Distribusi Pro (Guyuran),Gorengan Sepi (< 5M),Sepi (< 50%),Distribution (Fase Jualan),Normal,Normal,Turun 2 Hari Beruntun,TP: 166 | CL: 142,Open = High (Tekanan Jual),Tidak Ideal (< 1:1),Netral / Sideways,Netral / Sepi Berita,Normal / Sedang Transisi,Mengambang (Jauh dari Fibo),1,WAIT & SEE,TIDAK ADA,2026-09-01 09:00:03,Biasa / Mengikuti Pasar
09:00,PSAT,Transaksi Sepi (Skip Broksum),Mid Cap (Lapis 2),Fair Value (Wajar),0.0,1.0153954,895.0,893,835,945,1.7045454545454544,81000,Normal,57,Positif,Uptrend,Bearish,Bearish MACD,Konsolidasi / Transisi,Normal,Distribusi (Turun),Normal,Seimbang / Adu Mekanik,Squeeze,Rendah,Normal,Area Tengah,< 1 Miliar,Persis di VWAP,Akumulasi Pro (Smart Money),Gorengan Sepi (< 5M),Normal (50-150%),Mark-Up (Fase Pesta),Normal,Normal,Naik 1 Hari Beruntun,TP: 935 | CL: 868,Open = Low (Bullish Kuat),Tidak Ideal (< 1:1),Netral / Sideways,Netral / Sepi Berita,Normal / Sedang Transisi,Mendekati Fibo 23.6%,3,WAIT & SEE,TIDAK ADA,2026-09-01 09:00:03,Biasa / Mengikuti Pasar
09:00,COIN,Token Mati (Perlu Update),Big Cap (Lapis 1),Overvalued (Mahal),0.0,7.833635,805.0,735,620,1095,0.0,21903400,Normal,57,Negatif,Uptrend,Bullish,Strong Bullish,Perfect Uptrend (5>20>50),Normal,Akumulasi (Naik),Normal,Dominan Beli (Hajar Kanan),Normal,Tinggi,Doji (Ragu-ragu),Rawan Pucuk (High Risk),> 1 Miliar,Di Bawah VWAP (Lemah),Distribusi Pro (Guyuran),Ritel Aktif (5M - 50M),Sepi (< 50%),Mark-Up (Fase Pesta),Normal,Jarum Bawah (Sinyal Pantulan Kuat),Sideways / Stagnan,TP: 929 | CL: 722,Normal,Ideal (1:2),Golden Cross (Awal Bullish),Netral / Sepi Berita,Normal / Sedang Transisi,Mendekati Fibo 61.8% (Golden Ratio),6,WAIT & SEE,TIDAK ADA,2026-09-01 09:00:03,Biasa / Mengikuti Pasar
09:00,CDIA,Token Mati (Perlu Update),Big Cap (Lapis 1),Overvalued (Mahal),66.10338,83124.99,665.0,684,640,735,-2.2058823529411766,45834700,Normal,47,Negatif,Downtrend,Bearish,Bearish MACD,Konsolidasi / Transisi,Normal,Distribusi (Turun),Normal,Dominan Jual (Guyur),Normal,Sedang,Normal,Area Tengah,> 1 Miliar,Di Bawah VWAP (Lemah),Distribusi Pro (Guyuran),Ritel Aktif (5M - 50M),Normal (50-150%),Distribution (Fase Jualan),Spesialis Tiang Jemuran (Banting Pucuk),Normal,Turun 1 Hari Beruntun,TP: 717 | CL: 630,Normal,Ideal (1:2),Netral / Sideways,Netral / Sepi Berita,Normal / Sedang Transisi,Mendekati Fibo 78.6%,0,WAIT & SEE,TIDAK ADA,2026-09-01 09:00:03,Biasa / Mengikuti Pasar
09:00,BLOG,Transaksi Sepi (Skip Broksum),Mid Cap (Lapis 2),Fair Value (Wajar),8.553515,2.0583339,382.0,376,350,388,0.0,427600,Tembus MA20,58,Negatif,Uptrend,Bullish,Bearish MACD,Perfect Uptrend (5>20>50),Normal,Distribusi (Turun),Normal,Seimbang / Adu Mekanik,Normal,Sedang,Doji (Ragu-ragu),Area Tengah,< 1 Miliar,Persis di VWAP,Akumulasi Pro (Smart Money),Gorengan Sepi (< 5M),Anomali Tinggi (150-300%),Mark-Up (Fase Pesta),Normal,Normal,Sideways / Stagnan,TP: 393 | CL: 374,Normal,Tidak Ideal (< 1:1),Death Cross (Awal Bearish),Netral / Sepi Berita,Normal / Sedang Transisi,Dekat Support Fibo 23.6%,4,WAIT & SEE,TIDAK ADA,2026-09-01 09:00:03,Biasa / Mengikuti Pasar
09:00,MERI,Transaksi Sepi (Skip Broksum),Small Cap (Lapis 3),Fair Value (Wajar),0.0,2.861633,122.0,117,101,140,0.8264462809917356,1681700,Normal,60,Positif,Uptrend,Bullish,Strong Bullish,Perfect Uptrend (5>20>50),Normal,Distribusi (Turun),Normal,Seimbang / Adu Mekanik,Normal,Tinggi,Normal,Rawan Pucuk (High Risk),< 1 Miliar,Persis di VWAP,Distribusi Pro (Guyuran),Gorengan Sepi (< 5M),Sepi (< 50%),Mark-Up (Fase Pesta),Spesialis Tiang Jemuran (Banting Pucuk),Normal,Naik 1 Hari Beruntun,TP: 135 | CL: 113,Open = Low (Bullish Kuat),Tidak Ideal (< 1:1),Golden Cross (Awal Bullish),Netral / Sepi Berita,Normal / Sedang Transisi,Dekat Support Fibo 38.2%,5,WAIT & SEE,TIDAK ADA,2026-09-01 09:00:03,Biasa / Mengikuti Pasar
09:00,KAQI,Token Mati (Perlu Update),Small Cap (Lapis 3),Fair Value (Wajar),0.0,1.5395087,95.0,95,86,106,1.0638297872340425,36377600,Normal,53,Positif,Downtrend,Bearish,Bearish MACD,Konsolidasi / Transisi,Normal,Distribusi (Turun),Gap Up (+2.1%),Seimbang / Adu Mekanik,Normal,Sedang,Normal,Rawan Pucuk (High Risk),> 1 Miliar,Di Atas VWAP (Kuat),Distribusi Pro (Guyuran),Gorengan Sepi (< 5M),Normal (50-150%),Sideways,Normal,Normal,Naik 1 Hari Beruntun,TP: 102 | CL: 90,Normal,Menengah (1:1),Netral / Sideways,Netral / Sepi Berita,Normal / Sedang Transisi,Dekat Support Fibo 38.2%,3,WAIT & SEE,TIDAK ADA,2026-09-01 09:00:03,Biasa / Mengikuti Pasar
09:00,YUPI,Transaksi Sepi (Skip Broksum),Big Cap (Lapis 1),Overvalued (Mahal),19.53125,6.9973683,1407.985107421875,1319,1249,1482,-1.7241410159987984,294500,Tembus MA20,63,Negatif,Uptrend,Bullish,Strong Bullish,Awal Reversal (5>20),Distribusi Kuat,Akumulasi (Naik),Normal,Seimbang / Adu Mekanik,Normal,Tinggi,Normal,Rawan Pucuk (High Risk),< 1 Miliar,Persis di VWAP,Akumulasi Pro (Smart Money),Gorengan Sepi (< 5M),Normal (50-150%),Accumulation (Kumpul Barang),Normal,Normal,Turun 1 Hari Beruntun,TP: 1480 | CL: 1359,Normal,Tidak Ideal (< 1:1),Death Cross (Awal Bearish),Netral / Sepi Berita,Supply Banjir (Distribusi) 🌊,Dekat Support Fibo 61.8% (Golden Ratio),6,WAIT & SEE,TIDAK ADA,2026-09-01 09:00:03,Biasa / Mengikuti Pasar
09:00,FORE,Token Mati (Perlu Update),Mid Cap (Lapis 2),Overvalued (Mahal),70.39249,9.9738865,825.0,796,635,875,-2.941176470588235,15284800,Tembus MA20,60,Negatif,Uptrend,Bullish,Bearish MACD,Perfect Uptrend (5>20>50),Normal,Distribusi (Turun),Normal,Dominan Jual (Guyur),Normal,Tinggi,Normal,Rawan Pucuk (High Risk),> 1 Miliar,Persis di VWAP,Distribusi Pro (Guyuran),Ritel Aktif (5M - 50M),Anomali Tinggi (150-300%),Mark-Up (Fase Pesta),Spesialis Tiang Jemuran (Banting Pucuk),Normal,Turun 1 Hari Beruntun,TP: 891 | CL: 780,Normal,Tidak Ideal (< 1:1),Death Cross (Awal Bearish),Netral / Sepi Berita,Normal / Sedang Transisi,Mendekati Fibo 23.6%,4,WAIT & SEE,TIDAK ADA,2026-09-01 09:00:03,Biasa / Mengikuti Pasar
09:00,MDLA,Transaksi Sepi (Skip Broksum),Mid Cap (Lapis 2),Undervalued (Murah),7.0724244,0.94785005,208.0,208,200,214,0.0,1243700,Tembus MA20,50,Negatif,Downtrend,Bearish,Strong Bearish,Konsolidasi / Transisi,Normal,Akumulasi (Naik),Normal,Dominan Beli (Hajar Kanan),Squeeze,Rendah,Doji (Ragu-ragu),Area Tengah,< 1 Miliar,Persis di VWAP,Distribusi Pro (Guyuran),Gorengan Sepi (< 5M),Normal (50-150%),Distribution (Fase Jualan),Normal,Jarum Bawah (Sinyal Pantulan Kuat),Sideways / Stagnan,TP: 213 | CL: 204,Normal,Tidak Ideal (< 1:1),Golden Cross (Awal Bullish),Netral / Sepi Berita,Normal / Sedang Transisi,Mendekati Fibo 38.2%,3,WAIT & SEE,TIDAK ADA,2026-09-01 09:00:03,Biasa / Mengikuti Pasar
09:00,DKHH,Token Mati (Perlu Update),Small Cap (Lapis 3),Fair Value (Wajar),0.0,0.7849009,65.0,63,60,70,1.5625,22732200,Tembus MA20,58,Positif,Uptrend,Bullish,Bearish MACD,Perfect Uptrend (5>20>50),Normal,Akumulasi (Naik),Normal,Seimbang / Adu Mekanik,Squeeze,Rendah,Normal,Area Tengah,> 1 Miliar,Persis di VWAP,Distribusi Pro (Guyuran),Gorengan Sepi (< 5M),Anomali Tinggi (150-300%),Mark-Up (Fase Pesta),Spesialis Tiang Jemuran (Banting Pucuk),Normal,Naik 1 Hari Beruntun,TP: 69 | CL: 62,Normal,Menengah (1:1),Netral / Sideways,Netral / Sepi Berita,Normal / Sedang Transisi,Dekat Support Fibo 38.2%,6,WAIT & SEE,TIDAK ADA,2026-09-01 09:00:03,Biasa / Mengikuti Pasar
09:00,AYLS,Transaksi Sepi (Skip Broksum),Small Cap (Lapis 3),Overvalued (Mahal),0.0,3.9673095,150.0,156,145,190,0.0,2642600,Normal,45,Negatif,Downtrend,Bearish,Strong Bearish,Konsolidasi / Transisi,Normal,Distribusi (Turun),Gap Up (+2.7%),Dominan Jual (Guyur),Normal,Sedang,Normal,Area Tengah,< 1 Miliar,Persis di VWAP,Distribusi Pro (Guyuran),Gorengan Sepi (< 5M),Anomali Tinggi (150-300%),Distribution (Fase Jualan),Normal,Normal,Sideways / Stagnan,TP: 159 | CL: 144,Open = High (Tekanan Jual),Sangat Menarik (> 1:3),Netral / Sideways,Netral / Sepi Berita,Normal / Sedang Transisi,Dekat Support Fibo 50.0%,1,WAIT & SEE,TIDAK ADA,2026-09-01 09:00:03,Biasa / Mengikuti Pasar
09:00,DADA,Transaksi Sepi (Skip Broksum),Small Cap (Lapis 3),Undervalued (Murah),14.947683,1.0235415,50.0,50,50,50,0.0,94300,Normal,0,Negatif,Downtrend,Bearish,Bearish MACD,Konsolidasi / Transisi,Normal,Netral,Normal,Tidak Ada Transaksi,Squeeze,Rendah,Doji (Ragu-ragu),Dekat Support (Low Risk),< 1 Miliar,Persis di VWAP,Netral,Gorengan Sepi (< 5M),Normal (50-150%),Sideways,Solid (Jarang Dibanting),Normal,Sideways / Stagnan,TP: 51 | CL: 49,Normal,Di Area Support,Oversold (Jenuh Jual - Peluang),Netral / Sepi Berita,Normal / Sedang Transisi,Normal / Sideways,0,WAIT & SEE,TIDAK ADA,2026-09-01 09:00:03,🔥 ANOMALI BANDAR (Siap Ledakan)
09:00,ASPI,Transaksi Sepi (Skip Broksum),Small Cap (Lapis 3),Overvalued (Mahal),0.0,5.5720496,396.0,402,358,438,1.5384615384615385,665000,Normal,47,Positif,Downtrend,Bearish,Strong Bearish,Strong Downtrend (5<20<50),Normal,Akumulasi (Naik),Normal,Dominan Beli (Hajar Kanan),Normal,Tinggi,Hammer (Potensi Reversal),Rawan Pucuk (High Risk),< 1 Miliar,Di Atas VWAP (Kuat),Distribusi Pro (Guyuran),Gorengan Sepi (< 5M),Normal (50-150%),Mark-Down (Fase Runtuh),Spesialis Tiang Jemuran (Banting Pucuk),Jarum Bawah (Sinyal Pantulan Kuat),Naik 1 Hari Beruntun,TP: 425 | CL: 376,Normal,Menengah (1:1),Golden Cross (Awal Bullish),Netral / Sepi Berita,Normal / Sedang Transisi,Golden Rebound Fibo 61.8% (Golden Ratio) 🎯,3,WAIT & SEE,TIDAK ADA,2026-09-01 09:00:03,Biasa / Mengikuti Pasar
09:00,ESTA,Transaksi Sepi (Skip Broksum),Small Cap (Lapis 3),Fair Value (Wajar),0.0,2.3511944,171.0,177,165,200,0.0,421800,Normal,43,Negatif,Downtrend,Bearish,Strong Bearish,Strong Downtrend (5<20<50),Normal,Akumulasi (Naik),Normal,Seimbang / Adu Mekanik,Normal,Tinggi,Doji (Ragu-ragu),Area Tengah,< 1 Miliar,Persis di VWAP,Distribusi Pro (Guyuran),Gorengan Sepi (< 5M),Normal (50-150%),Mark-Down (Fase Runtuh),Spesialis Tiang Jemuran (Banting Pucuk),Normal,Sideways / Stagnan,TP: 182 | CL: 163,Normal,Sangat Menarik (> 1:3),Golden Cross (Awal Bullish),Netral / Sepi Berita,Normal / Sedang Transisi,Dekat Support Fibo 78.6%,1,WAIT & SEE,TIDAK ADA,2026-09-01 09:00:03,Biasa / Mengikuti Pasar
09:00,BESS,Transaksi Sepi (Skip Broksum),Mid Cap (Lapis 2),Overvalued (Mahal),278.1155,4.922716,915.0,904,760,970,0.5494505494505495,38000,Normal,52,Positif,Uptrend,Bullish,Strong Bullish,Awal Reversal (5>20),Normal,Distribusi (Turun),Normal,Seimbang / Adu Mekanik,Squeeze,Rendah,Doji (Ragu-ragu),Rawan Pucuk (High Risk),< 1 Miliar,Persis di VWAP,Distribusi Pro (Guyuran),Gorengan Sepi (< 5M),Sepi (< 50%),Accumulation (Kumpul Barang),Spesialis Tiang Jemuran (Banting Pucuk),Normal,Naik 2 Hari Beruntun,TP: 993 | CL: 862,Normal,Tidak Ideal (< 1:1),Netral / Sideways,Netral / Sepi Berita,Normal / Sedang Transisi,Mengambang (Jauh dari Fibo),5,WAIT & SEE,TIDAK ADA,2026-09-01 09:00:03,Biasa / Mengikuti Pasar
09:00,AMAN,Transaksi Sepi (Skip Broksum),Small Cap (Lapis 3),Fair Value (Wajar),18.620117,1.021064,224.0,239,220,254,-2.608695652173913,494800,Tembus MA20,31,Negatif,Downtrend,Bearish,Strong Bearish,Strong Downtrend (5<20<50),Normal,Distribusi (Turun),Normal,Dominan Jual (Guyur),Bottom Rebound,Tinggi,Normal,Dekat Support (Low Risk),< 1 Miliar,Di Bawah VWAP (Lemah),Distribusi Pro (Guyuran),Gorengan Sepi (< 5M),Anomali Tinggi (150-300%),Mark-Down (Fase Runtuh),Normal,Normal,Turun 1 Hari Beruntun,TP: 236 | CL: 215,Open = High (Tekanan Jual),Sangat Menarik (> 1:3),Netral / Sideways,Netral / Sepi Berita,Normal / Sedang Transisi,Dekat Support Fibo 78.6%,1,WAIT & SEE,TIDAK ADA,2026-09-01 09:00:03,Biasa / Mengikuti Pasar
09:00,CARE,Transaksi Sepi (Skip Broksum),Big Cap (Lapis 1),Overvalued (Mahal),2477.7776,4.903362,446.0,431,416,456,0.45045045045045046,126000,Normal,82,Positif,Uptrend,Bullish,Strong Bullish,Perfect Uptrend (5>20>50),Normal,Akumulasi (Naik),Normal,Dominan Jual (Guyur),Squeeze,Rendah,Normal,Area Tengah,< 1 Miliar,Persis di VWAP,Distribusi Pro (Guyuran),Gorengan Sepi (< 5M),Normal (50-150%),Mark-Up (Fase Pesta),Normal,Normal,Naik 1 Hari Beruntun,TP: 458 | CL: 437,Open = Low (Bullish Kuat),Tidak Ideal (< 1:1),Death Cross (Awal Bearish),Netral / Sepi Berita,Normal / Sedang Transisi,Dekat Support Fibo 23.6%,6,WAIT & SEE,TIDAK ADA,2026-09-01 09:00:03,Biasa / Mengikuti Pasar
09:00,PIPA,Token Mati (Perlu Update),Small Cap (Lapis 3),Overvalued (Mahal),0.0,10.566198,198.0,145,116,218,2.0618556701030926,272196100,Normal,71,Positif,Uptrend,Bullish,Strong Bullish,Perfect Uptrend (5>20>50),Normal,Akumulasi (Naik),Gap Up (+3.1%),Dominan Jual (Guyur),Normal,Tinggi,Doji (Ragu-ragu),Rawan Pucuk (High Risk),> 1 Miliar,Persis di VWAP,Distribusi Pro (Guyuran),Sultan (> 50M/hari),Normal (50-150%),Mark-Up (Fase Pesta),Normal,Normal,Naik 1 Hari Beruntun,TP: 229 | CL: 176,Normal,Tidak Ideal (< 1:1),Netral / Sideways,Netral / Sepi Berita,Normal / Sedang Transisi,Mendekati Fibo 23.6%,7,BELI,TIDAK ADA,2026-09-01 09:00:03,Biasa / Mengikuti Pasar
09:00,NCKL,Token Mati (Perlu Update),Big Cap (Lapis 1),Undervalued (Murah),5.7304897,1.3926357,970.0,938,880,990,1.5706806282722512,82947400,Tembus MA20,63,Positif,Uptrend,Bullish,Bearish MACD,Perfect Uptrend (5>20>50),Normal,Akumulasi (Naik),Normal,Seimbang / Adu Mekanik,Normal,Sedang,Normal,Rawan Pucuk (High Risk),> 1 Miliar,Persis di VWAP,Distribusi Pro (Guyuran),Ritel Aktif (5M - 50M),Anomali Tinggi (150-300%),Mark-Up (Fase Pesta),Spesialis Tiang Jemuran (Banting Pucuk),Normal,Naik 1 Hari Beruntun,TP: 1018 | CL: 937,Normal,Tidak Ideal (< 1:1),Netral / Sideways,Netral / Sepi Berita,Normal / Sedang Transisi,Mendekati Fibo 23.6%,6,WAIT & SEE,TIDAK ADA,2026-09-01 09:00:03,Biasa / Mengikuti Pasar
09:00,AWAN,Transaksi Sepi (Skip Broksum),Small Cap (Lapis 3),Overvalued (Mahal),0.0,7.9984946,170.0,161,149,183,1.1904761904761905,802400,Normal,62,Positif,Uptrend,Bullish,Strong Bullish,Perfect Uptrend (5>20>50),Normal,Distribusi (Turun),Normal,Dominan Beli (Hajar Kanan),Normal,Sedang,Normal,Rawan Pucuk (High Risk),< 1 Miliar,Di Atas VWAP (Kuat),Akumulasi Pro (Smart Money),Gorengan Sepi (< 5M),Normal (50-150%),Mark-Up (Fase Pesta),Normal,Jarum Bawah (Sinyal Pantulan Kuat),Naik 3 Hari Beruntun,TP: 181 | CL: 162,Normal,Tidak Ideal (< 1:1),Netral / Sideways,Netral / Sepi Berita,Normal / Sedang Transisi,Golden Rebound Fibo 23.6% 🎯,6,WAIT & SEE,TIDAK ADA,2026-09-01 09:00:03,Biasa / Mengikuti Pasar
09:00,MBMA,Token Mati (Perlu Update),Big Cap (Lapis 1),Overvalued (Mahal),53.294575,36666.668,550.0,539,492,595,-0.9009009009009009,93003400,Normal,54,Negatif,Uptrend,Bullish,Strong Bullish,Perfect Uptrend (5>20>50),Normal,Distribusi (Turun),Normal,Dominan Jual (Guyur),Normal,Tinggi,Doji (Ragu-ragu),Rawan Pucuk (High Risk),> 1 Miliar,Di Bawah VWAP (Lemah),Distribusi Pro (Guyuran),Sultan (> 50M/hari),Normal (50-150%),Mark-Up (Fase Pesta),Normal,Normal,Turun 2 Hari Beruntun,TP: 599 | CL: 516,Normal,Tidak Ideal (< 1:1),Death Cross (Awal Bearish),Netral / Sepi Berita,Normal / Sedang Transisi,Dekat Support Fibo 23.6%,4,WAIT & SEE,TIDAK ADA,2026-09-01 09:00:03,Biasa / Mengikuti Pasar
09:00,RAAM,Token Mati (Perlu Update),Mid Cap (Lapis 2),Fair Value (Wajar),0.0,1.0677377,193.0,192,181,204,3.2085561497326207,6285300,Tembus MA20,49,Positif,Uptrend,Bearish,Bullish MACD,Strong Downtrend (5<20<50),Akumulasi Kuat,Akumulasi (Naik),Normal,Dominan Beli (Hajar Kanan),Normal,Sedang,Normal,Area Tengah,> 1 Miliar,Di Atas VWAP (Kuat),Akumulasi Pro (Smart Money),Gorengan Sepi (< 5M),Ledakan Ekstrem (> 300%),Accumulation (Kumpul Barang),Normal,Normal,Naik 1 Hari Beruntun,TP: 205 | CL: 184,Normal,Tidak Ideal (< 1:1),Netral / Sideways,Netral / Sepi Berita,Normal / Sedang Transisi,Dekat Support Fibo 61.8% (Golden Ratio),7,BELI,TIDAK ADA,2026-09-01 09:00:03,Biasa / Mengikuti Pasar
09:00,CGAS,Transaksi Sepi (Skip Broksum),Small Cap (Lapis 3),Undervalued (Murah),11.374045,0.98409593,149.0,151,147,157,-0.6666666666666667,1701000,Normal,45,Negatif,Downtrend,Bearish,Strong Bearish,Konsolidasi / Transisi,Normal,Akumulasi (Naik),Normal,Dominan Jual (Guyur),Squeeze,Rendah,Normal,Dekat Support (Low Risk),< 1 Miliar,Persis di VWAP,Distribusi Pro (Guyuran),Gorengan Sepi (< 5M),Normal (50-150%),Distribution (Fase Jualan),Spesialis Tiang Jemuran (Banting Pucuk),Normal,Turun 1 Hari Beruntun,TP: 155 | CL: 144,Normal,Sangat Menarik (> 1:3),Netral / Sideways,Netral / Sepi Berita,Normal / Sedang Transisi,Dekat Support Fibo 61.8% (Golden Ratio),1,WAIT & SEE,TIDAK ADA,2026-09-01 09:00:03,Biasa / Mengikuti Pasar
09:00,NICE,Token Mati (Perlu Update),Mid Cap (Lapis 2),Overvalued (Mahal),0.0,10.369033,356.0,282,244,420,-7.291666666666667,7382500,Tembus MA20,71,Negatif,Uptrend,Bullish,Strong Bullish,Perfect Uptrend (5>20>50),Normal,Akumulasi (Naik),Normal,Dominan Jual (Guyur),Normal,Tinggi,Normal,Rawan Pucuk (High Risk),> 1 Miliar,Di Bawah VWAP (Lemah),Distribusi Pro (Guyuran),Ritel Aktif (5M - 50M),Normal (50-150%),Mark-Up (Fase Pesta),Normal,Normal,Turun 2 Hari Beruntun,TP: 391 | CL: 332,Normal,Tidak Ideal (< 1:1),Death Cross (Awal Bearish),Netral / Sepi Berita,Supply Banjir (Distribusi) 🌊,Mendekati Fibo 38.2%,6,WAIT & SEE,TIDAK ADA,2026-09-01 09:00:03,Biasa / Mengikuti Pasar
09:00,MSJA,Token Mati (Perlu Update),Mid Cap (Lapis 2),Overvalued (Mahal),27.625,31571.428,442.0,424,390,458,0.0,21163200,Tembus MA20,61,Negatif,Uptrend,Bullish,Strong Bullish,Perfect Uptrend (5>20>50),Normal,Akumulasi (Naik),Normal,Seimbang / Adu Mekanik,Normal,Sedang,Doji (Ragu-ragu),Rawan Pucuk (High Risk),> 1 Miliar,Di Atas VWAP (Kuat),Akumulasi Pro (Smart Money),Ritel Aktif (5M - 50M),Normal (50-150%),Mark-Up (Fase Pesta),Normal,Normal,Sideways / Stagnan,TP: 468 | CL: 424,Normal,Tidak Ideal (< 1:1),Netral / Sideways,Netral / Sepi Berita,Normal / Sedang Transisi,Dekat Support Fibo 23.6%,6,WAIT & SEE,TIDAK ADA,2026-09-01 09:00:03,Biasa / Mengikuti Pasar
09:00,SMLE,Token Mati (Perlu Update),Small Cap (Lapis 3),Overvalued (Mahal),0.0,4.016515,179.0,166,146,185,9.146341463414634,35316200,Tembus MA20,63,Positif,Uptrend,Bearish,Bearish MACD,Konsolidasi / Transisi,Normal,Akumulasi (Naik),Normal,Dominan Beli (Hajar Kanan),Normal,Tinggi,Normal,Rawan Pucuk (High Risk),> 1 Miliar,Di Atas VWAP (Kuat),Akumulasi Pro (Smart Money),Gorengan Sepi (< 5M),Normal (50-150%),Mark-Up (Fase Pesta),Normal,Normal,Naik 1 Hari Beruntun,TP: 200 | CL: 164,Normal,Tidak Ideal (< 1:1),Netral / Sideways,Netral / Sepi Berita,Normal / Sedang Transisi,Mengambang (Jauh dari Fibo),6,WAIT & SEE,TIDAK ADA,2026-09-01 09:00:03,Biasa / Mengikuti Pasar
09:00,ACRO,Transaksi Sepi (Skip Broksum),Small Cap (Lapis 3),Fair Value (Wajar),0.0,1.240458,65.0,62,59,69,0.0,10026900,Normal,66,Negatif,Uptrend,Bullish,Strong Bullish,Perfect Uptrend (5>20>50),Normal,Akumulasi (Naik),Normal,Seimbang / Adu Mekanik,Normal,Sedang,Doji (Ragu-ragu),Rawan Pucuk (High Risk),< 1 Miliar,Persis di VWAP,Distribusi Pro (Guyuran),Gorengan Sepi (< 5M),Normal (50-150%),Mark-Up (Fase Pesta),Spesialis Tiang Jemuran (Banting Pucuk),Normal,Sideways / Stagnan,TP: 68 | CL: 62,Normal,Tidak Ideal (< 1:1),Death Cross (Awal Bearish),Netral / Sepi Berita,Normal / Sedang Transisi,Dekat Support Fibo 23.6%,5,WAIT & SEE,TIDAK ADA,2026-09-01 09:00:03,Biasa / Mengikuti Pasar
09:00,MANG,Transaksi Sepi (Skip Broksum),Small Cap (Lapis 3),Fair Value (Wajar),0.0,1.0792836,37.0,38,37,41,-5.128205128205128,10416400,Tembus MA20,39,Negatif,Downtrend,Bullish,Bullish MACD,Awal Reversal (5>20),Normal,Distribusi (Turun),Gap Down (-2.6%),Dominan Jual (Guyur),Squeeze,Rendah,Normal,Dekat Support (Low Risk),< 1 Miliar,Di Bawah VWAP (Lemah),Akumulasi Pro (Smart Money),Gorengan Sepi (< 5M),Anomali Tinggi (150-300%),Mark-Down (Fase Runtuh),Solid (Jarang Dibanting),Normal,Turun 1 Hari Beruntun,TP: 39 | CL: 35,Normal,Di Area Support,Netral / Sideways,Netral / Sepi Berita,Normal / Sedang Transisi,Mendekati Fibo Bottom / 100%,3,WAIT & SEE,TIDAK ADA,2026-09-01 09:00:03,Biasa / Mengikuti Pasar
09:00,WIFI,Token Mati (Perlu Update),Big Cap (Lapis 1),Fair Value (Wajar),20.661158,1.4935733,2100.0,2006,1885,2210,3.9603960396039604,35000900,Tembus MA20,57,Positif,Uptrend,Bullish,Bearish MACD,Perfect Uptrend (5>20>50),Normal,Distribusi (Turun),Normal,Dominan Beli (Hajar Kanan),Normal,Sedang,Normal,Rawan Pucuk (High Risk),> 1 Miliar,Di Atas VWAP (Kuat),Distribusi Pro (Guyuran),Sultan (> 50M/hari),Normal (50-150%),Mark-Up (Fase Pesta),Normal,Normal,Naik 1 Hari Beruntun,TP: 2266 | CL: 1989,Normal,Tidak Ideal (< 1:1),Netral / Sideways,Netral / Sepi Berita,Normal / Sedang Transisi,Mendekati Fibo 23.6%,6,WAIT & SEE,TIDAK ADA,2026-09-01 09:00:03,Biasa / Mengikuti Pasar
09:00,FAPA,Transaksi Sepi (Skip Broksum),Big Cap (Lapis 1),Overvalued (Mahal),20.576414,6.271873,7475.0,7401,7325,7475,0.33557046979865773,1200,Normal,67,Positif,Uptrend,Bullish,Strong Bullish,Perfect Uptrend (5>20>50),Normal,Akumulasi (Naik),Normal,Dominan Beli (Hajar Kanan),Squeeze,Rendah,Marubozu (Strong Bullish),Dekat Support (Low Risk),< 1 Miliar,Persis di VWAP,Distribusi Pro (Guyuran),Gorengan Sepi (< 5M),Normal (50-150%),Mark-Up (Fase Pesta),Spesialis Tiang Jemuran (Banting Pucuk),Normal,Naik 1 Hari Beruntun,TP: 7523 | CL: 7442,Open = Low (Bullish Kuat),Tidak Ideal (< 1:1),Overbought (Jenuh Beli - Rawan),Netral / Sepi Berita,Normal / Sedang Transisi,Dekat Support Fibo 23.6%,7,BELI,TIDAK ADA,2026-09-01 09:00:03,Biasa / Mengikuti Pasar
09:00,DCII,Transaksi Sepi (Skip Broksum),Big Cap (Lapis 1),Overvalued (Mahal),434.7826,103.03423,200100.0,201422,182300,207500,-1.5498154981549817,600,Normal,50,Negatif,Downtrend,Bullish,Bearish MACD,Perfect Uptrend (5>20>50),Normal,Distribusi (Turun),Normal,Dominan Jual (Guyur),Normal,Sedang,Doji (Ragu-ragu),Area Tengah,< 1 Miliar,Di Bawah VWAP (Lemah),Distribusi Pro (Guyuran),Gorengan Sepi (< 5M),Normal (50-150%),Distribution (Fase Jualan),Normal,Normal,Turun 2 Hari Beruntun,TP: 203333 | CL: 197944,Normal,Tidak Ideal (< 1:1),Netral / Sideways,Netral / Sepi Berita,Normal / Sedang Transisi,Dekat Support Fibo 23.6%,1,WAIT & SEE,TIDAK ADA,2026-09-01 09:00:03,Biasa / Mengikuti Pasar
09:00,KETR,Token Mati (Perlu Update),Mid Cap (Lapis 2),Overvalued (Mahal),33.55838,1.9562993,845.0,636,535,925,-1.744186046511628,41118400,Normal,71,Negatif,Uptrend,Bullish,Strong Bullish,Perfect Uptrend (5>20>50),Normal,Akumulasi (Naik),Normal,Dominan Jual (Guyur),Breakout Upper,Tinggi,Normal,Rawan Pucuk (High Risk),> 1 Miliar,Di Atas VWAP (Kuat),Distribusi Pro (Guyuran),Sultan (> 50M/hari),Normal (50-150%),Mark-Up (Fase Pesta),Spesialis Tiang Jemuran (Banting Pucuk),Normal,Turun 1 Hari Beruntun,TP: 940 | CL: 781,Normal,Tidak Ideal (< 1:1),Death Cross (Awal Bearish),Netral / Sepi Berita,Supply Banjir (Distribusi) 🌊,Mendekati Fibo 23.6%,5,WAIT & SEE,TIDAK ADA,2026-09-01 09:00:03,Biasa / Mengikuti Pasar
09:00,DGNS,Transaksi Sepi (Skip Broksum),Small Cap (Lapis 3),Undervalued (Murah),4.66803,1.4453628,242.0,232,214,250,1.680672268907563,622900,Tembus MA20,60,Positif,Uptrend,Golden Cross,Strong Bullish,Perfect Uptrend (5>20>50),Normal,Akumulasi (Naik),Normal,Dominan Beli (Hajar Kanan),Normal,Sedang,Normal,Rawan Pucuk (High Risk),< 1 Miliar,Di Atas VWAP (Kuat),Akumulasi Pro (Smart Money),Gorengan Sepi (< 5M),Anomali Tinggi (150-300%),Mark-Up (Fase Pesta),Spesialis Tiang Jemuran (Banting Pucuk),Jarum Bawah (Sinyal Pantulan Kuat),Naik 4 Hari Beruntun,TP: 258 | CL: 230,Normal,Tidak Ideal (< 1:1),Netral / Sideways,Netral / Sepi Berita,Normal / Sedang Transisi,Mendekati Fibo 38.2%,8,BELI,TIDAK ADA,2026-09-01 09:00:03,Biasa / Mengikuti Pasar
09:00,UFOE,Transaksi Sepi (Skip Broksum),Small Cap (Lapis 3),Overvalued (Mahal),27.006752,1.6463163,144.0,140,134,149,0.6993006993006993,198000,Normal,60,Positif,Uptrend,Bullish,Strong Bullish,Perfect Uptrend (5>20>50),Normal,Akumulasi (Naik),Normal,Seimbang / Adu Mekanik,Squeeze,Rendah,Normal,Area Tengah,< 1 Miliar,Di Atas VWAP (Kuat),Akumulasi Pro (Smart Money),Gorengan Sepi (< 5M),Normal (50-150%),Mark-Up (Fase Pesta),Spesialis Tiang Jemuran (Banting Pucuk),Normal,Naik 2 Hari Beruntun,TP: 152 | CL: 138,Normal,Tidak Ideal (< 1:1),Netral / Sideways,Netral / Sepi Berita,Supply Kering (Siap Pump) 🏜️,Mendekati Fibo 61.8% (Golden Ratio),6,WAIT & SEE,TIDAK ADA,2026-09-01 09:00:03,Biasa / Mengikuti Pasar
09:00,CHEK,Transaksi Sepi (Skip Broksum),Small Cap (Lapis 3),Fair Value (Wajar),0.0,2.6876369,135.0,133,129,142,2.272727272727273,270400,Normal,56,Positif,Uptrend,Death Cross,Bearish MACD,Konsolidasi / Transisi,Normal,Distribusi (Turun),Normal,Dominan Beli (Hajar Kanan),Squeeze,Rendah,Marubozu (Strong Bullish),Area Tengah,< 1 Miliar,Di Atas VWAP (Kuat),Distribusi Pro (Guyuran),Gorengan Sepi (< 5M),Sepi (< 50%),Mark-Up (Fase Pesta),Normal,Normal,Naik 1 Hari Beruntun,TP: 140 | CL: 131,Open = Low (Bullish Kuat),Menengah (1:1),Golden Cross (Awal Bullish),Netral / Sepi Berita,Normal / Sedang Transisi,Dekat Support Fibo 50.0%,4,WAIT & SEE,TIDAK ADA,2026-09-01 09:00:03,Biasa / Mengikuti Pasar
09:00,PMUI,Token Mati (Perlu Update),Small Cap (Lapis 3),Fair Value (Wajar),0.0,1.5326856,109.0,98,83,116,9.0,30843000,Tembus MA20,76,Positif,Uptrend,Bullish,Strong Bullish,Perfect Uptrend (5>20>50),Normal,Akumulasi (Naik),Normal,Seimbang / Adu Mekanik,Breakout Upper,Sedang,Normal,Rawan Pucuk (High Risk),> 1 Miliar,Di Atas VWAP (Kuat),Akumulasi Pro (Smart Money),Gorengan Sepi (< 5M),Ledakan Ekstrem (> 300%),Mark-Up (Fase Pesta),Spesialis Tiang Jemuran (Banting Pucuk),Normal,Naik 3 Hari Beruntun,TP: 117 | CL: 103,Normal,Tidak Ideal (< 1:1),Netral / Sideways,Netral / Sepi Berita,Normal / Sedang Transisi,Mengambang (Jauh dari Fibo),7,BELI,TIDAK ADA,2026-09-01 09:00:03,Biasa / Mengikuti Pasar
09:00,EMAS,Token Mati (Perlu Update),Big Cap (Lapis 1),Overvalued (Mahal),0.0,384000.0,9600.0,7895,6400,9700,3.225806451612903,84672100,Tembus MA20,89,Positif,Uptrend,Bullish,Strong Bullish,Perfect Uptrend (5>20>50),Akumulasi Kuat,Akumulasi (Naik),Normal,Dominan Beli (Hajar Kanan),Breakout Upper,Tinggi,Normal,Rawan Pucuk (High Risk),> 1 Miliar,Di Atas VWAP (Kuat),Akumulasi Pro (Smart Money),Sultan (> 50M/hari),Anomali Tinggi (150-300%),Mark-Up (Fase Pesta),Normal,Normal,Naik 2 Hari Beruntun,TP: 10245 | CL: 9169,Normal,Tidak Ideal (< 1:1),Overbought (Jenuh Beli - Rawan),Netral / Sepi Berita,Normal / Sedang Transisi,Mengambang (Jauh dari Fibo),9,BELI,TIDAK ADA,2026-09-01 09:00:03,🔥 ANOMALI BANDAR (Siap Ledakan)
09:00,PJHB,Transaksi Sepi (Skip Broksum),Small Cap (Lapis 3),Fair Value (Wajar),0.0,0.8160257,186.0,176,164,220,0.5405405405405406,2194300,Normal,61,Positif,Uptrend,Bullish,Strong Bullish,Perfect Uptrend (5>20>50),Normal,Akumulasi (Naik),Normal,Seimbang / Adu Mekanik,Normal,Sedang,Normal,Rawan Pucuk (High Risk),< 1 Miliar,Di Bawah VWAP (Lemah),Distribusi Pro (Guyuran),Gorengan Sepi (< 5M),Sepi (< 50%),Mark-Up (Fase Pesta),Normal,Normal,Naik 3 Hari Beruntun,TP: 200 | CL: 176,Normal,Ideal (1:2),Golden Cross (Awal Bullish),Netral / Sepi Berita,Normal / Sedang Transisi,Mendekati Fibo 50.0%,6,WAIT & SEE,TIDAK ADA,2026-09-01 09:00:03,Biasa / Mengikuti Pasar
09:00,RLCO,Token Mati (Perlu Update),Big Cap (Lapis 1),Overvalued (Mahal),303.0303,43.26715,4500.0,4636,4110,5675,6.6350710900473935,1175400,Tembus MA20,54,Positif,Downtrend,Bearish,Bearish MACD,Konsolidasi / Transisi,Normal,Akumulasi (Naik),Normal,Dominan Beli (Hajar Kanan),Normal,Tinggi,Normal,Area Tengah,> 1 Miliar,Di Atas VWAP (Kuat),Akumulasi Pro (Smart Money),Gorengan Sepi (< 5M),Anomali Tinggi (150-300%),Distribution (Fase Jualan),Normal,Normal,Naik 3 Hari Beruntun,TP: 4809 | CL: 4293,Normal,Sangat Menarik (> 1:3),Golden Cross (Awal Bullish),Netral / Sepi Berita,Normal / Sedang Transisi,Mendekati Fibo 38.2%,5,WAIT & SEE,TIDAK ADA,2026-09-01 09:00:03,Biasa / Mengikuti Pasar
09:00,SUPA,Token Mati (Perlu Update),Big Cap (Lapis 1),Overvalued (Mahal),68.00518,2.1961658,525.0,558,505,620,0.9615384615384616,5865900,Normal,37,Positif,Downtrend,Bearish,Strong Bearish,Strong Downtrend (5<20<50),Normal,Distribusi (Turun),Normal,Seimbang / Adu Mekanik,Normal,Tinggi,Normal,Area Tengah,> 1 Miliar,Persis di VWAP,Distribusi Pro (Guyuran),Ritel Aktif (5M - 50M),Sepi (< 50%),Mark-Down (Fase Runtuh),Solid (Jarang Dibanting),Normal,Naik 1 Hari Beruntun,TP: 559 | CL: 501,Normal,Sangat Menarik (> 1:3),Golden Cross (Awal Bullish),Netral / Sepi Berita,Normal / Sedang Transisi,Mengambang (Jauh dari Fibo),1,WAIT & SEE,TIDAK ADA,2026-09-01 09:00:03,Biasa / Mengikuti Pasar
09:00,WBSA,Token Mati (Perlu Update),Mid Cap (Lapis 2),Overvalued (Mahal),0.0,12.797686,690.0,661,610,725,0.7299270072992701,11970600,Normal,57,Positif,Uptrend,Bullish,Strong Bullish,Perfect Uptrend (5>20>50),Normal,Akumulasi (Naik),Normal,Seimbang / Adu Mekanik,Normal,Sedang,Normal,Rawan Pucuk (High Risk),> 1 Miliar,Di Atas VWAP (Kuat),Akumulasi Pro (Smart Money),Ritel Aktif (5M - 50M),Normal (50-150%),Mark-Up (Fase Pesta),Solid (Jarang Dibanting),Normal,Naik 3 Hari Beruntun,TP: 740 | CL: 656,Normal,Tidak Ideal (< 1:1),Netral / Sideways,Netral / Sepi Berita,Normal / Sedang Transisi,Dekat Support Fibo 61.8% (Golden Ratio),6,WAIT & SEE,TIDAK ADA,2026-09-01 09:00:03,Biasa / Mengikuti Pasar
09:00,WMPP,Transaksi Sepi (Skip Broksum),Small Cap (Lapis 3),Overvalued (Mahal),18.705036,3.003697,26.0,31,23,41,-7.142857142857142,36168700,Normal,43,Negatif,Downtrend,Bearish,Bearish MACD,Konsolidasi / Transisi,Normal,Distribusi (Turun),Normal,Dominan Jual (Guyur),Normal,Tinggi,Normal,Rawan Pucuk (High Risk),< 1 Miliar,Di Bawah VWAP (Lemah),Distribusi Pro (Guyuran),Gorengan Sepi (< 5M),Normal (50-150%),Distribution (Fase Jualan),Normal,Normal,Turun 2 Hari Beruntun,TP: 30 | CL: 23,Open = High (Tekanan Jual),Sangat Menarik (> 1:3),Oversold (Jenuh Jual - Peluang),Netral / Sepi Berita,Normal / Sedang Transisi,Mendekati Fibo 61.8% (Golden Ratio),0,WAIT & SEE,TIDAK ADA,2026-09-01 09:00:03,Biasa / Mengikuti Pasar
09:00,RMKE,Token Mati (Perlu Update),Mid Cap (Lapis 2),Overvalued (Mahal),28.78684,4.738802,420.0,413,388,446,0.4784688995215311,55847600,Normal,50,Positif,Uptrend,Bullish,Bullish MACD,Awal Reversal (5>20),Normal,Akumulasi (Naik),Normal,Dominan Beli (Hajar Kanan),Normal,Sedang,Normal,Area Tengah,> 1 Miliar,Persis di VWAP,Distribusi Pro (Guyuran),Ritel Aktif (5M - 50M),Normal (50-150%),Accumulation (Kumpul Barang),Normal,Normal,Naik 3 Hari Beruntun,TP: 444 | CL: 403,Normal,Tidak Ideal (< 1:1),Netral / Sideways,Netral / Sepi Berita,Normal / Sedang Transisi,Mendekati Fibo 78.6%,6,WAIT & SEE,TIDAK ADA,2026-09-01 09:00:03,Biasa / Mengikuti Pasar
09:00,OBMD,Transaksi Sepi (Skip Broksum),Small Cap (Lapis 3),Fair Value (Wajar),0.0,0.7577236,198.0,192,170,210,1.5384615384615385,1645100,Tembus MA20,56,Positif,Uptrend,Bullish,Bearish MACD,Perfect Uptrend (5>20>50),Akumulasi Kuat,Akumulasi (Naik),Normal,Seimbang / Adu Mekanik,Normal,Sedang,Normal,Rawan Pucuk (High Risk),< 1 Miliar,Di Atas VWAP (Kuat),Akumulasi Pro (Smart Money),Gorengan Sepi (< 5M),Anomali Tinggi (150-300%),Mark-Up (Fase Pesta),Normal,Normal,Naik 1 Hari Beruntun,TP: 212 | CL: 188,Normal,Tidak Ideal (< 1:1),Death Cross (Awal Bearish),Netral / Sepi Berita,Normal / Sedang Transisi,Dekat Support Fibo 50.0%,7,BELI,TIDAK ADA,2026-09-01 09:00:03,Biasa / Mengikuti Pasar
09:00,AVIA,Token Mati (Perlu Update),Big Cap (Lapis 1),Fair Value (Wajar),11.640211,2.2995431,374.0,340,316,374,3.888888888888889,30122200,Tembus MA20,74,Positif,Uptrend,Bullish,Strong Bullish,Perfect Uptrend (5>20>50),Akumulasi Kuat,Akumulasi (Naik),Normal,Dominan Beli (Hajar Kanan),Breakout Upper,Tinggi,Normal,Rawan Pucuk (High Risk),> 1 Miliar,Di Atas VWAP (Kuat),Akumulasi Pro (Smart Money),Ritel Aktif (5M - 50M),Anomali Tinggi (150-300%),Mark-Up (Fase Pesta),Normal,Normal,Naik 3 Hari Beruntun,TP: 389 | CL: 363,Normal,Tidak Ideal (< 1:1),Overbought (Jenuh Beli - Rawan),Netral / Sepi Berita,Normal / Sedang Transisi,Mendekati Fibo 23.6%,9,BELI,TIDAK ADA,2026-09-01 09:00:03,Biasa / Mengikuti Pasar
09:00,NASI,Transaksi Sepi (Skip Broksum),Small Cap (Lapis 3),Overvalued (Mahal),28.809855,2.1286592,145.0,136,119,163,1.3986013986013985,873100,Normal,67,Positif,Uptrend,Bullish,Strong Bullish,Perfect Uptrend (5>20>50),Normal,Akumulasi (Naik),Gap Up (+2.1%),Dominan Beli (Hajar Kanan),Normal,Tinggi,Hammer (Potensi Reversal),Rawan Pucuk (High Risk),< 1 Miliar,Persis di VWAP,Distribusi Pro (Guyuran),Gorengan Sepi (< 5M),Sepi (< 50%),Mark-Up (Fase Pesta),Spesialis Tiang Jemuran (Banting Pucuk),Jarum Bawah (Sinyal Pantulan Kuat),Naik 1 Hari Beruntun,TP: 156 | CL: 137,Open = High (Tekanan Jual),Tidak Ideal (< 1:1),Golden Cross (Awal Bullish),Netral / Sepi Berita,Normal / Sedang Transisi,Mendekati Fibo 38.2%,8,BELI,TIDAK ADA,2026-09-01 09:00:03,Biasa / Mengikuti Pasar
09:00,BSML,Token Mati (Perlu Update),Small Cap (Lapis 3),Overvalued (Mahal),156.01332,7.1766,515.0,518,505,545,0.9803921568627451,11041800,Normal,50,Positif,Downtrend,Bearish,Bearish MACD,Konsolidasi / Transisi,Normal,Akumulasi (Naik),Normal,Seimbang / Adu Mekanik,Squeeze,Rendah,Doji (Ragu-ragu),Dekat Support (Low Risk),> 1 Miliar,Persis di VWAP,Distribusi Pro (Guyuran),Gorengan Sepi (< 5M),Normal (50-150%),Distribution (Fase Jualan),Normal,Normal,Naik 1 Hari Beruntun,TP: 538 | CL: 499,Normal,Sangat Menarik (> 1:3),Netral / Sideways,Netral / Sepi Berita,Normal / Sedang Transisi,Mendekati Fibo 23.6%,2,WAIT & SEE,TIDAK ADA,2026-09-01 09:00:03,Biasa / Mengikuti Pasar
09:00,DRMA,Token Mati (Perlu Update),Mid Cap (Lapis 2),Fair Value (Wajar),6.925208,1.7672871,1025.0,986,935,1030,1.4851485148514851,1161900,Tembus MA20,74,Positif,Uptrend,Bullish,Strong Bullish,Perfect Uptrend (5>20>50),Normal,Akumulasi (Naik),Normal,Seimbang / Adu Mekanik,Normal,Sedang,Normal,Area Tengah,> 1 Miliar,Di Atas VWAP (Kuat),Distribusi Pro (Guyuran),Gorengan Sepi (< 5M),Normal (50-150%),Mark-Up (Fase Pesta),Normal,Normal,Naik 3 Hari Beruntun,TP: 1048 | CL: 1009,Open = Low (Bullish Kuat),Tidak Ideal (< 1:1),Overbought (Jenuh Beli - Rawan),Netral / Sepi Berita,Normal / Sedang Transisi,Mendekati Fibo 23.6%,7,BELI,TIDAK ADA,2026-09-01 09:00:03,Biasa / Mengikuti Pasar
09:00,ADMF,Token Mati (Perlu Update),Big Cap (Lapis 1),Undervalued (Murah),5.817326,0.6913841,8725.0,8692,8525,8875,0.0,153600,Tembus MA20,63,Negatif,Uptrend,Bullish,Bearish MACD,Perfect Uptrend (5>20>50),Normal,Distribusi (Turun),Normal,Dominan Beli (Hajar Kanan),Squeeze,Rendah,Hammer (Potensi Reversal),Dekat Support (Low Risk),> 1 Miliar,Persis di VWAP,Akumulasi Pro (Smart Money),Gorengan Sepi (< 5M),Anomali Tinggi (150-300%),Mark-Up (Fase Pesta),Spesialis Tiang Jemuran (Banting Pucuk),Jarum Bawah (Sinyal Pantulan Kuat),Sideways / Stagnan,TP: 8899 | CL: 8608,Open = High (Tekanan Jual),Tidak Ideal (< 1:1),Netral / Sideways,Netral / Sepi Berita,Normal / Sedang Transisi,Golden Rebound Fibo 23.6% 🎯,5,WAIT & SEE,TIDAK ADA,2026-09-01 09:00:03,Biasa / Mengikuti Pasar
09:00,ADMG,Transaksi Sepi (Skip Broksum),Small Cap (Lapis 3),Overvalued (Mahal),17.03601,8200.0,246.0,247,220,276,-2.380952380952381,408200,Normal,54,Negatif,Downtrend,Bullish,Bearish MACD,Perfect Uptrend (5>20>50),Normal,Distribusi (Turun),Normal,Dominan Jual (Guyur),Normal,Tinggi,Normal,Rawan Pucuk (High Risk),< 1 Miliar,Di Bawah VWAP (Lemah),Distribusi Pro (Guyuran),Gorengan Sepi (< 5M),Normal (50-150%),Distribution (Fase Jualan),Spesialis Tiang Jemuran (Banting Pucuk),Normal,Turun 2 Hari Beruntun,TP: 264 | CL: 233,Open = High (Tekanan Jual),Menengah (1:1),Netral / Sideways,Netral / Sepi Berita,Normal / Sedang Transisi,Dekat Support Fibo 38.2%,2,WAIT & SEE,TIDAK ADA,2026-09-01 09:00:03,Biasa / Mengikuti Pasar
09:00,ADRO,Token Mati (Perlu Update),Big Cap (Lapis 1),Overvalued (Mahal),7.942723,16705.883,2840.0,2565,2440,2840,6.367041198501873,102100700,Tembus MA20,74,Positif,Uptrend,Bullish,Strong Bullish,Perfect Uptrend (5>20>50),Akumulasi Kuat,Akumulasi (Naik),Normal,Dominan Beli (Hajar Kanan),Breakout Upper,Sedang,Marubozu (Strong Bullish),Rawan Pucuk (High Risk),> 1 Miliar,Di Atas VWAP (Kuat),Akumulasi Pro (Smart Money),Sultan (> 50M/hari),Anomali Tinggi (150-300%),Mark-Up (Fase Pesta),Normal,Normal,Naik 1 Hari Beruntun,TP: 2949 | CL: 2767,Open = Low (Bullish Kuat),Tidak Ideal (< 1:1),Overbought (Jenuh Beli - Rawan),Netral / Sepi Berita,Normal / Sedang Transisi,Mengambang (Jauh dari Fibo),9,BELI,TIDAK ADA,2026-09-01 09:00:03,Biasa / Mengikuti Pasar
09:00,AGII,Token Mati (Perlu Update),Mid Cap (Lapis 2),Overvalued (Mahal),90.909096,2.4218075,2990.0,2921,2710,3220,4.545454545454546,415700,Tembus MA20,56,Positif,Uptrend,Bearish,Strong Bearish,Konsolidasi / Transisi,Akumulasi Kuat,Distribusi (Turun),Normal,Dominan Beli (Hajar Kanan),Normal,Sedang,Marubozu (Strong Bullish),Rawan Pucuk (High Risk),> 1 Miliar,Di Atas VWAP (Kuat),Akumulasi Pro (Smart Money),Gorengan Sepi (< 5M),Anomali Tinggi (150-300%),Mark-Up (Fase Pesta),Normal,Normal,Naik 1 Hari Beruntun,TP: 3122 | CL: 2901,Open = Low (Bullish Kuat),Tidak Ideal (< 1:1),Netral / Sideways,Netral / Sepi Berita,Normal / Sedang Transisi,Dekat Support Fibo 50.0%,6,WAIT & SEE,TIDAK ADA,2026-09-01 09:00:03,Biasa / Mengikuti Pasar
09:00,AGRO,Transaksi Sepi (Skip Broksum),Mid Cap (Lapis 2),Fair Value (Wajar),0.0,1.2436653,147.0,148,142,157,0.684931506849315,5942600,Normal,48,Positif,Downtrend,Bearish,Bearish MACD,Konsolidasi / Transisi,Normal,Akumulasi (Naik),Normal,Dominan Jual (Guyur),Squeeze,Rendah,Normal,Area Tengah,< 1 Miliar,Persis di VWAP,Distribusi Pro (Guyuran),Gorengan Sepi (< 5M),Normal (50-150%),Distribution (Fase Jualan),Normal,Normal,Naik 2 Hari Beruntun,TP: 153 | CL: 142,Normal,Ideal (1:2),Golden Cross (Awal Bullish),Netral / Sepi Berita,Supply Banjir (Distribusi) 🌊,Mendekati Fibo 50.0%,2,WAIT & SEE,TIDAK ADA,2026-09-01 09:00:03,Biasa / Mengikuti Pasar
09:00,AGRS,Transaksi Sepi (Skip Broksum),Mid Cap (Lapis 2),Undervalued (Murah),10.834813,0.4932402,61.0,60,58,67,0.0,9104900,Tembus MA20,50,Negatif,Uptrend,Bearish,Strong Bearish,Konsolidasi / Transisi,Normal,Distribusi (Turun),Normal,Seimbang / Adu Mekanik,Squeeze,Rendah,Doji (Ragu-ragu),Area Tengah,< 1 Miliar,Persis di VWAP,Netral,Gorengan Sepi (< 5M),Normal (50-150%),Mark-Up (Fase Pesta),Normal,Normal,Sideways / Stagnan,TP: 64 | CL: 58,Normal,Ideal (1:2),Netral / Sideways,Netral / Sepi Berita,Normal / Sedang Transisi,Mendekati Fibo 50.0%,2,WAIT & SEE,TIDAK ADA,2026-09-01 09:00:03,Biasa / Mengikuti Pasar
09:00,AHAP,Transaksi Sepi (Skip Broksum),Small Cap (Lapis 3),Fair Value (Wajar),0.0,2.7867033,98.0,96,91,110,2.083333333333333,9449900,Normal,53,Positif,Uptrend,Death Cross,Bearish MACD,Konsolidasi / Transisi,Normal,Distribusi (Turun),Normal,Dominan Beli (Hajar Kanan),Normal,Tinggi,Normal,Area Tengah,< 1 Miliar,Di Atas VWAP (Kuat),Distribusi Pro (Guyuran),Gorengan Sepi (< 5M),Sepi (< 50%),Mark-Up (Fase Pesta),Normal,Normal,Naik 1 Hari Beruntun,TP: 106 | CL: 92,Normal,Ideal (1:2),Golden Cross (Awal Bullish),Netral / Sepi Berita,Normal / Sedang Transisi,Mendekati Fibo 38.2%,4,WAIT & SEE,TIDAK ADA,2026-09-01 09:00:03,Biasa / Mengikuti Pasar
09:00,AIMS,Transaksi Sepi (Skip Broksum),Small Cap (Lapis 3),Overvalued (Mahal),21.658714,311.96912,404.0,389,362,440,7.446808510638298,379900,Tembus MA20,57,Positif,Uptrend,Bearish,Bullish MACD,Strong Downtrend (5<20<50),Normal,Akumulasi (Naik),Normal,Seimbang / Adu Mekanik,Normal,Sedang,Normal,Rawan Pucuk (High Risk),< 1 Miliar,Di Atas VWAP (Kuat),Distribusi Pro (Guyuran),Gorengan Sepi (< 5M),Normal (50-150%),Accumulation (Kumpul Barang),Normal,Normal,Naik 1 Hari Beruntun,TP: 429 | CL: 387,Open = Low (Bullish Kuat),Tidak Ideal (< 1:1),Netral / Sideways,Netral / Sepi Berita,Normal / Sedang Transisi,Mendekati Fibo 50.0%,6,WAIT & SEE,TIDAK ADA,2026-09-01 09:00:03,Biasa / Mengikuti Pasar
09:00,PNSE,Transaksi Sepi (Skip Broksum),Small Cap (Lapis 3),Overvalued (Mahal),0.0,3.3105392,488.0,493,470,535,-3.3663366336633667,13400,Normal,45,Negatif,Downtrend,Bullish,Bullish MACD,Awal Reversal (5>20),Normal,Distribusi (Turun),Normal,Dominan Jual (Guyur),Squeeze,Rendah,Normal,Area Tengah,< 1 Miliar,Di Bawah VWAP (Lemah),Distribusi Pro (Guyuran),Gorengan Sepi (< 5M),Sepi (< 50%),Mark-Down (Fase Runtuh),Spesialis Tiang Jemuran (Banting Pucuk),Normal,Turun 1 Hari Beruntun,TP: 527 | CL: 462,Open = High (Tekanan Jual),Ideal (1:2),Netral / Sideways,Netral / Sepi Berita,Supply Kering (Siap Pump) 🏜️,Golden Rebound Fibo 78.6% 🎯,2,WAIT & SEE,TIDAK ADA,2026-09-01 09:00:03,Biasa / Mengikuti Pasar
09:00,PPRO,Transaksi Sepi (Skip Broksum),Small Cap (Lapis 3),Fair Value (Wajar),0.0,-0.23144466,16.0,16,15,18,0.0,11785900,Normal,45,Negatif,Downtrend,Bearish,Strong Bearish,Strong Downtrend (5<20<50),Normal,Distribusi (Turun),Normal,Dominan Beli (Hajar Kanan),Normal,Tinggi,Doji (Ragu-ragu),Area Tengah,< 1 Miliar,Di Atas VWAP (Kuat),Akumulasi Pro (Smart Money),Gorengan Sepi (< 5M),Sepi (< 50%),Mark-Down (Fase Runtuh),Solid (Jarang Dibanting),Jarum Bawah (Sinyal Pantulan Kuat),Sideways / Stagnan,TP: 17 | CL: 15,Normal,Ideal (1:2),Golden Cross (Awal Bullish),Netral / Sepi Berita,Normal / Sedang Transisi,Mendekati Fibo 50.0%,1,WAIT & SEE,TIDAK ADA,2026-09-01 09:00:03,Biasa / Mengikuti Pasar
