⏳ Memulai pembaruan data saham (Ultimate Diagnostic Mode)...
📥 Mengunduh 962 data saham secara bersamaan (Maks 8 jalur)...
⚡ Memproses teknikal, fundamental, berita & broksum secara Paralel (Safe Mode)...
🧠 Menjalankan Algoritma Machine Learning (Mendeteksi Anomali Bandar)...
✅ Machine Learning selesai mendeteksi anomali!
🗂️ Memecah data historis 5-menitan ke dalam 3 Folder Kelas...
✅ Selesai! Data Web diperbarui & Diarsipkan ke sistem 3 Folder (Arsip_Data_Saham).
🗑️ Membersihkan arsip lama: Arsip_Data_Harian/screener_2026-08-10.csv
🗑️ Membersihkan arsip lama: Arsip_Data_Harian/screener_2026-08-07.csv
[09:05:13] Membangunkan Bot Simulator AI...
✅ Inspeksi 9 Arena selesai.
From https://github.com/ekongh112233-eng/ANALISA-SAHAM
 * branch                main       -> FETCH_HEAD
   0ac74caaf..d8fdb413a  main       -> origin/main
Updating 0ac74caaf..d8fdb413a
Fast-forward
 .vscode/settings.json |   3 ++
 app.py                | 119 +++++++++++++++++++++++++++++++++-----------------
 2 files changed, 81 insertions(+), 41 deletions(-)
 create mode 100644 .vscode/settings.json
fatal: pathspec 'hasil_screener.csv' did not match any files
fatal: pathspec 'portofolio_virtual.csv' did not match any files
fatal: pathspec 'history_trade.csv' did not match any files
fatal: pathspec 'sinyal_ai.csv' did not match any files
[main 793e9395e] Auto-update data, arsip, dan bot simulator
 911 files changed, 911 insertions(+), 84456 deletions(-)
To https://github.com/ekongh112233-eng/ANALISA-SAHAM.git
   d8fdb413a..793e9395e  main -> main
⏳ Memulai pembaruan data saham (Ultimate Diagnostic Mode)...
📥 Mengunduh 962 data saham secara bersamaan (Maks 8 jalur)...
⚡ Memproses teknikal, fundamental, berita & broksum secara Paralel (Safe Mode)...
🧠 Menjalankan Algoritma Machine Learning (Mendeteksi Anomali Bandar)...
✅ Machine Learning selesai mendeteksi anomali!
🗂️ Memecah data historis 5-menitan ke dalam 3 Folder Kelas...
✅ Selesai! Data Web diperbarui & Diarsipkan ke sistem 3 Folder (Arsip_Data_Saham).
[09:10:03] Membangunkan Bot Simulator AI...
✅ Inspeksi 9 Arena selesai.
From https://github.com/ekongh112233-eng/ANALISA-SAHAM
 * branch                main       -> FETCH_HEAD
Already up to date.
fatal: pathspec 'hasil_screener.csv' did not match any files
fatal: pathspec 'portofolio_virtual.csv' did not match any files
fatal: pathspec 'history_trade.csv' did not match any files
fatal: pathspec 'sinyal_ai.csv' did not match any files
[main 32ed81c49] Auto-update data, arsip, dan bot simulator
 911 files changed, 911 insertions(+)
To https://github.com/ekongh112233-eng/ANALISA-SAHAM.git
   793e9395e..32ed81c49  main -> main
⏳ Memulai pembaruan data saham (Ultimate Diagnostic Mode)...
📥 Mengunduh 962 data saham secara bersamaan (Maks 8 jalur)...
⚡ Memproses teknikal, fundamental, berita & broksum secara Paralel (Safe Mode)...
🧠 Menjalankan Algoritma Machine Learning (Mendeteksi Anomali Bandar)...
✅ Machine Learning selesai mendeteksi anomali!
🗂️ Memecah data historis 5-menitan ke dalam 3 Folder Kelas...
✅ Selesai! Data Web diperbarui & Diarsipkan ke sistem 3 Folder (Arsip_Data_Saham).
[09:20:11] Membangunkan Bot Simulator AI...
✅ Inspeksi 9 Arena selesai.
From https://github.com/ekongh112233-eng/ANALISA-SAHAM
 * branch                main       -> FETCH_HEAD
Already up to date.
fatal: pathspec 'hasil_screener.csv' did not match any files
fatal: pathspec 'portofolio_virtual.csv' did not match any files
fatal: pathspec 'history_trade.csv' did not match any files
fatal: pathspec 'sinyal_ai.csv' did not match any files
[main 54c252297] Auto-update data, arsip, dan bot simulator
 911 files changed, 911 insertions(+)
To https://github.com/ekongh112233-eng/ANALISA-SAHAM.git
   32ed81c49..54c252297  main -> main
⏳ Memulai pembaruan data saham (Ultimate Diagnostic Mode)...
📥 Mengunduh 962 data saham secara bersamaan (Maks 8 jalur)...
⚡ Memproses teknikal, fundamental, berita & broksum secara Paralel (Safe Mode)...
🧠 Menjalankan Algoritma Machine Learning (Mendeteksi Anomali Bandar)...
✅ Machine Learning selesai mendeteksi anomali!
🗂️ Memecah data historis 5-menitan ke dalam 3 Folder Kelas...
✅ Selesai! Data Web diperbarui & Diarsipkan ke sistem 3 Folder (Arsip_Data_Saham).
[09:21:15] Membangunkan Bot Simulator AI...
✅ Inspeksi 9 Arena selesai.
From https://github.com/ekongh112233-eng/ANALISA-SAHAM
 * branch                main       -> FETCH_HEAD
Already up to date.
fatal: pathspec 'hasil_screener.csv' did not match any files
fatal: pathspec 'portofolio_virtual.csv' did not match any files
fatal: pathspec 'history_trade.csv' did not match any files
fatal: pathspec 'sinyal_ai.csv' did not match any files
[main 3b34b24a6] Auto-update data, arsip, dan bot simulator
 911 files changed, 911 insertions(+)
To https://github.com/ekongh112233-eng/ANALISA-SAHAM.git
   54c252297..3b34b24a6  main -> main
⏳ Memulai pembaruan data saham (Ultimate Diagnostic Mode)...
📥 Mengunduh 962 data saham secara bersamaan (Maks 8 jalur)...
⚡ Memproses teknikal, fundamental, berita & broksum secara Paralel (Safe Mode)...
🧠 Menjalankan Algoritma Machine Learning (Mendeteksi Anomali Bandar)...
✅ Machine Learning selesai mendeteksi anomali!
🗂️ Memecah data historis 5-menitan ke dalam 3 Folder Kelas...
✅ Selesai! Data Web diperbarui & Diarsipkan ke sistem 3 Folder (Arsip_Data_Saham).
[09:31:02] Membangunkan Bot Simulator AI...
✅ Inspeksi 9 Arena selesai.
From https://github.com/ekongh112233-eng/ANALISA-SAHAM
 * branch                main       -> FETCH_HEAD
Already up to date.
fatal: pathspec 'hasil_screener.csv' did not match any files
fatal: pathspec 'portofolio_virtual.csv' did not match any files
fatal: pathspec 'history_trade.csv' did not match any files
fatal: pathspec 'sinyal_ai.csv' did not match any files
[main 28c6f5abe] Auto-update data, arsip, dan bot simulator
 911 files changed, 911 insertions(+)
To https://github.com/ekongh112233-eng/ANALISA-SAHAM.git
   3b34b24a6..28c6f5abe  main -> main
⏳ Memulai pembaruan data saham (Ultimate Diagnostic Mode)...
📥 Mengunduh 962 data saham secara bersamaan (Maks 8 jalur)...
⚡ Memproses teknikal, fundamental, berita & broksum secara Paralel (Safe Mode)...
🧠 Menjalankan Algoritma Machine Learning (Mendeteksi Anomali Bandar)...
✅ Machine Learning selesai mendeteksi anomali!
🗂️ Memecah data historis 5-menitan ke dalam 3 Folder Kelas...
✅ Selesai! Data Web diperbarui & Diarsipkan ke sistem 3 Folder (Arsip_Data_Saham).
[09:31:12] Membangunkan Bot Simulator AI...
✅ Inspeksi 9 Arena selesai.
From https://github.com/ekongh112233-eng/ANALISA-SAHAM
 * branch                main       -> FETCH_HEAD
Already up to date.
fatal: pathspec 'hasil_screener.csv' did not match any files
fatal: pathspec 'portofolio_virtual.csv' did not match any files
fatal: pathspec 'history_trade.csv' did not match any files
fatal: pathspec 'sinyal_ai.csv' did not match any files
[main b00eb12bf] Auto-update data, arsip, dan bot simulator
 911 files changed, 911 insertions(+)
To https://github.com/ekongh112233-eng/ANALISA-SAHAM.git
   28c6f5abe..b00eb12bf  main -> main
⏳ Memulai pembaruan data saham (Ultimate Diagnostic Mode)...
📥 Mengunduh 962 data saham secara bersamaan (Maks 8 jalur)...
⚡ Memproses teknikal, fundamental, berita & broksum secara Paralel (Safe Mode)...
🧠 Menjalankan Algoritma Machine Learning (Mendeteksi Anomali Bandar)...
✅ Machine Learning selesai mendeteksi anomali!
🗂️ Memecah data historis 5-menitan ke dalam 3 Folder Kelas...
✅ Selesai! Data Web diperbarui & Diarsipkan ke sistem 3 Folder (Arsip_Data_Saham).
⏳ Memulai pembaruan data saham (Ultimate Diagnostic Mode)...
📥 Mengunduh 962 data saham secara bersamaan (Maks 8 jalur)...
⚡ Memproses teknikal, fundamental, berita & broksum secara Paralel (Safe Mode)...
🧠 Menjalankan Algoritma Machine Learning (Mendeteksi Anomali Bandar)...
✅ Machine Learning selesai mendeteksi anomali!
🗂️ Memecah data historis 5-menitan ke dalam 3 Folder Kelas...
✅ Selesai! Data Web diperbarui & Diarsipkan ke sistem 3 Folder (Arsip_Data_Saham).
[09:42:05] Membangunkan Bot Simulator AI...
✅ Inspeksi 9 Arena selesai.
[09:42:06] Membangunkan Bot Simulator AI...
✅ Inspeksi 9 Arena selesai.
From https://github.com/ekongh112233-eng/ANALISA-SAHAM
 * branch                main       -> FETCH_HEAD
Already up to date.
fatal: pathspec 'hasil_screener.csv' did not match any files
fatal: pathspec 'portofolio_virtual.csv' did not match any files
fatal: pathspec 'history_trade.csv' did not match any files
fatal: pathspec 'sinyal_ai.csv' did not match any files
[main 8a1760a80] Auto-update data, arsip, dan bot simulator
 911 files changed, 1822 insertions(+)
From https://github.com/ekongh112233-eng/ANALISA-SAHAM
 * branch            main       -> FETCH_HEAD
warning: fetch updated the current branch head.
fast-forwarding your working tree from
commit b00eb12bfe702347ae4e6e010448b27b14dff214.
error: Your local changes to the following files would be overwritten by merge:
	Arsip_Data_Saham/Kelas_1_Gorengan_50_200/ABBA_arsip.csv
	Arsip_Data_Saham/Kelas_1_Gorengan_50_200/ACRO_arsip.csv
	Arsip_Data_Saham/Kelas_1_Gorengan_50_200/ACST_arsip.csv
	Arsip_Data_Saham/Kelas_1_Gorengan_50_200/ADCP_arsip.csv
	Arsip_Data_Saham/Kelas_1_Gorengan_50_200/ADHI_arsip.csv
	Arsip_Data_Saham/Kelas_1_Gorengan_50_200/AEGS_arsip.csv
	Arsip_Data_Saham/Kelas_1_Gorengan_50_200/AGRO_arsip.csv
	Arsip_Data_Saham/Kelas_1_Gorengan_50_200/AGRS_arsip.csv
	Arsip_Data_Saham/Kelas_1_Gorengan_50_200/AHAP_arsip.csv
	Arsip_Data_Saham/Kelas_1_Gorengan_50_200/AISA_arsip.csv
	Arsip_Data_Saham/Kelas_1_Gorengan_50_200/AKKU_arsip.csv
	Arsip_Data_Saham/Kelas_1_Gorengan_50_200/ALMI_arsip.csv
	Arsip_Data_Saham/Kelas_1_Gorengan_50_200/ALTO_arsip.csv
	Arsip_Data_Saham/Kelas_1_Gorengan_50_200/AMMS_arsip.csv
	Arsip_Data_Saham/Kelas_1_Gorengan_50_200/ANDI_arsip.csv
	Arsip_Data_Saham/Kelas_1_Gorengan_50_200/APEX_arsip.csv
	Arsip_Data_Saham/Kelas_1_Gorengan_50_200/APII_arsip.csv
	Arsip_Data_Saham/Kelas_1_Gorengan_50_200/APLN_arsip.csv
	Arsip_Data_Saham/Kelas_1_Gorengan_50_200/ARKA_arsip.csv
	Arsip_Data_Saham/Kelas_1_Gorengan_50_200/ARTI_arsip.csv
	Arsip_Data_Saham/Kelas_1_Gorengan_50_200/ASHA_arsip.csv
	Arsip_Data_Saham/Kelas_1_Gorengan_50_200/ASJT_arsip.csv
	Arsip_Data_Saham/Kelas_1_Gorengan_50_200/ASLC_arsip.csv
	Arsip_Data_Saham/Kelas_1_Gorengan_50_200/ASMI_arsip.csv
	Arsip_Data_Saham/Kelas_1_Gorengan_50_200/ASPR_arsip.csv
	Arsip_Data_Saham/Kelas_1_Gorengan_50_200/ASRI_arsip.csv
	Arsip_Data_Saham/Kelas_1_Gorengan_50_200/ATLA_arsip.csv
	Arsip_Data_Saham/Kelas_1_Gorengan_50_200/AWAN_arsip.csv
	Arsip_Data_Saham/Kelas_1_Gorengan_50_200/AXIO_arsip.csv
	Arsip_Data_Saham/Kelas_1_Gorengan_50_200/AYLS_arsip.csv
	Arsip_Data_Saham/Kelas_1_Gorengan_50_200/BABP_arsip.csv
	Arsip_Data_Saham/Kelas_1_Gorengan_50_200/BACA_arsip.csv
	Arsip_Data_Saham/Kelas_1_Gorengan_50_200/BAPA_arsip.csv
	Arsip_Data_Saham/Kelas_1_Gorengan_50_200/BAPI_arsip.csv
	Arsip_Data_Saham/Kelas_1_Gorengan_50_200/BATA_arsip.csv
	Arsip_Data_Saham/Kelas_1_Gorengan_50_200/BATR_arsip.csv
	Arsip_Data_Saham/Kelas_1_Gorengan_50_200/BAUT_arsip.csv
	Arsip_Data_Saham/Kelas_1_Gorengan_50_200/BBKP_arsip.csv
	Arsip_Data_Saham/Kelas_1_Gorengan_50_200/BBRM_arsip.csv
	Arsip_Data_Saham/Kelas_1_Gorengan_50_200/BBSS_arsip.csv
	Arsip_Data_Saham/Kelas_1_Gorengan_50_200/BCAP_arsip.csv
	Arsip_Data_Saham/Kelas_1_Gorengan_50_200/BCIC_arsip.csv
	Arsip_Data_Saham/Kelas_1_Gorengan_50_200/BCIP_arsip.csv
	Arsip_Data_Saham/Kelas_1_Gorengan_50_200/BDKR_arsip.csv
	Arsip_Data_Saham/Kelas_1_Gorengan_50_200/BEBS_arsip.csv
	Arsip_Data_Saham/Kelas_1_Gorengan_50_200/BEER_arsip.csv
	Arsip_Data_Saham/Kelas_1_Gorengan_50_200/BEKS_arsip.csv
	Arsip_Data_Saham/Kelas_1_Gorengan_50_200/BELL_arsip.csv
	Arsip_Data_Saham/Kelas_1_Gorengan_50_200/BEST_arsip.csv
	Arsip_Data_Saham/Kelas_1_Gorengan_50_200/BGTG_arsip.csv
	Arsip_Data_Saham/Kelas_1_Gorengan_50_200/BHIT_arsip.csv
	Arsip_Data_Saham/Kelas_1_Gorengan_50_200/BIKA_arsip.csv
	Arsip_Data_Saham/Kelas_1_Gorengan_50_200/BIMA_arsip.csv
	Arsip_Data_Saham/Kelas_1_Gorengan_50_200/BINO_arsip.csv
	Arsip_Data_Saham/Kelas_1_Gorengan_50_200/BIPI_arsip.csv
	Arsip_Data_Saham/Kelas_1_Gorengan_50_200/BIPP_arsip.csv
	Arsip_Data_Saham/Kelas_1_Gorengan_50_200/BKDP_arsip.csv
	Arsip_Data_Saham/Kelas_1_Gorengan_50_200/BKSL_arsip.csv
	Arsip_Data_Saham/Kelas_1_Gorengan_50_200/BKSW_arsip.csv
	Arsip_Data_Saham/Kelas_1_Gorengan_50_200/BLTA_arsip.csv
	Arsip_Data_Saham/Kelas_1_Gorengan_50_200/BMBL_arsip.csv
	Arsip_Data_Saham/Kelas_1_Gorengan_50_200/BMHS_arsip.csv
	Arsip_Data_Saham/Kelas_1_Gorengan_50_200/BMTR_arsip.csv
	Arsip_Data_Saham/Kelas_1_Gorengan_50_200/BNBR_arsip.csv
	Arsip_Data_Saham/Kelas_1_Gorengan_50_200/BNII_arsip.csv
	Arsip_Data_Saham/Kelas_1_Gorengan_50_200/BOAT_arsip.csv
	Arsip_Data_Saham/Kelas_1_Gorengan_50_200/BOLA_arsip.csv
	Arsip_Data_Saham/Kelas_1_Gorengan_50_200/BOSS_arsip.csv
	Arsip_Data_Saham/Kelas_1_Gorengan_50_200/BPTR_arsip.csv
	Arsip_Data_Saham/Kelas_1_Gorengan_50_200/BRRC_arsip.csv
	Arsip_Data_Saham/Kelas_1
Aborting
fatal: Cannot fast-forward your working tree.
After making sure that you saved anything precious from
$ git diff b00eb12bfe702347ae4e6e010448b27b14dff214
output, run
$ git reset --hard
to recover.
fatal: pathspec 'hasil_screener.csv' did not match any files
fatal: pathspec 'portofolio_virtual.csv' did not match any files
fatal: pathspec 'history_trade.csv' did not match any files
fatal: pathspec 'sinyal_ai.csv' did not match any files
On branch main
Your branch is ahead of 'origin/main' by 1 commit.
  (use "git push" to publish your local commits)

Changes not staged for commit:
  (use "git add/rm <file>..." to update what will be committed)
  (use "git restore <file>..." to discard changes in working directory)
	deleted:    Arsip_Data_Harian/screener_2026-08-07.csv
	deleted:    Arsip_Data_Harian/screener_2026-08-10.csv
	modified:   Database/hasil_screener.csv

Untracked files:
  (use "git add <file>..." to include in what will be committed)
	.env
	Arsip_Data_Harian/screener_2026-08-20.csv
	Database/history_trade_rumus_1.csv
	Database/history_trade_rumus_2.csv
	Database/history_trade_rumus_3.csv
	Database/history_trade_rumus_4.csv
	Database/history_trade_rumus_5.csv
	Database/history_trade_rumus_6.csv
	Database/history_trade_rumus_7.csv
	Database/history_trade_rumus_8.csv
	Database/history_trade_rumus_9.csv
	Database/portofolio_virtual_rumus_1.csv
	Database/portofolio_virtual_rumus_2.csv
	Database/portofolio_virtual_rumus_3.csv
	Database/portofolio_virtual_rumus_4.csv
	Database/portofolio_virtual_rumus_5.csv
	Database/portofolio_virtual_rumus_6.csv
	Database/portofolio_virtual_rumus_7.csv
	Database/portofolio_virtual_rumus_8.csv
	Database/portofolio_virtual_rumus_9.csv
	bot.log
	token_stockbit.txt

no changes added to commit (use "git add" and/or "git commit -a")
Tidak ada perubahan
To https://github.com/ekongh112233-eng/ANALISA-SAHAM.git
   b00eb12bf..8a1760a80  main -> main
To https://github.com/ekongh112233-eng/ANALISA-SAHAM.git
 ! [remote rejected]     main -> main (cannot lock ref 'refs/heads/main': is at 8a1760a80e062dd0d3c998bbeef434cf7dc4e4e2 but expected b00eb12bfe702347ae4e6e010448b27b14dff214)
error: failed to push some refs to 'https://github.com/ekongh112233-eng/ANALISA-SAHAM.git'
⏳ Memulai pembaruan data saham (Ultimate Diagnostic Mode)...
📥 Mengunduh 962 data saham secara bersamaan (Maks 8 jalur)...
⚡ Memproses teknikal, fundamental, berita & broksum secara Paralel (Safe Mode)...
🧠 Menjalankan Algoritma Machine Learning (Mendeteksi Anomali Bandar)...
✅ Machine Learning selesai mendeteksi anomali!
🗂️ Memecah data historis 5-menitan ke dalam 3 Folder Kelas...
✅ Selesai! Data Web diperbarui & Diarsipkan ke sistem 3 Folder (Arsip_Data_Saham).
[09:49:59] Membangunkan Bot Simulator AI...
✅ Inspeksi 9 Arena selesai.
From https://github.com/ekongh112233-eng/ANALISA-SAHAM
 * branch                main       -> FETCH_HEAD
Already up to date.
fatal: pathspec 'hasil_screener.csv' did not match any files
fatal: pathspec 'portofolio_virtual.csv' did not match any files
fatal: pathspec 'history_trade.csv' did not match any files
fatal: pathspec 'sinyal_ai.csv' did not match any files
[main 0082e8596] Auto-update data, arsip, dan bot simulator
 911 files changed, 911 insertions(+)
To https://github.com/ekongh112233-eng/ANALISA-SAHAM.git
   8a1760a80..0082e8596  main -> main
⏳ Memulai pembaruan data saham (Ultimate Diagnostic Mode)...
📥 Mengunduh 962 data saham secara bersamaan (Maks 8 jalur)...
⚡ Memproses teknikal, fundamental, berita & broksum secara Paralel (Safe Mode)...
🧠 Menjalankan Algoritma Machine Learning (Mendeteksi Anomali Bandar)...
✅ Machine Learning selesai mendeteksi anomali!
🗂️ Memecah data historis 5-menitan ke dalam 3 Folder Kelas...
✅ Selesai! Data Web diperbarui & Diarsipkan ke sistem 3 Folder (Arsip_Data_Saham).
[09:50:25] Membangunkan Bot Simulator AI...
✅ Inspeksi 9 Arena selesai.
From https://github.com/ekongh112233-eng/ANALISA-SAHAM
 * branch                main       -> FETCH_HEAD
Already up to date.
fatal: pathspec 'hasil_screener.csv' did not match any files
fatal: pathspec 'portofolio_virtual.csv' did not match any files
fatal: pathspec 'history_trade.csv' did not match any files
fatal: pathspec 'sinyal_ai.csv' did not match any files
[main 10b047726] Auto-update data, arsip, dan bot simulator
 911 files changed, 911 insertions(+)
To https://github.com/ekongh112233-eng/ANALISA-SAHAM.git
   0082e8596..10b047726  main -> main
⏳ Memulai pembaruan data saham (Ultimate Diagnostic Mode)...
📥 Mengunduh 962 data saham secara bersamaan (Maks 8 jalur)...
⚡ Memproses teknikal, fundamental, berita & broksum secara Paralel (Safe Mode)...
🧠 Menjalankan Algoritma Machine Learning (Mendeteksi Anomali Bandar)...
✅ Machine Learning selesai mendeteksi anomali!
🗂️ Memecah data historis 5-menitan ke dalam 3 Folder Kelas...
✅ Selesai! Data Web diperbarui & Diarsipkan ke sistem 3 Folder (Arsip_Data_Saham).
[10:00:46] Membangunkan Bot Simulator AI...
✅ Inspeksi 9 Arena selesai.
From https://github.com/ekongh112233-eng/ANALISA-SAHAM
 * branch                main       -> FETCH_HEAD
Already up to date.
fatal: pathspec 'hasil_screener.csv' did not match any files
fatal: pathspec 'portofolio_virtual.csv' did not match any files
fatal: pathspec 'history_trade.csv' did not match any files
fatal: pathspec 'sinyal_ai.csv' did not match any files
[main ede475fa3] Auto-update data, arsip, dan bot simulator
 911 files changed, 911 insertions(+)
To https://github.com/ekongh112233-eng/ANALISA-SAHAM.git
   10b047726..ede475fa3  main -> main
⏳ Memulai pembaruan data saham (Ultimate Diagnostic Mode)...
📥 Mengunduh 962 data saham secara bersamaan (Maks 8 jalur)...
⚡ Memproses teknikal, fundamental, berita & broksum secara Paralel (Safe Mode)...
🧠 Menjalankan Algoritma Machine Learning (Mendeteksi Anomali Bandar)...
✅ Machine Learning selesai mendeteksi anomali!
🗂️ Memecah data historis 5-menitan ke dalam 3 Folder Kelas...
✅ Selesai! Data Web diperbarui & Diarsipkan ke sistem 3 Folder (Arsip_Data_Saham).
[10:01:11] Membangunkan Bot Simulator AI...
✅ Inspeksi 9 Arena selesai.
From https://github.com/ekongh112233-eng/ANALISA-SAHAM
 * branch                main       -> FETCH_HEAD
Already up to date.
fatal: pathspec 'hasil_screener.csv' did not match any files
fatal: pathspec 'portofolio_virtual.csv' did not match any files
fatal: pathspec 'history_trade.csv' did not match any files
fatal: pathspec 'sinyal_ai.csv' did not match any files
[main a1043a951] Auto-update data, arsip, dan bot simulator
 911 files changed, 911 insertions(+)
To https://github.com/ekongh112233-eng/ANALISA-SAHAM.git
   ede475fa3..a1043a951  main -> main
⏳ Memulai pembaruan data saham (Ultimate Diagnostic Mode)...
📥 Mengunduh 962 data saham secara bersamaan (Maks 8 jalur)...
⚡ Memproses teknikal, fundamental, berita & broksum secara Paralel (Safe Mode)...
🧠 Menjalankan Algoritma Machine Learning (Mendeteksi Anomali Bandar)...
✅ Machine Learning selesai mendeteksi anomali!
🗂️ Memecah data historis 5-menitan ke dalam 3 Folder Kelas...
✅ Selesai! Data Web diperbarui & Diarsipkan ke sistem 3 Folder (Arsip_Data_Saham).
⏳ Memulai pembaruan data saham (Ultimate Diagnostic Mode)...
📥 Mengunduh 962 data saham secara bersamaan (Maks 8 jalur)...
⚡ Memproses teknikal, fundamental, berita & broksum secara Paralel (Safe Mode)...
🧠 Menjalankan Algoritma Machine Learning (Mendeteksi Anomali Bandar)...
✅ Machine Learning selesai mendeteksi anomali!
🗂️ Memecah data historis 5-menitan ke dalam 3 Folder Kelas...
✅ Selesai! Data Web diperbarui & Diarsipkan ke sistem 3 Folder (Arsip_Data_Saham).
[10:12:02] Membangunkan Bot Simulator AI...
✅ Inspeksi 9 Arena selesai.
[10:12:02] Membangunkan Bot Simulator AI...
✅ Inspeksi 9 Arena selesai.
From https://github.com/ekongh112233-eng/ANALISA-SAHAM
 * branch                main       -> FETCH_HEAD
From https://github.com/ekongh112233-eng/ANALISA-SAHAM
 * branch                main       -> FETCH_HEAD
Already up to date.
fatal: pathspec 'hasil_screener.csv' did not match any files
Already up to date.
fatal: Unable to create '/home/kaltaraid/Documents/ANALISA-SAHAM/.git/index.lock': File exists.

Another git process seems to be running in this repository, or the lock file may be stale
fatal: Unable to create '/home/kaltaraid/Documents/ANALISA-SAHAM/.git/index.lock': File exists.

Another git process seems to be running in this repository, or the lock file may be stale
fatal: Unable to create '/home/kaltaraid/Documents/ANALISA-SAHAM/.git/index.lock': File exists.

Another git process seems to be running in this repository, or the lock file may be stale
fatal: Unable to create '/home/kaltaraid/Documents/ANALISA-SAHAM/.git/index.lock': File exists.

Another git process seems to be running in this repository, or the lock file may be stale
fatal: Unable to create '/home/kaltaraid/Documents/ANALISA-SAHAM/.git/index.lock': File exists.

Another git process seems to be running in this repository, or the lock file may be stale
fatal: Unable to create '/home/kaltaraid/Documents/ANALISA-SAHAM/.git/index.lock': File exists.

Another git process seems to be running in this repository, or the lock file may be stale
Tidak ada perubahan
fatal: pathspec 'portofolio_virtual.csv' did not match any files
fatal: pathspec 'history_trade.csv' did not match any files
fatal: pathspec 'sinyal_ai.csv' did not match any files
[main 2b26c21c9] Auto-update data, arsip, dan bot simulator
 911 files changed, 1822 insertions(+)
Everything up-to-date
To https://github.com/ekongh112233-eng/ANALISA-SAHAM.git
   a1043a951..2b26c21c9  main -> main
⏳ Memulai pembaruan data saham (Ultimate Diagnostic Mode)...
📥 Mengunduh 962 data saham secara bersamaan (Maks 8 jalur)...
⚡ Memproses teknikal, fundamental, berita & broksum secara Paralel (Safe Mode)...
🧠 Menjalankan Algoritma Machine Learning (Mendeteksi Anomali Bandar)...
✅ Machine Learning selesai mendeteksi anomali!
🗂️ Memecah data historis 5-menitan ke dalam 3 Folder Kelas...
✅ Selesai! Data Web diperbarui & Diarsipkan ke sistem 3 Folder (Arsip_Data_Saham).
[10:19:59] Membangunkan Bot Simulator AI...
✅ Inspeksi 9 Arena selesai.
From https://github.com/ekongh112233-eng/ANALISA-SAHAM
 * branch                main       -> FETCH_HEAD
Already up to date.
fatal: pathspec 'hasil_screener.csv' did not match any files
fatal: pathspec 'portofolio_virtual.csv' did not match any files
fatal: pathspec 'history_trade.csv' did not match any files
fatal: pathspec 'sinyal_ai.csv' did not match any files
[main 89a208a11] Auto-update data, arsip, dan bot simulator
 911 files changed, 911 insertions(+), 4 deletions(-)
To https://github.com/ekongh112233-eng/ANALISA-SAHAM.git
   2b26c21c9..89a208a11  main -> main
⏳ Memulai pembaruan data saham (Ultimate Diagnostic Mode)...
📥 Mengunduh 962 data saham secara bersamaan (Maks 8 jalur)...
⚡ Memproses teknikal, fundamental, berita & broksum secara Paralel (Safe Mode)...
🧠 Menjalankan Algoritma Machine Learning (Mendeteksi Anomali Bandar)...
✅ Machine Learning selesai mendeteksi anomali!
🗂️ Memecah data historis 5-menitan ke dalam 3 Folder Kelas...
✅ Selesai! Data Web diperbarui & Diarsipkan ke sistem 3 Folder (Arsip_Data_Saham).
[10:22:07] Membangunkan Bot Simulator AI...
✅ Inspeksi 9 Arena selesai.
From https://github.com/ekongh112233-eng/ANALISA-SAHAM
 * branch                main       -> FETCH_HEAD
Already up to date.
fatal: pathspec 'hasil_screener.csv' did not match any files
fatal: pathspec 'portofolio_virtual.csv' did not match any files
fatal: pathspec 'history_trade.csv' did not match any files
fatal: pathspec 'sinyal_ai.csv' did not match any files
[main 450ace0b5] Auto-update data, arsip, dan bot simulator
 911 files changed, 911 insertions(+)
To https://github.com/ekongh112233-eng/ANALISA-SAHAM.git
   89a208a11..450ace0b5  main -> main
⏳ Memulai pembaruan data saham (Ultimate Diagnostic Mode)...
📥 Mengunduh 962 data saham secara bersamaan (Maks 8 jalur)...
⚡ Memproses teknikal, fundamental, berita & broksum secara Paralel (Safe Mode)...
🧠 Menjalankan Algoritma Machine Learning (Mendeteksi Anomali Bandar)...
✅ Machine Learning selesai mendeteksi anomali!
🗂️ Memecah data historis 5-menitan ke dalam 3 Folder Kelas...
✅ Selesai! Data Web diperbarui & Diarsipkan ke sistem 3 Folder (Arsip_Data_Saham).
[10:30:00] Membangunkan Bot Simulator AI...
✅ Inspeksi 9 Arena selesai.
From https://github.com/ekongh112233-eng/ANALISA-SAHAM
 * branch                main       -> FETCH_HEAD
Already up to date.
fatal: pathspec 'hasil_screener.csv' did not match any files
fatal: pathspec 'portofolio_virtual.csv' did not match any files
fatal: pathspec 'history_trade.csv' did not match any files
fatal: pathspec 'sinyal_ai.csv' did not match any files
[main e19b975c4] Auto-update data, arsip, dan bot simulator
 911 files changed, 911 insertions(+)
To https://github.com/ekongh112233-eng/ANALISA-SAHAM.git
   450ace0b5..e19b975c4  main -> main
⏳ Memulai pembaruan data saham (Ultimate Diagnostic Mode)...
📥 Mengunduh 962 data saham secara bersamaan (Maks 8 jalur)...
⚡ Memproses teknikal, fundamental, berita & broksum secara Paralel (Safe Mode)...
🧠 Menjalankan Algoritma Machine Learning (Mendeteksi Anomali Bandar)...
✅ Machine Learning selesai mendeteksi anomali!
🗂️ Memecah data historis 5-menitan ke dalam 3 Folder Kelas...
✅ Selesai! Data Web diperbarui & Diarsipkan ke sistem 3 Folder (Arsip_Data_Saham).
[10:30:16] Membangunkan Bot Simulator AI...
✅ Inspeksi 9 Arena selesai.
From https://github.com/ekongh112233-eng/ANALISA-SAHAM
 * branch                main       -> FETCH_HEAD
Already up to date.
fatal: pathspec 'hasil_screener.csv' did not match any files
fatal: pathspec 'portofolio_virtual.csv' did not match any files
fatal: pathspec 'history_trade.csv' did not match any files
fatal: pathspec 'sinyal_ai.csv' did not match any files
[main cdaf18635] Auto-update data, arsip, dan bot simulator
 911 files changed, 911 insertions(+)
To https://github.com/ekongh112233-eng/ANALISA-SAHAM.git
   e19b975c4..cdaf18635  main -> main
⏳ Memulai pembaruan data saham (Ultimate Diagnostic Mode)...
📥 Mengunduh 962 data saham secara bersamaan (Maks 8 jalur)...
⚡ Memproses teknikal, fundamental, berita & broksum secara Paralel (Safe Mode)...
🧠 Menjalankan Algoritma Machine Learning (Mendeteksi Anomali Bandar)...
✅ Machine Learning selesai mendeteksi anomali!
🗂️ Memecah data historis 5-menitan ke dalam 3 Folder Kelas...
✅ Selesai! Data Web diperbarui & Diarsipkan ke sistem 3 Folder (Arsip_Data_Saham).
[10:39:59] Membangunkan Bot Simulator AI...
✅ Inspeksi 9 Arena selesai.
From https://github.com/ekongh112233-eng/ANALISA-SAHAM
 * branch                main       -> FETCH_HEAD
Already up to date.
fatal: pathspec 'hasil_screener.csv' did not match any files
fatal: pathspec 'portofolio_virtual.csv' did not match any files
fatal: pathspec 'history_trade.csv' did not match any files
fatal: pathspec 'sinyal_ai.csv' did not match any files
[main dddf75373] Auto-update data, arsip, dan bot simulator
 911 files changed, 911 insertions(+)
To https://github.com/ekongh112233-eng/ANALISA-SAHAM.git
   cdaf18635..dddf75373  main -> main
⏳ Memulai pembaruan data saham (Ultimate Diagnostic Mode)...
📥 Mengunduh 962 data saham secara bersamaan (Maks 8 jalur)...
⚡ Memproses teknikal, fundamental, berita & broksum secara Paralel (Safe Mode)...
🧠 Menjalankan Algoritma Machine Learning (Mendeteksi Anomali Bandar)...
✅ Machine Learning selesai mendeteksi anomali!
🗂️ Memecah data historis 5-menitan ke dalam 3 Folder Kelas...
✅ Selesai! Data Web diperbarui & Diarsipkan ke sistem 3 Folder (Arsip_Data_Saham).
[10:40:23] Membangunkan Bot Simulator AI...
✅ Inspeksi 9 Arena selesai.
From https://github.com/ekongh112233-eng/ANALISA-SAHAM
 * branch                  main       -> FETCH_HEAD
Already up to date.
fatal: pathspec 'hasil_screener.csv' did not match any files
fatal: pathspec 'portofolio_virtual.csv' did not match any files
fatal: pathspec 'history_trade.csv' did not match any files
fatal: pathspec 'sinyal_ai.csv' did not match any files
[main c9d8cf0714] Auto-update data, arsip, dan bot simulator
 911 files changed, 911 insertions(+)
To https://github.com/ekongh112233-eng/ANALISA-SAHAM.git
   dddf753737..c9d8cf0714  main -> main
⏳ Memulai pembaruan data saham (Ultimate Diagnostic Mode)...
📥 Mengunduh 962 data saham secara bersamaan (Maks 8 jalur)...
⚡ Memproses teknikal, fundamental, berita & broksum secara Paralel (Safe Mode)...
🧠 Menjalankan Algoritma Machine Learning (Mendeteksi Anomali Bandar)...
✅ Machine Learning selesai mendeteksi anomali!
🗂️ Memecah data historis 5-menitan ke dalam 3 Folder Kelas...
✅ Selesai! Data Web diperbarui & Diarsipkan ke sistem 3 Folder (Arsip_Data_Saham).
[10:50:46] Membangunkan Bot Simulator AI...
✅ Inspeksi 9 Arena selesai.
From https://github.com/ekongh112233-eng/ANALISA-SAHAM
 * branch                  main       -> FETCH_HEAD
Already up to date.
fatal: pathspec 'hasil_screener.csv' did not match any files
fatal: pathspec 'portofolio_virtual.csv' did not match any files
fatal: pathspec 'history_trade.csv' did not match any files
fatal: pathspec 'sinyal_ai.csv' did not match any files
[main 81aa4bf858] Auto-update data, arsip, dan bot simulator
 911 files changed, 911 insertions(+)
To https://github.com/ekongh112233-eng/ANALISA-SAHAM.git
   c9d8cf0714..81aa4bf858  main -> main
⏳ Memulai pembaruan data saham (Ultimate Diagnostic Mode)...
📥 Mengunduh 962 data saham secara bersamaan (Maks 8 jalur)...
⚡ Memproses teknikal, fundamental, berita & broksum secara Paralel (Safe Mode)...
🧠 Menjalankan Algoritma Machine Learning (Mendeteksi Anomali Bandar)...
✅ Machine Learning selesai mendeteksi anomali!
🗂️ Memecah data historis 5-menitan ke dalam 3 Folder Kelas...
✅ Selesai! Data Web diperbarui & Diarsipkan ke sistem 3 Folder (Arsip_Data_Saham).
[10:51:04] Membangunkan Bot Simulator AI...
✅ Inspeksi 9 Arena selesai.
From https://github.com/ekongh112233-eng/ANALISA-SAHAM
 * branch                  main       -> FETCH_HEAD
Already up to date.
fatal: pathspec 'hasil_screener.csv' did not match any files
fatal: pathspec 'portofolio_virtual.csv' did not match any files
fatal: pathspec 'history_trade.csv' did not match any files
fatal: pathspec 'sinyal_ai.csv' did not match any files
[main 5250255b81] Auto-update data, arsip, dan bot simulator
 911 files changed, 911 insertions(+)
To https://github.com/ekongh112233-eng/ANALISA-SAHAM.git
   81aa4bf858..5250255b81  main -> main
⏳ Memulai pembaruan data saham (Ultimate Diagnostic Mode)...
📥 Mengunduh 962 data saham secara bersamaan (Maks 8 jalur)...
⚡ Memproses teknikal, fundamental, berita & broksum secara Paralel (Safe Mode)...
🧠 Menjalankan Algoritma Machine Learning (Mendeteksi Anomali Bandar)...
✅ Machine Learning selesai mendeteksi anomali!
🗂️ Memecah data historis 5-menitan ke dalam 3 Folder Kelas...
✅ Selesai! Data Web diperbarui & Diarsipkan ke sistem 3 Folder (Arsip_Data_Saham).
[10:59:57] Membangunkan Bot Simulator AI...
✅ Inspeksi 9 Arena selesai.
From https://github.com/ekongh112233-eng/ANALISA-SAHAM
 * branch                  main       -> FETCH_HEAD
Already up to date.
fatal: pathspec 'hasil_screener.csv' did not match any files
fatal: pathspec 'portofolio_virtual.csv' did not match any files
fatal: pathspec 'history_trade.csv' did not match any files
fatal: pathspec 'sinyal_ai.csv' did not match any files
[main b125450950] Auto-update data, arsip, dan bot simulator
 911 files changed, 911 insertions(+), 6 deletions(-)
To https://github.com/ekongh112233-eng/ANALISA-SAHAM.git
   5250255b81..b125450950  main -> main
⏳ Memulai pembaruan data saham (Ultimate Diagnostic Mode)...
📥 Mengunduh 962 data saham secara bersamaan (Maks 8 jalur)...
⚡ Memproses teknikal, fundamental, berita & broksum secara Paralel (Safe Mode)...
🧠 Menjalankan Algoritma Machine Learning (Mendeteksi Anomali Bandar)...
✅ Machine Learning selesai mendeteksi anomali!
🗂️ Memecah data historis 5-menitan ke dalam 3 Folder Kelas...
✅ Selesai! Data Web diperbarui & Diarsipkan ke sistem 3 Folder (Arsip_Data_Saham).
[11:00:13] Membangunkan Bot Simulator AI...
✅ Inspeksi 9 Arena selesai.
From https://github.com/ekongh112233-eng/ANALISA-SAHAM
 * branch                  main       -> FETCH_HEAD
Already up to date.
fatal: pathspec 'hasil_screener.csv' did not match any files
fatal: pathspec 'portofolio_virtual.csv' did not match any files
fatal: pathspec 'history_trade.csv' did not match any files
fatal: pathspec 'sinyal_ai.csv' did not match any files
[main 40426d1] Auto-update data, arsip, dan bot simulator
 911 files changed, 911 insertions(+)
To https://github.com/ekongh112233-eng/ANALISA-SAHAM.git
   b12545095..40426d132  main -> main
⏳ Memulai pembaruan data saham (Ultimate Diagnostic Mode)...
📥 Mengunduh 962 data saham secara bersamaan (Maks 8 jalur)...
⚡ Memproses teknikal, fundamental, berita & broksum secara Paralel (Safe Mode)...
🧠 Menjalankan Algoritma Machine Learning (Mendeteksi Anomali Bandar)...
✅ Machine Learning selesai mendeteksi anomali!
🗂️ Memecah data historis 5-menitan ke dalam 3 Folder Kelas...
✅ Selesai! Data Web diperbarui & Diarsipkan ke sistem 3 Folder (Arsip_Data_Saham).
[11:10:55] Membangunkan Bot Simulator AI...
✅ Inspeksi 9 Arena selesai.
From https://github.com/ekongh112233-eng/ANALISA-SAHAM
 * branch                main       -> FETCH_HEAD
Already up to date.
fatal: pathspec 'hasil_screener.csv' did not match any files
fatal: pathspec 'portofolio_virtual.csv' did not match any files
fatal: pathspec 'history_trade.csv' did not match any files
fatal: pathspec 'sinyal_ai.csv' did not match any files
[main 5d1d54d3d] Auto-update data, arsip, dan bot simulator
 911 files changed, 911 insertions(+), 31 deletions(-)
To https://github.com/ekongh112233-eng/ANALISA-SAHAM.git
   40426d132..5d1d54d3d  main -> main
⏳ Memulai pembaruan data saham (Ultimate Diagnostic Mode)...
📥 Mengunduh 962 data saham secara bersamaan (Maks 8 jalur)...
⚡ Memproses teknikal, fundamental, berita & broksum secara Paralel (Safe Mode)...
🧠 Menjalankan Algoritma Machine Learning (Mendeteksi Anomali Bandar)...
✅ Machine Learning selesai mendeteksi anomali!
🗂️ Memecah data historis 5-menitan ke dalam 3 Folder Kelas...
✅ Selesai! Data Web diperbarui & Diarsipkan ke sistem 3 Folder (Arsip_Data_Saham).
[11:11:13] Membangunkan Bot Simulator AI...
✅ Inspeksi 9 Arena selesai.
From https://github.com/ekongh112233-eng/ANALISA-SAHAM
 * branch                main       -> FETCH_HEAD
Already up to date.
fatal: pathspec 'hasil_screener.csv' did not match any files
fatal: pathspec 'portofolio_virtual.csv' did not match any files
fatal: pathspec 'history_trade.csv' did not match any files
fatal: pathspec 'sinyal_ai.csv' did not match any files
[main 932ca6666] Auto-update data, arsip, dan bot simulator
 911 files changed, 911 insertions(+)
To https://github.com/ekongh112233-eng/ANALISA-SAHAM.git
   5d1d54d3d..932ca6666  main -> main
⏳ Memulai pembaruan data saham (Ultimate Diagnostic Mode)...
📥 Mengunduh 962 data saham secara bersamaan (Maks 8 jalur)...
⚡ Memproses teknikal, fundamental, berita & broksum secara Paralel (Safe Mode)...
🧠 Menjalankan Algoritma Machine Learning (Mendeteksi Anomali Bandar)...
✅ Machine Learning selesai mendeteksi anomali!
🗂️ Memecah data historis 5-menitan ke dalam 3 Folder Kelas...
✅ Selesai! Data Web diperbarui & Diarsipkan ke sistem 3 Folder (Arsip_Data_Saham).
[11:20:02] Membangunkan Bot Simulator AI...
✅ Inspeksi 9 Arena selesai.
From https://github.com/ekongh112233-eng/ANALISA-SAHAM
 * branch                main       -> FETCH_HEAD
Already up to date.
fatal: pathspec 'hasil_screener.csv' did not match any files
fatal: pathspec 'portofolio_virtual.csv' did not match any files
fatal: pathspec 'history_trade.csv' did not match any files
fatal: pathspec 'sinyal_ai.csv' did not match any files
[main 897c37565] Auto-update data, arsip, dan bot simulator
 911 files changed, 911 insertions(+)
To https://github.com/ekongh112233-eng/ANALISA-SAHAM.git
   932ca6666..897c37565  main -> main
⏳ Memulai pembaruan data saham (Ultimate Diagnostic Mode)...
📥 Mengunduh 962 data saham secara bersamaan (Maks 8 jalur)...
⚡ Memproses teknikal, fundamental, berita & broksum secara Paralel (Safe Mode)...
🧠 Menjalankan Algoritma Machine Learning (Mendeteksi Anomali Bandar)...
✅ Machine Learning selesai mendeteksi anomali!
🗂️ Memecah data historis 5-menitan ke dalam 3 Folder Kelas...
✅ Selesai! Data Web diperbarui & Diarsipkan ke sistem 3 Folder (Arsip_Data_Saham).
[11:20:15] Membangunkan Bot Simulator AI...
✅ Inspeksi 9 Arena selesai.
From https://github.com/ekongh112233-eng/ANALISA-SAHAM
 * branch                main       -> FETCH_HEAD
Already up to date.
fatal: pathspec 'hasil_screener.csv' did not match any files
fatal: pathspec 'portofolio_virtual.csv' did not match any files
fatal: pathspec 'history_trade.csv' did not match any files
fatal: pathspec 'sinyal_ai.csv' did not match any files
[main 24540ea73] Auto-update data, arsip, dan bot simulator
 911 files changed, 911 insertions(+)
To https://github.com/ekongh112233-eng/ANALISA-SAHAM.git
   897c37565..24540ea73  main -> main
⏳ Memulai pembaruan data saham (Ultimate Diagnostic Mode)...
📥 Mengunduh 962 data saham secara bersamaan (Maks 8 jalur)...
⚡ Memproses teknikal, fundamental, berita & broksum secara Paralel (Safe Mode)...
🧠 Menjalankan Algoritma Machine Learning (Mendeteksi Anomali Bandar)...
✅ Machine Learning selesai mendeteksi anomali!
🗂️ Memecah data historis 5-menitan ke dalam 3 Folder Kelas...
✅ Selesai! Data Web diperbarui & Diarsipkan ke sistem 3 Folder (Arsip_Data_Saham).
[11:30:41] Membangunkan Bot Simulator AI...
✅ Inspeksi 9 Arena selesai.
From https://github.com/ekongh112233-eng/ANALISA-SAHAM
 * branch                main       -> FETCH_HEAD
Already up to date.
fatal: pathspec 'hasil_screener.csv' did not match any files
fatal: pathspec 'portofolio_virtual.csv' did not match any files
fatal: pathspec 'history_trade.csv' did not match any files
fatal: pathspec 'sinyal_ai.csv' did not match any files
[main aed49c20a] Auto-update data, arsip, dan bot simulator
 911 files changed, 911 insertions(+)
To https://github.com/ekongh112233-eng/ANALISA-SAHAM.git
   24540ea73..aed49c20a  main -> main
⏳ Memulai pembaruan data saham (Ultimate Diagnostic Mode)...
📥 Mengunduh 962 data saham secara bersamaan (Maks 8 jalur)...
⚡ Memproses teknikal, fundamental, berita & broksum secara Paralel (Safe Mode)...
🧠 Menjalankan Algoritma Machine Learning (Mendeteksi Anomali Bandar)...
✅ Machine Learning selesai mendeteksi anomali!
🗂️ Memecah data historis 5-menitan ke dalam 3 Folder Kelas...
✅ Selesai! Data Web diperbarui & Diarsipkan ke sistem 3 Folder (Arsip_Data_Saham).
[11:31:05] Membangunkan Bot Simulator AI...
✅ Inspeksi 9 Arena selesai.
From https://github.com/ekongh112233-eng/ANALISA-SAHAM
 * branch                main       -> FETCH_HEAD
Already up to date.
fatal: pathspec 'hasil_screener.csv' did not match any files
fatal: pathspec 'portofolio_virtual.csv' did not match any files
fatal: pathspec 'history_trade.csv' did not match any files
fatal: pathspec 'sinyal_ai.csv' did not match any files
[main 511ebce47] Auto-update data, arsip, dan bot simulator
 911 files changed, 911 insertions(+)
To https://github.com/ekongh112233-eng/ANALISA-SAHAM.git
   aed49c20a..511ebce47  main -> main
⏳ Memulai pembaruan data saham (Ultimate Diagnostic Mode)...
📥 Mengunduh 962 data saham secara bersamaan (Maks 8 jalur)...
⚡ Memproses teknikal, fundamental, berita & broksum secara Paralel (Safe Mode)...
🧠 Menjalankan Algoritma Machine Learning (Mendeteksi Anomali Bandar)...
✅ Machine Learning selesai mendeteksi anomali!
🗂️ Memecah data historis 5-menitan ke dalam 3 Folder Kelas...
✅ Selesai! Data Web diperbarui & Diarsipkan ke sistem 3 Folder (Arsip_Data_Saham).
[11:40:46] Membangunkan Bot Simulator AI...
✅ Inspeksi 9 Arena selesai.
From https://github.com/ekongh112233-eng/ANALISA-SAHAM
 * branch                main       -> FETCH_HEAD
Already up to date.
fatal: pathspec 'hasil_screener.csv' did not match any files
fatal: pathspec 'portofolio_virtual.csv' did not match any files
fatal: pathspec 'history_trade.csv' did not match any files
fatal: pathspec 'sinyal_ai.csv' did not match any files
[main 77a3ec077] Auto-update data, arsip, dan bot simulator
 911 files changed, 911 insertions(+)
To https://github.com/ekongh112233-eng/ANALISA-SAHAM.git
   511ebce47..77a3ec077  main -> main
⏳ Memulai pembaruan data saham (Ultimate Diagnostic Mode)...
📥 Mengunduh 962 data saham secara bersamaan (Maks 8 jalur)...
⚡ Memproses teknikal, fundamental, berita & broksum secara Paralel (Safe Mode)...
🧠 Menjalankan Algoritma Machine Learning (Mendeteksi Anomali Bandar)...
✅ Machine Learning selesai mendeteksi anomali!
🗂️ Memecah data historis 5-menitan ke dalam 3 Folder Kelas...
✅ Selesai! Data Web diperbarui & Diarsipkan ke sistem 3 Folder (Arsip_Data_Saham).
[11:41:23] Membangunkan Bot Simulator AI...
✅ Inspeksi 9 Arena selesai.
From https://github.com/ekongh112233-eng/ANALISA-SAHAM
 * branch                main       -> FETCH_HEAD
Already up to date.
fatal: pathspec 'hasil_screener.csv' did not match any files
fatal: pathspec 'portofolio_virtual.csv' did not match any files
fatal: pathspec 'history_trade.csv' did not match any files
fatal: pathspec 'sinyal_ai.csv' did not match any files
[main b3f8d2aac] Auto-update data, arsip, dan bot simulator
 911 files changed, 912 insertions(+)
 create mode 100644 Arsip_Data_Saham/Kelas_2_Midcap_201_1000/KOKA_arsip.csv
To https://github.com/ekongh112233-eng/ANALISA-SAHAM.git
   77a3ec077..b3f8d2aac  main -> main
⏳ Memulai pembaruan data saham (Ultimate Diagnostic Mode)...
📥 Mengunduh 962 data saham secara bersamaan (Maks 8 jalur)...
⚡ Memproses teknikal, fundamental, berita & broksum secara Paralel (Safe Mode)...
🧠 Menjalankan Algoritma Machine Learning (Mendeteksi Anomali Bandar)...
✅ Machine Learning selesai mendeteksi anomali!
🗂️ Memecah data historis 5-menitan ke dalam 3 Folder Kelas...
✅ Selesai! Data Web diperbarui & Diarsipkan ke sistem 3 Folder (Arsip_Data_Saham).
[11:50:00] Membangunkan Bot Simulator AI...
✅ Inspeksi 9 Arena selesai.
From https://github.com/ekongh112233-eng/ANALISA-SAHAM
 * branch                main       -> FETCH_HEAD
Already up to date.
fatal: pathspec 'hasil_screener.csv' did not match any files
fatal: pathspec 'portofolio_virtual.csv' did not match any files
fatal: pathspec 'history_trade.csv' did not match any files
fatal: pathspec 'sinyal_ai.csv' did not match any files
[main 0745db487] Auto-update data, arsip, dan bot simulator
 911 files changed, 911 insertions(+)
To https://github.com/ekongh112233-eng/ANALISA-SAHAM.git
   b3f8d2aac..0745db487  main -> main
⏳ Memulai pembaruan data saham (Ultimate Diagnostic Mode)...
📥 Mengunduh 962 data saham secara bersamaan (Maks 8 jalur)...
⚡ Memproses teknikal, fundamental, berita & broksum secara Paralel (Safe Mode)...
🧠 Menjalankan Algoritma Machine Learning (Mendeteksi Anomali Bandar)...
✅ Machine Learning selesai mendeteksi anomali!
🗂️ Memecah data historis 5-menitan ke dalam 3 Folder Kelas...
✅ Selesai! Data Web diperbarui & Diarsipkan ke sistem 3 Folder (Arsip_Data_Saham).
[11:50:15] Membangunkan Bot Simulator AI...
✅ Inspeksi 9 Arena selesai.
From https://github.com/ekongh112233-eng/ANALISA-SAHAM
 * branch                main       -> FETCH_HEAD
Already up to date.
fatal: pathspec 'hasil_screener.csv' did not match any files
fatal: pathspec 'portofolio_virtual.csv' did not match any files
fatal: pathspec 'history_trade.csv' did not match any files
fatal: pathspec 'sinyal_ai.csv' did not match any files
[main 7df6328b9] Auto-update data, arsip, dan bot simulator
 911 files changed, 911 insertions(+)
To https://github.com/ekongh112233-eng/ANALISA-SAHAM.git
   0745db487..7df6328b9  main -> main
⏳ Memulai pembaruan data saham (Ultimate Diagnostic Mode)...
📥 Mengunduh 962 data saham secara bersamaan (Maks 8 jalur)...
⚡ Memproses teknikal, fundamental, berita & broksum secara Paralel (Safe Mode)...
🧠 Menjalankan Algoritma Machine Learning (Mendeteksi Anomali Bandar)...
✅ Machine Learning selesai mendeteksi anomali!
🗂️ Memecah data historis 5-menitan ke dalam 3 Folder Kelas...
✅ Selesai! Data Web diperbarui & Diarsipkan ke sistem 3 Folder (Arsip_Data_Saham).
[12:00:01] Membangunkan Bot Simulator AI...
✅ Inspeksi 9 Arena selesai.
From https://github.com/ekongh112233-eng/ANALISA-SAHAM
 * branch                main       -> FETCH_HEAD
Already up to date.
fatal: pathspec 'hasil_screener.csv' did not match any files
fatal: pathspec 'portofolio_virtual.csv' did not match any files
fatal: pathspec 'history_trade.csv' did not match any files
fatal: pathspec 'sinyal_ai.csv' did not match any files
[main 684237cc2] Auto-update data, arsip, dan bot simulator
 911 files changed, 911 insertions(+)
To https://github.com/ekongh112233-eng/ANALISA-SAHAM.git
   7df6328b9..684237cc2  main -> main
⏳ Memulai pembaruan data saham (Ultimate Diagnostic Mode)...
📥 Mengunduh 962 data saham secara bersamaan (Maks 8 jalur)...
⚡ Memproses teknikal, fundamental, berita & broksum secara Paralel (Safe Mode)...
🧠 Menjalankan Algoritma Machine Learning (Mendeteksi Anomali Bandar)...
✅ Machine Learning selesai mendeteksi anomali!
🗂️ Memecah data historis 5-menitan ke dalam 3 Folder Kelas...
✅ Selesai! Data Web diperbarui & Diarsipkan ke sistem 3 Folder (Arsip_Data_Saham).
[12:00:12] Membangunkan Bot Simulator AI...
✅ Inspeksi 9 Arena selesai.
From https://github.com/ekongh112233-eng/ANALISA-SAHAM
 * branch                main       -> FETCH_HEAD
Already up to date.
fatal: pathspec 'hasil_screener.csv' did not match any files
fatal: pathspec 'portofolio_virtual.csv' did not match any files
fatal: pathspec 'history_trade.csv' did not match any files
fatal: pathspec 'sinyal_ai.csv' did not match any files
[main a05644de7] Auto-update data, arsip, dan bot simulator
 911 files changed, 911 insertions(+)
To https://github.com/ekongh112233-eng/ANALISA-SAHAM.git
   684237cc2..a05644de7  main -> main
⏳ Memulai pembaruan data saham (Ultimate Diagnostic Mode)...
📥 Mengunduh 962 data saham secara bersamaan (Maks 8 jalur)...
⚡ Memproses teknikal, fundamental, berita & broksum secara Paralel (Safe Mode)...
🧠 Menjalankan Algoritma Machine Learning (Mendeteksi Anomali Bandar)...
✅ Machine Learning selesai mendeteksi anomali!
🗂️ Memecah data historis 5-menitan ke dalam 3 Folder Kelas...
✅ Selesai! Data Web diperbarui & Diarsipkan ke sistem 3 Folder (Arsip_Data_Saham).
[12:10:30] Membangunkan Bot Simulator AI...
✅ Inspeksi 9 Arena selesai.
From https://github.com/ekongh112233-eng/ANALISA-SAHAM
 * branch                main       -> FETCH_HEAD
Already up to date.
fatal: pathspec 'hasil_screener.csv' did not match any files
fatal: pathspec 'portofolio_virtual.csv' did not match any files
fatal: pathspec 'history_trade.csv' did not match any files
fatal: pathspec 'sinyal_ai.csv' did not match any files
[main 04b32ef1b] Auto-update data, arsip, dan bot simulator
 911 files changed, 911 insertions(+)
To https://github.com/ekongh112233-eng/ANALISA-SAHAM.git
   a05644de7..04b32ef1b  main -> main
⏳ Memulai pembaruan data saham (Ultimate Diagnostic Mode)...
📥 Mengunduh 962 data saham secara bersamaan (Maks 8 jalur)...
⚡ Memproses teknikal, fundamental, berita & broksum secara Paralel (Safe Mode)...
🧠 Menjalankan Algoritma Machine Learning (Mendeteksi Anomali Bandar)...
✅ Machine Learning selesai mendeteksi anomali!
🗂️ Memecah data historis 5-menitan ke dalam 3 Folder Kelas...
✅ Selesai! Data Web diperbarui & Diarsipkan ke sistem 3 Folder (Arsip_Data_Saham).
[12:11:09] Membangunkan Bot Simulator AI...
✅ Inspeksi 9 Arena selesai.
From https://github.com/ekongh112233-eng/ANALISA-SAHAM
 * branch                main       -> FETCH_HEAD
Already up to date.
fatal: pathspec 'hasil_screener.csv' did not match any files
fatal: pathspec 'portofolio_virtual.csv' did not match any files
fatal: pathspec 'history_trade.csv' did not match any files
fatal: pathspec 'sinyal_ai.csv' did not match any files
[main b90a5670f] Auto-update data, arsip, dan bot simulator
 911 files changed, 911 insertions(+)
To https://github.com/ekongh112233-eng/ANALISA-SAHAM.git
   04b32ef1b..b90a5670f  main -> main
⏳ Memulai pembaruan data saham (Ultimate Diagnostic Mode)...
📥 Mengunduh 962 data saham secara bersamaan (Maks 8 jalur)...
⚡ Memproses teknikal, fundamental, berita & broksum secara Paralel (Safe Mode)...
🧠 Menjalankan Algoritma Machine Learning (Mendeteksi Anomali Bandar)...
✅ Machine Learning selesai mendeteksi anomali!
🗂️ Memecah data historis 5-menitan ke dalam 3 Folder Kelas...
✅ Selesai! Data Web diperbarui & Diarsipkan ke sistem 3 Folder (Arsip_Data_Saham).
⏳ Memulai pembaruan data saham (Ultimate Diagnostic Mode)...
📥 Mengunduh 962 data saham secara bersamaan (Maks 8 jalur)...
⚡ Memproses teknikal, fundamental, berita & broksum secara Paralel (Safe Mode)...
🧠 Menjalankan Algoritma Machine Learning (Mendeteksi Anomali Bandar)...
✅ Machine Learning selesai mendeteksi anomali!
🗂️ Memecah data historis 5-menitan ke dalam 3 Folder Kelas...
✅ Selesai! Data Web diperbarui & Diarsipkan ke sistem 3 Folder (Arsip_Data_Saham).
[12:21:59] Membangunkan Bot Simulator AI...
✅ Inspeksi 9 Arena selesai.
[12:21:59] Membangunkan Bot Simulator AI...
✅ Inspeksi 9 Arena selesai.
From https://github.com/ekongh112233-eng/ANALISA-SAHAM
 * branch                main       -> FETCH_HEAD
Already up to date.
fatal: pathspec 'hasil_screener.csv' did not match any files
fatal: pathspec 'portofolio_virtual.csv' did not match any files
fatal: pathspec 'history_trade.csv' did not match any files
fatal: pathspec 'sinyal_ai.csv' did not match any files
[main 7141ca2c9] Auto-update data, arsip, dan bot simulator
 911 files changed, 1822 insertions(+)
From https://github.com/ekongh112233-eng/ANALISA-SAHAM
 * branch                main       -> FETCH_HEAD
warning: fetch updated the current branch head.
fast-forwarding your working tree from
commit b90a5670feed234453ea659941d7ffd2bf2a422f.
error: Your local changes to the following files would be overwritten by merge:
	Arsip_Data_Saham/Kelas_1_Gorengan_50_200/ABBA_arsip.csv
	Arsip_Data_Saham/Kelas_1_Gorengan_50_200/ACRO_arsip.csv
	Arsip_Data_Saham/Kelas_1_Gorengan_50_200/ACST_arsip.csv
	Arsip_Data_Saham/Kelas_1_Gorengan_50_200/ADCP_arsip.csv
	Arsip_Data_Saham/Kelas_1_Gorengan_50_200/ADHI_arsip.csv
	Arsip_Data_Saham/Kelas_1_Gorengan_50_200/AEGS_arsip.csv
	Arsip_Data_Saham/Kelas_1_Gorengan_50_200/AGRO_arsip.csv
	Arsip_Data_Saham/Kelas_1_Gorengan_50_200/AGRS_arsip.csv
	Arsip_Data_Saham/Kelas_1_Gorengan_50_200/AHAP_arsip.csv
	Arsip_Data_Saham/Kelas_1_Gorengan_50_200/AISA_arsip.csv
	Arsip_Data_Saham/Kelas_1_Gorengan_50_200/AKKU_arsip.csv
	Arsip_Data_Saham/Kelas_1_Gorengan_50_200/ALMI_arsip.csv
	Arsip_Data_Saham/Kelas_1_Gorengan_50_200/ALTO_arsip.csv
	Arsip_Data_Saham/Kelas_1_Gorengan_50_200/AMMS_arsip.csv
	Arsip_Data_Saham/Kelas_1_Gorengan_50_200/ANDI_arsip.csv
	Arsip_Data_Saham/Kelas_1_Gorengan_50_200/APEX_arsip.csv
	Arsip_Data_Saham/Kelas_1_Gorengan_50_200/APII_arsip.csv
	Arsip_Data_Saham/Kelas_1_Gorengan_50_200/APLN_arsip.csv
	Arsip_Data_Saham/Kelas_1_Gorengan_50_200/ARKA_arsip.csv
	Arsip_Data_Saham/Kelas_1_Gorengan_50_200/ARTI_arsip.csv
	Arsip_Data_Saham/Kelas_1_Gorengan_50_200/ASHA_arsip.csv
	Arsip_Data_Saham/Kelas_1_Gorengan_50_200/ASJT_arsip.csv
	Arsip_Data_Saham/Kelas_1_Gorengan_50_200/ASLC_arsip.csv
	Arsip_Data_Saham/Kelas_1_Gorengan_50_200/ASMI_arsip.csv
	Arsip_Data_Saham/Kelas_1_Gorengan_50_200/ASPR_arsip.csv
	Arsip_Data_Saham/Kelas_1_Gorengan_50_200/ASRI_arsip.csv
	Arsip_Data_Saham/Kelas_1_Gorengan_50_200/ATLA_arsip.csv
	Arsip_Data_Saham/Kelas_1_Gorengan_50_200/AWAN_arsip.csv
	Arsip_Data_Saham/Kelas_1_Gorengan_50_200/AXIO_arsip.csv
	Arsip_Data_Saham/Kelas_1_Gorengan_50_200/AYLS_arsip.csv
	Arsip_Data_Saham/Kelas_1_Gorengan_50_200/BABP_arsip.csv
	Arsip_Data_Saham/Kelas_1_Gorengan_50_200/BACA_arsip.csv
	Arsip_Data_Saham/Kelas_1_Gorengan_50_200/BAPA_arsip.csv
	Arsip_Data_Saham/Kelas_1_Gorengan_50_200/BAPI_arsip.csv
	Arsip_Data_Saham/Kelas_1_Gorengan_50_200/BATA_arsip.csv
	Arsip_Data_Saham/Kelas_1_Gorengan_50_200/BATR_arsip.csv
	Arsip_Data_Saham/Kelas_1_Gorengan_50_200/BAUT_arsip.csv
	Arsip_Data_Saham/Kelas_1_Gorengan_50_200/BBKP_arsip.csv
	Arsip_Data_Saham/Kelas_1_Gorengan_50_200/BBRM_arsip.csv
	Arsip_Data_Saham/Kelas_1_Gorengan_50_200/BBSS_arsip.csv
	Arsip_Data_Saham/Kelas_1_Gorengan_50_200/BCAP_arsip.csv
	Arsip_Data_Saham/Kelas_1_Gorengan_50_200/BCIC_arsip.csv
	Arsip_Data_Saham/Kelas_1_Gorengan_50_200/BCIP_arsip.csv
	Arsip_Data_Saham/Kelas_1_Gorengan_50_200/BDKR_arsip.csv
	Arsip_Data_Saham/Kelas_1_Gorengan_50_200/BEBS_arsip.csv
	Arsip_Data_Saham/Kelas_1_Gorengan_50_200/BEER_arsip.csv
	Arsip_Data_Saham/Kelas_1_Gorengan_50_200/BEKS_arsip.csv
	Arsip_Data_Saham/Kelas_1_Gorengan_50_200/BELL_arsip.csv
	Arsip_Data_Saham/Kelas_1_Gorengan_50_200/BEST_arsip.csv
	Arsip_Data_Saham/Kelas_1_Gorengan_50_200/BGTG_arsip.csv
	Arsip_Data_Saham/Kelas_1_Gorengan_50_200/BHIT_arsip.csv
	Arsip_Data_Saham/Kelas_1_Gorengan_50_200/BIKA_arsip.csv
	Arsip_Data_Saham/Kelas_1_Gorengan_50_200/BIMA_arsip.csv
	Arsip_Data_Saham/Kelas_1_Gorengan_50_200/BINO_arsip.csv
	Arsip_Data_Saham/Kelas_1_Gorengan_50_200/BIPI_arsip.csv
	Arsip_Data_Saham/Kelas_1_Gorengan_50_200/BIPP_arsip.csv
	Arsip_Data_Saham/Kelas_1_Gorengan_50_200/BKDP_arsip.csv
	Arsip_Data_Saham/Kelas_1_Gorengan_50_200/BKSL_arsip.csv
	Arsip_Data_Saham/Kelas_1_Gorengan_50_200/BKSW_arsip.csv
	Arsip_Data_Saham/Kelas_1_Gorengan_50_200/BLTA_arsip.csv
	Arsip_Data_Saham/Kelas_1_Gorengan_50_200/BMBL_arsip.csv
	Arsip_Data_Saham/Kelas_1_Gorengan_50_200/BMHS_arsip.csv
	Arsip_Data_Saham/Kelas_1_Gorengan_50_200/BMTR_arsip.csv
	Arsip_Data_Saham/Kelas_1_Gorengan_50_200/BNBR_arsip.csv
	Arsip_Data_Saham/Kelas_1_Gorengan_50_200/BNII_arsip.csv
	Arsip_Data_Saham/Kelas_1_Gorengan_50_200/BOAT_arsip.csv
	Arsip_Data_Saham/Kelas_1_Gorengan_50_200/BOLA_arsip.csv
	Arsip_Data_Saham/Kelas_1_Gorengan_50_200/BOSS_arsip.csv
	Arsip_Data_Saham/Kelas_1_Gorengan_50_200/BPTR_arsip.csv
	Arsip_Data_Saham/Kelas_1_Gorengan_50_200/BRRC_arsip.csv
	Arsip_Data_Saham/Kelas_1
Aborting
fatal: Cannot fast-forward your working tree.
After making sure that you saved anything precious from
$ git diff b90a5670feed234453ea659941d7ffd2bf2a422f
output, run
$ git reset --hard
to recover.
fatal: pathspec 'hasil_screener.csv' did not match any files
fatal: pathspec 'portofolio_virtual.csv' did not match any files
fatal: pathspec 'history_trade.csv' did not match any files
fatal: pathspec 'sinyal_ai.csv' did not match any files
On branch main
Your branch is ahead of 'origin/main' by 1 commit.
  (use "git push" to publish your local commits)

Changes not staged for commit:
  (use "git add/rm <file>..." to update what will be committed)
  (use "git restore <file>..." to discard changes in working directory)
	deleted:    Arsip_Data_Harian/screener_2026-08-07.csv
	deleted:    Arsip_Data_Harian/screener_2026-08-10.csv
	modified:   Database/hasil_screener.csv

Untracked files:
  (use "git add <file>..." to include in what will be committed)
	.env
	Arsip_Data_Harian/screener_2026-08-20.csv
	Database/history_trade_rumus_1.csv
	Database/history_trade_rumus_2.csv
	Database/history_trade_rumus_3.csv
	Database/history_trade_rumus_4.csv
	Database/history_trade_rumus_5.csv
	Database/history_trade_rumus_6.csv
	Database/history_trade_rumus_7.csv
	Database/history_trade_rumus_8.csv
	Database/history_trade_rumus_9.csv
	Database/portofolio_virtual_rumus_1.csv
	Database/portofolio_virtual_rumus_2.csv
	Database/portofolio_virtual_rumus_3.csv
	Database/portofolio_virtual_rumus_4.csv
	Database/portofolio_virtual_rumus_5.csv
	Database/portofolio_virtual_rumus_6.csv
	Database/portofolio_virtual_rumus_7.csv
	Database/portofolio_virtual_rumus_8.csv
	Database/portofolio_virtual_rumus_9.csv
	bot.log
	token_stockbit.txt

no changes added to commit (use "git add" and/or "git commit -a")
Tidak ada perubahan
To https://github.com/ekongh112233-eng/ANALISA-SAHAM.git
   b90a5670f..7141ca2c9  main -> main
To https://github.com/ekongh112233-eng/ANALISA-SAHAM.git
 ! [remote rejected]     main -> main (cannot lock ref 'refs/heads/main': is at 7141ca2c9ec0994d1027f421a503d2293ed4ba30 but expected b90a5670feed234453ea659941d7ffd2bf2a422f)
error: failed to push some refs to 'https://github.com/ekongh112233-eng/ANALISA-SAHAM.git'
⏳ Memulai pembaruan data saham (Ultimate Diagnostic Mode)...
📥 Mengunduh 962 data saham secara bersamaan (Maks 8 jalur)...
⚡ Memproses teknikal, fundamental, berita & broksum secara Paralel (Safe Mode)...
🧠 Menjalankan Algoritma Machine Learning (Mendeteksi Anomali Bandar)...
✅ Machine Learning selesai mendeteksi anomali!
🗂️ Memecah data historis 5-menitan ke dalam 3 Folder Kelas...
✅ Selesai! Data Web diperbarui & Diarsipkan ke sistem 3 Folder (Arsip_Data_Saham).
[12:30:44] Membangunkan Bot Simulator AI...
✅ Inspeksi 9 Arena selesai.
From https://github.com/ekongh112233-eng/ANALISA-SAHAM
 * branch                main       -> FETCH_HEAD
Already up to date.
fatal: pathspec 'hasil_screener.csv' did not match any files
fatal: pathspec 'portofolio_virtual.csv' did not match any files
fatal: pathspec 'history_trade.csv' did not match any files
fatal: pathspec 'sinyal_ai.csv' did not match any files
[main 0fe5bfb3f] Auto-update data, arsip, dan bot simulator
 911 files changed, 911 insertions(+)
To https://github.com/ekongh112233-eng/ANALISA-SAHAM.git
   7141ca2c9..0fe5bfb3f  main -> main
⏳ Memulai pembaruan data saham (Ultimate Diagnostic Mode)...
📥 Mengunduh 962 data saham secara bersamaan (Maks 8 jalur)...
⚡ Memproses teknikal, fundamental, berita & broksum secara Paralel (Safe Mode)...
🧠 Menjalankan Algoritma Machine Learning (Mendeteksi Anomali Bandar)...
✅ Machine Learning selesai mendeteksi anomali!
🗂️ Memecah data historis 5-menitan ke dalam 3 Folder Kelas...
✅ Selesai! Data Web diperbarui & Diarsipkan ke sistem 3 Folder (Arsip_Data_Saham).
[12:30:57] Membangunkan Bot Simulator AI...
✅ Inspeksi 9 Arena selesai.
From https://github.com/ekongh112233-eng/ANALISA-SAHAM
 * branch                main       -> FETCH_HEAD
Already up to date.
fatal: pathspec 'hasil_screener.csv' did not match any files
fatal: pathspec 'portofolio_virtual.csv' did not match any files
fatal: pathspec 'history_trade.csv' did not match any files
fatal: pathspec 'sinyal_ai.csv' did not match any files
[main 0807432d9] Auto-update data, arsip, dan bot simulator
 911 files changed, 911 insertions(+)
To https://github.com/ekongh112233-eng/ANALISA-SAHAM.git
   0fe5bfb3f..0807432d9  main -> main
⏳ Memulai pembaruan data saham (Ultimate Diagnostic Mode)...
📥 Mengunduh 962 data saham secara bersamaan (Maks 8 jalur)...
⚡ Memproses teknikal, fundamental, berita & broksum secara Paralel (Safe Mode)...
🧠 Menjalankan Algoritma Machine Learning (Mendeteksi Anomali Bandar)...
✅ Machine Learning selesai mendeteksi anomali!
🗂️ Memecah data historis 5-menitan ke dalam 3 Folder Kelas...
✅ Selesai! Data Web diperbarui & Diarsipkan ke sistem 3 Folder (Arsip_Data_Saham).
[12:39:59] Membangunkan Bot Simulator AI...
✅ Inspeksi 9 Arena selesai.
From https://github.com/ekongh112233-eng/ANALISA-SAHAM
 * branch                main       -> FETCH_HEAD
Already up to date.
fatal: pathspec 'hasil_screener.csv' did not match any files
fatal: pathspec 'portofolio_virtual.csv' did not match any files
fatal: pathspec 'history_trade.csv' did not match any files
fatal: pathspec 'sinyal_ai.csv' did not match any files
[main eee8ff1d1] Auto-update data, arsip, dan bot simulator
 911 files changed, 911 insertions(+)
To https://github.com/ekongh112233-eng/ANALISA-SAHAM.git
   0807432d9..eee8ff1d1  main -> main
⏳ Memulai pembaruan data saham (Ultimate Diagnostic Mode)...
📥 Mengunduh 962 data saham secara bersamaan (Maks 8 jalur)...
⚡ Memproses teknikal, fundamental, berita & broksum secara Paralel (Safe Mode)...
🧠 Menjalankan Algoritma Machine Learning (Mendeteksi Anomali Bandar)...
✅ Machine Learning selesai mendeteksi anomali!
🗂️ Memecah data historis 5-menitan ke dalam 3 Folder Kelas...
✅ Selesai! Data Web diperbarui & Diarsipkan ke sistem 3 Folder (Arsip_Data_Saham).
[12:42:13] Membangunkan Bot Simulator AI...
✅ Inspeksi 9 Arena selesai.
From https://github.com/ekongh112233-eng/ANALISA-SAHAM
 * branch                main       -> FETCH_HEAD
Already up to date.
fatal: pathspec 'hasil_screener.csv' did not match any files
fatal: pathspec 'portofolio_virtual.csv' did not match any files
fatal: pathspec 'history_trade.csv' did not match any files
fatal: pathspec 'sinyal_ai.csv' did not match any files
[main b79de3222] Auto-update data, arsip, dan bot simulator
 911 files changed, 911 insertions(+)
To https://github.com/ekongh112233-eng/ANALISA-SAHAM.git
   eee8ff1d1..b79de3222  main -> main
⏳ Memulai pembaruan data saham (Ultimate Diagnostic Mode)...
📥 Mengunduh 962 data saham secara bersamaan (Maks 8 jalur)...
⚡ Memproses teknikal, fundamental, berita & broksum secara Paralel (Safe Mode)...
🧠 Menjalankan Algoritma Machine Learning (Mendeteksi Anomali Bandar)...
✅ Machine Learning selesai mendeteksi anomali!
🗂️ Memecah data historis 5-menitan ke dalam 3 Folder Kelas...
✅ Selesai! Data Web diperbarui & Diarsipkan ke sistem 3 Folder (Arsip_Data_Saham).
[12:50:47] Membangunkan Bot Simulator AI...
✅ Inspeksi 9 Arena selesai.
From https://github.com/ekongh112233-eng/ANALISA-SAHAM
 * branch                main       -> FETCH_HEAD
Already up to date.
fatal: pathspec 'hasil_screener.csv' did not match any files
fatal: pathspec 'portofolio_virtual.csv' did not match any files
fatal: pathspec 'history_trade.csv' did not match any files
fatal: pathspec 'sinyal_ai.csv' did not match any files
[main 018851ddf] Auto-update data, arsip, dan bot simulator
 911 files changed, 911 insertions(+)
To https://github.com/ekongh112233-eng/ANALISA-SAHAM.git
   b79de3222..018851ddf  main -> main
⏳ Memulai pembaruan data saham (Ultimate Diagnostic Mode)...
📥 Mengunduh 962 data saham secara bersamaan (Maks 8 jalur)...
⚡ Memproses teknikal, fundamental, berita & broksum secara Paralel (Safe Mode)...
🧠 Menjalankan Algoritma Machine Learning (Mendeteksi Anomali Bandar)...
✅ Machine Learning selesai mendeteksi anomali!
🗂️ Memecah data historis 5-menitan ke dalam 3 Folder Kelas...
✅ Selesai! Data Web diperbarui & Diarsipkan ke sistem 3 Folder (Arsip_Data_Saham).
[12:50:54] Membangunkan Bot Simulator AI...
✅ Inspeksi 9 Arena selesai.
From https://github.com/ekongh112233-eng/ANALISA-SAHAM
 * branch                main       -> FETCH_HEAD
Already up to date.
fatal: pathspec 'hasil_screener.csv' did not match any files
fatal: pathspec 'portofolio_virtual.csv' did not match any files
fatal: pathspec 'history_trade.csv' did not match any files
fatal: pathspec 'sinyal_ai.csv' did not match any files
[main e8e8a3978] Auto-update data, arsip, dan bot simulator
 911 files changed, 911 insertions(+)
To https://github.com/ekongh112233-eng/ANALISA-SAHAM.git
   018851ddf..e8e8a3978  main -> main
⏳ Memulai pembaruan data saham (Ultimate Diagnostic Mode)...
📥 Mengunduh 962 data saham secara bersamaan (Maks 8 jalur)...
⚡ Memproses teknikal, fundamental, berita & broksum secara Paralel (Safe Mode)...
🧠 Menjalankan Algoritma Machine Learning (Mendeteksi Anomali Bandar)...
✅ Machine Learning selesai mendeteksi anomali!
🗂️ Memecah data historis 5-menitan ke dalam 3 Folder Kelas...
✅ Selesai! Data Web diperbarui & Diarsipkan ke sistem 3 Folder (Arsip_Data_Saham).
[13:00:37] Membangunkan Bot Simulator AI...
✅ Inspeksi 9 Arena selesai.
From https://github.com/ekongh112233-eng/ANALISA-SAHAM
 * branch                main       -> FETCH_HEAD
Already up to date.
fatal: pathspec 'hasil_screener.csv' did not match any files
fatal: pathspec 'portofolio_virtual.csv' did not match any files
fatal: pathspec 'history_trade.csv' did not match any files
fatal: pathspec 'sinyal_ai.csv' did not match any files
[main 49b7a4599] Auto-update data, arsip, dan bot simulator
 911 files changed, 911 insertions(+)
To https://github.com/ekongh112233-eng/ANALISA-SAHAM.git
   e8e8a3978..49b7a4599  main -> main
⏳ Memulai pembaruan data saham (Ultimate Diagnostic Mode)...
📥 Mengunduh 962 data saham secara bersamaan (Maks 8 jalur)...
⚡ Memproses teknikal, fundamental, berita & broksum secara Paralel (Safe Mode)...
🧠 Menjalankan Algoritma Machine Learning (Mendeteksi Anomali Bandar)...
✅ Machine Learning selesai mendeteksi anomali!
🗂️ Memecah data historis 5-menitan ke dalam 3 Folder Kelas...
✅ Selesai! Data Web diperbarui & Diarsipkan ke sistem 3 Folder (Arsip_Data_Saham).
[13:00:51] Membangunkan Bot Simulator AI...
✅ Inspeksi 9 Arena selesai.
From https://github.com/ekongh112233-eng/ANALISA-SAHAM
 * branch                main       -> FETCH_HEAD
Already up to date.
fatal: pathspec 'hasil_screener.csv' did not match any files
fatal: pathspec 'portofolio_virtual.csv' did not match any files
fatal: pathspec 'history_trade.csv' did not match any files
fatal: pathspec 'sinyal_ai.csv' did not match any files
[main 36c76c38d] Auto-update data, arsip, dan bot simulator
 911 files changed, 911 insertions(+)
To https://github.com/ekongh112233-eng/ANALISA-SAHAM.git
   49b7a4599..36c76c38d  main -> main
⏳ Memulai pembaruan data saham (Ultimate Diagnostic Mode)...
📥 Mengunduh 962 data saham secara bersamaan (Maks 8 jalur)...
⚡ Memproses teknikal, fundamental, berita & broksum secara Paralel (Safe Mode)...
🧠 Menjalankan Algoritma Machine Learning (Mendeteksi Anomali Bandar)...
✅ Machine Learning selesai mendeteksi anomali!
🗂️ Memecah data historis 5-menitan ke dalam 3 Folder Kelas...
✅ Selesai! Data Web diperbarui & Diarsipkan ke sistem 3 Folder (Arsip_Data_Saham).
⏳ Memulai pembaruan data saham (Ultimate Diagnostic Mode)...
📥 Mengunduh 962 data saham secara bersamaan (Maks 8 jalur)...
⚡ Memproses teknikal, fundamental, berita & broksum secara Paralel (Safe Mode)...
🧠 Menjalankan Algoritma Machine Learning (Mendeteksi Anomali Bandar)...
✅ Machine Learning selesai mendeteksi anomali!
🗂️ Memecah data historis 5-menitan ke dalam 3 Folder Kelas...
✅ Selesai! Data Web diperbarui & Diarsipkan ke sistem 3 Folder (Arsip_Data_Saham).
[13:10:51] Membangunkan Bot Simulator AI...
Traceback (most recent call last):
  File "/home/kaltaraid/Documents/ANALISA-SAHAM/bot_simulator.py", line 198, in <module>
    jalankan_bot()
    ~~~~~~~~~~~~^^
  File "/home/kaltaraid/Documents/ANALISA-SAHAM/bot_simulator.py", line 66, in jalankan_bot
    df_market = pd.read_csv(FILE_MARKET)
  File "/home/kaltaraid/.local/lib/python3.14/site-packages/pandas/io/parsers/readers.py", line 873, in read_csv
    return _read(filepath_or_buffer, kwds)
  File "/home/kaltaraid/.local/lib/python3.14/site-packages/pandas/io/parsers/readers.py", line 306, in _read
    return parser.read(nrows)
           ~~~~~~~~~~~^^^^^^^
  File "/home/kaltaraid/.local/lib/python3.14/site-packages/pandas/io/parsers/readers.py", line 1947, in read
    ) = self._engine.read(  # type: ignore[attr-defined]
        ~~~~~~~~~~~~~~~~~^^^^^^^^^^^^^^^^^^^^^^^^^^^^^^^
        nrows
        ^^^^^
    )
    ^
  File "/home/kaltaraid/.local/lib/python3.14/site-packages/pandas/io/parsers/c_parser_wrapper.py", line 215, in read
    chunks = self._reader.read_low_memory(nrows)
  File "pandas/_libs/parsers.pyx", line 832, in pandas._libs.parsers.TextReader.read_low_memory
  File "pandas/_libs/parsers.pyx", line 897, in pandas._libs.parsers.TextReader._read_rows
  File "pandas/_libs/parsers.pyx", line 868, in pandas._libs.parsers.TextReader._tokenize_rows
  File "pandas/_libs/parsers.pyx", line 885, in pandas._libs.parsers.TextReader._check_tokenize_status
  File "pandas/_libs/parsers.pyx", line 2084, in pandas._libs.parsers.raise_parser_error
pandas.errors.ParserError: Error tokenizing data. C error: Expected 49 fields in line 368, saw 106

[13:10:51] Membangunkan Bot Simulator AI...
Traceback (most recent call last):
  File "/home/kaltaraid/Documents/ANALISA-SAHAM/bot_simulator.py", line 198, in <module>
    jalankan_bot()
    ~~~~~~~~~~~~^^
  File "/home/kaltaraid/Documents/ANALISA-SAHAM/bot_simulator.py", line 66, in jalankan_bot
    df_market = pd.read_csv(FILE_MARKET)
  File "/home/kaltaraid/.local/lib/python3.14/site-packages/pandas/io/parsers/readers.py", line 873, in read_csv
    return _read(filepath_or_buffer, kwds)
  File "/home/kaltaraid/.local/lib/python3.14/site-packages/pandas/io/parsers/readers.py", line 306, in _read
    return parser.read(nrows)
           ~~~~~~~~~~~^^^^^^^
  File "/home/kaltaraid/.local/lib/python3.14/site-packages/pandas/io/parsers/readers.py", line 1947, in read
    ) = self._engine.read(  # type: ignore[attr-defined]
        ~~~~~~~~~~~~~~~~~^^^^^^^^^^^^^^^^^^^^^^^^^^^^^^^
        nrows
        ^^^^^
    )
    ^
  File "/home/kaltaraid/.local/lib/python3.14/site-packages/pandas/io/parsers/c_parser_wrapper.py", line 215, in read
    chunks = self._reader.read_low_memory(nrows)
  File "pandas/_libs/parsers.pyx", line 832, in pandas._libs.parsers.TextReader.read_low_memory
  File "pandas/_libs/parsers.pyx", line 897, in pandas._libs.parsers.TextReader._read_rows
  File "pandas/_libs/parsers.pyx", line 868, in pandas._libs.parsers.TextReader._tokenize_rows
  File "pandas/_libs/parsers.pyx", line 885, in pandas._libs.parsers.TextReader._check_tokenize_status
  File "pandas/_libs/parsers.pyx", line 2084, in pandas._libs.parsers.raise_parser_error
pandas.errors.ParserError: Error tokenizing data. C error: Expected 49 fields in line 368, saw 106

From https://github.com/ekongh112233-eng/ANALISA-SAHAM
 * branch                main       -> FETCH_HEAD
From https://github.com/ekongh112233-eng/ANALISA-SAHAM
 * branch                main       -> FETCH_HEAD
Already up to date.
fatal: pathspec 'hasil_screener.csv' did not match any files
Already up to date.
fatal: Unable to create '/home/kaltaraid/Documents/ANALISA-SAHAM/.git/index.lock': File exists.

Another git process seems to be running in this repository, or the lock file may be stale
fatal: Unable to create '/home/kaltaraid/Documents/ANALISA-SAHAM/.git/index.lock': File exists.

Another git process seems to be running in this repository, or the lock file may be stale
fatal: Unable to create '/home/kaltaraid/Documents/ANALISA-SAHAM/.git/index.lock': File exists.

Another git process seems to be running in this repository, or the lock file may be stale
fatal: Unable to create '/home/kaltaraid/Documents/ANALISA-SAHAM/.git/index.lock': File exists.

Another git process seems to be running in this repository, or the lock file may be stale
fatal: Unable to create '/home/kaltaraid/Documents/ANALISA-SAHAM/.git/index.lock': File exists.

Another git process seems to be running in this repository, or the lock file may be stale
fatal: Unable to create '/home/kaltaraid/Documents/ANALISA-SAHAM/.git/index.lock': File exists.

Another git process seems to be running in this repository, or the lock file may be stale
Tidak ada perubahan
fatal: pathspec 'portofolio_virtual.csv' did not match any files
fatal: pathspec 'history_trade.csv' did not match any files
fatal: pathspec 'sinyal_ai.csv' did not match any files
[main 05fddb176] Auto-update data, arsip, dan bot simulator
 912 files changed, 1825 insertions(+)
 create mode 100644 Arsip_Data_Saham/Kelas_1_Gorengan_50_200/URBN_arsip.csv
 create mode 100644 Arsip_Data_Saham/Kelas_2_Midcap_201_1000/OBMD_arsip.csv
Everything up-to-date
To https://github.com/ekongh112233-eng/ANALISA-SAHAM.git
   36c76c38d..05fddb176  main -> main
⏳ Memulai pembaruan data saham (Ultimate Diagnostic Mode)...
📥 Mengunduh 962 data saham secara bersamaan (Maks 8 jalur)...
⚡ Memproses teknikal, fundamental, berita & broksum secara Paralel (Safe Mode)...
🧠 Menjalankan Algoritma Machine Learning (Mendeteksi Anomali Bandar)...
✅ Machine Learning selesai mendeteksi anomali!
🗂️ Memecah data historis 5-menitan ke dalam 3 Folder Kelas...
✅ Selesai! Data Web diperbarui & Diarsipkan ke sistem 3 Folder (Arsip_Data_Saham).
[13:20:56] Membangunkan Bot Simulator AI...
✅ Inspeksi 9 Arena selesai.
From https://github.com/ekongh112233-eng/ANALISA-SAHAM
 * branch                main       -> FETCH_HEAD
Already up to date.
fatal: pathspec 'hasil_screener.csv' did not match any files
fatal: pathspec 'portofolio_virtual.csv' did not match any files
fatal: pathspec 'history_trade.csv' did not match any files
fatal: pathspec 'sinyal_ai.csv' did not match any files
[main 13b57e612] Auto-update data, arsip, dan bot simulator
 911 files changed, 911 insertions(+)
To https://github.com/ekongh112233-eng/ANALISA-SAHAM.git
   05fddb176..13b57e612  main -> main
⏳ Memulai pembaruan data saham (Ultimate Diagnostic Mode)...
📥 Mengunduh 962 data saham secara bersamaan (Maks 8 jalur)...
⚡ Memproses teknikal, fundamental, berita & broksum secara Paralel (Safe Mode)...
🧠 Menjalankan Algoritma Machine Learning (Mendeteksi Anomali Bandar)...
✅ Machine Learning selesai mendeteksi anomali!
🗂️ Memecah data historis 5-menitan ke dalam 3 Folder Kelas...
✅ Selesai! Data Web diperbarui & Diarsipkan ke sistem 3 Folder (Arsip_Data_Saham).
[13:21:08] Membangunkan Bot Simulator AI...
✅ Inspeksi 9 Arena selesai.
From https://github.com/ekongh112233-eng/ANALISA-SAHAM
 * branch                main       -> FETCH_HEAD
Already up to date.
fatal: pathspec 'hasil_screener.csv' did not match any files
fatal: pathspec 'portofolio_virtual.csv' did not match any files
fatal: pathspec 'history_trade.csv' did not match any files
fatal: pathspec 'sinyal_ai.csv' did not match any files
[main 215d37e41] Auto-update data, arsip, dan bot simulator
 911 files changed, 911 insertions(+)
To https://github.com/ekongh112233-eng/ANALISA-SAHAM.git
   13b57e612..215d37e41  main -> main
⏳ Memulai pembaruan data saham (Ultimate Diagnostic Mode)...
📥 Mengunduh 962 data saham secara bersamaan (Maks 8 jalur)...
⚡ Memproses teknikal, fundamental, berita & broksum secara Paralel (Safe Mode)...
🧠 Menjalankan Algoritma Machine Learning (Mendeteksi Anomali Bandar)...
✅ Machine Learning selesai mendeteksi anomali!
🗂️ Memecah data historis 5-menitan ke dalam 3 Folder Kelas...
✅ Selesai! Data Web diperbarui & Diarsipkan ke sistem 3 Folder (Arsip_Data_Saham).
[13:30:52] Membangunkan Bot Simulator AI...
✅ Inspeksi 9 Arena selesai.
From https://github.com/ekongh112233-eng/ANALISA-SAHAM
 * branch                main       -> FETCH_HEAD
Already up to date.
fatal: pathspec 'hasil_screener.csv' did not match any files
fatal: pathspec 'portofolio_virtual.csv' did not match any files
fatal: pathspec 'history_trade.csv' did not match any files
fatal: pathspec 'sinyal_ai.csv' did not match any files
[main 75132ff20] Auto-update data, arsip, dan bot simulator
 911 files changed, 911 insertions(+)
To https://github.com/ekongh112233-eng/ANALISA-SAHAM.git
   215d37e41..75132ff20  main -> main
⏳ Memulai pembaruan data saham (Ultimate Diagnostic Mode)...
📥 Mengunduh 962 data saham secara bersamaan (Maks 8 jalur)...
⚡ Memproses teknikal, fundamental, berita & broksum secara Paralel (Safe Mode)...
🧠 Menjalankan Algoritma Machine Learning (Mendeteksi Anomali Bandar)...
✅ Machine Learning selesai mendeteksi anomali!
🗂️ Memecah data historis 5-menitan ke dalam 3 Folder Kelas...
✅ Selesai! Data Web diperbarui & Diarsipkan ke sistem 3 Folder (Arsip_Data_Saham).
[13:31:01] Membangunkan Bot Simulator AI...
✅ Inspeksi 9 Arena selesai.
From https://github.com/ekongh112233-eng/ANALISA-SAHAM
 * branch                main       -> FETCH_HEAD
Already up to date.
fatal: pathspec 'hasil_screener.csv' did not match any files
fatal: pathspec 'portofolio_virtual.csv' did not match any files
fatal: pathspec 'history_trade.csv' did not match any files
fatal: pathspec 'sinyal_ai.csv' did not match any files
[main fe8b5054b] Auto-update data, arsip, dan bot simulator
 911 files changed, 911 insertions(+)
To https://github.com/ekongh112233-eng/ANALISA-SAHAM.git
   75132ff20..fe8b5054b  main -> main
⏳ Memulai pembaruan data saham (Ultimate Diagnostic Mode)...
📥 Mengunduh 962 data saham secara bersamaan (Maks 8 jalur)...
⚡ Memproses teknikal, fundamental, berita & broksum secara Paralel (Safe Mode)...
🧠 Menjalankan Algoritma Machine Learning (Mendeteksi Anomali Bandar)...
✅ Machine Learning selesai mendeteksi anomali!
🗂️ Memecah data historis 5-menitan ke dalam 3 Folder Kelas...
✅ Selesai! Data Web diperbarui & Diarsipkan ke sistem 3 Folder (Arsip_Data_Saham).
⏳ Memulai pembaruan data saham (Ultimate Diagnostic Mode)...
📥 Mengunduh 962 data saham secara bersamaan (Maks 8 jalur)...
⚡ Memproses teknikal, fundamental, berita & broksum secara Paralel (Safe Mode)...
🧠 Menjalankan Algoritma Machine Learning (Mendeteksi Anomali Bandar)...
✅ Machine Learning selesai mendeteksi anomali!
🗂️ Memecah data historis 5-menitan ke dalam 3 Folder Kelas...
✅ Selesai! Data Web diperbarui & Diarsipkan ke sistem 3 Folder (Arsip_Data_Saham).
[13:41:33] Membangunkan Bot Simulator AI...
✅ Inspeksi 9 Arena selesai.
[13:41:33] Membangunkan Bot Simulator AI...
✅ Inspeksi 9 Arena selesai.
From https://github.com/ekongh112233-eng/ANALISA-SAHAM
 * branch                main       -> FETCH_HEAD
Already up to date.
fatal: pathspec 'hasil_screener.csv' did not match any files
fatal: pathspec 'portofolio_virtual.csv' did not match any files
fatal: pathspec 'history_trade.csv' did not match any files
fatal: pathspec 'sinyal_ai.csv' did not match any files
[main 75dcc017c] Auto-update data, arsip, dan bot simulator
 911 files changed, 1822 insertions(+)
From https://github.com/ekongh112233-eng/ANALISA-SAHAM
 * branch                main       -> FETCH_HEAD
warning: fetch updated the current branch head.
fast-forwarding your working tree from
commit fe8b5054b3f0c0b2e21275196b798eb1fffba33b.
error: Your local changes to the following files would be overwritten by merge:
	Arsip_Data_Saham/Kelas_1_Gorengan_50_200/ABBA_arsip.csv
	Arsip_Data_Saham/Kelas_1_Gorengan_50_200/ACRO_arsip.csv
	Arsip_Data_Saham/Kelas_1_Gorengan_50_200/ACST_arsip.csv
	Arsip_Data_Saham/Kelas_1_Gorengan_50_200/ADCP_arsip.csv
	Arsip_Data_Saham/Kelas_1_Gorengan_50_200/ADHI_arsip.csv
	Arsip_Data_Saham/Kelas_1_Gorengan_50_200/AEGS_arsip.csv
	Arsip_Data_Saham/Kelas_1_Gorengan_50_200/AGRO_arsip.csv
	Arsip_Data_Saham/Kelas_1_Gorengan_50_200/AGRS_arsip.csv
	Arsip_Data_Saham/Kelas_1_Gorengan_50_200/AHAP_arsip.csv
	Arsip_Data_Saham/Kelas_1_Gorengan_50_200/AISA_arsip.csv
	Arsip_Data_Saham/Kelas_1_Gorengan_50_200/AKKU_arsip.csv
	Arsip_Data_Saham/Kelas_1_Gorengan_50_200/ALMI_arsip.csv
	Arsip_Data_Saham/Kelas_1_Gorengan_50_200/ALTO_arsip.csv
	Arsip_Data_Saham/Kelas_1_Gorengan_50_200/AMMS_arsip.csv
	Arsip_Data_Saham/Kelas_1_Gorengan_50_200/ANDI_arsip.csv
	Arsip_Data_Saham/Kelas_1_Gorengan_50_200/APEX_arsip.csv
	Arsip_Data_Saham/Kelas_1_Gorengan_50_200/APII_arsip.csv
	Arsip_Data_Saham/Kelas_1_Gorengan_50_200/APLN_arsip.csv
	Arsip_Data_Saham/Kelas_1_Gorengan_50_200/ARKA_arsip.csv
	Arsip_Data_Saham/Kelas_1_Gorengan_50_200/ARTI_arsip.csv
	Arsip_Data_Saham/Kelas_1_Gorengan_50_200/ASHA_arsip.csv
	Arsip_Data_Saham/Kelas_1_Gorengan_50_200/ASJT_arsip.csv
	Arsip_Data_Saham/Kelas_1_Gorengan_50_200/ASLC_arsip.csv
	Arsip_Data_Saham/Kelas_1_Gorengan_50_200/ASMI_arsip.csv
	Arsip_Data_Saham/Kelas_1_Gorengan_50_200/ASPR_arsip.csv
	Arsip_Data_Saham/Kelas_1_Gorengan_50_200/ASRI_arsip.csv
	Arsip_Data_Saham/Kelas_1_Gorengan_50_200/ATLA_arsip.csv
	Arsip_Data_Saham/Kelas_1_Gorengan_50_200/AWAN_arsip.csv
	Arsip_Data_Saham/Kelas_1_Gorengan_50_200/AXIO_arsip.csv
	Arsip_Data_Saham/Kelas_1_Gorengan_50_200/AYLS_arsip.csv
	Arsip_Data_Saham/Kelas_1_Gorengan_50_200/BABP_arsip.csv
	Arsip_Data_Saham/Kelas_1_Gorengan_50_200/BACA_arsip.csv
	Arsip_Data_Saham/Kelas_1_Gorengan_50_200/BAPA_arsip.csv
	Arsip_Data_Saham/Kelas_1_Gorengan_50_200/BAPI_arsip.csv
	Arsip_Data_Saham/Kelas_1_Gorengan_50_200/BATA_arsip.csv
	Arsip_Data_Saham/Kelas_1_Gorengan_50_200/BATR_arsip.csv
	Arsip_Data_Saham/Kelas_1_Gorengan_50_200/BAUT_arsip.csv
	Arsip_Data_Saham/Kelas_1_Gorengan_50_200/BBKP_arsip.csv
	Arsip_Data_Saham/Kelas_1_Gorengan_50_200/BBRM_arsip.csv
	Arsip_Data_Saham/Kelas_1_Gorengan_50_200/BBSS_arsip.csv
	Arsip_Data_Saham/Kelas_1_Gorengan_50_200/BCAP_arsip.csv
	Arsip_Data_Saham/Kelas_1_Gorengan_50_200/BCIC_arsip.csv
	Arsip_Data_Saham/Kelas_1_Gorengan_50_200/BCIP_arsip.csv
	Arsip_Data_Saham/Kelas_1_Gorengan_50_200/BDKR_arsip.csv
	Arsip_Data_Saham/Kelas_1_Gorengan_50_200/BEBS_arsip.csv
	Arsip_Data_Saham/Kelas_1_Gorengan_50_200/BEER_arsip.csv
	Arsip_Data_Saham/Kelas_1_Gorengan_50_200/BEKS_arsip.csv
	Arsip_Data_Saham/Kelas_1_Gorengan_50_200/BELL_arsip.csv
	Arsip_Data_Saham/Kelas_1_Gorengan_50_200/BEST_arsip.csv
	Arsip_Data_Saham/Kelas_1_Gorengan_50_200/BGTG_arsip.csv
	Arsip_Data_Saham/Kelas_1_Gorengan_50_200/BHIT_arsip.csv
	Arsip_Data_Saham/Kelas_1_Gorengan_50_200/BIKA_arsip.csv
	Arsip_Data_Saham/Kelas_1_Gorengan_50_200/BIMA_arsip.csv
	Arsip_Data_Saham/Kelas_1_Gorengan_50_200/BINO_arsip.csv
	Arsip_Data_Saham/Kelas_1_Gorengan_50_200/BIPI_arsip.csv
	Arsip_Data_Saham/Kelas_1_Gorengan_50_200/BIPP_arsip.csv
	Arsip_Data_Saham/Kelas_1_Gorengan_50_200/BKDP_arsip.csv
	Arsip_Data_Saham/Kelas_1_Gorengan_50_200/BKSL_arsip.csv
	Arsip_Data_Saham/Kelas_1_Gorengan_50_200/BKSW_arsip.csv
	Arsip_Data_Saham/Kelas_1_Gorengan_50_200/BLTA_arsip.csv
	Arsip_Data_Saham/Kelas_1_Gorengan_50_200/BMBL_arsip.csv
	Arsip_Data_Saham/Kelas_1_Gorengan_50_200/BMHS_arsip.csv
	Arsip_Data_Saham/Kelas_1_Gorengan_50_200/BMTR_arsip.csv
	Arsip_Data_Saham/Kelas_1_Gorengan_50_200/BNBR_arsip.csv
	Arsip_Data_Saham/Kelas_1_Gorengan_50_200/BNII_arsip.csv
	Arsip_Data_Saham/Kelas_1_Gorengan_50_200/BOAT_arsip.csv
	Arsip_Data_Saham/Kelas_1_Gorengan_50_200/BOLA_arsip.csv
	Arsip_Data_Saham/Kelas_1_Gorengan_50_200/BOSS_arsip.csv
	Arsip_Data_Saham/Kelas_1_Gorengan_50_200/BPTR_arsip.csv
	Arsip_Data_Saham/Kelas_1_Gorengan_50_200/BRRC_arsip.csv
	Arsip_Data_Saham/Kelas_1
Aborting
fatal: Cannot fast-forward your working tree.
After making sure that you saved anything precious from
$ git diff fe8b5054b3f0c0b2e21275196b798eb1fffba33b
output, run
$ git reset --hard
to recover.
fatal: pathspec 'hasil_screener.csv' did not match any files
fatal: pathspec 'portofolio_virtual.csv' did not match any files
fatal: pathspec 'history_trade.csv' did not match any files
fatal: pathspec 'sinyal_ai.csv' did not match any files
On branch main
Your branch is ahead of 'origin/main' by 1 commit.
  (use "git push" to publish your local commits)

Changes not staged for commit:
  (use "git add/rm <file>..." to update what will be committed)
  (use "git restore <file>..." to discard changes in working directory)
	deleted:    Arsip_Data_Harian/screener_2026-08-07.csv
	deleted:    Arsip_Data_Harian/screener_2026-08-10.csv
	modified:   Database/hasil_screener.csv

Untracked files:
  (use "git add <file>..." to include in what will be committed)
	.env
	Arsip_Data_Harian/screener_2026-08-20.csv
	Database/history_trade_rumus_1.csv
	Database/history_trade_rumus_2.csv
	Database/history_trade_rumus_3.csv
	Database/history_trade_rumus_4.csv
	Database/history_trade_rumus_5.csv
	Database/history_trade_rumus_6.csv
	Database/history_trade_rumus_7.csv
	Database/history_trade_rumus_8.csv
	Database/history_trade_rumus_9.csv
	Database/portofolio_virtual_rumus_1.csv
	Database/portofolio_virtual_rumus_2.csv
	Database/portofolio_virtual_rumus_3.csv
	Database/portofolio_virtual_rumus_4.csv
	Database/portofolio_virtual_rumus_5.csv
	Database/portofolio_virtual_rumus_6.csv
	Database/portofolio_virtual_rumus_7.csv
	Database/portofolio_virtual_rumus_8.csv
	Database/portofolio_virtual_rumus_9.csv
	bot.log
	token_stockbit.txt

no changes added to commit (use "git add" and/or "git commit -a")
Tidak ada perubahan
To https://github.com/ekongh112233-eng/ANALISA-SAHAM.git
   fe8b505..75dcc01  main -> main
To https://github.com/ekongh112233-eng/ANALISA-SAHAM.git
 ! [remote rejected]     main -> main (cannot lock ref 'refs/heads/main': is at 75dcc017c28d829877d4485f156a5d462ce27b64 but expected fe8b5054b3f0c0b2e21275196b798eb1fffba33b)
error: failed to push some refs to 'https://github.com/ekongh112233-eng/ANALISA-SAHAM.git'
⏳ Memulai pembaruan data saham (Ultimate Diagnostic Mode)...
📥 Mengunduh 962 data saham secara bersamaan (Maks 8 jalur)...
⚡ Memproses teknikal, fundamental, berita & broksum secara Paralel (Safe Mode)...
🧠 Menjalankan Algoritma Machine Learning (Mendeteksi Anomali Bandar)...
✅ Machine Learning selesai mendeteksi anomali!
🗂️ Memecah data historis 5-menitan ke dalam 3 Folder Kelas...
✅ Selesai! Data Web diperbarui & Diarsipkan ke sistem 3 Folder (Arsip_Data_Saham).
[13:51:39] Membangunkan Bot Simulator AI...
✅ Inspeksi 9 Arena selesai.
From https://github.com/ekongh112233-eng/ANALISA-SAHAM
 * branch                main       -> FETCH_HEAD
Already up to date.
fatal: pathspec 'hasil_screener.csv' did not match any files
fatal: pathspec 'portofolio_virtual.csv' did not match any files
fatal: pathspec 'history_trade.csv' did not match any files
fatal: pathspec 'sinyal_ai.csv' did not match any files
[main 1c2c8785c] Auto-update data, arsip, dan bot simulator
 911 files changed, 911 insertions(+)
To https://github.com/ekongh112233-eng/ANALISA-SAHAM.git
   75dcc017c..1c2c8785c  main -> main
⏳ Memulai pembaruan data saham (Ultimate Diagnostic Mode)...
📥 Mengunduh 962 data saham secara bersamaan (Maks 8 jalur)...
⚡ Memproses teknikal, fundamental, berita & broksum secara Paralel (Safe Mode)...
🧠 Menjalankan Algoritma Machine Learning (Mendeteksi Anomali Bandar)...
✅ Machine Learning selesai mendeteksi anomali!
🗂️ Memecah data historis 5-menitan ke dalam 3 Folder Kelas...
✅ Selesai! Data Web diperbarui & Diarsipkan ke sistem 3 Folder (Arsip_Data_Saham).
[13:51:51] Membangunkan Bot Simulator AI...
✅ Inspeksi 9 Arena selesai.
From https://github.com/ekongh112233-eng/ANALISA-SAHAM
 * branch                main       -> FETCH_HEAD
Already up to date.
fatal: pathspec 'hasil_screener.csv' did not match any files
fatal: pathspec 'portofolio_virtual.csv' did not match any files
fatal: pathspec 'history_trade.csv' did not match any files
fatal: pathspec 'sinyal_ai.csv' did not match any files
[main 382507384] Auto-update data, arsip, dan bot simulator
 911 files changed, 911 insertions(+)
To https://github.com/ekongh112233-eng/ANALISA-SAHAM.git
   1c2c8785c..382507384  main -> main
⏳ Memulai pembaruan data saham (Ultimate Diagnostic Mode)...
📥 Mengunduh 962 data saham secara bersamaan (Maks 8 jalur)...
⚡ Memproses teknikal, fundamental, berita & broksum secara Paralel (Safe Mode)...
🧠 Menjalankan Algoritma Machine Learning (Mendeteksi Anomali Bandar)...
✅ Machine Learning selesai mendeteksi anomali!
🗂️ Memecah data historis 5-menitan ke dalam 3 Folder Kelas...
✅ Selesai! Data Web diperbarui & Diarsipkan ke sistem 3 Folder (Arsip_Data_Saham).
[14:00:41] Membangunkan Bot Simulator AI...
✅ Inspeksi 9 Arena selesai.
From https://github.com/ekongh112233-eng/ANALISA-SAHAM
 * branch                main       -> FETCH_HEAD
Already up to date.
fatal: pathspec 'hasil_screener.csv' did not match any files
fatal: pathspec 'portofolio_virtual.csv' did not match any files
fatal: pathspec 'history_trade.csv' did not match any files
fatal: pathspec 'sinyal_ai.csv' did not match any files
[main 8e36e84d7] Auto-update data, arsip, dan bot simulator
 911 files changed, 911 insertions(+)
To https://github.com/ekongh112233-eng/ANALISA-SAHAM.git
   382507384..8e36e84d7  main -> main
⏳ Memulai pembaruan data saham (Ultimate Diagnostic Mode)...
📥 Mengunduh 962 data saham secara bersamaan (Maks 8 jalur)...
⚡ Memproses teknikal, fundamental, berita & broksum secara Paralel (Safe Mode)...
🧠 Menjalankan Algoritma Machine Learning (Mendeteksi Anomali Bandar)...
✅ Machine Learning selesai mendeteksi anomali!
🗂️ Memecah data historis 5-menitan ke dalam 3 Folder Kelas...
✅ Selesai! Data Web diperbarui & Diarsipkan ke sistem 3 Folder (Arsip_Data_Saham).
[14:01:02] Membangunkan Bot Simulator AI...
✅ Inspeksi 9 Arena selesai.
From https://github.com/ekongh112233-eng/ANALISA-SAHAM
 * branch                main       -> FETCH_HEAD
Already up to date.
fatal: pathspec 'hasil_screener.csv' did not match any files
fatal: pathspec 'portofolio_virtual.csv' did not match any files
fatal: pathspec 'history_trade.csv' did not match any files
fatal: pathspec 'sinyal_ai.csv' did not match any files
[main 42ce3a3a1] Auto-update data, arsip, dan bot simulator
 911 files changed, 911 insertions(+)
To https://github.com/ekongh112233-eng/ANALISA-SAHAM.git
   8e36e84d7..42ce3a3a1  main -> main
⏳ Memulai pembaruan data saham (Ultimate Diagnostic Mode)...
📥 Mengunduh 962 data saham secara bersamaan (Maks 8 jalur)...
⚡ Memproses teknikal, fundamental, berita & broksum secara Paralel (Safe Mode)...
🧠 Menjalankan Algoritma Machine Learning (Mendeteksi Anomali Bandar)...
✅ Machine Learning selesai mendeteksi anomali!
🗂️ Memecah data historis 5-menitan ke dalam 3 Folder Kelas...
✅ Selesai! Data Web diperbarui & Diarsipkan ke sistem 3 Folder (Arsip_Data_Saham).
[14:10:40] Membangunkan Bot Simulator AI...
✅ Inspeksi 9 Arena selesai.
From https://github.com/ekongh112233-eng/ANALISA-SAHAM
 * branch                main       -> FETCH_HEAD
Already up to date.
fatal: pathspec 'hasil_screener.csv' did not match any files
fatal: pathspec 'portofolio_virtual.csv' did not match any files
fatal: pathspec 'history_trade.csv' did not match any files
fatal: pathspec 'sinyal_ai.csv' did not match any files
[main f44e218c0] Auto-update data, arsip, dan bot simulator
 911 files changed, 911 insertions(+)
To https://github.com/ekongh112233-eng/ANALISA-SAHAM.git
   42ce3a3a1d..f44e218c03  main -> main
⏳ Memulai pembaruan data saham (Ultimate Diagnostic Mode)...
📥 Mengunduh 962 data saham secara bersamaan (Maks 8 jalur)...
⚡ Memproses teknikal, fundamental, berita & broksum secara Paralel (Safe Mode)...
🧠 Menjalankan Algoritma Machine Learning (Mendeteksi Anomali Bandar)...
✅ Machine Learning selesai mendeteksi anomali!
🗂️ Memecah data historis 5-menitan ke dalam 3 Folder Kelas...
✅ Selesai! Data Web diperbarui & Diarsipkan ke sistem 3 Folder (Arsip_Data_Saham).
[14:10:56] Membangunkan Bot Simulator AI...
✅ Inspeksi 9 Arena selesai.
From https://github.com/ekongh112233-eng/ANALISA-SAHAM
 * branch                main       -> FETCH_HEAD
Already up to date.
fatal: pathspec 'hasil_screener.csv' did not match any files
fatal: pathspec 'portofolio_virtual.csv' did not match any files
fatal: pathspec 'history_trade.csv' did not match any files
fatal: pathspec 'sinyal_ai.csv' did not match any files
[main c55929f3f] Auto-update data, arsip, dan bot simulator
 911 files changed, 911 insertions(+)
To https://github.com/ekongh112233-eng/ANALISA-SAHAM.git
   f44e218c0..c55929f3f  main -> main
⏳ Memulai pembaruan data saham (Ultimate Diagnostic Mode)...
📥 Mengunduh 962 data saham secara bersamaan (Maks 8 jalur)...
⚡ Memproses teknikal, fundamental, berita & broksum secara Paralel (Safe Mode)...
🧠 Menjalankan Algoritma Machine Learning (Mendeteksi Anomali Bandar)...
✅ Machine Learning selesai mendeteksi anomali!
🗂️ Memecah data historis 5-menitan ke dalam 3 Folder Kelas...
✅ Selesai! Data Web diperbarui & Diarsipkan ke sistem 3 Folder (Arsip_Data_Saham).
⏳ Memulai pembaruan data saham (Ultimate Diagnostic Mode)...
📥 Mengunduh 962 data saham secara bersamaan (Maks 8 jalur)...
⚡ Memproses teknikal, fundamental, berita & broksum secara Paralel (Safe Mode)...
🧠 Menjalankan Algoritma Machine Learning (Mendeteksi Anomali Bandar)...
✅ Machine Learning selesai mendeteksi anomali!
🗂️ Memecah data historis 5-menitan ke dalam 3 Folder Kelas...
✅ Selesai! Data Web diperbarui & Diarsipkan ke sistem 3 Folder (Arsip_Data_Saham).
[14:20:57] Membangunkan Bot Simulator AI...
✅ Inspeksi 9 Arena selesai.
[14:20:57] Membangunkan Bot Simulator AI...
✅ Inspeksi 9 Arena selesai.
From https://github.com/ekongh112233-eng/ANALISA-SAHAM
 * branch                main       -> FETCH_HEAD
Already up to date.
fatal: pathspec 'hasil_screener.csv' did not match any files
fatal: pathspec 'portofolio_virtual.csv' did not match any files
fatal: pathspec 'history_trade.csv' did not match any files
fatal: pathspec 'sinyal_ai.csv' did not match any files
[main 08ad81dbc] Auto-update data, arsip, dan bot simulator
 911 files changed, 1822 insertions(+)
From https://github.com/ekongh112233-eng/ANALISA-SAHAM
 * branch                main       -> FETCH_HEAD
warning: fetch updated the current branch head.
fast-forwarding your working tree from
commit c55929f3f72bf46ba1518898bae6f4e7ece1329a.
error: Your local changes to the following files would be overwritten by merge:
	Arsip_Data_Saham/Kelas_1_Gorengan_50_200/ABBA_arsip.csv
	Arsip_Data_Saham/Kelas_1_Gorengan_50_200/ACRO_arsip.csv
	Arsip_Data_Saham/Kelas_1_Gorengan_50_200/ACST_arsip.csv
	Arsip_Data_Saham/Kelas_1_Gorengan_50_200/ADCP_arsip.csv
	Arsip_Data_Saham/Kelas_1_Gorengan_50_200/ADHI_arsip.csv
	Arsip_Data_Saham/Kelas_1_Gorengan_50_200/AEGS_arsip.csv
	Arsip_Data_Saham/Kelas_1_Gorengan_50_200/AGRO_arsip.csv
	Arsip_Data_Saham/Kelas_1_Gorengan_50_200/AGRS_arsip.csv
	Arsip_Data_Saham/Kelas_1_Gorengan_50_200/AHAP_arsip.csv
	Arsip_Data_Saham/Kelas_1_Gorengan_50_200/AISA_arsip.csv
	Arsip_Data_Saham/Kelas_1_Gorengan_50_200/AKKU_arsip.csv
	Arsip_Data_Saham/Kelas_1_Gorengan_50_200/ALMI_arsip.csv
	Arsip_Data_Saham/Kelas_1_Gorengan_50_200/ALTO_arsip.csv
	Arsip_Data_Saham/Kelas_1_Gorengan_50_200/AMMS_arsip.csv
	Arsip_Data_Saham/Kelas_1_Gorengan_50_200/ANDI_arsip.csv
	Arsip_Data_Saham/Kelas_1_Gorengan_50_200/APEX_arsip.csv
	Arsip_Data_Saham/Kelas_1_Gorengan_50_200/APII_arsip.csv
	Arsip_Data_Saham/Kelas_1_Gorengan_50_200/APLN_arsip.csv
	Arsip_Data_Saham/Kelas_1_Gorengan_50_200/ARKA_arsip.csv
	Arsip_Data_Saham/Kelas_1_Gorengan_50_200/ARTI_arsip.csv
	Arsip_Data_Saham/Kelas_1_Gorengan_50_200/ASHA_arsip.csv
	Arsip_Data_Saham/Kelas_1_Gorengan_50_200/ASJT_arsip.csv
	Arsip_Data_Saham/Kelas_1_Gorengan_50_200/ASLC_arsip.csv
	Arsip_Data_Saham/Kelas_1_Gorengan_50_200/ASMI_arsip.csv
	Arsip_Data_Saham/Kelas_1_Gorengan_50_200/ASPR_arsip.csv
	Arsip_Data_Saham/Kelas_1_Gorengan_50_200/ASRI_arsip.csv
	Arsip_Data_Saham/Kelas_1_Gorengan_50_200/ATLA_arsip.csv
	Arsip_Data_Saham/Kelas_1_Gorengan_50_200/AWAN_arsip.csv
	Arsip_Data_Saham/Kelas_1_Gorengan_50_200/AXIO_arsip.csv
	Arsip_Data_Saham/Kelas_1_Gorengan_50_200/AYLS_arsip.csv
	Arsip_Data_Saham/Kelas_1_Gorengan_50_200/BABP_arsip.csv
	Arsip_Data_Saham/Kelas_1_Gorengan_50_200/BACA_arsip.csv
	Arsip_Data_Saham/Kelas_1_Gorengan_50_200/BAPA_arsip.csv
	Arsip_Data_Saham/Kelas_1_Gorengan_50_200/BAPI_arsip.csv
	Arsip_Data_Saham/Kelas_1_Gorengan_50_200/BATA_arsip.csv
	Arsip_Data_Saham/Kelas_1_Gorengan_50_200/BATR_arsip.csv
	Arsip_Data_Saham/Kelas_1_Gorengan_50_200/BAUT_arsip.csv
	Arsip_Data_Saham/Kelas_1_Gorengan_50_200/BBKP_arsip.csv
	Arsip_Data_Saham/Kelas_1_Gorengan_50_200/BBRM_arsip.csv
	Arsip_Data_Saham/Kelas_1_Gorengan_50_200/BBSS_arsip.csv
	Arsip_Data_Saham/Kelas_1_Gorengan_50_200/BCAP_arsip.csv
	Arsip_Data_Saham/Kelas_1_Gorengan_50_200/BCIC_arsip.csv
	Arsip_Data_Saham/Kelas_1_Gorengan_50_200/BCIP_arsip.csv
	Arsip_Data_Saham/Kelas_1_Gorengan_50_200/BDKR_arsip.csv
	Arsip_Data_Saham/Kelas_1_Gorengan_50_200/BEBS_arsip.csv
	Arsip_Data_Saham/Kelas_1_Gorengan_50_200/BEER_arsip.csv
	Arsip_Data_Saham/Kelas_1_Gorengan_50_200/BEKS_arsip.csv
	Arsip_Data_Saham/Kelas_1_Gorengan_50_200/BELL_arsip.csv
	Arsip_Data_Saham/Kelas_1_Gorengan_50_200/BEST_arsip.csv
	Arsip_Data_Saham/Kelas_1_Gorengan_50_200/BGTG_arsip.csv
	Arsip_Data_Saham/Kelas_1_Gorengan_50_200/BHIT_arsip.csv
	Arsip_Data_Saham/Kelas_1_Gorengan_50_200/BIKA_arsip.csv
	Arsip_Data_Saham/Kelas_1_Gorengan_50_200/BIMA_arsip.csv
	Arsip_Data_Saham/Kelas_1_Gorengan_50_200/BINO_arsip.csv
	Arsip_Data_Saham/Kelas_1_Gorengan_50_200/BIPI_arsip.csv
	Arsip_Data_Saham/Kelas_1_Gorengan_50_200/BIPP_arsip.csv
	Arsip_Data_Saham/Kelas_1_Gorengan_50_200/BKDP_arsip.csv
	Arsip_Data_Saham/Kelas_1_Gorengan_50_200/BKSL_arsip.csv
	Arsip_Data_Saham/Kelas_1_Gorengan_50_200/BKSW_arsip.csv
	Arsip_Data_Saham/Kelas_1_Gorengan_50_200/BLTA_arsip.csv
	Arsip_Data_Saham/Kelas_1_Gorengan_50_200/BMBL_arsip.csv
	Arsip_Data_Saham/Kelas_1_Gorengan_50_200/BMHS_arsip.csv
	Arsip_Data_Saham/Kelas_1_Gorengan_50_200/BMTR_arsip.csv
	Arsip_Data_Saham/Kelas_1_Gorengan_50_200/BNBR_arsip.csv
	Arsip_Data_Saham/Kelas_1_Gorengan_50_200/BNII_arsip.csv
	Arsip_Data_Saham/Kelas_1_Gorengan_50_200/BOAT_arsip.csv
	Arsip_Data_Saham/Kelas_1_Gorengan_50_200/BOLA_arsip.csv
	Arsip_Data_Saham/Kelas_1_Gorengan_50_200/BOSS_arsip.csv
	Arsip_Data_Saham/Kelas_1_Gorengan_50_200/BPTR_arsip.csv
	Arsip_Data_Saham/Kelas_1_Gorengan_50_200/BRRC_arsip.csv
	Arsip_Data_Saham/Kelas_1
Aborting
fatal: Cannot fast-forward your working tree.
After making sure that you saved anything precious from
$ git diff c55929f3f72bf46ba1518898bae6f4e7ece1329a
output, run
$ git reset --hard
to recover.
fatal: pathspec 'hasil_screener.csv' did not match any files
fatal: pathspec 'portofolio_virtual.csv' did not match any files
fatal: pathspec 'history_trade.csv' did not match any files
fatal: pathspec 'sinyal_ai.csv' did not match any files
On branch main
Your branch is ahead of 'origin/main' by 1 commit.
  (use "git push" to publish your local commits)

Changes not staged for commit:
  (use "git add/rm <file>..." to update what will be committed)
  (use "git restore <file>..." to discard changes in working directory)
	deleted:    Arsip_Data_Harian/screener_2026-08-07.csv
	deleted:    Arsip_Data_Harian/screener_2026-08-10.csv
	modified:   Database/hasil_screener.csv

Untracked files:
  (use "git add <file>..." to include in what will be committed)
	.env
	Arsip_Data_Harian/screener_2026-08-20.csv
	Database/history_trade_rumus_1.csv
	Database/history_trade_rumus_2.csv
	Database/history_trade_rumus_3.csv
	Database/history_trade_rumus_4.csv
	Database/history_trade_rumus_5.csv
	Database/history_trade_rumus_6.csv
	Database/history_trade_rumus_7.csv
	Database/history_trade_rumus_8.csv
	Database/history_trade_rumus_9.csv
	Database/portofolio_virtual_rumus_1.csv
	Database/portofolio_virtual_rumus_2.csv
	Database/portofolio_virtual_rumus_3.csv
	Database/portofolio_virtual_rumus_4.csv
	Database/portofolio_virtual_rumus_5.csv
	Database/portofolio_virtual_rumus_6.csv
	Database/portofolio_virtual_rumus_7.csv
	Database/portofolio_virtual_rumus_8.csv
	Database/portofolio_virtual_rumus_9.csv
	bot.log
	token_stockbit.txt

no changes added to commit (use "git add" and/or "git commit -a")
Tidak ada perubahan
To https://github.com/ekongh112233-eng/ANALISA-SAHAM.git
   c55929f3f..08ad81dbc  main -> main
To https://github.com/ekongh112233-eng/ANALISA-SAHAM.git
 ! [remote rejected]     main -> main (cannot lock ref 'refs/heads/main': is at 08ad81dbce28020e99807f910b5cc24fd14f3a89 but expected c55929f3f72bf46ba1518898bae6f4e7ece1329a)
error: failed to push some refs to 'https://github.com/ekongh112233-eng/ANALISA-SAHAM.git'
⏳ Memulai pembaruan data saham (Ultimate Diagnostic Mode)...
📥 Mengunduh 962 data saham secara bersamaan (Maks 8 jalur)...
⚡ Memproses teknikal, fundamental, berita & broksum secara Paralel (Safe Mode)...
🧠 Menjalankan Algoritma Machine Learning (Mendeteksi Anomali Bandar)...
✅ Machine Learning selesai mendeteksi anomali!
🗂️ Memecah data historis 5-menitan ke dalam 3 Folder Kelas...
✅ Selesai! Data Web diperbarui & Diarsipkan ke sistem 3 Folder (Arsip_Data_Saham).
[14:30:58] Membangunkan Bot Simulator AI...
✅ Inspeksi 9 Arena selesai.
From https://github.com/ekongh112233-eng/ANALISA-SAHAM
 * branch                main       -> FETCH_HEAD
Already up to date.
fatal: pathspec 'hasil_screener.csv' did not match any files
fatal: pathspec 'portofolio_virtual.csv' did not match any files
fatal: pathspec 'history_trade.csv' did not match any files
fatal: pathspec 'sinyal_ai.csv' did not match any files
[main aa7aa9836] Auto-update data, arsip, dan bot simulator
 911 files changed, 911 insertions(+)
To https://github.com/ekongh112233-eng/ANALISA-SAHAM.git
   08ad81dbc..aa7aa9836  main -> main
⏳ Memulai pembaruan data saham (Ultimate Diagnostic Mode)...
📥 Mengunduh 962 data saham secara bersamaan (Maks 8 jalur)...
⚡ Memproses teknikal, fundamental, berita & broksum secara Paralel (Safe Mode)...
🧠 Menjalankan Algoritma Machine Learning (Mendeteksi Anomali Bandar)...
✅ Machine Learning selesai mendeteksi anomali!
🗂️ Memecah data historis 5-menitan ke dalam 3 Folder Kelas...
✅ Selesai! Data Web diperbarui & Diarsipkan ke sistem 3 Folder (Arsip_Data_Saham).
[14:31:38] Membangunkan Bot Simulator AI...
✅ Inspeksi 9 Arena selesai.
From https://github.com/ekongh112233-eng/ANALISA-SAHAM
 * branch                main       -> FETCH_HEAD
Already up to date.
fatal: pathspec 'hasil_screener.csv' did not match any files
fatal: pathspec 'portofolio_virtual.csv' did not match any files
fatal: pathspec 'history_trade.csv' did not match any files
fatal: pathspec 'sinyal_ai.csv' did not match any files
[main eb30c8cc9] Auto-update data, arsip, dan bot simulator
 911 files changed, 911 insertions(+)
To https://github.com/ekongh112233-eng/ANALISA-SAHAM.git
   aa7aa9836..eb30c8cc9  main -> main
⏳ Memulai pembaruan data saham (Ultimate Diagnostic Mode)...
📥 Mengunduh 962 data saham secara bersamaan (Maks 8 jalur)...
⚡ Memproses teknikal, fundamental, berita & broksum secara Paralel (Safe Mode)...
🧠 Menjalankan Algoritma Machine Learning (Mendeteksi Anomali Bandar)...
✅ Machine Learning selesai mendeteksi anomali!
🗂️ Memecah data historis 5-menitan ke dalam 3 Folder Kelas...
✅ Selesai! Data Web diperbarui & Diarsipkan ke sistem 3 Folder (Arsip_Data_Saham).
[14:39:59] Membangunkan Bot Simulator AI...
✅ Inspeksi 9 Arena selesai.
From https://github.com/ekongh112233-eng/ANALISA-SAHAM
 * branch                main       -> FETCH_HEAD
Already up to date.
fatal: pathspec 'hasil_screener.csv' did not match any files
fatal: pathspec 'portofolio_virtual.csv' did not match any files
fatal: pathspec 'history_trade.csv' did not match any files
fatal: pathspec 'sinyal_ai.csv' did not match any files
[main 030972e3a] Auto-update data, arsip, dan bot simulator
 911 files changed, 911 insertions(+)
To https://github.com/ekongh112233-eng/ANALISA-SAHAM.git
   eb30c8cc9..030972e3a  main -> main
⏳ Memulai pembaruan data saham (Ultimate Diagnostic Mode)...
📥 Mengunduh 962 data saham secara bersamaan (Maks 8 jalur)...
⚡ Memproses teknikal, fundamental, berita & broksum secara Paralel (Safe Mode)...
🧠 Menjalankan Algoritma Machine Learning (Mendeteksi Anomali Bandar)...
✅ Machine Learning selesai mendeteksi anomali!
🗂️ Memecah data historis 5-menitan ke dalam 3 Folder Kelas...
✅ Selesai! Data Web diperbarui & Diarsipkan ke sistem 3 Folder (Arsip_Data_Saham).
[14:40:15] Membangunkan Bot Simulator AI...
✅ Inspeksi 9 Arena selesai.
From https://github.com/ekongh112233-eng/ANALISA-SAHAM
 * branch                main       -> FETCH_HEAD
Already up to date.
fatal: pathspec 'hasil_screener.csv' did not match any files
fatal: pathspec 'portofolio_virtual.csv' did not match any files
fatal: pathspec 'history_trade.csv' did not match any files
fatal: pathspec 'sinyal_ai.csv' did not match any files
[main 72cc64d1a] Auto-update data, arsip, dan bot simulator
 911 files changed, 911 insertions(+)
To https://github.com/ekongh112233-eng/ANALISA-SAHAM.git
   030972e3a..72cc64d1a  main -> main
⏳ Memulai pembaruan data saham (Ultimate Diagnostic Mode)...
📥 Mengunduh 962 data saham secara bersamaan (Maks 8 jalur)...
⚡ Memproses teknikal, fundamental, berita & broksum secara Paralel (Safe Mode)...
🧠 Menjalankan Algoritma Machine Learning (Mendeteksi Anomali Bandar)...
✅ Machine Learning selesai mendeteksi anomali!
🗂️ Memecah data historis 5-menitan ke dalam 3 Folder Kelas...
✅ Selesai! Data Web diperbarui & Diarsipkan ke sistem 3 Folder (Arsip_Data_Saham).
⏳ Memulai pembaruan data saham (Ultimate Diagnostic Mode)...
📥 Mengunduh 962 data saham secara bersamaan (Maks 8 jalur)...
⚡ Memproses teknikal, fundamental, berita & broksum secara Paralel (Safe Mode)...
🧠 Menjalankan Algoritma Machine Learning (Mendeteksi Anomali Bandar)...
✅ Machine Learning selesai mendeteksi anomali!
🗂️ Memecah data historis 5-menitan ke dalam 3 Folder Kelas...
✅ Selesai! Data Web diperbarui & Diarsipkan ke sistem 3 Folder (Arsip_Data_Saham).
[14:51:50] Membangunkan Bot Simulator AI...
✅ Inspeksi 9 Arena selesai.
[14:51:50] Membangunkan Bot Simulator AI...
✅ Inspeksi 9 Arena selesai.
From https://github.com/ekongh112233-eng/ANALISA-SAHAM
 * branch                main       -> FETCH_HEAD
Already up to date.
fatal: pathspec 'hasil_screener.csv' did not match any files
fatal: pathspec 'portofolio_virtual.csv' did not match any files
fatal: pathspec 'history_trade.csv' did not match any files
fatal: pathspec 'sinyal_ai.csv' did not match any files
[main aab9a6d2d] Auto-update data, arsip, dan bot simulator
 911 files changed, 1822 insertions(+)
From https://github.com/ekongh112233-eng/ANALISA-SAHAM
 * branch                main       -> FETCH_HEAD
warning: fetch updated the current branch head.
fast-forwarding your working tree from
commit 72cc64d1ae15696335e7b3d0abb55cf85a90368d.
error: Your local changes to the following files would be overwritten by merge:
	Arsip_Data_Saham/Kelas_1_Gorengan_50_200/ABBA_arsip.csv
	Arsip_Data_Saham/Kelas_1_Gorengan_50_200/ACRO_arsip.csv
	Arsip_Data_Saham/Kelas_1_Gorengan_50_200/ACST_arsip.csv
	Arsip_Data_Saham/Kelas_1_Gorengan_50_200/ADCP_arsip.csv
	Arsip_Data_Saham/Kelas_1_Gorengan_50_200/ADHI_arsip.csv
	Arsip_Data_Saham/Kelas_1_Gorengan_50_200/AEGS_arsip.csv
	Arsip_Data_Saham/Kelas_1_Gorengan_50_200/AGRO_arsip.csv
	Arsip_Data_Saham/Kelas_1_Gorengan_50_200/AGRS_arsip.csv
	Arsip_Data_Saham/Kelas_1_Gorengan_50_200/AHAP_arsip.csv
	Arsip_Data_Saham/Kelas_1_Gorengan_50_200/AISA_arsip.csv
	Arsip_Data_Saham/Kelas_1_Gorengan_50_200/AKKU_arsip.csv
	Arsip_Data_Saham/Kelas_1_Gorengan_50_200/ALMI_arsip.csv
	Arsip_Data_Saham/Kelas_1_Gorengan_50_200/ALTO_arsip.csv
	Arsip_Data_Saham/Kelas_1_Gorengan_50_200/AMMS_arsip.csv
	Arsip_Data_Saham/Kelas_1_Gorengan_50_200/ANDI_arsip.csv
	Arsip_Data_Saham/Kelas_1_Gorengan_50_200/APEX_arsip.csv
	Arsip_Data_Saham/Kelas_1_Gorengan_50_200/APII_arsip.csv
	Arsip_Data_Saham/Kelas_1_Gorengan_50_200/APLN_arsip.csv
	Arsip_Data_Saham/Kelas_1_Gorengan_50_200/ARKA_arsip.csv
	Arsip_Data_Saham/Kelas_1_Gorengan_50_200/ARTI_arsip.csv
	Arsip_Data_Saham/Kelas_1_Gorengan_50_200/ASHA_arsip.csv
	Arsip_Data_Saham/Kelas_1_Gorengan_50_200/ASJT_arsip.csv
	Arsip_Data_Saham/Kelas_1_Gorengan_50_200/ASLC_arsip.csv
	Arsip_Data_Saham/Kelas_1_Gorengan_50_200/ASMI_arsip.csv
	Arsip_Data_Saham/Kelas_1_Gorengan_50_200/ASPR_arsip.csv
	Arsip_Data_Saham/Kelas_1_Gorengan_50_200/ASRI_arsip.csv
	Arsip_Data_Saham/Kelas_1_Gorengan_50_200/ATLA_arsip.csv
	Arsip_Data_Saham/Kelas_1_Gorengan_50_200/AWAN_arsip.csv
	Arsip_Data_Saham/Kelas_1_Gorengan_50_200/AXIO_arsip.csv
	Arsip_Data_Saham/Kelas_1_Gorengan_50_200/AYLS_arsip.csv
	Arsip_Data_Saham/Kelas_1_Gorengan_50_200/BABP_arsip.csv
	Arsip_Data_Saham/Kelas_1_Gorengan_50_200/BACA_arsip.csv
	Arsip_Data_Saham/Kelas_1_Gorengan_50_200/BAPA_arsip.csv
	Arsip_Data_Saham/Kelas_1_Gorengan_50_200/BAPI_arsip.csv
	Arsip_Data_Saham/Kelas_1_Gorengan_50_200/BATA_arsip.csv
	Arsip_Data_Saham/Kelas_1_Gorengan_50_200/BATR_arsip.csv
	Arsip_Data_Saham/Kelas_1_Gorengan_50_200/BAUT_arsip.csv
	Arsip_Data_Saham/Kelas_1_Gorengan_50_200/BBKP_arsip.csv
	Arsip_Data_Saham/Kelas_1_Gorengan_50_200/BBRM_arsip.csv
	Arsip_Data_Saham/Kelas_1_Gorengan_50_200/BBSS_arsip.csv
	Arsip_Data_Saham/Kelas_1_Gorengan_50_200/BCAP_arsip.csv
	Arsip_Data_Saham/Kelas_1_Gorengan_50_200/BCIC_arsip.csv
	Arsip_Data_Saham/Kelas_1_Gorengan_50_200/BCIP_arsip.csv
	Arsip_Data_Saham/Kelas_1_Gorengan_50_200/BDKR_arsip.csv
	Arsip_Data_Saham/Kelas_1_Gorengan_50_200/BEBS_arsip.csv
	Arsip_Data_Saham/Kelas_1_Gorengan_50_200/BEER_arsip.csv
	Arsip_Data_Saham/Kelas_1_Gorengan_50_200/BEKS_arsip.csv
	Arsip_Data_Saham/Kelas_1_Gorengan_50_200/BELL_arsip.csv
	Arsip_Data_Saham/Kelas_1_Gorengan_50_200/BEST_arsip.csv
	Arsip_Data_Saham/Kelas_1_Gorengan_50_200/BGTG_arsip.csv
	Arsip_Data_Saham/Kelas_1_Gorengan_50_200/BHIT_arsip.csv
	Arsip_Data_Saham/Kelas_1_Gorengan_50_200/BIKA_arsip.csv
	Arsip_Data_Saham/Kelas_1_Gorengan_50_200/BIMA_arsip.csv
	Arsip_Data_Saham/Kelas_1_Gorengan_50_200/BINO_arsip.csv
	Arsip_Data_Saham/Kelas_1_Gorengan_50_200/BIPI_arsip.csv
	Arsip_Data_Saham/Kelas_1_Gorengan_50_200/BIPP_arsip.csv
	Arsip_Data_Saham/Kelas_1_Gorengan_50_200/BKDP_arsip.csv
	Arsip_Data_Saham/Kelas_1_Gorengan_50_200/BKSL_arsip.csv
	Arsip_Data_Saham/Kelas_1_Gorengan_50_200/BKSW_arsip.csv
	Arsip_Data_Saham/Kelas_1_Gorengan_50_200/BLTA_arsip.csv
	Arsip_Data_Saham/Kelas_1_Gorengan_50_200/BMBL_arsip.csv
	Arsip_Data_Saham/Kelas_1_Gorengan_50_200/BMHS_arsip.csv
	Arsip_Data_Saham/Kelas_1_Gorengan_50_200/BMTR_arsip.csv
	Arsip_Data_Saham/Kelas_1_Gorengan_50_200/BNBR_arsip.csv
	Arsip_Data_Saham/Kelas_1_Gorengan_50_200/BNII_arsip.csv
	Arsip_Data_Saham/Kelas_1_Gorengan_50_200/BOAT_arsip.csv
	Arsip_Data_Saham/Kelas_1_Gorengan_50_200/BOLA_arsip.csv
	Arsip_Data_Saham/Kelas_1_Gorengan_50_200/BOSS_arsip.csv
	Arsip_Data_Saham/Kelas_1_Gorengan_50_200/BPTR_arsip.csv
	Arsip_Data_Saham/Kelas_1_Gorengan_50_200/BRRC_arsip.csv
	Arsip_Data_Saham/Kelas_1
Aborting
fatal: Cannot fast-forward your working tree.
After making sure that you saved anything precious from
$ git diff 72cc64d1ae15696335e7b3d0abb55cf85a90368d
output, run
$ git reset --hard
to recover.
fatal: pathspec 'hasil_screener.csv' did not match any files
fatal: pathspec 'portofolio_virtual.csv' did not match any files
fatal: pathspec 'history_trade.csv' did not match any files
fatal: pathspec 'sinyal_ai.csv' did not match any files
On branch main
Your branch is ahead of 'origin/main' by 1 commit.
  (use "git push" to publish your local commits)

Changes not staged for commit:
  (use "git add/rm <file>..." to update what will be committed)
  (use "git restore <file>..." to discard changes in working directory)
	deleted:    Arsip_Data_Harian/screener_2026-08-07.csv
	deleted:    Arsip_Data_Harian/screener_2026-08-10.csv
	modified:   Database/hasil_screener.csv

Untracked files:
  (use "git add <file>..." to include in what will be committed)
	.env
	Arsip_Data_Harian/screener_2026-08-20.csv
	Database/history_trade_rumus_1.csv
	Database/history_trade_rumus_2.csv
	Database/history_trade_rumus_3.csv
	Database/history_trade_rumus_4.csv
	Database/history_trade_rumus_5.csv
	Database/history_trade_rumus_6.csv
	Database/history_trade_rumus_7.csv
	Database/history_trade_rumus_8.csv
	Database/history_trade_rumus_9.csv
	Database/portofolio_virtual_rumus_1.csv
	Database/portofolio_virtual_rumus_2.csv
	Database/portofolio_virtual_rumus_3.csv
	Database/portofolio_virtual_rumus_4.csv
	Database/portofolio_virtual_rumus_5.csv
	Database/portofolio_virtual_rumus_6.csv
	Database/portofolio_virtual_rumus_7.csv
	Database/portofolio_virtual_rumus_8.csv
	Database/portofolio_virtual_rumus_9.csv
	bot.log
	token_stockbit.txt

no changes added to commit (use "git add" and/or "git commit -a")
Tidak ada perubahan
To https://github.com/ekongh112233-eng/ANALISA-SAHAM.git
   72cc64d1a..aab9a6d2d  main -> main
To https://github.com/ekongh112233-eng/ANALISA-SAHAM.git
 ! [remote rejected]     main -> main (cannot lock ref 'refs/heads/main': is at aab9a6d2d60ccb7af721edb0514c9293cca62356 but expected 72cc64d1ae15696335e7b3d0abb55cf85a90368d)
error: failed to push some refs to 'https://github.com/ekongh112233-eng/ANALISA-SAHAM.git'
⏳ Memulai pembaruan data saham (Ultimate Diagnostic Mode)...
📥 Mengunduh 962 data saham secara bersamaan (Maks 8 jalur)...
⚡ Memproses teknikal, fundamental, berita & broksum secara Paralel (Safe Mode)...
🧠 Menjalankan Algoritma Machine Learning (Mendeteksi Anomali Bandar)...
✅ Machine Learning selesai mendeteksi anomali!
🗂️ Memecah data historis 5-menitan ke dalam 3 Folder Kelas...
✅ Selesai! Data Web diperbarui & Diarsipkan ke sistem 3 Folder (Arsip_Data_Saham).
[15:00:42] Membangunkan Bot Simulator AI...
✅ Inspeksi 9 Arena selesai.
From https://github.com/ekongh112233-eng/ANALISA-SAHAM
 * branch                main       -> FETCH_HEAD
Already up to date.
fatal: pathspec 'hasil_screener.csv' did not match any files
fatal: pathspec 'portofolio_virtual.csv' did not match any files
fatal: pathspec 'history_trade.csv' did not match any files
fatal: pathspec 'sinyal_ai.csv' did not match any files
[main 259f57577] Auto-update data, arsip, dan bot simulator
 911 files changed, 911 insertions(+)
To https://github.com/ekongh112233-eng/ANALISA-SAHAM.git
   aab9a6d2d..259f57577  main -> main
⏳ Memulai pembaruan data saham (Ultimate Diagnostic Mode)...
📥 Mengunduh 962 data saham secara bersamaan (Maks 8 jalur)...
⚡ Memproses teknikal, fundamental, berita & broksum secara Paralel (Safe Mode)...
🧠 Menjalankan Algoritma Machine Learning (Mendeteksi Anomali Bandar)...
✅ Machine Learning selesai mendeteksi anomali!
🗂️ Memecah data historis 5-menitan ke dalam 3 Folder Kelas...
✅ Selesai! Data Web diperbarui & Diarsipkan ke sistem 3 Folder (Arsip_Data_Saham).
[15:01:04] Membangunkan Bot Simulator AI...
✅ Inspeksi 9 Arena selesai.
From https://github.com/ekongh112233-eng/ANALISA-SAHAM
 * branch                main       -> FETCH_HEAD
Already up to date.
fatal: pathspec 'hasil_screener.csv' did not match any files
fatal: pathspec 'portofolio_virtual.csv' did not match any files
fatal: pathspec 'history_trade.csv' did not match any files
fatal: pathspec 'sinyal_ai.csv' did not match any files
[main 78fc30f30] Auto-update data, arsip, dan bot simulator
 911 files changed, 911 insertions(+)
To https://github.com/ekongh112233-eng/ANALISA-SAHAM.git
   259f57577..78fc30f30  main -> main
⏳ Memulai pembaruan data saham (Ultimate Diagnostic Mode)...
📥 Mengunduh 962 data saham secara bersamaan (Maks 8 jalur)...
⚡ Memproses teknikal, fundamental, berita & broksum secara Paralel (Safe Mode)...
🧠 Menjalankan Algoritma Machine Learning (Mendeteksi Anomali Bandar)...
✅ Machine Learning selesai mendeteksi anomali!
🗂️ Memecah data historis 5-menitan ke dalam 3 Folder Kelas...
✅ Selesai! Data Web diperbarui & Diarsipkan ke sistem 3 Folder (Arsip_Data_Saham).
[15:10:39] Membangunkan Bot Simulator AI...
✅ Inspeksi 9 Arena selesai.
From https://github.com/ekongh112233-eng/ANALISA-SAHAM
 * branch                main       -> FETCH_HEAD
Already up to date.
fatal: pathspec 'hasil_screener.csv' did not match any files
fatal: pathspec 'portofolio_virtual.csv' did not match any files
fatal: pathspec 'history_trade.csv' did not match any files
fatal: pathspec 'sinyal_ai.csv' did not match any files
[main f95fa53d6] Auto-update data, arsip, dan bot simulator
 911 files changed, 911 insertions(+)
To https://github.com/ekongh112233-eng/ANALISA-SAHAM.git
   78fc30f30..f95fa53d6  main -> main
⏳ Memulai pembaruan data saham (Ultimate Diagnostic Mode)...
📥 Mengunduh 962 data saham secara bersamaan (Maks 8 jalur)...
⚡ Memproses teknikal, fundamental, berita & broksum secara Paralel (Safe Mode)...
🧠 Menjalankan Algoritma Machine Learning (Mendeteksi Anomali Bandar)...
✅ Machine Learning selesai mendeteksi anomali!
🗂️ Memecah data historis 5-menitan ke dalam 3 Folder Kelas...
✅ Selesai! Data Web diperbarui & Diarsipkan ke sistem 3 Folder (Arsip_Data_Saham).
[15:10:53] Membangunkan Bot Simulator AI...
✅ Inspeksi 9 Arena selesai.
From https://github.com/ekongh112233-eng/ANALISA-SAHAM
 * branch                main       -> FETCH_HEAD
Already up to date.
fatal: pathspec 'hasil_screener.csv' did not match any files
fatal: pathspec 'portofolio_virtual.csv' did not match any files
fatal: pathspec 'history_trade.csv' did not match any files
fatal: pathspec 'sinyal_ai.csv' did not match any files
[main 759eff76a] Auto-update data, arsip, dan bot simulator
 911 files changed, 911 insertions(+)
To https://github.com/ekongh112233-eng/ANALISA-SAHAM.git
   f95fa53d6..759eff76a  main -> main
⏳ Memulai pembaruan data saham (Ultimate Diagnostic Mode)...
📥 Mengunduh 962 data saham secara bersamaan (Maks 8 jalur)...
⚡ Memproses teknikal, fundamental, berita & broksum secara Paralel (Safe Mode)...
🧠 Menjalankan Algoritma Machine Learning (Mendeteksi Anomali Bandar)...
✅ Machine Learning selesai mendeteksi anomali!
🗂️ Memecah data historis 5-menitan ke dalam 3 Folder Kelas...
✅ Selesai! Data Web diperbarui & Diarsipkan ke sistem 3 Folder (Arsip_Data_Saham).
[15:21:03] Membangunkan Bot Simulator AI...
✅ Inspeksi 9 Arena selesai.
From https://github.com/ekongh112233-eng/ANALISA-SAHAM
 * branch                main       -> FETCH_HEAD
Already up to date.
fatal: pathspec 'hasil_screener.csv' did not match any files
fatal: pathspec 'portofolio_virtual.csv' did not match any files
fatal: pathspec 'history_trade.csv' did not match any files
fatal: pathspec 'sinyal_ai.csv' did not match any files
[main f92aa7ccd] Auto-update data, arsip, dan bot simulator
 911 files changed, 911 insertions(+)
To https://github.com/ekongh112233-eng/ANALISA-SAHAM.git
   759eff76a..f92aa7ccd  main -> main
⏳ Memulai pembaruan data saham (Ultimate Diagnostic Mode)...
📥 Mengunduh 962 data saham secara bersamaan (Maks 8 jalur)...
⚡ Memproses teknikal, fundamental, berita & broksum secara Paralel (Safe Mode)...
🧠 Menjalankan Algoritma Machine Learning (Mendeteksi Anomali Bandar)...
✅ Machine Learning selesai mendeteksi anomali!
🗂️ Memecah data historis 5-menitan ke dalam 3 Folder Kelas...
✅ Selesai! Data Web diperbarui & Diarsipkan ke sistem 3 Folder (Arsip_Data_Saham).
[15:22:02] Membangunkan Bot Simulator AI...
✅ Inspeksi 9 Arena selesai.
From https://github.com/ekongh112233-eng/ANALISA-SAHAM
 * branch                main       -> FETCH_HEAD
Already up to date.
fatal: pathspec 'hasil_screener.csv' did not match any files
fatal: pathspec 'portofolio_virtual.csv' did not match any files
fatal: pathspec 'history_trade.csv' did not match any files
fatal: pathspec 'sinyal_ai.csv' did not match any files
[main 517123699] Auto-update data, arsip, dan bot simulator
 911 files changed, 911 insertions(+)
To https://github.com/ekongh112233-eng/ANALISA-SAHAM.git
   f92aa7ccd..517123699  main -> main
⏳ Memulai pembaruan data saham (Ultimate Diagnostic Mode)...
📥 Mengunduh 962 data saham secara bersamaan (Maks 8 jalur)...
⚡ Memproses teknikal, fundamental, berita & broksum secara Paralel (Safe Mode)...
🧠 Menjalankan Algoritma Machine Learning (Mendeteksi Anomali Bandar)...
✅ Machine Learning selesai mendeteksi anomali!
🗂️ Memecah data historis 5-menitan ke dalam 3 Folder Kelas...
✅ Selesai! Data Web diperbarui & Diarsipkan ke sistem 3 Folder (Arsip_Data_Saham).
[15:30:45] Membangunkan Bot Simulator AI...
🧹 WAKTU SQUARE OFF (>= 15:30)! Semua posisi akan dijual paksa. Pembelian baru diblokir.
✅ Inspeksi 9 Arena selesai.
From https://github.com/ekongh112233-eng/ANALISA-SAHAM
 * branch                main       -> FETCH_HEAD
Already up to date.
fatal: pathspec 'hasil_screener.csv' did not match any files
fatal: pathspec 'portofolio_virtual.csv' did not match any files
fatal: pathspec 'history_trade.csv' did not match any files
fatal: pathspec 'sinyal_ai.csv' did not match any files
[main 051df0179] Auto-update data, arsip, dan bot simulator
 911 files changed, 912 insertions(+)
 create mode 100644 Arsip_Data_Saham/Kelas_2_Midcap_201_1000/MAYA_arsip.csv
To https://github.com/ekongh112233-eng/ANALISA-SAHAM.git
   517123699..051df0179  main -> main
⏳ Memulai pembaruan data saham (Ultimate Diagnostic Mode)...
📥 Mengunduh 962 data saham secara bersamaan (Maks 8 jalur)...
⚡ Memproses teknikal, fundamental, berita & broksum secara Paralel (Safe Mode)...
🧠 Menjalankan Algoritma Machine Learning (Mendeteksi Anomali Bandar)...
✅ Machine Learning selesai mendeteksi anomali!
🗂️ Memecah data historis 5-menitan ke dalam 3 Folder Kelas...
✅ Selesai! Data Web diperbarui & Diarsipkan ke sistem 3 Folder (Arsip_Data_Saham).
[15:31:49] Membangunkan Bot Simulator AI...
🧹 WAKTU SQUARE OFF (>= 15:30)! Semua posisi akan dijual paksa. Pembelian baru diblokir.
✅ Inspeksi 9 Arena selesai.
From https://github.com/ekongh112233-eng/ANALISA-SAHAM
 * branch                main       -> FETCH_HEAD
Already up to date.
fatal: pathspec 'hasil_screener.csv' did not match any files
fatal: pathspec 'portofolio_virtual.csv' did not match any files
fatal: pathspec 'history_trade.csv' did not match any files
fatal: pathspec 'sinyal_ai.csv' did not match any files
[main c3130a296] Auto-update data, arsip, dan bot simulator
 911 files changed, 911 insertions(+)
To https://github.com/ekongh112233-eng/ANALISA-SAHAM.git
   051df0179..c3130a296  main -> main
⏳ Memulai pembaruan data saham (Ultimate Diagnostic Mode)...
📥 Mengunduh 962 data saham secara bersamaan (Maks 8 jalur)...
⚡ Memproses teknikal, fundamental, berita & broksum secara Paralel (Safe Mode)...
🧠 Menjalankan Algoritma Machine Learning (Mendeteksi Anomali Bandar)...
✅ Machine Learning selesai mendeteksi anomali!
🗂️ Memecah data historis 5-menitan ke dalam 3 Folder Kelas...
✅ Selesai! Data Web diperbarui & Diarsipkan ke sistem 3 Folder (Arsip_Data_Saham).
[15:40:45] Membangunkan Bot Simulator AI...
🧹 WAKTU SQUARE OFF (>= 15:30)! Semua posisi akan dijual paksa. Pembelian baru diblokir.
✅ Inspeksi 9 Arena selesai.
From https://github.com/ekongh112233-eng/ANALISA-SAHAM
 * branch                main       -> FETCH_HEAD
Already up to date.
fatal: pathspec 'hasil_screener.csv' did not match any files
fatal: pathspec 'portofolio_virtual.csv' did not match any files
fatal: pathspec 'history_trade.csv' did not match any files
fatal: pathspec 'sinyal_ai.csv' did not match any files
[main 1041c2e58] Auto-update data, arsip, dan bot simulator
 911 files changed, 911 insertions(+)
To https://github.com/ekongh112233-eng/ANALISA-SAHAM.git
   c3130a296..1041c2e58  main -> main
⏳ Memulai pembaruan data saham (Ultimate Diagnostic Mode)...
📥 Mengunduh 962 data saham secara bersamaan (Maks 8 jalur)...
⚡ Memproses teknikal, fundamental, berita & broksum secara Paralel (Safe Mode)...
🧠 Menjalankan Algoritma Machine Learning (Mendeteksi Anomali Bandar)...
✅ Machine Learning selesai mendeteksi anomali!
🗂️ Memecah data historis 5-menitan ke dalam 3 Folder Kelas...
✅ Selesai! Data Web diperbarui & Diarsipkan ke sistem 3 Folder (Arsip_Data_Saham).
[15:41:37] Membangunkan Bot Simulator AI...
🧹 WAKTU SQUARE OFF (>= 15:30)! Semua posisi akan dijual paksa. Pembelian baru diblokir.
✅ Inspeksi 9 Arena selesai.
From https://github.com/ekongh112233-eng/ANALISA-SAHAM
 * branch                main       -> FETCH_HEAD
Already up to date.
fatal: pathspec 'hasil_screener.csv' did not match any files
fatal: pathspec 'portofolio_virtual.csv' did not match any files
fatal: pathspec 'history_trade.csv' did not match any files
fatal: pathspec 'sinyal_ai.csv' did not match any files
[main b2116bfe8] Auto-update data, arsip, dan bot simulator
 911 files changed, 911 insertions(+)
To https://github.com/ekongh112233-eng/ANALISA-SAHAM.git
   1041c2e58..b2116bfe8  main -> main
⏳ Memulai pembaruan data saham (Ultimate Diagnostic Mode)...
📥 Mengunduh 962 data saham secara bersamaan (Maks 8 jalur)...
⚡ Memproses teknikal, fundamental, berita & broksum secara Paralel (Safe Mode)...
🧠 Menjalankan Algoritma Machine Learning (Mendeteksi Anomali Bandar)...
✅ Machine Learning selesai mendeteksi anomali!
🗂️ Memecah data historis 5-menitan ke dalam 3 Folder Kelas...
✅ Selesai! Data Web diperbarui & Diarsipkan ke sistem 3 Folder (Arsip_Data_Saham).
[15:49:59] Membangunkan Bot Simulator AI...
🧹 WAKTU SQUARE OFF (>= 15:30)! Semua posisi akan dijual paksa. Pembelian baru diblokir.
✅ Inspeksi 9 Arena selesai.
From https://github.com/ekongh112233-eng/ANALISA-SAHAM
 * branch                main       -> FETCH_HEAD
Already up to date.
fatal: pathspec 'hasil_screener.csv' did not match any files
fatal: pathspec 'portofolio_virtual.csv' did not match any files
fatal: pathspec 'history_trade.csv' did not match any files
fatal: pathspec 'sinyal_ai.csv' did not match any files
[main d6daabc95] Auto-update data, arsip, dan bot simulator
 911 files changed, 911 insertions(+)
To https://github.com/ekongh112233-eng/ANALISA-SAHAM.git
   b2116bfe8a..d6daabc954  main -> main
⏳ Memulai pembaruan data saham (Ultimate Diagnostic Mode)...
📥 Mengunduh 962 data saham secara bersamaan (Maks 8 jalur)...
⚡ Memproses teknikal, fundamental, berita & broksum secara Paralel (Safe Mode)...
🧠 Menjalankan Algoritma Machine Learning (Mendeteksi Anomali Bandar)...
✅ Machine Learning selesai mendeteksi anomali!
🗂️ Memecah data historis 5-menitan ke dalam 3 Folder Kelas...
✅ Selesai! Data Web diperbarui & Diarsipkan ke sistem 3 Folder (Arsip_Data_Saham).
[15:50:11] Membangunkan Bot Simulator AI...
🧹 WAKTU SQUARE OFF (>= 15:30)! Semua posisi akan dijual paksa. Pembelian baru diblokir.
✅ Inspeksi 9 Arena selesai.
From https://github.com/ekongh112233-eng/ANALISA-SAHAM
 * branch                  main       -> FETCH_HEAD
Already up to date.
fatal: pathspec 'hasil_screener.csv' did not match any files
fatal: pathspec 'portofolio_virtual.csv' did not match any files
fatal: pathspec 'history_trade.csv' did not match any files
fatal: pathspec 'sinyal_ai.csv' did not match any files
[main d1c807d553] Auto-update data, arsip, dan bot simulator
 911 files changed, 911 insertions(+)
To https://github.com/ekongh112233-eng/ANALISA-SAHAM.git
   d6daabc954..d1c807d553  main -> main
⏳ Memulai pembaruan data saham (Ultimate Diagnostic Mode)...
📥 Mengunduh 962 data saham secara bersamaan (Maks 8 jalur)...
⚡ Memproses teknikal, fundamental, berita & broksum secara Paralel (Safe Mode)...
🧠 Menjalankan Algoritma Machine Learning (Mendeteksi Anomali Bandar)...
✅ Machine Learning selesai mendeteksi anomali!
🗂️ Memecah data historis 5-menitan ke dalam 3 Folder Kelas...
✅ Selesai! Data Web diperbarui & Diarsipkan ke sistem 3 Folder (Arsip_Data_Saham).
[16:00:00] Membangunkan Bot Simulator AI...
🧹 WAKTU SQUARE OFF (>= 15:30)! Semua posisi akan dijual paksa. Pembelian baru diblokir.
✅ Inspeksi 9 Arena selesai.
From https://github.com/ekongh112233-eng/ANALISA-SAHAM
 * branch                  main       -> FETCH_HEAD
Already up to date.
fatal: pathspec 'hasil_screener.csv' did not match any files
fatal: pathspec 'portofolio_virtual.csv' did not match any files
fatal: pathspec 'history_trade.csv' did not match any files
fatal: pathspec 'sinyal_ai.csv' did not match any files
[main 4005ec1206] Auto-update data, arsip, dan bot simulator
 911 files changed, 912 insertions(+)
 create mode 100644 Arsip_Data_Saham/Kelas_2_Midcap_201_1000/FOLK_arsip.csv
To https://github.com/ekongh112233-eng/ANALISA-SAHAM.git
   d1c807d553..4005ec1206  main -> main
⏳ Memulai pembaruan data saham (Ultimate Diagnostic Mode)...
📥 Mengunduh 962 data saham secara bersamaan (Maks 8 jalur)...
⚡ Memproses teknikal, fundamental, berita & broksum secara Paralel (Safe Mode)...
🧠 Menjalankan Algoritma Machine Learning (Mendeteksi Anomali Bandar)...
✅ Machine Learning selesai mendeteksi anomali!
🗂️ Memecah data historis 5-menitan ke dalam 3 Folder Kelas...
✅ Selesai! Data Web diperbarui & Diarsipkan ke sistem 3 Folder (Arsip_Data_Saham).
[16:00:12] Membangunkan Bot Simulator AI...
🧹 WAKTU SQUARE OFF (>= 15:30)! Semua posisi akan dijual paksa. Pembelian baru diblokir.
✅ Inspeksi 9 Arena selesai.
From https://github.com/ekongh112233-eng/ANALISA-SAHAM
 * branch                  main       -> FETCH_HEAD
Already up to date.
fatal: pathspec 'hasil_screener.csv' did not match any files
fatal: pathspec 'portofolio_virtual.csv' did not match any files
fatal: pathspec 'history_trade.csv' did not match any files
fatal: pathspec 'sinyal_ai.csv' did not match any files
[main 88896cf5f1] Auto-update data, arsip, dan bot simulator
 911 files changed, 911 insertions(+)
To https://github.com/ekongh112233-eng/ANALISA-SAHAM.git
   4005ec1206..88896cf5f1  main -> main
⏳ Memulai pembaruan data saham (Ultimate Diagnostic Mode)...
📥 Mengunduh 962 data saham secara bersamaan (Maks 8 jalur)...
⚡ Memproses teknikal, fundamental, berita & broksum secara Paralel (Safe Mode)...
🧠 Menjalankan Algoritma Machine Learning (Mendeteksi Anomali Bandar)...
✅ Machine Learning selesai mendeteksi anomali!
🗂️ Memecah data historis 5-menitan ke dalam 3 Folder Kelas...
✅ Selesai! Data Web diperbarui & Diarsipkan ke sistem 3 Folder (Arsip_Data_Saham).
[16:10:51] Membangunkan Bot Simulator AI...
🧹 WAKTU SQUARE OFF (>= 15:30)! Semua posisi akan dijual paksa. Pembelian baru diblokir.
✅ Inspeksi 9 Arena selesai.
From https://github.com/ekongh112233-eng/ANALISA-SAHAM
 * branch                  main       -> FETCH_HEAD
Already up to date.
fatal: pathspec 'hasil_screener.csv' did not match any files
fatal: pathspec 'portofolio_virtual.csv' did not match any files
fatal: pathspec 'history_trade.csv' did not match any files
fatal: pathspec 'sinyal_ai.csv' did not match any files
[main f1a704c79f] Auto-update data, arsip, dan bot simulator
 911 files changed, 911 insertions(+)
To https://github.com/ekongh112233-eng/ANALISA-SAHAM.git
   88896cf5f1..f1a704c79f  main -> main
⏳ Memulai pembaruan data saham (Ultimate Diagnostic Mode)...
📥 Mengunduh 962 data saham secara bersamaan (Maks 8 jalur)...
⚡ Memproses teknikal, fundamental, berita & broksum secara Paralel (Safe Mode)...
🧠 Menjalankan Algoritma Machine Learning (Mendeteksi Anomali Bandar)...
✅ Machine Learning selesai mendeteksi anomali!
🗂️ Memecah data historis 5-menitan ke dalam 3 Folder Kelas...
✅ Selesai! Data Web diperbarui & Diarsipkan ke sistem 3 Folder (Arsip_Data_Saham).
[16:10:59] Membangunkan Bot Simulator AI...
🧹 WAKTU SQUARE OFF (>= 15:30)! Semua posisi akan dijual paksa. Pembelian baru diblokir.
✅ Inspeksi 9 Arena selesai.
From https://github.com/ekongh112233-eng/ANALISA-SAHAM
 * branch                    main       -> FETCH_HEAD
Already up to date.
fatal: pathspec 'hasil_screener.csv' did not match any files
fatal: pathspec 'portofolio_virtual.csv' did not match any files
fatal: pathspec 'history_trade.csv' did not match any files
fatal: pathspec 'sinyal_ai.csv' did not match any files
[main ce228531f1d] Auto-update data, arsip, dan bot simulator
 911 files changed, 911 insertions(+)
To https://github.com/ekongh112233-eng/ANALISA-SAHAM.git
   f1a704c79f..ce228531f1  main -> main
⏳ Memulai pembaruan data saham (Ultimate Diagnostic Mode)...
📥 Mengunduh 962 data saham secara bersamaan (Maks 8 jalur)...
⚡ Memproses teknikal, fundamental, berita & broksum secara Paralel (Safe Mode)...
🧠 Menjalankan Algoritma Machine Learning (Mendeteksi Anomali Bandar)...
✅ Machine Learning selesai mendeteksi anomali!
🗂️ Memecah data historis 5-menitan ke dalam 3 Folder Kelas...
✅ Selesai! Data Web diperbarui & Diarsipkan ke sistem 3 Folder (Arsip_Data_Saham).
⏳ Memulai pembaruan data saham (Ultimate Diagnostic Mode)...
📥 Mengunduh 962 data saham secara bersamaan (Maks 8 jalur)...
⚡ Memproses teknikal, fundamental, berita & broksum secara Paralel (Safe Mode)...
🧠 Menjalankan Algoritma Machine Learning (Mendeteksi Anomali Bandar)...
✅ Machine Learning selesai mendeteksi anomali!
🗂️ Memecah data historis 5-menitan ke dalam 3 Folder Kelas...
✅ Selesai! Data Web diperbarui & Diarsipkan ke sistem 3 Folder (Arsip_Data_Saham).
[16:22:05] Membangunkan Bot Simulator AI...
🧹 WAKTU SQUARE OFF (>= 15:30)! Semua posisi akan dijual paksa. Pembelian baru diblokir.
✅ Inspeksi 9 Arena selesai.
[16:22:05] Membangunkan Bot Simulator AI...
🧹 WAKTU SQUARE OFF (>= 15:30)! Semua posisi akan dijual paksa. Pembelian baru diblokir.
✅ Inspeksi 9 Arena selesai.
From https://github.com/ekongh112233-eng/ANALISA-SAHAM
 * branch                  main       -> FETCH_HEAD
Already up to date.
fatal: pathspec 'hasil_screener.csv' did not match any files
From https://github.com/ekongh112233-eng/ANALISA-SAHAM
 * branch                  main       -> FETCH_HEAD
Already up to date.
fatal: Unable to create '/home/kaltaraid/Documents/ANALISA-SAHAM/.git/index.lock': File exists.

Another git process seems to be running in this repository, or the lock file may be stale
fatal: Unable to create '/home/kaltaraid/Documents/ANALISA-SAHAM/.git/index.lock': File exists.

Another git process seems to be running in this repository, or the lock file may be stale
fatal: Unable to create '/home/kaltaraid/Documents/ANALISA-SAHAM/.git/index.lock': File exists.

Another git process seems to be running in this repository, or the lock file may be stale
fatal: Unable to create '/home/kaltaraid/Documents/ANALISA-SAHAM/.git/index.lock': File exists.

Another git process seems to be running in this repository, or the lock file may be stale
fatal: Unable to create '/home/kaltaraid/Documents/ANALISA-SAHAM/.git/index.lock': File exists.

Another git process seems to be running in this repository, or the lock file may be stale
fatal: Unable to create '/home/kaltaraid/Documents/ANALISA-SAHAM/.git/index.lock': File exists.

Another git process seems to be running in this repository, or the lock file may be stale
Tidak ada perubahan
fatal: pathspec 'portofolio_virtual.csv' did not match any files
fatal: pathspec 'history_trade.csv' did not match any files
fatal: pathspec 'sinyal_ai.csv' did not match any files
[main 259f2cedf3] Auto-update data, arsip, dan bot simulator
 912 files changed, 1823 insertions(+)
 create mode 100644 Arsip_Data_Saham/Kelas_2_Midcap_201_1000/KIJA_arsip.csv
Everything up-to-date
To https://github.com/ekongh112233-eng/ANALISA-SAHAM.git
   ce228531f1..259f2cedf3  main -> main
⏳ Memulai pembaruan data saham (Ultimate Diagnostic Mode)...
📥 Mengunduh 962 data saham secara bersamaan (Maks 8 jalur)...
⚡ Memproses teknikal, fundamental, berita & broksum secara Paralel (Safe Mode)...
🧠 Menjalankan Algoritma Machine Learning (Mendeteksi Anomali Bandar)...
✅ Machine Learning selesai mendeteksi anomali!
🗂️ Memecah data historis 5-menitan ke dalam 3 Folder Kelas...
✅ Selesai! Data Web diperbarui & Diarsipkan ke sistem 3 Folder (Arsip_Data_Saham).
[16:30:50] Membangunkan Bot Simulator AI...
🧹 WAKTU SQUARE OFF (>= 15:30)! Semua posisi akan dijual paksa. Pembelian baru diblokir.
✅ Inspeksi 9 Arena selesai.
From https://github.com/ekongh112233-eng/ANALISA-SAHAM
 * branch                  main       -> FETCH_HEAD
Already up to date.
fatal: pathspec 'hasil_screener.csv' did not match any files
fatal: pathspec 'portofolio_virtual.csv' did not match any files
fatal: pathspec 'history_trade.csv' did not match any files
fatal: pathspec 'sinyal_ai.csv' did not match any files
[main d976f71f6e] Auto-update data, arsip, dan bot simulator
 911 files changed, 911 insertions(+)
To https://github.com/ekongh112233-eng/ANALISA-SAHAM.git
   259f2cedf3..d976f71f6e  main -> main
⏳ Memulai pembaruan data saham (Ultimate Diagnostic Mode)...
📥 Mengunduh 962 data saham secara bersamaan (Maks 8 jalur)...
⚡ Memproses teknikal, fundamental, berita & broksum secara Paralel (Safe Mode)...
🧠 Menjalankan Algoritma Machine Learning (Mendeteksi Anomali Bandar)...
✅ Machine Learning selesai mendeteksi anomali!
🗂️ Memecah data historis 5-menitan ke dalam 3 Folder Kelas...
✅ Selesai! Data Web diperbarui & Diarsipkan ke sistem 3 Folder (Arsip_Data_Saham).
[16:31:26] Membangunkan Bot Simulator AI...
🧹 WAKTU SQUARE OFF (>= 15:30)! Semua posisi akan dijual paksa. Pembelian baru diblokir.
✅ Inspeksi 9 Arena selesai.
From https://github.com/ekongh112233-eng/ANALISA-SAHAM
 * branch                main       -> FETCH_HEAD
Already up to date.
fatal: pathspec 'hasil_screener.csv' did not match any files
fatal: pathspec 'portofolio_virtual.csv' did not match any files
fatal: pathspec 'history_trade.csv' did not match any files
fatal: pathspec 'sinyal_ai.csv' did not match any files
[main c2bcdaad5] Auto-update data, arsip, dan bot simulator
 911 files changed, 911 insertions(+)
To https://github.com/ekongh112233-eng/ANALISA-SAHAM.git
   d976f71f6..c2bcdaad5  main -> main
⏳ Memulai pembaruan data saham (Ultimate Diagnostic Mode)...
📥 Mengunduh 962 data saham secara bersamaan (Maks 8 jalur)...
⚡ Memproses teknikal, fundamental, berita & broksum secara Paralel (Safe Mode)...
🧠 Menjalankan Algoritma Machine Learning (Mendeteksi Anomali Bandar)...
✅ Machine Learning selesai mendeteksi anomali!
🗂️ Memecah data historis 5-menitan ke dalam 3 Folder Kelas...
✅ Selesai! Data Web diperbarui & Diarsipkan ke sistem 3 Folder (Arsip_Data_Saham).
[16:41:05] Membangunkan Bot Simulator AI...
💤 Bot sedang tidur. Di luar jam kerja bursa (08:58 - 16:40).
⏳ Memulai pembaruan data saham (Ultimate Diagnostic Mode)...
📥 Mengunduh 962 data saham secara bersamaan (Maks 8 jalur)...
⚡ Memproses teknikal, fundamental, berita & broksum secara Paralel (Safe Mode)...
🧠 Menjalankan Algoritma Machine Learning (Mendeteksi Anomali Bandar)...
✅ Machine Learning selesai mendeteksi anomali!
🗂️ Memecah data historis 5-menitan ke dalam 3 Folder Kelas...
✅ Selesai! Data Web diperbarui & Diarsipkan ke sistem 3 Folder (Arsip_Data_Saham).
From https://github.com/ekongh112233-eng/ANALISA-SAHAM
 * branch                main       -> FETCH_HEAD
Already up to date.
fatal: pathspec 'hasil_screener.csv' did not match any files
fatal: pathspec 'portofolio_virtual.csv' did not match any files
fatal: pathspec 'history_trade.csv' did not match any files
fatal: pathspec 'sinyal_ai.csv' did not match any files
[main eb05f5fdd] Auto-update data, arsip, dan bot simulator
 911 files changed, 1822 insertions(+)
[16:41:06] Membangunkan Bot Simulator AI...
💤 Bot sedang tidur. Di luar jam kerja bursa (08:58 - 16:40).
From https://github.com/ekongh112233-eng/ANALISA-SAHAM
 * branch                main       -> FETCH_HEAD
Already up to date.
fatal: pathspec 'hasil_screener.csv' did not match any files
fatal: pathspec 'portofolio_virtual.csv' did not match any files
fatal: pathspec 'history_trade.csv' did not match any files
fatal: pathspec 'sinyal_ai.csv' did not match any files
On branch main
Your branch is ahead of 'origin/main' by 1 commit.
  (use "git push" to publish your local commits)

Changes not staged for commit:
  (use "git add/rm <file>..." to update what will be committed)
  (use "git restore <file>..." to discard changes in working directory)
	deleted:    Arsip_Data_Harian/screener_2026-08-07.csv
	deleted:    Arsip_Data_Harian/screener_2026-08-10.csv
	modified:   Database/hasil_screener.csv

Untracked files:
  (use "git add <file>..." to include in what will be committed)
	.env
	Arsip_Data_Harian/screener_2026-08-20.csv
	Database/history_trade_rumus_1.csv
	Database/history_trade_rumus_2.csv
	Database/history_trade_rumus_3.csv
	Database/history_trade_rumus_4.csv
	Database/history_trade_rumus_5.csv
	Database/history_trade_rumus_6.csv
	Database/history_trade_rumus_7.csv
	Database/history_trade_rumus_8.csv
	Database/history_trade_rumus_9.csv
	Database/portofolio_virtual_rumus_1.csv
	Database/portofolio_virtual_rumus_2.csv
	Database/portofolio_virtual_rumus_3.csv
	Database/portofolio_virtual_rumus_4.csv
	Database/portofolio_virtual_rumus_5.csv
	Database/portofolio_virtual_rumus_6.csv
	Database/portofolio_virtual_rumus_7.csv
	Database/portofolio_virtual_rumus_8.csv
	Database/portofolio_virtual_rumus_9.csv
	bot.log
	token_stockbit.txt

no changes added to commit (use "git add" and/or "git commit -a")
Tidak ada perubahan
To https://github.com/ekongh112233-eng/ANALISA-SAHAM.git
   c2bcdaad5..eb05f5fdd  main -> main
To https://github.com/ekongh112233-eng/ANALISA-SAHAM.git
 ! [remote rejected]     main -> main (cannot lock ref 'refs/heads/main': is at eb05f5fddbdb91f2151aeb09818d741c0c3f4d89 but expected c2bcdaad51383eb3470b292029b4c6d4ce23d0ae)
error: failed to push some refs to 'https://github.com/ekongh112233-eng/ANALISA-SAHAM.git'
⏳ Memulai pembaruan data saham (Ultimate Diagnostic Mode)...
📥 Mengunduh 962 data saham secara bersamaan (Maks 8 jalur)...
⚡ Memproses teknikal, fundamental, berita & broksum secara Paralel (Safe Mode)...
🧠 Menjalankan Algoritma Machine Learning (Mendeteksi Anomali Bandar)...
✅ Machine Learning selesai mendeteksi anomali!
🗂️ Memecah data historis 5-menitan ke dalam 3 Folder Kelas...
✅ Selesai! Data Web diperbarui & Diarsipkan ke sistem 3 Folder (Arsip_Data_Saham).
[16:53:10] Membangunkan Bot Simulator AI...
💤 Bot sedang tidur. Di luar jam kerja bursa (08:58 - 16:40).
From https://github.com/ekongh112233-eng/ANALISA-SAHAM
 * branch                main       -> FETCH_HEAD
Already up to date.
fatal: pathspec 'hasil_screener.csv' did not match any files
fatal: pathspec 'portofolio_virtual.csv' did not match any files
fatal: pathspec 'history_trade.csv' did not match any files
fatal: pathspec 'sinyal_ai.csv' did not match any files
[main 750aa5b15] Auto-update data, arsip, dan bot simulator
 911 files changed, 911 insertions(+)
To https://github.com/ekongh112233-eng/ANALISA-SAHAM.git
   eb05f5fdd..750aa5b15  main -> main
⏳ Memulai pembaruan data saham (Ultimate Diagnostic Mode)...
📥 Mengunduh 962 data saham secara bersamaan (Maks 8 jalur)...
⚡ Memproses teknikal, fundamental, berita & broksum secara Paralel (Safe Mode)...
🧠 Menjalankan Algoritma Machine Learning (Mendeteksi Anomali Bandar)...
✅ Machine Learning selesai mendeteksi anomali!
🗂️ Memecah data historis 5-menitan ke dalam 3 Folder Kelas...
✅ Selesai! Data Web diperbarui & Diarsipkan ke sistem 3 Folder (Arsip_Data_Saham).
🗑️ Membersihkan arsip lama: Arsip_Data_Harian/screener_2026-08-11.csv
[09:05:19] Membangunkan Bot Simulator AI...
✅ Inspeksi 9 Arena selesai.
From https://github.com/ekongh112233-eng/ANALISA-SAHAM
 * branch                main       -> FETCH_HEAD
   750aa5b15..51d227506  main       -> origin/main
Updating 750aa5b15..51d227506
Fast-forward
 .vscode/settings.json |   7 +-
 app.py                | 693 ++++++++++++++++----------------------------------
 mesin_ai.py           | 275 ++++++++++++++++++++
 3 files changed, 496 insertions(+), 479 deletions(-)
 create mode 100644 mesin_ai.py
fatal: pathspec 'hasil_screener.csv' did not match any files
fatal: pathspec 'portofolio_virtual.csv' did not match any files
fatal: pathspec 'history_trade.csv' did not match any files
fatal: pathspec 'sinyal_ai.csv' did not match any files
[main 4a15cb83d] Auto-update data, arsip, dan bot simulator
 911 files changed, 912 insertions(+), 84416 deletions(-)
 create mode 100644 Arsip_Data_Saham/Kelas_2_Midcap_201_1000/IKPM_arsip.csv
To https://github.com/ekongh112233-eng/ANALISA-SAHAM.git
   51d227506..4a15cb83d  main -> main
⏳ Memulai pembaruan data saham (Ultimate Diagnostic Mode)...
📥 Mengunduh 962 data saham secara bersamaan (Maks 8 jalur)...
⚡ Memproses teknikal, fundamental, berita & broksum secara Paralel (Safe Mode)...
🧠 Menjalankan Algoritma Machine Learning (Mendeteksi Anomali Bandar)...
✅ Machine Learning selesai mendeteksi anomali!
🗂️ Memecah data historis 5-menitan ke dalam 3 Folder Kelas...
✅ Selesai! Data Web diperbarui & Diarsipkan ke sistem 3 Folder (Arsip_Data_Saham).
[09:10:07] Membangunkan Bot Simulator AI...
✅ Inspeksi 9 Arena selesai.
From https://github.com/ekongh112233-eng/ANALISA-SAHAM
 * branch                main       -> FETCH_HEAD
Already up to date.
fatal: pathspec 'hasil_screener.csv' did not match any files
fatal: pathspec 'portofolio_virtual.csv' did not match any files
fatal: pathspec 'history_trade.csv' did not match any files
fatal: pathspec 'sinyal_ai.csv' did not match any files
[main 35679ecd5] Auto-update data, arsip, dan bot simulator
 911 files changed, 911 insertions(+)
To https://github.com/ekongh112233-eng/ANALISA-SAHAM.git
   4a15cb83d..35679ecd5  main -> main
⏳ Memulai pembaruan data saham (Ultimate Diagnostic Mode)...
📥 Mengunduh 962 data saham secara bersamaan (Maks 8 jalur)...
⚡ Memproses teknikal, fundamental, berita & broksum secara Paralel (Safe Mode)...
🧠 Menjalankan Algoritma Machine Learning (Mendeteksi Anomali Bandar)...
✅ Machine Learning selesai mendeteksi anomali!
🗂️ Memecah data historis 5-menitan ke dalam 3 Folder Kelas...
✅ Selesai! Data Web diperbarui & Diarsipkan ke sistem 3 Folder (Arsip_Data_Saham).
⏳ Memulai pembaruan data saham (Ultimate Diagnostic Mode)...
📥 Mengunduh 962 data saham secara bersamaan (Maks 8 jalur)...
⚡ Memproses teknikal, fundamental, berita & broksum secara Paralel (Safe Mode)...
🧠 Menjalankan Algoritma Machine Learning (Mendeteksi Anomali Bandar)...
✅ Machine Learning selesai mendeteksi anomali!
🗂️ Memecah data historis 5-menitan ke dalam 3 Folder Kelas...
✅ Selesai! Data Web diperbarui & Diarsipkan ke sistem 3 Folder (Arsip_Data_Saham).
[09:20:11] Membangunkan Bot Simulator AI...
✅ Inspeksi 9 Arena selesai.
[09:20:11] Membangunkan Bot Simulator AI...
✅ Inspeksi 9 Arena selesai.
From https://github.com/ekongh112233-eng/ANALISA-SAHAM
 * branch                main       -> FETCH_HEAD
From https://github.com/ekongh112233-eng/ANALISA-SAHAM
 * branch                main       -> FETCH_HEAD
Already up to date.
fatal: pathspec 'hasil_screener.csv' did not match any files
Already up to date.
fatal: Unable to create '/home/kaltaraid/Documents/ANALISA-SAHAM/.git/index.lock': File exists.

Another git process seems to be running in this repository, or the lock file may be stale
fatal: Unable to create '/home/kaltaraid/Documents/ANALISA-SAHAM/.git/index.lock': File exists.

Another git process seems to be running in this repository, or the lock file may be stale
fatal: Unable to create '/home/kaltaraid/Documents/ANALISA-SAHAM/.git/index.lock': File exists.

Another git process seems to be running in this repository, or the lock file may be stale
fatal: Unable to create '/home/kaltaraid/Documents/ANALISA-SAHAM/.git/index.lock': File exists.

Another git process seems to be running in this repository, or the lock file may be stale
fatal: Unable to create '/home/kaltaraid/Documents/ANALISA-SAHAM/.git/index.lock': File exists.

Another git process seems to be running in this repository, or the lock file may be stale
fatal: Unable to create '/home/kaltaraid/Documents/ANALISA-SAHAM/.git/index.lock': File exists.

Another git process seems to be running in this repository, or the lock file may be stale
Tidak ada perubahan
fatal: pathspec 'portofolio_virtual.csv' did not match any files
fatal: pathspec 'history_trade.csv' did not match any files
fatal: pathspec 'sinyal_ai.csv' did not match any files
[main e718d0afa] Auto-update data, arsip, dan bot simulator
 911 files changed, 1822 insertions(+)
Everything up-to-date
To https://github.com/ekongh112233-eng/ANALISA-SAHAM.git
   35679ecd5..e718d0afa  main -> main
⏳ Memulai pembaruan data saham (Ultimate Diagnostic Mode)...
📥 Mengunduh 962 data saham secara bersamaan (Maks 8 jalur)...
⚡ Memproses teknikal, fundamental, berita & broksum secara Paralel (Safe Mode)...
🧠 Menjalankan Algoritma Machine Learning (Mendeteksi Anomali Bandar)...
✅ Machine Learning selesai mendeteksi anomali!
🗂️ Memecah data historis 5-menitan ke dalam 3 Folder Kelas...
✅ Selesai! Data Web diperbarui & Diarsipkan ke sistem 3 Folder (Arsip_Data_Saham).
[09:30:10] Membangunkan Bot Simulator AI...
✅ Inspeksi 9 Arena selesai.
From https://github.com/ekongh112233-eng/ANALISA-SAHAM
 * branch                main       -> FETCH_HEAD
Already up to date.
fatal: pathspec 'hasil_screener.csv' did not match any files
fatal: pathspec 'portofolio_virtual.csv' did not match any files
fatal: pathspec 'history_trade.csv' did not match any files
fatal: pathspec 'sinyal_ai.csv' did not match any files
[main 53270e245] Auto-update data, arsip, dan bot simulator
 911 files changed, 911 insertions(+)
To https://github.com/ekongh112233-eng/ANALISA-SAHAM.git
   e718d0afa..53270e245  main -> main
⏳ Memulai pembaruan data saham (Ultimate Diagnostic Mode)...
📥 Mengunduh 962 data saham secara bersamaan (Maks 8 jalur)...
⚡ Memproses teknikal, fundamental, berita & broksum secara Paralel (Safe Mode)...
🧠 Menjalankan Algoritma Machine Learning (Mendeteksi Anomali Bandar)...
✅ Machine Learning selesai mendeteksi anomali!
🗂️ Memecah data historis 5-menitan ke dalam 3 Folder Kelas...
✅ Selesai! Data Web diperbarui & Diarsipkan ke sistem 3 Folder (Arsip_Data_Saham).
[09:30:23] Membangunkan Bot Simulator AI...
✅ Inspeksi 9 Arena selesai.
From https://github.com/ekongh112233-eng/ANALISA-SAHAM
 * branch                main       -> FETCH_HEAD
Already up to date.
fatal: pathspec 'hasil_screener.csv' did not match any files
fatal: pathspec 'portofolio_virtual.csv' did not match any files
fatal: pathspec 'history_trade.csv' did not match any files
fatal: pathspec 'sinyal_ai.csv' did not match any files
[main 6783e1a1b] Auto-update data, arsip, dan bot simulator
 911 files changed, 911 insertions(+)
To https://github.com/ekongh112233-eng/ANALISA-SAHAM.git
   53270e245..6783e1a1b  main -> main
⏳ Memulai pembaruan data saham (Ultimate Diagnostic Mode)...
📥 Mengunduh 962 data saham secara bersamaan (Maks 8 jalur)...
⚡ Memproses teknikal, fundamental, berita & broksum secara Paralel (Safe Mode)...
🧠 Menjalankan Algoritma Machine Learning (Mendeteksi Anomali Bandar)...
✅ Machine Learning selesai mendeteksi anomali!
🗂️ Memecah data historis 5-menitan ke dalam 3 Folder Kelas...
✅ Selesai! Data Web diperbarui & Diarsipkan ke sistem 3 Folder (Arsip_Data_Saham).
[09:40:39] Membangunkan Bot Simulator AI...
✅ Inspeksi 9 Arena selesai.
From https://github.com/ekongh112233-eng/ANALISA-SAHAM
 * branch                main       -> FETCH_HEAD
Already up to date.
fatal: pathspec 'hasil_screener.csv' did not match any files
fatal: pathspec 'portofolio_virtual.csv' did not match any files
fatal: pathspec 'history_trade.csv' did not match any files
fatal: pathspec 'sinyal_ai.csv' did not match any files
[main a86c5b293] Auto-update data, arsip, dan bot simulator
 911 files changed, 911 insertions(+)
To https://github.com/ekongh112233-eng/ANALISA-SAHAM.git
   6783e1a1b..a86c5b293  main -> main
⏳ Memulai pembaruan data saham (Ultimate Diagnostic Mode)...
📥 Mengunduh 962 data saham secara bersamaan (Maks 8 jalur)...
⚡ Memproses teknikal, fundamental, berita & broksum secara Paralel (Safe Mode)...
🧠 Menjalankan Algoritma Machine Learning (Mendeteksi Anomali Bandar)...
✅ Machine Learning selesai mendeteksi anomali!
🗂️ Memecah data historis 5-menitan ke dalam 3 Folder Kelas...
✅ Selesai! Data Web diperbarui & Diarsipkan ke sistem 3 Folder (Arsip_Data_Saham).
[09:41:11] Membangunkan Bot Simulator AI...
✅ Inspeksi 9 Arena selesai.
From https://github.com/ekongh112233-eng/ANALISA-SAHAM
 * branch                main       -> FETCH_HEAD
Already up to date.
fatal: pathspec 'hasil_screener.csv' did not match any files
fatal: pathspec 'portofolio_virtual.csv' did not match any files
fatal: pathspec 'history_trade.csv' did not match any files
fatal: pathspec 'sinyal_ai.csv' did not match any files
[main 033ebe920] Auto-update data, arsip, dan bot simulator
 911 files changed, 911 insertions(+)
To https://github.com/ekongh112233-eng/ANALISA-SAHAM.git
   a86c5b293..033ebe920  main -> main
⏳ Memulai pembaruan data saham (Ultimate Diagnostic Mode)...
📥 Mengunduh 962 data saham secara bersamaan (Maks 8 jalur)...
⚡ Memproses teknikal, fundamental, berita & broksum secara Paralel (Safe Mode)...
🧠 Menjalankan Algoritma Machine Learning (Mendeteksi Anomali Bandar)...
✅ Machine Learning selesai mendeteksi anomali!
🗂️ Memecah data historis 5-menitan ke dalam 3 Folder Kelas...
✅ Selesai! Data Web diperbarui & Diarsipkan ke sistem 3 Folder (Arsip_Data_Saham).
[09:50:11] Membangunkan Bot Simulator AI...
✅ Inspeksi 9 Arena selesai.
From https://github.com/ekongh112233-eng/ANALISA-SAHAM
 * branch                main       -> FETCH_HEAD
Already up to date.
fatal: pathspec 'hasil_screener.csv' did not match any files
fatal: pathspec 'portofolio_virtual.csv' did not match any files
fatal: pathspec 'history_trade.csv' did not match any files
fatal: pathspec 'sinyal_ai.csv' did not match any files
[main d96a01361] Auto-update data, arsip, dan bot simulator
 911 files changed, 911 insertions(+)
To https://github.com/ekongh112233-eng/ANALISA-SAHAM.git
   033ebe920..d96a01361  main -> main
⏳ Memulai pembaruan data saham (Ultimate Diagnostic Mode)...
📥 Mengunduh 962 data saham secara bersamaan (Maks 8 jalur)...
⚡ Memproses teknikal, fundamental, berita & broksum secara Paralel (Safe Mode)...
🧠 Menjalankan Algoritma Machine Learning (Mendeteksi Anomali Bandar)...
✅ Machine Learning selesai mendeteksi anomali!
🗂️ Memecah data historis 5-menitan ke dalam 3 Folder Kelas...
✅ Selesai! Data Web diperbarui & Diarsipkan ke sistem 3 Folder (Arsip_Data_Saham).
[09:50:24] Membangunkan Bot Simulator AI...
✅ Inspeksi 9 Arena selesai.
From https://github.com/ekongh112233-eng/ANALISA-SAHAM
 * branch                main       -> FETCH_HEAD
Already up to date.
fatal: pathspec 'hasil_screener.csv' did not match any files
fatal: pathspec 'portofolio_virtual.csv' did not match any files
fatal: pathspec 'history_trade.csv' did not match any files
fatal: pathspec 'sinyal_ai.csv' did not match any files
[main 3909f4633] Auto-update data, arsip, dan bot simulator
 911 files changed, 911 insertions(+)
To https://github.com/ekongh112233-eng/ANALISA-SAHAM.git
   d96a01361..3909f4633  main -> main
⏳ Memulai pembaruan data saham (Ultimate Diagnostic Mode)...
📥 Mengunduh 962 data saham secara bersamaan (Maks 8 jalur)...
⚡ Memproses teknikal, fundamental, berita & broksum secara Paralel (Safe Mode)...
🧠 Menjalankan Algoritma Machine Learning (Mendeteksi Anomali Bandar)...
✅ Machine Learning selesai mendeteksi anomali!
🗂️ Memecah data historis 5-menitan ke dalam 3 Folder Kelas...
✅ Selesai! Data Web diperbarui & Diarsipkan ke sistem 3 Folder (Arsip_Data_Saham).
[10:00:10] Membangunkan Bot Simulator AI...
✅ Inspeksi 9 Arena selesai.
From https://github.com/ekongh112233-eng/ANALISA-SAHAM
 * branch                main       -> FETCH_HEAD
Already up to date.
fatal: pathspec 'hasil_screener.csv' did not match any files
fatal: pathspec 'portofolio_virtual.csv' did not match any files
fatal: pathspec 'history_trade.csv' did not match any files
fatal: pathspec 'sinyal_ai.csv' did not match any files
[main b0bf29827] Auto-update data, arsip, dan bot simulator
 911 files changed, 911 insertions(+)
To https://github.com/ekongh112233-eng/ANALISA-SAHAM.git
   3909f4633..b0bf29827  main -> main
⏳ Memulai pembaruan data saham (Ultimate Diagnostic Mode)...
📥 Mengunduh 962 data saham secara bersamaan (Maks 8 jalur)...
⚡ Memproses teknikal, fundamental, berita & broksum secara Paralel (Safe Mode)...
🧠 Menjalankan Algoritma Machine Learning (Mendeteksi Anomali Bandar)...
✅ Machine Learning selesai mendeteksi anomali!
🗂️ Memecah data historis 5-menitan ke dalam 3 Folder Kelas...
✅ Selesai! Data Web diperbarui & Diarsipkan ke sistem 3 Folder (Arsip_Data_Saham).
[10:00:26] Membangunkan Bot Simulator AI...
✅ Inspeksi 9 Arena selesai.
From https://github.com/ekongh112233-eng/ANALISA-SAHAM
 * branch                main       -> FETCH_HEAD
Already up to date.
fatal: pathspec 'hasil_screener.csv' did not match any files
fatal: pathspec 'portofolio_virtual.csv' did not match any files
fatal: pathspec 'history_trade.csv' did not match any files
fatal: pathspec 'sinyal_ai.csv' did not match any files
[main 7d7a44be3] Auto-update data, arsip, dan bot simulator
 911 files changed, 911 insertions(+)
To https://github.com/ekongh112233-eng/ANALISA-SAHAM.git
   b0bf29827..7d7a44be3  main -> main
⏳ Memulai pembaruan data saham (Ultimate Diagnostic Mode)...
📥 Mengunduh 962 data saham secara bersamaan (Maks 8 jalur)...
⚡ Memproses teknikal, fundamental, berita & broksum secara Paralel (Safe Mode)...
🧠 Menjalankan Algoritma Machine Learning (Mendeteksi Anomali Bandar)...
✅ Machine Learning selesai mendeteksi anomali!
🗂️ Memecah data historis 5-menitan ke dalam 3 Folder Kelas...
✅ Selesai! Data Web diperbarui & Diarsipkan ke sistem 3 Folder (Arsip_Data_Saham).
[10:10:06] Membangunkan Bot Simulator AI...
✅ Inspeksi 9 Arena selesai.
From https://github.com/ekongh112233-eng/ANALISA-SAHAM
 * branch                main       -> FETCH_HEAD
Already up to date.
fatal: pathspec 'hasil_screener.csv' did not match any files
fatal: pathspec 'portofolio_virtual.csv' did not match any files
fatal: pathspec 'history_trade.csv' did not match any files
fatal: pathspec 'sinyal_ai.csv' did not match any files
[main bc45e7f06] Auto-update data, arsip, dan bot simulator
 911 files changed, 911 insertions(+)
To https://github.com/ekongh112233-eng/ANALISA-SAHAM.git
   7d7a44be3..bc45e7f06  main -> main
⏳ Memulai pembaruan data saham (Ultimate Diagnostic Mode)...
📥 Mengunduh 962 data saham secara bersamaan (Maks 8 jalur)...
⚡ Memproses teknikal, fundamental, berita & broksum secara Paralel (Safe Mode)...
🧠 Menjalankan Algoritma Machine Learning (Mendeteksi Anomali Bandar)...
✅ Machine Learning selesai mendeteksi anomali!
🗂️ Memecah data historis 5-menitan ke dalam 3 Folder Kelas...
✅ Selesai! Data Web diperbarui & Diarsipkan ke sistem 3 Folder (Arsip_Data_Saham).
[10:10:27] Membangunkan Bot Simulator AI...
✅ Inspeksi 9 Arena selesai.
From https://github.com/ekongh112233-eng/ANALISA-SAHAM
 * branch                main       -> FETCH_HEAD
Already up to date.
fatal: pathspec 'hasil_screener.csv' did not match any files
fatal: pathspec 'portofolio_virtual.csv' did not match any files
fatal: pathspec 'history_trade.csv' did not match any files
fatal: pathspec 'sinyal_ai.csv' did not match any files
[main c83b0d751] Auto-update data, arsip, dan bot simulator
 911 files changed, 911 insertions(+)
To https://github.com/ekongh112233-eng/ANALISA-SAHAM.git
   bc45e7f06..c83b0d751  main -> main
⏳ Memulai pembaruan data saham (Ultimate Diagnostic Mode)...
📥 Mengunduh 962 data saham secara bersamaan (Maks 8 jalur)...
⚡ Memproses teknikal, fundamental, berita & broksum secara Paralel (Safe Mode)...
🧠 Menjalankan Algoritma Machine Learning (Mendeteksi Anomali Bandar)...
✅ Machine Learning selesai mendeteksi anomali!
🗂️ Memecah data historis 5-menitan ke dalam 3 Folder Kelas...
✅ Selesai! Data Web diperbarui & Diarsipkan ke sistem 3 Folder (Arsip_Data_Saham).
[10:20:53] Membangunkan Bot Simulator AI...
✅ Inspeksi 9 Arena selesai.
From https://github.com/ekongh112233-eng/ANALISA-SAHAM
 * branch                main       -> FETCH_HEAD
Already up to date.
fatal: pathspec 'hasil_screener.csv' did not match any files
fatal: pathspec 'portofolio_virtual.csv' did not match any files
fatal: pathspec 'history_trade.csv' did not match any files
fatal: pathspec 'sinyal_ai.csv' did not match any files
[main 2991de402] Auto-update data, arsip, dan bot simulator
 911 files changed, 911 insertions(+), 91 deletions(-)
To https://github.com/ekongh112233-eng/ANALISA-SAHAM.git
   c83b0d751..2991de402  main -> main
⏳ Memulai pembaruan data saham (Ultimate Diagnostic Mode)...
📥 Mengunduh 962 data saham secara bersamaan (Maks 8 jalur)...
⚡ Memproses teknikal, fundamental, berita & broksum secara Paralel (Safe Mode)...
🧠 Menjalankan Algoritma Machine Learning (Mendeteksi Anomali Bandar)...
✅ Machine Learning selesai mendeteksi anomali!
🗂️ Memecah data historis 5-menitan ke dalam 3 Folder Kelas...
✅ Selesai! Data Web diperbarui & Diarsipkan ke sistem 3 Folder (Arsip_Data_Saham).
[10:21:16] Membangunkan Bot Simulator AI...
✅ Inspeksi 9 Arena selesai.
From https://github.com/ekongh112233-eng/ANALISA-SAHAM
 * branch                main       -> FETCH_HEAD
Already up to date.
fatal: pathspec 'hasil_screener.csv' did not match any files
fatal: pathspec 'portofolio_virtual.csv' did not match any files
fatal: pathspec 'history_trade.csv' did not match any files
fatal: pathspec 'sinyal_ai.csv' did not match any files
[main 679f9b2dd] Auto-update data, arsip, dan bot simulator
 911 files changed, 912 insertions(+)
 create mode 100644 Arsip_Data_Saham/Kelas_3_Bluechip_1001_Plus/COIN_arsip.csv
To https://github.com/ekongh112233-eng/ANALISA-SAHAM.git
   2991de402f..679f9b2dd0  main -> main
⏳ Memulai pembaruan data saham (Ultimate Diagnostic Mode)...
📥 Mengunduh 962 data saham secara bersamaan (Maks 8 jalur)...
⚡ Memproses teknikal, fundamental, berita & broksum secara Paralel (Safe Mode)...
🧠 Menjalankan Algoritma Machine Learning (Mendeteksi Anomali Bandar)...
✅ Machine Learning selesai mendeteksi anomali!
🗂️ Memecah data historis 5-menitan ke dalam 3 Folder Kelas...
✅ Selesai! Data Web diperbarui & Diarsipkan ke sistem 3 Folder (Arsip_Data_Saham).
[10:30:31] Membangunkan Bot Simulator AI...
✅ Inspeksi 9 Arena selesai.
From https://github.com/ekongh112233-eng/ANALISA-SAHAM
 * branch                  main       -> FETCH_HEAD
Already up to date.
fatal: pathspec 'hasil_screener.csv' did not match any files
fatal: pathspec 'portofolio_virtual.csv' did not match any files
fatal: pathspec 'history_trade.csv' did not match any files
fatal: pathspec 'sinyal_ai.csv' did not match any files
[main c0b337b50e] Auto-update data, arsip, dan bot simulator
 911 files changed, 911 insertions(+)
To https://github.com/ekongh112233-eng/ANALISA-SAHAM.git
   679f9b2dd0..c0b337b50e  main -> main
⏳ Memulai pembaruan data saham (Ultimate Diagnostic Mode)...
📥 Mengunduh 962 data saham secara bersamaan (Maks 8 jalur)...
⚡ Memproses teknikal, fundamental, berita & broksum secara Paralel (Safe Mode)...
🧠 Menjalankan Algoritma Machine Learning (Mendeteksi Anomali Bandar)...
✅ Machine Learning selesai mendeteksi anomali!
🗂️ Memecah data historis 5-menitan ke dalam 3 Folder Kelas...
✅ Selesai! Data Web diperbarui & Diarsipkan ke sistem 3 Folder (Arsip_Data_Saham).
[10:31:17] Membangunkan Bot Simulator AI...
✅ Inspeksi 9 Arena selesai.
From https://github.com/ekongh112233-eng/ANALISA-SAHAM
 * branch                  main       -> FETCH_HEAD
Already up to date.
fatal: pathspec 'hasil_screener.csv' did not match any files
fatal: pathspec 'portofolio_virtual.csv' did not match any files
fatal: pathspec 'history_trade.csv' did not match any files
fatal: pathspec 'sinyal_ai.csv' did not match any files
[main 9abddf8b10] Auto-update data, arsip, dan bot simulator
 911 files changed, 912 insertions(+)
 create mode 100644 Arsip_Data_Saham/Kelas_2_Midcap_201_1000/NIKL_arsip.csv
To https://github.com/ekongh112233-eng/ANALISA-SAHAM.git
   c0b337b50e..9abddf8b10  main -> main
⏳ Memulai pembaruan data saham (Ultimate Diagnostic Mode)...
📥 Mengunduh 962 data saham secara bersamaan (Maks 8 jalur)...
⚡ Memproses teknikal, fundamental, berita & broksum secara Paralel (Safe Mode)...
🧠 Menjalankan Algoritma Machine Learning (Mendeteksi Anomali Bandar)...
✅ Machine Learning selesai mendeteksi anomali!
🗂️ Memecah data historis 5-menitan ke dalam 3 Folder Kelas...
✅ Selesai! Data Web diperbarui & Diarsipkan ke sistem 3 Folder (Arsip_Data_Saham).
[10:40:04] Membangunkan Bot Simulator AI...
✅ Inspeksi 9 Arena selesai.
From https://github.com/ekongh112233-eng/ANALISA-SAHAM
 * branch                  main       -> FETCH_HEAD
Already up to date.
fatal: pathspec 'hasil_screener.csv' did not match any files
fatal: pathspec 'portofolio_virtual.csv' did not match any files
fatal: pathspec 'history_trade.csv' did not match any files
fatal: pathspec 'sinyal_ai.csv' did not match any files
[main 7dba5161e8] Auto-update data, arsip, dan bot simulator
 911 files changed, 912 insertions(+), 93 deletions(-)
 create mode 100644 Arsip_Data_Saham/Kelas_1_Gorengan_50_200/KOPI_arsip.csv
To https://github.com/ekongh112233-eng/ANALISA-SAHAM.git
   9abddf8b10..7dba5161e8  main -> main
⏳ Memulai pembaruan data saham (Ultimate Diagnostic Mode)...
📥 Mengunduh 962 data saham secara bersamaan (Maks 8 jalur)...
⚡ Memproses teknikal, fundamental, berita & broksum secara Paralel (Safe Mode)...
🧠 Menjalankan Algoritma Machine Learning (Mendeteksi Anomali Bandar)...
✅ Machine Learning selesai mendeteksi anomali!
🗂️ Memecah data historis 5-menitan ke dalam 3 Folder Kelas...
✅ Selesai! Data Web diperbarui & Diarsipkan ke sistem 3 Folder (Arsip_Data_Saham).
[10:40:20] Membangunkan Bot Simulator AI...
✅ Inspeksi 9 Arena selesai.
From https://github.com/ekongh112233-eng/ANALISA-SAHAM
 * branch                  main       -> FETCH_HEAD
Already up to date.
fatal: pathspec 'hasil_screener.csv' did not match any files
fatal: pathspec 'portofolio_virtual.csv' did not match any files
fatal: pathspec 'history_trade.csv' did not match any files
fatal: pathspec 'sinyal_ai.csv' did not match any files
[main 333dce7afd] Auto-update data, arsip, dan bot simulator
 911 files changed, 911 insertions(+)
To https://github.com/ekongh112233-eng/ANALISA-SAHAM.git
   7dba5161e8..333dce7afd  main -> main
⏳ Memulai pembaruan data saham (Ultimate Diagnostic Mode)...
📥 Mengunduh 962 data saham secara bersamaan (Maks 8 jalur)...
⚡ Memproses teknikal, fundamental, berita & broksum secara Paralel (Safe Mode)...
🧠 Menjalankan Algoritma Machine Learning (Mendeteksi Anomali Bandar)...
✅ Machine Learning selesai mendeteksi anomali!
🗂️ Memecah data historis 5-menitan ke dalam 3 Folder Kelas...
✅ Selesai! Data Web diperbarui & Diarsipkan ke sistem 3 Folder (Arsip_Data_Saham).
[10:50:30] Membangunkan Bot Simulator AI...
✅ Inspeksi 9 Arena selesai.
From https://github.com/ekongh112233-eng/ANALISA-SAHAM
 * branch                  main       -> FETCH_HEAD
Already up to date.
fatal: pathspec 'hasil_screener.csv' did not match any files
fatal: pathspec 'portofolio_virtual.csv' did not match any files
fatal: pathspec 'history_trade.csv' did not match any files
fatal: pathspec 'sinyal_ai.csv' did not match any files
[main b8ebd30347] Auto-update data, arsip, dan bot simulator
 911 files changed, 911 insertions(+), 2 deletions(-)
To https://github.com/ekongh112233-eng/ANALISA-SAHAM.git
   333dce7afd..b8ebd30347  main -> main
⏳ Memulai pembaruan data saham (Ultimate Diagnostic Mode)...
📥 Mengunduh 962 data saham secara bersamaan (Maks 8 jalur)...
⚡ Memproses teknikal, fundamental, berita & broksum secara Paralel (Safe Mode)...
🧠 Menjalankan Algoritma Machine Learning (Mendeteksi Anomali Bandar)...
✅ Machine Learning selesai mendeteksi anomali!
🗂️ Memecah data historis 5-menitan ke dalam 3 Folder Kelas...
✅ Selesai! Data Web diperbarui & Diarsipkan ke sistem 3 Folder (Arsip_Data_Saham).
[10:50:43] Membangunkan Bot Simulator AI...
✅ Inspeksi 9 Arena selesai.
From https://github.com/ekongh112233-eng/ANALISA-SAHAM
 * branch                  main       -> FETCH_HEAD
Already up to date.
fatal: pathspec 'hasil_screener.csv' did not match any files
fatal: pathspec 'portofolio_virtual.csv' did not match any files
fatal: pathspec 'history_trade.csv' did not match any files
fatal: pathspec 'sinyal_ai.csv' did not match any files
[main 9c31e65040] Auto-update data, arsip, dan bot simulator
 911 files changed, 911 insertions(+)
To https://github.com/ekongh112233-eng/ANALISA-SAHAM.git
   b8ebd30347..9c31e65040  main -> main
⏳ Memulai pembaruan data saham (Ultimate Diagnostic Mode)...
📥 Mengunduh 962 data saham secara bersamaan (Maks 8 jalur)...
⚡ Memproses teknikal, fundamental, berita & broksum secara Paralel (Safe Mode)...
🧠 Menjalankan Algoritma Machine Learning (Mendeteksi Anomali Bandar)...
✅ Machine Learning selesai mendeteksi anomali!
🗂️ Memecah data historis 5-menitan ke dalam 3 Folder Kelas...
✅ Selesai! Data Web diperbarui & Diarsipkan ke sistem 3 Folder (Arsip_Data_Saham).
[11:01:26] Membangunkan Bot Simulator AI...
✅ Inspeksi 9 Arena selesai.
From https://github.com/ekongh112233-eng/ANALISA-SAHAM
 * branch                  main       -> FETCH_HEAD
Already up to date.
fatal: pathspec 'hasil_screener.csv' did not match any files
fatal: pathspec 'portofolio_virtual.csv' did not match any files
fatal: pathspec 'history_trade.csv' did not match any files
fatal: pathspec 'sinyal_ai.csv' did not match any files
[main 59e3a76e50] Auto-update data, arsip, dan bot simulator
 911 files changed, 911 insertions(+)
To https://github.com/ekongh112233-eng/ANALISA-SAHAM.git
   9c31e65040..59e3a76e50  main -> main
⏳ Memulai pembaruan data saham (Ultimate Diagnostic Mode)...
📥 Mengunduh 962 data saham secara bersamaan (Maks 8 jalur)...
⚡ Memproses teknikal, fundamental, berita & broksum secara Paralel (Safe Mode)...
🧠 Menjalankan Algoritma Machine Learning (Mendeteksi Anomali Bandar)...
✅ Machine Learning selesai mendeteksi anomali!
🗂️ Memecah data historis 5-menitan ke dalam 3 Folder Kelas...
✅ Selesai! Data Web diperbarui & Diarsipkan ke sistem 3 Folder (Arsip_Data_Saham).
[11:02:09] Membangunkan Bot Simulator AI...
✅ Inspeksi 9 Arena selesai.
From https://github.com/ekongh112233-eng/ANALISA-SAHAM
 * branch                  main       -> FETCH_HEAD
Already up to date.
fatal: pathspec 'hasil_screener.csv' did not match any files
fatal: pathspec 'portofolio_virtual.csv' did not match any files
fatal: pathspec 'history_trade.csv' did not match any files
fatal: pathspec 'sinyal_ai.csv' did not match any files
[main 6069136433] Auto-update data, arsip, dan bot simulator
 911 files changed, 911 insertions(+)
To https://github.com/ekongh112233-eng/ANALISA-SAHAM.git
   59e3a76e50..6069136433  main -> main
⏳ Memulai pembaruan data saham (Ultimate Diagnostic Mode)...
📥 Mengunduh 962 data saham secara bersamaan (Maks 8 jalur)...
⚡ Memproses teknikal, fundamental, berita & broksum secara Paralel (Safe Mode)...
🧠 Menjalankan Algoritma Machine Learning (Mendeteksi Anomali Bandar)...
✅ Machine Learning selesai mendeteksi anomali!
🗂️ Memecah data historis 5-menitan ke dalam 3 Folder Kelas...
✅ Selesai! Data Web diperbarui & Diarsipkan ke sistem 3 Folder (Arsip_Data_Saham).
[11:12:00] Membangunkan Bot Simulator AI...
✅ Inspeksi 9 Arena selesai.
⏳ Memulai pembaruan data saham (Ultimate Diagnostic Mode)...
📥 Mengunduh 962 data saham secara bersamaan (Maks 8 jalur)...
⚡ Memproses teknikal, fundamental, berita & broksum secara Paralel (Safe Mode)...
🧠 Menjalankan Algoritma Machine Learning (Mendeteksi Anomali Bandar)...
✅ Machine Learning selesai mendeteksi anomali!
🗂️ Memecah data historis 5-menitan ke dalam 3 Folder Kelas...
✅ Selesai! Data Web diperbarui & Diarsipkan ke sistem 3 Folder (Arsip_Data_Saham).
[11:12:01] Membangunkan Bot Simulator AI...
✅ Inspeksi 9 Arena selesai.
From https://github.com/ekongh112233-eng/ANALISA-SAHAM
 * branch                  main       -> FETCH_HEAD
Already up to date.
fatal: pathspec 'hasil_screener.csv' did not match any files
From https://github.com/ekongh112233-eng/ANALISA-SAHAM
 * branch                  main       -> FETCH_HEAD
Already up to date.
fatal: pathspec 'portofolio_virtual.csv' did not match any files
fatal: Unable to create '/home/kaltaraid/Documents/ANALISA-SAHAM/.git/index.lock': File exists.

Another git process seems to be running in this repository, or the lock file may be stale
fatal: pathspec 'history_trade.csv' did not match any files
fatal: Unable to create '/home/kaltaraid/Documents/ANALISA-SAHAM/.git/index.lock': File exists.

Another git process seems to be running in this repository, or the lock file may be stale
fatal: Unable to create '/home/kaltaraid/Documents/ANALISA-SAHAM/.git/index.lock': File exists.

Another git process seems to be running in this repository, or the lock file may be stale
fatal: Unable to create '/home/kaltaraid/Documents/ANALISA-SAHAM/.git/index.lock': File exists.

Another git process seems to be running in this repository, or the lock file may be stale
fatal: Unable to create '/home/kaltaraid/Documents/ANALISA-SAHAM/.git/index.lock': File exists.

Another git process seems to be running in this repository, or the lock file may be stale
fatal: Unable to create '/home/kaltaraid/Documents/ANALISA-SAHAM/.git/index.lock': File exists.

Another git process seems to be running in this repository, or the lock file may be stale
Tidak ada perubahan
[main c1baad5641] Auto-update data, arsip, dan bot simulator
 913 files changed, 1822 insertions(+)
To https://github.com/ekongh112233-eng/ANALISA-SAHAM.git
   6069136433..c1baad5641  main -> main
To https://github.com/ekongh112233-eng/ANALISA-SAHAM.git
 ! [remote rejected]       main -> main (cannot lock ref 'refs/heads/main': is at c1baad5641e9698da0ee59e2654814e018d468fd but expected 6069136433dfe3e2e12ca7bb8d4241b2a0525cbb)
error: failed to push some refs to 'https://github.com/ekongh112233-eng/ANALISA-SAHAM.git'
⏳ Memulai pembaruan data saham (Ultimate Diagnostic Mode)...
📥 Mengunduh 962 data saham secara bersamaan (Maks 8 jalur)...
⚡ Memproses teknikal, fundamental, berita & broksum secara Paralel (Safe Mode)...
🧠 Menjalankan Algoritma Machine Learning (Mendeteksi Anomali Bandar)...
✅ Machine Learning selesai mendeteksi anomali!
🗂️ Memecah data historis 5-menitan ke dalam 3 Folder Kelas...
✅ Selesai! Data Web diperbarui & Diarsipkan ke sistem 3 Folder (Arsip_Data_Saham).
[11:20:05] Membangunkan Bot Simulator AI...
✅ Inspeksi 9 Arena selesai.
From https://github.com/ekongh112233-eng/ANALISA-SAHAM
 * branch                  main       -> FETCH_HEAD
Already up to date.
fatal: pathspec 'hasil_screener.csv' did not match any files
fatal: pathspec 'portofolio_virtual.csv' did not match any files
fatal: pathspec 'history_trade.csv' did not match any files
fatal: pathspec 'sinyal_ai.csv' did not match any files
[main 45490d15a4] Auto-update data, arsip, dan bot simulator
 911 files changed, 912 insertions(+), 10 deletions(-)
 create mode 100644 Arsip_Data_Saham/Kelas_2_Midcap_201_1000/ELIT_arsip.csv
To https://github.com/ekongh112233-eng/ANALISA-SAHAM.git
   c1baad5641..45490d15a4  main -> main
⏳ Memulai pembaruan data saham (Ultimate Diagnostic Mode)...
📥 Mengunduh 962 data saham secara bersamaan (Maks 8 jalur)...
⚡ Memproses teknikal, fundamental, berita & broksum secara Paralel (Safe Mode)...
🧠 Menjalankan Algoritma Machine Learning (Mendeteksi Anomali Bandar)...
✅ Machine Learning selesai mendeteksi anomali!
🗂️ Memecah data historis 5-menitan ke dalam 3 Folder Kelas...
✅ Selesai! Data Web diperbarui & Diarsipkan ke sistem 3 Folder (Arsip_Data_Saham).
[11:20:17] Membangunkan Bot Simulator AI...
✅ Inspeksi 9 Arena selesai.
From https://github.com/ekongh112233-eng/ANALISA-SAHAM
 * branch                  main       -> FETCH_HEAD
Already up to date.
fatal: pathspec 'hasil_screener.csv' did not match any files
fatal: pathspec 'portofolio_virtual.csv' did not match any files
fatal: pathspec 'history_trade.csv' did not match any files
fatal: pathspec 'sinyal_ai.csv' did not match any files
[main 134db59682] Auto-update data, arsip, dan bot simulator
 911 files changed, 911 insertions(+)
To https://github.com/ekongh112233-eng/ANALISA-SAHAM.git
   45490d15a4..134db59682  main -> main
⏳ Memulai pembaruan data saham (Ultimate Diagnostic Mode)...
📥 Mengunduh 962 data saham secara bersamaan (Maks 8 jalur)...
⚡ Memproses teknikal, fundamental, berita & broksum secara Paralel (Safe Mode)...
🧠 Menjalankan Algoritma Machine Learning (Mendeteksi Anomali Bandar)...
✅ Machine Learning selesai mendeteksi anomali!
🗂️ Memecah data historis 5-menitan ke dalam 3 Folder Kelas...
✅ Selesai! Data Web diperbarui & Diarsipkan ke sistem 3 Folder (Arsip_Data_Saham).
[11:31:11] Membangunkan Bot Simulator AI...
✅ Inspeksi 9 Arena selesai.
From https://github.com/ekongh112233-eng/ANALISA-SAHAM
 * branch                  main       -> FETCH_HEAD
Already up to date.
fatal: pathspec 'hasil_screener.csv' did not match any files
fatal: pathspec 'portofolio_virtual.csv' did not match any files
fatal: pathspec 'history_trade.csv' did not match any files
fatal: pathspec 'sinyal_ai.csv' did not match any files
[main a9a7025fbc] Auto-update data, arsip, dan bot simulator
 911 files changed, 911 insertions(+)
To https://github.com/ekongh112233-eng/ANALISA-SAHAM.git
   134db59682..a9a7025fbc  main -> main
⏳ Memulai pembaruan data saham (Ultimate Diagnostic Mode)...
📥 Mengunduh 962 data saham secara bersamaan (Maks 8 jalur)...
⚡ Memproses teknikal, fundamental, berita & broksum secara Paralel (Safe Mode)...
🧠 Menjalankan Algoritma Machine Learning (Mendeteksi Anomali Bandar)...
✅ Machine Learning selesai mendeteksi anomali!
🗂️ Memecah data historis 5-menitan ke dalam 3 Folder Kelas...
✅ Selesai! Data Web diperbarui & Diarsipkan ke sistem 3 Folder (Arsip_Data_Saham).
[11:31:22] Membangunkan Bot Simulator AI...
✅ Inspeksi 9 Arena selesai.
From https://github.com/ekongh112233-eng/ANALISA-SAHAM
 * branch                  main       -> FETCH_HEAD
Already up to date.
fatal: pathspec 'hasil_screener.csv' did not match any files
fatal: pathspec 'portofolio_virtual.csv' did not match any files
fatal: pathspec 'history_trade.csv' did not match any files
fatal: pathspec 'sinyal_ai.csv' did not match any files
[main aea94e243d] Auto-update data, arsip, dan bot simulator
 911 files changed, 911 insertions(+)
To https://github.com/ekongh112233-eng/ANALISA-SAHAM.git
   a9a7025fbc..aea94e243d  main -> main
⏳ Memulai pembaruan data saham (Ultimate Diagnostic Mode)...
📥 Mengunduh 962 data saham secara bersamaan (Maks 8 jalur)...
⚡ Memproses teknikal, fundamental, berita & broksum secara Paralel (Safe Mode)...
🧠 Menjalankan Algoritma Machine Learning (Mendeteksi Anomali Bandar)...
✅ Machine Learning selesai mendeteksi anomali!
🗂️ Memecah data historis 5-menitan ke dalam 3 Folder Kelas...
✅ Selesai! Data Web diperbarui & Diarsipkan ke sistem 3 Folder (Arsip_Data_Saham).
[11:41:01] Membangunkan Bot Simulator AI...
✅ Inspeksi 9 Arena selesai.
From https://github.com/ekongh112233-eng/ANALISA-SAHAM
 * branch                  main       -> FETCH_HEAD
Already up to date.
fatal: pathspec 'hasil_screener.csv' did not match any files
fatal: pathspec 'portofolio_virtual.csv' did not match any files
fatal: pathspec 'history_trade.csv' did not match any files
fatal: pathspec 'sinyal_ai.csv' did not match any files
[main b7ed7ae8bc] Auto-update data, arsip, dan bot simulator
 911 files changed, 911 insertions(+)
To https://github.com/ekongh112233-eng/ANALISA-SAHAM.git
   aea94e243d..b7ed7ae8bc  main -> main
⏳ Memulai pembaruan data saham (Ultimate Diagnostic Mode)...
📥 Mengunduh 962 data saham secara bersamaan (Maks 8 jalur)...
⚡ Memproses teknikal, fundamental, berita & broksum secara Paralel (Safe Mode)...
🧠 Menjalankan Algoritma Machine Learning (Mendeteksi Anomali Bandar)...
✅ Machine Learning selesai mendeteksi anomali!
🗂️ Memecah data historis 5-menitan ke dalam 3 Folder Kelas...
✅ Selesai! Data Web diperbarui & Diarsipkan ke sistem 3 Folder (Arsip_Data_Saham).
[11:41:06] Membangunkan Bot Simulator AI...
✅ Inspeksi 9 Arena selesai.
From https://github.com/ekongh112233-eng/ANALISA-SAHAM
 * branch                  main       -> FETCH_HEAD
Already up to date.
fatal: pathspec 'hasil_screener.csv' did not match any files
fatal: pathspec 'portofolio_virtual.csv' did not match any files
fatal: pathspec 'history_trade.csv' did not match any files
fatal: pathspec 'sinyal_ai.csv' did not match any files
[main 40bc7858e8] Auto-update data, arsip, dan bot simulator
 911 files changed, 911 insertions(+)
To https://github.com/ekongh112233-eng/ANALISA-SAHAM.git
   b7ed7ae8bc..40bc7858e8  main -> main
⏳ Memulai pembaruan data saham (Ultimate Diagnostic Mode)...
📥 Mengunduh 962 data saham secara bersamaan (Maks 8 jalur)...
⚡ Memproses teknikal, fundamental, berita & broksum secara Paralel (Safe Mode)...
🧠 Menjalankan Algoritma Machine Learning (Mendeteksi Anomali Bandar)...
✅ Machine Learning selesai mendeteksi anomali!
🗂️ Memecah data historis 5-menitan ke dalam 3 Folder Kelas...
✅ Selesai! Data Web diperbarui & Diarsipkan ke sistem 3 Folder (Arsip_Data_Saham).
[11:50:09] Membangunkan Bot Simulator AI...
✅ Inspeksi 9 Arena selesai.
From https://github.com/ekongh112233-eng/ANALISA-SAHAM
 * branch                  main       -> FETCH_HEAD
Already up to date.
fatal: pathspec 'hasil_screener.csv' did not match any files
fatal: pathspec 'portofolio_virtual.csv' did not match any files
fatal: pathspec 'history_trade.csv' did not match any files
fatal: pathspec 'sinyal_ai.csv' did not match any files
[main 5583fd725e] Auto-update data, arsip, dan bot simulator
 911 files changed, 912 insertions(+), 15 deletions(-)
 create mode 100644 Arsip_Data_Saham/Kelas_2_Midcap_201_1000/BUMI_arsip.csv
To https://github.com/ekongh112233-eng/ANALISA-SAHAM.git
   40bc7858e8..5583fd725e  main -> main
⏳ Memulai pembaruan data saham (Ultimate Diagnostic Mode)...
📥 Mengunduh 962 data saham secara bersamaan (Maks 8 jalur)...
⚡ Memproses teknikal, fundamental, berita & broksum secara Paralel (Safe Mode)...
🧠 Menjalankan Algoritma Machine Learning (Mendeteksi Anomali Bandar)...
✅ Machine Learning selesai mendeteksi anomali!
🗂️ Memecah data historis 5-menitan ke dalam 3 Folder Kelas...
✅ Selesai! Data Web diperbarui & Diarsipkan ke sistem 3 Folder (Arsip_Data_Saham).
[11:50:21] Membangunkan Bot Simulator AI...
✅ Inspeksi 9 Arena selesai.
From https://github.com/ekongh112233-eng/ANALISA-SAHAM
 * branch                  main       -> FETCH_HEAD
Already up to date.
fatal: pathspec 'hasil_screener.csv' did not match any files
fatal: pathspec 'portofolio_virtual.csv' did not match any files
fatal: pathspec 'history_trade.csv' did not match any files
fatal: pathspec 'sinyal_ai.csv' did not match any files
[main ee21dd9268] Auto-update data, arsip, dan bot simulator
 911 files changed, 911 insertions(+)
To https://github.com/ekongh112233-eng/ANALISA-SAHAM.git
   5583fd725e..ee21dd9268  main -> main
⏳ Memulai pembaruan data saham (Ultimate Diagnostic Mode)...
📥 Mengunduh 962 data saham secara bersamaan (Maks 8 jalur)...
⚡ Memproses teknikal, fundamental, berita & broksum secara Paralel (Safe Mode)...
🧠 Menjalankan Algoritma Machine Learning (Mendeteksi Anomali Bandar)...
✅ Machine Learning selesai mendeteksi anomali!
🗂️ Memecah data historis 5-menitan ke dalam 3 Folder Kelas...
✅ Selesai! Data Web diperbarui & Diarsipkan ke sistem 3 Folder (Arsip_Data_Saham).
[12:00:54] Membangunkan Bot Simulator AI...
✅ Inspeksi 9 Arena selesai.
From https://github.com/ekongh112233-eng/ANALISA-SAHAM
 * branch                  main       -> FETCH_HEAD
Already up to date.
fatal: pathspec 'hasil_screener.csv' did not match any files
fatal: pathspec 'portofolio_virtual.csv' did not match any files
fatal: pathspec 'history_trade.csv' did not match any files
fatal: pathspec 'sinyal_ai.csv' did not match any files
[main 370be4fecc] Auto-update data, arsip, dan bot simulator
 911 files changed, 911 insertions(+)
To https://github.com/ekongh112233-eng/ANALISA-SAHAM.git
   ee21dd9..370be4f  main -> main
⏳ Memulai pembaruan data saham (Ultimate Diagnostic Mode)...
📥 Mengunduh 962 data saham secara bersamaan (Maks 8 jalur)...
⚡ Memproses teknikal, fundamental, berita & broksum secara Paralel (Safe Mode)...
🧠 Menjalankan Algoritma Machine Learning (Mendeteksi Anomali Bandar)...
✅ Machine Learning selesai mendeteksi anomali!
🗂️ Memecah data historis 5-menitan ke dalam 3 Folder Kelas...
✅ Selesai! Data Web diperbarui & Diarsipkan ke sistem 3 Folder (Arsip_Data_Saham).
[12:01:01] Membangunkan Bot Simulator AI...
✅ Inspeksi 9 Arena selesai.
From https://github.com/ekongh112233-eng/ANALISA-SAHAM
 * branch                  main       -> FETCH_HEAD
Already up to date.
fatal: pathspec 'hasil_screener.csv' did not match any files
fatal: pathspec 'portofolio_virtual.csv' did not match any files
fatal: pathspec 'history_trade.csv' did not match any files
fatal: pathspec 'sinyal_ai.csv' did not match any files
[main eff6029b0a] Auto-update data, arsip, dan bot simulator
 911 files changed, 911 insertions(+)
To https://github.com/ekongh112233-eng/ANALISA-SAHAM.git
   370be4f..eff6029  main -> main
⏳ Memulai pembaruan data saham (Ultimate Diagnostic Mode)...
📥 Mengunduh 962 data saham secara bersamaan (Maks 8 jalur)...
⚡ Memproses teknikal, fundamental, berita & broksum secara Paralel (Safe Mode)...
🧠 Menjalankan Algoritma Machine Learning (Mendeteksi Anomali Bandar)...
✅ Machine Learning selesai mendeteksi anomali!
🗂️ Memecah data historis 5-menitan ke dalam 3 Folder Kelas...
✅ Selesai! Data Web diperbarui & Diarsipkan ke sistem 3 Folder (Arsip_Data_Saham).
[12:10:56] Membangunkan Bot Simulator AI...
✅ Inspeksi 9 Arena selesai.
From https://github.com/ekongh112233-eng/ANALISA-SAHAM
 * branch                  main       -> FETCH_HEAD
Already up to date.
fatal: pathspec 'hasil_screener.csv' did not match any files
fatal: pathspec 'portofolio_virtual.csv' did not match any files
fatal: pathspec 'history_trade.csv' did not match any files
fatal: pathspec 'sinyal_ai.csv' did not match any files
[main a804e3533b] Auto-update data, arsip, dan bot simulator
 911 files changed, 911 insertions(+)
To https://github.com/ekongh112233-eng/ANALISA-SAHAM.git
   eff6029b0a..a804e3533b  main -> main
⏳ Memulai pembaruan data saham (Ultimate Diagnostic Mode)...
📥 Mengunduh 962 data saham secara bersamaan (Maks 8 jalur)...
⚡ Memproses teknikal, fundamental, berita & broksum secara Paralel (Safe Mode)...
🧠 Menjalankan Algoritma Machine Learning (Mendeteksi Anomali Bandar)...
✅ Machine Learning selesai mendeteksi anomali!
🗂️ Memecah data historis 5-menitan ke dalam 3 Folder Kelas...
✅ Selesai! Data Web diperbarui & Diarsipkan ke sistem 3 Folder (Arsip_Data_Saham).
[12:11:03] Membangunkan Bot Simulator AI...
✅ Inspeksi 9 Arena selesai.
From https://github.com/ekongh112233-eng/ANALISA-SAHAM
 * branch                  main       -> FETCH_HEAD
Already up to date.
fatal: pathspec 'hasil_screener.csv' did not match any files
fatal: pathspec 'portofolio_virtual.csv' did not match any files
fatal: pathspec 'history_trade.csv' did not match any files
fatal: pathspec 'sinyal_ai.csv' did not match any files
[main 19a98daae5] Auto-update data, arsip, dan bot simulator
 911 files changed, 911 insertions(+)
To https://github.com/ekongh112233-eng/ANALISA-SAHAM.git
   a804e35..19a98da  main -> main
⏳ Memulai pembaruan data saham (Ultimate Diagnostic Mode)...
📥 Mengunduh 962 data saham secara bersamaan (Maks 8 jalur)...
⚡ Memproses teknikal, fundamental, berita & broksum secara Paralel (Safe Mode)...
🧠 Menjalankan Algoritma Machine Learning (Mendeteksi Anomali Bandar)...
✅ Machine Learning selesai mendeteksi anomali!
🗂️ Memecah data historis 5-menitan ke dalam 3 Folder Kelas...
✅ Selesai! Data Web diperbarui & Diarsipkan ke sistem 3 Folder (Arsip_Data_Saham).
[12:21:15] Membangunkan Bot Simulator AI...
✅ Inspeksi 9 Arena selesai.
From https://github.com/ekongh112233-eng/ANALISA-SAHAM
 * branch                  main       -> FETCH_HEAD
Already up to date.
fatal: pathspec 'hasil_screener.csv' did not match any files
fatal: pathspec 'portofolio_virtual.csv' did not match any files
fatal: pathspec 'history_trade.csv' did not match any files
fatal: pathspec 'sinyal_ai.csv' did not match any files
[main 4876b7d656] Auto-update data, arsip, dan bot simulator
 911 files changed, 911 insertions(+)
To https://github.com/ekongh112233-eng/ANALISA-SAHAM.git
   19a98da..4876b7d  main -> main
⏳ Memulai pembaruan data saham (Ultimate Diagnostic Mode)...
📥 Mengunduh 962 data saham secara bersamaan (Maks 8 jalur)...
⚡ Memproses teknikal, fundamental, berita & broksum secara Paralel (Safe Mode)...
🧠 Menjalankan Algoritma Machine Learning (Mendeteksi Anomali Bandar)...
✅ Machine Learning selesai mendeteksi anomali!
🗂️ Memecah data historis 5-menitan ke dalam 3 Folder Kelas...
✅ Selesai! Data Web diperbarui & Diarsipkan ke sistem 3 Folder (Arsip_Data_Saham).
[12:21:55] Membangunkan Bot Simulator AI...
✅ Inspeksi 9 Arena selesai.
From https://github.com/ekongh112233-eng/ANALISA-SAHAM
 * branch                  main       -> FETCH_HEAD
Already up to date.
fatal: pathspec 'hasil_screener.csv' did not match any files
fatal: pathspec 'portofolio_virtual.csv' did not match any files
fatal: pathspec 'history_trade.csv' did not match any files
fatal: pathspec 'sinyal_ai.csv' did not match any files
[main 2a66dfbfa0] Auto-update data, arsip, dan bot simulator
 911 files changed, 911 insertions(+)
To https://github.com/ekongh112233-eng/ANALISA-SAHAM.git
   4876b7d656..2a66dfbfa0  main -> main
⏳ Memulai pembaruan data saham (Ultimate Diagnostic Mode)...
📥 Mengunduh 962 data saham secara bersamaan (Maks 8 jalur)...
⚡ Memproses teknikal, fundamental, berita & broksum secara Paralel (Safe Mode)...
🧠 Menjalankan Algoritma Machine Learning (Mendeteksi Anomali Bandar)...
✅ Machine Learning selesai mendeteksi anomali!
🗂️ Memecah data historis 5-menitan ke dalam 3 Folder Kelas...
✅ Selesai! Data Web diperbarui & Diarsipkan ke sistem 3 Folder (Arsip_Data_Saham).
[12:30:34] Membangunkan Bot Simulator AI...
✅ Inspeksi 9 Arena selesai.
From https://github.com/ekongh112233-eng/ANALISA-SAHAM
 * branch                  main       -> FETCH_HEAD
Already up to date.
fatal: pathspec 'hasil_screener.csv' did not match any files
fatal: pathspec 'portofolio_virtual.csv' did not match any files
fatal: pathspec 'history_trade.csv' did not match any files
fatal: pathspec 'sinyal_ai.csv' did not match any files
[main e9b3f102aa] Auto-update data, arsip, dan bot simulator
 911 files changed, 911 insertions(+), 15 deletions(-)
To https://github.com/ekongh112233-eng/ANALISA-SAHAM.git
   2a66dfb..e9b3f10  main -> main
⏳ Memulai pembaruan data saham (Ultimate Diagnostic Mode)...
📥 Mengunduh 962 data saham secara bersamaan (Maks 8 jalur)...
⚡ Memproses teknikal, fundamental, berita & broksum secara Paralel (Safe Mode)...
🧠 Menjalankan Algoritma Machine Learning (Mendeteksi Anomali Bandar)...
✅ Machine Learning selesai mendeteksi anomali!
🗂️ Memecah data historis 5-menitan ke dalam 3 Folder Kelas...
✅ Selesai! Data Web diperbarui & Diarsipkan ke sistem 3 Folder (Arsip_Data_Saham).
[12:30:55] Membangunkan Bot Simulator AI...
✅ Inspeksi 9 Arena selesai.
From https://github.com/ekongh112233-eng/ANALISA-SAHAM
 * branch                  main       -> FETCH_HEAD
Already up to date.
fatal: pathspec 'hasil_screener.csv' did not match any files
fatal: pathspec 'portofolio_virtual.csv' did not match any files
fatal: pathspec 'history_trade.csv' did not match any files
fatal: pathspec 'sinyal_ai.csv' did not match any files
[main 40d4c611d8] Auto-update data, arsip, dan bot simulator
 911 files changed, 911 insertions(+)
To https://github.com/ekongh112233-eng/ANALISA-SAHAM.git
   e9b3f102aa..40d4c611d8  main -> main
⏳ Memulai pembaruan data saham (Ultimate Diagnostic Mode)...
📥 Mengunduh 962 data saham secara bersamaan (Maks 8 jalur)...
⚡ Memproses teknikal, fundamental, berita & broksum secara Paralel (Safe Mode)...
🧠 Menjalankan Algoritma Machine Learning (Mendeteksi Anomali Bandar)...
✅ Machine Learning selesai mendeteksi anomali!
🗂️ Memecah data historis 5-menitan ke dalam 3 Folder Kelas...
✅ Selesai! Data Web diperbarui & Diarsipkan ke sistem 3 Folder (Arsip_Data_Saham).
[12:41:02] Membangunkan Bot Simulator AI...
✅ Inspeksi 9 Arena selesai.
From https://github.com/ekongh112233-eng/ANALISA-SAHAM
 * branch                  main       -> FETCH_HEAD
Already up to date.
fatal: pathspec 'hasil_screener.csv' did not match any files
fatal: pathspec 'portofolio_virtual.csv' did not match any files
fatal: pathspec 'history_trade.csv' did not match any files
fatal: pathspec 'sinyal_ai.csv' did not match any files
[main 628186380c] Auto-update data, arsip, dan bot simulator
 911 files changed, 911 insertions(+)
To https://github.com/ekongh112233-eng/ANALISA-SAHAM.git
   40d4c611d8..628186380c  main -> main
⏳ Memulai pembaruan data saham (Ultimate Diagnostic Mode)...
📥 Mengunduh 962 data saham secara bersamaan (Maks 8 jalur)...
⚡ Memproses teknikal, fundamental, berita & broksum secara Paralel (Safe Mode)...
🧠 Menjalankan Algoritma Machine Learning (Mendeteksi Anomali Bandar)...
✅ Machine Learning selesai mendeteksi anomali!
🗂️ Memecah data historis 5-menitan ke dalam 3 Folder Kelas...
✅ Selesai! Data Web diperbarui & Diarsipkan ke sistem 3 Folder (Arsip_Data_Saham).
[12:41:09] Membangunkan Bot Simulator AI...
✅ Inspeksi 9 Arena selesai.
From https://github.com/ekongh112233-eng/ANALISA-SAHAM
 * branch                  main       -> FETCH_HEAD
Already up to date.
fatal: pathspec 'hasil_screener.csv' did not match any files
fatal: pathspec 'portofolio_virtual.csv' did not match any files
fatal: pathspec 'history_trade.csv' did not match any files
fatal: pathspec 'sinyal_ai.csv' did not match any files
[main f0f44e71fa] Auto-update data, arsip, dan bot simulator
 911 files changed, 911 insertions(+)
To https://github.com/ekongh112233-eng/ANALISA-SAHAM.git
   6281863..f0f44e7  main -> main
⏳ Memulai pembaruan data saham (Ultimate Diagnostic Mode)...
📥 Mengunduh 962 data saham secara bersamaan (Maks 8 jalur)...
⚡ Memproses teknikal, fundamental, berita & broksum secara Paralel (Safe Mode)...
🧠 Menjalankan Algoritma Machine Learning (Mendeteksi Anomali Bandar)...
✅ Machine Learning selesai mendeteksi anomali!
🗂️ Memecah data historis 5-menitan ke dalam 3 Folder Kelas...
✅ Selesai! Data Web diperbarui & Diarsipkan ke sistem 3 Folder (Arsip_Data_Saham).
[12:50:11] Membangunkan Bot Simulator AI...
✅ Inspeksi 9 Arena selesai.
From https://github.com/ekongh112233-eng/ANALISA-SAHAM
 * branch                  main       -> FETCH_HEAD
Already up to date.
fatal: pathspec 'hasil_screener.csv' did not match any files
fatal: pathspec 'portofolio_virtual.csv' did not match any files
fatal: pathspec 'history_trade.csv' did not match any files
fatal: pathspec 'sinyal_ai.csv' did not match any files
[main 292ad02413] Auto-update data, arsip, dan bot simulator
 911 files changed, 911 insertions(+)
To https://github.com/ekongh112233-eng/ANALISA-SAHAM.git
   f0f44e71fa..292ad02413  main -> main
⏳ Memulai pembaruan data saham (Ultimate Diagnostic Mode)...
📥 Mengunduh 962 data saham secara bersamaan (Maks 8 jalur)...
⚡ Memproses teknikal, fundamental, berita & broksum secara Paralel (Safe Mode)...
🧠 Menjalankan Algoritma Machine Learning (Mendeteksi Anomali Bandar)...
✅ Machine Learning selesai mendeteksi anomali!
🗂️ Memecah data historis 5-menitan ke dalam 3 Folder Kelas...
✅ Selesai! Data Web diperbarui & Diarsipkan ke sistem 3 Folder (Arsip_Data_Saham).
[12:51:22] Membangunkan Bot Simulator AI...
✅ Inspeksi 9 Arena selesai.
From https://github.com/ekongh112233-eng/ANALISA-SAHAM
 * branch                  main       -> FETCH_HEAD
Already up to date.
fatal: pathspec 'hasil_screener.csv' did not match any files
fatal: pathspec 'portofolio_virtual.csv' did not match any files
fatal: pathspec 'history_trade.csv' did not match any files
fatal: pathspec 'sinyal_ai.csv' did not match any files
[main cab2f1880f] Auto-update data, arsip, dan bot simulator
 911 files changed, 911 insertions(+)
To https://github.com/ekongh112233-eng/ANALISA-SAHAM.git
   292ad02413..cab2f1880f  main -> main
⏳ Memulai pembaruan data saham (Ultimate Diagnostic Mode)...
📥 Mengunduh 962 data saham secara bersamaan (Maks 8 jalur)...
⚡ Memproses teknikal, fundamental, berita & broksum secara Paralel (Safe Mode)...
🧠 Menjalankan Algoritma Machine Learning (Mendeteksi Anomali Bandar)...
✅ Machine Learning selesai mendeteksi anomali!
🗂️ Memecah data historis 5-menitan ke dalam 3 Folder Kelas...
✅ Selesai! Data Web diperbarui & Diarsipkan ke sistem 3 Folder (Arsip_Data_Saham).
[13:01:07] Membangunkan Bot Simulator AI...
✅ Inspeksi 9 Arena selesai.
From https://github.com/ekongh112233-eng/ANALISA-SAHAM
 * branch                  main       -> FETCH_HEAD
Already up to date.
fatal: pathspec 'hasil_screener.csv' did not match any files
fatal: pathspec 'portofolio_virtual.csv' did not match any files
fatal: pathspec 'history_trade.csv' did not match any files
fatal: pathspec 'sinyal_ai.csv' did not match any files
[main 45fe45d56a] Auto-update data, arsip, dan bot simulator
 911 files changed, 911 insertions(+)
To https://github.com/ekongh112233-eng/ANALISA-SAHAM.git
   cab2f1880f..45fe45d56a  main -> main
⏳ Memulai pembaruan data saham (Ultimate Diagnostic Mode)...
📥 Mengunduh 962 data saham secara bersamaan (Maks 8 jalur)...
⚡ Memproses teknikal, fundamental, berita & broksum secara Paralel (Safe Mode)...
🧠 Menjalankan Algoritma Machine Learning (Mendeteksi Anomali Bandar)...
✅ Machine Learning selesai mendeteksi anomali!
🗂️ Memecah data historis 5-menitan ke dalam 3 Folder Kelas...
✅ Selesai! Data Web diperbarui & Diarsipkan ke sistem 3 Folder (Arsip_Data_Saham).
[13:01:25] Membangunkan Bot Simulator AI...
✅ Inspeksi 9 Arena selesai.
From https://github.com/ekongh112233-eng/ANALISA-SAHAM
 * branch                  main       -> FETCH_HEAD
Already up to date.
fatal: pathspec 'hasil_screener.csv' did not match any files
fatal: pathspec 'portofolio_virtual.csv' did not match any files
fatal: pathspec 'history_trade.csv' did not match any files
fatal: pathspec 'sinyal_ai.csv' did not match any files
[main daed69f71f] Auto-update data, arsip, dan bot simulator
 911 files changed, 911 insertions(+)
To https://github.com/ekongh112233-eng/ANALISA-SAHAM.git
   45fe45d..daed69f  main -> main
⏳ Memulai pembaruan data saham (Ultimate Diagnostic Mode)...
📥 Mengunduh 962 data saham secara bersamaan (Maks 8 jalur)...
⚡ Memproses teknikal, fundamental, berita & broksum secara Paralel (Safe Mode)...
🧠 Menjalankan Algoritma Machine Learning (Mendeteksi Anomali Bandar)...
✅ Machine Learning selesai mendeteksi anomali!
🗂️ Memecah data historis 5-menitan ke dalam 3 Folder Kelas...
✅ Selesai! Data Web diperbarui & Diarsipkan ke sistem 3 Folder (Arsip_Data_Saham).
[13:10:51] Membangunkan Bot Simulator AI...
✅ Inspeksi 9 Arena selesai.
From https://github.com/ekongh112233-eng/ANALISA-SAHAM
 * branch                  main       -> FETCH_HEAD
Already up to date.
fatal: pathspec 'hasil_screener.csv' did not match any files
fatal: pathspec 'portofolio_virtual.csv' did not match any files
fatal: pathspec 'history_trade.csv' did not match any files
fatal: pathspec 'sinyal_ai.csv' did not match any files
[main c3c376653f] Auto-update data, arsip, dan bot simulator
 911 files changed, 911 insertions(+)
⏳ Memulai pembaruan data saham (Ultimate Diagnostic Mode)...
📥 Mengunduh 962 data saham secara bersamaan (Maks 8 jalur)...
⚡ Memproses teknikal, fundamental, berita & broksum secara Paralel (Safe Mode)...
🧠 Menjalankan Algoritma Machine Learning (Mendeteksi Anomali Bandar)...
✅ Machine Learning selesai mendeteksi anomali!
🗂️ Memecah data historis 5-menitan ke dalam 3 Folder Kelas...
✅ Selesai! Data Web diperbarui & Diarsipkan ke sistem 3 Folder (Arsip_Data_Saham).
To https://github.com/ekongh112233-eng/ANALISA-SAHAM.git
   daed69f71f..c3c376653f  main -> main
[13:10:57] Membangunkan Bot Simulator AI...
✅ Inspeksi 9 Arena selesai.
From https://github.com/ekongh112233-eng/ANALISA-SAHAM
 * branch                  main       -> FETCH_HEAD
Already up to date.
fatal: pathspec 'hasil_screener.csv' did not match any files
fatal: pathspec 'portofolio_virtual.csv' did not match any files
fatal: pathspec 'history_trade.csv' did not match any files
fatal: pathspec 'sinyal_ai.csv' did not match any files
[main 31ef353199] Auto-update data, arsip, dan bot simulator
 911 files changed, 911 insertions(+)
To https://github.com/ekongh112233-eng/ANALISA-SAHAM.git
   c3c376653f..31ef353199  main -> main
⏳ Memulai pembaruan data saham (Ultimate Diagnostic Mode)...
📥 Mengunduh 962 data saham secara bersamaan (Maks 8 jalur)...
⚡ Memproses teknikal, fundamental, berita & broksum secara Paralel (Safe Mode)...
🧠 Menjalankan Algoritma Machine Learning (Mendeteksi Anomali Bandar)...
✅ Machine Learning selesai mendeteksi anomali!
🗂️ Memecah data historis 5-menitan ke dalam 3 Folder Kelas...
✅ Selesai! Data Web diperbarui & Diarsipkan ke sistem 3 Folder (Arsip_Data_Saham).
[13:20:51] Membangunkan Bot Simulator AI...
✅ Inspeksi 9 Arena selesai.
From https://github.com/ekongh112233-eng/ANALISA-SAHAM
 * branch                  main       -> FETCH_HEAD
Already up to date.
fatal: pathspec 'hasil_screener.csv' did not match any files
fatal: pathspec 'portofolio_virtual.csv' did not match any files
fatal: pathspec 'history_trade.csv' did not match any files
fatal: pathspec 'sinyal_ai.csv' did not match any files
[main a868e547e6] Auto-update data, arsip, dan bot simulator
 911 files changed, 911 insertions(+)
To https://github.com/ekongh112233-eng/ANALISA-SAHAM.git
   31ef353199..a868e547e6  main -> main
⏳ Memulai pembaruan data saham (Ultimate Diagnostic Mode)...
📥 Mengunduh 962 data saham secara bersamaan (Maks 8 jalur)...
⚡ Memproses teknikal, fundamental, berita & broksum secara Paralel (Safe Mode)...
🧠 Menjalankan Algoritma Machine Learning (Mendeteksi Anomali Bandar)...
✅ Machine Learning selesai mendeteksi anomali!
🗂️ Memecah data historis 5-menitan ke dalam 3 Folder Kelas...
✅ Selesai! Data Web diperbarui & Diarsipkan ke sistem 3 Folder (Arsip_Data_Saham).
[13:21:56] Membangunkan Bot Simulator AI...
✅ Inspeksi 9 Arena selesai.
From https://github.com/ekongh112233-eng/ANALISA-SAHAM
 * branch                  main       -> FETCH_HEAD
Already up to date.
fatal: pathspec 'hasil_screener.csv' did not match any files
fatal: pathspec 'portofolio_virtual.csv' did not match any files
fatal: pathspec 'history_trade.csv' did not match any files
fatal: pathspec 'sinyal_ai.csv' did not match any files
[main 88e9e9d453] Auto-update data, arsip, dan bot simulator
 911 files changed, 911 insertions(+)
To https://github.com/ekongh112233-eng/ANALISA-SAHAM.git
   a868e547e6..88e9e9d453  main -> main
⏳ Memulai pembaruan data saham (Ultimate Diagnostic Mode)...
📥 Mengunduh 962 data saham secara bersamaan (Maks 8 jalur)...
⚡ Memproses teknikal, fundamental, berita & broksum secara Paralel (Safe Mode)...
🧠 Menjalankan Algoritma Machine Learning (Mendeteksi Anomali Bandar)...
✅ Machine Learning selesai mendeteksi anomali!
🗂️ Memecah data historis 5-menitan ke dalam 3 Folder Kelas...
✅ Selesai! Data Web diperbarui & Diarsipkan ke sistem 3 Folder (Arsip_Data_Saham).
⏳ Memulai pembaruan data saham (Ultimate Diagnostic Mode)...
📥 Mengunduh 962 data saham secara bersamaan (Maks 8 jalur)...
⚡ Memproses teknikal, fundamental, berita & broksum secara Paralel (Safe Mode)...
🧠 Menjalankan Algoritma Machine Learning (Mendeteksi Anomali Bandar)...
✅ Machine Learning selesai mendeteksi anomali!
🗂️ Memecah data historis 5-menitan ke dalam 3 Folder Kelas...
✅ Selesai! Data Web diperbarui & Diarsipkan ke sistem 3 Folder (Arsip_Data_Saham).
[13:32:13] Membangunkan Bot Simulator AI...
✅ Inspeksi 9 Arena selesai.
[13:32:13] Membangunkan Bot Simulator AI...
✅ Inspeksi 9 Arena selesai.
From https://github.com/ekongh112233-eng/ANALISA-SAHAM
 * branch                  main       -> FETCH_HEAD
From https://github.com/ekongh112233-eng/ANALISA-SAHAM
 * branch                  main       -> FETCH_HEAD
Already up to date.
fatal: pathspec 'hasil_screener.csv' did not match any files
Already up to date.
fatal: Unable to create '/home/kaltaraid/Documents/ANALISA-SAHAM/.git/index.lock': File exists.

Another git process seems to be running in this repository, or the lock file may be stale
fatal: Unable to create '/home/kaltaraid/Documents/ANALISA-SAHAM/.git/index.lock': File exists.

Another git process seems to be running in this repository, or the lock file may be stale
fatal: Unable to create '/home/kaltaraid/Documents/ANALISA-SAHAM/.git/index.lock': File exists.

Another git process seems to be running in this repository, or the lock file may be stale
fatal: Unable to create '/home/kaltaraid/Documents/ANALISA-SAHAM/.git/index.lock': File exists.

Another git process seems to be running in this repository, or the lock file may be stale
fatal: Unable to create '/home/kaltaraid/Documents/ANALISA-SAHAM/.git/index.lock': File exists.

Another git process seems to be running in this repository, or the lock file may be stale
fatal: Unable to create '/home/kaltaraid/Documents/ANALISA-SAHAM/.git/index.lock': File exists.

Another git process seems to be running in this repository, or the lock file may be stale
Tidak ada perubahan
fatal: pathspec 'portofolio_virtual.csv' did not match any files
fatal: pathspec 'history_trade.csv' did not match any files
fatal: pathspec 'sinyal_ai.csv' did not match any files
[main 1757476038] Auto-update data, arsip, dan bot simulator
 911 files changed, 1822 insertions(+)
Everything up-to-date
To https://github.com/ekongh112233-eng/ANALISA-SAHAM.git
   88e9e9d453..1757476038  main -> main
⏳ Memulai pembaruan data saham (Ultimate Diagnostic Mode)...
📥 Mengunduh 962 data saham secara bersamaan (Maks 8 jalur)...
⚡ Memproses teknikal, fundamental, berita & broksum secara Paralel (Safe Mode)...
🧠 Menjalankan Algoritma Machine Learning (Mendeteksi Anomali Bandar)...
✅ Machine Learning selesai mendeteksi anomali!
🗂️ Memecah data historis 5-menitan ke dalam 3 Folder Kelas...
✅ Selesai! Data Web diperbarui & Diarsipkan ke sistem 3 Folder (Arsip_Data_Saham).
[13:40:55] Membangunkan Bot Simulator AI...
✅ Inspeksi 9 Arena selesai.
From https://github.com/ekongh112233-eng/ANALISA-SAHAM
 * branch                  main       -> FETCH_HEAD
Already up to date.
fatal: pathspec 'hasil_screener.csv' did not match any files
fatal: pathspec 'portofolio_virtual.csv' did not match any files
fatal: pathspec 'history_trade.csv' did not match any files
fatal: pathspec 'sinyal_ai.csv' did not match any files
[main 2b4cc70b30] Auto-update data, arsip, dan bot simulator
 911 files changed, 911 insertions(+)
To https://github.com/ekongh112233-eng/ANALISA-SAHAM.git
   1757476038..2b4cc70b30  main -> main
⏳ Memulai pembaruan data saham (Ultimate Diagnostic Mode)...
📥 Mengunduh 962 data saham secara bersamaan (Maks 8 jalur)...
⚡ Memproses teknikal, fundamental, berita & broksum secara Paralel (Safe Mode)...
🧠 Menjalankan Algoritma Machine Learning (Mendeteksi Anomali Bandar)...
✅ Machine Learning selesai mendeteksi anomali!
🗂️ Memecah data historis 5-menitan ke dalam 3 Folder Kelas...
✅ Selesai! Data Web diperbarui & Diarsipkan ke sistem 3 Folder (Arsip_Data_Saham).
[13:41:56] Membangunkan Bot Simulator AI...
✅ Inspeksi 9 Arena selesai.
From https://github.com/ekongh112233-eng/ANALISA-SAHAM
 * branch                  main       -> FETCH_HEAD
Already up to date.
fatal: pathspec 'hasil_screener.csv' did not match any files
fatal: pathspec 'portofolio_virtual.csv' did not match any files
fatal: pathspec 'history_trade.csv' did not match any files
fatal: pathspec 'sinyal_ai.csv' did not match any files
[main 6c31f00e0a] Auto-update data, arsip, dan bot simulator
 911 files changed, 911 insertions(+)
To https://github.com/ekongh112233-eng/ANALISA-SAHAM.git
   2b4cc70b30..6c31f00e0a  main -> main
⏳ Memulai pembaruan data saham (Ultimate Diagnostic Mode)...
📥 Mengunduh 962 data saham secara bersamaan (Maks 8 jalur)...
⚡ Memproses teknikal, fundamental, berita & broksum secara Paralel (Safe Mode)...
🧠 Menjalankan Algoritma Machine Learning (Mendeteksi Anomali Bandar)...
✅ Machine Learning selesai mendeteksi anomali!
🗂️ Memecah data historis 5-menitan ke dalam 3 Folder Kelas...
✅ Selesai! Data Web diperbarui & Diarsipkan ke sistem 3 Folder (Arsip_Data_Saham).
[13:50:04] Membangunkan Bot Simulator AI...
✅ Inspeksi 9 Arena selesai.
From https://github.com/ekongh112233-eng/ANALISA-SAHAM
 * branch                  main       -> FETCH_HEAD
Already up to date.
fatal: pathspec 'hasil_screener.csv' did not match any files
fatal: pathspec 'portofolio_virtual.csv' did not match any files
fatal: pathspec 'history_trade.csv' did not match any files
fatal: pathspec 'sinyal_ai.csv' did not match any files
[main d83b8dd30b] Auto-update data, arsip, dan bot simulator
 911 files changed, 911 insertions(+)
To https://github.com/ekongh112233-eng/ANALISA-SAHAM.git
   6c31f00e0a..d83b8dd30b  main -> main
⏳ Memulai pembaruan data saham (Ultimate Diagnostic Mode)...
📥 Mengunduh 962 data saham secara bersamaan (Maks 8 jalur)...
⚡ Memproses teknikal, fundamental, berita & broksum secara Paralel (Safe Mode)...
🧠 Menjalankan Algoritma Machine Learning (Mendeteksi Anomali Bandar)...
✅ Machine Learning selesai mendeteksi anomali!
🗂️ Memecah data historis 5-menitan ke dalam 3 Folder Kelas...
✅ Selesai! Data Web diperbarui & Diarsipkan ke sistem 3 Folder (Arsip_Data_Saham).
[13:50:19] Membangunkan Bot Simulator AI...
✅ Inspeksi 9 Arena selesai.
From https://github.com/ekongh112233-eng/ANALISA-SAHAM
 * branch                  main       -> FETCH_HEAD
Already up to date.
fatal: pathspec 'hasil_screener.csv' did not match any files
fatal: pathspec 'portofolio_virtual.csv' did not match any files
fatal: pathspec 'history_trade.csv' did not match any files
fatal: pathspec 'sinyal_ai.csv' did not match any files
[main dda2e38d83] Auto-update data, arsip, dan bot simulator
 911 files changed, 911 insertions(+)
To https://github.com/ekongh112233-eng/ANALISA-SAHAM.git
   d83b8dd30b..dda2e38d83  main -> main
⏳ Memulai pembaruan data saham (Ultimate Diagnostic Mode)...
📥 Mengunduh 962 data saham secara bersamaan (Maks 8 jalur)...
⚡ Memproses teknikal, fundamental, berita & broksum secara Paralel (Safe Mode)...
🧠 Menjalankan Algoritma Machine Learning (Mendeteksi Anomali Bandar)...
✅ Machine Learning selesai mendeteksi anomali!
🗂️ Memecah data historis 5-menitan ke dalam 3 Folder Kelas...
✅ Selesai! Data Web diperbarui & Diarsipkan ke sistem 3 Folder (Arsip_Data_Saham).
[14:00:48] Membangunkan Bot Simulator AI...
✅ Inspeksi 9 Arena selesai.
From https://github.com/ekongh112233-eng/ANALISA-SAHAM
 * branch                  main       -> FETCH_HEAD
Already up to date.
fatal: pathspec 'hasil_screener.csv' did not match any files
fatal: pathspec 'portofolio_virtual.csv' did not match any files
fatal: pathspec 'history_trade.csv' did not match any files
fatal: pathspec 'sinyal_ai.csv' did not match any files
[main 4dd92b4c4b] Auto-update data, arsip, dan bot simulator
 911 files changed, 911 insertions(+)
To https://github.com/ekongh112233-eng/ANALISA-SAHAM.git
   dda2e38d83..4dd92b4c4b  main -> main
⏳ Memulai pembaruan data saham (Ultimate Diagnostic Mode)...
📥 Mengunduh 962 data saham secara bersamaan (Maks 8 jalur)...
⚡ Memproses teknikal, fundamental, berita & broksum secara Paralel (Safe Mode)...
🧠 Menjalankan Algoritma Machine Learning (Mendeteksi Anomali Bandar)...
✅ Machine Learning selesai mendeteksi anomali!
🗂️ Memecah data historis 5-menitan ke dalam 3 Folder Kelas...
✅ Selesai! Data Web diperbarui & Diarsipkan ke sistem 3 Folder (Arsip_Data_Saham).
[14:00:57] Membangunkan Bot Simulator AI...
✅ Inspeksi 9 Arena selesai.
From https://github.com/ekongh112233-eng/ANALISA-SAHAM
 * branch                  main       -> FETCH_HEAD
Already up to date.
fatal: pathspec 'hasil_screener.csv' did not match any files
fatal: pathspec 'portofolio_virtual.csv' did not match any files
fatal: pathspec 'history_trade.csv' did not match any files
fatal: pathspec 'sinyal_ai.csv' did not match any files
[main 8b9fc733dc] Auto-update data, arsip, dan bot simulator
 911 files changed, 911 insertions(+)
To https://github.com/ekongh112233-eng/ANALISA-SAHAM.git
   4dd92b4c4b..8b9fc733dc  main -> main
⏳ Memulai pembaruan data saham (Ultimate Diagnostic Mode)...
📥 Mengunduh 962 data saham secara bersamaan (Maks 8 jalur)...
⚡ Memproses teknikal, fundamental, berita & broksum secara Paralel (Safe Mode)...
🧠 Menjalankan Algoritma Machine Learning (Mendeteksi Anomali Bandar)...
✅ Machine Learning selesai mendeteksi anomali!
🗂️ Memecah data historis 5-menitan ke dalam 3 Folder Kelas...
✅ Selesai! Data Web diperbarui & Diarsipkan ke sistem 3 Folder (Arsip_Data_Saham).
[14:10:08] Membangunkan Bot Simulator AI...
✅ Inspeksi 9 Arena selesai.
From https://github.com/ekongh112233-eng/ANALISA-SAHAM
 * branch                  main       -> FETCH_HEAD
Already up to date.
fatal: pathspec 'hasil_screener.csv' did not match any files
⏳ Memulai pembaruan data saham (Ultimate Diagnostic Mode)...
📥 Mengunduh 962 data saham secara bersamaan (Maks 8 jalur)...
⚡ Memproses teknikal, fundamental, berita & broksum secara Paralel (Safe Mode)...
🧠 Menjalankan Algoritma Machine Learning (Mendeteksi Anomali Bandar)...
✅ Machine Learning selesai mendeteksi anomali!
🗂️ Memecah data historis 5-menitan ke dalam 3 Folder Kelas...
✅ Selesai! Data Web diperbarui & Diarsipkan ke sistem 3 Folder (Arsip_Data_Saham).
fatal: pathspec 'portofolio_virtual.csv' did not match any files
fatal: pathspec 'history_trade.csv' did not match any files
fatal: pathspec 'sinyal_ai.csv' did not match any files
[main 85320b7e67] Auto-update data, arsip, dan bot simulator
 911 files changed, 1818 insertions(+)
[14:10:12] Membangunkan Bot Simulator AI...
✅ Inspeksi 9 Arena selesai.
From https://github.com/ekongh112233-eng/ANALISA-SAHAM
 * branch                  main       -> FETCH_HEAD
Already up to date.
fatal: pathspec 'hasil_screener.csv' did not match any files
fatal: pathspec 'portofolio_virtual.csv' did not match any files
fatal: pathspec 'history_trade.csv' did not match any files
fatal: pathspec 'sinyal_ai.csv' did not match any files
[main 6f6c0a731c] Auto-update data, arsip, dan bot simulator
 4 files changed, 4 insertions(+)
To https://github.com/ekongh112233-eng/ANALISA-SAHAM.git
   8b9fc733dc..85320b7e67  main -> main
To https://github.com/ekongh112233-eng/ANALISA-SAHAM.git
 ! [remote rejected]       main -> main (cannot lock ref 'refs/heads/main': is at 6f6c0a731cb11c9d4011a73c13b165beb0db93e4 but expected 8b9fc733dc1c1bd518c35989e875e7b1b5c379bb)
error: failed to push some refs to 'https://github.com/ekongh112233-eng/ANALISA-SAHAM.git'
⏳ Memulai pembaruan data saham (Ultimate Diagnostic Mode)...
📥 Mengunduh 962 data saham secara bersamaan (Maks 8 jalur)...
⚡ Memproses teknikal, fundamental, berita & broksum secara Paralel (Safe Mode)...
🧠 Menjalankan Algoritma Machine Learning (Mendeteksi Anomali Bandar)...
✅ Machine Learning selesai mendeteksi anomali!
🗂️ Memecah data historis 5-menitan ke dalam 3 Folder Kelas...
✅ Selesai! Data Web diperbarui & Diarsipkan ke sistem 3 Folder (Arsip_Data_Saham).
⏳ Memulai pembaruan data saham (Ultimate Diagnostic Mode)...
📥 Mengunduh 962 data saham secara bersamaan (Maks 8 jalur)...
⚡ Memproses teknikal, fundamental, berita & broksum secara Paralel (Safe Mode)...
🧠 Menjalankan Algoritma Machine Learning (Mendeteksi Anomali Bandar)...
✅ Machine Learning selesai mendeteksi anomali!
🗂️ Memecah data historis 5-menitan ke dalam 3 Folder Kelas...
✅ Selesai! Data Web diperbarui & Diarsipkan ke sistem 3 Folder (Arsip_Data_Saham).
[14:20:41] Membangunkan Bot Simulator AI...
✅ Inspeksi 9 Arena selesai.
[14:20:41] Membangunkan Bot Simulator AI...
✅ Inspeksi 9 Arena selesai.
From https://github.com/ekongh112233-eng/ANALISA-SAHAM
 * branch                  main       -> FETCH_HEAD
   85320b7e67..6f6c0a731c  main       -> origin/main
Already up to date.
fatal: pathspec 'hasil_screener.csv' did not match any files
fatal: pathspec 'portofolio_virtual.csv' did not match any files
fatal: pathspec 'history_trade.csv' did not match any files
fatal: pathspec 'sinyal_ai.csv' did not match any files
[main 827c645762] Auto-update data, arsip, dan bot simulator
 911 files changed, 1822 insertions(+)
From https://github.com/ekongh112233-eng/ANALISA-SAHAM
 * branch                  main       -> FETCH_HEAD
warning: fetch updated the current branch head.
fast-forwarding your working tree from
commit 6f6c0a731cb11c9d4011a73c13b165beb0db93e4.
error: Your local changes to the following files would be overwritten by merge:
	Arsip_Data_Saham/Kelas_1_Gorengan_50_200/ABBA_arsip.csv
	Arsip_Data_Saham/Kelas_1_Gorengan_50_200/ACRO_arsip.csv
	Arsip_Data_Saham/Kelas_1_Gorengan_50_200/ACST_arsip.csv
	Arsip_Data_Saham/Kelas_1_Gorengan_50_200/ADCP_arsip.csv
	Arsip_Data_Saham/Kelas_1_Gorengan_50_200/ADHI_arsip.csv
	Arsip_Data_Saham/Kelas_1_Gorengan_50_200/AEGS_arsip.csv
	Arsip_Data_Saham/Kelas_1_Gorengan_50_200/AGRO_arsip.csv
	Arsip_Data_Saham/Kelas_1_Gorengan_50_200/AGRS_arsip.csv
	Arsip_Data_Saham/Kelas_1_Gorengan_50_200/AHAP_arsip.csv
	Arsip_Data_Saham/Kelas_1_Gorengan_50_200/AISA_arsip.csv
	Arsip_Data_Saham/Kelas_1_Gorengan_50_200/AKKU_arsip.csv
	Arsip_Data_Saham/Kelas_1_Gorengan_50_200/ALMI_arsip.csv
	Arsip_Data_Saham/Kelas_1_Gorengan_50_200/ALTO_arsip.csv
	Arsip_Data_Saham/Kelas_1_Gorengan_50_200/AMMS_arsip.csv
	Arsip_Data_Saham/Kelas_1_Gorengan_50_200/ANDI_arsip.csv
	Arsip_Data_Saham/Kelas_1_Gorengan_50_200/APEX_arsip.csv
	Arsip_Data_Saham/Kelas_1_Gorengan_50_200/APII_arsip.csv
	Arsip_Data_Saham/Kelas_1_Gorengan_50_200/APLN_arsip.csv
	Arsip_Data_Saham/Kelas_1_Gorengan_50_200/ARKA_arsip.csv
	Arsip_Data_Saham/Kelas_1_Gorengan_50_200/ARTI_arsip.csv
	Arsip_Data_Saham/Kelas_1_Gorengan_50_200/ASHA_arsip.csv
	Arsip_Data_Saham/Kelas_1_Gorengan_50_200/ASJT_arsip.csv
	Arsip_Data_Saham/Kelas_1_Gorengan_50_200/ASLC_arsip.csv
	Arsip_Data_Saham/Kelas_1_Gorengan_50_200/ASMI_arsip.csv
	Arsip_Data_Saham/Kelas_1_Gorengan_50_200/ASPR_arsip.csv
	Arsip_Data_Saham/Kelas_1_Gorengan_50_200/ASRI_arsip.csv
	Arsip_Data_Saham/Kelas_1_Gorengan_50_200/ATLA_arsip.csv
	Arsip_Data_Saham/Kelas_1_Gorengan_50_200/AWAN_arsip.csv
	Arsip_Data_Saham/Kelas_1_Gorengan_50_200/AXIO_arsip.csv
	Arsip_Data_Saham/Kelas_1_Gorengan_50_200/AYLS_arsip.csv
	Arsip_Data_Saham/Kelas_1_Gorengan_50_200/BABP_arsip.csv
	Arsip_Data_Saham/Kelas_1_Gorengan_50_200/BACA_arsip.csv
	Arsip_Data_Saham/Kelas_1_Gorengan_50_200/BAPA_arsip.csv
	Arsip_Data_Saham/Kelas_1_Gorengan_50_200/BAPI_arsip.csv
	Arsip_Data_Saham/Kelas_1_Gorengan_50_200/BATA_arsip.csv
	Arsip_Data_Saham/Kelas_1_Gorengan_50_200/BATR_arsip.csv
	Arsip_Data_Saham/Kelas_1_Gorengan_50_200/BAUT_arsip.csv
	Arsip_Data_Saham/Kelas_1_Gorengan_50_200/BBKP_arsip.csv
	Arsip_Data_Saham/Kelas_1_Gorengan_50_200/BBRM_arsip.csv
	Arsip_Data_Saham/Kelas_1_Gorengan_50_200/BBSS_arsip.csv
	Arsip_Data_Saham/Kelas_1_Gorengan_50_200/BCAP_arsip.csv
	Arsip_Data_Saham/Kelas_1_Gorengan_50_200/BCIC_arsip.csv
	Arsip_Data_Saham/Kelas_1_Gorengan_50_200/BCIP_arsip.csv
	Arsip_Data_Saham/Kelas_1_Gorengan_50_200/BDKR_arsip.csv
	Arsip_Data_Saham/Kelas_1_Gorengan_50_200/BEBS_arsip.csv
	Arsip_Data_Saham/Kelas_1_Gorengan_50_200/BEER_arsip.csv
	Arsip_Data_Saham/Kelas_1_Gorengan_50_200/BEKS_arsip.csv
	Arsip_Data_Saham/Kelas_1_Gorengan_50_200/BELL_arsip.csv
	Arsip_Data_Saham/Kelas_1_Gorengan_50_200/BEST_arsip.csv
	Arsip_Data_Saham/Kelas_1_Gorengan_50_200/BGTG_arsip.csv
	Arsip_Data_Saham/Kelas_1_Gorengan_50_200/BHIT_arsip.csv
	Arsip_Data_Saham/Kelas_1_Gorengan_50_200/BIKA_arsip.csv
	Arsip_Data_Saham/Kelas_1_Gorengan_50_200/BIMA_arsip.csv
	Arsip_Data_Saham/Kelas_1_Gorengan_50_200/BINO_arsip.csv
	Arsip_Data_Saham/Kelas_1_Gorengan_50_200/BIPI_arsip.csv
	Arsip_Data_Saham/Kelas_1_Gorengan_50_200/BIPP_arsip.csv
	Arsip_Data_Saham/Kelas_1_Gorengan_50_200/BKDP_arsip.csv
	Arsip_Data_Saham/Kelas_1_Gorengan_50_200/BKSL_arsip.csv
	Arsip_Data_Saham/Kelas_1_Gorengan_50_200/BKSW_arsip.csv
	Arsip_Data_Saham/Kelas_1_Gorengan_50_200/BLTA_arsip.csv
	Arsip_Data_Saham/Kelas_1_Gorengan_50_200/BMBL_arsip.csv
	Arsip_Data_Saham/Kelas_1_Gorengan_50_200/BMHS_arsip.csv
	Arsip_Data_Saham/Kelas_1_Gorengan_50_200/BMTR_arsip.csv
	Arsip_Data_Saham/Kelas_1_Gorengan_50_200/BNBR_arsip.csv
	Arsip_Data_Saham/Kelas_1_Gorengan_50_200/BNII_arsip.csv
	Arsip_Data_Saham/Kelas_1_Gorengan_50_200/BOAT_arsip.csv
	Arsip_Data_Saham/Kelas_1_Gorengan_50_200/BOLA_arsip.csv
	Arsip_Data_Saham/Kelas_1_Gorengan_50_200/BOSS_arsip.csv
	Arsip_Data_Saham/Kelas_1_Gorengan_50_200/BPTR_arsip.csv
	Arsip_Data_Saham/Kelas_1_Gorengan_50_200/BRRC_arsip.csv
	Arsip_Data_Saham/Kelas_1
Aborting
fatal: Cannot fast-forward your working tree.
After making sure that you saved anything precious from
$ git diff 6f6c0a731cb11c9d4011a73c13b165beb0db93e4
output, run
$ git reset --hard
to recover.
fatal: pathspec 'hasil_screener.csv' did not match any files
fatal: pathspec 'portofolio_virtual.csv' did not match any files
fatal: pathspec 'history_trade.csv' did not match any files
fatal: pathspec 'sinyal_ai.csv' did not match any files
On branch main
Your branch is ahead of 'origin/main' by 1 commit.
  (use "git push" to publish your local commits)

Changes not staged for commit:
  (use "git add/rm <file>..." to update what will be committed)
  (use "git restore <file>..." to discard changes in working directory)
	deleted:    Arsip_Data_Harian/screener_2026-08-07.csv
	deleted:    Arsip_Data_Harian/screener_2026-08-10.csv
	deleted:    Arsip_Data_Harian/screener_2026-08-11.csv
	modified:   Database/hasil_screener.csv

Untracked files:
  (use "git add <file>..." to include in what will be committed)
	.env
	Arsip_Data_Harian/screener_2026-08-20.csv
	Arsip_Data_Harian/screener_2026-08-21.csv
	Database/history_trade_rumus_1.csv
	Database/history_trade_rumus_2.csv
	Database/history_trade_rumus_3.csv
	Database/history_trade_rumus_4.csv
	Database/history_trade_rumus_5.csv
	Database/history_trade_rumus_6.csv
	Database/history_trade_rumus_7.csv
	Database/history_trade_rumus_8.csv
	Database/history_trade_rumus_9.csv
	Database/portofolio_virtual_rumus_1.csv
	Database/portofolio_virtual_rumus_2.csv
	Database/portofolio_virtual_rumus_3.csv
	Database/portofolio_virtual_rumus_4.csv
	Database/portofolio_virtual_rumus_5.csv
	Database/portofolio_virtual_rumus_6.csv
	Database/portofolio_virtual_rumus_7.csv
	Database/portofolio_virtual_rumus_8.csv
	Database/portofolio_virtual_rumus_9.csv
	bot.log
	token_stockbit.txt

no changes added to commit (use "git add" and/or "git commit -a")
Tidak ada perubahan
To https://github.com/ekongh112233-eng/ANALISA-SAHAM.git
   6f6c0a731c..827c645762  main -> main
To https://github.com/ekongh112233-eng/ANALISA-SAHAM.git
 ! [remote rejected]       main -> main (cannot lock ref 'refs/heads/main': is at 827c6457629f63aac65edd36f0b363d32c6f63fd but expected 6f6c0a731cb11c9d4011a73c13b165beb0db93e4)
error: failed to push some refs to 'https://github.com/ekongh112233-eng/ANALISA-SAHAM.git'
⏳ Memulai pembaruan data saham (Ultimate Diagnostic Mode)...
📥 Mengunduh 962 data saham secara bersamaan (Maks 8 jalur)...
⚡ Memproses teknikal, fundamental, berita & broksum secara Paralel (Safe Mode)...
🧠 Menjalankan Algoritma Machine Learning (Mendeteksi Anomali Bandar)...
✅ Machine Learning selesai mendeteksi anomali!
🗂️ Memecah data historis 5-menitan ke dalam 3 Folder Kelas...
✅ Selesai! Data Web diperbarui & Diarsipkan ke sistem 3 Folder (Arsip_Data_Saham).
⏳ Memulai pembaruan data saham (Ultimate Diagnostic Mode)...
📥 Mengunduh 962 data saham secara bersamaan (Maks 8 jalur)...
⚡ Memproses teknikal, fundamental, berita & broksum secara Paralel (Safe Mode)...
🧠 Menjalankan Algoritma Machine Learning (Mendeteksi Anomali Bandar)...
✅ Machine Learning selesai mendeteksi anomali!
🗂️ Memecah data historis 5-menitan ke dalam 3 Folder Kelas...
✅ Selesai! Data Web diperbarui & Diarsipkan ke sistem 3 Folder (Arsip_Data_Saham).
[14:31:15] Membangunkan Bot Simulator AI...
✅ Inspeksi 9 Arena selesai.
[14:31:15] Membangunkan Bot Simulator AI...
✅ Inspeksi 9 Arena selesai.
From https://github.com/ekongh112233-eng/ANALISA-SAHAM
 * branch                  main       -> FETCH_HEAD
From https://github.com/ekongh112233-eng/ANALISA-SAHAM
 * branch                  main       -> FETCH_HEAD
Already up to date.
fatal: pathspec 'hasil_screener.csv' did not match any files
Already up to date.
fatal: Unable to create '/home/kaltaraid/Documents/ANALISA-SAHAM/.git/index.lock': File exists.

Another git process seems to be running in this repository, or the lock file may be stale
fatal: Unable to create '/home/kaltaraid/Documents/ANALISA-SAHAM/.git/index.lock': File exists.

Another git process seems to be running in this repository, or the lock file may be stale
fatal: Unable to create '/home/kaltaraid/Documents/ANALISA-SAHAM/.git/index.lock': File exists.

Another git process seems to be running in this repository, or the lock file may be stale
fatal: Unable to create '/home/kaltaraid/Documents/ANALISA-SAHAM/.git/index.lock': File exists.

Another git process seems to be running in this repository, or the lock file may be stale
fatal: Unable to create '/home/kaltaraid/Documents/ANALISA-SAHAM/.git/index.lock': File exists.

Another git process seems to be running in this repository, or the lock file may be stale
fatal: Unable to create '/home/kaltaraid/Documents/ANALISA-SAHAM/.git/index.lock': File exists.

Another git process seems to be running in this repository, or the lock file may be stale
Tidak ada perubahan
fatal: pathspec 'portofolio_virtual.csv' did not match any files
fatal: pathspec 'history_trade.csv' did not match any files
fatal: pathspec 'sinyal_ai.csv' did not match any files
[main 913132e103] Auto-update data, arsip, dan bot simulator
 911 files changed, 1822 insertions(+)
Everything up-to-date
To https://github.com/ekongh112233-eng/ANALISA-SAHAM.git
   827c645762..913132e103  main -> main
⏳ Memulai pembaruan data saham (Ultimate Diagnostic Mode)...
📥 Mengunduh 962 data saham secara bersamaan (Maks 8 jalur)...
⚡ Memproses teknikal, fundamental, berita & broksum secara Paralel (Safe Mode)...
🧠 Menjalankan Algoritma Machine Learning (Mendeteksi Anomali Bandar)...
✅ Machine Learning selesai mendeteksi anomali!
🗂️ Memecah data historis 5-menitan ke dalam 3 Folder Kelas...
✅ Selesai! Data Web diperbarui & Diarsipkan ke sistem 3 Folder (Arsip_Data_Saham).
[14:40:56] Membangunkan Bot Simulator AI...
✅ Inspeksi 9 Arena selesai.
From https://github.com/ekongh112233-eng/ANALISA-SAHAM
 * branch                  main       -> FETCH_HEAD
Already up to date.
fatal: pathspec 'hasil_screener.csv' did not match any files
fatal: pathspec 'portofolio_virtual.csv' did not match any files
fatal: pathspec 'history_trade.csv' did not match any files
fatal: pathspec 'sinyal_ai.csv' did not match any files
[main cd5f9191c6] Auto-update data, arsip, dan bot simulator
 911 files changed, 911 insertions(+)
To https://github.com/ekongh112233-eng/ANALISA-SAHAM.git
   913132e103..cd5f9191c6  main -> main
⏳ Memulai pembaruan data saham (Ultimate Diagnostic Mode)...
📥 Mengunduh 962 data saham secara bersamaan (Maks 8 jalur)...
⚡ Memproses teknikal, fundamental, berita & broksum secara Paralel (Safe Mode)...
🧠 Menjalankan Algoritma Machine Learning (Mendeteksi Anomali Bandar)...
✅ Machine Learning selesai mendeteksi anomali!
🗂️ Memecah data historis 5-menitan ke dalam 3 Folder Kelas...
✅ Selesai! Data Web diperbarui & Diarsipkan ke sistem 3 Folder (Arsip_Data_Saham).
[14:41:12] Membangunkan Bot Simulator AI...
✅ Inspeksi 9 Arena selesai.
From https://github.com/ekongh112233-eng/ANALISA-SAHAM
 * branch                  main       -> FETCH_HEAD
Already up to date.
fatal: pathspec 'hasil_screener.csv' did not match any files
fatal: pathspec 'portofolio_virtual.csv' did not match any files
fatal: pathspec 'history_trade.csv' did not match any files
fatal: pathspec 'sinyal_ai.csv' did not match any files
[main 8ed9b6e6ad] Auto-update data, arsip, dan bot simulator
 911 files changed, 911 insertions(+)
To https://github.com/ekongh112233-eng/ANALISA-SAHAM.git
   cd5f9191c6..8ed9b6e6ad  main -> main
⏳ Memulai pembaruan data saham (Ultimate Diagnostic Mode)...
📥 Mengunduh 962 data saham secara bersamaan (Maks 8 jalur)...
⚡ Memproses teknikal, fundamental, berita & broksum secara Paralel (Safe Mode)...
🧠 Menjalankan Algoritma Machine Learning (Mendeteksi Anomali Bandar)...
✅ Machine Learning selesai mendeteksi anomali!
🗂️ Memecah data historis 5-menitan ke dalam 3 Folder Kelas...
✅ Selesai! Data Web diperbarui & Diarsipkan ke sistem 3 Folder (Arsip_Data_Saham).
[14:50:35] Membangunkan Bot Simulator AI...
✅ Inspeksi 9 Arena selesai.
From https://github.com/ekongh112233-eng/ANALISA-SAHAM
 * branch                  main       -> FETCH_HEAD
Already up to date.
fatal: pathspec 'hasil_screener.csv' did not match any files
fatal: pathspec 'portofolio_virtual.csv' did not match any files
fatal: pathspec 'history_trade.csv' did not match any files
fatal: pathspec 'sinyal_ai.csv' did not match any files
[main 20f736c973] Auto-update data, arsip, dan bot simulator
 911 files changed, 911 insertions(+)
To https://github.com/ekongh112233-eng/ANALISA-SAHAM.git
   8ed9b6e6ad..20f736c973  main -> main
⏳ Memulai pembaruan data saham (Ultimate Diagnostic Mode)...
📥 Mengunduh 962 data saham secara bersamaan (Maks 8 jalur)...
⚡ Memproses teknikal, fundamental, berita & broksum secara Paralel (Safe Mode)...
🧠 Menjalankan Algoritma Machine Learning (Mendeteksi Anomali Bandar)...
✅ Machine Learning selesai mendeteksi anomali!
🗂️ Memecah data historis 5-menitan ke dalam 3 Folder Kelas...
✅ Selesai! Data Web diperbarui & Diarsipkan ke sistem 3 Folder (Arsip_Data_Saham).
[14:50:58] Membangunkan Bot Simulator AI...
✅ Inspeksi 9 Arena selesai.
From https://github.com/ekongh112233-eng/ANALISA-SAHAM
 * branch                  main       -> FETCH_HEAD
Already up to date.
fatal: pathspec 'hasil_screener.csv' did not match any files
fatal: pathspec 'portofolio_virtual.csv' did not match any files
fatal: pathspec 'history_trade.csv' did not match any files
fatal: pathspec 'sinyal_ai.csv' did not match any files
[main 2d3a7c1541] Auto-update data, arsip, dan bot simulator
 911 files changed, 911 insertions(+)
To https://github.com/ekongh112233-eng/ANALISA-SAHAM.git
   20f736c973..2d3a7c1541  main -> main
⏳ Memulai pembaruan data saham (Ultimate Diagnostic Mode)...
📥 Mengunduh 962 data saham secara bersamaan (Maks 8 jalur)...
⚡ Memproses teknikal, fundamental, berita & broksum secara Paralel (Safe Mode)...
🧠 Menjalankan Algoritma Machine Learning (Mendeteksi Anomali Bandar)...
✅ Machine Learning selesai mendeteksi anomali!
🗂️ Memecah data historis 5-menitan ke dalam 3 Folder Kelas...
✅ Selesai! Data Web diperbarui & Diarsipkan ke sistem 3 Folder (Arsip_Data_Saham).
[15:00:41] Membangunkan Bot Simulator AI...
✅ Inspeksi 9 Arena selesai.
From https://github.com/ekongh112233-eng/ANALISA-SAHAM
 * branch                  main       -> FETCH_HEAD
Already up to date.
fatal: pathspec 'hasil_screener.csv' did not match any files
fatal: pathspec 'portofolio_virtual.csv' did not match any files
fatal: pathspec 'history_trade.csv' did not match any files
fatal: pathspec 'sinyal_ai.csv' did not match any files
[main e0c0e3b8be] Auto-update data, arsip, dan bot simulator
 911 files changed, 1021 insertions(+)
⏳ Memulai pembaruan data saham (Ultimate Diagnostic Mode)...
📥 Mengunduh 962 data saham secara bersamaan (Maks 8 jalur)...
⚡ Memproses teknikal, fundamental, berita & broksum secara Paralel (Safe Mode)...
🧠 Menjalankan Algoritma Machine Learning (Mendeteksi Anomali Bandar)...
✅ Machine Learning selesai mendeteksi anomali!
🗂️ Memecah data historis 5-menitan ke dalam 3 Folder Kelas...
✅ Selesai! Data Web diperbarui & Diarsipkan ke sistem 3 Folder (Arsip_Data_Saham).
[15:00:45] Membangunkan Bot Simulator AI...
✅ Inspeksi 9 Arena selesai.
From https://github.com/ekongh112233-eng/ANALISA-SAHAM
 * branch                  main       -> FETCH_HEAD
Already up to date.
fatal: pathspec 'hasil_screener.csv' did not match any files
fatal: pathspec 'portofolio_virtual.csv' did not match any files
fatal: pathspec 'history_trade.csv' did not match any files
fatal: pathspec 'sinyal_ai.csv' did not match any files
[main 81b9c87200] Auto-update data, arsip, dan bot simulator
 857 files changed, 857 insertions(+)
To https://github.com/ekongh112233-eng/ANALISA-SAHAM.git
   2d3a7c1541..e0c0e3b8be  main -> main
To https://github.com/ekongh112233-eng/ANALISA-SAHAM.git
   e0c0e3b..81b9c87  main -> main
⏳ Memulai pembaruan data saham (Ultimate Diagnostic Mode)...
📥 Mengunduh 962 data saham secara bersamaan (Maks 8 jalur)...
⚡ Memproses teknikal, fundamental, berita & broksum secara Paralel (Safe Mode)...
🧠 Menjalankan Algoritma Machine Learning (Mendeteksi Anomali Bandar)...
✅ Machine Learning selesai mendeteksi anomali!
🗂️ Memecah data historis 5-menitan ke dalam 3 Folder Kelas...
✅ Selesai! Data Web diperbarui & Diarsipkan ke sistem 3 Folder (Arsip_Data_Saham).
[15:10:15] Membangunkan Bot Simulator AI...
✅ Inspeksi 9 Arena selesai.
From https://github.com/ekongh112233-eng/ANALISA-SAHAM
 * branch                  main       -> FETCH_HEAD
Already up to date.
fatal: pathspec 'hasil_screener.csv' did not match any files
fatal: pathspec 'portofolio_virtual.csv' did not match any files
fatal: pathspec 'history_trade.csv' did not match any files
fatal: pathspec 'sinyal_ai.csv' did not match any files
[main ab656dd218] Auto-update data, arsip, dan bot simulator
 911 files changed, 911 insertions(+)
To https://github.com/ekongh112233-eng/ANALISA-SAHAM.git
   81b9c87200..ab656dd218  main -> main
⏳ Memulai pembaruan data saham (Ultimate Diagnostic Mode)...
📥 Mengunduh 962 data saham secara bersamaan (Maks 8 jalur)...
⚡ Memproses teknikal, fundamental, berita & broksum secara Paralel (Safe Mode)...
🧠 Menjalankan Algoritma Machine Learning (Mendeteksi Anomali Bandar)...
✅ Machine Learning selesai mendeteksi anomali!
🗂️ Memecah data historis 5-menitan ke dalam 3 Folder Kelas...
✅ Selesai! Data Web diperbarui & Diarsipkan ke sistem 3 Folder (Arsip_Data_Saham).
[15:10:32] Membangunkan Bot Simulator AI...
✅ Inspeksi 9 Arena selesai.
From https://github.com/ekongh112233-eng/ANALISA-SAHAM
 * branch                  main       -> FETCH_HEAD
Already up to date.
fatal: pathspec 'hasil_screener.csv' did not match any files
fatal: pathspec 'portofolio_virtual.csv' did not match any files
fatal: pathspec 'history_trade.csv' did not match any files
fatal: pathspec 'sinyal_ai.csv' did not match any files
[main ec6e420ac5] Auto-update data, arsip, dan bot simulator
 911 files changed, 911 insertions(+)
To https://github.com/ekongh112233-eng/ANALISA-SAHAM.git
   ab656dd218..ec6e420ac5  main -> main
⏳ Memulai pembaruan data saham (Ultimate Diagnostic Mode)...
📥 Mengunduh 962 data saham secara bersamaan (Maks 8 jalur)...
⚡ Memproses teknikal, fundamental, berita & broksum secara Paralel (Safe Mode)...
🧠 Menjalankan Algoritma Machine Learning (Mendeteksi Anomali Bandar)...
✅ Machine Learning selesai mendeteksi anomali!
🗂️ Memecah data historis 5-menitan ke dalam 3 Folder Kelas...
✅ Selesai! Data Web diperbarui & Diarsipkan ke sistem 3 Folder (Arsip_Data_Saham).
[15:21:55] Membangunkan Bot Simulator AI...
✅ Inspeksi 9 Arena selesai.
From https://github.com/ekongh112233-eng/ANALISA-SAHAM
 * branch                  main       -> FETCH_HEAD
Already up to date.
fatal: pathspec 'hasil_screener.csv' did not match any files
fatal: pathspec 'portofolio_virtual.csv' did not match any files
fatal: pathspec 'history_trade.csv' did not match any files
fatal: pathspec 'sinyal_ai.csv' did not match any files
[main e3e1670af9] Auto-update data, arsip, dan bot simulator
 911 files changed, 912 insertions(+)
 create mode 100644 Arsip_Data_Saham/Kelas_2_Midcap_201_1000/RGAS_arsip.csv
To https://github.com/ekongh112233-eng/ANALISA-SAHAM.git
   ec6e420ac5..e3e1670af9  main -> main
⏳ Memulai pembaruan data saham (Ultimate Diagnostic Mode)...
📥 Mengunduh 962 data saham secara bersamaan (Maks 8 jalur)...
⚡ Memproses teknikal, fundamental, berita & broksum secara Paralel (Safe Mode)...
🧠 Menjalankan Algoritma Machine Learning (Mendeteksi Anomali Bandar)...
✅ Machine Learning selesai mendeteksi anomali!
🗂️ Memecah data historis 5-menitan ke dalam 3 Folder Kelas...
✅ Selesai! Data Web diperbarui & Diarsipkan ke sistem 3 Folder (Arsip_Data_Saham).
[15:22:04] Membangunkan Bot Simulator AI...
✅ Inspeksi 9 Arena selesai.
From https://github.com/ekongh112233-eng/ANALISA-SAHAM
 * branch                    main       -> FETCH_HEAD
Already up to date.
fatal: pathspec 'hasil_screener.csv' did not match any files
fatal: pathspec 'portofolio_virtual.csv' did not match any files
fatal: pathspec 'history_trade.csv' did not match any files
fatal: pathspec 'sinyal_ai.csv' did not match any files
[main 62afca923e] Auto-update data, arsip, dan bot simulator
 911 files changed, 911 insertions(+)
To https://github.com/ekongh112233-eng/ANALISA-SAHAM.git
   e3e1670af9..62afca923e  main -> main
⏳ Memulai pembaruan data saham (Ultimate Diagnostic Mode)...
📥 Mengunduh 962 data saham secara bersamaan (Maks 8 jalur)...
⚡ Memproses teknikal, fundamental, berita & broksum secara Paralel (Safe Mode)...
🧠 Menjalankan Algoritma Machine Learning (Mendeteksi Anomali Bandar)...
✅ Machine Learning selesai mendeteksi anomali!
🗂️ Memecah data historis 5-menitan ke dalam 3 Folder Kelas...
✅ Selesai! Data Web diperbarui & Diarsipkan ke sistem 3 Folder (Arsip_Data_Saham).
[15:30:56] Membangunkan Bot Simulator AI...
🧹 WAKTU SQUARE OFF (>= 15:30)! Semua posisi akan dijual paksa. Pembelian baru diblokir.
✅ Inspeksi 9 Arena selesai.
From https://github.com/ekongh112233-eng/ANALISA-SAHAM
 * branch                  main       -> FETCH_HEAD
Already up to date.
fatal: pathspec 'hasil_screener.csv' did not match any files
fatal: pathspec 'portofolio_virtual.csv' did not match any files
fatal: pathspec 'history_trade.csv' did not match any files
fatal: pathspec 'sinyal_ai.csv' did not match any files
[main 29457f0d3c] Auto-update data, arsip, dan bot simulator
 911 files changed, 911 insertions(+)
To https://github.com/ekongh112233-eng/ANALISA-SAHAM.git
   62afca923e..29457f0d3c  main -> main
⏳ Memulai pembaruan data saham (Ultimate Diagnostic Mode)...
📥 Mengunduh 962 data saham secara bersamaan (Maks 8 jalur)...
⚡ Memproses teknikal, fundamental, berita & broksum secara Paralel (Safe Mode)...
🧠 Menjalankan Algoritma Machine Learning (Mendeteksi Anomali Bandar)...
✅ Machine Learning selesai mendeteksi anomali!
🗂️ Memecah data historis 5-menitan ke dalam 3 Folder Kelas...
✅ Selesai! Data Web diperbarui & Diarsipkan ke sistem 3 Folder (Arsip_Data_Saham).
[15:31:47] Membangunkan Bot Simulator AI...
🧹 WAKTU SQUARE OFF (>= 15:30)! Semua posisi akan dijual paksa. Pembelian baru diblokir.
✅ Inspeksi 9 Arena selesai.
From https://github.com/ekongh112233-eng/ANALISA-SAHAM
 * branch                  main       -> FETCH_HEAD
Already up to date.
fatal: pathspec 'hasil_screener.csv' did not match any files
fatal: pathspec 'portofolio_virtual.csv' did not match any files
fatal: pathspec 'history_trade.csv' did not match any files
fatal: pathspec 'sinyal_ai.csv' did not match any files
[main e326a663d6] Auto-update data, arsip, dan bot simulator
 911 files changed, 912 insertions(+)
 create mode 100644 Arsip_Data_Saham/Kelas_2_Midcap_201_1000/HELI_arsip.csv
To https://github.com/ekongh112233-eng/ANALISA-SAHAM.git
   29457f0d3c..e326a663d6  main -> main
⏳ Memulai pembaruan data saham (Ultimate Diagnostic Mode)...
📥 Mengunduh 962 data saham secara bersamaan (Maks 8 jalur)...
⚡ Memproses teknikal, fundamental, berita & broksum secara Paralel (Safe Mode)...
🧠 Menjalankan Algoritma Machine Learning (Mendeteksi Anomali Bandar)...
✅ Machine Learning selesai mendeteksi anomali!
🗂️ Memecah data historis 5-menitan ke dalam 3 Folder Kelas...
✅ Selesai! Data Web diperbarui & Diarsipkan ke sistem 3 Folder (Arsip_Data_Saham).
[15:40:02] Membangunkan Bot Simulator AI...
🧹 WAKTU SQUARE OFF (>= 15:30)! Semua posisi akan dijual paksa. Pembelian baru diblokir.
✅ Inspeksi 9 Arena selesai.
From https://github.com/ekongh112233-eng/ANALISA-SAHAM
 * branch                  main       -> FETCH_HEAD
Already up to date.
fatal: pathspec 'hasil_screener.csv' did not match any files
fatal: pathspec 'portofolio_virtual.csv' did not match any files
fatal: pathspec 'history_trade.csv' did not match any files
fatal: pathspec 'sinyal_ai.csv' did not match any files
[main 3ae74e28b5] Auto-update data, arsip, dan bot simulator
 911 files changed, 911 insertions(+)
To https://github.com/ekongh112233-eng/ANALISA-SAHAM.git
   e326a663d6..3ae74e28b5  main -> main
⏳ Memulai pembaruan data saham (Ultimate Diagnostic Mode)...
📥 Mengunduh 962 data saham secara bersamaan (Maks 8 jalur)...
⚡ Memproses teknikal, fundamental, berita & broksum secara Paralel (Safe Mode)...
🧠 Menjalankan Algoritma Machine Learning (Mendeteksi Anomali Bandar)...
✅ Machine Learning selesai mendeteksi anomali!
🗂️ Memecah data historis 5-menitan ke dalam 3 Folder Kelas...
✅ Selesai! Data Web diperbarui & Diarsipkan ke sistem 3 Folder (Arsip_Data_Saham).
[15:40:16] Membangunkan Bot Simulator AI...
🧹 WAKTU SQUARE OFF (>= 15:30)! Semua posisi akan dijual paksa. Pembelian baru diblokir.
✅ Inspeksi 9 Arena selesai.
From https://github.com/ekongh112233-eng/ANALISA-SAHAM
 * branch                  main       -> FETCH_HEAD
Already up to date.
fatal: pathspec 'hasil_screener.csv' did not match any files
fatal: pathspec 'portofolio_virtual.csv' did not match any files
fatal: pathspec 'history_trade.csv' did not match any files
fatal: pathspec 'sinyal_ai.csv' did not match any files
[main 608674baff] Auto-update data, arsip, dan bot simulator
 911 files changed, 911 insertions(+)
To https://github.com/ekongh112233-eng/ANALISA-SAHAM.git
   3ae74e28b5..608674baff  main -> main
⏳ Memulai pembaruan data saham (Ultimate Diagnostic Mode)...
📥 Mengunduh 962 data saham secara bersamaan (Maks 8 jalur)...
⚡ Memproses teknikal, fundamental, berita & broksum secara Paralel (Safe Mode)...
🧠 Menjalankan Algoritma Machine Learning (Mendeteksi Anomali Bandar)...
✅ Machine Learning selesai mendeteksi anomali!
🗂️ Memecah data historis 5-menitan ke dalam 3 Folder Kelas...
✅ Selesai! Data Web diperbarui & Diarsipkan ke sistem 3 Folder (Arsip_Data_Saham).
[15:50:42] Membangunkan Bot Simulator AI...
🧹 WAKTU SQUARE OFF (>= 15:30)! Semua posisi akan dijual paksa. Pembelian baru diblokir.
✅ Inspeksi 9 Arena selesai.
From https://github.com/ekongh112233-eng/ANALISA-SAHAM
 * branch                  main       -> FETCH_HEAD
Already up to date.
fatal: pathspec 'hasil_screener.csv' did not match any files
fatal: pathspec 'portofolio_virtual.csv' did not match any files
fatal: pathspec 'history_trade.csv' did not match any files
fatal: pathspec 'sinyal_ai.csv' did not match any files
[main a5d866f5e1] Auto-update data, arsip, dan bot simulator
 911 files changed, 911 insertions(+), 11 deletions(-)
To https://github.com/ekongh112233-eng/ANALISA-SAHAM.git
   608674baff..a5d866f5e1  main -> main
⏳ Memulai pembaruan data saham (Ultimate Diagnostic Mode)...
📥 Mengunduh 962 data saham secara bersamaan (Maks 8 jalur)...
⚡ Memproses teknikal, fundamental, berita & broksum secara Paralel (Safe Mode)...
🧠 Menjalankan Algoritma Machine Learning (Mendeteksi Anomali Bandar)...
✅ Machine Learning selesai mendeteksi anomali!
🗂️ Memecah data historis 5-menitan ke dalam 3 Folder Kelas...
✅ Selesai! Data Web diperbarui & Diarsipkan ke sistem 3 Folder (Arsip_Data_Saham).
[15:51:05] Membangunkan Bot Simulator AI...
🧹 WAKTU SQUARE OFF (>= 15:30)! Semua posisi akan dijual paksa. Pembelian baru diblokir.
✅ Inspeksi 9 Arena selesai.
From https://github.com/ekongh112233-eng/ANALISA-SAHAM
 * branch                  main       -> FETCH_HEAD
Already up to date.
fatal: pathspec 'hasil_screener.csv' did not match any files
fatal: pathspec 'portofolio_virtual.csv' did not match any files
fatal: pathspec 'history_trade.csv' did not match any files
fatal: pathspec 'sinyal_ai.csv' did not match any files
[main fe9ca66ee9] Auto-update data, arsip, dan bot simulator
 911 files changed, 911 insertions(+)
To https://github.com/ekongh112233-eng/ANALISA-SAHAM.git
   a5d866f5e1..fe9ca66ee9  main -> main
⏳ Memulai pembaruan data saham (Ultimate Diagnostic Mode)...
📥 Mengunduh 962 data saham secara bersamaan (Maks 8 jalur)...
⚡ Memproses teknikal, fundamental, berita & broksum secara Paralel (Safe Mode)...
🧠 Menjalankan Algoritma Machine Learning (Mendeteksi Anomali Bandar)...
✅ Machine Learning selesai mendeteksi anomali!
🗂️ Memecah data historis 5-menitan ke dalam 3 Folder Kelas...
✅ Selesai! Data Web diperbarui & Diarsipkan ke sistem 3 Folder (Arsip_Data_Saham).
[16:00:53] Membangunkan Bot Simulator AI...
🧹 WAKTU SQUARE OFF (>= 15:30)! Semua posisi akan dijual paksa. Pembelian baru diblokir.
✅ Inspeksi 9 Arena selesai.
From https://github.com/ekongh112233-eng/ANALISA-SAHAM
 * branch                  main       -> FETCH_HEAD
Already up to date.
fatal: pathspec 'hasil_screener.csv' did not match any files
fatal: pathspec 'portofolio_virtual.csv' did not match any files
fatal: pathspec 'history_trade.csv' did not match any files
fatal: pathspec 'sinyal_ai.csv' did not match any files
[main fad763d7af] Auto-update data, arsip, dan bot simulator
 911 files changed, 911 insertions(+)
To https://github.com/ekongh112233-eng/ANALISA-SAHAM.git
   fe9ca66ee9..fad763d7af  main -> main
⏳ Memulai pembaruan data saham (Ultimate Diagnostic Mode)...
📥 Mengunduh 962 data saham secara bersamaan (Maks 8 jalur)...
⚡ Memproses teknikal, fundamental, berita & broksum secara Paralel (Safe Mode)...
🧠 Menjalankan Algoritma Machine Learning (Mendeteksi Anomali Bandar)...
✅ Machine Learning selesai mendeteksi anomali!
🗂️ Memecah data historis 5-menitan ke dalam 3 Folder Kelas...
✅ Selesai! Data Web diperbarui & Diarsipkan ke sistem 3 Folder (Arsip_Data_Saham).
[16:01:15] Membangunkan Bot Simulator AI...
🧹 WAKTU SQUARE OFF (>= 15:30)! Semua posisi akan dijual paksa. Pembelian baru diblokir.
✅ Inspeksi 9 Arena selesai.
From https://github.com/ekongh112233-eng/ANALISA-SAHAM
 * branch                  main       -> FETCH_HEAD
Already up to date.
fatal: pathspec 'hasil_screener.csv' did not match any files
fatal: pathspec 'portofolio_virtual.csv' did not match any files
fatal: pathspec 'history_trade.csv' did not match any files
fatal: pathspec 'sinyal_ai.csv' did not match any files
[main dabc9533d5] Auto-update data, arsip, dan bot simulator
 911 files changed, 911 insertions(+)
To https://github.com/ekongh112233-eng/ANALISA-SAHAM.git
   fad763d7af..dabc9533d5  main -> main
⏳ Memulai pembaruan data saham (Ultimate Diagnostic Mode)...
📥 Mengunduh 962 data saham secara bersamaan (Maks 8 jalur)...
⚡ Memproses teknikal, fundamental, berita & broksum secara Paralel (Safe Mode)...
🧠 Menjalankan Algoritma Machine Learning (Mendeteksi Anomali Bandar)...
✅ Machine Learning selesai mendeteksi anomali!
🗂️ Memecah data historis 5-menitan ke dalam 3 Folder Kelas...
✅ Selesai! Data Web diperbarui & Diarsipkan ke sistem 3 Folder (Arsip_Data_Saham).
[16:10:56] Membangunkan Bot Simulator AI...
🧹 WAKTU SQUARE OFF (>= 15:30)! Semua posisi akan dijual paksa. Pembelian baru diblokir.
✅ Inspeksi 9 Arena selesai.
From https://github.com/ekongh112233-eng/ANALISA-SAHAM
 * branch                  main       -> FETCH_HEAD
Already up to date.
fatal: pathspec 'hasil_screener.csv' did not match any files
fatal: pathspec 'portofolio_virtual.csv' did not match any files
fatal: pathspec 'history_trade.csv' did not match any files
fatal: pathspec 'sinyal_ai.csv' did not match any files
[main de2110739b] Auto-update data, arsip, dan bot simulator
 911 files changed, 911 insertions(+)
To https://github.com/ekongh112233-eng/ANALISA-SAHAM.git
   dabc9533d5..de2110739b  main -> main
⏳ Memulai pembaruan data saham (Ultimate Diagnostic Mode)...
📥 Mengunduh 962 data saham secara bersamaan (Maks 8 jalur)...
⚡ Memproses teknikal, fundamental, berita & broksum secara Paralel (Safe Mode)...
🧠 Menjalankan Algoritma Machine Learning (Mendeteksi Anomali Bandar)...
✅ Machine Learning selesai mendeteksi anomali!
🗂️ Memecah data historis 5-menitan ke dalam 3 Folder Kelas...
✅ Selesai! Data Web diperbarui & Diarsipkan ke sistem 3 Folder (Arsip_Data_Saham).
[16:11:08] Membangunkan Bot Simulator AI...
🧹 WAKTU SQUARE OFF (>= 15:30)! Semua posisi akan dijual paksa. Pembelian baru diblokir.
✅ Inspeksi 9 Arena selesai.
From https://github.com/ekongh112233-eng/ANALISA-SAHAM
 * branch                  main       -> FETCH_HEAD
Already up to date.
fatal: pathspec 'hasil_screener.csv' did not match any files
fatal: pathspec 'portofolio_virtual.csv' did not match any files
fatal: pathspec 'history_trade.csv' did not match any files
fatal: pathspec 'sinyal_ai.csv' did not match any files
[main e14dc91bcb] Auto-update data, arsip, dan bot simulator
 911 files changed, 911 insertions(+)
To https://github.com/ekongh112233-eng/ANALISA-SAHAM.git
   de2110739b..e14dc91bcb  main -> main
⏳ Memulai pembaruan data saham (Ultimate Diagnostic Mode)...
📥 Mengunduh 962 data saham secara bersamaan (Maks 8 jalur)...
⚡ Memproses teknikal, fundamental, berita & broksum secara Paralel (Safe Mode)...
🧠 Menjalankan Algoritma Machine Learning (Mendeteksi Anomali Bandar)...
✅ Machine Learning selesai mendeteksi anomali!
🗂️ Memecah data historis 5-menitan ke dalam 3 Folder Kelas...
✅ Selesai! Data Web diperbarui & Diarsipkan ke sistem 3 Folder (Arsip_Data_Saham).
⏳ Memulai pembaruan data saham (Ultimate Diagnostic Mode)...
📥 Mengunduh 962 data saham secara bersamaan (Maks 8 jalur)...
⚡ Memproses teknikal, fundamental, berita & broksum secara Paralel (Safe Mode)...
🧠 Menjalankan Algoritma Machine Learning (Mendeteksi Anomali Bandar)...
✅ Machine Learning selesai mendeteksi anomali!
🗂️ Memecah data historis 5-menitan ke dalam 3 Folder Kelas...
✅ Selesai! Data Web diperbarui & Diarsipkan ke sistem 3 Folder (Arsip_Data_Saham).
[16:21:12] Membangunkan Bot Simulator AI...
🧹 WAKTU SQUARE OFF (>= 15:30)! Semua posisi akan dijual paksa. Pembelian baru diblokir.
✅ Inspeksi 9 Arena selesai.
[16:21:12] Membangunkan Bot Simulator AI...
🧹 WAKTU SQUARE OFF (>= 15:30)! Semua posisi akan dijual paksa. Pembelian baru diblokir.
✅ Inspeksi 9 Arena selesai.
From https://github.com/ekongh112233-eng/ANALISA-SAHAM
 * branch                  main       -> FETCH_HEAD
Already up to date.
fatal: pathspec 'hasil_screener.csv' did not match any files
From https://github.com/ekongh112233-eng/ANALISA-SAHAM
 * branch                  main       -> FETCH_HEAD
Already up to date.
fatal: Unable to create '/home/kaltaraid/Documents/ANALISA-SAHAM/.git/index.lock': File exists.

Another git process seems to be running in this repository, or the lock file may be stale
fatal: Unable to create '/home/kaltaraid/Documents/ANALISA-SAHAM/.git/index.lock': File exists.

Another git process seems to be running in this repository, or the lock file may be stale
fatal: Unable to create '/home/kaltaraid/Documents/ANALISA-SAHAM/.git/index.lock': File exists.

Another git process seems to be running in this repository, or the lock file may be stale
fatal: Unable to create '/home/kaltaraid/Documents/ANALISA-SAHAM/.git/index.lock': File exists.

Another git process seems to be running in this repository, or the lock file may be stale
fatal: Unable to create '/home/kaltaraid/Documents/ANALISA-SAHAM/.git/index.lock': File exists.

Another git process seems to be running in this repository, or the lock file may be stale
fatal: Unable to create '/home/kaltaraid/Documents/ANALISA-SAHAM/.git/index.lock': File exists.

Another git process seems to be running in this repository, or the lock file may be stale
Tidak ada perubahan
fatal: pathspec 'portofolio_virtual.csv' did not match any files
fatal: pathspec 'history_trade.csv' did not match any files
fatal: pathspec 'sinyal_ai.csv' did not match any files
[main 6fc128c86d] Auto-update data, arsip, dan bot simulator
 912 files changed, 1822 insertions(+)
Everything up-to-date
To https://github.com/ekongh112233-eng/ANALISA-SAHAM.git
   e14dc91bcb..6fc128c86d  main -> main
⏳ Memulai pembaruan data saham (Ultimate Diagnostic Mode)...
📥 Mengunduh 962 data saham secara bersamaan (Maks 8 jalur)...
⚡ Memproses teknikal, fundamental, berita & broksum secara Paralel (Safe Mode)...
🧠 Menjalankan Algoritma Machine Learning (Mendeteksi Anomali Bandar)...
✅ Machine Learning selesai mendeteksi anomali!
🗂️ Memecah data historis 5-menitan ke dalam 3 Folder Kelas...
✅ Selesai! Data Web diperbarui & Diarsipkan ke sistem 3 Folder (Arsip_Data_Saham).
[16:30:06] Membangunkan Bot Simulator AI...
🧹 WAKTU SQUARE OFF (>= 15:30)! Semua posisi akan dijual paksa. Pembelian baru diblokir.
✅ Inspeksi 9 Arena selesai.
From https://github.com/ekongh112233-eng/ANALISA-SAHAM
 * branch                  main       -> FETCH_HEAD
Already up to date.
fatal: pathspec 'hasil_screener.csv' did not match any files
fatal: pathspec 'portofolio_virtual.csv' did not match any files
fatal: pathspec 'history_trade.csv' did not match any files
fatal: pathspec 'sinyal_ai.csv' did not match any files
[main 1b0a2e5356] Auto-update data, arsip, dan bot simulator
 911 files changed, 911 insertions(+)
To https://github.com/ekongh112233-eng/ANALISA-SAHAM.git
   6fc128c86d..1b0a2e5356  main -> main
⏳ Memulai pembaruan data saham (Ultimate Diagnostic Mode)...
📥 Mengunduh 962 data saham secara bersamaan (Maks 8 jalur)...
⚡ Memproses teknikal, fundamental, berita & broksum secara Paralel (Safe Mode)...
🧠 Menjalankan Algoritma Machine Learning (Mendeteksi Anomali Bandar)...
✅ Machine Learning selesai mendeteksi anomali!
🗂️ Memecah data historis 5-menitan ke dalam 3 Folder Kelas...
✅ Selesai! Data Web diperbarui & Diarsipkan ke sistem 3 Folder (Arsip_Data_Saham).
[16:30:17] Membangunkan Bot Simulator AI...
🧹 WAKTU SQUARE OFF (>= 15:30)! Semua posisi akan dijual paksa. Pembelian baru diblokir.
✅ Inspeksi 9 Arena selesai.
From https://github.com/ekongh112233-eng/ANALISA-SAHAM
 * branch                  main       -> FETCH_HEAD
Already up to date.
fatal: pathspec 'hasil_screener.csv' did not match any files
fatal: pathspec 'portofolio_virtual.csv' did not match any files
fatal: pathspec 'history_trade.csv' did not match any files
fatal: pathspec 'sinyal_ai.csv' did not match any files
[main a43034402f] Auto-update data, arsip, dan bot simulator
 911 files changed, 911 insertions(+)
To https://github.com/ekongh112233-eng/ANALISA-SAHAM.git
   1b0a2e5356..a43034402f  main -> main
⏳ Memulai pembaruan data saham (Ultimate Diagnostic Mode)...
📥 Mengunduh 962 data saham secara bersamaan (Maks 8 jalur)...
⚡ Memproses teknikal, fundamental, berita & broksum secara Paralel (Safe Mode)...
🧠 Menjalankan Algoritma Machine Learning (Mendeteksi Anomali Bandar)...
✅ Machine Learning selesai mendeteksi anomali!
🗂️ Memecah data historis 5-menitan ke dalam 3 Folder Kelas...
✅ Selesai! Data Web diperbarui & Diarsipkan ke sistem 3 Folder (Arsip_Data_Saham).
[16:41:03] Membangunkan Bot Simulator AI...
💤 Bot sedang tidur. Di luar jam kerja bursa (08:58 - 16:40).
From https://github.com/ekongh112233-eng/ANALISA-SAHAM
 * branch                  main       -> FETCH_HEAD
Already up to date.
fatal: pathspec 'hasil_screener.csv' did not match any files
fatal: pathspec 'portofolio_virtual.csv' did not match any files
fatal: pathspec 'history_trade.csv' did not match any files
fatal: pathspec 'sinyal_ai.csv' did not match any files
[main d6f1f814d3] Auto-update data, arsip, dan bot simulator
 911 files changed, 911 insertions(+), 91 deletions(-)
To https://github.com/ekongh112233-eng/ANALISA-SAHAM.git
   a43034402f..d6f1f814d3  main -> main
⏳ Memulai pembaruan data saham (Ultimate Diagnostic Mode)...
📥 Mengunduh 962 data saham secara bersamaan (Maks 8 jalur)...
⚡ Memproses teknikal, fundamental, berita & broksum secara Paralel (Safe Mode)...
🧠 Menjalankan Algoritma Machine Learning (Mendeteksi Anomali Bandar)...
✅ Machine Learning selesai mendeteksi anomali!
🗂️ Memecah data historis 5-menitan ke dalam 3 Folder Kelas...
✅ Selesai! Data Web diperbarui & Diarsipkan ke sistem 3 Folder (Arsip_Data_Saham).
[16:41:55] Membangunkan Bot Simulator AI...
💤 Bot sedang tidur. Di luar jam kerja bursa (08:58 - 16:40).
From https://github.com/ekongh112233-eng/ANALISA-SAHAM
 * branch                  main       -> FETCH_HEAD
Already up to date.
fatal: pathspec 'hasil_screener.csv' did not match any files
fatal: pathspec 'portofolio_virtual.csv' did not match any files
fatal: pathspec 'history_trade.csv' did not match any files
fatal: pathspec 'sinyal_ai.csv' did not match any files
[main 97ba8105a7] Auto-update data, arsip, dan bot simulator
 911 files changed, 911 insertions(+)
To https://github.com/ekongh112233-eng/ANALISA-SAHAM.git
   d6f1f814d3..97ba8105a7  main -> main
⏳ Memulai pembaruan data saham (Ultimate Diagnostic Mode)...
📥 Mengunduh 962 data saham secara bersamaan (Maks 8 jalur)...
⚡ Memproses teknikal, fundamental, berita & broksum secara Paralel (Safe Mode)...
🧠 Menjalankan Algoritma Machine Learning (Mendeteksi Anomali Bandar)...
✅ Machine Learning selesai mendeteksi anomali!
🗂️ Memecah data historis 5-menitan ke dalam 3 Folder Kelas...
✅ Selesai! Data Web diperbarui & Diarsipkan ke sistem 3 Folder (Arsip_Data_Saham).
[16:53:17] Membangunkan Bot Simulator AI...
💤 Bot sedang tidur. Di luar jam kerja bursa (08:58 - 16:40).
From https://github.com/ekongh112233-eng/ANALISA-SAHAM
 * branch                  main       -> FETCH_HEAD
Already up to date.
fatal: pathspec 'hasil_screener.csv' did not match any files
fatal: pathspec 'portofolio_virtual.csv' did not match any files
fatal: pathspec 'history_trade.csv' did not match any files
fatal: pathspec 'sinyal_ai.csv' did not match any files
[main 6b938c61a7] Auto-update data, arsip, dan bot simulator
 911 files changed, 911 insertions(+)
To https://github.com/ekongh112233-eng/ANALISA-SAHAM.git
   97ba8105a7..6b938c61a7  main -> main
