Ticker,Kategori,Valuasi,PER (x),PBV (x),Harga (Rp),Harga MA20,Support,Resistance,Change (%),Volume,Vol Breakout,RSI (14D),Momentum,MA Signal,MA Cross,MACD,Status Bandar,OBV Trend,Status Gap,Tekanan Bandar,Status BB,Risiko,Pola Candle,Posisi Entry,Likuiditas,Posisi VWAP,Kekuatan A/D,Kelas Transaksi,RVOL (Anomali Vol),Fase Siklus Bandar,Karakter Gorengan,Sinyal Cuci Barang,Streak Harian,Auto Trading Plan,Status Open,Risk/Reward Ratio,Total Score,Rekomendasi,Status Akuisisi,Terakhir Update
BUMI,Big Cap (Lapis 1),Overvalued (Mahal),39.907192,42999.996,172.0,150,129,196,0.5847953216374269,2189500300,Normal,60,Positif,Uptrend,Bullish,Strong Bullish,Normal,Akumulasi (Naik),Normal,Seimbang / Adu Mekanik,Normal,Tinggi,Normal,Rawan Pucuk (High Risk),> 1 Miliar,Di Bawah VWAP (Lemah),Akumulasi Pro (Smart Money),Sultan (> 50M/hari),Normal (50-150%),Accumulation (Kumpul Barang),Spesialis Tiang Jemuran (Banting Pucuk),Normal,Naik 1 Hari Beruntun,TP: 186 | CL: 162,Normal,Tidak Ideal (< 1:1),6,WAIT & SEE,TIDAK ADA,2026-07-27 11:55:47
BNBR,Big Cap (Lapis 1),Overvalued (Mahal),48.41629,4.7969155,108.0,92,69,122,2.857142857142857,1390529500,Normal,56,Positif,Uptrend,Bullish,Strong Bullish,Normal,Akumulasi (Naik),Gap Up (+2.9%),Dominan Beli (Hajar Kanan),Normal,Tinggi,Doji (Ragu-ragu),Rawan Pucuk (High Risk),> 1 Miliar,Persis di VWAP,Akumulasi Pro (Smart Money),Sultan (> 50M/hari),Sepi (< 50%),Accumulation (Kumpul Barang),Spesialis Tiang Jemuran (Banting Pucuk),Jarum Bawah (Sinyal Pantulan Kuat),Naik 1 Hari Beruntun,TP: 122 | CL: 98,Normal,Tidak Ideal (< 1:1),8,BELI,TIDAK ADA,2026-07-27 11:55:47
BRMS,Big Cap (Lapis 1),Overvalued (Mahal),87.745834,64444.445,585.0,539,450,650,0.0,146951100,Normal,53,Negatif,Uptrend,Bullish,Strong Bullish,Normal,Akumulasi (Naik),Normal,Seimbang / Adu Mekanik,Normal,Tinggi,Normal,Rawan Pucuk (High Risk),> 1 Miliar,Di Bawah VWAP (Lemah),Akumulasi Pro (Smart Money),Sultan (> 50M/hari),Sepi (< 50%),Accumulation (Kumpul Barang),Spesialis Tiang Jemuran (Banting Pucuk),Normal,Sideways / Stagnan,TP: 641 | CL: 547,Open = Low (Bullish Kuat),Tidak Ideal (< 1:1),5,WAIT & SEE,TIDAK ADA,2026-07-27 11:55:47
DEWA,Big Cap (Lapis 1),Fair Value (Wajar),4.001429,2.3140256,448.0,360,272,486,1.3574660633484164,504726100,Normal,67,Positif,Uptrend,Bullish,Strong Bullish,Normal,Akumulasi (Naik),Normal,Seimbang / Adu Mekanik,Normal,Tinggi,Normal,Rawan Pucuk (High Risk),> 1 Miliar,Persis di VWAP,Akumulasi Pro (Smart Money),Sultan (> 50M/hari),Sepi (< 50%),Mark-Up (Fase Pesta),Spesialis Tiang Jemuran (Banting Pucuk),Normal,Naik 1 Hari Beruntun,TP: 491 | CL: 419,Normal,Tidak Ideal (< 1:1),6,WAIT & SEE,TIDAK ADA,2026-07-27 11:55:47
PADI,Small Cap (Lapis 3),Overvalued (Mahal),94.8052,5.0010276,73.0,73,53,89,1.3888888888888888,213215200,Normal,48,Positif,Downtrend,Bullish,Bullish MACD,Normal,Akumulasi (Naik),Normal,Seimbang / Adu Mekanik,Normal,Tinggi,Normal,Rawan Pucuk (High Risk),> 1 Miliar,Di Bawah VWAP (Lemah),Distribusi Pro (Guyuran),Sultan (> 50M/hari),Sepi (< 50%),Mark-Down (Fase Runtuh),Normal,Normal,Naik 1 Hari Beruntun,TP: 83 | CL: 65,Open = Low (Bullish Kuat),Tidak Ideal (< 1:1),4,WAIT & SEE,TIDAK ADA,2026-07-27 11:55:47
TPIA,Big Cap (Lapis 1),Overvalued (Mahal),5.603803,46888.887,2100.0,1932,1625,2370,0.0,149398000,Normal,52,Negatif,Uptrend,Bullish,Bullish MACD,Normal,Akumulasi (Naik),Normal,Seimbang / Adu Mekanik,Normal,Tinggi,Normal,Rawan Pucuk (High Risk),> 1 Miliar,Di Bawah VWAP (Lemah),Akumulasi Pro (Smart Money),Sultan (> 50M/hari),Sepi (< 50%),Accumulation (Kumpul Barang),Normal,Normal,Sideways / Stagnan,TP: 2289 | CL: 1973,Normal,Tidak Ideal (< 1:1),5,WAIT & SEE,TIDAK ADA,2026-07-27 11:55:47
BIPI,Mid Cap (Lapis 2),Overvalued (Mahal),0.0,21714.285,152.0,136,109,175,0.0,262541200,Normal,53,Negatif,Uptrend,Bullish,Strong Bullish,Normal,Akumulasi (Naik),Normal,Seimbang / Adu Mekanik,Normal,Tinggi,Normal,Rawan Pucuk (High Risk),> 1 Miliar,Di Bawah VWAP (Lemah),Distribusi Pro (Guyuran),Sultan (> 50M/hari),Sepi (< 50%),Accumulation (Kumpul Barang),Normal,Normal,Sideways / Stagnan,TP: 170 | CL: 139,Normal,Tidak Ideal (< 1:1),5,WAIT & SEE,TIDAK ADA,2026-07-27 11:55:48
DSSA,Big Cap (Lapis 1),Overvalued (Mahal),34.208435,71666.664,855.0,825,760,985,-1.7241379310344827,148366900,Normal,52,Negatif,Uptrend,Bullish,Strong Bullish,Normal,Distribusi (Turun),Normal,Seimbang / Adu Mekanik,Normal,Tinggi,Normal,Rawan Pucuk (High Risk),> 1 Miliar,Di Bawah VWAP (Lemah),Distribusi Pro (Guyuran),Sultan (> 50M/hari),Sepi (< 50%),Mark-Up (Fase Pesta),Spesialis Tiang Jemuran (Banting Pucuk),Normal,Turun 4 Hari Beruntun,TP: 929 | CL: 805,Normal,Menengah (1:1),4,WAIT & SEE,TIDAK ADA,2026-07-27 11:55:48
CUAN,Big Cap (Lapis 1),Overvalued (Mahal),32.340626,231666.67,695.0,644,525,825,-0.7142857142857143,116377700,Normal,53,Negatif,Uptrend,Bullish,Strong Bullish,Normal,Akumulasi (Naik),Normal,Seimbang / Adu Mekanik,Normal,Tinggi,Normal,Rawan Pucuk (High Risk),> 1 Miliar,Di Bawah VWAP (Lemah),Distribusi Pro (Guyuran),Sultan (> 50M/hari),Sepi (< 50%),Accumulation (Kumpul Barang),Normal,Jarum Bawah (Sinyal Pantulan Kuat),Turun 2 Hari Beruntun,TP: 761 | CL: 650,Normal,Tidak Ideal (< 1:1),5,WAIT & SEE,TIDAK ADA,2026-07-27 11:55:48
BRPT,Big Cap (Lapis 1),Overvalued (Mahal),16.175247,70000.0,1750.0,1637,1268,1925,0.28653295128939826,62015500,Normal,54,Positif,Uptrend,Bullish,Strong Bullish,Normal,Distribusi (Turun),Normal,Seimbang / Adu Mekanik,Normal,Tinggi,Doji (Ragu-ragu),Rawan Pucuk (High Risk),> 1 Miliar,Di Bawah VWAP (Lemah),Distribusi Pro (Guyuran),Sultan (> 50M/hari),Sepi (< 50%),Accumulation (Kumpul Barang),Spesialis Tiang Jemuran (Banting Pucuk),Jarum Bawah (Sinyal Pantulan Kuat),Naik 1 Hari Beruntun,TP: 1889 | CL: 1656,Normal,Tidak Ideal (< 1:1),5,WAIT & SEE,TIDAK ADA,2026-07-27 11:55:48
BBRI,Big Cap (Lapis 1),Undervalued (Murah),7.6104283,1.317851,2960.0,2858,2630,3080,0.0,87230600,Normal,54,Negatif,Uptrend,Bullish,Strong Bullish,Normal,Distribusi (Turun),Normal,Seimbang / Adu Mekanik,Normal,Tinggi,Normal,Rawan Pucuk (High Risk),> 1 Miliar,Di Bawah VWAP (Lemah),Distribusi Pro (Guyuran),Sultan (> 50M/hari),Sepi (< 50%),Accumulation (Kumpul Barang),Spesialis Tiang Jemuran (Banting Pucuk),Normal,Sideways / Stagnan,TP: 3080 | CL: 2880,Normal,Tidak Ideal (< 1:1),4,WAIT & SEE,TIDAK ADA,2026-07-27 11:55:48
BUVA,Big Cap (Lapis 1),Overvalued (Mahal),1111.8422,10.187105,845.0,857,680,1015,0.0,80325300,Normal,48,Negatif,Downtrend,Bullish,Bearish MACD,Normal,Distribusi (Turun),Normal,Seimbang / Adu Mekanik,Normal,Tinggi,Normal,Rawan Pucuk (High Risk),> 1 Miliar,Di Bawah VWAP (Lemah),Distribusi Pro (Guyuran),Sultan (> 50M/hari),Sepi (< 50%),Distribution (Fase Jualan),Spesialis Tiang Jemuran (Banting Pucuk),Normal,Sideways / Stagnan,TP: 942 | CL: 780,Normal,Menengah (1:1),1,WAIT & SEE,TIDAK ADA,2026-07-27 11:55:49
BULL,Mid Cap (Lapis 2),Overvalued (Mahal),11.931977,30571.428,428.0,354,300,440,-2.28310502283105,473639400,Tembus MA20,65,Negatif,Uptrend,Bullish,Strong Bullish,Normal,Akumulasi (Naik),Gap Down (-3.2%),Seimbang / Adu Mekanik,Normal,Tinggi,Normal,Rawan Pucuk (High Risk),> 1 Miliar,Di Atas VWAP (Kuat),Akumulasi Pro (Smart Money),Sultan (> 50M/hari),Normal (50-150%),Accumulation (Kumpul Barang),Spesialis Tiang Jemuran (Banting Pucuk),Normal,Turun 1 Hari Beruntun,TP: 467 | CL: 401,Normal,Tidak Ideal (< 1:1),6,WAIT & SEE,TIDAK ADA,2026-07-27 11:55:49
COCO,Small Cap (Lapis 3),Overvalued (Mahal),15.395188,4.09252,113.0,139,66,216,-5.833333333333333,760872300,Tembus MA20,38,Negatif,Downtrend,Bearish,Bullish MACD,Normal,Distribusi (Turun),Gap Down (-6.7%),Seimbang / Adu Mekanik,Normal,Tinggi,Doji (Ragu-ragu),Rawan Pucuk (High Risk),> 1 Miliar,Di Bawah VWAP (Lemah),Distribusi Pro (Guyuran),Sultan (> 50M/hari),Normal (50-150%),Mark-Down (Fase Runtuh),Normal,Jarum Bawah (Sinyal Pantulan Kuat),Turun 2 Hari Beruntun,TP: 141 | CL: 93,Normal,Ideal (1:2),2,WAIT & SEE,TIDAK ADA,2026-07-27 11:55:49
YELO,Small Cap (Lapis 3),Undervalued (Murah),4.7295656,0.56130856,78.0,73,61,91,1.2987012987012987,8290400,Normal,55,Positif,Uptrend,Bullish,Strong Bullish,Normal,Akumulasi (Naik),Normal,Dominan Beli (Hajar Kanan),Normal,Tinggi,Normal,Rawan Pucuk (High Risk),< 1 Miliar,Di Bawah VWAP (Lemah),Distribusi Pro (Guyuran),Ritel Aktif (5M - 50M),Sepi (< 50%),Accumulation (Kumpul Barang),Spesialis Tiang Jemuran (Banting Pucuk),Normal,Naik 1 Hari Beruntun,TP: 86 | CL: 72,Normal,Tidak Ideal (< 1:1),7,BELI,TIDAK ADA,2026-07-27 11:55:49
EPAC,Small Cap (Lapis 3),Fair Value (Wajar),0.0,2.765938,60.0,69,58,85,-1.639344262295082,18608000,Normal,38,Negatif,Downtrend,Bearish,Strong Bearish,Normal,Distribusi (Turun),Normal,Seimbang / Adu Mekanik,Normal,Tinggi,Normal,Area Tengah,> 1 Miliar,Di Bawah VWAP (Lemah),Distribusi Pro (Guyuran),Ritel Aktif (5M - 50M),Sepi (< 50%),Distribution (Fase Jualan),Spesialis Tiang Jemuran (Banting Pucuk),Normal,Turun 5 Hari Beruntun,TP: 67 | CL: 54,Open = High (Tekanan Jual),Sangat Menarik (> 1:3),0,WAIT & SEE,TIDAK ADA,2026-07-27 11:55:49
MBMA,Big Cap (Lapis 1),Overvalued (Mahal),48.557693,33666.668,505.0,510,452,560,0.0,22232600,Normal,48,Negatif,Downtrend,Bullish,Strong Bullish,Normal,Distribusi (Turun),Normal,Seimbang / Adu Mekanik,Normal,Sedang,Normal,Rawan Pucuk (High Risk),> 1 Miliar,Di Bawah VWAP (Lemah),Distribusi Pro (Guyuran),Ritel Aktif (5M - 50M),Sepi (< 50%),Distribution (Fase Jualan),Normal,Normal,Sideways / Stagnan,TP: 538 | CL: 482,Normal,Menengah (1:1),2,WAIT & SEE,TIDAK ADA,2026-07-27 11:55:50
BBRM,Small Cap (Lapis 3),Overvalued (Mahal),8.45283,22400.0,112.0,116,97,142,0.0,1986200,Normal,47,Negatif,Downtrend,Death Cross,Bearish MACD,Normal,Distribusi (Turun),Normal,Seimbang / Adu Mekanik,Normal,Tinggi,Doji (Ragu-ragu),Rawan Pucuk (High Risk),< 1 Miliar,Di Bawah VWAP (Lemah),Distribusi Pro (Guyuran),Gorengan Sepi (< 5M),Sepi (< 50%),Distribution (Fase Jualan),Spesialis Tiang Jemuran (Banting Pucuk),Normal,Sideways / Stagnan,TP: 123 | CL: 104,Normal,Ideal (1:2),0,WAIT & SEE,TIDAK ADA,2026-07-27 11:55:50
BMRI,Big Cap (Lapis 1),Undervalued (Murah),6.539805,1.2535968,4100.0,4156,3800,4520,-0.7263922518159807,135817900,Normal,46,Negatif,Downtrend,Bullish,Bearish MACD,Normal,Distribusi (Turun),Normal,Seimbang / Adu Mekanik,Normal,Tinggi,Normal,Area Tengah,> 1 Miliar,Di Bawah VWAP (Lemah),Distribusi Pro (Guyuran),Sultan (> 50M/hari),Normal (50-150%),Distribution (Fase Jualan),Normal,Jarum Bawah (Sinyal Pantulan Kuat),Turun 4 Hari Beruntun,TP: 4291 | CL: 3972,Normal,Menengah (1:1),1,WAIT & SEE,TIDAK ADA,2026-07-27 11:55:50
LPKR,Mid Cap (Lapis 2),Undervalued (Murah),10.801394,0.14751369,62.0,61,54,67,1.639344262295082,12838000,Normal,49,Positif,Uptrend,Bullish,Bullish MACD,Normal,Akumulasi (Naik),Normal,Seimbang / Adu Mekanik,Normal,Sedang,Normal,Rawan Pucuk (High Risk),< 1 Miliar,Di Bawah VWAP (Lemah),Distribusi Pro (Guyuran),Ritel Aktif (5M - 50M),Sepi (< 50%),Accumulation (Kumpul Barang),Spesialis Tiang Jemuran (Banting Pucuk),Normal,Naik 1 Hari Beruntun,TP: 66 | CL: 59,Open = Low (Bullish Kuat),Tidak Ideal (< 1:1),5,WAIT & SEE,TIDAK ADA,2026-07-27 11:55:50
BKSL,Big Cap (Lapis 1),Undervalued (Murah),13.592233,0.7686395,69.0,64,56,75,0.0,47850100,Normal,54,Negatif,Uptrend,Bullish,Strong Bullish,Normal,Akumulasi (Naik),Normal,Seimbang / Adu Mekanik,Normal,Tinggi,Doji (Ragu-ragu),Rawan Pucuk (High Risk),> 1 Miliar,Di Bawah VWAP (Lemah),Akumulasi Pro (Smart Money),Ritel Aktif (5M - 50M),Sepi (< 50%),Accumulation (Kumpul Barang),Spesialis Tiang Jemuran (Banting Pucuk),Normal,Sideways / Stagnan,TP: 74 | CL: 65,Normal,Tidak Ideal (< 1:1),5,WAIT & SEE,TIDAK ADA,2026-07-27 11:55:50
KIOS,Small Cap (Lapis 3),Overvalued (Mahal),81.739136,0.73359555,94.0,91,74,131,2.1739130434782608,6095100,Normal,53,Positif,Uptrend,Bullish,Strong Bullish,Normal,Akumulasi (Naik),Normal,Seimbang / Adu Mekanik,Normal,Tinggi,Normal,Rawan Pucuk (High Risk),< 1 Miliar,Di Bawah VWAP (Lemah),Distribusi Pro (Guyuran),Gorengan Sepi (< 5M),Sepi (< 50%),Mark-Up (Fase Pesta),Spesialis Tiang Jemuran (Banting Pucuk),Normal,Naik 1 Hari Beruntun,TP: 109 | CL: 83,Open = Low (Bullish Kuat),Ideal (1:2),6,WAIT & SEE,TIDAK ADA,2026-07-27 11:55:51
BBCA,Big Cap (Lapis 1),Fair Value (Wajar),13.31565,2.9755006,6275.0,6173,5550,6625,0.0,55969100,Normal,54,Negatif,Uptrend,Bullish,Bearish MACD,Normal,Distribusi (Turun),Normal,Dominan Beli (Hajar Kanan),Normal,Tinggi,Normal,Rawan Pucuk (High Risk),> 1 Miliar,Di Bawah VWAP (Lemah),Akumulasi Pro (Smart Money),Sultan (> 50M/hari),Sepi (< 50%),Mark-Up (Fase Pesta),Normal,Normal,Sideways / Stagnan,TP: 6534 | CL: 6101,Normal,Tidak Ideal (< 1:1),4,WAIT & SEE,TIDAK ADA,2026-07-27 11:55:51
KOTA,Mid Cap (Lapis 2),Fair Value (Wajar),24.285713,1.0107445,119.0,97,81,132,4.385964912280701,362732600,Tembus MA20,64,Positif,Uptrend,Bullish,Strong Bullish,Normal,Akumulasi (Naik),Normal,Seimbang / Adu Mekanik,Normal,Tinggi,Normal,Rawan Pucuk (High Risk),> 1 Miliar,Di Atas VWAP (Kuat),Akumulasi Pro (Smart Money),Sultan (> 50M/hari),Normal (50-150%),Accumulation (Kumpul Barang),Spesialis Tiang Jemuran (Banting Pucuk),Normal,Naik 1 Hari Beruntun,TP: 133 | CL: 109,Normal,Tidak Ideal (< 1:1),7,BELI,TIDAK ADA,2026-07-27 11:55:51
TLKM,Big Cap (Lapis 1),Fair Value (Wajar),15.817009,1.911301,2590.0,2551,2350,2770,-1.520912547528517,16491100,Normal,50,Negatif,Uptrend,Bullish,Strong Bullish,Normal,Distribusi (Turun),Normal,Dominan Jual (Guyur),Normal,Tinggi,Normal,Rawan Pucuk (High Risk),> 1 Miliar,Di Bawah VWAP (Lemah),Akumulasi Pro (Smart Money),Sultan (> 50M/hari),Sepi (< 50%),Accumulation (Kumpul Barang),Normal,Normal,Turun 4 Hari Beruntun,TP: 2706 | CL: 2512,Open = High (Tekanan Jual),Tidak Ideal (< 1:1),3,WAIT & SEE,TIDAK ADA,2026-07-27 11:55:51
CSMI,Small Cap (Lapis 3),Overvalued (Mahal),0.0,16.523462,75.0,75,57,91,1.3513513513513513,5226500,Normal,48,Positif,Downtrend,Bullish,Bullish MACD,Normal,Akumulasi (Naik),Normal,Dominan Beli (Hajar Kanan),Normal,Tinggi,Doji (Ragu-ragu),Rawan Pucuk (High Risk),< 1 Miliar,Di Bawah VWAP (Lemah),Distribusi Pro (Guyuran),Gorengan Sepi (< 5M),Sepi (< 50%),Mark-Down (Fase Runtuh),Spesialis Tiang Jemuran (Banting Pucuk),Jarum Bawah (Sinyal Pantulan Kuat),Naik 1 Hari Beruntun,TP: 84 | CL: 68,Normal,Tidak Ideal (< 1:1),5,WAIT & SEE,TIDAK ADA,2026-07-27 11:55:51
MINA,Mid Cap (Lapis 2),Overvalued (Mahal),0.0,10.779338,274.0,275,238,306,0.7352941176470588,30604000,Normal,47,Positif,Downtrend,Bullish,Bullish MACD,Normal,Distribusi (Turun),Normal,Dominan Beli (Hajar Kanan),Normal,Tinggi,Doji (Ragu-ragu),Rawan Pucuk (High Risk),> 1 Miliar,Di Bawah VWAP (Lemah),Akumulasi Pro (Smart Money),Ritel Aktif (5M - 50M),Sepi (< 50%),Mark-Down (Fase Runtuh),Spesialis Tiang Jemuran (Banting Pucuk),Jarum Bawah (Sinyal Pantulan Kuat),Naik 1 Hari Beruntun,TP: 296 | CL: 259,Normal,Tidak Ideal (< 1:1),4,WAIT & SEE,TIDAK ADA,2026-07-27 11:55:51
ELTY,Mid Cap (Lapis 2),Overvalued (Mahal),242.85715,0.26660395,34.0,24,20,34,6.25,23052800,Normal,73,Positif,Uptrend,Bullish,Strong Bullish,Normal,Akumulasi (Naik),Gap Up (+6.2%),Tidak Ada Transaksi,Breakout Upper,Tinggi,Doji (Ragu-ragu),Rawan Pucuk (High Risk),< 1 Miliar,Di Atas VWAP (Kuat),Akumulasi Pro (Smart Money),Gorengan Sepi (< 5M),Sepi (< 50%),Accumulation (Kumpul Barang),Solid (Jarang Dibanting),Normal,Naik 7 Hari Beruntun,TP: 35 | CL: 32,Normal,Tidak Ideal (< 1:1),7,BELI,TIDAK ADA,2026-07-27 11:55:52
INET,Mid Cap (Lapis 2),Overvalued (Mahal),98.72341,1.4271039,232.0,210,178,254,0.8695652173913043,52941300,Normal,58,Positif,Uptrend,Bullish,Strong Bullish,Normal,Akumulasi (Naik),Normal,Seimbang / Adu Mekanik,Normal,Tinggi,Normal,Rawan Pucuk (High Risk),> 1 Miliar,Di Bawah VWAP (Lemah),Distribusi Pro (Guyuran),Sultan (> 50M/hari),Sepi (< 50%),Accumulation (Kumpul Barang),Spesialis Tiang Jemuran (Banting Pucuk),Normal,Naik 1 Hari Beruntun,TP: 253 | CL: 217,Normal,Tidak Ideal (< 1:1),6,WAIT & SEE,TIDAK ADA,2026-07-27 11:55:52
BUKA,Big Cap (Lapis 1),Undervalued (Murah),4.435017,0.42811725,115.0,104,93,122,0.0,35310800,Normal,60,Negatif,Uptrend,Bullish,Strong Bullish,Normal,Akumulasi (Naik),Normal,Seimbang / Adu Mekanik,Normal,Tinggi,Doji (Ragu-ragu),Rawan Pucuk (High Risk),> 1 Miliar,Persis di VWAP,Akumulasi Pro (Smart Money),Ritel Aktif (5M - 50M),Sepi (< 50%),Accumulation (Kumpul Barang),Normal,Jarum Bawah (Sinyal Pantulan Kuat),Sideways / Stagnan,TP: 123 | CL: 109,Normal,Tidak Ideal (< 1:1),5,WAIT & SEE,TIDAK ADA,2026-07-27 11:55:52
MAPI,Big Cap (Lapis 1),Fair Value (Wajar),10.417395,1.6881558,1490.0,1515,1435,1540,-1.9736842105263157,702900,Normal,46,Negatif,Downtrend,Bearish,Bearish MACD,Normal,Akumulasi (Naik),Normal,Dominan Jual (Guyur),Squeeze,Rendah,Normal,Area Tengah,> 1 Miliar,Di Bawah VWAP (Lemah),Akumulasi Pro (Smart Money),Gorengan Sepi (< 5M),Sepi (< 50%),Distribution (Fase Jualan),Normal,Normal,Turun 1 Hari Beruntun,TP: 1539 | CL: 1457,Normal,Tidak Ideal (< 1:1),1,WAIT & SEE,TIDAK ADA,2026-07-27 11:55:52
ENRG,Big Cap (Lapis 1),Overvalued (Mahal),26.067665,40285.715,1410.0,1284,955,1610,-2.7586206896551726,37297800,Normal,54,Negatif,Uptrend,Bullish,Strong Bullish,Normal,Akumulasi (Naik),Normal,Dominan Jual (Guyur),Normal,Tinggi,Normal,Rawan Pucuk (High Risk),> 1 Miliar,Di Bawah VWAP (Lemah),Distribusi Pro (Guyuran),Sultan (> 50M/hari),Sepi (< 50%),Accumulation (Kumpul Barang),Spesialis Tiang Jemuran (Banting Pucuk),Normal,Turun 2 Hari Beruntun,TP: 1557 | CL: 1311,Normal,Tidak Ideal (< 1:1),5,WAIT & SEE,TIDAK ADA,2026-07-27 11:55:52
TOOL,Small Cap (Lapis 3),Fair Value (Wajar),0.0,0.73609346,65.0,65,58,77,1.5625,13193900,Normal,49,Positif,Downtrend,Bullish,Bearish MACD,Normal,Distribusi (Turun),Normal,Seimbang / Adu Mekanik,Normal,Tinggi,Normal,Rawan Pucuk (High Risk),< 1 Miliar,Di Bawah VWAP (Lemah),Distribusi Pro (Guyuran),Gorengan Sepi (< 5M),Sepi (< 50%),Distribution (Fase Jualan),Spesialis Tiang Jemuran (Banting Pucuk),Normal,Naik 1 Hari Beruntun,TP: 71 | CL: 60,Normal,Ideal (1:2),2,WAIT & SEE,TIDAK ADA,2026-07-27 11:55:53
RGAS,Small Cap (Lapis 3),Overvalued (Mahal),0.0,3.0459526,220.0,203,144,228,1.8518518518518516,4925000,Normal,66,Positif,Uptrend,Bullish,Bearish MACD,Normal,Akumulasi (Naik),Normal,Seimbang / Adu Mekanik,Normal,Tinggi,Normal,Rawan Pucuk (High Risk),> 1 Miliar,Di Atas VWAP (Kuat),Distribusi Pro (Guyuran),Gorengan Sepi (< 5M),Sepi (< 50%),Mark-Up (Fase Pesta),Spesialis Tiang Jemuran (Banting Pucuk),Normal,Naik 1 Hari Beruntun,TP: 235 | CL: 209,Open = Low (Bullish Kuat),Tidak Ideal (< 1:1),5,WAIT & SEE,TIDAK ADA,2026-07-27 11:55:53
PSAB,Big Cap (Lapis 1),Overvalued (Mahal),2.1604784,18695.652,430.0,413,374,444,1.4150943396226416,41557000,Normal,56,Positif,Uptrend,Bullish,Strong Bullish,Normal,Distribusi (Turun),Normal,Seimbang / Adu Mekanik,Normal,Sedang,Normal,Rawan Pucuk (High Risk),> 1 Miliar,Persis di VWAP,Distribusi Pro (Guyuran),Ritel Aktif (5M - 50M),Normal (50-150%),Mark-Up (Fase Pesta),Spesialis Tiang Jemuran (Banting Pucuk),Normal,Naik 1 Hari Beruntun,TP: 452 | CL: 415,Open = Low (Bullish Kuat),Tidak Ideal (< 1:1),5,WAIT & SEE,TIDAK ADA,2026-07-27 11:55:53
ESSA,Big Cap (Lapis 1),Overvalued (Mahal),11.794678,23148.148,625.0,581,505,670,-2.34375,28440200,Normal,57,Negatif,Uptrend,Bullish,Strong Bullish,Normal,Akumulasi (Naik),Normal,Seimbang / Adu Mekanik,Normal,Tinggi,Normal,Rawan Pucuk (High Risk),> 1 Miliar,Di Bawah VWAP (Lemah),Distribusi Pro (Guyuran),Sultan (> 50M/hari),Sepi (< 50%),Accumulation (Kumpul Barang),Normal,Normal,Turun 2 Hari Beruntun,TP: 664 | CL: 598,Normal,Tidak Ideal (< 1:1),5,WAIT & SEE,TIDAK ADA,2026-07-27 11:55:53
PEGE,Small Cap (Lapis 3),Fair Value (Wajar),0.0,1.7984545,91.0,106,86,163,2.247191011235955,34876300,Normal,38,Positif,Downtrend,Bearish,Strong Bearish,Normal,Akumulasi (Naik),Normal,Seimbang / Adu Mekanik,Normal,Tinggi,Normal,Area Tengah,> 1 Miliar,Persis di VWAP,Distribusi Pro (Guyuran),Gorengan Sepi (< 5M),Normal (50-150%),Mark-Down (Fase Runtuh),Normal,Normal,Naik 1 Hari Beruntun,TP: 103 | CL: 82,Normal,Sangat Menarik (> 1:3),2,WAIT & SEE,TIDAK ADA,2026-07-27 11:55:54
DEWI,Small Cap (Lapis 3),Fair Value (Wajar),0.0,1.438675,119.0,119,113,125,1.7094017094017095,31924100,Normal,49,Positif,Downtrend,Bullish,Bearish MACD,Normal,Distribusi (Turun),Normal,Dominan Beli (Hajar Kanan),Squeeze,Rendah,Normal,Area Tengah,> 1 Miliar,Persis di VWAP,Akumulasi Pro (Smart Money),Ritel Aktif (5M - 50M),Sepi (< 50%),Distribution (Fase Jualan),Normal,Normal,Naik 1 Hari Beruntun,TP: 125 | CL: 114,Normal,Menengah (1:1),3,WAIT & SEE,TIDAK ADA,2026-07-27 11:55:54
HOKI,Small Cap (Lapis 3),Fair Value (Wajar),0.0,0.9337552,54.0,52,50,57,0.0,3945900,Normal,50,Negatif,Uptrend,Bullish,Bullish MACD,Normal,Akumulasi (Naik),Normal,Seimbang / Adu Mekanik,Normal,Sedang,Normal,Area Tengah,< 1 Miliar,Di Bawah VWAP (Lemah),Distribusi Pro (Guyuran),Gorengan Sepi (< 5M),Sepi (< 50%),Accumulation (Kumpul Barang),Spesialis Tiang Jemuran (Banting Pucuk),Normal,Sideways / Stagnan,TP: 58 | CL: 51,Open = High (Tekanan Jual),Tidak Ideal (< 1:1),4,WAIT & SEE,TIDAK ADA,2026-07-27 11:55:54
IRSX,Mid Cap (Lapis 2),Overvalued (Mahal),69.02655,6.3937044,312.0,285,232,342,0.0,23340700,Normal,56,Negatif,Uptrend,Bullish,Strong Bullish,Normal,Akumulasi (Naik),Normal,Seimbang / Adu Mekanik,Normal,Tinggi,Normal,Rawan Pucuk (High Risk),> 1 Miliar,Persis di VWAP,Akumulasi Pro (Smart Money),Ritel Aktif (5M - 50M),Sepi (< 50%),Accumulation (Kumpul Barang),Spesialis Tiang Jemuran (Banting Pucuk),Normal,Sideways / Stagnan,TP: 342 | CL: 291,Normal,Tidak Ideal (< 1:1),5,WAIT & SEE,TIDAK ADA,2026-07-27 11:55:54
RAJA,Big Cap (Lapis 1),Overvalued (Mahal),36.017807,89000.0,885.0,860,669,980,1.7241379310344827,59834200,Normal,55,Positif,Uptrend,Bullish,Bearish MACD,Normal,Distribusi (Turun),Normal,Seimbang / Adu Mekanik,Normal,Tinggi,Normal,Rawan Pucuk (High Risk),> 1 Miliar,Di Bawah VWAP (Lemah),Distribusi Pro (Guyuran),Sultan (> 50M/hari),Sepi (< 50%),Mark-Up (Fase Pesta),Spesialis Tiang Jemuran (Banting Pucuk),Normal,Naik 1 Hari Beruntun,TP: 967 | CL: 830,Normal,Tidak Ideal (< 1:1),4,WAIT & SEE,TIDAK ADA,2026-07-27 11:55:54
ANTM,Big Cap (Lapis 1),Fair Value (Wajar),8.38242,1.8310566,2960.0,2927,2550,3190,-1.0033444816053512,55329300,Normal,51,Negatif,Uptrend,Bullish,Strong Bullish,Normal,Akumulasi (Naik),Normal,Dominan Jual (Guyur),Normal,Tinggi,Normal,Rawan Pucuk (High Risk),> 1 Miliar,Di Bawah VWAP (Lemah),Distribusi Pro (Guyuran),Sultan (> 50M/hari),Normal (50-150%),Mark-Up (Fase Pesta),Normal,Normal,Turun 3 Hari Beruntun,TP: 3120 | CL: 2852,Normal,Tidak Ideal (< 1:1),5,WAIT & SEE,TIDAK ADA,2026-07-27 11:55:55
UVCR,Small Cap (Lapis 3),Overvalued (Mahal),46.376812,2.9665337,157.0,136,115,158,6.802721088435375,32314500,Normal,54,Positif,Uptrend,Bullish,Bullish MACD,Normal,Akumulasi (Naik),Normal,Dominan Beli (Hajar Kanan),Normal,Tinggi,Normal,Rawan Pucuk (High Risk),> 1 Miliar,Di Atas VWAP (Kuat),Akumulasi Pro (Smart Money),Ritel Aktif (5M - 50M),Normal (50-150%),Accumulation (Kumpul Barang),Spesialis Tiang Jemuran (Banting Pucuk),Normal,Naik 1 Hari Beruntun,TP: 169 | CL: 148,Normal,Tidak Ideal (< 1:1),7,BELI,TIDAK ADA,2026-07-27 11:55:55
MDIA,Mid Cap (Lapis 2),Overvalued (Mahal),1687.5,5.7660275,135.0,78,54,140,6.299212598425196,569943400,Tembus MA20,83,Positif,Uptrend,Bullish,Strong Bullish,Akumulasi Kuat,Akumulasi (Naik),Normal,Dominan Beli (Hajar Kanan),Breakout Upper,Tinggi,Normal,Rawan Pucuk (High Risk),> 1 Miliar,Di Atas VWAP (Kuat),Akumulasi Pro (Smart Money),Sultan (> 50M/hari),Normal (50-150%),Accumulation (Kumpul Barang),Spesialis Tiang Jemuran (Banting Pucuk),Normal,Naik 6 Hari Beruntun,TP: 153 | CL: 122,Normal,Tidak Ideal (< 1:1),9,BELI,TIDAK ADA,2026-07-27 11:55:55
BBNI,Big Cap (Lapis 1),Undervalued (Murah),6.441549,0.81120867,3500.0,3431,3090,3650,-0.5681818181818182,20294400,Normal,50,Negatif,Uptrend,Bullish,Strong Bullish,Normal,Distribusi (Turun),Normal,Seimbang / Adu Mekanik,Normal,Tinggi,Normal,Rawan Pucuk (High Risk),> 1 Miliar,Di Bawah VWAP (Lemah),Akumulasi Pro (Smart Money),Sultan (> 50M/hari),Sepi (< 50%),Accumulation (Kumpul Barang),Normal,Normal,Turun 4 Hari Beruntun,TP: 3648 | CL: 3400,Normal,Tidak Ideal (< 1:1),3,WAIT & SEE,TIDAK ADA,2026-07-27 11:55:55
VKTR,Big Cap (Lapis 1),Overvalued (Mahal),0.0,34.207523,815.0,643,448,900,5.844155844155844,72531400,Normal,63,Positif,Uptrend,Bullish,Strong Bullish,Normal,Akumulasi (Naik),Gap Up (+2.6%),Dominan Beli (Hajar Kanan),Normal,Tinggi,Normal,Rawan Pucuk (High Risk),> 1 Miliar,Persis di VWAP,Distribusi Pro (Guyuran),Sultan (> 50M/hari),Normal (50-150%),Accumulation (Kumpul Barang),Spesialis Tiang Jemuran (Banting Pucuk),Normal,Naik 1 Hari Beruntun,TP: 919 | CL: 745,Normal,Tidak Ideal (< 1:1),8,BELI,TIDAK ADA,2026-07-27 11:55:55
RBMS,Small Cap (Lapis 3),Fair Value (Wajar),0.0,0.3629823,67.0,61,53,81,1.5151515151515151,4733000,Normal,55,Positif,Uptrend,Bullish,Strong Bullish,Normal,Distribusi (Turun),Normal,Dominan Beli (Hajar Kanan),Normal,Tinggi,Normal,Rawan Pucuk (High Risk),< 1 Miliar,Di Bawah VWAP (Lemah),Distribusi Pro (Guyuran),Gorengan Sepi (< 5M),Sepi (< 50%),Mark-Up (Fase Pesta),Spesialis Tiang Jemuran (Banting Pucuk),Normal,Naik 1 Hari Beruntun,TP: 76 | CL: 60,Normal,Menengah (1:1),6,WAIT & SEE,TIDAK ADA,2026-07-27 11:55:56
SGER,Mid Cap (Lapis 2),Overvalued (Mahal),32.520325,2.942514,440.0,426,350,486,-0.4524886877828055,15849300,Normal,59,Negatif,Uptrend,Bullish,Bearish MACD,Normal,Distribusi (Turun),Normal,Seimbang / Adu Mekanik,Normal,Tinggi,Normal,Rawan Pucuk (High Risk),> 1 Miliar,Di Bawah VWAP (Lemah),Distribusi Pro (Guyuran),Ritel Aktif (5M - 50M),Normal (50-150%),Mark-Up (Fase Pesta),Normal,Jarum Bawah (Sinyal Pantulan Kuat),Turun 5 Hari Beruntun,TP: 474 | CL: 416,Normal,Tidak Ideal (< 1:1),3,WAIT & SEE,TIDAK ADA,2026-07-27 11:55:56
CDIA,Big Cap (Lapis 1),Overvalued (Mahal),47.487957,76666.67,690.0,643,540,790,-0.7194244604316548,23127400,Normal,53,Negatif,Uptrend,Bullish,Strong Bullish,Normal,Akumulasi (Naik),Normal,Seimbang / Adu Mekanik,Normal,Tinggi,Doji (Ragu-ragu),Rawan Pucuk (High Risk),> 1 Miliar,Di Bawah VWAP (Lemah),Distribusi Pro (Guyuran),Sultan (> 50M/hari),Sepi (< 50%),Accumulation (Kumpul Barang),Spesialis Tiang Jemuran (Banting Pucuk),Jarum Bawah (Sinyal Pantulan Kuat),Turun 2 Hari Beruntun,TP: 746 | CL: 652,Normal,Tidak Ideal (< 1:1),5,WAIT & SEE,TIDAK ADA,2026-07-27 11:55:56
OMED,Mid Cap (Lapis 2),Fair Value (Wajar),14.334941,1.9929289,208.0,202,181,218,-0.9523809523809524,952700,Normal,51,Negatif,Uptrend,Bullish,Bullish MACD,Normal,Akumulasi (Naik),Normal,Seimbang / Adu Mekanik,Normal,Sedang,Normal,Rawan Pucuk (High Risk),< 1 Miliar,Persis di VWAP,Akumulasi Pro (Smart Money),Ritel Aktif (5M - 50M),Sepi (< 50%),Accumulation (Kumpul Barang),Normal,Normal,Turun 2 Hari Beruntun,TP: 221 | CL: 198,Normal,Tidak Ideal (< 1:1),5,WAIT & SEE,TIDAK ADA,2026-07-27 11:55:56
BEEF,Mid Cap (Lapis 2),Overvalued (Mahal),26.44377,6.8705454,348.0,260,122,360,2.3529411764705883,5682800,Normal,81,Positif,Uptrend,Bullish,Strong Bullish,Normal,Akumulasi (Naik),Normal,Seimbang / Adu Mekanik,Normal,Tinggi,Normal,Rawan Pucuk (High Risk),> 1 Miliar,Di Atas VWAP (Kuat),Akumulasi Pro (Smart Money),Ritel Aktif (5M - 50M),Sepi (< 50%),Mark-Up (Fase Pesta),Spesialis Tiang Jemuran (Banting Pucuk),Normal,Naik 1 Hari Beruntun,TP: 385 | CL: 323,Normal,Tidak Ideal (< 1:1),6,WAIT & SEE,TIDAK ADA,2026-07-27 11:55:56
MBTO,Small Cap (Lapis 3),Fair Value (Wajar),0.0,0.36568466,119.0,112,91,138,0.0,103400,Normal,58,Negatif,Uptrend,Bullish,Strong Bullish,Normal,Akumulasi (Naik),Normal,Seimbang / Adu Mekanik,Normal,Tinggi,Doji (Ragu-ragu),Rawan Pucuk (High Risk),< 1 Miliar,Di Bawah VWAP (Lemah),Akumulasi Pro (Smart Money),Gorengan Sepi (< 5M),Sepi (< 50%),Mark-Up (Fase Pesta),Spesialis Tiang Jemuran (Banting Pucuk),Normal,Sideways / Stagnan,TP: 132 | CL: 110,Normal,Tidak Ideal (< 1:1),5,WAIT & SEE,TIDAK ADA,2026-07-27 11:55:57
AMMN,Big Cap (Lapis 1),Overvalued (Mahal),27.846535,53289.477,4050.0,3709,3070,4410,0.24752475247524752,42666600,Normal,58,Positif,Uptrend,Bullish,Strong Bullish,Normal,Akumulasi (Naik),Normal,Dominan Jual (Guyur),Normal,Tinggi,Normal,Rawan Pucuk (High Risk),> 1 Miliar,Di Bawah VWAP (Lemah),Distribusi Pro (Guyuran),Sultan (> 50M/hari),Sepi (< 50%),Mark-Up (Fase Pesta),Spesialis Tiang Jemuran (Banting Pucuk),Normal,Naik 1 Hari Beruntun,TP: 4372 | CL: 3835,Normal,Tidak Ideal (< 1:1),6,WAIT & SEE,TIDAK ADA,2026-07-27 11:55:57
BBKP,Mid Cap (Lapis 2),Fair Value (Wajar),0.0,1.2340217,53.0,52,50,57,0.0,71311700,Tembus MA20,49,Negatif,Uptrend,Bullish,Strong Bullish,Normal,Distribusi (Turun),Normal,Seimbang / Adu Mekanik,Normal,Sedang,Doji (Ragu-ragu),Area Tengah,> 1 Miliar,Di Bawah VWAP (Lemah),Distribusi Pro (Guyuran),Gorengan Sepi (< 5M),Normal (50-150%),Accumulation (Kumpul Barang),Normal,Normal,Sideways / Stagnan,TP: 56 | CL: 51,Normal,Menengah (1:1),4,WAIT & SEE,TIDAK ADA,2026-07-27 11:55:57
BMTR,Mid Cap (Lapis 2),Undervalued (Murah),2.2460938,0.11594004,115.0,115,108,124,0.0,12174000,Normal,44,Negatif,Downtrend,Bullish,Bullish MACD,Normal,Distribusi (Turun),Normal,Dominan Beli (Hajar Kanan),Normal,Sedang,Doji (Ragu-ragu),Area Tengah,> 1 Miliar,Di Bawah VWAP (Lemah),Akumulasi Pro (Smart Money),Gorengan Sepi (< 5M),Sepi (< 50%),Mark-Down (Fase Runtuh),Normal,Jarum Bawah (Sinyal Pantulan Kuat),Sideways / Stagnan,TP: 121 | CL: 111,Normal,Menengah (1:1),3,WAIT & SEE,TIDAK ADA,2026-07-27 11:55:57
KOKA,Small Cap (Lapis 3),Overvalued (Mahal),0.0,3.929803,206.0,167,87,268,0.0,12073300,Normal,63,Negatif,Uptrend,Bullish,Strong Bullish,Normal,Distribusi (Turun),Normal,Seimbang / Adu Mekanik,Normal,Tinggi,Normal,Rawan Pucuk (High Risk),> 1 Miliar,Di Bawah VWAP (Lemah),Distribusi Pro (Guyuran),Ritel Aktif (5M - 50M),Sepi (< 50%),Mark-Up (Fase Pesta),Normal,Normal,Sideways / Stagnan,TP: 249 | CL: 176,Normal,Tidak Ideal (< 1:1),4,WAIT & SEE,TIDAK ADA,2026-07-27 11:55:57
ERAA,Mid Cap (Lapis 2),Undervalued (Murah),4.3022494,0.6454689,394.0,358,322,426,-1.0050251256281406,23713700,Normal,69,Negatif,Uptrend,Bullish,Strong Bullish,Normal,Akumulasi (Naik),Normal,Seimbang / Adu Mekanik,Normal,Tinggi,Normal,Rawan Pucuk (High Risk),> 1 Miliar,Di Bawah VWAP (Lemah),Distribusi Pro (Guyuran),Ritel Aktif (5M - 50M),Sepi (< 50%),Mark-Up (Fase Pesta),Spesialis Tiang Jemuran (Banting Pucuk),Normal,Turun 2 Hari Beruntun,TP: 414 | CL: 380,Normal,Tidak Ideal (< 1:1),5,WAIT & SEE,TIDAK ADA,2026-07-27 11:55:58
BTEK,Small Cap (Lapis 3),Fair Value (Wajar),0.0,1.9352568,11.0,10,10,12,0.0,20551900,Normal,51,Negatif,Uptrend,Bullish,Strong Bullish,Normal,Akumulasi (Naik),Normal,Tidak Ada Transaksi,Normal,Tinggi,Doji (Ragu-ragu),Rawan Pucuk (High Risk),< 1 Miliar,Di Bawah VWAP (Lemah),Akumulasi Pro (Smart Money),Gorengan Sepi (< 5M),Sepi (< 50%),Accumulation (Kumpul Barang),Spesialis Tiang Jemuran (Banting Pucuk),Normal,Sideways / Stagnan,TP: 12 | CL: 10,Normal,Menengah (1:1),5,WAIT & SEE,TIDAK ADA,2026-07-27 11:55:58
MTEL,Big Cap (Lapis 1),Fair Value (Wajar),16.666666,1.0831994,448.0,468,446,512,-1.7543859649122806,15676000,Normal,38,Negatif,Downtrend,Bearish,Strong Bearish,Normal,Distribusi (Turun),Normal,Dominan Jual (Guyur),Normal,Sedang,Normal,Dekat Support (Low Risk),> 1 Miliar,Di Bawah VWAP (Lemah),Akumulasi Pro (Smart Money),Ritel Aktif (5M - 50M),Sepi (< 50%),Mark-Down (Fase Runtuh),Solid (Jarang Dibanting),Normal,Turun 1 Hari Beruntun,TP: 463 | CL: 438,Open = High (Tekanan Jual),Sangat Menarik (> 1:3),0,WAIT & SEE,TIDAK ADA,2026-07-27 11:55:58
SMIL,Mid Cap (Lapis 2),Overvalued (Mahal),47.058826,4.268798,378.0,315,272,380,2.1621621621621623,21113500,Normal,81,Positif,Uptrend,Bullish,Strong Bullish,Normal,Akumulasi (Naik),Normal,Dominan Beli (Hajar Kanan),Breakout Upper,Tinggi,Normal,Rawan Pucuk (High Risk),> 1 Miliar,Di Atas VWAP (Kuat),Akumulasi Pro (Smart Money),Ritel Aktif (5M - 50M),Normal (50-150%),Mark-Up (Fase Pesta),Solid (Jarang Dibanting),Normal,Naik 1 Hari Beruntun,TP: 403 | CL: 361,Normal,Tidak Ideal (< 1:1),7,BELI,TIDAK ADA,2026-07-27 11:55:58
MSKY,Small Cap (Lapis 3),Fair Value (Wajar),0.0,0.7585368,58.0,59,53,72,-3.3333333333333335,2132000,Normal,42,Negatif,Downtrend,Death Cross,Bullish MACD,Normal,Akumulasi (Naik),Normal,Dominan Jual (Guyur),Normal,Sedang,Normal,Area Tengah,< 1 Miliar,Di Bawah VWAP (Lemah),Akumulasi Pro (Smart Money),Gorengan Sepi (< 5M),Normal (50-150%),Mark-Down (Fase Runtuh),Normal,Normal,Turun 1 Hari Beruntun,TP: 61 | CL: 55,Open = High (Tekanan Jual),Ideal (1:2),2,WAIT & SEE,TIDAK ADA,2026-07-27 11:55:58
AYLS,Small Cap (Lapis 3),Overvalued (Mahal),0.0,3.8518214,149.0,154,141,208,-0.6666666666666667,240400,Normal,50,Negatif,Downtrend,Death Cross,Bearish MACD,Normal,Distribusi (Turun),Normal,Seimbang / Adu Mekanik,Normal,Tinggi,Normal,Area Tengah,< 1 Miliar,Di Bawah VWAP (Lemah),Distribusi Pro (Guyuran),Gorengan Sepi (< 5M),Sepi (< 50%),Distribution (Fase Jualan),Spesialis Tiang Jemuran (Banting Pucuk),Normal,Turun 4 Hari Beruntun,TP: 166 | CL: 137,Open = High (Tekanan Jual),Sangat Menarik (> 1:3),0,WAIT & SEE,TIDAK ADA,2026-07-27 11:55:58
DMAS,Mid Cap (Lapis 2),Undervalued (Murah),5.2651663,0.89542943,138.0,137,133,141,0.7299270072992701,26452100,Normal,52,Positif,Uptrend,Bullish,Bearish MACD,Normal,Akumulasi (Naik),Normal,Seimbang / Adu Mekanik,Squeeze,Rendah,Normal,Area Tengah,> 1 Miliar,Persis di VWAP,Distribusi Pro (Guyuran),Ritel Aktif (5M - 50M),Sepi (< 50%),Mark-Up (Fase Pesta),Normal,Normal,Naik 1 Hari Beruntun,TP: 141 | CL: 135,Normal,Tidak Ideal (< 1:1),5,WAIT & SEE,TIDAK ADA,2026-07-27 11:55:59
MARK,Mid Cap (Lapis 2),Overvalued (Mahal),12.461657,3.7715998,975.0,1016,925,1140,1.5625,7413500,Normal,49,Positif,Downtrend,Bearish,Bearish MACD,Normal,Distribusi (Turun),Normal,Seimbang / Adu Mekanik,Normal,Tinggi,Normal,Area Tengah,> 1 Miliar,Persis di VWAP,Distribusi Pro (Guyuran),Ritel Aktif (5M - 50M),Sepi (< 50%),Distribution (Fase Jualan),Normal,Normal,Naik 1 Hari Beruntun,TP: 1046 | CL: 927,Open = Low (Bullish Kuat),Sangat Menarik (> 1:3),1,WAIT & SEE,TIDAK ADA,2026-07-27 11:55:59
ESIP,Small Cap (Lapis 3),Overvalued (Mahal),46.488293,1.5456294,139.0,130,121,151,0.0,55335700,Normal,58,Negatif,Uptrend,Bullish,Strong Bullish,Normal,Akumulasi (Naik),Gap Up (+2.2%),Seimbang / Adu Mekanik,Breakout Upper,Sedang,Normal,Rawan Pucuk (High Risk),> 1 Miliar,Persis di VWAP,Distribusi Pro (Guyuran),Ritel Aktif (5M - 50M),Normal (50-150%),Mark-Up (Fase Pesta),Spesialis Tiang Jemuran (Banting Pucuk),Normal,Sideways / Stagnan,TP: 150 | CL: 131,Normal,Tidak Ideal (< 1:1),6,WAIT & SEE,TIDAK ADA,2026-07-27 11:55:59
KPIG,Mid Cap (Lapis 2),Undervalued (Murah),10.629921,0.28093103,81.0,80,70,90,0.0,40210200,Normal,47,Negatif,Uptrend,Bullish,Bullish MACD,Normal,Distribusi (Turun),Normal,Dominan Beli (Hajar Kanan),Normal,Tinggi,Normal,Rawan Pucuk (High Risk),> 1 Miliar,Di Bawah VWAP (Lemah),Distribusi Pro (Guyuran),Ritel Aktif (5M - 50M),Sepi (< 50%),Accumulation (Kumpul Barang),Normal,Normal,Sideways / Stagnan,TP: 88 | CL: 76,Normal,Tidak Ideal (< 1:1),4,WAIT & SEE,TIDAK ADA,2026-07-27 11:55:59
PNLF,Mid Cap (Lapis 2),Undervalued (Murah),3.4180276,0.22954182,226.0,220,208,236,-0.8771929824561403,3209400,Normal,55,Negatif,Uptrend,Bullish,Strong Bullish,Normal,Distribusi (Turun),Normal,Seimbang / Adu Mekanik,Normal,Sedang,Normal,Area Tengah,< 1 Miliar,Di Bawah VWAP (Lemah),Distribusi Pro (Guyuran),Ritel Aktif (5M - 50M),Sepi (< 50%),Accumulation (Kumpul Barang),Normal,Normal,Turun 1 Hari Beruntun,TP: 235 | CL: 219,Open = High (Tekanan Jual),Tidak Ideal (< 1:1),4,WAIT & SEE,TIDAK ADA,2026-07-27 11:55:59
EMTK,Big Cap (Lapis 1),Undervalued (Murah),10.94495,0.83750844,505.0,517,476,570,-1.9417475728155338,21366500,Normal,40,Negatif,Downtrend,Bullish,Bullish MACD,Normal,Distribusi (Turun),Normal,Dominan Jual (Guyur),Normal,Sedang,Normal,Area Tengah,> 1 Miliar,Di Bawah VWAP (Lemah),Distribusi Pro (Guyuran),Ritel Aktif (5M - 50M),Sepi (< 50%),Mark-Down (Fase Runtuh),Normal,Normal,Turun 4 Hari Beruntun,TP: 539 | CL: 482,Normal,Ideal (1:2),2,WAIT & SEE,TIDAK ADA,2026-07-27 11:56:00
ENZO,Small Cap (Lapis 3),Undervalued (Murah),13.03197,0.8240944,64.0,66,57,74,0.0,4203400,Normal,42,Negatif,Downtrend,Death Cross,Strong Bearish,Normal,Distribusi (Turun),Normal,Dominan Beli (Hajar Kanan),Normal,Sedang,Doji (Ragu-ragu),Rawan Pucuk (High Risk),< 1 Miliar,Di Bawah VWAP (Lemah),Distribusi Pro (Guyuran),Gorengan Sepi (< 5M),Normal (50-150%),Mark-Down (Fase Runtuh),Spesialis Tiang Jemuran (Banting Pucuk),Jarum Bawah (Sinyal Pantulan Kuat),Sideways / Stagnan,TP: 70 | CL: 59,Normal,Menengah (1:1),1,WAIT & SEE,TIDAK ADA,2026-07-27 11:56:00
GOTO,Big Cap (Lapis 1),Fair Value (Wajar),0.0,1.6553551,50.0,50,50,50,0.0,10764100,Normal,26,Negatif,Downtrend,Bearish,Bullish MACD,Normal,Netral,Normal,Tidak Ada Transaksi,Squeeze,Rendah,Doji (Ragu-ragu),Dekat Support (Low Risk),< 1 Miliar,Persis di VWAP,Netral,Gorengan Sepi (< 5M),Sepi (< 50%),Sideways,Solid (Jarang Dibanting),Normal,Sideways / Stagnan,TP: 51 | CL: 49,Normal,Di Area Support,1,WAIT & SEE,TIDAK ADA,2026-07-27 11:56:00
PTRO,Big Cap (Lapis 1),Overvalued (Mahal),91.97164,184615.38,4820.0,4123,3550,5200,3.4334763948497855,28013800,Normal,65,Positif,Uptrend,Bullish,Strong Bullish,Normal,Akumulasi (Naik),Normal,Dominan Beli (Hajar Kanan),Normal,Tinggi,Normal,Rawan Pucuk (High Risk),> 1 Miliar,Di Atas VWAP (Kuat),Akumulasi Pro (Smart Money),Sultan (> 50M/hari),Sepi (< 50%),Mark-Up (Fase Pesta),Spesialis Tiang Jemuran (Banting Pucuk),Normal,Naik 1 Hari Beruntun,TP: 5142 | CL: 4605,Normal,Tidak Ideal (< 1:1),7,BELI,TIDAK ADA,2026-07-27 11:56:00
KIJA,Mid Cap (Lapis 2),Undervalued (Murah),6.070588,0.42440215,129.0,127,110,146,0.0,15511700,Normal,50,Negatif,Uptrend,Bullish,Strong Bullish,Normal,Distribusi (Turun),Normal,Dominan Beli (Hajar Kanan),Normal,Tinggi,Normal,Rawan Pucuk (High Risk),> 1 Miliar,Di Bawah VWAP (Lemah),Distribusi Pro (Guyuran),Ritel Aktif (5M - 50M),Sepi (< 50%),Mark-Up (Fase Pesta),Normal,Normal,Sideways / Stagnan,TP: 138 | CL: 122,Normal,Tidak Ideal (< 1:1),4,WAIT & SEE,TIDAK ADA,2026-07-27 11:56:00
BREN,Big Cap (Lapis 1),Overvalued (Mahal),184.90967,696000.0,3480.0,3391,3036,3920,-1.971830985915493,8787800,Normal,50,Negatif,Uptrend,Bullish,Strong Bullish,Normal,Akumulasi (Naik),Normal,Seimbang / Adu Mekanik,Normal,Tinggi,Normal,Rawan Pucuk (High Risk),> 1 Miliar,Di Bawah VWAP (Lemah),Akumulasi Pro (Smart Money),Sultan (> 50M/hari),Sepi (< 50%),Accumulation (Kumpul Barang),Spesialis Tiang Jemuran (Banting Pucuk),Normal,Turun 3 Hari Beruntun,TP: 3793 | CL: 3270,Normal,Tidak Ideal (< 1:1),4,WAIT & SEE,TIDAK ADA,2026-07-27 11:56:01
SCMA,Big Cap (Lapis 1),Fair Value (Wajar),13.726836,1.8557868,200.0,205,192,218,1.0101010101010102,9924000,Normal,44,Positif,Downtrend,Bearish,Strong Bearish,Normal,Distribusi (Turun),Normal,Seimbang / Adu Mekanik,Normal,Sedang,Normal,Area Tengah,> 1 Miliar,Di Bawah VWAP (Lemah),Distribusi Pro (Guyuran),Ritel Aktif (5M - 50M),Sepi (< 50%),Mark-Down (Fase Runtuh),Normal,Normal,Naik 1 Hari Beruntun,TP: 212 | CL: 192,Normal,Ideal (1:2),1,WAIT & SEE,TIDAK ADA,2026-07-27 11:56:01
PACK,Mid Cap (Lapis 2),Overvalued (Mahal),11.563601,3.3682857,232.0,222,200,250,-0.8547008547008548,38677900,Normal,51,Negatif,Uptrend,Bullish,Bullish MACD,Normal,Akumulasi (Naik),Normal,Seimbang / Adu Mekanik,Normal,Tinggi,Normal,Rawan Pucuk (High Risk),> 1 Miliar,Di Atas VWAP (Kuat),Distribusi Pro (Guyuran),Ritel Aktif (5M - 50M),Sepi (< 50%),Accumulation (Kumpul Barang),Normal,Normal,Turun 1 Hari Beruntun,TP: 257 | CL: 214,Normal,Tidak Ideal (< 1:1),5,WAIT & SEE,TIDAK ADA,2026-07-27 11:56:01
LEAD,Small Cap (Lapis 3),Overvalued (Mahal),0.0,10400.0,105.0,98,83,116,5.0,12391700,Normal,56,Positif,Uptrend,Bullish,Strong Bullish,Normal,Akumulasi (Naik),Normal,Dominan Beli (Hajar Kanan),Normal,Tinggi,Normal,Rawan Pucuk (High Risk),> 1 Miliar,Di Bawah VWAP (Lemah),Distribusi Pro (Guyuran),Gorengan Sepi (< 5M),Sepi (< 50%),Mark-Up (Fase Pesta),Spesialis Tiang Jemuran (Banting Pucuk),Normal,Naik 1 Hari Beruntun,TP: 115 | CL: 98,Normal,Tidak Ideal (< 1:1),7,BELI,TIDAK ADA,2026-07-27 11:56:01
NCKL,Big Cap (Lapis 1),Undervalued (Murah),5.321829,1.2732403,845.0,821,734,910,-0.5882352941176471,10923500,Normal,52,Negatif,Uptrend,Bullish,Strong Bullish,Normal,Akumulasi (Naik),Normal,Dominan Jual (Guyur),Normal,Tinggi,Normal,Rawan Pucuk (High Risk),> 1 Miliar,Di Bawah VWAP (Lemah),Distribusi Pro (Guyuran),Ritel Aktif (5M - 50M),Sepi (< 50%),Mark-Up (Fase Pesta),Normal,Normal,Turun 2 Hari Beruntun,TP: 897 | CL: 810,Normal,Tidak Ideal (< 1:1),5,WAIT & SEE,TIDAK ADA,2026-07-27 11:56:01
AYAM,Mid Cap (Lapis 2),Overvalued (Mahal),764.7059,7.2861786,388.0,365,336,408,-0.5128205128205128,19214100,Normal,69,Negatif,Uptrend,Bullish,Strong Bullish,Normal,Akumulasi (Naik),Normal,Seimbang / Adu Mekanik,Normal,Tinggi,Normal,Rawan Pucuk (High Risk),> 1 Miliar,Di Bawah VWAP (Lemah),Distribusi Pro (Guyuran),Ritel Aktif (5M - 50M),Normal (50-150%),Mark-Up (Fase Pesta),Spesialis Tiang Jemuran (Banting Pucuk),Normal,Turun 2 Hari Beruntun,TP: 407 | CL: 375,Normal,Tidak Ideal (< 1:1),5,WAIT & SEE,TIDAK ADA,2026-07-27 11:56:02
ASPR,Small Cap (Lapis 3),Fair Value (Wajar),0.0,2.243898,148.0,148,134,168,-1.9867549668874174,15255100,Normal,43,Negatif,Downtrend,Bullish,Bullish MACD,Normal,Distribusi (Turun),Normal,Seimbang / Adu Mekanik,Normal,Tinggi,Normal,Rawan Pucuk (High Risk),> 1 Miliar,Di Bawah VWAP (Lemah),Distribusi Pro (Guyuran),Ritel Aktif (5M - 50M),Sepi (< 50%),Mark-Down (Fase Runtuh),Spesialis Tiang Jemuran (Banting Pucuk),Normal,Turun 4 Hari Beruntun,TP: 163 | CL: 137,Open = High (Tekanan Jual),Menengah (1:1),2,WAIT & SEE,TIDAK ADA,2026-07-27 11:56:02
WMPP,Small Cap (Lapis 3),Fair Value (Wajar),0.0,1.4824698,20.0,19,15,23,0.0,14462300,Normal,46,Negatif,Uptrend,Bullish,Bullish MACD,Normal,Akumulasi (Naik),Normal,Tidak Ada Transaksi,Normal,Tinggi,Doji (Ragu-ragu),Rawan Pucuk (High Risk),< 1 Miliar,Di Bawah VWAP (Lemah),Distribusi Pro (Guyuran),Gorengan Sepi (< 5M),Sepi (< 50%),Accumulation (Kumpul Barang),Spesialis Tiang Jemuran (Banting Pucuk),Normal,Sideways / Stagnan,TP: 22 | CL: 18,Normal,Tidak Ideal (< 1:1),4,WAIT & SEE,TIDAK ADA,2026-07-27 11:56:02
TOWR,Big Cap (Lapis 1),Undervalued (Murah),5.827776,0.8675928,402.0,385,352,424,0.0,14429500,Normal,58,Negatif,Uptrend,Bullish,Strong Bullish,Normal,Akumulasi (Naik),Normal,Seimbang / Adu Mekanik,Normal,Tinggi,Doji (Ragu-ragu),Rawan Pucuk (High Risk),> 1 Miliar,Di Bawah VWAP (Lemah),Akumulasi Pro (Smart Money),Ritel Aktif (5M - 50M),Sepi (< 50%),Mark-Up (Fase Pesta),Spesialis Tiang Jemuran (Banting Pucuk),Jarum Bawah (Sinyal Pantulan Kuat),Sideways / Stagnan,TP: 422 | CL: 388,Normal,Tidak Ideal (< 1:1),5,WAIT & SEE,TIDAK ADA,2026-07-27 11:56:02
MDKA,Big Cap (Lapis 1),Overvalued (Mahal),1430.1075,76000.0,2660.0,2639,2348,2930,0.37735849056603776,15690900,Normal,49,Positif,Uptrend,Bullish,Strong Bullish,Normal,Akumulasi (Naik),Normal,Seimbang / Adu Mekanik,Normal,Sedang,Normal,Rawan Pucuk (High Risk),> 1 Miliar,Di Bawah VWAP (Lemah),Distribusi Pro (Guyuran),Sultan (> 50M/hari),Sepi (< 50%),Mark-Up (Fase Pesta),Spesialis Tiang Jemuran (Banting Pucuk),Normal,Naik 1 Hari Beruntun,TP: 2819 | CL: 2553,Normal,Tidak Ideal (< 1:1),5,WAIT & SEE,TIDAK ADA,2026-07-27 11:56:02
ASII,Big Cap (Lapis 1),Undervalued (Murah),6.268714,0.8468368,4920.0,4889,4470,5300,-1.2048192771084338,7711600,Normal,49,Negatif,Uptrend,Bullish,Strong Bullish,Normal,Distribusi (Turun),Normal,Seimbang / Adu Mekanik,Normal,Sedang,Normal,Rawan Pucuk (High Risk),> 1 Miliar,Di Bawah VWAP (Lemah),Distribusi Pro (Guyuran),Sultan (> 50M/hari),Sepi (< 50%),Accumulation (Kumpul Barang),Spesialis Tiang Jemuran (Banting Pucuk),Normal,Turun 3 Hari Beruntun,TP: 5135 | CL: 4776,Open = High (Tekanan Jual),Tidak Ideal (< 1:1),3,WAIT & SEE,TIDAK ADA,2026-07-27 11:56:03
LCKM,Small Cap (Lapis 3),Overvalued (Mahal),73.878624,0.8213854,112.0,108,103,128,5.660377358490567,12362800,Normal,51,Positif,Uptrend,Bullish,Bullish MACD,Normal,Distribusi (Turun),Normal,Seimbang / Adu Mekanik,Normal,Sedang,Normal,Area Tengah,> 1 Miliar,Persis di VWAP,Distribusi Pro (Guyuran),Gorengan Sepi (< 5M),Sepi (< 50%),Accumulation (Kumpul Barang),Spesialis Tiang Jemuran (Banting Pucuk),Normal,Naik 1 Hari Beruntun,TP: 123 | CL: 104,Normal,Ideal (1:2),5,WAIT & SEE,TIDAK ADA,2026-07-27 11:56:03
KLBF,Big Cap (Lapis 1),Undervalued (Murah),9.033877,1.3408571,720.0,738,700,790,0.0,6583300,Normal,44,Negatif,Downtrend,Bearish,Strong Bearish,Normal,Distribusi (Turun),Normal,Dominan Beli (Hajar Kanan),Normal,Sedang,Doji (Ragu-ragu),Dekat Support (Low Risk),> 1 Miliar,Di Bawah VWAP (Lemah),Distribusi Pro (Guyuran),Ritel Aktif (5M - 50M),Sepi (< 50%),Mark-Down (Fase Runtuh),Spesialis Tiang Jemuran (Banting Pucuk),Jarum Bawah (Sinyal Pantulan Kuat),Sideways / Stagnan,TP: 755 | CL: 696,Normal,Sangat Menarik (> 1:3),1,WAIT & SEE,TIDAK ADA,2026-07-27 11:56:03
JGLE,Mid Cap (Lapis 2),Fair Value (Wajar),0.0,1.3638271,65.0,54,50,79,3.1746031746031744,492567400,Normal,62,Positif,Uptrend,Bullish,Strong Bullish,Normal,Akumulasi (Naik),Normal,Seimbang / Adu Mekanik,Normal,Tinggi,Normal,Rawan Pucuk (High Risk),> 1 Miliar,Di Bawah VWAP (Lemah),Akumulasi Pro (Smart Money),Sultan (> 50M/hari),Sepi (< 50%),Accumulation (Kumpul Barang),Spesialis Tiang Jemuran (Banting Pucuk),Normal,Naik 1 Hari Beruntun,TP: 71 | CL: 60,Normal,Tidak Ideal (< 1:1),6,WAIT & SEE,TIDAK ADA,2026-07-27 11:56:03
PPRE,Mid Cap (Lapis 2),Fair Value (Wajar),0.0,1.0281619,105.0,105,92,122,0.0,12707200,Normal,49,Negatif,Downtrend,Bullish,Bearish MACD,Normal,Distribusi (Turun),Normal,Seimbang / Adu Mekanik,Normal,Tinggi,Doji (Ragu-ragu),Rawan Pucuk (High Risk),> 1 Miliar,Di Bawah VWAP (Lemah),Distribusi Pro (Guyuran),Ritel Aktif (5M - 50M),Sepi (< 50%),Distribution (Fase Jualan),Spesialis Tiang Jemuran (Banting Pucuk),Jarum Bawah (Sinyal Pantulan Kuat),Sideways / Stagnan,TP: 115 | CL: 98,Normal,Menengah (1:1),1,WAIT & SEE,TIDAK ADA,2026-07-27 11:56:03
GIAA,Big Cap (Lapis 1),Fair Value (Wajar),0.0,0.0,53.0,52,50,56,0.0,36626700,Normal,46,Negatif,Uptrend,Bullish,Bullish MACD,Normal,Akumulasi (Naik),Normal,Seimbang / Adu Mekanik,Squeeze,Rendah,Doji (Ragu-ragu),Area Tengah,> 1 Miliar,Di Bawah VWAP (Lemah),Distribusi Pro (Guyuran),Gorengan Sepi (< 5M),Normal (50-150%),Accumulation (Kumpul Barang),Normal,Normal,Sideways / Stagnan,TP: 55 | CL: 51,Normal,Menengah (1:1),4,WAIT & SEE,TIDAK ADA,2026-07-27 11:56:03
AMRT,Big Cap (Lapis 1),Overvalued (Mahal),15.912306,3.0014539,1350.0,1382,1315,1440,-1.8181818181818181,10669400,Normal,46,Negatif,Downtrend,Bullish,Bearish MACD,Normal,Akumulasi (Naik),Normal,Seimbang / Adu Mekanik,Squeeze,Rendah,Normal,Dekat Support (Low Risk),> 1 Miliar,Di Bawah VWAP (Lemah),Akumulasi Pro (Smart Money),Ritel Aktif (5M - 50M),Sepi (< 50%),Distribution (Fase Jualan),Spesialis Tiang Jemuran (Banting Pucuk),Normal,Turun 2 Hari Beruntun,TP: 1413 | CL: 1307,Normal,Ideal (1:2),2,WAIT & SEE,TIDAK ADA,2026-07-27 11:56:04
FUJI,Small Cap (Lapis 3),Overvalued (Mahal),44.88889,1.4403571,202.0,202,179,226,1.0,84300,Normal,38,Positif,Downtrend,Bullish,Bullish MACD,Normal,Distribusi (Turun),Normal,Seimbang / Adu Mekanik,Normal,Sedang,Normal,Rawan Pucuk (High Risk),< 1 Miliar,Di Bawah VWAP (Lemah),Distribusi Pro (Guyuran),Gorengan Sepi (< 5M),Sepi (< 50%),Mark-Down (Fase Runtuh),Spesialis Tiang Jemuran (Banting Pucuk),Normal,Naik 1 Hari Beruntun,TP: 220 | CL: 189,Normal,Menengah (1:1),3,WAIT & SEE,TIDAK ADA,2026-07-27 11:56:04
SUPA,Big Cap (Lapis 1),Overvalued (Mahal),115.2381,2.5308197,605.0,572,505,625,2.5423728813559325,5822200,Normal,51,Positif,Uptrend,Bullish,Bullish MACD,Normal,Akumulasi (Naik),Normal,Dominan Beli (Hajar Kanan),Normal,Tinggi,Normal,Rawan Pucuk (High Risk),> 1 Miliar,Persis di VWAP,Akumulasi Pro (Smart Money),Ritel Aktif (5M - 50M),Sepi (< 50%),Accumulation (Kumpul Barang),Normal,Normal,Naik 1 Hari Beruntun,TP: 648 | CL: 576,Normal,Tidak Ideal (< 1:1),7,BELI,TIDAK ADA,2026-07-27 11:56:04
PWON,Big Cap (Lapis 1),Undervalued (Murah),5.2600355,0.56074965,266.0,259,236,280,-1.4814814814814816,29472600,Normal,54,Negatif,Uptrend,Bullish,Strong Bullish,Normal,Akumulasi (Naik),Normal,Dominan Jual (Guyur),Normal,Tinggi,Normal,Rawan Pucuk (High Risk),> 1 Miliar,Di Bawah VWAP (Lemah),Distribusi Pro (Guyuran),Ritel Aktif (5M - 50M),Normal (50-150%),Accumulation (Kumpul Barang),Normal,Normal,Turun 2 Hari Beruntun,TP: 278 | CL: 257,Normal,Tidak Ideal (< 1:1),5,WAIT & SEE,TIDAK ADA,2026-07-27 11:56:05
BWPT,Mid Cap (Lapis 2),Undervalued (Murah),6.571188,0.84731954,78.0,76,70,84,-1.2658227848101267,24066300,Normal,49,Negatif,Uptrend,Bullish,Bullish MACD,Normal,Akumulasi (Naik),Normal,Seimbang / Adu Mekanik,Normal,Sedang,Normal,Rawan Pucuk (High Risk),> 1 Miliar,Di Bawah VWAP (Lemah),Akumulasi Pro (Smart Money),Ritel Aktif (5M - 50M),Sepi (< 50%),Accumulation (Kumpul Barang),Normal,Normal,Turun 2 Hari Beruntun,TP: 83 | CL: 74,Normal,Tidak Ideal (< 1:1),4,WAIT & SEE,TIDAK ADA,2026-07-27 11:56:05
PGAS,Big Cap (Lapis 1),Overvalued (Mahal),8.445757,12948.718,1520.0,1462,1350,1580,0.33003300330033003,6486400,Normal,52,Positif,Uptrend,Bullish,Strong Bullish,Normal,Akumulasi (Naik),Normal,Dominan Beli (Hajar Kanan),Normal,Tinggi,Normal,Rawan Pucuk (High Risk),> 1 Miliar,Di Bawah VWAP (Lemah),Distribusi Pro (Guyuran),Sultan (> 50M/hari),Sepi (< 50%),Accumulation (Kumpul Barang),Spesialis Tiang Jemuran (Banting Pucuk),Normal,Naik 1 Hari Beruntun,TP: 1583 | CL: 1477,Normal,Tidak Ideal (< 1:1),7,BELI,TIDAK ADA,2026-07-27 11:56:05
MEDC,Big Cap (Lapis 1),Overvalued (Mahal),11.740521,14438.202,1285.0,1201,1005,1425,-3.018867924528302,28448000,Normal,56,Negatif,Uptrend,Bullish,Strong Bullish,Normal,Akumulasi (Naik),Gap Down (-2.3%),Seimbang / Adu Mekanik,Normal,Tinggi,Normal,Rawan Pucuk (High Risk),> 1 Miliar,Di Bawah VWAP (Lemah),Distribusi Pro (Guyuran),Sultan (> 50M/hari),Sepi (< 50%),Accumulation (Kumpul Barang),Normal,Jarum Bawah (Sinyal Pantulan Kuat),Turun 2 Hari Beruntun,TP: 1371 | CL: 1227,Normal,Tidak Ideal (< 1:1),5,WAIT & SEE,TIDAK ADA,2026-07-27 11:56:05
KOCI,Small Cap (Lapis 3),Overvalued (Mahal),0.0,3.1086795,100.0,100,91,111,0.0,4957100,Normal,51,Negatif,Downtrend,Bullish,Strong Bullish,Normal,Akumulasi (Naik),Normal,Dominan Beli (Hajar Kanan),Normal,Sedang,Doji (Ragu-ragu),Area Tengah,< 1 Miliar,Di Bawah VWAP (Lemah),Akumulasi Pro (Smart Money),Gorengan Sepi (< 5M),Sepi (< 50%),Distribution (Fase Jualan),Spesialis Tiang Jemuran (Banting Pucuk),Jarum Bawah (Sinyal Pantulan Kuat),Sideways / Stagnan,TP: 107 | CL: 95,Normal,Menengah (1:1),5,WAIT & SEE,TIDAK ADA,2026-07-27 11:56:05
HOPE,Small Cap (Lapis 3),Overvalued (Mahal),0.0,5.3708987,175.0,162,105,224,-1.1299435028248588,2446300,Normal,57,Negatif,Uptrend,Bullish,Strong Bullish,Normal,Distribusi (Turun),Normal,Seimbang / Adu Mekanik,Normal,Tinggi,Normal,Rawan Pucuk (High Risk),< 1 Miliar,Di Bawah VWAP (Lemah),Distribusi Pro (Guyuran),Ritel Aktif (5M - 50M),Sepi (< 50%),Mark-Up (Fase Pesta),Spesialis Tiang Jemuran (Banting Pucuk),Jarum Bawah (Sinyal Pantulan Kuat),Turun 1 Hari Beruntun,TP: 208 | CL: 152,Normal,Tidak Ideal (< 1:1),4,WAIT & SEE,TIDAK ADA,2026-07-27 11:56:06
BAIK,Small Cap (Lapis 3),Overvalued (Mahal),0.0,5.8731565,710.0,675,585,730,0.0,8832800,Normal,60,Negatif,Uptrend,Bullish,Strong Bullish,Normal,Distribusi (Turun),Normal,Dominan Beli (Hajar Kanan),Normal,Tinggi,Doji (Ragu-ragu),Rawan Pucuk (High Risk),> 1 Miliar,Persis di VWAP,Akumulasi Pro (Smart Money),Ritel Aktif (5M - 50M),Normal (50-150%),Mark-Up (Fase Pesta),Solid (Jarang Dibanting),Jarum Bawah (Sinyal Pantulan Kuat),Sideways / Stagnan,TP: 747 | CL: 685,Normal,Tidak Ideal (< 1:1),5,WAIT & SEE,TIDAK ADA,2026-07-27 11:56:06
WIRG,Small Cap (Lapis 3),Undervalued (Murah),8.763694,0.78934383,57.0,53,50,63,0.0,22191700,Normal,55,Negatif,Uptrend,Bullish,Strong Bullish,Normal,Akumulasi (Naik),Normal,Dominan Beli (Hajar Kanan),Normal,Tinggi,Doji (Ragu-ragu),Rawan Pucuk (High Risk),> 1 Miliar,Di Bawah VWAP (Lemah),Distribusi Pro (Guyuran),Ritel Aktif (5M - 50M),Sepi (< 50%),Accumulation (Kumpul Barang),Spesialis Tiang Jemuran (Banting Pucuk),Jarum Bawah (Sinyal Pantulan Kuat),Sideways / Stagnan,TP: 61 | CL: 54,Normal,Tidak Ideal (< 1:1),6,WAIT & SEE,TIDAK ADA,2026-07-27 11:56:06
CYBR,Mid Cap (Lapis 2),Overvalued (Mahal),626.3736,30.112524,565.0,585,550,635,-0.8771929824561403,15717300,Normal,40,Negatif,Downtrend,Bearish,Strong Bearish,Normal,Distribusi (Turun),Normal,Seimbang / Adu Mekanik,Bottom Rebound,Sedang,Doji (Ragu-ragu),Dekat Support (Low Risk),> 1 Miliar,Persis di VWAP,Akumulasi Pro (Smart Money),Ritel Aktif (5M - 50M),Normal (50-150%),Mark-Down (Fase Runtuh),Spesialis Tiang Jemuran (Banting Pucuk),Normal,Turun 1 Hari Beruntun,TP: 596 | CL: 543,Normal,Sangat Menarik (> 1:3),0,WAIT & SEE,TIDAK ADA,2026-07-27 11:56:06
MMIX,Mid Cap (Lapis 2),Overvalued (Mahal),5.147333,17.64706,695.0,665,424,880,-0.7142857142857143,19819700,Normal,52,Negatif,Uptrend,Bullish,Bearish MACD,Normal,Distribusi (Turun),Normal,Dominan Jual (Guyur),Normal,Tinggi,Doji (Ragu-ragu),Rawan Pucuk (High Risk),> 1 Miliar,Di Atas VWAP (Kuat),Distribusi Pro (Guyuran),Ritel Aktif (5M - 50M),Normal (50-150%),Mark-Up (Fase Pesta),Spesialis Tiang Jemuran (Banting Pucuk),Normal,Turun 1 Hari Beruntun,TP: 865 | CL: 581,Normal,Tidak Ideal (< 1:1),3,WAIT & SEE,TIDAK ADA,2026-07-27 11:56:06
SRSN,Small Cap (Lapis 3),Undervalued (Murah),4.179663,0.48089692,67.0,66,63,71,0.0,21210300,Normal,52,Negatif,Uptrend,Bullish,Strong Bullish,Normal,Akumulasi (Naik),Gap Down (-3.0%),Dominan Beli (Hajar Kanan),Squeeze,Rendah,Marubozu (Strong Bullish),Area Tengah,> 1 Miliar,Persis di VWAP,Akumulasi Pro (Smart Money),Gorengan Sepi (< 5M),Normal (50-150%),Mark-Up (Fase Pesta),Normal,Normal,Sideways / Stagnan,TP: 70 | CL: 64,Open = Low (Bullish Kuat),Menengah (1:1),6,WAIT & SEE,TIDAK ADA,2026-07-27 11:56:06
BSDE,Big Cap (Lapis 1),Undervalued (Murah),4.736186,0.26874292,570.0,565,530,615,-0.8695652173913043,4048800,Normal,47,Negatif,Uptrend,Bullish,Bullish MACD,Normal,Akumulasi (Naik),Normal,Seimbang / Adu Mekanik,Normal,Sedang,Normal,Area Tengah,> 1 Miliar,Di Bawah VWAP (Lemah),Distribusi Pro (Guyuran),Ritel Aktif (5M - 50M),Sepi (< 50%),Accumulation (Kumpul Barang),Spesialis Tiang Jemuran (Banting Pucuk),Normal,Turun 2 Hari Beruntun,TP: 601 | CL: 548,Normal,Menengah (1:1),4,WAIT & SEE,TIDAK ADA,2026-07-27 11:56:07
MSIN,Big Cap (Lapis 1),Overvalued (Mahal),22.261484,3.3965926,378.0,450,372,520,-2.072538860103627,16940900,Normal,27,Negatif,Downtrend,Bearish,Strong Bearish,Normal,Distribusi (Turun),Normal,Seimbang / Adu Mekanik,Normal,Tinggi,Normal,Dekat Support (Low Risk),> 1 Miliar,Di Bawah VWAP (Lemah),Distribusi Pro (Guyuran),Ritel Aktif (5M - 50M),Normal (50-150%),Mark-Down (Fase Runtuh),Normal,Normal,Turun 7 Hari Beruntun,TP: 408 | CL: 357,Normal,Sangat Menarik (> 1:3),0,WAIT & SEE,TIDAK ADA,2026-07-27 11:56:07
RATU,Big Cap (Lapis 1),Overvalued (Mahal),56.72388,249500.0,5000.0,5179,4250,5750,0.6036217303822937,2632000,Normal,49,Positif,Downtrend,Bearish,Bearish MACD,Normal,Akumulasi (Naik),Normal,Seimbang / Adu Mekanik,Normal,Tinggi,Normal,Rawan Pucuk (High Risk),> 1 Miliar,Di Bawah VWAP (Lemah),Distribusi Pro (Guyuran),Sultan (> 50M/hari),Sepi (< 50%),Distribution (Fase Jualan),Spesialis Tiang Jemuran (Banting Pucuk),Normal,Naik 1 Hari Beruntun,TP: 5381 | CL: 4745,Normal,Menengah (1:1),2,WAIT & SEE,TIDAK ADA,2026-07-27 11:56:07
RSCH,Small Cap (Lapis 3),Overvalued (Mahal),0.0,5.7455597,274.0,277,252,380,0.7352941176470588,13880800,Normal,46,Positif,Downtrend,Bearish,Strong Bearish,Normal,Distribusi (Turun),Normal,Seimbang / Adu Mekanik,Normal,Tinggi,Normal,Area Tengah,> 1 Miliar,Persis di VWAP,Akumulasi Pro (Smart Money),Ritel Aktif (5M - 50M),Normal (50-150%),Mark-Down (Fase Runtuh),Normal,Normal,Naik 1 Hari Beruntun,TP: 296 | CL: 258,Normal,Sangat Menarik (> 1:3),1,WAIT & SEE,TIDAK ADA,2026-07-27 11:56:07
HUMI,Mid Cap (Lapis 2),Overvalued (Mahal),248.14813,16750.0,135.0,123,103,148,0.0,10621600,Normal,57,Negatif,Uptrend,Bullish,Strong Bullish,Normal,Distribusi (Turun),Normal,Seimbang / Adu Mekanik,Normal,Tinggi,Normal,Rawan Pucuk (High Risk),> 1 Miliar,Di Bawah VWAP (Lemah),Akumulasi Pro (Smart Money),Ritel Aktif (5M - 50M),Sepi (< 50%),Accumulation (Kumpul Barang),Spesialis Tiang Jemuran (Banting Pucuk),Jarum Bawah (Sinyal Pantulan Kuat),Sideways / Stagnan,TP: 148 | CL: 126,Normal,Tidak Ideal (< 1:1),4,WAIT & SEE,TIDAK ADA,2026-07-27 11:56:07
CMNT,Big Cap (Lapis 1),Overvalued (Mahal),263.42282,5.41286,785.0,789,740,805,0.0,10451300,Normal,48,Negatif,Downtrend,Bearish,Strong Bearish,Normal,Distribusi (Turun),Normal,Seimbang / Adu Mekanik,Squeeze,Rendah,Doji (Ragu-ragu),Area Tengah,> 1 Miliar,Persis di VWAP,Akumulasi Pro (Smart Money),Ritel Aktif (5M - 50M),Sepi (< 50%),Mark-Down (Fase Runtuh),Normal,Jarum Bawah (Sinyal Pantulan Kuat),Sideways / Stagnan,TP: 819 | CL: 761,Normal,Tidak Ideal (< 1:1),0,WAIT & SEE,TIDAK ADA,2026-07-27 11:56:08
SMLE,Small Cap (Lapis 3),Overvalued (Mahal),0.0,3.208724,143.0,123,88,152,0.7042253521126761,962200,Normal,67,Positif,Uptrend,Bullish,Strong Bullish,Normal,Distribusi (Turun),Normal,Dominan Beli (Hajar Kanan),Normal,Tinggi,Normal,Rawan Pucuk (High Risk),< 1 Miliar,Di Bawah VWAP (Lemah),Distribusi Pro (Guyuran),Gorengan Sepi (< 5M),Sepi (< 50%),Mark-Up (Fase Pesta),Spesialis Tiang Jemuran (Banting Pucuk),Jarum Bawah (Sinyal Pantulan Kuat),Naik 1 Hari Beruntun,TP: 159 | CL: 131,Normal,Tidak Ideal (< 1:1),6,WAIT & SEE,TIDAK ADA,2026-07-27 11:56:08
NICL,Mid Cap (Lapis 2),Overvalued (Mahal),19.52756,5.9106727,496.0,502,464,555,-0.4016064257028112,14414200,Normal,42,Negatif,Downtrend,Bullish,Bullish MACD,Normal,Akumulasi (Naik),Normal,Seimbang / Adu Mekanik,Normal,Sedang,Doji (Ragu-ragu),Area Tengah,> 1 Miliar,Di Bawah VWAP (Lemah),Distribusi Pro (Guyuran),Ritel Aktif (5M - 50M),Normal (50-150%),Mark-Down (Fase Runtuh),Normal,Jarum Bawah (Sinyal Pantulan Kuat),Turun 2 Hari Beruntun,TP: 534 | CL: 470,Normal,Ideal (1:2),3,WAIT & SEE,TIDAK ADA,2026-07-27 11:56:08
BBTN,Big Cap (Lapis 1),Undervalued (Murah),4.1107383,0.47478777,1225.0,1194,1065,1285,1.6597510373443984,6463000,Normal,52,Positif,Uptrend,Bullish,Strong Bullish,Normal,Distribusi (Turun),Normal,Dominan Beli (Hajar Kanan),Normal,Tinggi,Normal,Rawan Pucuk (High Risk),> 1 Miliar,Di Bawah VWAP (Lemah),Distribusi Pro (Guyuran),Ritel Aktif (5M - 50M),Sepi (< 50%),Accumulation (Kumpul Barang),Normal,Normal,Naik 1 Hari Beruntun,TP: 1278 | CL: 1189,Open = Low (Bullish Kuat),Tidak Ideal (< 1:1),6,WAIT & SEE,TIDAK ADA,2026-07-27 11:56:08
VTNY,Small Cap (Lapis 3),Overvalued (Mahal),166.66667,0.9771203,65.0,60,52,72,0.0,9986300,Normal,56,Negatif,Uptrend,Bullish,Strong Bullish,Normal,Akumulasi (Naik),Gap Down (-3.1%),Seimbang / Adu Mekanik,Normal,Tinggi,Normal,Rawan Pucuk (High Risk),< 1 Miliar,Di Bawah VWAP (Lemah),Akumulasi Pro (Smart Money),Gorengan Sepi (< 5M),Sepi (< 50%),Mark-Up (Fase Pesta),Normal,Normal,Sideways / Stagnan,TP: 72 | CL: 60,Open = Low (Bullish Kuat),Tidak Ideal (< 1:1),5,WAIT & SEE,TIDAK ADA,2026-07-27 11:56:08
SLIS,Small Cap (Lapis 3),Fair Value (Wajar),0.0,0.4911554,64.0,60,55,71,4.918032786885246,84072800,Tembus MA20,55,Positif,Uptrend,Bullish,Bullish MACD,Akumulasi Kuat,Akumulasi (Naik),Normal,Seimbang / Adu Mekanik,Normal,Tinggi,Normal,Rawan Pucuk (High Risk),> 1 Miliar,Persis di VWAP,Distribusi Pro (Guyuran),Gorengan Sepi (< 5M),Ledakan Ekstrem (> 300%),Accumulation (Kumpul Barang),Normal,Normal,Naik 1 Hari Beruntun,TP: 69 | CL: 60,Normal,Tidak Ideal (< 1:1),8,BELI,TIDAK ADA,2026-07-27 11:56:08
PYFA,Mid Cap (Lapis 2),Overvalued (Mahal),0.0,3.280071,210.0,204,167,234,1.9417475728155338,1631800,Normal,50,Positif,Uptrend,Bullish,Bullish MACD,Normal,Akumulasi (Naik),Normal,Dominan Beli (Hajar Kanan),Normal,Tinggi,Normal,Rawan Pucuk (High Risk),< 1 Miliar,Di Bawah VWAP (Lemah),Distribusi Pro (Guyuran),Gorengan Sepi (< 5M),Sepi (< 50%),Accumulation (Kumpul Barang),Spesialis Tiang Jemuran (Banting Pucuk),Normal,Naik 1 Hari Beruntun,TP: 228 | CL: 197,Normal,Tidak Ideal (< 1:1),6,WAIT & SEE,TIDAK ADA,2026-07-27 11:56:09
ACES,Mid Cap (Lapis 2),Undervalued (Murah),8.699975,0.89631206,348.0,344,318,368,-2.247191011235955,4220300,Normal,54,Negatif,Uptrend,Bullish,Strong Bullish,Normal,Akumulasi (Naik),Normal,Dominan Jual (Guyur),Normal,Sedang,Normal,Area Tengah,> 1 Miliar,Di Bawah VWAP (Lemah),Distribusi Pro (Guyuran),Gorengan Sepi (< 5M),Sepi (< 50%),Mark-Up (Fase Pesta),Normal,Normal,Turun 2 Hari Beruntun,TP: 361 | CL: 338,Open = High (Tekanan Jual),Tidak Ideal (< 1:1),5,WAIT & SEE,TIDAK ADA,2026-07-27 11:56:09
IBOS,Small Cap (Lapis 3),Overvalued (Mahal),265.3846,1.6243702,69.0,69,60,77,0.0,1436200,Normal,41,Negatif,Downtrend,Bullish,Bullish MACD,Normal,Akumulasi (Naik),Normal,Seimbang / Adu Mekanik,Normal,Sedang,Normal,Rawan Pucuk (High Risk),< 1 Miliar,Di Bawah VWAP (Lemah),Akumulasi Pro (Smart Money),Gorengan Sepi (< 5M),Sepi (< 50%),Mark-Down (Fase Runtuh),Normal,Normal,Sideways / Stagnan,TP: 76 | CL: 64,Normal,Tidak Ideal (< 1:1),3,WAIT & SEE,TIDAK ADA,2026-07-27 11:56:09
BAPA,Small Cap (Lapis 3),Fair Value (Wajar),0.0,1.0259101,175.0,285,165,496,-6.417112299465241,15843200,Normal,36,Negatif,Downtrend,Bearish,Strong Bearish,Normal,Distribusi (Turun),Gap Down (-3.2%),Seimbang / Adu Mekanik,Normal,Tinggi,Normal,Area Tengah,> 1 Miliar,Di Bawah VWAP (Lemah),Distribusi Pro (Guyuran),Ritel Aktif (5M - 50M),Sepi (< 50%),Distribution (Fase Jualan),Normal,Normal,Turun 2 Hari Beruntun,TP: 243 | CL: 129,Normal,Sangat Menarik (> 1:3),0,WAIT & SEE,TIDAK ADA,2026-07-27 11:56:09
INDO,Small Cap (Lapis 3),Fair Value (Wajar),23.561644,0.69581825,173.0,167,153,180,0.0,30972600,Tembus MA20,60,Negatif,Uptrend,Bullish,Strong Bullish,Normal,Distribusi (Turun),Normal,Seimbang / Adu Mekanik,Normal,Sedang,Doji (Ragu-ragu),Rawan Pucuk (High Risk),> 1 Miliar,Persis di VWAP,Distribusi Pro (Guyuran),Ritel Aktif (5M - 50M),Normal (50-150%),Mark-Up (Fase Pesta),Normal,Jarum Bawah (Sinyal Pantulan Kuat),Sideways / Stagnan,TP: 180 | CL: 168,Normal,Tidak Ideal (< 1:1),5,WAIT & SEE,TIDAK ADA,2026-07-27 11:56:09
NTBK,Small Cap (Lapis 3),Overvalued (Mahal),410.71426,2.6681361,93.0,84,50,113,2.197802197802198,17956200,Normal,58,Positif,Uptrend,Bullish,Bearish MACD,Normal,Distribusi (Turun),Normal,Dominan Beli (Hajar Kanan),Normal,Tinggi,Normal,Rawan Pucuk (High Risk),> 1 Miliar,Di Bawah VWAP (Lemah),Distribusi Pro (Guyuran),Ritel Aktif (5M - 50M),Sepi (< 50%),Mark-Up (Fase Pesta),Spesialis Tiang Jemuran (Banting Pucuk),Normal,Naik 1 Hari Beruntun,TP: 110 | CL: 81,Normal,Tidak Ideal (< 1:1),5,WAIT & SEE,TIDAK ADA,2026-07-27 11:56:09
TINS,Big Cap (Lapis 1),Fair Value (Wajar),9.478542,2.5654912,3430.0,3461,3220,3780,0.0,9312900,Normal,48,Negatif,Downtrend,Bullish,Bearish MACD,Normal,Akumulasi (Naik),Normal,Seimbang / Adu Mekanik,Normal,Sedang,Normal,Area Tengah,> 1 Miliar,Di Bawah VWAP (Lemah),Distribusi Pro (Guyuran),Sultan (> 50M/hari),Sepi (< 50%),Distribution (Fase Jualan),Spesialis Tiang Jemuran (Banting Pucuk),Normal,Sideways / Stagnan,TP: 3649 | CL: 3283,Normal,Ideal (1:2),2,WAIT & SEE,TIDAK ADA,2026-07-27 11:56:10
GPRA,Small Cap (Lapis 3),Undervalued (Murah),8.298755,0.31319687,99.0,100,95,110,-1.0,5295700,Normal,46,Negatif,Downtrend,Bullish,Strong Bullish,Normal,Distribusi (Turun),Normal,Seimbang / Adu Mekanik,Normal,Sedang,Normal,Area Tengah,< 1 Miliar,Di Bawah VWAP (Lemah),Distribusi Pro (Guyuran),Ritel Aktif (5M - 50M),Sepi (< 50%),Mark-Down (Fase Runtuh),Spesialis Tiang Jemuran (Banting Pucuk),Normal,Turun 2 Hari Beruntun,TP: 106 | CL: 94,Open = High (Tekanan Jual),Ideal (1:2),2,WAIT & SEE,TIDAK ADA,2026-07-27 11:56:10
PMUI,Small Cap (Lapis 3),Fair Value (Wajar),0.0,1.1470238,85.0,83,78,112,0.0,275700,Normal,56,Negatif,Uptrend,Bullish,Strong Bullish,Normal,Distribusi (Turun),Normal,Dominan Beli (Hajar Kanan),Normal,Sedang,Normal,Area Tengah,< 1 Miliar,Persis di VWAP,Akumulasi Pro (Smart Money),Gorengan Sepi (< 5M),Sepi (< 50%),Mark-Up (Fase Pesta),Spesialis Tiang Jemuran (Banting Pucuk),Normal,Sideways / Stagnan,TP: 90 | CL: 81,Normal,Sangat Menarik (> 1:3),5,WAIT & SEE,TIDAK ADA,2026-07-27 11:56:10
DGWG,Mid Cap (Lapis 2),Undervalued (Murah),6.668254,1.4914083,280.0,286,274,306,-0.7092198581560284,2447000,Normal,40,Negatif,Downtrend,Bearish,Bullish MACD,Normal,Distribusi (Turun),Normal,Dominan Jual (Guyur),Normal,Sedang,Normal,Dekat Support (Low Risk),< 1 Miliar,Di Bawah VWAP (Lemah),Akumulasi Pro (Smart Money),Gorengan Sepi (< 5M),Sepi (< 50%),Mark-Down (Fase Runtuh),Normal,Normal,Turun 4 Hari Beruntun,TP: 289 | CL: 273,Open = High (Tekanan Jual),Sangat Menarik (> 1:3),1,WAIT & SEE,TIDAK ADA,2026-07-27 11:56:10
FOLK,Small Cap (Lapis 3),Overvalued (Mahal),209.90099,5.6391973,210.0,210,173,250,0.0,2855400,Normal,49,Negatif,Downtrend,Bullish,Strong Bullish,Normal,Distribusi (Turun),Normal,Seimbang / Adu Mekanik,Normal,Tinggi,Doji (Ragu-ragu),Rawan Pucuk (High Risk),< 1 Miliar,Di Bawah VWAP (Lemah),Distribusi Pro (Guyuran),Gorengan Sepi (< 5M),Normal (50-150%),Distribution (Fase Jualan),Normal,Jarum Bawah (Sinyal Pantulan Kuat),Sideways / Stagnan,TP: 234 | CL: 193,Normal,Menengah (1:1),2,WAIT & SEE,TIDAK ADA,2026-07-27 11:56:10
BCIP,Small Cap (Lapis 3),Undervalued (Murah),3.3549783,0.17365439,62.0,60,54,68,0.0,1696500,Normal,55,Negatif,Uptrend,Bullish,Strong Bullish,Normal,Distribusi (Turun),Normal,Seimbang / Adu Mekanik,Normal,Tinggi,Doji (Ragu-ragu),Rawan Pucuk (High Risk),< 1 Miliar,Di Bawah VWAP (Lemah),Akumulasi Pro (Smart Money),Gorengan Sepi (< 5M),Sepi (< 50%),Accumulation (Kumpul Barang),Spesialis Tiang Jemuran (Banting Pucuk),Normal,Sideways / Stagnan,TP: 66 | CL: 58,Normal,Tidak Ideal (< 1:1),4,WAIT & SEE,TIDAK ADA,2026-07-27 11:56:11
ARCI,Big Cap (Lapis 1),Overvalued (Mahal),12.118799,66562.5,1065.0,1020,860,1170,0.9478672985781991,9336700,Normal,51,Positif,Uptrend,Bullish,Strong Bullish,Normal,Akumulasi (Naik),Normal,Dominan Jual (Guyur),Normal,Tinggi,Normal,Rawan Pucuk (High Risk),> 1 Miliar,Di Bawah VWAP (Lemah),Distribusi Pro (Guyuran),Ritel Aktif (5M - 50M),Sepi (< 50%),Accumulation (Kumpul Barang),Spesialis Tiang Jemuran (Banting Pucuk),Normal,Naik 1 Hari Beruntun,TP: 1147 | CL: 1010,Normal,Tidak Ideal (< 1:1),6,WAIT & SEE,TIDAK ADA,2026-07-27 11:56:11
DEFI,Small Cap (Lapis 3),Fair Value (Wajar),0.0,2.8641896,108.0,106,98,118,0.9345794392523363,8379300,Normal,46,Positif,Uptrend,Bullish,Bullish MACD,Normal,Akumulasi (Naik),Normal,Dominan Beli (Hajar Kanan),Normal,Sedang,Normal,Rawan Pucuk (High Risk),< 1 Miliar,Di Bawah VWAP (Lemah),Distribusi Pro (Guyuran),Gorengan Sepi (< 5M),Sepi (< 50%),Accumulation (Kumpul Barang),Spesialis Tiang Jemuran (Banting Pucuk),Jarum Bawah (Sinyal Pantulan Kuat),Naik 1 Hari Beruntun,TP: 117 | CL: 101,Normal,Menengah (1:1),6,WAIT & SEE,TIDAK ADA,2026-07-27 11:56:11
PADA,Small Cap (Lapis 3),Overvalued (Mahal),0.0,3.1083825,121.0,111,89,138,4.310344827586207,20710700,Normal,54,Positif,Uptrend,Bullish,Strong Bullish,Normal,Akumulasi (Naik),Normal,Seimbang / Adu Mekanik,Normal,Tinggi,Normal,Rawan Pucuk (High Risk),> 1 Miliar,Di Bawah VWAP (Lemah),Distribusi Pro (Guyuran),Ritel Aktif (5M - 50M),Normal (50-150%),Accumulation (Kumpul Barang),Spesialis Tiang Jemuran (Banting Pucuk),Normal,Naik 1 Hari Beruntun,TP: 136 | CL: 110,Normal,Tidak Ideal (< 1:1),6,WAIT & SEE,TIDAK ADA,2026-07-27 11:56:11
INCO,Big Cap (Lapis 1),Overvalued (Mahal),29.07505,17977.53,4800.0,4722,4120,5275,-1.4373716632443532,3527500,Normal,49,Negatif,Uptrend,Bullish,Strong Bullish,Normal,Akumulasi (Naik),Normal,Dominan Jual (Guyur),Normal,Tinggi,Normal,Rawan Pucuk (High Risk),> 1 Miliar,Di Bawah VWAP (Lemah),Distribusi Pro (Guyuran),Sultan (> 50M/hari),Sepi (< 50%),Accumulation (Kumpul Barang),Spesialis Tiang Jemuran (Banting Pucuk),Normal,Turun 2 Hari Beruntun,TP: 5053 | CL: 4630,Open = High (Tekanan Jual),Tidak Ideal (< 1:1),4,WAIT & SEE,TIDAK ADA,2026-07-27 11:56:11
HMSP,Big Cap (Lapis 1),Fair Value (Wajar),12.209598,2.7524617,720.0,688,645,735,0.0,1670700,Normal,64,Negatif,Uptrend,Bullish,Strong Bullish,Normal,Akumulasi (Naik),Normal,Seimbang / Adu Mekanik,Normal,Sedang,Doji (Ragu-ragu),Rawan Pucuk (High Risk),> 1 Miliar,Persis di VWAP,Distribusi Pro (Guyuran),Ritel Aktif (5M - 50M),Sepi (< 50%),Mark-Up (Fase Pesta),Spesialis Tiang Jemuran (Banting Pucuk),Jarum Bawah (Sinyal Pantulan Kuat),Sideways / Stagnan,TP: 750 | CL: 700,Normal,Tidak Ideal (< 1:1),5,WAIT & SEE,TIDAK ADA,2026-07-27 11:56:12
FUTR,Mid Cap (Lapis 2),Overvalued (Mahal),0.0,11.656442,306.0,228,160,316,1.3245033112582782,35988900,Normal,81,Positif,Uptrend,Bullish,Strong Bullish,Normal,Akumulasi (Naik),Normal,Seimbang / Adu Mekanik,Normal,Tinggi,Normal,Rawan Pucuk (High Risk),> 1 Miliar,Di Atas VWAP (Kuat),Akumulasi Pro (Smart Money),Ritel Aktif (5M - 50M),Sepi (< 50%),Mark-Up (Fase Pesta),Spesialis Tiang Jemuran (Banting Pucuk),Normal,Naik 1 Hari Beruntun,TP: 338 | CL: 284,Normal,Tidak Ideal (< 1:1),6,WAIT & SEE,TIDAK ADA,2026-07-27 11:56:12
GULA,Small Cap (Lapis 3),Overvalued (Mahal),0.0,5.48659,730.0,671,565,850,-3.3112582781456954,13503700,Normal,60,Negatif,Uptrend,Bullish,Strong Bullish,Normal,Distribusi (Turun),Normal,Dominan Jual (Guyur),Normal,Tinggi,Normal,Rawan Pucuk (High Risk),> 1 Miliar,Di Bawah VWAP (Lemah),Akumulasi Pro (Smart Money),Ritel Aktif (5M - 50M),Sepi (< 50%),Mark-Up (Fase Pesta),Solid (Jarang Dibanting),Normal,Turun 2 Hari Beruntun,TP: 803 | CL: 680,Open = High (Tekanan Jual),Tidak Ideal (< 1:1),4,WAIT & SEE,TIDAK ADA,2026-07-27 11:56:12
IATA,Mid Cap (Lapis 2),Overvalued (Mahal),15.691489,14749.999,59.0,60,55,68,1.7241379310344827,58761000,Normal,43,Positif,Downtrend,Bearish,Bullish MACD,Normal,Distribusi (Turun),Normal,Seimbang / Adu Mekanik,Normal,Tinggi,Normal,Area Tengah,> 1 Miliar,Persis di VWAP,Distribusi Pro (Guyuran),Ritel Aktif (5M - 50M),Sepi (< 50%),Mark-Down (Fase Runtuh),Spesialis Tiang Jemuran (Banting Pucuk),Normal,Naik 1 Hari Beruntun,TP: 64 | CL: 55,Normal,Ideal (1:2),2,WAIT & SEE,TIDAK ADA,2026-07-27 11:56:12
KRYA,Small Cap (Lapis 3),Overvalued (Mahal),0.0,4.6275225,61.0,58,50,67,5.172413793103448,38653900,Normal,55,Positif,Uptrend,Bullish,Strong Bullish,Normal,Akumulasi (Naik),Normal,Seimbang / Adu Mekanik,Normal,Tinggi,Normal,Rawan Pucuk (High Risk),> 1 Miliar,Persis di VWAP,Distribusi Pro (Guyuran),Gorengan Sepi (< 5M),Normal (50-150%),Accumulation (Kumpul Barang),Spesialis Tiang Jemuran (Banting Pucuk),Normal,Naik 1 Hari Beruntun,TP: 67 | CL: 56,Normal,Tidak Ideal (< 1:1),6,WAIT & SEE,TIDAK ADA,2026-07-27 11:56:12
JPFA,Big Cap (Lapis 1),Undervalued (Murah),4.740196,1.183099,2100.0,2040,1915,2200,-1.4084507042253522,4028800,Normal,54,Negatif,Uptrend,Bullish,Strong Bullish,Normal,Akumulasi (Naik),Normal,Seimbang / Adu Mekanik,Normal,Sedang,Normal,Area Tengah,> 1 Miliar,Persis di VWAP,Distribusi Pro (Guyuran),Ritel Aktif (5M - 50M),Sepi (< 50%),Accumulation (Kumpul Barang),Normal,Normal,Turun 1 Hari Beruntun,TP: 2202 | CL: 2031,Normal,Tidak Ideal (< 1:1),5,WAIT & SEE,TIDAK ADA,2026-07-27 11:56:13
CBRE,Mid Cap (Lapis 2),Overvalued (Mahal),0.0,59.367313,695.0,704,545,820,-1.4184397163120568,9852900,Normal,47,Negatif,Downtrend,Bullish,Strong Bullish,Normal,Distribusi (Turun),Normal,Seimbang / Adu Mekanik,Normal,Tinggi,Normal,Rawan Pucuk (High Risk),> 1 Miliar,Di Bawah VWAP (Lemah),Distribusi Pro (Guyuran),Ritel Aktif (5M - 50M),Sepi (< 50%),Mark-Down (Fase Runtuh),Normal,Normal,Turun 2 Hari Beruntun,TP: 763 | CL: 649,Normal,Tidak Ideal (< 1:1),2,WAIT & SEE,TIDAK ADA,2026-07-27 11:56:13
DOOH,Mid Cap (Lapis 2),Overvalued (Mahal),60.843376,6.2855897,202.0,134,102,206,16.091954022988507,180427200,Tembus MA20,77,Positif,Uptrend,Bullish,Strong Bullish,Akumulasi Kuat,Akumulasi (Naik),Gap Up (+2.9%),Dominan Beli (Hajar Kanan),Breakout Upper,Tinggi,Normal,Rawan Pucuk (High Risk),> 1 Miliar,Di Atas VWAP (Kuat),Akumulasi Pro (Smart Money),Ritel Aktif (5M - 50M),Anomali Tinggi (150-300%),Mark-Up (Fase Pesta),Normal,Normal,Naik 1 Hari Beruntun,TP: 224 | CL: 187,Normal,Tidak Ideal (< 1:1),10,BELI,TIDAK ADA,2026-07-27 11:56:13
DILD,Mid Cap (Lapis 2),Fair Value (Wajar),21.217712,0.21106146,115.0,113,105,122,0.0,1709400,Normal,50,Negatif,Uptrend,Bullish,Strong Bullish,Normal,Akumulasi (Naik),Normal,Seimbang / Adu Mekanik,Normal,Sedang,Normal,Area Tengah,< 1 Miliar,Persis di VWAP,Akumulasi Pro (Smart Money),Gorengan Sepi (< 5M),Sepi (< 50%),Accumulation (Kumpul Barang),Spesialis Tiang Jemuran (Banting Pucuk),Normal,Sideways / Stagnan,TP: 120 | CL: 111,Open = High (Tekanan Jual),Tidak Ideal (< 1:1),4,WAIT & SEE,TIDAK ADA,2026-07-27 11:56:13
KJEN,Small Cap (Lapis 3),Fair Value (Wajar),0.0,1.0413413,130.0,119,98,146,5.691056910569105,13199500,Normal,57,Positif,Uptrend,Bullish,Strong Bullish,Normal,Distribusi (Turun),Gap Up (+3.3%),Seimbang / Adu Mekanik,Normal,Tinggi,Normal,Rawan Pucuk (High Risk),> 1 Miliar,Di Atas VWAP (Kuat),Distribusi Pro (Guyuran),Gorengan Sepi (< 5M),Normal (50-150%),Accumulation (Kumpul Barang),Spesialis Tiang Jemuran (Banting Pucuk),Normal,Naik 1 Hari Beruntun,TP: 147 | CL: 118,Normal,Tidak Ideal (< 1:1),6,WAIT & SEE,TIDAK ADA,2026-07-27 11:56:13
MSJA,Mid Cap (Lapis 2),Overvalued (Mahal),20.743034,26800.0,402.0,408,368,424,0.0,13691700,Tembus MA20,44,Negatif,Downtrend,Death Cross,Bullish MACD,Normal,Akumulasi (Naik),Normal,Seimbang / Adu Mekanik,Squeeze,Rendah,Normal,Area Tengah,> 1 Miliar,Di Bawah VWAP (Lemah),Akumulasi Pro (Smart Money),Ritel Aktif (5M - 50M),Normal (50-150%),Distribution (Fase Jualan),Solid (Jarang Dibanting),Normal,Sideways / Stagnan,TP: 419 | CL: 390,Normal,Tidak Ideal (< 1:1),3,WAIT & SEE,TIDAK ADA,2026-07-27 11:56:14
UNIQ,Small Cap (Lapis 3),Overvalued (Mahal),46.98276,0.7490482,109.0,106,97,115,0.9259259259259258,148600,Normal,54,Positif,Uptrend,Bullish,Strong Bullish,Normal,Akumulasi (Naik),Normal,Dominan Jual (Guyur),Normal,Tinggi,Normal,Rawan Pucuk (High Risk),< 1 Miliar,Di Bawah VWAP (Lemah),Akumulasi Pro (Smart Money),Gorengan Sepi (< 5M),Sepi (< 50%),Mark-Up (Fase Pesta),Spesialis Tiang Jemuran (Banting Pucuk),Normal,Naik 1 Hari Beruntun,TP: 117 | CL: 103,Open = Low (Bullish Kuat),Tidak Ideal (< 1:1),6,WAIT & SEE,TIDAK ADA,2026-07-27 11:56:14
MPPA,Mid Cap (Lapis 2),Fair Value (Wajar),0.0,-261.1111,47.0,46,44,49,0.0,2784300,Normal,51,Negatif,Uptrend,Bullish,Strong Bullish,Normal,Netral,Normal,Tidak Ada Transaksi,Normal,Sedang,Doji (Ragu-ragu),Area Tengah,< 1 Miliar,Persis di VWAP,Akumulasi Pro (Smart Money),Gorengan Sepi (< 5M),Sepi (< 50%),Mark-Up (Fase Pesta),Normal,Normal,Sideways / Stagnan,TP: 48 | CL: 46,Normal,Tidak Ideal (< 1:1),4,WAIT & SEE,TIDAK ADA,2026-07-27 11:56:14
WBSA,Mid Cap (Lapis 2),Fair Value (Wajar),0.0,0.0,600.0,630,580,695,-2.4390243902439024,5638900,Normal,38,Negatif,Downtrend,Bearish,Bullish MACD,Normal,Distribusi (Turun),Normal,Seimbang / Adu Mekanik,Bottom Rebound,Sedang,Normal,Area Tengah,> 1 Miliar,Di Bawah VWAP (Lemah),Akumulasi Pro (Smart Money),Ritel Aktif (5M - 50M),Sepi (< 50%),Mark-Down (Fase Runtuh),Spesialis Tiang Jemuran (Banting Pucuk),Normal,Turun 1 Hari Beruntun,TP: 651 | CL: 565,Normal,Sangat Menarik (> 1:3),1,WAIT & SEE,TIDAK ADA,2026-07-27 11:56:14
WIFI,Big Cap (Lapis 1),Fair Value (Wajar),16.796293,1.4437876,2030.0,1825,1508,2150,4.639175257731959,13702900,Normal,62,Positif,Uptrend,Bullish,Strong Bullish,Normal,Distribusi (Turun),Normal,Dominan Beli (Hajar Kanan),Normal,Tinggi,Marubozu (Strong Bullish),Rawan Pucuk (High Risk),> 1 Miliar,Persis di VWAP,Distribusi Pro (Guyuran),Ritel Aktif (5M - 50M),Sepi (< 50%),Mark-Up (Fase Pesta),Spesialis Tiang Jemuran (Banting Pucuk),Normal,Naik 1 Hari Beruntun,TP: 2179 | CL: 1930,Open = Low (Bullish Kuat),Tidak Ideal (< 1:1),6,WAIT & SEE,TIDAK ADA,2026-07-27 11:56:14
GTSI,Mid Cap (Lapis 2),Overvalued (Mahal),0.0,51000.0,153.0,136,115,168,0.6578947368421052,12784600,Normal,57,Positif,Uptrend,Bullish,Strong Bullish,Normal,Akumulasi (Naik),Normal,Dominan Beli (Hajar Kanan),Normal,Tinggi,Normal,Rawan Pucuk (High Risk),> 1 Miliar,Di Bawah VWAP (Lemah),Akumulasi Pro (Smart Money),Ritel Aktif (5M - 50M),Sepi (< 50%),Accumulation (Kumpul Barang),Spesialis Tiang Jemuran (Banting Pucuk),Jarum Bawah (Sinyal Pantulan Kuat),Naik 1 Hari Beruntun,TP: 168 | CL: 142,Normal,Tidak Ideal (< 1:1),7,BELI,TIDAK ADA,2026-07-27 11:56:14
OASA,Mid Cap (Lapis 2),Overvalued (Mahal),0.0,3.9158332,332.0,297,228,380,-0.5988023952095809,7965600,Normal,58,Negatif,Uptrend,Bullish,Strong Bullish,Normal,Akumulasi (Naik),Normal,Dominan Beli (Hajar Kanan),Normal,Tinggi,Normal,Rawan Pucuk (High Risk),> 1 Miliar,Di Bawah VWAP (Lemah),Akumulasi Pro (Smart Money),Ritel Aktif (5M - 50M),Sepi (< 50%),Accumulation (Kumpul Barang),Normal,Jarum Bawah (Sinyal Pantulan Kuat),Turun 3 Hari Beruntun,TP: 368 | CL: 307,Normal,Tidak Ideal (< 1:1),6,WAIT & SEE,TIDAK ADA,2026-07-27 11:56:15
MEDS,Small Cap (Lapis 3),Fair Value (Wajar),0.0,2.4743726,78.0,76,61,97,2.631578947368421,19037500,Normal,50,Positif,Uptrend,Bullish,Strong Bullish,Normal,Akumulasi (Naik),Normal,Dominan Beli (Hajar Kanan),Normal,Tinggi,Hammer (Potensi Reversal),Rawan Pucuk (High Risk),> 1 Miliar,Di Bawah VWAP (Lemah),Distribusi Pro (Guyuran),Gorengan Sepi (< 5M),Sepi (< 50%),Accumulation (Kumpul Barang),Spesialis Tiang Jemuran (Banting Pucuk),Jarum Bawah (Sinyal Pantulan Kuat),Naik 1 Hari Beruntun,TP: 89 | CL: 70,Normal,Menengah (1:1),6,WAIT & SEE,TIDAK ADA,2026-07-27 11:56:15
MIDI,Mid Cap (Lapis 2),Fair Value (Wajar),10.717039,1.9334558,280.0,282,258,296,-0.7092198581560284,789600,Normal,46,Negatif,Downtrend,Bullish,Strong Bullish,Normal,Distribusi (Turun),Normal,Seimbang / Adu Mekanik,Normal,Sedang,Normal,Area Tengah,< 1 Miliar,Di Bawah VWAP (Lemah),Akumulasi Pro (Smart Money),Gorengan Sepi (< 5M),Sepi (< 50%),Mark-Down (Fase Runtuh),Normal,Normal,Turun 4 Hari Beruntun,TP: 293 | CL: 271,Normal,Tidak Ideal (< 1:1),2,WAIT & SEE,TIDAK ADA,2026-07-27 11:56:15
ADRO,Big Cap (Lapis 1),Overvalued (Mahal),8.160213,14764.706,2500.0,2420,2240,2590,-1.574803149606299,12258700,Normal,58,Negatif,Uptrend,Bullish,Strong Bullish,Normal,Distribusi (Turun),Normal,Dominan Jual (Guyur),Normal,Tinggi,Normal,Rawan Pucuk (High Risk),> 1 Miliar,Di Bawah VWAP (Lemah),Distribusi Pro (Guyuran),Sultan (> 50M/hari),Sepi (< 50%),Mark-Up (Fase Pesta),Normal,Normal,Turun 1 Hari Beruntun,TP: 2598 | CL: 2434,Normal,Tidak Ideal (< 1:1),4,WAIT & SEE,TIDAK ADA,2026-07-27 11:56:15
UNVR,Big Cap (Lapis 1),Overvalued (Mahal),17.411911,9.784906,1690.0,1723,1655,1845,0.2967359050445104,2761800,Normal,50,Positif,Downtrend,Bearish,Bearish MACD,Normal,Distribusi (Turun),Normal,Seimbang / Adu Mekanik,Normal,Sedang,Doji (Ragu-ragu),Dekat Support (Low Risk),> 1 Miliar,Persis di VWAP,Distribusi Pro (Guyuran),Ritel Aktif (5M - 50M),Sepi (< 50%),Distribution (Fase Jualan),Normal,Jarum Bawah (Sinyal Pantulan Kuat),Naik 2 Hari Beruntun,TP: 1745 | CL: 1653,Normal,Sangat Menarik (> 1:3),1,WAIT & SEE,TIDAK ADA,2026-07-27 11:56:15
KETR,Mid Cap (Lapis 2),Undervalued (Murah),9.520572,1.3142763,565.0,529,462,610,0.0,4411500,Normal,56,Negatif,Uptrend,Bullish,Strong Bullish,Normal,Akumulasi (Naik),Normal,Seimbang / Adu Mekanik,Normal,Tinggi,Normal,Rawan Pucuk (High Risk),> 1 Miliar,Di Bawah VWAP (Lemah),Akumulasi Pro (Smart Money),Ritel Aktif (5M - 50M),Sepi (< 50%),Accumulation (Kumpul Barang),Spesialis Tiang Jemuran (Banting Pucuk),Jarum Bawah (Sinyal Pantulan Kuat),Sideways / Stagnan,TP: 605 | CL: 537,Normal,Tidak Ideal (< 1:1),5,WAIT & SEE,TIDAK ADA,2026-07-27 11:56:16
HATM,Mid Cap (Lapis 2),Overvalued (Mahal),75.4591,2.4374197,454.0,429,350,480,-2.9914529914529915,4952800,Normal,60,Negatif,Uptrend,Bullish,Bearish MACD,Normal,Akumulasi (Naik),Normal,Seimbang / Adu Mekanik,Normal,Tinggi,Normal,Rawan Pucuk (High Risk),> 1 Miliar,Persis di VWAP,Akumulasi Pro (Smart Money),Ritel Aktif (5M - 50M),Sepi (< 50%),Mark-Up (Fase Pesta),Solid (Jarang Dibanting),Normal,Turun 2 Hari Beruntun,TP: 495 | CL: 426,Open = High (Tekanan Jual),Tidak Ideal (< 1:1),4,WAIT & SEE,TIDAK ADA,2026-07-27 11:56:16
UNTD,Small Cap (Lapis 3),Fair Value (Wajar),0.0,0.96926224,80.0,75,68,86,1.2658227848101267,6932400,Normal,63,Positif,Uptrend,Bullish,Strong Bullish,Normal,Akumulasi (Naik),Normal,Seimbang / Adu Mekanik,Normal,Tinggi,Doji (Ragu-ragu),Rawan Pucuk (High Risk),< 1 Miliar,Persis di VWAP,Distribusi Pro (Guyuran),Gorengan Sepi (< 5M),Sepi (< 50%),Mark-Up (Fase Pesta),Spesialis Tiang Jemuran (Banting Pucuk),Normal,Naik 1 Hari Beruntun,TP: 87 | CL: 75,Normal,Tidak Ideal (< 1:1),6,WAIT & SEE,TIDAK ADA,2026-07-27 11:56:16
ELSA,Mid Cap (Lapis 2),Undervalued (Murah),6.729407,0.88211495,660.0,623,505,705,-0.7518796992481203,11708300,Normal,59,Negatif,Uptrend,Bullish,Strong Bullish,Normal,Akumulasi (Naik),Normal,Seimbang / Adu Mekanik,Normal,Tinggi,Normal,Rawan Pucuk (High Risk),> 1 Miliar,Di Bawah VWAP (Lemah),Akumulasi Pro (Smart Money),Ritel Aktif (5M - 50M),Sepi (< 50%),Mark-Up (Fase Pesta),Solid (Jarang Dibanting),Normal,Turun 2 Hari Beruntun,TP: 699 | CL: 633,Open = High (Tekanan Jual),Tidak Ideal (< 1:1),5,WAIT & SEE,TIDAK ADA,2026-07-27 11:56:16
NPGF,Small Cap (Lapis 3),Overvalued (Mahal),2900.0,0.78101856,58.0,57,51,62,0.0,21742900,Tembus MA20,47,Negatif,Uptrend,Bullish,Bullish MACD,Normal,Distribusi (Turun),Normal,Seimbang / Adu Mekanik,Squeeze,Rendah,Doji (Ragu-ragu),Rawan Pucuk (High Risk),> 1 Miliar,Persis di VWAP,Akumulasi Pro (Smart Money),Gorengan Sepi (< 5M),Normal (50-150%),Accumulation (Kumpul Barang),Spesialis Tiang Jemuran (Banting Pucuk),Jarum Bawah (Sinyal Pantulan Kuat),Sideways / Stagnan,TP: 62 | CL: 55,Normal,Tidak Ideal (< 1:1),4,WAIT & SEE,TIDAK ADA,2026-07-27 11:56:16
BIPP,Small Cap (Lapis 3),Fair Value (Wajar),0.0,0.4153673,65.0,63,51,78,0.0,8501600,Normal,52,Negatif,Uptrend,Bullish,Strong Bullish,Normal,Distribusi (Turun),Normal,Seimbang / Adu Mekanik,Normal,Tinggi,Doji (Ragu-ragu),Rawan Pucuk (High Risk),< 1 Miliar,Di Bawah VWAP (Lemah),Distribusi Pro (Guyuran),Gorengan Sepi (< 5M),Sepi (< 50%),Mark-Up (Fase Pesta),Spesialis Tiang Jemuran (Banting Pucuk),Jarum Bawah (Sinyal Pantulan Kuat),Sideways / Stagnan,TP: 75 | CL: 58,Normal,Tidak Ideal (< 1:1),4,WAIT & SEE,TIDAK ADA,2026-07-27 11:56:16
ICON,Small Cap (Lapis 3),Fair Value (Wajar),0.0,0.7620051,107.0,105,96,117,4.901960784313726,47838300,Tembus MA20,52,Positif,Uptrend,Bearish,Bullish MACD,Akumulasi Kuat,Akumulasi (Naik),Normal,Seimbang / Adu Mekanik,Squeeze,Rendah,Normal,Rawan Pucuk (High Risk),> 1 Miliar,Di Atas VWAP (Kuat),Akumulasi Pro (Smart Money),Gorengan Sepi (< 5M),Ledakan Ekstrem (> 300%),Accumulation (Kumpul Barang),Normal,Normal,Naik 1 Hari Beruntun,TP: 114 | CL: 102,Normal,Tidak Ideal (< 1:1),7,BELI,TIDAK ADA,2026-07-27 11:56:17
INDY,Big Cap (Lapis 1),Overvalued (Mahal),70.35176,10956.521,2510.0,2193,1760,2720,1.6194331983805668,10754800,Normal,62,Positif,Uptrend,Bullish,Strong Bullish,Normal,Distribusi (Turun),Normal,Dominan Jual (Guyur),Normal,Tinggi,Doji (Ragu-ragu),Rawan Pucuk (High Risk),> 1 Miliar,Di Bawah VWAP (Lemah),Distribusi Pro (Guyuran),Sultan (> 50M/hari),Sepi (< 50%),Accumulation (Kumpul Barang),Spesialis Tiang Jemuran (Banting Pucuk),Normal,Naik 1 Hari Beruntun,TP: 2742 | CL: 2355,Open = Low (Bullish Kuat),Tidak Ideal (< 1:1),5,WAIT & SEE,TIDAK ADA,2026-07-27 11:56:17
SEMA,Small Cap (Lapis 3),Undervalued (Murah),5.437582,0.7865801,95.0,92,88,109,0.0,32500,Normal,51,Negatif,Uptrend,Bullish,Bullish MACD,Normal,Distribusi (Turun),Normal,Seimbang / Adu Mekanik,Normal,Sedang,Doji (Ragu-ragu),Area Tengah,< 1 Miliar,Persis di VWAP,Akumulasi Pro (Smart Money),Gorengan Sepi (< 5M),Sepi (< 50%),Accumulation (Kumpul Barang),Spesialis Tiang Jemuran (Banting Pucuk),Jarum Bawah (Sinyal Pantulan Kuat),Sideways / Stagnan,TP: 101 | CL: 90,Normal,Ideal (1:2),4,WAIT & SEE,TIDAK ADA,2026-07-27 11:56:17
SSMS,Mid Cap (Lapis 2),Overvalued (Mahal),6.635748,3.3969502,925.0,852,675,990,-1.5957446808510638,7048900,Normal,63,Negatif,Uptrend,Bullish,Strong Bullish,Normal,Distribusi (Turun),Normal,Seimbang / Adu Mekanik,Normal,Tinggi,Normal,Rawan Pucuk (High Risk),> 1 Miliar,Di Bawah VWAP (Lemah),Distribusi Pro (Guyuran),Ritel Aktif (5M - 50M),Normal (50-150%),Mark-Up (Fase Pesta),Normal,Normal,Turun 1 Hari Beruntun,TP: 988 | CL: 882,Normal,Tidak Ideal (< 1:1),4,WAIT & SEE,TIDAK ADA,2026-07-27 11:56:17
SDMU,Small Cap (Lapis 3),Fair Value (Wajar),0.0,2.2431324,77.0,81,73,91,-1.282051282051282,6052000,Normal,43,Negatif,Downtrend,Death Cross,Strong Bearish,Normal,Distribusi (Turun),Normal,Dominan Beli (Hajar Kanan),Bottom Rebound,Sedang,Hammer (Potensi Reversal),Area Tengah,< 1 Miliar,Di Bawah VWAP (Lemah),Distribusi Pro (Guyuran),Gorengan Sepi (< 5M),Sepi (< 50%),Distribution (Fase Jualan),Spesialis Tiang Jemuran (Banting Pucuk),Jarum Bawah (Sinyal Pantulan Kuat),Turun 2 Hari Beruntun,TP: 83 | CL: 72,Open = High (Tekanan Jual),Sangat Menarik (> 1:3),1,WAIT & SEE,TIDAK ADA,2026-07-27 11:56:17
PIPA,Small Cap (Lapis 3),Overvalued (Mahal),0.0,6.3132687,116.0,117,94,133,-0.8547008547008548,7614400,Normal,48,Negatif,Downtrend,Bullish,Bearish MACD,Normal,Distribusi (Turun),Gap Down (-2.6%),Dominan Beli (Hajar Kanan),Normal,Tinggi,Normal,Rawan Pucuk (High Risk),< 1 Miliar,Di Bawah VWAP (Lemah),Akumulasi Pro (Smart Money),Ritel Aktif (5M - 50M),Sepi (< 50%),Distribution (Fase Jualan),Spesialis Tiang Jemuran (Banting Pucuk),Normal,Turun 2 Hari Beruntun,TP: 129 | CL: 106,Normal,Tidak Ideal (< 1:1),2,WAIT & SEE,TIDAK ADA,2026-07-27 11:56:18
EMDE,Small Cap (Lapis 3),Fair Value (Wajar),0.0,0.12811634,69.0,69,65,79,0.0,955700,Normal,51,Negatif,Downtrend,Bullish,Bearish MACD,Normal,Distribusi (Turun),Normal,Seimbang / Adu Mekanik,Normal,Sedang,Doji (Ragu-ragu),Area Tengah,< 1 Miliar,Di Bawah VWAP (Lemah),Distribusi Pro (Guyuran),Gorengan Sepi (< 5M),Sepi (< 50%),Distribution (Fase Jualan),Spesialis Tiang Jemuran (Banting Pucuk),Normal,Sideways / Stagnan,TP: 73 | CL: 65,Normal,Ideal (1:2),2,WAIT & SEE,TIDAK ADA,2026-07-27 11:56:18
BDKR,Small Cap (Lapis 3),Overvalued (Mahal),27.09091,0.86989516,149.0,145,136,152,1.3605442176870748,5769600,Normal,56,Positif,Uptrend,Bullish,Strong Bullish,Normal,Akumulasi (Naik),Normal,Dominan Beli (Hajar Kanan),Normal,Sedang,Normal,Area Tengah,< 1 Miliar,Persis di VWAP,Akumulasi Pro (Smart Money),Gorengan Sepi (< 5M),Sepi (< 50%),Mark-Up (Fase Pesta),Normal,Normal,Naik 1 Hari Beruntun,TP: 155 | CL: 144,Normal,Tidak Ideal (< 1:1),7,BELI,TIDAK ADA,2026-07-27 11:56:18
DFAM,Small Cap (Lapis 3),Overvalued (Mahal),0.0,16.399769,85.0,82,78,103,1.1904761904761905,1954400,Normal,48,Positif,Uptrend,Bullish,Bullish MACD,Normal,Akumulasi (Naik),Normal,Dominan Beli (Hajar Kanan),Normal,Sedang,Normal,Area Tengah,< 1 Miliar,Di Bawah VWAP (Lemah),Distribusi Pro (Guyuran),Ritel Aktif (5M - 50M),Sepi (< 50%),Accumulation (Kumpul Barang),Spesialis Tiang Jemuran (Banting Pucuk),Normal,Naik 1 Hari Beruntun,TP: 92 | CL: 79,Normal,Ideal (1:2),6,WAIT & SEE,TIDAK ADA,2026-07-27 11:56:18
MGNA,Small Cap (Lapis 3),Overvalued (Mahal),2.553995,11.418642,92.0,90,77,103,0.0,376900,Normal,49,Negatif,Uptrend,Bullish,Bullish MACD,Normal,Akumulasi (Naik),Normal,Dominan Jual (Guyur),Normal,Sedang,Doji (Ragu-ragu),Rawan Pucuk (High Risk),< 1 Miliar,Di Bawah VWAP (Lemah),Distribusi Pro (Guyuran),Gorengan Sepi (< 5M),Sepi (< 50%),Accumulation (Kumpul Barang),Spesialis Tiang Jemuran (Banting Pucuk),Normal,Sideways / Stagnan,TP: 100 | CL: 86,Normal,Tidak Ideal (< 1:1),4,WAIT & SEE,TIDAK ADA,2026-07-27 11:56:18
GSMF,Mid Cap (Lapis 2),Fair Value (Wajar),18.333332,0.5082328,88.0,84,75,113,2.3255813953488373,971200,Normal,53,Positif,Uptrend,Bullish,Strong Bullish,Normal,Akumulasi (Naik),Normal,Dominan Beli (Hajar Kanan),Normal,Tinggi,Normal,Rawan Pucuk (High Risk),< 1 Miliar,Di Bawah VWAP (Lemah),Distribusi Pro (Guyuran),Gorengan Sepi (< 5M),Sepi (< 50%),Accumulation (Kumpul Barang),Normal,Normal,Naik 1 Hari Beruntun,TP: 97 | CL: 81,Normal,Ideal (1:2),7,BELI,TIDAK ADA,2026-07-27 11:56:18
PGEO,Big Cap (Lapis 1),Overvalued (Mahal),15.938794,20000.0,1005.0,966,810,1050,2.030456852791878,7579300,Normal,59,Positif,Uptrend,Bullish,Strong Bullish,Normal,Akumulasi (Naik),Normal,Dominan Beli (Hajar Kanan),Normal,Tinggi,Normal,Rawan Pucuk (High Risk),> 1 Miliar,Di Bawah VWAP (Lemah),Distribusi Pro (Guyuran),Ritel Aktif (5M - 50M),Sepi (< 50%),Mark-Up (Fase Pesta),Normal,Normal,Naik 1 Hari Beruntun,TP: 1066 | CL: 963,Normal,Tidak Ideal (< 1:1),7,BELI,TIDAK ADA,2026-07-27 11:56:19
OILS,Small Cap (Lapis 3),Fair Value (Wajar),0.0,1.0527531,228.0,209,175,280,-8.799999999999999,17839000,Normal,56,Negatif,Uptrend,Bullish,Strong Bullish,Normal,Akumulasi (Naik),Normal,Dominan Jual (Guyur),Normal,Tinggi,Normal,Rawan Pucuk (High Risk),> 1 Miliar,Di Bawah VWAP (Lemah),Distribusi Pro (Guyuran),Ritel Aktif (5M - 50M),Normal (50-150%),Mark-Up (Fase Pesta),Normal,Normal,Turun 1 Hari Beruntun,TP: 259 | CL: 207,Open = High (Tekanan Jual),Tidak Ideal (< 1:1),5,WAIT & SEE,TIDAK ADA,2026-07-27 11:56:19
OPMS,Small Cap (Lapis 3),Fair Value (Wajar),0.0,1.1367775,102.0,99,85,118,3.0303030303030303,6785000,Normal,54,Positif,Uptrend,Bullish,Strong Bullish,Normal,Distribusi (Turun),Normal,Seimbang / Adu Mekanik,Normal,Tinggi,Normal,Rawan Pucuk (High Risk),< 1 Miliar,Di Bawah VWAP (Lemah),Distribusi Pro (Guyuran),Gorengan Sepi (< 5M),Sepi (< 50%),Accumulation (Kumpul Barang),Spesialis Tiang Jemuran (Banting Pucuk),Normal,Naik 1 Hari Beruntun,TP: 111 | CL: 95,Normal,Tidak Ideal (< 1:1),5,WAIT & SEE,TIDAK ADA,2026-07-27 11:56:19
RMKE,Mid Cap (Lapis 2),Overvalued (Mahal),38.96336,4.861893,436.0,437,402,514,2.8301886792452833,78267600,Normal,47,Positif,Downtrend,Bearish,Bullish MACD,Normal,Akumulasi (Naik),Normal,Dominan Beli (Hajar Kanan),Normal,Tinggi,Normal,Area Tengah,> 1 Miliar,Di Atas VWAP (Kuat),Distribusi Pro (Guyuran),Ritel Aktif (5M - 50M),Normal (50-150%),Mark-Down (Fase Runtuh),Spesialis Tiang Jemuran (Banting Pucuk),Normal,Naik 3 Hari Beruntun,TP: 484 | CL: 403,Normal,Ideal (1:2),4,WAIT & SEE,TIDAK ADA,2026-07-27 11:56:19
SNLK,Small Cap (Lapis 3),Fair Value (Wajar),0.0,0.62550616,224.0,222,214,232,2.7522935779816518,6817100,Normal,50,Positif,Uptrend,Bullish,Bullish MACD,Normal,Akumulasi (Naik),Normal,Dominan Beli (Hajar Kanan),Squeeze,Rendah,Normal,Area Tengah,> 1 Miliar,Persis di VWAP,Distribusi Pro (Guyuran),Gorengan Sepi (< 5M),Normal (50-150%),Accumulation (Kumpul Barang),Normal,Normal,Naik 1 Hari Beruntun,TP: 237 | CL: 215,Open = Low (Bullish Kuat),Tidak Ideal (< 1:1),6,WAIT & SEE,TIDAK ADA,2026-07-27 11:56:19
PSKT,Mid Cap (Lapis 2),Overvalued (Mahal),0.0,6.814967,212.0,195,162,226,1.9230769230769231,1116200,Normal,59,Positif,Uptrend,Bullish,Strong Bullish,Normal,Akumulasi (Naik),Normal,Seimbang / Adu Mekanik,Normal,Tinggi,Normal,Rawan Pucuk (High Risk),< 1 Miliar,Di Bawah VWAP (Lemah),Akumulasi Pro (Smart Money),Gorengan Sepi (< 5M),Sepi (< 50%),Accumulation (Kumpul Barang),Spesialis Tiang Jemuran (Banting Pucuk),Normal,Naik 1 Hari Beruntun,TP: 225 | CL: 203,Open = Low (Bullish Kuat),Tidak Ideal (< 1:1),6,WAIT & SEE,TIDAK ADA,2026-07-27 11:56:20
KAQI,Small Cap (Lapis 3),Fair Value (Wajar),0.0,1.4729266,88.0,86,77,99,0.0,5149400,Normal,49,Negatif,Uptrend,Bullish,Strong Bullish,Normal,Akumulasi (Naik),Normal,Seimbang / Adu Mekanik,Normal,Tinggi,Doji (Ragu-ragu),Rawan Pucuk (High Risk),< 1 Miliar,Di Bawah VWAP (Lemah),Akumulasi Pro (Smart Money),Gorengan Sepi (< 5M),Sepi (< 50%),Accumulation (Kumpul Barang),Solid (Jarang Dibanting),Jarum Bawah (Sinyal Pantulan Kuat),Sideways / Stagnan,TP: 95 | CL: 83,Normal,Menengah (1:1),4,WAIT & SEE,TIDAK ADA,2026-07-27 11:56:20
DKHH,Small Cap (Lapis 3),Fair Value (Wajar),0.0,0.7991738,65.0,61,57,72,4.838709677419355,11943300,Normal,58,Positif,Uptrend,Bullish,Strong Bullish,Normal,Akumulasi (Naik),Normal,Dominan Beli (Hajar Kanan),Normal,Tinggi,Normal,Rawan Pucuk (High Risk),< 1 Miliar,Di Atas VWAP (Kuat),Akumulasi Pro (Smart Money),Gorengan Sepi (< 5M),Normal (50-150%),Mark-Up (Fase Pesta),Spesialis Tiang Jemuran (Banting Pucuk),Normal,Naik 1 Hari Beruntun,TP: 71 | CL: 60,Normal,Tidak Ideal (< 1:1),7,BELI,TIDAK ADA,2026-07-27 11:56:20
PTBA,Big Cap (Lapis 1),Undervalued (Murah),8.140457,1.1547055,2360.0,2375,2250,2460,-1.2552301255230125,4009500,Normal,41,Negatif,Downtrend,Bullish,Bullish MACD,Normal,Distribusi (Turun),Normal,Dominan Jual (Guyur),Normal,Sedang,Normal,Area Tengah,> 1 Miliar,Di Bawah VWAP (Lemah),Distribusi Pro (Guyuran),Ritel Aktif (5M - 50M),Sepi (< 50%),Mark-Down (Fase Runtuh),Normal,Normal,Turun 2 Hari Beruntun,TP: 2428 | CL: 2314,Open = High (Tekanan Jual),Tidak Ideal (< 1:1),2,WAIT & SEE,TIDAK ADA,2026-07-27 11:56:20
SIDO,Big Cap (Lapis 1),Overvalued (Mahal),9.5730915,3.3431218,370.0,375,362,390,-0.5376344086021506,5003700,Normal,40,Negatif,Downtrend,Bearish,Bullish MACD,Normal,Distribusi (Turun),Normal,Seimbang / Adu Mekanik,Squeeze,Rendah,Normal,Dekat Support (Low Risk),> 1 Miliar,Di Bawah VWAP (Lemah),Distribusi Pro (Guyuran),Ritel Aktif (5M - 50M),Sepi (< 50%),Mark-Down (Fase Runtuh),Normal,Normal,Turun 5 Hari Beruntun,TP: 379 | CL: 363,Open = High (Tekanan Jual),Ideal (1:2),1,WAIT & SEE,TIDAK ADA,2026-07-27 11:56:20
SMGR,Mid Cap (Lapis 2),Overvalued (Mahal),42.87812,0.22582114,1455.0,1454,1380,1550,0.0,2736300,Normal,44,Negatif,Uptrend,Bullish,Bullish MACD,Normal,Distribusi (Turun),Normal,Seimbang / Adu Mekanik,Normal,Sedang,Normal,Area Tengah,> 1 Miliar,Di Bawah VWAP (Lemah),Distribusi Pro (Guyuran),Ritel Aktif (5M - 50M),Sepi (< 50%),Accumulation (Kumpul Barang),Spesialis Tiang Jemuran (Banting Pucuk),Normal,Sideways / Stagnan,TP: 1522 | CL: 1410,Normal,Menengah (1:1),3,WAIT & SEE,TIDAK ADA,2026-07-27 11:56:20
ADMR,Big Cap (Lapis 1),Overvalued (Mahal),11.824325,37625.0,1500.0,1470,1330,1625,1.3513513513513513,6294600,Normal,50,Positif,Uptrend,Bullish,Strong Bullish,Normal,Akumulasi (Naik),Normal,Seimbang / Adu Mekanik,Normal,Tinggi,Normal,Rawan Pucuk (High Risk),> 1 Miliar,Di Bawah VWAP (Lemah),Distribusi Pro (Guyuran),Ritel Aktif (5M - 50M),Sepi (< 50%),Accumulation (Kumpul Barang),Spesialis Tiang Jemuran (Banting Pucuk),Normal,Naik 1 Hari Beruntun,TP: 1582 | CL: 1445,Normal,Tidak Ideal (< 1:1),5,WAIT & SEE,TIDAK ADA,2026-07-27 11:56:21
CITY,Small Cap (Lapis 3),Overvalued (Mahal),43.556698,1.0246646,169.0,165,152,194,1.8072289156626504,132500,Normal,53,Positif,Uptrend,Bullish,Strong Bullish,Normal,Distribusi (Turun),Normal,Seimbang / Adu Mekanik,Normal,Tinggi,Normal,Rawan Pucuk (High Risk),< 1 Miliar,Di Bawah VWAP (Lemah),Distribusi Pro (Guyuran),Gorengan Sepi (< 5M),Sepi (< 50%),Mark-Up (Fase Pesta),Spesialis Tiang Jemuran (Banting Pucuk),Normal,Naik 1 Hari Beruntun,TP: 184 | CL: 158,Open = Low (Bullish Kuat),Menengah (1:1),5,WAIT & SEE,TIDAK ADA,2026-07-27 11:56:21
HAJJ,Small Cap (Lapis 3),Fair Value (Wajar),0.0,1.1397587,103.0,102,96,114,1.9801980198019802,5170100,Normal,48,Positif,Uptrend,Bullish,Bullish MACD,Normal,Akumulasi (Naik),Normal,Seimbang / Adu Mekanik,Normal,Sedang,Normal,Area Tengah,< 1 Miliar,Di Bawah VWAP (Lemah),Distribusi Pro (Guyuran),Gorengan Sepi (< 5M),Normal (50-150%),Accumulation (Kumpul Barang),Normal,Normal,Naik 1 Hari Beruntun,TP: 110 | CL: 98,Open = Low (Bullish Kuat),Ideal (1:2),5,WAIT & SEE,TIDAK ADA,2026-07-27 11:56:21
LAJU,Small Cap (Lapis 3),Fair Value (Wajar),0.0,1.0301763,65.0,66,61,78,-1.5151515151515151,9455300,Normal,48,Negatif,Downtrend,Bullish,Strong Bullish,Normal,Distribusi (Turun),Normal,Dominan Beli (Hajar Kanan),Normal,Sedang,Hammer (Potensi Reversal),Area Tengah,< 1 Miliar,Di Bawah VWAP (Lemah),Akumulasi Pro (Smart Money),Gorengan Sepi (< 5M),Sepi (< 50%),Distribution (Fase Jualan),Spesialis Tiang Jemuran (Banting Pucuk),Jarum Bawah (Sinyal Pantulan Kuat),Turun 2 Hari Beruntun,TP: 71 | CL: 60,Open = High (Tekanan Jual),Sangat Menarik (> 1:3),3,WAIT & SEE,TIDAK ADA,2026-07-27 11:56:21
DPUM,Small Cap (Lapis 3),Fair Value (Wajar),0.0,1.1877049,100.0,96,85,109,0.0,2036400,Normal,42,Negatif,Uptrend,Bullish,Bullish MACD,Normal,Akumulasi (Naik),Normal,Seimbang / Adu Mekanik,Normal,Tinggi,Normal,Rawan Pucuk (High Risk),< 1 Miliar,Di Bawah VWAP (Lemah),Distribusi Pro (Guyuran),Gorengan Sepi (< 5M),Sepi (< 50%),Accumulation (Kumpul Barang),Spesialis Tiang Jemuran (Banting Pucuk),Normal,Sideways / Stagnan,TP: 108 | CL: 94,Normal,Tidak Ideal (< 1:1),4,WAIT & SEE,TIDAK ADA,2026-07-27 11:56:21
CPIN,Big Cap (Lapis 1),Undervalued (Murah),7.764509,1.4112965,3160.0,3146,3010,3400,-2.1671826625387,3913000,Normal,46,Negatif,Uptrend,Bullish,Bullish MACD,Normal,Akumulasi (Naik),Normal,Dominan Jual (Guyur),Normal,Sedang,Normal,Area Tengah,> 1 Miliar,Di Bawah VWAP (Lemah),Akumulasi Pro (Smart Money),Sultan (> 50M/hari),Sepi (< 50%),Accumulation (Kumpul Barang),Solid (Jarang Dibanting),Normal,Turun 2 Hari Beruntun,TP: 3266 | CL: 3089,Normal,Ideal (1:2),4,WAIT & SEE,TIDAK ADA,2026-07-27 11:56:22
IMPC,Big Cap (Lapis 1),Overvalued (Mahal),122.6645,27.683565,1510.0,1475,1275,1645,3.0716723549488054,3895000,Normal,48,Positif,Uptrend,Bullish,Bullish MACD,Normal,Distribusi (Turun),Normal,Dominan Beli (Hajar Kanan),Normal,Tinggi,Normal,Rawan Pucuk (High Risk),> 1 Miliar,Di Bawah VWAP (Lemah),Distribusi Pro (Guyuran),Ritel Aktif (5M - 50M),Sepi (< 50%),Accumulation (Kumpul Barang),Spesialis Tiang Jemuran (Banting Pucuk),Normal,Naik 1 Hari Beruntun,TP: 1616 | CL: 1439,Open = Low (Bullish Kuat),Tidak Ideal (< 1:1),5,WAIT & SEE,TIDAK ADA,2026-07-27 11:56:22
GMFI,Mid Cap (Lapis 2),Overvalued (Mahal),3.2238805,53999.996,54.0,52,50,55,0.0,20433300,Normal,55,Negatif,Uptrend,Bullish,Strong Bullish,Normal,Akumulasi (Naik),Normal,Dominan Beli (Hajar Kanan),Normal,Sedang,Doji (Ragu-ragu),Area Tengah,> 1 Miliar,Persis di VWAP,Akumulasi Pro (Smart Money),Gorengan Sepi (< 5M),Sepi (< 50%),Mark-Up (Fase Pesta),Solid (Jarang Dibanting),Jarum Bawah (Sinyal Pantulan Kuat),Sideways / Stagnan,TP: 56 | CL: 52,Normal,Tidak Ideal (< 1:1),6,WAIT & SEE,TIDAK ADA,2026-07-27 11:56:22
CTRA,Big Cap (Lapis 1),Undervalued (Murah),4.1911764,0.42971033,570.0,554,519,605,0.0,1956900,Normal,54,Negatif,Uptrend,Bullish,Strong Bullish,Normal,Akumulasi (Naik),Normal,Dominan Jual (Guyur),Normal,Tinggi,Normal,Area Tengah,> 1 Miliar,Di Bawah VWAP (Lemah),Distribusi Pro (Guyuran),Ritel Aktif (5M - 50M),Sepi (< 50%),Accumulation (Kumpul Barang),Normal,Normal,Sideways / Stagnan,TP: 597 | CL: 551,Open = High (Tekanan Jual),Tidak Ideal (< 1:1),5,WAIT & SEE,TIDAK ADA,2026-07-27 11:56:22
EMAS,Big Cap (Lapis 1),Overvalued (Mahal),0.0,247000.0,6200.0,5765,5300,6325,0.4048582995951417,7542500,Normal,52,Positif,Uptrend,Bullish,Bullish MACD,Normal,Akumulasi (Naik),Normal,Dominan Beli (Hajar Kanan),Breakout Upper,Sedang,Doji (Ragu-ragu),Rawan Pucuk (High Risk),> 1 Miliar,Di Atas VWAP (Kuat),Akumulasi Pro (Smart Money),Sultan (> 50M/hari),Sepi (< 50%),Accumulation (Kumpul Barang),Spesialis Tiang Jemuran (Banting Pucuk),Jarum Bawah (Sinyal Pantulan Kuat),Naik 4 Hari Beruntun,TP: 6561 | CL: 5958,Normal,Tidak Ideal (< 1:1),7,BELI,TIDAK ADA,2026-07-27 11:56:22
ANDI,Small Cap (Lapis 3),Fair Value (Wajar),0.0,1.5101938,18.0,17,16,19,0.0,198900,Normal,50,Negatif,Uptrend,Bullish,Strong Bullish,Normal,Distribusi (Turun),Normal,Tidak Ada Transaksi,Normal,Tinggi,Doji (Ragu-ragu),Rawan Pucuk (High Risk),< 1 Miliar,Di Bawah VWAP (Lemah),Akumulasi Pro (Smart Money),Gorengan Sepi (< 5M),Sepi (< 50%),Accumulation (Kumpul Barang),Normal,Normal,Sideways / Stagnan,TP: 18 | CL: 17,Normal,Tidak Ideal (< 1:1),3,WAIT & SEE,TIDAK ADA,2026-07-27 11:56:22
YOII,Small Cap (Lapis 3),Fair Value (Wajar),0.0,1.328291,85.0,86,77,93,0.0,1978000,Normal,47,Negatif,Downtrend,Bearish,Strong Bearish,Normal,Distribusi (Turun),Normal,Seimbang / Adu Mekanik,Squeeze,Rendah,Normal,Rawan Pucuk (High Risk),< 1 Miliar,Di Bawah VWAP (Lemah),Distribusi Pro (Guyuran),Gorengan Sepi (< 5M),Sepi (< 50%),Distribution (Fase Jualan),Normal,Normal,Sideways / Stagnan,TP: 91 | CL: 80,Open = Low (Bullish Kuat),Menengah (1:1),0,WAIT & SEE,TIDAK ADA,2026-07-27 11:56:23
SMRA,Mid Cap (Lapis 2),Undervalued (Murah),7.4499884,0.451685,326.0,296,266,344,-2.3952095808383236,3548300,Normal,67,Negatif,Uptrend,Bullish,Strong Bullish,Normal,Akumulasi (Naik),Normal,Seimbang / Adu Mekanik,Normal,Tinggi,Normal,Rawan Pucuk (High Risk),> 1 Miliar,Di Bawah VWAP (Lemah),Akumulasi Pro (Smart Money),Ritel Aktif (5M - 50M),Sepi (< 50%),Mark-Up (Fase Pesta),Normal,Normal,Turun 2 Hari Beruntun,TP: 341 | CL: 315,Open = High (Tekanan Jual),Tidak Ideal (< 1:1),5,WAIT & SEE,TIDAK ADA,2026-07-27 11:56:23
APLN,Mid Cap (Lapis 2),Undervalued (Murah),7.4116964,0.24711569,127.0,125,100,148,0.0,11892500,Normal,48,Negatif,Uptrend,Bullish,Strong Bullish,Normal,Akumulasi (Naik),Normal,Dominan Beli (Hajar Kanan),Normal,Tinggi,Normal,Rawan Pucuk (High Risk),> 1 Miliar,Di Bawah VWAP (Lemah),Distribusi Pro (Guyuran),Ritel Aktif (5M - 50M),Sepi (< 50%),Accumulation (Kumpul Barang),Spesialis Tiang Jemuran (Banting Pucuk),Jarum Bawah (Sinyal Pantulan Kuat),Sideways / Stagnan,TP: 141 | CL: 117,Normal,Tidak Ideal (< 1:1),5,WAIT & SEE,TIDAK ADA,2026-07-27 11:56:23
BRIS,Big Cap (Lapis 1),Fair Value (Wajar),10.758347,1.6718382,1840.0,1788,1660,1945,-0.27100271002710025,5845000,Normal,53,Negatif,Uptrend,Bullish,Strong Bullish,Normal,Distribusi (Turun),Normal,Seimbang / Adu Mekanik,Normal,Tinggi,Doji (Ragu-ragu),Rawan Pucuk (High Risk),> 1 Miliar,Di Bawah VWAP (Lemah),Akumulasi Pro (Smart Money),Ritel Aktif (5M - 50M),Sepi (< 50%),Accumulation (Kumpul Barang),Normal,Normal,Turun 2 Hari Beruntun,TP: 1920 | CL: 1786,Normal,Tidak Ideal (< 1:1),4,WAIT & SEE,TIDAK ADA,2026-07-27 11:56:23
ISAT,Big Cap (Lapis 1),Fair Value (Wajar),10.964416,1.6503847,1930.0,1881,1695,2050,-1.0256410256410255,2615500,Normal,55,Negatif,Uptrend,Bullish,Strong Bullish,Normal,Akumulasi (Naik),Normal,Seimbang / Adu Mekanik,Normal,Sedang,Normal,Rawan Pucuk (High Risk),> 1 Miliar,Persis di VWAP,Distribusi Pro (Guyuran),Ritel Aktif (5M - 50M),Sepi (< 50%),Accumulation (Kumpul Barang),Spesialis Tiang Jemuran (Banting Pucuk),Jarum Bawah (Sinyal Pantulan Kuat),Turun 1 Hari Beruntun,TP: 2018 | CL: 1871,Normal,Tidak Ideal (< 1:1),5,WAIT & SEE,TIDAK ADA,2026-07-27 11:56:23
SMDR,Mid Cap (Lapis 2),Overvalued (Mahal),5.4295278,8588.234,292.0,280,256,306,-1.3513513513513513,2782500,Normal,56,Negatif,Uptrend,Bullish,Strong Bullish,Normal,Akumulasi (Naik),Normal,Seimbang / Adu Mekanik,Normal,Tinggi,Normal,Rawan Pucuk (High Risk),< 1 Miliar,Di Bawah VWAP (Lemah),Distribusi Pro (Guyuran),Gorengan Sepi (< 5M),Sepi (< 50%),Accumulation (Kumpul Barang),Spesialis Tiang Jemuran (Banting Pucuk),Normal,Turun 2 Hari Beruntun,TP: 304 | CL: 283,Normal,Tidak Ideal (< 1:1),5,WAIT & SEE,TIDAK ADA,2026-07-27 11:56:24
MLPL,Mid Cap (Lapis 2),Fair Value (Wajar),0.0,0.29593632,95.0,86,75,109,1.0638297872340425,12244700,Normal,62,Positif,Uptrend,Bullish,Strong Bullish,Normal,Akumulasi (Naik),Normal,Dominan Beli (Hajar Kanan),Normal,Tinggi,Normal,Rawan Pucuk (High Risk),> 1 Miliar,Di Bawah VWAP (Lemah),Distribusi Pro (Guyuran),Ritel Aktif (5M - 50M),Sepi (< 50%),Mark-Up (Fase Pesta),Spesialis Tiang Jemuran (Banting Pucuk),Normal,Naik 1 Hari Beruntun,TP: 103 | CL: 89,Normal,Tidak Ideal (< 1:1),7,BELI,TIDAK ADA,2026-07-27 11:56:24
SQMI,Mid Cap (Lapis 2),Overvalued (Mahal),0.0,9.082533,70.0,59,36,83,-2.7777777777777777,6123300,Normal,63,Negatif,Uptrend,Bullish,Strong Bullish,Normal,Distribusi (Turun),Normal,Seimbang / Adu Mekanik,Normal,Tinggi,Normal,Rawan Pucuk (High Risk),< 1 Miliar,Di Bawah VWAP (Lemah),Distribusi Pro (Guyuran),Gorengan Sepi (< 5M),Sepi (< 50%),Mark-Up (Fase Pesta),Normal,Normal,Turun 1 Hari Beruntun,TP: 83 | CL: 60,Normal,Tidak Ideal (< 1:1),4,WAIT & SEE,TIDAK ADA,2026-07-27 11:56:24
TAXI,Small Cap (Lapis 3),Overvalued (Mahal),0.0,3.6383991,13.0,12,12,13,0.0,1288700,Normal,51,Negatif,Uptrend,Bullish,Bullish MACD,Normal,Akumulasi (Naik),Normal,Tidak Ada Transaksi,Normal,Tinggi,Doji (Ragu-ragu),Area Tengah,< 1 Miliar,Di Atas VWAP (Kuat),Distribusi Pro (Guyuran),Gorengan Sepi (< 5M),Sepi (< 50%),Accumulation (Kumpul Barang),Spesialis Tiang Jemuran (Banting Pucuk),Normal,Sideways / Stagnan,TP: 14 | CL: 12,Normal,Tidak Ideal (< 1:1),5,WAIT & SEE,TIDAK ADA,2026-07-27 11:56:24
TAPG,Big Cap (Lapis 1),Fair Value (Wajar),9.560965,2.8909996,1740.0,1577,1425,1760,0.8695652173913043,5239900,Normal,73,Positif,Uptrend,Bullish,Strong Bullish,Normal,Akumulasi (Naik),Normal,Seimbang / Adu Mekanik,Breakout Upper,Tinggi,Normal,Rawan Pucuk (High Risk),> 1 Miliar,Di Atas VWAP (Kuat),Akumulasi Pro (Smart Money),Ritel Aktif (5M - 50M),Sepi (< 50%),Mark-Up (Fase Pesta),Normal,Normal,Naik 1 Hari Beruntun,TP: 1816 | CL: 1688,Normal,Tidak Ideal (< 1:1),6,WAIT & SEE,TIDAK ADA,2026-07-27 11:56:24
BSML,Small Cap (Lapis 3),Overvalued (Mahal),156.01332,7.196959,520.0,514,476,535,0.9708737864077669,3098700,Normal,64,Positif,Uptrend,Bullish,Bearish MACD,Normal,Distribusi (Turun),Normal,Seimbang / Adu Mekanik,Normal,Sedang,Doji (Ragu-ragu),Area Tengah,> 1 Miliar,Persis di VWAP,Distribusi Pro (Guyuran),Ritel Aktif (5M - 50M),Sepi (< 50%),Mark-Up (Fase Pesta),Normal,Normal,Naik 1 Hari Beruntun,TP: 549 | CL: 500,Normal,Tidak Ideal (< 1:1),4,WAIT & SEE,TIDAK ADA,2026-07-27 11:56:25
NZIA,Small Cap (Lapis 3),Overvalued (Mahal),107.98479,0.6805459,142.0,142,127,159,1.4285714285714286,2113300,Normal,45,Positif,Downtrend,Bullish,Bullish MACD,Normal,Distribusi (Turun),Normal,Dominan Jual (Guyur),Normal,Sedang,Normal,Rawan Pucuk (High Risk),< 1 Miliar,Di Bawah VWAP (Lemah),Distribusi Pro (Guyuran),Gorengan Sepi (< 5M),Sepi (< 50%),Mark-Down (Fase Runtuh),Spesialis Tiang Jemuran (Banting Pucuk),Normal,Naik 1 Hari Beruntun,TP: 151 | CL: 135,Open = Low (Bullish Kuat),Menengah (1:1),3,WAIT & SEE,TIDAK ADA,2026-07-27 11:56:25
PRIM,Small Cap (Lapis 3),Fair Value (Wajar),0.0,0.38930002,107.0,95,85,110,2.8846153846153846,25491600,Tembus MA20,76,Positif,Uptrend,Bullish,Strong Bullish,Akumulasi Kuat,Akumulasi (Naik),Normal,Seimbang / Adu Mekanik,Breakout Upper,Tinggi,Normal,Rawan Pucuk (High Risk),> 1 Miliar,Di Atas VWAP (Kuat),Akumulasi Pro (Smart Money),Gorengan Sepi (< 5M),Anomali Tinggi (150-300%),Mark-Up (Fase Pesta),Normal,Normal,Naik 6 Hari Beruntun,TP: 114 | CL: 101,Normal,Tidak Ideal (< 1:1),8,BELI,TIDAK ADA,2026-07-27 11:56:25
KEEN,Mid Cap (Lapis 2),Overvalued (Mahal),23.836075,17448.98,855.0,842,795,890,1.7857142857142856,2655700,Normal,52,Positif,Uptrend,Bullish,Strong Bullish,Normal,Distribusi (Turun),Normal,Dominan Beli (Hajar Kanan),Normal,Sedang,Normal,Area Tengah,> 1 Miliar,Di Bawah VWAP (Lemah),Distribusi Pro (Guyuran),Ritel Aktif (5M - 50M),Sepi (< 50%),Mark-Up (Fase Pesta),Spesialis Tiang Jemuran (Banting Pucuk),Normal,Naik 1 Hari Beruntun,TP: 886 | CL: 834,Open = Low (Bullish Kuat),Tidak Ideal (< 1:1),6,WAIT & SEE,TIDAK ADA,2026-07-27 11:56:25
MIKA,Big Cap (Lapis 1),Overvalued (Mahal),17.686184,3.2203844,1755.0,1722,1655,1790,0.2857142857142857,1806300,Normal,60,Positif,Uptrend,Bullish,Strong Bullish,Normal,Distribusi (Turun),Normal,Dominan Beli (Hajar Kanan),Squeeze,Rendah,Doji (Ragu-ragu),Area Tengah,> 1 Miliar,Di Atas VWAP (Kuat),Akumulasi Pro (Smart Money),Ritel Aktif (5M - 50M),Sepi (< 50%),Mark-Up (Fase Pesta),Normal,Jarum Bawah (Sinyal Pantulan Kuat),Naik 1 Hari Beruntun,TP: 1829 | CL: 1705,Normal,Tidak Ideal (< 1:1),6,WAIT & SEE,TIDAK ADA,2026-07-27 11:56:25
MPOW,Small Cap (Lapis 3),Fair Value (Wajar),15.206812,0.82015616,100.0,94,83,111,-2.912621359223301,1973200,Normal,54,Negatif,Uptrend,Bullish,Strong Bullish,Normal,Akumulasi (Naik),Normal,Seimbang / Adu Mekanik,Normal,Tinggi,Normal,Rawan Pucuk (High Risk),< 1 Miliar,Di Bawah VWAP (Lemah),Distribusi Pro (Guyuran),Gorengan Sepi (< 5M),Sepi (< 50%),Accumulation (Kumpul Barang),Spesialis Tiang Jemuran (Banting Pucuk),Normal,Turun 1 Hari Beruntun,TP: 109 | CL: 93,Open = High (Tekanan Jual),Tidak Ideal (< 1:1),5,WAIT & SEE,TIDAK ADA,2026-07-27 11:56:26
MNCN,Mid Cap (Lapis 2),Undervalued (Murah),2.1272159,0.1214904,204.0,206,197,222,0.0,19544300,Normal,45,Negatif,Downtrend,Bullish,Strong Bullish,Normal,Distribusi (Turun),Normal,Seimbang / Adu Mekanik,Normal,Sedang,Normal,Area Tengah,> 1 Miliar,Di Bawah VWAP (Lemah),Distribusi Pro (Guyuran),Ritel Aktif (5M - 50M),Normal (50-150%),Mark-Down (Fase Runtuh),Solid (Jarang Dibanting),Normal,Sideways / Stagnan,TP: 212 | CL: 198,Open = Low (Bullish Kuat),Ideal (1:2),2,WAIT & SEE,TIDAK ADA,2026-07-27 11:56:26
BSBK,Mid Cap (Lapis 2),Fair Value (Wajar),17.770035,0.58703685,52.0,51,50,58,0.0,5121300,Normal,49,Negatif,Uptrend,Bullish,Strong Bullish,Normal,Akumulasi (Naik),Normal,Dominan Beli (Hajar Kanan),Squeeze,Rendah,Doji (Ragu-ragu),Area Tengah,< 1 Miliar,Di Bawah VWAP (Lemah),Distribusi Pro (Guyuran),Ritel Aktif (5M - 50M),Sepi (< 50%),Accumulation (Kumpul Barang),Spesialis Tiang Jemuran (Banting Pucuk),Jarum Bawah (Sinyal Pantulan Kuat),Sideways / Stagnan,TP: 55 | CL: 49,Normal,Sangat Menarik (> 1:3),5,WAIT & SEE,TIDAK ADA,2026-07-27 11:56:26
BABY,Small Cap (Lapis 3),Fair Value (Wajar),0.0,1.086729,187.0,178,151,218,-1.5789473684210527,323400,Normal,52,Negatif,Uptrend,Bullish,Strong Bullish,Normal,Distribusi (Turun),Normal,Seimbang / Adu Mekanik,Normal,Tinggi,Normal,Rawan Pucuk (High Risk),< 1 Miliar,Di Bawah VWAP (Lemah),Distribusi Pro (Guyuran),Gorengan Sepi (< 5M),Sepi (< 50%),Mark-Up (Fase Pesta),Spesialis Tiang Jemuran (Banting Pucuk),Normal,Turun 2 Hari Beruntun,TP: 207 | CL: 173,Open = High (Tekanan Jual),Tidak Ideal (< 1:1),4,WAIT & SEE,TIDAK ADA,2026-07-27 11:56:26
TOSK,Small Cap (Lapis 3),Fair Value (Wajar),0.0,1.8297755,66.0,63,57,70,0.0,2716900,Normal,64,Negatif,Uptrend,Bullish,Strong Bullish,Normal,Akumulasi (Naik),Normal,Seimbang / Adu Mekanik,Normal,Tinggi,Doji (Ragu-ragu),Rawan Pucuk (High Risk),< 1 Miliar,Di Bawah VWAP (Lemah),Distribusi Pro (Guyuran),Gorengan Sepi (< 5M),Sepi (< 50%),Mark-Up (Fase Pesta),Spesialis Tiang Jemuran (Banting Pucuk),Normal,Sideways / Stagnan,TP: 70 | CL: 63,Normal,Tidak Ideal (< 1:1),5,WAIT & SEE,TIDAK ADA,2026-07-27 11:56:26
HRTA,Mid Cap (Lapis 2),Fair Value (Wajar),7.166825,2.4766982,1960.0,1842,1605,2060,2.083333333333333,3262100,Normal,52,Positif,Uptrend,Bullish,Bullish MACD,Normal,Akumulasi (Naik),Normal,Dominan Beli (Hajar Kanan),Normal,Tinggi,Normal,Rawan Pucuk (High Risk),> 1 Miliar,Persis di VWAP,Akumulasi Pro (Smart Money),Ritel Aktif (5M - 50M),Sepi (< 50%),Accumulation (Kumpul Barang),Normal,Normal,Naik 1 Hari Beruntun,TP: 2089 | CL: 1873,Normal,Tidak Ideal (< 1:1),7,BELI,TIDAK ADA,2026-07-27 11:56:27
COIN,Big Cap (Lapis 1),Overvalued (Mahal),395.1613,7.0606546,735.0,684,590,905,2.797202797202797,2116300,Normal,52,Positif,Uptrend,Bullish,Bullish MACD,Normal,Akumulasi (Naik),Normal,Dominan Beli (Hajar Kanan),Normal,Tinggi,Normal,Rawan Pucuk (High Risk),> 1 Miliar,Di Bawah VWAP (Lemah),Distribusi Pro (Guyuran),Ritel Aktif (5M - 50M),Sepi (< 50%),Accumulation (Kumpul Barang),Spesialis Tiang Jemuran (Banting Pucuk),Normal,Naik 1 Hari Beruntun,TP: 812 | CL: 683,Normal,Menengah (1:1),7,BELI,TIDAK ADA,2026-07-27 11:56:27
MIRA,Small Cap (Lapis 3),Fair Value (Wajar),0.0,0.5763531,21.0,19,17,24,0.0,694100,Normal,54,Negatif,Uptrend,Bullish,Strong Bullish,Normal,Akumulasi (Naik),Normal,Tidak Ada Transaksi,Normal,Tinggi,Doji (Ragu-ragu),Rawan Pucuk (High Risk),< 1 Miliar,Di Bawah VWAP (Lemah),Akumulasi Pro (Smart Money),Gorengan Sepi (< 5M),Sepi (< 50%),Accumulation (Kumpul Barang),Normal,Normal,Sideways / Stagnan,TP: 22 | CL: 19,Normal,Tidak Ideal (< 1:1),5,WAIT & SEE,TIDAK ADA,2026-07-27 11:56:27
MSIE,Small Cap (Lapis 3),Fair Value (Wajar),0.0,1.0157375,79.0,82,66,94,0.0,298400,Normal,38,Negatif,Downtrend,Bearish,Bullish MACD,Normal,Distribusi (Turun),Normal,Seimbang / Adu Mekanik,Normal,Tinggi,Doji (Ragu-ragu),Rawan Pucuk (High Risk),< 1 Miliar,Persis di VWAP,Akumulasi Pro (Smart Money),Gorengan Sepi (< 5M),Sepi (< 50%),Mark-Down (Fase Runtuh),Normal,Normal,Sideways / Stagnan,TP: 86 | CL: 73,Normal,Menengah (1:1),1,WAIT & SEE,TIDAK ADA,2026-07-27 11:56:27
BELL,Small Cap (Lapis 3),Overvalued (Mahal),1784.6155,3.4428515,114.0,110,85,139,-0.8695652173913043,7897400,Normal,53,Negatif,Uptrend,Bullish,Strong Bullish,Normal,Akumulasi (Naik),Normal,Dominan Jual (Guyur),Normal,Tinggi,Normal,Rawan Pucuk (High Risk),< 1 Miliar,Di Bawah VWAP (Lemah),Distribusi Pro (Guyuran),Ritel Aktif (5M - 50M),Sepi (< 50%),Mark-Up (Fase Pesta),Spesialis Tiang Jemuran (Banting Pucuk),Normal,Turun 3 Hari Beruntun,TP: 127 | CL: 105,Normal,Tidak Ideal (< 1:1),5,WAIT & SEE,TIDAK ADA,2026-07-27 11:56:27
WMUU,Small Cap (Lapis 3),Fair Value (Wajar),0.0,0.9038199,54.0,51,50,64,3.8461538461538463,73546400,Normal,55,Positif,Uptrend,Bullish,Strong Bullish,Normal,Akumulasi (Naik),Normal,Dominan Beli (Hajar Kanan),Normal,Tinggi,Normal,Area Tengah,> 1 Miliar,Di Bawah VWAP (Lemah),Akumulasi Pro (Smart Money),Ritel Aktif (5M - 50M),Sepi (< 50%),Accumulation (Kumpul Barang),Solid (Jarang Dibanting),Normal,Naik 1 Hari Beruntun,TP: 57 | CL: 51,Normal,Ideal (1:2),7,BELI,TIDAK ADA,2026-07-27 11:56:27
WINR,Small Cap (Lapis 3),Undervalued (Murah),0.022030726,0.2837322,20.0,21,18,24,0.0,5965600,Normal,44,Negatif,Downtrend,Bearish,Bullish MACD,Normal,Akumulasi (Naik),Normal,Tidak Ada Transaksi,Normal,Tinggi,Doji (Ragu-ragu),Rawan Pucuk (High Risk),< 1 Miliar,Di Bawah VWAP (Lemah),Akumulasi Pro (Smart Money),Gorengan Sepi (< 5M),Sepi (< 50%),Mark-Down (Fase Runtuh),Solid (Jarang Dibanting),Normal,Sideways / Stagnan,TP: 21 | CL: 19,Normal,Ideal (1:2),2,WAIT & SEE,TIDAK ADA,2026-07-27 11:56:28
BHIT,Mid Cap (Lapis 2),Undervalued (Murah),4.5840406,0.13418415,27.0,25,25,29,3.8461538461538463,716800,Normal,53,Positif,Uptrend,Bullish,Bullish MACD,Normal,Distribusi (Turun),Gap Up (+3.8%),Tidak Ada Transaksi,Normal,Sedang,Doji (Ragu-ragu),Area Tengah,< 1 Miliar,Persis di VWAP,Distribusi Pro (Guyuran),Gorengan Sepi (< 5M),Sepi (< 50%),Accumulation (Kumpul Barang),Normal,Normal,Naik 1 Hari Beruntun,TP: 28 | CL: 25,Normal,Menengah (1:1),6,WAIT & SEE,TIDAK ADA,2026-07-27 11:56:28
KREN,Small Cap (Lapis 3),Overvalued (Mahal),0.0,116.66667,14.0,12,11,15,7.6923076923076925,5193500,Normal,58,Positif,Uptrend,Bullish,Strong Bullish,Normal,Distribusi (Turun),Gap Up (+7.7%),Tidak Ada Transaksi,Normal,Tinggi,Doji (Ragu-ragu),Rawan Pucuk (High Risk),< 1 Miliar,Di Atas VWAP (Kuat),Distribusi Pro (Guyuran),Gorengan Sepi (< 5M),Sepi (< 50%),Accumulation (Kumpul Barang),Normal,Normal,Naik 1 Hari Beruntun,TP: 15 | CL: 13,Normal,Tidak Ideal (< 1:1),6,WAIT & SEE,TIDAK ADA,2026-07-27 11:56:28
ISAP,Small Cap (Lapis 3),Fair Value (Wajar),0.0,0.55867225,25.0,23,20,28,0.0,12140900,Normal,53,Negatif,Uptrend,Bullish,Strong Bullish,Normal,Distribusi (Turun),Normal,Dominan Beli (Hajar Kanan),Normal,Tinggi,Doji (Ragu-ragu),Rawan Pucuk (High Risk),< 1 Miliar,Di Bawah VWAP (Lemah),Akumulasi Pro (Smart Money),Gorengan Sepi (< 5M),Normal (50-150%),Accumulation (Kumpul Barang),Normal,Jarum Bawah (Sinyal Pantulan Kuat),Sideways / Stagnan,TP: 28 | CL: 22,Normal,Tidak Ideal (< 1:1),5,WAIT & SEE,TIDAK ADA,2026-07-27 11:56:28
FILM,Big Cap (Lapis 1),Overvalued (Mahal),0.0,3.808113,1095.0,1496,980,1750,3.30188679245283,16491600,Tembus MA20,26,Positif,Downtrend,Bearish,Strong Bearish,Akumulasi Kuat,Distribusi (Turun),Normal,Seimbang / Adu Mekanik,Bottom Rebound,Tinggi,Normal,Rawan Pucuk (High Risk),> 1 Miliar,Di Bawah VWAP (Lemah),Distribusi Pro (Guyuran),Ritel Aktif (5M - 50M),Normal (50-150%),Mark-Down (Fase Runtuh),Normal,Normal,Naik 1 Hari Beruntun,TP: 1246 | CL: 994,Normal,Sangat Menarik (> 1:3),3,WAIT & SEE,TIDAK ADA,2026-07-27 11:56:28
SSIA,Mid Cap (Lapis 2),Overvalued (Mahal),373.3184,1.3904792,1665.0,1593,1400,1865,0.9090909090909091,7249200,Normal,54,Positif,Uptrend,Bullish,Strong Bullish,Normal,Distribusi (Turun),Normal,Dominan Jual (Guyur),Normal,Tinggi,Normal,Rawan Pucuk (High Risk),> 1 Miliar,Di Bawah VWAP (Lemah),Distribusi Pro (Guyuran),Sultan (> 50M/hari),Sepi (< 50%),Accumulation (Kumpul Barang),Spesialis Tiang Jemuran (Banting Pucuk),Normal,Naik 1 Hari Beruntun,TP: 1797 | CL: 1576,Open = Low (Bullish Kuat),Tidak Ideal (< 1:1),5,WAIT & SEE,TIDAK ADA,2026-07-27 11:56:29
BJTM,Mid Cap (Lapis 2),Undervalued (Murah),4.7732697,0.5681011,520.0,515,500,535,0.0,2751900,Normal,53,Negatif,Uptrend,Bullish,Strong Bullish,Normal,Distribusi (Turun),Normal,Dominan Beli (Hajar Kanan),Squeeze,Rendah,Doji (Ragu-ragu),Area Tengah,> 1 Miliar,Persis di VWAP,Distribusi Pro (Guyuran),Gorengan Sepi (< 5M),Sepi (< 50%),Mark-Up (Fase Pesta),Normal,Jarum Bawah (Sinyal Pantulan Kuat),Sideways / Stagnan,TP: 534 | CL: 510,Normal,Tidak Ideal (< 1:1),5,WAIT & SEE,TIDAK ADA,2026-07-27 11:56:29
LAND,Small Cap (Lapis 3),Overvalued (Mahal),101.35135,0.4560962,75.0,68,50,90,0.0,14531900,Normal,58,Negatif,Uptrend,Bullish,Strong Bullish,Normal,Akumulasi (Naik),Normal,Seimbang / Adu Mekanik,Normal,Tinggi,Doji (Ragu-ragu),Rawan Pucuk (High Risk),> 1 Miliar,Di Bawah VWAP (Lemah),Distribusi Pro (Guyuran),Ritel Aktif (5M - 50M),Sepi (< 50%),Mark-Up (Fase Pesta),Spesialis Tiang Jemuran (Banting Pucuk),Normal,Sideways / Stagnan,TP: 89 | CL: 65,Normal,Tidak Ideal (< 1:1),5,WAIT & SEE,TIDAK ADA,2026-07-27 11:56:29
AADI,Big Cap (Lapis 1),Overvalued (Mahal),5.5121884,20123.318,8950.0,8420,7725,9200,1.41643059490085,2261500,Normal,65,Positif,Uptrend,Bullish,Strong Bullish,Normal,Distribusi (Turun),Normal,Seimbang / Adu Mekanik,Normal,Tinggi,Normal,Rawan Pucuk (High Risk),> 1 Miliar,Persis di VWAP,Distribusi Pro (Guyuran),Sultan (> 50M/hari),Sepi (< 50%),Mark-Up (Fase Pesta),Normal,Normal,Naik 1 Hari Beruntun,TP: 9311 | CL: 8708,Normal,Tidak Ideal (< 1:1),5,WAIT & SEE,TIDAK ADA,2026-07-27 11:56:29
AKRA,Big Cap (Lapis 1),Fair Value (Wajar),10.493065,2.231033,1440.0,1342,1195,1520,-0.34602076124567477,13842000,Normal,63,Negatif,Uptrend,Bullish,Strong Bullish,Normal,Distribusi (Turun),Normal,Seimbang / Adu Mekanik,Normal,Tinggi,Doji (Ragu-ragu),Rawan Pucuk (High Risk),> 1 Miliar,Persis di VWAP,Distribusi Pro (Guyuran),Sultan (> 50M/hari),Normal (50-150%),Mark-Up (Fase Pesta),Normal,Jarum Bawah (Sinyal Pantulan Kuat),Turun 1 Hari Beruntun,TP: 1521 | CL: 1385,Normal,Tidak Ideal (< 1:1),4,WAIT & SEE,TIDAK ADA,2026-07-27 11:56:29
VERN,Small Cap (Lapis 3),Fair Value (Wajar),0.0,1.7821622,198.0,171,130,222,-1.0,572200,Normal,70,Negatif,Uptrend,Bullish,Strong Bullish,Normal,Distribusi (Turun),Normal,Seimbang / Adu Mekanik,Normal,Tinggi,Normal,Rawan Pucuk (High Risk),< 1 Miliar,Di Bawah VWAP (Lemah),Distribusi Pro (Guyuran),Gorengan Sepi (< 5M),Sepi (< 50%),Mark-Up (Fase Pesta),Normal,Normal,Turun 2 Hari Beruntun,TP: 218 | CL: 184,Normal,Tidak Ideal (< 1:1),4,WAIT & SEE,TIDAK ADA,2026-07-27 11:56:30
BBYB,Mid Cap (Lapis 2),Undervalued (Murah),6.1122246,0.7567112,244.0,231,202,270,0.0,6945400,Normal,53,Negatif,Uptrend,Bullish,Strong Bullish,Normal,Distribusi (Turun),Gap Down (-2.5%),Seimbang / Adu Mekanik,Normal,Tinggi,Normal,Rawan Pucuk (High Risk),> 1 Miliar,Di Bawah VWAP (Lemah),Akumulasi Pro (Smart Money),Ritel Aktif (5M - 50M),Sepi (< 50%),Accumulation (Kumpul Barang),Normal,Normal,Sideways / Stagnan,TP: 264 | CL: 230,Open = Low (Bullish Kuat),Tidak Ideal (< 1:1),4,WAIT & SEE,TIDAK ADA,2026-07-27 11:56:30
BFIN,Big Cap (Lapis 1),Undervalued (Murah),7.8484306,1.0571251,785.0,769,725,830,3.289473684210526,6866200,Normal,58,Positif,Uptrend,Bullish,Bearish MACD,Normal,Distribusi (Turun),Normal,Dominan Beli (Hajar Kanan),Normal,Sedang,Marubozu (Strong Bullish),Area Tengah,> 1 Miliar,Di Atas VWAP (Kuat),Distribusi Pro (Guyuran),Ritel Aktif (5M - 50M),Normal (50-150%),Mark-Up (Fase Pesta),Spesialis Tiang Jemuran (Banting Pucuk),Normal,Naik 1 Hari Beruntun,TP: 834 | CL: 752,Normal,Tidak Ideal (< 1:1),5,WAIT & SEE,TIDAK ADA,2026-07-27 11:56:30
NAYZ,Small Cap (Lapis 3),Fair Value (Wajar),0.0,2.2448428,57.0,57,52,66,-5.0,14561800,Tembus MA20,48,Negatif,Downtrend,Bullish,Bullish MACD,Normal,Akumulasi (Naik),Normal,Dominan Jual (Guyur),Normal,Sedang,Normal,Area Tengah,< 1 Miliar,Di Bawah VWAP (Lemah),Distribusi Pro (Guyuran),Gorengan Sepi (< 5M),Normal (50-150%),Mark-Down (Fase Runtuh),Normal,Normal,Turun 1 Hari Beruntun,TP: 62 | CL: 53,Normal,Ideal (1:2),4,WAIT & SEE,TIDAK ADA,2026-07-27 11:56:30
ASHA,Small Cap (Lapis 3),Fair Value (Wajar),0.0,2.6902382,56.0,56,50,62,-1.7543859649122806,9888600,Normal,46,Negatif,Downtrend,Bullish,Strong Bullish,Normal,Akumulasi (Naik),Normal,Seimbang / Adu Mekanik,Normal,Tinggi,Doji (Ragu-ragu),Rawan Pucuk (High Risk),< 1 Miliar,Di Bawah VWAP (Lemah),Akumulasi Pro (Smart Money),Gorengan Sepi (< 5M),Sepi (< 50%),Mark-Down (Fase Runtuh),Spesialis Tiang Jemuran (Banting Pucuk),Normal,Turun 2 Hari Beruntun,TP: 60 | CL: 52,Normal,Menengah (1:1),3,WAIT & SEE,TIDAK ADA,2026-07-27 11:56:30
GPSO,Small Cap (Lapis 3),Overvalued (Mahal),0.0,4.4007535,280.0,306,264,372,-6.666666666666667,14455600,Normal,38,Negatif,Downtrend,Bullish,Bullish MACD,Normal,Distribusi (Turun),Normal,Dominan Jual (Guyur),Normal,Tinggi,Normal,Area Tengah,> 1 Miliar,Di Bawah VWAP (Lemah),Akumulasi Pro (Smart Money),Ritel Aktif (5M - 50M),Sepi (< 50%),Mark-Down (Fase Runtuh),Normal,Normal,Turun 4 Hari Beruntun,TP: 326 | CL: 249,Open = High (Tekanan Jual),Sangat Menarik (> 1:3),2,WAIT & SEE,TIDAK ADA,2026-07-27 11:56:31
DSNG,Big Cap (Lapis 1),Undervalued (Murah),7.0485315,1.1257273,1265.0,1198,1110,1365,-3.435114503816794,1888200,Normal,59,Negatif,Uptrend,Bullish,Strong Bullish,Normal,Akumulasi (Naik),Normal,Dominan Jual (Guyur),Normal,Tinggi,Normal,Rawan Pucuk (High Risk),> 1 Miliar,Di Bawah VWAP (Lemah),Distribusi Pro (Guyuran),Ritel Aktif (5M - 50M),Sepi (< 50%),Mark-Up (Fase Pesta),Normal,Normal,Turun 2 Hari Beruntun,TP: 1325 | CL: 1224,Open = High (Tekanan Jual),Tidak Ideal (< 1:1),5,WAIT & SEE,TIDAK ADA,2026-07-27 11:56:31
KUAS,Small Cap (Lapis 3),Fair Value (Wajar),16.36631,0.6729627,89.0,90,81,103,0.0,6244800,Normal,46,Negatif,Downtrend,Bullish,Bullish MACD,Normal,Distribusi (Turun),Normal,Dominan Beli (Hajar Kanan),Normal,Sedang,Hammer (Potensi Reversal),Area Tengah,< 1 Miliar,Di Bawah VWAP (Lemah),Distribusi Pro (Guyuran),Gorengan Sepi (< 5M),Normal (50-150%),Mark-Down (Fase Runtuh),Spesialis Tiang Jemuran (Banting Pucuk),Jarum Bawah (Sinyal Pantulan Kuat),Sideways / Stagnan,TP: 95 | CL: 85,Open = High (Tekanan Jual),Ideal (1:2),3,WAIT & SEE,TIDAK ADA,2026-07-27 11:56:31
GRPM,Small Cap (Lapis 3),Overvalued (Mahal),0.0,4.721435,228.0,259,216,336,5.555555555555555,3993600,Tembus MA20,43,Positif,Downtrend,Bearish,Strong Bearish,Normal,Akumulasi (Naik),Gap Up (+2.8%),Dominan Beli (Hajar Kanan),Normal,Tinggi,Normal,Area Tengah,< 1 Miliar,Di Bawah VWAP (Lemah),Distribusi Pro (Guyuran),Gorengan Sepi (< 5M),Anomali Tinggi (150-300%),Distribution (Fase Jualan),Spesialis Tiang Jemuran (Banting Pucuk),Normal,Naik 1 Hari Beruntun,TP: 255 | CL: 209,Normal,Sangat Menarik (> 1:3),5,WAIT & SEE,TIDAK ADA,2026-07-27 11:56:31
BEER,Small Cap (Lapis 3),Fair Value (Wajar),0.0,1.2819855,75.0,78,68,89,-1.3157894736842104,577200,Normal,37,Negatif,Downtrend,Death Cross,Bullish MACD,Normal,Distribusi (Turun),Normal,Seimbang / Adu Mekanik,Normal,Tinggi,Normal,Rawan Pucuk (High Risk),< 1 Miliar,Di Bawah VWAP (Lemah),Distribusi Pro (Guyuran),Gorengan Sepi (< 5M),Sepi (< 50%),Mark-Down (Fase Runtuh),Spesialis Tiang Jemuran (Banting Pucuk),Normal,Turun 2 Hari Beruntun,TP: 80 | CL: 71,Open = High (Tekanan Jual),Ideal (1:2),1,WAIT & SEE,TIDAK ADA,2026-07-27 11:56:31
SRTG,Big Cap (Lapis 1),Undervalued (Murah),1.2736588,0.37026763,1750.0,1642,1430,1800,2.3391812865497075,4083700,Normal,65,Positif,Uptrend,Bullish,Strong Bullish,Normal,Distribusi (Turun),Normal,Seimbang / Adu Mekanik,Normal,Tinggi,Normal,Rawan Pucuk (High Risk),> 1 Miliar,Persis di VWAP,Akumulasi Pro (Smart Money),Ritel Aktif (5M - 50M),Normal (50-150%),Mark-Up (Fase Pesta),Normal,Normal,Naik 1 Hari Beruntun,TP: 1825 | CL: 1700,Open = Low (Bullish Kuat),Tidak Ideal (< 1:1),5,WAIT & SEE,TIDAK ADA,2026-07-27 11:56:32
GZCO,Small Cap (Lapis 3),Undervalued (Murah),9.652997,0.75127053,153.0,145,129,163,0.6578947368421052,1680900,Normal,54,Positif,Uptrend,Bullish,Strong Bullish,Normal,Akumulasi (Naik),Normal,Seimbang / Adu Mekanik,Normal,Tinggi,Normal,Rawan Pucuk (High Risk),< 1 Miliar,Di Bawah VWAP (Lemah),Distribusi Pro (Guyuran),Gorengan Sepi (< 5M),Sepi (< 50%),Accumulation (Kumpul Barang),Normal,Normal,Naik 1 Hari Beruntun,TP: 163 | CL: 146,Normal,Tidak Ideal (< 1:1),6,WAIT & SEE,TIDAK ADA,2026-07-27 11:56:32
IOTF,Small Cap (Lapis 3),Fair Value (Wajar),0.0,1.7544452,52.0,52,50,62,0.0,1295300,Normal,45,Negatif,Downtrend,Bullish,Bullish MACD,Normal,Distribusi (Turun),Normal,Seimbang / Adu Mekanik,Normal,Sedang,Doji (Ragu-ragu),Area Tengah,< 1 Miliar,Di Bawah VWAP (Lemah),Akumulasi Pro (Smart Money),Gorengan Sepi (< 5M),Sepi (< 50%),Mark-Down (Fase Runtuh),Normal,Normal,Sideways / Stagnan,TP: 55 | CL: 49,Normal,Sangat Menarik (> 1:3),2,WAIT & SEE,TIDAK ADA,2026-07-27 11:56:32
CNMA,Mid Cap (Lapis 2),Fair Value (Wajar),10.022026,1.7998774,91.0,89,82,96,0.0,1007000,Normal,51,Negatif,Uptrend,Bullish,Strong Bullish,Normal,Akumulasi (Naik),Normal,Seimbang / Adu Mekanik,Normal,Sedang,Doji (Ragu-ragu),Rawan Pucuk (High Risk),< 1 Miliar,Di Bawah VWAP (Lemah),Distribusi Pro (Guyuran),Gorengan Sepi (< 5M),Sepi (< 50%),Accumulation (Kumpul Barang),Spesialis Tiang Jemuran (Banting Pucuk),Normal,Sideways / Stagnan,TP: 95 | CL: 87,Normal,Tidak Ideal (< 1:1),5,WAIT & SEE,TIDAK ADA,2026-07-27 11:56:32
MCOR,Mid Cap (Lapis 2),Undervalued (Murah),8.553459,0.3574282,68.0,67,65,71,0.0,218400,Normal,53,Negatif,Uptrend,Bullish,Strong Bullish,Normal,Akumulasi (Naik),Normal,Dominan Jual (Guyur),Squeeze,Rendah,Doji (Ragu-ragu),Area Tengah,< 1 Miliar,Persis di VWAP,Distribusi Pro (Guyuran),Gorengan Sepi (< 5M),Sepi (< 50%),Mark-Up (Fase Pesta),Spesialis Tiang Jemuran (Banting Pucuk),Normal,Sideways / Stagnan,TP: 70 | CL: 66,Normal,Menengah (1:1),5,WAIT & SEE,TIDAK ADA,2026-07-27 11:56:32
RICY,Small Cap (Lapis 3),Fair Value (Wajar),0.0,0.20832498,77.0,77,74,90,0.0,842200,Normal,48,Negatif,Downtrend,Bullish,Bullish MACD,Normal,Akumulasi (Naik),Normal,Dominan Beli (Hajar Kanan),Squeeze,Rendah,Hammer (Potensi Reversal),Area Tengah,< 1 Miliar,Di Bawah VWAP (Lemah),Distribusi Pro (Guyuran),Gorengan Sepi (< 5M),Sepi (< 50%),Mark-Down (Fase Runtuh),Spesialis Tiang Jemuran (Banting Pucuk),Jarum Bawah (Sinyal Pantulan Kuat),Sideways / Stagnan,TP: 84 | CL: 72,Open = High (Tekanan Jual),Sangat Menarik (> 1:3),4,WAIT & SEE,TIDAK ADA,2026-07-27 11:56:33
APEX,Small Cap (Lapis 3),Overvalued (Mahal),6.060606,7300.0,146.0,134,112,165,-1.3513513513513513,6950400,Normal,58,Negatif,Uptrend,Bullish,Strong Bullish,Normal,Akumulasi (Naik),Gap Down (-2.7%),Dominan Beli (Hajar Kanan),Normal,Tinggi,Normal,Rawan Pucuk (High Risk),> 1 Miliar,Di Bawah VWAP (Lemah),Distribusi Pro (Guyuran),Gorengan Sepi (< 5M),Sepi (< 50%),Mark-Up (Fase Pesta),Spesialis Tiang Jemuran (Banting Pucuk),Normal,Turun 2 Hari Beruntun,TP: 161 | CL: 136,Normal,Tidak Ideal (< 1:1),6,WAIT & SEE,TIDAK ADA,2026-07-27 11:56:33
MEJA,Small Cap (Lapis 3),Overvalued (Mahal),0.0,3.5533352,100.0,86,78,105,0.0,12431300,Normal,67,Negatif,Uptrend,Bullish,Strong Bullish,Normal,Akumulasi (Naik),Normal,Seimbang / Adu Mekanik,Breakout Upper,Tinggi,Doji (Ragu-ragu),Rawan Pucuk (High Risk),> 1 Miliar,Di Atas VWAP (Kuat),Akumulasi Pro (Smart Money),Gorengan Sepi (< 5M),Sepi (< 50%),Accumulation (Kumpul Barang),Spesialis Tiang Jemuran (Banting Pucuk),Normal,Sideways / Stagnan,TP: 109 | CL: 93,Normal,Tidak Ideal (< 1:1),5,WAIT & SEE,TIDAK ADA,2026-07-27 11:56:33
WIDI,Small Cap (Lapis 3),Fair Value (Wajar),0.0,0.8987832,26.0,26,21,31,-3.7037037037037033,13293500,Tembus MA20,47,Negatif,Downtrend,Bullish,Strong Bullish,Normal,Distribusi (Turun),Normal,Seimbang / Adu Mekanik,Normal,Tinggi,Normal,Rawan Pucuk (High Risk),< 1 Miliar,Di Bawah VWAP (Lemah),Akumulasi Pro (Smart Money),Gorengan Sepi (< 5M),Normal (50-150%),Distribution (Fase Jualan),Solid (Jarang Dibanting),Normal,Turun 2 Hari Beruntun,TP: 28 | CL: 24,Open = High (Tekanan Jual),Menengah (1:1),3,WAIT & SEE,TIDAK ADA,2026-07-27 11:56:33
FIRE,Small Cap (Lapis 3),Fair Value (Wajar),0.0,0.6630241,108.0,105,95,118,-0.9174311926605505,2288800,Normal,52,Negatif,Uptrend,Bullish,Strong Bullish,Normal,Akumulasi (Naik),Normal,Seimbang / Adu Mekanik,Normal,Tinggi,Normal,Rawan Pucuk (High Risk),< 1 Miliar,Di Bawah VWAP (Lemah),Distribusi Pro (Guyuran),Gorengan Sepi (< 5M),Sepi (< 50%),Accumulation (Kumpul Barang),Spesialis Tiang Jemuran (Banting Pucuk),Normal,Turun 2 Hari Beruntun,TP: 115 | CL: 102,Normal,Tidak Ideal (< 1:1),5,WAIT & SEE,TIDAK ADA,2026-07-27 11:56:33
AVIA,Big Cap (Lapis 1),Fair Value (Wajar),10.585511,1.9087613,320.0,322,302,344,-1.2345679012345678,2325900,Normal,46,Negatif,Downtrend,Bullish,Strong Bullish,Normal,Distribusi (Turun),Normal,Seimbang / Adu Mekanik,Normal,Sedang,Normal,Area Tengah,< 1 Miliar,Di Bawah VWAP (Lemah),Akumulasi Pro (Smart Money),Ritel Aktif (5M - 50M),Sepi (< 50%),Mark-Down (Fase Runtuh),Spesialis Tiang Jemuran (Banting Pucuk),Normal,Turun 4 Hari Beruntun,TP: 335 | CL: 310,Open = High (Tekanan Jual),Menengah (1:1),2,WAIT & SEE,TIDAK ADA,2026-07-27 11:56:33
ACRO,Small Cap (Lapis 3),Fair Value (Wajar),0.0,1.1668835,61.0,60,55,69,0.0,2490100,Normal,50,Negatif,Uptrend,Bullish,Strong Bullish,Normal,Akumulasi (Naik),Normal,Dominan Beli (Hajar Kanan),Normal,Sedang,Doji (Ragu-ragu),Rawan Pucuk (High Risk),< 1 Miliar,Di Bawah VWAP (Lemah),Distribusi Pro (Guyuran),Gorengan Sepi (< 5M),Sepi (< 50%),Mark-Up (Fase Pesta),Spesialis Tiang Jemuran (Banting Pucuk),Jarum Bawah (Sinyal Pantulan Kuat),Sideways / Stagnan,TP: 66 | CL: 57,Normal,Menengah (1:1),5,WAIT & SEE,TIDAK ADA,2026-07-27 11:56:34
IKAI,Small Cap (Lapis 3),Fair Value (Wajar),0.0,0.47490555,22.0,18,15,24,4.761904761904762,531400,Normal,59,Positif,Uptrend,Bullish,Strong Bullish,Normal,Distribusi (Turun),Gap Up (+4.8%),Tidak Ada Transaksi,Normal,Tinggi,Doji (Ragu-ragu),Rawan Pucuk (High Risk),< 1 Miliar,Di Atas VWAP (Kuat),Distribusi Pro (Guyuran),Gorengan Sepi (< 5M),Sepi (< 50%),Accumulation (Kumpul Barang),Normal,Normal,Naik 1 Hari Beruntun,TP: 23 | CL: 20,Normal,Tidak Ideal (< 1:1),6,WAIT & SEE,TIDAK ADA,2026-07-27 11:56:34
HRUM,Big Cap (Lapis 1),Overvalued (Mahal),14.57621,11408.45,815.0,776,685,875,0.6172839506172839,1305600,Normal,54,Positif,Uptrend,Bullish,Strong Bullish,Normal,Akumulasi (Naik),Normal,Dominan Beli (Hajar Kanan),Normal,Tinggi,Normal,Rawan Pucuk (High Risk),> 1 Miliar,Di Bawah VWAP (Lemah),Distribusi Pro (Guyuran),Ritel Aktif (5M - 50M),Sepi (< 50%),Mark-Up (Fase Pesta),Spesialis Tiang Jemuran (Banting Pucuk),Normal,Naik 1 Hari Beruntun,TP: 861 | CL: 783,Normal,Tidak Ideal (< 1:1),7,BELI,TIDAK ADA,2026-07-27 11:56:34
AGRO,Mid Cap (Lapis 2),Fair Value (Wajar),0.0,1.2302182,146.0,143,130,156,-0.6802721088435374,1095700,Normal,47,Negatif,Uptrend,Bullish,Strong Bullish,Normal,Distribusi (Turun),Normal,Seimbang / Adu Mekanik,Normal,Tinggi,Normal,Rawan Pucuk (High Risk),< 1 Miliar,Di Bawah VWAP (Lemah),Distribusi Pro (Guyuran),Gorengan Sepi (< 5M),Sepi (< 50%),Accumulation (Kumpul Barang),Spesialis Tiang Jemuran (Banting Pucuk),Normal,Turun 4 Hari Beruntun,TP: 154 | CL: 140,Open = High (Tekanan Jual),Tidak Ideal (< 1:1),3,WAIT & SEE,TIDAK ADA,2026-07-27 11:56:34
KBAG,Small Cap (Lapis 3),Fair Value (Wajar),0.0,0.89693576,43.0,39,33,46,-2.272727272727273,281900,Normal,56,Negatif,Uptrend,Bullish,Strong Bullish,Normal,Akumulasi (Naik),Gap Down (-2.3%),Tidak Ada Transaksi,Normal,Tinggi,Doji (Ragu-ragu),Rawan Pucuk (High Risk),< 1 Miliar,Di Bawah VWAP (Lemah),Akumulasi Pro (Smart Money),Gorengan Sepi (< 5M),Sepi (< 50%),Mark-Up (Fase Pesta),Normal,Normal,Turun 2 Hari Beruntun,TP: 45 | CL: 41,Normal,Tidak Ideal (< 1:1),5,WAIT & SEE,TIDAK ADA,2026-07-27 11:56:34
BEKS,Mid Cap (Lapis 2),Fair Value (Wajar),20.588236,0.57458687,21.0,20,20,22,0.0,1160200,Normal,49,Negatif,Uptrend,Bullish,Bullish MACD,Normal,Distribusi (Turun),Normal,Tidak Ada Transaksi,Normal,Sedang,Doji (Ragu-ragu),Area Tengah,< 1 Miliar,Di Bawah VWAP (Lemah),Distribusi Pro (Guyuran),Gorengan Sepi (< 5M),Sepi (< 50%),Accumulation (Kumpul Barang),Spesialis Tiang Jemuran (Banting Pucuk),Normal,Sideways / Stagnan,TP: 22 | CL: 20,Normal,Menengah (1:1),3,WAIT & SEE,TIDAK ADA,2026-07-27 11:56:35
BJBR,Mid Cap (Lapis 2),Undervalued (Murah),7.002168,0.47999626,775.0,774,740,820,-1.2738853503184715,1042700,Normal,51,Negatif,Uptrend,Bullish,Strong Bullish,Normal,Distribusi (Turun),Normal,Seimbang / Adu Mekanik,Normal,Sedang,Normal,Area Tengah,< 1 Miliar,Di Bawah VWAP (Lemah),Akumulasi Pro (Smart Money),Gorengan Sepi (< 5M),Normal (50-150%),Mark-Up (Fase Pesta),Spesialis Tiang Jemuran (Banting Pucuk),Normal,Turun 2 Hari Beruntun,TP: 793 | CL: 762,Open = High (Tekanan Jual),Menengah (1:1),4,WAIT & SEE,TIDAK ADA,2026-07-27 11:56:35
HEAL,Big Cap (Lapis 1),Overvalued (Mahal),30.018763,2.1436284,800.0,869,795,935,-2.4390243902439024,2702800,Normal,34,Negatif,Downtrend,Bearish,Strong Bearish,Normal,Distribusi (Turun),Normal,Dominan Jual (Guyur),Bottom Rebound,Tinggi,Normal,Dekat Support (Low Risk),> 1 Miliar,Di Bawah VWAP (Lemah),Distribusi Pro (Guyuran),Ritel Aktif (5M - 50M),Sepi (< 50%),Mark-Down (Fase Runtuh),Normal,Normal,Turun 1 Hari Beruntun,TP: 842 | CL: 771,Open = High (Tekanan Jual),Sangat Menarik (> 1:3),0,WAIT & SEE,TIDAK ADA,2026-07-27 11:56:35
LSIP,Mid Cap (Lapis 2),Undervalued (Murah),4.8933187,0.64440435,1365.0,1295,1162,1415,-1.0869565217391304,3780700,Normal,65,Negatif,Uptrend,Bullish,Strong Bullish,Normal,Akumulasi (Naik),Normal,Seimbang / Adu Mekanik,Normal,Tinggi,Normal,Rawan Pucuk (High Risk),> 1 Miliar,Persis di VWAP,Akumulasi Pro (Smart Money),Ritel Aktif (5M - 50M),Normal (50-150%),Mark-Up (Fase Pesta),Spesialis Tiang Jemuran (Banting Pucuk),Normal,Turun 2 Hari Beruntun,TP: 1416 | CL: 1330,Normal,Tidak Ideal (< 1:1),5,WAIT & SEE,TIDAK ADA,2026-07-27 11:56:35
SIMP,Mid Cap (Lapis 2),Undervalued (Murah),4.356721,0.4269541,580.0,542,490,605,-0.8547008547008548,5295600,Normal,63,Negatif,Uptrend,Bullish,Strong Bullish,Normal,Akumulasi (Naik),Normal,Seimbang / Adu Mekanik,Normal,Tinggi,Normal,Rawan Pucuk (High Risk),> 1 Miliar,Persis di VWAP,Akumulasi Pro (Smart Money),Ritel Aktif (5M - 50M),Sepi (< 50%),Mark-Up (Fase Pesta),Normal,Normal,Turun 2 Hari Beruntun,TP: 605 | CL: 563,Normal,Tidak Ideal (< 1:1),5,WAIT & SEE,TIDAK ADA,2026-07-27 11:56:35
NANO,Small Cap (Lapis 3),Undervalued (Murah),11.503067,0.7653647,30.0,26,20,39,3.4482758620689653,15573100,Normal,57,Positif,Uptrend,Bullish,Strong Bullish,Normal,Distribusi (Turun),Gap Up (+3.4%),Seimbang / Adu Mekanik,Normal,Tinggi,Doji (Ragu-ragu),Rawan Pucuk (High Risk),< 1 Miliar,Di Bawah VWAP (Lemah),Distribusi Pro (Guyuran),Gorengan Sepi (< 5M),Sepi (< 50%),Mark-Up (Fase Pesta),Normal,Jarum Bawah (Sinyal Pantulan Kuat),Naik 1 Hari Beruntun,TP: 34 | CL: 27,Normal,Tidak Ideal (< 1:1),6,WAIT & SEE,TIDAK ADA,2026-07-27 11:56:36
PART,Small Cap (Lapis 3),Fair Value (Wajar),0.0,1.5029918,106.0,104,94,116,-1.8518518518518516,1258500,Normal,54,Negatif,Uptrend,Bullish,Strong Bullish,Normal,Akumulasi (Naik),Normal,Seimbang / Adu Mekanik,Normal,Sedang,Normal,Rawan Pucuk (High Risk),< 1 Miliar,Persis di VWAP,Akumulasi Pro (Smart Money),Gorengan Sepi (< 5M),Sepi (< 50%),Mark-Up (Fase Pesta),Spesialis Tiang Jemuran (Banting Pucuk),Normal,Turun 1 Hari Beruntun,TP: 113 | CL: 101,Open = High (Tekanan Jual),Tidak Ideal (< 1:1),5,WAIT & SEE,TIDAK ADA,2026-07-27 11:56:36
IDEA,Small Cap (Lapis 3),Overvalued (Mahal),27.85388,1.0319045,61.0,61,53,69,-1.6129032258064515,753400,Normal,47,Negatif,Downtrend,Bullish,Strong Bullish,Normal,Distribusi (Turun),Normal,Seimbang / Adu Mekanik,Normal,Tinggi,Normal,Rawan Pucuk (High Risk),< 1 Miliar,Di Bawah VWAP (Lemah),Akumulasi Pro (Smart Money),Gorengan Sepi (< 5M),Sepi (< 50%),Distribution (Fase Jualan),Normal,Normal,Turun 2 Hari Beruntun,TP: 66 | CL: 57,Normal,Menengah (1:1),2,WAIT & SEE,TIDAK ADA,2026-07-27 11:56:36
PSDN,Small Cap (Lapis 3),Overvalued (Mahal),26.119402,14.530357,140.0,113,94,160,14.754098360655737,87157900,Tembus MA20,67,Positif,Uptrend,Bullish,Strong Bullish,Akumulasi Kuat,Akumulasi (Naik),Gap Up (+9.0%),Dominan Jual (Guyur),Breakout Upper,Tinggi,Normal,Rawan Pucuk (High Risk),> 1 Miliar,Di Atas VWAP (Kuat),Distribusi Pro (Guyuran),Ritel Aktif (5M - 50M),Anomali Tinggi (150-300%),Accumulation (Kumpul Barang),Spesialis Tiang Jemuran (Banting Pucuk),Normal,Naik 3 Hari Beruntun,TP: 157 | CL: 128,Normal,Tidak Ideal (< 1:1),9,BELI,TIDAK ADA,2026-07-27 11:56:36
KBLV,Small Cap (Lapis 3),Overvalued (Mahal),125.0,0.16105507,124.0,100,76,163,0.8130081300813009,6070000,Normal,62,Positif,Uptrend,Bullish,Strong Bullish,Normal,Akumulasi (Naik),Normal,Dominan Beli (Hajar Kanan),Normal,Tinggi,Normal,Rawan Pucuk (High Risk),< 1 Miliar,Di Bawah VWAP (Lemah),Distribusi Pro (Guyuran),Ritel Aktif (5M - 50M),Sepi (< 50%),Mark-Up (Fase Pesta),Spesialis Tiang Jemuran (Banting Pucuk),Normal,Naik 1 Hari Beruntun,TP: 144 | CL: 110,Normal,Tidak Ideal (< 1:1),7,BELI,TIDAK ADA,2026-07-27 11:56:36
PTMP,Small Cap (Lapis 3),Fair Value (Wajar),0.0,1.3958577,74.0,60,50,74,21.311475409836063,153476200,Tembus MA20,70,Positif,Uptrend,Bullish,Strong Bullish,Akumulasi Kuat,Akumulasi (Naik),Normal,Dominan Beli (Hajar Kanan),Breakout Upper,Tinggi,Marubozu (Strong Bullish),Rawan Pucuk (High Risk),> 1 Miliar,Di Atas VWAP (Kuat),Akumulasi Pro (Smart Money),Gorengan Sepi (< 5M),Ledakan Ekstrem (> 300%),Mark-Up (Fase Pesta),Spesialis Tiang Jemuran (Banting Pucuk),Normal,Naik 1 Hari Beruntun,TP: 80 | CL: 69,Normal,Tidak Ideal (< 1:1),9,BELI,TIDAK ADA,2026-07-27 11:56:36
PBRX,Small Cap (Lapis 3),Overvalued (Mahal),0.0,6749.9995,27.0,26,24,28,3.8461538461538463,2758200,Normal,49,Positif,Uptrend,Bearish,Bullish MACD,Normal,Distribusi (Turun),Gap Up (+3.8%),Tidak Ada Transaksi,Normal,Tinggi,Doji (Ragu-ragu),Rawan Pucuk (High Risk),< 1 Miliar,Persis di VWAP,Akumulasi Pro (Smart Money),Gorengan Sepi (< 5M),Normal (50-150%),Accumulation (Kumpul Barang),Normal,Normal,Naik 1 Hari Beruntun,TP: 28 | CL: 26,Normal,Tidak Ideal (< 1:1),4,WAIT & SEE,TIDAK ADA,2026-07-27 11:56:37
INDF,Big Cap (Lapis 1),Undervalued (Murah),5.5267053,0.7807632,6875.0,6701,6322,7000,0.36496350364963503,1479400,Normal,63,Positif,Uptrend,Bullish,Strong Bullish,Normal,Akumulasi (Naik),Normal,Seimbang / Adu Mekanik,Normal,Sedang,Normal,Area Tengah,> 1 Miliar,Persis di VWAP,Akumulasi Pro (Smart Money),Ritel Aktif (5M - 50M),Sepi (< 50%),Mark-Up (Fase Pesta),Solid (Jarang Dibanting),Normal,Naik 1 Hari Beruntun,TP: 7054 | CL: 6755,Open = Low (Bullish Kuat),Tidak Ideal (< 1:1),6,WAIT & SEE,TIDAK ADA,2026-07-27 11:56:37
MYOR,Big Cap (Lapis 1),Fair Value (Wajar),12.368251,2.019294,1725.0,1754,1700,1870,1.1730205278592376,615500,Normal,46,Positif,Downtrend,Bearish,Strong Bearish,Normal,Akumulasi (Naik),Normal,Dominan Beli (Hajar Kanan),Squeeze,Rendah,Normal,Dekat Support (Low Risk),> 1 Miliar,Di Bawah VWAP (Lemah),Distribusi Pro (Guyuran),Ritel Aktif (5M - 50M),Sepi (< 50%),Distribution (Fase Jualan),Solid (Jarang Dibanting),Normal,Naik 1 Hari Beruntun,TP: 1787 | CL: 1683,Normal,Sangat Menarik (> 1:3),3,WAIT & SEE,TIDAK ADA,2026-07-27 11:56:37
STRK,Small Cap (Lapis 3),Overvalued (Mahal),0.0,6.1406775,66.0,68,60,76,0.0,4671000,Normal,40,Negatif,Downtrend,Bearish,Bullish MACD,Normal,Distribusi (Turun),Normal,Seimbang / Adu Mekanik,Normal,Tinggi,Doji (Ragu-ragu),Rawan Pucuk (High Risk),< 1 Miliar,Di Bawah VWAP (Lemah),Distribusi Pro (Guyuran),Gorengan Sepi (< 5M),Sepi (< 50%),Mark-Down (Fase Runtuh),Spesialis Tiang Jemuran (Banting Pucuk),Normal,Sideways / Stagnan,TP: 72 | CL: 62,Normal,Ideal (1:2),1,WAIT & SEE,TIDAK ADA,2026-07-27 11:56:37
ASRI,Mid Cap (Lapis 2),Undervalued (Murah),7.803279,0.20250253,119.0,117,104,132,-0.8333333333333334,2341000,Normal,52,Negatif,Uptrend,Bullish,Strong Bullish,Normal,Distribusi (Turun),Normal,Seimbang / Adu Mekanik,Normal,Tinggi,Normal,Rawan Pucuk (High Risk),< 1 Miliar,Di Bawah VWAP (Lemah),Distribusi Pro (Guyuran),Gorengan Sepi (< 5M),Sepi (< 50%),Mark-Up (Fase Pesta),Spesialis Tiang Jemuran (Banting Pucuk),Normal,Turun 4 Hari Beruntun,TP: 126 | CL: 113,Open = High (Tekanan Jual),Tidak Ideal (< 1:1),4,WAIT & SEE,TIDAK ADA,2026-07-27 11:56:37
TOBA,Mid Cap (Lapis 2),Overvalued (Mahal),0.0,21363.637,470.0,426,332,515,0.4273504273504274,2178000,Normal,60,Positif,Uptrend,Bullish,Strong Bullish,Normal,Akumulasi (Naik),Normal,Seimbang / Adu Mekanik,Normal,Tinggi,Normal,Rawan Pucuk (High Risk),> 1 Miliar,Di Bawah VWAP (Lemah),Distribusi Pro (Guyuran),Ritel Aktif (5M - 50M),Sepi (< 50%),Mark-Up (Fase Pesta),Spesialis Tiang Jemuran (Banting Pucuk),Jarum Bawah (Sinyal Pantulan Kuat),Naik 1 Hari Beruntun,TP: 506 | CL: 445,Normal,Tidak Ideal (< 1:1),6,WAIT & SEE,TIDAK ADA,2026-07-27 11:56:38
PPRO,Mid Cap (Lapis 2),Fair Value (Wajar),0.0,-0.25324377,17.0,17,15,19,0.0,744200,Normal,50,Negatif,Downtrend,Bearish,Bearish MACD,Normal,Distribusi (Turun),Normal,Tidak Ada Transaksi,Normal,Tinggi,Doji (Ragu-ragu),Rawan Pucuk (High Risk),< 1 Miliar,Di Bawah VWAP (Lemah),Distribusi Pro (Guyuran),Gorengan Sepi (< 5M),Sepi (< 50%),Distribution (Fase Jualan),Normal,Normal,Sideways / Stagnan,TP: 17 | CL: 16,Normal,Menengah (1:1),0,WAIT & SEE,TIDAK ADA,2026-07-27 11:56:38
PANI,Big Cap (Lapis 1),Overvalued (Mahal),63.28787,4.008928,6125.0,6055,5500,6675,0.0,1166200,Normal,45,Negatif,Uptrend,Bullish,Bullish MACD,Normal,Distribusi (Turun),Normal,Dominan Beli (Hajar Kanan),Normal,Sedang,Doji (Ragu-ragu),Rawan Pucuk (High Risk),> 1 Miliar,Di Bawah VWAP (Lemah),Distribusi Pro (Guyuran),Ritel Aktif (5M - 50M),Sepi (< 50%),Accumulation (Kumpul Barang),Spesialis Tiang Jemuran (Banting Pucuk),Jarum Bawah (Sinyal Pantulan Kuat),Sideways / Stagnan,TP: 6502 | CL: 5873,Normal,Tidak Ideal (< 1:1),4,WAIT & SEE,TIDAK ADA,2026-07-27 11:56:38
HOMI,Small Cap (Lapis 3),Overvalued (Mahal),305.26315,2.065944,174.0,182,171,224,0.5780346820809248,433300,Normal,35,Positif,Downtrend,Bearish,Strong Bearish,Normal,Akumulasi (Naik),Normal,Dominan Beli (Hajar Kanan),Normal,Tinggi,Hammer (Potensi Reversal),Dekat Support (Low Risk),< 1 Miliar,Di Bawah VWAP (Lemah),Akumulasi Pro (Smart Money),Gorengan Sepi (< 5M),Sepi (< 50%),Mark-Down (Fase Runtuh),Normal,Jarum Bawah (Sinyal Pantulan Kuat),Naik 1 Hari Beruntun,TP: 183 | CL: 167,Open = High (Tekanan Jual),Sangat Menarik (> 1:3),3,WAIT & SEE,TIDAK ADA,2026-07-27 11:56:38
LABA,Small Cap (Lapis 3),Undervalued (Murah),3.2737885,1.0927404,92.0,90,79,102,0.0,5488900,Normal,49,Negatif,Uptrend,Bullish,Strong Bullish,Normal,Distribusi (Turun),Normal,Seimbang / Adu Mekanik,Normal,Tinggi,Normal,Rawan Pucuk (High Risk),< 1 Miliar,Di Bawah VWAP (Lemah),Distribusi Pro (Guyuran),Gorengan Sepi (< 5M),Normal (50-150%),Accumulation (Kumpul Barang),Spesialis Tiang Jemuran (Banting Pucuk),Normal,Sideways / Stagnan,TP: 99 | CL: 87,Normal,Tidak Ideal (< 1:1),3,WAIT & SEE,TIDAK ADA,2026-07-27 11:56:38
MGRO,Mid Cap (Lapis 2),Overvalued (Mahal),0.0,7.345687,685.0,673,650,690,0.7352941176470588,3340300,Normal,58,Positif,Uptrend,Golden Cross,Strong Bullish,Normal,Akumulasi (Naik),Normal,Dominan Beli (Hajar Kanan),Squeeze,Rendah,Normal,Area Tengah,> 1 Miliar,Di Atas VWAP (Kuat),Akumulasi Pro (Smart Money),Gorengan Sepi (< 5M),Normal (50-150%),Mark-Up (Fase Pesta),Normal,Normal,Naik 3 Hari Beruntun,TP: 708 | CL: 669,Normal,Tidak Ideal (< 1:1),7,BELI,TIDAK ADA,2026-07-27 11:56:39
BLTA,Small Cap (Lapis 3),Overvalued (Mahal),13.654618,11333.333,34.0,33,30,36,3.0303030303030303,265400,Normal,51,Positif,Uptrend,Bullish,Strong Bullish,Normal,Distribusi (Turun),Gap Up (+3.0%),Tidak Ada Transaksi,Normal,Tinggi,Doji (Ragu-ragu),Rawan Pucuk (High Risk),< 1 Miliar,Persis di VWAP,Akumulasi Pro (Smart Money),Gorengan Sepi (< 5M),Sepi (< 50%),Accumulation (Kumpul Barang),Solid (Jarang Dibanting),Normal,Naik 1 Hari Beruntun,TP: 35 | CL: 32,Normal,Tidak Ideal (< 1:1),6,WAIT & SEE,TIDAK ADA,2026-07-27 11:56:39
ICBP,Big Cap (Lapis 1),Undervalued (Murah),8.928685,1.4952472,7000.0,6754,6299,7125,0.35842293906810035,417900,Normal,63,Positif,Uptrend,Bullish,Strong Bullish,Normal,Akumulasi (Naik),Normal,Seimbang / Adu Mekanik,Normal,Sedang,Normal,Rawan Pucuk (High Risk),> 1 Miliar,Persis di VWAP,Akumulasi Pro (Smart Money),Ritel Aktif (5M - 50M),Sepi (< 50%),Mark-Up (Fase Pesta),Solid (Jarang Dibanting),Normal,Naik 1 Hari Beruntun,TP: 7184 | CL: 6876,Normal,Tidak Ideal (< 1:1),6,WAIT & SEE,TIDAK ADA,2026-07-27 11:56:39
CTTH,Small Cap (Lapis 3),Fair Value (Wajar),0.0,1.0063634,129.0,121,98,153,5.737704918032787,46847500,Tembus MA20,50,Positif,Uptrend,Bullish,Bullish MACD,Normal,Akumulasi (Naik),Normal,Seimbang / Adu Mekanik,Normal,Tinggi,Normal,Rawan Pucuk (High Risk),> 1 Miliar,Di Bawah VWAP (Lemah),Distribusi Pro (Guyuran),Gorengan Sepi (< 5M),Normal (50-150%),Accumulation (Kumpul Barang),Spesialis Tiang Jemuran (Banting Pucuk),Normal,Naik 1 Hari Beruntun,TP: 148 | CL: 116,Normal,Tidak Ideal (< 1:1),6,WAIT & SEE,TIDAK ADA,2026-07-27 11:56:39
FLMC,Small Cap (Lapis 3),Fair Value (Wajar),4.525448,2.760342,73.0,57,50,75,-2.666666666666667,533000,Normal,52,Negatif,Uptrend,Bullish,Bullish MACD,Normal,Akumulasi (Naik),Gap Down (-2.7%),Tidak Ada Transaksi,Normal,Tinggi,Doji (Ragu-ragu),Rawan Pucuk (High Risk),< 1 Miliar,Di Atas VWAP (Kuat),Akumulasi Pro (Smart Money),Gorengan Sepi (< 5M),Sepi (< 50%),Accumulation (Kumpul Barang),Solid (Jarang Dibanting),Normal,Turun 1 Hari Beruntun,TP: 76 | CL: 70,Normal,Tidak Ideal (< 1:1),5,WAIT & SEE,TIDAK ADA,2026-07-27 11:56:39
ADHI,Mid Cap (Lapis 2),Fair Value (Wajar),0.0,0.44548514,160.0,159,146,175,-1.2345679012345678,926200,Normal,48,Negatif,Uptrend,Bullish,Strong Bullish,Normal,Distribusi (Turun),Normal,Dominan Jual (Guyur),Normal,Tinggi,Normal,Area Tengah,< 1 Miliar,Di Bawah VWAP (Lemah),Distribusi Pro (Guyuran),Gorengan Sepi (< 5M),Sepi (< 50%),Accumulation (Kumpul Barang),Spesialis Tiang Jemuran (Banting Pucuk),Normal,Turun 2 Hari Beruntun,TP: 168 | CL: 154,Normal,Menengah (1:1),3,WAIT & SEE,TIDAK ADA,2026-07-27 11:56:39
BAPI,Small Cap (Lapis 3),Fair Value (Wajar),0.0,0.23896877,17.0,15,14,18,6.25,6733700,Normal,53,Positif,Uptrend,Bearish,Bullish MACD,Normal,Akumulasi (Naik),Gap Up (+6.2%),Tidak Ada Transaksi,Normal,Tinggi,Doji (Ragu-ragu),Rawan Pucuk (High Risk),< 1 Miliar,Di Atas VWAP (Kuat),Akumulasi Pro (Smart Money),Gorengan Sepi (< 5M),Sepi (< 50%),Accumulation (Kumpul Barang),Spesialis Tiang Jemuran (Banting Pucuk),Normal,Naik 3 Hari Beruntun,TP: 18 | CL: 16,Normal,Tidak Ideal (< 1:1),6,WAIT & SEE,TIDAK ADA,2026-07-27 11:56:40
JSMR,Big Cap (Lapis 1),Undervalued (Murah),5.589252,0.528561,2700.0,2720,2600,2840,-0.7352941176470588,478100,Normal,46,Negatif,Downtrend,Bullish,Bullish MACD,Normal,Distribusi (Turun),Normal,Dominan Jual (Guyur),Squeeze,Rendah,Normal,Area Tengah,> 1 Miliar,Di Bawah VWAP (Lemah),Distribusi Pro (Guyuran),Ritel Aktif (5M - 50M),Sepi (< 50%),Mark-Down (Fase Runtuh),Spesialis Tiang Jemuran (Banting Pucuk),Normal,Turun 1 Hari Beruntun,TP: 2792 | CL: 2638,Normal,Menengah (1:1),2,WAIT & SEE,TIDAK ADA,2026-07-27 11:56:40
KOPI,Small Cap (Lapis 3),Overvalued (Mahal),82.24927,1.9659371,196.0,189,167,228,-1.0101010101010102,83600,Normal,51,Negatif,Uptrend,Bullish,Strong Bullish,Normal,Distribusi (Turun),Normal,Seimbang / Adu Mekanik,Normal,Tinggi,Normal,Rawan Pucuk (High Risk),< 1 Miliar,Di Bawah VWAP (Lemah),Distribusi Pro (Guyuran),Gorengan Sepi (< 5M),Sepi (< 50%),Accumulation (Kumpul Barang),Spesialis Tiang Jemuran (Banting Pucuk),Normal,Turun 4 Hari Beruntun,TP: 218 | CL: 181,Open = High (Tekanan Jual),Menengah (1:1),4,WAIT & SEE,TIDAK ADA,2026-07-27 11:56:40
SMGA,Small Cap (Lapis 3),Fair Value (Wajar),0.0,1.4536372,71.0,68,59,79,1.4285714285714286,1779500,Normal,53,Positif,Uptrend,Bullish,Strong Bullish,Normal,Distribusi (Turun),Normal,Dominan Beli (Hajar Kanan),Normal,Tinggi,Marubozu (Strong Bullish),Rawan Pucuk (High Risk),< 1 Miliar,Di Bawah VWAP (Lemah),Akumulasi Pro (Smart Money),Gorengan Sepi (< 5M),Sepi (< 50%),Accumulation (Kumpul Barang),Normal,Normal,Naik 1 Hari Beruntun,TP: 77 | CL: 66,Open = Low (Bullish Kuat),Tidak Ideal (< 1:1),6,WAIT & SEE,TIDAK ADA,2026-07-27 11:56:40
CGAS,Small Cap (Lapis 3),Fair Value (Wajar),15.384615,1.0125318,154.0,148,136,171,0.0,992700,Normal,54,Negatif,Uptrend,Bullish,Strong Bullish,Normal,Distribusi (Turun),Normal,Dominan Beli (Hajar Kanan),Normal,Tinggi,Normal,Rawan Pucuk (High Risk),< 1 Miliar,Di Bawah VWAP (Lemah),Distribusi Pro (Guyuran),Gorengan Sepi (< 5M),Sepi (< 50%),Accumulation (Kumpul Barang),Spesialis Tiang Jemuran (Banting Pucuk),Normal,Sideways / Stagnan,TP: 162 | CL: 148,Normal,Tidak Ideal (< 1:1),5,WAIT & SEE,TIDAK ADA,2026-07-27 11:56:40
PLAN,Small Cap (Lapis 3),Fair Value (Wajar),0.0,0.6154358,38.0,37,32,40,0.0,496500,Normal,50,Negatif,Uptrend,Bullish,Strong Bullish,Normal,Akumulasi (Naik),Normal,Seimbang / Adu Mekanik,Normal,Tinggi,Doji (Ragu-ragu),Rawan Pucuk (High Risk),< 1 Miliar,Di Bawah VWAP (Lemah),Akumulasi Pro (Smart Money),Gorengan Sepi (< 5M),Sepi (< 50%),Accumulation (Kumpul Barang),Normal,Normal,Sideways / Stagnan,TP: 41 | CL: 35,Normal,Tidak Ideal (< 1:1),4,WAIT & SEE,TIDAK ADA,2026-07-27 11:56:40
BMBL,Small Cap (Lapis 3),Fair Value (Wajar),0.0,0.46953332,31.0,31,29,34,0.0,994800,Normal,47,Negatif,Downtrend,Bullish,Bullish MACD,Normal,Akumulasi (Naik),Normal,Dominan Beli (Hajar Kanan),Normal,Sedang,Doji (Ragu-ragu),Area Tengah,< 1 Miliar,Di Bawah VWAP (Lemah),Akumulasi Pro (Smart Money),Gorengan Sepi (< 5M),Sepi (< 50%),Mark-Down (Fase Runtuh),Normal,Jarum Bawah (Sinyal Pantulan Kuat),Sideways / Stagnan,TP: 34 | CL: 28,Normal,Ideal (1:2),4,WAIT & SEE,TIDAK ADA,2026-07-27 11:56:41
LAPD,Small Cap (Lapis 3),Fair Value (Wajar),0.0,-10.953825,65.0,65,54,84,0.0,4096900,Normal,48,Negatif,Downtrend,Bullish,Strong Bullish,Normal,Distribusi (Turun),Normal,Seimbang / Adu Mekanik,Normal,Tinggi,Doji (Ragu-ragu),Rawan Pucuk (High Risk),< 1 Miliar,Di Bawah VWAP (Lemah),Akumulasi Pro (Smart Money),Gorengan Sepi (< 5M),Sepi (< 50%),Distribution (Fase Jualan),Spesialis Tiang Jemuran (Banting Pucuk),Jarum Bawah (Sinyal Pantulan Kuat),Sideways / Stagnan,TP: 72 | CL: 59,Normal,Ideal (1:2),2,WAIT & SEE,TIDAK ADA,2026-07-27 11:56:41
FORE,Mid Cap (Lapis 2),Overvalued (Mahal),55.88737,7.918661,655.0,622,565,705,0.0,3187100,Normal,51,Negatif,Uptrend,Bullish,Bullish MACD,Normal,Akumulasi (Naik),Normal,Seimbang / Adu Mekanik,Normal,Tinggi,Normal,Rawan Pucuk (High Risk),> 1 Miliar,Persis di VWAP,Akumulasi Pro (Smart Money),Ritel Aktif (5M - 50M),Sepi (< 50%),Accumulation (Kumpul Barang),Normal,Normal,Sideways / Stagnan,TP: 702 | CL: 623,Normal,Tidak Ideal (< 1:1),5,WAIT & SEE,TIDAK ADA,2026-07-27 11:56:41
SOCI,Mid Cap (Lapis 2),Overvalued (Mahal),15.92262,7379.3105,428.0,356,290,446,0.4694835680751174,11580000,Normal,70,Positif,Uptrend,Bullish,Strong Bullish,Normal,Akumulasi (Naik),Normal,Dominan Beli (Hajar Kanan),Normal,Tinggi,Doji (Ragu-ragu),Rawan Pucuk (High Risk),> 1 Miliar,Di Atas VWAP (Kuat),Akumulasi Pro (Smart Money),Ritel Aktif (5M - 50M),Normal (50-150%),Mark-Up (Fase Pesta),Spesialis Tiang Jemuran (Banting Pucuk),Jarum Bawah (Sinyal Pantulan Kuat),Naik 1 Hari Beruntun,TP: 469 | CL: 400,Normal,Tidak Ideal (< 1:1),7,BELI,TIDAK ADA,2026-07-27 11:56:41
BCIC,Mid Cap (Lapis 2),Fair Value (Wajar),0.0,0.64536273,124.0,120,110,150,-2.3622047244094486,2188500,Normal,52,Negatif,Uptrend,Bullish,Strong Bullish,Normal,Akumulasi (Naik),Normal,Dominan Jual (Guyur),Normal,Sedang,Normal,Rawan Pucuk (High Risk),< 1 Miliar,Di Bawah VWAP (Lemah),Distribusi Pro (Guyuran),Gorengan Sepi (< 5M),Sepi (< 50%),Mark-Up (Fase Pesta),Spesialis Tiang Jemuran (Banting Pucuk),Normal,Turun 1 Hari Beruntun,TP: 138 | CL: 114,Normal,Ideal (1:2),5,WAIT & SEE,TIDAK ADA,2026-07-27 11:56:41
PURA,Small Cap (Lapis 3),Fair Value (Wajar),20.73255,0.36763805,30.0,30,28,33,0.0,174100,Normal,45,Negatif,Downtrend,Bullish,Bullish MACD,Normal,Akumulasi (Naik),Normal,Tidak Ada Transaksi,Normal,Sedang,Doji (Ragu-ragu),Area Tengah,< 1 Miliar,Di Bawah VWAP (Lemah),Akumulasi Pro (Smart Money),Gorengan Sepi (< 5M),Sepi (< 50%),Mark-Down (Fase Runtuh),Solid (Jarang Dibanting),Normal,Sideways / Stagnan,TP: 31 | CL: 28,Normal,Ideal (1:2),3,WAIT & SEE,TIDAK ADA,2026-07-27 11:56:42
TRIN,Mid Cap (Lapis 2),Overvalued (Mahal),119.01409,2.5304325,338.0,336,290,386,-1.1695906432748537,2520400,Normal,43,Negatif,Uptrend,Bullish,Bullish MACD,Normal,Akumulasi (Naik),Normal,Dominan Beli (Hajar Kanan),Normal,Tinggi,Hammer (Potensi Reversal),Rawan Pucuk (High Risk),< 1 Miliar,Di Bawah VWAP (Lemah),Distribusi Pro (Guyuran),Gorengan Sepi (< 5M),Sepi (< 50%),Accumulation (Kumpul Barang),Spesialis Tiang Jemuran (Banting Pucuk),Jarum Bawah (Sinyal Pantulan Kuat),Turun 2 Hari Beruntun,TP: 377 | CL: 311,Open = High (Tekanan Jual),Menengah (1:1),5,WAIT & SEE,TIDAK ADA,2026-07-27 11:56:42
CLEO,Mid Cap (Lapis 2),Overvalued (Mahal),23.143564,3.7892604,374.0,379,361,394,0.0,598900,Normal,46,Negatif,Downtrend,Death Cross,Bearish MACD,Normal,Distribusi (Turun),Normal,Seimbang / Adu Mekanik,Squeeze,Rendah,Normal,Area Tengah,< 1 Miliar,Di Bawah VWAP (Lemah),Akumulasi Pro (Smart Money),Gorengan Sepi (< 5M),Sepi (< 50%),Distribution (Fase Jualan),Solid (Jarang Dibanting),Normal,Sideways / Stagnan,TP: 384 | CL: 366,Open = High (Tekanan Jual),Ideal (1:2),0,WAIT & SEE,TIDAK ADA,2026-07-27 11:56:42
AREA,Small Cap (Lapis 3),Fair Value (Wajar),0.0,2.9678552,284.0,252,206,326,0.0,195300,Normal,64,Negatif,Uptrend,Bullish,Strong Bullish,Normal,Akumulasi (Naik),Normal,Dominan Jual (Guyur),Normal,Tinggi,Doji (Ragu-ragu),Rawan Pucuk (High Risk),< 1 Miliar,Di Bawah VWAP (Lemah),Akumulasi Pro (Smart Money),Gorengan Sepi (< 5M),Sepi (< 50%),Mark-Up (Fase Pesta),Normal,Normal,Sideways / Stagnan,TP: 314 | CL: 263,Normal,Tidak Ideal (< 1:1),5,WAIT & SEE,TIDAK ADA,2026-07-27 11:56:42
DKFT,Mid Cap (Lapis 2),Fair Value (Wajar),5.2356024,2.4004831,640.0,638,590,680,0.0,1154600,Normal,47,Negatif,Uptrend,Bullish,Bullish MACD,Normal,Distribusi (Turun),Normal,Seimbang / Adu Mekanik,Normal,Sedang,Normal,Area Tengah,< 1 Miliar,Persis di VWAP,Distribusi Pro (Guyuran),Ritel Aktif (5M - 50M),Sepi (< 50%),Accumulation (Kumpul Barang),Normal,Normal,Sideways / Stagnan,TP: 677 | CL: 615,Normal,Tidak Ideal (< 1:1),3,WAIT & SEE,TIDAK ADA,2026-07-27 11:56:42
SAME,Mid Cap (Lapis 2),Overvalued (Mahal),263.71683,1.33938,298.0,314,292,410,0.0,142500,Normal,41,Negatif,Downtrend,Bearish,Strong Bearish,Normal,Distribusi (Turun),Normal,Dominan Jual (Guyur),Normal,Tinggi,Normal,Dekat Support (Low Risk),< 1 Miliar,Persis di VWAP,Distribusi Pro (Guyuran),Gorengan Sepi (< 5M),Sepi (< 50%),Mark-Down (Fase Runtuh),Normal,Normal,Sideways / Stagnan,TP: 313 | CL: 287,Open = High (Tekanan Jual),Sangat Menarik (> 1:3),0,WAIT & SEE,TIDAK ADA,2026-07-27 11:56:42
NSSS,Big Cap (Lapis 1),Overvalued (Mahal),31.818182,9.602744,840.0,711,520,855,5.0,8351300,Tembus MA20,75,Positif,Uptrend,Bullish,Strong Bullish,Normal,Akumulasi (Naik),Normal,Dominan Beli (Hajar Kanan),Normal,Tinggi,Normal,Rawan Pucuk (High Risk),> 1 Miliar,Di Atas VWAP (Kuat),Akumulasi Pro (Smart Money),Ritel Aktif (5M - 50M),Normal (50-150%),Mark-Up (Fase Pesta),Solid (Jarang Dibanting),Normal,Naik 1 Hari Beruntun,TP: 926 | CL: 782,Normal,Tidak Ideal (< 1:1),8,BELI,TIDAK ADA,2026-07-27 11:56:43
IPTV,Mid Cap (Lapis 2),Fair Value (Wajar),0.0,0.23211649,33.0,32,29,36,0.0,138600,Normal,51,Negatif,Uptrend,Golden Cross,Bullish MACD,Normal,Akumulasi (Naik),Normal,Tidak Ada Transaksi,Normal,Tinggi,Doji (Ragu-ragu),Rawan Pucuk (High Risk),< 1 Miliar,Di Atas VWAP (Kuat),Akumulasi Pro (Smart Money),Gorengan Sepi (< 5M),Sepi (< 50%),Accumulation (Kumpul Barang),Normal,Normal,Sideways / Stagnan,TP: 34 | CL: 31,Normal,Tidak Ideal (< 1:1),5,WAIT & SEE,TIDAK ADA,2026-07-27 11:56:43
BATR,Small Cap (Lapis 3),Fair Value (Wajar),0.0,1.7639027,93.0,87,78,105,0.0,2159900,Normal,63,Negatif,Uptrend,Bullish,Strong Bullish,Normal,Distribusi (Turun),Gap Up (+2.2%),Dominan Jual (Guyur),Normal,Tinggi,Normal,Rawan Pucuk (High Risk),< 1 Miliar,Persis di VWAP,Distribusi Pro (Guyuran),Gorengan Sepi (< 5M),Sepi (< 50%),Mark-Up (Fase Pesta),Spesialis Tiang Jemuran (Banting Pucuk),Normal,Sideways / Stagnan,TP: 99 | CL: 88,Normal,Tidak Ideal (< 1:1),5,WAIT & SEE,TIDAK ADA,2026-07-27 11:56:43
ASSA,Mid Cap (Lapis 2),Undervalued (Murah),5.3428316,0.9673675,600.0,603,560,650,-1.639344262295082,2460100,Normal,46,Negatif,Downtrend,Bullish,Strong Bullish,Normal,Distribusi (Turun),Normal,Seimbang / Adu Mekanik,Normal,Sedang,Normal,Area Tengah,> 1 Miliar,Di Bawah VWAP (Lemah),Distribusi Pro (Guyuran),Gorengan Sepi (< 5M),Normal (50-150%),Mark-Down (Fase Runtuh),Normal,Normal,Turun 2 Hari Beruntun,TP: 633 | CL: 577,Normal,Menengah (1:1),2,WAIT & SEE,TIDAK ADA,2026-07-27 11:56:43
ERAL,Mid Cap (Lapis 2),Undervalued (Murah),8.621737,0.82407933,284.0,281,250,308,0.0,961200,Normal,53,Negatif,Uptrend,Bullish,Strong Bullish,Normal,Akumulasi (Naik),Normal,Dominan Beli (Hajar Kanan),Normal,Sedang,Doji (Ragu-ragu),Rawan Pucuk (High Risk),< 1 Miliar,Di Bawah VWAP (Lemah),Distribusi Pro (Guyuran),Gorengan Sepi (< 5M),Sepi (< 50%),Mark-Up (Fase Pesta),Normal,Jarum Bawah (Sinyal Pantulan Kuat),Sideways / Stagnan,TP: 296 | CL: 276,Normal,Tidak Ideal (< 1:1),6,WAIT & SEE,TIDAK ADA,2026-07-27 11:56:43
IKAN,Small Cap (Lapis 3),Overvalued (Mahal),41.836735,0.92039686,83.0,79,68,96,1.2195121951219512,2590900,Normal,54,Positif,Uptrend,Bullish,Strong Bullish,Normal,Akumulasi (Naik),Normal,Dominan Beli (Hajar Kanan),Normal,Tinggi,Normal,Rawan Pucuk (High Risk),< 1 Miliar,Di Bawah VWAP (Lemah),Distribusi Pro (Guyuran),Gorengan Sepi (< 5M),Sepi (< 50%),Mark-Up (Fase Pesta),Spesialis Tiang Jemuran (Banting Pucuk),Normal,Naik 1 Hari Beruntun,TP: 94 | CL: 75,Normal,Tidak Ideal (< 1:1),7,BELI,TIDAK ADA,2026-07-27 11:56:44
LOPI,Small Cap (Lapis 3),Fair Value (Wajar),0.0,1.1272522,62.0,57,45,72,0.0,2764900,Normal,51,Negatif,Uptrend,Bullish,Bullish MACD,Normal,Akumulasi (Naik),Normal,Dominan Jual (Guyur),Normal,Tinggi,Doji (Ragu-ragu),Rawan Pucuk (High Risk),< 1 Miliar,Persis di VWAP,Akumulasi Pro (Smart Money),Gorengan Sepi (< 5M),Normal (50-150%),Accumulation (Kumpul Barang),Normal,Normal,Sideways / Stagnan,TP: 68 | CL: 57,Normal,Tidak Ideal (< 1:1),5,WAIT & SEE,TIDAK ADA,2026-07-27 11:56:44
KRAS,Mid Cap (Lapis 2),Overvalued (Mahal),0.62706363,6277.778,226.0,220,188,250,-1.7391304347826086,2632200,Normal,52,Negatif,Uptrend,Bullish,Strong Bullish,Normal,Distribusi (Turun),Normal,Dominan Beli (Hajar Kanan),Normal,Tinggi,Hammer (Potensi Reversal),Rawan Pucuk (High Risk),< 1 Miliar,Di Bawah VWAP (Lemah),Akumulasi Pro (Smart Money),Gorengan Sepi (< 5M),Sepi (< 50%),Mark-Up (Fase Pesta),Solid (Jarang Dibanting),Jarum Bawah (Sinyal Pantulan Kuat),Turun 3 Hari Beruntun,TP: 246 | CL: 212,Open = High (Tekanan Jual),Tidak Ideal (< 1:1),5,WAIT & SEE,TIDAK ADA,2026-07-27 11:56:44
MPIX,Small Cap (Lapis 3),Fair Value (Wajar),0.0,0.88793993,89.0,94,87,102,-2.197802197802198,4398500,Normal,40,Negatif,Downtrend,Bearish,Bearish MACD,Normal,Distribusi (Turun),Normal,Seimbang / Adu Mekanik,Normal,Sedang,Normal,Dekat Support (Low Risk),< 1 Miliar,Di Bawah VWAP (Lemah),Distribusi Pro (Guyuran),Gorengan Sepi (< 5M),Normal (50-150%),Distribution (Fase Jualan),Spesialis Tiang Jemuran (Banting Pucuk),Normal,Turun 4 Hari Beruntun,TP: 95 | CL: 84,Open = High (Tekanan Jual),Sangat Menarik (> 1:3),0,WAIT & SEE,TIDAK ADA,2026-07-27 11:56:44
VIVA,Small Cap (Lapis 3),Overvalued (Mahal),0.45039704,6.430868,38.0,34,29,41,2.7027027027027026,2505500,Normal,58,Positif,Uptrend,Bullish,Strong Bullish,Normal,Akumulasi (Naik),Gap Up (+2.7%),Tidak Ada Transaksi,Normal,Tinggi,Doji (Ragu-ragu),Rawan Pucuk (High Risk),< 1 Miliar,Persis di VWAP,Akumulasi Pro (Smart Money),Gorengan Sepi (< 5M),Sepi (< 50%),Mark-Up (Fase Pesta),Normal,Normal,Naik 1 Hari Beruntun,TP: 40 | CL: 36,Normal,Tidak Ideal (< 1:1),7,BELI,TIDAK ADA,2026-07-27 11:56:44
FAST,Mid Cap (Lapis 2),Overvalued (Mahal),0.0,4.620516,284.0,270,202,300,-0.6993006993006993,677700,Normal,59,Negatif,Uptrend,Bullish,Strong Bullish,Normal,Akumulasi (Naik),Gap Up (+2.8%),Seimbang / Adu Mekanik,Normal,Tinggi,Normal,Rawan Pucuk (High Risk),< 1 Miliar,Di Bawah VWAP (Lemah),Distribusi Pro (Guyuran),Gorengan Sepi (< 5M),Sepi (< 50%),Mark-Up (Fase Pesta),Normal,Normal,Turun 3 Hari Beruntun,TP: 307 | CL: 268,Open = High (Tekanan Jual),Tidak Ideal (< 1:1),6,WAIT & SEE,TIDAK ADA,2026-07-27 11:56:44
AHAP,Small Cap (Lapis 3),Fair Value (Wajar),0.0,2.6743295,94.0,92,80,115,1.0752688172043012,8322500,Normal,53,Positif,Uptrend,Bullish,Strong Bullish,Normal,Akumulasi (Naik),Gap Down (-3.2%),Dominan Beli (Hajar Kanan),Normal,Tinggi,Normal,Rawan Pucuk (High Risk),< 1 Miliar,Di Bawah VWAP (Lemah),Distribusi Pro (Guyuran),Gorengan Sepi (< 5M),Sepi (< 50%),Mark-Up (Fase Pesta),Normal,Normal,Naik 1 Hari Beruntun,TP: 104 | CL: 87,Normal,Ideal (1:2),7,BELI,TIDAK ADA,2026-07-27 11:56:45
TCPI,Big Cap (Lapis 1),Overvalued (Mahal),205.0594,12.57297,5350.0,6164,5350,7193,-3.6036036036036037,2894600,Normal,24,Negatif,Downtrend,Bearish,Bullish MACD,Normal,Distribusi (Turun),Normal,Dominan Jual (Guyur),Normal,Tinggi,Normal,Dekat Support (Low Risk),> 1 Miliar,Di Bawah VWAP (Lemah),Akumulasi Pro (Smart Money),Ritel Aktif (5M - 50M),Normal (50-150%),Mark-Down (Fase Runtuh),Normal,Normal,Turun 4 Hari Beruntun,TP: 5856 | CL: 5012,Open = High (Tekanan Jual),Di Area Support,1,WAIT & SEE,TIDAK ADA,2026-07-27 11:56:45
UNTR,Big Cap (Lapis 1),Undervalued (Murah),7.4914665,0.943172,25350.0,25047,21975,27650,-0.5882352941176471,1511600,Normal,54,Negatif,Uptrend,Bullish,Bearish MACD,Normal,Distribusi (Turun),Normal,Seimbang / Adu Mekanik,Normal,Tinggi,Normal,Rawan Pucuk (High Risk),> 1 Miliar,Di Bawah VWAP (Lemah),Distribusi Pro (Guyuran),Sultan (> 50M/hari),Sepi (< 50%),Mark-Up (Fase Pesta),Normal,Jarum Bawah (Sinyal Pantulan Kuat),Turun 1 Hari Beruntun,TP: 26517 | CL: 24571,Normal,Tidak Ideal (< 1:1),3,WAIT & SEE,TIDAK ADA,2026-07-27 11:56:45
BANK,Mid Cap (Lapis 2),Overvalued (Mahal),34.85785,1.1847097,282.0,281,244,314,-2.083333333333333,1430200,Normal,46,Negatif,Uptrend,Bullish,Bullish MACD,Normal,Akumulasi (Naik),Normal,Dominan Jual (Guyur),Normal,Tinggi,Normal,Rawan Pucuk (High Risk),< 1 Miliar,Di Bawah VWAP (Lemah),Akumulasi Pro (Smart Money),Gorengan Sepi (< 5M),Sepi (< 50%),Accumulation (Kumpul Barang),Spesialis Tiang Jemuran (Banting Pucuk),Normal,Turun 2 Hari Beruntun,TP: 304 | CL: 267,Open = High (Tekanan Jual),Tidak Ideal (< 1:1),4,WAIT & SEE,TIDAK ADA,2026-07-27 11:56:45
MAIN,Mid Cap (Lapis 2),Undervalued (Murah),3.4729064,0.5233822,705.0,678,605,735,0.7142857142857143,113700,Normal,53,Positif,Uptrend,Bullish,Strong Bullish,Normal,Distribusi (Turun),Normal,Seimbang / Adu Mekanik,Normal,Tinggi,Doji (Ragu-ragu),Rawan Pucuk (High Risk),< 1 Miliar,Di Bawah VWAP (Lemah),Distribusi Pro (Guyuran),Gorengan Sepi (< 5M),Sepi (< 50%),Accumulation (Kumpul Barang),Normal,Normal,Naik 1 Hari Beruntun,TP: 735 | CL: 684,Normal,Tidak Ideal (< 1:1),5,WAIT & SEE,TIDAK ADA,2026-07-27 11:56:45
POLA,Small Cap (Lapis 3),Overvalued (Mahal),75.0,0.85822695,57.0,58,50,68,0.0,2127500,Normal,45,Negatif,Downtrend,Bullish,Bullish MACD,Normal,Distribusi (Turun),Normal,Dominan Beli (Hajar Kanan),Normal,Tinggi,Hammer (Potensi Reversal),Rawan Pucuk (High Risk),< 1 Miliar,Di Bawah VWAP (Lemah),Distribusi Pro (Guyuran),Gorengan Sepi (< 5M),Sepi (< 50%),Mark-Down (Fase Runtuh),Spesialis Tiang Jemuran (Banting Pucuk),Jarum Bawah (Sinyal Pantulan Kuat),Sideways / Stagnan,TP: 63 | CL: 52,Open = High (Tekanan Jual),Ideal (1:2),3,WAIT & SEE,TIDAK ADA,2026-07-27 11:56:46
BGTG,Mid Cap (Lapis 2),Undervalued (Murah),11.377871,0.70056367,109.0,109,100,117,0.0,349400,Normal,48,Negatif,Downtrend,Bullish,Strong Bullish,Normal,Distribusi (Turun),Normal,Dominan Beli (Hajar Kanan),Normal,Sedang,Doji (Ragu-ragu),Area Tengah,< 1 Miliar,Di Bawah VWAP (Lemah),Akumulasi Pro (Smart Money),Gorengan Sepi (< 5M),Sepi (< 50%),Mark-Down (Fase Runtuh),Normal,Jarum Bawah (Sinyal Pantulan Kuat),Sideways / Stagnan,TP: 114 | CL: 105,Normal,Tidak Ideal (< 1:1),3,WAIT & SEE,TIDAK ADA,2026-07-27 11:56:46
TRON,Small Cap (Lapis 3),Fair Value (Wajar),0.0,1.8204687,110.0,102,90,137,0.0,4551000,Normal,55,Negatif,Uptrend,Bullish,Strong Bullish,Normal,Akumulasi (Naik),Normal,Seimbang / Adu Mekanik,Normal,Tinggi,Doji (Ragu-ragu),Rawan Pucuk (High Risk),< 1 Miliar,Di Bawah VWAP (Lemah),Akumulasi Pro (Smart Money),Ritel Aktif (5M - 50M),Sepi (< 50%),Mark-Up (Fase Pesta),Spesialis Tiang Jemuran (Banting Pucuk),Normal,Sideways / Stagnan,TP: 127 | CL: 98,Normal,Menengah (1:1),5,WAIT & SEE,TIDAK ADA,2026-07-27 11:56:46
STAA,Big Cap (Lapis 1),Fair Value (Wajar),7.3977666,1.7388756,1080.0,1019,980,1080,0.46511627906976744,3084300,Normal,65,Positif,Uptrend,Bullish,Strong Bullish,Normal,Akumulasi (Naik),Normal,Dominan Beli (Hajar Kanan),Breakout Upper,Sedang,Hammer (Potensi Reversal),Rawan Pucuk (High Risk),> 1 Miliar,Di Atas VWAP (Kuat),Akumulasi Pro (Smart Money),Ritel Aktif (5M - 50M),Normal (50-150%),Mark-Up (Fase Pesta),Solid (Jarang Dibanting),Jarum Bawah (Sinyal Pantulan Kuat),Naik 5 Hari Beruntun,TP: 1117 | CL: 1055,Normal,Tidak Ideal (< 1:1),7,BELI,TIDAK ADA,2026-07-27 11:56:46
BNGA,Big Cap (Lapis 1),Undervalued (Murah),6.0681844,0.7050306,1655.0,1590,1505,1665,0.9146341463414633,1556500,Normal,65,Positif,Uptrend,Bullish,Strong Bullish,Normal,Akumulasi (Naik),Normal,Dominan Beli (Hajar Kanan),Normal,Sedang,Normal,Area Tengah,> 1 Miliar,Persis di VWAP,Akumulasi Pro (Smart Money),Gorengan Sepi (< 5M),Normal (50-150%),Accumulation (Kumpul Barang),Normal,Normal,Naik 1 Hari Beruntun,TP: 1691 | CL: 1630,Normal,Tidak Ideal (< 1:1),7,BELI,TIDAK ADA,2026-07-27 11:56:46
NIKL,Small Cap (Lapis 3),Overvalued (Mahal),16.114983,8409.091,185.0,184,169,204,-0.5376344086021506,700700,Normal,42,Negatif,Uptrend,Bullish,Bullish MACD,Normal,Distribusi (Turun),Normal,Dominan Beli (Hajar Kanan),Normal,Tinggi,Normal,Area Tengah,< 1 Miliar,Di Bawah VWAP (Lemah),Distribusi Pro (Guyuran),Gorengan Sepi (< 5M),Sepi (< 50%),Accumulation (Kumpul Barang),Normal,Jarum Bawah (Sinyal Pantulan Kuat),Turun 2 Hari Beruntun,TP: 197 | CL: 176,Normal,Menengah (1:1),4,WAIT & SEE,TIDAK ADA,2026-07-27 11:56:46
MAPA,Big Cap (Lapis 1),Fair Value (Wajar),9.156663,1.8525033,595.0,609,575,655,-1.6528925619834711,1582500,Normal,45,Negatif,Downtrend,Bullish,Bearish MACD,Normal,Distribusi (Turun),Normal,Seimbang / Adu Mekanik,Normal,Sedang,Normal,Area Tengah,< 1 Miliar,Di Bawah VWAP (Lemah),Distribusi Pro (Guyuran),Ritel Aktif (5M - 50M),Sepi (< 50%),Distribution (Fase Jualan),Normal,Normal,Turun 1 Hari Beruntun,TP: 630 | CL: 571,Open = High (Tekanan Jual),Sangat Menarik (> 1:3),1,WAIT & SEE,TIDAK ADA,2026-07-27 11:56:47
SPRE,Small Cap (Lapis 3),Fair Value (Wajar),0.0,1.3780284,86.0,82,70,99,-4.444444444444445,2987900,Tembus MA20,56,Negatif,Uptrend,Bullish,Strong Bullish,Normal,Akumulasi (Naik),Gap Up (+10.0%),Dominan Jual (Guyur),Normal,Sedang,Normal,Rawan Pucuk (High Risk),< 1 Miliar,Persis di VWAP,Akumulasi Pro (Smart Money),Gorengan Sepi (< 5M),Normal (50-150%),Mark-Up (Fase Pesta),Normal,Normal,Turun 1 Hari Beruntun,TP: 98 | CL: 77,Open = High (Tekanan Jual),Tidak Ideal (< 1:1),7,BELI,TIDAK ADA,2026-07-27 11:56:47
MKAP,Mid Cap (Lapis 2),Overvalued (Mahal),768.2119,11.437587,1160.0,1173,1145,1220,-0.4291845493562232,45500,Normal,53,Negatif,Downtrend,Bearish,Bearish MACD,Normal,Distribusi (Turun),Normal,Tidak Ada Transaksi,Squeeze,Rendah,Doji (Ragu-ragu),Dekat Support (Low Risk),< 1 Miliar,Persis di VWAP,Akumulasi Pro (Smart Money),Gorengan Sepi (< 5M),Sepi (< 50%),Distribution (Fase Jualan),Normal,Normal,Turun 1 Hari Beruntun,TP: 1172 | CL: 1151,Normal,Sangat Menarik (> 1:3),1,WAIT & SEE,TIDAK ADA,2026-07-27 11:56:47
EXCL,Big Cap (Lapis 1),Fair Value (Wajar),0.0,1.5050647,2410.0,2500,2310,2660,0.0,2395100,Normal,38,Negatif,Downtrend,Death Cross,Strong Bearish,Normal,Distribusi (Turun),Normal,Seimbang / Adu Mekanik,Normal,Sedang,Doji (Ragu-ragu),Area Tengah,> 1 Miliar,Di Bawah VWAP (Lemah),Distribusi Pro (Guyuran),Ritel Aktif (5M - 50M),Sepi (< 50%),Mark-Down (Fase Runtuh),Normal,Normal,Sideways / Stagnan,TP: 2534 | CL: 2327,Normal,Ideal (1:2),0,WAIT & SEE,TIDAK ADA,2026-07-27 11:56:47
CFIN,Mid Cap (Lapis 2),Undervalued (Murah),5.625737,0.23387554,332.0,330,312,348,-1.1904761904761905,1677000,Normal,55,Negatif,Uptrend,Bullish,Bearish MACD,Normal,Distribusi (Turun),Normal,Dominan Jual (Guyur),Normal,Sedang,Normal,Area Tengah,< 1 Miliar,Di Bawah VWAP (Lemah),Distribusi Pro (Guyuran),Gorengan Sepi (< 5M),Normal (50-150%),Mark-Up (Fase Pesta),Solid (Jarang Dibanting),Normal,Turun 3 Hari Beruntun,TP: 341 | CL: 326,Open = High (Tekanan Jual),Tidak Ideal (< 1:1),3,WAIT & SEE,TIDAK ADA,2026-07-27 11:56:47
WEHA,Small Cap (Lapis 3),Undervalued (Murah),6.361952,0.579257,104.0,101,93,110,0.9708737864077669,1248400,Normal,50,Positif,Uptrend,Bullish,Bullish MACD,Normal,Akumulasi (Naik),Normal,Seimbang / Adu Mekanik,Normal,Sedang,Normal,Rawan Pucuk (High Risk),< 1 Miliar,Di Bawah VWAP (Lemah),Distribusi Pro (Guyuran),Gorengan Sepi (< 5M),Sepi (< 50%),Accumulation (Kumpul Barang),Normal,Normal,Naik 1 Hari Beruntun,TP: 109 | CL: 100,Normal,Tidak Ideal (< 1:1),5,WAIT & SEE,TIDAK ADA,2026-07-27 11:56:48
JAST,Small Cap (Lapis 3),Fair Value (Wajar),0.0,1.5008694,82.0,81,71,103,0.0,692100,Normal,48,Negatif,Uptrend,Bullish,Strong Bullish,Normal,Distribusi (Turun),Normal,Dominan Jual (Guyur),Normal,Tinggi,Normal,Rawan Pucuk (High Risk),< 1 Miliar,Di Bawah VWAP (Lemah),Distribusi Pro (Guyuran),Gorengan Sepi (< 5M),Sepi (< 50%),Accumulation (Kumpul Barang),Spesialis Tiang Jemuran (Banting Pucuk),Normal,Sideways / Stagnan,TP: 90 | CL: 76,Open = High (Tekanan Jual),Ideal (1:2),3,WAIT & SEE,TIDAK ADA,2026-07-27 11:56:48
TRJA,Small Cap (Lapis 3),Undervalued (Murah),3.361554,0.41915703,108.0,110,101,122,0.0,119500,Normal,43,Negatif,Downtrend,Bullish,Bullish MACD,Normal,Distribusi (Turun),Normal,Dominan Jual (Guyur),Normal,Sedang,Doji (Ragu-ragu),Area Tengah,< 1 Miliar,Di Bawah VWAP (Lemah),Distribusi Pro (Guyuran),Gorengan Sepi (< 5M),Sepi (< 50%),Mark-Down (Fase Runtuh),Spesialis Tiang Jemuran (Banting Pucuk),Normal,Sideways / Stagnan,TP: 116 | CL: 102,Normal,Ideal (1:2),2,WAIT & SEE,TIDAK ADA,2026-07-27 11:56:48
DYAN,Small Cap (Lapis 3),Undervalued (Murah),7.4626865,0.46948633,80.0,79,72,84,0.0,926600,Normal,53,Negatif,Uptrend,Bullish,Strong Bullish,Normal,Akumulasi (Naik),Gap Down (-2.5%),Dominan Beli (Hajar Kanan),Normal,Sedang,Normal,Rawan Pucuk (High Risk),< 1 Miliar,Di Bawah VWAP (Lemah),Akumulasi Pro (Smart Money),Gorengan Sepi (< 5M),Normal (50-150%),Mark-Up (Fase Pesta),Normal,Normal,Sideways / Stagnan,TP: 84 | CL: 77,Normal,Tidak Ideal (< 1:1),6,WAIT & SEE,TIDAK ADA,2026-07-27 11:56:48
JARR,Big Cap (Lapis 1),Overvalued (Mahal),70.42514,8.979284,1905.0,1870,1760,2030,0.0,514700,Normal,53,Negatif,Uptrend,Bullish,Strong Bullish,Normal,Akumulasi (Naik),Normal,Dominan Beli (Hajar Kanan),Normal,Sedang,Doji (Ragu-ragu),Area Tengah,< 1 Miliar,Di Bawah VWAP (Lemah),Akumulasi Pro (Smart Money),Gorengan Sepi (< 5M),Sepi (< 50%),Mark-Up (Fase Pesta),Normal,Jarum Bawah (Sinyal Pantulan Kuat),Sideways / Stagnan,TP: 2006 | CL: 1837,Normal,Tidak Ideal (< 1:1),6,WAIT & SEE,TIDAK ADA,2026-07-27 11:56:48
DGIK,Small Cap (Lapis 3),Undervalued (Murah),12.331407,0.8854762,128.0,128,114,148,-0.7751937984496124,954900,Normal,50,Negatif,Downtrend,Bullish,Bearish MACD,Normal,Distribusi (Turun),Normal,Dominan Jual (Guyur),Normal,Tinggi,Normal,Rawan Pucuk (High Risk),< 1 Miliar,Di Bawah VWAP (Lemah),Distribusi Pro (Guyuran),Gorengan Sepi (< 5M),Normal (50-150%),Distribution (Fase Jualan),Spesialis Tiang Jemuran (Banting Pucuk),Normal,Turun 2 Hari Beruntun,TP: 137 | CL: 121,Normal,Menengah (1:1),1,WAIT & SEE,TIDAK ADA,2026-07-27 11:56:49
ASLC,Small Cap (Lapis 3),Fair Value (Wajar),21.724136,1.040703,63.0,61,56,68,-3.076923076923077,3830200,Normal,51,Negatif,Uptrend,Bullish,Strong Bullish,Normal,Distribusi (Turun),Normal,Seimbang / Adu Mekanik,Normal,Tinggi,Normal,Rawan Pucuk (High Risk),< 1 Miliar,Di Bawah VWAP (Lemah),Distribusi Pro (Guyuran),Gorengan Sepi (< 5M),Sepi (< 50%),Accumulation (Kumpul Barang),Solid (Jarang Dibanting),Normal,Turun 2 Hari Beruntun,TP: 67 | CL: 60,Open = High (Tekanan Jual),Tidak Ideal (< 1:1),4,WAIT & SEE,TIDAK ADA,2026-07-27 11:56:49
HBAT,Small Cap (Lapis 3),Overvalued (Mahal),0.0,3.0264947,236.0,276,234,324,-8.527131782945736,2334400,Tembus MA20,29,Negatif,Downtrend,Bearish,Bullish MACD,Distribusi Kuat,Distribusi (Turun),Normal,Dominan Jual (Guyur),Normal,Tinggi,Normal,Dekat Support (Low Risk),< 1 Miliar,Di Bawah VWAP (Lemah),Distribusi Pro (Guyuran),Gorengan Sepi (< 5M),Anomali Tinggi (150-300%),Mark-Down (Fase Runtuh),Normal,Normal,Turun 4 Hari Beruntun,TP: 265 | CL: 216,Normal,Sangat Menarik (> 1:3),2,WAIT & SEE,TIDAK ADA,2026-07-27 11:56:49
ESTA,Small Cap (Lapis 3),Fair Value (Wajar),0.0,2.5336802,186.0,182,168,216,1.639344262295082,1209500,Normal,53,Positif,Uptrend,Bullish,Bullish MACD,Normal,Distribusi (Turun),Normal,Dominan Beli (Hajar Kanan),Normal,Tinggi,Normal,Rawan Pucuk (High Risk),< 1 Miliar,Persis di VWAP,Akumulasi Pro (Smart Money),Gorengan Sepi (< 5M),Normal (50-150%),Accumulation (Kumpul Barang),Spesialis Tiang Jemuran (Banting Pucuk),Normal,Naik 2 Hari Beruntun,TP: 203 | CL: 174,Normal,Ideal (1:2),6,WAIT & SEE,TIDAK ADA,2026-07-27 11:56:49
WOWS,Small Cap (Lapis 3),Fair Value (Wajar),0.0,0.2741942,60.0,58,54,66,-1.639344262295082,7119400,Normal,52,Negatif,Uptrend,Bullish,Strong Bullish,Normal,Akumulasi (Naik),Normal,Dominan Beli (Hajar Kanan),Normal,Sedang,Hammer (Potensi Reversal),Rawan Pucuk (High Risk),< 1 Miliar,Di Bawah VWAP (Lemah),Distribusi Pro (Guyuran),Gorengan Sepi (< 5M),Normal (50-150%),Accumulation (Kumpul Barang),Spesialis Tiang Jemuran (Banting Pucuk),Jarum Bawah (Sinyal Pantulan Kuat),Turun 1 Hari Beruntun,TP: 65 | CL: 56,Open = High (Tekanan Jual),Menengah (1:1),6,WAIT & SEE,TIDAK ADA,2026-07-27 11:56:49
MAHA,Mid Cap (Lapis 2),Undervalued (Murah),7.1134024,1.1452377,138.0,138,128,142,-1.4285714285714286,1839100,Normal,50,Negatif,Downtrend,Bullish,Bearish MACD,Normal,Distribusi (Turun),Normal,Dominan Jual (Guyur),Normal,Sedang,Normal,Area Tengah,< 1 Miliar,Di Bawah VWAP (Lemah),Distribusi Pro (Guyuran),Gorengan Sepi (< 5M),Normal (50-150%),Distribution (Fase Jualan),Normal,Normal,Turun 2 Hari Beruntun,TP: 142 | CL: 134,Open = High (Tekanan Jual),Tidak Ideal (< 1:1),1,WAIT & SEE,TIDAK ADA,2026-07-27 11:56:50
BTPS,Mid Cap (Lapis 2),Undervalued (Murah),6.3702383,0.7495134,1000.0,1006,950,1060,-0.4975124378109453,713800,Normal,49,Negatif,Downtrend,Bullish,Bearish MACD,Normal,Distribusi (Turun),Normal,Dominan Jual (Guyur),Normal,Sedang,Normal,Area Tengah,< 1 Miliar,Di Bawah VWAP (Lemah),Distribusi Pro (Guyuran),Gorengan Sepi (< 5M),Sepi (< 50%),Distribution (Fase Jualan),Spesialis Tiang Jemuran (Banting Pucuk),Normal,Turun 4 Hari Beruntun,TP: 1032 | CL: 978,Normal,Menengah (1:1),1,WAIT & SEE,TIDAK ADA,2026-07-27 11:56:50
TRUS,Small Cap (Lapis 3),Fair Value (Wajar),15.233141,0.8068611,410.0,448,320,666,0.49019607843137253,17800,Normal,52,Positif,Downtrend,Bearish,Bearish MACD,Normal,Distribusi (Turun),Normal,Dominan Beli (Hajar Kanan),Normal,Tinggi,Hammer (Potensi Reversal),Rawan Pucuk (High Risk),< 1 Miliar,Di Bawah VWAP (Lemah),Distribusi Pro (Guyuran),Gorengan Sepi (< 5M),Sepi (< 50%),Distribution (Fase Jualan),Spesialis Tiang Jemuran (Banting Pucuk),Jarum Bawah (Sinyal Pantulan Kuat),Naik 1 Hari Beruntun,TP: 473 | CL: 368,Normal,Ideal (1:2),3,WAIT & SEE,TIDAK ADA,2026-07-27 11:56:50
INKP,Big Cap (Lapis 1),Overvalued (Mahal),5.1363072,6176.7,7850.0,7429,6801,8075,2.2801302931596092,1491100,Normal,58,Positif,Uptrend,Bullish,Strong Bullish,Normal,Distribusi (Turun),Normal,Dominan Beli (Hajar Kanan),Normal,Tinggi,Marubozu (Strong Bullish),Rawan Pucuk (High Risk),> 1 Miliar,Persis di VWAP,Distribusi Pro (Guyuran),Ritel Aktif (5M - 50M),Sepi (< 50%),Accumulation (Kumpul Barang),Spesialis Tiang Jemuran (Banting Pucuk),Normal,Naik 1 Hari Beruntun,TP: 8243 | CL: 7587,Open = Low (Bullish Kuat),Tidak Ideal (< 1:1),6,WAIT & SEE,TIDAK ADA,2026-07-27 11:56:50
HALO,Small Cap (Lapis 3),Fair Value (Wajar),0.0,1.6889731,66.0,64,56,77,3.125,2728200,Normal,52,Positif,Uptrend,Bullish,Strong Bullish,Normal,Akumulasi (Naik),Normal,Seimbang / Adu Mekanik,Normal,Tinggi,Normal,Rawan Pucuk (High Risk),< 1 Miliar,Di Bawah VWAP (Lemah),Akumulasi Pro (Smart Money),Gorengan Sepi (< 5M),Sepi (< 50%),Accumulation (Kumpul Barang),Spesialis Tiang Jemuran (Banting Pucuk),Normal,Naik 1 Hari Beruntun,TP: 72 | CL: 61,Open = Low (Bullish Kuat),Menengah (1:1),6,WAIT & SEE,TIDAK ADA,2026-07-27 11:56:50
RLCO,Big Cap (Lapis 1),Overvalued (Mahal),346.63712,47.63549,4690.0,3487,2750,4960,3.9911308203991127,794900,Normal,77,Positif,Uptrend,Bullish,Strong Bullish,Normal,Akumulasi (Naik),Normal,Dominan Beli (Hajar Kanan),Breakout Upper,Tinggi,Normal,Rawan Pucuk (High Risk),> 1 Miliar,Di Atas VWAP (Kuat),Akumulasi Pro (Smart Money),Ritel Aktif (5M - 50M),Normal (50-150%),Mark-Up (Fase Pesta),Spesialis Tiang Jemuran (Banting Pucuk),Normal,Naik 1 Hari Beruntun,TP: 5174 | CL: 4367,Normal,Tidak Ideal (< 1:1),7,BELI,TIDAK ADA,2026-07-27 11:56:51
TKIM,Big Cap (Lapis 1),Overvalued (Mahal),4.076798,6237.1665,6075.0,5696,5220,6225,2.5316455696202533,1130800,Normal,56,Positif,Uptrend,Bullish,Strong Bullish,Normal,Distribusi (Turun),Normal,Dominan Beli (Hajar Kanan),Normal,Tinggi,Normal,Rawan Pucuk (High Risk),> 1 Miliar,Persis di VWAP,Distribusi Pro (Guyuran),Ritel Aktif (5M - 50M),Sepi (< 50%),Accumulation (Kumpul Barang),Normal,Normal,Naik 1 Hari Beruntun,TP: 6444 | CL: 5828,Normal,Tidak Ideal (< 1:1),6,WAIT & SEE,TIDAK ADA,2026-07-27 11:56:51
IPCM,Mid Cap (Lapis 2),Undervalued (Murah),8.435665,1.1883005,316.0,313,300,328,-0.628930817610063,368600,Normal,57,Negatif,Uptrend,Bullish,Bearish MACD,Normal,Distribusi (Turun),Normal,Seimbang / Adu Mekanik,Squeeze,Rendah,Normal,Area Tengah,< 1 Miliar,Persis di VWAP,Akumulasi Pro (Smart Money),Gorengan Sepi (< 5M),Normal (50-150%),Mark-Up (Fase Pesta),Normal,Normal,Turun 2 Hari Beruntun,TP: 326 | CL: 308,Open = High (Tekanan Jual),Tidak Ideal (< 1:1),3,WAIT & SEE,TIDAK ADA,2026-07-27 11:56:51
GOLF,Mid Cap (Lapis 2),Overvalued (Mahal),59.55056,0.38633022,159.0,166,152,176,0.0,739700,Normal,39,Negatif,Downtrend,Bearish,Strong Bearish,Normal,Distribusi (Turun),Normal,Seimbang / Adu Mekanik,Bottom Rebound,Sedang,Doji (Ragu-ragu),Area Tengah,< 1 Miliar,Di Bawah VWAP (Lemah),Distribusi Pro (Guyuran),Gorengan Sepi (< 5M),Sepi (< 50%),Distribution (Fase Jualan),Normal,Normal,Sideways / Stagnan,TP: 168 | CL: 152,Normal,Ideal (1:2),0,WAIT & SEE,TIDAK ADA,2026-07-27 11:56:51
CHEM,Small Cap (Lapis 3),Fair Value (Wajar),0.0,0.9747612,65.0,63,55,72,1.5625,1176300,Normal,52,Positif,Uptrend,Bullish,Strong Bullish,Normal,Akumulasi (Naik),Normal,Dominan Beli (Hajar Kanan),Normal,Tinggi,Normal,Rawan Pucuk (High Risk),< 1 Miliar,Di Bawah VWAP (Lemah),Distribusi Pro (Guyuran),Gorengan Sepi (< 5M),Sepi (< 50%),Accumulation (Kumpul Barang),Spesialis Tiang Jemuran (Banting Pucuk),Normal,Naik 1 Hari Beruntun,TP: 70 | CL: 61,Normal,Tidak Ideal (< 1:1),7,BELI,TIDAK ADA,2026-07-27 11:56:52
WAPO,Small Cap (Lapis 3),Fair Value (Wajar),0.0,2.505704,123.0,114,101,126,0.819672131147541,128000,Normal,64,Positif,Uptrend,Bullish,Strong Bullish,Normal,Akumulasi (Naik),Normal,Dominan Beli (Hajar Kanan),Normal,Tinggi,Doji (Ragu-ragu),Rawan Pucuk (High Risk),< 1 Miliar,Di Atas VWAP (Kuat),Akumulasi Pro (Smart Money),Gorengan Sepi (< 5M),Sepi (< 50%),Accumulation (Kumpul Barang),Spesialis Tiang Jemuran (Banting Pucuk),Jarum Bawah (Sinyal Pantulan Kuat),Naik 2 Hari Beruntun,TP: 130 | CL: 118,Normal,Tidak Ideal (< 1:1),7,BELI,TIDAK ADA,2026-07-27 11:56:52
FPNI,Mid Cap (Lapis 2),Overvalued (Mahal),12.924335,16631.58,316.0,321,290,350,-3.067484662576687,1444100,Normal,41,Negatif,Downtrend,Bullish,Bullish MACD,Normal,Distribusi (Turun),Normal,Dominan Beli (Hajar Kanan),Normal,Sedang,Hammer (Potensi Reversal),Area Tengah,< 1 Miliar,Di Bawah VWAP (Lemah),Distribusi Pro (Guyuran),Gorengan Sepi (< 5M),Normal (50-150%),Mark-Down (Fase Runtuh),Spesialis Tiang Jemuran (Banting Pucuk),Jarum Bawah (Sinyal Pantulan Kuat),Turun 2 Hari Beruntun,TP: 333 | CL: 304,Open = High (Tekanan Jual),Menengah (1:1),3,WAIT & SEE,TIDAK ADA,2026-07-27 11:56:52
TOTL,Mid Cap (Lapis 2),Fair Value (Wajar),8.091238,2.4928954,1050.0,1047,1020,1075,-0.47393364928909953,315500,Normal,49,Negatif,Uptrend,Bullish,Strong Bullish,Normal,Akumulasi (Naik),Normal,Seimbang / Adu Mekanik,Squeeze,Rendah,Normal,Dekat Support (Low Risk),< 1 Miliar,Di Bawah VWAP (Lemah),Akumulasi Pro (Smart Money),Gorengan Sepi (< 5M),Sepi (< 50%),Accumulation (Kumpul Barang),Normal,Normal,Turun 3 Hari Beruntun,TP: 1073 | CL: 1034,Open = High (Tekanan Jual),Tidak Ideal (< 1:1),4,WAIT & SEE,TIDAK ADA,2026-07-27 11:56:52
MUTU,Small Cap (Lapis 3),Fair Value (Wajar),0.0,1.4155687,108.0,110,107,116,0.0,222200,Normal,45,Negatif,Downtrend,Bearish,Strong Bearish,Normal,Distribusi (Turun),Normal,Dominan Beli (Hajar Kanan),Squeeze,Rendah,Doji (Ragu-ragu),Dekat Support (Low Risk),< 1 Miliar,Persis di VWAP,Distribusi Pro (Guyuran),Gorengan Sepi (< 5M),Sepi (< 50%),Distribution (Fase Jualan),Normal,Jarum Bawah (Sinyal Pantulan Kuat),Sideways / Stagnan,TP: 112 | CL: 105,Normal,Sangat Menarik (> 1:3),1,WAIT & SEE,TIDAK ADA,2026-07-27 11:56:52
MOLI,Small Cap (Lapis 3),Undervalued (Murah),6.980017,0.53374654,248.0,244,224,268,-1.5873015873015872,1013500,Normal,52,Negatif,Uptrend,Bullish,Strong Bullish,Normal,Distribusi (Turun),Normal,Seimbang / Adu Mekanik,Normal,Tinggi,Normal,Rawan Pucuk (High Risk),< 1 Miliar,Di Bawah VWAP (Lemah),Distribusi Pro (Guyuran),Gorengan Sepi (< 5M),Sepi (< 50%),Mark-Up (Fase Pesta),Spesialis Tiang Jemuran (Banting Pucuk),Normal,Turun 4 Hari Beruntun,TP: 264 | CL: 237,Open = High (Tekanan Jual),Tidak Ideal (< 1:1),4,WAIT & SEE,TIDAK ADA,2026-07-27 11:56:52
BRRC,Small Cap (Lapis 3),Fair Value (Wajar),0.0,0.6400467,57.0,58,52,67,1.7857142857142856,1973300,Normal,44,Positif,Downtrend,Bullish,Strong Bearish,Normal,Distribusi (Turun),Normal,Dominan Beli (Hajar Kanan),Normal,Tinggi,Doji (Ragu-ragu),Area Tengah,< 1 Miliar,Di Bawah VWAP (Lemah),Distribusi Pro (Guyuran),Gorengan Sepi (< 5M),Sepi (< 50%),Mark-Down (Fase Runtuh),Spesialis Tiang Jemuran (Banting Pucuk),Jarum Bawah (Sinyal Pantulan Kuat),Naik 1 Hari Beruntun,TP: 61 | CL: 53,Normal,Ideal (1:2),3,WAIT & SEE,TIDAK ADA,2026-07-27 11:56:53
TMPO,Small Cap (Lapis 3),Fair Value (Wajar),23.333334,0.47758317,105.0,102,94,110,0.9615384615384616,4082900,Normal,50,Positif,Uptrend,Bullish,Bullish MACD,Normal,Distribusi (Turun),Normal,Dominan Jual (Guyur),Normal,Sedang,Doji (Ragu-ragu),Rawan Pucuk (High Risk),< 1 Miliar,Di Bawah VWAP (Lemah),Distribusi Pro (Guyuran),Gorengan Sepi (< 5M),Normal (50-150%),Accumulation (Kumpul Barang),Spesialis Tiang Jemuran (Banting Pucuk),Normal,Naik 1 Hari Beruntun,TP: 111 | CL: 100,Normal,Tidak Ideal (< 1:1),4,WAIT & SEE,TIDAK ADA,2026-07-27 11:56:53
BKSW,Mid Cap (Lapis 2),Fair Value (Wajar),0.0,0.39644545,53.0,51,50,55,0.0,440800,Normal,59,Negatif,Uptrend,Bullish,Strong Bullish,Normal,Netral,Normal,Seimbang / Adu Mekanik,Squeeze,Rendah,Doji (Ragu-ragu),Area Tengah,< 1 Miliar,Persis di VWAP,Akumulasi Pro (Smart Money),Gorengan Sepi (< 5M),Sepi (< 50%),Accumulation (Kumpul Barang),Normal,Normal,Sideways / Stagnan,TP: 55 | CL: 51,Normal,Tidak Ideal (< 1:1),4,WAIT & SEE,TIDAK ADA,2026-07-27 11:56:53
ERTX,Small Cap (Lapis 3),Overvalued (Mahal),165999.98,7217.391,166.0,150,126,192,-2.3529411764705883,779400,Normal,59,Negatif,Uptrend,Bullish,Strong Bullish,Normal,Akumulasi (Naik),Normal,Seimbang / Adu Mekanik,Normal,Tinggi,Normal,Rawan Pucuk (High Risk),< 1 Miliar,Di Bawah VWAP (Lemah),Akumulasi Pro (Smart Money),Gorengan Sepi (< 5M),Sepi (< 50%),Mark-Up (Fase Pesta),Spesialis Tiang Jemuran (Banting Pucuk),Normal,Turun 3 Hari Beruntun,TP: 182 | CL: 155,Open = High (Tekanan Jual),Tidak Ideal (< 1:1),5,WAIT & SEE,TIDAK ADA,2026-07-27 11:56:53
BOLA,Small Cap (Lapis 3),Fair Value (Wajar),23.56322,1.5399784,164.0,156,141,170,-1.2048192771084338,1575900,Tembus MA20,58,Negatif,Uptrend,Bullish,Strong Bullish,Distribusi Kuat,Distribusi (Turun),Normal,Seimbang / Adu Mekanik,Normal,Tinggi,Normal,Rawan Pucuk (High Risk),< 1 Miliar,Persis di VWAP,Akumulasi Pro (Smart Money),Gorengan Sepi (< 5M),Anomali Tinggi (150-300%),Mark-Up (Fase Pesta),Normal,Normal,Turun 1 Hari Beruntun,TP: 172 | CL: 158,Open = High (Tekanan Jual),Tidak Ideal (< 1:1),5,WAIT & SEE,TIDAK ADA,2026-07-27 11:56:53
TMAS,Mid Cap (Lapis 2),Fair Value (Wajar),12.0,2.153548,120.0,116,108,125,2.564102564102564,833000,Normal,56,Positif,Uptrend,Bullish,Strong Bullish,Normal,Akumulasi (Naik),Normal,Dominan Beli (Hajar Kanan),Normal,Sedang,Normal,Rawan Pucuk (High Risk),< 1 Miliar,Persis di VWAP,Distribusi Pro (Guyuran),Gorengan Sepi (< 5M),Sepi (< 50%),Mark-Up (Fase Pesta),Spesialis Tiang Jemuran (Banting Pucuk),Normal,Naik 1 Hari Beruntun,TP: 125 | CL: 116,Normal,Tidak Ideal (< 1:1),7,BELI,TIDAK ADA,2026-07-27 11:56:53
TBLA,Mid Cap (Lapis 2),Undervalued (Murah),4.29914,0.40703276,640.0,628,600,665,-0.7751937984496124,431100,Normal,61,Negatif,Uptrend,Bullish,Strong Bullish,Normal,Akumulasi (Naik),Normal,Dominan Jual (Guyur),Normal,Sedang,Normal,Area Tengah,< 1 Miliar,Di Bawah VWAP (Lemah),Distribusi Pro (Guyuran),Gorengan Sepi (< 5M),Sepi (< 50%),Mark-Up (Fase Pesta),Normal,Normal,Turun 2 Hari Beruntun,TP: 659 | CL: 627,Normal,Tidak Ideal (< 1:1),5,WAIT & SEE,TIDAK ADA,2026-07-27 11:56:54
RMKO,Small Cap (Lapis 3),Fair Value (Wajar),0.0,2.3938138,304.0,330,230,436,-1.2987012987012987,3793000,Normal,42,Negatif,Downtrend,Death Cross,Strong Bearish,Normal,Distribusi (Turun),Normal,Seimbang / Adu Mekanik,Normal,Tinggi,Normal,Rawan Pucuk (High Risk),> 1 Miliar,Di Bawah VWAP (Lemah),Distribusi Pro (Guyuran),Gorengan Sepi (< 5M),Normal (50-150%),Distribution (Fase Jualan),Spesialis Tiang Jemuran (Banting Pucuk),Jarum Bawah (Sinyal Pantulan Kuat),Turun 4 Hari Beruntun,TP: 342 | CL: 278,Normal,Ideal (1:2),0,WAIT & SEE,TIDAK ADA,2026-07-27 11:56:54
WTON,Small Cap (Lapis 3),Fair Value (Wajar),16.375546,0.18010835,75.0,72,67,78,0.0,108700,Normal,54,Negatif,Uptrend,Bullish,Strong Bullish,Normal,Akumulasi (Naik),Normal,Seimbang / Adu Mekanik,Normal,Sedang,Doji (Ragu-ragu),Rawan Pucuk (High Risk),< 1 Miliar,Di Bawah VWAP (Lemah),Distribusi Pro (Guyuran),Gorengan Sepi (< 5M),Sepi (< 50%),Accumulation (Kumpul Barang),Normal,Normal,Sideways / Stagnan,TP: 78 | CL: 72,Normal,Tidak Ideal (< 1:1),5,WAIT & SEE,TIDAK ADA,2026-07-27 11:56:54
ARTO,Big Cap (Lapis 1),Overvalued (Mahal),51.29816,1.9238925,1225.0,1167,860,1435,-2.0,1857100,Normal,54,Negatif,Uptrend,Bullish,Strong Bullish,Normal,Distribusi (Turun),Normal,Seimbang / Adu Mekanik,Normal,Tinggi,Normal,Rawan Pucuk (High Risk),> 1 Miliar,Di Bawah VWAP (Lemah),Akumulasi Pro (Smart Money),Ritel Aktif (5M - 50M),Sepi (< 50%),Mark-Up (Fase Pesta),Normal,Normal,Turun 2 Hari Beruntun,TP: 1372 | CL: 1126,Normal,Tidak Ideal (< 1:1),4,WAIT & SEE,TIDAK ADA,2026-07-27 11:56:54
MPMX,Mid Cap (Lapis 2),Undervalued (Murah),9.208189,0.7025467,985.0,979,945,1000,0.0,714900,Normal,58,Negatif,Uptrend,Bullish,Bearish MACD,Normal,Distribusi (Turun),Normal,Dominan Beli (Hajar Kanan),Squeeze,Rendah,Doji (Ragu-ragu),Area Tengah,< 1 Miliar,Persis di VWAP,Akumulasi Pro (Smart Money),Gorengan Sepi (< 5M),Sepi (< 50%),Mark-Up (Fase Pesta),Normal,Jarum Bawah (Sinyal Pantulan Kuat),Sideways / Stagnan,TP: 1001 | CL: 974,Normal,Tidak Ideal (< 1:1),4,WAIT & SEE,TIDAK ADA,2026-07-27 11:56:54
DSFI,Small Cap (Lapis 3),Undervalued (Murah),8.628955,0.5174463,81.0,73,63,92,2.5316455696202533,584800,Normal,61,Positif,Uptrend,Bullish,Strong Bullish,Normal,Akumulasi (Naik),Normal,Dominan Beli (Hajar Kanan),Normal,Tinggi,Normal,Rawan Pucuk (High Risk),< 1 Miliar,Persis di VWAP,Distribusi Pro (Guyuran),Gorengan Sepi (< 5M),Sepi (< 50%),Mark-Up (Fase Pesta),Spesialis Tiang Jemuran (Banting Pucuk),Normal,Naik 1 Hari Beruntun,TP: 91 | CL: 74,Normal,Tidak Ideal (< 1:1),7,BELI,TIDAK ADA,2026-07-27 11:56:54
KLAS,Small Cap (Lapis 3),Fair Value (Wajar),0.0,0.94950014,70.0,68,62,74,1.4492753623188406,2728100,Normal,53,Positif,Uptrend,Bullish,Strong Bullish,Normal,Distribusi (Turun),Normal,Seimbang / Adu Mekanik,Normal,Sedang,Normal,Rawan Pucuk (High Risk),< 1 Miliar,Persis di VWAP,Akumulasi Pro (Smart Money),Gorengan Sepi (< 5M),Normal (50-150%),Accumulation (Kumpul Barang),Normal,Normal,Naik 1 Hari Beruntun,TP: 74 | CL: 67,Normal,Tidak Ideal (< 1:1),5,WAIT & SEE,TIDAK ADA,2026-07-27 11:56:55
GJTL,Mid Cap (Lapis 2),Undervalued (Murah),3.2745109,0.38393623,1195.0,1126,1090,1215,7.174887892376682,22932900,Tembus MA20,65,Positif,Uptrend,Bullish,Strong Bullish,Akumulasi Kuat,Akumulasi (Naik),Gap Up (+4.0%),Seimbang / Adu Mekanik,Squeeze,Rendah,Normal,Area Tengah,> 1 Miliar,Di Atas VWAP (Kuat),Distribusi Pro (Guyuran),Ritel Aktif (5M - 50M),Ledakan Ekstrem (> 300%),Mark-Up (Fase Pesta),Normal,Normal,Naik 1 Hari Beruntun,TP: 1230 | CL: 1171,Normal,Tidak Ideal (< 1:1),9,BELI,TIDAK ADA,2026-07-27 11:56:55
MHKI,Small Cap (Lapis 3),Undervalued (Murah),14.859002,1.0564303,137.0,128,108,155,2.2388059701492535,563500,Normal,57,Positif,Uptrend,Bullish,Strong Bullish,Normal,Distribusi (Turun),Normal,Dominan Beli (Hajar Kanan),Normal,Tinggi,Normal,Rawan Pucuk (High Risk),< 1 Miliar,Di Bawah VWAP (Lemah),Distribusi Pro (Guyuran),Gorengan Sepi (< 5M),Sepi (< 50%),Mark-Up (Fase Pesta),Spesialis Tiang Jemuran (Banting Pucuk),Jarum Bawah (Sinyal Pantulan Kuat),Naik 1 Hari Beruntun,TP: 150 | CL: 127,Normal,Tidak Ideal (< 1:1),6,WAIT & SEE,TIDAK ADA,2026-07-27 11:56:55
MANG,Small Cap (Lapis 3),Fair Value (Wajar),0.0,1.1667284,41.0,39,36,45,-2.380952380952381,1949800,Normal,50,Negatif,Uptrend,Bullish,Bullish MACD,Normal,Akumulasi (Naik),Normal,Dominan Jual (Guyur),Normal,Tinggi,Normal,Rawan Pucuk (High Risk),< 1 Miliar,Di Bawah VWAP (Lemah),Akumulasi Pro (Smart Money),Gorengan Sepi (< 5M),Sepi (< 50%),Accumulation (Kumpul Barang),Solid (Jarang Dibanting),Normal,Turun 2 Hari Beruntun,TP: 44 | CL: 38,Normal,Tidak Ideal (< 1:1),4,WAIT & SEE,TIDAK ADA,2026-07-27 11:56:55
VAST,Small Cap (Lapis 3),Fair Value (Wajar),0.0,0.8935663,117.0,115,110,120,0.8620689655172413,445300,Normal,52,Positif,Uptrend,Bullish,Bullish MACD,Normal,Akumulasi (Naik),Normal,Dominan Jual (Guyur),Squeeze,Rendah,Doji (Ragu-ragu),Area Tengah,< 1 Miliar,Persis di VWAP,Distribusi Pro (Guyuran),Gorengan Sepi (< 5M),Sepi (< 50%),Accumulation (Kumpul Barang),Spesialis Tiang Jemuran (Banting Pucuk),Normal,Naik 1 Hari Beruntun,TP: 122 | CL: 113,Normal,Tidak Ideal (< 1:1),6,WAIT & SEE,TIDAK ADA,2026-07-27 11:56:56
BDMN,Big Cap (Lapis 1),Undervalued (Murah),9.328444,0.74480635,4070.0,4024,3650,4350,0.0,114900,Normal,48,Negatif,Uptrend,Bullish,Strong Bullish,Normal,Distribusi (Turun),Normal,Seimbang / Adu Mekanik,Normal,Tinggi,Normal,Rawan Pucuk (High Risk),< 1 Miliar,Di Bawah VWAP (Lemah),Distribusi Pro (Guyuran),Gorengan Sepi (< 5M),Sepi (< 50%),Accumulation (Kumpul Barang),Spesialis Tiang Jemuran (Banting Pucuk),Normal,Sideways / Stagnan,TP: 4250 | CL: 3950,Open = High (Tekanan Jual),Tidak Ideal (< 1:1),3,WAIT & SEE,TIDAK ADA,2026-07-27 11:56:56
BAUT,Small Cap (Lapis 3),Fair Value (Wajar),0.0,0.79744816,28.0,28,23,31,0.0,50100,Normal,50,Negatif,Downtrend,Bullish,Bearish MACD,Normal,Distribusi (Turun),Normal,Tidak Ada Transaksi,Normal,Tinggi,Doji (Ragu-ragu),Rawan Pucuk (High Risk),< 1 Miliar,Di Bawah VWAP (Lemah),Akumulasi Pro (Smart Money),Gorengan Sepi (< 5M),Sepi (< 50%),Sideways,Normal,Normal,Sideways / Stagnan,TP: 29 | CL: 26,Normal,Tidak Ideal (< 1:1),1,WAIT & SEE,TIDAK ADA,2026-07-27 11:56:56
IRRA,Small Cap (Lapis 3),Undervalued (Murah),8.638498,0.9428258,368.0,373,362,404,-1.6042780748663104,252900,Normal,46,Negatif,Downtrend,Bearish,Strong Bearish,Normal,Akumulasi (Naik),Normal,Seimbang / Adu Mekanik,Squeeze,Rendah,Normal,Dekat Support (Low Risk),< 1 Miliar,Persis di VWAP,Akumulasi Pro (Smart Money),Gorengan Sepi (< 5M),Normal (50-150%),Distribution (Fase Jualan),Normal,Normal,Turun 1 Hari Beruntun,TP: 383 | CL: 357,Open = High (Tekanan Jual),Sangat Menarik (> 1:3),1,WAIT & SEE,TIDAK ADA,2026-07-27 11:56:56
CPRO,Mid Cap (Lapis 2),Undervalued (Murah),8.360656,0.78139365,50.0,50,50,53,0.0,11252400,Normal,44,Negatif,Downtrend,Bullish,Bullish MACD,Normal,Akumulasi (Naik),Gap Up (+2.0%),Dominan Jual (Guyur),Squeeze,Rendah,Normal,Dekat Support (Low Risk),< 1 Miliar,Di Bawah VWAP (Lemah),Distribusi Pro (Guyuran),Ritel Aktif (5M - 50M),Sepi (< 50%),Mark-Down (Fase Runtuh),Normal,Normal,Sideways / Stagnan,TP: 51 | CL: 49,Open = High (Tekanan Jual),Di Area Support,4,WAIT & SEE,TIDAK ADA,2026-07-27 11:56:56
PAMG,Small Cap (Lapis 3),Fair Value (Wajar),0.0,0.40760174,56.0,53,50,66,1.8181818181818181,3118400,Normal,55,Positif,Uptrend,Bullish,Strong Bullish,Normal,Distribusi (Turun),Normal,Dominan Beli (Hajar Kanan),Normal,Tinggi,Normal,Rawan Pucuk (High Risk),< 1 Miliar,Di Bawah VWAP (Lemah),Distribusi Pro (Guyuran),Gorengan Sepi (< 5M),Sepi (< 50%),Mark-Up (Fase Pesta),Normal,Normal,Naik 1 Hari Beruntun,TP: 61 | CL: 52,Normal,Ideal (1:2),6,WAIT & SEE,TIDAK ADA,2026-07-27 11:56:57
SOLA,Small Cap (Lapis 3),Fair Value (Wajar),0.0,1.6943408,107.0,103,93,119,0.0,296200,Normal,56,Negatif,Uptrend,Bullish,Strong Bullish,Normal,Akumulasi (Naik),Normal,Dominan Beli (Hajar Kanan),Normal,Sedang,Doji (Ragu-ragu),Rawan Pucuk (High Risk),< 1 Miliar,Persis di VWAP,Distribusi Pro (Guyuran),Gorengan Sepi (< 5M),Sepi (< 50%),Accumulation (Kumpul Barang),Spesialis Tiang Jemuran (Banting Pucuk),Jarum Bawah (Sinyal Pantulan Kuat),Sideways / Stagnan,TP: 114 | CL: 102,Normal,Tidak Ideal (< 1:1),6,WAIT & SEE,TIDAK ADA,2026-07-27 11:56:57
JATI,Small Cap (Lapis 3),Fair Value (Wajar),0.0,1.6333408,95.0,92,87,98,1.0638297872340425,18895100,Tembus MA20,52,Positif,Uptrend,Bullish,Strong Bullish,Akumulasi Kuat,Akumulasi (Naik),Normal,Seimbang / Adu Mekanik,Normal,Sedang,Normal,Area Tengah,> 1 Miliar,Persis di VWAP,Akumulasi Pro (Smart Money),Gorengan Sepi (< 5M),Normal (50-150%),Accumulation (Kumpul Barang),Normal,Normal,Naik 1 Hari Beruntun,TP: 99 | CL: 91,Normal,Tidak Ideal (< 1:1),8,BELI,TIDAK ADA,2026-07-27 11:56:57
CASH,Small Cap (Lapis 3),Overvalued (Mahal),0.0,8.601063,238.0,198,142,266,-1.6528925619834711,1656800,Normal,64,Negatif,Uptrend,Bullish,Strong Bullish,Normal,Akumulasi (Naik),Normal,Dominan Jual (Guyur),Normal,Tinggi,Normal,Rawan Pucuk (High Risk),< 1 Miliar,Di Atas VWAP (Kuat),Akumulasi Pro (Smart Money),Gorengan Sepi (< 5M),Sepi (< 50%),Mark-Up (Fase Pesta),Normal,Normal,Turun 1 Hari Beruntun,TP: 274 | CL: 213,Normal,Tidak Ideal (< 1:1),5,WAIT & SEE,TIDAK ADA,2026-07-27 11:56:57
ASPI,Small Cap (Lapis 3),Overvalued (Mahal),0.0,5.541159,404.0,442,308,600,-1.9417475728155338,1142000,Normal,47,Negatif,Downtrend,Bearish,Bearish MACD,Normal,Distribusi (Turun),Normal,Dominan Jual (Guyur),Normal,Tinggi,Normal,Rawan Pucuk (High Risk),< 1 Miliar,Di Bawah VWAP (Lemah),Distribusi Pro (Guyuran),Gorengan Sepi (< 5M),Normal (50-150%),Distribution (Fase Jualan),Normal,Normal,Turun 4 Hari Beruntun,TP: 469 | CL: 360,Normal,Ideal (1:2),0,WAIT & SEE,TIDAK ADA,2026-07-27 11:56:57
NAIK,Small Cap (Lapis 3),Undervalued (Murah),11.0,1.3232486,87.0,85,78,97,0.0,1101600,Normal,52,Negatif,Uptrend,Bullish,Strong Bullish,Normal,Akumulasi (Naik),Normal,Seimbang / Adu Mekanik,Normal,Tinggi,Doji (Ragu-ragu),Rawan Pucuk (High Risk),< 1 Miliar,Di Bawah VWAP (Lemah),Akumulasi Pro (Smart Money),Gorengan Sepi (< 5M),Sepi (< 50%),Accumulation (Kumpul Barang),Spesialis Tiang Jemuran (Banting Pucuk),Jarum Bawah (Sinyal Pantulan Kuat),Sideways / Stagnan,TP: 92 | CL: 83,Normal,Menengah (1:1),5,WAIT & SEE,TIDAK ADA,2026-07-27 11:56:58
OKAS,Small Cap (Lapis 3),Overvalued (Mahal),0.0,14285.714,100.0,100,95,109,-0.9900990099009901,1074400,Normal,48,Negatif,Downtrend,Bullish,Strong Bullish,Normal,Distribusi (Turun),Normal,Seimbang / Adu Mekanik,Normal,Sedang,Normal,Area Tengah,< 1 Miliar,Di Bawah VWAP (Lemah),Distribusi Pro (Guyuran),Gorengan Sepi (< 5M),Normal (50-150%),Mark-Down (Fase Runtuh),Spesialis Tiang Jemuran (Banting Pucuk),Normal,Turun 3 Hari Beruntun,TP: 106 | CL: 95,Open = High (Tekanan Jual),Ideal (1:2),2,WAIT & SEE,TIDAK ADA,2026-07-27 11:56:58
BOBA,Small Cap (Lapis 3),Fair Value (Wajar),13.674408,1.5856417,232.0,252,214,308,2.6548672566371683,382100,Normal,38,Positif,Downtrend,Bearish,Strong Bearish,Normal,Distribusi (Turun),Gap Down (-2.7%),Dominan Beli (Hajar Kanan),Normal,Tinggi,Marubozu (Strong Bullish),Area Tengah,< 1 Miliar,Persis di VWAP,Akumulasi Pro (Smart Money),Gorengan Sepi (< 5M),Sepi (< 50%),Mark-Down (Fase Runtuh),Normal,Normal,Naik 1 Hari Beruntun,TP: 251 | CL: 219,Normal,Sangat Menarik (> 1:3),2,WAIT & SEE,TIDAK ADA,2026-07-27 11:56:58
TAMU,Small Cap (Lapis 3),Fair Value (Wajar),0.0,0.0,21.0,19,17,22,0.0,304200,Normal,55,Negatif,Uptrend,Bullish,Strong Bullish,Normal,Distribusi (Turun),Normal,Tidak Ada Transaksi,Normal,Tinggi,Doji (Ragu-ragu),Rawan Pucuk (High Risk),< 1 Miliar,Di Atas VWAP (Kuat),Distribusi Pro (Guyuran),Gorengan Sepi (< 5M),Sepi (< 50%),Accumulation (Kumpul Barang),Normal,Normal,Sideways / Stagnan,TP: 22 | CL: 20,Normal,Tidak Ideal (< 1:1),4,WAIT & SEE,TIDAK ADA,2026-07-27 11:56:58
OLIV,Small Cap (Lapis 3),Overvalued (Mahal),54.764515,2.561213,51.0,50,47,53,0.0,1757000,Normal,52,Negatif,Uptrend,Bullish,Bullish MACD,Normal,Akumulasi (Naik),Normal,Seimbang / Adu Mekanik,Squeeze,Rendah,Doji (Ragu-ragu),Area Tengah,< 1 Miliar,Persis di VWAP,Distribusi Pro (Guyuran),Gorengan Sepi (< 5M),Sepi (< 50%),Accumulation (Kumpul Barang),Normal,Jarum Bawah (Sinyal Pantulan Kuat),Sideways / Stagnan,TP: 54 | CL: 48,Normal,Tidak Ideal (< 1:1),5,WAIT & SEE,TIDAK ADA,2026-07-27 11:56:58
PKPK,Mid Cap (Lapis 2),Overvalued (Mahal),80.10336,16.164707,3740.0,3424,2700,4020,-3.359173126614987,1235200,Normal,67,Negatif,Uptrend,Bullish,Strong Bullish,Normal,Akumulasi (Naik),Normal,Dominan Beli (Hajar Kanan),Normal,Tinggi,Hammer (Potensi Reversal),Rawan Pucuk (High Risk),> 1 Miliar,Di Bawah VWAP (Lemah),Akumulasi Pro (Smart Money),Ritel Aktif (5M - 50M),Normal (50-150%),Mark-Up (Fase Pesta),Normal,Jarum Bawah (Sinyal Pantulan Kuat),Turun 2 Hari Beruntun,TP: 4016 | CL: 3555,Open = High (Tekanan Jual),Tidak Ideal (< 1:1),6,WAIT & SEE,TIDAK ADA,2026-07-27 11:56:59
NISP,Big Cap (Lapis 1),Undervalued (Murah),5.5717163,0.64051807,1245.0,1209,1140,1270,0.4032258064516129,968600,Normal,56,Positif,Uptrend,Bullish,Strong Bullish,Normal,Akumulasi (Naik),Normal,Dominan Beli (Hajar Kanan),Normal,Sedang,Marubozu (Strong Bullish),Area Tengah,> 1 Miliar,Persis di VWAP,Distribusi Pro (Guyuran),Gorengan Sepi (< 5M),Sepi (< 50%),Accumulation (Kumpul Barang),Spesialis Tiang Jemuran (Banting Pucuk),Normal,Naik 1 Hari Beruntun,TP: 1280 | CL: 1221,Open = Low (Bullish Kuat),Tidak Ideal (< 1:1),7,BELI,TIDAK ADA,2026-07-27 11:56:59
TAMA,Small Cap (Lapis 3),Overvalued (Mahal),0.0,8.5035305,226.0,171,139,236,10.784313725490197,14013900,Tembus MA20,74,Positif,Uptrend,Bullish,Strong Bullish,Normal,Akumulasi (Naik),Normal,Seimbang / Adu Mekanik,Breakout Upper,Tinggi,Normal,Rawan Pucuk (High Risk),> 1 Miliar,Di Atas VWAP (Kuat),Distribusi Pro (Guyuran),Gorengan Sepi (< 5M),Normal (50-150%),Accumulation (Kumpul Barang),Spesialis Tiang Jemuran (Banting Pucuk),Normal,Naik 1 Hari Beruntun,TP: 260 | CL: 203,Normal,Tidak Ideal (< 1:1),7,BELI,TIDAK ADA,2026-07-27 11:56:59
RUIS,Small Cap (Lapis 3),Undervalued (Murah),12.164579,0.2780409,204.0,193,166,224,0.0,718200,Normal,59,Negatif,Uptrend,Bullish,Strong Bullish,Normal,Distribusi (Turun),Normal,Seimbang / Adu Mekanik,Normal,Tinggi,Doji (Ragu-ragu),Rawan Pucuk (High Risk),< 1 Miliar,Di Bawah VWAP (Lemah),Distribusi Pro (Guyuran),Gorengan Sepi (< 5M),Normal (50-150%),Mark-Up (Fase Pesta),Spesialis Tiang Jemuran (Banting Pucuk),Normal,Sideways / Stagnan,TP: 222 | CL: 191,Normal,Tidak Ideal (< 1:1),4,WAIT & SEE,TIDAK ADA,2026-07-27 11:56:59
AISA,Small Cap (Lapis 3),Fair Value (Wajar),15.078236,0.85239834,106.0,104,91,114,-0.9345794392523363,931200,Normal,51,Negatif,Uptrend,Bullish,Strong Bullish,Normal,Distribusi (Turun),Normal,Seimbang / Adu Mekanik,Normal,Tinggi,Normal,Rawan Pucuk (High Risk),< 1 Miliar,Di Bawah VWAP (Lemah),Distribusi Pro (Guyuran),Gorengan Sepi (< 5M),Sepi (< 50%),Mark-Up (Fase Pesta),Spesialis Tiang Jemuran (Banting Pucuk),Normal,Turun 3 Hari Beruntun,TP: 112 | CL: 101,Open = High (Tekanan Jual),Tidak Ideal (< 1:1),4,WAIT & SEE,TIDAK ADA,2026-07-27 11:56:59
TPMA,Mid Cap (Lapis 2),Overvalued (Mahal),6.894419,11736.843,446.0,443,412,476,-0.4464285714285714,683800,Normal,51,Negatif,Uptrend,Bullish,Strong Bullish,Normal,Akumulasi (Naik),Normal,Dominan Beli (Hajar Kanan),Normal,Sedang,Normal,Area Tengah,< 1 Miliar,Di Bawah VWAP (Lemah),Distribusi Pro (Guyuran),Gorengan Sepi (< 5M),Sepi (< 50%),Mark-Up (Fase Pesta),Normal,Jarum Bawah (Sinyal Pantulan Kuat),Turun 2 Hari Beruntun,TP: 461 | CL: 435,Normal,Tidak Ideal (< 1:1),6,WAIT & SEE,TIDAK ADA,2026-07-27 11:57:00
MERI,Small Cap (Lapis 3),Fair Value (Wajar),0.0,2.3925128,103.0,102,91,122,1.9801980198019802,1633300,Normal,46,Positif,Uptrend,Golden Cross,Bullish MACD,Normal,Akumulasi (Naik),Normal,Seimbang / Adu Mekanik,Normal,Sedang,Normal,Rawan Pucuk (High Risk),< 1 Miliar,Persis di VWAP,Distribusi Pro (Guyuran),Gorengan Sepi (< 5M),Normal (50-150%),Accumulation (Kumpul Barang),Spesialis Tiang Jemuran (Banting Pucuk),Normal,Naik 1 Hari Beruntun,TP: 108 | CL: 99,Normal,Ideal (1:2),5,WAIT & SEE,TIDAK ADA,2026-07-27 11:57:00
ISEA,Small Cap (Lapis 3),Fair Value (Wajar),0.0,0.5879201,79.0,74,58,94,0.0,628900,Normal,58,Negatif,Uptrend,Bullish,Strong Bullish,Normal,Distribusi (Turun),Gap Down (-3.8%),Dominan Beli (Hajar Kanan),Normal,Tinggi,Marubozu (Strong Bullish),Rawan Pucuk (High Risk),< 1 Miliar,Di Bawah VWAP (Lemah),Distribusi Pro (Guyuran),Gorengan Sepi (< 5M),Sepi (< 50%),Mark-Up (Fase Pesta),Spesialis Tiang Jemuran (Banting Pucuk),Normal,Sideways / Stagnan,TP: 90 | CL: 71,Open = Low (Bullish Kuat),Tidak Ideal (< 1:1),5,WAIT & SEE,TIDAK ADA,2026-07-27 11:57:00
KKES,Small Cap (Lapis 3),Fair Value (Wajar),0.0,1.6890669,70.0,59,41,78,4.477611940298507,1135100,Normal,67,Positif,Uptrend,Bullish,Strong Bullish,Normal,Distribusi (Turun),Gap Up (+4.5%),Tidak Ada Transaksi,Normal,Tinggi,Doji (Ragu-ragu),Rawan Pucuk (High Risk),< 1 Miliar,Di Atas VWAP (Kuat),Distribusi Pro (Guyuran),Gorengan Sepi (< 5M),Sepi (< 50%),Mark-Up (Fase Pesta),Solid (Jarang Dibanting),Normal,Naik 1 Hari Beruntun,TP: 76 | CL: 65,Normal,Tidak Ideal (< 1:1),6,WAIT & SEE,TIDAK ADA,2026-07-27 11:57:00
LPPS,Small Cap (Lapis 3),Undervalued (Murah),14.962121,0.29251352,78.0,73,62,92,0.0,783200,Normal,57,Negatif,Uptrend,Bullish,Strong Bullish,Normal,Akumulasi (Naik),Normal,Dominan Jual (Guyur),Normal,Tinggi,Doji (Ragu-ragu),Rawan Pucuk (High Risk),< 1 Miliar,Di Bawah VWAP (Lemah),Distribusi Pro (Guyuran),Gorengan Sepi (< 5M),Sepi (< 50%),Mark-Up (Fase Pesta),Spesialis Tiang Jemuran (Banting Pucuk),Normal,Sideways / Stagnan,TP: 89 | CL: 70,Normal,Tidak Ideal (< 1:1),5,WAIT & SEE,TIDAK ADA,2026-07-27 11:57:00
SATU,Small Cap (Lapis 3),Overvalued (Mahal),0.0,8.55656,268.0,272,268,278,-0.7407407407407408,98000,Normal,42,Negatif,Downtrend,Bearish,Bearish MACD,Normal,Distribusi (Turun),Normal,Dominan Jual (Guyur),Squeeze,Rendah,Normal,Dekat Support (Low Risk),< 1 Miliar,Di Bawah VWAP (Lemah),Distribusi Pro (Guyuran),Gorengan Sepi (< 5M),Normal (50-150%),Distribution (Fase Jualan),Normal,Normal,Turun 2 Hari Beruntun,TP: 272 | CL: 265,Open = High (Tekanan Jual),Di Area Support,0,WAIT & SEE,TIDAK ADA,2026-07-27 11:57:01
ELIT,Small Cap (Lapis 3),Fair Value (Wajar),0.0,2.1499107,178.0,171,161,190,3.488372093023256,5517500,Tembus MA20,55,Positif,Uptrend,Bullish,Bullish MACD,Akumulasi Kuat,Akumulasi (Naik),Normal,Seimbang / Adu Mekanik,Normal,Sedang,Normal,Rawan Pucuk (High Risk),< 1 Miliar,Persis di VWAP,Distribusi Pro (Guyuran),Gorengan Sepi (< 5M),Anomali Tinggi (150-300%),Accumulation (Kumpul Barang),Spesialis Tiang Jemuran (Banting Pucuk),Normal,Naik 1 Hari Beruntun,TP: 189 | CL: 170,Open = Low (Bullish Kuat),Tidak Ideal (< 1:1),8,BELI,TIDAK ADA,2026-07-27 11:57:01
TUGU,Mid Cap (Lapis 2),Undervalued (Murah),6.99422,0.45997357,1215.0,1222,1125,1275,-0.4098360655737705,336700,Normal,52,Negatif,Downtrend,Bullish,Bearish MACD,Normal,Distribusi (Turun),Normal,Dominan Beli (Hajar Kanan),Normal,Sedang,Hammer (Potensi Reversal),Area Tengah,< 1 Miliar,Di Bawah VWAP (Lemah),Akumulasi Pro (Smart Money),Gorengan Sepi (< 5M),Sepi (< 50%),Distribution (Fase Jualan),Solid (Jarang Dibanting),Jarum Bawah (Sinyal Pantulan Kuat),Turun 2 Hari Beruntun,TP: 1254 | CL: 1188,Open = High (Tekanan Jual),Tidak Ideal (< 1:1),3,WAIT & SEE,TIDAK ADA,2026-07-27 11:57:01
LUCY,Small Cap (Lapis 3),Overvalued (Mahal),0.0,20.101189,298.0,461,274,845,2.7586206896551726,3405800,Normal,23,Positif,Downtrend,Bearish,Bullish MACD,Normal,Distribusi (Turun),Normal,Dominan Beli (Hajar Kanan),Normal,Tinggi,Normal,Area Tengah,> 1 Miliar,Di Bawah VWAP (Lemah),Akumulasi Pro (Smart Money),Gorengan Sepi (< 5M),Sepi (< 50%),Mark-Down (Fase Runtuh),Spesialis Tiang Jemuran (Banting Pucuk),Normal,Naik 1 Hari Beruntun,TP: 367 | CL: 251,Normal,Sangat Menarik (> 1:3),3,WAIT & SEE,TIDAK ADA,2026-07-27 11:57:01
BACA,Mid Cap (Lapis 2),Fair Value (Wajar),17.325228,0.3353888,114.0,107,97,134,0.8849557522123894,1049600,Normal,55,Positif,Uptrend,Bullish,Strong Bullish,Normal,Distribusi (Turun),Normal,Seimbang / Adu Mekanik,Normal,Tinggi,Normal,Rawan Pucuk (High Risk),< 1 Miliar,Di Bawah VWAP (Lemah),Distribusi Pro (Guyuran),Gorengan Sepi (< 5M),Sepi (< 50%),Accumulation (Kumpul Barang),Normal,Normal,Naik 1 Hari Beruntun,TP: 123 | CL: 108,Normal,Menengah (1:1),5,WAIT & SEE,TIDAK ADA,2026-07-27 11:57:01
NRCA,Mid Cap (Lapis 2),Undervalued (Murah),6.959707,0.87676334,494.0,462,396,540,-0.4032258064516129,1203200,Normal,56,Negatif,Uptrend,Bullish,Strong Bullish,Normal,Distribusi (Turun),Normal,Seimbang / Adu Mekanik,Normal,Tinggi,Normal,Rawan Pucuk (High Risk),< 1 Miliar,Di Bawah VWAP (Lemah),Akumulasi Pro (Smart Money),Gorengan Sepi (< 5M),Sepi (< 50%),Mark-Up (Fase Pesta),Spesialis Tiang Jemuran (Banting Pucuk),Normal,Turun 4 Hari Beruntun,TP: 540 | CL: 462,Normal,Tidak Ideal (< 1:1),4,WAIT & SEE,TIDAK ADA,2026-07-27 11:57:02
BAJA,Small Cap (Lapis 3),Overvalued (Mahal),0.0,28.793644,174.0,163,140,189,5.454545454545454,4998000,Tembus MA20,66,Positif,Uptrend,Bullish,Strong Bullish,Akumulasi Kuat,Akumulasi (Naik),Gap Up (+4.2%),Seimbang / Adu Mekanik,Breakout Upper,Sedang,Normal,Rawan Pucuk (High Risk),< 1 Miliar,Di Atas VWAP (Kuat),Distribusi Pro (Guyuran),Gorengan Sepi (< 5M),Normal (50-150%),Mark-Up (Fase Pesta),Spesialis Tiang Jemuran (Banting Pucuk),Normal,Naik 1 Hari Beruntun,TP: 185 | CL: 166,Normal,Tidak Ideal (< 1:1),9,BELI,TIDAK ADA,2026-07-27 11:57:02
PANS,Mid Cap (Lapis 2),Undervalued (Murah),5.105008,0.70085573,1580.0,1536,1435,1600,1.282051282051282,142900,Normal,59,Positif,Uptrend,Bullish,Strong Bullish,Normal,Distribusi (Turun),Normal,Dominan Beli (Hajar Kanan),Normal,Sedang,Marubozu (Strong Bullish),Rawan Pucuk (High Risk),< 1 Miliar,Persis di VWAP,Akumulasi Pro (Smart Money),Gorengan Sepi (< 5M),Sepi (< 50%),Mark-Up (Fase Pesta),Normal,Normal,Naik 1 Hari Beruntun,TP: 1618 | CL: 1554,Open = Low (Bullish Kuat),Tidak Ideal (< 1:1),6,WAIT & SEE,TIDAK ADA,2026-07-27 11:57:02
WINS,Mid Cap (Lapis 2),Overvalued (Mahal),5.614338,13000.0,520.0,525,494,550,1.9607843137254901,774800,Normal,50,Positif,Downtrend,Bearish,Strong Bearish,Normal,Akumulasi (Naik),Normal,Dominan Beli (Hajar Kanan),Normal,Sedang,Normal,Area Tengah,< 1 Miliar,Di Atas VWAP (Kuat),Akumulasi Pro (Smart Money),Gorengan Sepi (< 5M),Sepi (< 50%),Distribution (Fase Jualan),Normal,Normal,Naik 2 Hari Beruntun,TP: 546 | CL: 502,Normal,Menengah (1:1),3,WAIT & SEE,TIDAK ADA,2026-07-27 11:57:02
WIIM,Mid Cap (Lapis 2),Undervalued (Murah),6.7177696,1.4113833,1595.0,1576,1500,1670,0.6309148264984227,192200,Normal,50,Positif,Uptrend,Bullish,Strong Bullish,Normal,Distribusi (Turun),Normal,Dominan Beli (Hajar Kanan),Normal,Sedang,Normal,Area Tengah,< 1 Miliar,Persis di VWAP,Distribusi Pro (Guyuran),Gorengan Sepi (< 5M),Sepi (< 50%),Accumulation (Kumpul Barang),Normal,Normal,Naik 1 Hari Beruntun,TP: 1651 | CL: 1557,Normal,Tidak Ideal (< 1:1),5,WAIT & SEE,TIDAK ADA,2026-07-27 11:57:02
WGSH,Small Cap (Lapis 3),Overvalued (Mahal),23.69748,4.535804,141.0,134,114,151,9.30232558139535,9494000,Tembus MA20,58,Positif,Uptrend,Bearish,Bearish MACD,Normal,Distribusi (Turun),Normal,Dominan Beli (Hajar Kanan),Normal,Tinggi,Marubozu (Strong Bullish),Rawan Pucuk (High Risk),> 1 Miliar,Di Atas VWAP (Kuat),Distribusi Pro (Guyuran),Gorengan Sepi (< 5M),Normal (50-150%),Mark-Up (Fase Pesta),Normal,Normal,Naik 1 Hari Beruntun,TP: 159 | CL: 128,Normal,Tidak Ideal (< 1:1),5,WAIT & SEE,TIDAK ADA,2026-07-27 11:57:03
PTPP,Mid Cap (Lapis 2),Fair Value (Wajar),0.0,0.3890938,202.0,197,171,240,-2.8846153846153846,3773700,Normal,50,Negatif,Uptrend,Bullish,Strong Bullish,Normal,Akumulasi (Naik),Gap Down (-2.9%),Dominan Jual (Guyur),Normal,Tinggi,Doji (Ragu-ragu),Rawan Pucuk (High Risk),< 1 Miliar,Di Bawah VWAP (Lemah),Distribusi Pro (Guyuran),Gorengan Sepi (< 5M),Normal (50-150%),Accumulation (Kumpul Barang),Normal,Normal,Turun 2 Hari Beruntun,TP: 218 | CL: 190,Normal,Menengah (1:1),4,WAIT & SEE,TIDAK ADA,2026-07-27 11:57:03
GEMA,Small Cap (Lapis 3),Undervalued (Murah),11.360449,0.2945219,81.0,79,73,92,-1.2195121951219512,243800,Normal,55,Negatif,Uptrend,Bullish,Strong Bullish,Normal,Distribusi (Turun),Normal,Dominan Jual (Guyur),Normal,Sedang,Normal,Rawan Pucuk (High Risk),< 1 Miliar,Di Bawah VWAP (Lemah),Distribusi Pro (Guyuran),Gorengan Sepi (< 5M),Sepi (< 50%),Accumulation (Kumpul Barang),Spesialis Tiang Jemuran (Banting Pucuk),Normal,Turun 1 Hari Beruntun,TP: 87 | CL: 76,Open = High (Tekanan Jual),Menengah (1:1),4,WAIT & SEE,TIDAK ADA,2026-07-27 11:57:03
DIVA,Small Cap (Lapis 3),Overvalued (Mahal),141.41414,0.3219575,142.0,112,100,145,25.663716814159294,70178800,Tembus MA20,72,Positif,Uptrend,Bullish,Strong Bullish,Akumulasi Kuat,Akumulasi (Naik),Normal,Dominan Beli (Hajar Kanan),Breakout Upper,Tinggi,Marubozu (Strong Bullish),Rawan Pucuk (High Risk),> 1 Miliar,Di Atas VWAP (Kuat),Akumulasi Pro (Smart Money),Gorengan Sepi (< 5M),Ledakan Ekstrem (> 300%),Accumulation (Kumpul Barang),Spesialis Tiang Jemuran (Banting Pucuk),Normal,Naik 1 Hari Beruntun,TP: 155 | CL: 133,Normal,Tidak Ideal (< 1:1),9,BELI,TIDAK ADA,2026-07-27 11:57:03
CHEK,Small Cap (Lapis 3),Fair Value (Wajar),0.0,2.5445292,131.0,126,118,141,0.7692307692307693,74800,Normal,56,Positif,Uptrend,Bullish,Strong Bullish,Normal,Distribusi (Turun),Normal,Dominan Beli (Hajar Kanan),Normal,Sedang,Normal,Rawan Pucuk (High Risk),< 1 Miliar,Persis di VWAP,Distribusi Pro (Guyuran),Gorengan Sepi (< 5M),Sepi (< 50%),Mark-Up (Fase Pesta),Spesialis Tiang Jemuran (Banting Pucuk),Normal,Naik 1 Hari Beruntun,TP: 139 | CL: 125,Normal,Tidak Ideal (< 1:1),6,WAIT & SEE,TIDAK ADA,2026-07-27 11:57:03
GRIA,Small Cap (Lapis 3),Overvalued (Mahal),119.0,2.2110329,120.0,111,102,126,0.8403361344537815,1303700,Normal,57,Positif,Uptrend,Bullish,Strong Bullish,Normal,Akumulasi (Naik),Gap Up (+2.5%),Seimbang / Adu Mekanik,Normal,Tinggi,Normal,Rawan Pucuk (High Risk),< 1 Miliar,Persis di VWAP,Akumulasi Pro (Smart Money),Gorengan Sepi (< 5M),Sepi (< 50%),Accumulation (Kumpul Barang),Spesialis Tiang Jemuran (Banting Pucuk),Normal,Naik 1 Hari Beruntun,TP: 127 | CL: 114,Open = High (Tekanan Jual),Tidak Ideal (< 1:1),7,BELI,TIDAK ADA,2026-07-27 11:57:04
AGRS,Mid Cap (Lapis 2),Fair Value (Wajar),16.48936,0.50736916,62.0,60,58,66,0.0,213000,Normal,54,Negatif,Uptrend,Bullish,Strong Bullish,Normal,Netral,Normal,Dominan Beli (Hajar Kanan),Normal,Sedang,Doji (Ragu-ragu),Area Tengah,< 1 Miliar,Persis di VWAP,Akumulasi Pro (Smart Money),Gorengan Sepi (< 5M),Sepi (< 50%),Accumulation (Kumpul Barang),Normal,Jarum Bawah (Sinyal Pantulan Kuat),Sideways / Stagnan,TP: 65 | CL: 59,Normal,Menengah (1:1),5,WAIT & SEE,TIDAK ADA,2026-07-27 11:57:04
LPPF,Mid Cap (Lapis 2),Overvalued (Mahal),4.4420958,3.4336185,1555.0,1530,1465,1600,-0.3205128205128205,255600,Normal,52,Negatif,Uptrend,Bullish,Strong Bullish,Normal,Distribusi (Turun),Normal,Seimbang / Adu Mekanik,Normal,Sedang,Normal,Area Tengah,< 1 Miliar,Di Bawah VWAP (Lemah),Distribusi Pro (Guyuran),Gorengan Sepi (< 5M),Sepi (< 50%),Accumulation (Kumpul Barang),Normal,Normal,Turun 4 Hari Beruntun,TP: 1582 | CL: 1536,Open = High (Tekanan Jual),Tidak Ideal (< 1:1),4,WAIT & SEE,TIDAK ADA,2026-07-27 11:57:04
INPC,Mid Cap (Lapis 2),Fair Value (Wajar),0.0,0.74015725,139.0,133,121,156,2.2058823529411766,5283800,Normal,54,Positif,Uptrend,Bullish,Strong Bullish,Normal,Distribusi (Turun),Normal,Seimbang / Adu Mekanik,Normal,Tinggi,Normal,Rawan Pucuk (High Risk),< 1 Miliar,Persis di VWAP,Distribusi Pro (Guyuran),Gorengan Sepi (< 5M),Normal (50-150%),Accumulation (Kumpul Barang),Spesialis Tiang Jemuran (Banting Pucuk),Normal,Naik 1 Hari Beruntun,TP: 149 | CL: 132,Normal,Tidak Ideal (< 1:1),5,WAIT & SEE,TIDAK ADA,2026-07-27 11:57:04
RALS,Mid Cap (Lapis 2),Undervalued (Murah),9.3757715,0.6180902,380.0,378,358,386,-0.5235602094240838,2636200,Tembus MA20,51,Negatif,Uptrend,Bullish,Strong Bullish,Normal,Distribusi (Turun),Gap Down (-3.7%),Dominan Beli (Hajar Kanan),Squeeze,Rendah,Marubozu (Strong Bullish),Area Tengah,> 1 Miliar,Persis di VWAP,Akumulasi Pro (Smart Money),Gorengan Sepi (< 5M),Normal (50-150%),Accumulation (Kumpul Barang),Normal,Normal,Turun 2 Hari Beruntun,TP: 389 | CL: 373,Open = Low (Bullish Kuat),Tidak Ideal (< 1:1),6,WAIT & SEE,TIDAK ADA,2026-07-27 11:57:04
IMJS,Mid Cap (Lapis 2),Undervalued (Murah),9.45083,0.307999,148.0,143,129,158,0.6802721088435374,472000,Normal,53,Positif,Uptrend,Bullish,Strong Bullish,Normal,Distribusi (Turun),Normal,Dominan Beli (Hajar Kanan),Normal,Tinggi,Normal,Rawan Pucuk (High Risk),< 1 Miliar,Di Bawah VWAP (Lemah),Distribusi Pro (Guyuran),Gorengan Sepi (< 5M),Sepi (< 50%),Accumulation (Kumpul Barang),Spesialis Tiang Jemuran (Banting Pucuk),Normal,Naik 1 Hari Beruntun,TP: 157 | CL: 141,Normal,Tidak Ideal (< 1:1),6,WAIT & SEE,TIDAK ADA,2026-07-27 11:57:05
CENT,Mid Cap (Lapis 2),Fair Value (Wajar),0.0,0.7838471,83.0,76,69,89,-1.1904761904761905,2985500,Normal,62,Negatif,Uptrend,Bullish,Strong Bullish,Normal,Akumulasi (Naik),Normal,Dominan Beli (Hajar Kanan),Normal,Tinggi,Doji (Ragu-ragu),Rawan Pucuk (High Risk),< 1 Miliar,Persis di VWAP,Distribusi Pro (Guyuran),Gorengan Sepi (< 5M),Sepi (< 50%),Mark-Up (Fase Pesta),Spesialis Tiang Jemuran (Banting Pucuk),Jarum Bawah (Sinyal Pantulan Kuat),Turun 1 Hari Beruntun,TP: 88 | CL: 79,Normal,Tidak Ideal (< 1:1),6,WAIT & SEE,TIDAK ADA,2026-07-27 11:57:05
KKGI,Mid Cap (Lapis 2),Overvalued (Mahal),30.76923,8903.226,276.0,267,238,286,0.0,154000,Normal,57,Negatif,Uptrend,Bullish,Strong Bullish,Normal,Akumulasi (Naik),Normal,Seimbang / Adu Mekanik,Normal,Tinggi,Normal,Rawan Pucuk (High Risk),< 1 Miliar,Di Bawah VWAP (Lemah),Distribusi Pro (Guyuran),Gorengan Sepi (< 5M),Sepi (< 50%),Mark-Up (Fase Pesta),Spesialis Tiang Jemuran (Banting Pucuk),Normal,Sideways / Stagnan,TP: 289 | CL: 266,Normal,Tidak Ideal (< 1:1),5,WAIT & SEE,TIDAK ADA,2026-07-27 11:57:05
INDS,Mid Cap (Lapis 2),Overvalued (Mahal),31.942787,0.51872844,272.0,262,231,308,-1.4492753623188406,223700,Normal,52,Negatif,Uptrend,Bullish,Strong Bullish,Normal,Akumulasi (Naik),Normal,Seimbang / Adu Mekanik,Normal,Tinggi,Normal,Rawan Pucuk (High Risk),< 1 Miliar,Di Bawah VWAP (Lemah),Distribusi Pro (Guyuran),Gorengan Sepi (< 5M),Sepi (< 50%),Accumulation (Kumpul Barang),Spesialis Tiang Jemuran (Banting Pucuk),Normal,Turun 2 Hari Beruntun,TP: 292 | CL: 258,Open = High (Tekanan Jual),Tidak Ideal (< 1:1),5,WAIT & SEE,TIDAK ADA,2026-07-27 11:57:05
PPRI,Small Cap (Lapis 3),Fair Value (Wajar),0.0,1.6392541,149.0,144,129,176,0.6756756756756757,1087200,Normal,53,Positif,Uptrend,Bullish,Strong Bullish,Normal,Distribusi (Turun),Normal,Seimbang / Adu Mekanik,Normal,Tinggi,Normal,Rawan Pucuk (High Risk),< 1 Miliar,Di Bawah VWAP (Lemah),Akumulasi Pro (Smart Money),Gorengan Sepi (< 5M),Normal (50-150%),Accumulation (Kumpul Barang),Spesialis Tiang Jemuran (Banting Pucuk),Normal,Naik 1 Hari Beruntun,TP: 165 | CL: 138,Normal,Menengah (1:1),5,WAIT & SEE,TIDAK ADA,2026-07-27 11:57:05
KOBX,Small Cap (Lapis 3),Overvalued (Mahal),24333.334,0.6155818,146.0,144,134,166,-0.6802721088435374,1216800,Normal,48,Negatif,Uptrend,Bullish,Bullish MACD,Normal,Distribusi (Turun),Normal,Seimbang / Adu Mekanik,Normal,Sedang,Normal,Area Tengah,< 1 Miliar,Di Bawah VWAP (Lemah),Distribusi Pro (Guyuran),Gorengan Sepi (< 5M),Sepi (< 50%),Accumulation (Kumpul Barang),Spesialis Tiang Jemuran (Banting Pucuk),Normal,Turun 2 Hari Beruntun,TP: 155 | CL: 139,Normal,Ideal (1:2),3,WAIT & SEE,TIDAK ADA,2026-07-27 11:57:06
AUTO,Big Cap (Lapis 1),Undervalued (Murah),5.5341883,0.7702494,2590.0,2510,2320,2700,0.7782101167315175,264100,Normal,58,Positif,Uptrend,Bullish,Strong Bullish,Normal,Akumulasi (Naik),Normal,Dominan Beli (Hajar Kanan),Normal,Tinggi,Normal,Rawan Pucuk (High Risk),< 1 Miliar,Di Bawah VWAP (Lemah),Akumulasi Pro (Smart Money),Gorengan Sepi (< 5M),Sepi (< 50%),Mark-Up (Fase Pesta),Normal,Normal,Naik 1 Hari Beruntun,TP: 2688 | CL: 2524,Normal,Tidak Ideal (< 1:1),7,BELI,TIDAK ADA,2026-07-27 11:57:06
ITMG,Big Cap (Lapis 1),Overvalued (Mahal),8.548424,14258.721,24500.0,23486,21825,24775,0.0,392300,Normal,70,Negatif,Uptrend,Bullish,Strong Bullish,Normal,Akumulasi (Naik),Normal,Seimbang / Adu Mekanik,Normal,Sedang,Doji (Ragu-ragu),Rawan Pucuk (High Risk),> 1 Miliar,Persis di VWAP,Distribusi Pro (Guyuran),Ritel Aktif (5M - 50M),Sepi (< 50%),Mark-Up (Fase Pesta),Spesialis Tiang Jemuran (Banting Pucuk),Normal,Sideways / Stagnan,TP: 25172 | CL: 24051,Normal,Tidak Ideal (< 1:1),5,WAIT & SEE,TIDAK ADA,2026-07-27 11:57:06
VISI,Mid Cap (Lapis 2),Overvalued (Mahal),0.0,15.250582,905.0,919,750,1060,1.1173184357541899,411100,Normal,47,Positif,Downtrend,Bearish,Strong Bearish,Normal,Distribusi (Turun),Normal,Dominan Beli (Hajar Kanan),Normal,Tinggi,Normal,Rawan Pucuk (High Risk),< 1 Miliar,Persis di VWAP,Distribusi Pro (Guyuran),Gorengan Sepi (< 5M),Sepi (< 50%),Mark-Down (Fase Runtuh),Spesialis Tiang Jemuran (Banting Pucuk),Normal,Naik 1 Hari Beruntun,TP: 986 | CL: 850,Open = Low (Bullish Kuat),Menengah (1:1),2,WAIT & SEE,TIDAK ADA,2026-07-27 11:57:06
LUCK,Small Cap (Lapis 3),Fair Value (Wajar),0.0,0.6976275,114.0,100,91,133,0.8849557522123894,3788300,Normal,63,Positif,Uptrend,Bullish,Strong Bullish,Normal,Akumulasi (Naik),Normal,Dominan Beli (Hajar Kanan),Normal,Tinggi,Normal,Rawan Pucuk (High Risk),< 1 Miliar,Di Bawah VWAP (Lemah),Distribusi Pro (Guyuran),Gorengan Sepi (< 5M),Sepi (< 50%),Accumulation (Kumpul Barang),Spesialis Tiang Jemuran (Banting Pucuk),Normal,Naik 2 Hari Beruntun,TP: 126 | CL: 105,Normal,Tidak Ideal (< 1:1),7,BELI,TIDAK ADA,2026-07-27 11:57:06
PURI,Small Cap (Lapis 3),Overvalued (Mahal),25.335047,1.5359957,138.0,136,128,163,1.4705882352941175,319800,Normal,51,Positif,Uptrend,Bullish,Strong Bullish,Normal,Distribusi (Turun),Normal,Dominan Beli (Hajar Kanan),Normal,Sedang,Hammer (Potensi Reversal),Area Tengah,< 1 Miliar,Di Bawah VWAP (Lemah),Distribusi Pro (Guyuran),Gorengan Sepi (< 5M),Sepi (< 50%),Mark-Up (Fase Pesta),Normal,Jarum Bawah (Sinyal Pantulan Kuat),Naik 1 Hari Beruntun,TP: 150 | CL: 129,Normal,Ideal (1:2),6,WAIT & SEE,TIDAK ADA,2026-07-27 11:57:06
ESTI,Small Cap (Lapis 3),Overvalued (Mahal),132000.0,1.4727541,134.0,128,113,155,2.2900763358778624,530700,Normal,54,Positif,Uptrend,Bullish,Strong Bullish,Normal,Akumulasi (Naik),Normal,Seimbang / Adu Mekanik,Normal,Tinggi,Normal,Rawan Pucuk (High Risk),< 1 Miliar,Di Bawah VWAP (Lemah),Distribusi Pro (Guyuran),Gorengan Sepi (< 5M),Sepi (< 50%),Mark-Up (Fase Pesta),Spesialis Tiang Jemuran (Banting Pucuk),Normal,Naik 1 Hari Beruntun,TP: 147 | CL: 125,Normal,Menengah (1:1),6,WAIT & SEE,TIDAK ADA,2026-07-27 11:57:07
TRIS,Small Cap (Lapis 3),Overvalued (Mahal),46.505302,0.9437138,171.0,163,154,204,3.0120481927710845,1407100,Normal,60,Positif,Uptrend,Bullish,Strong Bullish,Normal,Akumulasi (Naik),Normal,Seimbang / Adu Mekanik,Breakout Upper,Sedang,Normal,Rawan Pucuk (High Risk),< 1 Miliar,Di Atas VWAP (Kuat),Distribusi Pro (Guyuran),Gorengan Sepi (< 5M),Normal (50-150%),Accumulation (Kumpul Barang),Spesialis Tiang Jemuran (Banting Pucuk),Normal,Naik 1 Hari Beruntun,TP: 179 | CL: 165,Open = Low (Bullish Kuat),Ideal (1:2),6,WAIT & SEE,TIDAK ADA,2026-07-27 11:57:07
AWAN,Small Cap (Lapis 3),Overvalued (Mahal),0.0,7.1907725,149.0,147,139,180,1.3605442176870748,779000,Normal,52,Positif,Uptrend,Bullish,Strong Bullish,Normal,Distribusi (Turun),Normal,Dominan Beli (Hajar Kanan),Normal,Sedang,Normal,Area Tengah,< 1 Miliar,Di Bawah VWAP (Lemah),Distribusi Pro (Guyuran),Gorengan Sepi (< 5M),Sepi (< 50%),Mark-Up (Fase Pesta),Spesialis Tiang Jemuran (Banting Pucuk),Jarum Bawah (Sinyal Pantulan Kuat),Naik 1 Hari Beruntun,TP: 165 | CL: 137,Normal,Sangat Menarik (> 1:3),6,WAIT & SEE,TIDAK ADA,2026-07-27 11:57:07
DATA,Mid Cap (Lapis 2),Overvalued (Mahal),23.769506,7.1295595,1985.0,2110,1720,2510,1.2755102040816326,619000,Normal,47,Positif,Downtrend,Bearish,Bearish MACD,Normal,Distribusi (Turun),Normal,Dominan Beli (Hajar Kanan),Normal,Tinggi,Normal,Rawan Pucuk (High Risk),> 1 Miliar,Di Bawah VWAP (Lemah),Distribusi Pro (Guyuran),Ritel Aktif (5M - 50M),Sepi (< 50%),Distribution (Fase Jualan),Normal,Normal,Naik 1 Hari Beruntun,TP: 2218 | CL: 1829,Normal,Ideal (1:2),2,WAIT & SEE,TIDAK ADA,2026-07-27 11:57:07
TARA,Small Cap (Lapis 3),Fair Value (Wajar),0.0,0.29043034,30.0,30,26,35,-3.225806451612903,14700,Normal,49,Negatif,Downtrend,Bullish,Bearish MACD,Normal,Distribusi (Turun),Gap Down (-3.2%),Tidak Ada Transaksi,Normal,Tinggi,Doji (Ragu-ragu),Rawan Pucuk (High Risk),< 1 Miliar,Di Bawah VWAP (Lemah),Distribusi Pro (Guyuran),Gorengan Sepi (< 5M),Sepi (< 50%),Distribution (Fase Jualan),Normal,Normal,Turun 2 Hari Beruntun,TP: 32 | CL: 28,Normal,Menengah (1:1),1,WAIT & SEE,TIDAK ADA,2026-07-27 11:57:07
SMKL,Small Cap (Lapis 3),Undervalued (Murah),4.426657,0.4778284,146.0,135,123,187,2.097902097902098,674600,Normal,60,Positif,Uptrend,Bullish,Strong Bullish,Normal,Akumulasi (Naik),Normal,Seimbang / Adu Mekanik,Breakout Upper,Sedang,Normal,Rawan Pucuk (High Risk),< 1 Miliar,Di Atas VWAP (Kuat),Akumulasi Pro (Smart Money),Gorengan Sepi (< 5M),Sepi (< 50%),Accumulation (Kumpul Barang),Spesialis Tiang Jemuran (Banting Pucuk),Normal,Naik 2 Hari Beruntun,TP: 165 | CL: 133,Normal,Ideal (1:2),6,WAIT & SEE,TIDAK ADA,2026-07-27 11:57:08
BOAT,Small Cap (Lapis 3),Overvalued (Mahal),0.0,18142.857,127.0,111,94,134,2.4193548387096775,435200,Normal,66,Positif,Uptrend,Bullish,Strong Bullish,Normal,Akumulasi (Naik),Normal,Dominan Beli (Hajar Kanan),Normal,Tinggi,Normal,Rawan Pucuk (High Risk),< 1 Miliar,Di Atas VWAP (Kuat),Akumulasi Pro (Smart Money),Gorengan Sepi (< 5M),Sepi (< 50%),Accumulation (Kumpul Barang),Spesialis Tiang Jemuran (Banting Pucuk),Normal,Naik 1 Hari Beruntun,TP: 138 | CL: 119,Normal,Tidak Ideal (< 1:1),7,BELI,TIDAK ADA,2026-07-27 11:57:08
ECII,Small Cap (Lapis 3),Fair Value (Wajar),0.0,0.2097565,171.0,140,110,190,17.93103448275862,25031300,Tembus MA20,66,Positif,Uptrend,Bullish,Strong Bullish,Akumulasi Kuat,Akumulasi (Naik),Normal,Seimbang / Adu Mekanik,Normal,Tinggi,Normal,Rawan Pucuk (High Risk),> 1 Miliar,Di Atas VWAP (Kuat),Akumulasi Pro (Smart Money),Gorengan Sepi (< 5M),Ledakan Ekstrem (> 300%),Mark-Up (Fase Pesta),Spesialis Tiang Jemuran (Banting Pucuk),Normal,Naik 1 Hari Beruntun,TP: 193 | CL: 156,Open = Low (Bullish Kuat),Tidak Ideal (< 1:1),8,BELI,TIDAK ADA,2026-07-27 11:57:08
UDNG,Mid Cap (Lapis 2),Overvalued (Mahal),0.0,39.531033,1170.0,1276,1135,1500,0.0,636600,Normal,41,Negatif,Downtrend,Bearish,Strong Bearish,Normal,Distribusi (Turun),Normal,Dominan Jual (Guyur),Normal,Tinggi,Doji (Ragu-ragu),Area Tengah,< 1 Miliar,Di Bawah VWAP (Lemah),Distribusi Pro (Guyuran),Gorengan Sepi (< 5M),Normal (50-150%),Mark-Down (Fase Runtuh),Spesialis Tiang Jemuran (Banting Pucuk),Normal,Sideways / Stagnan,TP: 1288 | CL: 1091,Normal,Sangat Menarik (> 1:3),0,WAIT & SEE,TIDAK ADA,2026-07-27 11:57:08
ELPI,Mid Cap (Lapis 2),Overvalued (Mahal),42.188225,2.5689669,905.0,1031,850,1245,-0.5494505494505495,384600,Normal,36,Negatif,Downtrend,Bearish,Bullish MACD,Normal,Distribusi (Turun),Normal,Dominan Beli (Hajar Kanan),Bottom Rebound,Tinggi,Doji (Ragu-ragu),Area Tengah,< 1 Miliar,Di Bawah VWAP (Lemah),Distribusi Pro (Guyuran),Gorengan Sepi (< 5M),Sepi (< 50%),Mark-Down (Fase Runtuh),Normal,Jarum Bawah (Sinyal Pantulan Kuat),Turun 2 Hari Beruntun,TP: 1020 | CL: 827,Open = High (Tekanan Jual),Sangat Menarik (> 1:3),2,WAIT & SEE,TIDAK ADA,2026-07-27 11:57:08
POWR,Big Cap (Lapis 1),Overvalued (Mahal),8.791076,15760.869,730.0,715,685,740,-0.6802721088435374,588900,Normal,63,Negatif,Uptrend,Bullish,Strong Bullish,Normal,Akumulasi (Naik),Normal,Seimbang / Adu Mekanik,Squeeze,Rendah,Normal,Area Tengah,< 1 Miliar,Persis di VWAP,Akumulasi Pro (Smart Money),Gorengan Sepi (< 5M),Sepi (< 50%),Mark-Up (Fase Pesta),Spesialis Tiang Jemuran (Banting Pucuk),Normal,Turun 1 Hari Beruntun,TP: 745 | CL: 719,Open = High (Tekanan Jual),Tidak Ideal (< 1:1),5,WAIT & SEE,TIDAK ADA,2026-07-27 11:57:09
RELF,Small Cap (Lapis 3),Fair Value (Wajar),0.0,0.84261775,36.0,34,31,41,0.0,1332100,Normal,55,Negatif,Uptrend,Bullish,Strong Bullish,Normal,Distribusi (Turun),Gap Down (-2.8%),Dominan Beli (Hajar Kanan),Normal,Tinggi,Normal,Rawan Pucuk (High Risk),< 1 Miliar,Di Bawah VWAP (Lemah),Distribusi Pro (Guyuran),Gorengan Sepi (< 5M),Sepi (< 50%),Accumulation (Kumpul Barang),Normal,Normal,Sideways / Stagnan,TP: 39 | CL: 33,Normal,Menengah (1:1),5,WAIT & SEE,TIDAK ADA,2026-07-27 11:57:09
CBDK,Big Cap (Lapis 1),Fair Value (Wajar),11.488766,2.1484578,3610.0,3487,3180,3940,-0.2762430939226519,467800,Normal,52,Negatif,Uptrend,Bullish,Strong Bullish,Normal,Akumulasi (Naik),Normal,Seimbang / Adu Mekanik,Normal,Tinggi,Doji (Ragu-ragu),Rawan Pucuk (High Risk),> 1 Miliar,Di Bawah VWAP (Lemah),Akumulasi Pro (Smart Money),Ritel Aktif (5M - 50M),Sepi (< 50%),Accumulation (Kumpul Barang),Normal,Jarum Bawah (Sinyal Pantulan Kuat),Turun 2 Hari Beruntun,TP: 3814 | CL: 3473,Normal,Tidak Ideal (< 1:1),5,WAIT & SEE,TIDAK ADA,2026-07-27 11:57:09
SMSM,Mid Cap (Lapis 2),Fair Value (Wajar),8.956934,2.4377317,1725.0,1700,1585,1770,-0.2890173410404624,275700,Normal,56,Negatif,Uptrend,Bullish,Strong Bullish,Normal,Distribusi (Turun),Normal,Dominan Beli (Hajar Kanan),Normal,Sedang,Hammer (Potensi Reversal),Area Tengah,< 1 Miliar,Di Bawah VWAP (Lemah),Distribusi Pro (Guyuran),Gorengan Sepi (< 5M),Sepi (< 50%),Mark-Up (Fase Pesta),Normal,Jarum Bawah (Sinyal Pantulan Kuat),Turun 3 Hari Beruntun,TP: 1760 | CL: 1701,Open = High (Tekanan Jual),Tidak Ideal (< 1:1),5,WAIT & SEE,TIDAK ADA,2026-07-27 11:57:09
ARKO,Big Cap (Lapis 1),Overvalued (Mahal),252.48933,29.294458,5350.0,4920,4300,5900,-6.140350877192982,1084500,Normal,52,Negatif,Uptrend,Bullish,Bullish MACD,Normal,Akumulasi (Naik),Normal,Dominan Jual (Guyur),Normal,Tinggi,Normal,Rawan Pucuk (High Risk),> 1 Miliar,Di Bawah VWAP (Lemah),Akumulasi Pro (Smart Money),Ritel Aktif (5M - 50M),Sepi (< 50%),Accumulation (Kumpul Barang),Spesialis Tiang Jemuran (Banting Pucuk),Normal,Turun 1 Hari Beruntun,TP: 5930 | CL: 4963,Open = High (Tekanan Jual),Tidak Ideal (< 1:1),5,WAIT & SEE,TIDAK ADA,2026-07-27 11:57:09
PJHB,Small Cap (Lapis 3),Fair Value (Wajar),0.0,1.0077896,170.0,162,150,194,-1.7341040462427744,1896900,Normal,52,Negatif,Uptrend,Bullish,Strong Bullish,Normal,Akumulasi (Naik),Normal,Dominan Jual (Guyur),Normal,Tinggi,Normal,Rawan Pucuk (High Risk),< 1 Miliar,Di Bawah VWAP (Lemah),Distribusi Pro (Guyuran),Gorengan Sepi (< 5M),Normal (50-150%),Accumulation (Kumpul Barang),Spesialis Tiang Jemuran (Banting Pucuk),Normal,Turun 2 Hari Beruntun,TP: 184 | CL: 160,Normal,Menengah (1:1),5,WAIT & SEE,TIDAK ADA,2026-07-27 11:57:09
AEGS,Small Cap (Lapis 3),Fair Value (Wajar),0.0,0.6247094,43.0,40,35,49,0.0,505800,Normal,57,Negatif,Uptrend,Bullish,Strong Bullish,Normal,Akumulasi (Naik),Gap Down (-4.7%),Dominan Beli (Hajar Kanan),Normal,Tinggi,Marubozu (Strong Bullish),Rawan Pucuk (High Risk),< 1 Miliar,Di Bawah VWAP (Lemah),Akumulasi Pro (Smart Money),Gorengan Sepi (< 5M),Sepi (< 50%),Accumulation (Kumpul Barang),Normal,Normal,Sideways / Stagnan,TP: 47 | CL: 40,Open = Low (Bullish Kuat),Tidak Ideal (< 1:1),6,WAIT & SEE,TIDAK ADA,2026-07-27 11:57:10
SURI,Small Cap (Lapis 3),Fair Value (Wajar),0.0,1.2702738,69.0,64,55,70,0.0,2262100,Normal,61,Negatif,Uptrend,Bullish,Strong Bullish,Normal,Akumulasi (Naik),Normal,Seimbang / Adu Mekanik,Normal,Tinggi,Normal,Rawan Pucuk (High Risk),< 1 Miliar,Di Atas VWAP (Kuat),Distribusi Pro (Guyuran),Gorengan Sepi (< 5M),Sepi (< 50%),Mark-Up (Fase Pesta),Normal,Normal,Sideways / Stagnan,TP: 73 | CL: 65,Open = High (Tekanan Jual),Tidak Ideal (< 1:1),5,WAIT & SEE,TIDAK ADA,2026-07-27 11:57:10
JIHD,Mid Cap (Lapis 2),Fair Value (Wajar),0.0,0.28945482,436.0,420,386,456,-0.9090909090909091,476500,Tembus MA20,54,Negatif,Uptrend,Bullish,Strong Bullish,Normal,Akumulasi (Naik),Normal,Seimbang / Adu Mekanik,Normal,Tinggi,Normal,Rawan Pucuk (High Risk),< 1 Miliar,Persis di VWAP,Akumulasi Pro (Smart Money),Gorengan Sepi (< 5M),Anomali Tinggi (150-300%),Accumulation (Kumpul Barang),Spesialis Tiang Jemuran (Banting Pucuk),Normal,Turun 2 Hari Beruntun,TP: 461 | CL: 419,Normal,Tidak Ideal (< 1:1),6,WAIT & SEE,TIDAK ADA,2026-07-27 11:57:10
VRNA,Small Cap (Lapis 3),Overvalued (Mahal),108.85341,0.57637334,75.0,74,69,80,-1.3157894736842104,600,Normal,49,Negatif,Uptrend,Bullish,Strong Bullish,Normal,Akumulasi (Naik),Normal,Dominan Jual (Guyur),Normal,Sedang,Normal,Area Tengah,< 1 Miliar,Di Bawah VWAP (Lemah),Distribusi Pro (Guyuran),Gorengan Sepi (< 5M),Sepi (< 50%),Accumulation (Kumpul Barang),Spesialis Tiang Jemuran (Banting Pucuk),Normal,Turun 2 Hari Beruntun,TP: 80 | CL: 71,Open = High (Tekanan Jual),Tidak Ideal (< 1:1),4,WAIT & SEE,TIDAK ADA,2026-07-27 11:57:10
BLES,Mid Cap (Lapis 2),Undervalued (Murah),11.240576,1.249067,164.0,146,134,166,-0.6060606060606061,1133700,Normal,72,Negatif,Uptrend,Bullish,Strong Bullish,Normal,Akumulasi (Naik),Normal,Dominan Beli (Hajar Kanan),Normal,Tinggi,Hammer (Potensi Reversal),Rawan Pucuk (High Risk),< 1 Miliar,Di Atas VWAP (Kuat),Akumulasi Pro (Smart Money),Gorengan Sepi (< 5M),Sepi (< 50%),Mark-Up (Fase Pesta),Spesialis Tiang Jemuran (Banting Pucuk),Jarum Bawah (Sinyal Pantulan Kuat),Turun 1 Hari Beruntun,TP: 173 | CL: 157,Open = High (Tekanan Jual),Tidak Ideal (< 1:1),6,WAIT & SEE,TIDAK ADA,2026-07-27 11:57:10
UFOE,Small Cap (Lapis 3),Overvalued (Mahal),25.131285,1.5741003,134.0,135,127,171,0.7518796992481203,64500,Normal,46,Positif,Downtrend,Bullish,Bullish MACD,Normal,Akumulasi (Naik),Normal,Dominan Beli (Hajar Kanan),Squeeze,Rendah,Normal,Area Tengah,< 1 Miliar,Di Bawah VWAP (Lemah),Akumulasi Pro (Smart Money),Gorengan Sepi (< 5M),Sepi (< 50%),Mark-Down (Fase Runtuh),Spesialis Tiang Jemuran (Banting Pucuk),Jarum Bawah (Sinyal Pantulan Kuat),Naik 1 Hari Beruntun,TP: 145 | CL: 126,Normal,Sangat Menarik (> 1:3),5,WAIT & SEE,TIDAK ADA,2026-07-27 11:57:11
AXIO,Small Cap (Lapis 3),Fair Value (Wajar),0.0,1.2417358,110.0,110,102,133,0.0,407200,Normal,49,Negatif,Downtrend,Bullish,Bearish MACD,Normal,Distribusi (Turun),Normal,Seimbang / Adu Mekanik,Normal,Sedang,Normal,Area Tengah,< 1 Miliar,Di Bawah VWAP (Lemah),Distribusi Pro (Guyuran),Gorengan Sepi (< 5M),Sepi (< 50%),Distribution (Fase Jualan),Normal,Normal,Sideways / Stagnan,TP: 116 | CL: 105,Open = High (Tekanan Jual),Ideal (1:2),1,WAIT & SEE,TIDAK ADA,2026-07-27 11:57:11
MCAS,Small Cap (Lapis 3),Fair Value (Wajar),0.0,1.4697026,266.0,165,143,266,24.299065420560748,20395300,Tembus MA20,79,Positif,Uptrend,Bullish,Bullish MACD,Akumulasi Kuat,Akumulasi (Naik),Gap Up (+22.4%),Dominan Beli (Hajar Kanan),Breakout Upper,Tinggi,Doji (Ragu-ragu),Rawan Pucuk (High Risk),> 1 Miliar,Di Atas VWAP (Kuat),Akumulasi Pro (Smart Money),Gorengan Sepi (< 5M),Anomali Tinggi (150-300%),Accumulation (Kumpul Barang),Spesialis Tiang Jemuran (Banting Pucuk),Jarum Bawah (Sinyal Pantulan Kuat),Naik 5 Hari Beruntun,TP: 293 | CL: 247,Normal,Tidak Ideal (< 1:1),10,BELI,TIDAK ADA,2026-07-27 11:57:11
KBLM,Small Cap (Lapis 3),Overvalued (Mahal),93.18766,0.22577582,290.0,290,276,298,-2.027027027027027,19500,Normal,49,Negatif,Downtrend,Bullish,Strong Bullish,Normal,Akumulasi (Naik),Normal,Dominan Jual (Guyur),Squeeze,Rendah,Normal,Area Tengah,< 1 Miliar,Persis di VWAP,Akumulasi Pro (Smart Money),Gorengan Sepi (< 5M),Sepi (< 50%),Mark-Down (Fase Runtuh),Normal,Normal,Turun 1 Hari Beruntun,TP: 298 | CL: 284,Open = High (Tekanan Jual),Tidak Ideal (< 1:1),3,WAIT & SEE,TIDAK ADA,2026-07-27 11:57:11
BMHS,Mid Cap (Lapis 2),Overvalued (Mahal),174.7573,0.7941725,180.0,176,166,185,-0.5524861878453038,390700,Normal,56,Negatif,Uptrend,Bullish,Strong Bullish,Normal,Akumulasi (Naik),Normal,Dominan Jual (Guyur),Squeeze,Rendah,Doji (Ragu-ragu),Area Tengah,< 1 Miliar,Persis di VWAP,Akumulasi Pro (Smart Money),Gorengan Sepi (< 5M),Normal (50-150%),Accumulation (Kumpul Barang),Normal,Normal,Turun 1 Hari Beruntun,TP: 190 | CL: 172,Normal,Tidak Ideal (< 1:1),5,WAIT & SEE,TIDAK ADA,2026-07-27 11:57:12
PGLI,Small Cap (Lapis 3),Overvalued (Mahal),0.0,7.35824,187.0,189,161,216,-2.094240837696335,76800,Normal,47,Negatif,Downtrend,Bullish,Bearish MACD,Normal,Akumulasi (Naik),Gap Down (-3.1%),Dominan Jual (Guyur),Normal,Tinggi,Normal,Rawan Pucuk (High Risk),< 1 Miliar,Di Bawah VWAP (Lemah),Akumulasi Pro (Smart Money),Gorengan Sepi (< 5M),Sepi (< 50%),Distribution (Fase Jualan),Normal,Normal,Turun 2 Hari Beruntun,TP: 210 | CL: 171,Open = Low (Bullish Kuat),Menengah (1:1),2,WAIT & SEE,TIDAK ADA,2026-07-27 11:57:12
SAPX,Small Cap (Lapis 3),Overvalued (Mahal),174.43608,0.9188847,232.0,210,190,252,6.422018348623854,1650300,Tembus MA20,64,Positif,Uptrend,Bullish,Strong Bullish,Akumulasi Kuat,Akumulasi (Naik),Normal,Seimbang / Adu Mekanik,Breakout Upper,Sedang,Normal,Rawan Pucuk (High Risk),< 1 Miliar,Di Atas VWAP (Kuat),Distribusi Pro (Guyuran),Gorengan Sepi (< 5M),Ledakan Ekstrem (> 300%),Accumulation (Kumpul Barang),Normal,Normal,Naik 2 Hari Beruntun,TP: 248 | CL: 221,Open = Low (Bullish Kuat),Tidak Ideal (< 1:1),8,BELI,TIDAK ADA,2026-07-27 11:57:12
IPOL,Small Cap (Lapis 3),Overvalued (Mahal),34.7541,3925.9258,106.0,105,101,114,0.9523809523809524,69700,Normal,48,Positif,Uptrend,Death Cross,Bullish MACD,Normal,Akumulasi (Naik),Normal,Seimbang / Adu Mekanik,Squeeze,Rendah,Normal,Area Tengah,< 1 Miliar,Persis di VWAP,Distribusi Pro (Guyuran),Gorengan Sepi (< 5M),Sepi (< 50%),Accumulation (Kumpul Barang),Spesialis Tiang Jemuran (Banting Pucuk),Normal,Naik 1 Hari Beruntun,TP: 111 | CL: 102,Open = High (Tekanan Jual),Ideal (1:2),4,WAIT & SEE,TIDAK ADA,2026-07-27 11:57:12
IPAC,Small Cap (Lapis 3),Overvalued (Mahal),40.2825,4.1654267,154.0,157,138,182,-3.75,52500,Normal,48,Negatif,Downtrend,Bullish,Bearish MACD,Normal,Distribusi (Turun),Normal,Seimbang / Adu Mekanik,Normal,Tinggi,Normal,Rawan Pucuk (High Risk),< 1 Miliar,Di Bawah VWAP (Lemah),Akumulasi Pro (Smart Money),Gorengan Sepi (< 5M),Normal (50-150%),Distribution (Fase Jualan),Spesialis Tiang Jemuran (Banting Pucuk),Normal,Turun 3 Hari Beruntun,TP: 173 | CL: 141,Normal,Ideal (1:2),1,WAIT & SEE,TIDAK ADA,2026-07-27 11:57:12
APII,Small Cap (Lapis 3),Undervalued (Murah),9.743372,0.4831709,183.0,183,171,190,0.5494505494505495,8100,Normal,52,Positif,Downtrend,Death Cross,Bearish MACD,Normal,Distribusi (Turun),Normal,Dominan Beli (Hajar Kanan),Squeeze,Rendah,Marubozu (Strong Bullish),Area Tengah,< 1 Miliar,Persis di VWAP,Akumulasi Pro (Smart Money),Gorengan Sepi (< 5M),Sepi (< 50%),Distribution (Fase Jualan),Normal,Normal,Naik 1 Hari Beruntun,TP: 187 | CL: 179,Open = Low (Bullish Kuat),Tidak Ideal (< 1:1),3,WAIT & SEE,TIDAK ADA,2026-07-27 11:57:12
SCNP,Small Cap (Lapis 3),Fair Value (Wajar),0.0,1.0112146,155.0,151,138,189,0.6493506493506493,257300,Normal,54,Positif,Uptrend,Bullish,Strong Bullish,Normal,Akumulasi (Naik),Normal,Dominan Jual (Guyur),Normal,Tinggi,Normal,Rawan Pucuk (High Risk),< 1 Miliar,Di Bawah VWAP (Lemah),Distribusi Pro (Guyuran),Gorengan Sepi (< 5M),Normal (50-150%),Mark-Up (Fase Pesta),Spesialis Tiang Jemuran (Banting Pucuk),Normal,Naik 1 Hari Beruntun,TP: 173 | CL: 142,Normal,Ideal (1:2),6,WAIT & SEE,TIDAK ADA,2026-07-27 11:57:13
PZZA,Small Cap (Lapis 3),Fair Value (Wajar),18.588469,0.54061246,187.0,184,164,190,1.0810810810810811,33600,Normal,53,Positif,Uptrend,Bullish,Strong Bullish,Normal,Distribusi (Turun),Normal,Dominan Beli (Hajar Kanan),Squeeze,Rendah,Marubozu (Strong Bullish),Rawan Pucuk (High Risk),< 1 Miliar,Persis di VWAP,Akumulasi Pro (Smart Money),Gorengan Sepi (< 5M),Sepi (< 50%),Accumulation (Kumpul Barang),Normal,Normal,Naik 1 Hari Beruntun,TP: 195 | CL: 181,Open = Low (Bullish Kuat),Tidak Ideal (< 1:1),6,WAIT & SEE,TIDAK ADA,2026-07-27 11:57:13
WOMF,Small Cap (Lapis 3),Undervalued (Murah),8.22186,0.44238853,252.0,248,230,266,0.8,3400,Normal,49,Positif,Uptrend,Bullish,Bullish MACD,Normal,Distribusi (Turun),Normal,Dominan Beli (Hajar Kanan),Normal,Sedang,Marubozu (Strong Bullish),Area Tengah,< 1 Miliar,Persis di VWAP,Distribusi Pro (Guyuran),Gorengan Sepi (< 5M),Sepi (< 50%),Accumulation (Kumpul Barang),Spesialis Tiang Jemuran (Banting Pucuk),Normal,Naik 1 Hari Beruntun,TP: 263 | CL: 244,Open = Low (Bullish Kuat),Tidak Ideal (< 1:1),5,WAIT & SEE,TIDAK ADA,2026-07-27 11:57:13
BINO,Small Cap (Lapis 3),Fair Value (Wajar),18.948874,0.5963734,106.0,99,87,131,-0.9345794392523363,42400,Normal,59,Negatif,Uptrend,Bullish,Strong Bullish,Normal,Akumulasi (Naik),Normal,Seimbang / Adu Mekanik,Normal,Tinggi,Normal,Rawan Pucuk (High Risk),< 1 Miliar,Di Bawah VWAP (Lemah),Distribusi Pro (Guyuran),Gorengan Sepi (< 5M),Sepi (< 50%),Mark-Up (Fase Pesta),Spesialis Tiang Jemuran (Banting Pucuk),Normal,Turun 2 Hari Beruntun,TP: 115 | CL: 99,Open = High (Tekanan Jual),Menengah (1:1),5,WAIT & SEE,TIDAK ADA,2026-07-27 11:57:13
DART,Small Cap (Lapis 3),Fair Value (Wajar),0.0,0.35693005,127.0,122,115,141,4.098360655737705,88700,Normal,54,Positif,Uptrend,Bullish,Strong Bullish,Normal,Distribusi (Turun),Normal,Dominan Beli (Hajar Kanan),Normal,Sedang,Marubozu (Strong Bullish),Rawan Pucuk (High Risk),< 1 Miliar,Persis di VWAP,Distribusi Pro (Guyuran),Gorengan Sepi (< 5M),Sepi (< 50%),Accumulation (Kumpul Barang),Spesialis Tiang Jemuran (Banting Pucuk),Normal,Naik 1 Hari Beruntun,TP: 138 | CL: 119,Open = Low (Bullish Kuat),Menengah (1:1),6,WAIT & SEE,TIDAK ADA,2026-07-27 11:57:13
LMPI,Small Cap (Lapis 3),Overvalued (Mahal),0.0,3.7317438,139.0,136,125,148,0.0,231600,Tembus MA20,52,Negatif,Uptrend,Bullish,Strong Bullish,Akumulasi Kuat,Distribusi (Turun),Normal,Dominan Beli (Hajar Kanan),Normal,Sedang,Marubozu (Strong Bullish),Rawan Pucuk (High Risk),< 1 Miliar,Persis di VWAP,Akumulasi Pro (Smart Money),Gorengan Sepi (< 5M),Anomali Tinggi (150-300%),Accumulation (Kumpul Barang),Normal,Normal,Sideways / Stagnan,TP: 147 | CL: 133,Open = Low (Bullish Kuat),Tidak Ideal (< 1:1),7,BELI,TIDAK ADA,2026-07-27 11:57:14
KICI,Small Cap (Lapis 3),Undervalued (Murah),2.6102245,0.47162667,193.0,186,167,232,0.0,643400,Normal,56,Negatif,Uptrend,Bullish,Strong Bullish,Normal,Distribusi (Turun),Gap Up (+3.1%),Dominan Jual (Guyur),Normal,Sedang,Normal,Rawan Pucuk (High Risk),< 1 Miliar,Di Bawah VWAP (Lemah),Distribusi Pro (Guyuran),Gorengan Sepi (< 5M),Sepi (< 50%),Accumulation (Kumpul Barang),Spesialis Tiang Jemuran (Banting Pucuk),Normal,Sideways / Stagnan,TP: 214 | CL: 178,Normal,Ideal (1:2),5,WAIT & SEE,TIDAK ADA,2026-07-27 11:57:14
CRSN,Small Cap (Lapis 3),Fair Value (Wajar),0.0,1.2619952,101.0,100,93,121,-1.9417475728155338,398400,Normal,49,Negatif,Uptrend,Bullish,Strong Bullish,Normal,Distribusi (Turun),Normal,Seimbang / Adu Mekanik,Normal,Sedang,Normal,Area Tengah,< 1 Miliar,Di Bawah VWAP (Lemah),Distribusi Pro (Guyuran),Gorengan Sepi (< 5M),Sepi (< 50%),Accumulation (Kumpul Barang),Spesialis Tiang Jemuran (Banting Pucuk),Normal,Turun 2 Hari Beruntun,TP: 109 | CL: 95,Open = High (Tekanan Jual),Ideal (1:2),3,WAIT & SEE,TIDAK ADA,2026-07-27 11:57:14
NIRO,Mid Cap (Lapis 2),Fair Value (Wajar),0.0,1.964454,148.0,142,127,179,8.02919708029197,753200,Normal,50,Positif,Uptrend,Bullish,Bullish MACD,Normal,Distribusi (Turun),Normal,Seimbang / Adu Mekanik,Normal,Tinggi,Normal,Rawan Pucuk (High Risk),< 1 Miliar,Di Bawah VWAP (Lemah),Distribusi Pro (Guyuran),Gorengan Sepi (< 5M),Sepi (< 50%),Accumulation (Kumpul Barang),Spesialis Tiang Jemuran (Banting Pucuk),Normal,Naik 1 Hari Beruntun,TP: 174 | CL: 130,Open = Low (Bullish Kuat),Menengah (1:1),4,WAIT & SEE,TIDAK ADA,2026-07-27 11:57:14
ASJT,Small Cap (Lapis 3),Fair Value (Wajar),0.0,0.7108157,163.0,161,150,212,3.1645569620253164,1918000,Tembus MA20,52,Positif,Uptrend,Bearish,Bearish MACD,Normal,Akumulasi (Naik),Gap Up (+10.8%),Dominan Jual (Guyur),Normal,Sedang,Normal,Area Tengah,< 1 Miliar,Di Bawah VWAP (Lemah),Distribusi Pro (Guyuran),Gorengan Sepi (< 5M),Normal (50-150%),Accumulation (Kumpul Barang),Spesialis Tiang Jemuran (Banting Pucuk),Normal,Naik 1 Hari Beruntun,TP: 183 | CL: 149,Normal,Sangat Menarik (> 1:3),6,WAIT & SEE,TIDAK ADA,2026-07-27 11:57:14
CAMP,Small Cap (Lapis 3),Undervalued (Murah),12.982999,0.9765341,168.0,169,155,208,-1.1764705882352942,150900,Normal,43,Negatif,Downtrend,Bullish,Bullish MACD,Normal,Akumulasi (Naik),Normal,Seimbang / Adu Mekanik,Squeeze,Rendah,Normal,Area Tengah,< 1 Miliar,Di Bawah VWAP (Lemah),Akumulasi Pro (Smart Money),Gorengan Sepi (< 5M),Sepi (< 50%),Mark-Down (Fase Runtuh),Normal,Normal,Turun 2 Hari Beruntun,TP: 174 | CL: 163,Open = High (Tekanan Jual),Sangat Menarik (> 1:3),3,WAIT & SEE,TIDAK ADA,2026-07-27 11:57:15
MDKI,Small Cap (Lapis 3),Undervalued (Murah),11.778411,0.46955624,182.0,179,168,189,0.0,15300,Normal,56,Negatif,Uptrend,Bullish,Strong Bullish,Normal,Akumulasi (Naik),Normal,Dominan Beli (Hajar Kanan),Squeeze,Rendah,Doji (Ragu-ragu),Area Tengah,< 1 Miliar,Persis di VWAP,Distribusi Pro (Guyuran),Gorengan Sepi (< 5M),Sepi (< 50%),Mark-Up (Fase Pesta),Normal,Jarum Bawah (Sinyal Pantulan Kuat),Sideways / Stagnan,TP: 188 | CL: 177,Normal,Tidak Ideal (< 1:1),6,WAIT & SEE,TIDAK ADA,2026-07-27 11:57:15
LRNA,Small Cap (Lapis 3),Fair Value (Wajar),0.0,0.2395532,178.0,178,171,210,-1.1111111111111112,12000,Normal,47,Negatif,Downtrend,Bullish,Bullish MACD,Normal,Akumulasi (Naik),Normal,Dominan Jual (Guyur),Squeeze,Rendah,Normal,Area Tengah,< 1 Miliar,Di Bawah VWAP (Lemah),Distribusi Pro (Guyuran),Gorengan Sepi (< 5M),Sepi (< 50%),Sideways,Spesialis Tiang Jemuran (Banting Pucuk),Normal,Turun 1 Hari Beruntun,TP: 193 | CL: 167,Normal,Sangat Menarik (> 1:3),3,WAIT & SEE,TIDAK ADA,2026-07-27 11:57:15
STAR,Mid Cap (Lapis 2),Overvalued (Mahal),53.438114,2.4047174,272.0,281,232,338,-2.158273381294964,7700,Normal,36,Negatif,Downtrend,Bearish,Bullish MACD,Normal,Distribusi (Turun),Normal,Dominan Jual (Guyur),Normal,Sedang,Normal,Rawan Pucuk (High Risk),< 1 Miliar,Di Bawah VWAP (Lemah),Distribusi Pro (Guyuran),Gorengan Sepi (< 5M),Sepi (< 50%),Mark-Down (Fase Runtuh),Spesialis Tiang Jemuran (Banting Pucuk),Normal,Turun 1 Hari Beruntun,TP: 303 | CL: 251,Open = High (Tekanan Jual),Ideal (1:2),1,WAIT & SEE,TIDAK ADA,2026-07-27 11:57:15
DMMX,Mid Cap (Lapis 2),Overvalued (Mahal),26.1185,2.2868757,216.0,162,150,216,35.0,9169600,Tembus MA20,78,Positif,Uptrend,Bullish,Strong Bullish,Akumulasi Kuat,Akumulasi (Naik),Gap Up (+9.4%),Dominan Beli (Hajar Kanan),Breakout Upper,Tinggi,Marubozu (Strong Bullish),Rawan Pucuk (High Risk),> 1 Miliar,Di Atas VWAP (Kuat),Akumulasi Pro (Smart Money),Gorengan Sepi (< 5M),Ledakan Ekstrem (> 300%),Accumulation (Kumpul Barang),Spesialis Tiang Jemuran (Banting Pucuk),Normal,Naik 1 Hari Beruntun,TP: 232 | CL: 205,Open = Low (Bullish Kuat),Tidak Ideal (< 1:1),10,BELI,TIDAK ADA,2026-07-27 11:57:15
WINE,Small Cap (Lapis 3),Undervalued (Murah),10.906411,1.1717204,148.0,149,143,172,0.6802721088435374,78900,Normal,46,Positif,Downtrend,Bullish,Bullish MACD,Normal,Akumulasi (Naik),Gap Up (+3.4%),Dominan Jual (Guyur),Squeeze,Rendah,Normal,Area Tengah,< 1 Miliar,Di Bawah VWAP (Lemah),Distribusi Pro (Guyuran),Gorengan Sepi (< 5M),Sepi (< 50%),Mark-Down (Fase Runtuh),Spesialis Tiang Jemuran (Banting Pucuk),Normal,Naik 1 Hari Beruntun,TP: 157 | CL: 141,Open = High (Tekanan Jual),Sangat Menarik (> 1:3),5,WAIT & SEE,TIDAK ADA,2026-07-27 11:57:16
SBMA,Small Cap (Lapis 3),Undervalued (Murah),8.970887,0.4117592,106.0,107,101,117,-0.9345794392523363,16300,Normal,45,Negatif,Downtrend,Bullish,Bullish MACD,Normal,Distribusi (Turun),Normal,Dominan Jual (Guyur),Squeeze,Rendah,Doji (Ragu-ragu),Area Tengah,< 1 Miliar,Di Bawah VWAP (Lemah),Distribusi Pro (Guyuran),Gorengan Sepi (< 5M),Sepi (< 50%),Mark-Down (Fase Runtuh),Spesialis Tiang Jemuran (Banting Pucuk),Normal,Turun 1 Hari Beruntun,TP: 111 | CL: 102,Normal,Ideal (1:2),2,WAIT & SEE,TIDAK ADA,2026-07-27 11:57:16
KLIN,Small Cap (Lapis 3),Overvalued (Mahal),0.0,5.677722,126.0,104,91,139,4.132231404958678,1087600,Tembus MA20,64,Positif,Uptrend,Bullish,Strong Bullish,Akumulasi Kuat,Akumulasi (Naik),Normal,Seimbang / Adu Mekanik,Normal,Tinggi,Normal,Rawan Pucuk (High Risk),< 1 Miliar,Di Atas VWAP (Kuat),Distribusi Pro (Guyuran),Gorengan Sepi (< 5M),Anomali Tinggi (150-300%),Accumulation (Kumpul Barang),Normal,Normal,Naik 3 Hari Beruntun,TP: 139 | CL: 116,Normal,Tidak Ideal (< 1:1),8,BELI,TIDAK ADA,2026-07-27 11:57:16
TYRE,Small Cap (Lapis 3),Fair Value (Wajar),0.0,1.1590219,113.0,112,98,127,-0.8771929824561403,13500,Normal,52,Negatif,Uptrend,Bullish,Bearish MACD,Normal,Distribusi (Turun),Normal,Seimbang / Adu Mekanik,Normal,Tinggi,Normal,Rawan Pucuk (High Risk),< 1 Miliar,Persis di VWAP,Distribusi Pro (Guyuran),Gorengan Sepi (< 5M),Sepi (< 50%),Mark-Up (Fase Pesta),Spesialis Tiang Jemuran (Banting Pucuk),Normal,Turun 2 Hari Beruntun,TP: 123 | CL: 105,Open = High (Tekanan Jual),Tidak Ideal (< 1:1),3,WAIT & SEE,TIDAK ADA,2026-07-27 11:57:16
CINT,Small Cap (Lapis 3),Fair Value (Wajar),0.0,0.5436559,168.0,165,155,181,-0.591715976331361,3300,Normal,50,Negatif,Uptrend,Bullish,Strong Bullish,Normal,Akumulasi (Naik),Normal,Dominan Jual (Guyur),Normal,Sedang,Normal,Area Tengah,< 1 Miliar,Di Bawah VWAP (Lemah),Distribusi Pro (Guyuran),Gorengan Sepi (< 5M),Sepi (< 50%),Accumulation (Kumpul Barang),Spesialis Tiang Jemuran (Banting Pucuk),Normal,Turun 2 Hari Beruntun,TP: 178 | CL: 160,Normal,Menengah (1:1),4,WAIT & SEE,TIDAK ADA,2026-07-27 11:57:16
KMTR,Mid Cap (Lapis 2),Overvalued (Mahal),32.16783,0.8856714,226.0,226,210,270,-2.586206896551724,9300,Normal,48,Negatif,Downtrend,Bullish,Strong Bullish,Normal,Akumulasi (Naik),Normal,Dominan Jual (Guyur),Normal,Sedang,Normal,Area Tengah,< 1 Miliar,Di Bawah VWAP (Lemah),Distribusi Pro (Guyuran),Gorengan Sepi (< 5M),Sepi (< 50%),Mark-Down (Fase Runtuh),Spesialis Tiang Jemuran (Banting Pucuk),Normal,Turun 2 Hari Beruntun,TP: 245 | CL: 213,Open = High (Tekanan Jual),Ideal (1:2),3,WAIT & SEE,TIDAK ADA,2026-07-27 11:57:16
TNCA,Small Cap (Lapis 3),Overvalued (Mahal),55.745872,1.9038299,180.0,139,128,190,20.0,17765000,Tembus MA20,76,Positif,Uptrend,Bullish,Strong Bullish,Akumulasi Kuat,Akumulasi (Naik),Gap Up (+7.3%),Dominan Beli (Hajar Kanan),Breakout Upper,Tinggi,Normal,Rawan Pucuk (High Risk),> 1 Miliar,Di Atas VWAP (Kuat),Distribusi Pro (Guyuran),Gorengan Sepi (< 5M),Anomali Tinggi (150-300%),Accumulation (Kumpul Barang),Spesialis Tiang Jemuran (Banting Pucuk),Normal,Naik 2 Hari Beruntun,TP: 204 | CL: 163,Normal,Tidak Ideal (< 1:1),10,BELI,TIDAK ADA,2026-07-27 11:57:17
VOKS,Small Cap (Lapis 3),Fair Value (Wajar),0.0,1.4408379,197.0,196,191,236,-1.5,4600,Normal,47,Negatif,Uptrend,Bullish,Bullish MACD,Normal,Akumulasi (Naik),Normal,Dominan Jual (Guyur),Squeeze,Rendah,Normal,Area Tengah,< 1 Miliar,Di Bawah VWAP (Lemah),Distribusi Pro (Guyuran),Gorengan Sepi (< 5M),Sepi (< 50%),Accumulation (Kumpul Barang),Spesialis Tiang Jemuran (Banting Pucuk),Normal,Turun 1 Hari Beruntun,TP: 209 | CL: 188,Open = High (Tekanan Jual),Sangat Menarik (> 1:3),4,WAIT & SEE,TIDAK ADA,2026-07-27 11:57:17
EKAD,Small Cap (Lapis 3),Undervalued (Murah),1.1553739,0.478412,169.0,169,166,172,-0.5882352941176471,47400,Normal,52,Negatif,Downtrend,Bullish,Bearish MACD,Normal,Akumulasi (Naik),Normal,Seimbang / Adu Mekanik,Squeeze,Rendah,Normal,Dekat Support (Low Risk),< 1 Miliar,Persis di VWAP,Akumulasi Pro (Smart Money),Gorengan Sepi (< 5M),Sepi (< 50%),Distribution (Fase Jualan),Solid (Jarang Dibanting),Normal,Turun 2 Hari Beruntun,TP: 172 | CL: 166,Normal,Menengah (1:1),3,WAIT & SEE,TIDAK ADA,2026-07-27 11:57:17
VICO,Mid Cap (Lapis 2),Undervalued (Murah),4.492249,0.5797693,142.0,135,128,165,1.4285714285714286,27400,Normal,58,Positif,Uptrend,Bullish,Strong Bullish,Normal,Distribusi (Turun),Normal,Seimbang / Adu Mekanik,Normal,Sedang,Normal,Rawan Pucuk (High Risk),< 1 Miliar,Persis di VWAP,Distribusi Pro (Guyuran),Gorengan Sepi (< 5M),Sepi (< 50%),Accumulation (Kumpul Barang),Spesialis Tiang Jemuran (Banting Pucuk),Normal,Naik 1 Hari Beruntun,TP: 154 | CL: 133,Normal,Ideal (1:2),5,WAIT & SEE,TIDAK ADA,2026-07-27 11:57:17
MKTR,Mid Cap (Lapis 2),Overvalued (Mahal),25.820568,2.106278,118.0,119,105,129,-1.6666666666666667,78200,Normal,46,Negatif,Downtrend,Bullish,Bullish MACD,Normal,Akumulasi (Naik),Normal,Dominan Jual (Guyur),Squeeze,Rendah,Normal,Rawan Pucuk (High Risk),< 1 Miliar,Persis di VWAP,Akumulasi Pro (Smart Money),Gorengan Sepi (< 5M),Sepi (< 50%),Mark-Down (Fase Runtuh),Normal,Normal,Turun 1 Hari Beruntun,TP: 128 | CL: 111,Open = High (Tekanan Jual),Tidak Ideal (< 1:1),3,WAIT & SEE,TIDAK ADA,2026-07-27 11:57:17
SKLT,Mid Cap (Lapis 2),Fair Value (Wajar),10.795454,1.5031645,190.0,185,166,216,1.6042780748663104,1100,Normal,53,Positif,Uptrend,Bullish,Strong Bullish,Normal,Akumulasi (Naik),Normal,Dominan Beli (Hajar Kanan),Normal,Tinggi,Marubozu (Strong Bullish),Rawan Pucuk (High Risk),< 1 Miliar,Persis di VWAP,Distribusi Pro (Guyuran),Gorengan Sepi (< 5M),Sepi (< 50%),Accumulation (Kumpul Barang),Spesialis Tiang Jemuran (Banting Pucuk),Normal,Naik 1 Hari Beruntun,TP: 201 | CL: 182,Open = Low (Bullish Kuat),Menengah (1:1),7,BELI,TIDAK ADA,2026-07-27 11:57:18
VINS,Small Cap (Lapis 3),Fair Value (Wajar),16.97922,0.84592223,134.0,137,123,157,-2.898550724637681,14000,Normal,44,Negatif,Downtrend,Bullish,Bearish MACD,Normal,Distribusi (Turun),Normal,Dominan Jual (Guyur),Bottom Rebound,Sedang,Normal,Area Tengah,< 1 Miliar,Di Bawah VWAP (Lemah),Akumulasi Pro (Smart Money),Gorengan Sepi (< 5M),Sepi (< 50%),Mark-Down (Fase Runtuh),Normal,Normal,Turun 3 Hari Beruntun,TP: 145 | CL: 126,Normal,Ideal (1:2),1,WAIT & SEE,TIDAK ADA,2026-07-27 11:57:18
INTD,Small Cap (Lapis 3),Overvalued (Mahal),47.253635,4.0194445,248.0,228,210,254,5.982905982905983,75000,Tembus MA20,60,Positif,Uptrend,Bullish,Strong Bullish,Akumulasi Kuat,Akumulasi (Naik),Normal,Dominan Beli (Hajar Kanan),Breakout Upper,Tinggi,Normal,Rawan Pucuk (High Risk),< 1 Miliar,Di Atas VWAP (Kuat),Akumulasi Pro (Smart Money),Gorengan Sepi (< 5M),Anomali Tinggi (150-300%),Accumulation (Kumpul Barang),Normal,Normal,Naik 1 Hari Beruntun,TP: 268 | CL: 234,Normal,Tidak Ideal (< 1:1),9,BELI,TIDAK ADA,2026-07-27 11:57:18
ADMG,Small Cap (Lapis 3),Overvalued (Mahal),105.418724,7379.3105,214.0,209,194,244,-0.9259259259259258,19300,Normal,55,Negatif,Uptrend,Bullish,Strong Bullish,Normal,Distribusi (Turun),Normal,Dominan Jual (Guyur),Normal,Tinggi,Normal,Rawan Pucuk (High Risk),< 1 Miliar,Di Bawah VWAP (Lemah),Akumulasi Pro (Smart Money),Gorengan Sepi (< 5M),Sepi (< 50%),Mark-Up (Fase Pesta),Spesialis Tiang Jemuran (Banting Pucuk),Normal,Turun 3 Hari Beruntun,TP: 230 | CL: 202,Open = High (Tekanan Jual),Ideal (1:2),4,WAIT & SEE,TIDAK ADA,2026-07-27 11:57:18
AKPI,Small Cap (Lapis 3),Undervalued (Murah),9.707805,0.16907756,505.0,488,456,600,2.2267206477732793,1200,Normal,62,Positif,Uptrend,Bullish,Strong Bullish,Normal,Akumulasi (Naik),Normal,Dominan Beli (Hajar Kanan),Normal,Sedang,Marubozu (Strong Bullish),Rawan Pucuk (High Risk),< 1 Miliar,Di Atas VWAP (Kuat),Akumulasi Pro (Smart Money),Gorengan Sepi (< 5M),Sepi (< 50%),Accumulation (Kumpul Barang),Spesialis Tiang Jemuran (Banting Pucuk),Normal,Naik 1 Hari Beruntun,TP: 547 | CL: 476,Open = Low (Bullish Kuat),Ideal (1:2),7,BELI,TIDAK ADA,2026-07-27 11:57:18
TRST,Mid Cap (Lapis 2),Overvalued (Mahal),92.36948,0.49658597,460.0,477,446,486,-2.9535864978902953,90400,Tembus MA20,38,Negatif,Downtrend,Bearish,Bearish MACD,Distribusi Kuat,Distribusi (Turun),Normal,Dominan Jual (Guyur),Squeeze,Rendah,Normal,Area Tengah,< 1 Miliar,Di Bawah VWAP (Lemah),Akumulasi Pro (Smart Money),Gorengan Sepi (< 5M),Anomali Tinggi (150-300%),Distribution (Fase Jualan),Solid (Jarang Dibanting),Normal,Turun 1 Hari Beruntun,TP: 477 | CL: 448,Open = High (Tekanan Jual),Ideal (1:2),1,WAIT & SEE,TIDAK ADA,2026-07-27 11:57:19
SDPC,Small Cap (Lapis 3),Undervalued (Murah),6.097967,0.716195,183.0,181,175,189,0.5494505494505495,16300,Normal,54,Positif,Uptrend,Bullish,Strong Bullish,Normal,Distribusi (Turun),Gap Up (+2.2%),Seimbang / Adu Mekanik,Squeeze,Rendah,Normal,Area Tengah,< 1 Miliar,Persis di VWAP,Distribusi Pro (Guyuran),Gorengan Sepi (< 5M),Normal (50-150%),Mark-Up (Fase Pesta),Normal,Normal,Naik 2 Hari Beruntun,TP: 192 | CL: 176,Open = High (Tekanan Jual),Tidak Ideal (< 1:1),6,WAIT & SEE,TIDAK ADA,2026-07-27 11:57:19
FMII,Mid Cap (Lapis 2),Fair Value (Wajar),0.0,2.3103867,250.0,250,232,274,4.166666666666666,5200,Normal,51,Positif,Downtrend,Bearish,Strong Bearish,Normal,Distribusi (Turun),Normal,Dominan Beli (Hajar Kanan),Squeeze,Rendah,Normal,Area Tengah,< 1 Miliar,Persis di VWAP,Distribusi Pro (Guyuran),Gorengan Sepi (< 5M),Sepi (< 50%),Distribution (Fase Jualan),Normal,Normal,Naik 1 Hari Beruntun,TP: 267 | CL: 238,Open = Low (Bullish Kuat),Menengah (1:1),3,WAIT & SEE,TIDAK ADA,2026-07-27 11:57:19
PTIS,Small Cap (Lapis 3),Overvalued (Mahal),0.0,7405.4053,274.0,270,242,280,2.2388059701492535,6900,Normal,49,Positif,Uptrend,Bearish,Bullish MACD,Normal,Distribusi (Turun),Normal,Dominan Beli (Hajar Kanan),Squeeze,Rendah,Marubozu (Strong Bullish),Rawan Pucuk (High Risk),< 1 Miliar,Di Atas VWAP (Kuat),Akumulasi Pro (Smart Money),Gorengan Sepi (< 5M),Sepi (< 50%),Accumulation (Kumpul Barang),Normal,Normal,Naik 1 Hari Beruntun,TP: 289 | CL: 263,Open = Low (Bullish Kuat),Tidak Ideal (< 1:1),4,WAIT & SEE,TIDAK ADA,2026-07-27 11:57:19
RELI,Small Cap (Lapis 3),Overvalued (Mahal),41.559334,1.6415404,484.0,489,460,500,0.0,700,Normal,44,Negatif,Downtrend,Death Cross,Strong Bearish,Normal,Akumulasi (Naik),Normal,Dominan Beli (Hajar Kanan),Squeeze,Rendah,Marubozu (Strong Bullish),Area Tengah,< 1 Miliar,Persis di VWAP,Akumulasi Pro (Smart Money),Gorengan Sepi (< 5M),Sepi (< 50%),Mark-Down (Fase Runtuh),Solid (Jarang Dibanting),Normal,Sideways / Stagnan,TP: 505 | CL: 470,Open = Low (Bullish Kuat),Tidak Ideal (< 1:1),2,WAIT & SEE,TIDAK ADA,2026-07-27 11:57:19
MICE,Small Cap (Lapis 3),Undervalued (Murah),7.5457873,0.31877452,515.0,504,470,540,3.0,56400,Tembus MA20,57,Positif,Uptrend,Bullish,Strong Bullish,Normal,Distribusi (Turun),Gap Up (+5.0%),Dominan Jual (Guyur),Normal,Sedang,Normal,Area Tengah,< 1 Miliar,Persis di VWAP,Distribusi Pro (Guyuran),Gorengan Sepi (< 5M),Normal (50-150%),Mark-Up (Fase Pesta),Spesialis Tiang Jemuran (Banting Pucuk),Normal,Naik 1 Hari Beruntun,TP: 544 | CL: 495,Normal,Tidak Ideal (< 1:1),7,BELI,TIDAK ADA,2026-07-27 11:57:19
CSAP,Mid Cap (Lapis 2),Undervalued (Murah),12.5166445,0.44973567,282.0,285,262,300,0.0,100200,Tembus MA20,49,Negatif,Downtrend,Bullish,Bearish MACD,Normal,Akumulasi (Naik),Normal,Dominan Beli (Hajar Kanan),Normal,Sedang,Doji (Ragu-ragu),Area Tengah,< 1 Miliar,Di Bawah VWAP (Lemah),Akumulasi Pro (Smart Money),Gorengan Sepi (< 5M),Anomali Tinggi (150-300%),Distribution (Fase Jualan),Spesialis Tiang Jemuran (Banting Pucuk),Jarum Bawah (Sinyal Pantulan Kuat),Sideways / Stagnan,TP: 295 | CL: 273,Normal,Tidak Ideal (< 1:1),4,WAIT & SEE,TIDAK ADA,2026-07-27 11:57:20
TFAS,Small Cap (Lapis 3),Fair Value (Wajar),0.0,2.2617028,228.0,189,165,240,25.274725274725274,7083500,Tembus MA20,73,Positif,Uptrend,Golden Cross,Bullish MACD,Akumulasi Kuat,Akumulasi (Naik),Gap Up (+4.4%),Dominan Beli (Hajar Kanan),Breakout Upper,Tinggi,Normal,Rawan Pucuk (High Risk),> 1 Miliar,Di Atas VWAP (Kuat),Akumulasi Pro (Smart Money),Gorengan Sepi (< 5M),Ledakan Ekstrem (> 300%),Accumulation (Kumpul Barang),Normal,Normal,Naik 1 Hari Beruntun,TP: 251 | CL: 212,Normal,Tidak Ideal (< 1:1),10,BELI,TIDAK ADA,2026-07-27 11:57:20
CAKK,Small Cap (Lapis 3),Undervalued (Murah),10.758068,1.1402711,129.0,135,127,149,-0.7692307692307693,48600,Normal,39,Negatif,Downtrend,Death Cross,Strong Bearish,Normal,Distribusi (Turun),Normal,Dominan Jual (Guyur),Bottom Rebound,Sedang,Normal,Dekat Support (Low Risk),< 1 Miliar,Di Bawah VWAP (Lemah),Distribusi Pro (Guyuran),Gorengan Sepi (< 5M),Sepi (< 50%),Mark-Down (Fase Runtuh),Spesialis Tiang Jemuran (Banting Pucuk),Normal,Turun 2 Hari Beruntun,TP: 140 | CL: 121,Normal,Sangat Menarik (> 1:3),0,WAIT & SEE,TIDAK ADA,2026-07-27 11:57:20
TRGU,Mid Cap (Lapis 2),Undervalued (Murah),12.734375,1.3466734,163.0,164,156,176,0.6172839506172839,29000,Normal,41,Positif,Downtrend,Bearish,Bullish MACD,Normal,Distribusi (Turun),Normal,Dominan Beli (Hajar Kanan),Squeeze,Rendah,Doji (Ragu-ragu),Area Tengah,< 1 Miliar,Persis di VWAP,Akumulasi Pro (Smart Money),Gorengan Sepi (< 5M),Sepi (< 50%),Mark-Down (Fase Runtuh),Spesialis Tiang Jemuran (Banting Pucuk),Jarum Bawah (Sinyal Pantulan Kuat),Naik 1 Hari Beruntun,TP: 169 | CL: 158,Normal,Ideal (1:2),3,WAIT & SEE,TIDAK ADA,2026-07-27 11:57:20
GLVA,Small Cap (Lapis 3),Undervalued (Murah),9.18715,1.0883079,302.0,296,278,314,0.6666666666666667,3100,Normal,50,Positif,Uptrend,Bullish,Strong Bullish,Normal,Distribusi (Turun),Normal,Seimbang / Adu Mekanik,Normal,Sedang,Normal,Area Tengah,< 1 Miliar,Di Bawah VWAP (Lemah),Distribusi Pro (Guyuran),Gorengan Sepi (< 5M),Sepi (< 50%),Accumulation (Kumpul Barang),Normal,Normal,Naik 1 Hari Beruntun,TP: 314 | CL: 293,Open = Low (Bullish Kuat),Tidak Ideal (< 1:1),4,WAIT & SEE,TIDAK ADA,2026-07-27 11:57:20
MTWI,Small Cap (Lapis 3),Overvalued (Mahal),58.55856,1.8412424,260.0,268,244,288,-0.7633587786259541,200,Normal,41,Negatif,Downtrend,Bearish,Strong Bearish,Normal,Distribusi (Turun),Normal,Dominan Jual (Guyur),Bottom Rebound,Sedang,Normal,Area Tengah,< 1 Miliar,Persis di VWAP,Akumulasi Pro (Smart Money),Gorengan Sepi (< 5M),Sepi (< 50%),Distribution (Fase Jualan),Normal,Normal,Turun 1 Hari Beruntun,TP: 274 | CL: 250,Open = High (Tekanan Jual),Ideal (1:2),0,WAIT & SEE,TIDAK ADA,2026-07-27 11:57:20
BMAS,Mid Cap (Lapis 2),Overvalued (Mahal),2568.4211,1.3582872,488.0,478,460,510,3.829787234042553,1500,Normal,53,Positif,Uptrend,Bullish,Strong Bullish,Normal,Akumulasi (Naik),Gap Up (+6.4%),Seimbang / Adu Mekanik,Normal,Sedang,Normal,Area Tengah,< 1 Miliar,Persis di VWAP,Akumulasi Pro (Smart Money),Gorengan Sepi (< 5M),Sepi (< 50%),Accumulation (Kumpul Barang),Normal,Normal,Naik 1 Hari Beruntun,TP: 516 | CL: 468,Open = High (Tekanan Jual),Tidak Ideal (< 1:1),7,BELI,TIDAK ADA,2026-07-27 11:57:21
IKPM,Small Cap (Lapis 3),Fair Value (Wajar),0.0,1.4037942,183.0,182,171,194,-1.0810810810810811,600,Normal,49,Negatif,Uptrend,Bullish,Strong Bullish,Normal,Akumulasi (Naik),Normal,Tidak Ada Transaksi,Squeeze,Rendah,Doji (Ragu-ragu),Area Tengah,< 1 Miliar,Di Bawah VWAP (Lemah),Akumulasi Pro (Smart Money),Gorengan Sepi (< 5M),Sepi (< 50%),Accumulation (Kumpul Barang),Normal,Normal,Turun 3 Hari Beruntun,TP: 193 | CL: 176,Normal,Tidak Ideal (< 1:1),4,WAIT & SEE,TIDAK ADA,2026-07-27 11:57:21
BTON,Small Cap (Lapis 3),Overvalued (Mahal),26.302025,0.8153187,352.0,351,308,380,-3.825136612021858,37800,Tembus MA20,49,Negatif,Uptrend,Bullish,Strong Bullish,Normal,Distribusi (Turun),Normal,Seimbang / Adu Mekanik,Normal,Sedang,Normal,Rawan Pucuk (High Risk),< 1 Miliar,Persis di VWAP,Akumulasi Pro (Smart Money),Gorengan Sepi (< 5M),Normal (50-150%),Accumulation (Kumpul Barang),Normal,Normal,Turun 1 Hari Beruntun,TP: 383 | CL: 331,Normal,Tidak Ideal (< 1:1),4,WAIT & SEE,TIDAK ADA,2026-07-27 11:57:21
FOOD,Small Cap (Lapis 3),Fair Value (Wajar),0.0,-5.0869994,176.0,176,175,182,0.0,0,Normal,52,Negatif,Downtrend,Bearish,Bearish MACD,Normal,Netral,Normal,Tidak Ada Transaksi,Squeeze,Rendah,Doji (Ragu-ragu),Dekat Support (Low Risk),< 1 Miliar,Di Atas VWAP (Kuat),Netral,Gorengan Sepi (< 5M),Normal (50-150%),Distribution (Fase Jualan),Solid (Jarang Dibanting),Normal,Sideways / Stagnan,TP: 177 | CL: 175,Normal,Sangat Menarik (> 1:3),1,WAIT & SEE,TIDAK ADA,2026-07-27 11:57:21
CANI,Small Cap (Lapis 3),Fair Value (Wajar),0.0,-3292.6829,135.0,135,118,140,0.0,0,Normal,49,Negatif,Downtrend,Bearish,Bullish MACD,Normal,Netral,Normal,Tidak Ada Transaksi,Squeeze,Rendah,Doji (Ragu-ragu),Rawan Pucuk (High Risk),< 1 Miliar,Di Atas VWAP (Kuat),Netral,Gorengan Sepi (< 5M),Normal (50-150%),Sideways,Solid (Jarang Dibanting),Normal,Sideways / Stagnan,TP: 136 | CL: 134,Normal,Tidak Ideal (< 1:1),1,WAIT & SEE,TIDAK ADA,2026-07-27 11:57:21
KOIN,Small Cap (Lapis 3),Fair Value (Wajar),0.0,-0.81619835,78.0,78,78,80,0.0,0,Normal,53,Negatif,Downtrend,Death Cross,Strong Bullish,Normal,Netral,Normal,Tidak Ada Transaksi,Squeeze,Rendah,Doji (Ragu-ragu),Dekat Support (Low Risk),< 1 Miliar,Di Atas VWAP (Kuat),Netral,Gorengan Sepi (< 5M),Normal (50-150%),Distribution (Fase Jualan),Solid (Jarang Dibanting),Normal,Sideways / Stagnan,TP: 79 | CL: 77,Normal,Di Area Support,2,WAIT & SEE,TIDAK ADA,2026-07-27 11:57:21
GTBO,Small Cap (Lapis 3),Overvalued (Mahal),0.0,9444.445,170.0,170,160,170,0.0,0,Normal,27,Negatif,Downtrend,Bearish,Bullish MACD,Normal,Netral,Normal,Tidak Ada Transaksi,Squeeze,Rendah,Doji (Ragu-ragu),Area Tengah,< 1 Miliar,Di Atas VWAP (Kuat),Netral,Gorengan Sepi (< 5M),Normal (50-150%),Sideways,Solid (Jarang Dibanting),Normal,Sideways / Stagnan,TP: 171 | CL: 169,Normal,Tidak Ideal (< 1:1),1,WAIT & SEE,TIDAK ADA,2026-07-27 11:57:22
INTA,Small Cap (Lapis 3),Fair Value (Wajar),0.0,-0.10659584,61.0,61,60,65,0.0,0,Normal,42,Negatif,Downtrend,Bearish,Bullish MACD,Normal,Netral,Normal,Tidak Ada Transaksi,Squeeze,Rendah,Doji (Ragu-ragu),Dekat Support (Low Risk),< 1 Miliar,Di Atas VWAP (Kuat),Netral,Gorengan Sepi (< 5M),Normal (50-150%),Mark-Down (Fase Runtuh),Solid (Jarang Dibanting),Normal,Sideways / Stagnan,TP: 62 | CL: 60,Normal,Sangat Menarik (> 1:3),1,WAIT & SEE,TIDAK ADA,2026-07-27 11:57:22
CMPP,Small Cap (Lapis 3),Fair Value (Wajar),0.0,-0.050622623,69.0,69,69,70,0.0,0,Normal,41,Negatif,Downtrend,Bearish,Bullish MACD,Normal,Netral,Normal,Tidak Ada Transaksi,Squeeze,Rendah,Doji (Ragu-ragu),Dekat Support (Low Risk),< 1 Miliar,Di Atas VWAP (Kuat),Netral,Gorengan Sepi (< 5M),Normal (50-150%),Mark-Down (Fase Runtuh),Solid (Jarang Dibanting),Normal,Sideways / Stagnan,TP: 70 | CL: 68,Normal,Di Area Support,1,WAIT & SEE,TIDAK ADA,2026-07-27 11:57:22
SMBR,Mid Cap (Lapis 2),Undervalued (Murah),11.428572,0.46332496,160.0,154,141,172,1.2658227848101267,793600,Normal,53,Positif,Uptrend,Bullish,Strong Bullish,Normal,Akumulasi (Naik),Normal,Seimbang / Adu Mekanik,Normal,Tinggi,Normal,Rawan Pucuk (High Risk),< 1 Miliar,Di Bawah VWAP (Lemah),Distribusi Pro (Guyuran),Gorengan Sepi (< 5M),Sepi (< 50%),Accumulation (Kumpul Barang),Spesialis Tiang Jemuran (Banting Pucuk),Normal,Naik 1 Hari Beruntun,TP: 169 | CL: 153,Normal,Tidak Ideal (< 1:1),6,WAIT & SEE,TIDAK ADA,2026-07-27 11:57:22
LMAX,Small Cap (Lapis 3),Fair Value (Wajar),0.0,1.4591131,115.0,102,68,126,0.0,290200,Normal,59,Negatif,Uptrend,Bullish,Strong Bullish,Normal,Distribusi (Turun),Normal,Dominan Beli (Hajar Kanan),Normal,Tinggi,Normal,Rawan Pucuk (High Risk),< 1 Miliar,Di Bawah VWAP (Lemah),Distribusi Pro (Guyuran),Gorengan Sepi (< 5M),Sepi (< 50%),Mark-Up (Fase Pesta),Normal,Jarum Bawah (Sinyal Pantulan Kuat),Sideways / Stagnan,TP: 129 | CL: 105,Normal,Tidak Ideal (< 1:1),5,WAIT & SEE,TIDAK ADA,2026-07-27 11:57:22
SULI,Small Cap (Lapis 3),Overvalued (Mahal),0.0,44499.996,89.0,81,73,115,1.1363636363636365,1671800,Normal,56,Positif,Uptrend,Bullish,Strong Bullish,Normal,Distribusi (Turun),Normal,Dominan Beli (Hajar Kanan),Normal,Tinggi,Doji (Ragu-ragu),Rawan Pucuk (High Risk),< 1 Miliar,Di Bawah VWAP (Lemah),Distribusi Pro (Guyuran),Gorengan Sepi (< 5M),Sepi (< 50%),Accumulation (Kumpul Barang),Spesialis Tiang Jemuran (Banting Pucuk),Jarum Bawah (Sinyal Pantulan Kuat),Naik 1 Hari Beruntun,TP: 99 | CL: 81,Normal,Ideal (1:2),6,WAIT & SEE,TIDAK ADA,2026-07-27 11:57:23
KDTN,Small Cap (Lapis 3),Overvalued (Mahal),0.0,6.827674,378.0,525,374,645,-14.09090909090909,8965400,Tembus MA20,24,Negatif,Downtrend,Bearish,Strong Bearish,Distribusi Kuat,Distribusi (Turun),Normal,Dominan Jual (Guyur),Normal,Tinggi,Normal,Dekat Support (Low Risk),> 1 Miliar,Di Bawah VWAP (Lemah),Distribusi Pro (Guyuran),Gorengan Sepi (< 5M),Anomali Tinggi (150-300%),Mark-Down (Fase Runtuh),Spesialis Tiang Jemuran (Banting Pucuk),Normal,Turun 5 Hari Beruntun,TP: 457 | CL: 324,Normal,Sangat Menarik (> 1:3),1,WAIT & SEE,TIDAK ADA,2026-07-27 11:57:23
FWCT,Small Cap (Lapis 3),Fair Value (Wajar),0.0,0.53740716,89.0,83,67,114,-2.197802197802198,2025300,Normal,55,Negatif,Uptrend,Bullish,Strong Bullish,Normal,Distribusi (Turun),Normal,Seimbang / Adu Mekanik,Normal,Tinggi,Normal,Rawan Pucuk (High Risk),< 1 Miliar,Di Bawah VWAP (Lemah),Distribusi Pro (Guyuran),Gorengan Sepi (< 5M),Sepi (< 50%),Mark-Up (Fase Pesta),Spesialis Tiang Jemuran (Banting Pucuk),Normal,Turun 3 Hari Beruntun,TP: 103 | CL: 79,Open = High (Tekanan Jual),Menengah (1:1),4,WAIT & SEE,TIDAK ADA,2026-07-27 11:57:23
CARS,Mid Cap (Lapis 2),Undervalued (Murah),9.063444,1.2690356,90.0,85,80,94,2.272727272727273,368300,Normal,57,Positif,Uptrend,Bullish,Strong Bullish,Normal,Akumulasi (Naik),Normal,Seimbang / Adu Mekanik,Normal,Tinggi,Normal,Rawan Pucuk (High Risk),< 1 Miliar,Persis di VWAP,Distribusi Pro (Guyuran),Gorengan Sepi (< 5M),Sepi (< 50%),Accumulation (Kumpul Barang),Normal,Normal,Naik 1 Hari Beruntun,TP: 95 | CL: 86,Open = Low (Bullish Kuat),Tidak Ideal (< 1:1),6,WAIT & SEE,TIDAK ADA,2026-07-27 11:57:23
RAAM,Mid Cap (Lapis 2),Fair Value (Wajar),0.0,1.1325808,214.0,205,193,240,2.8846153846153846,36000,Normal,55,Positif,Uptrend,Bullish,Strong Bullish,Normal,Akumulasi (Naik),Normal,Seimbang / Adu Mekanik,Normal,Sedang,Normal,Rawan Pucuk (High Risk),< 1 Miliar,Di Bawah VWAP (Lemah),Distribusi Pro (Guyuran),Gorengan Sepi (< 5M),Sepi (< 50%),Mark-Up (Fase Pesta),Spesialis Tiang Jemuran (Banting Pucuk),Normal,Naik 1 Hari Beruntun,TP: 232 | CL: 201,Normal,Menengah (1:1),6,WAIT & SEE,TIDAK ADA,2026-07-27 11:57:23
KBLI,Mid Cap (Lapis 2),Undervalued (Murah),6.531945,0.44346452,320.0,317,300,357,-1.2345679012345678,385400,Normal,57,Negatif,Uptrend,Bullish,Bearish MACD,Normal,Akumulasi (Naik),Normal,Dominan Jual (Guyur),Squeeze,Rendah,Normal,Area Tengah,< 1 Miliar,Persis di VWAP,Distribusi Pro (Guyuran),Gorengan Sepi (< 5M),Normal (50-150%),Mark-Up (Fase Pesta),Spesialis Tiang Jemuran (Banting Pucuk),Normal,Turun 1 Hari Beruntun,TP: 331 | CL: 312,Open = High (Tekanan Jual),Ideal (1:2),4,WAIT & SEE,TIDAK ADA,2026-07-27 11:57:24
MTDL,Mid Cap (Lapis 2),Undervalued (Murah),7.804213,1.2979518,515.0,511,498,525,0.9803921568627451,574700,Normal,54,Positif,Uptrend,Bullish,Strong Bullish,Normal,Distribusi (Turun),Normal,Dominan Beli (Hajar Kanan),Squeeze,Rendah,Marubozu (Strong Bullish),Area Tengah,< 1 Miliar,Persis di VWAP,Akumulasi Pro (Smart Money),Gorengan Sepi (< 5M),Sepi (< 50%),Mark-Up (Fase Pesta),Spesialis Tiang Jemuran (Banting Pucuk),Normal,Naik 1 Hari Beruntun,TP: 531 | CL: 503,Open = Low (Bullish Kuat),Tidak Ideal (< 1:1),6,WAIT & SEE,TIDAK ADA,2026-07-27 11:57:24
ASLI,Mid Cap (Lapis 2),Overvalued (Mahal),0.0,3.40911,202.0,198,175,236,0.0,4514000,Normal,47,Negatif,Uptrend,Bullish,Bullish MACD,Normal,Akumulasi (Naik),Normal,Seimbang / Adu Mekanik,Normal,Tinggi,Doji (Ragu-ragu),Rawan Pucuk (High Risk),< 1 Miliar,Di Bawah VWAP (Lemah),Akumulasi Pro (Smart Money),Gorengan Sepi (< 5M),Normal (50-150%),Accumulation (Kumpul Barang),Spesialis Tiang Jemuran (Banting Pucuk),Jarum Bawah (Sinyal Pantulan Kuat),Sideways / Stagnan,TP: 223 | CL: 187,Normal,Menengah (1:1),4,WAIT & SEE,TIDAK ADA,2026-07-27 11:57:24
ATIC,Mid Cap (Lapis 2),Fair Value (Wajar),5.9909525,1.8546977,490.0,476,452,585,0.4098360655737705,48100,Normal,56,Positif,Uptrend,Bullish,Strong Bullish,Normal,Akumulasi (Naik),Normal,Seimbang / Adu Mekanik,Normal,Sedang,Doji (Ragu-ragu),Area Tengah,< 1 Miliar,Di Atas VWAP (Kuat),Akumulasi Pro (Smart Money),Gorengan Sepi (< 5M),Sepi (< 50%),Accumulation (Kumpul Barang),Spesialis Tiang Jemuran (Banting Pucuk),Normal,Naik 4 Hari Beruntun,TP: 529 | CL: 463,Normal,Ideal (1:2),6,WAIT & SEE,TIDAK ADA,2026-07-27 11:57:24
NEST,Mid Cap (Lapis 2),Overvalued (Mahal),99.83361,6.5971766,595.0,607,555,660,0.0,235700,Normal,51,Negatif,Downtrend,Bearish,Bearish MACD,Normal,Akumulasi (Naik),Normal,Dominan Jual (Guyur),Normal,Tinggi,Normal,Area Tengah,< 1 Miliar,Di Bawah VWAP (Lemah),Distribusi Pro (Guyuran),Gorengan Sepi (< 5M),Sepi (< 50%),Distribution (Fase Jualan),Solid (Jarang Dibanting),Normal,Sideways / Stagnan,TP: 622 | CL: 576,Open = High (Tekanan Jual),Ideal (1:2),2,WAIT & SEE,TIDAK ADA,2026-07-27 11:57:24
AMAR,Mid Cap (Lapis 2),Fair Value (Wajar),15.0,1.0867653,210.0,205,189,210,0.9615384615384616,65500,Normal,65,Positif,Uptrend,Bullish,Bearish MACD,Normal,Akumulasi (Naik),Normal,Dominan Beli (Hajar Kanan),Normal,Sedang,Normal,Rawan Pucuk (High Risk),< 1 Miliar,Di Atas VWAP (Kuat),Akumulasi Pro (Smart Money),Gorengan Sepi (< 5M),Sepi (< 50%),Mark-Up (Fase Pesta),Solid (Jarang Dibanting),Normal,Naik 1 Hari Beruntun,TP: 217 | CL: 205,Normal,Tidak Ideal (< 1:1),6,WAIT & SEE,TIDAK ADA,2026-07-27 11:57:25
ARNA,Mid Cap (Lapis 2),Fair Value (Wajar),8.196444,1.8723477,484.0,463,440,500,0.0,403600,Normal,84,Negatif,Uptrend,Bullish,Strong Bullish,Normal,Akumulasi (Naik),Normal,Seimbang / Adu Mekanik,Normal,Sedang,Normal,Rawan Pucuk (High Risk),< 1 Miliar,Persis di VWAP,Distribusi Pro (Guyuran),Gorengan Sepi (< 5M),Sepi (< 50%),Mark-Up (Fase Pesta),Normal,Normal,Sideways / Stagnan,TP: 499 | CL: 473,Normal,Tidak Ideal (< 1:1),5,WAIT & SEE,TIDAK ADA,2026-07-27 11:57:25
SPMA,Small Cap (Lapis 3),Undervalued (Murah),8.735868,0.36250967,170.0,167,150,190,-0.5847953216374269,70800,Normal,59,Negatif,Uptrend,Bullish,Bearish MACD,Normal,Akumulasi (Naik),Normal,Seimbang / Adu Mekanik,Normal,Sedang,Normal,Rawan Pucuk (High Risk),< 1 Miliar,Persis di VWAP,Akumulasi Pro (Smart Money),Gorengan Sepi (< 5M),Sepi (< 50%),Mark-Up (Fase Pesta),Spesialis Tiang Jemuran (Banting Pucuk),Normal,Turun 1 Hari Beruntun,TP: 180 | CL: 163,Open = High (Tekanan Jual),Menengah (1:1),4,WAIT & SEE,TIDAK ADA,2026-07-27 11:57:25
INTP,Big Cap (Lapis 1),Undervalued (Murah),6.825132,0.651919,4620.0,4479,4060,4750,-0.21598272138228944,258900,Normal,62,Negatif,Uptrend,Bullish,Strong Bullish,Normal,Akumulasi (Naik),Normal,Seimbang / Adu Mekanik,Normal,Tinggi,Normal,Rawan Pucuk (High Risk),> 1 Miliar,Persis di VWAP,Distribusi Pro (Guyuran),Ritel Aktif (5M - 50M),Sepi (< 50%),Mark-Up (Fase Pesta),Spesialis Tiang Jemuran (Banting Pucuk),Normal,Turun 1 Hari Beruntun,TP: 4736 | CL: 4542,Normal,Tidak Ideal (< 1:1),5,WAIT & SEE,TIDAK ADA,2026-07-27 11:57:25
BUDI,Small Cap (Lapis 3),Undervalued (Murah),7.6442485,0.5918911,208.0,205,199,208,1.9607843137254901,1600,Normal,56,Positif,Uptrend,Bullish,Strong Bullish,Normal,Akumulasi (Naik),Normal,Dominan Beli (Hajar Kanan),Squeeze,Rendah,Marubozu (Strong Bullish),Area Tengah,< 1 Miliar,Persis di VWAP,Distribusi Pro (Guyuran),Gorengan Sepi (< 5M),Sepi (< 50%),Accumulation (Kumpul Barang),Normal,Normal,Naik 1 Hari Beruntun,TP: 211 | CL: 205,Open = Low (Bullish Kuat),Tidak Ideal (< 1:1),7,BELI,TIDAK ADA,2026-07-27 11:57:25
RISE,Big Cap (Lapis 1),Overvalued (Mahal),98.07693,5.9615307,1020.0,946,820,1200,-0.9708737864077669,169300,Normal,51,Negatif,Uptrend,Bullish,Bullish MACD,Normal,Distribusi (Turun),Normal,Seimbang / Adu Mekanik,Normal,Tinggi,Normal,Rawan Pucuk (High Risk),< 1 Miliar,Di Bawah VWAP (Lemah),Distribusi Pro (Guyuran),Gorengan Sepi (< 5M),Sepi (< 50%),Accumulation (Kumpul Barang),Normal,Normal,Turun 1 Hari Beruntun,TP: 1158 | CL: 927,Open = High (Tekanan Jual),Tidak Ideal (< 1:1),4,WAIT & SEE,TIDAK ADA,2026-07-27 11:57:25
PNBN,Big Cap (Lapis 1),Undervalued (Murah),7.9252634,0.39680302,895.0,885,855,925,1.1299435028248588,74400,Normal,51,Positif,Uptrend,Bullish,Strong Bullish,Normal,Distribusi (Turun),Normal,Dominan Beli (Hajar Kanan),Squeeze,Rendah,Marubozu (Strong Bullish),Area Tengah,< 1 Miliar,Di Bawah VWAP (Lemah),Distribusi Pro (Guyuran),Gorengan Sepi (< 5M),Sepi (< 50%),Accumulation (Kumpul Barang),Normal,Normal,Naik 1 Hari Beruntun,TP: 927 | CL: 873,Open = Low (Bullish Kuat),Tidak Ideal (< 1:1),6,WAIT & SEE,TIDAK ADA,2026-07-27 11:57:26
JKON,Mid Cap (Lapis 2),Undervalued (Murah),7.7537055,0.34403726,68.0,67,62,70,0.0,1713900,Normal,52,Negatif,Uptrend,Bullish,Strong Bullish,Normal,Akumulasi (Naik),Normal,Dominan Beli (Hajar Kanan),Normal,Sedang,Doji (Ragu-ragu),Area Tengah,< 1 Miliar,Persis di VWAP,Distribusi Pro (Guyuran),Gorengan Sepi (< 5M),Normal (50-150%),Accumulation (Kumpul Barang),Normal,Jarum Bawah (Sinyal Pantulan Kuat),Sideways / Stagnan,TP: 71 | CL: 65,Normal,Tidak Ideal (< 1:1),6,WAIT & SEE,TIDAK ADA,2026-07-27 11:57:26
HADE,Small Cap (Lapis 3),Overvalued (Mahal),0.0,8.964144,18.0,17,13,20,0.0,84300,Normal,54,Negatif,Uptrend,Bullish,Bearish MACD,Normal,Distribusi (Turun),Normal,Tidak Ada Transaksi,Normal,Tinggi,Doji (Ragu-ragu),Rawan Pucuk (High Risk),< 1 Miliar,Di Bawah VWAP (Lemah),Distribusi Pro (Guyuran),Gorengan Sepi (< 5M),Sepi (< 50%),Mark-Up (Fase Pesta),Solid (Jarang Dibanting),Normal,Sideways / Stagnan,TP: 19 | CL: 17,Normal,Tidak Ideal (< 1:1),3,WAIT & SEE,TIDAK ADA,2026-07-27 11:57:26
ALII,Big Cap (Lapis 1),Overvalued (Mahal),32.16989,5.516495,765.0,733,680,830,1.3245033112582782,323600,Normal,53,Positif,Uptrend,Bullish,Bullish MACD,Normal,Akumulasi (Naik),Normal,Seimbang / Adu Mekanik,Normal,Tinggi,Normal,Rawan Pucuk (High Risk),< 1 Miliar,Persis di VWAP,Distribusi Pro (Guyuran),Gorengan Sepi (< 5M),Sepi (< 50%),Accumulation (Kumpul Barang),Spesialis Tiang Jemuran (Banting Pucuk),Normal,Naik 1 Hari Beruntun,TP: 819 | CL: 728,Open = Low (Bullish Kuat),Tidak Ideal (< 1:1),6,WAIT & SEE,TIDAK ADA,2026-07-27 11:57:26
MBSS,Mid Cap (Lapis 2),Fair Value (Wajar),18.103924,1.1606139,2610.0,2604,2410,2950,-2.6119402985074625,393800,Normal,52,Negatif,Uptrend,Bullish,Strong Bullish,Normal,Distribusi (Turun),Normal,Seimbang / Adu Mekanik,Normal,Sedang,Normal,Area Tengah,> 1 Miliar,Di Bawah VWAP (Lemah),Distribusi Pro (Guyuran),Ritel Aktif (5M - 50M),Sepi (< 50%),Mark-Up (Fase Pesta),Spesialis Tiang Jemuran (Banting Pucuk),Normal,Turun 4 Hari Beruntun,TP: 2797 | CL: 2485,Open = High (Tekanan Jual),Ideal (1:2),4,WAIT & SEE,TIDAK ADA,2026-07-27 11:57:26
SMKM,Small Cap (Lapis 3),Undervalued (Murah),4.5382657,0.4001455,66.0,66,56,78,0.0,962100,Normal,46,Negatif,Downtrend,Bullish,Bullish MACD,Normal,Distribusi (Turun),Normal,Seimbang / Adu Mekanik,Normal,Tinggi,Normal,Rawan Pucuk (High Risk),< 1 Miliar,Di Bawah VWAP (Lemah),Distribusi Pro (Guyuran),Gorengan Sepi (< 5M),Sepi (< 50%),Mark-Down (Fase Runtuh),Normal,Normal,Sideways / Stagnan,TP: 73 | CL: 60,Open = Low (Bullish Kuat),Menengah (1:1),2,WAIT & SEE,TIDAK ADA,2026-07-27 11:57:27
DLTA,Mid Cap (Lapis 2),Fair Value (Wajar),9.415997,1.8027744,1780.0,1758,1714,1785,0.0,17300,Normal,63,Negatif,Uptrend,Bullish,Strong Bullish,Normal,Akumulasi (Naik),Normal,Seimbang / Adu Mekanik,Squeeze,Rendah,Normal,Area Tengah,< 1 Miliar,Persis di VWAP,Distribusi Pro (Guyuran),Gorengan Sepi (< 5M),Sepi (< 50%),Mark-Up (Fase Pesta),Solid (Jarang Dibanting),Normal,Sideways / Stagnan,TP: 1808 | CL: 1760,Open = High (Tekanan Jual),Tidak Ideal (< 1:1),5,WAIT & SEE,TIDAK ADA,2026-07-27 11:57:27
SAGE,Small Cap (Lapis 3),Fair Value (Wajar),0.0,0.9355598,33.0,30,20,39,0.0,293500,Normal,56,Negatif,Uptrend,Bullish,Strong Bullish,Normal,Distribusi (Turun),Normal,Tidak Ada Transaksi,Normal,Tinggi,Doji (Ragu-ragu),Rawan Pucuk (High Risk),< 1 Miliar,Di Bawah VWAP (Lemah),Distribusi Pro (Guyuran),Gorengan Sepi (< 5M),Sepi (< 50%),Mark-Up (Fase Pesta),Normal,Normal,Sideways / Stagnan,TP: 36 | CL: 30,Normal,Tidak Ideal (< 1:1),4,WAIT & SEE,TIDAK ADA,2026-07-27 11:57:27
RCCC,Small Cap (Lapis 3),Fair Value (Wajar),0.0,1.4739723,98.0,90,75,109,0.0,166200,Normal,59,Negatif,Uptrend,Bullish,Strong Bullish,Normal,Akumulasi (Naik),Gap Up (+2.0%),Seimbang / Adu Mekanik,Normal,Tinggi,Normal,Rawan Pucuk (High Risk),< 1 Miliar,Persis di VWAP,Akumulasi Pro (Smart Money),Gorengan Sepi (< 5M),Sepi (< 50%),Accumulation (Kumpul Barang),Spesialis Tiang Jemuran (Banting Pucuk),Normal,Sideways / Stagnan,TP: 105 | CL: 92,Open = High (Tekanan Jual),Tidak Ideal (< 1:1),6,WAIT & SEE,TIDAK ADA,2026-07-27 11:57:27
CMRY,Big Cap (Lapis 1),Overvalued (Mahal),17.655472,5.0702815,4680.0,4565,4270,4760,2.1834061135371177,450300,Normal,57,Positif,Uptrend,Bullish,Strong Bullish,Normal,Distribusi (Turun),Normal,Seimbang / Adu Mekanik,Normal,Sedang,Normal,Area Tengah,> 1 Miliar,Di Atas VWAP (Kuat),Distribusi Pro (Guyuran),Ritel Aktif (5M - 50M),Sepi (< 50%),Mark-Up (Fase Pesta),Normal,Normal,Naik 1 Hari Beruntun,TP: 4891 | CL: 4539,Open = Low (Bullish Kuat),Tidak Ideal (< 1:1),5,WAIT & SEE,TIDAK ADA,2026-07-27 11:57:27
MDLA,Mid Cap (Lapis 2),Undervalued (Murah),7.240773,0.9171248,206.0,205,198,212,-0.9615384615384616,658900,Normal,51,Negatif,Uptrend,Bullish,Strong Bullish,Normal,Distribusi (Turun),Normal,Seimbang / Adu Mekanik,Squeeze,Rendah,Normal,Area Tengah,< 1 Miliar,Di Bawah VWAP (Lemah),Akumulasi Pro (Smart Money),Gorengan Sepi (< 5M),Normal (50-150%),Mark-Up (Fase Pesta),Spesialis Tiang Jemuran (Banting Pucuk),Normal,Turun 2 Hari Beruntun,TP: 213 | CL: 201,Normal,Tidak Ideal (< 1:1),4,WAIT & SEE,TIDAK ADA,2026-07-27 11:57:28
BVIC,Mid Cap (Lapis 2),Undervalued (Murah),12.944523,0.39004904,91.0,84,76,107,-1.0869565217391304,425000,Normal,59,Negatif,Uptrend,Bullish,Strong Bullish,Normal,Akumulasi (Naik),Normal,Dominan Jual (Guyur),Normal,Tinggi,Normal,Rawan Pucuk (High Risk),< 1 Miliar,Di Bawah VWAP (Lemah),Distribusi Pro (Guyuran),Gorengan Sepi (< 5M),Sepi (< 50%),Accumulation (Kumpul Barang),Normal,Normal,Turun 1 Hari Beruntun,TP: 97 | CL: 86,Normal,Menengah (1:1),5,WAIT & SEE,TIDAK ADA,2026-07-27 11:57:28
PCAR,Small Cap (Lapis 3),Fair Value (Wajar),0.0,0.67448837,38.0,38,37,40,0.0,94300,Normal,47,Negatif,Downtrend,Death Cross,Bearish MACD,Normal,Distribusi (Turun),Normal,Tidak Ada Transaksi,Squeeze,Rendah,Doji (Ragu-ragu),Dekat Support (Low Risk),< 1 Miliar,Persis di VWAP,Akumulasi Pro (Smart Money),Gorengan Sepi (< 5M),Sepi (< 50%),Distribution (Fase Jualan),Spesialis Tiang Jemuran (Banting Pucuk),Normal,Sideways / Stagnan,TP: 39 | CL: 37,Normal,Ideal (1:2),0,WAIT & SEE,TIDAK ADA,2026-07-27 11:57:28
BEST,Small Cap (Lapis 3),Undervalued (Murah),13.430851,0.21823917,101.0,99,92,105,0.0,600900,Normal,52,Negatif,Uptrend,Bullish,Strong Bullish,Normal,Distribusi (Turun),Normal,Seimbang / Adu Mekanik,Normal,Sedang,Doji (Ragu-ragu),Area Tengah,< 1 Miliar,Di Bawah VWAP (Lemah),Distribusi Pro (Guyuran),Gorengan Sepi (< 5M),Sepi (< 50%),Mark-Up (Fase Pesta),Normal,Normal,Sideways / Stagnan,TP: 105 | CL: 98,Normal,Tidak Ideal (< 1:1),4,WAIT & SEE,TIDAK ADA,2026-07-27 11:57:28
GGRM,Big Cap (Lapis 1),Undervalued (Murah),11.384101,0.5312513,17700.0,16611,15057,17950,1.4326647564469914,360600,Normal,67,Positif,Uptrend,Bullish,Strong Bullish,Normal,Distribusi (Turun),Normal,Seimbang / Adu Mekanik,Normal,Tinggi,Normal,Rawan Pucuk (High Risk),> 1 Miliar,Persis di VWAP,Distribusi Pro (Guyuran),Ritel Aktif (5M - 50M),Sepi (< 50%),Mark-Up (Fase Pesta),Spesialis Tiang Jemuran (Banting Pucuk),Normal,Naik 1 Hari Beruntun,TP: 18447 | CL: 17201,Open = Low (Bullish Kuat),Tidak Ideal (< 1:1),5,WAIT & SEE,TIDAK ADA,2026-07-27 11:57:28
PPGL,Small Cap (Lapis 3),Fair Value (Wajar),9.02859,2.164871,216.0,207,165,242,-0.9174311926605505,258000,Normal,57,Negatif,Uptrend,Bullish,Strong Bullish,Normal,Akumulasi (Naik),Normal,Seimbang / Adu Mekanik,Normal,Tinggi,Normal,Rawan Pucuk (High Risk),< 1 Miliar,Persis di VWAP,Distribusi Pro (Guyuran),Gorengan Sepi (< 5M),Sepi (< 50%),Mark-Up (Fase Pesta),Normal,Normal,Turun 2 Hari Beruntun,TP: 241 | CL: 199,Normal,Tidak Ideal (< 1:1),5,WAIT & SEE,TIDAK ADA,2026-07-27 11:57:29
DOID,Mid Cap (Lapis 2),Overvalued (Mahal),0.0,54999.996,220.0,206,190,238,-1.7857142857142856,649700,Normal,59,Negatif,Uptrend,Bullish,Strong Bullish,Normal,Akumulasi (Naik),Normal,Seimbang / Adu Mekanik,Normal,Tinggi,Normal,Rawan Pucuk (High Risk),< 1 Miliar,Di Bawah VWAP (Lemah),Akumulasi Pro (Smart Money),Gorengan Sepi (< 5M),Sepi (< 50%),Mark-Up (Fase Pesta),Solid (Jarang Dibanting),Normal,Turun 2 Hari Beruntun,TP: 232 | CL: 211,Open = High (Tekanan Jual),Tidak Ideal (< 1:1),5,WAIT & SEE,TIDAK ADA,2026-07-27 11:57:29
CSIS,Small Cap (Lapis 3),Overvalued (Mahal),25.729979,0.8308943,178.0,162,137,190,0.0,1342400,Normal,65,Negatif,Uptrend,Bullish,Strong Bullish,Normal,Distribusi (Turun),Normal,Seimbang / Adu Mekanik,Normal,Tinggi,Normal,Rawan Pucuk (High Risk),< 1 Miliar,Persis di VWAP,Distribusi Pro (Guyuran),Gorengan Sepi (< 5M),Sepi (< 50%),Mark-Up (Fase Pesta),Spesialis Tiang Jemuran (Banting Pucuk),Normal,Sideways / Stagnan,TP: 190 | CL: 169,Normal,Tidak Ideal (< 1:1),4,WAIT & SEE,TIDAK ADA,2026-07-27 11:57:29
AALI,Big Cap (Lapis 1),Undervalued (Murah),7.914402,0.5190468,6450.0,6278,5875,6700,-1.1494252873563218,406700,Normal,54,Negatif,Uptrend,Bullish,Strong Bullish,Normal,Distribusi (Turun),Normal,Dominan Jual (Guyur),Normal,Sedang,Normal,Area Tengah,> 1 Miliar,Di Bawah VWAP (Lemah),Akumulasi Pro (Smart Money),Ritel Aktif (5M - 50M),Sepi (< 50%),Accumulation (Kumpul Barang),Spesialis Tiang Jemuran (Banting Pucuk),Normal,Turun 2 Hari Beruntun,TP: 6669 | CL: 6303,Normal,Tidak Ideal (< 1:1),4,WAIT & SEE,TIDAK ADA,2026-07-27 11:57:29
ABBA,Small Cap (Lapis 3),Overvalued (Mahal),0.0,4.77707,30.0,30,30,33,0.0,0,Normal,32,Negatif,Downtrend,Bearish,Bullish MACD,Normal,Netral,Normal,Tidak Ada Transaksi,Squeeze,Rendah,Doji (Ragu-ragu),Dekat Support (Low Risk),< 1 Miliar,Di Atas VWAP (Kuat),Netral,Gorengan Sepi (< 5M),Normal (50-150%),Sideways,Solid (Jarang Dibanting),Normal,Sideways / Stagnan,TP: 31 | CL: 29,Normal,Di Area Support,1,WAIT & SEE,TIDAK ADA,2026-07-27 11:57:29
ABDA,Mid Cap (Lapis 2),Fair Value (Wajar),20.283855,1.2007087,3430.0,3384,3290,3800,0.0,200,Normal,55,Negatif,Uptrend,Bullish,Strong Bullish,Normal,Akumulasi (Naik),Normal,Tidak Ada Transaksi,Squeeze,Rendah,Doji (Ragu-ragu),Area Tengah,< 1 Miliar,Persis di VWAP,Akumulasi Pro (Smart Money),Gorengan Sepi (< 5M),Sepi (< 50%),Mark-Up (Fase Pesta),Spesialis Tiang Jemuran (Banting Pucuk),Normal,Sideways / Stagnan,TP: 3510 | CL: 3376,Normal,Ideal (1:2),5,WAIT & SEE,TIDAK ADA,2026-07-27 11:57:30
ABMM,Mid Cap (Lapis 2),Overvalued (Mahal),6.0614843,7770.8975,2510.0,2390,2230,2600,0.8032128514056224,55900,Normal,59,Positif,Uptrend,Bullish,Strong Bullish,Normal,Distribusi (Turun),Normal,Dominan Beli (Hajar Kanan),Normal,Tinggi,Hammer (Potensi Reversal),Rawan Pucuk (High Risk),< 1 Miliar,Persis di VWAP,Distribusi Pro (Guyuran),Gorengan Sepi (< 5M),Sepi (< 50%),Accumulation (Kumpul Barang),Normal,Jarum Bawah (Sinyal Pantulan Kuat),Naik 1 Hari Beruntun,TP: 2598 | CL: 2450,Open = High (Tekanan Jual),Tidak Ideal (< 1:1),6,WAIT & SEE,TIDAK ADA,2026-07-27 11:57:30
ACST,Mid Cap (Lapis 2),Fair Value (Wajar),0.0,-4.1648717,87.0,80,75,90,-2.247191011235955,5000,Normal,68,Negatif,Uptrend,Bullish,Strong Bullish,Normal,Akumulasi (Naik),Gap Down (-2.2%),Tidak Ada Transaksi,Normal,Tinggi,Doji (Ragu-ragu),Rawan Pucuk (High Risk),< 1 Miliar,Di Bawah VWAP (Lemah),Akumulasi Pro (Smart Money),Gorengan Sepi (< 5M),Sepi (< 50%),Mark-Up (Fase Pesta),Solid (Jarang Dibanting),Normal,Turun 2 Hari Beruntun,TP: 89 | CL: 85,Normal,Tidak Ideal (< 1:1),5,WAIT & SEE,TIDAK ADA,2026-07-27 11:57:30
ADCP,Mid Cap (Lapis 2),Fair Value (Wajar),0.0,2.8367186,50.0,50,50,50,0.0,0,Normal,24,Negatif,Downtrend,Bearish,Bullish MACD,Normal,Netral,Normal,Tidak Ada Transaksi,Squeeze,Rendah,Doji (Ragu-ragu),Dekat Support (Low Risk),< 1 Miliar,Di Atas VWAP (Kuat),Netral,Gorengan Sepi (< 5M),Normal (50-150%),Sideways,Solid (Jarang Dibanting),Normal,Sideways / Stagnan,TP: 51 | CL: 49,Normal,Di Area Support,1,WAIT & SEE,TIDAK ADA,2026-07-27 11:57:30
ADES,Big Cap (Lapis 1),Overvalued (Mahal),26.632034,6.9655786,38450.0,34463,31300,38775,5.995864920744314,72300,Tembus MA20,78,Positif,Uptrend,Bullish,Bearish MACD,Normal,Akumulasi (Naik),Normal,Dominan Beli (Hajar Kanan),Breakout Upper,Tinggi,Marubozu (Strong Bullish),Rawan Pucuk (High Risk),> 1 Miliar,Di Atas VWAP (Kuat),Akumulasi Pro (Smart Money),Gorengan Sepi (< 5M),Normal (50-150%),Mark-Up (Fase Pesta),Normal,Normal,Naik 4 Hari Beruntun,TP: 40635 | CL: 36992,Open = Low (Bullish Kuat),Tidak Ideal (< 1:1),7,BELI,TIDAK ADA,2026-07-27 11:57:30
ADMF,Big Cap (Lapis 1),Undervalued (Murah),6.1693673,0.6471285,8225.0,8127,7850,8375,-0.30303030303030304,6900,Normal,54,Negatif,Uptrend,Bullish,Strong Bullish,Normal,Akumulasi (Naik),Normal,Dominan Beli (Hajar Kanan),Squeeze,Rendah,Doji (Ragu-ragu),Area Tengah,< 1 Miliar,Persis di VWAP,Distribusi Pro (Guyuran),Gorengan Sepi (< 5M),Sepi (< 50%),Accumulation (Kumpul Barang),Normal,Jarum Bawah (Sinyal Pantulan Kuat),Turun 2 Hari Beruntun,TP: 8377 | CL: 8123,Normal,Tidak Ideal (< 1:1),6,WAIT & SEE,TIDAK ADA,2026-07-27 11:57:30
AGAR,Small Cap (Lapis 3),Overvalued (Mahal),316.58292,5.569504,630.0,339,197,630,0.0,0,Normal,95,Negatif,Uptrend,Bullish,Strong Bullish,Normal,Akumulasi (Naik),Normal,Tidak Ada Transaksi,Bottom Rebound,Tinggi,Doji (Ragu-ragu),Rawan Pucuk (High Risk),< 1 Miliar,Persis di VWAP,Netral,Gorengan Sepi (< 5M),Sepi (< 50%),Mark-Up (Fase Pesta),Normal,Normal,Sideways / Stagnan,TP: 681 | CL: 595,Normal,Tidak Ideal (< 1:1),5,WAIT & SEE,TIDAK ADA,2026-07-27 11:57:31
AGII,Mid Cap (Lapis 2),Overvalued (Mahal),106.02679,2.3053553,2850.0,2907,2470,3520,0.7067137809187279,25800,Normal,49,Positif,Downtrend,Bullish,Bearish MACD,Normal,Distribusi (Turun),Normal,Seimbang / Adu Mekanik,Normal,Tinggi,Normal,Rawan Pucuk (High Risk),< 1 Miliar,Di Bawah VWAP (Lemah),Akumulasi Pro (Smart Money),Gorengan Sepi (< 5M),Sepi (< 50%),Distribution (Fase Jualan),Spesialis Tiang Jemuran (Banting Pucuk),Normal,Naik 1 Hari Beruntun,TP: 3107 | CL: 2678,Open = Low (Bullish Kuat),Ideal (1:2),2,WAIT & SEE,TIDAK ADA,2026-07-27 11:57:31
AIMS,Small Cap (Lapis 3),Overvalued (Mahal),17.798746,194.95009,332.0,392,300,478,-7.262569832402235,65800,Normal,34,Negatif,Downtrend,Bearish,Strong Bearish,Normal,Akumulasi (Naik),Gap Down (-7.3%),Tidak Ada Transaksi,Normal,Tinggi,Doji (Ragu-ragu),Rawan Pucuk (High Risk),< 1 Miliar,Di Bawah VWAP (Lemah),Akumulasi Pro (Smart Money),Gorengan Sepi (< 5M),Sepi (< 50%),Mark-Down (Fase Runtuh),Normal,Normal,Turun 3 Hari Beruntun,TP: 371 | CL: 305,Normal,Sangat Menarik (> 1:3),1,WAIT & SEE,TIDAK ADA,2026-07-27 11:57:31
AKKU,Small Cap (Lapis 3),Overvalued (Mahal),336.2832,0.6209962,38.0,38,38,38,0.0,0,Normal,0,Negatif,Downtrend,Bearish,Bearish MACD,Normal,Netral,Normal,Tidak Ada Transaksi,Squeeze,Rendah,Doji (Ragu-ragu),Dekat Support (Low Risk),< 1 Miliar,Di Atas VWAP (Kuat),Netral,Gorengan Sepi (< 5M),Normal (50-150%),Sideways,Solid (Jarang Dibanting),Normal,Sideways / Stagnan,TP: 39 | CL: 37,Normal,Di Area Support,0,WAIT & SEE,TIDAK ADA,2026-07-27 11:57:31
AKSI,Small Cap (Lapis 3),Undervalued (Murah),8.951708,0.978734,226.0,217,193,252,3.669724770642202,767700,Tembus MA20,54,Positif,Uptrend,Bullish,Strong Bullish,Normal,Akumulasi (Naik),Normal,Seimbang / Adu Mekanik,Normal,Tinggi,Normal,Rawan Pucuk (High Risk),< 1 Miliar,Persis di VWAP,Distribusi Pro (Guyuran),Gorengan Sepi (< 5M),Anomali Tinggi (150-300%),Accumulation (Kumpul Barang),Spesialis Tiang Jemuran (Banting Pucuk),Normal,Naik 1 Hari Beruntun,TP: 249 | CL: 210,Open = Low (Bullish Kuat),Tidak Ideal (< 1:1),7,BELI,TIDAK ADA,2026-07-27 11:57:31
ALDO,Mid Cap (Lapis 2),Overvalued (Mahal),50.78125,1.9796703,780.0,720,649,1070,-2.5,33700,Normal,57,Negatif,Uptrend,Bullish,Strong Bullish,Normal,Distribusi (Turun),Normal,Seimbang / Adu Mekanik,Normal,Tinggi,Normal,Rawan Pucuk (High Risk),< 1 Miliar,Di Bawah VWAP (Lemah),Akumulasi Pro (Smart Money),Gorengan Sepi (< 5M),Sepi (< 50%),Mark-Up (Fase Pesta),Normal,Normal,Turun 3 Hari Beruntun,TP: 876 | CL: 715,Normal,Ideal (1:2),4,WAIT & SEE,TIDAK ADA,2026-07-27 11:57:32
ALKA,Small Cap (Lapis 3),Overvalued (Mahal),36.267246,2.987747,1375.0,659,468,1375,25.0,1101900,Tembus MA20,88,Positif,Uptrend,Bullish,Strong Bullish,Normal,Akumulasi (Naik),Gap Up (+9.1%),Dominan Beli (Hajar Kanan),Breakout Upper,Tinggi,Normal,Rawan Pucuk (High Risk),> 1 Miliar,Di Atas VWAP (Kuat),Akumulasi Pro (Smart Money),Gorengan Sepi (< 5M),Normal (50-150%),Mark-Up (Fase Pesta),Normal,Normal,Naik 4 Hari Beruntun,TP: 1531 | CL: 1271,Normal,Tidak Ideal (< 1:1),9,BELI,TIDAK ADA,2026-07-27 11:57:32
ALMI,Small Cap (Lapis 3),Overvalued (Mahal),0.0,74000.0,74.0,74,74,74,0.0,0,Normal,0,Negatif,Downtrend,Bearish,Bearish MACD,Normal,Netral,Normal,Tidak Ada Transaksi,Squeeze,Rendah,Doji (Ragu-ragu),Dekat Support (Low Risk),< 1 Miliar,Di Atas VWAP (Kuat),Netral,Gorengan Sepi (< 5M),Normal (50-150%),Sideways,Solid (Jarang Dibanting),Normal,Sideways / Stagnan,TP: 75 | CL: 73,Normal,Di Area Support,0,WAIT & SEE,TIDAK ADA,2026-07-27 11:57:32
ALTO,Small Cap (Lapis 3),Fair Value (Wajar),0.0,0.13290901,18.0,18,18,18,0.0,0,Normal,0,Negatif,Downtrend,Bearish,Bearish MACD,Normal,Netral,Normal,Tidak Ada Transaksi,Squeeze,Rendah,Doji (Ragu-ragu),Dekat Support (Low Risk),< 1 Miliar,Di Atas VWAP (Kuat),Netral,Gorengan Sepi (< 5M),Normal (50-150%),Sideways,Solid (Jarang Dibanting),Normal,Sideways / Stagnan,TP: 19 | CL: 17,Normal,Di Area Support,0,WAIT & SEE,TIDAK ADA,2026-07-27 11:57:32
AMAG,Mid Cap (Lapis 2),Undervalued (Murah),9.854481,0.87086004,386.0,390,370,396,0.5208333333333333,1700,Normal,44,Positif,Downtrend,Bearish,Strong Bearish,Normal,Distribusi (Turun),Normal,Dominan Beli (Hajar Kanan),Squeeze,Rendah,Normal,Area Tengah,< 1 Miliar,Di Bawah VWAP (Lemah),Akumulasi Pro (Smart Money),Gorengan Sepi (< 5M),Sepi (< 50%),Distribution (Fase Jualan),Solid (Jarang Dibanting),Normal,Naik 1 Hari Beruntun,TP: 398 | CL: 377,Normal,Tidak Ideal (< 1:1),2,WAIT & SEE,TIDAK ADA,2026-07-27 11:57:32
AMAN,Mid Cap (Lapis 2),Fair Value (Wajar),22.530329,1.2053499,260.0,261,248,274,0.0,5400,Normal,49,Negatif,Downtrend,Bullish,Bearish MACD,Normal,Distribusi (Turun),Normal,Seimbang / Adu Mekanik,Squeeze,Rendah,Normal,Area Tengah,< 1 Miliar,Di Bawah VWAP (Lemah),Akumulasi Pro (Smart Money),Gorengan Sepi (< 5M),Sepi (< 50%),Distribution (Fase Jualan),Normal,Normal,Sideways / Stagnan,TP: 276 | CL: 249,Open = High (Tekanan Jual),Menengah (1:1),1,WAIT & SEE,TIDAK ADA,2026-07-27 11:57:33
AMFG,Mid Cap (Lapis 2),Overvalued (Mahal),55.282345,0.30239883,3260.0,3067,2863,3260,0.6172839506172839,3200,Normal,64,Positif,Uptrend,Bullish,Strong Bullish,Normal,Akumulasi (Naik),Normal,Dominan Beli (Hajar Kanan),Breakout Upper,Sedang,Normal,Rawan Pucuk (High Risk),< 1 Miliar,Di Atas VWAP (Kuat),Akumulasi Pro (Smart Money),Gorengan Sepi (< 5M),Sepi (< 50%),Mark-Up (Fase Pesta),Normal,Normal,Naik 4 Hari Beruntun,TP: 3363 | CL: 3190,Normal,Tidak Ideal (< 1:1),7,BELI,TIDAK ADA,2026-07-27 11:57:33
AMIN,Small Cap (Lapis 3),Fair Value (Wajar),0.0,1.2831411,240.0,243,214,252,0.0,12200,Normal,41,Negatif,Downtrend,Bullish,Bullish MACD,Normal,Distribusi (Turun),Normal,Dominan Jual (Guyur),Squeeze,Rendah,Normal,Rawan Pucuk (High Risk),< 1 Miliar,Di Bawah VWAP (Lemah),Akumulasi Pro (Smart Money),Gorengan Sepi (< 5M),Normal (50-150%),Mark-Down (Fase Runtuh),Spesialis Tiang Jemuran (Banting Pucuk),Normal,Sideways / Stagnan,TP: 249 | CL: 233,Open = Low (Bullish Kuat),Tidak Ideal (< 1:1),2,WAIT & SEE,TIDAK ADA,2026-07-27 11:57:33
AMMS,Small Cap (Lapis 3),Overvalued (Mahal),0.0,4.7967224,288.0,307,282,340,-4.0,83000,Normal,32,Negatif,Downtrend,Bearish,Bullish MACD,Normal,Akumulasi (Naik),Normal,Dominan Jual (Guyur),Normal,Sedang,Normal,Dekat Support (Low Risk),< 1 Miliar,Di Bawah VWAP (Lemah),Distribusi Pro (Guyuran),Gorengan Sepi (< 5M),Normal (50-150%),Mark-Down (Fase Runtuh),Normal,Normal,Turun 1 Hari Beruntun,TP: 309 | CL: 273,Normal,Sangat Menarik (> 1:3),2,WAIT & SEE,TIDAK ADA,2026-07-27 11:57:33
AMOR,Small Cap (Lapis 3),Fair Value (Wajar),10.114673,2.8503485,344.0,332,312,360,-0.5780346820809248,16100,Normal,59,Negatif,Uptrend,Bullish,Strong Bullish,Normal,Distribusi (Turun),Normal,Seimbang / Adu Mekanik,Normal,Tinggi,Normal,Rawan Pucuk (High Risk),< 1 Miliar,Persis di VWAP,Akumulasi Pro (Smart Money),Gorengan Sepi (< 5M),Sepi (< 50%),Mark-Up (Fase Pesta),Normal,Normal,Turun 2 Hari Beruntun,TP: 358 | CL: 334,Open = High (Tekanan Jual),Tidak Ideal (< 1:1),4,WAIT & SEE,TIDAK ADA,2026-07-27 11:57:33
ANJT,Mid Cap (Lapis 2),Fair Value (Wajar),0.0,1.1941211,1445.0,1456,1370,1580,-0.3448275862068966,6000,Normal,44,Negatif,Downtrend,Bullish,Bullish MACD,Normal,Distribusi (Turun),Normal,Dominan Jual (Guyur),Normal,Sedang,Doji (Ragu-ragu),Area Tengah,< 1 Miliar,Di Bawah VWAP (Lemah),Distribusi Pro (Guyuran),Gorengan Sepi (< 5M),Sepi (< 50%),Mark-Down (Fase Runtuh),Spesialis Tiang Jemuran (Banting Pucuk),Normal,Turun 3 Hari Beruntun,TP: 1527 | CL: 1390,Normal,Ideal (1:2),2,WAIT & SEE,TIDAK ADA,2026-07-27 11:57:33
APIC,Mid Cap (Lapis 2),Overvalued (Mahal),74.03189,2.3593295,660.0,664,585,760,1.5384615384615385,269600,Normal,42,Positif,Downtrend,Bullish,Bullish MACD,Normal,Distribusi (Turun),Normal,Dominan Beli (Hajar Kanan),Normal,Tinggi,Normal,Rawan Pucuk (High Risk),< 1 Miliar,Di Bawah VWAP (Lemah),Distribusi Pro (Guyuran),Sultan (> 50M/hari),Sepi (< 50%),Mark-Down (Fase Runtuh),Normal,Normal,Naik 1 Hari Beruntun,TP: 733 | CL: 611,Normal,Menengah (1:1),4,WAIT & SEE,TIDAK ADA,2026-07-27 11:57:34
APLI,Small Cap (Lapis 3),Overvalued (Mahal),56.338024,0.9392354,240.0,244,218,258,0.8403361344537815,4300,Normal,45,Positif,Downtrend,Bullish,Strong Bearish,Normal,Akumulasi (Naik),Gap Up (+2.5%),Dominan Jual (Guyur),Squeeze,Rendah,Normal,Rawan Pucuk (High Risk),< 1 Miliar,Di Bawah VWAP (Lemah),Akumulasi Pro (Smart Money),Gorengan Sepi (< 5M),Sepi (< 50%),Mark-Down (Fase Runtuh),Spesialis Tiang Jemuran (Banting Pucuk),Normal,Naik 1 Hari Beruntun,TP: 254 | CL: 230,Open = High (Tekanan Jual),Tidak Ideal (< 1:1),4,WAIT & SEE,TIDAK ADA,2026-07-27 11:57:34
ARGO,Mid Cap (Lapis 2),Overvalued (Mahal),46.266235,18.984812,1140.0,1031,835,1160,2.242152466367713,434700,Tembus MA20,71,Positif,Uptrend,Bullish,Strong Bullish,Akumulasi Kuat,Akumulasi (Naik),Normal,Dominan Beli (Hajar Kanan),Normal,Tinggi,Normal,Rawan Pucuk (High Risk),< 1 Miliar,Di Atas VWAP (Kuat),Akumulasi Pro (Smart Money),Gorengan Sepi (< 5M),Anomali Tinggi (150-300%),Mark-Up (Fase Pesta),Spesialis Tiang Jemuran (Banting Pucuk),Normal,Naik 2 Hari Beruntun,TP: 1217 | CL: 1088,Normal,Tidak Ideal (< 1:1),9,BELI,TIDAK ADA,2026-07-27 11:57:34
ARII,Mid Cap (Lapis 2),Overvalued (Mahal),0.0,12857.143,270.0,273,260,290,0.0,9700,Normal,45,Negatif,Downtrend,Bearish,Strong Bearish,Normal,Distribusi (Turun),Normal,Dominan Beli (Hajar Kanan),Squeeze,Rendah,Marubozu (Strong Bullish),Area Tengah,< 1 Miliar,Di Bawah VWAP (Lemah),Distribusi Pro (Guyuran),Gorengan Sepi (< 5M),Sepi (< 50%),Mark-Down (Fase Runtuh),Normal,Normal,Sideways / Stagnan,TP: 284 | CL: 260,Open = Low (Bullish Kuat),Ideal (1:2),1,WAIT & SEE,TIDAK ADA,2026-07-27 11:57:34
ARKA,Small Cap (Lapis 3),Undervalued (Murah),12.4293785,0.37204897,22.0,22,22,23,0.0,0,Normal,35,Negatif,Downtrend,Bearish,Bullish MACD,Normal,Netral,Normal,Tidak Ada Transaksi,Squeeze,Rendah,Doji (Ragu-ragu),Dekat Support (Low Risk),< 1 Miliar,Di Atas VWAP (Kuat),Netral,Gorengan Sepi (< 5M),Normal (50-150%),Sideways,Solid (Jarang Dibanting),Normal,Sideways / Stagnan,TP: 23 | CL: 21,Normal,Di Area Support,1,WAIT & SEE,TIDAK ADA,2026-07-27 11:57:34
ARTA,Mid Cap (Lapis 2),Overvalued (Mahal),0.0,7.3804913,2480.0,2557,2260,3250,-0.8,7200,Normal,50,Negatif,Downtrend,Bearish,Bearish MACD,Normal,Akumulasi (Naik),Normal,Dominan Jual (Guyur),Normal,Tinggi,Normal,Area Tengah,< 1 Miliar,Di Bawah VWAP (Lemah),Distribusi Pro (Guyuran),Gorengan Sepi (< 5M),Sepi (< 50%),Distribution (Fase Jualan),Spesialis Tiang Jemuran (Banting Pucuk),Normal,Turun 2 Hari Beruntun,TP: 2828 | CL: 2247,Normal,Sangat Menarik (> 1:3),1,WAIT & SEE,TIDAK ADA,2026-07-27 11:57:34
ARTI,Small Cap (Lapis 3),Fair Value (Wajar),1.0695187,-0.074321814,2.0,2,2,2,0.0,0,Normal,0,Negatif,Downtrend,Bearish,Bearish MACD,Normal,Netral,Normal,Tidak Ada Transaksi,Squeeze,Rendah,Doji (Ragu-ragu),Dekat Support (Low Risk),< 1 Miliar,Di Atas VWAP (Kuat),Netral,Gorengan Sepi (< 5M),Normal (50-150%),Sideways,Solid (Jarang Dibanting),Normal,Sideways / Stagnan,TP: 3 | CL: 1,Normal,Di Area Support,0,WAIT & SEE,TIDAK ADA,2026-07-27 11:57:35
ASBI,Small Cap (Lapis 3),Undervalued (Murah),8.498353,0.31331587,418.0,418,390,452,0.966183574879227,28600,Tembus MA20,51,Positif,Downtrend,Bullish,Bearish MACD,Akumulasi Kuat,Akumulasi (Naik),Normal,Seimbang / Adu Mekanik,Squeeze,Rendah,Normal,Area Tengah,< 1 Miliar,Persis di VWAP,Distribusi Pro (Guyuran),Gorengan Sepi (< 5M),Ledakan Ekstrem (> 300%),Distribution (Fase Jualan),Normal,Normal,Naik 1 Hari Beruntun,TP: 439 | CL: 404,Open = Low (Bullish Kuat),Menengah (1:1),6,WAIT & SEE,TIDAK ADA,2026-07-27 11:57:35
ASDM,Small Cap (Lapis 3),Undervalued (Murah),10.40604,0.5420163,510.0,509,478,550,0.0,13800,Normal,51,Negatif,Uptrend,Bullish,Bearish MACD,Normal,Akumulasi (Naik),Normal,Dominan Jual (Guyur),Normal,Sedang,Normal,Area Tengah,< 1 Miliar,Di Bawah VWAP (Lemah),Akumulasi Pro (Smart Money),Gorengan Sepi (< 5M),Sepi (< 50%),Mark-Up (Fase Pesta),Normal,Normal,Sideways / Stagnan,TP: 536 | CL: 492,Open = High (Tekanan Jual),Menengah (1:1),4,WAIT & SEE,TIDAK ADA,2026-07-27 11:57:35
ASGR,Mid Cap (Lapis 2),Undervalued (Murah),8.772333,1.188663,1905.0,1768,1460,1945,0.7936507936507936,418600,Normal,72,Positif,Uptrend,Bullish,Strong Bullish,Normal,Akumulasi (Naik),Normal,Seimbang / Adu Mekanik,Normal,Tinggi,Normal,Rawan Pucuk (High Risk),< 1 Miliar,Persis di VWAP,Akumulasi Pro (Smart Money),Gorengan Sepi (< 5M),Sepi (< 50%),Mark-Up (Fase Pesta),Normal,Normal,Naik 1 Hari Beruntun,TP: 1999 | CL: 1842,Open = Low (Bullish Kuat),Tidak Ideal (< 1:1),6,WAIT & SEE,TIDAK ADA,2026-07-27 11:57:35
ASMI,Small Cap (Lapis 3),Undervalued (Murah),2.9827316,0.44266343,19.0,16,14,22,0.0,2668800,Normal,61,Negatif,Uptrend,Bullish,Strong Bullish,Normal,Distribusi (Turun),Normal,Tidak Ada Transaksi,Normal,Tinggi,Doji (Ragu-ragu),Rawan Pucuk (High Risk),< 1 Miliar,Di Atas VWAP (Kuat),Distribusi Pro (Guyuran),Gorengan Sepi (< 5M),Sepi (< 50%),Mark-Up (Fase Pesta),Normal,Normal,Sideways / Stagnan,TP: 20 | CL: 17,Normal,Tidak Ideal (< 1:1),4,WAIT & SEE,TIDAK ADA,2026-07-27 11:57:35
ASRM,Small Cap (Lapis 3),Fair Value (Wajar),17.670683,0.43620282,264.0,254,236,272,0.0,6300,Normal,61,Negatif,Uptrend,Bullish,Strong Bullish,Normal,Akumulasi (Naik),Normal,Dominan Beli (Hajar Kanan),Normal,Sedang,Doji (Ragu-ragu),Rawan Pucuk (High Risk),< 1 Miliar,Persis di VWAP,Akumulasi Pro (Smart Money),Gorengan Sepi (< 5M),Sepi (< 50%),Mark-Up (Fase Pesta),Normal,Jarum Bawah (Sinyal Pantulan Kuat),Sideways / Stagnan,TP: 271 | CL: 258,Normal,Tidak Ideal (< 1:1),6,WAIT & SEE,TIDAK ADA,2026-07-27 11:57:35
ATAP,Small Cap (Lapis 3),Overvalued (Mahal),164.8855,8.806262,540.0,502,380,690,-0.9174311926605505,485100,Normal,56,Negatif,Uptrend,Bullish,Strong Bullish,Normal,Distribusi (Turun),Gap Down (-3.7%),Dominan Beli (Hajar Kanan),Normal,Tinggi,Normal,Rawan Pucuk (High Risk),< 1 Miliar,Di Bawah VWAP (Lemah),Akumulasi Pro (Smart Money),Gorengan Sepi (< 5M),Sepi (< 50%),Mark-Up (Fase Pesta),Normal,Normal,Turun 2 Hari Beruntun,TP: 627 | CL: 482,Normal,Tidak Ideal (< 1:1),5,WAIT & SEE,TIDAK ADA,2026-07-27 11:57:36
ATLA,Small Cap (Lapis 3),Overvalued (Mahal),94.33963,1.8270848,50.0,50,50,56,0.0,4064500,Normal,46,Negatif,Downtrend,Bullish,Strong Bullish,Normal,Akumulasi (Naik),Normal,Tidak Ada Transaksi,Squeeze,Rendah,Doji (Ragu-ragu),Dekat Support (Low Risk),< 1 Miliar,Di Bawah VWAP (Lemah),Distribusi Pro (Guyuran),Ritel Aktif (5M - 50M),Sepi (< 50%),Distribution (Fase Jualan),Normal,Normal,Sideways / Stagnan,TP: 51 | CL: 49,Normal,Di Area Support,3,WAIT & SEE,TIDAK ADA,2026-07-27 11:57:36
BABP,Mid Cap (Lapis 2),Overvalued (Mahal),28.409092,0.5879724,50.0,50,50,51,0.0,129200,Normal,42,Negatif,Downtrend,Bearish,Bullish MACD,Normal,Netral,Normal,Tidak Ada Transaksi,Squeeze,Rendah,Doji (Ragu-ragu),Dekat Support (Low Risk),< 1 Miliar,Persis di VWAP,Netral,Gorengan Sepi (< 5M),Sepi (< 50%),Sideways,Normal,Normal,Sideways / Stagnan,TP: 50 | CL: 49,Normal,Di Area Support,1,WAIT & SEE,TIDAK ADA,2026-07-27 11:57:36
BALI,Mid Cap (Lapis 2),Overvalued (Mahal),25.77429,1.9027961,1215.0,1239,1150,1365,0.0,1400,Normal,47,Negatif,Downtrend,Bearish,Strong Bearish,Normal,Akumulasi (Naik),Normal,Tidak Ada Transaksi,Normal,Sedang,Doji (Ragu-ragu),Area Tengah,< 1 Miliar,Di Bawah VWAP (Lemah),Akumulasi Pro (Smart Money),Gorengan Sepi (< 5M),Sepi (< 50%),Distribution (Fase Jualan),Normal,Normal,Sideways / Stagnan,TP: 1260 | CL: 1184,Normal,Ideal (1:2),1,WAIT & SEE,TIDAK ADA,2026-07-27 11:57:36
BATA,Small Cap (Lapis 3),Fair Value (Wajar),0.0,-0.58663857,59.0,59,59,60,0.0,0,Normal,44,Negatif,Downtrend,Bearish,Bullish MACD,Normal,Netral,Normal,Tidak Ada Transaksi,Squeeze,Rendah,Doji (Ragu-ragu),Dekat Support (Low Risk),< 1 Miliar,Di Atas VWAP (Kuat),Netral,Gorengan Sepi (< 5M),Normal (50-150%),Mark-Down (Fase Runtuh),Solid (Jarang Dibanting),Normal,Sideways / Stagnan,TP: 60 | CL: 58,Normal,Di Area Support,1,WAIT & SEE,TIDAK ADA,2026-07-27 11:57:36
BAYU,Small Cap (Lapis 3),Overvalued (Mahal),49.07376,0.7147286,1155.0,1140,1090,1165,-0.43103448275862066,11800,Normal,56,Negatif,Uptrend,Bullish,Strong Bullish,Normal,Distribusi (Turun),Gap Down (-2.2%),Dominan Beli (Hajar Kanan),Squeeze,Rendah,Normal,Area Tengah,< 1 Miliar,Persis di VWAP,Akumulasi Pro (Smart Money),Gorengan Sepi (< 5M),Sepi (< 50%),Mark-Up (Fase Pesta),Normal,Normal,Turun 1 Hari Beruntun,TP: 1190 | CL: 1131,Open = Low (Bullish Kuat),Tidak Ideal (< 1:1),5,WAIT & SEE,TIDAK ADA,2026-07-27 11:57:37
BBHI,Big Cap (Lapis 1),Overvalued (Mahal),36.429146,2.6142964,905.0,923,842,980,0.0,43600,Normal,44,Negatif,Downtrend,Death Cross,Bullish MACD,Normal,Distribusi (Turun),Gap Up (+4.4%),Dominan Jual (Guyur),Squeeze,Rendah,Normal,Area Tengah,< 1 Miliar,Di Bawah VWAP (Lemah),Distribusi Pro (Guyuran),Gorengan Sepi (< 5M),Sepi (< 50%),Mark-Down (Fase Runtuh),Normal,Normal,Sideways / Stagnan,TP: 943 | CL: 879,Open = High (Tekanan Jual),Menengah (1:1),2,WAIT & SEE,TIDAK ADA,2026-07-27 11:57:37
BBLD,Small Cap (Lapis 3),Overvalued (Mahal),102.13144,0.6703444,575.0,556,500,675,-0.8620689655172413,10400,Normal,51,Negatif,Uptrend,Bullish,Strong Bullish,Normal,Distribusi (Turun),Normal,Dominan Jual (Guyur),Normal,Tinggi,Doji (Ragu-ragu),Rawan Pucuk (High Risk),< 1 Miliar,Di Bawah VWAP (Lemah),Distribusi Pro (Guyuran),Gorengan Sepi (< 5M),Sepi (< 50%),Accumulation (Kumpul Barang),Spesialis Tiang Jemuran (Banting Pucuk),Normal,Turun 4 Hari Beruntun,TP: 656 | CL: 520,Normal,Menengah (1:1),4,WAIT & SEE,TIDAK ADA,2026-07-27 11:57:37
BBMD,Mid Cap (Lapis 2),Overvalued (Mahal),25.706612,1.5096165,2010.0,1935,1900,2140,2.030456852791878,500,Normal,57,Positif,Uptrend,Bullish,Strong Bullish,Normal,Distribusi (Turun),Normal,Dominan Beli (Hajar Kanan),Normal,Sedang,Marubozu (Strong Bullish),Area Tengah,< 1 Miliar,Di Atas VWAP (Kuat),Distribusi Pro (Guyuran),Gorengan Sepi (< 5M),Sepi (< 50%),Mark-Up (Fase Pesta),Normal,Normal,Naik 1 Hari Beruntun,TP: 2110 | CL: 1942,Normal,Menengah (1:1),6,WAIT & SEE,TIDAK ADA,2026-07-27 11:57:37
BBSI,Big Cap (Lapis 1),Overvalued (Mahal),97.82609,4.8740807,4680.0,4680,4500,4760,-0.21321961620469082,200,Normal,52,Negatif,Downtrend,Bullish,Bearish MACD,Normal,Distribusi (Turun),Normal,Dominan Beli (Hajar Kanan),Squeeze,Rendah,Marubozu (Strong Bullish),Area Tengah,< 1 Miliar,Persis di VWAP,Akumulasi Pro (Smart Money),Gorengan Sepi (< 5M),Sepi (< 50%),Distribution (Fase Jualan),Normal,Normal,Turun 1 Hari Beruntun,TP: 4815 | CL: 4590,Open = Low (Bullish Kuat),Tidak Ideal (< 1:1),3,WAIT & SEE,TIDAK ADA,2026-07-27 11:57:37
BBSS,Small Cap (Lapis 3),Fair Value (Wajar),0.0,1.8760259,96.0,95,83,113,1.0526315789473684,217200,Normal,44,Positif,Uptrend,Bullish,Bullish MACD,Normal,Akumulasi (Naik),Normal,Seimbang / Adu Mekanik,Normal,Sedang,Normal,Rawan Pucuk (High Risk),< 1 Miliar,Di Bawah VWAP (Lemah),Distribusi Pro (Guyuran),Gorengan Sepi (< 5M),Sepi (< 50%),Accumulation (Kumpul Barang),Spesialis Tiang Jemuran (Banting Pucuk),Normal,Naik 1 Hari Beruntun,TP: 106 | CL: 89,Normal,Menengah (1:1),5,WAIT & SEE,TIDAK ADA,2026-07-27 11:57:37
BCAP,Mid Cap (Lapis 2),Undervalued (Murah),7.800312,0.46091872,50.0,50,50,52,0.0,1251900,Normal,45,Negatif,Downtrend,Bullish,Strong Bullish,Normal,Akumulasi (Naik),Normal,Tidak Ada Transaksi,Squeeze,Rendah,Doji (Ragu-ragu),Dekat Support (Low Risk),< 1 Miliar,Di Bawah VWAP (Lemah),Akumulasi Pro (Smart Money),Gorengan Sepi (< 5M),Sepi (< 50%),Distribution (Fase Jualan),Solid (Jarang Dibanting),Normal,Sideways / Stagnan,TP: 50 | CL: 49,Normal,Di Area Support,3,WAIT & SEE,TIDAK ADA,2026-07-27 11:57:38
BEBS,Small Cap (Lapis 3),Fair Value (Wajar),0.0,0.27855152,5.0,5,5,5,0.0,0,Normal,0,Negatif,Downtrend,Bearish,Bearish MACD,Normal,Netral,Normal,Tidak Ada Transaksi,Squeeze,Rendah,Doji (Ragu-ragu),Dekat Support (Low Risk),< 1 Miliar,Di Atas VWAP (Kuat),Netral,Gorengan Sepi (< 5M),Normal (50-150%),Sideways,Solid (Jarang Dibanting),Normal,Sideways / Stagnan,TP: 6 | CL: 4,Normal,Di Area Support,0,WAIT & SEE,TIDAK ADA,2026-07-27 11:57:38
BELI,Big Cap (Lapis 1),Overvalued (Mahal),0.0,3.8824942,256.0,264,250,298,0.7874015748031495,61200,Normal,37,Positif,Downtrend,Bearish,Bullish MACD,Normal,Akumulasi (Naik),Normal,Seimbang / Adu Mekanik,Normal,Sedang,Doji (Ragu-ragu),Dekat Support (Low Risk),< 1 Miliar,Persis di VWAP,Akumulasi Pro (Smart Money),Gorengan Sepi (< 5M),Sepi (< 50%),Mark-Down (Fase Runtuh),Normal,Normal,Naik 1 Hari Beruntun,TP: 270 | CL: 246,Normal,Sangat Menarik (> 1:3),3,WAIT & SEE,TIDAK ADA,2026-07-27 11:57:38
BESS,Mid Cap (Lapis 2),Overvalued (Mahal),109.90339,4.6828523,910.0,919,860,975,2.247191011235955,452100,Tembus MA20,46,Positif,Downtrend,Bearish,Bullish MACD,Akumulasi Kuat,Akumulasi (Naik),Normal,Seimbang / Adu Mekanik,Squeeze,Rendah,Normal,Area Tengah,< 1 Miliar,Persis di VWAP,Akumulasi Pro (Smart Money),Gorengan Sepi (< 5M),Anomali Tinggi (150-300%),Mark-Down (Fase Runtuh),Solid (Jarang Dibanting),Normal,Naik 1 Hari Beruntun,TP: 978 | CL: 864,Open = Low (Bullish Kuat),Menengah (1:1),5,WAIT & SEE,TIDAK ADA,2026-07-27 11:57:38
BIKA,Small Cap (Lapis 3),Fair Value (Wajar),0.5161944,-0.19020678,55.0,55,55,55,0.0,0,Normal,0,Negatif,Downtrend,Bearish,Bearish MACD,Normal,Netral,Normal,Tidak Ada Transaksi,Squeeze,Rendah,Doji (Ragu-ragu),Dekat Support (Low Risk),< 1 Miliar,Di Atas VWAP (Kuat),Netral,Gorengan Sepi (< 5M),Normal (50-150%),Sideways,Solid (Jarang Dibanting),Normal,Sideways / Stagnan,TP: 56 | CL: 54,Normal,Di Area Support,0,WAIT & SEE,TIDAK ADA,2026-07-27 11:57:39
BIKE,Small Cap (Lapis 3),Overvalued (Mahal),19.572475,8.780085,510.0,510,510,510,0.0,0,Normal,0,Negatif,Downtrend,Bearish,Bullish MACD,Normal,Netral,Normal,Tidak Ada Transaksi,Squeeze,Rendah,Doji (Ragu-ragu),Dekat Support (Low Risk),< 1 Miliar,Di Atas VWAP (Kuat),Netral,Gorengan Sepi (< 5M),Normal (50-150%),Sideways,Solid (Jarang Dibanting),Normal,Sideways / Stagnan,TP: 511 | CL: 509,Normal,Di Area Support,1,WAIT & SEE,TIDAK ADA,2026-07-27 11:57:39
BIMA,Small Cap (Lapis 3),Fair Value (Wajar),0.0,1.5450126,82.0,82,82,82,0.0,0,Normal,0,Negatif,Downtrend,Bearish,Bearish MACD,Normal,Netral,Normal,Tidak Ada Transaksi,Squeeze,Rendah,Doji (Ragu-ragu),Dekat Support (Low Risk),< 1 Miliar,Di Atas VWAP (Kuat),Netral,Gorengan Sepi (< 5M),Normal (50-150%),Sideways,Solid (Jarang Dibanting),Normal,Sideways / Stagnan,TP: 83 | CL: 81,Normal,Di Area Support,0,WAIT & SEE,TIDAK ADA,2026-07-27 11:57:39
BINA,Big Cap (Lapis 1),Overvalued (Mahal),0.0,8.162521,4120.0,4005,3600,4400,1.728395061728395,8400,Normal,55,Positif,Uptrend,Bullish,Strong Bullish,Normal,Distribusi (Turun),Normal,Dominan Beli (Hajar Kanan),Normal,Tinggi,Normal,Rawan Pucuk (High Risk),< 1 Miliar,Di Bawah VWAP (Lemah),Distribusi Pro (Guyuran),Gorengan Sepi (< 5M),Sepi (< 50%),Mark-Up (Fase Pesta),Solid (Jarang Dibanting),Normal,Naik 1 Hari Beruntun,TP: 4372 | CL: 3951,Normal,Tidak Ideal (< 1:1),6,WAIT & SEE,TIDAK ADA,2026-07-27 11:57:39
BIRD,Mid Cap (Lapis 2),Undervalued (Murah),6.439227,0.6330067,1610.0,1573,1470,1650,0.0,107900,Normal,65,Negatif,Uptrend,Bullish,Bearish MACD,Normal,Distribusi (Turun),Normal,Seimbang / Adu Mekanik,Normal,Sedang,Normal,Area Tengah,< 1 Miliar,Di Bawah VWAP (Lemah),Distribusi Pro (Guyuran),Gorengan Sepi (< 5M),Sepi (< 50%),Mark-Up (Fase Pesta),Spesialis Tiang Jemuran (Banting Pucuk),Normal,Sideways / Stagnan,TP: 1645 | CL: 1586,Normal,Tidak Ideal (< 1:1),3,WAIT & SEE,TIDAK ADA,2026-07-27 11:57:39
BISI,Mid Cap (Lapis 2),Undervalued (Murah),9.319463,0.54661524,645.0,641,620,675,0.0,105900,Normal,46,Negatif,Uptrend,Bullish,Bullish MACD,Normal,Distribusi (Turun),Normal,Seimbang / Adu Mekanik,Normal,Sedang,Doji (Ragu-ragu),Area Tengah,< 1 Miliar,Di Bawah VWAP (Lemah),Distribusi Pro (Guyuran),Gorengan Sepi (< 5M),Sepi (< 50%),Accumulation (Kumpul Barang),Spesialis Tiang Jemuran (Banting Pucuk),Normal,Sideways / Stagnan,TP: 671 | CL: 627,Normal,Menengah (1:1),3,WAIT & SEE,TIDAK ADA,2026-07-27 11:57:39
BKDP,Mid Cap (Lapis 2),Overvalued (Mahal),0.0,3.7360213,149.0,124,76,172,0.0,297100,Normal,61,Negatif,Uptrend,Bullish,Strong Bullish,Normal,Akumulasi (Naik),Normal,Dominan Jual (Guyur),Normal,Tinggi,Doji (Ragu-ragu),Rawan Pucuk (High Risk),< 1 Miliar,Di Bawah VWAP (Lemah),Akumulasi Pro (Smart Money),Gorengan Sepi (< 5M),Sepi (< 50%),Mark-Up (Fase Pesta),Normal,Normal,Sideways / Stagnan,TP: 175 | CL: 131,Normal,Tidak Ideal (< 1:1),5,WAIT & SEE,TIDAK ADA,2026-07-27 11:57:40
BLOG,Mid Cap (Lapis 2),Fair Value (Wajar),8.333333,1.9130193,372.0,355,322,402,-1.5873015873015872,180300,Normal,60,Negatif,Uptrend,Bullish,Strong Bullish,Normal,Distribusi (Turun),Normal,Dominan Jual (Guyur),Normal,Tinggi,Normal,Rawan Pucuk (High Risk),< 1 Miliar,Di Bawah VWAP (Lemah),Distribusi Pro (Guyuran),Gorengan Sepi (< 5M),Sepi (< 50%),Mark-Up (Fase Pesta),Spesialis Tiang Jemuran (Banting Pucuk),Normal,Turun 4 Hari Beruntun,TP: 393 | CL: 357,Normal,Tidak Ideal (< 1:1),4,WAIT & SEE,TIDAK ADA,2026-07-27 11:57:40
BLTZ,Mid Cap (Lapis 2),Overvalued (Mahal),32.15597,5.2132936,2540.0,2724,2540,2870,0.0,0,Normal,10,Negatif,Downtrend,Bearish,Strong Bearish,Normal,Netral,Normal,Tidak Ada Transaksi,Normal,Tinggi,Doji (Ragu-ragu),Dekat Support (Low Risk),< 1 Miliar,Di Atas VWAP (Kuat),Netral,Gorengan Sepi (< 5M),Sepi (< 50%),Mark-Down (Fase Runtuh),Solid (Jarang Dibanting),Normal,Sideways / Stagnan,TP: 2575 | CL: 2516,Normal,Di Area Support,0,WAIT & SEE,TIDAK ADA,2026-07-27 11:57:40
BLUE,Mid Cap (Lapis 2),Overvalued (Mahal),77.51323,11.564253,2930.0,2911,2750,3200,0.0,52500,Normal,47,Negatif,Uptrend,Bullish,Bullish MACD,Normal,Distribusi (Turun),Normal,Dominan Jual (Guyur),Squeeze,Rendah,Doji (Ragu-ragu),Area Tengah,< 1 Miliar,Persis di VWAP,Distribusi Pro (Guyuran),Gorengan Sepi (< 5M),Sepi (< 50%),Accumulation (Kumpul Barang),Spesialis Tiang Jemuran (Banting Pucuk),Normal,Sideways / Stagnan,TP: 3118 | CL: 2804,Normal,Ideal (1:2),3,WAIT & SEE,TIDAK ADA,2026-07-27 11:57:40
BMSR,Small Cap (Lapis 3),Undervalued (Murah),3.696727,0.40081388,314.0,300,260,338,0.0,80000,Normal,55,Negatif,Uptrend,Bullish,Strong Bullish,Normal,Distribusi (Turun),Normal,Dominan Jual (Guyur),Normal,Tinggi,Doji (Ragu-ragu),Rawan Pucuk (High Risk),< 1 Miliar,Persis di VWAP,Akumulasi Pro (Smart Money),Gorengan Sepi (< 5M),Sepi (< 50%),Mark-Up (Fase Pesta),Normal,Normal,Sideways / Stagnan,TP: 347 | CL: 291,Normal,Tidak Ideal (< 1:1),4,WAIT & SEE,TIDAK ADA,2026-07-27 11:57:40
BNBA,Mid Cap (Lapis 2),Overvalued (Mahal),1089.5522,0.76320076,730.0,743,700,865,-1.3513513513513513,11100,Normal,47,Negatif,Downtrend,Bearish,Bearish MACD,Normal,Distribusi (Turun),Normal,Seimbang / Adu Mekanik,Squeeze,Rendah,Doji (Ragu-ragu),Area Tengah,< 1 Miliar,Di Bawah VWAP (Lemah),Akumulasi Pro (Smart Money),Gorengan Sepi (< 5M),Sepi (< 50%),Distribution (Fase Jualan),Spesialis Tiang Jemuran (Banting Pucuk),Normal,Turun 2 Hari Beruntun,TP: 769 | CL: 703,Normal,Sangat Menarik (> 1:3),0,WAIT & SEE,TIDAK ADA,2026-07-27 11:57:40
BNII,Big Cap (Lapis 1),Undervalued (Murah),9.117222,0.44811788,189.0,189,180,198,0.0,131900,Normal,48,Negatif,Downtrend,Bullish,Strong Bullish,Normal,Distribusi (Turun),Normal,Seimbang / Adu Mekanik,Squeeze,Rendah,Doji (Ragu-ragu),Area Tengah,< 1 Miliar,Persis di VWAP,Akumulasi Pro (Smart Money),Gorengan Sepi (< 5M),Sepi (< 50%),Mark-Down (Fase Runtuh),Spesialis Tiang Jemuran (Banting Pucuk),Normal,Sideways / Stagnan,TP: 196 | CL: 183,Normal,Menengah (1:1),2,WAIT & SEE,TIDAK ADA,2026-07-27 11:57:41
BNLI,Big Cap (Lapis 1),Fair Value (Wajar),23.05956,1.8451765,2350.0,2362,2280,2500,-0.8438818565400843,9000,Normal,38,Negatif,Downtrend,Bullish,Bullish MACD,Normal,Akumulasi (Naik),Normal,Seimbang / Adu Mekanik,Squeeze,Rendah,Normal,Area Tengah,< 1 Miliar,Di Bawah VWAP (Lemah),Distribusi Pro (Guyuran),Gorengan Sepi (< 5M),Sepi (< 50%),Mark-Down (Fase Runtuh),Spesialis Tiang Jemuran (Banting Pucuk),Normal,Turun 3 Hari Beruntun,TP: 2442 | CL: 2288,Open = High (Tekanan Jual),Ideal (1:2),3,WAIT & SEE,TIDAK ADA,2026-07-27 11:57:41
BOGA,Mid Cap (Lapis 2),Overvalued (Mahal),1447.6191,12.753069,1520.0,1527,1490,1815,1.3333333333333335,1600,Normal,54,Positif,Downtrend,Bullish,Bearish MACD,Normal,Distribusi (Turun),Normal,Dominan Beli (Hajar Kanan),Normal,Sedang,Normal,Dekat Support (Low Risk),< 1 Miliar,Di Bawah VWAP (Lemah),Distribusi Pro (Guyuran),Gorengan Sepi (< 5M),Sepi (< 50%),Distribution (Fase Jualan),Spesialis Tiang Jemuran (Banting Pucuk),Normal,Naik 1 Hari Beruntun,TP: 1675 | CL: 1416,Open = Low (Bullish Kuat),Sangat Menarik (> 1:3),4,WAIT & SEE,TIDAK ADA,2026-07-27 11:57:41
BOLT,Mid Cap (Lapis 2),Fair Value (Wajar),12.547051,2.22105,800.0,785,750,815,0.0,2100,Normal,55,Negatif,Uptrend,Bullish,Strong Bullish,Normal,Akumulasi (Naik),Normal,Dominan Jual (Guyur),Squeeze,Rendah,Doji (Ragu-ragu),Area Tengah,< 1 Miliar,Persis di VWAP,Distribusi Pro (Guyuran),Gorengan Sepi (< 5M),Sepi (< 50%),Accumulation (Kumpul Barang),Spesialis Tiang Jemuran (Banting Pucuk),Normal,Sideways / Stagnan,TP: 821 | CL: 785,Normal,Tidak Ideal (< 1:1),5,WAIT & SEE,TIDAK ADA,2026-07-27 11:57:41
BOSS,Small Cap (Lapis 3),Fair Value (Wajar),0.0,-0.41981882,50.0,50,50,50,0.0,0,Normal,0,Negatif,Downtrend,Bearish,Bearish MACD,Normal,Netral,Normal,Tidak Ada Transaksi,Squeeze,Rendah,Doji (Ragu-ragu),Dekat Support (Low Risk),< 1 Miliar,Di Atas VWAP (Kuat),Netral,Gorengan Sepi (< 5M),Normal (50-150%),Sideways,Solid (Jarang Dibanting),Normal,Sideways / Stagnan,TP: 51 | CL: 49,Normal,Di Area Support,0,WAIT & SEE,TIDAK ADA,2026-07-27 11:57:42
BPFI,Small Cap (Lapis 3),Undervalued (Murah),8.388942,0.58862615,264.0,246,220,282,-0.7518796992481203,29500,Normal,61,Negatif,Uptrend,Bullish,Strong Bullish,Normal,Akumulasi (Naik),Gap Down (-2.3%),Dominan Beli (Hajar Kanan),Normal,Sedang,Normal,Rawan Pucuk (High Risk),< 1 Miliar,Di Atas VWAP (Kuat),Akumulasi Pro (Smart Money),Gorengan Sepi (< 5M),Normal (50-150%),Accumulation (Kumpul Barang),Solid (Jarang Dibanting),Normal,Turun 1 Hari Beruntun,TP: 275 | CL: 256,Normal,Tidak Ideal (< 1:1),6,WAIT & SEE,TIDAK ADA,2026-07-27 11:57:42
BPII,Mid Cap (Lapis 2),Overvalued (Mahal),38.170624,2.9303932,434.0,436,422,494,0.0,2800,Normal,46,Negatif,Downtrend,Bullish,Bullish MACD,Normal,Akumulasi (Naik),Normal,Tidak Ada Transaksi,Normal,Sedang,Doji (Ragu-ragu),Dekat Support (Low Risk),< 1 Miliar,Di Bawah VWAP (Lemah),Distribusi Pro (Guyuran),Gorengan Sepi (< 5M),Sepi (< 50%),Mark-Down (Fase Runtuh),Spesialis Tiang Jemuran (Banting Pucuk),Normal,Sideways / Stagnan,TP: 475 | CL: 406,Normal,Sangat Menarik (> 1:3),3,WAIT & SEE,TIDAK ADA,2026-07-27 11:57:42
BPTR,Small Cap (Lapis 3),Undervalued (Murah),8.814297,0.41555423,73.0,69,65,88,-1.3513513513513513,984800,Normal,56,Negatif,Uptrend,Bullish,Strong Bullish,Normal,Distribusi (Turun),Normal,Seimbang / Adu Mekanik,Normal,Tinggi,Normal,Rawan Pucuk (High Risk),< 1 Miliar,Di Bawah VWAP (Lemah),Distribusi Pro (Guyuran),Gorengan Sepi (< 5M),Sepi (< 50%),Accumulation (Kumpul Barang),Normal,Normal,Turun 3 Hari Beruntun,TP: 78 | CL: 69,Open = High (Tekanan Jual),Ideal (1:2),4,WAIT & SEE,TIDAK ADA,2026-07-27 11:57:42
BRAM,Mid Cap (Lapis 2),Overvalued (Mahal),129.85118,9232.365,4450.0,4492,4270,4580,0.0,200,Normal,48,Negatif,Downtrend,Bearish,Bearish MACD,Normal,Akumulasi (Naik),Gap Up (+2.2%),Dominan Jual (Guyur),Squeeze,Rendah,Normal,Area Tengah,< 1 Miliar,Persis di VWAP,Distribusi Pro (Guyuran),Gorengan Sepi (< 5M),Sepi (< 50%),Distribution (Fase Jualan),Normal,Normal,Sideways / Stagnan,TP: 4574 | CL: 4367,Open = High (Tekanan Jual),Tidak Ideal (< 1:1),2,WAIT & SEE,TIDAK ADA,2026-07-27 11:57:42
BRNA,Small Cap (Lapis 3),Overvalued (Mahal),99.166664,0.64015317,595.0,590,560,705,-0.8333333333333334,29900,Normal,50,Negatif,Uptrend,Bullish,Strong Bullish,Normal,Distribusi (Turun),Normal,Seimbang / Adu Mekanik,Normal,Sedang,Doji (Ragu-ragu),Area Tengah,< 1 Miliar,Persis di VWAP,Akumulasi Pro (Smart Money),Gorengan Sepi (< 5M),Sepi (< 50%),Accumulation (Kumpul Barang),Spesialis Tiang Jemuran (Banting Pucuk),Normal,Turun 1 Hari Beruntun,TP: 646 | CL: 560,Normal,Sangat Menarik (> 1:3),3,WAIT & SEE,TIDAK ADA,2026-07-27 11:57:42
BSIM,Big Cap (Lapis 1),Overvalued (Mahal),48.42033,1.65354,705.0,696,635,755,2.1739130434782608,14700,Normal,48,Positif,Uptrend,Bullish,Bullish MACD,Normal,Akumulasi (Naik),Gap Up (+2.9%),Seimbang / Adu Mekanik,Squeeze,Rendah,Normal,Rawan Pucuk (High Risk),< 1 Miliar,Persis di VWAP,Distribusi Pro (Guyuran),Gorengan Sepi (< 5M),Sepi (< 50%),Accumulation (Kumpul Barang),Spesialis Tiang Jemuran (Banting Pucuk),Normal,Naik 1 Hari Beruntun,TP: 749 | CL: 675,Normal,Tidak Ideal (< 1:1),6,WAIT & SEE,TIDAK ADA,2026-07-27 11:57:43
BSSR,Big Cap (Lapis 1),Overvalued (Mahal),6.928181,37368.42,4260.0,4165,3930,4340,-0.234192037470726,264500,Normal,70,Negatif,Uptrend,Bullish,Bearish MACD,Normal,Akumulasi (Naik),Normal,Seimbang / Adu Mekanik,Normal,Sedang,Normal,Area Tengah,> 1 Miliar,Persis di VWAP,Distribusi Pro (Guyuran),Gorengan Sepi (< 5M),Sepi (< 50%),Mark-Up (Fase Pesta),Spesialis Tiang Jemuran (Banting Pucuk),Normal,Turun 2 Hari Beruntun,TP: 4347 | CL: 4201,Open = High (Tekanan Jual),Tidak Ideal (< 1:1),4,WAIT & SEE,TIDAK ADA,2026-07-27 11:57:43
BSWD,Mid Cap (Lapis 2),Overvalued (Mahal),75.16537,1.3032522,1250.0,1320,1250,1380,0.0,0,Normal,2,Negatif,Downtrend,Bearish,Strong Bearish,Normal,Netral,Normal,Tidak Ada Transaksi,Normal,Tinggi,Doji (Ragu-ragu),Dekat Support (Low Risk),< 1 Miliar,Di Atas VWAP (Kuat),Netral,Gorengan Sepi (< 5M),Sepi (< 50%),Mark-Down (Fase Runtuh),Solid (Jarang Dibanting),Normal,Sideways / Stagnan,TP: 1261 | CL: 1242,Normal,Di Area Support,0,WAIT & SEE,TIDAK ADA,2026-07-27 11:57:43
BTPN,Big Cap (Lapis 1),Overvalued (Mahal),51.093155,0.4783137,2150.0,2194,2080,2280,-4.444444444444445,25500,Tembus MA20,44,Negatif,Downtrend,Bullish,Strong Bullish,Distribusi Kuat,Distribusi (Turun),Normal,Dominan Jual (Guyur),Normal,Sedang,Normal,Area Tengah,< 1 Miliar,Di Bawah VWAP (Lemah),Akumulasi Pro (Smart Money),Gorengan Sepi (< 5M),Anomali Tinggi (150-300%),Mark-Down (Fase Runtuh),Normal,Normal,Turun 3 Hari Beruntun,TP: 2249 | CL: 2083,Open = High (Tekanan Jual),Ideal (1:2),3,WAIT & SEE,TIDAK ADA,2026-07-27 11:57:43
BUAH,Mid Cap (Lapis 2),Overvalued (Mahal),17.513735,4.841144,510.0,510,496,525,0.0,2700,Normal,48,Negatif,Downtrend,Bullish,Bearish MACD,Normal,Akumulasi (Naik),Normal,Dominan Jual (Guyur),Squeeze,Rendah,Doji (Ragu-ragu),Dekat Support (Low Risk),< 1 Miliar,Persis di VWAP,Akumulasi Pro (Smart Money),Gorengan Sepi (< 5M),Sepi (< 50%),Mark-Down (Fase Runtuh),Normal,Normal,Sideways / Stagnan,TP: 529 | CL: 497,Normal,Menengah (1:1),2,WAIT & SEE,TIDAK ADA,2026-07-27 11:57:43
BUKK,Mid Cap (Lapis 2),Undervalued (Murah),10.448955,0.38193634,1045.0,1086,945,1200,-0.9478672985781991,12600,Normal,46,Negatif,Downtrend,Bearish,Bearish MACD,Normal,Distribusi (Turun),Normal,Dominan Beli (Hajar Kanan),Normal,Tinggi,Doji (Ragu-ragu),Rawan Pucuk (High Risk),< 1 Miliar,Di Bawah VWAP (Lemah),Distribusi Pro (Guyuran),Gorengan Sepi (< 5M),Sepi (< 50%),Distribution (Fase Jualan),Normal,Jarum Bawah (Sinyal Pantulan Kuat),Turun 4 Hari Beruntun,TP: 1155 | CL: 971,Normal,Ideal (1:2),1,WAIT & SEE,TIDAK ADA,2026-07-27 11:57:44
BYAN,Big Cap (Lapis 1),Overvalued (Mahal),30.712217,145783.14,12100.0,11671,11125,12525,1.0438413361169103,13400,Normal,62,Positif,Uptrend,Bullish,Strong Bullish,Normal,Akumulasi (Naik),Normal,Dominan Jual (Guyur),Normal,Sedang,Normal,Area Tengah,< 1 Miliar,Persis di VWAP,Distribusi Pro (Guyuran),Gorengan Sepi (< 5M),Sepi (< 50%),Mark-Up (Fase Pesta),Spesialis Tiang Jemuran (Banting Pucuk),Normal,Naik 1 Hari Beruntun,TP: 12718 | CL: 11687,Open = Low (Bullish Kuat),Tidak Ideal (< 1:1),6,WAIT & SEE,TIDAK ADA,2026-07-27 11:57:44
CARE,Big Cap (Lapis 1),Overvalued (Mahal),420.0,4.620818,420.0,424,408,460,0.4784688995215311,7700,Normal,48,Positif,Downtrend,Bearish,Bearish MACD,Normal,Distribusi (Turun),Gap Up (+2.4%),Dominan Jual (Guyur),Squeeze,Rendah,Normal,Dekat Support (Low Risk),< 1 Miliar,Persis di VWAP,Distribusi Pro (Guyuran),Gorengan Sepi (< 5M),Sepi (< 50%),Distribution (Fase Jualan),Spesialis Tiang Jemuran (Banting Pucuk),Normal,Naik 1 Hari Beruntun,TP: 438 | CL: 407,Open = High (Tekanan Jual),Sangat Menarik (> 1:3),2,WAIT & SEE,TIDAK ADA,2026-07-27 11:57:44
CASA,Big Cap (Lapis 1),Overvalued (Mahal),777.77783,12.227732,1820.0,1846,1795,2150,1.1111111111111112,1500,Normal,52,Positif,Downtrend,Bearish,Bearish MACD,Normal,Akumulasi (Naik),Normal,Seimbang / Adu Mekanik,Normal,Tinggi,Normal,Dekat Support (Low Risk),< 1 Miliar,Di Bawah VWAP (Lemah),Distribusi Pro (Guyuran),Gorengan Sepi (< 5M),Sepi (< 50%),Distribution (Fase Jualan),Spesialis Tiang Jemuran (Banting Pucuk),Normal,Naik 1 Hari Beruntun,TP: 2066 | CL: 1655,Open = High (Tekanan Jual),Sangat Menarik (> 1:3),3,WAIT & SEE,TIDAK ADA,2026-07-27 11:57:44
CASS,Mid Cap (Lapis 2),Fair Value (Wajar),8.629044,2.395047,1870.0,1850,1780,1950,0.2680965147453083,3100,Normal,58,Positif,Uptrend,Bullish,Bearish MACD,Normal,Akumulasi (Naik),Normal,Dominan Beli (Hajar Kanan),Squeeze,Rendah,Doji (Ragu-ragu),Area Tengah,< 1 Miliar,Persis di VWAP,Distribusi Pro (Guyuran),Gorengan Sepi (< 5M),Sepi (< 50%),Mark-Up (Fase Pesta),Spesialis Tiang Jemuran (Banting Pucuk),Jarum Bawah (Sinyal Pantulan Kuat),Naik 1 Hari Beruntun,TP: 1936 | CL: 1825,Normal,Tidak Ideal (< 1:1),6,WAIT & SEE,TIDAK ADA,2026-07-27 11:57:44
CBPE,Small Cap (Lapis 3),Fair Value (Wajar),0.0,1.1332021,290.0,284,271,308,0.0,2400,Normal,54,Negatif,Uptrend,Bullish,Strong Bullish,Normal,Distribusi (Turun),Normal,Dominan Beli (Hajar Kanan),Normal,Sedang,Marubozu (Strong Bullish),Area Tengah,< 1 Miliar,Persis di VWAP,Akumulasi Pro (Smart Money),Gorengan Sepi (< 5M),Sepi (< 50%),Accumulation (Kumpul Barang),Spesialis Tiang Jemuran (Banting Pucuk),Normal,Sideways / Stagnan,TP: 305 | CL: 279,Open = Low (Bullish Kuat),Tidak Ideal (< 1:1),5,WAIT & SEE,TIDAK ADA,2026-07-27 11:57:45
CBUT,Mid Cap (Lapis 2),Fair Value (Wajar),22.951283,2.186716,815.0,792,600,875,-0.6097560975609756,19900,Normal,62,Negatif,Uptrend,Bullish,Bearish MACD,Normal,Akumulasi (Naik),Normal,Seimbang / Adu Mekanik,Normal,Tinggi,Normal,Rawan Pucuk (High Risk),< 1 Miliar,Persis di VWAP,Akumulasi Pro (Smart Money),Gorengan Sepi (< 5M),Sepi (< 50%),Mark-Up (Fase Pesta),Spesialis Tiang Jemuran (Banting Pucuk),Normal,Turun 2 Hari Beruntun,TP: 880 | CL: 771,Open = High (Tekanan Jual),Tidak Ideal (< 1:1),4,WAIT & SEE,TIDAK ADA,2026-07-27 11:57:45
CCSI,Small Cap (Lapis 3),Undervalued (Murah),7.6889954,0.6050734,250.0,249,204,260,0.0,36200,Normal,51,Negatif,Uptrend,Bullish,Strong Bullish,Normal,Netral,Gap Down (-3.2%),Dominan Beli (Hajar Kanan),Squeeze,Rendah,Normal,Rawan Pucuk (High Risk),< 1 Miliar,Persis di VWAP,Akumulasi Pro (Smart Money),Gorengan Sepi (< 5M),Sepi (< 50%),Mark-Up (Fase Pesta),Normal,Normal,Sideways / Stagnan,TP: 262 | CL: 242,Open = Low (Bullish Kuat),Tidak Ideal (< 1:1),5,WAIT & SEE,TIDAK ADA,2026-07-27 11:57:45
CEKA,Mid Cap (Lapis 2),Undervalued (Murah),7.656859,0.616562,2160.0,2154,2010,2250,0.0,26900,Tembus MA20,50,Negatif,Uptrend,Bullish,Strong Bullish,Normal,Distribusi (Turun),Normal,Dominan Jual (Guyur),Squeeze,Rendah,Doji (Ragu-ragu),Area Tengah,< 1 Miliar,Di Bawah VWAP (Lemah),Distribusi Pro (Guyuran),Gorengan Sepi (< 5M),Normal (50-150%),Mark-Up (Fase Pesta),Normal,Normal,Sideways / Stagnan,TP: 2241 | CL: 2105,Normal,Tidak Ideal (< 1:1),4,WAIT & SEE,TIDAK ADA,2026-07-27 11:57:45
CHIP,Small Cap (Lapis 3),Overvalued (Mahal),161.40352,10.830538,925.0,932,898,965,0.5434782608695652,43300,Normal,42,Positif,Downtrend,Bearish,Strong Bearish,Normal,Distribusi (Turun),Normal,Seimbang / Adu Mekanik,Squeeze,Rendah,Normal,Dekat Support (Low Risk),< 1 Miliar,Persis di VWAP,Akumulasi Pro (Smart Money),Gorengan Sepi (< 5M),Sepi (< 50%),Mark-Down (Fase Runtuh),Normal,Normal,Naik 1 Hari Beruntun,TP: 973 | CL: 892,Open = Low (Bullish Kuat),Ideal (1:2),1,WAIT & SEE,TIDAK ADA,2026-07-27 11:57:45
CITA,Big Cap (Lapis 1),Undervalued (Murah),7.894926,1.4419194,3300.0,3144,2930,3480,-0.6024096385542169,30900,Normal,64,Negatif,Uptrend,Bullish,Strong Bullish,Normal,Akumulasi (Naik),Normal,Dominan Beli (Hajar Kanan),Normal,Tinggi,Normal,Rawan Pucuk (High Risk),< 1 Miliar,Persis di VWAP,Distribusi Pro (Guyuran),Gorengan Sepi (< 5M),Sepi (< 50%),Mark-Up (Fase Pesta),Spesialis Tiang Jemuran (Banting Pucuk),Jarum Bawah (Sinyal Pantulan Kuat),Turun 2 Hari Beruntun,TP: 3427 | CL: 3215,Normal,Tidak Ideal (< 1:1),6,WAIT & SEE,TIDAK ADA,2026-07-27 11:57:46
CLAY,Mid Cap (Lapis 2),Overvalued (Mahal),457.83133,317.77002,2280.0,2533,2200,2830,-3.79746835443038,14200,Normal,24,Negatif,Downtrend,Bearish,Strong Bearish,Normal,Distribusi (Turun),Normal,Dominan Jual (Guyur),Normal,Tinggi,Normal,Area Tengah,< 1 Miliar,Di Bawah VWAP (Lemah),Akumulasi Pro (Smart Money),Gorengan Sepi (< 5M),Normal (50-150%),Mark-Down (Fase Runtuh),Normal,Normal,Turun 2 Hari Beruntun,TP: 2514 | CL: 2123,Normal,Sangat Menarik (> 1:3),0,WAIT & SEE,TIDAK ADA,2026-07-27 11:57:46
CLPI,Small Cap (Lapis 3),Undervalued (Murah),6.8761406,0.7692944,1545.0,1497,1385,1570,0.3246753246753247,52100,Normal,61,Positif,Uptrend,Bullish,Strong Bullish,Normal,Distribusi (Turun),Normal,Dominan Beli (Hajar Kanan),Normal,Sedang,Normal,Rawan Pucuk (High Risk),< 1 Miliar,Persis di VWAP,Distribusi Pro (Guyuran),Gorengan Sepi (< 5M),Normal (50-150%),Mark-Up (Fase Pesta),Normal,Jarum Bawah (Sinyal Pantulan Kuat),Naik 1 Hari Beruntun,TP: 1581 | CL: 1520,Normal,Tidak Ideal (< 1:1),6,WAIT & SEE,TIDAK ADA,2026-07-27 11:57:46
CMNP,Mid Cap (Lapis 2),Undervalued (Murah),7.6980524,0.59284216,1340.0,1343,1295,1395,0.0,13600,Normal,45,Negatif,Downtrend,Death Cross,Bullish MACD,Normal,Distribusi (Turun),Normal,Dominan Beli (Hajar Kanan),Squeeze,Rendah,Doji (Ragu-ragu),Area Tengah,< 1 Miliar,Persis di VWAP,Akumulasi Pro (Smart Money),Gorengan Sepi (< 5M),Sepi (< 50%),Mark-Down (Fase Runtuh),Spesialis Tiang Jemuran (Banting Pucuk),Jarum Bawah (Sinyal Pantulan Kuat),Sideways / Stagnan,TP: 1381 | CL: 1312,Normal,Menengah (1:1),2,WAIT & SEE,TIDAK ADA,2026-07-27 11:57:46
CNKO,Small Cap (Lapis 3),Fair Value (Wajar),1.7477562,-0.32042122,37.0,37,35,37,0.0,0,Normal,42,Negatif,Downtrend,Bearish,Bullish MACD,Normal,Netral,Normal,Tidak Ada Transaksi,Squeeze,Rendah,Doji (Ragu-ragu),Area Tengah,< 1 Miliar,Di Atas VWAP (Kuat),Netral,Gorengan Sepi (< 5M),Normal (50-150%),Sideways,Solid (Jarang Dibanting),Normal,Sideways / Stagnan,TP: 38 | CL: 36,Normal,Tidak Ideal (< 1:1),1,WAIT & SEE,TIDAK ADA,2026-07-27 11:57:46
CNTX,Small Cap (Lapis 3),Fair Value (Wajar),0.0,-871.16565,142.0,142,142,142,0.0,0,Normal,0,Negatif,Downtrend,Bearish,Bearish MACD,Normal,Netral,Normal,Tidak Ada Transaksi,Squeeze,Rendah,Doji (Ragu-ragu),Dekat Support (Low Risk),< 1 Miliar,Di Atas VWAP (Kuat),Netral,Gorengan Sepi (< 5M),Normal (50-150%),Sideways,Solid (Jarang Dibanting),Normal,Sideways / Stagnan,TP: 143 | CL: 141,Normal,Di Area Support,0,WAIT & SEE,TIDAK ADA,2026-07-27 11:57:46
COAL,Small Cap (Lapis 3),Fair Value (Wajar),0.0,0.40523636,23.0,21,20,24,0.0,2644500,Normal,38,Negatif,Uptrend,Bullish,Bullish MACD,Normal,Akumulasi (Naik),Normal,Tidak Ada Transaksi,Normal,Tinggi,Doji (Ragu-ragu),Rawan Pucuk (High Risk),< 1 Miliar,Di Atas VWAP (Kuat),Distribusi Pro (Guyuran),Gorengan Sepi (< 5M),Sepi (< 50%),Accumulation (Kumpul Barang),Solid (Jarang Dibanting),Normal,Sideways / Stagnan,TP: 23 | CL: 22,Normal,Tidak Ideal (< 1:1),4,WAIT & SEE,TIDAK ADA,2026-07-27 11:57:47
CRAB,Small Cap (Lapis 3),Fair Value (Wajar),0.0,1.7666194,208.0,208,208,212,0.0,0,Normal,47,Negatif,Downtrend,Bearish,Bullish MACD,Normal,Netral,Normal,Tidak Ada Transaksi,Squeeze,Rendah,Doji (Ragu-ragu),Dekat Support (Low Risk),< 1 Miliar,Di Atas VWAP (Kuat),Netral,Gorengan Sepi (< 5M),Normal (50-150%),Sideways,Solid (Jarang Dibanting),Normal,Sideways / Stagnan,TP: 209 | CL: 207,Normal,Di Area Support,1,WAIT & SEE,TIDAK ADA,2026-07-27 11:57:47
CSRA,Mid Cap (Lapis 2),Undervalued (Murah),5.8033433,1.0023539,795.0,766,710,845,0.6329113924050633,26700,Normal,56,Positif,Uptrend,Bullish,Strong Bullish,Normal,Akumulasi (Naik),Normal,Seimbang / Adu Mekanik,Normal,Sedang,Normal,Rawan Pucuk (High Risk),< 1 Miliar,Persis di VWAP,Distribusi Pro (Guyuran),Gorengan Sepi (< 5M),Sepi (< 50%),Accumulation (Kumpul Barang),Spesialis Tiang Jemuran (Banting Pucuk),Normal,Naik 1 Hari Beruntun,TP: 836 | CL: 767,Open = Low (Bullish Kuat),Tidak Ideal (< 1:1),6,WAIT & SEE,TIDAK ADA,2026-07-27 11:57:47
CTBN,Mid Cap (Lapis 2),Overvalued (Mahal),41.61635,29090.91,4480.0,5118,4480,6400,-3.4482758620689653,21000,Normal,28,Negatif,Downtrend,Bearish,Strong Bearish,Normal,Distribusi (Turun),Normal,Dominan Jual (Guyur),Normal,Tinggi,Normal,Dekat Support (Low Risk),< 1 Miliar,Di Bawah VWAP (Lemah),Distribusi Pro (Guyuran),Gorengan Sepi (< 5M),Sepi (< 50%),Mark-Down (Fase Runtuh),Spesialis Tiang Jemuran (Banting Pucuk),Normal,Turun 3 Hari Beruntun,TP: 4906 | CL: 4195,Normal,Di Area Support,0,WAIT & SEE,TIDAK ADA,2026-07-27 11:57:47
DAAZ,Mid Cap (Lapis 2),Fair Value (Wajar),12.44,1.8514439,1555.0,1528,1370,1790,1.6339869281045754,70100,Normal,47,Positif,Uptrend,Bullish,Bullish MACD,Normal,Akumulasi (Naik),Normal,Seimbang / Adu Mekanik,Squeeze,Rendah,Normal,Rawan Pucuk (High Risk),< 1 Miliar,Di Bawah VWAP (Lemah),Distribusi Pro (Guyuran),Gorengan Sepi (< 5M),Sepi (< 50%),Accumulation (Kumpul Barang),Spesialis Tiang Jemuran (Banting Pucuk),Normal,Naik 1 Hari Beruntun,TP: 1672 | CL: 1476,Open = Low (Bullish Kuat),Menengah (1:1),5,WAIT & SEE,TIDAK ADA,2026-07-27 11:57:47
DADA,Small Cap (Lapis 3),Undervalued (Murah),14.947683,1.0408643,50.0,50,50,50,0.0,119300,Normal,0,Negatif,Downtrend,Bearish,Bearish MACD,Normal,Netral,Normal,Tidak Ada Transaksi,Squeeze,Rendah,Doji (Ragu-ragu),Dekat Support (Low Risk),< 1 Miliar,Persis di VWAP,Netral,Gorengan Sepi (< 5M),Sepi (< 50%),Sideways,Solid (Jarang Dibanting),Normal,Sideways / Stagnan,TP: 51 | CL: 49,Normal,Di Area Support,0,WAIT & SEE,TIDAK ADA,2026-07-27 11:57:48
DAYA,Mid Cap (Lapis 2),Overvalued (Mahal),27.24986,14.662976,975.0,976,900,1045,0.0,300,Normal,43,Negatif,Downtrend,Bearish,Bullish MACD,Normal,Distribusi (Turun),Normal,Tidak Ada Transaksi,Squeeze,Rendah,Doji (Ragu-ragu),Area Tengah,< 1 Miliar,Di Atas VWAP (Kuat),Akumulasi Pro (Smart Money),Gorengan Sepi (< 5M),Sepi (< 50%),Mark-Down (Fase Runtuh),Solid (Jarang Dibanting),Normal,Sideways / Stagnan,TP: 1014 | CL: 948,Normal,Tidak Ideal (< 1:1),1,WAIT & SEE,TIDAK ADA,2026-07-27 11:57:48
DCII,Big Cap (Lapis 1),Overvalued (Mahal),409.95544,98.55448,191400.0,192535,175500,199000,2.4899598393574296,600,Normal,49,Positif,Downtrend,Bearish,Bearish MACD,Normal,Akumulasi (Naik),Gap Up (+2.5%),Tidak Ada Transaksi,Normal,Sedang,Doji (Ragu-ragu),Area Tengah,< 1 Miliar,Persis di VWAP,Akumulasi Pro (Smart Money),Gorengan Sepi (< 5M),Normal (50-150%),Distribution (Fase Jualan),Solid (Jarang Dibanting),Normal,Naik 1 Hari Beruntun,TP: 202173 | CL: 184217,Normal,Tidak Ideal (< 1:1),3,WAIT & SEE,TIDAK ADA,2026-07-27 11:57:48
DEAL,Small Cap (Lapis 3),Fair Value (Wajar),0.0,-0.12075836,6.0,6,6,6,0.0,0,Normal,0,Negatif,Downtrend,Bearish,Bearish MACD,Normal,Netral,Normal,Tidak Ada Transaksi,Squeeze,Rendah,Doji (Ragu-ragu),Dekat Support (Low Risk),< 1 Miliar,Di Atas VWAP (Kuat),Netral,Gorengan Sepi (< 5M),Normal (50-150%),Sideways,Solid (Jarang Dibanting),Normal,Sideways / Stagnan,TP: 7 | CL: 5,Normal,Di Area Support,0,WAIT & SEE,TIDAK ADA,2026-07-27 11:57:48
DEPO,Mid Cap (Lapis 2),Fair Value (Wajar),22.514072,1.188825,240.0,248,214,354,0.8403361344537815,725200,Normal,46,Positif,Downtrend,Bearish,Strong Bearish,Normal,Distribusi (Turun),Normal,Dominan Jual (Guyur),Normal,Tinggi,Normal,Rawan Pucuk (High Risk),< 1 Miliar,Persis di VWAP,Akumulasi Pro (Smart Money),Gorengan Sepi (< 5M),Normal (50-150%),Distribution (Fase Jualan),Spesialis Tiang Jemuran (Banting Pucuk),Normal,Naik 1 Hari Beruntun,TP: 265 | CL: 223,Open = Low (Bullish Kuat),Sangat Menarik (> 1:3),1,WAIT & SEE,TIDAK ADA,2026-07-27 11:57:48
DGNS,Small Cap (Lapis 3),Undervalued (Murah),4.6294513,1.4802114,240.0,228,214,252,-2.4390243902439024,990800,Tembus MA20,58,Negatif,Uptrend,Bullish,Strong Bullish,Normal,Akumulasi (Naik),Normal,Seimbang / Adu Mekanik,Normal,Sedang,Normal,Rawan Pucuk (High Risk),< 1 Miliar,Persis di VWAP,Akumulasi Pro (Smart Money),Gorengan Sepi (< 5M),Anomali Tinggi (150-300%),Accumulation (Kumpul Barang),Normal,Normal,Turun 1 Hari Beruntun,TP: 262 | CL: 224,Normal,Tidak Ideal (< 1:1),6,WAIT & SEE,TIDAK ADA,2026-07-27 11:57:49
DIGI,Small Cap (Lapis 3),Fair Value (Wajar),0.0,-7.8061914,29.0,28,26,29,0.0,0,Normal,44,Negatif,Uptrend,Bullish,Bullish MACD,Normal,Netral,Normal,Tidak Ada Transaksi,Squeeze,Rendah,Doji (Ragu-ragu),Rawan Pucuk (High Risk),< 1 Miliar,Di Atas VWAP (Kuat),Netral,Gorengan Sepi (< 5M),Normal (50-150%),Accumulation (Kumpul Barang),Normal,Normal,Sideways / Stagnan,TP: 30 | CL: 28,Normal,Tidak Ideal (< 1:1),3,WAIT & SEE,TIDAK ADA,2026-07-27 11:57:49
DMND,Mid Cap (Lapis 2),Undervalued (Murah),13.020833,0.89460295,625.0,613,580,635,4.166666666666666,19500,Tembus MA20,54,Positif,Uptrend,Bullish,Strong Bullish,Normal,Akumulasi (Naik),Normal,Dominan Beli (Hajar Kanan),Squeeze,Rendah,Marubozu (Strong Bullish),Area Tengah,< 1 Miliar,Di Atas VWAP (Kuat),Distribusi Pro (Guyuran),Gorengan Sepi (< 5M),Normal (50-150%),Mark-Up (Fase Pesta),Spesialis Tiang Jemuran (Banting Pucuk),Normal,Naik 1 Hari Beruntun,TP: 648 | CL: 609,Open = Low (Bullish Kuat),Tidak Ideal (< 1:1),8,BELI,TIDAK ADA,2026-07-27 11:57:49
DNAR,Mid Cap (Lapis 2),Undervalued (Murah),10.655022,0.53458595,122.0,114,103,128,0.8264462809917356,354800,Normal,60,Positif,Uptrend,Bullish,Strong Bullish,Normal,Akumulasi (Naik),Normal,Dominan Beli (Hajar Kanan),Normal,Tinggi,Normal,Rawan Pucuk (High Risk),< 1 Miliar,Di Atas VWAP (Kuat),Distribusi Pro (Guyuran),Gorengan Sepi (< 5M),Sepi (< 50%),Accumulation (Kumpul Barang),Spesialis Tiang Jemuran (Banting Pucuk),Normal,Naik 2 Hari Beruntun,TP: 130 | CL: 116,Open = Low (Bullish Kuat),Tidak Ideal (< 1:1),7,BELI,TIDAK ADA,2026-07-27 11:57:49
DNET,Big Cap (Lapis 1),Overvalued (Mahal),105.8641,8.772921,9550.0,9732,9225,10975,-1.5463917525773196,1600,Normal,43,Negatif,Downtrend,Bearish,Strong Bearish,Normal,Akumulasi (Naik),Normal,Dominan Jual (Guyur),Squeeze,Rendah,Normal,Area Tengah,< 1 Miliar,Persis di VWAP,Akumulasi Pro (Smart Money),Gorengan Sepi (< 5M),Sepi (< 50%),Mark-Down (Fase Runtuh),Normal,Normal,Turun 1 Hari Beruntun,TP: 10096 | CL: 9185,Open = High (Tekanan Jual),Sangat Menarik (> 1:3),1,WAIT & SEE,TIDAK ADA,2026-07-27 11:57:49
DOSS,Small Cap (Lapis 3),Fair Value (Wajar),0.0,1.1336356,136.0,133,126,143,-2.158273381294964,180600,Normal,52,Negatif,Uptrend,Bullish,Strong Bullish,Normal,Akumulasi (Naik),Normal,Dominan Jual (Guyur),Normal,Sedang,Normal,Area Tengah,< 1 Miliar,Di Bawah VWAP (Lemah),Distribusi Pro (Guyuran),Gorengan Sepi (< 5M),Normal (50-150%),Mark-Up (Fase Pesta),Spesialis Tiang Jemuran (Banting Pucuk),Normal,Turun 2 Hari Beruntun,TP: 144 | CL: 130,Open = High (Tekanan Jual),Tidak Ideal (< 1:1),5,WAIT & SEE,TIDAK ADA,2026-07-27 11:57:50
DPNS,Small Cap (Lapis 3),Undervalued (Murah),4.298511,0.3023119,310.0,310,310,310,0.0,0,Normal,0,Negatif,Downtrend,Bearish,Bearish MACD,Normal,Netral,Normal,Tidak Ada Transaksi,Squeeze,Rendah,Doji (Ragu-ragu),Dekat Support (Low Risk),< 1 Miliar,Di Atas VWAP (Kuat),Netral,Gorengan Sepi (< 5M),Normal (50-150%),Sideways,Solid (Jarang Dibanting),Normal,Sideways / Stagnan,TP: 311 | CL: 309,Normal,Di Area Support,0,WAIT & SEE,TIDAK ADA,2026-07-27 11:57:50
DRMA,Mid Cap (Lapis 2),Undervalued (Murah),6.535714,1.4743084,915.0,905,825,945,1.1049723756906076,41100,Normal,50,Positif,Uptrend,Bullish,Bullish MACD,Normal,Distribusi (Turun),Normal,Seimbang / Adu Mekanik,Squeeze,Rendah,Normal,Rawan Pucuk (High Risk),< 1 Miliar,Persis di VWAP,Distribusi Pro (Guyuran),Gorengan Sepi (< 5M),Sepi (< 50%),Accumulation (Kumpul Barang),Normal,Normal,Naik 1 Hari Beruntun,TP: 952 | CL: 890,Open = Low (Bullish Kuat),Tidak Ideal (< 1:1),4,WAIT & SEE,TIDAK ADA,2026-07-27 11:57:50
DUTI,Mid Cap (Lapis 2),Fair Value (Wajar),19.607843,0.7278109,4290.0,4145,3960,4290,0.0,300,Normal,72,Negatif,Uptrend,Bullish,Strong Bullish,Normal,Akumulasi (Naik),Normal,Tidak Ada Transaksi,Normal,Sedang,Doji (Ragu-ragu),Area Tengah,< 1 Miliar,Di Atas VWAP (Kuat),Netral,Gorengan Sepi (< 5M),Sepi (< 50%),Mark-Up (Fase Pesta),Solid (Jarang Dibanting),Normal,Sideways / Stagnan,TP: 4333 | CL: 4260,Normal,Tidak Ideal (< 1:1),5,WAIT & SEE,TIDAK ADA,2026-07-27 11:57:50
DVLA,Mid Cap (Lapis 2),Undervalued (Murah),12.602016,1.1498204,1575.0,1548,1505,1600,-0.31645569620253167,15700,Tembus MA20,65,Negatif,Uptrend,Bullish,Strong Bullish,Normal,Distribusi (Turun),Normal,Dominan Jual (Guyur),Squeeze,Rendah,Normal,Area Tengah,< 1 Miliar,Persis di VWAP,Distribusi Pro (Guyuran),Gorengan Sepi (< 5M),Normal (50-150%),Mark-Up (Fase Pesta),Spesialis Tiang Jemuran (Banting Pucuk),Normal,Turun 1 Hari Beruntun,TP: 1606 | CL: 1553,Open = High (Tekanan Jual),Tidak Ideal (< 1:1),5,WAIT & SEE,TIDAK ADA,2026-07-27 11:57:50
DWGL,Mid Cap (Lapis 2),Overvalued (Mahal),9.468438,3.919883,228.0,224,214,240,-0.8695652173913043,28100,Normal,47,Negatif,Uptrend,Bullish,Bullish MACD,Normal,Akumulasi (Naik),Normal,Seimbang / Adu Mekanik,Normal,Sedang,Normal,Area Tengah,< 1 Miliar,Di Bawah VWAP (Lemah),Akumulasi Pro (Smart Money),Gorengan Sepi (< 5M),Sepi (< 50%),Accumulation (Kumpul Barang),Normal,Normal,Turun 2 Hari Beruntun,TP: 240 | CL: 219,Normal,Tidak Ideal (< 1:1),4,WAIT & SEE,TIDAK ADA,2026-07-27 11:57:51
EAST,Small Cap (Lapis 3),Fair Value (Wajar),21.970062,0.805545,91.0,89,85,93,1.1111111111111112,221700,Normal,62,Positif,Uptrend,Bullish,Strong Bullish,Normal,Distribusi (Turun),Normal,Dominan Beli (Hajar Kanan),Squeeze,Rendah,Normal,Area Tengah,< 1 Miliar,Persis di VWAP,Akumulasi Pro (Smart Money),Gorengan Sepi (< 5M),Sepi (< 50%),Mark-Up (Fase Pesta),Normal,Normal,Naik 1 Hari Beruntun,TP: 93 | CL: 89,Normal,Tidak Ideal (< 1:1),6,WAIT & SEE,TIDAK ADA,2026-07-27 11:57:51
EDGE,Mid Cap (Lapis 2),Overvalued (Mahal),81.29668,5.206731,4790.0,4790,4790,4790,0.0,0,Normal,0,Negatif,Downtrend,Bearish,Bearish MACD,Normal,Netral,Normal,Tidak Ada Transaksi,Squeeze,Rendah,Doji (Ragu-ragu),Dekat Support (Low Risk),< 1 Miliar,Di Atas VWAP (Kuat),Netral,Gorengan Sepi (< 5M),Normal (50-150%),Sideways,Solid (Jarang Dibanting),Normal,Sideways / Stagnan,TP: 4791 | CL: 4789,Normal,Di Area Support,0,WAIT & SEE,TIDAK ADA,2026-07-27 11:57:51
ENAK,Small Cap (Lapis 3),Fair Value (Wajar),0.0,2.3540132,250.0,271,242,346,-1.574803149606299,279700,Normal,43,Negatif,Downtrend,Bearish,Strong Bearish,Normal,Akumulasi (Naik),Normal,Seimbang / Adu Mekanik,Normal,Tinggi,Normal,Area Tengah,< 1 Miliar,Di Bawah VWAP (Lemah),Akumulasi Pro (Smart Money),Gorengan Sepi (< 5M),Sepi (< 50%),Mark-Down (Fase Runtuh),Normal,Normal,Turun 2 Hari Beruntun,TP: 284 | CL: 227,Normal,Sangat Menarik (> 1:3),1,WAIT & SEE,TIDAK ADA,2026-07-27 11:57:51
EPMT,Mid Cap (Lapis 2),Undervalued (Murah),8.110187,0.7767149,2320.0,2328,2250,2410,0.0,6800,Normal,50,Negatif,Downtrend,Bearish,Bearish MACD,Normal,Distribusi (Turun),Normal,Seimbang / Adu Mekanik,Squeeze,Rendah,Doji (Ragu-ragu),Area Tengah,< 1 Miliar,Persis di VWAP,Distribusi Pro (Guyuran),Gorengan Sepi (< 5M),Sepi (< 50%),Distribution (Fase Jualan),Normal,Jarum Bawah (Sinyal Pantulan Kuat),Sideways / Stagnan,TP: 2371 | CL: 2285,Normal,Menengah (1:1),0,WAIT & SEE,TIDAK ADA,2026-07-27 11:57:51
ETWA,Small Cap (Lapis 3),Fair Value (Wajar),0.0,-0.75840473,70.0,70,70,70,0.0,0,Normal,0,Negatif,Downtrend,Bearish,Bearish MACD,Normal,Netral,Normal,Tidak Ada Transaksi,Squeeze,Rendah,Doji (Ragu-ragu),Dekat Support (Low Risk),< 1 Miliar,Di Atas VWAP (Kuat),Netral,Gorengan Sepi (< 5M),Normal (50-150%),Sideways,Solid (Jarang Dibanting),Normal,Sideways / Stagnan,TP: 71 | CL: 69,Normal,Di Area Support,0,WAIT & SEE,TIDAK ADA,2026-07-27 11:57:51
EURO,Mid Cap (Lapis 2),Overvalued (Mahal),2506.1729,97.62431,2030.0,1804,1610,2170,0.0,50100,Normal,61,Negatif,Uptrend,Bullish,Strong Bullish,Normal,Akumulasi (Naik),Normal,Seimbang / Adu Mekanik,Normal,Tinggi,Normal,Rawan Pucuk (High Risk),< 1 Miliar,Di Atas VWAP (Kuat),Distribusi Pro (Guyuran),Ritel Aktif (5M - 50M),Sepi (< 50%),Mark-Up (Fase Pesta),Normal,Normal,Sideways / Stagnan,TP: 2203 | CL: 1914,Open = High (Tekanan Jual),Tidak Ideal (< 1:1),5,WAIT & SEE,TIDAK ADA,2026-07-27 11:57:52
FAPA,Big Cap (Lapis 1),Overvalued (Mahal),24.449877,6.4326134,7300.0,7355,7250,7575,0.0,1400,Normal,48,Negatif,Downtrend,Bearish,Bearish MACD,Normal,Distribusi (Turun),Normal,Dominan Jual (Guyur),Squeeze,Rendah,Normal,Dekat Support (Low Risk),< 1 Miliar,Persis di VWAP,Akumulasi Pro (Smart Money),Gorengan Sepi (< 5M),Sepi (< 50%),Distribution (Fase Jualan),Normal,Normal,Sideways / Stagnan,TP: 7385 | CL: 7242,Normal,Sangat Menarik (> 1:3),0,WAIT & SEE,TIDAK ADA,2026-07-27 11:57:52
FASW,Big Cap (Lapis 1),Overvalued (Mahal),0.0,3.069461,5312.4970703125,5312,5312,5312,0.0,0,Normal,0,Negatif,Downtrend,Bearish,Bearish MACD,Normal,Netral,Normal,Tidak Ada Transaksi,Squeeze,Rendah,Doji (Ragu-ragu),Dekat Support (Low Risk),< 1 Miliar,Di Atas VWAP (Kuat),Netral,Gorengan Sepi (< 5M),Normal (50-150%),Sideways,Solid (Jarang Dibanting),Normal,Sideways / Stagnan,TP: 5313 | CL: 5311,Normal,Di Area Support,0,WAIT & SEE,TIDAK ADA,2026-07-27 11:57:52
FIMP,Small Cap (Lapis 3),Fair Value (Wajar),0.0,1.2991904,69.0,69,69,69,0.0,0,Normal,0,Negatif,Downtrend,Bearish,Bearish MACD,Normal,Netral,Normal,Tidak Ada Transaksi,Squeeze,Rendah,Doji (Ragu-ragu),Dekat Support (Low Risk),< 1 Miliar,Di Atas VWAP (Kuat),Netral,Gorengan Sepi (< 5M),Normal (50-150%),Sideways,Solid (Jarang Dibanting),Normal,Sideways / Stagnan,TP: 70 | CL: 68,Normal,Di Area Support,0,WAIT & SEE,TIDAK ADA,2026-07-27 11:57:52
FISH,Mid Cap (Lapis 2),Overvalued (Mahal),11.7122135,17027.027,630.0,623,545,690,-2.3255813953488373,13900,Normal,49,Negatif,Uptrend,Bullish,Strong Bullish,Normal,Distribusi (Turun),Gap Down (-2.3%),Dominan Beli (Hajar Kanan),Normal,Tinggi,Doji (Ragu-ragu),Rawan Pucuk (High Risk),< 1 Miliar,Di Bawah VWAP (Lemah),Akumulasi Pro (Smart Money),Gorengan Sepi (< 5M),Sepi (< 50%),Accumulation (Kumpul Barang),Normal,Jarum Bawah (Sinyal Pantulan Kuat),Turun 2 Hari Beruntun,TP: 690 | CL: 589,Normal,Tidak Ideal (< 1:1),4,WAIT & SEE,TIDAK ADA,2026-07-27 11:57:52
FITT,Small Cap (Lapis 3),Overvalued (Mahal),0.0,6.2244635,358.0,373,330,400,1.7045454545454544,561700,Tembus MA20,43,Positif,Downtrend,Bearish,Strong Bearish,Normal,Distribusi (Turun),Gap Up (+2.3%),Seimbang / Adu Mekanik,Normal,Sedang,Normal,Area Tengah,< 1 Miliar,Persis di VWAP,Distribusi Pro (Guyuran),Gorengan Sepi (< 5M),Anomali Tinggi (150-300%),Distribution (Fase Jualan),Spesialis Tiang Jemuran (Banting Pucuk),Normal,Naik 1 Hari Beruntun,TP: 392 | CL: 335,Open = High (Tekanan Jual),Menengah (1:1),3,WAIT & SEE,TIDAK ADA,2026-07-27 11:57:53
FORU,Mid Cap (Lapis 2),Overvalued (Mahal),0.0,91.90588,3160.0,3021,2590,3640,-2.1671826625387,579600,Normal,55,Negatif,Uptrend,Bullish,Bearish MACD,Normal,Akumulasi (Naik),Gap Up (+5.9%),Dominan Jual (Guyur),Normal,Tinggi,Normal,Rawan Pucuk (High Risk),> 1 Miliar,Di Bawah VWAP (Lemah),Distribusi Pro (Guyuran),Ritel Aktif (5M - 50M),Sepi (< 50%),Mark-Up (Fase Pesta),Spesialis Tiang Jemuran (Banting Pucuk),Normal,Turun 1 Hari Beruntun,TP: 3680 | CL: 2812,Open = High (Tekanan Jual),Tidak Ideal (< 1:1),5,WAIT & SEE,TIDAK ADA,2026-07-27 11:57:53
GDST,Small Cap (Lapis 3),Fair Value (Wajar),18.442623,0.58427143,90.0,86,78,105,-1.098901098901099,551200,Normal,55,Negatif,Uptrend,Bullish,Strong Bullish,Normal,Distribusi (Turun),Normal,Seimbang / Adu Mekanik,Normal,Tinggi,Doji (Ragu-ragu),Rawan Pucuk (High Risk),< 1 Miliar,Di Bawah VWAP (Lemah),Distribusi Pro (Guyuran),Gorengan Sepi (< 5M),Sepi (< 50%),Mark-Up (Fase Pesta),Spesialis Tiang Jemuran (Banting Pucuk),Normal,Turun 3 Hari Beruntun,TP: 98 | CL: 84,Normal,Menengah (1:1),4,WAIT & SEE,TIDAK ADA,2026-07-27 11:57:53
GDYR,Small Cap (Lapis 3),Overvalued (Mahal),185000.0,7500.0,1110.0,1090,1050,1165,1.834862385321101,300,Normal,56,Positif,Uptrend,Bullish,Strong Bullish,Normal,Distribusi (Turun),Normal,Dominan Beli (Hajar Kanan),Squeeze,Rendah,Marubozu (Strong Bullish),Area Tengah,< 1 Miliar,Persis di VWAP,Distribusi Pro (Guyuran),Gorengan Sepi (< 5M),Sepi (< 50%),Mark-Up (Fase Pesta),Normal,Normal,Naik 1 Hari Beruntun,TP: 1160 | CL: 1076,Open = Low (Bullish Kuat),Tidak Ideal (< 1:1),6,WAIT & SEE,TIDAK ADA,2026-07-27 11:57:53
GEMS,Big Cap (Lapis 1),Overvalued (Mahal),9.399034,49436.09,6575.0,6391,5800,6800,0.38167938931297707,12900,Normal,52,Positif,Uptrend,Bullish,Strong Bullish,Normal,Akumulasi (Naik),Normal,Dominan Beli (Hajar Kanan),Normal,Tinggi,Normal,Rawan Pucuk (High Risk),< 1 Miliar,Persis di VWAP,Akumulasi Pro (Smart Money),Gorengan Sepi (< 5M),Sepi (< 50%),Accumulation (Kumpul Barang),Spesialis Tiang Jemuran (Banting Pucuk),Normal,Naik 1 Hari Beruntun,TP: 6824 | CL: 6408,Normal,Tidak Ideal (< 1:1),7,BELI,TIDAK ADA,2026-07-27 11:57:53
GGRP,Mid Cap (Lapis 2),Overvalued (Mahal),0.0,5444.4443,294.0,291,284,308,0.0,378400,Normal,54,Negatif,Uptrend,Bullish,Strong Bullish,Normal,Distribusi (Turun),Normal,Seimbang / Adu Mekanik,Squeeze,Rendah,Doji (Ragu-ragu),Area Tengah,< 1 Miliar,Persis di VWAP,Akumulasi Pro (Smart Money),Gorengan Sepi (< 5M),Normal (50-150%),Mark-Up (Fase Pesta),Normal,Normal,Sideways / Stagnan,TP: 304 | CL: 287,Normal,Menengah (1:1),4,WAIT & SEE,TIDAK ADA,2026-07-27 11:57:53
GHON,Small Cap (Lapis 3),Undervalued (Murah),9.85469,1.1373768,1610.0,1596,1515,1700,-1.8292682926829267,7100,Normal,45,Negatif,Uptrend,Bullish,Bullish MACD,Normal,Akumulasi (Naik),Normal,Seimbang / Adu Mekanik,Normal,Sedang,Normal,Area Tengah,< 1 Miliar,Di Bawah VWAP (Lemah),Akumulasi Pro (Smart Money),Gorengan Sepi (< 5M),Sepi (< 50%),Accumulation (Kumpul Barang),Normal,Normal,Turun 1 Hari Beruntun,TP: 1677 | CL: 1565,Open = High (Tekanan Jual),Tidak Ideal (< 1:1),4,WAIT & SEE,TIDAK ADA,2026-07-27 11:57:54
GLOB,Small Cap (Lapis 3),Fair Value (Wajar),0.0,-0.14311859,155.0,155,155,155,0.0,0,Normal,0,Negatif,Downtrend,Bearish,Bearish MACD,Normal,Netral,Normal,Tidak Ada Transaksi,Squeeze,Rendah,Doji (Ragu-ragu),Dekat Support (Low Risk),< 1 Miliar,Di Atas VWAP (Kuat),Netral,Gorengan Sepi (< 5M),Normal (50-150%),Sideways,Solid (Jarang Dibanting),Normal,Sideways / Stagnan,TP: 156 | CL: 154,Normal,Di Area Support,0,WAIT & SEE,TIDAK ADA,2026-07-27 11:57:54
GMTD,Mid Cap (Lapis 2),Overvalued (Mahal),99.17665,1.5901761,1325.0,1297,1210,1660,3.11284046692607,14800,Normal,49,Positif,Uptrend,Bearish,Bullish MACD,Normal,Akumulasi (Naik),Normal,Seimbang / Adu Mekanik,Normal,Sedang,Normal,Area Tengah,< 1 Miliar,Persis di VWAP,Distribusi Pro (Guyuran),Gorengan Sepi (< 5M),Sepi (< 50%),Accumulation (Kumpul Barang),Spesialis Tiang Jemuran (Banting Pucuk),Normal,Naik 3 Hari Beruntun,TP: 1486 | CL: 1217,Normal,Ideal (1:2),4,WAIT & SEE,TIDAK ADA,2026-07-27 11:57:54
GOLD,Small Cap (Lapis 3),Fair Value (Wajar),23.410526,0.81589526,278.0,253,238,322,-2.797202797202797,358000,Normal,61,Negatif,Uptrend,Bullish,Strong Bullish,Normal,Akumulasi (Naik),Normal,Dominan Jual (Guyur),Normal,Tinggi,Normal,Rawan Pucuk (High Risk),< 1 Miliar,Di Bawah VWAP (Lemah),Distribusi Pro (Guyuran),Gorengan Sepi (< 5M),Sepi (< 50%),Accumulation (Kumpul Barang),Spesialis Tiang Jemuran (Banting Pucuk),Normal,Turun 1 Hari Beruntun,TP: 304 | CL: 260,Normal,Menengah (1:1),5,WAIT & SEE,TIDAK ADA,2026-07-27 11:57:54
GOOD,Big Cap (Lapis 1),Fair Value (Wajar),15.820417,2.6684697,296.0,302,288,310,0.0,41200,Normal,34,Negatif,Downtrend,Death Cross,Bullish MACD,Normal,Distribusi (Turun),Normal,Seimbang / Adu Mekanik,Squeeze,Rendah,Doji (Ragu-ragu),Dekat Support (Low Risk),< 1 Miliar,Persis di VWAP,Distribusi Pro (Guyuran),Gorengan Sepi (< 5M),Sepi (< 50%),Mark-Down (Fase Runtuh),Normal,Normal,Sideways / Stagnan,TP: 305 | CL: 289,Normal,Ideal (1:2),1,WAIT & SEE,TIDAK ADA,2026-07-27 11:57:54
GRPH,Small Cap (Lapis 3),Fair Value (Wajar),0.0,0.75749797,59.0,58,53,66,0.0,550800,Normal,50,Negatif,Uptrend,Bullish,Strong Bullish,Normal,Akumulasi (Naik),Normal,Dominan Jual (Guyur),Normal,Tinggi,Normal,Rawan Pucuk (High Risk),< 1 Miliar,Di Bawah VWAP (Lemah),Distribusi Pro (Guyuran),Gorengan Sepi (< 5M),Sepi (< 50%),Accumulation (Kumpul Barang),Spesialis Tiang Jemuran (Banting Pucuk),Normal,Sideways / Stagnan,TP: 62 | CL: 56,Open = High (Tekanan Jual),Menengah (1:1),4,WAIT & SEE,TIDAK ADA,2026-07-27 11:57:54
GTRA,Small Cap (Lapis 3),Fair Value (Wajar),0.0,1.062843,260.0,206,170,260,12.068965517241379,474400,Normal,74,Positif,Uptrend,Bullish,Strong Bullish,Normal,Akumulasi (Naik),Normal,Dominan Beli (Hajar Kanan),Normal,Tinggi,Marubozu (Strong Bullish),Rawan Pucuk (High Risk),< 1 Miliar,Di Atas VWAP (Kuat),Distribusi Pro (Guyuran),Gorengan Sepi (< 5M),Sepi (< 50%),Mark-Up (Fase Pesta),Spesialis Tiang Jemuran (Banting Pucuk),Normal,Naik 1 Hari Beruntun,TP: 282 | CL: 245,Normal,Tidak Ideal (< 1:1),7,BELI,TIDAK ADA,2026-07-27 11:57:55
GUNA,Small Cap (Lapis 3),Fair Value (Wajar),0.0,0.80346966,194.0,182,149,210,-1.0204081632653061,80900,Normal,62,Negatif,Uptrend,Bullish,Strong Bullish,Normal,Distribusi (Turun),Normal,Seimbang / Adu Mekanik,Normal,Tinggi,Normal,Rawan Pucuk (High Risk),< 1 Miliar,Di Bawah VWAP (Lemah),Distribusi Pro (Guyuran),Gorengan Sepi (< 5M),Sepi (< 50%),Mark-Up (Fase Pesta),Spesialis Tiang Jemuran (Banting Pucuk),Normal,Turun 4 Hari Beruntun,TP: 210 | CL: 182,Open = High (Tekanan Jual),Tidak Ideal (< 1:1),4,WAIT & SEE,TIDAK ADA,2026-07-27 11:57:55
GWSA,Small Cap (Lapis 3),Undervalued (Murah),7.5268817,0.13550806,126.0,120,110,137,1.6129032258064515,126900,Normal,55,Positif,Uptrend,Bullish,Strong Bullish,Normal,Akumulasi (Naik),Normal,Dominan Beli (Hajar Kanan),Normal,Tinggi,Normal,Rawan Pucuk (High Risk),< 1 Miliar,Di Bawah VWAP (Lemah),Akumulasi Pro (Smart Money),Gorengan Sepi (< 5M),Sepi (< 50%),Accumulation (Kumpul Barang),Normal,Normal,Naik 1 Hari Beruntun,TP: 135 | CL: 119,Normal,Tidak Ideal (< 1:1),7,BELI,TIDAK ADA,2026-07-27 11:57:55
HAIS,Small Cap (Lapis 3),Undervalued (Murah),8.478919,0.6108572,182.0,178,165,188,-1.0869565217391304,135300,Normal,54,Negatif,Uptrend,Bullish,Strong Bullish,Normal,Akumulasi (Naik),Normal,Seimbang / Adu Mekanik,Normal,Sedang,Normal,Rawan Pucuk (High Risk),< 1 Miliar,Persis di VWAP,Akumulasi Pro (Smart Money),Gorengan Sepi (< 5M),Sepi (< 50%),Mark-Up (Fase Pesta),Normal,Normal,Turun 1 Hari Beruntun,TP: 191 | CL: 175,Normal,Tidak Ideal (< 1:1),5,WAIT & SEE,TIDAK ADA,2026-07-27 11:57:55
HDFA,Small Cap (Lapis 3),Fair Value (Wajar),0.0,1.1682087,88.0,88,83,107,0.0,1074100,Normal,48,Negatif,Downtrend,Bullish,Bullish MACD,Normal,Distribusi (Turun),Normal,Seimbang / Adu Mekanik,Squeeze,Rendah,Doji (Ragu-ragu),Area Tengah,< 1 Miliar,Di Bawah VWAP (Lemah),Distribusi Pro (Guyuran),Gorengan Sepi (< 5M),Normal (50-150%),Mark-Down (Fase Runtuh),Spesialis Tiang Jemuran (Banting Pucuk),Normal,Sideways / Stagnan,TP: 96 | CL: 82,Normal,Sangat Menarik (> 1:3),2,WAIT & SEE,TIDAK ADA,2026-07-27 11:57:55
HDIT,Small Cap (Lapis 3),Fair Value (Wajar),0.0,0.33040503,51.0,50,50,57,0.0,3852700,Normal,50,Negatif,Uptrend,Bullish,Bullish MACD,Normal,Akumulasi (Naik),Normal,Dominan Beli (Hajar Kanan),Squeeze,Rendah,Doji (Ragu-ragu),Dekat Support (Low Risk),< 1 Miliar,Di Bawah VWAP (Lemah),Distribusi Pro (Guyuran),Gorengan Sepi (< 5M),Sepi (< 50%),Accumulation (Kumpul Barang),Spesialis Tiang Jemuran (Banting Pucuk),Jarum Bawah (Sinyal Pantulan Kuat),Sideways / Stagnan,TP: 53 | CL: 49,Normal,Sangat Menarik (> 1:3),5,WAIT & SEE,TIDAK ADA,2026-07-27 11:57:55
HELI,Small Cap (Lapis 3),Fair Value (Wajar),6.3322883,1.8551002,202.0,181,166,240,12.222222222222221,13130500,Tembus MA20,70,Positif,Uptrend,Golden Cross,Strong Bullish,Akumulasi Kuat,Akumulasi (Naik),Gap Up (+5.0%),Dominan Jual (Guyur),Breakout Upper,Sedang,Normal,Rawan Pucuk (High Risk),> 1 Miliar,Persis di VWAP,Distribusi Pro (Guyuran),Gorengan Sepi (< 5M),Ledakan Ekstrem (> 300%),Mark-Up (Fase Pesta),Normal,Normal,Naik 1 Hari Beruntun,TP: 217 | CL: 191,Normal,Menengah (1:1),9,BELI,TIDAK ADA,2026-07-27 11:57:56
HERO,Mid Cap (Lapis 2),Fair Value (Wajar),19.566425,0.8435098,352.0,327,290,368,1.1494252873563218,14100,Normal,62,Positif,Uptrend,Bullish,Strong Bullish,Normal,Akumulasi (Naik),Normal,Dominan Beli (Hajar Kanan),Normal,Tinggi,Marubozu (Strong Bullish),Rawan Pucuk (High Risk),< 1 Miliar,Di Atas VWAP (Kuat),Akumulasi Pro (Smart Money),Gorengan Sepi (< 5M),Sepi (< 50%),Accumulation (Kumpul Barang),Normal,Normal,Naik 1 Hari Beruntun,TP: 373 | CL: 337,Open = Low (Bullish Kuat),Tidak Ideal (< 1:1),7,BELI,TIDAK ADA,2026-07-27 11:57:56
HEXA,Mid Cap (Lapis 2),Overvalued (Mahal),13.21547,22959.184,4500.0,4403,4010,4590,-0.22172949002217296,53500,Normal,57,Negatif,Uptrend,Bullish,Strong Bullish,Normal,Distribusi (Turun),Normal,Dominan Jual (Guyur),Normal,Sedang,Normal,Rawan Pucuk (High Risk),< 1 Miliar,Persis di VWAP,Distribusi Pro (Guyuran),Gorengan Sepi (< 5M),Sepi (< 50%),Mark-Up (Fase Pesta),Normal,Normal,Turun 2 Hari Beruntun,TP: 4572 | CL: 4451,Open = High (Tekanan Jual),Tidak Ideal (< 1:1),4,WAIT & SEE,TIDAK ADA,2026-07-27 11:57:56
HGII,Small Cap (Lapis 3),Fair Value (Wajar),0.0,1.0444089,121.0,122,119,135,-0.819672131147541,102800,Normal,43,Negatif,Downtrend,Bearish,Bullish MACD,Normal,Distribusi (Turun),Normal,Seimbang / Adu Mekanik,Squeeze,Rendah,Doji (Ragu-ragu),Dekat Support (Low Risk),< 1 Miliar,Persis di VWAP,Distribusi Pro (Guyuran),Gorengan Sepi (< 5M),Sepi (< 50%),Mark-Down (Fase Runtuh),Spesialis Tiang Jemuran (Banting Pucuk),Normal,Turun 1 Hari Beruntun,TP: 125 | CL: 118,Normal,Sangat Menarik (> 1:3),1,WAIT & SEE,TIDAK ADA,2026-07-27 11:57:56
HILL,Small Cap (Lapis 3),Fair Value (Wajar),0.0,1.8054614,16.0,16,16,17,0.0,0,Normal,45,Negatif,Downtrend,Bearish,Bullish MACD,Normal,Netral,Normal,Tidak Ada Transaksi,Squeeze,Rendah,Doji (Ragu-ragu),Dekat Support (Low Risk),< 1 Miliar,Di Atas VWAP (Kuat),Netral,Gorengan Sepi (< 5M),Normal (50-150%),Sideways,Normal,Normal,Sideways / Stagnan,TP: 17 | CL: 15,Normal,Di Area Support,1,WAIT & SEE,TIDAK ADA,2026-07-27 11:57:56
HITS,Small Cap (Lapis 3),Overvalued (Mahal),24.21712,12888.89,116.0,116,116,116,0.0,0,Normal,0,Negatif,Downtrend,Bearish,Bearish MACD,Normal,Netral,Normal,Tidak Ada Transaksi,Squeeze,Rendah,Doji (Ragu-ragu),Dekat Support (Low Risk),< 1 Miliar,Di Atas VWAP (Kuat),Netral,Gorengan Sepi (< 5M),Normal (50-150%),Sideways,Solid (Jarang Dibanting),Normal,Sideways / Stagnan,TP: 117 | CL: 115,Normal,Di Area Support,0,WAIT & SEE,TIDAK ADA,2026-07-27 11:57:56
HRME,Small Cap (Lapis 3),Fair Value (Wajar),0.0,0.49847686,45.0,44,40,53,0.0,759600,Normal,51,Negatif,Uptrend,Bullish,Bullish MACD,Normal,Distribusi (Turun),Normal,Tidak Ada Transaksi,Normal,Tinggi,Doji (Ragu-ragu),Rawan Pucuk (High Risk),< 1 Miliar,Di Atas VWAP (Kuat),Distribusi Pro (Guyuran),Gorengan Sepi (< 5M),Sepi (< 50%),Accumulation (Kumpul Barang),Normal,Normal,Sideways / Stagnan,TP: 49 | CL: 42,Normal,Ideal (1:2),4,WAIT & SEE,TIDAK ADA,2026-07-27 11:57:57
HYGN,Small Cap (Lapis 3),Fair Value (Wajar),0.0,2.3429148,160.0,149,128,173,0.0,401200,Normal,68,Negatif,Uptrend,Bullish,Strong Bullish,Normal,Akumulasi (Naik),Normal,Seimbang / Adu Mekanik,Normal,Tinggi,Normal,Rawan Pucuk (High Risk),< 1 Miliar,Persis di VWAP,Akumulasi Pro (Smart Money),Gorengan Sepi (< 5M),Normal (50-150%),Mark-Up (Fase Pesta),Normal,Normal,Sideways / Stagnan,TP: 170 | CL: 153,Normal,Tidak Ideal (< 1:1),5,WAIT & SEE,TIDAK ADA,2026-07-27 11:57:57
IBFN,Small Cap (Lapis 3),Fair Value (Wajar),0.0,-0.122919396,63.0,63,62,74,0.0,0,Normal,45,Negatif,Downtrend,Bearish,Bullish MACD,Normal,Netral,Normal,Tidak Ada Transaksi,Squeeze,Rendah,Doji (Ragu-ragu),Dekat Support (Low Risk),< 1 Miliar,Di Atas VWAP (Kuat),Netral,Gorengan Sepi (< 5M),Normal (50-150%),Mark-Down (Fase Runtuh),Solid (Jarang Dibanting),Normal,Sideways / Stagnan,TP: 64 | CL: 62,Normal,Sangat Menarik (> 1:3),1,WAIT & SEE,TIDAK ADA,2026-07-27 11:57:57
IBST,Big Cap (Lapis 1),Overvalued (Mahal),29.15477,4.3611565,8475.0,8475,8475,8475,0.0,0,Normal,0,Negatif,Downtrend,Bearish,Bearish MACD,Normal,Netral,Normal,Tidak Ada Transaksi,Squeeze,Rendah,Doji (Ragu-ragu),Dekat Support (Low Risk),< 1 Miliar,Di Atas VWAP (Kuat),Netral,Gorengan Sepi (< 5M),Normal (50-150%),Sideways,Solid (Jarang Dibanting),Normal,Sideways / Stagnan,TP: 8476 | CL: 8474,Normal,Di Area Support,0,WAIT & SEE,TIDAK ADA,2026-07-27 11:57:57
IDPR,Small Cap (Lapis 3),Fair Value (Wajar),19.705093,0.85082495,294.0,299,288,308,-0.6756756756756757,1600,Normal,45,Negatif,Downtrend,Bearish,Bearish MACD,Normal,Distribusi (Turun),Normal,Dominan Jual (Guyur),Squeeze,Rendah,Normal,Dekat Support (Low Risk),< 1 Miliar,Di Bawah VWAP (Lemah),Akumulasi Pro (Smart Money),Gorengan Sepi (< 5M),Sepi (< 50%),Distribution (Fase Jualan),Spesialis Tiang Jemuran (Banting Pucuk),Normal,Turun 2 Hari Beruntun,TP: 303 | CL: 287,Open = High (Tekanan Jual),Ideal (1:2),0,WAIT & SEE,TIDAK ADA,2026-07-27 11:57:57
IFII,Mid Cap (Lapis 2),Undervalued (Murah),13.366646,1.4086361,214.0,212,202,220,-0.9259259259259258,8300,Normal,49,Negatif,Uptrend,Bullish,Bullish MACD,Normal,Akumulasi (Naik),Normal,Seimbang / Adu Mekanik,Squeeze,Rendah,Normal,Area Tengah,< 1 Miliar,Persis di VWAP,Akumulasi Pro (Smart Money),Gorengan Sepi (< 5M),Sepi (< 50%),Accumulation (Kumpul Barang),Normal,Normal,Turun 1 Hari Beruntun,TP: 221 | CL: 209,Open = High (Tekanan Jual),Tidak Ideal (< 1:1),4,WAIT & SEE,TIDAK ADA,2026-07-27 11:57:57
IFSH,Mid Cap (Lapis 2),Overvalued (Mahal),38.910507,2.7315252,1200.0,1200,1010,1465,0.0,300,Normal,47,Negatif,Downtrend,Bearish,Bullish MACD,Normal,Distribusi (Turun),Normal,Tidak Ada Transaksi,Normal,Tinggi,Doji (Ragu-ragu),Rawan Pucuk (High Risk),< 1 Miliar,Di Atas VWAP (Kuat),Akumulasi Pro (Smart Money),Gorengan Sepi (< 5M),Sepi (< 50%),Sideways,Normal,Normal,Sideways / Stagnan,TP: 1287 | CL: 1141,Normal,Menengah (1:1),1,WAIT & SEE,TIDAK ADA,2026-07-27 11:57:58
IGAR,Small Cap (Lapis 3),Undervalued (Murah),6.971391,0.5683516,424.0,413,398,444,1.4354066985645932,4300,Normal,55,Positif,Uptrend,Bullish,Strong Bullish,Normal,Distribusi (Turun),Normal,Seimbang / Adu Mekanik,Normal,Sedang,Normal,Area Tengah,< 1 Miliar,Persis di VWAP,Distribusi Pro (Guyuran),Gorengan Sepi (< 5M),Sepi (< 50%),Accumulation (Kumpul Barang),Spesialis Tiang Jemuran (Banting Pucuk),Normal,Naik 1 Hari Beruntun,TP: 446 | CL: 409,Open = Low (Bullish Kuat),Tidak Ideal (< 1:1),5,WAIT & SEE,TIDAK ADA,2026-07-27 11:57:58
IKBI,Small Cap (Lapis 3),Overvalued (Mahal),4.510785,7857.143,550.0,547,505,595,2.803738317757009,21400,Normal,53,Positif,Uptrend,Bullish,Bearish MACD,Normal,Distribusi (Turun),Normal,Dominan Beli (Hajar Kanan),Normal,Tinggi,Normal,Area Tengah,< 1 Miliar,Di Bawah VWAP (Lemah),Akumulasi Pro (Smart Money),Gorengan Sepi (< 5M),Sepi (< 50%),Mark-Up (Fase Pesta),Normal,Normal,Naik 1 Hari Beruntun,TP: 576 | CL: 532,Normal,Menengah (1:1),5,WAIT & SEE,TIDAK ADA,2026-07-27 11:57:58
IMAS,Mid Cap (Lapis 2),Overvalued (Mahal),26.821705,0.25167897,865.0,820,751,890,0.5813953488372093,12200,Normal,57,Positif,Uptrend,Bullish,Strong Bullish,Normal,Akumulasi (Naik),Normal,Dominan Beli (Hajar Kanan),Normal,Tinggi,Normal,Rawan Pucuk (High Risk),< 1 Miliar,Persis di VWAP,Akumulasi Pro (Smart Money),Gorengan Sepi (< 5M),Sepi (< 50%),Accumulation (Kumpul Barang),Spesialis Tiang Jemuran (Banting Pucuk),Normal,Naik 1 Hari Beruntun,TP: 907 | CL: 836,Normal,Tidak Ideal (< 1:1),7,BELI,TIDAK ADA,2026-07-27 11:57:58
INAF,Small Cap (Lapis 3),Fair Value (Wajar),0.0,-0.54652864,126.0,126,126,126,0.0,0,Normal,0,Negatif,Downtrend,Bearish,Bearish MACD,Normal,Netral,Normal,Tidak Ada Transaksi,Squeeze,Rendah,Doji (Ragu-ragu),Dekat Support (Low Risk),< 1 Miliar,Di Atas VWAP (Kuat),Netral,Gorengan Sepi (< 5M),Normal (50-150%),Sideways,Solid (Jarang Dibanting),Normal,Sideways / Stagnan,TP: 127 | CL: 125,Normal,Di Area Support,0,WAIT & SEE,TIDAK ADA,2026-07-27 11:57:58
INAI,Small Cap (Lapis 3),Fair Value (Wajar),0.0,1.4664603,163.0,147,123,179,0.0,646200,Normal,61,Negatif,Uptrend,Bullish,Strong Bullish,Normal,Distribusi (Turun),Normal,Seimbang / Adu Mekanik,Normal,Tinggi,Doji (Ragu-ragu),Rawan Pucuk (High Risk),< 1 Miliar,Persis di VWAP,Distribusi Pro (Guyuran),Gorengan Sepi (< 5M),Sepi (< 50%),Accumulation (Kumpul Barang),Spesialis Tiang Jemuran (Banting Pucuk),Normal,Sideways / Stagnan,TP: 181 | CL: 150,Normal,Tidak Ideal (< 1:1),4,WAIT & SEE,TIDAK ADA,2026-07-27 11:57:58
INCF,Small Cap (Lapis 3),Fair Value (Wajar),0.0,0.56667495,50.0,50,50,50,0.0,0,Normal,20,Negatif,Downtrend,Bearish,Bullish MACD,Normal,Netral,Normal,Tidak Ada Transaksi,Squeeze,Rendah,Doji (Ragu-ragu),Dekat Support (Low Risk),< 1 Miliar,Di Atas VWAP (Kuat),Netral,Gorengan Sepi (< 5M),Normal (50-150%),Sideways,Solid (Jarang Dibanting),Normal,Sideways / Stagnan,TP: 51 | CL: 49,Normal,Di Area Support,1,WAIT & SEE,TIDAK ADA,2026-07-27 11:57:59
INCI,Small Cap (Lapis 3),Undervalued (Murah),7.782702,0.28103554,655.0,649,605,690,0.0,112500,Tembus MA20,51,Negatif,Uptrend,Bullish,Strong Bullish,Normal,Distribusi (Turun),Normal,Seimbang / Adu Mekanik,Squeeze,Rendah,Doji (Ragu-ragu),Area Tengah,< 1 Miliar,Persis di VWAP,Akumulasi Pro (Smart Money),Gorengan Sepi (< 5M),Ledakan Ekstrem (> 300%),Accumulation (Kumpul Barang),Normal,Jarum Bawah (Sinyal Pantulan Kuat),Sideways / Stagnan,TP: 687 | CL: 633,Normal,Tidak Ideal (< 1:1),5,WAIT & SEE,TIDAK ADA,2026-07-27 11:57:59
INDR,Mid Cap (Lapis 2),Overvalued (Mahal),0.0,3475.1772,1960.0,2003,1905,2320,-2.0,900,Normal,45,Negatif,Downtrend,Bearish,Bullish MACD,Normal,Akumulasi (Naik),Gap Down (-2.0%),Dominan Jual (Guyur),Normal,Sedang,Doji (Ragu-ragu),Dekat Support (Low Risk),< 1 Miliar,Di Bawah VWAP (Lemah),Distribusi Pro (Guyuran),Gorengan Sepi (< 5M),Sepi (< 50%),Mark-Down (Fase Runtuh),Spesialis Tiang Jemuran (Banting Pucuk),Normal,Turun 2 Hari Beruntun,TP: 2108 | CL: 1860,Normal,Sangat Menarik (> 1:3),2,WAIT & SEE,TIDAK ADA,2026-07-27 11:57:59
INDX,Small Cap (Lapis 3),Overvalued (Mahal),769.2308,1.1392765,60.0,60,58,60,0.0,0,Normal,31,Negatif,Downtrend,Bearish,Bullish MACD,Normal,Netral,Normal,Tidak Ada Transaksi,Squeeze,Rendah,Doji (Ragu-ragu),Area Tengah,< 1 Miliar,Di Atas VWAP (Kuat),Netral,Gorengan Sepi (< 5M),Normal (50-150%),Sideways,Solid (Jarang Dibanting),Normal,Sideways / Stagnan,TP: 61 | CL: 59,Normal,Tidak Ideal (< 1:1),1,WAIT & SEE,TIDAK ADA,2026-07-27 11:57:59
INOV,Small Cap (Lapis 3),Undervalued (Murah),7.056669,0.6959386,131.0,124,107,149,0.0,247100,Normal,57,Negatif,Uptrend,Bullish,Strong Bullish,Normal,Akumulasi (Naik),Normal,Seimbang / Adu Mekanik,Normal,Tinggi,Doji (Ragu-ragu),Rawan Pucuk (High Risk),< 1 Miliar,Di Bawah VWAP (Lemah),Distribusi Pro (Guyuran),Gorengan Sepi (< 5M),Sepi (< 50%),Mark-Up (Fase Pesta),Spesialis Tiang Jemuran (Banting Pucuk),Normal,Sideways / Stagnan,TP: 143 | CL: 122,Normal,Tidak Ideal (< 1:1),5,WAIT & SEE,TIDAK ADA,2026-07-27 11:57:59
INPP,Mid Cap (Lapis 2),Overvalued (Mahal),116.86144,1.3768388,700.0,697,625,750,-0.7092198581560284,202900,Normal,44,Negatif,Uptrend,Bullish,Bullish MACD,Normal,Distribusi (Turun),Normal,Dominan Beli (Hajar Kanan),Normal,Sedang,Normal,Rawan Pucuk (High Risk),< 1 Miliar,Persis di VWAP,Akumulasi Pro (Smart Money),Gorengan Sepi (< 5M),Sepi (< 50%),Accumulation (Kumpul Barang),Solid (Jarang Dibanting),Normal,Turun 2 Hari Beruntun,TP: 739 | CL: 673,Normal,Tidak Ideal (< 1:1),4,WAIT & SEE,TIDAK ADA,2026-07-27 11:57:59
INPS,Small Cap (Lapis 3),Fair Value (Wajar),0.0,-7.825287,655.0,625,530,720,0.7692307692307693,16900,Normal,52,Positif,Uptrend,Bullish,Strong Bullish,Normal,Akumulasi (Naik),Normal,Tidak Ada Transaksi,Normal,Tinggi,Doji (Ragu-ragu),Rawan Pucuk (High Risk),< 1 Miliar,Di Bawah VWAP (Lemah),Akumulasi Pro (Smart Money),Gorengan Sepi (< 5M),Sepi (< 50%),Accumulation (Kumpul Barang),Normal,Normal,Naik 1 Hari Beruntun,TP: 712 | CL: 616,Normal,Tidak Ideal (< 1:1),6,WAIT & SEE,TIDAK ADA,2026-07-27 11:58:00
IPCC,Mid Cap (Lapis 2),Undervalued (Murah),8.06622,1.4728582,1145.0,1187,1085,1250,-4.979253112033195,1181200,Tembus MA20,42,Negatif,Downtrend,Bullish,Bearish MACD,Normal,Distribusi (Turun),Gap Down (-4.6%),Dominan Beli (Hajar Kanan),Normal,Tinggi,Hammer (Potensi Reversal),Area Tengah,> 1 Miliar,Di Bawah VWAP (Lemah),Akumulasi Pro (Smart Money),Gorengan Sepi (< 5M),Anomali Tinggi (150-300%),Distribution (Fase Jualan),Normal,Jarum Bawah (Sinyal Pantulan Kuat),Turun 4 Hari Beruntun,TP: 1191 | CL: 1114,Open = High (Tekanan Jual),Ideal (1:2),3,WAIT & SEE,TIDAK ADA,2026-07-27 11:58:00
IPPE,Small Cap (Lapis 3),Fair Value (Wajar),16.548464,0.22426194,14.0,14,14,14,0.0,0,Normal,0,Negatif,Downtrend,Bearish,Bearish MACD,Normal,Netral,Normal,Tidak Ada Transaksi,Squeeze,Rendah,Doji (Ragu-ragu),Dekat Support (Low Risk),< 1 Miliar,Di Atas VWAP (Kuat),Netral,Gorengan Sepi (< 5M),Normal (50-150%),Sideways,Solid (Jarang Dibanting),Normal,Sideways / Stagnan,TP: 15 | CL: 13,Normal,Di Area Support,0,WAIT & SEE,TIDAK ADA,2026-07-27 11:58:00
ISSP,Mid Cap (Lapis 2),Undervalued (Murah),5.3851304,0.49295214,402.0,393,372,418,0.0,89900,Normal,56,Negatif,Uptrend,Bullish,Strong Bullish,Normal,Distribusi (Turun),Normal,Dominan Jual (Guyur),Normal,Sedang,Normal,Area Tengah,< 1 Miliar,Persis di VWAP,Akumulasi Pro (Smart Money),Gorengan Sepi (< 5M),Sepi (< 50%),Mark-Up (Fase Pesta),Normal,Normal,Sideways / Stagnan,TP: 414 | CL: 393,Open = High (Tekanan Jual),Tidak Ideal (< 1:1),4,WAIT & SEE,TIDAK ADA,2026-07-27 11:58:01
ITIC,Small Cap (Lapis 3),Undervalued (Murah),9.682075,0.41194808,208.0,201,189,220,-0.9523809523809524,92700,Normal,52,Negatif,Uptrend,Bullish,Strong Bullish,Normal,Distribusi (Turun),Normal,Dominan Jual (Guyur),Normal,Sedang,Doji (Ragu-ragu),Rawan Pucuk (High Risk),< 1 Miliar,Di Bawah VWAP (Lemah),Akumulasi Pro (Smart Money),Gorengan Sepi (< 5M),Sepi (< 50%),Accumulation (Kumpul Barang),Spesialis Tiang Jemuran (Banting Pucuk),Normal,Turun 2 Hari Beruntun,TP: 220 | CL: 199,Normal,Tidak Ideal (< 1:1),4,WAIT & SEE,TIDAK ADA,2026-07-27 11:58:01
ITMA,Mid Cap (Lapis 2),Overvalued (Mahal),33.906513,6451.6133,1400.0,1356,1265,1500,0.35842293906810035,17600,Normal,49,Positif,Uptrend,Bullish,Bullish MACD,Normal,Akumulasi (Naik),Normal,Dominan Beli (Hajar Kanan),Normal,Sedang,Marubozu (Strong Bullish),Rawan Pucuk (High Risk),< 1 Miliar,Persis di VWAP,Distribusi Pro (Guyuran),Gorengan Sepi (< 5M),Sepi (< 50%),Accumulation (Kumpul Barang),Spesialis Tiang Jemuran (Banting Pucuk),Normal,Naik 1 Hari Beruntun,TP: 1477 | CL: 1348,Open = Low (Bullish Kuat),Tidak Ideal (< 1:1),6,WAIT & SEE,TIDAK ADA,2026-07-27 11:58:01
JAWA,Mid Cap (Lapis 2),Fair Value (Wajar),0.0,1.4817172,121.0,115,105,134,0.8333333333333334,73200,Normal,53,Positif,Uptrend,Bullish,Bullish MACD,Normal,Akumulasi (Naik),Normal,Seimbang / Adu Mekanik,Normal,Tinggi,Normal,Rawan Pucuk (High Risk),< 1 Miliar,Di Bawah VWAP (Lemah),Distribusi Pro (Guyuran),Gorengan Sepi (< 5M),Sepi (< 50%),Accumulation (Kumpul Barang),Spesialis Tiang Jemuran (Banting Pucuk),Normal,Naik 1 Hari Beruntun,TP: 128 | CL: 115,Open = Low (Bullish Kuat),Tidak Ideal (< 1:1),6,WAIT & SEE,TIDAK ADA,2026-07-27 11:58:01
JAYA,Small Cap (Lapis 3),Fair Value (Wajar),15.4222765,0.78605556,126.0,122,113,137,1.6129032258064515,175400,Normal,55,Positif,Uptrend,Bullish,Strong Bullish,Normal,Akumulasi (Naik),Normal,Seimbang / Adu Mekanik,Normal,Sedang,Doji (Ragu-ragu),Rawan Pucuk (High Risk),< 1 Miliar,Persis di VWAP,Distribusi Pro (Guyuran),Gorengan Sepi (< 5M),Sepi (< 50%),Accumulation (Kumpul Barang),Spesialis Tiang Jemuran (Banting Pucuk),Normal,Naik 1 Hari Beruntun,TP: 132 | CL: 121,Normal,Tidak Ideal (< 1:1),6,WAIT & SEE,TIDAK ADA,2026-07-27 11:58:01
JECC,Small Cap (Lapis 3),Undervalued (Murah),6.9791193,0.51611674,615.0,636,603,790,-1.6,23900,Normal,45,Negatif,Downtrend,Bearish,Strong Bearish,Normal,Distribusi (Turun),Normal,Dominan Jual (Guyur),Squeeze,Rendah,Normal,Dekat Support (Low Risk),< 1 Miliar,Di Bawah VWAP (Lemah),Distribusi Pro (Guyuran),Gorengan Sepi (< 5M),Normal (50-150%),Distribution (Fase Jualan),Spesialis Tiang Jemuran (Banting Pucuk),Normal,Turun 3 Hari Beruntun,TP: 654 | CL: 588,Open = High (Tekanan Jual),Sangat Menarik (> 1:3),0,WAIT & SEE,TIDAK ADA,2026-07-27 11:58:02
JMAS,Small Cap (Lapis 3),Overvalued (Mahal),178.125,1.8114791,228.0,228,228,236,0.0,0,Normal,39,Negatif,Downtrend,Bearish,Bullish MACD,Normal,Netral,Normal,Tidak Ada Transaksi,Squeeze,Rendah,Doji (Ragu-ragu),Dekat Support (Low Risk),< 1 Miliar,Di Atas VWAP (Kuat),Netral,Gorengan Sepi (< 5M),Normal (50-150%),Sideways,Normal,Normal,Sideways / Stagnan,TP: 229 | CL: 227,Normal,Di Area Support,1,WAIT & SEE,TIDAK ADA,2026-07-27 11:58:02
JRPT,Big Cap (Lapis 1),Undervalued (Murah),10.288066,1.2563945,1075.0,1078,1060,1080,0.0,70200,Normal,47,Negatif,Downtrend,Bearish,Bearish MACD,Normal,Netral,Normal,Dominan Jual (Guyur),Squeeze,Rendah,Normal,Dekat Support (Low Risk),< 1 Miliar,Persis di VWAP,Akumulasi Pro (Smart Money),Gorengan Sepi (< 5M),Sepi (< 50%),Distribution (Fase Jualan),Solid (Jarang Dibanting),Normal,Sideways / Stagnan,TP: 1087 | CL: 1066,Open = High (Tekanan Jual),Tidak Ideal (< 1:1),0,WAIT & SEE,TIDAK ADA,2026-07-27 11:58:02
JSPT,Mid Cap (Lapis 2),Undervalued (Murah),8.59494,1.2769923,1410.0,1379,1225,1460,1.0752688172043012,6400,Normal,56,Positif,Uptrend,Bullish,Bearish MACD,Normal,Distribusi (Turun),Normal,Dominan Beli (Hajar Kanan),Normal,Sedang,Marubozu (Strong Bullish),Rawan Pucuk (High Risk),< 1 Miliar,Persis di VWAP,Akumulasi Pro (Smart Money),Gorengan Sepi (< 5M),Normal (50-150%),Mark-Up (Fase Pesta),Normal,Normal,Naik 1 Hari Beruntun,TP: 1498 | CL: 1350,Open = Low (Bullish Kuat),Tidak Ideal (< 1:1),5,WAIT & SEE,TIDAK ADA,2026-07-27 11:58:02
JTPE,Mid Cap (Lapis 2),Overvalued (Mahal),12.849979,3.0113697,615.0,606,585,615,1.6528925619834711,1850700,Normal,56,Positif,Uptrend,Bullish,Strong Bullish,Normal,Akumulasi (Naik),Normal,Dominan Beli (Hajar Kanan),Squeeze,Rendah,Normal,Area Tengah,> 1 Miliar,Di Atas VWAP (Kuat),Akumulasi Pro (Smart Money),Gorengan Sepi (< 5M),Normal (50-150%),Mark-Up (Fase Pesta),Normal,Normal,Naik 1 Hari Beruntun,TP: 640 | CL: 598,Normal,Tidak Ideal (< 1:1),7,BELI,TIDAK ADA,2026-07-27 11:58:03
KAEF,Mid Cap (Lapis 2),Fair Value (Wajar),0.0,0.853759,454.0,449,400,510,0.4424778761061947,105300,Normal,49,Positif,Uptrend,Bullish,Bullish MACD,Normal,Distribusi (Turun),Normal,Dominan Beli (Hajar Kanan),Normal,Sedang,Normal,Rawan Pucuk (High Risk),< 1 Miliar,Persis di VWAP,Akumulasi Pro (Smart Money),Gorengan Sepi (< 5M),Sepi (< 50%),Accumulation (Kumpul Barang),Spesialis Tiang Jemuran (Banting Pucuk),Normal,Naik 1 Hari Beruntun,TP: 475 | CL: 440,Normal,Menengah (1:1),5,WAIT & SEE,TIDAK ADA,2026-07-27 11:58:03
KARW,Small Cap (Lapis 3),Overvalued (Mahal),238.20226,-4000.0,212.0,212,212,222,0.0,0,Normal,30,Negatif,Downtrend,Bearish,Bullish MACD,Normal,Netral,Normal,Tidak Ada Transaksi,Squeeze,Rendah,Doji (Ragu-ragu),Dekat Support (Low Risk),< 1 Miliar,Di Atas VWAP (Kuat),Netral,Gorengan Sepi (< 5M),Normal (50-150%),Sideways,Normal,Normal,Sideways / Stagnan,TP: 213 | CL: 211,Normal,Di Area Support,1,WAIT & SEE,TIDAK ADA,2026-07-27 11:58:03
KAYU,Small Cap (Lapis 3),Overvalued (Mahal),86.1244,0.14753978,18.0,18,18,18,0.0,0,Normal,0,Negatif,Downtrend,Bearish,Bearish MACD,Normal,Netral,Normal,Tidak Ada Transaksi,Squeeze,Rendah,Doji (Ragu-ragu),Dekat Support (Low Risk),< 1 Miliar,Di Atas VWAP (Kuat),Netral,Gorengan Sepi (< 5M),Normal (50-150%),Sideways,Solid (Jarang Dibanting),Normal,Sideways / Stagnan,TP: 19 | CL: 17,Normal,Di Area Support,0,WAIT & SEE,TIDAK ADA,2026-07-27 11:58:03
KDSI,Small Cap (Lapis 3),Undervalued (Murah),2.442234,0.88547456,438.0,440,424,452,-1.7937219730941705,2500,Normal,46,Negatif,Downtrend,Bullish,Strong Bullish,Normal,Akumulasi (Naik),Normal,Tidak Ada Transaksi,Squeeze,Rendah,Doji (Ragu-ragu),Area Tengah,< 1 Miliar,Di Bawah VWAP (Lemah),Akumulasi Pro (Smart Money),Gorengan Sepi (< 5M),Sepi (< 50%),Mark-Down (Fase Runtuh),Normal,Normal,Turun 1 Hari Beruntun,TP: 450 | CL: 429,Normal,Menengah (1:1),3,WAIT & SEE,TIDAK ADA,2026-07-27 11:58:03
KEJU,Mid Cap (Lapis 2),Overvalued (Mahal),16.922594,3.3801124,540.0,546,530,570,0.0,6300,Normal,42,Negatif,Downtrend,Death Cross,Bullish MACD,Normal,Distribusi (Turun),Normal,Dominan Beli (Hajar Kanan),Squeeze,Rendah,Marubozu (Strong Bullish),Dekat Support (Low Risk),< 1 Miliar,Di Bawah VWAP (Lemah),Akumulasi Pro (Smart Money),Gorengan Sepi (< 5M),Sepi (< 50%),Mark-Down (Fase Runtuh),Normal,Normal,Sideways / Stagnan,TP: 559 | CL: 527,Open = Low (Bullish Kuat),Sangat Menarik (> 1:3),2,WAIT & SEE,TIDAK ADA,2026-07-27 11:58:04
KIAS,Small Cap (Lapis 3),Fair Value (Wajar),0.0,0.44341215,21.0,21,21,21,0.0,0,Normal,0,Negatif,Downtrend,Bearish,Bearish MACD,Normal,Netral,Normal,Tidak Ada Transaksi,Squeeze,Rendah,Doji (Ragu-ragu),Dekat Support (Low Risk),< 1 Miliar,Di Atas VWAP (Kuat),Netral,Gorengan Sepi (< 5M),Normal (50-150%),Sideways,Solid (Jarang Dibanting),Normal,Sideways / Stagnan,TP: 22 | CL: 20,Normal,Di Area Support,0,WAIT & SEE,TIDAK ADA,2026-07-27 11:58:04
KING,Small Cap (Lapis 3),Overvalued (Mahal),0.0,10.35447,274.0,303,270,346,-1.4388489208633095,141300,Normal,20,Negatif,Downtrend,Bearish,Bullish MACD,Normal,Distribusi (Turun),Normal,Dominan Jual (Guyur),Normal,Tinggi,Normal,Dekat Support (Low Risk),< 1 Miliar,Di Bawah VWAP (Lemah),Distribusi Pro (Guyuran),Gorengan Sepi (< 5M),Sepi (< 50%),Mark-Down (Fase Runtuh),Spesialis Tiang Jemuran (Banting Pucuk),Normal,Turun 7 Hari Beruntun,TP: 292 | CL: 261,Normal,Sangat Menarik (> 1:3),1,WAIT & SEE,TIDAK ADA,2026-07-27 11:58:04
KINO,Mid Cap (Lapis 2),Undervalued (Murah),11.904762,0.90942997,1190.0,1149,1090,1210,0.0,800,Normal,62,Negatif,Uptrend,Bullish,Strong Bullish,Normal,Akumulasi (Naik),Normal,Dominan Beli (Hajar Kanan),Normal,Sedang,Normal,Area Tengah,< 1 Miliar,Persis di VWAP,Akumulasi Pro (Smart Money),Gorengan Sepi (< 5M),Sepi (< 50%),Mark-Up (Fase Pesta),Spesialis Tiang Jemuran (Banting Pucuk),Normal,Sideways / Stagnan,TP: 1237 | CL: 1158,Normal,Tidak Ideal (< 1:1),6,WAIT & SEE,TIDAK ADA,2026-07-27 11:58:04
KMDS,Small Cap (Lapis 3),Fair Value (Wajar),5.922936,1.5990808,540.0,536,510,560,-0.9174311926605505,10500,Normal,51,Negatif,Uptrend,Bullish,Strong Bullish,Normal,Distribusi (Turun),Normal,Dominan Jual (Guyur),Squeeze,Rendah,Doji (Ragu-ragu),Area Tengah,< 1 Miliar,Di Bawah VWAP (Lemah),Akumulasi Pro (Smart Money),Gorengan Sepi (< 5M),Sepi (< 50%),Mark-Up (Fase Pesta),Normal,Normal,Turun 1 Hari Beruntun,TP: 564 | CL: 523,Normal,Tidak Ideal (< 1:1),4,WAIT & SEE,TIDAK ADA,2026-07-27 11:58:04
KONI,Small Cap (Lapis 3),Overvalued (Mahal),36.68603,4.207596,2400.0,2605,2320,3340,-2.0408163265306123,20600,Normal,44,Negatif,Downtrend,Bearish,Strong Bearish,Normal,Distribusi (Turun),Normal,Dominan Jual (Guyur),Normal,Tinggi,Normal,Area Tengah,< 1 Miliar,Di Bawah VWAP (Lemah),Distribusi Pro (Guyuran),Gorengan Sepi (< 5M),Sepi (< 50%),Mark-Down (Fase Runtuh),Normal,Normal,Turun 1 Hari Beruntun,TP: 2790 | CL: 2140,Open = High (Tekanan Jual),Sangat Menarik (> 1:3),0,WAIT & SEE,TIDAK ADA,2026-07-27 11:58:05
KSIX,Small Cap (Lapis 3),Fair Value (Wajar),0.0,0.5129303,302.0,295,256,360,6.338028169014084,8100,Normal,49,Positif,Uptrend,Bearish,Bullish MACD,Normal,Akumulasi (Naik),Normal,Dominan Beli (Hajar Kanan),Normal,Tinggi,Normal,Rawan Pucuk (High Risk),< 1 Miliar,Di Atas VWAP (Kuat),Distribusi Pro (Guyuran),Gorengan Sepi (< 5M),Sepi (< 50%),Accumulation (Kumpul Barang),Normal,Normal,Naik 1 Hari Beruntun,TP: 330 | CL: 282,Open = Low (Bullish Kuat),Menengah (1:1),5,WAIT & SEE,TIDAK ADA,2026-07-27 11:58:05
LABS,Small Cap (Lapis 3),Overvalued (Mahal),0.0,3.824092,148.0,145,132,184,0.6802721088435374,171600,Normal,53,Positif,Uptrend,Bullish,Strong Bullish,Normal,Distribusi (Turun),Normal,Seimbang / Adu Mekanik,Normal,Sedang,Doji (Ragu-ragu),Rawan Pucuk (High Risk),< 1 Miliar,Persis di VWAP,Akumulasi Pro (Smart Money),Gorengan Sepi (< 5M),Sepi (< 50%),Accumulation (Kumpul Barang),Normal,Jarum Bawah (Sinyal Pantulan Kuat),Naik 1 Hari Beruntun,TP: 162 | CL: 138,Normal,Ideal (1:2),5,WAIT & SEE,TIDAK ADA,2026-07-27 11:58:05
LFLO,Small Cap (Lapis 3),Overvalued (Mahal),0.0,7.6195807,490.0,531,462,675,4.25531914893617,6900,Normal,42,Positif,Downtrend,Bearish,Strong Bearish,Normal,Akumulasi (Naik),Normal,Dominan Beli (Hajar Kanan),Normal,Tinggi,Marubozu (Strong Bullish),Area Tengah,< 1 Miliar,Persis di VWAP,Akumulasi Pro (Smart Money),Gorengan Sepi (< 5M),Sepi (< 50%),Distribution (Fase Jualan),Normal,Normal,Naik 1 Hari Beruntun,TP: 532 | CL: 461,Open = Low (Bullish Kuat),Sangat Menarik (> 1:3),3,WAIT & SEE,TIDAK ADA,2026-07-27 11:58:05
LIFE,Big Cap (Lapis 1),Overvalued (Mahal),42.74483,1.4005041,5600.0,5800,5525,6000,0.4484304932735426,500,Normal,39,Positif,Downtrend,Bearish,Strong Bearish,Normal,Akumulasi (Naik),Normal,Dominan Beli (Hajar Kanan),Bottom Rebound,Sedang,Doji (Ragu-ragu),Dekat Support (Low Risk),< 1 Miliar,Di Bawah VWAP (Lemah),Akumulasi Pro (Smart Money),Gorengan Sepi (< 5M),Sepi (< 50%),Mark-Down (Fase Runtuh),Normal,Jarum Bawah (Sinyal Pantulan Kuat),Naik 1 Hari Beruntun,TP: 5894 | CL: 5403,Normal,Sangat Menarik (> 1:3),3,WAIT & SEE,TIDAK ADA,2026-07-27 11:58:05
LINK,Mid Cap (Lapis 2),Fair Value (Wajar),0.0,1.2429802,1415.0,1428,1330,1650,0.0,900,Normal,48,Negatif,Downtrend,Bearish,Strong Bearish,Normal,Distribusi (Turun),Normal,Tidak Ada Transaksi,Normal,Sedang,Doji (Ragu-ragu),Area Tengah,< 1 Miliar,Di Bawah VWAP (Lemah),Distribusi Pro (Guyuran),Gorengan Sepi (< 5M),Sepi (< 50%),Distribution (Fase Jualan),Spesialis Tiang Jemuran (Banting Pucuk),Normal,Sideways / Stagnan,TP: 1519 | CL: 1345,Normal,Ideal (1:2),0,WAIT & SEE,TIDAK ADA,2026-07-27 11:58:06
LION,Small Cap (Lapis 3),Fair Value (Wajar),0.0,0.4353164,384.0,334,286,422,12.941176470588237,2970600,Tembus MA20,62,Positif,Uptrend,Bullish,Strong Bullish,Akumulasi Kuat,Akumulasi (Naik),Normal,Seimbang / Adu Mekanik,Normal,Tinggi,Normal,Rawan Pucuk (High Risk),> 1 Miliar,Di Atas VWAP (Kuat),Distribusi Pro (Guyuran),Gorengan Sepi (< 5M),Ledakan Ekstrem (> 300%),Accumulation (Kumpul Barang),Normal,Normal,Naik 1 Hari Beruntun,TP: 433 | CL: 351,Open = Low (Bullish Kuat),Tidak Ideal (< 1:1),8,BELI,TIDAK ADA,2026-07-27 11:58:06
LIVE,Small Cap (Lapis 3),Fair Value (Wajar),0.0,2.7947502,202.0,205,198,224,-0.9803921568627451,52000,Normal,42,Negatif,Downtrend,Bearish,Strong Bearish,Normal,Distribusi (Turun),Normal,Seimbang / Adu Mekanik,Squeeze,Rendah,Normal,Dekat Support (Low Risk),< 1 Miliar,Persis di VWAP,Akumulasi Pro (Smart Money),Gorengan Sepi (< 5M),Sepi (< 50%),Mark-Down (Fase Runtuh),Normal,Normal,Turun 1 Hari Beruntun,TP: 210 | CL: 196,Open = High (Tekanan Jual),Sangat Menarik (> 1:3),0,WAIT & SEE,TIDAK ADA,2026-07-27 11:58:06
LMSH,Small Cap (Lapis 3),Undervalued (Murah),12.194541,0.26804346,256.0,256,256,256,0.0,0,Normal,0,Negatif,Downtrend,Bearish,Bearish MACD,Normal,Netral,Normal,Tidak Ada Transaksi,Squeeze,Rendah,Doji (Ragu-ragu),Dekat Support (Low Risk),< 1 Miliar,Di Atas VWAP (Kuat),Netral,Gorengan Sepi (< 5M),Normal (50-150%),Sideways,Solid (Jarang Dibanting),Normal,Sideways / Stagnan,TP: 257 | CL: 255,Normal,Di Area Support,0,WAIT & SEE,TIDAK ADA,2026-07-27 11:58:06
LPCK,Mid Cap (Lapis 2),Overvalued (Mahal),49.289097,0.39550132,520.0,510,470,560,-1.8867924528301887,188300,Normal,53,Negatif,Uptrend,Bullish,Strong Bullish,Normal,Akumulasi (Naik),Normal,Seimbang / Adu Mekanik,Normal,Sedang,Normal,Rawan Pucuk (High Risk),< 1 Miliar,Di Bawah VWAP (Lemah),Distribusi Pro (Guyuran),Gorengan Sepi (< 5M),Sepi (< 50%),Accumulation (Kumpul Barang),Spesialis Tiang Jemuran (Banting Pucuk),Normal,Turun 1 Hari Beruntun,TP: 560 | CL: 492,Open = High (Tekanan Jual),Tidak Ideal (< 1:1),5,WAIT & SEE,TIDAK ADA,2026-07-27 11:58:06
LPGI,Mid Cap (Lapis 2),Fair Value (Wajar),13.330557,1.8675989,640.0,669,615,700,0.7874015748031495,4500,Normal,36,Positif,Downtrend,Bearish,Strong Bearish,Normal,Distribusi (Turun),Normal,Dominan Beli (Hajar Kanan),Bottom Rebound,Sedang,Doji (Ragu-ragu),Area Tengah,< 1 Miliar,Di Bawah VWAP (Lemah),Distribusi Pro (Guyuran),Gorengan Sepi (< 5M),Sepi (< 50%),Mark-Down (Fase Runtuh),Normal,Jarum Bawah (Sinyal Pantulan Kuat),Naik 1 Hari Beruntun,TP: 687 | CL: 608,Normal,Ideal (1:2),2,WAIT & SEE,TIDAK ADA,2026-07-27 11:58:07
LPIN,Small Cap (Lapis 3),Undervalued (Murah),6.7996078,0.50099057,418.0,410,396,426,0.0,16700,Normal,61,Negatif,Uptrend,Bullish,Strong Bullish,Normal,Distribusi (Turun),Normal,Dominan Beli (Hajar Kanan),Normal,Sedang,Marubozu (Strong Bullish),Area Tengah,< 1 Miliar,Persis di VWAP,Akumulasi Pro (Smart Money),Gorengan Sepi (< 5M),Sepi (< 50%),Mark-Up (Fase Pesta),Normal,Normal,Sideways / Stagnan,TP: 427 | CL: 411,Open = Low (Bullish Kuat),Tidak Ideal (< 1:1),5,WAIT & SEE,TIDAK ADA,2026-07-27 11:58:07
LPLI,Small Cap (Lapis 3),Undervalued (Murah),0.34904015,0.15389755,246.0,241,204,280,-2.380952380952381,31100,Normal,50,Negatif,Uptrend,Bullish,Strong Bullish,Normal,Akumulasi (Naik),Gap Up (+2.4%),Dominan Jual (Guyur),Normal,Tinggi,Normal,Rawan Pucuk (High Risk),< 1 Miliar,Di Bawah VWAP (Lemah),Distribusi Pro (Guyuran),Gorengan Sepi (< 5M),Sepi (< 50%),Accumulation (Kumpul Barang),Normal,Normal,Turun 3 Hari Beruntun,TP: 270 | CL: 229,Open = High (Tekanan Jual),Tidak Ideal (< 1:1),5,WAIT & SEE,TIDAK ADA,2026-07-27 11:58:07
LTLS,Mid Cap (Lapis 2),Undervalued (Murah),7.8061223,0.354605,765.0,774,750,800,0.0,2000,Normal,47,Negatif,Downtrend,Bearish,Strong Bearish,Normal,Akumulasi (Naik),Normal,Dominan Beli (Hajar Kanan),Squeeze,Rendah,Doji (Ragu-ragu),Dekat Support (Low Risk),< 1 Miliar,Di Bawah VWAP (Lemah),Distribusi Pro (Guyuran),Gorengan Sepi (< 5M),Sepi (< 50%),Distribution (Fase Jualan),Normal,Jarum Bawah (Sinyal Pantulan Kuat),Sideways / Stagnan,TP: 784 | CL: 751,Normal,Ideal (1:2),2,WAIT & SEE,TIDAK ADA,2026-07-27 11:58:07
MAPB,Mid Cap (Lapis 2),Fair Value (Wajar),0.0,1.9966882,1125.0,983,810,1220,0.0,100,Normal,56,Negatif,Uptrend,Bullish,Bullish MACD,Normal,Distribusi (Turun),Normal,Tidak Ada Transaksi,Normal,Tinggi,Doji (Ragu-ragu),Rawan Pucuk (High Risk),< 1 Miliar,Di Atas VWAP (Kuat),Akumulasi Pro (Smart Money),Gorengan Sepi (< 5M),Sepi (< 50%),Accumulation (Kumpul Barang),Solid (Jarang Dibanting),Normal,Sideways / Stagnan,TP: 1223 | CL: 1059,Normal,Tidak Ideal (< 1:1),4,WAIT & SEE,TIDAK ADA,2026-07-27 11:58:07
MARI,Small Cap (Lapis 3),Overvalued (Mahal),0.0,13.739546,23.0,23,23,24,0.0,0,Normal,40,Negatif,Downtrend,Bearish,Bullish MACD,Normal,Netral,Normal,Tidak Ada Transaksi,Squeeze,Rendah,Doji (Ragu-ragu),Dekat Support (Low Risk),< 1 Miliar,Di Atas VWAP (Kuat),Netral,Gorengan Sepi (< 5M),Normal (50-150%),Mark-Down (Fase Runtuh),Normal,Normal,Sideways / Stagnan,TP: 24 | CL: 22,Normal,Di Area Support,1,WAIT & SEE,TIDAK ADA,2026-07-27 11:58:07
MASB,Mid Cap (Lapis 2),Fair Value (Wajar),22.779196,1.1519727,3390.0,3386,3250,3500,0.0,9200,Normal,57,Negatif,Uptrend,Bullish,Bearish MACD,Normal,Netral,Normal,Dominan Beli (Hajar Kanan),Squeeze,Rendah,Doji (Ragu-ragu),Area Tengah,< 1 Miliar,Persis di VWAP,Akumulasi Pro (Smart Money),Gorengan Sepi (< 5M),Normal (50-150%),Mark-Up (Fase Pesta),Normal,Jarum Bawah (Sinyal Pantulan Kuat),Sideways / Stagnan,TP: 3418 | CL: 3370,Normal,Tidak Ideal (< 1:1),4,WAIT & SEE,TIDAK ADA,2026-07-27 11:58:08
MAXI,Small Cap (Lapis 3),Overvalued (Mahal),0.0,3.4908888,50.0,50,50,53,0.0,232600,Normal,12,Negatif,Downtrend,Bearish,Bullish MACD,Normal,Netral,Normal,Tidak Ada Transaksi,Squeeze,Rendah,Doji (Ragu-ragu),Dekat Support (Low Risk),< 1 Miliar,Di Bawah VWAP (Lemah),Distribusi Pro (Guyuran),Gorengan Sepi (< 5M),Sepi (< 50%),Sideways,Normal,Normal,Sideways / Stagnan,TP: 50 | CL: 49,Normal,Di Area Support,1,WAIT & SEE,TIDAK ADA,2026-07-27 11:58:08
MAYA,Mid Cap (Lapis 2),Overvalued (Mahal),93.45794,0.124248765,200.0,192,181,208,0.0,190900,Normal,65,Negatif,Uptrend,Bullish,Strong Bullish,Normal,Akumulasi (Naik),Normal,Seimbang / Adu Mekanik,Normal,Sedang,Normal,Rawan Pucuk (High Risk),< 1 Miliar,Persis di VWAP,Akumulasi Pro (Smart Money),Gorengan Sepi (< 5M),Sepi (< 50%),Mark-Up (Fase Pesta),Normal,Normal,Sideways / Stagnan,TP: 209 | CL: 193,Open = High (Tekanan Jual),Tidak Ideal (< 1:1),5,WAIT & SEE,TIDAK ADA,2026-07-27 11:58:08
MBAP,Mid Cap (Lapis 2),Overvalued (Mahal),78.5355,9366.666,1405.0,1377,1230,1500,-1.056338028169014,21400,Normal,52,Negatif,Uptrend,Bullish,Strong Bullish,Normal,Akumulasi (Naik),Normal,Dominan Jual (Guyur),Normal,Sedang,Normal,Rawan Pucuk (High Risk),< 1 Miliar,Di Bawah VWAP (Lemah),Distribusi Pro (Guyuran),Gorengan Sepi (< 5M),Normal (50-150%),Accumulation (Kumpul Barang),Spesialis Tiang Jemuran (Banting Pucuk),Normal,Turun 2 Hari Beruntun,TP: 1473 | CL: 1359,Open = High (Tekanan Jual),Tidak Ideal (< 1:1),5,WAIT & SEE,TIDAK ADA,2026-07-27 11:58:08
MCOL,Big Cap (Lapis 1),Overvalued (Mahal),9.713241,23271.605,3770.0,3778,3640,4000,1.891891891891892,200,Normal,51,Positif,Downtrend,Bearish,Bearish MACD,Normal,Distribusi (Turun),Normal,Tidak Ada Transaksi,Squeeze,Rendah,Doji (Ragu-ragu),Area Tengah,< 1 Miliar,Persis di VWAP,Distribusi Pro (Guyuran),Gorengan Sepi (< 5M),Sepi (< 50%),Distribution (Fase Jualan),Spesialis Tiang Jemuran (Banting Pucuk),Normal,Naik 1 Hari Beruntun,TP: 3946 | CL: 3652,Normal,Ideal (1:2),2,WAIT & SEE,TIDAK ADA,2026-07-27 11:58:08
MDIY,Big Cap (Lapis 1),Overvalued (Mahal),20.110075,5.3491592,950.0,937,865,1025,2.1505376344086025,59100,Normal,57,Positif,Uptrend,Bullish,Bearish MACD,Normal,Distribusi (Turun),Normal,Dominan Beli (Hajar Kanan),Normal,Tinggi,Marubozu (Strong Bullish),Area Tengah,< 1 Miliar,Persis di VWAP,Distribusi Pro (Guyuran),Gorengan Sepi (< 5M),Sepi (< 50%),Mark-Up (Fase Pesta),Normal,Normal,Naik 1 Hari Beruntun,TP: 997 | CL: 918,Open = Low (Bullish Kuat),Tidak Ideal (< 1:1),5,WAIT & SEE,TIDAK ADA,2026-07-27 11:58:08
MDLN,Small Cap (Lapis 3),Fair Value (Wajar),0.0,0.16975392,50.0,50,50,55,-1.9607843137254901,7808900,Normal,46,Negatif,Downtrend,Bullish,Bullish MACD,Normal,Akumulasi (Naik),Normal,Dominan Jual (Guyur),Squeeze,Rendah,Doji (Ragu-ragu),Dekat Support (Low Risk),< 1 Miliar,Di Bawah VWAP (Lemah),Distribusi Pro (Guyuran),Gorengan Sepi (< 5M),Normal (50-150%),Mark-Down (Fase Runtuh),Spesialis Tiang Jemuran (Banting Pucuk),Normal,Turun 1 Hari Beruntun,TP: 51 | CL: 49,Normal,Di Area Support,3,WAIT & SEE,TIDAK ADA,2026-07-27 11:58:09
MDRN,Small Cap (Lapis 3),Fair Value (Wajar),2.8230186,-0.8300345,26.0,26,26,28,0.0,0,Normal,33,Negatif,Downtrend,Bearish,Bullish MACD,Normal,Netral,Normal,Tidak Ada Transaksi,Squeeze,Rendah,Doji (Ragu-ragu),Dekat Support (Low Risk),< 1 Miliar,Di Atas VWAP (Kuat),Netral,Gorengan Sepi (< 5M),Normal (50-150%),Mark-Down (Fase Runtuh),Solid (Jarang Dibanting),Normal,Sideways / Stagnan,TP: 27 | CL: 25,Normal,Di Area Support,1,WAIT & SEE,TIDAK ADA,2026-07-27 11:58:09
MEGA,Big Cap (Lapis 1),Fair Value (Wajar),13.270462,1.9002366,1970.0,1997,1940,2030,-1.0050251256281406,11200,Normal,41,Negatif,Downtrend,Bearish,Strong Bearish,Normal,Distribusi (Turun),Normal,Dominan Jual (Guyur),Squeeze,Rendah,Normal,Dekat Support (Low Risk),< 1 Miliar,Di Bawah VWAP (Lemah),Akumulasi Pro (Smart Money),Gorengan Sepi (< 5M),Sepi (< 50%),Distribution (Fase Jualan),Normal,Normal,Turun 2 Hari Beruntun,TP: 2016 | CL: 1939,Normal,Ideal (1:2),0,WAIT & SEE,TIDAK ADA,2026-07-27 11:58:09
MENN,Small Cap (Lapis 3),Fair Value (Wajar),0.0,1.9389771,53.0,53,53,53,0.0,0,Normal,0,Negatif,Downtrend,Bearish,Bearish MACD,Normal,Netral,Normal,Tidak Ada Transaksi,Squeeze,Rendah,Doji (Ragu-ragu),Dekat Support (Low Risk),< 1 Miliar,Di Atas VWAP (Kuat),Netral,Gorengan Sepi (< 5M),Normal (50-150%),Sideways,Solid (Jarang Dibanting),Normal,Sideways / Stagnan,TP: 54 | CL: 52,Normal,Di Area Support,0,WAIT & SEE,TIDAK ADA,2026-07-27 11:58:09
MERK,Mid Cap (Lapis 2),Fair Value (Wajar),5.939394,1.6871659,3920.0,3807,3520,4020,-2.0,5700,Normal,61,Negatif,Uptrend,Bullish,Strong Bullish,Normal,Distribusi (Turun),Normal,Dominan Jual (Guyur),Normal,Sedang,Normal,Rawan Pucuk (High Risk),< 1 Miliar,Di Bawah VWAP (Lemah),Distribusi Pro (Guyuran),Gorengan Sepi (< 5M),Sepi (< 50%),Mark-Up (Fase Pesta),Normal,Normal,Turun 1 Hari Beruntun,TP: 4032 | CL: 3845,Open = High (Tekanan Jual),Tidak Ideal (< 1:1),4,WAIT & SEE,TIDAK ADA,2026-07-27 11:58:09
META,Mid Cap (Lapis 2),Fair Value (Wajar),0.0,1.0374801,238.0,238,238,238,0.0,0,Normal,100,Negatif,Downtrend,Bearish,Bearish MACD,Normal,Netral,Normal,Tidak Ada Transaksi,Squeeze,Rendah,Doji (Ragu-ragu),Dekat Support (Low Risk),< 1 Miliar,Di Atas VWAP (Kuat),Netral,Gorengan Sepi (< 5M),Normal (50-150%),Sideways,Solid (Jarang Dibanting),Normal,Sideways / Stagnan,TP: 239 | CL: 237,Normal,Di Area Support,1,WAIT & SEE,TIDAK ADA,2026-07-27 11:58:09
MFMI,Small Cap (Lapis 3),Overvalued (Mahal),37.839096,7.6511545,1300.0,1300,1300,1300,0.0,0,Normal,100,Negatif,Downtrend,Bearish,Bearish MACD,Normal,Netral,Normal,Tidak Ada Transaksi,Squeeze,Rendah,Doji (Ragu-ragu),Dekat Support (Low Risk),< 1 Miliar,Di Atas VWAP (Kuat),Netral,Gorengan Sepi (< 5M),Normal (50-150%),Sideways,Solid (Jarang Dibanting),Normal,Sideways / Stagnan,TP: 1301 | CL: 1299,Normal,Di Area Support,1,WAIT & SEE,TIDAK ADA,2026-07-27 11:58:10
MGLV,Big Cap (Lapis 1),Overvalued (Mahal),0.0,128.79263,8600.0,8242,6950,9275,2.380952380952381,111900,Normal,58,Positif,Uptrend,Bullish,Strong Bullish,Normal,Akumulasi (Naik),Normal,Seimbang / Adu Mekanik,Normal,Sedang,Normal,Rawan Pucuk (High Risk),< 1 Miliar,Persis di VWAP,Distribusi Pro (Guyuran),Gorengan Sepi (< 5M),Normal (50-150%),Mark-Up (Fase Pesta),Spesialis Tiang Jemuran (Banting Pucuk),Normal,Naik 1 Hari Beruntun,TP: 9162 | CL: 8225,Open = Low (Bullish Kuat),Tidak Ideal (< 1:1),6,WAIT & SEE,TIDAK ADA,2026-07-27 11:58:10
MINE,Small Cap (Lapis 3),Undervalued (Murah),4.3331347,0.8934719,218.0,218,200,234,0.9259259259259258,266400,Normal,45,Positif,Downtrend,Bullish,Bullish MACD,Normal,Distribusi (Turun),Normal,Dominan Beli (Hajar Kanan),Normal,Sedang,Normal,Area Tengah,< 1 Miliar,Persis di VWAP,Distribusi Pro (Guyuran),Gorengan Sepi (< 5M),Sepi (< 50%),Sideways,Normal,Normal,Naik 1 Hari Beruntun,TP: 233 | CL: 208,Normal,Tidak Ideal (< 1:1),4,WAIT & SEE,TIDAK ADA,2026-07-27 11:58:10
MITI,Small Cap (Lapis 3),Overvalued (Mahal),45.833336,1.3269426,165.0,168,150,204,0.0,323500,Normal,42,Negatif,Downtrend,Death Cross,Bullish MACD,Normal,Distribusi (Turun),Normal,Seimbang / Adu Mekanik,Normal,Tinggi,Normal,Rawan Pucuk (High Risk),< 1 Miliar,Di Bawah VWAP (Lemah),Distribusi Pro (Guyuran),Gorengan Sepi (< 5M),Sepi (< 50%),Mark-Down (Fase Runtuh),Spesialis Tiang Jemuran (Banting Pucuk),Normal,Sideways / Stagnan,TP: 183 | CL: 152,Normal,Ideal (1:2),1,WAIT & SEE,TIDAK ADA,2026-07-27 11:58:10
MKNT,Small Cap (Lapis 3),Fair Value (Wajar),0.0,-0.5627462,1.0,1,1,1,0.0,0,Normal,0,Negatif,Downtrend,Bearish,Bearish MACD,Normal,Netral,Normal,Tidak Ada Transaksi,Squeeze,Rendah,Doji (Ragu-ragu),Dekat Support (Low Risk),< 1 Miliar,Di Atas VWAP (Kuat),Netral,Gorengan Sepi (< 5M),Normal (50-150%),Sideways,Solid (Jarang Dibanting),Normal,Sideways / Stagnan,TP: 2 | CL: 0,Normal,Di Area Support,0,WAIT & SEE,TIDAK ADA,2026-07-27 11:58:10
MKPI,Big Cap (Lapis 1),Fair Value (Wajar),17.533524,2.5393808,21575.0,21100,20275,22125,0.11600928074245939,40700,Normal,61,Positif,Uptrend,Bullish,Strong Bullish,Normal,Akumulasi (Naik),Normal,Dominan Beli (Hajar Kanan),Squeeze,Rendah,Doji (Ragu-ragu),Area Tengah,< 1 Miliar,Persis di VWAP,Akumulasi Pro (Smart Money),Gorengan Sepi (< 5M),Normal (50-150%),Mark-Up (Fase Pesta),Spesialis Tiang Jemuran (Banting Pucuk),Jarum Bawah (Sinyal Pantulan Kuat),Naik 1 Hari Beruntun,TP: 22073 | CL: 21242,Normal,Tidak Ideal (< 1:1),7,BELI,TIDAK ADA,2026-07-27 11:58:10
MLBI,Big Cap (Lapis 1),Overvalued (Mahal),10.885717,8.367856,6300.0,6308,6175,6425,-0.3952569169960474,5900,Normal,61,Negatif,Downtrend,Golden Cross,Bearish MACD,Normal,Akumulasi (Naik),Normal,Dominan Jual (Guyur),Squeeze,Rendah,Normal,Dekat Support (Low Risk),< 1 Miliar,Persis di VWAP,Distribusi Pro (Guyuran),Gorengan Sepi (< 5M),Sepi (< 50%),Distribution (Fase Jualan),Spesialis Tiang Jemuran (Banting Pucuk),Normal,Turun 1 Hari Beruntun,TP: 6399 | CL: 6233,Normal,Menengah (1:1),3,WAIT & SEE,TIDAK ADA,2026-07-27 11:58:11
MLIA,Mid Cap (Lapis 2),Fair Value (Wajar),0.0,0.2843315,230.0,237,230,244,0.0,18600,Normal,17,Negatif,Downtrend,Bearish,Strong Bearish,Normal,Distribusi (Turun),Normal,Tidak Ada Transaksi,Squeeze,Rendah,Doji (Ragu-ragu),Dekat Support (Low Risk),< 1 Miliar,Persis di VWAP,Distribusi Pro (Guyuran),Gorengan Sepi (< 5M),Sepi (< 50%),Mark-Down (Fase Runtuh),Solid (Jarang Dibanting),Normal,Sideways / Stagnan,TP: 231 | CL: 228,Normal,Di Area Support,0,WAIT & SEE,TIDAK ADA,2026-07-27 11:58:11
MLPT,Big Cap (Lapis 1),Overvalued (Mahal),257.4103,98.65471,1615.0,1001,660,2030,-9.269662921348315,8106700,Normal,74,Negatif,Uptrend,Bullish,Strong Bullish,Normal,Akumulasi (Naik),Normal,Dominan Jual (Guyur),Normal,Tinggi,Normal,Rawan Pucuk (High Risk),> 1 Miliar,Di Bawah VWAP (Lemah),Akumulasi Pro (Smart Money),Sultan (> 50M/hari),Sepi (< 50%),Mark-Up (Fase Pesta),Spesialis Tiang Jemuran (Banting Pucuk),Normal,Turun 2 Hari Beruntun,TP: 1885 | CL: 1434,Normal,Tidak Ideal (< 1:1),5,WAIT & SEE,TIDAK ADA,2026-07-27 11:58:11
MMLP,Mid Cap (Lapis 2),Fair Value (Wajar),24.5,0.43102437,292.0,294,260,312,-0.6802721088435374,89300,Normal,44,Negatif,Downtrend,Bullish,Bullish MACD,Normal,Distribusi (Turun),Normal,Seimbang / Adu Mekanik,Squeeze,Rendah,Normal,Rawan Pucuk (High Risk),< 1 Miliar,Di Bawah VWAP (Lemah),Distribusi Pro (Guyuran),Gorengan Sepi (< 5M),Sepi (< 50%),Mark-Down (Fase Runtuh),Normal,Normal,Turun 5 Hari Beruntun,TP: 307 | CL: 282,Open = High (Tekanan Jual),Tidak Ideal (< 1:1),2,WAIT & SEE,TIDAK ADA,2026-07-27 11:58:11
MORA,Big Cap (Lapis 1),Overvalued (Mahal),329.54547,20.914469,6550.0,6533,6225,7450,-0.7575757575757576,167000,Normal,50,Negatif,Uptrend,Bearish,Strong Bearish,Normal,Akumulasi (Naik),Normal,Dominan Jual (Guyur),Normal,Sedang,Normal,Area Tengah,> 1 Miliar,Persis di VWAP,Distribusi Pro (Guyuran),Gorengan Sepi (< 5M),Normal (50-150%),Accumulation (Kumpul Barang),Spesialis Tiang Jemuran (Banting Pucuk),Normal,Turun 1 Hari Beruntun,TP: 6997 | CL: 6251,Normal,Ideal (1:2),2,WAIT & SEE,TIDAK ADA,2026-07-27 11:58:11
MPRO,Big Cap (Lapis 1),Overvalued (Mahal),0.0,180.12787,14425.0,10156,7975,16650,3.963963963963964,49300,Tembus MA20,92,Positif,Uptrend,Bullish,Strong Bullish,Distribusi Kuat,Akumulasi (Naik),Gap Up (+20.0%),Seimbang / Adu Mekanik,Breakout Upper,Tinggi,Normal,Rawan Pucuk (High Risk),< 1 Miliar,Di Atas VWAP (Kuat),Akumulasi Pro (Smart Money),Gorengan Sepi (< 5M),Ledakan Ekstrem (> 300%),Mark-Up (Fase Pesta),Normal,Normal,Naik 4 Hari Beruntun,TP: 16083 | CL: 13319,Open = High (Tekanan Jual),Tidak Ideal (< 1:1),8,BELI,TIDAK ADA,2026-07-27 11:58:12
MPXL,Small Cap (Lapis 3),Overvalued (Mahal),0.0,3.2693548,147.0,146,139,158,1.3793103448275863,508700,Normal,48,Positif,Uptrend,Bearish,Bullish MACD,Normal,Distribusi (Turun),Normal,Dominan Beli (Hajar Kanan),Squeeze,Rendah,Normal,Area Tengah,< 1 Miliar,Di Atas VWAP (Kuat),Akumulasi Pro (Smart Money),Gorengan Sepi (< 5M),Normal (50-150%),Accumulation (Kumpul Barang),Spesialis Tiang Jemuran (Banting Pucuk),Normal,Naik 1 Hari Beruntun,TP: 155 | CL: 141,Normal,Menengah (1:1),4,WAIT & SEE,TIDAK ADA,2026-07-27 11:58:12
MRAT,Small Cap (Lapis 3),Overvalued (Mahal),199.09091,0.32580802,438.0,440,430,448,-0.45454545454545453,41200,Normal,45,Negatif,Downtrend,Death Cross,Strong Bearish,Normal,Distribusi (Turun),Normal,Dominan Jual (Guyur),Squeeze,Rendah,Normal,Dekat Support (Low Risk),< 1 Miliar,Persis di VWAP,Distribusi Pro (Guyuran),Gorengan Sepi (< 5M),Sepi (< 50%),Mark-Down (Fase Runtuh),Normal,Normal,Turun 1 Hari Beruntun,TP: 446 | CL: 432,Normal,Menengah (1:1),0,WAIT & SEE,TIDAK ADA,2026-07-27 11:58:12
MREI,Small Cap (Lapis 3),Undervalued (Murah),5.1679587,0.29116395,920.0,920,920,975,0.0,0,Normal,32,Negatif,Downtrend,Bearish,Bullish MACD,Normal,Netral,Normal,Tidak Ada Transaksi,Squeeze,Rendah,Doji (Ragu-ragu),Dekat Support (Low Risk),< 1 Miliar,Di Atas VWAP (Kuat),Netral,Gorengan Sepi (< 5M),Normal (50-150%),Sideways,Solid (Jarang Dibanting),Normal,Sideways / Stagnan,TP: 921 | CL: 919,Normal,Di Area Support,1,WAIT & SEE,TIDAK ADA,2026-07-27 11:58:12
MSTI,Mid Cap (Lapis 2),Fair Value (Wajar),7.6395745,1.7186735,1315.0,1289,1170,1380,-0.3787878787878788,260100,Normal,57,Negatif,Uptrend,Bullish,Strong Bullish,Normal,Distribusi (Turun),Normal,Dominan Jual (Guyur),Normal,Tinggi,Normal,Rawan Pucuk (High Risk),< 1 Miliar,Di Bawah VWAP (Lemah),Distribusi Pro (Guyuran),Gorengan Sepi (< 5M),Sepi (< 50%),Mark-Up (Fase Pesta),Spesialis Tiang Jemuran (Banting Pucuk),Normal,Turun 2 Hari Beruntun,TP: 1368 | CL: 1279,Normal,Tidak Ideal (< 1:1),4,WAIT & SEE,TIDAK ADA,2026-07-27 11:58:12
MTFN,Small Cap (Lapis 3),Fair Value (Wajar),0.0,-0.7817198,13.0,13,12,14,0.0,0,Normal,36,Negatif,Downtrend,Bearish,Bullish MACD,Normal,Netral,Normal,Tidak Ada Transaksi,Squeeze,Rendah,Doji (Ragu-ragu),Area Tengah,< 1 Miliar,Di Atas VWAP (Kuat),Netral,Gorengan Sepi (< 5M),Normal (50-150%),Sideways,Normal,Normal,Sideways / Stagnan,TP: 14 | CL: 12,Normal,Menengah (1:1),1,WAIT & SEE,TIDAK ADA,2026-07-27 11:58:13
MTLA,Mid Cap (Lapis 2),Undervalued (Murah),9.862122,0.7106624,515.0,516,480,625,0.9803921568627451,5700,Normal,51,Positif,Downtrend,Bearish,Bearish MACD,Normal,Akumulasi (Naik),Normal,Dominan Beli (Hajar Kanan),Normal,Tinggi,Doji (Ragu-ragu),Area Tengah,< 1 Miliar,Persis di VWAP,Akumulasi Pro (Smart Money),Gorengan Sepi (< 5M),Sepi (< 50%),Distribution (Fase Jualan),Solid (Jarang Dibanting),Jarum Bawah (Sinyal Pantulan Kuat),Naik 1 Hari Beruntun,TP: 543 | CL: 495,Normal,Sangat Menarik (> 1:3),4,WAIT & SEE,TIDAK ADA,2026-07-27 11:58:13
MTMH,Mid Cap (Lapis 2),Overvalued (Mahal),46.541203,1.2589813,915.0,940,880,1050,0.5494505494505495,9300,Normal,44,Positif,Downtrend,Death Cross,Strong Bearish,Normal,Distribusi (Turun),Gap Up (+6.6%),Dominan Jual (Guyur),Normal,Sedang,Normal,Area Tengah,< 1 Miliar,Di Bawah VWAP (Lemah),Distribusi Pro (Guyuran),Gorengan Sepi (< 5M),Sepi (< 50%),Mark-Down (Fase Runtuh),Normal,Normal,Naik 1 Hari Beruntun,TP: 984 | CL: 868,Normal,Sangat Menarik (> 1:3),2,WAIT & SEE,TIDAK ADA,2026-07-27 11:58:13
MTPS,Small Cap (Lapis 3),Overvalued (Mahal),0.0,4.259123,81.0,81,81,81,0.0,0,Normal,0,Negatif,Downtrend,Bearish,Bearish MACD,Normal,Netral,Normal,Tidak Ada Transaksi,Squeeze,Rendah,Doji (Ragu-ragu),Dekat Support (Low Risk),< 1 Miliar,Di Atas VWAP (Kuat),Netral,Gorengan Sepi (< 5M),Normal (50-150%),Sideways,Solid (Jarang Dibanting),Normal,Sideways / Stagnan,TP: 82 | CL: 80,Normal,Di Area Support,0,WAIT & SEE,TIDAK ADA,2026-07-27 11:58:13
MTSM,Small Cap (Lapis 3),Overvalued (Mahal),0.0,4.228258,500.0,500,500,500,0.0,0,Normal,0,Negatif,Downtrend,Bearish,Bearish MACD,Normal,Netral,Normal,Tidak Ada Transaksi,Squeeze,Rendah,Doji (Ragu-ragu),Dekat Support (Low Risk),< 1 Miliar,Di Atas VWAP (Kuat),Netral,Gorengan Sepi (< 5M),Normal (50-150%),Sideways,Solid (Jarang Dibanting),Normal,Sideways / Stagnan,TP: 501 | CL: 499,Normal,Di Area Support,0,WAIT & SEE,TIDAK ADA,2026-07-27 11:58:13
MYOH,Mid Cap (Lapis 2),Overvalued (Mahal),8.814365,13109.756,1075.0,1042,1015,1260,1.8957345971563981,59400,Tembus MA20,56,Positif,Uptrend,Bullish,Bullish MACD,Normal,Akumulasi (Naik),Normal,Seimbang / Adu Mekanik,Squeeze,Rendah,Normal,Area Tengah,< 1 Miliar,Di Bawah VWAP (Lemah),Distribusi Pro (Guyuran),Gorengan Sepi (< 5M),Normal (50-150%),Accumulation (Kumpul Barang),Spesialis Tiang Jemuran (Banting Pucuk),Normal,Naik 3 Hari Beruntun,TP: 1144 | CL: 1028,Normal,Sangat Menarik (> 1:3),7,BELI,TIDAK ADA,2026-07-27 11:58:14
MYTX,Small Cap (Lapis 3),Fair Value (Wajar),3.5344827,-0.54285944,41.0,41,41,45,0.0,0,Normal,44,Negatif,Downtrend,Bearish,Bullish MACD,Normal,Netral,Normal,Tidak Ada Transaksi,Normal,Sedang,Doji (Ragu-ragu),Dekat Support (Low Risk),< 1 Miliar,Di Atas VWAP (Kuat),Netral,Gorengan Sepi (< 5M),Normal (50-150%),Mark-Down (Fase Runtuh),Solid (Jarang Dibanting),Normal,Sideways / Stagnan,TP: 42 | CL: 40,Normal,Di Area Support,1,WAIT & SEE,TIDAK ADA,2026-07-27 11:58:14
NASA,Small Cap (Lapis 3),Overvalued (Mahal),187.5,0.3024773,30.0,30,28,34,0.0,6600,Normal,45,Negatif,Downtrend,Bearish,Bullish MACD,Normal,Akumulasi (Naik),Normal,Tidak Ada Transaksi,Normal,Tinggi,Doji (Ragu-ragu),Area Tengah,< 1 Miliar,Di Atas VWAP (Kuat),Akumulasi Pro (Smart Money),Gorengan Sepi (< 5M),Sepi (< 50%),Mark-Down (Fase Runtuh),Normal,Normal,Sideways / Stagnan,TP: 31 | CL: 28,Normal,Ideal (1:2),2,WAIT & SEE,TIDAK ADA,2026-07-27 11:58:14
NASI,Small Cap (Lapis 3),Fair Value (Wajar),24.637394,1.7941372,124.0,116,98,141,2.479338842975207,162700,Normal,60,Positif,Uptrend,Bullish,Strong Bullish,Normal,Akumulasi (Naik),Normal,Dominan Beli (Hajar Kanan),Normal,Tinggi,Hammer (Potensi Reversal),Rawan Pucuk (High Risk),< 1 Miliar,Di Bawah VWAP (Lemah),Distribusi Pro (Guyuran),Gorengan Sepi (< 5M),Sepi (< 50%),Mark-Up (Fase Pesta),Spesialis Tiang Jemuran (Banting Pucuk),Jarum Bawah (Sinyal Pantulan Kuat),Naik 1 Hari Beruntun,TP: 136 | CL: 115,Normal,Tidak Ideal (< 1:1),7,BELI,TIDAK ADA,2026-07-27 11:58:14
NATO,Mid Cap (Lapis 2),Fair Value (Wajar),0.0,2.484757,650.0,613,505,685,0.0,5900,Normal,66,Negatif,Uptrend,Bullish,Strong Bullish,Normal,Akumulasi (Naik),Normal,Dominan Jual (Guyur),Normal,Tinggi,Normal,Rawan Pucuk (High Risk),< 1 Miliar,Persis di VWAP,Akumulasi Pro (Smart Money),Gorengan Sepi (< 5M),Sepi (< 50%),Mark-Up (Fase Pesta),Normal,Normal,Sideways / Stagnan,TP: 690 | CL: 622,Open = High (Tekanan Jual),Tidak Ideal (< 1:1),5,WAIT & SEE,TIDAK ADA,2026-07-27 11:58:14
NELY,Small Cap (Lapis 3),Undervalued (Murah),7.3196983,0.53368914,204.0,203,190,226,0.0,83200,Normal,46,Negatif,Uptrend,Bullish,Bullish MACD,Normal,Distribusi (Turun),Normal,Dominan Jual (Guyur),Normal,Sedang,Doji (Ragu-ragu),Area Tengah,< 1 Miliar,Di Bawah VWAP (Lemah),Akumulasi Pro (Smart Money),Gorengan Sepi (< 5M),Sepi (< 50%),Accumulation (Kumpul Barang),Spesialis Tiang Jemuran (Banting Pucuk),Normal,Sideways / Stagnan,TP: 218 | CL: 194,Normal,Ideal (1:2),3,WAIT & SEE,TIDAK ADA,2026-07-27 11:58:15
NETV,Mid Cap (Lapis 2),Overvalued (Mahal),0.0,5.334728,51.0,50,50,62,0.0,14220700,Normal,44,Negatif,Uptrend,Bullish,Bullish MACD,Normal,Akumulasi (Naik),Normal,Seimbang / Adu Mekanik,Normal,Sedang,Doji (Ragu-ragu),Dekat Support (Low Risk),< 1 Miliar,Di Bawah VWAP (Lemah),Distribusi Pro (Guyuran),Ritel Aktif (5M - 50M),Sepi (< 50%),Accumulation (Kumpul Barang),Normal,Normal,Sideways / Stagnan,TP: 54 | CL: 48,Normal,Sangat Menarik (> 1:3),4,WAIT & SEE,TIDAK ADA,2026-07-27 11:58:15
NFCX,Mid Cap (Lapis 2),Overvalued (Mahal),0.0,3.8761473,1605.0,1593,1430,1680,1.9047619047619049,55800,Tembus MA20,49,Positif,Uptrend,Bearish,Bullish MACD,Akumulasi Kuat,Akumulasi (Naik),Normal,Seimbang / Adu Mekanik,Squeeze,Rendah,Normal,Rawan Pucuk (High Risk),< 1 Miliar,Persis di VWAP,Akumulasi Pro (Smart Money),Gorengan Sepi (< 5M),Ledakan Ekstrem (> 300%),Accumulation (Kumpul Barang),Normal,Normal,Naik 1 Hari Beruntun,TP: 1684 | CL: 1551,Normal,Tidak Ideal (< 1:1),6,WAIT & SEE,TIDAK ADA,2026-07-27 11:58:15
NICE,Mid Cap (Lapis 2),Overvalued (Mahal),0.0,7.165118,246.0,255,230,282,-1.6,740200,Normal,41,Negatif,Downtrend,Bearish,Strong Bearish,Normal,Distribusi (Turun),Normal,Seimbang / Adu Mekanik,Normal,Sedang,Normal,Area Tengah,< 1 Miliar,Di Bawah VWAP (Lemah),Distribusi Pro (Guyuran),Gorengan Sepi (< 5M),Sepi (< 50%),Mark-Down (Fase Runtuh),Normal,Normal,Turun 1 Hari Beruntun,TP: 268 | CL: 231,Open = High (Tekanan Jual),Ideal (1:2),0,WAIT & SEE,TIDAK ADA,2026-07-27 11:58:15
NICK,Small Cap (Lapis 3),Fair Value (Wajar),3.2580793,2.3724086,1075.0,1023,955,1150,-0.4629629629629629,200,Normal,59,Negatif,Uptrend,Bullish,Strong Bullish,Normal,Akumulasi (Naik),Normal,Tidak Ada Transaksi,Normal,Tinggi,Doji (Ragu-ragu),Rawan Pucuk (High Risk),< 1 Miliar,Persis di VWAP,Akumulasi Pro (Smart Money),Gorengan Sepi (< 5M),Sepi (< 50%),Accumulation (Kumpul Barang),Spesialis Tiang Jemuran (Banting Pucuk),Normal,Turun 1 Hari Beruntun,TP: 1130 | CL: 1038,Normal,Tidak Ideal (< 1:1),5,WAIT & SEE,TIDAK ADA,2026-07-27 11:58:15
NINE,Small Cap (Lapis 3),Overvalued (Mahal),0.0,6.224765,76.0,76,70,86,-1.2987012987012987,4899600,Normal,44,Negatif,Downtrend,Bullish,Bullish MACD,Normal,Distribusi (Turun),Normal,Dominan Beli (Hajar Kanan),Normal,Sedang,Normal,Area Tengah,< 1 Miliar,Persis di VWAP,Akumulasi Pro (Smart Money),Gorengan Sepi (< 5M),Normal (50-150%),Mark-Down (Fase Runtuh),Normal,Jarum Bawah (Sinyal Pantulan Kuat),Turun 1 Hari Beruntun,TP: 83 | CL: 70,Normal,Ideal (1:2),3,WAIT & SEE,TIDAK ADA,2026-07-27 11:58:16
NOBU,Mid Cap (Lapis 2),Undervalued (Murah),6.291815,0.76999867,446.0,432,410,466,0.0,148700,Normal,54,Negatif,Uptrend,Bullish,Strong Bullish,Normal,Akumulasi (Naik),Normal,Seimbang / Adu Mekanik,Normal,Sedang,Normal,Area Tengah,< 1 Miliar,Persis di VWAP,Distribusi Pro (Guyuran),Gorengan Sepi (< 5M),Sepi (< 50%),Accumulation (Kumpul Barang),Normal,Normal,Sideways / Stagnan,TP: 464 | CL: 433,Normal,Tidak Ideal (< 1:1),5,WAIT & SEE,TIDAK ADA,2026-07-27 11:58:16
OBAT,Small Cap (Lapis 3),Fair Value (Wajar),0.0,1.0697699,246.0,243,218,278,-0.8064516129032258,21200,Normal,49,Negatif,Uptrend,Bullish,Strong Bullish,Normal,Distribusi (Turun),Normal,Seimbang / Adu Mekanik,Normal,Sedang,Normal,Rawan Pucuk (High Risk),< 1 Miliar,Di Bawah VWAP (Lemah),Akumulasi Pro (Smart Money),Gorengan Sepi (< 5M),Sepi (< 50%),Accumulation (Kumpul Barang),Spesialis Tiang Jemuran (Banting Pucuk),Normal,Turun 4 Hari Beruntun,TP: 264 | CL: 233,Open = High (Tekanan Jual),Menengah (1:1),3,WAIT & SEE,TIDAK ADA,2026-07-27 11:58:16
OBMD,Small Cap (Lapis 3),Fair Value (Wajar),0.0,0.78068495,204.0,181,151,242,0.0,251300,Normal,66,Negatif,Uptrend,Bullish,Strong Bullish,Normal,Akumulasi (Naik),Normal,Seimbang / Adu Mekanik,Normal,Tinggi,Normal,Rawan Pucuk (High Risk),< 1 Miliar,Di Bawah VWAP (Lemah),Distribusi Pro (Guyuran),Gorengan Sepi (< 5M),Sepi (< 50%),Mark-Up (Fase Pesta),Spesialis Tiang Jemuran (Banting Pucuk),Normal,Sideways / Stagnan,TP: 235 | CL: 182,Open = High (Tekanan Jual),Tidak Ideal (< 1:1),5,WAIT & SEE,TIDAK ADA,2026-07-27 11:58:16
OMRE,Mid Cap (Lapis 2),Fair Value (Wajar),0.0,1.0016117,1100.0,1065,900,1350,-2.6548672566371683,6300,Normal,53,Negatif,Uptrend,Bullish,Strong Bullish,Normal,Distribusi (Turun),Gap Down (-2.2%),Dominan Beli (Hajar Kanan),Normal,Tinggi,Hammer (Potensi Reversal),Rawan Pucuk (High Risk),< 1 Miliar,Di Bawah VWAP (Lemah),Distribusi Pro (Guyuran),Gorengan Sepi (< 5M),Sepi (< 50%),Mark-Up (Fase Pesta),Normal,Jarum Bawah (Sinyal Pantulan Kuat),Turun 1 Hari Beruntun,TP: 1270 | CL: 986,Open = High (Tekanan Jual),Menengah (1:1),5,WAIT & SEE,TIDAK ADA,2026-07-27 11:58:16
PALM,Mid Cap (Lapis 2),Undervalued (Murah),0.85489315,0.5787444,304.0,299,270,320,-1.935483870967742,43200,Normal,49,Negatif,Uptrend,Bullish,Bullish MACD,Normal,Distribusi (Turun),Normal,Dominan Jual (Guyur),Normal,Sedang,Normal,Rawan Pucuk (High Risk),< 1 Miliar,Di Bawah VWAP (Lemah),Akumulasi Pro (Smart Money),Gorengan Sepi (< 5M),Sepi (< 50%),Accumulation (Kumpul Barang),Normal,Normal,Turun 2 Hari Beruntun,TP: 319 | CL: 293,Open = High (Tekanan Jual),Tidak Ideal (< 1:1),3,WAIT & SEE,TIDAK ADA,2026-07-27 11:58:16
PANR,Small Cap (Lapis 3),Fair Value (Wajar),0.0,0.5943632,406.0,406,390,426,0.49504950495049505,4900,Normal,44,Positif,Downtrend,Bullish,Bullish MACD,Normal,Distribusi (Turun),Normal,Seimbang / Adu Mekanik,Squeeze,Rendah,Doji (Ragu-ragu),Area Tengah,< 1 Miliar,Di Bawah VWAP (Lemah),Distribusi Pro (Guyuran),Gorengan Sepi (< 5M),Sepi (< 50%),Mark-Down (Fase Runtuh),Normal,Normal,Naik 1 Hari Beruntun,TP: 422 | CL: 395,Normal,Menengah (1:1),3,WAIT & SEE,TIDAK ADA,2026-07-27 11:58:17
PBID,Mid Cap (Lapis 2),Undervalued (Murah),8.912813,1.2363664,505.0,481,464,515,2.2267206477732793,2057200,Tembus MA20,75,Positif,Uptrend,Bullish,Strong Bullish,Akumulasi Kuat,Akumulasi (Naik),Normal,Seimbang / Adu Mekanik,Breakout Upper,Sedang,Normal,Area Tengah,> 1 Miliar,Di Atas VWAP (Kuat),Akumulasi Pro (Smart Money),Gorengan Sepi (< 5M),Ledakan Ekstrem (> 300%),Mark-Up (Fase Pesta),Solid (Jarang Dibanting),Normal,Naik 2 Hari Beruntun,TP: 514 | CL: 498,Normal,Tidak Ideal (< 1:1),8,BELI,TIDAK ADA,2026-07-27 11:58:17
PBSA,Mid Cap (Lapis 2),Fair Value (Wajar),8.172589,2.6384275,805.0,758,682,860,3.870967741935484,174200,Normal,58,Positif,Uptrend,Bullish,Strong Bullish,Normal,Akumulasi (Naik),Normal,Seimbang / Adu Mekanik,Normal,Tinggi,Normal,Rawan Pucuk (High Risk),< 1 Miliar,Persis di VWAP,Distribusi Pro (Guyuran),Gorengan Sepi (< 5M),Sepi (< 50%),Mark-Up (Fase Pesta),Normal,Normal,Naik 1 Hari Beruntun,TP: 873 | CL: 759,Open = Low (Bullish Kuat),Tidak Ideal (< 1:1),6,WAIT & SEE,TIDAK ADA,2026-07-27 11:58:17
PDES,Small Cap (Lapis 3),Fair Value (Wajar),0.0,2.7143056,392.0,409,390,452,-0.5076142131979695,3700,Normal,26,Negatif,Downtrend,Bearish,Bullish MACD,Normal,Akumulasi (Naik),Normal,Tidak Ada Transaksi,Normal,Tinggi,Doji (Ragu-ragu),Dekat Support (Low Risk),< 1 Miliar,Di Bawah VWAP (Lemah),Akumulasi Pro (Smart Money),Gorengan Sepi (< 5M),Sepi (< 50%),Mark-Down (Fase Runtuh),Normal,Normal,Turun 2 Hari Beruntun,TP: 406 | CL: 382,Normal,Sangat Menarik (> 1:3),2,WAIT & SEE,TIDAK ADA,2026-07-27 11:58:17
PDPP,Small Cap (Lapis 3),Fair Value (Wajar),19.794722,1.8756381,270.0,265,248,284,0.0,14100,Normal,54,Negatif,Uptrend,Bullish,Strong Bullish,Normal,Akumulasi (Naik),Normal,Seimbang / Adu Mekanik,Squeeze,Rendah,Doji (Ragu-ragu),Area Tengah,< 1 Miliar,Persis di VWAP,Distribusi Pro (Guyuran),Gorengan Sepi (< 5M),Sepi (< 50%),Accumulation (Kumpul Barang),Spesialis Tiang Jemuran (Banting Pucuk),Jarum Bawah (Sinyal Pantulan Kuat),Sideways / Stagnan,TP: 294 | CL: 254,Normal,Tidak Ideal (< 1:1),5,WAIT & SEE,TIDAK ADA,2026-07-27 11:58:17
PEHA,Small Cap (Lapis 3),Undervalued (Murah),6.0937877,0.51685846,256.0,249,216,278,0.7874015748031495,1200,Normal,51,Positif,Uptrend,Bullish,Strong Bullish,Normal,Distribusi (Turun),Normal,Dominan Jual (Guyur),Normal,Tinggi,Doji (Ragu-ragu),Rawan Pucuk (High Risk),< 1 Miliar,Di Bawah VWAP (Lemah),Distribusi Pro (Guyuran),Gorengan Sepi (< 5M),Sepi (< 50%),Accumulation (Kumpul Barang),Spesialis Tiang Jemuran (Banting Pucuk),Normal,Naik 1 Hari Beruntun,TP: 278 | CL: 241,Normal,Tidak Ideal (< 1:1),5,WAIT & SEE,TIDAK ADA,2026-07-27 11:58:18
PEVE,Small Cap (Lapis 3),Fair Value (Wajar),0.0,1.561227,320.0,315,300,380,1.2658227848101267,543900,Tembus MA20,51,Positif,Uptrend,Bullish,Bullish MACD,Normal,Distribusi (Turun),Normal,Dominan Beli (Hajar Kanan),Normal,Sedang,Normal,Area Tengah,< 1 Miliar,Di Bawah VWAP (Lemah),Distribusi Pro (Guyuran),Gorengan Sepi (< 5M),Normal (50-150%),Accumulation (Kumpul Barang),Spesialis Tiang Jemuran (Banting Pucuk),Normal,Naik 1 Hari Beruntun,TP: 343 | CL: 304,Normal,Sangat Menarik (> 1:3),7,BELI,TIDAK ADA,2026-07-27 11:58:18
PGJO,Small Cap (Lapis 3),Fair Value (Wajar),0.0,-260.541,655.0,695,640,760,-3.6764705882352944,100000,Normal,40,Negatif,Downtrend,Bearish,Bullish MACD,Normal,Distribusi (Turun),Gap Down (-3.7%),Tidak Ada Transaksi,Bottom Rebound,Sedang,Doji (Ragu-ragu),Dekat Support (Low Risk),< 1 Miliar,Di Bawah VWAP (Lemah),Akumulasi Pro (Smart Money),Gorengan Sepi (< 5M),Normal (50-150%),Mark-Down (Fase Runtuh),Normal,Normal,Turun 2 Hari Beruntun,TP: 688 | CL: 632,Normal,Sangat Menarik (> 1:3),1,WAIT & SEE,TIDAK ADA,2026-07-27 11:58:18
PGUN,Big Cap (Lapis 1),Overvalued (Mahal),373.86526,23.014097,7825.0,7305,6525,9500,-2.7950310559006213,8600,Normal,56,Negatif,Uptrend,Bullish,Strong Bullish,Normal,Akumulasi (Naik),Gap Down (-3.1%),Dominan Jual (Guyur),Normal,Tinggi,Doji (Ragu-ragu),Rawan Pucuk (High Risk),< 1 Miliar,Di Bawah VWAP (Lemah),Akumulasi Pro (Smart Money),Gorengan Sepi (< 5M),Sepi (< 50%),Accumulation (Kumpul Barang),Normal,Normal,Turun 2 Hari Beruntun,TP: 8513 | CL: 7366,Normal,Menengah (1:1),5,WAIT & SEE,TIDAK ADA,2026-07-27 11:58:18
PICO,Small Cap (Lapis 3),Overvalued (Mahal),49.624058,0.35517573,132.0,126,108,133,2.3255813953488373,56000,Normal,54,Positif,Uptrend,Bullish,Bullish MACD,Normal,Akumulasi (Naik),Normal,Dominan Beli (Hajar Kanan),Normal,Sedang,Normal,Rawan Pucuk (High Risk),< 1 Miliar,Di Atas VWAP (Kuat),Akumulasi Pro (Smart Money),Gorengan Sepi (< 5M),Sepi (< 50%),Accumulation (Kumpul Barang),Normal,Jarum Bawah (Sinyal Pantulan Kuat),Naik 1 Hari Beruntun,TP: 140 | CL: 126,Normal,Tidak Ideal (< 1:1),7,BELI,TIDAK ADA,2026-07-27 11:58:18
PJAA,Small Cap (Lapis 3),Undervalued (Murah),4.750495,0.40490645,456.0,455,432,498,0.0,6400,Normal,48,Negatif,Uptrend,Bullish,Bullish MACD,Normal,Distribusi (Turun),Normal,Seimbang / Adu Mekanik,Squeeze,Rendah,Normal,Area Tengah,< 1 Miliar,Persis di VWAP,Distribusi Pro (Guyuran),Gorengan Sepi (< 5M),Sepi (< 50%),Accumulation (Kumpul Barang),Spesialis Tiang Jemuran (Banting Pucuk),Normal,Sideways / Stagnan,TP: 468 | CL: 447,Open = Low (Bullish Kuat),Ideal (1:2),3,WAIT & SEE,TIDAK ADA,2026-07-27 11:58:19
PLIN,Mid Cap (Lapis 2),Undervalued (Murah),8.896923,0.77000433,2510.0,2510,2510,2510,0.0,0,Normal,100,Negatif,Downtrend,Bearish,Bearish MACD,Normal,Netral,Normal,Tidak Ada Transaksi,Squeeze,Rendah,Doji (Ragu-ragu),Dekat Support (Low Risk),< 1 Miliar,Di Atas VWAP (Kuat),Netral,Gorengan Sepi (< 5M),Normal (50-150%),Sideways,Solid (Jarang Dibanting),Normal,Sideways / Stagnan,TP: 2511 | CL: 2509,Normal,Di Area Support,1,WAIT & SEE,TIDAK ADA,2026-07-27 11:58:19
PMJS,Mid Cap (Lapis 2),Undervalued (Murah),11.06515,0.53515786,107.0,105,96,118,-2.727272727272727,112100,Normal,49,Negatif,Uptrend,Bullish,Strong Bullish,Normal,Distribusi (Turun),Normal,Dominan Jual (Guyur),Normal,Sedang,Normal,Rawan Pucuk (High Risk),< 1 Miliar,Di Bawah VWAP (Lemah),Distribusi Pro (Guyuran),Gorengan Sepi (< 5M),Sepi (< 50%),Accumulation (Kumpul Barang),Normal,Normal,Turun 1 Hari Beruntun,TP: 112 | CL: 103,Open = High (Tekanan Jual),Menengah (1:1),3,WAIT & SEE,TIDAK ADA,2026-07-27 11:58:19
PMMP,Small Cap (Lapis 3),Overvalued (Mahal),12499.999,-1724.138,50.0,50,50,50,0.0,0,Normal,0,Negatif,Downtrend,Bearish,Bearish MACD,Normal,Netral,Normal,Tidak Ada Transaksi,Squeeze,Rendah,Doji (Ragu-ragu),Dekat Support (Low Risk),< 1 Miliar,Di Atas VWAP (Kuat),Netral,Gorengan Sepi (< 5M),Normal (50-150%),Sideways,Solid (Jarang Dibanting),Normal,Sideways / Stagnan,TP: 51 | CL: 49,Normal,Di Area Support,0,WAIT & SEE,TIDAK ADA,2026-07-27 11:58:19
PNBS,Mid Cap (Lapis 2),Overvalued (Mahal),34.013603,0.64589465,50.0,50,50,53,-1.9607843137254901,5429700,Tembus MA20,42,Negatif,Downtrend,Bullish,Strong Bullish,Normal,Akumulasi (Naik),Normal,Dominan Jual (Guyur),Squeeze,Rendah,Doji (Ragu-ragu),Dekat Support (Low Risk),< 1 Miliar,Di Bawah VWAP (Lemah),Akumulasi Pro (Smart Money),Gorengan Sepi (< 5M),Normal (50-150%),Distribution (Fase Jualan),Normal,Normal,Turun 1 Hari Beruntun,TP: 50 | CL: 49,Normal,Di Area Support,4,WAIT & SEE,TIDAK ADA,2026-07-27 11:58:19
PNGO,Mid Cap (Lapis 2),Fair Value (Wajar),10.060419,2.4193063,3530.0,3476,3360,3650,0.0,4000,Normal,60,Negatif,Uptrend,Bullish,Strong Bullish,Normal,Akumulasi (Naik),Normal,Dominan Jual (Guyur),Squeeze,Rendah,Normal,Area Tengah,< 1 Miliar,Persis di VWAP,Distribusi Pro (Guyuran),Gorengan Sepi (< 5M),Sepi (< 50%),Mark-Up (Fase Pesta),Spesialis Tiang Jemuran (Banting Pucuk),Normal,Sideways / Stagnan,TP: 3581 | CL: 3495,Normal,Tidak Ideal (< 1:1),5,WAIT & SEE,TIDAK ADA,2026-07-27 11:58:20
PNIN,Mid Cap (Lapis 2),Undervalued (Murah),2.4516435,0.13295539,725.0,725,700,760,1.3986013986013985,16700,Normal,47,Positif,Downtrend,Bullish,Bullish MACD,Normal,Distribusi (Turun),Normal,Dominan Beli (Hajar Kanan),Squeeze,Rendah,Marubozu (Strong Bullish),Area Tengah,< 1 Miliar,Persis di VWAP,Distribusi Pro (Guyuran),Gorengan Sepi (< 5M),Sepi (< 50%),Sideways,Normal,Normal,Naik 1 Hari Beruntun,TP: 752 | CL: 706,Open = Low (Bullish Kuat),Menengah (1:1),4,WAIT & SEE,TIDAK ADA,2026-07-27 11:58:20
PNSE,Small Cap (Lapis 3),Overvalued (Mahal),0.0,3.4164474,466.0,502,466,550,-6.425702811244979,2900,Normal,32,Negatif,Downtrend,Bearish,Strong Bearish,Normal,Distribusi (Turun),Normal,Dominan Jual (Guyur),Normal,Sedang,Normal,Dekat Support (Low Risk),< 1 Miliar,Di Bawah VWAP (Lemah),Distribusi Pro (Guyuran),Gorengan Sepi (< 5M),Sepi (< 50%),Mark-Down (Fase Runtuh),Normal,Normal,Turun 2 Hari Beruntun,TP: 501 | CL: 442,Normal,Di Area Support,0,WAIT & SEE,TIDAK ADA,2026-07-27 11:58:21
POLI,Mid Cap (Lapis 2),Fair Value (Wajar),21.990017,0.6740149,705.0,704,635,800,0.7142857142857143,6000,Normal,44,Positif,Uptrend,Bullish,Bullish MACD,Normal,Distribusi (Turun),Gap Up (+5.0%),Seimbang / Adu Mekanik,Normal,Sedang,Normal,Rawan Pucuk (High Risk),< 1 Miliar,Di Bawah VWAP (Lemah),Distribusi Pro (Guyuran),Gorengan Sepi (< 5M),Sepi (< 50%),Accumulation (Kumpul Barang),Normal,Normal,Naik 1 Hari Beruntun,TP: 804 | CL: 638,Normal,Menengah (1:1),5,WAIT & SEE,TIDAK ADA,2026-07-27 11:58:21
POLL,Small Cap (Lapis 3),Overvalued (Mahal),85.496185,0.57678145,112.0,112,112,112,0.0,0,Normal,0,Negatif,Downtrend,Bearish,Bearish MACD,Normal,Netral,Normal,Tidak Ada Transaksi,Squeeze,Rendah,Doji (Ragu-ragu),Dekat Support (Low Risk),< 1 Miliar,Di Atas VWAP (Kuat),Netral,Gorengan Sepi (< 5M),Normal (50-150%),Sideways,Solid (Jarang Dibanting),Normal,Sideways / Stagnan,TP: 113 | CL: 111,Normal,Di Area Support,0,WAIT & SEE,TIDAK ADA,2026-07-27 11:58:21
POLU,Mid Cap (Lapis 2),Overvalued (Mahal),0.0,79.24865,12425.0,12538,11700,14000,0.20161290322580644,800,Normal,48,Positif,Downtrend,Bullish,Bearish MACD,Normal,Distribusi (Turun),Normal,Seimbang / Adu Mekanik,Normal,Sedang,Normal,Area Tengah,< 1 Miliar,Di Bawah VWAP (Lemah),Distribusi Pro (Guyuran),Gorengan Sepi (< 5M),Sepi (< 50%),Distribution (Fase Jualan),Normal,Normal,Naik 1 Hari Beruntun,TP: 13359 | CL: 11801,Open = Low (Bullish Kuat),Ideal (1:2),2,WAIT & SEE,TIDAK ADA,2026-07-27 11:58:21
POLY,Small Cap (Lapis 3),Overvalued (Mahal),31999.998,-77.85888,32.0,32,32,32,0.0,0,Normal,0,Negatif,Downtrend,Bearish,Bearish MACD,Normal,Netral,Normal,Tidak Ada Transaksi,Squeeze,Rendah,Doji (Ragu-ragu),Dekat Support (Low Risk),< 1 Miliar,Di Atas VWAP (Kuat),Netral,Gorengan Sepi (< 5M),Normal (50-150%),Sideways,Solid (Jarang Dibanting),Normal,Sideways / Stagnan,TP: 33 | CL: 31,Normal,Di Area Support,0,WAIT & SEE,TIDAK ADA,2026-07-27 11:58:21
PORT,Mid Cap (Lapis 2),Fair Value (Wajar),20.655434,2.133604,895.0,862,795,1060,2.8735632183908044,700,Normal,55,Positif,Uptrend,Bullish,Strong Bullish,Normal,Distribusi (Turun),Normal,Dominan Beli (Hajar Kanan),Normal,Sedang,Marubozu (Strong Bullish),Rawan Pucuk (High Risk),< 1 Miliar,Di Atas VWAP (Kuat),Distribusi Pro (Guyuran),Gorengan Sepi (< 5M),Sepi (< 50%),Accumulation (Kumpul Barang),Spesialis Tiang Jemuran (Banting Pucuk),Normal,Naik 1 Hari Beruntun,TP: 1045 | CL: 795,Open = Low (Bullish Kuat),Ideal (1:2),6,WAIT & SEE,TIDAK ADA,2026-07-27 11:58:22
PRAY,Big Cap (Lapis 1),Overvalued (Mahal),54.624912,3.2170892,750.0,695,635,855,0.0,10100,Normal,58,Negatif,Uptrend,Bullish,Strong Bullish,Normal,Akumulasi (Naik),Normal,Dominan Jual (Guyur),Normal,Tinggi,Doji (Ragu-ragu),Rawan Pucuk (High Risk),< 1 Miliar,Di Atas VWAP (Kuat),Akumulasi Pro (Smart Money),Gorengan Sepi (< 5M),Sepi (< 50%),Mark-Up (Fase Pesta),Spesialis Tiang Jemuran (Banting Pucuk),Normal,Sideways / Stagnan,TP: 859 | CL: 676,Normal,Tidak Ideal (< 1:1),5,WAIT & SEE,TIDAK ADA,2026-07-27 11:58:22
PRDA,Mid Cap (Lapis 2),Undervalued (Murah),9.950249,0.87890404,2380.0,2451,2340,2850,0.0,106300,Normal,43,Negatif,Downtrend,Bearish,Strong Bearish,Normal,Distribusi (Turun),Normal,Dominan Beli (Hajar Kanan),Normal,Tinggi,Doji (Ragu-ragu),Dekat Support (Low Risk),< 1 Miliar,Persis di VWAP,Akumulasi Pro (Smart Money),Gorengan Sepi (< 5M),Sepi (< 50%),Mark-Down (Fase Runtuh),Normal,Jarum Bawah (Sinyal Pantulan Kuat),Sideways / Stagnan,TP: 2492 | CL: 2305,Normal,Sangat Menarik (> 1:3),1,WAIT & SEE,TIDAK ADA,2026-07-27 11:58:22
PSAT,Mid Cap (Lapis 2),Fair Value (Wajar),0.0,0.9536122,835.0,814,750,880,-1.7647058823529411,26900,Normal,53,Negatif,Uptrend,Bullish,Strong Bullish,Normal,Akumulasi (Naik),Normal,Dominan Jual (Guyur),Normal,Tinggi,Normal,Rawan Pucuk (High Risk),< 1 Miliar,Persis di VWAP,Akumulasi Pro (Smart Money),Gorengan Sepi (< 5M),Sepi (< 50%),Mark-Up (Fase Pesta),Normal,Normal,Turun 1 Hari Beruntun,TP: 888 | CL: 799,Normal,Tidak Ideal (< 1:1),5,WAIT & SEE,TIDAK ADA,2026-07-27 11:58:22
PSGO,Mid Cap (Lapis 2),Undervalued (Murah),8.636563,1.3229202,196.0,197,184,200,-1.0101010101010102,51900,Normal,47,Negatif,Downtrend,Death Cross,Bearish MACD,Normal,Distribusi (Turun),Normal,Dominan Jual (Guyur),Squeeze,Rendah,Normal,Area Tengah,< 1 Miliar,Di Bawah VWAP (Lemah),Distribusi Pro (Guyuran),Gorengan Sepi (< 5M),Normal (50-150%),Distribution (Fase Jualan),Normal,Normal,Turun 1 Hari Beruntun,TP: 201 | CL: 192,Normal,Tidak Ideal (< 1:1),0,WAIT & SEE,TIDAK ADA,2026-07-27 11:58:22
PTDU,Small Cap (Lapis 3),Fair Value (Wajar),11.330527,-9.019456,70.0,70,70,70,0.0,0,Normal,0,Negatif,Downtrend,Bearish,Bearish MACD,Normal,Netral,Normal,Tidak Ada Transaksi,Squeeze,Rendah,Doji (Ragu-ragu),Dekat Support (Low Risk),< 1 Miliar,Di Atas VWAP (Kuat),Netral,Gorengan Sepi (< 5M),Normal (50-150%),Sideways,Solid (Jarang Dibanting),Normal,Sideways / Stagnan,TP: 71 | CL: 69,Normal,Di Area Support,0,WAIT & SEE,TIDAK ADA,2026-07-27 11:58:23
PTMR,Small Cap (Lapis 3),Overvalued (Mahal),0.0,9.292156,374.0,374,374,374,0.0,0,Normal,0,Negatif,Downtrend,Bearish,Bearish MACD,Normal,Netral,Normal,Tidak Ada Transaksi,Squeeze,Rendah,Doji (Ragu-ragu),Dekat Support (Low Risk),< 1 Miliar,Di Atas VWAP (Kuat),Netral,Gorengan Sepi (< 5M),Normal (50-150%),Sideways,Solid (Jarang Dibanting),Normal,Sideways / Stagnan,TP: 375 | CL: 373,Normal,Di Area Support,0,WAIT & SEE,TIDAK ADA,2026-07-27 11:58:23
PTPS,Small Cap (Lapis 3),Fair Value (Wajar),0.0,1.6343011,136.0,133,110,153,-3.546099290780142,1669600,Tembus MA20,52,Negatif,Uptrend,Bullish,Strong Bullish,Normal,Distribusi (Turun),Normal,Seimbang / Adu Mekanik,Normal,Tinggi,Normal,Rawan Pucuk (High Risk),< 1 Miliar,Di Bawah VWAP (Lemah),Akumulasi Pro (Smart Money),Gorengan Sepi (< 5M),Normal (50-150%),Mark-Up (Fase Pesta),Normal,Normal,Turun 2 Hari Beruntun,TP: 145 | CL: 129,Open = High (Tekanan Jual),Tidak Ideal (< 1:1),5,WAIT & SEE,TIDAK ADA,2026-07-27 11:58:23
PTPW,Small Cap (Lapis 3),Undervalued (Murah),14.934883,1.4950166,1125.0,1168,1115,1368,0.4464285714285714,13700,Normal,49,Positif,Downtrend,Bearish,Bearish MACD,Normal,Akumulasi (Naik),Normal,Dominan Jual (Guyur),Normal,Tinggi,Doji (Ragu-ragu),Dekat Support (Low Risk),< 1 Miliar,Persis di VWAP,Distribusi Pro (Guyuran),Gorengan Sepi (< 5M),Normal (50-150%),Distribution (Fase Jualan),Normal,Normal,Naik 1 Hari Beruntun,TP: 1145 | CL: 1111,Normal,Sangat Menarik (> 1:3),2,WAIT & SEE,TIDAK ADA,2026-07-27 11:58:23
PTSN,Mid Cap (Lapis 2),Overvalued (Mahal),5.0256996,11000.0,262.0,244,226,266,1.550387596899225,106000,Normal,66,Positif,Uptrend,Bullish,Strong Bullish,Normal,Akumulasi (Naik),Normal,Dominan Beli (Hajar Kanan),Breakout Upper,Sedang,Normal,Rawan Pucuk (High Risk),< 1 Miliar,Di Atas VWAP (Kuat),Akumulasi Pro (Smart Money),Gorengan Sepi (< 5M),Sepi (< 50%),Mark-Up (Fase Pesta),Normal,Normal,Naik 3 Hari Beruntun,TP: 275 | CL: 253,Normal,Tidak Ideal (< 1:1),7,BELI,TIDAK ADA,2026-07-27 11:58:24
PTSP,Small Cap (Lapis 3),Undervalued (Murah),5.529419,1.0679437,905.0,887,855,940,-1.6304347826086956,1500,Normal,54,Negatif,Uptrend,Bullish,Strong Bullish,Normal,Akumulasi (Naik),Normal,Dominan Jual (Guyur),Normal,Sedang,Normal,Area Tengah,< 1 Miliar,Persis di VWAP,Akumulasi Pro (Smart Money),Gorengan Sepi (< 5M),Sepi (< 50%),Mark-Up (Fase Pesta),Normal,Normal,Turun 2 Hari Beruntun,TP: 956 | CL: 870,Open = High (Tekanan Jual),Tidak Ideal (< 1:1),5,WAIT & SEE,TIDAK ADA,2026-07-27 11:58:24
PUDP,Small Cap (Lapis 3),Fair Value (Wajar),0.0,0.38942116,302.0,294,268,338,0.6666666666666667,11300,Normal,53,Positif,Uptrend,Bullish,Strong Bullish,Normal,Akumulasi (Naik),Normal,Dominan Beli (Hajar Kanan),Normal,Sedang,Normal,Rawan Pucuk (High Risk),< 1 Miliar,Persis di VWAP,Distribusi Pro (Guyuran),Gorengan Sepi (< 5M),Sepi (< 50%),Accumulation (Kumpul Barang),Spesialis Tiang Jemuran (Banting Pucuk),Normal,Naik 1 Hari Beruntun,TP: 327 | CL: 284,Normal,Menengah (1:1),7,BELI,TIDAK ADA,2026-07-27 11:58:24
RAFI,Small Cap (Lapis 3),Fair Value (Wajar),0.0,0.46078822,36.0,36,36,36,0.0,0,Normal,0,Negatif,Downtrend,Bearish,Bearish MACD,Normal,Netral,Normal,Tidak Ada Transaksi,Squeeze,Rendah,Doji (Ragu-ragu),Dekat Support (Low Risk),< 1 Miliar,Di Atas VWAP (Kuat),Netral,Gorengan Sepi (< 5M),Normal (50-150%),Sideways,Solid (Jarang Dibanting),Normal,Sideways / Stagnan,TP: 37 | CL: 35,Normal,Di Area Support,0,WAIT & SEE,TIDAK ADA,2026-07-27 11:58:24
RANC,Small Cap (Lapis 3),Overvalued (Mahal),0.0,3.0891519,520.0,526,490,585,1.9607843137254901,5600,Normal,49,Positif,Downtrend,Bearish,Strong Bearish,Normal,Akumulasi (Naik),Normal,Seimbang / Adu Mekanik,Normal,Sedang,Normal,Area Tengah,< 1 Miliar,Persis di VWAP,Akumulasi Pro (Smart Money),Gorengan Sepi (< 5M),Sepi (< 50%),Distribution (Fase Jualan),Normal,Normal,Naik 1 Hari Beruntun,TP: 559 | CL: 493,Normal,Ideal (1:2),2,WAIT & SEE,TIDAK ADA,2026-07-27 11:58:24
RDTX,Mid Cap (Lapis 2),Undervalued (Murah),9.99001,1.113317,13800.0,13861,13500,15100,0.0,100,Normal,44,Negatif,Downtrend,Bearish,Bullish MACD,Normal,Akumulasi (Naik),Normal,Tidak Ada Transaksi,Squeeze,Rendah,Doji (Ragu-ragu),Dekat Support (Low Risk),< 1 Miliar,Persis di VWAP,Akumulasi Pro (Smart Money),Gorengan Sepi (< 5M),Sepi (< 50%),Mark-Down (Fase Runtuh),Normal,Normal,Sideways / Stagnan,TP: 14158 | CL: 13560,Normal,Sangat Menarik (> 1:3),2,WAIT & SEE,TIDAK ADA,2026-07-27 11:58:24
REAL,Small Cap (Lapis 3),Overvalued (Mahal),398.43747,0.90870214,51.0,50,49,66,0.0,100157600,Normal,53,Negatif,Uptrend,Bullish,Strong Bullish,Normal,Akumulasi (Naik),Normal,Seimbang / Adu Mekanik,Squeeze,Rendah,Normal,Dekat Support (Low Risk),> 1 Miliar,Di Bawah VWAP (Lemah),Distribusi Pro (Guyuran),Ritel Aktif (5M - 50M),Sepi (< 50%),Accumulation (Kumpul Barang),Spesialis Tiang Jemuran (Banting Pucuk),Normal,Sideways / Stagnan,TP: 54 | CL: 48,Normal,Sangat Menarik (> 1:3),5,WAIT & SEE,TIDAK ADA,2026-07-27 11:58:25
RIGS,Small Cap (Lapis 3),Overvalued (Mahal),4.8639503,9452.055,690.0,684,650,700,0.0,1000,Normal,54,Negatif,Uptrend,Bullish,Strong Bullish,Normal,Akumulasi (Naik),Normal,Tidak Ada Transaksi,Squeeze,Rendah,Doji (Ragu-ragu),Area Tengah,< 1 Miliar,Persis di VWAP,Distribusi Pro (Guyuran),Gorengan Sepi (< 5M),Sepi (< 50%),Mark-Up (Fase Pesta),Solid (Jarang Dibanting),Normal,Sideways / Stagnan,TP: 717 | CL: 671,Normal,Tidak Ideal (< 1:1),5,WAIT & SEE,TIDAK ADA,2026-07-27 11:58:25
ROCK,Mid Cap (Lapis 2),Overvalued (Mahal),77.23577,2.953281,1710.0,1773,1515,2010,-5.0,24700,Normal,44,Negatif,Downtrend,Bullish,Bullish MACD,Normal,Distribusi (Turun),Normal,Dominan Jual (Guyur),Normal,Tinggi,Normal,Rawan Pucuk (High Risk),< 1 Miliar,Di Bawah VWAP (Lemah),Distribusi Pro (Guyuran),Gorengan Sepi (< 5M),Normal (50-150%),Mark-Down (Fase Runtuh),Spesialis Tiang Jemuran (Banting Pucuk),Normal,Turun 3 Hari Beruntun,TP: 1901 | CL: 1582,Normal,Ideal (1:2),2,WAIT & SEE,TIDAK ADA,2026-07-27 11:58:25
RODA,Small Cap (Lapis 3),Fair Value (Wajar),0.0,0.44442502,61.0,59,50,72,0.0,3095200,Normal,52,Negatif,Uptrend,Bullish,Strong Bullish,Normal,Akumulasi (Naik),Normal,Seimbang / Adu Mekanik,Normal,Tinggi,Normal,Rawan Pucuk (High Risk),< 1 Miliar,Di Bawah VWAP (Lemah),Distribusi Pro (Guyuran),Gorengan Sepi (< 5M),Sepi (< 50%),Mark-Up (Fase Pesta),Spesialis Tiang Jemuran (Banting Pucuk),Normal,Sideways / Stagnan,TP: 69 | CL: 55,Normal,Menengah (1:1),5,WAIT & SEE,TIDAK ADA,2026-07-27 11:58:25
RONY,Mid Cap (Lapis 2),Overvalued (Mahal),0.0,320.65625,1290.0,1146,880,2110,-4.797047970479705,31000,Normal,54,Negatif,Uptrend,Bullish,Strong Bullish,Normal,Distribusi (Turun),Normal,Dominan Jual (Guyur),Normal,Tinggi,Normal,Rawan Pucuk (High Risk),< 1 Miliar,Di Bawah VWAP (Lemah),Distribusi Pro (Guyuran),Gorengan Sepi (< 5M),Sepi (< 50%),Mark-Up (Fase Pesta),Spesialis Tiang Jemuran (Banting Pucuk),Normal,Turun 5 Hari Beruntun,TP: 1592 | CL: 1088,Normal,Ideal (1:2),4,WAIT & SEE,TIDAK ADA,2026-07-27 11:58:25
ROTI,Mid Cap (Lapis 2),Fair Value (Wajar),14.363723,1.6645161,605.0,608,595,625,0.8333333333333334,158300,Normal,51,Positif,Downtrend,Bearish,Bearish MACD,Normal,Distribusi (Turun),Normal,Seimbang / Adu Mekanik,Squeeze,Rendah,Doji (Ragu-ragu),Dekat Support (Low Risk),< 1 Miliar,Persis di VWAP,Distribusi Pro (Guyuran),Gorengan Sepi (< 5M),Sepi (< 50%),Distribution (Fase Jualan),Spesialis Tiang Jemuran (Banting Pucuk),Normal,Naik 1 Hari Beruntun,TP: 622 | CL: 593,Normal,Ideal (1:2),2,WAIT & SEE,TIDAK ADA,2026-07-27 11:58:25
RSGK,Small Cap (Lapis 3),Overvalued (Mahal),25.065275,1.0647701,960.0,1065,875,1325,0.0,1700,Normal,43,Negatif,Downtrend,Bearish,Strong Bearish,Normal,Distribusi (Turun),Normal,Dominan Jual (Guyur),Normal,Tinggi,Normal,Area Tengah,< 1 Miliar,Di Bawah VWAP (Lemah),Distribusi Pro (Guyuran),Gorengan Sepi (< 5M),Sepi (< 50%),Distribution (Fase Jualan),Normal,Normal,Sideways / Stagnan,TP: 1101 | CL: 865,Open = High (Tekanan Jual),Sangat Menarik (> 1:3),0,WAIT & SEE,TIDAK ADA,2026-07-27 11:58:26
RUNS,Small Cap (Lapis 3),Fair Value (Wajar),0.0,1.1810812,66.0,69,63,79,-1.4925373134328357,135600,Normal,39,Negatif,Downtrend,Bearish,Bullish MACD,Normal,Distribusi (Turun),Normal,Seimbang / Adu Mekanik,Bottom Rebound,Sedang,Normal,Area Tengah,< 1 Miliar,Di Bawah VWAP (Lemah),Distribusi Pro (Guyuran),Gorengan Sepi (< 5M),Sepi (< 50%),Mark-Down (Fase Runtuh),Normal,Normal,Turun 2 Hari Beruntun,TP: 74 | CL: 60,Open = High (Tekanan Jual),Sangat Menarik (> 1:3),1,WAIT & SEE,TIDAK ADA,2026-07-27 11:58:26
SAFE,Small Cap (Lapis 3),Overvalued (Mahal),6.7293777,4.4101434,372.0,353,270,384,-2.6178010471204187,28200,Normal,63,Negatif,Uptrend,Bullish,Strong Bullish,Normal,Akumulasi (Naik),Normal,Seimbang / Adu Mekanik,Normal,Tinggi,Normal,Rawan Pucuk (High Risk),< 1 Miliar,Persis di VWAP,Akumulasi Pro (Smart Money),Gorengan Sepi (< 5M),Sepi (< 50%),Mark-Up (Fase Pesta),Normal,Normal,Turun 1 Hari Beruntun,TP: 401 | CL: 352,Open = High (Tekanan Jual),Tidak Ideal (< 1:1),5,WAIT & SEE,TIDAK ADA,2026-07-27 11:58:26
SAMF,Mid Cap (Lapis 2),Fair Value (Wajar),11.285007,1.5027038,274.0,278,268,288,-2.142857142857143,16400,Normal,45,Negatif,Downtrend,Bullish,Strong Bullish,Normal,Distribusi (Turun),Normal,Seimbang / Adu Mekanik,Squeeze,Rendah,Normal,Dekat Support (Low Risk),< 1 Miliar,Di Bawah VWAP (Lemah),Distribusi Pro (Guyuran),Gorengan Sepi (< 5M),Sepi (< 50%),Distribution (Fase Jualan),Normal,Normal,Turun 1 Hari Beruntun,TP: 284 | CL: 267,Open = High (Tekanan Jual),Ideal (1:2),2,WAIT & SEE,TIDAK ADA,2026-07-27 11:58:26
SBAT,Small Cap (Lapis 3),Fair Value (Wajar),0.0,0.03221857,1.0,1,1,1,0.0,0,Normal,0,Negatif,Downtrend,Bearish,Bearish MACD,Normal,Netral,Normal,Tidak Ada Transaksi,Squeeze,Rendah,Doji (Ragu-ragu),Dekat Support (Low Risk),< 1 Miliar,Di Atas VWAP (Kuat),Netral,Gorengan Sepi (< 5M),Normal (50-150%),Sideways,Solid (Jarang Dibanting),Normal,Sideways / Stagnan,TP: 2 | CL: 0,Normal,Di Area Support,0,WAIT & SEE,TIDAK ADA,2026-07-27 11:58:26
SCCO,Mid Cap (Lapis 2),Undervalued (Murah),5.957067,0.32716167,2270.0,2254,2130,2450,-0.8733624454148471,2800,Normal,52,Negatif,Uptrend,Bullish,Strong Bullish,Normal,Akumulasi (Naik),Gap Up (+2.2%),Dominan Jual (Guyur),Normal,Sedang,Normal,Area Tengah,< 1 Miliar,Di Bawah VWAP (Lemah),Distribusi Pro (Guyuran),Gorengan Sepi (< 5M),Sepi (< 50%),Mark-Up (Fase Pesta),Spesialis Tiang Jemuran (Banting Pucuk),Normal,Turun 2 Hari Beruntun,TP: 2362 | CL: 2208,Open = High (Tekanan Jual),Menengah (1:1),6,WAIT & SEE,TIDAK ADA,2026-07-27 11:58:27
SDRA,Mid Cap (Lapis 2),Fair Value (Wajar),0.0,0.23355347,208.0,209,200,220,0.0,20300,Normal,44,Negatif,Downtrend,Bearish,Bullish MACD,Normal,Distribusi (Turun),Normal,Seimbang / Adu Mekanik,Squeeze,Rendah,Normal,Area Tengah,< 1 Miliar,Persis di VWAP,Distribusi Pro (Guyuran),Gorengan Sepi (< 5M),Sepi (< 50%),Mark-Down (Fase Runtuh),Solid (Jarang Dibanting),Normal,Sideways / Stagnan,TP: 217 | CL: 201,Open = High (Tekanan Jual),Ideal (1:2),1,WAIT & SEE,TIDAK ADA,2026-07-27 11:58:27
SFAN,Mid Cap (Lapis 2),Overvalued (Mahal),0.0,26.700161,1945.0,1965,1935,1980,-0.2564102564102564,7200,Normal,34,Negatif,Downtrend,Bearish,Strong Bearish,Normal,Distribusi (Turun),Normal,Dominan Jual (Guyur),Squeeze,Rendah,Normal,Dekat Support (Low Risk),< 1 Miliar,Persis di VWAP,Akumulasi Pro (Smart Money),Gorengan Sepi (< 5M),Sepi (< 50%),Distribution (Fase Jualan),Normal,Normal,Turun 2 Hari Beruntun,TP: 1962 | CL: 1933,Open = High (Tekanan Jual),Sangat Menarik (> 1:3),0,WAIT & SEE,TIDAK ADA,2026-07-27 11:58:27
SGRO,Mid Cap (Lapis 2),Fair Value (Wajar),21.366964,1.1554983,3270.0,2987,2351,3390,0.0,9500,Normal,64,Negatif,Uptrend,Bullish,Strong Bullish,Normal,Akumulasi (Naik),Normal,Dominan Beli (Hajar Kanan),Normal,Tinggi,Doji (Ragu-ragu),Rawan Pucuk (High Risk),< 1 Miliar,Persis di VWAP,Akumulasi Pro (Smart Money),Gorengan Sepi (< 5M),Sepi (< 50%),Mark-Up (Fase Pesta),Normal,Jarum Bawah (Sinyal Pantulan Kuat),Sideways / Stagnan,TP: 3462 | CL: 3141,Normal,Tidak Ideal (< 1:1),6,WAIT & SEE,TIDAK ADA,2026-07-27 11:58:27
SHID,Small Cap (Lapis 3),Fair Value (Wajar),0.0,0.9761502,615.0,579,540,660,2.5,3800,Normal,55,Positif,Uptrend,Bullish,Bullish MACD,Normal,Akumulasi (Naik),Gap Up (+5.8%),Seimbang / Adu Mekanik,Breakout Upper,Sedang,Normal,Rawan Pucuk (High Risk),< 1 Miliar,Di Atas VWAP (Kuat),Akumulasi Pro (Smart Money),Gorengan Sepi (< 5M),Sepi (< 50%),Accumulation (Kumpul Barang),Spesialis Tiang Jemuran (Banting Pucuk),Normal,Naik 1 Hari Beruntun,TP: 677 | CL: 573,Open = High (Tekanan Jual),Tidak Ideal (< 1:1),7,BELI,TIDAK ADA,2026-07-27 11:58:27
SHIP,Mid Cap (Lapis 2),Overvalued (Mahal),13.937283,31578.947,1750.0,1708,1500,1995,0.0,2000,Normal,51,Negatif,Uptrend,Bullish,Bullish MACD,Normal,Akumulasi (Naik),Normal,Dominan Beli (Hajar Kanan),Normal,Sedang,Doji (Ragu-ragu),Rawan Pucuk (High Risk),< 1 Miliar,Di Atas VWAP (Kuat),Akumulasi Pro (Smart Money),Gorengan Sepi (< 5M),Sepi (< 50%),Mark-Up (Fase Pesta),Spesialis Tiang Jemuran (Banting Pucuk),Jarum Bawah (Sinyal Pantulan Kuat),Sideways / Stagnan,TP: 1924 | CL: 1633,Normal,Tidak Ideal (< 1:1),6,WAIT & SEE,TIDAK ADA,2026-07-27 11:58:28
SICO,Small Cap (Lapis 3),Undervalued (Murah),11.80314,0.76007956,112.0,107,97,119,0.0,535000,Normal,59,Negatif,Uptrend,Bullish,Strong Bullish,Normal,Akumulasi (Naik),Normal,Dominan Beli (Hajar Kanan),Normal,Tinggi,Doji (Ragu-ragu),Rawan Pucuk (High Risk),< 1 Miliar,Di Bawah VWAP (Lemah),Distribusi Pro (Guyuran),Gorengan Sepi (< 5M),Sepi (< 50%),Mark-Up (Fase Pesta),Normal,Jarum Bawah (Sinyal Pantulan Kuat),Sideways / Stagnan,TP: 119 | CL: 107,Normal,Tidak Ideal (< 1:1),6,WAIT & SEE,TIDAK ADA,2026-07-27 11:58:28
SILO,Big Cap (Lapis 1),Fair Value (Wajar),22.868788,2.6293797,2020.0,2156,2000,2270,-0.9803921568627451,68100,Normal,30,Negatif,Downtrend,Bearish,Strong Bearish,Normal,Distribusi (Turun),Normal,Seimbang / Adu Mekanik,Normal,Sedang,Normal,Dekat Support (Low Risk),< 1 Miliar,Di Bawah VWAP (Lemah),Akumulasi Pro (Smart Money),Gorengan Sepi (< 5M),Sepi (< 50%),Mark-Down (Fase Runtuh),Normal,Normal,Turun 4 Hari Beruntun,TP: 2120 | CL: 1952,Open = High (Tekanan Jual),Sangat Menarik (> 1:3),0,WAIT & SEE,TIDAK ADA,2026-07-27 11:58:28
SINI,Mid Cap (Lapis 2),Fair Value (Wajar),0.0,-4.9156656,7775.0,6725,5500,8100,4.013377926421405,707800,Normal,52,Positif,Uptrend,Golden Cross,Bullish MACD,Normal,Akumulasi (Naik),Gap Up (+4.0%),Tidak Ada Transaksi,Normal,Tinggi,Doji (Ragu-ragu),Rawan Pucuk (High Risk),> 1 Miliar,Di Atas VWAP (Kuat),Distribusi Pro (Guyuran),Ritel Aktif (5M - 50M),Sepi (< 50%),Accumulation (Kumpul Barang),Solid (Jarang Dibanting),Normal,Naik 3 Hari Beruntun,TP: 8742 | CL: 7130,Normal,Tidak Ideal (< 1:1),7,BELI,TIDAK ADA,2026-07-27 11:58:28
SIPD,Mid Cap (Lapis 2),Overvalued (Mahal),36.243385,0.9971889,685.0,692,630,715,-2.142857142857143,5400,Normal,42,Negatif,Downtrend,Bearish,Bullish MACD,Normal,Akumulasi (Naik),Normal,Dominan Jual (Guyur),Squeeze,Rendah,Normal,Area Tengah,< 1 Miliar,Persis di VWAP,Akumulasi Pro (Smart Money),Gorengan Sepi (< 5M),Sepi (< 50%),Mark-Down (Fase Runtuh),Solid (Jarang Dibanting),Normal,Turun 1 Hari Beruntun,TP: 730 | CL: 655,Open = High (Tekanan Jual),Tidak Ideal (< 1:1),2,WAIT & SEE,TIDAK ADA,2026-07-27 11:58:28
SKBM,Small Cap (Lapis 3),Undervalued (Murah),7.986267,0.88389134,535.0,562,412,770,-2.727272727272727,77500,Normal,46,Negatif,Downtrend,Death Cross,Bearish MACD,Normal,Distribusi (Turun),Normal,Dominan Jual (Guyur),Normal,Tinggi,Normal,Rawan Pucuk (High Risk),< 1 Miliar,Di Bawah VWAP (Lemah),Distribusi Pro (Guyuran),Gorengan Sepi (< 5M),Sepi (< 50%),Distribution (Fase Jualan),Normal,Normal,Turun 2 Hari Beruntun,TP: 635 | CL: 467,Open = High (Tekanan Jual),Ideal (1:2),0,WAIT & SEE,TIDAK ADA,2026-07-27 11:58:29
SKRN,Mid Cap (Lapis 2),Overvalued (Mahal),16.526947,4.311602,414.0,380,326,438,1.9704433497536946,112100,Normal,62,Positif,Uptrend,Bullish,Strong Bullish,Normal,Akumulasi (Naik),Normal,Seimbang / Adu Mekanik,Normal,Tinggi,Normal,Rawan Pucuk (High Risk),< 1 Miliar,Persis di VWAP,Akumulasi Pro (Smart Money),Gorengan Sepi (< 5M),Sepi (< 50%),Mark-Up (Fase Pesta),Spesialis Tiang Jemuran (Banting Pucuk),Normal,Naik 1 Hari Beruntun,TP: 448 | CL: 391,Open = Low (Bullish Kuat),Tidak Ideal (< 1:1),6,WAIT & SEE,TIDAK ADA,2026-07-27 11:58:29
SMAR,Big Cap (Lapis 1),Undervalued (Murah),4.904365,0.69122815,5600.0,5181,4590,5725,0.0,7900,Normal,70,Negatif,Uptrend,Bullish,Strong Bullish,Normal,Akumulasi (Naik),Normal,Dominan Beli (Hajar Kanan),Normal,Tinggi,Hammer (Potensi Reversal),Rawan Pucuk (High Risk),< 1 Miliar,Di Atas VWAP (Kuat),Akumulasi Pro (Smart Money),Gorengan Sepi (< 5M),Sepi (< 50%),Mark-Up (Fase Pesta),Spesialis Tiang Jemuran (Banting Pucuk),Jarum Bawah (Sinyal Pantulan Kuat),Sideways / Stagnan,TP: 5869 | CL: 5420,Normal,Tidak Ideal (< 1:1),6,WAIT & SEE,TIDAK ADA,2026-07-27 11:58:29
SMCB,Mid Cap (Lapis 2),Undervalued (Murah),9.337349,0.52530867,775.0,775,775,775,0.0,0,Normal,100,Negatif,Downtrend,Bearish,Bearish MACD,Normal,Netral,Normal,Tidak Ada Transaksi,Squeeze,Rendah,Doji (Ragu-ragu),Dekat Support (Low Risk),< 1 Miliar,Di Atas VWAP (Kuat),Netral,Gorengan Sepi (< 5M),Normal (50-150%),Sideways,Solid (Jarang Dibanting),Normal,Sideways / Stagnan,TP: 776 | CL: 774,Normal,Di Area Support,1,WAIT & SEE,TIDAK ADA,2026-07-27 11:58:29
SMDM,Mid Cap (Lapis 2),Overvalued (Mahal),79.24264,1.1672661,565.0,567,530,615,-0.8771929824561403,38800,Normal,51,Negatif,Downtrend,Bullish,Bearish MACD,Normal,Distribusi (Turun),Normal,Dominan Beli (Hajar Kanan),Squeeze,Rendah,Doji (Ragu-ragu),Area Tengah,< 1 Miliar,Persis di VWAP,Akumulasi Pro (Smart Money),Gorengan Sepi (< 5M),Normal (50-150%),Distribution (Fase Jualan),Solid (Jarang Dibanting),Jarum Bawah (Sinyal Pantulan Kuat),Turun 2 Hari Beruntun,TP: 593 | CL: 545,Normal,Menengah (1:1),3,WAIT & SEE,TIDAK ADA,2026-07-27 11:58:29
SMMA,Big Cap (Lapis 1),Overvalued (Mahal),63.694267,4.9559402,20500.0,21107,20000,22000,0.0,100,Normal,40,Negatif,Downtrend,Bearish,Strong Bearish,Normal,Distribusi (Turun),Normal,Tidak Ada Transaksi,Normal,Sedang,Doji (Ragu-ragu),Dekat Support (Low Risk),< 1 Miliar,Persis di VWAP,Akumulasi Pro (Smart Money),Gorengan Sepi (< 5M),Sepi (< 50%),Distribution (Fase Jualan),Solid (Jarang Dibanting),Normal,Sideways / Stagnan,TP: 20968 | CL: 20187,Normal,Sangat Menarik (> 1:3),0,WAIT & SEE,TIDAK ADA,2026-07-27 11:58:29
SMMT,Mid Cap (Lapis 2),Overvalued (Mahal),128.49162,184000.0,1835.0,1809,1700,2010,-5.167958656330749,89100,Tembus MA20,51,Negatif,Uptrend,Bullish,Strong Bullish,Normal,Akumulasi (Naik),Gap Up (+3.4%),Dominan Jual (Guyur),Normal,Sedang,Normal,Area Tengah,< 1 Miliar,Di Bawah VWAP (Lemah),Distribusi Pro (Guyuran),Gorengan Sepi (< 5M),Normal (50-150%),Mark-Up (Fase Pesta),Spesialis Tiang Jemuran (Banting Pucuk),Normal,Turun 1 Hari Beruntun,TP: 1963 | CL: 1749,Normal,Menengah (1:1),7,BELI,TIDAK ADA,2026-07-27 11:58:30
SOFA,Small Cap (Lapis 3),Overvalued (Mahal),0.0,9.25808,218.0,219,186,254,-0.9090909090909091,269500,Normal,41,Negatif,Downtrend,Bullish,Bullish MACD,Normal,Distribusi (Turun),Gap Down (-2.7%),Seimbang / Adu Mekanik,Normal,Tinggi,Normal,Rawan Pucuk (High Risk),< 1 Miliar,Di Bawah VWAP (Lemah),Akumulasi Pro (Smart Money),Gorengan Sepi (< 5M),Sepi (< 50%),Mark-Down (Fase Runtuh),Normal,Normal,Turun 2 Hari Beruntun,TP: 240 | CL: 202,Normal,Menengah (1:1),2,WAIT & SEE,TIDAK ADA,2026-07-27 11:58:30
SOHO,Big Cap (Lapis 1),Overvalued (Mahal),22.98077,5.469633,1195.0,1172,1030,1345,0.42016806722689076,9300,Normal,48,Positif,Uptrend,Bullish,Bullish MACD,Normal,Akumulasi (Naik),Normal,Dominan Jual (Guyur),Normal,Tinggi,Doji (Ragu-ragu),Rawan Pucuk (High Risk),< 1 Miliar,Di Bawah VWAP (Lemah),Distribusi Pro (Guyuran),Gorengan Sepi (< 5M),Sepi (< 50%),Accumulation (Kumpul Barang),Spesialis Tiang Jemuran (Banting Pucuk),Normal,Naik 1 Hari Beruntun,TP: 1304 | CL: 1122,Normal,Tidak Ideal (< 1:1),5,WAIT & SEE,TIDAK ADA,2026-07-27 11:58:30
SONA,Mid Cap (Lapis 2),Fair Value (Wajar),18.69159,2.186138,2420.0,2257,2190,2480,0.4149377593360996,5600,Normal,77,Positif,Uptrend,Bullish,Strong Bullish,Normal,Akumulasi (Naik),Normal,Seimbang / Adu Mekanik,Breakout Upper,Sedang,Normal,Rawan Pucuk (High Risk),< 1 Miliar,Di Atas VWAP (Kuat),Akumulasi Pro (Smart Money),Gorengan Sepi (< 5M),Sepi (< 50%),Mark-Up (Fase Pesta),Spesialis Tiang Jemuran (Banting Pucuk),Jarum Bawah (Sinyal Pantulan Kuat),Naik 5 Hari Beruntun,TP: 2490 | CL: 2372,Normal,Tidak Ideal (< 1:1),6,WAIT & SEE,TIDAK ADA,2026-07-27 11:58:30
SOSS,Small Cap (Lapis 3),Overvalued (Mahal),21.93032,5.750397,970.0,899,635,1105,-0.5128205128205128,700,Normal,59,Negatif,Uptrend,Bullish,Strong Bullish,Normal,Akumulasi (Naik),Normal,Tidak Ada Transaksi,Normal,Tinggi,Doji (Ragu-ragu),Rawan Pucuk (High Risk),< 1 Miliar,Di Atas VWAP (Kuat),Akumulasi Pro (Smart Money),Gorengan Sepi (< 5M),Sepi (< 50%),Mark-Up (Fase Pesta),Solid (Jarang Dibanting),Normal,Turun 1 Hari Beruntun,TP: 1058 | CL: 911,Normal,Tidak Ideal (< 1:1),5,WAIT & SEE,TIDAK ADA,2026-07-27 11:58:30
SOTS,Small Cap (Lapis 3),Overvalued (Mahal),0.0,3.5963376,610.0,608,565,675,-0.8130081300813009,46800,Normal,45,Negatif,Uptrend,Bullish,Bullish MACD,Normal,Akumulasi (Naik),Gap Up (+4.1%),Dominan Jual (Guyur),Normal,Sedang,Normal,Area Tengah,< 1 Miliar,Di Bawah VWAP (Lemah),Distribusi Pro (Guyuran),Gorengan Sepi (< 5M),Sepi (< 50%),Accumulation (Kumpul Barang),Spesialis Tiang Jemuran (Banting Pucuk),Normal,Turun 2 Hari Beruntun,TP: 667 | CL: 571,Open = High (Tekanan Jual),Menengah (1:1),5,WAIT & SEE,TIDAK ADA,2026-07-27 11:58:30
SOUL,Small Cap (Lapis 3),Fair Value (Wajar),0.0,1.1351086,37.0,37,37,41,0.0,0,Normal,43,Negatif,Downtrend,Bearish,Bullish MACD,Normal,Netral,Normal,Tidak Ada Transaksi,Squeeze,Rendah,Doji (Ragu-ragu),Dekat Support (Low Risk),< 1 Miliar,Di Atas VWAP (Kuat),Netral,Gorengan Sepi (< 5M),Normal (50-150%),Sideways,Solid (Jarang Dibanting),Normal,Sideways / Stagnan,TP: 38 | CL: 36,Normal,Di Area Support,1,WAIT & SEE,TIDAK ADA,2026-07-27 11:58:31
SPTO,Mid Cap (Lapis 2),Undervalued (Murah),6.5664997,0.9117982,590.0,582,550,615,-0.8403361344537815,281600,Normal,60,Negatif,Uptrend,Bullish,Strong Bullish,Normal,Akumulasi (Naik),Normal,Dominan Jual (Guyur),Normal,Sedang,Normal,Area Tengah,< 1 Miliar,Di Bawah VWAP (Lemah),Akumulasi Pro (Smart Money),Gorengan Sepi (< 5M),Sepi (< 50%),Mark-Up (Fase Pesta),Solid (Jarang Dibanting),Normal,Turun 2 Hari Beruntun,TP: 607 | CL: 578,Open = High (Tekanan Jual),Tidak Ideal (< 1:1),5,WAIT & SEE,TIDAK ADA,2026-07-27 11:58:31
SRAJ,Big Cap (Lapis 1),Overvalued (Mahal),0.0,106.556816,10825.0,11018,10650,12950,-1.5909090909090908,500,Normal,41,Negatif,Downtrend,Bearish,Bullish MACD,Normal,Akumulasi (Naik),Normal,Tidak Ada Transaksi,Squeeze,Rendah,Doji (Ragu-ragu),Dekat Support (Low Risk),< 1 Miliar,Di Bawah VWAP (Lemah),Akumulasi Pro (Smart Money),Gorengan Sepi (< 5M),Sepi (< 50%),Mark-Down (Fase Runtuh),Spesialis Tiang Jemuran (Banting Pucuk),Normal,Turun 1 Hari Beruntun,TP: 11502 | CL: 10373,Normal,Sangat Menarik (> 1:3),2,WAIT & SEE,TIDAK ADA,2026-07-27 11:58:31
SSTM,Small Cap (Lapis 3),Fair Value (Wajar),0.0,2.218073,392.0,391,362,460,0.5128205128205128,546200,Tembus MA20,46,Positif,Uptrend,Bullish,Bullish MACD,Normal,Akumulasi (Naik),Normal,Seimbang / Adu Mekanik,Normal,Sedang,Doji (Ragu-ragu),Area Tengah,< 1 Miliar,Di Bawah VWAP (Lemah),Akumulasi Pro (Smart Money),Gorengan Sepi (< 5M),Normal (50-150%),Accumulation (Kumpul Barang),Spesialis Tiang Jemuran (Banting Pucuk),Normal,Naik 1 Hari Beruntun,TP: 427 | CL: 368,Normal,Ideal (1:2),6,WAIT & SEE,TIDAK ADA,2026-07-27 11:58:31
STTP,Big Cap (Lapis 1),Fair Value (Wajar),11.25731,1.6744477,9625.0,9961,9525,10375,-3.75,200,Normal,42,Negatif,Downtrend,Bearish,Bearish MACD,Normal,Akumulasi (Naik),Gap Down (-3.5%),Dominan Jual (Guyur),Bottom Rebound,Sedang,Normal,Dekat Support (Low Risk),< 1 Miliar,Di Bawah VWAP (Lemah),Akumulasi Pro (Smart Money),Gorengan Sepi (< 5M),Sepi (< 50%),Distribution (Fase Jualan),Solid (Jarang Dibanting),Normal,Turun 1 Hari Beruntun,TP: 9903 | CL: 9439,Open = High (Tekanan Jual),Sangat Menarik (> 1:3),1,WAIT & SEE,TIDAK ADA,2026-07-27 11:58:31
SUNI,Mid Cap (Lapis 2),Fair Value (Wajar),11.173647,1.8737404,675.0,617,585,680,0.0,606800,Normal,67,Negatif,Uptrend,Bullish,Strong Bullish,Normal,Distribusi (Turun),Normal,Dominan Beli (Hajar Kanan),Breakout Upper,Tinggi,Doji (Ragu-ragu),Rawan Pucuk (High Risk),< 1 Miliar,Di Atas VWAP (Kuat),Akumulasi Pro (Smart Money),Gorengan Sepi (< 5M),Normal (50-150%),Accumulation (Kumpul Barang),Normal,Jarum Bawah (Sinyal Pantulan Kuat),Sideways / Stagnan,TP: 710 | CL: 651,Normal,Tidak Ideal (< 1:1),5,WAIT & SEE,TIDAK ADA,2026-07-27 11:58:31
SUPR,Big Cap (Lapis 1),Overvalued (Mahal),46.2963,6.218223,43850.0,43850,43850,43850,0.0,0,Normal,0,Negatif,Downtrend,Bearish,Bearish MACD,Normal,Netral,Normal,Tidak Ada Transaksi,Squeeze,Rendah,Doji (Ragu-ragu),Dekat Support (Low Risk),< 1 Miliar,Di Atas VWAP (Kuat),Netral,Gorengan Sepi (< 5M),Normal (50-150%),Sideways,Solid (Jarang Dibanting),Normal,Sideways / Stagnan,TP: 43851 | CL: 43849,Normal,Di Area Support,0,WAIT & SEE,TIDAK ADA,2026-07-27 11:58:32
SURE,Mid Cap (Lapis 2),Fair Value (Wajar),0.0,-13.107152,2770.0,2771,2590,3000,-1.4234875444839856,1300,Normal,49,Negatif,Downtrend,Bearish,Strong Bearish,Normal,Akumulasi (Naik),Normal,Dominan Jual (Guyur),Squeeze,Rendah,Normal,Area Tengah,< 1 Miliar,Persis di VWAP,Distribusi Pro (Guyuran),Gorengan Sepi (< 5M),Sepi (< 50%),Mark-Down (Fase Runtuh),Spesialis Tiang Jemuran (Banting Pucuk),Normal,Turun 1 Hari Beruntun,TP: 2898 | CL: 2684,Open = High (Tekanan Jual),Menengah (1:1),1,WAIT & SEE,TIDAK ADA,2026-07-27 11:58:32
SWAT,Small Cap (Lapis 3),Undervalued (Murah),5.082592,0.795545,16.0,16,16,16,0.0,0,Normal,0,Negatif,Downtrend,Bearish,Bearish MACD,Normal,Netral,Normal,Tidak Ada Transaksi,Squeeze,Rendah,Doji (Ragu-ragu),Dekat Support (Low Risk),< 1 Miliar,Di Atas VWAP (Kuat),Netral,Gorengan Sepi (< 5M),Normal (50-150%),Sideways,Solid (Jarang Dibanting),Normal,Sideways / Stagnan,TP: 17 | CL: 15,Normal,Di Area Support,0,WAIT & SEE,TIDAK ADA,2026-07-27 11:58:32
SWID,Small Cap (Lapis 3),Fair Value (Wajar),0.0,1.9341985,100.0,93,85,123,-0.9900990099009901,609800,Normal,56,Negatif,Uptrend,Bullish,Strong Bullish,Normal,Akumulasi (Naik),Normal,Dominan Beli (Hajar Kanan),Normal,Tinggi,Normal,Rawan Pucuk (High Risk),< 1 Miliar,Di Bawah VWAP (Lemah),Distribusi Pro (Guyuran),Gorengan Sepi (< 5M),Sepi (< 50%),Mark-Up (Fase Pesta),Normal,Normal,Turun 3 Hari Beruntun,TP: 109 | CL: 93,Normal,Ideal (1:2),6,WAIT & SEE,TIDAK ADA,2026-07-27 11:58:32
TALF,Small Cap (Lapis 3),Overvalued (Mahal),39.776463,0.63223743,605.0,599,497,645,0.0,153200,Tembus MA20,45,Negatif,Uptrend,Bullish,Bullish MACD,Normal,Distribusi (Turun),Normal,Dominan Jual (Guyur),Normal,Sedang,Normal,Rawan Pucuk (High Risk),< 1 Miliar,Persis di VWAP,Distribusi Pro (Guyuran),Gorengan Sepi (< 5M),Anomali Tinggi (150-300%),Accumulation (Kumpul Barang),Normal,Normal,Sideways / Stagnan,TP: 646 | CL: 577,Open = High (Tekanan Jual),Tidak Ideal (< 1:1),4,WAIT & SEE,TIDAK ADA,2026-07-27 11:58:32
TAYS,Small Cap (Lapis 3),Undervalued (Murah),8.343067,1.2359105,50.0,50,50,50,0.0,0,Normal,17,Negatif,Downtrend,Bearish,Bullish MACD,Normal,Netral,Normal,Tidak Ada Transaksi,Squeeze,Rendah,Doji (Ragu-ragu),Dekat Support (Low Risk),< 1 Miliar,Di Atas VWAP (Kuat),Netral,Gorengan Sepi (< 5M),Normal (50-150%),Sideways,Solid (Jarang Dibanting),Normal,Sideways / Stagnan,TP: 51 | CL: 49,Normal,Di Area Support,1,WAIT & SEE,TIDAK ADA,2026-07-27 11:58:33
TBIG,Big Cap (Lapis 1),Fair Value (Wajar),21.499361,2.4152942,1350.0,1413,1340,1520,-1.8181818181818181,239200,Normal,38,Negatif,Downtrend,Bearish,Strong Bearish,Normal,Distribusi (Turun),Normal,Dominan Jual (Guyur),Squeeze,Rendah,Normal,Dekat Support (Low Risk),< 1 Miliar,Di Bawah VWAP (Lemah),Distribusi Pro (Guyuran),Gorengan Sepi (< 5M),Normal (50-150%),Distribution (Fase Jualan),Normal,Normal,Turun 5 Hari Beruntun,TP: 1403 | CL: 1314,Open = High (Tekanan Jual),Sangat Menarik (> 1:3),0,WAIT & SEE,TIDAK ADA,2026-07-27 11:58:33
TBMS,Small Cap (Lapis 3),Overvalued (Mahal),63684.21,11308.411,1210.0,1215,1155,1270,0.4149377593360996,2300,Normal,47,Positif,Downtrend,Bullish,Strong Bearish,Normal,Distribusi (Turun),Normal,Dominan Beli (Hajar Kanan),Squeeze,Rendah,Doji (Ragu-ragu),Area Tengah,< 1 Miliar,Persis di VWAP,Akumulasi Pro (Smart Money),Gorengan Sepi (< 5M),Sepi (< 50%),Mark-Down (Fase Runtuh),Spesialis Tiang Jemuran (Banting Pucuk),Jarum Bawah (Sinyal Pantulan Kuat),Naik 1 Hari Beruntun,TP: 1251 | CL: 1182,Normal,Menengah (1:1),3,WAIT & SEE,TIDAK ADA,2026-07-27 11:58:33
TCID,Mid Cap (Lapis 2),Overvalued (Mahal),99.71306,0.6094604,2780.0,2772,2670,2850,0.7246376811594203,500,Normal,51,Positif,Uptrend,Bearish,Bullish MACD,Normal,Distribusi (Turun),Gap Down (-2.2%),Dominan Beli (Hajar Kanan),Squeeze,Rendah,Marubozu (Strong Bullish),Area Tengah,< 1 Miliar,Persis di VWAP,Distribusi Pro (Guyuran),Gorengan Sepi (< 5M),Sepi (< 50%),Accumulation (Kumpul Barang),Normal,Normal,Naik 1 Hari Beruntun,TP: 2875 | CL: 2716,Open = Low (Bullish Kuat),Tidak Ideal (< 1:1),5,WAIT & SEE,TIDAK ADA,2026-07-27 11:58:33
TEBE,Mid Cap (Lapis 2),Undervalued (Murah),9.310407,1.0924563,1050.0,1022,935,1145,0.0,422200,Normal,53,Negatif,Uptrend,Bullish,Strong Bullish,Normal,Akumulasi (Naik),Normal,Dominan Beli (Hajar Kanan),Normal,Tinggi,Hammer (Potensi Reversal),Rawan Pucuk (High Risk),< 1 Miliar,Di Bawah VWAP (Lemah),Akumulasi Pro (Smart Money),Gorengan Sepi (< 5M),Sepi (< 50%),Mark-Up (Fase Pesta),Normal,Jarum Bawah (Sinyal Pantulan Kuat),Sideways / Stagnan,TP: 1113 | CL: 1007,Open = High (Tekanan Jual),Tidak Ideal (< 1:1),6,WAIT & SEE,TIDAK ADA,2026-07-27 11:58:33
TELE,Small Cap (Lapis 3),Fair Value (Wajar),0.0,-0.013883982,9.0,9,9,9,0.0,0,Normal,0,Negatif,Downtrend,Bearish,Bearish MACD,Normal,Netral,Normal,Tidak Ada Transaksi,Squeeze,Rendah,Doji (Ragu-ragu),Dekat Support (Low Risk),< 1 Miliar,Di Atas VWAP (Kuat),Netral,Gorengan Sepi (< 5M),Normal (50-150%),Sideways,Solid (Jarang Dibanting),Normal,Sideways / Stagnan,TP: 10 | CL: 8,Normal,Di Area Support,0,WAIT & SEE,TIDAK ADA,2026-07-27 11:58:34
TFCO,Mid Cap (Lapis 2),Overvalued (Mahal),0.0,12109.374,775.0,706,580,820,-0.641025641025641,700,Normal,62,Negatif,Uptrend,Bullish,Strong Bullish,Normal,Distribusi (Turun),Normal,Tidak Ada Transaksi,Normal,Tinggi,Doji (Ragu-ragu),Rawan Pucuk (High Risk),< 1 Miliar,Di Atas VWAP (Kuat),Akumulasi Pro (Smart Money),Gorengan Sepi (< 5M),Sepi (< 50%),Mark-Up (Fase Pesta),Solid (Jarang Dibanting),Normal,Turun 1 Hari Beruntun,TP: 844 | CL: 728,Normal,Tidak Ideal (< 1:1),4,WAIT & SEE,TIDAK ADA,2026-07-27 11:58:34
TGKA,Mid Cap (Lapis 2),Fair Value (Wajar),10.708529,1.8266518,4850.0,4831,4660,4940,-0.41067761806981523,400,Normal,51,Negatif,Uptrend,Bullish,Bearish MACD,Normal,Distribusi (Turun),Normal,Dominan Beli (Hajar Kanan),Squeeze,Rendah,Doji (Ragu-ragu),Area Tengah,< 1 Miliar,Persis di VWAP,Akumulasi Pro (Smart Money),Gorengan Sepi (< 5M),Sepi (< 50%),Mark-Up (Fase Pesta),Solid (Jarang Dibanting),Jarum Bawah (Sinyal Pantulan Kuat),Turun 3 Hari Beruntun,TP: 4994 | CL: 4753,Normal,Tidak Ideal (< 1:1),4,WAIT & SEE,TIDAK ADA,2026-07-27 11:58:34
TGRA,Small Cap (Lapis 3),Fair Value (Wajar),0.0,0.2933061,27.0,27,27,27,0.0,0,Normal,0,Negatif,Downtrend,Bearish,Bearish MACD,Normal,Netral,Normal,Tidak Ada Transaksi,Squeeze,Rendah,Doji (Ragu-ragu),Dekat Support (Low Risk),< 1 Miliar,Di Atas VWAP (Kuat),Netral,Gorengan Sepi (< 5M),Normal (50-150%),Sideways,Solid (Jarang Dibanting),Normal,Sideways / Stagnan,TP: 28 | CL: 26,Normal,Di Area Support,0,WAIT & SEE,TIDAK ADA,2026-07-27 11:58:34
TGUK,Small Cap (Lapis 3),Overvalued (Mahal),0.0,6.3174396,137.0,137,137,137,0.0,0,Normal,0,Negatif,Downtrend,Bearish,Bearish MACD,Normal,Netral,Normal,Tidak Ada Transaksi,Squeeze,Rendah,Doji (Ragu-ragu),Dekat Support (Low Risk),< 1 Miliar,Di Atas VWAP (Kuat),Netral,Gorengan Sepi (< 5M),Normal (50-150%),Sideways,Solid (Jarang Dibanting),Normal,Sideways / Stagnan,TP: 138 | CL: 136,Normal,Di Area Support,0,WAIT & SEE,TIDAK ADA,2026-07-27 11:58:35
TIFA,Small Cap (Lapis 3),Fair Value (Wajar),15.499426,0.784373,270.0,241,200,314,2.272727272727273,9400,Normal,54,Positif,Uptrend,Bullish,Strong Bullish,Normal,Akumulasi (Naik),Normal,Seimbang / Adu Mekanik,Normal,Tinggi,Normal,Rawan Pucuk (High Risk),< 1 Miliar,Di Bawah VWAP (Lemah),Akumulasi Pro (Smart Money),Gorengan Sepi (< 5M),Sepi (< 50%),Accumulation (Kumpul Barang),Normal,Normal,Naik 1 Hari Beruntun,TP: 301 | CL: 248,Normal,Tidak Ideal (< 1:1),6,WAIT & SEE,TIDAK ADA,2026-07-27 11:58:35
TIRA,Small Cap (Lapis 3),Overvalued (Mahal),136.50963,1.7305558,510.0,536,492,640,-0.9708737864077669,3900,Normal,33,Negatif,Downtrend,Bearish,Bullish MACD,Normal,Distribusi (Turun),Normal,Dominan Jual (Guyur),Normal,Tinggi,Normal,Area Tengah,< 1 Miliar,Persis di VWAP,Akumulasi Pro (Smart Money),Gorengan Sepi (< 5M),Sepi (< 50%),Mark-Down (Fase Runtuh),Normal,Normal,Turun 2 Hari Beruntun,TP: 553 | CL: 481,Normal,Sangat Menarik (> 1:3),1,WAIT & SEE,TIDAK ADA,2026-07-27 11:58:35
TIRT,Small Cap (Lapis 3),Fair Value (Wajar),0.0,-0.9891628,590.0,593,590,655,0.0,0,Normal,57,Negatif,Downtrend,Bearish,Bearish MACD,Normal,Netral,Normal,Tidak Ada Transaksi,Normal,Sedang,Doji (Ragu-ragu),Dekat Support (Low Risk),< 1 Miliar,Di Atas VWAP (Kuat),Netral,Gorengan Sepi (< 5M),Normal (50-150%),Distribution (Fase Jualan),Solid (Jarang Dibanting),Normal,Sideways / Stagnan,TP: 591 | CL: 589,Normal,Di Area Support,1,WAIT & SEE,TIDAK ADA,2026-07-27 11:58:35
TLDN,Mid Cap (Lapis 2),Fair Value (Wajar),6.231849,1.7423843,515.0,515,484,535,-1.9047619047619049,251900,Normal,48,Negatif,Downtrend,Bullish,Strong Bullish,Normal,Akumulasi (Naik),Normal,Dominan Jual (Guyur),Squeeze,Rendah,Normal,Area Tengah,< 1 Miliar,Di Bawah VWAP (Lemah),Akumulasi Pro (Smart Money),Gorengan Sepi (< 5M),Sepi (< 50%),Sideways,Solid (Jarang Dibanting),Normal,Turun 2 Hari Beruntun,TP: 534 | CL: 502,Open = High (Tekanan Jual),Tidak Ideal (< 1:1),3,WAIT & SEE,TIDAK ADA,2026-07-27 11:58:35
TOPS,Small Cap (Lapis 3),Fair Value (Wajar),0.0,0.08019889,1.0,1,1,1,0.0,0,Normal,0,Negatif,Downtrend,Bearish,Bearish MACD,Normal,Netral,Normal,Tidak Ada Transaksi,Squeeze,Rendah,Doji (Ragu-ragu),Dekat Support (Low Risk),< 1 Miliar,Di Atas VWAP (Kuat),Netral,Gorengan Sepi (< 5M),Normal (50-150%),Sideways,Solid (Jarang Dibanting),Normal,Sideways / Stagnan,TP: 2 | CL: 0,Normal,Di Area Support,0,WAIT & SEE,TIDAK ADA,2026-07-27 11:58:36
TOTO,Mid Cap (Lapis 2),Undervalued (Murah),8.111702,0.983411,244.0,238,228,248,0.8264462809917356,57100,Normal,60,Positif,Uptrend,Bullish,Strong Bullish,Normal,Distribusi (Turun),Normal,Dominan Beli (Hajar Kanan),Squeeze,Rendah,Marubozu (Strong Bullish),Area Tengah,< 1 Miliar,Persis di VWAP,Distribusi Pro (Guyuran),Gorengan Sepi (< 5M),Sepi (< 50%),Mark-Up (Fase Pesta),Normal,Normal,Naik 1 Hari Beruntun,TP: 251 | CL: 238,Open = Low (Bullish Kuat),Tidak Ideal (< 1:1),6,WAIT & SEE,TIDAK ADA,2026-07-27 11:58:36
TOYS,Small Cap (Lapis 3),Fair Value (Wajar),0.0,0.04635451,8.0,8,8,8,0.0,0,Normal,0,Negatif,Downtrend,Bearish,Bearish MACD,Normal,Netral,Normal,Tidak Ada Transaksi,Squeeze,Rendah,Doji (Ragu-ragu),Dekat Support (Low Risk),< 1 Miliar,Di Atas VWAP (Kuat),Netral,Gorengan Sepi (< 5M),Normal (50-150%),Sideways,Solid (Jarang Dibanting),Normal,Sideways / Stagnan,TP: 9 | CL: 7,Normal,Di Area Support,0,WAIT & SEE,TIDAK ADA,2026-07-27 11:58:36
TRIM,Mid Cap (Lapis 2),Fair Value (Wajar),1.5137793,1.8805634,585.0,569,514,605,0.8620689655172413,49500,Normal,61,Positif,Uptrend,Bullish,Strong Bullish,Normal,Akumulasi (Naik),Normal,Seimbang / Adu Mekanik,Squeeze,Rendah,Normal,Rawan Pucuk (High Risk),< 1 Miliar,Persis di VWAP,Distribusi Pro (Guyuran),Gorengan Sepi (< 5M),Sepi (< 50%),Mark-Up (Fase Pesta),Spesialis Tiang Jemuran (Banting Pucuk),Normal,Naik 1 Hari Beruntun,TP: 623 | CL: 559,Normal,Tidak Ideal (< 1:1),6,WAIT & SEE,TIDAK ADA,2026-07-27 11:58:36
TRUK,Small Cap (Lapis 3),Overvalued (Mahal),0.0,4.73556,416.0,418,362,470,0.4830917874396135,114300,Normal,49,Positif,Downtrend,Death Cross,Bearish MACD,Normal,Akumulasi (Naik),Normal,Dominan Jual (Guyur),Normal,Sedang,Doji (Ragu-ragu),Rawan Pucuk (High Risk),< 1 Miliar,Di Bawah VWAP (Lemah),Distribusi Pro (Guyuran),Gorengan Sepi (< 5M),Normal (50-150%),Distribution (Fase Jualan),Spesialis Tiang Jemuran (Banting Pucuk),Normal,Naik 1 Hari Beruntun,TP: 451 | CL: 392,Normal,Menengah (1:1),2,WAIT & SEE,TIDAK ADA,2026-07-27 11:58:36
TSPC,Big Cap (Lapis 1),Undervalued (Murah),9.100337,1.2854097,2720.0,2544,2440,2720,0.7407407407407408,65000,Normal,76,Positif,Uptrend,Bullish,Strong Bullish,Normal,Akumulasi (Naik),Normal,Dominan Beli (Hajar Kanan),Breakout Upper,Sedang,Normal,Rawan Pucuk (High Risk),< 1 Miliar,Di Atas VWAP (Kuat),Akumulasi Pro (Smart Money),Gorengan Sepi (< 5M),Sepi (< 50%),Mark-Up (Fase Pesta),Normal,Normal,Naik 1 Hari Beruntun,TP: 2810 | CL: 2660,Normal,Tidak Ideal (< 1:1),7,BELI,TIDAK ADA,2026-07-27 11:58:37
UANG,Mid Cap (Lapis 2),Overvalued (Mahal),31.02019,6.972809,2300.0,2356,1910,3000,-1.2875536480686696,39300,Normal,46,Negatif,Downtrend,Bullish,Strong Bullish,Normal,Akumulasi (Naik),Normal,Seimbang / Adu Mekanik,Normal,Tinggi,Hammer (Potensi Reversal),Rawan Pucuk (High Risk),< 1 Miliar,Di Bawah VWAP (Lemah),Distribusi Pro (Guyuran),Gorengan Sepi (< 5M),Sepi (< 50%),Distribution (Fase Jualan),Spesialis Tiang Jemuran (Banting Pucuk),Jarum Bawah (Sinyal Pantulan Kuat),Turun 2 Hari Beruntun,TP: 2648 | CL: 2067,Open = High (Tekanan Jual),Ideal (1:2),3,WAIT & SEE,TIDAK ADA,2026-07-27 11:58:37
UCID,Mid Cap (Lapis 2),Undervalued (Murah),1.2949592,0.3396857,380.0,375,362,394,-1.0416666666666665,269400,Normal,52,Negatif,Uptrend,Bullish,Strong Bullish,Normal,Akumulasi (Naik),Normal,Seimbang / Adu Mekanik,Normal,Sedang,Normal,Area Tengah,< 1 Miliar,Di Bawah VWAP (Lemah),Akumulasi Pro (Smart Money),Gorengan Sepi (< 5M),Normal (50-150%),Mark-Up (Fase Pesta),Spesialis Tiang Jemuran (Banting Pucuk),Normal,Turun 2 Hari Beruntun,TP: 391 | CL: 372,Open = High (Tekanan Jual),Tidak Ideal (< 1:1),5,WAIT & SEE,TIDAK ADA,2026-07-27 11:58:37
ULTJ,Big Cap (Lapis 1),Fair Value (Wajar),9.57841,1.6334025,1370.0,1382,1295,1460,0.0,476100,Normal,44,Negatif,Downtrend,Bullish,Strong Bullish,Normal,Distribusi (Turun),Normal,Dominan Jual (Guyur),Normal,Sedang,Doji (Ragu-ragu),Area Tengah,< 1 Miliar,Di Bawah VWAP (Lemah),Distribusi Pro (Guyuran),Gorengan Sepi (< 5M),Sepi (< 50%),Mark-Down (Fase Runtuh),Normal,Normal,Sideways / Stagnan,TP: 1419 | CL: 1337,Normal,Menengah (1:1),2,WAIT & SEE,TIDAK ADA,2026-07-27 11:58:37
UNIC,Mid Cap (Lapis 2),Overvalued (Mahal),6.435494,15106.636,12750.0,12570,12025,13000,0.39370078740157477,4200,Normal,55,Positif,Uptrend,Bullish,Strong Bullish,Normal,Akumulasi (Naik),Normal,Tidak Ada Transaksi,Squeeze,Rendah,Doji (Ragu-ragu),Area Tengah,< 1 Miliar,Persis di VWAP,Distribusi Pro (Guyuran),Gorengan Sepi (< 5M),Sepi (< 50%),Mark-Up (Fase Pesta),Normal,Normal,Naik 1 Hari Beruntun,TP: 13055 | CL: 12546,Normal,Tidak Ideal (< 1:1),6,WAIT & SEE,TIDAK ADA,2026-07-27 11:58:38
UNSP,Small Cap (Lapis 3),Fair Value (Wajar),2.1178164,-0.09774433,206.0,205,186,206,0.0,0,Normal,36,Negatif,Uptrend,Bullish,Bullish MACD,Normal,Netral,Normal,Tidak Ada Transaksi,Squeeze,Rendah,Doji (Ragu-ragu),Rawan Pucuk (High Risk),< 1 Miliar,Di Atas VWAP (Kuat),Netral,Gorengan Sepi (< 5M),Normal (50-150%),Accumulation (Kumpul Barang),Solid (Jarang Dibanting),Normal,Sideways / Stagnan,TP: 207 | CL: 205,Normal,Tidak Ideal (< 1:1),3,WAIT & SEE,TIDAK ADA,2026-07-27 11:58:38
URBN,Small Cap (Lapis 3),Fair Value (Wajar),0.0,0.6378907,222.0,220,200,238,0.0,158900,Normal,54,Negatif,Uptrend,Bullish,Bearish MACD,Normal,Distribusi (Turun),Normal,Tidak Ada Transaksi,Normal,Tinggi,Doji (Ragu-ragu),Rawan Pucuk (High Risk),< 1 Miliar,Di Bawah VWAP (Lemah),Distribusi Pro (Guyuran),Gorengan Sepi (< 5M),Normal (50-150%),Mark-Up (Fase Pesta),Normal,Normal,Sideways / Stagnan,TP: 230 | CL: 216,Normal,Tidak Ideal (< 1:1),3,WAIT & SEE,TIDAK ADA,2026-07-27 11:58:38
VICI,Mid Cap (Lapis 2),Overvalued (Mahal),31.38412,3.5933218,585.0,609,575,705,-0.847457627118644,386600,Normal,45,Negatif,Downtrend,Bearish,Bearish MACD,Normal,Distribusi (Turun),Normal,Seimbang / Adu Mekanik,Normal,Sedang,Normal,Dekat Support (Low Risk),< 1 Miliar,Di Bawah VWAP (Lemah),Distribusi Pro (Guyuran),Gorengan Sepi (< 5M),Normal (50-150%),Distribution (Fase Jualan),Spesialis Tiang Jemuran (Banting Pucuk),Normal,Turun 4 Hari Beruntun,TP: 621 | CL: 560,Open = High (Tekanan Jual),Sangat Menarik (> 1:3),0,WAIT & SEE,TIDAK ADA,2026-07-27 11:58:38
WEGE,Small Cap (Lapis 3),Fair Value (Wajar),0.0,0.24748431,50.0,50,50,51,0.0,155400,Normal,35,Negatif,Downtrend,Bearish,Bullish MACD,Normal,Netral,Normal,Tidak Ada Transaksi,Squeeze,Rendah,Doji (Ragu-ragu),Dekat Support (Low Risk),< 1 Miliar,Persis di VWAP,Distribusi Pro (Guyuran),Gorengan Sepi (< 5M),Sepi (< 50%),Sideways,Spesialis Tiang Jemuran (Banting Pucuk),Normal,Sideways / Stagnan,TP: 50 | CL: 49,Normal,Di Area Support,1,WAIT & SEE,TIDAK ADA,2026-07-27 11:58:38
WICO,Small Cap (Lapis 3),Fair Value (Wajar),0.0,-1.3363609,123.0,123,123,123,0.0,0,Normal,0,Negatif,Downtrend,Bearish,Bearish MACD,Normal,Netral,Normal,Tidak Ada Transaksi,Squeeze,Rendah,Doji (Ragu-ragu),Dekat Support (Low Risk),< 1 Miliar,Di Atas VWAP (Kuat),Netral,Gorengan Sepi (< 5M),Normal (50-150%),Sideways,Solid (Jarang Dibanting),Normal,Sideways / Stagnan,TP: 124 | CL: 122,Normal,Di Area Support,0,WAIT & SEE,TIDAK ADA,2026-07-27 11:58:39
WIKA,Mid Cap (Lapis 2),Fair Value (Wajar),0.0,-4.0231924,204.0,204,204,204,0.0,0,Normal,0,Negatif,Downtrend,Bearish,Bearish MACD,Normal,Netral,Normal,Tidak Ada Transaksi,Squeeze,Rendah,Doji (Ragu-ragu),Dekat Support (Low Risk),< 1 Miliar,Di Atas VWAP (Kuat),Netral,Gorengan Sepi (< 5M),Normal (50-150%),Sideways,Solid (Jarang Dibanting),Normal,Sideways / Stagnan,TP: 205 | CL: 203,Normal,Di Area Support,0,WAIT & SEE,TIDAK ADA,2026-07-27 11:58:39
WOOD,Mid Cap (Lapis 2),Overvalued (Mahal),25.578833,0.32289132,232.0,204,170,244,10.476190476190476,5258300,Tembus MA20,59,Positif,Uptrend,Bullish,Bullish MACD,Normal,Akumulasi (Naik),Normal,Seimbang / Adu Mekanik,Breakout Upper,Tinggi,Normal,Rawan Pucuk (High Risk),> 1 Miliar,Di Atas VWAP (Kuat),Akumulasi Pro (Smart Money),Gorengan Sepi (< 5M),Normal (50-150%),Accumulation (Kumpul Barang),Solid (Jarang Dibanting),Normal,Naik 1 Hari Beruntun,TP: 257 | CL: 214,Normal,Tidak Ideal (< 1:1),7,BELI,TIDAK ADA,2026-07-27 11:58:39
WSBP,Small Cap (Lapis 3),Fair Value (Wajar),0.0,-0.364185,14.0,13,13,14,0.0,0,Normal,44,Negatif,Uptrend,Bullish,Bullish MACD,Normal,Netral,Normal,Tidak Ada Transaksi,Squeeze,Rendah,Doji (Ragu-ragu),Area Tengah,< 1 Miliar,Di Atas VWAP (Kuat),Netral,Gorengan Sepi (< 5M),Normal (50-150%),Accumulation (Kumpul Barang),Solid (Jarang Dibanting),Normal,Sideways / Stagnan,TP: 15 | CL: 13,Normal,Tidak Ideal (< 1:1),3,WAIT & SEE,TIDAK ADA,2026-07-27 11:58:39
YPAS,Small Cap (Lapis 3),Overvalued (Mahal),43.46211,3.16543,585.0,601,510,670,0.8620689655172413,100,Normal,41,Positif,Downtrend,Bearish,Bullish MACD,Normal,Distribusi (Turun),Normal,Tidak Ada Transaksi,Normal,Sedang,Doji (Ragu-ragu),Rawan Pucuk (High Risk),< 1 Miliar,Di Bawah VWAP (Lemah),Akumulasi Pro (Smart Money),Gorengan Sepi (< 5M),Sepi (< 50%),Mark-Down (Fase Runtuh),Normal,Normal,Naik 1 Hari Beruntun,TP: 644 | CL: 545,Normal,Menengah (1:1),2,WAIT & SEE,TIDAK ADA,2026-07-27 11:58:39
YULE,Mid Cap (Lapis 2),Overvalued (Mahal),41.666664,8.083666,3360.0,3327,3010,3530,-4.545454545454546,400,Normal,50,Negatif,Uptrend,Bullish,Strong Bullish,Normal,Akumulasi (Naik),Gap Down (-3.1%),Dominan Jual (Guyur),Normal,Sedang,Normal,Rawan Pucuk (High Risk),< 1 Miliar,Di Atas VWAP (Kuat),Akumulasi Pro (Smart Money),Gorengan Sepi (< 5M),Sepi (< 50%),Accumulation (Kumpul Barang),Normal,Normal,Turun 1 Hari Beruntun,TP: 3555 | CL: 3230,Normal,Tidak Ideal (< 1:1),4,WAIT & SEE,TIDAK ADA,2026-07-27 11:58:39
YUPI,Big Cap (Lapis 1),Overvalued (Mahal),17.852276,6.446628,1310.0,1319,1120,1855,-0.38022813688212925,7500,Normal,47,Negatif,Downtrend,Bearish,Bullish MACD,Normal,Akumulasi (Naik),Normal,Dominan Jual (Guyur),Normal,Tinggi,Normal,Rawan Pucuk (High Risk),< 1 Miliar,Persis di VWAP,Distribusi Pro (Guyuran),Gorengan Sepi (< 5M),Sepi (< 50%),Mark-Down (Fase Runtuh),Spesialis Tiang Jemuran (Banting Pucuk),Normal,Turun 1 Hari Beruntun,TP: 1385 | CL: 1259,Normal,Ideal (1:2),2,WAIT & SEE,TIDAK ADA,2026-07-27 11:58:40
ZATA,Small Cap (Lapis 3),Fair Value (Wajar),0.0,1.7032459,71.0,54,50,86,1.4285714285714286,75628500,Normal,69,Positif,Uptrend,Bullish,Strong Bullish,Normal,Akumulasi (Naik),Normal,Seimbang / Adu Mekanik,Normal,Tinggi,Normal,Rawan Pucuk (High Risk),> 1 Miliar,Di Bawah VWAP (Lemah),Distribusi Pro (Guyuran),Sultan (> 50M/hari),Sepi (< 50%),Accumulation (Kumpul Barang),Normal,Normal,Naik 1 Hari Beruntun,TP: 76 | CL: 67,Normal,Tidak Ideal (< 1:1),6,WAIT & SEE,TIDAK ADA,2026-07-27 11:58:40
ZBRA,Small Cap (Lapis 3),Fair Value (Wajar),0.0,0.11446389,50.0,50,50,50,0.0,0,Normal,0,Negatif,Downtrend,Bearish,Bearish MACD,Normal,Netral,Normal,Tidak Ada Transaksi,Squeeze,Rendah,Doji (Ragu-ragu),Dekat Support (Low Risk),< 1 Miliar,Di Atas VWAP (Kuat),Netral,Gorengan Sepi (< 5M),Normal (50-150%),Sideways,Solid (Jarang Dibanting),Normal,Sideways / Stagnan,TP: 51 | CL: 49,Normal,Di Area Support,0,WAIT & SEE,TIDAK ADA,2026-07-27 11:58:40
ZINC,Small Cap (Lapis 3),Fair Value (Wajar),0.0,2.0006669,30.0,30,30,30,0.0,0,Normal,0,Negatif,Downtrend,Bearish,Bearish MACD,Normal,Netral,Normal,Tidak Ada Transaksi,Squeeze,Rendah,Doji (Ragu-ragu),Dekat Support (Low Risk),< 1 Miliar,Di Atas VWAP (Kuat),Netral,Gorengan Sepi (< 5M),Normal (50-150%),Sideways,Solid (Jarang Dibanting),Normal,Sideways / Stagnan,TP: 31 | CL: 29,Normal,Di Area Support,0,WAIT & SEE,TIDAK ADA,2026-07-27 11:58:40
ZONE,Small Cap (Lapis 3),Undervalued (Murah),9.392001,1.2091016,500.0,532,450,650,-0.9900990099009901,160500,Tembus MA20,49,Negatif,Downtrend,Bearish,Bearish MACD,Normal,Distribusi (Turun),Normal,Dominan Jual (Guyur),Normal,Tinggi,Normal,Rawan Pucuk (High Risk),< 1 Miliar,Di Bawah VWAP (Lemah),Distribusi Pro (Guyuran),Gorengan Sepi (< 5M),Anomali Tinggi (150-300%),Distribution (Fase Jualan),Spesialis Tiang Jemuran (Banting Pucuk),Normal,Turun 2 Hari Beruntun,TP: 554 | CL: 463,Normal,Sangat Menarik (> 1:3),1,WAIT & SEE,TIDAK ADA,2026-07-27 11:58:41
ZYRX,Small Cap (Lapis 3),Undervalued (Murah),2.4769585,0.5156658,129.0,128,124,140,0.78125,1690400,Tembus MA20,49,Positif,Uptrend,Bullish,Bullish MACD,Distribusi Kuat,Akumulasi (Naik),Gap Up (+6.2%),Dominan Jual (Guyur),Squeeze,Rendah,Normal,Area Tengah,< 1 Miliar,Di Bawah VWAP (Lemah),Distribusi Pro (Guyuran),Gorengan Sepi (< 5M),Anomali Tinggi (150-300%),Accumulation (Kumpul Barang),Normal,Normal,Naik 1 Hari Beruntun,TP: 138 | CL: 122,Normal,Ideal (1:2),7,BELI,TIDAK ADA,2026-07-27 11:58:41
TRUE,Small Cap (Lapis 3),Fair Value (Wajar),7.6335874,1.5621582,50.0,50,50,54,0.0,0,Normal,26,Negatif,Downtrend,Bearish,Bullish MACD,Normal,Netral,Normal,Tidak Ada Transaksi,Squeeze,Rendah,Doji (Ragu-ragu),Dekat Support (Low Risk),< 1 Miliar,Di Atas VWAP (Kuat),Netral,Gorengan Sepi (< 5M),Normal (50-150%),Sideways,Solid (Jarang Dibanting),Normal,Sideways / Stagnan,TP: 51 | CL: 49,Normal,Di Area Support,1,WAIT & SEE,TIDAK ADA,2026-07-27 11:58:41
