Waktu Update,Ticker,Broksum,Kategori,Valuasi,PER (x),PBV (x),Harga (Rp),Harga MA20,Support,Resistance,Change (%),Volume,Vol Breakout,RSI (14D),Momentum,MA Signal,MA Cross,MACD,"Trend MA (5,20,50)",Status Bandar,OBV Trend,Status Gap,Tekanan Bandar,Status BB,Risiko,Pola Candle,Posisi Entry,Likuiditas,Posisi VWAP,Kekuatan A/D,Kelas Transaksi,RVOL (Anomali Vol),Fase Siklus Bandar,Karakter Gorengan,Sinyal Cuci Barang,Streak Harian,Auto Trading Plan,Status Open,Risk/Reward Ratio,Status Stochastic,Status Sentimen,Kondisi Supply,Status Fibonacci,Total Score,Rekomendasi,Status Akuisisi,Terakhir Update,Prediksi Machine Learning
11:00,AALI,Token Mati (Perlu Update),Big Cap (Lapis 1),Undervalued (Murah),8.599409,0.6817147,8500.0,8236,7675,8775,-0.2932551319648094,547800,Normal,61,Negatif,Uptrend,Golden Cross,Strong Bullish,Perfect Uptrend (5>20>50),Normal,Akumulasi (Naik),Normal,Seimbang / Adu Mekanik,Normal,Tinggi,Normal,Rawan Pucuk (High Risk),> 1 Miliar,Di Atas VWAP (Kuat),Akumulasi Pro (Smart Money),Ritel Aktif (5M - 50M),Sepi (< 50%),Mark-Up (Fase Pesta),Normal,Normal,Turun 1 Hari Beruntun,TP: 8915 | CL: 8223,Normal,Tidak Ideal (< 1:1),Netral / Sideways,Netral / Sepi Berita,Normal / Sedang Transisi,Mendekati Fibo 23.6%,5,WAIT & SEE,TIDAK ADA,2026-10-07 11:00:01,Biasa / Mengikuti Pasar
11:00,ABDA,Transaksi Sepi (Skip Broksum),Mid Cap (Lapis 2),Fair Value (Wajar),22.360703,1.683874,4880.0,4942,4850,5225,-0.40816326530612246,2000,Normal,68,Negatif,Downtrend,Bearish,Bearish MACD,Konsolidasi / Transisi,Normal,Distribusi (Turun),Normal,Dominan Jual (Guyur),Squeeze,Rendah,Normal,Dekat Support (Low Risk),< 1 Miliar,Persis di VWAP,Distribusi Pro (Guyuran),Gorengan Sepi (< 5M),Normal (50-150%),Distribution (Fase Jualan),Spesialis Tiang Jemuran (Banting Pucuk),Normal,Turun 1 Hari Beruntun,TP: 4918 | CL: 4854,Open = High (Tekanan Jual),Sangat Menarik (> 1:3),Netral / Sideways,Netral / Sepi Berita,Supply Kering (Siap Pump) 🏜️,Mendekati Fibo 38.2%,1,WAIT & SEE,TIDAK ADA,2026-10-07 11:00:01,Biasa / Mengikuti Pasar
11:00,ABMM,Transaksi Sepi (Skip Broksum),Mid Cap (Lapis 2),Overvalued (Mahal),5.2194495,8328.173,2690.0,2706,2500,2980,0.3731343283582089,168800,Normal,50,Positif,Downtrend,Bearish,Strong Bearish,Konsolidasi / Transisi,Normal,Akumulasi (Naik),Normal,Dominan Jual (Guyur),Normal,Sedang,Doji (Ragu-ragu),Area Tengah,< 1 Miliar,Di Atas VWAP (Kuat),Distribusi Pro (Guyuran),Gorengan Sepi (< 5M),Sepi (< 50%),Distribution (Fase Jualan),Normal,Normal,Naik 4 Hari Beruntun,TP: 2803 | CL: 2614,Normal,Ideal (1:2),Netral / Sideways,Netral / Sepi Berita,Normal / Sedang Transisi,Dekat Support Fibo 50.0%,2,WAIT & SEE,TIDAK ADA,2026-10-07 11:00:01,Biasa / Mengikuti Pasar
11:00,ACES,Token Mati (Perlu Update),Mid Cap (Lapis 2),Undervalued (Murah),7.348963,0.8769924,326.0,341,318,360,0.6172839506172839,8724800,Normal,33,Positif,Downtrend,Bearish,Strong Bearish,Strong Downtrend (5<20<50),Normal,Distribusi (Turun),Normal,Dominan Beli (Hajar Kanan),Normal,Sedang,Doji (Ragu-ragu),Dekat Support (Low Risk),> 1 Miliar,Persis di VWAP,Distribusi Pro (Guyuran),Ritel Aktif (5M - 50M),Normal (50-150%),Mark-Down (Fase Runtuh),Normal,Jarum Bawah (Sinyal Pantulan Kuat),Naik 1 Hari Beruntun,TP: 338 | CL: 318,Normal,Sangat Menarik (> 1:3),Golden Cross (Awal Bullish),Netral / Sepi Berita,Normal / Sedang Transisi,Mendekati Fibo Bottom / 100%,2,WAIT & SEE,TIDAK ADA,2026-10-07 11:00:01,Biasa / Mengikuti Pasar
11:00,ACST,Transaksi Sepi (Skip Broksum),Mid Cap (Lapis 2),Fair Value (Wajar),0.0,-2.4479122,88.0,99,85,128,0.0,6800,Normal,43,Negatif,Downtrend,Bearish,Strong Bearish,Konsolidasi / Transisi,Normal,Distribusi (Turun),Normal,Tidak Ada Transaksi,Normal,Tinggi,Doji (Ragu-ragu),Area Tengah,< 1 Miliar,Di Bawah VWAP (Lemah),Distribusi Pro (Guyuran),Gorengan Sepi (< 5M),Sepi (< 50%),Distribution (Fase Jualan),Normal,Normal,Sideways / Stagnan,TP: 95 | CL: 82,Normal,Sangat Menarik (> 1:3),Oversold (Jenuh Jual - Peluang),Netral / Sepi Berita,Normal / Sedang Transisi,Golden Rebound Fibo 78.6% 🎯,0,WAIT & SEE,TIDAK ADA,2026-10-07 11:00:01,Biasa / Mengikuti Pasar
11:00,ADES,Transaksi Sepi (Skip Broksum),Big Cap (Lapis 1),Overvalued (Mahal),21.437984,5.84312,34975.0,33676,31025,38000,-0.4978662873399715,3700,Normal,58,Negatif,Uptrend,Bullish,Strong Bullish,Perfect Uptrend (5>20>50),Normal,Distribusi (Turun),Normal,Seimbang / Adu Mekanik,Normal,Tinggi,Normal,Rawan Pucuk (High Risk),< 1 Miliar,Persis di VWAP,Akumulasi Pro (Smart Money),Gorengan Sepi (< 5M),Sepi (< 50%),Mark-Up (Fase Pesta),Solid (Jarang Dibanting),Normal,Turun 1 Hari Beruntun,TP: 36716 | CL: 33814,Normal,Tidak Ideal (< 1:1),Death Cross (Awal Bearish),Netral / Sepi Berita,Normal / Sedang Transisi,Mendekati Fibo 61.8% (Golden Ratio),4,WAIT & SEE,TIDAK ADA,2026-10-07 11:00:01,Biasa / Mengikuti Pasar
11:00,AISA,Transaksi Sepi (Skip Broksum),Small Cap (Lapis 3),Undervalued (Murah),11.90234,0.91719383,117.0,118,112,146,-1.680672268907563,1366800,Normal,49,Negatif,Downtrend,Bearish,Strong Bearish,Strong Downtrend (5<20<50),Normal,Akumulasi (Naik),Normal,Dominan Jual (Guyur),Normal,Tinggi,Normal,Area Tengah,< 1 Miliar,Di Atas VWAP (Kuat),Akumulasi Pro (Smart Money),Gorengan Sepi (< 5M),Sepi (< 50%),Mark-Down (Fase Runtuh),Spesialis Tiang Jemuran (Banting Pucuk),Normal,Turun 1 Hari Beruntun,TP: 130 | CL: 108,Open = High (Tekanan Jual),Sangat Menarik (> 1:3),Oversold (Jenuh Jual - Peluang),Netral / Sepi Berita,Normal / Sedang Transisi,Golden Rebound Fibo 61.8% (Golden Ratio) 🎯,1,WAIT & SEE,TIDAK ADA,2026-10-07 11:00:01,Biasa / Mengikuti Pasar
11:00,AKKU,Token Mati (Perlu Update),Small Cap (Lapis 3),Overvalued (Mahal),619.46906,1.1516378,70.0,41,32,71,32.075471698113205,46027000,Tembus MA20,78,Positif,Uptrend,Bullish,Strong Bullish,Perfect Uptrend (5>20>50),Akumulasi Kuat,Akumulasi (Naik),Gap Up (+5.7%),Dominan Beli (Hajar Kanan),Breakout Upper,Tinggi,Marubozu (Strong Bullish),Rawan Pucuk (High Risk),> 1 Miliar,Di Atas VWAP (Kuat),Akumulasi Pro (Smart Money),Gorengan Sepi (< 5M),Anomali Tinggi (150-300%),Mark-Up (Fase Pesta),Normal,Normal,Naik 1 Hari Beruntun,TP: 79 | CL: 63,Normal,Tidak Ideal (< 1:1),Overbought (Jenuh Beli - Rawan),Netral / Sepi Berita,Normal / Sedang Transisi,Mengambang (Jauh dari Fibo),10,BELI,TIDAK ADA,2026-10-07 11:00:01,⚠️ Anomali (Sudah Terbang)
11:00,AKPI,Transaksi Sepi (Skip Broksum),Small Cap (Lapis 3),Undervalued (Murah),3.6701822,0.16286656,515.0,521,498,570,0.0,203600,Normal,49,Negatif,Downtrend,Bearish,Strong Bearish,Konsolidasi / Transisi,Normal,Distribusi (Turun),Normal,Tidak Ada Transaksi,Normal,Sedang,Doji (Ragu-ragu),Area Tengah,< 1 Miliar,Persis di VWAP,Distribusi Pro (Guyuran),Gorengan Sepi (< 5M),Normal (50-150%),Distribution (Fase Jualan),Spesialis Tiang Jemuran (Banting Pucuk),Normal,Sideways / Stagnan,TP: 540 | CL: 498,Normal,Sangat Menarik (> 1:3),Golden Cross (Awal Bullish),Netral / Sepi Berita,Normal / Sedang Transisi,Dekat Support Fibo 61.8% (Golden Ratio),0,WAIT & SEE,TIDAK ADA,2026-10-07 11:00:01,Biasa / Mengikuti Pasar
11:00,AKRA,Token Mati (Perlu Update),Big Cap (Lapis 1),Fair Value (Wajar),10.755772,2.2919273,1500.0,1477,1405,1560,-1.3157894736842104,2174500,Normal,58,Negatif,Uptrend,Golden Cross,Strong Bullish,Perfect Uptrend (5>20>50),Normal,Akumulasi (Naik),Normal,Seimbang / Adu Mekanik,Squeeze,Rendah,Normal,Area Tengah,> 1 Miliar,Di Atas VWAP (Kuat),Akumulasi Pro (Smart Money),Ritel Aktif (5M - 50M),Sepi (< 50%),Mark-Up (Fase Pesta),Spesialis Tiang Jemuran (Banting Pucuk),Normal,Turun 1 Hari Beruntun,TP: 1564 | CL: 1456,Open = High (Tekanan Jual),Tidak Ideal (< 1:1),Death Cross (Awal Bearish),Netral / Sepi Berita,Normal / Sedang Transisi,Dekat Support Fibo 23.6%,5,WAIT & SEE,TIDAK ADA,2026-10-07 11:00:01,Biasa / Mengikuti Pasar
11:00,AKSI,Transaksi Sepi (Skip Broksum),Small Cap (Lapis 3),Fair Value (Wajar),13.113467,1.506853,334.0,361,292,486,-1.183431952662722,993800,Normal,50,Negatif,Downtrend,Bearish,Bearish MACD,Konsolidasi / Transisi,Normal,Distribusi (Turun),Normal,Dominan Jual (Guyur),Normal,Tinggi,Normal,Rawan Pucuk (High Risk),< 1 Miliar,Di Bawah VWAP (Lemah),Distribusi Pro (Guyuran),Gorengan Sepi (< 5M),Sepi (< 50%),Distribution (Fase Jualan),Spesialis Tiang Jemuran (Banting Pucuk),Normal,Turun 2 Hari Beruntun,TP: 400 | CL: 289,Open = High (Tekanan Jual),Sangat Menarik (> 1:3),Oversold (Jenuh Jual - Peluang),Netral / Sepi Berita,Normal / Sedang Transisi,Mengambang (Jauh dari Fibo),0,WAIT & SEE,TIDAK ADA,2026-10-07 11:00:01,Biasa / Mengikuti Pasar
11:00,ALDO,Transaksi Sepi (Skip Broksum),Mid Cap (Lapis 2),Overvalued (Mahal),39.92629,3.1603565,1300.0,1048,905,1410,4.838709677419355,191000,Normal,78,Positif,Uptrend,Bullish,Strong Bullish,Perfect Uptrend (5>20>50),Normal,Akumulasi (Naik),Normal,Seimbang / Adu Mekanik,Normal,Tinggi,Normal,Rawan Pucuk (High Risk),< 1 Miliar,Di Atas VWAP (Kuat),Distribusi Pro (Guyuran),Gorengan Sepi (< 5M),Sepi (< 50%),Mark-Up (Fase Pesta),Spesialis Tiang Jemuran (Banting Pucuk),Normal,Naik 1 Hari Beruntun,TP: 1469 | CL: 1187,Normal,Tidak Ideal (< 1:1),Netral / Sideways,Netral / Sepi Berita,Normal / Sedang Transisi,Mendekati Fibo 23.6%,6,WAIT & SEE,TIDAK ADA,2026-10-07 11:00:01,Biasa / Mengikuti Pasar
11:00,ALKA,Token Mati (Perlu Update),Mid Cap (Lapis 2),Overvalued (Mahal),191.2273,15.725452,7250.0,6680,3920,8000,6.227106227106227,506800,Tembus MA20,62,Positif,Uptrend,Bearish,Bearish MACD,Konsolidasi / Transisi,Distribusi Kuat,Akumulasi (Naik),Gap Up (+10.3%),Dominan Jual (Guyur),Normal,Tinggi,Normal,Rawan Pucuk (High Risk),> 1 Miliar,Di Atas VWAP (Kuat),Akumulasi Pro (Smart Money),Gorengan Sepi (< 5M),Anomali Tinggi (150-300%),Mark-Up (Fase Pesta),Normal,Normal,Naik 3 Hari Beruntun,TP: 8051 | CL: 6715,Normal,Tidak Ideal (< 1:1),Netral / Sideways,Netral / Sepi Berita,Supply Banjir (Distribusi) 🌊,Mengambang (Jauh dari Fibo),6,WAIT & SEE,TIDAK ADA,2026-10-07 11:00:01,Biasa / Mengikuti Pasar
11:00,AMAG,Transaksi Sepi (Skip Broksum),Mid Cap (Lapis 2),Undervalued (Murah),7.6634407,0.89816475,388.0,386,380,390,0.0,6400,Normal,52,Negatif,Uptrend,Bearish,Bullish MACD,Strong Downtrend (5<20<50),Normal,Akumulasi (Naik),Normal,Tidak Ada Transaksi,Squeeze,Rendah,Doji (Ragu-ragu),Dekat Support (Low Risk),< 1 Miliar,Persis di VWAP,Akumulasi Pro (Smart Money),Gorengan Sepi (< 5M),Sepi (< 50%),Accumulation (Kumpul Barang),Solid (Jarang Dibanting),Normal,Sideways / Stagnan,TP: 394 | CL: 384,Normal,Tidak Ideal (< 1:1),Overbought (Jenuh Beli - Rawan),Netral / Sepi Berita,Supply Kering (Siap Pump) 🏜️,Golden Rebound Fibo 38.2% 🎯,4,WAIT & SEE,TIDAK ADA,2026-10-07 11:00:01,Biasa / Mengikuti Pasar
11:00,AMFG,Transaksi Sepi (Skip Broksum),Mid Cap (Lapis 2),Undervalued (Murah),12.747711,0.29939467,3300.0,3256,3100,3330,0.0,14400,Tembus MA20,56,Negatif,Uptrend,Golden Cross,Bullish MACD,Awal Reversal (5>20),Normal,Akumulasi (Naik),Normal,Dominan Jual (Guyur),Squeeze,Rendah,Doji (Ragu-ragu),Area Tengah,< 1 Miliar,Di Atas VWAP (Kuat),Akumulasi Pro (Smart Money),Gorengan Sepi (< 5M),Normal (50-150%),Accumulation (Kumpul Barang),Normal,Normal,Sideways / Stagnan,TP: 3431 | CL: 3212,Normal,Tidak Ideal (< 1:1),Overbought (Jenuh Beli - Rawan),Netral / Sepi Berita,Normal / Sedang Transisi,Dekat Support Fibo 38.2%,6,WAIT & SEE,TIDAK ADA,2026-10-07 11:00:01,Biasa / Mengikuti Pasar
11:00,AMIN,Transaksi Sepi (Skip Broksum),Small Cap (Lapis 3),Fair Value (Wajar),0.0,1.3629881,258.0,256,230,298,0.78125,3900,Normal,54,Positif,Uptrend,Death Cross,Bearish MACD,Konsolidasi / Transisi,Normal,Distribusi (Turun),Normal,Dominan Jual (Guyur),Normal,Tinggi,Normal,Rawan Pucuk (High Risk),< 1 Miliar,Persis di VWAP,Distribusi Pro (Guyuran),Gorengan Sepi (< 5M),Sepi (< 50%),Mark-Up (Fase Pesta),Spesialis Tiang Jemuran (Banting Pucuk),Normal,Naik 1 Hari Beruntun,TP: 288 | CL: 237,Open = High (Tekanan Jual),Menengah (1:1),Netral / Sideways,Netral / Sepi Berita,Normal / Sedang Transisi,Dekat Support Fibo 61.8% (Golden Ratio),3,WAIT & SEE,TIDAK ADA,2026-10-07 11:00:01,Biasa / Mengikuti Pasar
11:00,AMRT,Token Mati (Perlu Update),Big Cap (Lapis 1),Fair Value (Wajar),14.601098,2.8855364,1255.0,1293,1230,1355,0.0,3376200,Normal,38,Negatif,Downtrend,Bearish,Strong Bearish,Strong Downtrend (5<20<50),Normal,Distribusi (Turun),Normal,Seimbang / Adu Mekanik,Squeeze,Rendah,Normal,Dekat Support (Low Risk),> 1 Miliar,Di Bawah VWAP (Lemah),Distribusi Pro (Guyuran),Ritel Aktif (5M - 50M),Sepi (< 50%),Mark-Down (Fase Runtuh),Spesialis Tiang Jemuran (Banting Pucuk),Normal,Sideways / Stagnan,TP: 1315 | CL: 1215,Open = High (Tekanan Jual),Sangat Menarik (> 1:3),Netral / Sideways,Netral / Sepi Berita,Normal / Sedang Transisi,Dekat Support Fibo Bottom / 100%,0,WAIT & SEE,TIDAK ADA,2026-10-07 11:00:01,Biasa / Mengikuti Pasar
11:00,ANJT,Transaksi Sepi (Skip Broksum),Mid Cap (Lapis 2),Fair Value (Wajar),0.0,1.1596544,1470.0,1565,1470,1615,-3.9215686274509802,20400,Normal,35,Negatif,Downtrend,Bearish,Strong Bearish,Konsolidasi / Transisi,Normal,Distribusi (Turun),Gap Down (-2.3%),Dominan Jual (Guyur),Normal,Sedang,Normal,Dekat Support (Low Risk),< 1 Miliar,Di Bawah VWAP (Lemah),Akumulasi Pro (Smart Money),Gorengan Sepi (< 5M),Normal (50-150%),Distribution (Fase Jualan),Normal,Normal,Turun 2 Hari Beruntun,TP: 1542 | CL: 1421,Normal,Di Area Support,Netral / Sideways,Netral / Sepi Berita,Normal / Sedang Transisi,Dekat Support Fibo 61.8% (Golden Ratio),0,WAIT & SEE,TIDAK ADA,2026-10-07 11:00:01,Biasa / Mengikuti Pasar
11:00,ANTM,Token Mati (Perlu Update),Big Cap (Lapis 1),Fair Value (Wajar),8.586087,2.0826228,3240.0,3222,3030,3370,-0.3076923076923077,10887900,Normal,54,Negatif,Uptrend,Bearish,Bearish MACD,Konsolidasi / Transisi,Normal,Akumulasi (Naik),Normal,Seimbang / Adu Mekanik,Squeeze,Rendah,Normal,Area Tengah,> 1 Miliar,Di Atas VWAP (Kuat),Akumulasi Pro (Smart Money),Sultan (> 50M/hari),Sepi (< 50%),Mark-Up (Fase Pesta),Normal,Jarum Bawah (Sinyal Pantulan Kuat),Turun 1 Hari Beruntun,TP: 3400 | CL: 3132,Normal,Tidak Ideal (< 1:1),Netral / Sideways,Netral / Sepi Berita,Supply Kering (Siap Pump) 🏜️,Golden Rebound Fibo 23.6% 🎯,3,WAIT & SEE,TIDAK ADA,2026-10-07 11:00:01,Biasa / Mengikuti Pasar
11:00,APEX,Transaksi Sepi (Skip Broksum),Small Cap (Lapis 3),Overvalued (Mahal),6.451613,9000.0,180.0,184,165,218,-2.7027027027027026,2678400,Normal,48,Negatif,Downtrend,Bearish,Strong Bearish,Konsolidasi / Transisi,Normal,Akumulasi (Naik),Normal,Dominan Jual (Guyur),Normal,Tinggi,Normal,Area Tengah,< 1 Miliar,Di Atas VWAP (Kuat),Akumulasi Pro (Smart Money),Gorengan Sepi (< 5M),Sepi (< 50%),Distribution (Fase Jualan),Normal,Normal,Turun 1 Hari Beruntun,TP: 192 | CL: 171,Open = High (Tekanan Jual),Ideal (1:2),Netral / Sideways,Netral / Sepi Berita,Normal / Sedang Transisi,Mengambang (Jauh dari Fibo),1,WAIT & SEE,TIDAK ADA,2026-10-07 11:00:01,Biasa / Mengikuti Pasar
11:00,APIC,Transaksi Sepi (Skip Broksum),Mid Cap (Lapis 2),Fair Value (Wajar),0.0,1.5337423,406.0,413,380,510,0.9950248756218906,329700,Normal,33,Positif,Downtrend,Bearish,Bullish MACD,Strong Downtrend (5<20<50),Normal,Distribusi (Turun),Normal,Dominan Beli (Hajar Kanan),Normal,Tinggi,Normal,Area Tengah,< 1 Miliar,Di Atas VWAP (Kuat),Akumulasi Pro (Smart Money),Gorengan Sepi (< 5M),Sepi (< 50%),Mark-Down (Fase Runtuh),Normal,Normal,Naik 1 Hari Beruntun,TP: 427 | CL: 391,Normal,Sangat Menarik (> 1:3),Netral / Sideways,Netral / Sepi Berita,Normal / Sedang Transisi,Mengambang (Jauh dari Fibo),3,WAIT & SEE,TIDAK ADA,2026-10-07 11:00:01,Biasa / Mengikuti Pasar
11:00,APII,Transaksi Sepi (Skip Broksum),Small Cap (Lapis 3),Undervalued (Murah),10.169312,0.5056294,191.0,194,181,256,0.0,55500,Normal,47,Negatif,Downtrend,Bearish,Strong Bearish,Konsolidasi / Transisi,Normal,Akumulasi (Naik),Normal,Dominan Jual (Guyur),Normal,Sedang,Doji (Ragu-ragu),Area Tengah,< 1 Miliar,Persis di VWAP,Akumulasi Pro (Smart Money),Gorengan Sepi (< 5M),Sepi (< 50%),Distribution (Fase Jualan),Spesialis Tiang Jemuran (Banting Pucuk),Normal,Sideways / Stagnan,TP: 212 | CL: 176,Normal,Sangat Menarik (> 1:3),Oversold (Jenuh Jual - Peluang),Netral / Sepi Berita,Normal / Sedang Transisi,Mendekati Fibo 78.6%,1,WAIT & SEE,TIDAK ADA,2026-10-07 11:00:01,Biasa / Mengikuti Pasar
11:00,APLI,Transaksi Sepi (Skip Broksum),Small Cap (Lapis 3),Overvalued (Mahal),26.35514,1.3091496,282.0,279,264,314,0.7142857142857143,27400,Normal,55,Positif,Uptrend,Bearish,Bearish MACD,Konsolidasi / Transisi,Normal,Distribusi (Turun),Normal,Seimbang / Adu Mekanik,Normal,Sedang,Doji (Ragu-ragu),Area Tengah,< 1 Miliar,Di Atas VWAP (Kuat),Akumulasi Pro (Smart Money),Gorengan Sepi (< 5M),Sepi (< 50%),Mark-Up (Fase Pesta),Spesialis Tiang Jemuran (Banting Pucuk),Normal,Naik 1 Hari Beruntun,TP: 301 | CL: 269,Normal,Ideal (1:2),Netral / Sideways,Netral / Sepi Berita,Normal / Sedang Transisi,Mendekati Fibo 50.0%,3,WAIT & SEE,TIDAK ADA,2026-10-07 11:00:01,Biasa / Mengikuti Pasar
11:00,APLN,Transaksi Sepi (Skip Broksum),Mid Cap (Lapis 2),Undervalued (Murah),5.8695655,0.20908716,108.0,117,100,133,-1.8181818181818181,7427000,Normal,36,Negatif,Downtrend,Bearish,Strong Bearish,Strong Downtrend (5<20<50),Normal,Distribusi (Turun),Normal,Dominan Jual (Guyur),Normal,Tinggi,Normal,Area Tengah,< 1 Miliar,Di Atas VWAP (Kuat),Distribusi Pro (Guyuran),Gorengan Sepi (< 5M),Sepi (< 50%),Mark-Down (Fase Runtuh),Normal,Normal,Turun 1 Hari Beruntun,TP: 117 | CL: 101,Open = High (Tekanan Jual),Sangat Menarik (> 1:3),Netral / Sideways,Netral / Sepi Berita,Normal / Sedang Transisi,Mengambang (Jauh dari Fibo),0,WAIT & SEE,TIDAK ADA,2026-10-07 11:00:01,Biasa / Mengikuti Pasar
11:00,ARGO,Transaksi Sepi (Skip Broksum),Mid Cap (Lapis 2),Overvalued (Mahal),139.85594,23.179468,1165.0,1185,1100,1340,0.43103448275862066,227700,Normal,48,Positif,Downtrend,Bearish,Bearish MACD,Konsolidasi / Transisi,Normal,Akumulasi (Naik),Gap Up (+2.2%),Dominan Jual (Guyur),Normal,Sedang,Normal,Area Tengah,< 1 Miliar,Persis di VWAP,Distribusi Pro (Guyuran),Gorengan Sepi (< 5M),Normal (50-150%),Distribution (Fase Jualan),Normal,Normal,Naik 2 Hari Beruntun,TP: 1265 | CL: 1097,Open = High (Tekanan Jual),Ideal (1:2),Golden Cross (Awal Bullish),Netral / Sepi Berita,Normal / Sedang Transisi,Mendekati Fibo 50.0%,3,WAIT & SEE,TIDAK ADA,2026-10-07 11:00:01,Biasa / Mengikuti Pasar
11:00,ARII,Transaksi Sepi (Skip Broksum),Mid Cap (Lapis 2),Overvalued (Mahal),15.238954,16095.238,338.0,316,284,352,2.4242424242424243,2306700,Tembus MA20,65,Positif,Uptrend,Bullish,Strong Bullish,Perfect Uptrend (5>20>50),Akumulasi Kuat,Akumulasi (Naik),Normal,Seimbang / Adu Mekanik,Normal,Tinggi,Normal,Rawan Pucuk (High Risk),< 1 Miliar,Persis di VWAP,Distribusi Pro (Guyuran),Gorengan Sepi (< 5M),Ledakan Ekstrem (> 300%),Mark-Up (Fase Pesta),Spesialis Tiang Jemuran (Banting Pucuk),Normal,Naik 2 Hari Beruntun,TP: 375 | CL: 312,Normal,Tidak Ideal (< 1:1),Netral / Sideways,Netral / Sepi Berita,Normal / Sedang Transisi,Mendekati Fibo 23.6%,8,BELI,TIDAK ADA,2026-10-07 11:00:01,Biasa / Mengikuti Pasar
11:00,ARNA,Token Mati (Perlu Update),Mid Cap (Lapis 2),Fair Value (Wajar),8.942525,1.9922708,515.0,516,496,540,-0.9615384615384616,2011800,Normal,52,Negatif,Downtrend,Bullish,Bearish MACD,Perfect Uptrend (5>20>50),Normal,Distribusi (Turun),Normal,Seimbang / Adu Mekanik,Squeeze,Rendah,Normal,Area Tengah,> 1 Miliar,Persis di VWAP,Akumulasi Pro (Smart Money),Gorengan Sepi (< 5M),Sepi (< 50%),Distribution (Fase Jualan),Solid (Jarang Dibanting),Normal,Turun 2 Hari Beruntun,TP: 537 | CL: 500,Open = High (Tekanan Jual),Menengah (1:1),Netral / Sideways,Netral / Sepi Berita,Normal / Sedang Transisi,Dekat Support Fibo 38.2%,2,WAIT & SEE,TIDAK ADA,2026-10-07 11:00:01,Biasa / Mengikuti Pasar
11:00,ARTA,Transaksi Sepi (Skip Broksum),Small Cap (Lapis 3),Overvalued (Mahal),0.0,5.6329308,1820.0,2079,1670,2420,2.247191011235955,3500,Normal,34,Positif,Downtrend,Bearish,Strong Bearish,Strong Downtrend (5<20<50),Normal,Akumulasi (Naik),Normal,Dominan Beli (Hajar Kanan),Normal,Tinggi,Marubozu (Strong Bullish),Area Tengah,< 1 Miliar,Di Bawah VWAP (Lemah),Distribusi Pro (Guyuran),Gorengan Sepi (< 5M),Sepi (< 50%),Mark-Down (Fase Runtuh),Spesialis Tiang Jemuran (Banting Pucuk),Normal,Naik 1 Hari Beruntun,TP: 2061 | CL: 1658,Open = Low (Bullish Kuat),Sangat Menarik (> 1:3),Golden Cross (Awal Bullish),Netral / Sepi Berita,Normal / Sedang Transisi,Mengambang (Jauh dari Fibo),3,WAIT & SEE,TIDAK ADA,2026-10-07 11:00:01,Biasa / Mengikuti Pasar
11:00,ARTO,Token Mati (Perlu Update),Big Cap (Lapis 1),Overvalued (Mahal),31.847134,1.2285088,800.0,871,725,1050,-1.2345679012345678,3557200,Normal,33,Negatif,Downtrend,Bearish,Bullish MACD,Strong Downtrend (5<20<50),Normal,Akumulasi (Naik),Normal,Dominan Jual (Guyur),Normal,Tinggi,Normal,Rawan Pucuk (High Risk),> 1 Miliar,Di Atas VWAP (Kuat),Akumulasi Pro (Smart Money),Ritel Aktif (5M - 50M),Sepi (< 50%),Mark-Down (Fase Runtuh),Normal,Normal,Turun 1 Hari Beruntun,TP: 853 | CL: 764,Normal,Sangat Menarik (> 1:3),Golden Cross (Awal Bullish),Netral / Sepi Berita,Normal / Sedang Transisi,Mengambang (Jauh dari Fibo),2,WAIT & SEE,TIDAK ADA,2026-10-07 11:00:01,Biasa / Mengikuti Pasar
11:00,ASBI,Transaksi Sepi (Skip Broksum),Small Cap (Lapis 3),Undervalued (Murah),7.9290853,0.29217556,390.0,394,380,420,-0.5102040816326531,2500,Normal,41,Negatif,Downtrend,Bearish,Bullish MACD,Strong Downtrend (5<20<50),Normal,Akumulasi (Naik),Normal,Dominan Jual (Guyur),Squeeze,Rendah,Normal,Dekat Support (Low Risk),< 1 Miliar,Persis di VWAP,Akumulasi Pro (Smart Money),Gorengan Sepi (< 5M),Sepi (< 50%),Mark-Down (Fase Runtuh),Spesialis Tiang Jemuran (Banting Pucuk),Normal,Turun 1 Hari Beruntun,TP: 399 | CL: 383,Open = High (Tekanan Jual),Sangat Menarik (> 1:3),Golden Cross (Awal Bullish),Netral / Sepi Berita,Normal / Sedang Transisi,Mendekati Fibo Bottom / 100%,2,WAIT & SEE,TIDAK ADA,2026-10-07 11:00:01,Biasa / Mengikuti Pasar
11:00,ASDM,Transaksi Sepi (Skip Broksum),Small Cap (Lapis 3),Undervalued (Murah),12.439024,0.5420163,510.0,512,500,525,0.0,400,Normal,49,Negatif,Downtrend,Bearish,Strong Bearish,Strong Downtrend (5<20<50),Normal,Akumulasi (Naik),Normal,Dominan Jual (Guyur),Squeeze,Rendah,Normal,Dekat Support (Low Risk),< 1 Miliar,Persis di VWAP,Akumulasi Pro (Smart Money),Gorengan Sepi (< 5M),Sepi (< 50%),Mark-Down (Fase Runtuh),Normal,Normal,Sideways / Stagnan,TP: 519 | CL: 503,Open = High (Tekanan Jual),Ideal (1:2),Netral / Sideways,Netral / Sepi Berita,Normal / Sedang Transisi,Dekat Support Fibo 78.6%,1,WAIT & SEE,TIDAK ADA,2026-10-07 11:00:01,Biasa / Mengikuti Pasar
11:00,ASGR,Token Mati (Perlu Update),Mid Cap (Lapis 2),Fair Value (Wajar),11.088755,1.7189157,2480.0,2235,2040,2650,-1.9762845849802373,3171600,Tembus MA20,69,Negatif,Uptrend,Bullish,Strong Bullish,Perfect Uptrend (5>20>50),Normal,Distribusi (Turun),Normal,Seimbang / Adu Mekanik,Normal,Tinggi,Normal,Rawan Pucuk (High Risk),> 1 Miliar,Persis di VWAP,Akumulasi Pro (Smart Money),Ritel Aktif (5M - 50M),Normal (50-150%),Mark-Up (Fase Pesta),Normal,Normal,Turun 2 Hari Beruntun,TP: 2639 | CL: 2373,Open = High (Tekanan Jual),Tidak Ideal (< 1:1),Death Cross (Awal Bearish),Netral / Sepi Berita,Normal / Sedang Transisi,Mendekati Fibo 23.6%,5,WAIT & SEE,TIDAK ADA,2026-10-07 11:00:01,Biasa / Mengikuti Pasar
11:00,ASII,Token Mati (Perlu Update),Big Cap (Lapis 1),Undervalued (Murah),6.3656945,0.8293978,4770.0,4774,4510,4990,-1.0373443983402488,6054600,Normal,50,Negatif,Downtrend,Bearish,Bullish MACD,Strong Downtrend (5<20<50),Normal,Akumulasi (Naik),Normal,Dominan Jual (Guyur),Normal,Sedang,Normal,Area Tengah,> 1 Miliar,Di Atas VWAP (Kuat),Distribusi Pro (Guyuran),Sultan (> 50M/hari),Sepi (< 50%),Mark-Down (Fase Runtuh),Spesialis Tiang Jemuran (Banting Pucuk),Normal,Turun 1 Hari Beruntun,TP: 4927 | CL: 4665,Normal,Tidak Ideal (< 1:1),Death Cross (Awal Bearish),Netral / Sepi Berita,Normal / Sedang Transisi,Dekat Support Fibo 78.6%,2,WAIT & SEE,TIDAK ADA,2026-10-07 11:00:01,Biasa / Mengikuti Pasar
11:00,ASJT,Transaksi Sepi (Skip Broksum),Small Cap (Lapis 3),Fair Value (Wajar),0.0,0.75026006,163.0,161,157,181,0.6172839506172839,31000,Normal,56,Positif,Uptrend,Bullish,Strong Bullish,Perfect Uptrend (5>20>50),Normal,Akumulasi (Naik),Normal,Seimbang / Adu Mekanik,Squeeze,Rendah,Normal,Area Tengah,< 1 Miliar,Persis di VWAP,Distribusi Pro (Guyuran),Gorengan Sepi (< 5M),Sepi (< 50%),Mark-Up (Fase Pesta),Spesialis Tiang Jemuran (Banting Pucuk),Normal,Naik 1 Hari Beruntun,TP: 169 | CL: 158,Open = Low (Bullish Kuat),Sangat Menarik (> 1:3),Netral / Sideways,Netral / Sepi Berita,Supply Kering (Siap Pump) 🏜️,Golden Rebound Fibo 78.6% 🎯,6,WAIT & SEE,TIDAK ADA,2026-10-07 11:00:01,Biasa / Mengikuti Pasar
11:00,ASMI,Token Mati (Perlu Update),Small Cap (Lapis 3),Fair Value (Wajar),0.0,1.24533,35.0,18,14,40,6.0606060606060606,191450800,Tembus MA20,87,Positif,Uptrend,Bullish,Strong Bullish,Perfect Uptrend (5>20>50),Akumulasi Kuat,Akumulasi (Naik),Gap Up (+3.0%),Seimbang / Adu Mekanik,Breakout Upper,Tinggi,Normal,Rawan Pucuk (High Risk),> 1 Miliar,Di Atas VWAP (Kuat),Akumulasi Pro (Smart Money),Ritel Aktif (5M - 50M),Anomali Tinggi (150-300%),Mark-Up (Fase Pesta),Normal,Normal,Naik 5 Hari Beruntun,TP: 39 | CL: 31,Normal,Tidak Ideal (< 1:1),Death Cross (Awal Bearish),Netral / Sepi Berita,Normal / Sedang Transisi,Mendekati Fibo 23.6%,9,BELI,TIDAK ADA,2026-10-07 11:00:01,⚠️ Anomali (Sudah Terbang)
11:00,ASRI,Transaksi Sepi (Skip Broksum),Mid Cap (Lapis 2),Undervalued (Murah),8.016304,0.20141296,118.0,121,113,130,-0.8403361344537815,340900,Normal,44,Negatif,Downtrend,Bearish,Strong Bearish,Strong Downtrend (5<20<50),Normal,Distribusi (Turun),Normal,Seimbang / Adu Mekanik,Normal,Sedang,Normal,Area Tengah,< 1 Miliar,Persis di VWAP,Akumulasi Pro (Smart Money),Gorengan Sepi (< 5M),Sepi (< 50%),Mark-Down (Fase Runtuh),Solid (Jarang Dibanting),Normal,Turun 1 Hari Beruntun,TP: 124 | CL: 113,Normal,Ideal (1:2),Netral / Sideways,Netral / Sepi Berita,Normal / Sedang Transisi,Mendekati Fibo 78.6%,0,WAIT & SEE,TIDAK ADA,2026-10-07 11:00:01,Biasa / Mengikuti Pasar
11:00,ASRM,Transaksi Sepi (Skip Broksum),Small Cap (Lapis 3),Overvalued (Mahal),66.16915,0.43811393,266.0,280,252,350,-2.2058823529411766,23200,Normal,37,Negatif,Downtrend,Bearish,Strong Bearish,Konsolidasi / Transisi,Normal,Akumulasi (Naik),Normal,Seimbang / Adu Mekanik,Bottom Rebound,Sedang,Normal,Area Tengah,< 1 Miliar,Persis di VWAP,Akumulasi Pro (Smart Money),Gorengan Sepi (< 5M),Sepi (< 50%),Distribution (Fase Jualan),Normal,Normal,Turun 1 Hari Beruntun,TP: 286 | CL: 252,Normal,Sangat Menarik (> 1:3),Oversold (Jenuh Jual - Peluang),Netral / Sepi Berita,Normal / Sedang Transisi,Mengambang (Jauh dari Fibo),1,WAIT & SEE,TIDAK ADA,2026-10-07 11:00:01,Biasa / Mengikuti Pasar
11:00,ASSA,Token Mati (Perlu Update),Mid Cap (Lapis 2),Undervalued (Murah),5.002175,0.9387525,575.0,591,555,635,-1.7094017094017095,3575000,Normal,41,Negatif,Downtrend,Bearish,Strong Bearish,Strong Downtrend (5<20<50),Normal,Distribusi (Turun),Normal,Dominan Jual (Guyur),Normal,Sedang,Normal,Area Tengah,> 1 Miliar,Persis di VWAP,Distribusi Pro (Guyuran),Gorengan Sepi (< 5M),Normal (50-150%),Mark-Down (Fase Runtuh),Normal,Normal,Turun 1 Hari Beruntun,TP: 605 | CL: 555,Normal,Sangat Menarik (> 1:3),Netral / Sideways,Netral / Sepi Berita,Normal / Sedang Transisi,Mendekati Fibo Bottom / 100%,0,WAIT & SEE,TIDAK ADA,2026-10-07 11:00:01,Biasa / Mengikuti Pasar
11:00,ATIC,Transaksi Sepi (Skip Broksum),Mid Cap (Lapis 2),Fair Value (Wajar),7.370184,1.6340476,440.0,447,418,468,1.8518518518518516,95000,Tembus MA20,42,Positif,Downtrend,Bearish,Strong Bearish,Strong Downtrend (5<20<50),Normal,Akumulasi (Naik),Normal,Seimbang / Adu Mekanik,Normal,Sedang,Normal,Area Tengah,< 1 Miliar,Persis di VWAP,Akumulasi Pro (Smart Money),Gorengan Sepi (< 5M),Normal (50-150%),Mark-Down (Fase Runtuh),Normal,Normal,Naik 1 Hari Beruntun,TP: 466 | CL: 422,Normal,Menengah (1:1),Golden Cross (Awal Bullish),Netral / Sepi Berita,Normal / Sedang Transisi,Mendekati Fibo Bottom / 100%,3,WAIT & SEE,TIDAK ADA,2026-10-07 11:00:01,Biasa / Mengikuti Pasar
11:00,AUTO,Token Mati (Perlu Update),Big Cap (Lapis 1),Undervalued (Murah),6.9674377,1.0338297,3420.0,3351,3240,3510,0.8849557522123894,586000,Normal,61,Positif,Uptrend,Bullish,Bearish MACD,Perfect Uptrend (5>20>50),Normal,Akumulasi (Naik),Normal,Seimbang / Adu Mekanik,Squeeze,Rendah,Normal,Area Tengah,> 1 Miliar,Di Atas VWAP (Kuat),Akumulasi Pro (Smart Money),Ritel Aktif (5M - 50M),Sepi (< 50%),Mark-Up (Fase Pesta),Spesialis Tiang Jemuran (Banting Pucuk),Normal,Naik 1 Hari Beruntun,TP: 3551 | CL: 3332,Open = Low (Bullish Kuat),Tidak Ideal (< 1:1),Death Cross (Awal Bearish),Netral / Sepi Berita,Normal / Sedang Transisi,Mendekati Fibo 23.6%,5,WAIT & SEE,TIDAK ADA,2026-10-07 11:00:01,Biasa / Mengikuti Pasar
11:00,BABP,Transaksi Sepi (Skip Broksum),Mid Cap (Lapis 2),Fair Value (Wajar),15.0753765,0.35184425,30.0,42,27,50,0.0,6917100,Normal,11,Negatif,Downtrend,Bearish,Strong Bearish,Strong Downtrend (5<20<50),Normal,Distribusi (Turun),Normal,Seimbang / Adu Mekanik,Normal,Tinggi,Doji (Ragu-ragu),Rawan Pucuk (High Risk),< 1 Miliar,Persis di VWAP,Distribusi Pro (Guyuran),Gorengan Sepi (< 5M),Sepi (< 50%),Mark-Down (Fase Runtuh),Normal,Normal,Sideways / Stagnan,TP: 33 | CL: 27,Normal,Sangat Menarik (> 1:3),Oversold (Jenuh Jual - Peluang),Netral / Sepi Berita,Normal / Sedang Transisi,Mengambang (Jauh dari Fibo),0,WAIT & SEE,TIDAK ADA,2026-10-07 11:00:01,🔥 ANOMALI BANDAR (Siap Ledakan)
11:00,BACA,Transaksi Sepi (Skip Broksum),Mid Cap (Lapis 2),Fair Value (Wajar),15.406163,0.3222782,110.0,113,108,121,0.0,41600,Normal,37,Negatif,Downtrend,Bearish,Strong Bearish,Strong Downtrend (5<20<50),Normal,Distribusi (Turun),Normal,Dominan Jual (Guyur),Normal,Sedang,Normal,Dekat Support (Low Risk),< 1 Miliar,Persis di VWAP,Distribusi Pro (Guyuran),Gorengan Sepi (< 5M),Sepi (< 50%),Mark-Down (Fase Runtuh),Spesialis Tiang Jemuran (Banting Pucuk),Normal,Sideways / Stagnan,TP: 114 | CL: 107,Normal,Sangat Menarik (> 1:3),Oversold (Jenuh Jual - Peluang),Netral / Sepi Berita,Normal / Sedang Transisi,Mendekati Fibo 78.6%,0,WAIT & SEE,TIDAK ADA,2026-10-07 11:00:01,Biasa / Mengikuti Pasar
11:00,BAJA,Token Mati (Perlu Update),Small Cap (Lapis 3),Overvalued (Mahal),350.0,12.989752,310.0,325,270,505,-1.89873417721519,5168500,Normal,49,Negatif,Downtrend,Bearish,Bearish MACD,Konsolidasi / Transisi,Normal,Distribusi (Turun),Normal,Dominan Jual (Guyur),Normal,Tinggi,Normal,Rawan Pucuk (High Risk),> 1 Miliar,Persis di VWAP,Distribusi Pro (Guyuran),Gorengan Sepi (< 5M),Sepi (< 50%),Distribution (Fase Jualan),Spesialis Tiang Jemuran (Banting Pucuk),Normal,Turun 1 Hari Beruntun,TP: 384 | CL: 260,Normal,Sangat Menarik (> 1:3),Oversold (Jenuh Jual - Peluang),Netral / Sepi Berita,Normal / Sedang Transisi,Mengambang (Jauh dari Fibo),0,WAIT & SEE,TIDAK ADA,2026-10-07 11:00:01,Biasa / Mengikuti Pasar
11:00,BALI,Transaksi Sepi (Skip Broksum),Mid Cap (Lapis 2),Overvalued (Mahal),26.348255,2.419509,1495.0,1356,1250,1660,-4.166666666666666,10100,Normal,59,Negatif,Uptrend,Bullish,Strong Bullish,Perfect Uptrend (5>20>50),Normal,Distribusi (Turun),Normal,Seimbang / Adu Mekanik,Normal,Tinggi,Normal,Rawan Pucuk (High Risk),< 1 Miliar,Persis di VWAP,Akumulasi Pro (Smart Money),Gorengan Sepi (< 5M),Sepi (< 50%),Mark-Up (Fase Pesta),Normal,Normal,Turun 2 Hari Beruntun,TP: 1657 | CL: 1386,Open = High (Tekanan Jual),Tidak Ideal (< 1:1),Death Cross (Awal Bearish),Netral / Sepi Berita,Supply Banjir (Distribusi) 🌊,Dekat Support Fibo 38.2%,4,WAIT & SEE,TIDAK ADA,2026-10-07 11:00:01,Biasa / Mengikuti Pasar
11:00,BAPA,Token Mati (Perlu Update),Small Cap (Lapis 3),Fair Value (Wajar),0.0,0.6458735,109.0,116,96,138,2.8301886792452833,11671300,Normal,36,Positif,Downtrend,Bearish,Bullish MACD,Strong Downtrend (5<20<50),Normal,Akumulasi (Naik),Normal,Seimbang / Adu Mekanik,Normal,Tinggi,Normal,Rawan Pucuk (High Risk),> 1 Miliar,Di Atas VWAP (Kuat),Distribusi Pro (Guyuran),Gorengan Sepi (< 5M),Normal (50-150%),Mark-Down (Fase Runtuh),Normal,Normal,Naik 3 Hari Beruntun,TP: 123 | CL: 99,Normal,Ideal (1:2),Golden Cross (Awal Bullish),Netral / Sepi Berita,Normal / Sedang Transisi,Mengambang (Jauh dari Fibo),3,WAIT & SEE,TIDAK ADA,2026-10-07 11:00:01,Biasa / Mengikuti Pasar
11:00,BAYU,Transaksi Sepi (Skip Broksum),Small Cap (Lapis 3),Overvalued (Mahal),55.871857,0.7823595,1315.0,1325,1260,1360,0.38167938931297707,1000,Normal,51,Positif,Downtrend,Bearish,Bearish MACD,Konsolidasi / Transisi,Normal,Akumulasi (Naik),Normal,Dominan Jual (Guyur),Squeeze,Rendah,Normal,Area Tengah,< 1 Miliar,Persis di VWAP,Akumulasi Pro (Smart Money),Gorengan Sepi (< 5M),Sepi (< 50%),Distribution (Fase Jualan),Normal,Normal,Naik 1 Hari Beruntun,TP: 1347 | CL: 1293,Open = High (Tekanan Jual),Tidak Ideal (< 1:1),Netral / Sideways,Netral / Sepi Berita,Normal / Sedang Transisi,Mendekati Fibo 38.2%,3,WAIT & SEE,TIDAK ADA,2026-10-07 11:00:01,Biasa / Mengikuti Pasar
11:00,BBCA,Token Mati (Perlu Update),Big Cap (Lapis 1),Fair Value (Wajar),12.975315,2.7481112,6075.0,6236,5975,6600,-0.4098360655737705,42806000,Normal,40,Negatif,Downtrend,Bearish,Strong Bearish,Strong Downtrend (5<20<50),Normal,Distribusi (Turun),Normal,Seimbang / Adu Mekanik,Bottom Rebound,Sedang,Doji (Ragu-ragu),Dekat Support (Low Risk),> 1 Miliar,Persis di VWAP,Distribusi Pro (Guyuran),Sultan (> 50M/hari),Sepi (< 50%),Mark-Down (Fase Runtuh),Normal,Normal,Turun 2 Hari Beruntun,TP: 6222 | CL: 5976,Normal,Sangat Menarik (> 1:3),Netral / Sideways,Netral / Sepi Berita,Normal / Sedang Transisi,Dekat Support Fibo Bottom / 100%,0,WAIT & SEE,TIDAK ADA,2026-10-07 11:00:01,Biasa / Mengikuti Pasar
11:00,BBHI,Transaksi Sepi (Skip Broksum),Big Cap (Lapis 1),Overvalued (Mahal),29.15129,2.325739,790.0,849,750,905,-1.25,498900,Normal,34,Negatif,Downtrend,Bearish,Strong Bearish,Strong Downtrend (5<20<50),Normal,Distribusi (Turun),Normal,Dominan Jual (Guyur),Normal,Tinggi,Normal,Area Tengah,< 1 Miliar,Persis di VWAP,Distribusi Pro (Guyuran),Gorengan Sepi (< 5M),Normal (50-150%),Mark-Down (Fase Runtuh),Normal,Normal,Turun 1 Hari Beruntun,TP: 836 | CL: 759,Open = High (Tekanan Jual),Ideal (1:2),Netral / Sideways,Netral / Sepi Berita,Normal / Sedang Transisi,Mendekati Fibo Bottom / 100%,0,WAIT & SEE,TIDAK ADA,2026-10-07 11:00:01,Biasa / Mengikuti Pasar
11:00,BBKP,Token Mati (Perlu Update),Mid Cap (Lapis 2),Fair Value (Wajar),0.0,1.020015,45.0,46,38,54,7.142857142857142,208484400,Tembus MA20,42,Positif,Downtrend,Bearish,Strong Bearish,Strong Downtrend (5<20<50),Akumulasi Kuat,Akumulasi (Naik),Normal,Seimbang / Adu Mekanik,Normal,Tinggi,Normal,Rawan Pucuk (High Risk),> 1 Miliar,Di Atas VWAP (Kuat),Akumulasi Pro (Smart Money),Ritel Aktif (5M - 50M),Anomali Tinggi (150-300%),Mark-Down (Fase Runtuh),Spesialis Tiang Jemuran (Banting Pucuk),Normal,Naik 3 Hari Beruntun,TP: 48 | CL: 42,Open = Low (Bullish Kuat),Menengah (1:1),Netral / Sideways,Netral / Sepi Berita,Normal / Sedang Transisi,Mengambang (Jauh dari Fibo),4,WAIT & SEE,TIDAK ADA,2026-10-07 11:00:01,⚠️ Anomali (Sudah Terbang)
11:00,BBLD,Transaksi Sepi (Skip Broksum),Mid Cap (Lapis 2),Overvalued (Mahal),96.12626,0.7723067,670.0,663,655,735,1.5151515151515151,1200,Normal,55,Positif,Uptrend,Golden Cross,Bearish MACD,Perfect Uptrend (5>20>50),Normal,Akumulasi (Naik),Normal,Dominan Beli (Hajar Kanan),Squeeze,Rendah,Marubozu (Strong Bullish),Dekat Support (Low Risk),< 1 Miliar,Persis di VWAP,Distribusi Pro (Guyuran),Gorengan Sepi (< 5M),Sepi (< 50%),Mark-Up (Fase Pesta),Spesialis Tiang Jemuran (Banting Pucuk),Normal,Naik 1 Hari Beruntun,TP: 698 | CL: 651,Open = Low (Bullish Kuat),Sangat Menarik (> 1:3),Golden Cross (Awal Bullish),Netral / Sepi Berita,Normal / Sedang Transisi,Dekat Support Fibo 50.0%,6,WAIT & SEE,TIDAK ADA,2026-10-07 11:00:01,Biasa / Mengikuti Pasar
11:00,BBMD,Transaksi Sepi (Skip Broksum),Mid Cap (Lapis 2),Overvalued (Mahal),27.309238,1.5348247,2040.0,2002,1900,2100,0.0,300,Normal,56,Negatif,Uptrend,Bullish,Strong Bullish,Perfect Uptrend (5>20>50),Normal,Distribusi (Turun),Gap Down (-2.9%),Dominan Beli (Hajar Kanan),Squeeze,Rendah,Marubozu (Strong Bullish),Area Tengah,< 1 Miliar,Persis di VWAP,Akumulasi Pro (Smart Money),Gorengan Sepi (< 5M),Sepi (< 50%),Mark-Up (Fase Pesta),Normal,Normal,Sideways / Stagnan,TP: 2126 | CL: 1982,Open = Low (Bullish Kuat),Tidak Ideal (< 1:1),Netral / Sideways,Netral / Sepi Berita,Supply Kering (Siap Pump) 🏜️,Golden Rebound Fibo 50.0% 🎯,5,WAIT & SEE,TIDAK ADA,2026-10-07 11:00:01,Biasa / Mengikuti Pasar
11:00,BBNI,Token Mati (Perlu Update),Big Cap (Lapis 1),Undervalued (Murah),6.1981983,0.7797165,3440.0,3578,3380,3900,-0.5780346820809248,7301400,Normal,35,Negatif,Downtrend,Bearish,Strong Bearish,Strong Downtrend (5<20<50),Normal,Akumulasi (Naik),Normal,Dominan Jual (Guyur),Normal,Tinggi,Normal,Dekat Support (Low Risk),> 1 Miliar,Persis di VWAP,Distribusi Pro (Guyuran),Sultan (> 50M/hari),Sepi (< 50%),Mark-Down (Fase Runtuh),Normal,Normal,Turun 1 Hari Beruntun,TP: 3548 | CL: 3367,Open = High (Tekanan Jual),Sangat Menarik (> 1:3),Oversold (Jenuh Jual - Peluang),Netral / Sepi Berita,Normal / Sedang Transisi,Mendekati Fibo Bottom / 100%,1,WAIT & SEE,TIDAK ADA,2026-10-07 11:00:01,Biasa / Mengikuti Pasar
11:00,BBRI,Token Mati (Perlu Update),Big Cap (Lapis 1),Undervalued (Murah),7.71506,1.4650747,3140.0,3212,3050,3430,0.964630225080386,35887900,Normal,45,Positif,Downtrend,Bearish,Strong Bearish,Konsolidasi / Transisi,Normal,Distribusi (Turun),Normal,Dominan Beli (Hajar Kanan),Normal,Sedang,Normal,Dekat Support (Low Risk),> 1 Miliar,Di Atas VWAP (Kuat),Distribusi Pro (Guyuran),Sultan (> 50M/hari),Sepi (< 50%),Distribution (Fase Jualan),Normal,Normal,Naik 1 Hari Beruntun,TP: 3250 | CL: 3066,Normal,Sangat Menarik (> 1:3),Golden Cross (Awal Bullish),Netral / Sepi Berita,Normal / Sedang Transisi,Dekat Support Fibo 50.0%,2,WAIT & SEE,TIDAK ADA,2026-10-07 11:00:01,Biasa / Mengikuti Pasar
11:00,BBRM,Transaksi Sepi (Skip Broksum),Small Cap (Lapis 3),Overvalued (Mahal),8.357988,18833.334,113.0,114,97,131,0.8928571428571428,698300,Normal,49,Positif,Downtrend,Bearish,Strong Bearish,Strong Downtrend (5<20<50),Normal,Distribusi (Turun),Normal,Seimbang / Adu Mekanik,Normal,Tinggi,Normal,Rawan Pucuk (High Risk),< 1 Miliar,Di Atas VWAP (Kuat),Distribusi Pro (Guyuran),Gorengan Sepi (< 5M),Sepi (< 50%),Mark-Down (Fase Runtuh),Normal,Normal,Naik 2 Hari Beruntun,TP: 125 | CL: 104,Open = High (Tekanan Jual),Menengah (1:1),Golden Cross (Awal Bullish),Netral / Sepi Berita,Normal / Sedang Transisi,Mendekati Fibo 78.6%,1,WAIT & SEE,TIDAK ADA,2026-10-07 11:00:01,Biasa / Mengikuti Pasar
11:00,BBTN,Token Mati (Perlu Update),Big Cap (Lapis 1),Undervalued (Murah),3.624161,0.40357023,1080.0,1126,1050,1230,-0.4608294930875576,3704400,Normal,34,Negatif,Downtrend,Bearish,Strong Bearish,Strong Downtrend (5<20<50),Normal,Akumulasi (Naik),Normal,Seimbang / Adu Mekanik,Normal,Tinggi,Normal,Dekat Support (Low Risk),> 1 Miliar,Persis di VWAP,Distribusi Pro (Guyuran),Ritel Aktif (5M - 50M),Sepi (< 50%),Mark-Down (Fase Runtuh),Solid (Jarang Dibanting),Normal,Turun 1 Hari Beruntun,TP: 1120 | CL: 1052,Open = High (Tekanan Jual),Sangat Menarik (> 1:3),Golden Cross (Awal Bullish),Netral / Sepi Berita,Normal / Sedang Transisi,Mendekati Fibo Bottom / 100%,1,WAIT & SEE,TIDAK ADA,2026-10-07 11:00:01,Biasa / Mengikuti Pasar
11:00,BBYB,Token Mati (Perlu Update),Mid Cap (Lapis 2),Undervalued (Murah),4.52284,0.6041639,200.0,219,191,264,-0.9900990099009901,10683700,Normal,31,Negatif,Downtrend,Bearish,Strong Bearish,Strong Downtrend (5<20<50),Normal,Akumulasi (Naik),Normal,Dominan Jual (Guyur),Normal,Tinggi,Normal,Area Tengah,> 1 Miliar,Persis di VWAP,Akumulasi Pro (Smart Money),Ritel Aktif (5M - 50M),Sepi (< 50%),Mark-Down (Fase Runtuh),Normal,Normal,Turun 1 Hari Beruntun,TP: 214 | CL: 190,Open = High (Tekanan Jual),Sangat Menarik (> 1:3),Oversold (Jenuh Jual - Peluang),Netral / Sepi Berita,Normal / Sedang Transisi,Mendekati Fibo Bottom / 100%,1,WAIT & SEE,TIDAK ADA,2026-10-07 11:00:01,Biasa / Mengikuti Pasar
11:00,BCAP,Transaksi Sepi (Skip Broksum),Mid Cap (Lapis 2),Undervalued (Murah),4.6199703,0.2911892,31.0,43,27,50,0.0,5869400,Normal,12,Negatif,Downtrend,Bearish,Strong Bearish,Strong Downtrend (5<20<50),Normal,Distribusi (Turun),Normal,Seimbang / Adu Mekanik,Normal,Tinggi,Doji (Ragu-ragu),Rawan Pucuk (High Risk),< 1 Miliar,Persis di VWAP,Distribusi Pro (Guyuran),Gorengan Sepi (< 5M),Sepi (< 50%),Mark-Down (Fase Runtuh),Normal,Normal,Sideways / Stagnan,TP: 34 | CL: 28,Normal,Sangat Menarik (> 1:3),Oversold (Jenuh Jual - Peluang),Netral / Sepi Berita,Normal / Sedang Transisi,Mengambang (Jauh dari Fibo),0,WAIT & SEE,TIDAK ADA,2026-10-07 11:00:01,Biasa / Mengikuti Pasar
11:00,BCIC,Transaksi Sepi (Skip Broksum),Mid Cap (Lapis 2),Fair Value (Wajar),0.0,0.61430734,133.0,133,119,142,1.5267175572519083,50400,Normal,51,Positif,Downtrend,Bearish,Strong Bearish,Konsolidasi / Transisi,Normal,Distribusi (Turun),Normal,Dominan Beli (Hajar Kanan),Normal,Sedang,Normal,Rawan Pucuk (High Risk),< 1 Miliar,Di Atas VWAP (Kuat),Akumulasi Pro (Smart Money),Gorengan Sepi (< 5M),Sepi (< 50%),Distribution (Fase Jualan),Normal,Normal,Naik 1 Hari Beruntun,TP: 144 | CL: 125,Normal,Tidak Ideal (< 1:1),Netral / Sideways,Netral / Sepi Berita,Supply Kering (Siap Pump) 🏜️,Golden Rebound Fibo 50.0% 🎯,3,WAIT & SEE,TIDAK ADA,2026-10-07 11:00:01,Biasa / Mengikuti Pasar
11:00,BCIP,Transaksi Sepi (Skip Broksum),Small Cap (Lapis 3),Undervalued (Murah),5.064457,0.15497892,55.0,57,50,64,0.0,346100,Normal,38,Negatif,Downtrend,Bearish,Strong Bearish,Strong Downtrend (5<20<50),Normal,Akumulasi (Naik),Normal,Seimbang / Adu Mekanik,Normal,Tinggi,Doji (Ragu-ragu),Rawan Pucuk (High Risk),< 1 Miliar,Di Atas VWAP (Kuat),Akumulasi Pro (Smart Money),Gorengan Sepi (< 5M),Sepi (< 50%),Mark-Down (Fase Runtuh),Normal,Normal,Sideways / Stagnan,TP: 60 | CL: 51,Normal,Ideal (1:2),Netral / Sideways,Netral / Sepi Berita,Normal / Sedang Transisi,Dekat Support Fibo 78.6%,1,WAIT & SEE,TIDAK ADA,2026-10-07 11:00:01,Biasa / Mengikuti Pasar
11:00,BDMN,Token Mati (Perlu Update),Big Cap (Lapis 1),Undervalued (Murah),9.846215,0.88704133,4930.0,4503,4210,5075,0.40733197556008144,9648100,Tembus MA20,75,Positif,Uptrend,Bullish,Strong Bullish,Perfect Uptrend (5>20>50),Distribusi Kuat,Akumulasi (Naik),Normal,Seimbang / Adu Mekanik,Breakout Upper,Tinggi,Normal,Rawan Pucuk (High Risk),> 1 Miliar,Di Atas VWAP (Kuat),Akumulasi Pro (Smart Money),Ritel Aktif (5M - 50M),Anomali Tinggi (150-300%),Mark-Up (Fase Pesta),Normal,Jarum Bawah (Sinyal Pantulan Kuat),Naik 7 Hari Beruntun,TP: 5142 | CL: 4788,Normal,Tidak Ideal (< 1:1),Overbought (Jenuh Beli - Rawan),Netral / Sepi Berita,Supply Banjir (Distribusi) 🌊,Mendekati Fibo 23.6%,7,BELI,TIDAK ADA,2026-10-07 11:00:01,Biasa / Mengikuti Pasar
11:00,BEKS,Token Mati (Perlu Update),Mid Cap (Lapis 2),Fair Value (Wajar),23.717949,1.0052708,37.0,25,21,40,2.7777777777777777,173037600,Tembus MA20,75,Positif,Uptrend,Bullish,Strong Bullish,Perfect Uptrend (5>20>50),Normal,Akumulasi (Naik),Gap Up (+5.6%),Seimbang / Adu Mekanik,Breakout Upper,Tinggi,Normal,Rawan Pucuk (High Risk),> 1 Miliar,Di Atas VWAP (Kuat),Akumulasi Pro (Smart Money),Ritel Aktif (5M - 50M),Normal (50-150%),Mark-Up (Fase Pesta),Normal,Normal,Naik 3 Hari Beruntun,TP: 43 | CL: 32,Normal,Tidak Ideal (< 1:1),Netral / Sideways,Netral / Sepi Berita,Supply Banjir (Distribusi) 🌊,Mendekati Fibo 23.6%,8,BELI,TIDAK ADA,2026-10-07 11:00:01,🔥 ANOMALI BANDAR (Siap Ledakan)
11:00,BEST,Token Mati (Perlu Update),Mid Cap (Lapis 2),Undervalued (Murah),5.2144656,0.26007092,124.0,123,111,136,-3.875968992248062,17925300,Normal,51,Negatif,Uptrend,Bullish,Strong Bullish,Perfect Uptrend (5>20>50),Normal,Distribusi (Turun),Normal,Dominan Jual (Guyur),Normal,Sedang,Normal,Rawan Pucuk (High Risk),> 1 Miliar,Di Bawah VWAP (Lemah),Akumulasi Pro (Smart Money),Gorengan Sepi (< 5M),Normal (50-150%),Mark-Up (Fase Pesta),Normal,Normal,Turun 2 Hari Beruntun,TP: 133 | CL: 117,Normal,Tidak Ideal (< 1:1),Death Cross (Awal Bearish),Netral / Sepi Berita,Normal / Sedang Transisi,Mendekati Fibo 50.0%,4,WAIT & SEE,TIDAK ADA,2026-10-07 11:00:01,Biasa / Mengikuti Pasar
11:00,BFIN,Transaksi Sepi (Skip Broksum),Big Cap (Lapis 1),Undervalued (Murah),8.611059,1.2465266,925.0,953,890,1025,0.0,872800,Normal,47,Negatif,Downtrend,Bearish,Strong Bearish,Konsolidasi / Transisi,Normal,Akumulasi (Naik),Normal,Seimbang / Adu Mekanik,Normal,Sedang,Doji (Ragu-ragu),Area Tengah,< 1 Miliar,Di Atas VWAP (Kuat),Akumulasi Pro (Smart Money),Ritel Aktif (5M - 50M),Sepi (< 50%),Distribution (Fase Jualan),Normal,Jarum Bawah (Sinyal Pantulan Kuat),Sideways / Stagnan,TP: 970 | CL: 895,Normal,Ideal (1:2),Netral / Sideways,Netral / Sepi Berita,Normal / Sedang Transisi,Mendekati Fibo 50.0%,1,WAIT & SEE,TIDAK ADA,2026-10-07 11:00:01,Biasa / Mengikuti Pasar
11:00,BGTG,Transaksi Sepi (Skip Broksum),Mid Cap (Lapis 2),Undervalued (Murah),10.963115,0.6817805,107.0,113,101,126,0.9433962264150944,1553200,Normal,40,Positif,Downtrend,Bearish,Strong Bearish,Strong Downtrend (5<20<50),Normal,Distribusi (Turun),Normal,Seimbang / Adu Mekanik,Normal,Tinggi,Normal,Area Tengah,< 1 Miliar,Di Atas VWAP (Kuat),Distribusi Pro (Guyuran),Gorengan Sepi (< 5M),Sepi (< 50%),Mark-Down (Fase Runtuh),Spesialis Tiang Jemuran (Banting Pucuk),Normal,Naik 3 Hari Beruntun,TP: 114 | CL: 101,Normal,Sangat Menarik (> 1:3),Golden Cross (Awal Bullish),Netral / Sepi Berita,Normal / Sedang Transisi,Mendekati Fibo Bottom / 100%,1,WAIT & SEE,TIDAK ADA,2026-10-07 11:00:01,Biasa / Mengikuti Pasar
11:00,BHIT,Transaksi Sepi (Skip Broksum),Mid Cap (Lapis 2),Undervalued (Murah),4.4444447,0.111630365,23.0,23,18,27,0.0,19154100,Normal,48,Negatif,Downtrend,Bearish,Bullish MACD,Strong Downtrend (5<20<50),Normal,Akumulasi (Naik),Normal,Dominan Beli (Hajar Kanan),Normal,Tinggi,Doji (Ragu-ragu),Rawan Pucuk (High Risk),< 1 Miliar,Di Atas VWAP (Kuat),Akumulasi Pro (Smart Money),Gorengan Sepi (< 5M),Sepi (< 50%),Mark-Down (Fase Runtuh),Normal,Jarum Bawah (Sinyal Pantulan Kuat),Sideways / Stagnan,TP: 26 | CL: 20,Normal,Tidak Ideal (< 1:1),Netral / Sideways,Netral / Sepi Berita,Normal / Sedang Transisi,Golden Rebound Fibo 50.0% 🎯,3,WAIT & SEE,TIDAK ADA,2026-10-07 11:00:01,Biasa / Mengikuti Pasar
11:00,BINA,Transaksi Sepi (Skip Broksum),Big Cap (Lapis 1),Overvalued (Mahal),0.0,8.238372,3990.0,4075,3960,4390,-0.4987531172069825,6800,Normal,44,Negatif,Downtrend,Death Cross,Strong Bearish,Strong Downtrend (5<20<50),Normal,Distribusi (Turun),Normal,Dominan Jual (Guyur),Squeeze,Rendah,Normal,Dekat Support (Low Risk),< 1 Miliar,Di Bawah VWAP (Lemah),Distribusi Pro (Guyuran),Gorengan Sepi (< 5M),Sepi (< 50%),Mark-Down (Fase Runtuh),Normal,Normal,Turun 5 Hari Beruntun,TP: 4193 | CL: 3854,Open = High (Tekanan Jual),Sangat Menarik (> 1:3),Oversold (Jenuh Jual - Peluang),Netral / Sepi Berita,Supply Kering (Siap Pump) 🏜️,Golden Rebound Fibo 61.8% (Golden Ratio) 🎯,0,WAIT & SEE,TIDAK ADA,2026-10-07 11:00:01,Biasa / Mengikuti Pasar
11:00,BIPI,Token Mati (Perlu Update),Mid Cap (Lapis 2),Overvalued (Mahal),31.367926,19000.0,134.0,138,119,159,1.5151515151515151,398036800,Normal,45,Positif,Downtrend,Bearish,Strong Bearish,Strong Downtrend (5<20<50),Normal,Akumulasi (Naik),Normal,Dominan Beli (Hajar Kanan),Normal,Tinggi,Normal,Rawan Pucuk (High Risk),> 1 Miliar,Di Atas VWAP (Kuat),Akumulasi Pro (Smart Money),Ritel Aktif (5M - 50M),Normal (50-150%),Mark-Down (Fase Runtuh),Solid (Jarang Dibanting),Jarum Bawah (Sinyal Pantulan Kuat),Naik 3 Hari Beruntun,TP: 145 | CL: 126,Normal,Ideal (1:2),Golden Cross (Awal Bullish),Netral / Sepi Berita,Normal / Sedang Transisi,Mendekati Fibo 78.6%,3,WAIT & SEE,TIDAK ADA,2026-10-07 11:00:01,🔥 ANOMALI BANDAR (Siap Ledakan)
11:00,BIPP,Token Mati (Perlu Update),Small Cap (Lapis 3),Fair Value (Wajar),0.0,0.44028616,68.0,66,55,107,6.25,61264800,Normal,51,Positif,Uptrend,Bearish,Strong Bearish,Strong Downtrend (5<20<50),Normal,Distribusi (Turun),Normal,Seimbang / Adu Mekanik,Normal,Tinggi,Normal,Rawan Pucuk (High Risk),> 1 Miliar,Di Atas VWAP (Kuat),Akumulasi Pro (Smart Money),Ritel Aktif (5M - 50M),Sepi (< 50%),Accumulation (Kumpul Barang),Spesialis Tiang Jemuran (Banting Pucuk),Normal,Naik 2 Hari Beruntun,TP: 84 | CL: 57,Normal,Sangat Menarik (> 1:3),Golden Cross (Awal Bullish),Netral / Sepi Berita,Normal / Sedang Transisi,Mendekati Fibo 78.6%,3,WAIT & SEE,TIDAK ADA,2026-10-07 11:00:01,Biasa / Mengikuti Pasar
11:00,BIRD,Transaksi Sepi (Skip Broksum),Mid Cap (Lapis 2),Undervalued (Murah),6.1897936,0.6364109,1555.0,1582,1525,1635,-0.6389776357827476,310700,Normal,37,Negatif,Downtrend,Bearish,Strong Bearish,Strong Downtrend (5<20<50),Normal,Distribusi (Turun),Normal,Seimbang / Adu Mekanik,Squeeze,Rendah,Normal,Dekat Support (Low Risk),< 1 Miliar,Persis di VWAP,Distribusi Pro (Guyuran),Gorengan Sepi (< 5M),Normal (50-150%),Mark-Down (Fase Runtuh),Normal,Normal,Turun 1 Hari Beruntun,TP: 1589 | CL: 1531,Normal,Ideal (1:2),Netral / Sideways,Netral / Sepi Berita,Normal / Sedang Transisi,Dekat Support Fibo 78.6%,0,WAIT & SEE,TIDAK ADA,2026-10-07 11:00:01,Biasa / Mengikuti Pasar
11:00,BISI,Transaksi Sepi (Skip Broksum),Mid Cap (Lapis 2),Undervalued (Murah),7.7437325,0.59691495,695.0,707,670,750,-0.7142857142857143,13900,Normal,47,Negatif,Downtrend,Bearish,Strong Bearish,Konsolidasi / Transisi,Normal,Akumulasi (Naik),Normal,Seimbang / Adu Mekanik,Normal,Sedang,Normal,Area Tengah,< 1 Miliar,Di Atas VWAP (Kuat),Akumulasi Pro (Smart Money),Gorengan Sepi (< 5M),Sepi (< 50%),Distribution (Fase Jualan),Normal,Normal,Turun 1 Hari Beruntun,TP: 730 | CL: 671,Open = High (Tekanan Jual),Ideal (1:2),Netral / Sideways,Netral / Sepi Berita,Supply Kering (Siap Pump) 🏜️,Golden Rebound Fibo 50.0% 🎯,1,WAIT & SEE,TIDAK ADA,2026-10-07 11:00:01,Biasa / Mengikuti Pasar
11:00,BJBR,Token Mati (Perlu Update),Mid Cap (Lapis 2),Undervalued (Murah),5.5425906,0.49462613,760.0,769,745,800,0.0,1998800,Normal,41,Negatif,Downtrend,Bearish,Strong Bearish,Strong Downtrend (5<20<50),Normal,Distribusi (Turun),Normal,Seimbang / Adu Mekanik,Normal,Sedang,Doji (Ragu-ragu),Dekat Support (Low Risk),> 1 Miliar,Persis di VWAP,Distribusi Pro (Guyuran),Gorengan Sepi (< 5M),Normal (50-150%),Mark-Down (Fase Runtuh),Normal,Normal,Sideways / Stagnan,TP: 783 | CL: 744,Normal,Ideal (1:2),Netral / Sideways,Netral / Sepi Berita,Supply Kering (Siap Pump) 🏜️,Golden Rebound Fibo 78.6% 🎯,0,WAIT & SEE,TIDAK ADA,2026-10-07 11:00:01,Biasa / Mengikuti Pasar
11:00,BJTM,Transaksi Sepi (Skip Broksum),Mid Cap (Lapis 2),Undervalued (Murah),4.8870754,0.5933891,515.0,516,505,535,0.0,967100,Normal,48,Negatif,Downtrend,Bearish,Strong Bearish,Strong Downtrend (5<20<50),Normal,Akumulasi (Naik),Normal,Seimbang / Adu Mekanik,Squeeze,Rendah,Doji (Ragu-ragu),Dekat Support (Low Risk),< 1 Miliar,Persis di VWAP,Distribusi Pro (Guyuran),Gorengan Sepi (< 5M),Sepi (< 50%),Mark-Down (Fase Runtuh),Normal,Normal,Sideways / Stagnan,TP: 527 | CL: 506,Normal,Ideal (1:2),Netral / Sideways,Netral / Sepi Berita,Supply Kering (Siap Pump) 🏜️,Golden Rebound Fibo 61.8% (Golden Ratio) 🎯,1,WAIT & SEE,TIDAK ADA,2026-10-07 11:00:01,Biasa / Mengikuti Pasar
11:00,BKDP,Token Mati (Perlu Update),Mid Cap (Lapis 2),Overvalued (Mahal),0.0,5.025516,194.0,182,160,210,0.0,9207400,Normal,59,Negatif,Uptrend,Bullish,Strong Bullish,Perfect Uptrend (5>20>50),Normal,Akumulasi (Naik),Gap Up (+2.1%),Dominan Jual (Guyur),Normal,Tinggi,Normal,Rawan Pucuk (High Risk),> 1 Miliar,Di Atas VWAP (Kuat),Akumulasi Pro (Smart Money),Gorengan Sepi (< 5M),Normal (50-150%),Mark-Up (Fase Pesta),Normal,Normal,Sideways / Stagnan,TP: 216 | CL: 178,Normal,Tidak Ideal (< 1:1),Netral / Sideways,Netral / Sepi Berita,Normal / Sedang Transisi,Dekat Support Fibo 23.6%,6,WAIT & SEE,TIDAK ADA,2026-10-07 11:00:01,Biasa / Mengikuti Pasar
11:00,BKSL,Token Mati (Perlu Update),Mid Cap (Lapis 2),Undervalued (Murah),10.37567,0.63458025,58.0,63,51,74,-1.694915254237288,74672500,Normal,36,Negatif,Downtrend,Bearish,Strong Bearish,Strong Downtrend (5<20<50),Normal,Akumulasi (Naik),Normal,Seimbang / Adu Mekanik,Normal,Tinggi,Normal,Rawan Pucuk (High Risk),> 1 Miliar,Di Atas VWAP (Kuat),Akumulasi Pro (Smart Money),Gorengan Sepi (< 5M),Sepi (< 50%),Mark-Down (Fase Runtuh),Spesialis Tiang Jemuran (Banting Pucuk),Normal,Turun 1 Hari Beruntun,TP: 64 | CL: 53,Normal,Ideal (1:2),Netral / Sideways,Netral / Sepi Berita,Normal / Sedang Transisi,Dekat Support Fibo 78.6%,1,WAIT & SEE,TIDAK ADA,2026-10-07 11:00:01,Biasa / Mengikuti Pasar
11:00,BKSW,Transaksi Sepi (Skip Broksum),Mid Cap (Lapis 2),Fair Value (Wajar),0.0,0.35939172,48.0,50,43,55,0.0,162900,Normal,36,Negatif,Downtrend,Bearish,Strong Bearish,Strong Downtrend (5<20<50),Normal,Distribusi (Turun),Gap Up (+2.1%),Dominan Jual (Guyur),Normal,Tinggi,Normal,Rawan Pucuk (High Risk),< 1 Miliar,Di Bawah VWAP (Lemah),Distribusi Pro (Guyuran),Gorengan Sepi (< 5M),Sepi (< 50%),Mark-Down (Fase Runtuh),Normal,Normal,Sideways / Stagnan,TP: 51 | CL: 45,Open = High (Tekanan Jual),Menengah (1:1),Netral / Sideways,Netral / Sepi Berita,Normal / Sedang Transisi,Mendekati Fibo 78.6%,1,WAIT & SEE,TIDAK ADA,2026-10-07 11:00:01,Biasa / Mengikuti Pasar
11:00,BLTA,Transaksi Sepi (Skip Broksum),Small Cap (Lapis 3),Overvalued (Mahal),35.185184,12666.667,38.0,34,31,50,-2.564102564102564,17119200,Normal,58,Negatif,Uptrend,Bullish,Strong Bullish,Perfect Uptrend (5>20>50),Normal,Distribusi (Turun),Normal,Seimbang / Adu Mekanik,Normal,Tinggi,Normal,Rawan Pucuk (High Risk),< 1 Miliar,Di Atas VWAP (Kuat),Distribusi Pro (Guyuran),Gorengan Sepi (< 5M),Sepi (< 50%),Mark-Up (Fase Pesta),Spesialis Tiang Jemuran (Banting Pucuk),Normal,Turun 1 Hari Beruntun,TP: 43 | CL: 34,Open = High (Tekanan Jual),Ideal (1:2),Netral / Sideways,Netral / Sepi Berita,Normal / Sedang Transisi,Mengambang (Jauh dari Fibo),4,WAIT & SEE,TIDAK ADA,2026-10-07 11:00:01,Biasa / Mengikuti Pasar
11:00,BLTZ,Transaksi Sepi (Skip Broksum),Mid Cap (Lapis 2),Overvalued (Mahal),55.822784,9.051427,4410.0,2502,1660,4800,-2.0,42900,Tembus MA20,90,Negatif,Uptrend,Bullish,Strong Bullish,Perfect Uptrend (5>20>50),Distribusi Kuat,Akumulasi (Naik),Normal,Dominan Jual (Guyur),Breakout Upper,Tinggi,Normal,Rawan Pucuk (High Risk),< 1 Miliar,Di Atas VWAP (Kuat),Akumulasi Pro (Smart Money),Gorengan Sepi (< 5M),Ledakan Ekstrem (> 300%),Mark-Up (Fase Pesta),Normal,Normal,Turun 1 Hari Beruntun,TP: 4840 | CL: 4122,Normal,Tidak Ideal (< 1:1),Overbought (Jenuh Beli - Rawan),Netral / Sepi Berita,Supply Banjir (Distribusi) 🌊,Mengambang (Jauh dari Fibo),6,WAIT & SEE,TIDAK ADA,2026-10-07 11:00:01,Biasa / Mengikuti Pasar
11:00,BMAS,Transaksi Sepi (Skip Broksum),Mid Cap (Lapis 2),Overvalued (Mahal),661.1111,1.3255028,476.0,498,462,560,0.0,13100,Normal,41,Negatif,Downtrend,Bearish,Strong Bearish,Strong Downtrend (5<20<50),Normal,Akumulasi (Naik),Normal,Dominan Jual (Guyur),Normal,Sedang,Normal,Area Tengah,< 1 Miliar,Persis di VWAP,Akumulasi Pro (Smart Money),Gorengan Sepi (< 5M),Sepi (< 50%),Mark-Down (Fase Runtuh),Normal,Normal,Sideways / Stagnan,TP: 498 | CL: 460,Open = High (Tekanan Jual),Sangat Menarik (> 1:3),Golden Cross (Awal Bullish),Netral / Sepi Berita,Normal / Sedang Transisi,Mendekati Fibo Bottom / 100%,1,WAIT & SEE,TIDAK ADA,2026-10-07 11:00:01,Biasa / Mengikuti Pasar
11:00,BMRI,Token Mati (Perlu Update),Big Cap (Lapis 1),Undervalued (Murah),6.158964,1.3478879,4110.0,4161,4000,4392,0.24390243902439024,16516800,Normal,47,Positif,Downtrend,Bearish,Strong Bearish,Strong Downtrend (5<20<50),Normal,Akumulasi (Naik),Normal,Seimbang / Adu Mekanik,Normal,Sedang,Normal,Dekat Support (Low Risk),> 1 Miliar,Di Atas VWAP (Kuat),Distribusi Pro (Guyuran),Sultan (> 50M/hari),Sepi (< 50%),Mark-Down (Fase Runtuh),Spesialis Tiang Jemuran (Banting Pucuk),Normal,Naik 1 Hari Beruntun,TP: 4213 | CL: 4040,Normal,Ideal (1:2),Golden Cross (Awal Bullish),Netral / Sepi Berita,Normal / Sedang Transisi,Dekat Support Fibo 61.8% (Golden Ratio),2,WAIT & SEE,TIDAK ADA,2026-10-07 11:00:01,Biasa / Mengikuti Pasar
11:00,BMSR,Transaksi Sepi (Skip Broksum),Small Cap (Lapis 3),Undervalued (Murah),3.2306914,0.43100488,320.0,339,300,404,0.628930817610063,39200,Normal,46,Positif,Downtrend,Bearish,Strong Bearish,Konsolidasi / Transisi,Normal,Distribusi (Turun),Normal,Dominan Beli (Hajar Kanan),Normal,Tinggi,Hammer (Potensi Reversal),Area Tengah,< 1 Miliar,Persis di VWAP,Akumulasi Pro (Smart Money),Gorengan Sepi (< 5M),Sepi (< 50%),Distribution (Fase Jualan),Spesialis Tiang Jemuran (Banting Pucuk),Jarum Bawah (Sinyal Pantulan Kuat),Naik 1 Hari Beruntun,TP: 369 | CL: 287,Normal,Sangat Menarik (> 1:3),Golden Cross (Awal Bullish),Netral / Sepi Berita,Normal / Sedang Transisi,Mengambang (Jauh dari Fibo),2,WAIT & SEE,TIDAK ADA,2026-10-07 11:00:01,Biasa / Mengikuti Pasar
11:00,BMTR,Token Mati (Perlu Update),Mid Cap (Lapis 2),Undervalued (Murah),2.0810513,0.077362746,77.0,96,69,121,-2.5316455696202533,26353900,Normal,28,Negatif,Downtrend,Bearish,Strong Bearish,Strong Downtrend (5<20<50),Normal,Distribusi (Turun),Normal,Seimbang / Adu Mekanik,Normal,Tinggi,Normal,Rawan Pucuk (High Risk),> 1 Miliar,Persis di VWAP,Akumulasi Pro (Smart Money),Ritel Aktif (5M - 50M),Sepi (< 50%),Mark-Down (Fase Runtuh),Normal,Normal,Turun 1 Hari Beruntun,TP: 88 | CL: 69,Normal,Sangat Menarik (> 1:3),Oversold (Jenuh Jual - Peluang),Netral / Sepi Berita,Normal / Sedang Transisi,Mengambang (Jauh dari Fibo),0,WAIT & SEE,TIDAK ADA,2026-10-07 11:00:01,Biasa / Mengikuti Pasar
11:00,BNBA,Transaksi Sepi (Skip Broksum),Mid Cap (Lapis 2),Overvalued (Mahal),150.92592,0.8480228,815.0,814,750,905,0.6172839506172839,50300,Normal,53,Positif,Uptrend,Death Cross,Bearish MACD,Konsolidasi / Transisi,Normal,Distribusi (Turun),Normal,Seimbang / Adu Mekanik,Normal,Sedang,Normal,Area Tengah,< 1 Miliar,Persis di VWAP,Distribusi Pro (Guyuran),Gorengan Sepi (< 5M),Sepi (< 50%),Mark-Up (Fase Pesta),Spesialis Tiang Jemuran (Banting Pucuk),Normal,Naik 1 Hari Beruntun,TP: 881 | CL: 770,Open = Low (Bullish Kuat),Menengah (1:1),Golden Cross (Awal Bullish),Netral / Sepi Berita,Normal / Sedang Transisi,Dekat Support Fibo 50.0%,3,WAIT & SEE,TIDAK ADA,2026-10-07 11:00:01,Biasa / Mengikuti Pasar
11:00,BNBR,Token Mati (Perlu Update),Big Cap (Lapis 1),Overvalued (Mahal),59.2,3.4589138,74.0,81,66,99,-2.631578947368421,175508400,Normal,30,Negatif,Downtrend,Bearish,Strong Bearish,Strong Downtrend (5<20<50),Normal,Akumulasi (Naik),Normal,Dominan Jual (Guyur),Normal,Tinggi,Normal,Rawan Pucuk (High Risk),> 1 Miliar,Persis di VWAP,Akumulasi Pro (Smart Money),Ritel Aktif (5M - 50M),Sepi (< 50%),Mark-Down (Fase Runtuh),Normal,Normal,Turun 1 Hari Beruntun,TP: 82 | CL: 68,Normal,Sangat Menarik (> 1:3),Golden Cross (Awal Bullish),Netral / Sepi Berita,Normal / Sedang Transisi,Mengambang (Jauh dari Fibo),1,WAIT & SEE,TIDAK ADA,2026-10-07 11:00:01,Biasa / Mengikuti Pasar
11:00,BNGA,Transaksi Sepi (Skip Broksum),Big Cap (Lapis 1),Undervalued (Murah),6.21401,0.7639656,1705.0,1728,1680,1775,0.29411764705882354,371700,Normal,48,Positif,Downtrend,Bearish,Strong Bearish,Konsolidasi / Transisi,Normal,Distribusi (Turun),Normal,Seimbang / Adu Mekanik,Squeeze,Rendah,Normal,Dekat Support (Low Risk),< 1 Miliar,Persis di VWAP,Distribusi Pro (Guyuran),Gorengan Sepi (< 5M),Sepi (< 50%),Distribution (Fase Jualan),Normal,Normal,Naik 2 Hari Beruntun,TP: 1746 | CL: 1677,Open = Low (Bullish Kuat),Ideal (1:2),Golden Cross (Awal Bullish),Netral / Sepi Berita,Normal / Sedang Transisi,Dekat Support Fibo 38.2%,1,WAIT & SEE,TIDAK ADA,2026-10-07 11:00:01,Biasa / Mengikuti Pasar
11:00,BNII,Transaksi Sepi (Skip Broksum),Big Cap (Lapis 1),Undervalued (Murah),8.095441,0.4579748,190.0,190,183,196,0.5291005291005291,353000,Normal,48,Positif,Downtrend,Bearish,Strong Bearish,Strong Downtrend (5<20<50),Normal,Akumulasi (Naik),Normal,Seimbang / Adu Mekanik,Squeeze,Rendah,Doji (Ragu-ragu),Area Tengah,< 1 Miliar,Persis di VWAP,Akumulasi Pro (Smart Money),Gorengan Sepi (< 5M),Sepi (< 50%),Mark-Down (Fase Runtuh),Normal,Jarum Bawah (Sinyal Pantulan Kuat),Naik 2 Hari Beruntun,TP: 195 | CL: 186,Normal,Tidak Ideal (< 1:1),Netral / Sideways,Netral / Sepi Berita,Normal / Sedang Transisi,Golden Rebound Fibo 50.0% 🎯,2,WAIT & SEE,TIDAK ADA,2026-10-07 11:00:01,Biasa / Mengikuti Pasar
11:00,BNLI,Transaksi Sepi (Skip Broksum),Big Cap (Lapis 1),Fair Value (Wajar),19.018583,1.5746719,1965.0,2025,1875,2170,0.7692307692307693,16000,Normal,39,Positif,Downtrend,Bearish,Strong Bearish,Strong Downtrend (5<20<50),Normal,Akumulasi (Naik),Gap Up (+2.6%),Dominan Jual (Guyur),Normal,Tinggi,Normal,Area Tengah,< 1 Miliar,Di Atas VWAP (Kuat),Distribusi Pro (Guyuran),Gorengan Sepi (< 5M),Sepi (< 50%),Mark-Down (Fase Runtuh),Spesialis Tiang Jemuran (Banting Pucuk),Normal,Naik 3 Hari Beruntun,TP: 2086 | CL: 1883,Open = High (Tekanan Jual),Ideal (1:2),Golden Cross (Awal Bullish),Netral / Sepi Berita,Normal / Sedang Transisi,Mendekati Fibo Bottom / 100%,3,WAIT & SEE,TIDAK ADA,2026-10-07 11:00:01,Biasa / Mengikuti Pasar
11:00,BOLT,Transaksi Sepi (Skip Broksum),Mid Cap (Lapis 2),Fair Value (Wajar),12.962661,2.2071683,795.0,791,745,855,0.0,1600,Normal,52,Negatif,Uptrend,Bearish,Strong Bearish,Strong Downtrend (5<20<50),Normal,Akumulasi (Naik),Normal,Tidak Ada Transaksi,Normal,Sedang,Doji (Ragu-ragu),Area Tengah,< 1 Miliar,Di Atas VWAP (Kuat),Akumulasi Pro (Smart Money),Gorengan Sepi (< 5M),Sepi (< 50%),Accumulation (Kumpul Barang),Normal,Normal,Sideways / Stagnan,TP: 829 | CL: 772,Normal,Menengah (1:1),Golden Cross (Awal Bullish),Netral / Sepi Berita,Normal / Sedang Transisi,Mengambang (Jauh dari Fibo),3,WAIT & SEE,TIDAK ADA,2026-10-07 11:00:01,Biasa / Mengikuti Pasar
11:00,BPFI,Transaksi Sepi (Skip Broksum),Small Cap (Lapis 3),Undervalued (Murah),6.31524,0.52445656,238.0,244,222,268,0.0,12800,Normal,39,Negatif,Downtrend,Bearish,Strong Bearish,Strong Downtrend (5<20<50),Normal,Distribusi (Turun),Normal,Dominan Beli (Hajar Kanan),Normal,Sedang,Marubozu (Strong Bullish),Area Tengah,< 1 Miliar,Persis di VWAP,Distribusi Pro (Guyuran),Gorengan Sepi (< 5M),Sepi (< 50%),Mark-Down (Fase Runtuh),Spesialis Tiang Jemuran (Banting Pucuk),Normal,Sideways / Stagnan,TP: 254 | CL: 226,Open = Low (Bullish Kuat),Ideal (1:2),Netral / Sideways,Netral / Sepi Berita,Supply Kering (Siap Pump) 🏜️,Golden Rebound Fibo 78.6% 🎯,1,WAIT & SEE,TIDAK ADA,2026-10-07 11:00:01,Biasa / Mengikuti Pasar
11:00,BPII,Transaksi Sepi (Skip Broksum),Mid Cap (Lapis 2),Overvalued (Mahal),45.70273,3.1595576,452.0,464,416,498,-0.4405286343612335,26700,Tembus MA20,43,Negatif,Downtrend,Bearish,Strong Bearish,Strong Downtrend (5<20<50),Normal,Distribusi (Turun),Gap Down (-8.4%),Dominan Beli (Hajar Kanan),Squeeze,Rendah,Marubozu (Strong Bullish),Area Tengah,< 1 Miliar,Di Bawah VWAP (Lemah),Akumulasi Pro (Smart Money),Gorengan Sepi (< 5M),Anomali Tinggi (150-300%),Mark-Down (Fase Runtuh),Normal,Normal,Turun 3 Hari Beruntun,TP: 486 | CL: 429,Open = Low (Bullish Kuat),Menengah (1:1),Golden Cross (Awal Bullish),Netral / Sepi Berita,Normal / Sedang Transisi,Mengambang (Jauh dari Fibo),2,WAIT & SEE,TIDAK ADA,2026-10-07 11:00:01,Biasa / Mengikuti Pasar
11:00,BRAM,Transaksi Sepi (Skip Broksum),Mid Cap (Lapis 2),Overvalued (Mahal),20.877106,9831.579,4670.0,4640,4540,4700,0.646551724137931,2700,Tembus MA20,53,Positif,Uptrend,Bearish,Bearish MACD,Konsolidasi / Transisi,Akumulasi Kuat,Akumulasi (Naik),Normal,Dominan Beli (Hajar Kanan),Squeeze,Rendah,Normal,Dekat Support (Low Risk),< 1 Miliar,Di Atas VWAP (Kuat),Distribusi Pro (Guyuran),Gorengan Sepi (< 5M),Anomali Tinggi (150-300%),Mark-Up (Fase Pesta),Normal,Normal,Naik 2 Hari Beruntun,TP: 4794 | CL: 4587,Normal,Tidak Ideal (< 1:1),Netral / Sideways,Netral / Sepi Berita,Normal / Sedang Transisi,Dekat Support Fibo 23.6%,7,BELI,TIDAK ADA,2026-10-07 11:00:01,Biasa / Mengikuti Pasar
11:00,BRMS,Token Mati (Perlu Update),Big Cap (Lapis 1),Overvalued (Mahal),127.10084,67222.23,605.0,657,540,750,0.0,28454800,Normal,42,Negatif,Downtrend,Bearish,Strong Bearish,Konsolidasi / Transisi,Normal,Akumulasi (Naik),Normal,Seimbang / Adu Mekanik,Normal,Tinggi,Normal,Rawan Pucuk (High Risk),> 1 Miliar,Di Atas VWAP (Kuat),Akumulasi Pro (Smart Money),Sultan (> 50M/hari),Sepi (< 50%),Distribution (Fase Jualan),Normal,Normal,Sideways / Stagnan,TP: 658 | CL: 569,Normal,Ideal (1:2),Golden Cross (Awal Bullish),Netral / Sepi Berita,Normal / Sedang Transisi,Dekat Support Fibo 61.8% (Golden Ratio),1,WAIT & SEE,TIDAK ADA,2026-10-07 11:00:01,Biasa / Mengikuti Pasar
11:00,BRNA,Transaksi Sepi (Skip Broksum),Small Cap (Lapis 3),Fair Value (Wajar),0.0,0.6802839,665.0,651,590,805,-2.2058823529411766,233300,Normal,56,Negatif,Uptrend,Bullish,Strong Bullish,Perfect Uptrend (5>20>50),Normal,Distribusi (Turun),Normal,Dominan Jual (Guyur),Normal,Sedang,Normal,Rawan Pucuk (High Risk),< 1 Miliar,Di Bawah VWAP (Lemah),Distribusi Pro (Guyuran),Gorengan Sepi (< 5M),Sepi (< 50%),Mark-Up (Fase Pesta),Spesialis Tiang Jemuran (Banting Pucuk),Normal,Turun 1 Hari Beruntun,TP: 726 | CL: 623,Open = High (Tekanan Jual),Ideal (1:2),Netral / Sideways,Netral / Sepi Berita,Normal / Sedang Transisi,Dekat Support Fibo 61.8% (Golden Ratio),4,WAIT & SEE,TIDAK ADA,2026-10-07 11:00:01,Biasa / Mengikuti Pasar
11:00,BRPT,Token Mati (Perlu Update),Big Cap (Lapis 1),Overvalued (Mahal),57.80691,55961.54,1455.0,1548,1380,1785,-1.6891891891891893,15875600,Normal,34,Negatif,Downtrend,Bearish,Strong Bearish,Strong Downtrend (5<20<50),Normal,Akumulasi (Naik),Normal,Dominan Jual (Guyur),Normal,Tinggi,Normal,Area Tengah,> 1 Miliar,Persis di VWAP,Akumulasi Pro (Smart Money),Sultan (> 50M/hari),Sepi (< 50%),Mark-Down (Fase Runtuh),Spesialis Tiang Jemuran (Banting Pucuk),Normal,Turun 2 Hari Beruntun,TP: 1546 | CL: 1394,Normal,Sangat Menarik (> 1:3),Netral / Sideways,Netral / Sepi Berita,Normal / Sedang Transisi,Mendekati Fibo Bottom / 100%,1,WAIT & SEE,TIDAK ADA,2026-10-07 11:00:01,Biasa / Mengikuti Pasar
11:00,BSDE,Token Mati (Perlu Update),Big Cap (Lapis 1),Undervalued (Murah),6.179775,0.25663877,545.0,584,525,655,0.0,7236000,Normal,33,Negatif,Downtrend,Bearish,Strong Bearish,Strong Downtrend (5<20<50),Normal,Distribusi (Turun),Normal,Seimbang / Adu Mekanik,Normal,Tinggi,Doji (Ragu-ragu),Area Tengah,> 1 Miliar,Persis di VWAP,Distribusi Pro (Guyuran),Ritel Aktif (5M - 50M),Sepi (< 50%),Mark-Down (Fase Runtuh),Normal,Normal,Sideways / Stagnan,TP: 579 | CL: 522,Normal,Sangat Menarik (> 1:3),Oversold (Jenuh Jual - Peluang),Netral / Sepi Berita,Normal / Sedang Transisi,Mendekati Fibo Bottom / 100%,0,WAIT & SEE,TIDAK ADA,2026-10-07 11:00:01,Biasa / Mengikuti Pasar
11:00,BSIM,Transaksi Sepi (Skip Broksum),Big Cap (Lapis 1),Overvalued (Mahal),69.95739,2.3304179,985.0,996,895,1240,-0.5050505050505051,163000,Normal,54,Negatif,Downtrend,Bearish,Bearish MACD,Konsolidasi / Transisi,Normal,Akumulasi (Naik),Normal,Dominan Jual (Guyur),Normal,Tinggi,Doji (Ragu-ragu),Rawan Pucuk (High Risk),< 1 Miliar,Persis di VWAP,Distribusi Pro (Guyuran),Gorengan Sepi (< 5M),Anomali Tinggi (150-300%),Distribution (Fase Jualan),Normal,Normal,Turun 1 Hari Beruntun,TP: 1079 | CL: 922,Normal,Ideal (1:2),Golden Cross (Awal Bullish),Netral / Sepi Berita,Normal / Sedang Transisi,Mengambang (Jauh dari Fibo),2,WAIT & SEE,TIDAK ADA,2026-10-07 11:00:01,Biasa / Mengikuti Pasar
11:00,BSSR,Token Mati (Perlu Update),Big Cap (Lapis 1),Overvalued (Mahal),8.165083,51225.492,5200.0,4859,4486,5250,0.9708737864077669,544900,Normal,68,Positif,Uptrend,Bullish,Strong Bullish,Perfect Uptrend (5>20>50),Normal,Akumulasi (Naik),Normal,Seimbang / Adu Mekanik,Normal,Tinggi,Normal,Rawan Pucuk (High Risk),> 1 Miliar,Di Atas VWAP (Kuat),Distribusi Pro (Guyuran),Ritel Aktif (5M - 50M),Sepi (< 50%),Mark-Up (Fase Pesta),Normal,Normal,Naik 2 Hari Beruntun,TP: 5474 | CL: 5017,Open = Low (Bullish Kuat),Tidak Ideal (< 1:1),Overbought (Jenuh Beli - Rawan),Netral / Sepi Berita,Normal / Sedang Transisi,Mengambang (Jauh dari Fibo),6,WAIT & SEE,TIDAK ADA,2026-10-07 11:00:01,Biasa / Mengikuti Pasar
11:00,BTEK,Token Mati (Perlu Update),Small Cap (Lapis 3),Fair Value (Wajar),0.0,2.4360535,13.0,12,11,18,-7.142857142857142,422745500,Tembus MA20,55,Negatif,Uptrend,Bullish,Strong Bullish,Perfect Uptrend (5>20>50),Normal,Akumulasi (Naik),Normal,Seimbang / Adu Mekanik,Normal,Tinggi,Normal,Rawan Pucuk (High Risk),> 1 Miliar,Di Atas VWAP (Kuat),Akumulasi Pro (Smart Money),Ritel Aktif (5M - 50M),Normal (50-150%),Mark-Up (Fase Pesta),Normal,Normal,Turun 1 Hari Beruntun,TP: 15 | CL: 11,Open = High (Tekanan Jual),Ideal (1:2),Golden Cross (Awal Bullish),Netral / Sepi Berita,Normal / Sedang Transisi,Mendekati Fibo 61.8% (Golden Ratio),6,WAIT & SEE,TIDAK ADA,2026-10-07 11:00:01,🔥 ANOMALI BANDAR (Siap Ledakan)
11:00,BTON,Transaksi Sepi (Skip Broksum),Small Cap (Lapis 3),Overvalued (Mahal),27.647015,0.80046904,370.0,367,350,434,-2.1164021164021163,600,Normal,52,Negatif,Uptrend,Bullish,Strong Bullish,Perfect Uptrend (5>20>50),Normal,Distribusi (Turun),Normal,Dominan Jual (Guyur),Normal,Sedang,Normal,Area Tengah,< 1 Miliar,Persis di VWAP,Distribusi Pro (Guyuran),Gorengan Sepi (< 5M),Sepi (< 50%),Mark-Up (Fase Pesta),Spesialis Tiang Jemuran (Banting Pucuk),Normal,Turun 1 Hari Beruntun,TP: 391 | CL: 356,Open = High (Tekanan Jual),Sangat Menarik (> 1:3),Netral / Sideways,Netral / Sepi Berita,Supply Kering (Siap Pump) 🏜️,Mendekati Fibo 61.8% (Golden Ratio),4,WAIT & SEE,TIDAK ADA,2026-10-07 11:00:01,Biasa / Mengikuti Pasar
11:00,BTPN,Transaksi Sepi (Skip Broksum),Big Cap (Lapis 1),Overvalued (Mahal),58.80958,0.54181904,2480.0,2369,2230,2600,0.8130081300813009,34600,Tembus MA20,69,Positif,Uptrend,Bullish,Strong Bullish,Perfect Uptrend (5>20>50),Normal,Akumulasi (Naik),Normal,Seimbang / Adu Mekanik,Breakout Upper,Sedang,Normal,Rawan Pucuk (High Risk),< 1 Miliar,Di Atas VWAP (Kuat),Akumulasi Pro (Smart Money),Gorengan Sepi (< 5M),Normal (50-150%),Mark-Up (Fase Pesta),Normal,Normal,Naik 4 Hari Beruntun,TP: 2615 | CL: 2390,Open = Low (Bullish Kuat),Tidak Ideal (< 1:1),Netral / Sideways,Netral / Sepi Berita,Normal / Sedang Transisi,Mendekati Fibo 38.2%,7,BELI,TIDAK ADA,2026-10-07 11:00:01,Biasa / Mengikuti Pasar
11:00,BUDI,Transaksi Sepi (Skip Broksum),Mid Cap (Lapis 2),Undervalued (Murah),6.135306,0.61868197,224.0,224,212,230,1.8181818181818181,14300,Normal,51,Positif,Downtrend,Bearish,Strong Bearish,Konsolidasi / Transisi,Normal,Distribusi (Turun),Normal,Tidak Ada Transaksi,Squeeze,Rendah,Doji (Ragu-ragu),Area Tengah,< 1 Miliar,Di Atas VWAP (Kuat),Distribusi Pro (Guyuran),Gorengan Sepi (< 5M),Sepi (< 50%),Sideways,Normal,Normal,Naik 1 Hari Beruntun,TP: 234 | CL: 217,Normal,Tidak Ideal (< 1:1),Netral / Sideways,Netral / Sepi Berita,Supply Kering (Siap Pump) 🏜️,Mendekati Fibo 78.6%,2,WAIT & SEE,TIDAK ADA,2026-10-07 11:00:01,Biasa / Mengikuti Pasar
11:00,BUKK,Transaksi Sepi (Skip Broksum),Mid Cap (Lapis 2),Undervalued (Murah),10.235893,0.35314685,985.0,994,900,1095,0.5102040816326531,20700,Normal,47,Positif,Downtrend,Bearish,Strong Bearish,Strong Downtrend (5<20<50),Normal,Distribusi (Turun),Normal,Dominan Jual (Guyur),Normal,Sedang,Normal,Area Tengah,< 1 Miliar,Persis di VWAP,Distribusi Pro (Guyuran),Gorengan Sepi (< 5M),Normal (50-150%),Mark-Down (Fase Runtuh),Normal,Normal,Naik 1 Hari Beruntun,TP: 1049 | CL: 942,Open = High (Tekanan Jual),Menengah (1:1),Golden Cross (Awal Bullish),Netral / Sepi Berita,Normal / Sedang Transisi,Dekat Support Fibo 78.6%,1,WAIT & SEE,TIDAK ADA,2026-10-07 11:00:01,Biasa / Mengikuti Pasar
11:00,BULL,Token Mati (Perlu Update),Mid Cap (Lapis 2),Overvalued (Mahal),4.2755895,26285.713,368.0,382,332,442,-1.0752688172043012,70240800,Normal,43,Negatif,Downtrend,Bearish,Strong Bearish,Strong Downtrend (5<20<50),Normal,Akumulasi (Naik),Normal,Dominan Jual (Guyur),Normal,Tinggi,Normal,Rawan Pucuk (High Risk),> 1 Miliar,Di Atas VWAP (Kuat),Akumulasi Pro (Smart Money),Sultan (> 50M/hari),Sepi (< 50%),Mark-Down (Fase Runtuh),Normal,Normal,Turun 1 Hari Beruntun,TP: 398 | CL: 348,Normal,Ideal (1:2),Golden Cross (Awal Bullish),Netral / Sepi Berita,Normal / Sedang Transisi,Mengambang (Jauh dari Fibo),1,WAIT & SEE,TIDAK ADA,2026-10-07 11:00:01,Biasa / Mengikuti Pasar
11:00,BUMI,Token Mati (Perlu Update),Big Cap (Lapis 1),Overvalued (Mahal),31.818184,45499.996,182.0,189,167,228,-1.0869565217391304,642055000,Normal,45,Negatif,Downtrend,Bearish,Strong Bearish,Konsolidasi / Transisi,Normal,Akumulasi (Naik),Normal,Dominan Jual (Guyur),Normal,Tinggi,Normal,Area Tengah,> 1 Miliar,Di Atas VWAP (Kuat),Akumulasi Pro (Smart Money),Sultan (> 50M/hari),Sepi (< 50%),Distribution (Fase Jualan),Normal,Normal,Turun 1 Hari Beruntun,TP: 194 | CL: 173,Open = High (Tekanan Jual),Sangat Menarik (> 1:3),Golden Cross (Awal Bullish),Netral / Sepi Berita,Normal / Sedang Transisi,Mendekati Fibo 61.8% (Golden Ratio),1,WAIT & SEE,TIDAK ADA,2026-10-07 11:00:01,🔥 ANOMALI BANDAR (Siap Ledakan)
11:00,BUVA,Token Mati (Perlu Update),Big Cap (Lapis 1),Overvalued (Mahal),705.0,8.054013,700.0,668,575,755,-0.7092198581560284,48975300,Normal,53,Negatif,Uptrend,Bearish,Bullish MACD,Strong Downtrend (5<20<50),Normal,Akumulasi (Naik),Normal,Seimbang / Adu Mekanik,Normal,Tinggi,Normal,Rawan Pucuk (High Risk),> 1 Miliar,Di Atas VWAP (Kuat),Akumulasi Pro (Smart Money),Sultan (> 50M/hari),Normal (50-150%),Accumulation (Kumpul Barang),Normal,Normal,Turun 1 Hari Beruntun,TP: 776 | CL: 649,Normal,Tidak Ideal (< 1:1),Netral / Sideways,Netral / Sepi Berita,Normal / Sedang Transisi,Mendekati Fibo 78.6%,4,WAIT & SEE,TIDAK ADA,2026-10-07 11:00:01,Biasa / Mengikuti Pasar
11:00,BVIC,Transaksi Sepi (Skip Broksum),Mid Cap (Lapis 2),Overvalued (Mahal),29.729729,0.3744442,88.0,90,82,102,-1.1235955056179776,72700,Normal,42,Negatif,Downtrend,Bearish,Strong Bearish,Strong Downtrend (5<20<50),Normal,Akumulasi (Naik),Gap Down (-2.2%),Seimbang / Adu Mekanik,Normal,Sedang,Normal,Area Tengah,< 1 Miliar,Persis di VWAP,Akumulasi Pro (Smart Money),Gorengan Sepi (< 5M),Sepi (< 50%),Mark-Down (Fase Runtuh),Normal,Normal,Turun 1 Hari Beruntun,TP: 92 | CL: 85,Open = Low (Bullish Kuat),Ideal (1:2),Netral / Sideways,Netral / Sepi Berita,Normal / Sedang Transisi,Mendekati Fibo 78.6%,1,WAIT & SEE,TIDAK ADA,2026-10-07 11:00:01,Biasa / Mengikuti Pasar
11:00,BWPT,Token Mati (Perlu Update),Mid Cap (Lapis 2),Undervalued (Murah),7.99701,1.1101197,106.0,114,98,136,-2.7522935779816518,34769800,Normal,45,Negatif,Downtrend,Bearish,Strong Bearish,Konsolidasi / Transisi,Normal,Akumulasi (Naik),Normal,Dominan Jual (Guyur),Normal,Tinggi,Normal,Area Tengah,> 1 Miliar,Di Atas VWAP (Kuat),Akumulasi Pro (Smart Money),Ritel Aktif (5M - 50M),Sepi (< 50%),Distribution (Fase Jualan),Normal,Normal,Turun 1 Hari Beruntun,TP: 117 | CL: 98,Normal,Sangat Menarik (> 1:3),Netral / Sideways,Netral / Sepi Berita,Normal / Sedang Transisi,Mengambang (Jauh dari Fibo),1,WAIT & SEE,TIDAK ADA,2026-10-07 11:00:01,Biasa / Mengikuti Pasar
11:00,BYAN,Token Mati (Perlu Update),Big Cap (Lapis 1),Overvalued (Mahal),27.318274,170945.94,12600.0,12128,10075,14250,-6.319702602230483,4291400,Tembus MA20,50,Negatif,Uptrend,Golden Cross,Bullish MACD,Awal Reversal (5>20),Normal,Akumulasi (Naik),Normal,Dominan Jual (Guyur),Normal,Tinggi,Normal,Rawan Pucuk (High Risk),> 1 Miliar,Di Bawah VWAP (Lemah),Akumulasi Pro (Smart Money),Ritel Aktif (5M - 50M),Anomali Tinggi (150-300%),Accumulation (Kumpul Barang),Normal,Normal,Turun 1 Hari Beruntun,TP: 14102 | CL: 11598,Normal,Tidak Ideal (< 1:1),Netral / Sideways,Netral / Sepi Berita,Normal / Sedang Transisi,Mendekati Fibo 78.6%,5,WAIT & SEE,TIDAK ADA,2026-10-07 11:00:01,Biasa / Mengikuti Pasar
11:00,CASS,Transaksi Sepi (Skip Broksum),Mid Cap (Lapis 2),Fair Value (Wajar),7.7517734,2.1609678,1825.0,1832,1765,1880,-1.881720430107527,131400,Tembus MA20,48,Negatif,Downtrend,Bearish,Bullish MACD,Strong Downtrend (5<20<50),Normal,Distribusi (Turun),Normal,Dominan Jual (Guyur),Squeeze,Rendah,Normal,Area Tengah,< 1 Miliar,Persis di VWAP,Distribusi Pro (Guyuran),Gorengan Sepi (< 5M),Normal (50-150%),Mark-Down (Fase Runtuh),Normal,Normal,Turun 1 Hari Beruntun,TP: 1882 | CL: 1786,Open = High (Tekanan Jual),Tidak Ideal (< 1:1),Death Cross (Awal Bearish),Netral / Sepi Berita,Normal / Sedang Transisi,Dekat Support Fibo 78.6%,2,WAIT & SEE,TIDAK ADA,2026-10-07 11:00:01,Biasa / Mengikuti Pasar
11:00,CEKA,Transaksi Sepi (Skip Broksum),Mid Cap (Lapis 2),Undervalued (Murah),5.99455,0.63217664,2200.0,2188,2150,2350,0.45662100456621,7800,Normal,53,Positif,Uptrend,Bearish,Bullish MACD,Strong Downtrend (5<20<50),Normal,Akumulasi (Naik),Normal,Tidak Ada Transaksi,Squeeze,Rendah,Doji (Ragu-ragu),Dekat Support (Low Risk),< 1 Miliar,Persis di VWAP,Akumulasi Pro (Smart Money),Gorengan Sepi (< 5M),Normal (50-150%),Accumulation (Kumpul Barang),Spesialis Tiang Jemuran (Banting Pucuk),Normal,Naik 1 Hari Beruntun,TP: 2245 | CL: 2170,Normal,Ideal (1:2),Netral / Sideways,Netral / Sepi Berita,Normal / Sedang Transisi,Dekat Support Fibo 61.8% (Golden Ratio),5,WAIT & SEE,TIDAK ADA,2026-10-07 11:00:01,Biasa / Mengikuti Pasar
11:00,CENT,Transaksi Sepi (Skip Broksum),Mid Cap (Lapis 2),Fair Value (Wajar),0.0,1.2232103,96.0,100,85,118,-1.0309278350515463,1760700,Normal,48,Negatif,Downtrend,Bearish,Strong Bearish,Konsolidasi / Transisi,Normal,Akumulasi (Naik),Normal,Dominan Jual (Guyur),Normal,Tinggi,Normal,Rawan Pucuk (High Risk),< 1 Miliar,Di Atas VWAP (Kuat),Akumulasi Pro (Smart Money),Gorengan Sepi (< 5M),Sepi (< 50%),Distribution (Fase Jualan),Normal,Normal,Turun 1 Hari Beruntun,TP: 106 | CL: 89,Normal,Ideal (1:2),Golden Cross (Awal Bullish),Netral / Sepi Berita,Normal / Sedang Transisi,Mendekati Fibo 61.8% (Golden Ratio),1,WAIT & SEE,TIDAK ADA,2026-10-07 11:00:01,Biasa / Mengikuti Pasar
11:00,CFIN,Transaksi Sepi (Skip Broksum),Mid Cap (Lapis 2),Undervalued (Murah),6.095692,0.25068098,358.0,362,342,380,0.0,540000,Normal,49,Negatif,Downtrend,Bearish,Strong Bearish,Konsolidasi / Transisi,Normal,Akumulasi (Naik),Normal,Seimbang / Adu Mekanik,Normal,Sedang,Doji (Ragu-ragu),Area Tengah,< 1 Miliar,Di Atas VWAP (Kuat),Akumulasi Pro (Smart Money),Gorengan Sepi (< 5M),Sepi (< 50%),Distribution (Fase Jualan),Solid (Jarang Dibanting),Normal,Sideways / Stagnan,TP: 372 | CL: 348,Normal,Menengah (1:1),Golden Cross (Awal Bullish),Netral / Sepi Berita,Supply Kering (Siap Pump) 🏜️,Golden Rebound Fibo 38.2% 🎯,1,WAIT & SEE,TIDAK ADA,2026-10-07 11:00:01,Biasa / Mengikuti Pasar
11:00,CINT,Transaksi Sepi (Skip Broksum),Small Cap (Lapis 3),Fair Value (Wajar),0.0,0.6343655,193.0,191,179,246,-0.5154639175257731,27200,Normal,54,Negatif,Uptrend,Bullish,Bearish MACD,Perfect Uptrend (5>20>50),Normal,Akumulasi (Naik),Normal,Seimbang / Adu Mekanik,Normal,Sedang,Normal,Area Tengah,< 1 Miliar,Persis di VWAP,Distribusi Pro (Guyuran),Gorengan Sepi (< 5M),Sepi (< 50%),Mark-Up (Fase Pesta),Spesialis Tiang Jemuran (Banting Pucuk),Normal,Turun 1 Hari Beruntun,TP: 214 | CL: 178,Open = High (Tekanan Jual),Sangat Menarik (> 1:3),Golden Cross (Awal Bullish),Netral / Sepi Berita,Supply Kering (Siap Pump) 🏜️,Golden Rebound Fibo 61.8% (Golden Ratio) 🎯,4,WAIT & SEE,TIDAK ADA,2026-10-07 11:00:01,Biasa / Mengikuti Pasar
11:00,CITA,Transaksi Sepi (Skip Broksum),Big Cap (Lapis 1),Fair Value (Wajar),9.77565,1.6567847,3410.0,3438,3210,3640,-0.5830903790087464,45300,Normal,52,Negatif,Downtrend,Bearish,Bearish MACD,Konsolidasi / Transisi,Normal,Akumulasi (Naik),Normal,Seimbang / Adu Mekanik,Squeeze,Rendah,Normal,Area Tengah,< 1 Miliar,Persis di VWAP,Akumulasi Pro (Smart Money),Gorengan Sepi (< 5M),Normal (50-150%),Distribution (Fase Jualan),Normal,Normal,Turun 1 Hari Beruntun,TP: 3555 | CL: 3312,Normal,Menengah (1:1),Netral / Sideways,Netral / Sepi Berita,Normal / Sedang Transisi,Dekat Support Fibo 38.2%,2,WAIT & SEE,TIDAK ADA,2026-10-07 11:00:01,Biasa / Mengikuti Pasar
11:00,CLPI,Transaksi Sepi (Skip Broksum),Small Cap (Lapis 3),Undervalued (Murah),6.5716286,0.83869374,1595.0,1598,1555,1630,0.0,5700,Normal,49,Negatif,Downtrend,Bearish,Strong Bearish,Strong Downtrend (5<20<50),Normal,Akumulasi (Naik),Normal,Seimbang / Adu Mekanik,Squeeze,Rendah,Normal,Dekat Support (Low Risk),< 1 Miliar,Persis di VWAP,Akumulasi Pro (Smart Money),Gorengan Sepi (< 5M),Sepi (< 50%),Mark-Down (Fase Runtuh),Solid (Jarang Dibanting),Normal,Sideways / Stagnan,TP: 1631 | CL: 1570,Open = High (Tekanan Jual),Tidak Ideal (< 1:1),Netral / Sideways,Netral / Sepi Berita,Normal / Sedang Transisi,Dekat Support Fibo 38.2%,1,WAIT & SEE,TIDAK ADA,2026-10-07 11:00:01,Biasa / Mengikuti Pasar
11:00,CMNP,Transaksi Sepi (Skip Broksum),Mid Cap (Lapis 2),Undervalued (Murah),9.965157,0.62688917,1430.0,1403,1350,1510,0.0,28600,Normal,55,Negatif,Uptrend,Bullish,Strong Bullish,Perfect Uptrend (5>20>50),Normal,Distribusi (Turun),Normal,Dominan Jual (Guyur),Squeeze,Rendah,Doji (Ragu-ragu),Area Tengah,< 1 Miliar,Persis di VWAP,Distribusi Pro (Guyuran),Gorengan Sepi (< 5M),Sepi (< 50%),Mark-Up (Fase Pesta),Normal,Normal,Sideways / Stagnan,TP: 1516 | CL: 1372,Normal,Menengah (1:1),Netral / Sideways,Netral / Sepi Berita,Normal / Sedang Transisi,Dekat Support Fibo 50.0%,4,WAIT & SEE,TIDAK ADA,2026-10-07 11:00:01,Biasa / Mengikuti Pasar
11:00,CPIN,Token Mati (Perlu Update),Big Cap (Lapis 1),Undervalued (Murah),6.475771,1.3814907,2940.0,3045,2850,3340,0.0,2776300,Normal,40,Negatif,Downtrend,Bearish,Strong Bearish,Strong Downtrend (5<20<50),Normal,Akumulasi (Naik),Normal,Seimbang / Adu Mekanik,Normal,Sedang,Doji (Ragu-ragu),Area Tengah,> 1 Miliar,Persis di VWAP,Distribusi Pro (Guyuran),Ritel Aktif (5M - 50M),Sepi (< 50%),Mark-Down (Fase Runtuh),Spesialis Tiang Jemuran (Banting Pucuk),Normal,Sideways / Stagnan,TP: 3047 | CL: 2868,Normal,Sangat Menarik (> 1:3),Golden Cross (Awal Bullish),Netral / Sepi Berita,Normal / Sedang Transisi,Mendekati Fibo Bottom / 100%,1,WAIT & SEE,TIDAK ADA,2026-10-07 11:00:01,Biasa / Mengikuti Pasar
11:00,CPRO,Token Mati (Perlu Update),Mid Cap (Lapis 2),Undervalued (Murah),7.5925922,0.6135979,41.0,46,35,50,0.0,29707500,Normal,29,Negatif,Downtrend,Bearish,Strong Bearish,Strong Downtrend (5<20<50),Normal,Akumulasi (Naik),Normal,Dominan Jual (Guyur),Normal,Tinggi,Doji (Ragu-ragu),Rawan Pucuk (High Risk),> 1 Miliar,Di Atas VWAP (Kuat),Akumulasi Pro (Smart Money),Ritel Aktif (5M - 50M),Sepi (< 50%),Mark-Down (Fase Runtuh),Normal,Normal,Sideways / Stagnan,TP: 44 | CL: 38,Normal,Ideal (1:2),Netral / Sideways,Netral / Sepi Berita,Normal / Sedang Transisi,Mendekati Fibo 78.6%,1,WAIT & SEE,TIDAK ADA,2026-10-07 11:00:01,Biasa / Mengikuti Pasar
11:00,CSAP,Transaksi Sepi (Skip Broksum),Mid Cap (Lapis 2),Undervalued (Murah),8.886147,0.44958767,288.0,288,270,300,0.0,2400,Normal,50,Negatif,Downtrend,Bearish,Strong Bearish,Strong Downtrend (5<20<50),Normal,Akumulasi (Naik),Normal,Dominan Beli (Hajar Kanan),Normal,Sedang,Marubozu (Strong Bullish),Area Tengah,< 1 Miliar,Di Atas VWAP (Kuat),Akumulasi Pro (Smart Money),Gorengan Sepi (< 5M),Sepi (< 50%),Mark-Down (Fase Runtuh),Normal,Normal,Sideways / Stagnan,TP: 302 | CL: 278,Open = Low (Bullish Kuat),Tidak Ideal (< 1:1),Netral / Sideways,Netral / Sepi Berita,Normal / Sedang Transisi,Mengambang (Jauh dari Fibo),2,WAIT & SEE,TIDAK ADA,2026-10-07 11:00:01,Biasa / Mengikuti Pasar
11:00,CTBN,Transaksi Sepi (Skip Broksum),Mid Cap (Lapis 2),Overvalued (Mahal),34.258713,22656.248,2900.0,2987,2780,3160,1.7543859649122806,7300,Normal,28,Positif,Downtrend,Bearish,Bullish MACD,Strong Downtrend (5<20<50),Normal,Distribusi (Turun),Normal,Dominan Beli (Hajar Kanan),Normal,Sedang,Marubozu (Strong Bullish),Area Tengah,< 1 Miliar,Di Atas VWAP (Kuat),Distribusi Pro (Guyuran),Gorengan Sepi (< 5M),Normal (50-150%),Mark-Down (Fase Runtuh),Spesialis Tiang Jemuran (Banting Pucuk),Normal,Naik 3 Hari Beruntun,TP: 3045 | CL: 2802,Open = Low (Bullish Kuat),Ideal (1:2),Golden Cross (Awal Bullish),Netral / Sepi Berita,Normal / Sedang Transisi,Mendekati Fibo Bottom / 100%,3,WAIT & SEE,TIDAK ADA,2026-10-07 11:00:01,Biasa / Mengikuti Pasar
11:00,CTRA,Transaksi Sepi (Skip Broksum),Big Cap (Lapis 1),Undervalued (Murah),3.9705882,0.4085666,545.0,568,520,630,0.9259259259259258,1287100,Normal,36,Positif,Downtrend,Bearish,Strong Bearish,Strong Downtrend (5<20<50),Normal,Akumulasi (Naik),Normal,Dominan Beli (Hajar Kanan),Normal,Tinggi,Doji (Ragu-ragu),Area Tengah,< 1 Miliar,Di Atas VWAP (Kuat),Akumulasi Pro (Smart Money),Ritel Aktif (5M - 50M),Sepi (< 50%),Mark-Down (Fase Runtuh),Normal,Jarum Bawah (Sinyal Pantulan Kuat),Naik 1 Hari Beruntun,TP: 572 | CL: 526,Normal,Sangat Menarik (> 1:3),Golden Cross (Awal Bullish),Netral / Sepi Berita,Normal / Sedang Transisi,Mendekati Fibo Bottom / 100%,3,WAIT & SEE,TIDAK ADA,2026-10-07 11:00:01,Biasa / Mengikuti Pasar
11:00,CTTH,Transaksi Sepi (Skip Broksum),Small Cap (Lapis 3),Fair Value (Wajar),0.0,0.7912341,99.0,113,85,144,-1.0,2161700,Normal,35,Negatif,Downtrend,Bearish,Strong Bearish,Strong Downtrend (5<20<50),Normal,Akumulasi (Naik),Normal,Seimbang / Adu Mekanik,Normal,Tinggi,Normal,Rawan Pucuk (High Risk),< 1 Miliar,Di Atas VWAP (Kuat),Distribusi Pro (Guyuran),Gorengan Sepi (< 5M),Sepi (< 50%),Mark-Down (Fase Runtuh),Spesialis Tiang Jemuran (Banting Pucuk),Normal,Turun 1 Hari Beruntun,TP: 113 | CL: 89,Open = High (Tekanan Jual),Sangat Menarik (> 1:3),Golden Cross (Awal Bullish),Netral / Sepi Berita,Normal / Sedang Transisi,Mengambang (Jauh dari Fibo),1,WAIT & SEE,TIDAK ADA,2026-10-07 11:00:01,Biasa / Mengikuti Pasar
11:00,DART,Transaksi Sepi (Skip Broksum),Small Cap (Lapis 3),Fair Value (Wajar),0.0,0.47606516,161.0,158,140,187,2.547770700636943,725300,Normal,55,Positif,Uptrend,Bearish,Strong Bearish,Konsolidasi / Transisi,Normal,Akumulasi (Naik),Gap Up (+4.5%),Seimbang / Adu Mekanik,Normal,Tinggi,Normal,Rawan Pucuk (High Risk),< 1 Miliar,Di Atas VWAP (Kuat),Distribusi Pro (Guyuran),Gorengan Sepi (< 5M),Anomali Tinggi (150-300%),Mark-Up (Fase Pesta),Normal,Normal,Naik 2 Hari Beruntun,TP: 176 | CL: 150,Normal,Menengah (1:1),Netral / Sideways,Netral / Sepi Berita,Normal / Sedang Transisi,Mendekati Fibo 61.8% (Golden Ratio),5,WAIT & SEE,TIDAK ADA,2026-10-07 11:00:01,Biasa / Mengikuti Pasar
11:00,DEFI,Transaksi Sepi (Skip Broksum),Small Cap (Lapis 3),Fair Value (Wajar),0.0,2.6018353,93.0,100,76,148,-1.0638297872340425,10277300,Normal,45,Negatif,Downtrend,Bearish,Strong Bearish,Strong Downtrend (5<20<50),Normal,Akumulasi (Naik),Normal,Seimbang / Adu Mekanik,Normal,Tinggi,Normal,Rawan Pucuk (High Risk),< 1 Miliar,Persis di VWAP,Distribusi Pro (Guyuran),Gorengan Sepi (< 5M),Sepi (< 50%),Mark-Down (Fase Runtuh),Spesialis Tiang Jemuran (Banting Pucuk),Normal,Turun 1 Hari Beruntun,TP: 107 | CL: 83,Open = High (Tekanan Jual),Sangat Menarik (> 1:3),Golden Cross (Awal Bullish),Netral / Sepi Berita,Normal / Sedang Transisi,Dekat Support Fibo 78.6%,1,WAIT & SEE,TIDAK ADA,2026-10-07 11:00:01,Biasa / Mengikuti Pasar
11:00,DEWA,Token Mati (Perlu Update),Big Cap (Lapis 1),Fair Value (Wajar),3.125,1.7556552,364.0,367,326,448,0.0,187144400,Normal,44,Negatif,Downtrend,Bearish,Bullish MACD,Strong Downtrend (5<20<50),Normal,Akumulasi (Naik),Normal,Seimbang / Adu Mekanik,Normal,Tinggi,Normal,Rawan Pucuk (High Risk),> 1 Miliar,Di Atas VWAP (Kuat),Akumulasi Pro (Smart Money),Sultan (> 50M/hari),Sepi (< 50%),Mark-Down (Fase Runtuh),Normal,Normal,Sideways / Stagnan,TP: 392 | CL: 344,Normal,Ideal (1:2),Netral / Sideways,Netral / Sepi Berita,Normal / Sedang Transisi,Mengambang (Jauh dari Fibo),2,WAIT & SEE,TIDAK ADA,2026-10-07 11:00:01,Biasa / Mengikuti Pasar
11:00,DGIK,Transaksi Sepi (Skip Broksum),Small Cap (Lapis 3),Undervalued (Murah),12.580943,0.91978896,136.0,136,117,145,-2.158273381294964,377200,Normal,49,Negatif,Downtrend,Bullish,Bearish MACD,Perfect Uptrend (5>20>50),Normal,Akumulasi (Naik),Normal,Dominan Jual (Guyur),Normal,Sedang,Normal,Rawan Pucuk (High Risk),< 1 Miliar,Persis di VWAP,Akumulasi Pro (Smart Money),Gorengan Sepi (< 5M),Sepi (< 50%),Distribution (Fase Jualan),Normal,Normal,Turun 2 Hari Beruntun,TP: 146 | CL: 128,Open = High (Tekanan Jual),Tidak Ideal (< 1:1),Death Cross (Awal Bearish),Netral / Sepi Berita,Normal / Sedang Transisi,Mendekati Fibo 50.0%,2,WAIT & SEE,TIDAK ADA,2026-10-07 11:00:01,Biasa / Mengikuti Pasar
11:00,DILD,Transaksi Sepi (Skip Broksum),Mid Cap (Lapis 2),Fair Value (Wajar),18.549747,0.20160218,111.0,113,102,121,0.0,4022400,Normal,41,Negatif,Downtrend,Bearish,Strong Bearish,Strong Downtrend (5<20<50),Normal,Akumulasi (Naik),Normal,Dominan Jual (Guyur),Normal,Sedang,Doji (Ragu-ragu),Area Tengah,< 1 Miliar,Di Atas VWAP (Kuat),Akumulasi Pro (Smart Money),Gorengan Sepi (< 5M),Sepi (< 50%),Mark-Down (Fase Runtuh),Normal,Normal,Sideways / Stagnan,TP: 116 | CL: 107,Normal,Menengah (1:1),Netral / Sideways,Netral / Sepi Berita,Normal / Sedang Transisi,Mendekati Fibo 78.6%,1,WAIT & SEE,TIDAK ADA,2026-10-07 11:00:01,Biasa / Mengikuti Pasar
11:00,DKFT,Transaksi Sepi (Skip Broksum),Mid Cap (Lapis 2),Fair Value (Wajar),5.5079045,2.3478217,655.0,660,625,690,-1.5037593984962405,534700,Normal,49,Negatif,Downtrend,Bearish,Bearish MACD,Konsolidasi / Transisi,Normal,Akumulasi (Naik),Normal,Dominan Jual (Guyur),Normal,Sedang,Normal,Area Tengah,< 1 Miliar,Persis di VWAP,Akumulasi Pro (Smart Money),Gorengan Sepi (< 5M),Sepi (< 50%),Distribution (Fase Jualan),Normal,Normal,Turun 2 Hari Beruntun,TP: 693 | CL: 629,Open = High (Tekanan Jual),Menengah (1:1),Netral / Sideways,Netral / Sepi Berita,Normal / Sedang Transisi,Dekat Support Fibo 38.2%,1,WAIT & SEE,TIDAK ADA,2026-10-07 11:00:01,Biasa / Mengikuti Pasar
11:00,DLTA,Transaksi Sepi (Skip Broksum),Mid Cap (Lapis 2),Fair Value (Wajar),9.752604,2.104267,1770.0,1780,1745,1800,0.28328611898017,900,Normal,42,Positif,Downtrend,Bearish,Strong Bearish,Strong Downtrend (5<20<50),Normal,Distribusi (Turun),Normal,Dominan Beli (Hajar Kanan),Squeeze,Rendah,Doji (Ragu-ragu),Dekat Support (Low Risk),< 1 Miliar,Persis di VWAP,Distribusi Pro (Guyuran),Gorengan Sepi (< 5M),Sepi (< 50%),Mark-Down (Fase Runtuh),Normal,Jarum Bawah (Sinyal Pantulan Kuat),Naik 1 Hari Beruntun,TP: 1794 | CL: 1753,Normal,Menengah (1:1),Golden Cross (Awal Bullish),Netral / Sepi Berita,Normal / Sedang Transisi,Golden Rebound Fibo 50.0% 🎯,2,WAIT & SEE,TIDAK ADA,2026-10-07 11:00:01,Biasa / Mengikuti Pasar
11:00,DMAS,Token Mati (Perlu Update),Mid Cap (Lapis 2),Undervalued (Murah),5.9024544,1.3069648,189.0,188,175,204,-0.5263157894736842,36444200,Normal,54,Negatif,Uptrend,Bearish,Bearish MACD,Konsolidasi / Transisi,Normal,Distribusi (Turun),Normal,Seimbang / Adu Mekanik,Normal,Sedang,Normal,Area Tengah,> 1 Miliar,Di Atas VWAP (Kuat),Akumulasi Pro (Smart Money),Ritel Aktif (5M - 50M),Sepi (< 50%),Mark-Up (Fase Pesta),Solid (Jarang Dibanting),Normal,Turun 2 Hari Beruntun,TP: 200 | CL: 181,Normal,Menengah (1:1),Death Cross (Awal Bearish),Netral / Sepi Berita,Normal / Sedang Transisi,Mendekati Fibo 38.2%,2,WAIT & SEE,TIDAK ADA,2026-10-07 11:00:01,Biasa / Mengikuti Pasar
11:00,DNAR,Transaksi Sepi (Skip Broksum),Mid Cap (Lapis 2),Undervalued (Murah),9.2798815,0.5400781,125.0,126,118,141,-0.7936507936507936,55500,Normal,48,Negatif,Downtrend,Bearish,Strong Bearish,Strong Downtrend (5<20<50),Normal,Distribusi (Turun),Normal,Dominan Jual (Guyur),Normal,Sedang,Doji (Ragu-ragu),Area Tengah,< 1 Miliar,Di Atas VWAP (Kuat),Distribusi Pro (Guyuran),Gorengan Sepi (< 5M),Sepi (< 50%),Mark-Down (Fase Runtuh),Spesialis Tiang Jemuran (Banting Pucuk),Normal,Turun 1 Hari Beruntun,TP: 130 | CL: 121,Normal,Ideal (1:2),Netral / Sideways,Netral / Sepi Berita,Normal / Sedang Transisi,Dekat Support Fibo 50.0%,0,WAIT & SEE,TIDAK ADA,2026-10-07 11:00:01,Biasa / Mengikuti Pasar
11:00,DNET,Transaksi Sepi (Skip Broksum),Big Cap (Lapis 1),Overvalued (Mahal),126.42948,9.039981,9950.0,9825,9500,10100,0.0,500,Normal,55,Negatif,Uptrend,Golden Cross,Strong Bullish,Awal Reversal (5>20),Normal,Akumulasi (Naik),Normal,Tidak Ada Transaksi,Squeeze,Rendah,Doji (Ragu-ragu),Area Tengah,< 1 Miliar,Di Atas VWAP (Kuat),Akumulasi Pro (Smart Money),Gorengan Sepi (< 5M),Sepi (< 50%),Accumulation (Kumpul Barang),Spesialis Tiang Jemuran (Banting Pucuk),Normal,Sideways / Stagnan,TP: 10217 | CL: 9771,Normal,Tidak Ideal (< 1:1),Overbought (Jenuh Beli - Rawan),Netral / Sepi Berita,Normal / Sedang Transisi,Mendekati Fibo 78.6%,5,WAIT & SEE,TIDAK ADA,2026-10-07 11:00:01,Biasa / Mengikuti Pasar
11:00,DOID,Transaksi Sepi (Skip Broksum),Mid Cap (Lapis 2),Overvalued (Mahal),0.0,215999.98,216.0,226,200,262,-1.8181818181818181,2064400,Normal,45,Negatif,Downtrend,Bearish,Strong Bearish,Konsolidasi / Transisi,Normal,Distribusi (Turun),Gap Up (+4.5%),Dominan Jual (Guyur),Normal,Tinggi,Normal,Area Tengah,< 1 Miliar,Persis di VWAP,Distribusi Pro (Guyuran),Gorengan Sepi (< 5M),Sepi (< 50%),Distribution (Fase Jualan),Normal,Normal,Turun 1 Hari Beruntun,TP: 239 | CL: 200,Open = High (Tekanan Jual),Ideal (1:2),Netral / Sideways,Netral / Sepi Berita,Normal / Sedang Transisi,Mendekati Fibo 78.6%,1,WAIT & SEE,TIDAK ADA,2026-10-07 11:00:01,Biasa / Mengikuti Pasar
11:00,DSFI,Transaksi Sepi (Skip Broksum),Small Cap (Lapis 3),Undervalued (Murah),9.374667,0.56216383,88.0,90,78,116,3.5294117647058822,1843000,Normal,50,Positif,Downtrend,Bearish,Strong Bearish,Konsolidasi / Transisi,Normal,Akumulasi (Naik),Normal,Dominan Beli (Hajar Kanan),Normal,Tinggi,Normal,Rawan Pucuk (High Risk),< 1 Miliar,Di Atas VWAP (Kuat),Distribusi Pro (Guyuran),Gorengan Sepi (< 5M),Sepi (< 50%),Distribution (Fase Jualan),Spesialis Tiang Jemuran (Banting Pucuk),Normal,Naik 4 Hari Beruntun,TP: 102 | CL: 78,Normal,Ideal (1:2),Golden Cross (Awal Bullish),Netral / Sepi Berita,Normal / Sedang Transisi,Mendekati Fibo 61.8% (Golden Ratio),3,WAIT & SEE,TIDAK ADA,2026-10-07 11:00:01,Biasa / Mengikuti Pasar
11:00,DSNG,Transaksi Sepi (Skip Broksum),Big Cap (Lapis 1),Undervalued (Murah),8.639067,1.3621196,1540.0,1587,1485,1725,-0.3236245954692557,308700,Normal,48,Negatif,Downtrend,Bearish,Bearish MACD,Konsolidasi / Transisi,Normal,Distribusi (Turun),Normal,Dominan Jual (Guyur),Normal,Sedang,Normal,Area Tengah,< 1 Miliar,Persis di VWAP,Akumulasi Pro (Smart Money),Gorengan Sepi (< 5M),Sepi (< 50%),Distribution (Fase Jualan),Normal,Normal,Turun 2 Hari Beruntun,TP: 1627 | CL: 1481,Open = High (Tekanan Jual),Sangat Menarik (> 1:3),Netral / Sideways,Netral / Sepi Berita,Normal / Sedang Transisi,Dekat Support Fibo 38.2%,0,WAIT & SEE,TIDAK ADA,2026-10-07 11:00:01,Biasa / Mengikuti Pasar
11:00,DSSA,Token Mati (Perlu Update),Big Cap (Lapis 1),Overvalued (Mahal),39.581905,105000.0,1160.0,1089,960,1220,-0.4291845493562232,84962000,Normal,60,Negatif,Uptrend,Bullish,Strong Bullish,Perfect Uptrend (5>20>50),Normal,Akumulasi (Naik),Normal,Dominan Jual (Guyur),Normal,Tinggi,Normal,Rawan Pucuk (High Risk),> 1 Miliar,Di Atas VWAP (Kuat),Akumulasi Pro (Smart Money),Sultan (> 50M/hari),Sepi (< 50%),Mark-Up (Fase Pesta),Normal,Normal,Turun 1 Hari Beruntun,TP: 1245 | CL: 1103,Normal,Tidak Ideal (< 1:1),Overbought (Jenuh Beli - Rawan),Netral / Sepi Berita,Normal / Sedang Transisi,Mengambang (Jauh dari Fibo),5,WAIT & SEE,TIDAK ADA,2026-10-07 11:00:01,Biasa / Mengikuti Pasar
11:00,DUTI,Transaksi Sepi (Skip Broksum),Mid Cap (Lapis 2),Undervalued (Murah),13.790601,0.8197958,4560.0,4747,4350,4820,0.0,200,Normal,23,Negatif,Downtrend,Bearish,Strong Bearish,Konsolidasi / Transisi,Normal,Distribusi (Turun),Normal,Tidak Ada Transaksi,Squeeze,Rendah,Doji (Ragu-ragu),Area Tengah,< 1 Miliar,Persis di VWAP,Akumulasi Pro (Smart Money),Gorengan Sepi (< 5M),Sepi (< 50%),Distribution (Fase Jualan),Solid (Jarang Dibanting),Normal,Sideways / Stagnan,TP: 4637 | CL: 4508,Normal,Menengah (1:1),Netral / Sideways,Netral / Sepi Berita,Normal / Sedang Transisi,Dekat Support Fibo 38.2%,0,WAIT & SEE,TIDAK ADA,2026-10-07 11:00:01,Biasa / Mengikuti Pasar
11:00,DVLA,Transaksi Sepi (Skip Broksum),Mid Cap (Lapis 2),Undervalued (Murah),13.072165,1.183402,1585.0,1584,1570,1600,0.0,6200,Normal,51,Negatif,Uptrend,Bearish,Strong Bearish,Strong Downtrend (5<20<50),Normal,Akumulasi (Naik),Normal,Dominan Beli (Hajar Kanan),Squeeze,Rendah,Marubozu (Strong Bullish),Dekat Support (Low Risk),< 1 Miliar,Persis di VWAP,Akumulasi Pro (Smart Money),Gorengan Sepi (< 5M),Sepi (< 50%),Accumulation (Kumpul Barang),Solid (Jarang Dibanting),Normal,Sideways / Stagnan,TP: 1598 | CL: 1575,Open = Low (Bullish Kuat),Menengah (1:1),Netral / Sideways,Netral / Sepi Berita,Supply Kering (Siap Pump) 🏜️,Golden Rebound Fibo 23.6% 🎯,4,WAIT & SEE,TIDAK ADA,2026-10-07 11:00:01,Biasa / Mengikuti Pasar
11:00,DYAN,Transaksi Sepi (Skip Broksum),Small Cap (Lapis 3),Undervalued (Murah),7.9021635,0.48405778,84.0,85,71,116,-1.1764705882352942,2964300,Normal,49,Negatif,Downtrend,Bearish,Strong Bearish,Strong Downtrend (5<20<50),Normal,Akumulasi (Naik),Normal,Seimbang / Adu Mekanik,Normal,Tinggi,Normal,Rawan Pucuk (High Risk),< 1 Miliar,Persis di VWAP,Akumulasi Pro (Smart Money),Gorengan Sepi (< 5M),Sepi (< 50%),Mark-Down (Fase Runtuh),Spesialis Tiang Jemuran (Banting Pucuk),Normal,Turun 2 Hari Beruntun,TP: 98 | CL: 74,Open = High (Tekanan Jual),Ideal (1:2),Netral / Sideways,Netral / Sepi Berita,Normal / Sedang Transisi,Mendekati Fibo 78.6%,1,WAIT & SEE,TIDAK ADA,2026-10-07 11:00:01,Biasa / Mengikuti Pasar
11:00,ECII,Transaksi Sepi (Skip Broksum),Small Cap (Lapis 3),Fair Value (Wajar),0.0,0.19205321,155.0,159,134,185,1.3071895424836601,355200,Normal,47,Positif,Downtrend,Bearish,Strong Bearish,Strong Downtrend (5<20<50),Normal,Akumulasi (Naik),Normal,Dominan Jual (Guyur),Normal,Tinggi,Normal,Rawan Pucuk (High Risk),< 1 Miliar,Persis di VWAP,Distribusi Pro (Guyuran),Gorengan Sepi (< 5M),Sepi (< 50%),Mark-Down (Fase Runtuh),Spesialis Tiang Jemuran (Banting Pucuk),Normal,Naik 1 Hari Beruntun,TP: 174 | CL: 142,Open = Low (Bullish Kuat),Menengah (1:1),Netral / Sideways,Netral / Sepi Berita,Normal / Sedang Transisi,Mengambang (Jauh dari Fibo),2,WAIT & SEE,TIDAK ADA,2026-10-07 11:00:01,Biasa / Mengikuti Pasar
11:00,EKAD,Transaksi Sepi (Skip Broksum),Mid Cap (Lapis 2),Undervalued (Murah),2.6389012,1.0938562,386.0,392,350,450,-0.5154639175257731,647600,Normal,54,Negatif,Downtrend,Bearish,Bearish MACD,Konsolidasi / Transisi,Normal,Akumulasi (Naik),Normal,Seimbang / Adu Mekanik,Normal,Sedang,Normal,Rawan Pucuk (High Risk),< 1 Miliar,Di Atas VWAP (Kuat),Akumulasi Pro (Smart Money),Gorengan Sepi (< 5M),Sepi (< 50%),Distribution (Fase Jualan),Spesialis Tiang Jemuran (Banting Pucuk),Jarum Bawah (Sinyal Pantulan Kuat),Turun 1 Hari Beruntun,TP: 414 | CL: 367,Normal,Ideal (1:2),Death Cross (Awal Bearish),Netral / Sepi Berita,Normal / Sedang Transisi,Mengambang (Jauh dari Fibo),2,WAIT & SEE,TIDAK ADA,2026-10-07 11:00:01,Biasa / Mengikuti Pasar
11:00,ELSA,Token Mati (Perlu Update),Mid Cap (Lapis 2),Undervalued (Murah),5.6307287,0.86790484,645.0,679,615,775,0.0,2306500,Normal,40,Negatif,Downtrend,Bearish,Strong Bearish,Strong Downtrend (5<20<50),Normal,Distribusi (Turun),Normal,Seimbang / Adu Mekanik,Normal,Tinggi,Normal,Area Tengah,> 1 Miliar,Di Atas VWAP (Kuat),Distribusi Pro (Guyuran),Ritel Aktif (5M - 50M),Sepi (< 50%),Mark-Down (Fase Runtuh),Solid (Jarang Dibanting),Normal,Sideways / Stagnan,TP: 679 | CL: 622,Open = High (Tekanan Jual),Sangat Menarik (> 1:3),Golden Cross (Awal Bullish),Netral / Sepi Berita,Normal / Sedang Transisi,Dekat Support Fibo 61.8% (Golden Ratio),0,WAIT & SEE,TIDAK ADA,2026-10-07 11:00:01,Biasa / Mengikuti Pasar
11:00,ELTY,Token Mati (Perlu Update),Mid Cap (Lapis 2),Fair Value (Wajar),0.0,0.23570453,30.0,32,28,40,-3.225806451612903,266413400,Normal,43,Negatif,Downtrend,Bearish,Strong Bearish,Strong Downtrend (5<20<50),Normal,Distribusi (Turun),Normal,Seimbang / Adu Mekanik,Normal,Tinggi,Normal,Area Tengah,> 1 Miliar,Persis di VWAP,Akumulasi Pro (Smart Money),Ritel Aktif (5M - 50M),Normal (50-150%),Mark-Down (Fase Runtuh),Normal,Normal,Turun 1 Hari Beruntun,TP: 35 | CL: 26,Normal,Sangat Menarik (> 1:3),Oversold (Jenuh Jual - Peluang),Netral / Sepi Berita,Normal / Sedang Transisi,Mengambang (Jauh dari Fibo),0,WAIT & SEE,TIDAK ADA,2026-10-07 11:00:01,🔥 ANOMALI BANDAR (Siap Ledakan)
11:00,EMDE,Transaksi Sepi (Skip Broksum),Small Cap (Lapis 3),Fair Value (Wajar),0.0,0.12722553,69.0,72,58,85,1.4705882352941175,200800,Normal,45,Positif,Downtrend,Bearish,Strong Bearish,Strong Downtrend (5<20<50),Normal,Akumulasi (Naik),Normal,Dominan Beli (Hajar Kanan),Normal,Tinggi,Doji (Ragu-ragu),Rawan Pucuk (High Risk),< 1 Miliar,Di Atas VWAP (Kuat),Distribusi Pro (Guyuran),Gorengan Sepi (< 5M),Sepi (< 50%),Mark-Down (Fase Runtuh),Normal,Jarum Bawah (Sinyal Pantulan Kuat),Naik 2 Hari Beruntun,TP: 77 | CL: 63,Normal,Menengah (1:1),Golden Cross (Awal Bullish),Netral / Sepi Berita,Normal / Sedang Transisi,Mendekati Fibo 78.6%,3,WAIT & SEE,TIDAK ADA,2026-10-07 11:00:01,Biasa / Mengikuti Pasar
11:00,EMTK,Token Mati (Perlu Update),Big Cap (Lapis 1),Undervalued (Murah),10.518012,0.6681768,400.0,440,374,520,-2.4390243902439024,11223800,Normal,32,Negatif,Downtrend,Bearish,Strong Bearish,Strong Downtrend (5<20<50),Normal,Distribusi (Turun),Normal,Dominan Jual (Guyur),Normal,Tinggi,Normal,Area Tengah,> 1 Miliar,Di Atas VWAP (Kuat),Akumulasi Pro (Smart Money),Ritel Aktif (5M - 50M),Sepi (< 50%),Mark-Down (Fase Runtuh),Normal,Normal,Turun 1 Hari Beruntun,TP: 426 | CL: 382,Open = High (Tekanan Jual),Sangat Menarik (> 1:3),Netral / Sideways,Netral / Sepi Berita,Normal / Sedang Transisi,Mengambang (Jauh dari Fibo),0,WAIT & SEE,TIDAK ADA,2026-10-07 11:00:01,Biasa / Mengikuti Pasar
11:00,ENRG,Token Mati (Perlu Update),Big Cap (Lapis 1),Overvalued (Mahal),24.624277,29583.334,1065.0,1221,945,1555,-1.3888888888888888,79356300,Normal,39,Negatif,Downtrend,Bearish,Strong Bearish,Strong Downtrend (5<20<50),Normal,Akumulasi (Naik),Gap Up (+4.2%),Dominan Jual (Guyur),Normal,Tinggi,Normal,Rawan Pucuk (High Risk),> 1 Miliar,Di Atas VWAP (Kuat),Akumulasi Pro (Smart Money),Sultan (> 50M/hari),Normal (50-150%),Mark-Down (Fase Runtuh),Normal,Normal,Turun 1 Hari Beruntun,TP: 1199 | CL: 975,Normal,Sangat Menarik (> 1:3),Golden Cross (Awal Bullish),Netral / Sepi Berita,Normal / Sedang Transisi,Mengambang (Jauh dari Fibo),2,WAIT & SEE,TIDAK ADA,2026-10-07 11:00:01,Biasa / Mengikuti Pasar
11:00,EPMT,Transaksi Sepi (Skip Broksum),Mid Cap (Lapis 2),Undervalued (Murah),8.627425,0.8693031,2650.0,2612,2390,2900,-0.37593984962406013,1900,Normal,68,Negatif,Uptrend,Bullish,Bearish MACD,Perfect Uptrend (5>20>50),Normal,Akumulasi (Naik),Normal,Dominan Jual (Guyur),Normal,Sedang,Normal,Rawan Pucuk (High Risk),< 1 Miliar,Persis di VWAP,Distribusi Pro (Guyuran),Gorengan Sepi (< 5M),Sepi (< 50%),Mark-Up (Fase Pesta),Spesialis Tiang Jemuran (Banting Pucuk),Normal,Turun 1 Hari Beruntun,TP: 2689 | CL: 2623,Open = High (Tekanan Jual),Tidak Ideal (< 1:1),Netral / Sideways,Netral / Sepi Berita,Supply Kering (Siap Pump) 🏜️,Mendekati Fibo 50.0%,4,WAIT & SEE,TIDAK ADA,2026-10-07 11:00:01,Biasa / Mengikuti Pasar
11:00,ERAA,Token Mati (Perlu Update),Mid Cap (Lapis 2),Undervalued (Murah),7.0399117,1.0477735,635.0,607,570,650,1.6,89822300,Normal,69,Positif,Uptrend,Bullish,Bearish MACD,Perfect Uptrend (5>20>50),Normal,Akumulasi (Naik),Normal,Seimbang / Adu Mekanik,Normal,Sedang,Normal,Rawan Pucuk (High Risk),> 1 Miliar,Di Atas VWAP (Kuat),Akumulasi Pro (Smart Money),Sultan (> 50M/hari),Normal (50-150%),Mark-Up (Fase Pesta),Normal,Normal,Naik 4 Hari Beruntun,TP: 672 | CL: 610,Normal,Tidak Ideal (< 1:1),Netral / Sideways,Netral / Sepi Berita,Normal / Sedang Transisi,Mengambang (Jauh dari Fibo),5,WAIT & SEE,TIDAK ADA,2026-10-07 11:00:01,Biasa / Mengikuti Pasar
11:00,ERTX,Transaksi Sepi (Skip Broksum),Small Cap (Lapis 3),Overvalued (Mahal),164999.98,7173.913,165.0,169,147,198,0.6097560975609756,4110500,Tembus MA20,42,Positif,Downtrend,Bearish,Strong Bearish,Strong Downtrend (5<20<50),Distribusi Kuat,Akumulasi (Naik),Gap Up (+2.4%),Seimbang / Adu Mekanik,Normal,Tinggi,Normal,Rawan Pucuk (High Risk),< 1 Miliar,Di Atas VWAP (Kuat),Distribusi Pro (Guyuran),Gorengan Sepi (< 5M),Ledakan Ekstrem (> 300%),Mark-Down (Fase Runtuh),Spesialis Tiang Jemuran (Banting Pucuk),Normal,Naik 1 Hari Beruntun,TP: 180 | CL: 154,Open = High (Tekanan Jual),Ideal (1:2),Golden Cross (Awal Bullish),Netral / Sepi Berita,Normal / Sedang Transisi,Mendekati Fibo 78.6%,4,WAIT & SEE,TIDAK ADA,2026-10-07 11:00:01,Biasa / Mengikuti Pasar
11:00,ESSA,Token Mati (Perlu Update),Big Cap (Lapis 1),Overvalued (Mahal),10.64798,23400.0,585.0,602,555,705,-0.847457627118644,7939200,Normal,42,Negatif,Downtrend,Bearish,Strong Bearish,Strong Downtrend (5<20<50),Normal,Akumulasi (Naik),Normal,Seimbang / Adu Mekanik,Normal,Tinggi,Normal,Area Tengah,> 1 Miliar,Persis di VWAP,Akumulasi Pro (Smart Money),Ritel Aktif (5M - 50M),Sepi (< 50%),Mark-Down (Fase Runtuh),Normal,Normal,Turun 1 Hari Beruntun,TP: 617 | CL: 563,Open = High (Tekanan Jual),Sangat Menarik (> 1:3),Netral / Sideways,Netral / Sepi Berita,Normal / Sedang Transisi,Dekat Support Fibo 78.6%,1,WAIT & SEE,TIDAK ADA,2026-10-07 11:00:01,Biasa / Mengikuti Pasar
11:00,ESTI,Transaksi Sepi (Skip Broksum),Small Cap (Lapis 3),Overvalued (Mahal),151000.0,1.6972013,151.0,157,134,266,-0.6578947368421052,756100,Normal,46,Negatif,Downtrend,Bearish,Strong Bearish,Strong Downtrend (5<20<50),Normal,Akumulasi (Naik),Normal,Dominan Jual (Guyur),Normal,Tinggi,Normal,Rawan Pucuk (High Risk),< 1 Miliar,Persis di VWAP,Akumulasi Pro (Smart Money),Gorengan Sepi (< 5M),Sepi (< 50%),Mark-Down (Fase Runtuh),Spesialis Tiang Jemuran (Banting Pucuk),Normal,Turun 1 Hari Beruntun,TP: 170 | CL: 138,Normal,Sangat Menarik (> 1:3),Netral / Sideways,Netral / Sepi Berita,Normal / Sedang Transisi,Mengambang (Jauh dari Fibo),1,WAIT & SEE,TIDAK ADA,2026-10-07 11:00:01,Biasa / Mengikuti Pasar
11:00,EXCL,Token Mati (Perlu Update),Big Cap (Lapis 1),Fair Value (Wajar),0.0,1.46855,2320.0,2447,2270,2780,-2.928870292887029,2480200,Normal,37,Negatif,Downtrend,Bearish,Strong Bearish,Strong Downtrend (5<20<50),Normal,Distribusi (Turun),Normal,Dominan Jual (Guyur),Normal,Tinggi,Normal,Dekat Support (Low Risk),> 1 Miliar,Di Bawah VWAP (Lemah),Distribusi Pro (Guyuran),Ritel Aktif (5M - 50M),Sepi (< 50%),Mark-Down (Fase Runtuh),Normal,Normal,Turun 1 Hari Beruntun,TP: 2447 | CL: 2235,Open = High (Tekanan Jual),Sangat Menarik (> 1:3),Netral / Sideways,Netral / Sepi Berita,Normal / Sedang Transisi,Dekat Support Fibo Bottom / 100%,0,WAIT & SEE,TIDAK ADA,2026-10-07 11:00:01,Biasa / Mengikuti Pasar
11:00,FAST,Transaksi Sepi (Skip Broksum),Mid Cap (Lapis 2),Overvalued (Mahal),0.0,7.650253,410.0,422,378,490,-1.9138755980861244,2095900,Normal,46,Negatif,Downtrend,Bearish,Strong Bearish,Strong Downtrend (5<20<50),Normal,Akumulasi (Naik),Normal,Dominan Jual (Guyur),Normal,Sedang,Normal,Area Tengah,< 1 Miliar,Persis di VWAP,Distribusi Pro (Guyuran),Gorengan Sepi (< 5M),Sepi (< 50%),Mark-Down (Fase Runtuh),Spesialis Tiang Jemuran (Banting Pucuk),Normal,Turun 1 Hari Beruntun,TP: 447 | CL: 384,Open = High (Tekanan Jual),Ideal (1:2),Netral / Sideways,Netral / Sepi Berita,Normal / Sedang Transisi,Mengambang (Jauh dari Fibo),1,WAIT & SEE,TIDAK ADA,2026-10-07 11:00:01,Biasa / Mengikuti Pasar
11:00,FISH,Transaksi Sepi (Skip Broksum),Mid Cap (Lapis 2),Overvalued (Mahal),83.926025,16857.143,590.0,634,550,820,0.0,9400,Normal,41,Negatif,Downtrend,Bearish,Strong Bearish,Konsolidasi / Transisi,Normal,Distribusi (Turun),Normal,Tidak Ada Transaksi,Normal,Tinggi,Doji (Ragu-ragu),Area Tengah,< 1 Miliar,Persis di VWAP,Akumulasi Pro (Smart Money),Gorengan Sepi (< 5M),Sepi (< 50%),Distribution (Fase Jualan),Normal,Normal,Sideways / Stagnan,TP: 651 | CL: 549,Normal,Sangat Menarik (> 1:3),Netral / Sideways,Netral / Sepi Berita,Normal / Sedang Transisi,Mengambang (Jauh dari Fibo),0,WAIT & SEE,TIDAK ADA,2026-10-07 11:00:01,Biasa / Mengikuti Pasar
11:00,FMII,Transaksi Sepi (Skip Broksum),Mid Cap (Lapis 2),Fair Value (Wajar),0.0,2.3267624,244.0,245,232,256,0.0,300,Normal,48,Negatif,Downtrend,Bullish,Bullish MACD,Awal Reversal (5>20),Normal,Akumulasi (Naik),Gap Up (+3.3%),Dominan Jual (Guyur),Normal,Sedang,Normal,Area Tengah,< 1 Miliar,Persis di VWAP,Akumulasi Pro (Smart Money),Gorengan Sepi (< 5M),Sepi (< 50%),Mark-Down (Fase Runtuh),Normal,Normal,Sideways / Stagnan,TP: 260 | CL: 233,Open = High (Tekanan Jual),Menengah (1:1),Netral / Sideways,Netral / Sepi Berita,Normal / Sedang Transisi,Dekat Support Fibo 78.6%,4,WAIT & SEE,TIDAK ADA,2026-10-07 11:00:01,Biasa / Mengikuti Pasar
11:00,FORU,Token Mati (Perlu Update),Mid Cap (Lapis 2),Overvalued (Mahal),0.0,3.6355176,125.0,549,120,4070,0.8064516129032258,796608000,Tembus MA20,28,Positif,Downtrend,Bearish,Bullish MACD,Strong Downtrend (5<20<50),Akumulasi Kuat,Distribusi (Turun),Normal,Seimbang / Adu Mekanik,Bottom Rebound,Tinggi,Normal,Area Tengah,> 1 Miliar,Persis di VWAP,Distribusi Pro (Guyuran),Sultan (> 50M/hari),Anomali Tinggi (150-300%),Mark-Down (Fase Runtuh),Normal,Normal,Naik 1 Hari Beruntun,TP: 183 | CL: 85,Normal,Sangat Menarik (> 1:3),Oversold (Jenuh Jual - Peluang),Netral / Sepi Berita,Normal / Sedang Transisi,Mendekati Fibo Bottom / 100%,4,WAIT & SEE,TIDAK ADA,2026-10-07 11:00:01,🔥 ANOMALI BANDAR (Siap Ledakan)
11:00,FPNI,Transaksi Sepi (Skip Broksum),Mid Cap (Lapis 2),Overvalued (Mahal),10.303267,26500.0,530.0,520,454,660,-0.9345794392523363,722300,Normal,52,Negatif,Uptrend,Bearish,Strong Bearish,Konsolidasi / Transisi,Normal,Akumulasi (Naik),Normal,Dominan Jual (Guyur),Normal,Tinggi,Normal,Rawan Pucuk (High Risk),< 1 Miliar,Di Atas VWAP (Kuat),Akumulasi Pro (Smart Money),Gorengan Sepi (< 5M),Sepi (< 50%),Mark-Up (Fase Pesta),Normal,Normal,Turun 1 Hari Beruntun,TP: 597 | CL: 484,Normal,Ideal (1:2),Golden Cross (Awal Bullish),Netral / Sepi Berita,Normal / Sedang Transisi,Mengambang (Jauh dari Fibo),3,WAIT & SEE,TIDAK ADA,2026-10-07 11:00:01,Biasa / Mengikuti Pasar
11:00,GDST,Transaksi Sepi (Skip Broksum),Mid Cap (Lapis 2),Undervalued (Murah),9.936767,0.68583685,110.0,113,100,142,0.0,718700,Normal,48,Negatif,Downtrend,Bearish,Strong Bearish,Konsolidasi / Transisi,Normal,Akumulasi (Naik),Normal,Dominan Jual (Guyur),Normal,Tinggi,Normal,Rawan Pucuk (High Risk),< 1 Miliar,Di Atas VWAP (Kuat),Distribusi Pro (Guyuran),Gorengan Sepi (< 5M),Sepi (< 50%),Distribution (Fase Jualan),Spesialis Tiang Jemuran (Banting Pucuk),Normal,Sideways / Stagnan,TP: 124 | CL: 100,Open = High (Tekanan Jual),Sangat Menarik (> 1:3),Golden Cross (Awal Bullish),Netral / Sepi Berita,Normal / Sedang Transisi,Mendekati Fibo 61.8% (Golden Ratio),1,WAIT & SEE,TIDAK ADA,2026-10-07 11:00:01,Biasa / Mengikuti Pasar
11:00,GDYR,Transaksi Sepi (Skip Broksum),Small Cap (Lapis 3),Overvalued (Mahal),190000.0,7651.0063,1140.0,1115,1000,1150,1.3333333333333335,100,Normal,60,Positif,Uptrend,Bullish,Strong Bullish,Perfect Uptrend (5>20>50),Normal,Akumulasi (Naik),Normal,Tidak Ada Transaksi,Squeeze,Rendah,Doji (Ragu-ragu),Rawan Pucuk (High Risk),< 1 Miliar,Persis di VWAP,Distribusi Pro (Guyuran),Gorengan Sepi (< 5M),Sepi (< 50%),Mark-Up (Fase Pesta),Normal,Normal,Naik 1 Hari Beruntun,TP: 1181 | CL: 1112,Normal,Tidak Ideal (< 1:1),Overbought (Jenuh Beli - Rawan),Netral / Sepi Berita,Supply Kering (Siap Pump) 🏜️,Golden Rebound Fibo 23.6% 🎯,6,WAIT & SEE,TIDAK ADA,2026-10-07 11:00:01,Biasa / Mengikuti Pasar
11:00,GEMA,Transaksi Sepi (Skip Broksum),Small Cap (Lapis 3),Fair Value (Wajar),0.0,0.33561626,91.0,86,72,103,7.0588235294117645,9449600,Tembus MA20,60,Positif,Uptrend,Bearish,Bullish MACD,Konsolidasi / Transisi,Normal,Akumulasi (Naik),Normal,Seimbang / Adu Mekanik,Normal,Tinggi,Normal,Rawan Pucuk (High Risk),< 1 Miliar,Di Atas VWAP (Kuat),Akumulasi Pro (Smart Money),Gorengan Sepi (< 5M),Ledakan Ekstrem (> 300%),Mark-Up (Fase Pesta),Spesialis Tiang Jemuran (Banting Pucuk),Normal,Naik 3 Hari Beruntun,TP: 99 | CL: 85,Normal,Tidak Ideal (< 1:1),Netral / Sideways,Netral / Sepi Berita,Normal / Sedang Transisi,Mendekati Fibo 50.0%,6,WAIT & SEE,TIDAK ADA,2026-10-07 11:00:01,Biasa / Mengikuti Pasar
11:00,GEMS,Token Mati (Perlu Update),Big Cap (Lapis 1),Overvalued (Mahal),9.268939,60139.855,8600.0,7608,7000,8625,0.5847953216374269,381600,Tembus MA20,79,Positif,Uptrend,Bullish,Strong Bullish,Perfect Uptrend (5>20>50),Normal,Akumulasi (Naik),Normal,Seimbang / Adu Mekanik,Normal,Tinggi,Normal,Rawan Pucuk (High Risk),> 1 Miliar,Di Atas VWAP (Kuat),Akumulasi Pro (Smart Money),Ritel Aktif (5M - 50M),Normal (50-150%),Mark-Up (Fase Pesta),Solid (Jarang Dibanting),Normal,Naik 5 Hari Beruntun,TP: 8958 | CL: 8360,Open = Low (Bullish Kuat),Tidak Ideal (< 1:1),Overbought (Jenuh Beli - Rawan),Netral / Sepi Berita,Normal / Sedang Transisi,Mengambang (Jauh dari Fibo),7,BELI,TIDAK ADA,2026-10-07 11:00:01,Biasa / Mengikuti Pasar
11:00,GGRM,Token Mati (Perlu Update),Big Cap (Lapis 1),Undervalued (Murah),7.320771,0.5080429,16925.0,17596,16500,19950,-1.023391812865497,111900,Normal,35,Negatif,Downtrend,Bearish,Strong Bearish,Strong Downtrend (5<20<50),Normal,Akumulasi (Naik),Normal,Dominan Jual (Guyur),Normal,Tinggi,Normal,Dekat Support (Low Risk),> 1 Miliar,Persis di VWAP,Akumulasi Pro (Smart Money),Ritel Aktif (5M - 50M),Sepi (< 50%),Mark-Down (Fase Runtuh),Spesialis Tiang Jemuran (Banting Pucuk),Normal,Turun 1 Hari Beruntun,TP: 17680 | CL: 16421,Open = High (Tekanan Jual),Sangat Menarik (> 1:3),Netral / Sideways,Netral / Sepi Berita,Normal / Sedang Transisi,Mengambang (Jauh dari Fibo),1,WAIT & SEE,TIDAK ADA,2026-10-07 11:00:01,Biasa / Mengikuti Pasar
11:00,GIAA,Transaksi Sepi (Skip Broksum),Big Cap (Lapis 1),Fair Value (Wajar),0.0,0.0,51.0,58,47,68,0.0,6874200,Normal,34,Negatif,Downtrend,Bearish,Strong Bearish,Strong Downtrend (5<20<50),Normal,Distribusi (Turun),Normal,Tidak Ada Transaksi,Normal,Tinggi,Doji (Ragu-ragu),Area Tengah,< 1 Miliar,Persis di VWAP,Distribusi Pro (Guyuran),Gorengan Sepi (< 5M),Sepi (< 50%),Mark-Down (Fase Runtuh),Normal,Normal,Sideways / Stagnan,TP: 55 | CL: 47,Normal,Sangat Menarik (> 1:3),Golden Cross (Awal Bullish),Netral / Sepi Berita,Normal / Sedang Transisi,Mengambang (Jauh dari Fibo),0,WAIT & SEE,TIDAK ADA,2026-10-07 11:00:01,Biasa / Mengikuti Pasar
11:00,GJTL,Transaksi Sepi (Skip Broksum),Mid Cap (Lapis 2),Undervalued (Murah),2.8287764,0.40675667,1285.0,1294,1200,1380,0.0,499600,Normal,48,Negatif,Downtrend,Bearish,Strong Bearish,Strong Downtrend (5<20<50),Normal,Akumulasi (Naik),Normal,Dominan Jual (Guyur),Normal,Sedang,Normal,Area Tengah,< 1 Miliar,Di Atas VWAP (Kuat),Akumulasi Pro (Smart Money),Gorengan Sepi (< 5M),Sepi (< 50%),Mark-Down (Fase Runtuh),Normal,Normal,Sideways / Stagnan,TP: 1338 | CL: 1249,Open = High (Tekanan Jual),Menengah (1:1),Netral / Sideways,Netral / Sepi Berita,Normal / Sedang Transisi,Dekat Support Fibo 50.0%,1,WAIT & SEE,TIDAK ADA,2026-10-07 11:00:01,Biasa / Mengikuti Pasar
11:00,GMTD,Transaksi Sepi (Skip Broksum),Mid Cap (Lapis 2),Overvalued (Mahal),31.727379,1.2522596,1080.0,1148,910,1465,-7.6923076923076925,118100,Tembus MA20,43,Negatif,Downtrend,Bearish,Strong Bearish,Strong Downtrend (5<20<50),Distribusi Kuat,Akumulasi (Naik),Normal,Dominan Jual (Guyur),Normal,Tinggi,Normal,Rawan Pucuk (High Risk),< 1 Miliar,Di Bawah VWAP (Lemah),Akumulasi Pro (Smart Money),Gorengan Sepi (< 5M),Normal (50-150%),Mark-Down (Fase Runtuh),Normal,Normal,Turun 1 Hari Beruntun,TP: 1252 | CL: 965,Normal,Ideal (1:2),Netral / Sideways,Netral / Sepi Berita,Supply Banjir (Distribusi) 🌊,Dekat Support Fibo 78.6%,2,WAIT & SEE,TIDAK ADA,2026-10-07 11:00:01,Biasa / Mengikuti Pasar
11:00,GOLD,Transaksi Sepi (Skip Broksum),Small Cap (Lapis 3),Fair Value (Wajar),23.073685,0.7870736,274.0,274,262,300,0.0,24500,Normal,51,Negatif,Downtrend,Bearish,Strong Bearish,Konsolidasi / Transisi,Normal,Akumulasi (Naik),Normal,Dominan Jual (Guyur),Squeeze,Rendah,Normal,Area Tengah,< 1 Miliar,Persis di VWAP,Akumulasi Pro (Smart Money),Gorengan Sepi (< 5M),Normal (50-150%),Distribution (Fase Jualan),Spesialis Tiang Jemuran (Banting Pucuk),Normal,Sideways / Stagnan,TP: 292 | CL: 261,Open = High (Tekanan Jual),Ideal (1:2),Golden Cross (Awal Bullish),Netral / Sepi Berita,Supply Kering (Siap Pump) 🏜️,Golden Rebound Fibo 61.8% (Golden Ratio) 🎯,2,WAIT & SEE,TIDAK ADA,2026-10-07 11:00:01,Biasa / Mengikuti Pasar
11:00,GPRA,Transaksi Sepi (Skip Broksum),Small Cap (Lapis 3),Undervalued (Murah),6.2303333,0.31571296,99.0,101,95,107,0.0,979000,Normal,42,Negatif,Downtrend,Bearish,Strong Bearish,Strong Downtrend (5<20<50),Normal,Akumulasi (Naik),Normal,Seimbang / Adu Mekanik,Normal,Sedang,Normal,Area Tengah,< 1 Miliar,Persis di VWAP,Distribusi Pro (Guyuran),Gorengan Sepi (< 5M),Sepi (< 50%),Mark-Down (Fase Runtuh),Spesialis Tiang Jemuran (Banting Pucuk),Normal,Sideways / Stagnan,TP: 104 | CL: 95,Open = High (Tekanan Jual),Ideal (1:2),Golden Cross (Awal Bullish),Netral / Sepi Berita,Supply Kering (Siap Pump) 🏜️,Mendekati Fibo Bottom / 100%,1,WAIT & SEE,TIDAK ADA,2026-10-07 11:00:01,Biasa / Mengikuti Pasar
11:00,GSMF,Transaksi Sepi (Skip Broksum),Mid Cap (Lapis 2),Overvalued (Mahal),90.74074,0.601168,98.0,97,81,148,2.083333333333333,5217100,Normal,55,Positif,Uptrend,Bearish,Strong Bearish,Konsolidasi / Transisi,Normal,Akumulasi (Naik),Gap Up (+2.1%),Seimbang / Adu Mekanik,Normal,Tinggi,Doji (Ragu-ragu),Rawan Pucuk (High Risk),< 1 Miliar,Di Atas VWAP (Kuat),Distribusi Pro (Guyuran),Gorengan Sepi (< 5M),Normal (50-150%),Mark-Up (Fase Pesta),Spesialis Tiang Jemuran (Banting Pucuk),Normal,Naik 4 Hari Beruntun,TP: 109 | CL: 90,Normal,Ideal (1:2),Netral / Sideways,Netral / Sepi Berita,Normal / Sedang Transisi,Mendekati Fibo 78.6%,5,WAIT & SEE,TIDAK ADA,2026-10-07 11:00:01,Biasa / Mengikuti Pasar
11:00,GTBO,Transaksi Sepi (Skip Broksum),Small Cap (Lapis 3),Overvalued (Mahal),0.0,23333.334,210.0,150,120,210,9.947643979057592,215600,Tembus MA20,77,Positif,Uptrend,Bullish,Strong Bullish,Awal Reversal (5>20),Normal,Akumulasi (Naik),Gap Up (+9.9%),Tidak Ada Transaksi,Breakout Upper,Tinggi,Doji (Ragu-ragu),Rawan Pucuk (High Risk),< 1 Miliar,Di Atas VWAP (Kuat),Netral,Gorengan Sepi (< 5M),Anomali Tinggi (150-300%),Accumulation (Kumpul Barang),Solid (Jarang Dibanting),Normal,Naik 6 Hari Beruntun,TP: 223 | CL: 201,Normal,Tidak Ideal (< 1:1),Overbought (Jenuh Beli - Rawan),Netral / Sepi Berita,Normal / Sedang Transisi,Mengambang (Jauh dari Fibo),8,BELI,TIDAK ADA,2026-10-07 11:00:01,Biasa / Mengikuti Pasar
11:00,GWSA,Transaksi Sepi (Skip Broksum),Mid Cap (Lapis 2),Undervalued (Murah),8.621668,0.16262059,152.0,158,141,187,2.013422818791946,1720600,Normal,47,Positif,Downtrend,Bearish,Strong Bearish,Konsolidasi / Transisi,Normal,Akumulasi (Naik),Normal,Seimbang / Adu Mekanik,Normal,Tinggi,Normal,Area Tengah,< 1 Miliar,Di Atas VWAP (Kuat),Akumulasi Pro (Smart Money),Gorengan Sepi (< 5M),Sepi (< 50%),Distribution (Fase Jualan),Solid (Jarang Dibanting),Normal,Naik 2 Hari Beruntun,TP: 168 | CL: 140,Normal,Sangat Menarik (> 1:3),Golden Cross (Awal Bullish),Netral / Sepi Berita,Normal / Sedang Transisi,Dekat Support Fibo 50.0%,2,WAIT & SEE,TIDAK ADA,2026-10-07 11:00:01,Biasa / Mengikuti Pasar
11:00,GZCO,Transaksi Sepi (Skip Broksum),Small Cap (Lapis 3),Undervalued (Murah),8.746803,0.8194168,171.0,178,157,204,-1.1560693641618496,1938900,Normal,45,Negatif,Downtrend,Bearish,Strong Bearish,Strong Downtrend (5<20<50),Normal,Distribusi (Turun),Normal,Seimbang / Adu Mekanik,Normal,Tinggi,Normal,Area Tengah,< 1 Miliar,Di Atas VWAP (Kuat),Akumulasi Pro (Smart Money),Gorengan Sepi (< 5M),Sepi (< 50%),Mark-Down (Fase Runtuh),Normal,Normal,Turun 1 Hari Beruntun,TP: 184 | CL: 162,Normal,Ideal (1:2),Netral / Sideways,Netral / Sepi Berita,Normal / Sedang Transisi,Mendekati Fibo 61.8% (Golden Ratio),0,WAIT & SEE,TIDAK ADA,2026-10-07 11:00:01,Biasa / Mengikuti Pasar
11:00,HADE,Transaksi Sepi (Skip Broksum),Small Cap (Lapis 3),Overvalued (Mahal),0.0,13.157895,26.0,26,20,34,-3.7037037037037033,21382300,Normal,54,Negatif,Downtrend,Death Cross,Bearish MACD,Konsolidasi / Transisi,Normal,Akumulasi (Naik),Normal,Seimbang / Adu Mekanik,Normal,Tinggi,Normal,Rawan Pucuk (High Risk),< 1 Miliar,Persis di VWAP,Akumulasi Pro (Smart Money),Gorengan Sepi (< 5M),Sepi (< 50%),Distribution (Fase Jualan),Normal,Normal,Turun 1 Hari Beruntun,TP: 31 | CL: 22,Normal,Menengah (1:1),Netral / Sideways,Netral / Sepi Berita,Normal / Sedang Transisi,Mendekati Fibo 50.0%,2,WAIT & SEE,TIDAK ADA,2026-10-07 11:00:01,Biasa / Mengikuti Pasar
11:00,HDFA,Transaksi Sepi (Skip Broksum),Small Cap (Lapis 3),Fair Value (Wajar),0.0,1.2883859,97.0,97,85,119,2.1052631578947367,57100,Normal,50,Positif,Downtrend,Bearish,Strong Bearish,Strong Downtrend (5<20<50),Normal,Akumulasi (Naik),Gap Up (+5.3%),Seimbang / Adu Mekanik,Normal,Tinggi,Normal,Rawan Pucuk (High Risk),< 1 Miliar,Di Atas VWAP (Kuat),Distribusi Pro (Guyuran),Gorengan Sepi (< 5M),Sepi (< 50%),Mark-Down (Fase Runtuh),Spesialis Tiang Jemuran (Banting Pucuk),Normal,Naik 2 Hari Beruntun,TP: 108 | CL: 89,Open = High (Tekanan Jual),Ideal (1:2),Golden Cross (Awal Bullish),Netral / Sepi Berita,Normal / Sedang Transisi,Mendekati Fibo 78.6%,3,WAIT & SEE,TIDAK ADA,2026-10-07 11:00:01,Biasa / Mengikuti Pasar
11:00,HERO,Transaksi Sepi (Skip Broksum),Mid Cap (Lapis 2),Overvalued (Mahal),107.23685,0.792264,326.0,328,302,358,0.6172839506172839,135500,Tembus MA20,47,Positif,Downtrend,Bearish,Strong Bearish,Strong Downtrend (5<20<50),Normal,Akumulasi (Naik),Normal,Dominan Beli (Hajar Kanan),Normal,Sedang,Hammer (Potensi Reversal),Area Tengah,< 1 Miliar,Di Atas VWAP (Kuat),Akumulasi Pro (Smart Money),Gorengan Sepi (< 5M),Anomali Tinggi (150-300%),Mark-Down (Fase Runtuh),Normal,Jarum Bawah (Sinyal Pantulan Kuat),Naik 2 Hari Beruntun,TP: 348 | CL: 311,Normal,Menengah (1:1),Netral / Sideways,Netral / Sepi Berita,Normal / Sedang Transisi,Mendekati Fibo 78.6%,4,WAIT & SEE,TIDAK ADA,2026-10-07 11:00:01,Biasa / Mengikuti Pasar
11:00,HEXA,Transaksi Sepi (Skip Broksum),Mid Cap (Lapis 2),Overvalued (Mahal),12.523306,17623.762,3570.0,3793,3400,4238,0.847457627118644,159200,Normal,31,Positif,Downtrend,Bearish,Strong Bearish,Strong Downtrend (5<20<50),Normal,Akumulasi (Naik),Normal,Seimbang / Adu Mekanik,Normal,Tinggi,Normal,Area Tengah,< 1 Miliar,Di Atas VWAP (Kuat),Distribusi Pro (Guyuran),Gorengan Sepi (< 5M),Sepi (< 50%),Mark-Down (Fase Runtuh),Normal,Normal,Naik 1 Hari Beruntun,TP: 3720 | CL: 3469,Open = Low (Bullish Kuat),Sangat Menarik (> 1:3),Golden Cross (Awal Bullish),Netral / Sepi Berita,Normal / Sedang Transisi,Mendekati Fibo Bottom / 100%,2,WAIT & SEE,TIDAK ADA,2026-10-07 11:00:01,Biasa / Mengikuti Pasar
11:00,HMSP,Token Mati (Perlu Update),Big Cap (Lapis 1),Fair Value (Wajar),8.266102,2.792123,625.0,649,605,750,0.0,1924200,Normal,31,Negatif,Downtrend,Bearish,Bullish MACD,Strong Downtrend (5<20<50),Normal,Akumulasi (Naik),Normal,Dominan Jual (Guyur),Normal,Tinggi,Doji (Ragu-ragu),Area Tengah,> 1 Miliar,Di Atas VWAP (Kuat),Distribusi Pro (Guyuran),Ritel Aktif (5M - 50M),Sepi (< 50%),Mark-Down (Fase Runtuh),Spesialis Tiang Jemuran (Banting Pucuk),Normal,Sideways / Stagnan,TP: 650 | CL: 608,Normal,Sangat Menarik (> 1:3),Golden Cross (Awal Bullish),Netral / Sepi Berita,Normal / Sedang Transisi,Mendekati Fibo Bottom / 100%,2,WAIT & SEE,TIDAK ADA,2026-10-07 11:00:01,Biasa / Mengikuti Pasar
11:00,HRUM,Token Mati (Perlu Update),Big Cap (Lapis 1),Overvalued (Mahal),14.749262,11643.836,845.0,875,815,990,-0.5882352941176471,1408800,Normal,43,Negatif,Downtrend,Bearish,Strong Bearish,Strong Downtrend (5<20<50),Normal,Distribusi (Turun),Normal,Dominan Jual (Guyur),Normal,Sedang,Normal,Area Tengah,> 1 Miliar,Di Atas VWAP (Kuat),Distribusi Pro (Guyuran),Gorengan Sepi (< 5M),Sepi (< 50%),Mark-Down (Fase Runtuh),Spesialis Tiang Jemuran (Banting Pucuk),Normal,Turun 1 Hari Beruntun,TP: 890 | CL: 815,Open = High (Tekanan Jual),Sangat Menarik (> 1:3),Golden Cross (Awal Bullish),Netral / Sepi Berita,Normal / Sedang Transisi,Mendekati Fibo 61.8% (Golden Ratio),0,WAIT & SEE,TIDAK ADA,2026-10-07 11:00:01,Biasa / Mengikuti Pasar
11:00,IATA,Token Mati (Perlu Update),Mid Cap (Lapis 2),Overvalued (Mahal),53.883495,27749.998,111.0,107,88,140,-3.4782608695652173,303212000,Normal,53,Negatif,Uptrend,Bearish,Bullish MACD,Strong Downtrend (5<20<50),Normal,Akumulasi (Naik),Normal,Seimbang / Adu Mekanik,Normal,Tinggi,Normal,Rawan Pucuk (High Risk),> 1 Miliar,Di Atas VWAP (Kuat),Akumulasi Pro (Smart Money),Sultan (> 50M/hari),Normal (50-150%),Accumulation (Kumpul Barang),Spesialis Tiang Jemuran (Banting Pucuk),Normal,Turun 1 Hari Beruntun,TP: 122 | CL: 103,Open = High (Tekanan Jual),Menengah (1:1),Netral / Sideways,Netral / Sepi Berita,Normal / Sedang Transisi,Dekat Support Fibo 38.2%,4,WAIT & SEE,TIDAK ADA,2026-10-07 11:00:01,🔥 ANOMALI BANDAR (Siap Ledakan)
11:00,ICBP,Token Mati (Perlu Update),Big Cap (Lapis 1),Undervalued (Murah),10.742373,1.4973544,6775.0,6846,6525,7250,-0.3676470588235294,298700,Normal,42,Negatif,Downtrend,Bearish,Bullish MACD,Strong Downtrend (5<20<50),Normal,Distribusi (Turun),Normal,Seimbang / Adu Mekanik,Normal,Sedang,Normal,Area Tengah,> 1 Miliar,Persis di VWAP,Akumulasi Pro (Smart Money),Ritel Aktif (5M - 50M),Sepi (< 50%),Mark-Down (Fase Runtuh),Normal,Normal,Turun 2 Hari Beruntun,TP: 7045 | CL: 6594,Normal,Ideal (1:2),Death Cross (Awal Bearish),Netral / Sepi Berita,Normal / Sedang Transisi,Mendekati Fibo Bottom / 100%,1,WAIT & SEE,TIDAK ADA,2026-10-07 11:00:01,Biasa / Mengikuti Pasar
11:00,ICON,Token Mati (Perlu Update),Small Cap (Lapis 3),Fair Value (Wajar),0.0,0.94625425,134.0,141,118,190,0.0,7759000,Normal,48,Negatif,Downtrend,Bearish,Strong Bearish,Konsolidasi / Transisi,Normal,Akumulasi (Naik),Normal,Dominan Jual (Guyur),Normal,Tinggi,Normal,Rawan Pucuk (High Risk),> 1 Miliar,Di Atas VWAP (Kuat),Akumulasi Pro (Smart Money),Gorengan Sepi (< 5M),Sepi (< 50%),Distribution (Fase Jualan),Spesialis Tiang Jemuran (Banting Pucuk),Normal,Sideways / Stagnan,TP: 149 | CL: 123,Normal,Sangat Menarik (> 1:3),Golden Cross (Awal Bullish),Netral / Sepi Berita,Normal / Sedang Transisi,Dekat Support Fibo 61.8% (Golden Ratio),1,WAIT & SEE,TIDAK ADA,2026-10-07 11:00:01,Biasa / Mengikuti Pasar
11:00,IGAR,Transaksi Sepi (Skip Broksum),Small Cap (Lapis 3),Undervalued (Murah),6.424391,0.6119324,472.0,471,452,520,0.8547008547008548,19000,Normal,52,Positif,Uptrend,Bearish,Bearish MACD,Konsolidasi / Transisi,Normal,Akumulasi (Naik),Normal,Dominan Jual (Guyur),Normal,Sedang,Normal,Area Tengah,< 1 Miliar,Persis di VWAP,Distribusi Pro (Guyuran),Gorengan Sepi (< 5M),Sepi (< 50%),Mark-Up (Fase Pesta),Normal,Normal,Naik 1 Hari Beruntun,TP: 498 | CL: 454,Open = High (Tekanan Jual),Ideal (1:2),Golden Cross (Awal Bullish),Netral / Sepi Berita,Supply Kering (Siap Pump) 🏜️,Mendekati Fibo 50.0%,4,WAIT & SEE,TIDAK ADA,2026-10-07 11:00:01,Biasa / Mengikuti Pasar
11:00,IKAI,Transaksi Sepi (Skip Broksum),Small Cap (Lapis 3),Fair Value (Wajar),0.0,0.45331892,21.0,20,18,25,-4.545454545454546,43713700,Normal,52,Negatif,Uptrend,Bearish,Strong Bullish,Konsolidasi / Transisi,Normal,Akumulasi (Naik),Normal,Seimbang / Adu Mekanik,Normal,Tinggi,Normal,Rawan Pucuk (High Risk),< 1 Miliar,Di Atas VWAP (Kuat),Akumulasi Pro (Smart Money),Gorengan Sepi (< 5M),Normal (50-150%),Mark-Up (Fase Pesta),Spesialis Tiang Jemuran (Banting Pucuk),Normal,Turun 1 Hari Beruntun,TP: 23 | CL: 19,Normal,Menengah (1:1),Golden Cross (Awal Bullish),Netral / Sepi Berita,Normal / Sedang Transisi,Dekat Support Fibo 50.0%,4,WAIT & SEE,TIDAK ADA,2026-10-07 11:00:01,Biasa / Mengikuti Pasar
11:00,IKBI,Transaksi Sepi (Skip Broksum),Small Cap (Lapis 3),Overvalued (Mahal),5.3593645,7777.7783,560.0,553,515,635,-1.7543859649122806,95800,Normal,54,Negatif,Uptrend,Bullish,Strong Bullish,Perfect Uptrend (5>20>50),Normal,Akumulasi (Naik),Normal,Seimbang / Adu Mekanik,Normal,Sedang,Normal,Area Tengah,< 1 Miliar,Di Bawah VWAP (Lemah),Distribusi Pro (Guyuran),Gorengan Sepi (< 5M),Sepi (< 50%),Mark-Up (Fase Pesta),Spesialis Tiang Jemuran (Banting Pucuk),Normal,Turun 2 Hari Beruntun,TP: 604 | CL: 530,Open = High (Tekanan Jual),Ideal (1:2),Netral / Sideways,Netral / Sepi Berita,Normal / Sedang Transisi,Dekat Support Fibo 78.6%,5,WAIT & SEE,TIDAK ADA,2026-10-07 11:00:01,Biasa / Mengikuti Pasar
11:00,IMAS,Transaksi Sepi (Skip Broksum),Mid Cap (Lapis 2),Overvalued (Mahal),32.859337,0.24103566,855.0,867,825,920,0.0,34100,Normal,46,Negatif,Downtrend,Bearish,Strong Bearish,Strong Downtrend (5<20<50),Normal,Distribusi (Turun),Normal,Dominan Jual (Guyur),Normal,Sedang,Doji (Ragu-ragu),Area Tengah,< 1 Miliar,Di Atas VWAP (Kuat),Distribusi Pro (Guyuran),Gorengan Sepi (< 5M),Normal (50-150%),Mark-Down (Fase Runtuh),Normal,Normal,Sideways / Stagnan,TP: 895 | CL: 828,Normal,Ideal (1:2),Golden Cross (Awal Bullish),Netral / Sepi Berita,Normal / Sedang Transisi,Dekat Support Fibo 78.6%,0,WAIT & SEE,TIDAK ADA,2026-10-07 11:00:01,Biasa / Mengikuti Pasar
11:00,IMJS,Transaksi Sepi (Skip Broksum),Mid Cap (Lapis 2),Undervalued (Murah),9.159483,0.33527198,170.0,177,159,192,-0.5847953216374269,551300,Normal,46,Negatif,Downtrend,Bearish,Strong Bearish,Konsolidasi / Transisi,Normal,Distribusi (Turun),Gap Up (+2.3%),Dominan Jual (Guyur),Normal,Tinggi,Normal,Area Tengah,< 1 Miliar,Di Atas VWAP (Kuat),Distribusi Pro (Guyuran),Gorengan Sepi (< 5M),Sepi (< 50%),Distribution (Fase Jualan),Normal,Normal,Turun 1 Hari Beruntun,TP: 181 | CL: 162,Open = High (Tekanan Jual),Ideal (1:2),Golden Cross (Awal Bullish),Netral / Sepi Berita,Normal / Sedang Transisi,Mendekati Fibo 61.8% (Golden Ratio),1,WAIT & SEE,TIDAK ADA,2026-10-07 11:00:01,Biasa / Mengikuti Pasar
11:00,IMPC,Token Mati (Perlu Update),Big Cap (Lapis 1),Overvalued (Mahal),95.895256,23.47906,1355.0,1527,1325,1820,-0.3676470588235294,3451600,Normal,38,Negatif,Downtrend,Bearish,Strong Bearish,Konsolidasi / Transisi,Normal,Distribusi (Turun),Normal,Seimbang / Adu Mekanik,Normal,Tinggi,Normal,Dekat Support (Low Risk),> 1 Miliar,Persis di VWAP,Distribusi Pro (Guyuran),Ritel Aktif (5M - 50M),Sepi (< 50%),Distribution (Fase Jualan),Normal,Normal,Turun 1 Hari Beruntun,TP: 1461 | CL: 1283,Open = High (Tekanan Jual),Sangat Menarik (> 1:3),Oversold (Jenuh Jual - Peluang),Netral / Sepi Berita,Normal / Sedang Transisi,Mendekati Fibo Bottom / 100%,0,WAIT & SEE,TIDAK ADA,2026-10-07 11:00:01,Biasa / Mengikuti Pasar
11:00,INAI,Transaksi Sepi (Skip Broksum),Small Cap (Lapis 3),Fair Value (Wajar),0.0,1.5635909,159.0,166,137,208,0.0,88000,Normal,42,Negatif,Downtrend,Bearish,Strong Bearish,Strong Downtrend (5<20<50),Normal,Akumulasi (Naik),Normal,Seimbang / Adu Mekanik,Normal,Tinggi,Normal,Rawan Pucuk (High Risk),< 1 Miliar,Persis di VWAP,Distribusi Pro (Guyuran),Gorengan Sepi (< 5M),Sepi (< 50%),Mark-Down (Fase Runtuh),Spesialis Tiang Jemuran (Banting Pucuk),Normal,Sideways / Stagnan,TP: 179 | CL: 145,Open = High (Tekanan Jual),Ideal (1:2),Golden Cross (Awal Bullish),Netral / Sepi Berita,Normal / Sedang Transisi,Mengambang (Jauh dari Fibo),1,WAIT & SEE,TIDAK ADA,2026-10-07 11:00:01,Biasa / Mengikuti Pasar
11:00,INCI,Transaksi Sepi (Skip Broksum),Small Cap (Lapis 3),Undervalued (Murah),10.574969,0.3684908,890.0,810,755,890,4.705882352941177,154600,Normal,73,Positif,Uptrend,Bullish,Strong Bullish,Perfect Uptrend (5>20>50),Normal,Akumulasi (Naik),Gap Up (+2.4%),Dominan Beli (Hajar Kanan),Breakout Upper,Sedang,Normal,Rawan Pucuk (High Risk),< 1 Miliar,Di Atas VWAP (Kuat),Akumulasi Pro (Smart Money),Gorengan Sepi (< 5M),Normal (50-150%),Mark-Up (Fase Pesta),Normal,Normal,Naik 1 Hari Beruntun,TP: 939 | CL: 856,Normal,Tidak Ideal (< 1:1),Overbought (Jenuh Beli - Rawan),Netral / Sepi Berita,Normal / Sedang Transisi,Mengambang (Jauh dari Fibo),8,BELI,TIDAK ADA,2026-10-07 11:00:01,Biasa / Mengikuti Pasar
11:00,INCO,Token Mati (Perlu Update),Big Cap (Lapis 1),Overvalued (Mahal),17.139647,15873.606,4270.0,4553,4100,4980,-1.1574074074074074,2923300,Normal,36,Negatif,Downtrend,Bearish,Strong Bearish,Strong Downtrend (5<20<50),Normal,Akumulasi (Naik),Normal,Dominan Jual (Guyur),Normal,Tinggi,Normal,Area Tengah,> 1 Miliar,Di Atas VWAP (Kuat),Akumulasi Pro (Smart Money),Ritel Aktif (5M - 50M),Sepi (< 50%),Mark-Down (Fase Runtuh),Normal,Normal,Turun 1 Hari Beruntun,TP: 4488 | CL: 4124,Open = High (Tekanan Jual),Sangat Menarik (> 1:3),Netral / Sideways,Netral / Sepi Berita,Normal / Sedang Transisi,Mendekati Fibo Bottom / 100%,1,WAIT & SEE,TIDAK ADA,2026-10-07 11:00:01,Biasa / Mengikuti Pasar
11:00,INDF,Token Mati (Perlu Update),Big Cap (Lapis 1),Undervalued (Murah),6.307629,0.7874285,6875.0,6967,6600,7550,0.36496350364963503,755000,Normal,43,Positif,Downtrend,Bearish,Strong Bearish,Strong Downtrend (5<20<50),Normal,Akumulasi (Naik),Normal,Seimbang / Adu Mekanik,Normal,Sedang,Normal,Area Tengah,> 1 Miliar,Di Atas VWAP (Kuat),Akumulasi Pro (Smart Money),Ritel Aktif (5M - 50M),Sepi (< 50%),Mark-Down (Fase Runtuh),Normal,Normal,Naik 1 Hari Beruntun,TP: 7108 | CL: 6719,Open = High (Tekanan Jual),Ideal (1:2),Golden Cross (Awal Bullish),Netral / Sepi Berita,Normal / Sedang Transisi,Dekat Support Fibo 78.6%,2,WAIT & SEE,TIDAK ADA,2026-10-07 11:00:01,Biasa / Mengikuti Pasar
11:00,INDR,Transaksi Sepi (Skip Broksum),Mid Cap (Lapis 2),Overvalued (Mahal),0.0,5034.602,2910.0,2928,2670,3100,1.7482517482517483,1400,Normal,56,Positif,Downtrend,Bearish,Bearish MACD,Konsolidasi / Transisi,Normal,Distribusi (Turun),Normal,Dominan Beli (Hajar Kanan),Normal,Sedang,Marubozu (Strong Bullish),Area Tengah,< 1 Miliar,Di Atas VWAP (Kuat),Distribusi Pro (Guyuran),Gorengan Sepi (< 5M),Sepi (< 50%),Distribution (Fase Jualan),Normal,Normal,Naik 1 Hari Beruntun,TP: 3131 | CL: 2762,Open = Low (Bullish Kuat),Tidak Ideal (< 1:1),Netral / Sideways,Netral / Sepi Berita,Normal / Sedang Transisi,Mendekati Fibo 23.6%,3,WAIT & SEE,TIDAK ADA,2026-10-07 11:00:01,Biasa / Mengikuti Pasar
11:00,INDS,Transaksi Sepi (Skip Broksum),Mid Cap (Lapis 2),Fair Value (Wajar),24.442287,0.48315474,252.0,249,230,276,-2.3255813953488373,577500,Normal,50,Negatif,Uptrend,Bearish,Bullish MACD,Strong Downtrend (5<20<50),Normal,Akumulasi (Naik),Normal,Dominan Jual (Guyur),Normal,Tinggi,Normal,Area Tengah,< 1 Miliar,Di Atas VWAP (Kuat),Akumulasi Pro (Smart Money),Gorengan Sepi (< 5M),Sepi (< 50%),Accumulation (Kumpul Barang),Spesialis Tiang Jemuran (Banting Pucuk),Normal,Turun 1 Hari Beruntun,TP: 266 | CL: 242,Normal,Menengah (1:1),Death Cross (Awal Bearish),Netral / Sepi Berita,Normal / Sedang Transisi,Dekat Support Fibo 78.6%,3,WAIT & SEE,TIDAK ADA,2026-10-07 11:00:01,Biasa / Mengikuti Pasar
11:00,INDY,Token Mati (Perlu Update),Big Cap (Lapis 1),Overvalued (Mahal),57.083767,11948.052,2760.0,2705,2500,3150,1.8450184501845017,6267800,Normal,54,Positif,Uptrend,Bearish,Strong Bearish,Konsolidasi / Transisi,Normal,Akumulasi (Naik),Normal,Seimbang / Adu Mekanik,Normal,Sedang,Normal,Rawan Pucuk (High Risk),> 1 Miliar,Di Atas VWAP (Kuat),Akumulasi Pro (Smart Money),Ritel Aktif (5M - 50M),Normal (50-150%),Mark-Up (Fase Pesta),Normal,Jarum Bawah (Sinyal Pantulan Kuat),Naik 3 Hari Beruntun,TP: 2959 | CL: 2627,Normal,Menengah (1:1),Netral / Sideways,Netral / Sepi Berita,Normal / Sedang Transisi,Golden Rebound Fibo 38.2% 🎯,4,WAIT & SEE,TIDAK ADA,2026-10-07 11:00:01,Biasa / Mengikuti Pasar
11:00,INKP,Token Mati (Perlu Update),Big Cap (Lapis 1),Overvalued (Mahal),3.9101815,6292.7754,8275.0,8416,7925,9350,-2.0710059171597637,467700,Normal,47,Negatif,Downtrend,Bearish,Strong Bearish,Strong Downtrend (5<20<50),Normal,Akumulasi (Naik),Normal,Dominan Jual (Guyur),Normal,Tinggi,Normal,Area Tengah,> 1 Miliar,Di Atas VWAP (Kuat),Distribusi Pro (Guyuran),Ritel Aktif (5M - 50M),Sepi (< 50%),Mark-Down (Fase Runtuh),Solid (Jarang Dibanting),Normal,Turun 1 Hari Beruntun,TP: 8660 | CL: 8017,Normal,Sangat Menarik (> 1:3),Netral / Sideways,Netral / Sepi Berita,Normal / Sedang Transisi,Dekat Support Fibo 50.0%,1,WAIT & SEE,TIDAK ADA,2026-10-07 11:00:01,Biasa / Mengikuti Pasar
11:00,INPC,Transaksi Sepi (Skip Broksum),Mid Cap (Lapis 2),Fair Value (Wajar),0.0,0.7939534,152.0,150,133,173,-1.2987012987012987,893700,Normal,53,Negatif,Uptrend,Bearish,Bullish MACD,Konsolidasi / Transisi,Normal,Akumulasi (Naik),Normal,Dominan Jual (Guyur),Normal,Tinggi,Normal,Rawan Pucuk (High Risk),< 1 Miliar,Persis di VWAP,Akumulasi Pro (Smart Money),Gorengan Sepi (< 5M),Sepi (< 50%),Mark-Up (Fase Pesta),Normal,Normal,Turun 2 Hari Beruntun,TP: 163 | CL: 144,Open = High (Tekanan Jual),Menengah (1:1),Death Cross (Awal Bearish),Netral / Sepi Berita,Supply Banjir (Distribusi) 🌊,Dekat Support Fibo 61.8% (Golden Ratio),4,WAIT & SEE,TIDAK ADA,2026-10-07 11:00:01,Biasa / Mengikuti Pasar
11:00,INPP,Transaksi Sepi (Skip Broksum),Mid Cap (Lapis 2),Fair Value (Wajar),0.0,1.2965288,665.0,710,650,750,-2.2058823529411766,16500,Normal,30,Negatif,Downtrend,Bearish,Strong Bearish,Strong Downtrend (5<20<50),Normal,Akumulasi (Naik),Normal,Dominan Jual (Guyur),Bottom Rebound,Tinggi,Normal,Dekat Support (Low Risk),< 1 Miliar,Di Bawah VWAP (Lemah),Akumulasi Pro (Smart Money),Gorengan Sepi (< 5M),Sepi (< 50%),Mark-Down (Fase Runtuh),Normal,Normal,Turun 2 Hari Beruntun,TP: 698 | CL: 642,Open = High (Tekanan Jual),Sangat Menarik (> 1:3),Netral / Sideways,Netral / Sepi Berita,Normal / Sedang Transisi,Mendekati Fibo Bottom / 100%,1,WAIT & SEE,TIDAK ADA,2026-10-07 11:00:01,Biasa / Mengikuti Pasar
11:00,INTD,Transaksi Sepi (Skip Broksum),Small Cap (Lapis 3),Overvalued (Mahal),68.65913,5.879301,350.0,336,232,478,0.0,114800,Normal,54,Negatif,Uptrend,Bullish,Bearish MACD,Perfect Uptrend (5>20>50),Normal,Distribusi (Turun),Normal,Dominan Beli (Hajar Kanan),Normal,Tinggi,Doji (Ragu-ragu),Rawan Pucuk (High Risk),< 1 Miliar,Persis di VWAP,Distribusi Pro (Guyuran),Gorengan Sepi (< 5M),Sepi (< 50%),Mark-Up (Fase Pesta),Normal,Jarum Bawah (Sinyal Pantulan Kuat),Sideways / Stagnan,TP: 437 | CL: 291,Normal,Menengah (1:1),Golden Cross (Awal Bullish),Netral / Sepi Berita,Normal / Sedang Transisi,Golden Rebound Fibo 50.0% 🎯,4,WAIT & SEE,TIDAK ADA,2026-10-07 11:00:01,Biasa / Mengikuti Pasar
11:00,INTP,Token Mati (Perlu Update),Big Cap (Lapis 1),Undervalued (Murah),6.939674,0.73520654,4950.0,5096,4760,5500,-2.4630541871921183,397100,Normal,42,Negatif,Downtrend,Bearish,Strong Bearish,Strong Downtrend (5<20<50),Normal,Akumulasi (Naik),Normal,Dominan Jual (Guyur),Normal,Sedang,Normal,Area Tengah,> 1 Miliar,Persis di VWAP,Akumulasi Pro (Smart Money),Gorengan Sepi (< 5M),Sepi (< 50%),Mark-Down (Fase Runtuh),Normal,Normal,Turun 1 Hari Beruntun,TP: 5175 | CL: 4800,Normal,Ideal (1:2),Netral / Sideways,Netral / Sepi Berita,Normal / Sedang Transisi,Dekat Support Fibo 61.8% (Golden Ratio),1,WAIT & SEE,TIDAK ADA,2026-10-07 11:00:01,Biasa / Mengikuti Pasar
11:00,IPOL,Transaksi Sepi (Skip Broksum),Small Cap (Lapis 3),Overvalued (Mahal),20.833334,4259.2593,115.0,114,110,126,0.0,139400,Normal,53,Negatif,Uptrend,Bearish,Strong Bearish,Konsolidasi / Transisi,Normal,Distribusi (Turun),Normal,Dominan Beli (Hajar Kanan),Normal,Sedang,Doji (Ragu-ragu),Area Tengah,< 1 Miliar,Di Atas VWAP (Kuat),Distribusi Pro (Guyuran),Gorengan Sepi (< 5M),Sepi (< 50%),Mark-Up (Fase Pesta),Spesialis Tiang Jemuran (Banting Pucuk),Jarum Bawah (Sinyal Pantulan Kuat),Sideways / Stagnan,TP: 121 | CL: 110,Normal,Ideal (1:2),Golden Cross (Awal Bullish),Netral / Sepi Berita,Normal / Sedang Transisi,Golden Rebound Fibo 61.8% (Golden Ratio) 🎯,3,WAIT & SEE,TIDAK ADA,2026-10-07 11:00:01,Biasa / Mengikuti Pasar
11:00,ISAT,Token Mati (Perlu Update),Big Cap (Lapis 1),Fair Value (Wajar),9.653508,1.949854,2250.0,2329,2190,2490,1.3513513513513513,12562900,Normal,43,Positif,Downtrend,Bearish,Strong Bearish,Strong Downtrend (5<20<50),Normal,Distribusi (Turun),Normal,Dominan Beli (Hajar Kanan),Normal,Sedang,Normal,Dekat Support (Low Risk),> 1 Miliar,Persis di VWAP,Akumulasi Pro (Smart Money),Sultan (> 50M/hari),Sepi (< 50%),Mark-Down (Fase Runtuh),Normal,Jarum Bawah (Sinyal Pantulan Kuat),Naik 1 Hari Beruntun,TP: 2386 | CL: 2159,Normal,Sangat Menarik (> 1:3),Golden Cross (Awal Bullish),Netral / Sepi Berita,Normal / Sedang Transisi,Golden Rebound Fibo 61.8% (Golden Ratio) 🎯,2,WAIT & SEE,TIDAK ADA,2026-10-07 11:00:01,Biasa / Mengikuti Pasar
11:00,ISSP,Transaksi Sepi (Skip Broksum),Mid Cap (Lapis 2),Undervalued (Murah),5.007901,0.5029487,412.0,413,382,462,-1.4354066985645932,2200400,Normal,48,Negatif,Downtrend,Bearish,Bullish MACD,Strong Downtrend (5<20<50),Normal,Akumulasi (Naik),Normal,Dominan Jual (Guyur),Normal,Tinggi,Normal,Area Tengah,< 1 Miliar,Di Atas VWAP (Kuat),Akumulasi Pro (Smart Money),Gorengan Sepi (< 5M),Normal (50-150%),Mark-Down (Fase Runtuh),Normal,Normal,Turun 1 Hari Beruntun,TP: 434 | CL: 397,Normal,Ideal (1:2),Netral / Sideways,Netral / Sepi Berita,Normal / Sedang Transisi,Mendekati Fibo 78.6%,2,WAIT & SEE,TIDAK ADA,2026-10-07 11:00:01,Biasa / Mengikuti Pasar
11:00,ITMA,Transaksi Sepi (Skip Broksum),Mid Cap (Lapis 2),Overvalued (Mahal),44.59549,6198.1567,1345.0,1404,1235,1630,0.0,200,Normal,44,Negatif,Downtrend,Bearish,Strong Bearish,Strong Downtrend (5<20<50),Normal,Distribusi (Turun),Normal,Tidak Ada Transaksi,Normal,Tinggi,Doji (Ragu-ragu),Area Tengah,< 1 Miliar,Di Atas VWAP (Kuat),Distribusi Pro (Guyuran),Gorengan Sepi (< 5M),Sepi (< 50%),Mark-Down (Fase Runtuh),Spesialis Tiang Jemuran (Banting Pucuk),Normal,Sideways / Stagnan,TP: 1461 | CL: 1267,Normal,Ideal (1:2),Golden Cross (Awal Bullish),Netral / Sepi Berita,Normal / Sedang Transisi,Mengambang (Jauh dari Fibo),0,WAIT & SEE,TIDAK ADA,2026-10-07 11:00:01,Biasa / Mengikuti Pasar
11:00,ITMG,Token Mati (Perlu Update),Big Cap (Lapis 1),Overvalued (Mahal),8.002571,14886.825,25650.0,25701,24575,26950,-1.7241379310344827,546900,Normal,51,Negatif,Downtrend,Bearish,Strong Bearish,Konsolidasi / Transisi,Normal,Akumulasi (Naik),Normal,Dominan Jual (Guyur),Normal,Sedang,Normal,Area Tengah,> 1 Miliar,Di Atas VWAP (Kuat),Akumulasi Pro (Smart Money),Ritel Aktif (5M - 50M),Normal (50-150%),Distribution (Fase Jualan),Normal,Normal,Turun 1 Hari Beruntun,TP: 26566 | CL: 25039,Normal,Menengah (1:1),Death Cross (Awal Bearish),Netral / Sepi Berita,Normal / Sedang Transisi,Dekat Support Fibo 38.2%,2,WAIT & SEE,TIDAK ADA,2026-10-07 11:00:01,Biasa / Mengikuti Pasar
11:00,JAWA,Transaksi Sepi (Skip Broksum),Mid Cap (Lapis 2),Fair Value (Wajar),0.0,1.795012,151.0,164,142,230,-1.3071895424836601,2760200,Normal,46,Negatif,Downtrend,Death Cross,Bearish MACD,Konsolidasi / Transisi,Normal,Distribusi (Turun),Normal,Seimbang / Adu Mekanik,Normal,Tinggi,Normal,Area Tengah,< 1 Miliar,Di Bawah VWAP (Lemah),Distribusi Pro (Guyuran),Gorengan Sepi (< 5M),Sepi (< 50%),Distribution (Fase Jualan),Spesialis Tiang Jemuran (Banting Pucuk),Normal,Turun 3 Hari Beruntun,TP: 188 | CL: 126,Normal,Sangat Menarik (> 1:3),Oversold (Jenuh Jual - Peluang),Netral / Sepi Berita,Normal / Sedang Transisi,Mengambang (Jauh dari Fibo),0,WAIT & SEE,TIDAK ADA,2026-10-07 11:00:01,Biasa / Mengikuti Pasar
11:00,JECC,Transaksi Sepi (Skip Broksum),Small Cap (Lapis 3),Undervalued (Murah),6.1287026,0.60011,720.0,786,675,1030,-2.0408163265306123,11100,Normal,47,Negatif,Downtrend,Bearish,Bearish MACD,Konsolidasi / Transisi,Normal,Distribusi (Turun),Normal,Seimbang / Adu Mekanik,Normal,Tinggi,Normal,Area Tengah,< 1 Miliar,Di Bawah VWAP (Lemah),Distribusi Pro (Guyuran),Gorengan Sepi (< 5M),Sepi (< 50%),Distribution (Fase Jualan),Spesialis Tiang Jemuran (Banting Pucuk),Normal,Turun 1 Hari Beruntun,TP: 805 | CL: 663,Open = High (Tekanan Jual),Sangat Menarik (> 1:3),Golden Cross (Awal Bullish),Netral / Sepi Berita,Normal / Sedang Transisi,Mendekati Fibo 78.6%,0,WAIT & SEE,TIDAK ADA,2026-10-07 11:00:01,Biasa / Mengikuti Pasar
11:00,JIHD,Transaksi Sepi (Skip Broksum),Small Cap (Lapis 3),Fair Value (Wajar),0.0,0.26591066,402.0,417,380,456,-0.9852216748768473,1006600,Tembus MA20,37,Negatif,Downtrend,Bearish,Strong Bearish,Strong Downtrend (5<20<50),Distribusi Kuat,Distribusi (Turun),Normal,Dominan Jual (Guyur),Normal,Tinggi,Normal,Area Tengah,< 1 Miliar,Persis di VWAP,Distribusi Pro (Guyuran),Gorengan Sepi (< 5M),Anomali Tinggi (150-300%),Mark-Down (Fase Runtuh),Spesialis Tiang Jemuran (Banting Pucuk),Normal,Turun 1 Hari Beruntun,TP: 426 | CL: 385,Normal,Ideal (1:2),Netral / Sideways,Netral / Sepi Berita,Normal / Sedang Transisi,Mendekati Fibo Bottom / 100%,1,WAIT & SEE,TIDAK ADA,2026-10-07 11:00:01,Biasa / Mengikuti Pasar
11:00,JKON,Transaksi Sepi (Skip Broksum),Mid Cap (Lapis 2),Undervalued (Murah),4.753623,0.39876482,82.0,82,77,88,0.0,752500,Normal,50,Negatif,Downtrend,Bearish,Strong Bearish,Strong Downtrend (5<20<50),Normal,Akumulasi (Naik),Normal,Seimbang / Adu Mekanik,Normal,Sedang,Normal,Area Tengah,< 1 Miliar,Di Atas VWAP (Kuat),Distribusi Pro (Guyuran),Gorengan Sepi (< 5M),Sepi (< 50%),Mark-Down (Fase Runtuh),Normal,Normal,Sideways / Stagnan,TP: 86 | CL: 79,Normal,Menengah (1:1),Netral / Sideways,Netral / Sepi Berita,Normal / Sedang Transisi,Mendekati Fibo 61.8% (Golden Ratio),1,WAIT & SEE,TIDAK ADA,2026-10-07 11:00:01,Biasa / Mengikuti Pasar
11:00,JPFA,Token Mati (Perlu Update),Big Cap (Lapis 1),Undervalued (Murah),4.520976,1.204576,2040.0,2167,1980,2360,0.9900990099009901,2037700,Normal,37,Positif,Downtrend,Bearish,Strong Bearish,Strong Downtrend (5<20<50),Normal,Akumulasi (Naik),Normal,Seimbang / Adu Mekanik,Normal,Tinggi,Doji (Ragu-ragu),Area Tengah,> 1 Miliar,Persis di VWAP,Distribusi Pro (Guyuran),Ritel Aktif (5M - 50M),Sepi (< 50%),Mark-Down (Fase Runtuh),Spesialis Tiang Jemuran (Banting Pucuk),Normal,Naik 3 Hari Beruntun,TP: 2144 | CL: 1970,Normal,Sangat Menarik (> 1:3),Oversold (Jenuh Jual - Peluang),Netral / Sepi Berita,Normal / Sedang Transisi,Mendekati Fibo Bottom / 100%,2,WAIT & SEE,TIDAK ADA,2026-10-07 11:00:01,Biasa / Mengikuti Pasar
11:00,JRPT,Transaksi Sepi (Skip Broksum),Big Cap (Lapis 1),Undervalued (Murah),10.778892,1.3461959,1150.0,1141,1085,1165,0.0,5300,Normal,66,Negatif,Uptrend,Bullish,Bearish MACD,Perfect Uptrend (5>20>50),Normal,Distribusi (Turun),Normal,Seimbang / Adu Mekanik,Squeeze,Rendah,Normal,Area Tengah,< 1 Miliar,Persis di VWAP,Akumulasi Pro (Smart Money),Gorengan Sepi (< 5M),Sepi (< 50%),Mark-Up (Fase Pesta),Solid (Jarang Dibanting),Normal,Sideways / Stagnan,TP: 1178 | CL: 1131,Open = Low (Bullish Kuat),Tidak Ideal (< 1:1),Death Cross (Awal Bearish),Netral / Sepi Berita,Normal / Sedang Transisi,Dekat Support Fibo 23.6%,3,WAIT & SEE,TIDAK ADA,2026-10-07 11:00:01,Biasa / Mengikuti Pasar
11:00,JSMR,Token Mati (Perlu Update),Big Cap (Lapis 1),Undervalued (Murah),5.067502,0.5120703,2620.0,2752,2540,3040,-0.7575757575757576,2177700,Normal,37,Negatif,Downtrend,Bearish,Strong Bearish,Strong Downtrend (5<20<50),Normal,Akumulasi (Naik),Normal,Dominan Jual (Guyur),Normal,Tinggi,Normal,Area Tengah,> 1 Miliar,Persis di VWAP,Distribusi Pro (Guyuran),Ritel Aktif (5M - 50M),Normal (50-150%),Mark-Down (Fase Runtuh),Normal,Normal,Turun 1 Hari Beruntun,TP: 2727 | CL: 2548,Normal,Sangat Menarik (> 1:3),Netral / Sideways,Netral / Sepi Berita,Normal / Sedang Transisi,Mendekati Fibo Bottom / 100%,1,WAIT & SEE,TIDAK ADA,2026-10-07 11:00:01,Biasa / Mengikuti Pasar
11:00,JSPT,Transaksi Sepi (Skip Broksum),Mid Cap (Lapis 2),Undervalued (Murah),6.897074,1.1931609,1365.0,1415,1340,1555,0.3676470588235294,600,Normal,44,Positif,Downtrend,Bearish,Strong Bearish,Konsolidasi / Transisi,Normal,Akumulasi (Naik),Normal,Dominan Beli (Hajar Kanan),Normal,Tinggi,Doji (Ragu-ragu),Dekat Support (Low Risk),< 1 Miliar,Persis di VWAP,Distribusi Pro (Guyuran),Gorengan Sepi (< 5M),Sepi (< 50%),Distribution (Fase Jualan),Normal,Jarum Bawah (Sinyal Pantulan Kuat),Naik 2 Hari Beruntun,TP: 1451 | CL: 1307,Normal,Sangat Menarik (> 1:3),Oversold (Jenuh Jual - Peluang),Netral / Sepi Berita,Normal / Sedang Transisi,Mendekati Fibo Bottom / 100%,3,WAIT & SEE,TIDAK ADA,2026-10-07 11:00:01,Biasa / Mengikuti Pasar
11:00,JTPE,Transaksi Sepi (Skip Broksum),Mid Cap (Lapis 2),Overvalued (Mahal),11.234877,3.2258599,585.0,591,570,625,0.0,303400,Normal,45,Negatif,Downtrend,Bearish,Strong Bearish,Strong Downtrend (5<20<50),Normal,Akumulasi (Naik),Normal,Seimbang / Adu Mekanik,Squeeze,Rendah,Normal,Dekat Support (Low Risk),< 1 Miliar,Persis di VWAP,Akumulasi Pro (Smart Money),Gorengan Sepi (< 5M),Sepi (< 50%),Mark-Down (Fase Runtuh),Normal,Normal,Sideways / Stagnan,TP: 606 | CL: 570,Open = Low (Bullish Kuat),Ideal (1:2),Golden Cross (Awal Bullish),Netral / Sepi Berita,Normal / Sedang Transisi,Dekat Support Fibo 78.6%,1,WAIT & SEE,TIDAK ADA,2026-10-07 11:00:01,Biasa / Mengikuti Pasar
11:00,KAEF,Transaksi Sepi (Skip Broksum),Mid Cap (Lapis 2),Fair Value (Wajar),0.0,0.79962015,416.0,428,390,466,0.0,430400,Normal,42,Negatif,Downtrend,Bearish,Strong Bearish,Strong Downtrend (5<20<50),Normal,Akumulasi (Naik),Gap Up (+2.4%),Dominan Jual (Guyur),Normal,Tinggi,Normal,Area Tengah,< 1 Miliar,Persis di VWAP,Distribusi Pro (Guyuran),Gorengan Sepi (< 5M),Sepi (< 50%),Mark-Down (Fase Runtuh),Spesialis Tiang Jemuran (Banting Pucuk),Normal,Sideways / Stagnan,TP: 440 | CL: 400,Open = High (Tekanan Jual),Ideal (1:2),Golden Cross (Awal Bullish),Netral / Sepi Berita,Normal / Sedang Transisi,Mengambang (Jauh dari Fibo),2,WAIT & SEE,TIDAK ADA,2026-10-07 11:00:01,Biasa / Mengikuti Pasar
11:00,KBLI,Transaksi Sepi (Skip Broksum),Mid Cap (Lapis 2),Undervalued (Murah),6.6740823,0.49705976,360.0,357,328,426,-0.5524861878453038,296100,Normal,57,Negatif,Uptrend,Bearish,Bearish MACD,Konsolidasi / Transisi,Normal,Akumulasi (Naik),Normal,Dominan Jual (Guyur),Normal,Tinggi,Normal,Area Tengah,< 1 Miliar,Di Atas VWAP (Kuat),Akumulasi Pro (Smart Money),Gorengan Sepi (< 5M),Sepi (< 50%),Mark-Up (Fase Pesta),Spesialis Tiang Jemuran (Banting Pucuk),Normal,Turun 1 Hari Beruntun,TP: 383 | CL: 344,Open = High (Tekanan Jual),Ideal (1:2),Netral / Sideways,Netral / Sepi Berita,Normal / Sedang Transisi,Dekat Support Fibo 61.8% (Golden Ratio),3,WAIT & SEE,TIDAK ADA,2026-10-07 11:00:01,Biasa / Mengikuti Pasar
11:00,KBLM,Transaksi Sepi (Skip Broksum),Small Cap (Lapis 3),Overvalued (Mahal),115.03856,0.2775495,358.0,358,320,414,-0.5555555555555556,82800,Normal,57,Negatif,Downtrend,Bearish,Bearish MACD,Konsolidasi / Transisi,Normal,Akumulasi (Naik),Normal,Seimbang / Adu Mekanik,Normal,Tinggi,Normal,Rawan Pucuk (High Risk),< 1 Miliar,Persis di VWAP,Akumulasi Pro (Smart Money),Gorengan Sepi (< 5M),Sepi (< 50%),Sideways,Solid (Jarang Dibanting),Normal,Turun 1 Hari Beruntun,TP: 385 | CL: 339,Open = High (Tekanan Jual),Menengah (1:1),Netral / Sideways,Netral / Sepi Berita,Normal / Sedang Transisi,Mendekati Fibo 50.0%,2,WAIT & SEE,TIDAK ADA,2026-10-07 11:00:01,Biasa / Mengikuti Pasar
11:00,KBLV,Transaksi Sepi (Skip Broksum),Small Cap (Lapis 3),Fair Value (Wajar),0.0,0.12223121,106.0,114,90,138,-1.8518518518518516,1124100,Normal,38,Negatif,Downtrend,Bearish,Strong Bearish,Strong Downtrend (5<20<50),Normal,Distribusi (Turun),Normal,Seimbang / Adu Mekanik,Normal,Tinggi,Normal,Rawan Pucuk (High Risk),< 1 Miliar,Di Atas VWAP (Kuat),Akumulasi Pro (Smart Money),Gorengan Sepi (< 5M),Sepi (< 50%),Mark-Down (Fase Runtuh),Normal,Normal,Turun 1 Hari Beruntun,TP: 116 | CL: 98,Open = High (Tekanan Jual),Ideal (1:2),Golden Cross (Awal Bullish),Netral / Sepi Berita,Normal / Sedang Transisi,Mengambang (Jauh dari Fibo),0,WAIT & SEE,TIDAK ADA,2026-10-07 11:00:01,Biasa / Mengikuti Pasar
11:00,KDSI,Transaksi Sepi (Skip Broksum),Small Cap (Lapis 3),Undervalued (Murah),2.5983586,0.94634086,466.0,463,444,468,0.0,17300,Tembus MA20,53,Negatif,Uptrend,Bullish,Strong Bullish,Perfect Uptrend (5>20>50),Normal,Distribusi (Turun),Normal,Dominan Beli (Hajar Kanan),Squeeze,Rendah,Doji (Ragu-ragu),Area Tengah,< 1 Miliar,Persis di VWAP,Akumulasi Pro (Smart Money),Gorengan Sepi (< 5M),Normal (50-150%),Mark-Up (Fase Pesta),Normal,Jarum Bawah (Sinyal Pantulan Kuat),Sideways / Stagnan,TP: 481 | CL: 455,Open = High (Tekanan Jual),Tidak Ideal (< 1:1),Overbought (Jenuh Beli - Rawan),Netral / Sepi Berita,Normal / Sedang Transisi,Golden Rebound Fibo 23.6% 🎯,6,WAIT & SEE,TIDAK ADA,2026-10-07 11:00:01,Biasa / Mengikuti Pasar
11:00,KICI,Transaksi Sepi (Skip Broksum),Small Cap (Lapis 3),Undervalued (Murah),4.030295,0.7467436,298.0,287,250,440,3.4722222222222223,2274800,Normal,57,Positif,Uptrend,Bearish,Bearish MACD,Konsolidasi / Transisi,Normal,Akumulasi (Naik),Gap Up (+2.8%),Seimbang / Adu Mekanik,Normal,Tinggi,Normal,Rawan Pucuk (High Risk),< 1 Miliar,Di Atas VWAP (Kuat),Akumulasi Pro (Smart Money),Gorengan Sepi (< 5M),Normal (50-150%),Mark-Up (Fase Pesta),Spesialis Tiang Jemuran (Banting Pucuk),Normal,Naik 2 Hari Beruntun,TP: 354 | CL: 260,Normal,Ideal (1:2),Golden Cross (Awal Bullish),Netral / Sepi Berita,Normal / Sedang Transisi,Mengambang (Jauh dari Fibo),5,WAIT & SEE,TIDAK ADA,2026-10-07 11:00:01,Biasa / Mengikuti Pasar
11:00,KIJA,Token Mati (Perlu Update),Mid Cap (Lapis 2),Fair Value (Wajar),0.0,0.54283595,158.0,173,150,204,-1.25,58454500,Normal,41,Negatif,Downtrend,Bearish,Strong Bearish,Konsolidasi / Transisi,Normal,Distribusi (Turun),Normal,Dominan Jual (Guyur),Normal,Tinggi,Normal,Area Tengah,> 1 Miliar,Persis di VWAP,Akumulasi Pro (Smart Money),Ritel Aktif (5M - 50M),Sepi (< 50%),Distribution (Fase Jualan),Normal,Normal,Turun 2 Hari Beruntun,TP: 174 | CL: 146,Normal,Sangat Menarik (> 1:3),Netral / Sideways,Netral / Sepi Berita,Normal / Sedang Transisi,Mengambang (Jauh dari Fibo),0,WAIT & SEE,TIDAK ADA,2026-10-07 11:00:01,Biasa / Mengikuti Pasar
11:00,KKGI,Transaksi Sepi (Skip Broksum),Mid Cap (Lapis 2),Overvalued (Mahal),23.195084,10066.667,302.0,295,274,315,0.6666666666666667,891500,Normal,59,Positif,Uptrend,Bearish,Bearish MACD,Konsolidasi / Transisi,Normal,Akumulasi (Naik),Normal,Seimbang / Adu Mekanik,Normal,Sedang,Normal,Rawan Pucuk (High Risk),< 1 Miliar,Di Atas VWAP (Kuat),Distribusi Pro (Guyuran),Gorengan Sepi (< 5M),Sepi (< 50%),Mark-Up (Fase Pesta),Normal,Normal,Naik 3 Hari Beruntun,TP: 316 | CL: 292,Open = Low (Bullish Kuat),Tidak Ideal (< 1:1),Netral / Sideways,Netral / Sepi Berita,Normal / Sedang Transisi,Dekat Support Fibo 23.6%,4,WAIT & SEE,TIDAK ADA,2026-10-07 11:00:01,Biasa / Mengikuti Pasar
11:00,KLBF,Token Mati (Perlu Update),Big Cap (Lapis 1),Undervalued (Murah),9.382036,1.3949,740.0,744,705,780,-1.9867549668874174,11181900,Normal,47,Negatif,Downtrend,Bearish,Bullish MACD,Strong Downtrend (5<20<50),Normal,Akumulasi (Naik),Normal,Dominan Jual (Guyur),Normal,Sedang,Normal,Area Tengah,> 1 Miliar,Persis di VWAP,Distribusi Pro (Guyuran),Ritel Aktif (5M - 50M),Sepi (< 50%),Mark-Down (Fase Runtuh),Spesialis Tiang Jemuran (Banting Pucuk),Normal,Turun 1 Hari Beruntun,TP: 772 | CL: 718,Normal,Menengah (1:1),Netral / Sideways,Netral / Sepi Berita,Normal / Sedang Transisi,Mendekati Fibo 78.6%,2,WAIT & SEE,TIDAK ADA,2026-10-07 11:00:01,Biasa / Mengikuti Pasar
11:00,KOBX,Transaksi Sepi (Skip Broksum),Small Cap (Lapis 3),Overvalued (Mahal),29000.0,0.8187503,174.0,174,155,186,1.7543859649122806,1539900,Normal,53,Positif,Downtrend,Bearish,Strong Bearish,Konsolidasi / Transisi,Normal,Akumulasi (Naik),Normal,Dominan Beli (Hajar Kanan),Normal,Sedang,Marubozu (Strong Bullish),Rawan Pucuk (High Risk),< 1 Miliar,Di Atas VWAP (Kuat),Akumulasi Pro (Smart Money),Gorengan Sepi (< 5M),Normal (50-150%),Distribution (Fase Jualan),Spesialis Tiang Jemuran (Banting Pucuk),Normal,Naik 2 Hari Beruntun,TP: 185 | CL: 166,Open = Low (Bullish Kuat),Tidak Ideal (< 1:1),Netral / Sideways,Netral / Sepi Berita,Normal / Sedang Transisi,Mendekati Fibo 61.8% (Golden Ratio),4,WAIT & SEE,TIDAK ADA,2026-10-07 11:00:01,Biasa / Mengikuti Pasar
11:00,KONI,Transaksi Sepi (Skip Broksum),Small Cap (Lapis 3),Overvalued (Mahal),28.20705,3.2165234,1880.0,2022,1855,2260,-1.8276762402088773,800,Normal,34,Negatif,Downtrend,Bearish,Strong Bearish,Strong Downtrend (5<20<50),Normal,Distribusi (Turun),Gap Down (-2.3%),Dominan Beli (Hajar Kanan),Bottom Rebound,Tinggi,Normal,Dekat Support (Low Risk),< 1 Miliar,Di Bawah VWAP (Lemah),Distribusi Pro (Guyuran),Gorengan Sepi (< 5M),Sepi (< 50%),Mark-Down (Fase Runtuh),Spesialis Tiang Jemuran (Banting Pucuk),Normal,Turun 1 Hari Beruntun,TP: 2051 | CL: 1765,Normal,Sangat Menarik (> 1:3),Oversold (Jenuh Jual - Peluang),Netral / Sepi Berita,Normal / Sedang Transisi,Golden Rebound Fibo Bottom / 100% 🎯,1,WAIT & SEE,TIDAK ADA,2026-10-07 11:00:01,Biasa / Mengikuti Pasar
11:00,KOPI,Transaksi Sepi (Skip Broksum),Small Cap (Lapis 3),Overvalued (Mahal),82.24927,1.8542345,196.0,199,191,252,0.5128205128205128,524100,Normal,42,Positif,Downtrend,Bearish,Strong Bearish,Strong Downtrend (5<20<50),Normal,Distribusi (Turun),Normal,Seimbang / Adu Mekanik,Normal,Sedang,Normal,Dekat Support (Low Risk),< 1 Miliar,Persis di VWAP,Distribusi Pro (Guyuran),Gorengan Sepi (< 5M),Normal (50-150%),Mark-Down (Fase Runtuh),Spesialis Tiang Jemuran (Banting Pucuk),Normal,Naik 1 Hari Beruntun,TP: 206 | CL: 189,Normal,Sangat Menarik (> 1:3),Golden Cross (Awal Bullish),Netral / Sepi Berita,Supply Kering (Siap Pump) 🏜️,Golden Rebound Fibo 78.6% 🎯,1,WAIT & SEE,TIDAK ADA,2026-10-07 11:00:01,Biasa / Mengikuti Pasar
11:00,KPIG,Token Mati (Perlu Update),Mid Cap (Lapis 2),Undervalued (Murah),6.4275036,0.15627669,43.0,58,37,89,-4.444444444444445,84022500,Normal,34,Negatif,Downtrend,Bearish,Strong Bearish,Strong Downtrend (5<20<50),Normal,Akumulasi (Naik),Normal,Seimbang / Adu Mekanik,Normal,Tinggi,Normal,Rawan Pucuk (High Risk),> 1 Miliar,Di Bawah VWAP (Lemah),Akumulasi Pro (Smart Money),Ritel Aktif (5M - 50M),Sepi (< 50%),Mark-Down (Fase Runtuh),Normal,Normal,Turun 1 Hari Beruntun,TP: 51 | CL: 37,Open = High (Tekanan Jual),Sangat Menarik (> 1:3),Oversold (Jenuh Jual - Peluang),Netral / Sepi Berita,Normal / Sedang Transisi,Mengambang (Jauh dari Fibo),1,WAIT & SEE,TIDAK ADA,2026-10-07 11:00:01,Biasa / Mengikuti Pasar
11:00,KRAS,Transaksi Sepi (Skip Broksum),Mid Cap (Lapis 2),Overvalued (Mahal),0.6054439,6800.0,236.0,227,204,254,0.0,475300,Normal,55,Negatif,Uptrend,Golden Cross,Bullish MACD,Awal Reversal (5>20),Normal,Akumulasi (Naik),Normal,Seimbang / Adu Mekanik,Normal,Tinggi,Normal,Rawan Pucuk (High Risk),< 1 Miliar,Di Atas VWAP (Kuat),Akumulasi Pro (Smart Money),Gorengan Sepi (< 5M),Sepi (< 50%),Accumulation (Kumpul Barang),Spesialis Tiang Jemuran (Banting Pucuk),Normal,Sideways / Stagnan,TP: 252 | CL: 224,Open = High (Tekanan Jual),Tidak Ideal (< 1:1),Overbought (Jenuh Beli - Rawan),Netral / Sepi Berita,Normal / Sedang Transisi,Dekat Support Fibo 50.0%,5,WAIT & SEE,TIDAK ADA,2026-10-07 11:00:01,Biasa / Mengikuti Pasar
11:00,KREN,Token Mati (Perlu Update),Small Cap (Lapis 3),Fair Value (Wajar),0.0,-17000.0,17.0,15,13,20,-5.555555555555555,112710600,Normal,57,Negatif,Uptrend,Golden Cross,Strong Bullish,Perfect Uptrend (5>20>50),Normal,Akumulasi (Naik),Gap Up (+5.6%),Seimbang / Adu Mekanik,Normal,Tinggi,Normal,Rawan Pucuk (High Risk),> 1 Miliar,Di Atas VWAP (Kuat),Akumulasi Pro (Smart Money),Gorengan Sepi (< 5M),Normal (50-150%),Mark-Up (Fase Pesta),Solid (Jarang Dibanting),Normal,Turun 1 Hari Beruntun,TP: 19 | CL: 15,Open = High (Tekanan Jual),Tidak Ideal (< 1:1),Death Cross (Awal Bearish),Netral / Sepi Berita,Normal / Sedang Transisi,Mendekati Fibo 38.2%,6,WAIT & SEE,TIDAK ADA,2026-10-07 11:00:01,Biasa / Mengikuti Pasar
11:00,LAPD,Token Mati (Perlu Update),Small Cap (Lapis 3),Fair Value (Wajar),0.0,-14.183091,77.0,77,65,105,0.0,20786400,Normal,52,Negatif,Downtrend,Bearish,Bearish MACD,Konsolidasi / Transisi,Normal,Akumulasi (Naik),Normal,Dominan Beli (Hajar Kanan),Normal,Tinggi,Doji (Ragu-ragu),Rawan Pucuk (High Risk),> 1 Miliar,Di Atas VWAP (Kuat),Akumulasi Pro (Smart Money),Gorengan Sepi (< 5M),Sepi (< 50%),Distribution (Fase Jualan),Normal,Jarum Bawah (Sinyal Pantulan Kuat),Sideways / Stagnan,TP: 87 | CL: 69,Normal,Ideal (1:2),Netral / Sideways,Netral / Sepi Berita,Normal / Sedang Transisi,Golden Rebound Fibo 61.8% (Golden Ratio) 🎯,3,WAIT & SEE,TIDAK ADA,2026-10-07 11:00:01,Biasa / Mengikuti Pasar
11:00,LEAD,Transaksi Sepi (Skip Broksum),Small Cap (Lapis 3),Overvalued (Mahal),0.0,10555.556,95.0,101,89,119,-1.0416666666666665,6506300,Normal,41,Negatif,Downtrend,Bearish,Strong Bearish,Strong Downtrend (5<20<50),Normal,Distribusi (Turun),Normal,Seimbang / Adu Mekanik,Normal,Tinggi,Doji (Ragu-ragu),Area Tengah,< 1 Miliar,Di Atas VWAP (Kuat),Akumulasi Pro (Smart Money),Gorengan Sepi (< 5M),Normal (50-150%),Mark-Down (Fase Runtuh),Spesialis Tiang Jemuran (Banting Pucuk),Jarum Bawah (Sinyal Pantulan Kuat),Turun 1 Hari Beruntun,TP: 104 | CL: 88,Normal,Sangat Menarik (> 1:3),Golden Cross (Awal Bullish),Netral / Sepi Berita,Normal / Sedang Transisi,Mengambang (Jauh dari Fibo),0,WAIT & SEE,TIDAK ADA,2026-10-07 11:00:01,Biasa / Mengikuti Pasar
11:00,LINK,Transaksi Sepi (Skip Broksum),Mid Cap (Lapis 2),Fair Value (Wajar),0.0,1.516682,1500.0,1621,1495,1905,-0.9900990099009901,1000,Normal,43,Negatif,Downtrend,Bearish,Strong Bearish,Konsolidasi / Transisi,Normal,Distribusi (Turun),Normal,Dominan Jual (Guyur),Bottom Rebound,Tinggi,Normal,Dekat Support (Low Risk),< 1 Miliar,Di Bawah VWAP (Lemah),Distribusi Pro (Guyuran),Gorengan Sepi (< 5M),Sepi (< 50%),Distribution (Fase Jualan),Spesialis Tiang Jemuran (Banting Pucuk),Normal,Turun 3 Hari Beruntun,TP: 1665 | CL: 1390,Open = High (Tekanan Jual),Sangat Menarik (> 1:3),Oversold (Jenuh Jual - Peluang),Netral / Sepi Berita,Normal / Sedang Transisi,Mendekati Fibo 78.6%,0,WAIT & SEE,TIDAK ADA,2026-10-07 11:00:01,Biasa / Mengikuti Pasar
11:00,LION,Transaksi Sepi (Skip Broksum),Small Cap (Lapis 3),Fair Value (Wajar),0.0,0.32873914,282.0,341,252,394,2.1739130434782608,69700,Normal,27,Positif,Downtrend,Bearish,Strong Bearish,Strong Downtrend (5<20<50),Normal,Distribusi (Turun),Normal,Seimbang / Adu Mekanik,Normal,Tinggi,Normal,Rawan Pucuk (High Risk),< 1 Miliar,Di Bawah VWAP (Lemah),Distribusi Pro (Guyuran),Gorengan Sepi (< 5M),Sepi (< 50%),Mark-Down (Fase Runtuh),Normal,Normal,Naik 2 Hari Beruntun,TP: 324 | CL: 253,Normal,Sangat Menarik (> 1:3),Golden Cross (Awal Bullish),Netral / Sepi Berita,Normal / Sedang Transisi,Mengambang (Jauh dari Fibo),1,WAIT & SEE,TIDAK ADA,2026-10-07 11:00:01,Biasa / Mengikuti Pasar
11:00,LMPI,Transaksi Sepi (Skip Broksum),Small Cap (Lapis 3),Fair Value (Wajar),0.0,-4.112497,155.0,160,154,184,-0.641025641025641,104300,Normal,43,Negatif,Downtrend,Bearish,Strong Bearish,Konsolidasi / Transisi,Normal,Akumulasi (Naik),Normal,Seimbang / Adu Mekanik,Squeeze,Rendah,Normal,Dekat Support (Low Risk),< 1 Miliar,Di Bawah VWAP (Lemah),Distribusi Pro (Guyuran),Gorengan Sepi (< 5M),Sepi (< 50%),Distribution (Fase Jualan),Spesialis Tiang Jemuran (Banting Pucuk),Normal,Turun 2 Hari Beruntun,TP: 168 | CL: 145,Open = High (Tekanan Jual),Sangat Menarik (> 1:3),Oversold (Jenuh Jual - Peluang),Netral / Sepi Berita,Supply Kering (Siap Pump) 🏜️,Mendekati Fibo 61.8% (Golden Ratio),1,WAIT & SEE,TIDAK ADA,2026-10-07 11:00:01,Biasa / Mengikuti Pasar
11:00,LPCK,Transaksi Sepi (Skip Broksum),Mid Cap (Lapis 2),Undervalued (Murah),11.106541,0.40330774,540.0,553,490,610,0.0,57200,Normal,45,Negatif,Downtrend,Bearish,Strong Bearish,Strong Downtrend (5<20<50),Normal,Akumulasi (Naik),Normal,Dominan Jual (Guyur),Normal,Tinggi,Normal,Rawan Pucuk (High Risk),< 1 Miliar,Di Atas VWAP (Kuat),Distribusi Pro (Guyuran),Gorengan Sepi (< 5M),Sepi (< 50%),Mark-Down (Fase Runtuh),Normal,Normal,Sideways / Stagnan,TP: 592 | CL: 504,Normal,Menengah (1:1),Golden Cross (Awal Bullish),Netral / Sepi Berita,Normal / Sedang Transisi,Dekat Support Fibo 78.6%,1,WAIT & SEE,TIDAK ADA,2026-10-07 11:00:01,Biasa / Mengikuti Pasar
11:00,LPGI,Transaksi Sepi (Skip Broksum),Mid Cap (Lapis 2),Fair Value (Wajar),12.274025,1.7332746,645.0,644,570,675,0.0,78900,Tembus MA20,53,Negatif,Uptrend,Bullish,Strong Bullish,Perfect Uptrend (5>20>50),Normal,Akumulasi (Naik),Normal,Dominan Jual (Guyur),Squeeze,Rendah,Doji (Ragu-ragu),Rawan Pucuk (High Risk),< 1 Miliar,Persis di VWAP,Distribusi Pro (Guyuran),Gorengan Sepi (< 5M),Ledakan Ekstrem (> 300%),Mark-Up (Fase Pesta),Normal,Normal,Sideways / Stagnan,TP: 684 | CL: 618,Normal,Tidak Ideal (< 1:1),Netral / Sideways,Netral / Sepi Berita,Normal / Sedang Transisi,Dekat Support Fibo 50.0%,6,WAIT & SEE,TIDAK ADA,2026-10-07 11:00:01,Biasa / Mengikuti Pasar
11:00,LPIN,Transaksi Sepi (Skip Broksum),Small Cap (Lapis 3),Undervalued (Murah),7.159202,0.53924555,438.0,432,420,442,-0.45454545454545453,13800,Normal,60,Negatif,Uptrend,Golden Cross,Strong Bullish,Perfect Uptrend (5>20>50),Normal,Akumulasi (Naik),Normal,Seimbang / Adu Mekanik,Squeeze,Rendah,Normal,Area Tengah,< 1 Miliar,Persis di VWAP,Akumulasi Pro (Smart Money),Gorengan Sepi (< 5M),Sepi (< 50%),Mark-Up (Fase Pesta),Solid (Jarang Dibanting),Normal,Turun 1 Hari Beruntun,TP: 452 | CL: 428,Normal,Tidak Ideal (< 1:1),Overbought (Jenuh Beli - Rawan),Netral / Sepi Berita,Normal / Sedang Transisi,Dekat Support Fibo 23.6%,5,WAIT & SEE,TIDAK ADA,2026-10-07 11:00:01,Biasa / Mengikuti Pasar
11:00,LPKR,Token Mati (Perlu Update),Mid Cap (Lapis 2),Undervalued (Murah),4.5540795,0.111798465,48.0,51,39,64,-2.0408163265306123,57153200,Normal,37,Negatif,Downtrend,Bearish,Bullish MACD,Strong Downtrend (5<20<50),Normal,Akumulasi (Naik),Normal,Seimbang / Adu Mekanik,Normal,Tinggi,Normal,Rawan Pucuk (High Risk),> 1 Miliar,Di Atas VWAP (Kuat),Akumulasi Pro (Smart Money),Ritel Aktif (5M - 50M),Sepi (< 50%),Mark-Down (Fase Runtuh),Normal,Normal,Turun 1 Hari Beruntun,TP: 53 | CL: 44,Open = High (Tekanan Jual),Ideal (1:2),Golden Cross (Awal Bullish),Netral / Sepi Berita,Normal / Sedang Transisi,Mendekati Fibo 78.6%,2,WAIT & SEE,TIDAK ADA,2026-10-07 11:00:01,Biasa / Mengikuti Pasar
11:00,LPLI,Transaksi Sepi (Skip Broksum),Mid Cap (Lapis 2),Undervalued (Murah),0.4435914,0.1410135,208.0,223,204,242,0.9708737864077669,49100,Normal,26,Positif,Downtrend,Bearish,Strong Bearish,Strong Downtrend (5<20<50),Normal,Akumulasi (Naik),Normal,Seimbang / Adu Mekanik,Normal,Tinggi,Normal,Dekat Support (Low Risk),< 1 Miliar,Persis di VWAP,Distribusi Pro (Guyuran),Gorengan Sepi (< 5M),Sepi (< 50%),Mark-Down (Fase Runtuh),Normal,Normal,Naik 1 Hari Beruntun,TP: 221 | CL: 199,Open = High (Tekanan Jual),Sangat Menarik (> 1:3),Oversold (Jenuh Jual - Peluang),Netral / Sepi Berita,Normal / Sedang Transisi,Golden Rebound Fibo Bottom / 100% 🎯,2,WAIT & SEE,TIDAK ADA,2026-10-07 11:00:01,Biasa / Mengikuti Pasar
11:00,LPPF,Transaksi Sepi (Skip Broksum),Mid Cap (Lapis 2),Overvalued (Mahal),4.6106706,11.93397,1610.0,1591,1525,1660,0.9404388714733543,332000,Normal,56,Positif,Uptrend,Bearish,Bullish MACD,Strong Downtrend (5<20<50),Normal,Distribusi (Turun),Normal,Dominan Beli (Hajar Kanan),Squeeze,Rendah,Normal,Area Tengah,< 1 Miliar,Di Atas VWAP (Kuat),Akumulasi Pro (Smart Money),Gorengan Sepi (< 5M),Sepi (< 50%),Accumulation (Kumpul Barang),Normal,Normal,Naik 2 Hari Beruntun,TP: 1654 | CL: 1580,Normal,Tidak Ideal (< 1:1),Netral / Sideways,Netral / Sepi Berita,Supply Kering (Siap Pump) 🏜️,Golden Rebound Fibo 38.2% 🎯,5,WAIT & SEE,TIDAK ADA,2026-10-07 11:00:01,Biasa / Mengikuti Pasar
11:00,LPPS,Transaksi Sepi (Skip Broksum),Small Cap (Lapis 3),Fair Value (Wajar),0.0,0.22516122,61.0,72,53,88,-1.6129032258064515,55100,Normal,33,Negatif,Downtrend,Bearish,Strong Bearish,Strong Downtrend (5<20<50),Normal,Akumulasi (Naik),Normal,Seimbang / Adu Mekanik,Normal,Tinggi,Normal,Rawan Pucuk (High Risk),< 1 Miliar,Di Bawah VWAP (Lemah),Distribusi Pro (Guyuran),Gorengan Sepi (< 5M),Sepi (< 50%),Mark-Down (Fase Runtuh),Normal,Normal,Turun 2 Hari Beruntun,TP: 72 | CL: 53,Open = High (Tekanan Jual),Sangat Menarik (> 1:3),Netral / Sideways,Netral / Sepi Berita,Normal / Sedang Transisi,Mengambang (Jauh dari Fibo),1,WAIT & SEE,TIDAK ADA,2026-10-07 11:00:01,Biasa / Mengikuti Pasar
11:00,LRNA,Transaksi Sepi (Skip Broksum),Small Cap (Lapis 3),Fair Value (Wajar),0.0,0.31245336,224.0,216,202,246,1.8181818181818181,308700,Normal,65,Positif,Uptrend,Golden Cross,Bearish MACD,Perfect Uptrend (5>20>50),Normal,Akumulasi (Naik),Normal,Seimbang / Adu Mekanik,Normal,Sedang,Normal,Rawan Pucuk (High Risk),< 1 Miliar,Di Atas VWAP (Kuat),Akumulasi Pro (Smart Money),Gorengan Sepi (< 5M),Normal (50-150%),Mark-Up (Fase Pesta),Spesialis Tiang Jemuran (Banting Pucuk),Normal,Naik 3 Hari Beruntun,TP: 244 | CL: 210,Normal,Menengah (1:1),Netral / Sideways,Netral / Sepi Berita,Supply Kering (Siap Pump) 🏜️,Golden Rebound Fibo 38.2% 🎯,5,WAIT & SEE,TIDAK ADA,2026-10-07 11:00:01,Biasa / Mengikuti Pasar
11:00,LSIP,Token Mati (Perlu Update),Big Cap (Lapis 1),Undervalued (Murah),4.905982,0.71186274,1495.0,1580,1420,1790,0.33557046979865773,2157700,Normal,43,Positif,Downtrend,Bearish,Strong Bearish,Konsolidasi / Transisi,Normal,Akumulasi (Naik),Normal,Dominan Jual (Guyur),Normal,Tinggi,Normal,Area Tengah,> 1 Miliar,Di Atas VWAP (Kuat),Akumulasi Pro (Smart Money),Ritel Aktif (5M - 50M),Sepi (< 50%),Distribution (Fase Jualan),Spesialis Tiang Jemuran (Banting Pucuk),Normal,Naik 4 Hari Beruntun,TP: 1579 | CL: 1438,Open = Low (Bullish Kuat),Sangat Menarik (> 1:3),Golden Cross (Awal Bullish),Netral / Sepi Berita,Normal / Sedang Transisi,Mendekati Fibo 61.8% (Golden Ratio),2,WAIT & SEE,TIDAK ADA,2026-10-07 11:00:01,Biasa / Mengikuti Pasar
11:00,LTLS,Transaksi Sepi (Skip Broksum),Mid Cap (Lapis 2),Undervalued (Murah),7.021628,0.4140807,935.0,974,875,1135,0.0,16700,Normal,50,Negatif,Downtrend,Bearish,Bearish MACD,Konsolidasi / Transisi,Normal,Distribusi (Turun),Normal,Dominan Beli (Hajar Kanan),Normal,Tinggi,Doji (Ragu-ragu),Area Tengah,< 1 Miliar,Di Atas VWAP (Kuat),Distribusi Pro (Guyuran),Gorengan Sepi (< 5M),Sepi (< 50%),Distribution (Fase Jualan),Normal,Jarum Bawah (Sinyal Pantulan Kuat),Sideways / Stagnan,TP: 982 | CL: 903,Normal,Sangat Menarik (> 1:3),Golden Cross (Awal Bullish),Netral / Sepi Berita,Normal / Sedang Transisi,Mendekati Fibo 61.8% (Golden Ratio),1,WAIT & SEE,TIDAK ADA,2026-10-07 11:00:01,Biasa / Mengikuti Pasar
11:00,MAIN,Transaksi Sepi (Skip Broksum),Mid Cap (Lapis 2),Undervalued (Murah),3.0532544,0.5022547,645.0,652,620,700,-0.7692307692307693,440400,Normal,46,Negatif,Downtrend,Bearish,Bullish MACD,Strong Downtrend (5<20<50),Normal,Akumulasi (Naik),Normal,Dominan Jual (Guyur),Normal,Sedang,Normal,Area Tengah,< 1 Miliar,Di Atas VWAP (Kuat),Akumulasi Pro (Smart Money),Gorengan Sepi (< 5M),Sepi (< 50%),Mark-Down (Fase Runtuh),Normal,Normal,Turun 1 Hari Beruntun,TP: 673 | CL: 626,Normal,Ideal (1:2),Golden Cross (Awal Bullish),Netral / Sepi Berita,Normal / Sedang Transisi,Dekat Support Fibo 78.6%,2,WAIT & SEE,TIDAK ADA,2026-10-07 11:00:01,Biasa / Mengikuti Pasar
11:00,MAPI,Token Mati (Perlu Update),Big Cap (Lapis 1),Fair Value (Wajar),10.369127,1.6735668,1545.0,1473,1310,1570,-0.3225806451612903,15158700,Tembus MA20,59,Negatif,Uptrend,Bullish,Strong Bullish,Awal Reversal (5>20),Normal,Akumulasi (Naik),Normal,Seimbang / Adu Mekanik,Normal,Tinggi,Normal,Rawan Pucuk (High Risk),> 1 Miliar,Di Atas VWAP (Kuat),Akumulasi Pro (Smart Money),Ritel Aktif (5M - 50M),Normal (50-150%),Accumulation (Kumpul Barang),Normal,Normal,Turun 1 Hari Beruntun,TP: 1631 | CL: 1487,Normal,Tidak Ideal (< 1:1),Death Cross (Awal Bearish),Netral / Sepi Berita,Supply Banjir (Distribusi) 🌊,Mengambang (Jauh dari Fibo),6,WAIT & SEE,TIDAK ADA,2026-10-07 11:00:01,Biasa / Mengikuti Pasar
11:00,MAYA,Transaksi Sepi (Skip Broksum),Mid Cap (Lapis 2),Overvalued (Mahal),132.21477,0.2653656,197.0,200,192,222,-1.0050251256281406,305500,Normal,44,Negatif,Downtrend,Bearish,Strong Bearish,Konsolidasi / Transisi,Normal,Distribusi (Turun),Normal,Dominan Jual (Guyur),Normal,Sedang,Normal,Dekat Support (Low Risk),< 1 Miliar,Persis di VWAP,Akumulasi Pro (Smart Money),Gorengan Sepi (< 5M),Sepi (< 50%),Distribution (Fase Jualan),Normal,Normal,Turun 1 Hari Beruntun,TP: 209 | CL: 188,Open = High (Tekanan Jual),Sangat Menarik (> 1:3),Netral / Sideways,Netral / Sepi Berita,Supply Kering (Siap Pump) 🏜️,Mendekati Fibo 78.6%,0,WAIT & SEE,TIDAK ADA,2026-10-07 11:00:01,Biasa / Mengikuti Pasar
11:00,MBAP,Transaksi Sepi (Skip Broksum),Mid Cap (Lapis 2),Overvalued (Mahal),32.30799,10986.843,1670.0,1693,1605,1790,-0.2985074626865672,102600,Tembus MA20,52,Negatif,Downtrend,Bearish,Bearish MACD,Konsolidasi / Transisi,Normal,Distribusi (Turun),Normal,Dominan Jual (Guyur),Squeeze,Rendah,Normal,Area Tengah,< 1 Miliar,Persis di VWAP,Distribusi Pro (Guyuran),Gorengan Sepi (< 5M),Anomali Tinggi (150-300%),Distribution (Fase Jualan),Spesialis Tiang Jemuran (Banting Pucuk),Normal,Turun 1 Hari Beruntun,TP: 1766 | CL: 1605,Normal,Ideal (1:2),Golden Cross (Awal Bullish),Netral / Sepi Berita,Normal / Sedang Transisi,Dekat Support Fibo 38.2%,2,WAIT & SEE,TIDAK ADA,2026-10-07 11:00:01,Biasa / Mengikuti Pasar
11:00,MBSS,Token Mati (Perlu Update),Mid Cap (Lapis 2),Fair Value (Wajar),19.62264,1.7725111,4160.0,3145,2880,4630,-5.454545454545454,2221000,Normal,82,Negatif,Uptrend,Bullish,Strong Bullish,Perfect Uptrend (5>20>50),Normal,Akumulasi (Naik),Normal,Seimbang / Adu Mekanik,Normal,Tinggi,Normal,Rawan Pucuk (High Risk),> 1 Miliar,Di Atas VWAP (Kuat),Akumulasi Pro (Smart Money),Ritel Aktif (5M - 50M),Sepi (< 50%),Mark-Up (Fase Pesta),Normal,Normal,Turun 1 Hari Beruntun,TP: 4461 | CL: 3959,Normal,Tidak Ideal (< 1:1),Death Cross (Awal Bearish),Netral / Sepi Berita,Supply Banjir (Distribusi) 🌊,Dekat Support Fibo 23.6%,5,WAIT & SEE,TIDAK ADA,2026-10-07 11:00:01,Biasa / Mengikuti Pasar
11:00,MBTO,Transaksi Sepi (Skip Broksum),Small Cap (Lapis 3),Fair Value (Wajar),0.0,0.458252,151.0,156,138,236,-1.3071895424836601,1624700,Normal,51,Negatif,Downtrend,Bearish,Bearish MACD,Konsolidasi / Transisi,Normal,Akumulasi (Naik),Normal,Seimbang / Adu Mekanik,Normal,Tinggi,Normal,Area Tengah,< 1 Miliar,Di Bawah VWAP (Lemah),Distribusi Pro (Guyuran),Gorengan Sepi (< 5M),Sepi (< 50%),Distribution (Fase Jualan),Spesialis Tiang Jemuran (Banting Pucuk),Normal,Turun 1 Hari Beruntun,TP: 179 | CL: 132,Normal,Sangat Menarik (> 1:3),Oversold (Jenuh Jual - Peluang),Netral / Sepi Berita,Normal / Sedang Transisi,Mengambang (Jauh dari Fibo),2,WAIT & SEE,TIDAK ADA,2026-10-07 11:00:01,Biasa / Mengikuti Pasar
11:00,MCOR,Transaksi Sepi (Skip Broksum),Mid Cap (Lapis 2),Undervalued (Murah),8.385482,0.34920022,67.0,67,65,71,1.5151515151515151,90200,Normal,47,Positif,Downtrend,Bearish,Strong Bearish,Strong Downtrend (5<20<50),Normal,Distribusi (Turun),Normal,Dominan Beli (Hajar Kanan),Normal,Sedang,Doji (Ragu-ragu),Area Tengah,< 1 Miliar,Di Atas VWAP (Kuat),Distribusi Pro (Guyuran),Gorengan Sepi (< 5M),Sepi (< 50%),Mark-Down (Fase Runtuh),Normal,Jarum Bawah (Sinyal Pantulan Kuat),Naik 1 Hari Beruntun,TP: 69 | CL: 65,Normal,Ideal (1:2),Netral / Sideways,Netral / Sepi Berita,Normal / Sedang Transisi,Golden Rebound Fibo 78.6% 🎯,2,WAIT & SEE,TIDAK ADA,2026-10-07 11:00:01,Biasa / Mengikuti Pasar
11:00,MDIA,Token Mati (Perlu Update),Mid Cap (Lapis 2),Overvalued (Mahal),0.0,5.85145,137.0,176,136,234,-9.868421052631579,267404900,Tembus MA20,32,Negatif,Downtrend,Bearish,Strong Bearish,Strong Downtrend (5<20<50),Normal,Distribusi (Turun),Normal,Dominan Jual (Guyur),Normal,Tinggi,Normal,Dekat Support (Low Risk),> 1 Miliar,Di Bawah VWAP (Lemah),Distribusi Pro (Guyuran),Ritel Aktif (5M - 50M),Normal (50-150%),Mark-Down (Fase Runtuh),Normal,Normal,Turun 2 Hari Beruntun,TP: 162 | CL: 119,Normal,Sangat Menarik (> 1:3),Oversold (Jenuh Jual - Peluang),Netral / Sepi Berita,Normal / Sedang Transisi,Mengambang (Jauh dari Fibo),1,WAIT & SEE,TIDAK ADA,2026-10-07 11:00:01,🔥 ANOMALI BANDAR (Siap Ledakan)
11:00,MDKA,Token Mati (Perlu Update),Big Cap (Lapis 1),Overvalued (Mahal),76.62031,81111.12,2920.0,2926,2780,3160,-1.6835016835016834,5178400,Normal,50,Negatif,Downtrend,Bearish,Bearish MACD,Konsolidasi / Transisi,Normal,Akumulasi (Naik),Normal,Dominan Jual (Guyur),Normal,Sedang,Normal,Area Tengah,> 1 Miliar,Di Atas VWAP (Kuat),Akumulasi Pro (Smart Money),Sultan (> 50M/hari),Sepi (< 50%),Distribution (Fase Jualan),Solid (Jarang Dibanting),Normal,Turun 1 Hari Beruntun,TP: 3098 | CL: 2800,Open = High (Tekanan Jual),Ideal (1:2),Netral / Sideways,Netral / Sepi Berita,Normal / Sedang Transisi,Dekat Support Fibo 38.2%,1,WAIT & SEE,TIDAK ADA,2026-10-07 11:00:01,Biasa / Mengikuti Pasar
11:00,MDLN,Transaksi Sepi (Skip Broksum),Small Cap (Lapis 3),Fair Value (Wajar),0.0,0.15980336,42.0,45,35,50,2.4390243902439024,3681100,Normal,39,Positif,Downtrend,Bearish,Strong Bearish,Strong Downtrend (5<20<50),Normal,Distribusi (Turun),Gap Up (+2.4%),Dominan Beli (Hajar Kanan),Normal,Tinggi,Doji (Ragu-ragu),Rawan Pucuk (High Risk),< 1 Miliar,Di Atas VWAP (Kuat),Distribusi Pro (Guyuran),Gorengan Sepi (< 5M),Sepi (< 50%),Mark-Down (Fase Runtuh),Normal,Jarum Bawah (Sinyal Pantulan Kuat),Naik 1 Hari Beruntun,TP: 46 | CL: 38,Normal,Menengah (1:1),Golden Cross (Awal Bullish),Netral / Sepi Berita,Normal / Sedang Transisi,Mengambang (Jauh dari Fibo),3,WAIT & SEE,TIDAK ADA,2026-10-07 11:00:01,Biasa / Mengikuti Pasar
11:00,MEDC,Token Mati (Perlu Update),Big Cap (Lapis 1),Overvalued (Mahal),6.0849357,15319.149,1440.0,1477,1350,1645,0.0,12398500,Normal,50,Negatif,Downtrend,Bearish,Strong Bearish,Konsolidasi / Transisi,Normal,Distribusi (Turun),Gap Up (+2.1%),Dominan Jual (Guyur),Normal,Tinggi,Normal,Area Tengah,> 1 Miliar,Di Atas VWAP (Kuat),Akumulasi Pro (Smart Money),Ritel Aktif (5M - 50M),Sepi (< 50%),Distribution (Fase Jualan),Normal,Normal,Sideways / Stagnan,TP: 1538 | CL: 1374,Normal,Ideal (1:2),Golden Cross (Awal Bullish),Netral / Sepi Berita,Normal / Sedang Transisi,Dekat Support Fibo 38.2%,1,WAIT & SEE,TIDAK ADA,2026-10-07 11:00:01,Biasa / Mengikuti Pasar
11:00,MEGA,Transaksi Sepi (Skip Broksum),Big Cap (Lapis 1),Fair Value (Wajar),13.679213,2.0262594,1930.0,1949,1850,1990,-2.030456852791878,9400,Normal,44,Negatif,Downtrend,Bearish,Bullish MACD,Strong Downtrend (5<20<50),Normal,Akumulasi (Naik),Normal,Dominan Jual (Guyur),Squeeze,Rendah,Normal,Area Tengah,< 1 Miliar,Persis di VWAP,Akumulasi Pro (Smart Money),Gorengan Sepi (< 5M),Sepi (< 50%),Mark-Down (Fase Runtuh),Solid (Jarang Dibanting),Normal,Turun 1 Hari Beruntun,TP: 2008 | CL: 1877,Open = High (Tekanan Jual),Tidak Ideal (< 1:1),Death Cross (Awal Bearish),Netral / Sepi Berita,Normal / Sedang Transisi,Dekat Support Fibo 38.2%,2,WAIT & SEE,TIDAK ADA,2026-10-07 11:00:01,Biasa / Mengikuti Pasar
11:00,MERK,Transaksi Sepi (Skip Broksum),Mid Cap (Lapis 2),Fair Value (Wajar),4.9132524,1.714339,3690.0,3807,3550,3950,-1.3368983957219251,200,Normal,40,Negatif,Downtrend,Bearish,Strong Bearish,Strong Downtrend (5<20<50),Normal,Distribusi (Turun),Normal,Tidak Ada Transaksi,Normal,Sedang,Doji (Ragu-ragu),Area Tengah,< 1 Miliar,Persis di VWAP,Distribusi Pro (Guyuran),Gorengan Sepi (< 5M),Sepi (< 50%),Mark-Down (Fase Runtuh),Normal,Normal,Turun 1 Hari Beruntun,TP: 3842 | CL: 3588,Normal,Ideal (1:2),Netral / Sideways,Netral / Sepi Berita,Supply Kering (Siap Pump) 🏜️,Golden Rebound Fibo 78.6% 🎯,0,WAIT & SEE,TIDAK ADA,2026-10-07 11:00:01,Biasa / Mengikuti Pasar
11:00,MGNA,Token Mati (Perlu Update),Small Cap (Lapis 3),Overvalued (Mahal),5.8297706,26.135656,210.0,183,103,256,-0.9433962264150944,9894600,Normal,64,Negatif,Uptrend,Bullish,Strong Bullish,Perfect Uptrend (5>20>50),Normal,Akumulasi (Naik),Gap Up (+3.8%),Dominan Jual (Guyur),Normal,Tinggi,Normal,Rawan Pucuk (High Risk),> 1 Miliar,Di Atas VWAP (Kuat),Akumulasi Pro (Smart Money),Ritel Aktif (5M - 50M),Sepi (< 50%),Mark-Up (Fase Pesta),Spesialis Tiang Jemuran (Banting Pucuk),Normal,Turun 1 Hari Beruntun,TP: 258 | CL: 177,Open = High (Tekanan Jual),Tidak Ideal (< 1:1),Netral / Sideways,Netral / Sepi Berita,Normal / Sedang Transisi,Mengambang (Jauh dari Fibo),6,WAIT & SEE,TIDAK ADA,2026-10-07 11:00:01,Biasa / Mengikuti Pasar
11:00,MICE,Transaksi Sepi (Skip Broksum),Small Cap (Lapis 3),Undervalued (Murah),6.750349,0.29241708,484.0,517,458,570,-1.2244897959183674,15700,Normal,39,Negatif,Downtrend,Bearish,Strong Bearish,Strong Downtrend (5<20<50),Normal,Distribusi (Turun),Normal,Dominan Jual (Guyur),Normal,Tinggi,Normal,Area Tengah,< 1 Miliar,Di Bawah VWAP (Lemah),Akumulasi Pro (Smart Money),Gorengan Sepi (< 5M),Sepi (< 50%),Mark-Down (Fase Runtuh),Normal,Normal,Turun 1 Hari Beruntun,TP: 520 | CL: 459,Normal,Sangat Menarik (> 1:3),Netral / Sideways,Netral / Sepi Berita,Normal / Sedang Transisi,Dekat Support Fibo 78.6%,0,WAIT & SEE,TIDAK ADA,2026-10-07 11:00:01,Biasa / Mengikuti Pasar
11:00,MIDI,Transaksi Sepi (Skip Broksum),Mid Cap (Lapis 2),Fair Value (Wajar),9.566185,1.8624662,258.0,261,248,274,0.78125,990400,Normal,41,Positif,Downtrend,Bearish,Strong Bearish,Strong Downtrend (5<20<50),Normal,Distribusi (Turun),Normal,Seimbang / Adu Mekanik,Normal,Sedang,Normal,Area Tengah,< 1 Miliar,Di Atas VWAP (Kuat),Distribusi Pro (Guyuran),Gorengan Sepi (< 5M),Sepi (< 50%),Mark-Down (Fase Runtuh),Spesialis Tiang Jemuran (Banting Pucuk),Normal,Naik 3 Hari Beruntun,TP: 269 | CL: 250,Normal,Ideal (1:2),Golden Cross (Awal Bullish),Netral / Sepi Berita,Normal / Sedang Transisi,Mendekati Fibo Bottom / 100%,1,WAIT & SEE,TIDAK ADA,2026-10-07 11:00:01,Biasa / Mengikuti Pasar
11:00,MIKA,Transaksi Sepi (Skip Broksum),Big Cap (Lapis 1),Overvalued (Mahal),16.818361,3.2318776,1700.0,1739,1660,1900,-0.2932551319648094,74200,Normal,41,Negatif,Downtrend,Bearish,Strong Bearish,Strong Downtrend (5<20<50),Normal,Distribusi (Turun),Normal,Dominan Jual (Guyur),Normal,Sedang,Normal,Dekat Support (Low Risk),< 1 Miliar,Persis di VWAP,Distribusi Pro (Guyuran),Gorengan Sepi (< 5M),Sepi (< 50%),Mark-Down (Fase Runtuh),Spesialis Tiang Jemuran (Banting Pucuk),Normal,Turun 2 Hari Beruntun,TP: 1770 | CL: 1652,Normal,Sangat Menarik (> 1:3),Golden Cross (Awal Bullish),Netral / Sepi Berita,Normal / Sedang Transisi,Mendekati Fibo Bottom / 100%,0,WAIT & SEE,TIDAK ADA,2026-10-07 11:00:01,Biasa / Mengikuti Pasar
11:00,MIRA,Transaksi Sepi (Skip Broksum),Small Cap (Lapis 3),Fair Value (Wajar),0.0,0.6981095,25.0,24,21,33,-3.8461538461538463,8701300,Normal,50,Negatif,Uptrend,Bearish,Bearish MACD,Strong Downtrend (5<20<50),Normal,Distribusi (Turun),Normal,Seimbang / Adu Mekanik,Normal,Tinggi,Normal,Rawan Pucuk (High Risk),< 1 Miliar,Di Atas VWAP (Kuat),Distribusi Pro (Guyuran),Gorengan Sepi (< 5M),Sepi (< 50%),Accumulation (Kumpul Barang),Normal,Normal,Turun 1 Hari Beruntun,TP: 29 | CL: 22,Open = High (Tekanan Jual),Ideal (1:2),Golden Cross (Awal Bullish),Netral / Sepi Berita,Normal / Sedang Transisi,Dekat Support Fibo 50.0%,1,WAIT & SEE,TIDAK ADA,2026-10-07 11:00:01,Biasa / Mengikuti Pasar
11:00,MITI,Token Mati (Perlu Update),Mid Cap (Lapis 2),Overvalued (Mahal),107.92683,2.831026,354.0,287,218,404,-4.324324324324325,14383400,Normal,69,Negatif,Uptrend,Bullish,Strong Bullish,Perfect Uptrend (5>20>50),Normal,Akumulasi (Naik),Normal,Seimbang / Adu Mekanik,Normal,Tinggi,Normal,Rawan Pucuk (High Risk),> 1 Miliar,Di Atas VWAP (Kuat),Akumulasi Pro (Smart Money),Ritel Aktif (5M - 50M),Sepi (< 50%),Mark-Up (Fase Pesta),Spesialis Tiang Jemuran (Banting Pucuk),Normal,Turun 1 Hari Beruntun,TP: 404 | CL: 320,Normal,Tidak Ideal (< 1:1),Death Cross (Awal Bearish),Netral / Sepi Berita,Supply Banjir (Distribusi) 🌊,Mendekati Fibo 23.6%,5,WAIT & SEE,TIDAK ADA,2026-10-07 11:00:01,Biasa / Mengikuti Pasar
11:00,MKPI,Transaksi Sepi (Skip Broksum),Big Cap (Lapis 1),Fair Value (Wajar),16.066246,2.6610289,20925.0,21521,20800,21900,-0.23837902264600713,40300,Normal,22,Negatif,Downtrend,Bearish,Strong Bearish,Strong Downtrend (5<20<50),Normal,Distribusi (Turun),Normal,Dominan Beli (Hajar Kanan),Squeeze,Rendah,Marubozu (Strong Bullish),Dekat Support (Low Risk),< 1 Miliar,Di Bawah VWAP (Lemah),Akumulasi Pro (Smart Money),Gorengan Sepi (< 5M),Normal (50-150%),Mark-Down (Fase Runtuh),Normal,Normal,Turun 4 Hari Beruntun,TP: 21337 | CL: 20650,Open = Low (Bullish Kuat),Sangat Menarik (> 1:3),Oversold (Jenuh Jual - Peluang),Netral / Sepi Berita,Normal / Sedang Transisi,Golden Rebound Fibo Bottom / 100% 🎯,1,WAIT & SEE,TIDAK ADA,2026-10-07 11:00:01,Biasa / Mengikuti Pasar
11:00,MLBI,Transaksi Sepi (Skip Broksum),Big Cap (Lapis 1),Overvalued (Mahal),11.177104,13.064416,6850.0,6831,6700,6950,0.0,300,Normal,52,Negatif,Uptrend,Golden Cross,Bearish MACD,Awal Reversal (5>20),Normal,Akumulasi (Naik),Normal,Tidak Ada Transaksi,Squeeze,Rendah,Doji (Ragu-ragu),Dekat Support (Low Risk),< 1 Miliar,Persis di VWAP,Akumulasi Pro (Smart Money),Gorengan Sepi (< 5M),Sepi (< 50%),Accumulation (Kumpul Barang),Spesialis Tiang Jemuran (Banting Pucuk),Normal,Sideways / Stagnan,TP: 6946 | CL: 6785,Normal,Tidak Ideal (< 1:1),Netral / Sideways,Netral / Sepi Berita,Supply Kering (Siap Pump) 🏜️,Golden Rebound Fibo 38.2% 🎯,4,WAIT & SEE,TIDAK ADA,2026-10-07 11:00:01,Biasa / Mengikuti Pasar
11:00,MLIA,Transaksi Sepi (Skip Broksum),Mid Cap (Lapis 2),Fair Value (Wajar),0.0,0.2676761,212.0,214,199,230,0.9523809523809524,27100,Normal,43,Positif,Downtrend,Bearish,Bullish MACD,Strong Downtrend (5<20<50),Normal,Akumulasi (Naik),Normal,Dominan Jual (Guyur),Squeeze,Rendah,Normal,Area Tengah,< 1 Miliar,Persis di VWAP,Akumulasi Pro (Smart Money),Gorengan Sepi (< 5M),Sepi (< 50%),Mark-Down (Fase Runtuh),Normal,Normal,Naik 1 Hari Beruntun,TP: 224 | CL: 203,Open = High (Tekanan Jual),Menengah (1:1),Netral / Sideways,Netral / Sepi Berita,Normal / Sedang Transisi,Dekat Support Fibo 78.6%,3,WAIT & SEE,TIDAK ADA,2026-10-07 11:00:01,Biasa / Mengikuti Pasar
11:00,MLPL,Transaksi Sepi (Skip Broksum),Mid Cap (Lapis 2),Fair Value (Wajar),0.0,0.25328955,79.0,81,68,92,-1.25,2747100,Normal,42,Negatif,Downtrend,Bearish,Bullish MACD,Strong Downtrend (5<20<50),Normal,Akumulasi (Naik),Normal,Seimbang / Adu Mekanik,Normal,Tinggi,Normal,Rawan Pucuk (High Risk),< 1 Miliar,Di Atas VWAP (Kuat),Akumulasi Pro (Smart Money),Gorengan Sepi (< 5M),Sepi (< 50%),Mark-Down (Fase Runtuh),Spesialis Tiang Jemuran (Banting Pucuk),Normal,Turun 1 Hari Beruntun,TP: 85 | CL: 74,Open = High (Tekanan Jual),Menengah (1:1),Netral / Sideways,Netral / Sepi Berita,Normal / Sedang Transisi,Mendekati Fibo 78.6%,2,WAIT & SEE,TIDAK ADA,2026-10-07 11:00:01,Biasa / Mengikuti Pasar
11:00,MLPT,Transaksi Sepi (Skip Broksum),Big Cap (Lapis 1),Overvalued (Mahal),119.49686,60.04298,950.0,1065,895,1250,0.0,104100,Normal,33,Negatif,Downtrend,Bearish,Strong Bearish,Strong Downtrend (5<20<50),Normal,Distribusi (Turun),Normal,Seimbang / Adu Mekanik,Normal,Tinggi,Doji (Ragu-ragu),Area Tengah,< 1 Miliar,Persis di VWAP,Distribusi Pro (Guyuran),Gorengan Sepi (< 5M),Sepi (< 50%),Mark-Down (Fase Runtuh),Normal,Normal,Sideways / Stagnan,TP: 1048 | CL: 884,Normal,Sangat Menarik (> 1:3),Oversold (Jenuh Jual - Peluang),Netral / Sepi Berita,Normal / Sedang Transisi,Mengambang (Jauh dari Fibo),0,WAIT & SEE,TIDAK ADA,2026-10-07 11:00:01,Biasa / Mengikuti Pasar
11:00,MMLP,Transaksi Sepi (Skip Broksum),Mid Cap (Lapis 2),Fair Value (Wajar),19.464401,0.43386412,298.0,304,288,368,0.0,154200,Normal,47,Negatif,Downtrend,Bearish,Strong Bearish,Konsolidasi / Transisi,Normal,Distribusi (Turun),Normal,Dominan Beli (Hajar Kanan),Normal,Tinggi,Hammer (Potensi Reversal),Area Tengah,< 1 Miliar,Di Atas VWAP (Kuat),Distribusi Pro (Guyuran),Gorengan Sepi (< 5M),Sepi (< 50%),Distribution (Fase Jualan),Spesialis Tiang Jemuran (Banting Pucuk),Jarum Bawah (Sinyal Pantulan Kuat),Sideways / Stagnan,TP: 323 | CL: 281,Open = High (Tekanan Jual),Sangat Menarik (> 1:3),Oversold (Jenuh Jual - Peluang),Netral / Sepi Berita,Normal / Sedang Transisi,Mengambang (Jauh dari Fibo),1,WAIT & SEE,TIDAK ADA,2026-10-07 11:00:01,Biasa / Mengikuti Pasar
11:00,MNCN,Token Mati (Perlu Update),Mid Cap (Lapis 2),Undervalued (Murah),1.4343344,0.076153986,128.0,158,110,214,-0.7751937984496124,15311000,Normal,30,Negatif,Downtrend,Bearish,Strong Bearish,Strong Downtrend (5<20<50),Normal,Akumulasi (Naik),Normal,Seimbang / Adu Mekanik,Normal,Tinggi,Normal,Rawan Pucuk (High Risk),> 1 Miliar,Di Atas VWAP (Kuat),Akumulasi Pro (Smart Money),Ritel Aktif (5M - 50M),Sepi (< 50%),Mark-Down (Fase Runtuh),Normal,Jarum Bawah (Sinyal Pantulan Kuat),Turun 1 Hari Beruntun,TP: 148 | CL: 114,Normal,Sangat Menarik (> 1:3),Golden Cross (Awal Bullish),Netral / Sepi Berita,Normal / Sedang Transisi,Mengambang (Jauh dari Fibo),1,WAIT & SEE,TIDAK ADA,2026-10-07 11:00:01,Biasa / Mengikuti Pasar
11:00,MPMX,Transaksi Sepi (Skip Broksum),Mid Cap (Lapis 2),Undervalued (Murah),8.276534,0.8038218,1020.0,1021,1005,1060,-0.4878048780487805,772900,Normal,50,Negatif,Downtrend,Bearish,Strong Bearish,Konsolidasi / Transisi,Normal,Akumulasi (Naik),Normal,Dominan Jual (Guyur),Squeeze,Rendah,Doji (Ragu-ragu),Dekat Support (Low Risk),< 1 Miliar,Persis di VWAP,Akumulasi Pro (Smart Money),Gorengan Sepi (< 5M),Sepi (< 50%),Distribution (Fase Jualan),Normal,Normal,Turun 1 Hari Beruntun,TP: 1039 | CL: 1007,Normal,Ideal (1:2),Netral / Sideways,Netral / Sepi Berita,Normal / Sedang Transisi,Dekat Support Fibo 50.0%,1,WAIT & SEE,TIDAK ADA,2026-10-07 11:00:01,Biasa / Mengikuti Pasar
11:00,MPPA,Transaksi Sepi (Skip Broksum),Mid Cap (Lapis 2),Fair Value (Wajar),0.0,-13.5275755,39.0,38,33,42,2.631578947368421,991400,Normal,48,Positif,Uptrend,Bearish,Bullish MACD,Strong Downtrend (5<20<50),Normal,Akumulasi (Naik),Gap Up (+2.6%),Tidak Ada Transaksi,Normal,Tinggi,Doji (Ragu-ragu),Rawan Pucuk (High Risk),< 1 Miliar,Di Atas VWAP (Kuat),Akumulasi Pro (Smart Money),Gorengan Sepi (< 5M),Sepi (< 50%),Accumulation (Kumpul Barang),Solid (Jarang Dibanting),Normal,Naik 2 Hari Beruntun,TP: 41 | CL: 37,Normal,Tidak Ideal (< 1:1),Netral / Sideways,Netral / Sepi Berita,Normal / Sedang Transisi,Mendekati Fibo 78.6%,5,WAIT & SEE,TIDAK ADA,2026-10-07 11:00:01,Biasa / Mengikuti Pasar
11:00,MRAT,Transaksi Sepi (Skip Broksum),Small Cap (Lapis 3),Overvalued (Mahal),54.88621,0.3035897,410.0,377,346,416,2.5,312800,Tembus MA20,62,Positif,Uptrend,Bullish,Bullish MACD,Awal Reversal (5>20),Normal,Akumulasi (Naik),Gap Up (+3.0%),Seimbang / Adu Mekanik,Normal,Tinggi,Normal,Rawan Pucuk (High Risk),< 1 Miliar,Di Atas VWAP (Kuat),Akumulasi Pro (Smart Money),Gorengan Sepi (< 5M),Normal (50-150%),Accumulation (Kumpul Barang),Normal,Jarum Bawah (Sinyal Pantulan Kuat),Naik 1 Hari Beruntun,TP: 440 | CL: 389,Normal,Tidak Ideal (< 1:1),Overbought (Jenuh Beli - Rawan),Netral / Sepi Berita,Normal / Sedang Transisi,Mendekati Fibo 78.6%,8,BELI,TIDAK ADA,2026-10-07 11:00:01,Biasa / Mengikuti Pasar
11:00,MSKY,Transaksi Sepi (Skip Broksum),Small Cap (Lapis 3),Fair Value (Wajar),0.0,0.647714,47.0,59,40,89,0.0,909900,Normal,34,Negatif,Downtrend,Bearish,Strong Bearish,Strong Downtrend (5<20<50),Normal,Akumulasi (Naik),Gap Down (-2.1%),Dominan Beli (Hajar Kanan),Normal,Tinggi,Marubozu (Strong Bullish),Rawan Pucuk (High Risk),< 1 Miliar,Persis di VWAP,Distribusi Pro (Guyuran),Gorengan Sepi (< 5M),Sepi (< 50%),Mark-Down (Fase Runtuh),Spesialis Tiang Jemuran (Banting Pucuk),Normal,Sideways / Stagnan,TP: 54 | CL: 41,Open = Low (Bullish Kuat),Sangat Menarik (> 1:3),Golden Cross (Awal Bullish),Netral / Sepi Berita,Normal / Sedang Transisi,Mengambang (Jauh dari Fibo),2,WAIT & SEE,TIDAK ADA,2026-10-07 11:00:01,Biasa / Mengikuti Pasar
11:00,MTDL,Transaksi Sepi (Skip Broksum),Mid Cap (Lapis 2),Undervalued (Murah),7.352941,1.3206482,505.0,502,492,525,0.0,213200,Normal,52,Negatif,Uptrend,Bearish,Bullish MACD,Strong Downtrend (5<20<50),Normal,Akumulasi (Naik),Normal,Dominan Jual (Guyur),Squeeze,Rendah,Normal,Dekat Support (Low Risk),< 1 Miliar,Persis di VWAP,Distribusi Pro (Guyuran),Gorengan Sepi (< 5M),Sepi (< 50%),Accumulation (Kumpul Barang),Spesialis Tiang Jemuran (Banting Pucuk),Normal,Sideways / Stagnan,TP: 518 | CL: 496,Open = High (Tekanan Jual),Ideal (1:2),Netral / Sideways,Netral / Sepi Berita,Normal / Sedang Transisi,Dekat Support Fibo 61.8% (Golden Ratio),4,WAIT & SEE,TIDAK ADA,2026-10-07 11:00:01,Biasa / Mengikuti Pasar
11:00,MTLA,Transaksi Sepi (Skip Broksum),Mid Cap (Lapis 2),Undervalued (Murah),14.048401,0.9397903,685.0,591,510,745,-1.4388489208633095,51800,Normal,70,Negatif,Uptrend,Bullish,Strong Bullish,Perfect Uptrend (5>20>50),Normal,Distribusi (Turun),Normal,Dominan Jual (Guyur),Normal,Tinggi,Normal,Rawan Pucuk (High Risk),< 1 Miliar,Di Bawah VWAP (Lemah),Distribusi Pro (Guyuran),Gorengan Sepi (< 5M),Sepi (< 50%),Mark-Up (Fase Pesta),Normal,Normal,Turun 2 Hari Beruntun,TP: 776 | CL: 624,Normal,Tidak Ideal (< 1:1),Death Cross (Awal Bearish),Netral / Sepi Berita,Normal / Sedang Transisi,Dekat Support Fibo 23.6%,4,WAIT & SEE,TIDAK ADA,2026-10-07 11:00:01,Biasa / Mengikuti Pasar
11:00,MYOH,Transaksi Sepi (Skip Broksum),Mid Cap (Lapis 2),Overvalued (Mahal),9.165526,12721.519,1005.0,1036,980,1235,0.5,23100,Normal,37,Positif,Downtrend,Bearish,Strong Bearish,Strong Downtrend (5<20<50),Normal,Akumulasi (Naik),Normal,Dominan Jual (Guyur),Normal,Tinggi,Normal,Dekat Support (Low Risk),< 1 Miliar,Persis di VWAP,Distribusi Pro (Guyuran),Gorengan Sepi (< 5M),Sepi (< 50%),Mark-Down (Fase Runtuh),Spesialis Tiang Jemuran (Banting Pucuk),Normal,Naik 1 Hari Beruntun,TP: 1083 | CL: 952,Normal,Sangat Menarik (> 1:3),Oversold (Jenuh Jual - Peluang),Netral / Sepi Berita,Normal / Sedang Transisi,Mendekati Fibo Bottom / 100%,2,WAIT & SEE,TIDAK ADA,2026-10-07 11:00:01,Biasa / Mengikuti Pasar
11:00,MYOR,Token Mati (Perlu Update),Big Cap (Lapis 1),Fair Value (Wajar),8.969626,1.6793497,1380.0,1451,1355,1540,-1.7793594306049825,3888100,Normal,29,Negatif,Downtrend,Bearish,Strong Bearish,Strong Downtrend (5<20<50),Normal,Akumulasi (Naik),Normal,Dominan Jual (Guyur),Normal,Tinggi,Normal,Dekat Support (Low Risk),> 1 Miliar,Persis di VWAP,Distribusi Pro (Guyuran),Ritel Aktif (5M - 50M),Sepi (< 50%),Mark-Down (Fase Runtuh),Normal,Normal,Turun 1 Hari Beruntun,TP: 1432 | CL: 1345,Normal,Sangat Menarik (> 1:3),Oversold (Jenuh Jual - Peluang),Netral / Sepi Berita,Normal / Sedang Transisi,Golden Rebound Fibo Bottom / 100% 🎯,1,WAIT & SEE,TIDAK ADA,2026-10-07 11:00:01,Biasa / Mengikuti Pasar
11:00,NELY,Transaksi Sepi (Skip Broksum),Small Cap (Lapis 3),Undervalued (Murah),6.853247,0.51269525,191.0,199,189,220,-1.0362694300518136,26000,Normal,35,Negatif,Downtrend,Bearish,Strong Bearish,Strong Downtrend (5<20<50),Normal,Distribusi (Turun),Normal,Dominan Jual (Guyur),Normal,Tinggi,Normal,Dekat Support (Low Risk),< 1 Miliar,Persis di VWAP,Akumulasi Pro (Smart Money),Gorengan Sepi (< 5M),Sepi (< 50%),Mark-Down (Fase Runtuh),Spesialis Tiang Jemuran (Banting Pucuk),Normal,Turun 1 Hari Beruntun,TP: 199 | CL: 185,Open = High (Tekanan Jual),Sangat Menarik (> 1:3),Oversold (Jenuh Jual - Peluang),Netral / Sepi Berita,Normal / Sedang Transisi,Golden Rebound Fibo Bottom / 100% 🎯,0,WAIT & SEE,TIDAK ADA,2026-10-07 11:00:01,Biasa / Mengikuti Pasar
11:00,NIKL,Transaksi Sepi (Skip Broksum),Small Cap (Lapis 3),Overvalued (Mahal),15.535569,8636.363,191.0,205,179,254,-1.0362694300518136,508400,Normal,41,Negatif,Downtrend,Bearish,Strong Bearish,Konsolidasi / Transisi,Normal,Akumulasi (Naik),Normal,Dominan Jual (Guyur),Normal,Tinggi,Normal,Area Tengah,< 1 Miliar,Persis di VWAP,Akumulasi Pro (Smart Money),Gorengan Sepi (< 5M),Sepi (< 50%),Distribution (Fase Jualan),Normal,Normal,Turun 1 Hari Beruntun,TP: 205 | CL: 181,Open = High (Tekanan Jual),Sangat Menarik (> 1:3),Golden Cross (Awal Bullish),Netral / Sepi Berita,Normal / Sedang Transisi,Mengambang (Jauh dari Fibo),1,WAIT & SEE,TIDAK ADA,2026-10-07 11:00:01,Biasa / Mengikuti Pasar
11:00,NIRO,Transaksi Sepi (Skip Broksum),Mid Cap (Lapis 2),Fair Value (Wajar),0.0,2.1768274,164.0,170,152,236,0.0,136500,Normal,47,Negatif,Downtrend,Bearish,Strong Bearish,Konsolidasi / Transisi,Normal,Distribusi (Turun),Normal,Dominan Beli (Hajar Kanan),Normal,Tinggi,Doji (Ragu-ragu),Area Tengah,< 1 Miliar,Persis di VWAP,Distribusi Pro (Guyuran),Gorengan Sepi (< 5M),Sepi (< 50%),Distribution (Fase Jualan),Spesialis Tiang Jemuran (Banting Pucuk),Jarum Bawah (Sinyal Pantulan Kuat),Sideways / Stagnan,TP: 186 | CL: 149,Normal,Sangat Menarik (> 1:3),Golden Cross (Awal Bullish),Netral / Sepi Berita,Normal / Sedang Transisi,Mengambang (Jauh dari Fibo),1,WAIT & SEE,TIDAK ADA,2026-10-07 11:00:01,Biasa / Mengikuti Pasar
11:00,NISP,Transaksi Sepi (Skip Broksum),Big Cap (Lapis 1),Undervalued (Murah),5.449293,0.6437905,1245.0,1257,1225,1295,0.4032258064516129,330800,Normal,46,Positif,Downtrend,Bearish,Strong Bearish,Strong Downtrend (5<20<50),Normal,Distribusi (Turun),Normal,Seimbang / Adu Mekanik,Squeeze,Rendah,Normal,Dekat Support (Low Risk),< 1 Miliar,Persis di VWAP,Distribusi Pro (Guyuran),Gorengan Sepi (< 5M),Sepi (< 50%),Mark-Down (Fase Runtuh),Normal,Normal,Naik 3 Hari Beruntun,TP: 1271 | CL: 1227,Open = High (Tekanan Jual),Ideal (1:2),Golden Cross (Awal Bullish),Netral / Sepi Berita,Supply Kering (Siap Pump) 🏜️,Golden Rebound Fibo 50.0% 🎯,1,WAIT & SEE,TIDAK ADA,2026-10-07 11:00:01,Biasa / Mengikuti Pasar
11:00,NOBU,Transaksi Sepi (Skip Broksum),Mid Cap (Lapis 2),Undervalued (Murah),6.495177,0.84832174,500.0,521,474,570,-0.9900990099009901,140800,Normal,43,Negatif,Downtrend,Bearish,Strong Bearish,Konsolidasi / Transisi,Normal,Akumulasi (Naik),Normal,Dominan Jual (Guyur),Normal,Sedang,Normal,Area Tengah,< 1 Miliar,Persis di VWAP,Akumulasi Pro (Smart Money),Gorengan Sepi (< 5M),Sepi (< 50%),Distribution (Fase Jualan),Spesialis Tiang Jemuran (Banting Pucuk),Normal,Turun 2 Hari Beruntun,TP: 537 | CL: 474,Open = High (Tekanan Jual),Ideal (1:2),Netral / Sideways,Netral / Sepi Berita,Normal / Sedang Transisi,Dekat Support Fibo 50.0%,1,WAIT & SEE,TIDAK ADA,2026-10-07 11:00:01,Biasa / Mengikuti Pasar
11:00,NRCA,Transaksi Sepi (Skip Broksum),Mid Cap (Lapis 2),Undervalued (Murah),6.9539304,1.0280757,560.0,550,500,630,-1.7543859649122806,1319500,Normal,53,Negatif,Uptrend,Bearish,Bullish MACD,Konsolidasi / Transisi,Normal,Akumulasi (Naik),Normal,Dominan Jual (Guyur),Normal,Tinggi,Normal,Rawan Pucuk (High Risk),< 1 Miliar,Di Atas VWAP (Kuat),Akumulasi Pro (Smart Money),Gorengan Sepi (< 5M),Sepi (< 50%),Mark-Up (Fase Pesta),Normal,Normal,Turun 1 Hari Beruntun,TP: 606 | CL: 528,Normal,Menengah (1:1),Netral / Sideways,Netral / Sepi Berita,Normal / Sedang Transisi,Dekat Support Fibo 38.2%,4,WAIT & SEE,TIDAK ADA,2026-10-07 11:00:01,Biasa / Mengikuti Pasar
11:00,OKAS,Transaksi Sepi (Skip Broksum),Small Cap (Lapis 3),Overvalued (Mahal),0.0,15000.0,105.0,109,96,122,-0.9433962264150944,1567200,Normal,42,Negatif,Downtrend,Bearish,Strong Bearish,Strong Downtrend (5<20<50),Normal,Distribusi (Turun),Normal,Seimbang / Adu Mekanik,Normal,Tinggi,Normal,Area Tengah,< 1 Miliar,Di Atas VWAP (Kuat),Distribusi Pro (Guyuran),Gorengan Sepi (< 5M),Normal (50-150%),Mark-Down (Fase Runtuh),Normal,Normal,Turun 1 Hari Beruntun,TP: 111 | CL: 100,Open = High (Tekanan Jual),Ideal (1:2),Golden Cross (Awal Bullish),Netral / Sepi Berita,Normal / Sedang Transisi,Mengambang (Jauh dari Fibo),0,WAIT & SEE,TIDAK ADA,2026-10-07 11:00:01,Biasa / Mengikuti Pasar
11:00,OMRE,Transaksi Sepi (Skip Broksum),Mid Cap (Lapis 2),Fair Value (Wajar),0.0,0.87258995,950.0,947,810,1170,-2.564102564102564,500,Normal,48,Negatif,Uptrend,Golden Cross,Bullish MACD,Awal Reversal (5>20),Normal,Akumulasi (Naik),Gap Up (+5.1%),Dominan Jual (Guyur),Normal,Sedang,Normal,Rawan Pucuk (High Risk),< 1 Miliar,Di Bawah VWAP (Lemah),Distribusi Pro (Guyuran),Gorengan Sepi (< 5M),Sepi (< 50%),Accumulation (Kumpul Barang),Spesialis Tiang Jemuran (Banting Pucuk),Normal,Turun 1 Hari Beruntun,TP: 1135 | CL: 826,Open = High (Tekanan Jual),Ideal (1:2),Netral / Sideways,Netral / Sepi Berita,Supply Kering (Siap Pump) 🏜️,Mendekati Fibo 78.6%,5,WAIT & SEE,TIDAK ADA,2026-10-07 11:00:01,Biasa / Mengikuti Pasar
11:00,PADI,Token Mati (Perlu Update),Small Cap (Lapis 3),Overvalued (Mahal),0.0,3.449659,42.0,55,37,74,-4.545454545454546,101837000,Normal,25,Negatif,Downtrend,Bearish,Strong Bearish,Strong Downtrend (5<20<50),Normal,Akumulasi (Naik),Gap Up (+2.3%),Dominan Jual (Guyur),Normal,Tinggi,Normal,Rawan Pucuk (High Risk),> 1 Miliar,Persis di VWAP,Akumulasi Pro (Smart Money),Ritel Aktif (5M - 50M),Sepi (< 50%),Mark-Down (Fase Runtuh),Normal,Normal,Turun 1 Hari Beruntun,TP: 49 | CL: 36,Open = High (Tekanan Jual),Sangat Menarik (> 1:3),Oversold (Jenuh Jual - Peluang),Netral / Sepi Berita,Normal / Sedang Transisi,Mengambang (Jauh dari Fibo),2,WAIT & SEE,TIDAK ADA,2026-10-07 11:00:01,🔥 ANOMALI BANDAR (Siap Ledakan)
11:00,PALM,Transaksi Sepi (Skip Broksum),Mid Cap (Lapis 2),Undervalued (Murah),7.9519453,0.8733954,278.0,284,268,298,1.4598540145985401,1700,Normal,42,Positif,Downtrend,Bearish,Strong Bearish,Strong Downtrend (5<20<50),Normal,Distribusi (Turun),Normal,Tidak Ada Transaksi,Normal,Sedang,Doji (Ragu-ragu),Area Tengah,< 1 Miliar,Di Atas VWAP (Kuat),Akumulasi Pro (Smart Money),Gorengan Sepi (< 5M),Sepi (< 50%),Mark-Down (Fase Runtuh),Solid (Jarang Dibanting),Normal,Naik 1 Hari Beruntun,TP: 289 | CL: 270,Normal,Ideal (1:2),Golden Cross (Awal Bullish),Netral / Sepi Berita,Supply Kering (Siap Pump) 🏜️,Mendekati Fibo Bottom / 100%,1,WAIT & SEE,TIDAK ADA,2026-10-07 11:00:01,Biasa / Mengikuti Pasar
11:00,PANR,Transaksi Sepi (Skip Broksum),Small Cap (Lapis 3),Fair Value (Wajar),0.0,0.6039636,402.0,408,392,434,0.5,700,Normal,39,Positif,Downtrend,Bearish,Strong Bearish,Strong Downtrend (5<20<50),Normal,Akumulasi (Naik),Normal,Tidak Ada Transaksi,Normal,Sedang,Doji (Ragu-ragu),Dekat Support (Low Risk),< 1 Miliar,Persis di VWAP,Distribusi Pro (Guyuran),Gorengan Sepi (< 5M),Sepi (< 50%),Mark-Down (Fase Runtuh),Normal,Normal,Naik 2 Hari Beruntun,TP: 412 | CL: 394,Normal,Sangat Menarik (> 1:3),Golden Cross (Awal Bullish),Netral / Sepi Berita,Supply Kering (Siap Pump) 🏜️,Mendekati Fibo Bottom / 100%,2,WAIT & SEE,TIDAK ADA,2026-10-07 11:00:01,Biasa / Mengikuti Pasar
11:00,PANS,Transaksi Sepi (Skip Broksum),Mid Cap (Lapis 2),Undervalued (Murah),6.7656493,0.8273042,1645.0,1648,1605,1680,-0.30303030303030304,33500,Normal,56,Negatif,Downtrend,Bearish,Bearish MACD,Konsolidasi / Transisi,Normal,Akumulasi (Naik),Normal,Seimbang / Adu Mekanik,Squeeze,Rendah,Normal,Dekat Support (Low Risk),< 1 Miliar,Persis di VWAP,Akumulasi Pro (Smart Money),Gorengan Sepi (< 5M),Sepi (< 50%),Distribution (Fase Jualan),Spesialis Tiang Jemuran (Banting Pucuk),Normal,Turun 1 Hari Beruntun,TP: 1688 | CL: 1616,Normal,Tidak Ideal (< 1:1),Netral / Sideways,Netral / Sepi Berita,Normal / Sedang Transisi,Dekat Support Fibo 23.6%,2,WAIT & SEE,TIDAK ADA,2026-10-07 11:00:01,Biasa / Mengikuti Pasar
11:00,PBRX,Transaksi Sepi (Skip Broksum),Small Cap (Lapis 3),Overvalued (Mahal),0.0,9000.0,27.0,26,23,32,-3.571428571428571,8114100,Normal,51,Negatif,Uptrend,Bearish,Strong Bullish,Strong Downtrend (5<20<50),Normal,Akumulasi (Naik),Normal,Seimbang / Adu Mekanik,Normal,Tinggi,Normal,Rawan Pucuk (High Risk),< 1 Miliar,Di Atas VWAP (Kuat),Akumulasi Pro (Smart Money),Gorengan Sepi (< 5M),Sepi (< 50%),Accumulation (Kumpul Barang),Normal,Normal,Turun 1 Hari Beruntun,TP: 30 | CL: 24,Open = High (Tekanan Jual),Menengah (1:1),Golden Cross (Awal Bullish),Netral / Sepi Berita,Normal / Sedang Transisi,Dekat Support Fibo 61.8% (Golden Ratio),4,WAIT & SEE,TIDAK ADA,2026-10-07 11:00:01,Biasa / Mengikuti Pasar
11:00,PDES,Transaksi Sepi (Skip Broksum),Small Cap (Lapis 3),Fair Value (Wajar),0.0,2.5081515,380.0,380,366,390,-0.5235602094240838,1400,Normal,49,Negatif,Downtrend,Bearish,Bullish MACD,Strong Downtrend (5<20<50),Normal,Akumulasi (Naik),Normal,Dominan Jual (Guyur),Squeeze,Rendah,Normal,Area Tengah,< 1 Miliar,Persis di VWAP,Akumulasi Pro (Smart Money),Gorengan Sepi (< 5M),Sepi (< 50%),Sideways,Normal,Normal,Turun 1 Hari Beruntun,TP: 398 | CL: 367,Open = High (Tekanan Jual),Tidak Ideal (< 1:1),Death Cross (Awal Bearish),Netral / Sepi Berita,Supply Kering (Siap Pump) 🏜️,Mengambang (Jauh dari Fibo),2,WAIT & SEE,TIDAK ADA,2026-10-07 11:00:01,Biasa / Mengikuti Pasar
11:00,PEGE,Token Mati (Perlu Update),Small Cap (Lapis 3),Fair Value (Wajar),0.0,2.6548855,128.0,134,123,149,-3.7593984962406015,15024400,Tembus MA20,46,Negatif,Downtrend,Bullish,Bearish MACD,Perfect Uptrend (5>20>50),Normal,Distribusi (Turun),Normal,Seimbang / Adu Mekanik,Bottom Rebound,Sedang,Normal,Area Tengah,> 1 Miliar,Di Bawah VWAP (Lemah),Distribusi Pro (Guyuran),Gorengan Sepi (< 5M),Normal (50-150%),Distribution (Fase Jualan),Normal,Normal,Turun 2 Hari Beruntun,TP: 139 | CL: 120,Open = High (Tekanan Jual),Sangat Menarik (> 1:3),Netral / Sideways,Netral / Sepi Berita,Normal / Sedang Transisi,Dekat Support Fibo 38.2%,2,WAIT & SEE,TIDAK ADA,2026-10-07 11:00:01,Biasa / Mengikuti Pasar
11:00,PGAS,Token Mati (Perlu Update),Big Cap (Lapis 1),Overvalued (Mahal),8.869111,12179.487,1425.0,1457,1365,1555,0.35211267605633806,5141700,Normal,42,Positif,Downtrend,Bearish,Strong Bearish,Strong Downtrend (5<20<50),Normal,Distribusi (Turun),Normal,Seimbang / Adu Mekanik,Normal,Sedang,Normal,Area Tengah,> 1 Miliar,Di Atas VWAP (Kuat),Akumulasi Pro (Smart Money),Ritel Aktif (5M - 50M),Sepi (< 50%),Mark-Down (Fase Runtuh),Normal,Normal,Naik 3 Hari Beruntun,TP: 1473 | CL: 1392,Normal,Ideal (1:2),Golden Cross (Awal Bullish),Netral / Sepi Berita,Normal / Sedang Transisi,Dekat Support Fibo 78.6%,1,WAIT & SEE,TIDAK ADA,2026-10-07 11:00:01,Biasa / Mengikuti Pasar
11:00,PGLI,Token Mati (Perlu Update),Small Cap (Lapis 3),Overvalued (Mahal),0.0,14.660465,388.0,233,197,396,22.0125786163522,5703900,Tembus MA20,85,Positif,Uptrend,Bullish,Strong Bullish,Perfect Uptrend (5>20>50),Akumulasi Kuat,Akumulasi (Naik),Gap Up (+13.2%),Dominan Beli (Hajar Kanan),Breakout Upper,Tinggi,Normal,Rawan Pucuk (High Risk),> 1 Miliar,Di Atas VWAP (Kuat),Akumulasi Pro (Smart Money),Gorengan Sepi (< 5M),Anomali Tinggi (150-300%),Mark-Up (Fase Pesta),Spesialis Tiang Jemuran (Banting Pucuk),Normal,Naik 1 Hari Beruntun,TP: 436 | CL: 355,Open = Low (Bullish Kuat),Tidak Ideal (< 1:1),Overbought (Jenuh Beli - Rawan),Netral / Sepi Berita,Normal / Sedang Transisi,Mengambang (Jauh dari Fibo),10,BELI,TIDAK ADA,2026-10-07 11:00:01,⚠️ Anomali (Sudah Terbang)
11:00,PICO,Token Mati (Perlu Update),Small Cap (Lapis 3),Fair Value (Wajar),0.0,0.4383679,164.0,167,145,191,2.5,6677100,Tembus MA20,49,Positif,Downtrend,Bearish,Strong Bearish,Konsolidasi / Transisi,Akumulasi Kuat,Akumulasi (Naik),Normal,Dominan Jual (Guyur),Normal,Tinggi,Normal,Rawan Pucuk (High Risk),> 1 Miliar,Persis di VWAP,Distribusi Pro (Guyuran),Gorengan Sepi (< 5M),Ledakan Ekstrem (> 300%),Distribution (Fase Jualan),Spesialis Tiang Jemuran (Banting Pucuk),Normal,Naik 5 Hari Beruntun,TP: 179 | CL: 153,Open = Low (Bullish Kuat),Menengah (1:1),Netral / Sideways,Netral / Sepi Berita,Normal / Sedang Transisi,Dekat Support Fibo 61.8% (Golden Ratio),4,WAIT & SEE,TIDAK ADA,2026-10-07 11:00:01,Biasa / Mengikuti Pasar
11:00,PJAA,Transaksi Sepi (Skip Broksum),Small Cap (Lapis 3),Undervalued (Murah),4.4334974,0.39998788,450.0,459,442,484,-0.881057268722467,2600,Normal,42,Negatif,Downtrend,Bearish,Strong Bearish,Konsolidasi / Transisi,Normal,Distribusi (Turun),Normal,Dominan Jual (Guyur),Normal,Sedang,Normal,Dekat Support (Low Risk),< 1 Miliar,Di Atas VWAP (Kuat),Distribusi Pro (Guyuran),Gorengan Sepi (< 5M),Sepi (< 50%),Distribution (Fase Jualan),Normal,Normal,Turun 1 Hari Beruntun,TP: 466 | CL: 439,Normal,Sangat Menarik (> 1:3),Oversold (Jenuh Jual - Peluang),Netral / Sepi Berita,Supply Kering (Siap Pump) 🏜️,Golden Rebound Fibo Bottom / 100% 🎯,0,WAIT & SEE,TIDAK ADA,2026-10-07 11:00:01,Biasa / Mengikuti Pasar
11:00,PKPK,Token Mati (Perlu Update),Mid Cap (Lapis 2),Overvalued (Mahal),86.28236,25.416893,6950.0,5313,4110,7150,2.2058823529411766,3609700,Tembus MA20,83,Positif,Uptrend,Bullish,Strong Bullish,Perfect Uptrend (5>20>50),Normal,Akumulasi (Naik),Normal,Seimbang / Adu Mekanik,Normal,Tinggi,Normal,Rawan Pucuk (High Risk),> 1 Miliar,Di Atas VWAP (Kuat),Akumulasi Pro (Smart Money),Ritel Aktif (5M - 50M),Normal (50-150%),Mark-Up (Fase Pesta),Normal,Normal,Naik 1 Hari Beruntun,TP: 7728 | CL: 6430,Normal,Tidak Ideal (< 1:1),Overbought (Jenuh Beli - Rawan),Netral / Sepi Berita,Normal / Sedang Transisi,Mengambang (Jauh dari Fibo),7,BELI,TIDAK ADA,2026-10-07 11:00:01,Biasa / Mengikuti Pasar
11:00,PNBN,Transaksi Sepi (Skip Broksum),Big Cap (Lapis 1),Undervalued (Murah),7.2203746,0.372381,825.0,859,820,915,-0.6024096385542169,70700,Normal,29,Negatif,Downtrend,Bearish,Strong Bearish,Strong Downtrend (5<20<50),Normal,Distribusi (Turun),Normal,Dominan Jual (Guyur),Normal,Sedang,Normal,Dekat Support (Low Risk),< 1 Miliar,Persis di VWAP,Akumulasi Pro (Smart Money),Gorengan Sepi (< 5M),Sepi (< 50%),Mark-Down (Fase Runtuh),Normal,Normal,Turun 1 Hari Beruntun,TP: 852 | CL: 806,Normal,Sangat Menarik (> 1:3),Oversold (Jenuh Jual - Peluang),Netral / Sepi Berita,Normal / Sedang Transisi,Golden Rebound Fibo Bottom / 100% 🎯,0,WAIT & SEE,TIDAK ADA,2026-10-07 11:00:01,Biasa / Mengikuti Pasar
11:00,PNBS,Transaksi Sepi (Skip Broksum),Mid Cap (Lapis 2),Fair Value (Wajar),21.182266,0.5546455,43.0,46,38,50,0.0,3866500,Normal,32,Negatif,Downtrend,Bearish,Strong Bearish,Strong Downtrend (5<20<50),Normal,Akumulasi (Naik),Normal,Seimbang / Adu Mekanik,Normal,Tinggi,Doji (Ragu-ragu),Rawan Pucuk (High Risk),< 1 Miliar,Di Atas VWAP (Kuat),Akumulasi Pro (Smart Money),Gorengan Sepi (< 5M),Sepi (< 50%),Mark-Down (Fase Runtuh),Normal,Normal,Sideways / Stagnan,TP: 46 | CL: 40,Normal,Menengah (1:1),Golden Cross (Awal Bullish),Netral / Sepi Berita,Normal / Sedang Transisi,Mendekati Fibo 78.6%,1,WAIT & SEE,TIDAK ADA,2026-10-07 11:00:01,Biasa / Mengikuti Pasar
11:00,PNIN,Transaksi Sepi (Skip Broksum),Mid Cap (Lapis 2),Undervalued (Murah),2.549596,0.12566476,685.0,697,650,730,0.7352941176470588,7100,Normal,43,Positif,Downtrend,Bearish,Strong Bearish,Strong Downtrend (5<20<50),Normal,Distribusi (Turun),Normal,Dominan Beli (Hajar Kanan),Normal,Sedang,Marubozu (Strong Bullish),Area Tengah,< 1 Miliar,Di Atas VWAP (Kuat),Distribusi Pro (Guyuran),Gorengan Sepi (< 5M),Sepi (< 50%),Mark-Down (Fase Runtuh),Normal,Normal,Naik 3 Hari Beruntun,TP: 717 | CL: 663,Open = Low (Bullish Kuat),Menengah (1:1),Golden Cross (Awal Bullish),Netral / Sepi Berita,Supply Kering (Siap Pump) 🏜️,Golden Rebound Fibo 78.6% 🎯,2,WAIT & SEE,TIDAK ADA,2026-10-07 11:00:01,Biasa / Mengikuti Pasar
11:00,PNLF,Transaksi Sepi (Skip Broksum),Mid Cap (Lapis 2),Undervalued (Murah),3.5701275,0.19886667,196.0,206,190,228,-1.0101010101010102,4111900,Normal,32,Negatif,Downtrend,Bearish,Strong Bearish,Strong Downtrend (5<20<50),Normal,Akumulasi (Naik),Normal,Seimbang / Adu Mekanik,Normal,Tinggi,Normal,Area Tengah,< 1 Miliar,Di Atas VWAP (Kuat),Distribusi Pro (Guyuran),Gorengan Sepi (< 5M),Sepi (< 50%),Mark-Down (Fase Runtuh),Spesialis Tiang Jemuran (Banting Pucuk),Normal,Turun 1 Hari Beruntun,TP: 204 | CL: 190,Open = High (Tekanan Jual),Sangat Menarik (> 1:3),Netral / Sideways,Netral / Sepi Berita,Normal / Sedang Transisi,Mendekati Fibo Bottom / 100%,1,WAIT & SEE,TIDAK ADA,2026-10-07 11:00:01,Biasa / Mengikuti Pasar
11:00,PSAB,Token Mati (Perlu Update),Big Cap (Lapis 1),Overvalued (Mahal),4.181409,32499.998,520.0,538,500,575,-0.9523809523809524,29125800,Normal,46,Negatif,Downtrend,Bearish,Strong Bearish,Konsolidasi / Transisi,Normal,Akumulasi (Naik),Normal,Dominan Jual (Guyur),Normal,Sedang,Normal,Area Tengah,> 1 Miliar,Persis di VWAP,Akumulasi Pro (Smart Money),Ritel Aktif (5M - 50M),Sepi (< 50%),Distribution (Fase Jualan),Solid (Jarang Dibanting),Normal,Turun 1 Hari Beruntun,TP: 557 | CL: 495,Normal,Ideal (1:2),Netral / Sideways,Netral / Sepi Berita,Normal / Sedang Transisi,Mendekati Fibo 50.0%,1,WAIT & SEE,TIDAK ADA,2026-10-07 11:00:01,Biasa / Mengikuti Pasar
11:00,PSDN,Transaksi Sepi (Skip Broksum),Small Cap (Lapis 3),Overvalued (Mahal),23.929962,3.7771773,124.0,130,106,157,0.0,710500,Normal,45,Negatif,Downtrend,Bearish,Strong Bearish,Strong Downtrend (5<20<50),Normal,Akumulasi (Naik),Normal,Seimbang / Adu Mekanik,Normal,Tinggi,Doji (Ragu-ragu),Rawan Pucuk (High Risk),< 1 Miliar,Di Atas VWAP (Kuat),Distribusi Pro (Guyuran),Gorengan Sepi (< 5M),Sepi (< 50%),Mark-Down (Fase Runtuh),Spesialis Tiang Jemuran (Banting Pucuk),Jarum Bawah (Sinyal Pantulan Kuat),Sideways / Stagnan,TP: 140 | CL: 113,Normal,Ideal (1:2),Golden Cross (Awal Bullish),Netral / Sepi Berita,Normal / Sedang Transisi,Mengambang (Jauh dari Fibo),1,WAIT & SEE,TIDAK ADA,2026-10-07 11:00:01,Biasa / Mengikuti Pasar
11:00,PSKT,Transaksi Sepi (Skip Broksum),Mid Cap (Lapis 2),Overvalued (Mahal),0.0,7.6281133,234.0,234,214,254,-0.847457627118644,955400,Normal,50,Negatif,Downtrend,Bearish,Bearish MACD,Konsolidasi / Transisi,Normal,Distribusi (Turun),Normal,Dominan Jual (Guyur),Normal,Sedang,Normal,Area Tengah,< 1 Miliar,Persis di VWAP,Distribusi Pro (Guyuran),Gorengan Sepi (< 5M),Sepi (< 50%),Distribution (Fase Jualan),Spesialis Tiang Jemuran (Banting Pucuk),Normal,Turun 1 Hari Beruntun,TP: 256 | CL: 219,Open = High (Tekanan Jual),Menengah (1:1),Netral / Sideways,Netral / Sepi Berita,Normal / Sedang Transisi,Mendekati Fibo 50.0%,0,WAIT & SEE,TIDAK ADA,2026-10-07 11:00:01,Biasa / Mengikuti Pasar
11:00,PTBA,Token Mati (Perlu Update),Big Cap (Lapis 1),Fair Value (Wajar),7.936878,1.5519239,3400.0,3126,2940,3490,0.0,17924200,Normal,75,Negatif,Uptrend,Bullish,Strong Bullish,Perfect Uptrend (5>20>50),Normal,Akumulasi (Naik),Normal,Dominan Jual (Guyur),Breakout Upper,Sedang,Normal,Rawan Pucuk (High Risk),> 1 Miliar,Di Atas VWAP (Kuat),Akumulasi Pro (Smart Money),Sultan (> 50M/hari),Sepi (< 50%),Mark-Up (Fase Pesta),Spesialis Tiang Jemuran (Banting Pucuk),Normal,Sideways / Stagnan,TP: 3570 | CL: 3286,Normal,Tidak Ideal (< 1:1),Overbought (Jenuh Beli - Rawan),Netral / Sepi Berita,Normal / Sedang Transisi,Mendekati Fibo 23.6%,5,WAIT & SEE,TIDAK ADA,2026-10-07 11:00:01,Biasa / Mengikuti Pasar
11:00,PTIS,Transaksi Sepi (Skip Broksum),Small Cap (Lapis 3),Overvalued (Mahal),0.0,5567.5674,206.0,240,184,292,-1.9047619047619049,800000,Normal,33,Negatif,Downtrend,Bearish,Strong Bearish,Strong Downtrend (5<20<50),Normal,Distribusi (Turun),Normal,Seimbang / Adu Mekanik,Normal,Tinggi,Normal,Rawan Pucuk (High Risk),< 1 Miliar,Di Atas VWAP (Kuat),Distribusi Pro (Guyuran),Gorengan Sepi (< 5M),Sepi (< 50%),Mark-Down (Fase Runtuh),Spesialis Tiang Jemuran (Banting Pucuk),Normal,Turun 1 Hari Beruntun,TP: 237 | CL: 184,Normal,Sangat Menarik (> 1:3),Golden Cross (Awal Bullish),Netral / Sepi Berita,Normal / Sedang Transisi,Mengambang (Jauh dari Fibo),0,WAIT & SEE,TIDAK ADA,2026-10-07 11:00:01,Biasa / Mengikuti Pasar
11:00,PTRO,Token Mati (Perlu Update),Big Cap (Lapis 1),Overvalued (Mahal),98.47764,199038.45,5200.0,5271,5025,5850,1.9607843137254901,17628100,Normal,49,Positif,Downtrend,Bearish,Strong Bearish,Konsolidasi / Transisi,Normal,Akumulasi (Naik),Normal,Seimbang / Adu Mekanik,Normal,Sedang,Doji (Ragu-ragu),Area Tengah,> 1 Miliar,Persis di VWAP,Distribusi Pro (Guyuran),Sultan (> 50M/hari),Normal (50-150%),Distribution (Fase Jualan),Spesialis Tiang Jemuran (Banting Pucuk),Normal,Naik 1 Hari Beruntun,TP: 5548 | CL: 4967,Normal,Sangat Menarik (> 1:3),Golden Cross (Awal Bullish),Netral / Sepi Berita,Normal / Sedang Transisi,Dekat Support Fibo 38.2%,2,WAIT & SEE,TIDAK ADA,2026-10-07 11:00:01,Biasa / Mengikuti Pasar
11:00,PTSN,Transaksi Sepi (Skip Broksum),Mid Cap (Lapis 2),Overvalued (Mahal),10.161418,16000.0,384.0,397,294,500,0.5235602094240838,343300,Normal,54,Positif,Downtrend,Bearish,Bearish MACD,Konsolidasi / Transisi,Normal,Distribusi (Turun),Normal,Seimbang / Adu Mekanik,Normal,Tinggi,Normal,Rawan Pucuk (High Risk),< 1 Miliar,Persis di VWAP,Distribusi Pro (Guyuran),Gorengan Sepi (< 5M),Sepi (< 50%),Distribution (Fase Jualan),Spesialis Tiang Jemuran (Banting Pucuk),Normal,Naik 1 Hari Beruntun,TP: 441 | CL: 345,Normal,Menengah (1:1),Oversold (Jenuh Jual - Peluang),Netral / Sepi Berita,Normal / Sedang Transisi,Mendekati Fibo 50.0%,2,WAIT & SEE,TIDAK ADA,2026-10-07 11:00:01,Biasa / Mengikuti Pasar
11:00,PTSP,Transaksi Sepi (Skip Broksum),Small Cap (Lapis 3),Undervalued (Murah),8.359134,1.2503806,1080.0,1188,1010,1305,-1.36986301369863,26500,Normal,42,Negatif,Downtrend,Bearish,Strong Bearish,Konsolidasi / Transisi,Normal,Distribusi (Turun),Normal,Seimbang / Adu Mekanik,Normal,Tinggi,Normal,Area Tengah,< 1 Miliar,Di Bawah VWAP (Lemah),Akumulasi Pro (Smart Money),Gorengan Sepi (< 5M),Normal (50-150%),Distribution (Fase Jualan),Normal,Normal,Turun 2 Hari Beruntun,TP: 1227 | CL: 981,Normal,Sangat Menarik (> 1:3),Netral / Sideways,Netral / Sepi Berita,Normal / Sedang Transisi,Mendekati Fibo 78.6%,0,WAIT & SEE,TIDAK ADA,2026-10-07 11:00:01,Biasa / Mengikuti Pasar
11:00,PUDP,Transaksi Sepi (Skip Broksum),Small Cap (Lapis 3),Fair Value (Wajar),0.0,0.3491721,266.0,268,250,286,2.307692307692308,700,Normal,46,Positif,Downtrend,Bearish,Bullish MACD,Strong Downtrend (5<20<50),Normal,Distribusi (Turun),Gap Up (+2.3%),Tidak Ada Transaksi,Squeeze,Rendah,Doji (Ragu-ragu),Area Tengah,< 1 Miliar,Di Atas VWAP (Kuat),Akumulasi Pro (Smart Money),Gorengan Sepi (< 5M),Sepi (< 50%),Mark-Down (Fase Runtuh),Normal,Normal,Naik 1 Hari Beruntun,TP: 282 | CL: 255,Normal,Menengah (1:1),Netral / Sideways,Netral / Sepi Berita,Supply Kering (Siap Pump) 🏜️,Mengambang (Jauh dari Fibo),3,WAIT & SEE,TIDAK ADA,2026-10-07 11:00:01,Biasa / Mengikuti Pasar
11:00,PWON,Transaksi Sepi (Skip Broksum),Big Cap (Lapis 1),Undervalued (Murah),5.563689,0.56078273,266.0,265,250,278,0.0,2379500,Normal,51,Negatif,Uptrend,Bearish,Strong Bearish,Strong Downtrend (5<20<50),Normal,Akumulasi (Naik),Normal,Seimbang / Adu Mekanik,Normal,Sedang,Doji (Ragu-ragu),Area Tengah,< 1 Miliar,Di Atas VWAP (Kuat),Akumulasi Pro (Smart Money),Ritel Aktif (5M - 50M),Sepi (< 50%),Accumulation (Kumpul Barang),Normal,Jarum Bawah (Sinyal Pantulan Kuat),Sideways / Stagnan,TP: 277 | CL: 258,Normal,Tidak Ideal (< 1:1),Netral / Sideways,Netral / Sepi Berita,Normal / Sedang Transisi,Golden Rebound Fibo 50.0% 🎯,3,WAIT & SEE,TIDAK ADA,2026-10-07 11:00:01,Biasa / Mengikuti Pasar
11:00,PYFA,Token Mati (Perlu Update),Mid Cap (Lapis 2),Overvalued (Mahal),0.0,3.711733,226.0,228,197,280,-3.418803418803419,7288500,Normal,50,Negatif,Downtrend,Bearish,Strong Bearish,Strong Downtrend (5<20<50),Normal,Akumulasi (Naik),Normal,Dominan Jual (Guyur),Normal,Tinggi,Normal,Rawan Pucuk (High Risk),> 1 Miliar,Di Atas VWAP (Kuat),Akumulasi Pro (Smart Money),Gorengan Sepi (< 5M),Sepi (< 50%),Mark-Down (Fase Runtuh),Spesialis Tiang Jemuran (Banting Pucuk),Normal,Turun 1 Hari Beruntun,TP: 250 | CL: 209,Normal,Ideal (1:2),Golden Cross (Awal Bullish),Netral / Sepi Berita,Normal / Sedang Transisi,Dekat Support Fibo 78.6%,1,WAIT & SEE,TIDAK ADA,2026-10-07 11:00:01,Biasa / Mengikuti Pasar
11:00,RAJA,Token Mati (Perlu Update),Big Cap (Lapis 1),Overvalued (Mahal),21.865889,67500.0,675.0,713,605,850,-1.4598540145985401,16508900,Normal,37,Negatif,Downtrend,Bearish,Bullish MACD,Strong Downtrend (5<20<50),Normal,Akumulasi (Naik),Normal,Dominan Jual (Guyur),Normal,Tinggi,Normal,Rawan Pucuk (High Risk),> 1 Miliar,Persis di VWAP,Distribusi Pro (Guyuran),Ritel Aktif (5M - 50M),Sepi (< 50%),Mark-Down (Fase Runtuh),Spesialis Tiang Jemuran (Banting Pucuk),Normal,Turun 1 Hari Beruntun,TP: 734 | CL: 635,Normal,Ideal (1:2),Golden Cross (Awal Bullish),Netral / Sepi Berita,Normal / Sedang Transisi,Mengambang (Jauh dari Fibo),2,WAIT & SEE,TIDAK ADA,2026-10-07 11:00:01,Biasa / Mengikuti Pasar
11:00,RALS,Transaksi Sepi (Skip Broksum),Mid Cap (Lapis 2),Undervalued (Murah),9.543044,0.6687697,378.0,383,372,398,0.0,343800,Normal,42,Negatif,Downtrend,Bearish,Strong Bearish,Konsolidasi / Transisi,Normal,Akumulasi (Naik),Normal,Dominan Beli (Hajar Kanan),Squeeze,Rendah,Doji (Ragu-ragu),Dekat Support (Low Risk),< 1 Miliar,Persis di VWAP,Akumulasi Pro (Smart Money),Gorengan Sepi (< 5M),Sepi (< 50%),Distribution (Fase Jualan),Normal,Jarum Bawah (Sinyal Pantulan Kuat),Sideways / Stagnan,TP: 386 | CL: 372,Normal,Sangat Menarik (> 1:3),Netral / Sideways,Netral / Sepi Berita,Supply Kering (Siap Pump) 🏜️,Golden Rebound Fibo 78.6% 🎯,2,WAIT & SEE,TIDAK ADA,2026-10-07 11:00:01,Biasa / Mengikuti Pasar
11:00,RANC,Transaksi Sepi (Skip Broksum),Small Cap (Lapis 3),Overvalued (Mahal),0.0,3.1807718,550.0,548,515,585,0.9174311926605505,400,Normal,54,Positif,Uptrend,Bearish,Bearish MACD,Konsolidasi / Transisi,Normal,Akumulasi (Naik),Normal,Dominan Beli (Hajar Kanan),Squeeze,Rendah,Doji (Ragu-ragu),Area Tengah,< 1 Miliar,Di Atas VWAP (Kuat),Akumulasi Pro (Smart Money),Gorengan Sepi (< 5M),Sepi (< 50%),Mark-Up (Fase Pesta),Spesialis Tiang Jemuran (Banting Pucuk),Jarum Bawah (Sinyal Pantulan Kuat),Naik 1 Hari Beruntun,TP: 585 | CL: 526,Normal,Menengah (1:1),Golden Cross (Awal Bullish),Netral / Sepi Berita,Supply Kering (Siap Pump) 🏜️,Golden Rebound Fibo 38.2% 🎯,5,WAIT & SEE,TIDAK ADA,2026-10-07 11:00:01,Biasa / Mengikuti Pasar
11:00,RBMS,Transaksi Sepi (Skip Broksum),Small Cap (Lapis 3),Fair Value (Wajar),0.0,0.2560915,48.0,53,41,65,6.666666666666667,4584500,Normal,39,Positif,Downtrend,Bearish,Strong Bearish,Strong Downtrend (5<20<50),Normal,Akumulasi (Naik),Gap Up (+2.2%),Dominan Beli (Hajar Kanan),Normal,Tinggi,Normal,Rawan Pucuk (High Risk),< 1 Miliar,Di Atas VWAP (Kuat),Akumulasi Pro (Smart Money),Gorengan Sepi (< 5M),Sepi (< 50%),Mark-Down (Fase Runtuh),Spesialis Tiang Jemuran (Banting Pucuk),Normal,Naik 2 Hari Beruntun,TP: 54 | CL: 43,Normal,Ideal (1:2),Golden Cross (Awal Bullish),Netral / Sepi Berita,Normal / Sedang Transisi,Mengambang (Jauh dari Fibo),4,WAIT & SEE,TIDAK ADA,2026-10-07 11:00:01,Biasa / Mengikuti Pasar
11:00,RDTX,Transaksi Sepi (Skip Broksum),Mid Cap (Lapis 2),Undervalued (Murah),8.1312685,0.996125,12800.0,13211,12800,13600,-3.0303030303030303,8800,Tembus MA20,40,Negatif,Downtrend,Bearish,Strong Bearish,Strong Downtrend (5<20<50),Distribusi Kuat,Distribusi (Turun),Normal,Dominan Jual (Guyur),Squeeze,Rendah,Normal,Dekat Support (Low Risk),< 1 Miliar,Di Bawah VWAP (Lemah),Distribusi Pro (Guyuran),Gorengan Sepi (< 5M),Ledakan Ekstrem (> 300%),Mark-Down (Fase Runtuh),Normal,Normal,Turun 1 Hari Beruntun,TP: 13126 | CL: 12582,Normal,Di Area Support,Netral / Sideways,Netral / Sepi Berita,Supply Banjir (Distribusi) 🌊,Dekat Support Fibo Bottom / 100%,1,WAIT & SEE,TIDAK ADA,2026-10-07 11:00:01,Biasa / Mengikuti Pasar
11:00,RELI,Transaksi Sepi (Skip Broksum),Small Cap (Lapis 3),Overvalued (Mahal),47.226517,1.8662477,550.0,546,480,605,0.9174311926605505,1200,Normal,54,Positif,Uptrend,Bearish,Strong Bearish,Konsolidasi / Transisi,Normal,Distribusi (Turun),Normal,Dominan Beli (Hajar Kanan),Normal,Tinggi,Doji (Ragu-ragu),Rawan Pucuk (High Risk),< 1 Miliar,Di Atas VWAP (Kuat),Distribusi Pro (Guyuran),Gorengan Sepi (< 5M),Sepi (< 50%),Mark-Up (Fase Pesta),Normal,Jarum Bawah (Sinyal Pantulan Kuat),Naik 2 Hari Beruntun,TP: 610 | CL: 510,Normal,Tidak Ideal (< 1:1),Netral / Sideways,Netral / Sepi Berita,Normal / Sedang Transisi,Golden Rebound Fibo 38.2% 🎯,4,WAIT & SEE,TIDAK ADA,2026-10-07 11:00:01,Biasa / Mengikuti Pasar
11:00,RICY,Transaksi Sepi (Skip Broksum),Small Cap (Lapis 3),Fair Value (Wajar),0.0,0.2021368,69.0,72,60,89,0.0,137800,Normal,42,Negatif,Downtrend,Bearish,Strong Bearish,Strong Downtrend (5<20<50),Normal,Akumulasi (Naik),Normal,Seimbang / Adu Mekanik,Normal,Tinggi,Normal,Rawan Pucuk (High Risk),< 1 Miliar,Di Atas VWAP (Kuat),Distribusi Pro (Guyuran),Gorengan Sepi (< 5M),Sepi (< 50%),Mark-Down (Fase Runtuh),Spesialis Tiang Jemuran (Banting Pucuk),Normal,Sideways / Stagnan,TP: 79 | CL: 62,Open = High (Tekanan Jual),Ideal (1:2),Netral / Sideways,Netral / Sepi Berita,Normal / Sedang Transisi,Dekat Support Fibo 78.6%,1,WAIT & SEE,TIDAK ADA,2026-10-07 11:00:01,Biasa / Mengikuti Pasar
11:00,RIGS,Transaksi Sepi (Skip Broksum),Small Cap (Lapis 3),Overvalued (Mahal),6.9880047,8698.63,635.0,638,580,710,0.0,20300,Normal,44,Negatif,Downtrend,Bearish,Bullish MACD,Strong Downtrend (5<20<50),Normal,Distribusi (Turun),Normal,Dominan Beli (Hajar Kanan),Normal,Tinggi,Marubozu (Strong Bullish),Area Tengah,< 1 Miliar,Persis di VWAP,Akumulasi Pro (Smart Money),Gorengan Sepi (< 5M),Sepi (< 50%),Mark-Down (Fase Runtuh),Normal,Normal,Sideways / Stagnan,TP: 670 | CL: 611,Open = Low (Bullish Kuat),Menengah (1:1),Netral / Sideways,Netral / Sepi Berita,Normal / Sedang Transisi,Dekat Support Fibo 78.6%,2,WAIT & SEE,TIDAK ADA,2026-10-07 11:00:01,Biasa / Mengikuti Pasar
11:00,RODA,Transaksi Sepi (Skip Broksum),Small Cap (Lapis 3),Fair Value (Wajar),0.0,0.306948,42.0,53,35,74,2.4390243902439024,16492700,Normal,33,Positif,Downtrend,Bearish,Strong Bearish,Strong Downtrend (5<20<50),Normal,Akumulasi (Naik),Gap Up (+2.4%),Seimbang / Adu Mekanik,Normal,Tinggi,Doji (Ragu-ragu),Rawan Pucuk (High Risk),< 1 Miliar,Di Atas VWAP (Kuat),Akumulasi Pro (Smart Money),Gorengan Sepi (< 5M),Sepi (< 50%),Mark-Down (Fase Runtuh),Spesialis Tiang Jemuran (Banting Pucuk),Jarum Bawah (Sinyal Pantulan Kuat),Naik 1 Hari Beruntun,TP: 50 | CL: 36,Normal,Sangat Menarik (> 1:3),Oversold (Jenuh Jual - Peluang),Netral / Sepi Berita,Normal / Sedang Transisi,Mengambang (Jauh dari Fibo),3,WAIT & SEE,TIDAK ADA,2026-10-07 11:00:01,Biasa / Mengikuti Pasar
11:00,ROTI,Transaksi Sepi (Skip Broksum),Mid Cap (Lapis 2),Fair Value (Wajar),16.881971,2.0264816,570.0,575,555,595,0.0,45800,Normal,43,Negatif,Downtrend,Bearish,Strong Bearish,Strong Downtrend (5<20<50),Normal,Akumulasi (Naik),Normal,Dominan Jual (Guyur),Squeeze,Rendah,Normal,Dekat Support (Low Risk),< 1 Miliar,Persis di VWAP,Distribusi Pro (Guyuran),Gorengan Sepi (< 5M),Sepi (< 50%),Mark-Down (Fase Runtuh),Spesialis Tiang Jemuran (Banting Pucuk),Normal,Sideways / Stagnan,TP: 585 | CL: 560,Open = High (Tekanan Jual),Ideal (1:2),Golden Cross (Awal Bullish),Netral / Sepi Berita,Normal / Sedang Transisi,Dekat Support Fibo 78.6%,1,WAIT & SEE,TIDAK ADA,2026-10-07 11:00:01,Biasa / Mengikuti Pasar
11:00,RUIS,Transaksi Sepi (Skip Broksum),Small Cap (Lapis 3),Undervalued (Murah),11.41055,0.2713275,198.0,198,177,224,1.5384615384615385,635300,Normal,49,Positif,Downtrend,Bearish,Bullish MACD,Strong Downtrend (5<20<50),Normal,Akumulasi (Naik),Gap Up (+2.1%),Seimbang / Adu Mekanik,Normal,Sedang,Normal,Rawan Pucuk (High Risk),< 1 Miliar,Di Atas VWAP (Kuat),Distribusi Pro (Guyuran),Gorengan Sepi (< 5M),Anomali Tinggi (150-300%),Mark-Down (Fase Runtuh),Spesialis Tiang Jemuran (Banting Pucuk),Normal,Naik 2 Hari Beruntun,TP: 207 | CL: 191,Normal,Menengah (1:1),Netral / Sideways,Netral / Sepi Berita,Normal / Sedang Transisi,Dekat Support Fibo 61.8% (Golden Ratio),4,WAIT & SEE,TIDAK ADA,2026-10-07 11:00:01,Biasa / Mengikuti Pasar
11:00,SAFE,Transaksi Sepi (Skip Broksum),Small Cap (Lapis 3),Overvalued (Mahal),14.378835,7.9281187,750.0,809,456,1275,3.4482758620689653,590200,Normal,51,Positif,Downtrend,Bearish,Strong Bearish,Konsolidasi / Transisi,Normal,Akumulasi (Naik),Normal,Seimbang / Adu Mekanik,Normal,Tinggi,Normal,Rawan Pucuk (High Risk),< 1 Miliar,Di Atas VWAP (Kuat),Akumulasi Pro (Smart Money),Gorengan Sepi (< 5M),Sepi (< 50%),Distribution (Fase Jualan),Normal,Normal,Naik 1 Hari Beruntun,TP: 967 | CL: 605,Normal,Ideal (1:2),Golden Cross (Awal Bullish),Netral / Sepi Berita,Normal / Sedang Transisi,Mengambang (Jauh dari Fibo),3,WAIT & SEE,TIDAK ADA,2026-10-07 11:00:01,Biasa / Mengikuti Pasar
11:00,SAME,Transaksi Sepi (Skip Broksum),Mid Cap (Lapis 2),Overvalued (Mahal),247.45764,1.3099751,292.0,293,286,316,0.0,28500,Normal,45,Negatif,Downtrend,Bearish,Bullish MACD,Strong Downtrend (5<20<50),Normal,Akumulasi (Naik),Normal,Dominan Jual (Guyur),Squeeze,Rendah,Doji (Ragu-ragu),Dekat Support (Low Risk),< 1 Miliar,Persis di VWAP,Distribusi Pro (Guyuran),Gorengan Sepi (< 5M),Sepi (< 50%),Mark-Down (Fase Runtuh),Spesialis Tiang Jemuran (Banting Pucuk),Normal,Sideways / Stagnan,TP: 306 | CL: 282,Normal,Sangat Menarik (> 1:3),Golden Cross (Awal Bullish),Netral / Sepi Berita,Supply Kering (Siap Pump) 🏜️,Golden Rebound Fibo Bottom / 100% 🎯,2,WAIT & SEE,TIDAK ADA,2026-10-07 11:00:01,Biasa / Mengikuti Pasar
11:00,SCCO,Transaksi Sepi (Skip Broksum),Mid Cap (Lapis 2),Undervalued (Murah),6.5376887,0.38706136,2700.0,2671,2450,3290,-0.36900369003690037,17300,Normal,57,Negatif,Uptrend,Bullish,Bearish MACD,Perfect Uptrend (5>20>50),Normal,Akumulasi (Naik),Normal,Seimbang / Adu Mekanik,Normal,Tinggi,Normal,Rawan Pucuk (High Risk),< 1 Miliar,Persis di VWAP,Distribusi Pro (Guyuran),Gorengan Sepi (< 5M),Sepi (< 50%),Mark-Up (Fase Pesta),Spesialis Tiang Jemuran (Banting Pucuk),Normal,Turun 1 Hari Beruntun,TP: 2921 | CL: 2552,Normal,Ideal (1:2),Netral / Sideways,Netral / Sepi Berita,Normal / Sedang Transisi,Mendekati Fibo 61.8% (Golden Ratio),4,WAIT & SEE,TIDAK ADA,2026-10-07 11:00:01,Biasa / Mengikuti Pasar
11:00,SCMA,Token Mati (Perlu Update),Big Cap (Lapis 1),Fair Value (Wajar),11.386768,1.8001165,179.0,182,161,206,-1.1049723756906076,11658700,Normal,42,Negatif,Downtrend,Bearish,Bullish MACD,Strong Downtrend (5<20<50),Normal,Akumulasi (Naik),Normal,Dominan Jual (Guyur),Normal,Tinggi,Normal,Rawan Pucuk (High Risk),> 1 Miliar,Di Atas VWAP (Kuat),Akumulasi Pro (Smart Money),Ritel Aktif (5M - 50M),Sepi (< 50%),Mark-Down (Fase Runtuh),Spesialis Tiang Jemuran (Banting Pucuk),Normal,Turun 1 Hari Beruntun,TP: 190 | CL: 171,Open = High (Tekanan Jual),Ideal (1:2),Netral / Sideways,Netral / Sepi Berita,Normal / Sedang Transisi,Mendekati Fibo 78.6%,2,WAIT & SEE,TIDAK ADA,2026-10-07 11:00:01,Biasa / Mengikuti Pasar
11:00,SDMU,Transaksi Sepi (Skip Broksum),Small Cap (Lapis 3),Fair Value (Wajar),0.0,2.0508013,70.0,78,60,116,0.0,9613600,Normal,39,Negatif,Downtrend,Bearish,Strong Bearish,Strong Downtrend (5<20<50),Normal,Akumulasi (Naik),Normal,Seimbang / Adu Mekanik,Normal,Tinggi,Doji (Ragu-ragu),Rawan Pucuk (High Risk),< 1 Miliar,Di Atas VWAP (Kuat),Akumulasi Pro (Smart Money),Gorengan Sepi (< 5M),Sepi (< 50%),Mark-Down (Fase Runtuh),Spesialis Tiang Jemuran (Banting Pucuk),Normal,Sideways / Stagnan,TP: 85 | CL: 59,Normal,Sangat Menarik (> 1:3),Oversold (Jenuh Jual - Peluang),Netral / Sepi Berita,Normal / Sedang Transisi,Mengambang (Jauh dari Fibo),1,WAIT & SEE,TIDAK ADA,2026-10-07 11:00:01,Biasa / Mengikuti Pasar
11:00,SDPC,Transaksi Sepi (Skip Broksum),Small Cap (Lapis 3),Undervalued (Murah),5.863192,0.7617113,198.0,193,180,204,1.5384615384615385,185200,Normal,55,Positif,Uptrend,Golden Cross,Strong Bullish,Perfect Uptrend (5>20>50),Normal,Distribusi (Turun),Gap Up (+2.6%),Seimbang / Adu Mekanik,Squeeze,Rendah,Normal,Rawan Pucuk (High Risk),< 1 Miliar,Di Atas VWAP (Kuat),Distribusi Pro (Guyuran),Gorengan Sepi (< 5M),Sepi (< 50%),Mark-Up (Fase Pesta),Normal,Normal,Naik 1 Hari Beruntun,TP: 209 | CL: 190,Open = High (Tekanan Jual),Tidak Ideal (< 1:1),Overbought (Jenuh Beli - Rawan),Netral / Sepi Berita,Normal / Sedang Transisi,Dekat Support Fibo 61.8% (Golden Ratio),6,WAIT & SEE,TIDAK ADA,2026-10-07 11:00:01,Biasa / Mengikuti Pasar
11:00,SDRA,Transaksi Sepi (Skip Broksum),Mid Cap (Lapis 2),Fair Value (Wajar),0.0,0.2715389,206.0,208,200,218,0.0,118900,Normal,41,Negatif,Downtrend,Bearish,Bullish MACD,Strong Downtrend (5<20<50),Normal,Distribusi (Turun),Normal,Dominan Beli (Hajar Kanan),Normal,Sedang,Marubozu (Strong Bullish),Dekat Support (Low Risk),< 1 Miliar,Persis di VWAP,Akumulasi Pro (Smart Money),Gorengan Sepi (< 5M),Sepi (< 50%),Mark-Down (Fase Runtuh),Normal,Normal,Sideways / Stagnan,TP: 214 | CL: 200,Open = Low (Bullish Kuat),Ideal (1:2),Netral / Sideways,Netral / Sepi Berita,Normal / Sedang Transisi,Mendekati Fibo Bottom / 100%,2,WAIT & SEE,TIDAK ADA,2026-10-07 11:00:01,Biasa / Mengikuti Pasar
11:00,SGRO,Transaksi Sepi (Skip Broksum),Mid Cap (Lapis 2),Fair Value (Wajar),19.923967,1.5433582,4350.0,4523,4050,4990,-1.1363636363636365,1300,Normal,44,Negatif,Downtrend,Bearish,Strong Bearish,Strong Downtrend (5<20<50),Normal,Akumulasi (Naik),Normal,Dominan Jual (Guyur),Normal,Tinggi,Normal,Area Tengah,< 1 Miliar,Persis di VWAP,Distribusi Pro (Guyuran),Gorengan Sepi (< 5M),Sepi (< 50%),Mark-Down (Fase Runtuh),Normal,Normal,Turun 1 Hari Beruntun,TP: 4691 | CL: 4122,Open = High (Tekanan Jual),Ideal (1:2),Netral / Sideways,Netral / Sepi Berita,Normal / Sedang Transisi,Mendekati Fibo 38.2%,1,WAIT & SEE,TIDAK ADA,2026-10-07 11:00:01,Biasa / Mengikuti Pasar
11:00,SHID,Transaksi Sepi (Skip Broksum),Small Cap (Lapis 3),Fair Value (Wajar),0.0,1.0443716,660.0,740,635,1045,-0.7518796992481203,88300,Normal,45,Negatif,Downtrend,Bearish,Bearish MACD,Konsolidasi / Transisi,Normal,Distribusi (Turun),Normal,Dominan Jual (Guyur),Normal,Tinggi,Doji (Ragu-ragu),Area Tengah,< 1 Miliar,Di Bawah VWAP (Lemah),Distribusi Pro (Guyuran),Gorengan Sepi (< 5M),Sepi (< 50%),Distribution (Fase Jualan),Spesialis Tiang Jemuran (Banting Pucuk),Normal,Turun 3 Hari Beruntun,TP: 785 | CL: 576,Normal,Sangat Menarik (> 1:3),Oversold (Jenuh Jual - Peluang),Netral / Sepi Berita,Normal / Sedang Transisi,Mengambang (Jauh dari Fibo),0,WAIT & SEE,TIDAK ADA,2026-10-07 11:00:01,Biasa / Mengikuti Pasar
11:00,SIDO,Transaksi Sepi (Skip Broksum),Big Cap (Lapis 1),Overvalued (Mahal),10.834103,3.4592896,352.0,350,344,360,-0.5649717514124294,2641300,Normal,51,Negatif,Uptrend,Bearish,Bullish MACD,Strong Downtrend (5<20<50),Normal,Akumulasi (Naik),Normal,Seimbang / Adu Mekanik,Squeeze,Rendah,Normal,Dekat Support (Low Risk),< 1 Miliar,Persis di VWAP,Akumulasi Pro (Smart Money),Gorengan Sepi (< 5M),Sepi (< 50%),Accumulation (Kumpul Barang),Normal,Normal,Turun 1 Hari Beruntun,TP: 360 | CL: 346,Open = High (Tekanan Jual),Menengah (1:1),Netral / Sideways,Netral / Sepi Berita,Normal / Sedang Transisi,Dekat Support Fibo Bottom / 100%,4,WAIT & SEE,TIDAK ADA,2026-10-07 11:00:01,Biasa / Mengikuti Pasar
11:00,SILO,Transaksi Sepi (Skip Broksum),Big Cap (Lapis 1),Fair Value (Wajar),20.37869,2.4065428,1905.0,2004,1890,2140,0.0,216600,Normal,36,Negatif,Downtrend,Bearish,Strong Bearish,Strong Downtrend (5<20<50),Normal,Distribusi (Turun),Normal,Seimbang / Adu Mekanik,Bottom Rebound,Sedang,Normal,Dekat Support (Low Risk),< 1 Miliar,Di Bawah VWAP (Lemah),Distribusi Pro (Guyuran),Gorengan Sepi (< 5M),Sepi (< 50%),Mark-Down (Fase Runtuh),Spesialis Tiang Jemuran (Banting Pucuk),Normal,Sideways / Stagnan,TP: 2020 | CL: 1828,Open = High (Tekanan Jual),Sangat Menarik (> 1:3),Oversold (Jenuh Jual - Peluang),Netral / Sepi Berita,Normal / Sedang Transisi,Golden Rebound Fibo Bottom / 100% 🎯,0,WAIT & SEE,TIDAK ADA,2026-10-07 11:00:01,Biasa / Mengikuti Pasar
11:00,SIMP,Transaksi Sepi (Skip Broksum),Mid Cap (Lapis 2),Undervalued (Murah),4.0362554,0.42251953,575.0,593,545,645,-0.8620689655172413,1528600,Normal,43,Negatif,Downtrend,Bearish,Strong Bearish,Strong Downtrend (5<20<50),Normal,Distribusi (Turun),Normal,Seimbang / Adu Mekanik,Normal,Tinggi,Normal,Area Tengah,< 1 Miliar,Di Atas VWAP (Kuat),Distribusi Pro (Guyuran),Gorengan Sepi (< 5M),Sepi (< 50%),Mark-Down (Fase Runtuh),Normal,Normal,Turun 1 Hari Beruntun,TP: 607 | CL: 553,Open = High (Tekanan Jual),Ideal (1:2),Netral / Sideways,Netral / Sepi Berita,Normal / Sedang Transisi,Mendekati Fibo 78.6%,0,WAIT & SEE,TIDAK ADA,2026-10-07 11:00:01,Biasa / Mengikuti Pasar
11:00,SIPD,Transaksi Sepi (Skip Broksum),Mid Cap (Lapis 2),Fair Value (Wajar),0.0,1.243435,800.0,847,680,970,0.0,6000,Normal,46,Negatif,Downtrend,Bearish,Strong Bearish,Konsolidasi / Transisi,Normal,Akumulasi (Naik),Normal,Dominan Beli (Hajar Kanan),Normal,Tinggi,Marubozu (Strong Bullish),Rawan Pucuk (High Risk),< 1 Miliar,Di Atas VWAP (Kuat),Distribusi Pro (Guyuran),Gorengan Sepi (< 5M),Sepi (< 50%),Distribution (Fase Jualan),Normal,Normal,Sideways / Stagnan,TP: 899 | CL: 733,Open = Low (Bullish Kuat),Menengah (1:1),Netral / Sideways,Netral / Sepi Berita,Normal / Sedang Transisi,Mendekati Fibo 61.8% (Golden Ratio),2,WAIT & SEE,TIDAK ADA,2026-10-07 11:00:01,Biasa / Mengikuti Pasar
11:00,SKBM,Transaksi Sepi (Skip Broksum),Small Cap (Lapis 3),Undervalued (Murah),6.2764187,0.81706023,490.0,514,482,555,-0.8097165991902834,25800,Normal,30,Negatif,Downtrend,Bearish,Strong Bearish,Strong Downtrend (5<20<50),Normal,Distribusi (Turun),Normal,Dominan Jual (Guyur),Normal,Tinggi,Normal,Dekat Support (Low Risk),< 1 Miliar,Persis di VWAP,Distribusi Pro (Guyuran),Gorengan Sepi (< 5M),Sepi (< 50%),Mark-Down (Fase Runtuh),Spesialis Tiang Jemuran (Banting Pucuk),Normal,Turun 1 Hari Beruntun,TP: 515 | CL: 473,Normal,Sangat Menarik (> 1:3),Oversold (Jenuh Jual - Peluang),Netral / Sepi Berita,Normal / Sedang Transisi,Golden Rebound Fibo Bottom / 100% 🎯,0,WAIT & SEE,TIDAK ADA,2026-10-07 11:00:01,Biasa / Mengikuti Pasar
11:00,SKLT,Transaksi Sepi (Skip Broksum),Mid Cap (Lapis 2),Fair Value (Wajar),11.280316,1.6206405,200.0,204,183,230,2.0408163265306123,29100,Normal,46,Positif,Downtrend,Bearish,Strong Bearish,Strong Downtrend (5<20<50),Normal,Distribusi (Turun),Normal,Dominan Beli (Hajar Kanan),Normal,Sedang,Normal,Area Tengah,< 1 Miliar,Persis di VWAP,Distribusi Pro (Guyuran),Gorengan Sepi (< 5M),Sepi (< 50%),Mark-Down (Fase Runtuh),Spesialis Tiang Jemuran (Banting Pucuk),Normal,Naik 2 Hari Beruntun,TP: 216 | CL: 188,Normal,Ideal (1:2),Golden Cross (Awal Bullish),Netral / Sepi Berita,Normal / Sedang Transisi,Mendekati Fibo 78.6%,2,WAIT & SEE,TIDAK ADA,2026-10-07 11:00:01,Biasa / Mengikuti Pasar
11:00,SMAR,Transaksi Sepi (Skip Broksum),Big Cap (Lapis 1),Undervalued (Murah),6.261161,1.0062364,8450.0,6851,5700,9850,-0.5882352941176471,76400,Normal,68,Negatif,Uptrend,Bullish,Strong Bullish,Perfect Uptrend (5>20>50),Normal,Akumulasi (Naik),Gap Up (+2.1%),Dominan Beli (Hajar Kanan),Normal,Tinggi,Hammer (Potensi Reversal),Rawan Pucuk (High Risk),< 1 Miliar,Di Atas VWAP (Kuat),Akumulasi Pro (Smart Money),Gorengan Sepi (< 5M),Sepi (< 50%),Mark-Up (Fase Pesta),Normal,Jarum Bawah (Sinyal Pantulan Kuat),Turun 2 Hari Beruntun,TP: 9497 | CL: 7751,Open = High (Tekanan Jual),Tidak Ideal (< 1:1),Death Cross (Awal Bearish),Netral / Sepi Berita,Normal / Sedang Transisi,Mengambang (Jauh dari Fibo),7,BELI,TIDAK ADA,2026-10-07 11:00:01,Biasa / Mengikuti Pasar
11:00,SMBR,Transaksi Sepi (Skip Broksum),Mid Cap (Lapis 2),Undervalued (Murah),13.542602,0.44104072,151.0,161,144,196,-0.6578947368421052,357200,Normal,40,Negatif,Downtrend,Bearish,Strong Bearish,Strong Downtrend (5<20<50),Normal,Akumulasi (Naik),Normal,Dominan Jual (Guyur),Normal,Tinggi,Normal,Area Tengah,< 1 Miliar,Di Atas VWAP (Kuat),Distribusi Pro (Guyuran),Gorengan Sepi (< 5M),Sepi (< 50%),Mark-Down (Fase Runtuh),Spesialis Tiang Jemuran (Banting Pucuk),Normal,Turun 1 Hari Beruntun,TP: 161 | CL: 144,Open = High (Tekanan Jual),Sangat Menarik (> 1:3),Oversold (Jenuh Jual - Peluang),Netral / Sepi Berita,Normal / Sedang Transisi,Mendekati Fibo Bottom / 100%,1,WAIT & SEE,TIDAK ADA,2026-10-07 11:00:01,Biasa / Mengikuti Pasar
11:00,SMDM,Transaksi Sepi (Skip Broksum),Mid Cap (Lapis 2),Overvalued (Mahal),124.93439,0.9720912,476.0,514,460,560,-1.6528925619834711,12000,Normal,31,Negatif,Downtrend,Bearish,Strong Bearish,Strong Downtrend (5<20<50),Normal,Akumulasi (Naik),Normal,Dominan Jual (Guyur),Normal,Tinggi,Normal,Area Tengah,< 1 Miliar,Di Bawah VWAP (Lemah),Distribusi Pro (Guyuran),Gorengan Sepi (< 5M),Sepi (< 50%),Mark-Down (Fase Runtuh),Normal,Normal,Turun 1 Hari Beruntun,TP: 521 | CL: 445,Open = High (Tekanan Jual),Sangat Menarik (> 1:3),Netral / Sideways,Netral / Sepi Berita,Normal / Sedang Transisi,Mendekati Fibo Bottom / 100%,1,WAIT & SEE,TIDAK ADA,2026-10-07 11:00:01,Biasa / Mengikuti Pasar
11:00,SMDR,Token Mati (Perlu Update),Mid Cap (Lapis 2),Overvalued (Mahal),8.174387,12352.94,420.0,397,366,434,-1.8691588785046727,19764600,Normal,70,Negatif,Uptrend,Bullish,Bearish MACD,Perfect Uptrend (5>20>50),Normal,Akumulasi (Naik),Normal,Dominan Jual (Guyur),Breakout Upper,Sedang,Normal,Rawan Pucuk (High Risk),> 1 Miliar,Di Atas VWAP (Kuat),Akumulasi Pro (Smart Money),Ritel Aktif (5M - 50M),Normal (50-150%),Mark-Up (Fase Pesta),Normal,Normal,Turun 1 Hari Beruntun,TP: 445 | CL: 403,Normal,Tidak Ideal (< 1:1),Netral / Sideways,Netral / Sepi Berita,Normal / Sedang Transisi,Mengambang (Jauh dari Fibo),4,WAIT & SEE,TIDAK ADA,2026-10-07 11:00:01,Biasa / Mengikuti Pasar
11:00,SMGR,Token Mati (Perlu Update),Big Cap (Lapis 1),Overvalued (Mahal),27.40571,0.24051498,1555.0,1570,1435,1780,0.974025974025974,2908200,Normal,49,Positif,Downtrend,Bearish,Strong Bearish,Strong Downtrend (5<20<50),Normal,Akumulasi (Naik),Normal,Seimbang / Adu Mekanik,Normal,Tinggi,Normal,Area Tengah,> 1 Miliar,Di Atas VWAP (Kuat),Akumulasi Pro (Smart Money),Ritel Aktif (5M - 50M),Sepi (< 50%),Mark-Down (Fase Runtuh),Normal,Normal,Naik 4 Hari Beruntun,TP: 1635 | CL: 1501,Normal,Ideal (1:2),Netral / Sideways,Netral / Sepi Berita,Normal / Sedang Transisi,Mendekati Fibo 78.6%,2,WAIT & SEE,TIDAK ADA,2026-10-07 11:00:01,Biasa / Mengikuti Pasar
11:00,SMMA,Transaksi Sepi (Skip Broksum),Big Cap (Lapis 1),Overvalued (Mahal),42.2258,4.822976,19950.0,20017,19275,20100,-0.7462686567164178,500,Normal,45,Negatif,Downtrend,Death Cross,Bullish MACD,Strong Downtrend (5<20<50),Normal,Distribusi (Turun),Gap Down (-2.5%),Dominan Beli (Hajar Kanan),Squeeze,Rendah,Marubozu (Strong Bullish),Area Tengah,< 1 Miliar,Persis di VWAP,Akumulasi Pro (Smart Money),Gorengan Sepi (< 5M),Sepi (< 50%),Mark-Down (Fase Runtuh),Solid (Jarang Dibanting),Normal,Turun 1 Hari Beruntun,TP: 20335 | CL: 19692,Normal,Tidak Ideal (< 1:1),Overbought (Jenuh Beli - Rawan),Netral / Sepi Berita,Normal / Sedang Transisi,Dekat Support Fibo 50.0%,2,WAIT & SEE,TIDAK ADA,2026-10-07 11:00:01,Biasa / Mengikuti Pasar
11:00,SMMT,Transaksi Sepi (Skip Broksum),Big Cap (Lapis 1),Overvalued (Mahal),155.19696,297272.72,3270.0,3097,2630,3710,-0.9090909090909091,186000,Normal,60,Negatif,Uptrend,Bullish,Bearish MACD,Perfect Uptrend (5>20>50),Normal,Distribusi (Turun),Gap Up (+3.3%),Seimbang / Adu Mekanik,Normal,Tinggi,Normal,Rawan Pucuk (High Risk),< 1 Miliar,Persis di VWAP,Distribusi Pro (Guyuran),Gorengan Sepi (< 5M),Sepi (< 50%),Mark-Up (Fase Pesta),Normal,Normal,Turun 2 Hari Beruntun,TP: 3681 | CL: 2995,Open = High (Tekanan Jual),Tidak Ideal (< 1:1),Netral / Sideways,Netral / Sepi Berita,Normal / Sedang Transisi,Dekat Support Fibo 23.6%,4,WAIT & SEE,TIDAK ADA,2026-10-07 11:00:01,Biasa / Mengikuti Pasar
11:00,SMRA,Transaksi Sepi (Skip Broksum),Mid Cap (Lapis 2),Undervalued (Murah),6.6001105,0.33035046,238.0,268,232,340,-0.8333333333333334,4034400,Normal,24,Negatif,Downtrend,Bearish,Strong Bearish,Strong Downtrend (5<20<50),Normal,Distribusi (Turun),Normal,Dominan Jual (Guyur),Normal,Tinggi,Normal,Dekat Support (Low Risk),< 1 Miliar,Persis di VWAP,Distribusi Pro (Guyuran),Gorengan Sepi (< 5M),Sepi (< 50%),Mark-Down (Fase Runtuh),Normal,Normal,Turun 1 Hari Beruntun,TP: 252 | CL: 228,Normal,Sangat Menarik (> 1:3),Oversold (Jenuh Jual - Peluang),Netral / Sepi Berita,Normal / Sedang Transisi,Mendekati Fibo Bottom / 100%,0,WAIT & SEE,TIDAK ADA,2026-10-07 11:00:01,Biasa / Mengikuti Pasar
11:00,SMSM,Transaksi Sepi (Skip Broksum),Mid Cap (Lapis 2),Fair Value (Wajar),8.492357,2.4421427,1700.0,1699,1665,1780,0.2949852507374631,400900,Normal,50,Positif,Uptrend,Bearish,Bullish MACD,Strong Downtrend (5<20<50),Normal,Akumulasi (Naik),Normal,Dominan Beli (Hajar Kanan),Squeeze,Rendah,Normal,Dekat Support (Low Risk),< 1 Miliar,Di Atas VWAP (Kuat),Akumulasi Pro (Smart Money),Gorengan Sepi (< 5M),Sepi (< 50%),Accumulation (Kumpul Barang),Normal,Normal,Naik 4 Hari Beruntun,TP: 1730 | CL: 1679,Normal,Ideal (1:2),Netral / Sideways,Netral / Sepi Berita,Normal / Sedang Transisi,Dekat Support Fibo 50.0%,5,WAIT & SEE,TIDAK ADA,2026-10-07 11:00:01,Biasa / Mengikuti Pasar
11:00,SOCI,Token Mati (Perlu Update),Mid Cap (Lapis 2),Overvalued (Mahal),12.250996,10250.0,615.0,637,550,705,-0.8064516129032258,2512200,Normal,50,Negatif,Downtrend,Bearish,Bearish MACD,Konsolidasi / Transisi,Normal,Distribusi (Turun),Normal,Seimbang / Adu Mekanik,Normal,Sedang,Normal,Rawan Pucuk (High Risk),> 1 Miliar,Di Bawah VWAP (Lemah),Akumulasi Pro (Smart Money),Ritel Aktif (5M - 50M),Sepi (< 50%),Distribution (Fase Jualan),Normal,Normal,Turun 3 Hari Beruntun,TP: 681 | CL: 570,Open = High (Tekanan Jual),Menengah (1:1),Netral / Sideways,Netral / Sepi Berita,Supply Kering (Siap Pump) 🏜️,Mengambang (Jauh dari Fibo),0,WAIT & SEE,TIDAK ADA,2026-10-07 11:00:01,Biasa / Mengikuti Pasar
11:00,SONA,Transaksi Sepi (Skip Broksum),Mid Cap (Lapis 2),Fair Value (Wajar),21.803902,2.9324498,3220.0,2821,2140,4860,-1.529051987767584,28400,Normal,56,Negatif,Uptrend,Bullish,Strong Bullish,Perfect Uptrend (5>20>50),Normal,Distribusi (Turun),Normal,Dominan Jual (Guyur),Normal,Tinggi,Normal,Rawan Pucuk (High Risk),< 1 Miliar,Di Bawah VWAP (Lemah),Distribusi Pro (Guyuran),Gorengan Sepi (< 5M),Sepi (< 50%),Mark-Up (Fase Pesta),Normal,Normal,Turun 1 Hari Beruntun,TP: 3850 | CL: 2800,Normal,Ideal (1:2),Netral / Sideways,Netral / Sepi Berita,Supply Banjir (Distribusi) 🌊,Dekat Support Fibo 61.8% (Golden Ratio),4,WAIT & SEE,TIDAK ADA,2026-10-07 11:00:01,Biasa / Mengikuti Pasar
11:00,SPMA,Transaksi Sepi (Skip Broksum),Small Cap (Lapis 3),Undervalued (Murah),9.786476,0.34813434,165.0,166,159,177,0.0,47700,Normal,48,Negatif,Downtrend,Bearish,Strong Bearish,Konsolidasi / Transisi,Normal,Akumulasi (Naik),Gap Up (+2.4%),Seimbang / Adu Mekanik,Normal,Sedang,Normal,Area Tengah,< 1 Miliar,Di Atas VWAP (Kuat),Akumulasi Pro (Smart Money),Gorengan Sepi (< 5M),Sepi (< 50%),Distribution (Fase Jualan),Normal,Normal,Sideways / Stagnan,TP: 171 | CL: 160,Open = High (Tekanan Jual),Ideal (1:2),Golden Cross (Awal Bullish),Netral / Sepi Berita,Supply Kering (Siap Pump) 🏜️,Mendekati Fibo Bottom / 100%,2,WAIT & SEE,TIDAK ADA,2026-10-07 11:00:01,Biasa / Mengikuti Pasar
11:00,SQMI,Token Mati (Perlu Update),Mid Cap (Lapis 2),Overvalued (Mahal),0.0,16.544703,103.0,95,79,123,6.185567010309279,458114800,Normal,59,Positif,Uptrend,Golden Cross,Bearish MACD,Perfect Uptrend (5>20>50),Normal,Akumulasi (Naik),Normal,Seimbang / Adu Mekanik,Normal,Tinggi,Normal,Rawan Pucuk (High Risk),> 1 Miliar,Di Atas VWAP (Kuat),Akumulasi Pro (Smart Money),Ritel Aktif (5M - 50M),Normal (50-150%),Mark-Up (Fase Pesta),Spesialis Tiang Jemuran (Banting Pucuk),Normal,Naik 1 Hari Beruntun,TP: 120 | CL: 91,Normal,Tidak Ideal (< 1:1),Netral / Sideways,Netral / Sepi Berita,Normal / Sedang Transisi,Mengambang (Jauh dari Fibo),5,WAIT & SEE,TIDAK ADA,2026-10-07 11:00:01,⚠️ Anomali (Sudah Terbang)
11:00,SRAJ,Transaksi Sepi (Skip Broksum),Big Cap (Lapis 1),Overvalued (Mahal),0.0,146.06906,13000.0,13256,11850,15600,0.0,1300,Normal,47,Negatif,Downtrend,Bearish,Strong Bearish,Konsolidasi / Transisi,Normal,Netral,Normal,Dominan Beli (Hajar Kanan),Normal,Tinggi,Doji (Ragu-ragu),Area Tengah,< 1 Miliar,Di Atas VWAP (Kuat),Akumulasi Pro (Smart Money),Gorengan Sepi (< 5M),Anomali Tinggi (150-300%),Distribution (Fase Jualan),Normal,Jarum Bawah (Sinyal Pantulan Kuat),Sideways / Stagnan,TP: 13302 | CL: 12798,Normal,Ideal (1:2),Netral / Sideways,Netral / Sepi Berita,Normal / Sedang Transisi,Mendekati Fibo 61.8% (Golden Ratio),1,WAIT & SEE,TIDAK ADA,2026-10-07 11:00:01,Biasa / Mengikuti Pasar
11:00,SRSN,Token Mati (Perlu Update),Small Cap (Lapis 3),Undervalued (Murah),6.2890277,0.96978533,141.0,122,92,150,0.7142857142857143,91803800,Normal,68,Positif,Uptrend,Bullish,Strong Bullish,Perfect Uptrend (5>20>50),Normal,Akumulasi (Naik),Normal,Dominan Beli (Hajar Kanan),Normal,Tinggi,Normal,Rawan Pucuk (High Risk),> 1 Miliar,Di Atas VWAP (Kuat),Distribusi Pro (Guyuran),Ritel Aktif (5M - 50M),Sepi (< 50%),Mark-Up (Fase Pesta),Spesialis Tiang Jemuran (Banting Pucuk),Jarum Bawah (Sinyal Pantulan Kuat),Naik 1 Hari Beruntun,TP: 161 | CL: 127,Normal,Tidak Ideal (< 1:1),Death Cross (Awal Bearish),Netral / Sepi Berita,Normal / Sedang Transisi,Mengambang (Jauh dari Fibo),7,BELI,TIDAK ADA,2026-10-07 11:00:01,Biasa / Mengikuti Pasar
11:00,SRTG,Transaksi Sepi (Skip Broksum),Big Cap (Lapis 1),Undervalued (Murah),7.0611296,0.44561782,1765.0,1776,1695,1845,0.0,324500,Normal,48,Negatif,Downtrend,Bearish,Strong Bearish,Strong Downtrend (5<20<50),Normal,Distribusi (Turun),Normal,Seimbang / Adu Mekanik,Squeeze,Rendah,Normal,Area Tengah,< 1 Miliar,Di Atas VWAP (Kuat),Distribusi Pro (Guyuran),Gorengan Sepi (< 5M),Sepi (< 50%),Mark-Down (Fase Runtuh),Normal,Normal,Sideways / Stagnan,TP: 1843 | CL: 1712,Normal,Menengah (1:1),Golden Cross (Awal Bullish),Netral / Sepi Berita,Normal / Sedang Transisi,Dekat Support Fibo 50.0%,0,WAIT & SEE,TIDAK ADA,2026-10-07 11:00:01,Biasa / Mengikuti Pasar
11:00,SSIA,Token Mati (Perlu Update),Mid Cap (Lapis 2),Overvalued (Mahal),39.2179,1.4115514,1735.0,1702,1585,1780,-1.4204545454545454,2553200,Normal,52,Negatif,Uptrend,Bullish,Bullish MACD,Awal Reversal (5>20),Normal,Akumulasi (Naik),Normal,Dominan Jual (Guyur),Normal,Sedang,Normal,Area Tengah,> 1 Miliar,Di Atas VWAP (Kuat),Akumulasi Pro (Smart Money),Ritel Aktif (5M - 50M),Sepi (< 50%),Accumulation (Kumpul Barang),Normal,Normal,Turun 1 Hari Beruntun,TP: 1841 | CL: 1664,Normal,Tidak Ideal (< 1:1),Overbought (Jenuh Beli - Rawan),Netral / Sepi Berita,Normal / Sedang Transisi,Dekat Support Fibo 50.0%,5,WAIT & SEE,TIDAK ADA,2026-10-07 11:00:01,Biasa / Mengikuti Pasar
11:00,SSMS,Token Mati (Perlu Update),Big Cap (Lapis 1),Overvalued (Mahal),7.246872,4.1566834,1060.0,1090,990,1280,-0.9345794392523363,7593000,Normal,49,Negatif,Downtrend,Bearish,Bearish MACD,Konsolidasi / Transisi,Normal,Distribusi (Turun),Normal,Seimbang / Adu Mekanik,Normal,Tinggi,Normal,Area Tengah,> 1 Miliar,Persis di VWAP,Akumulasi Pro (Smart Money),Ritel Aktif (5M - 50M),Normal (50-150%),Distribution (Fase Jualan),Normal,Normal,Turun 1 Hari Beruntun,TP: 1138 | CL: 1007,Open = High (Tekanan Jual),Sangat Menarik (> 1:3),Netral / Sideways,Netral / Sepi Berita,Normal / Sedang Transisi,Mendekati Fibo 50.0%,0,WAIT & SEE,TIDAK ADA,2026-10-07 11:00:01,Biasa / Mengikuti Pasar
11:00,SSTM,Transaksi Sepi (Skip Broksum),Small Cap (Lapis 3),Fair Value (Wajar),0.0,2.4319859,420.0,442,390,520,0.0,3400,Normal,43,Negatif,Downtrend,Bearish,Strong Bearish,Konsolidasi / Transisi,Normal,Distribusi (Turun),Normal,Dominan Jual (Guyur),Normal,Tinggi,Normal,Area Tengah,< 1 Miliar,Persis di VWAP,Akumulasi Pro (Smart Money),Gorengan Sepi (< 5M),Sepi (< 50%),Distribution (Fase Jualan),Spesialis Tiang Jemuran (Banting Pucuk),Normal,Sideways / Stagnan,TP: 466 | CL: 388,Open = High (Tekanan Jual),Sangat Menarik (> 1:3),Golden Cross (Awal Bullish),Netral / Sepi Berita,Normal / Sedang Transisi,Dekat Support Fibo 78.6%,0,WAIT & SEE,TIDAK ADA,2026-10-07 11:00:01,Biasa / Mengikuti Pasar
11:00,STAR,Transaksi Sepi (Skip Broksum),Mid Cap (Lapis 2),Overvalued (Mahal),74.9543,3.59908,410.0,377,300,474,-0.966183574879227,113000,Normal,57,Negatif,Uptrend,Golden Cross,Strong Bullish,Perfect Uptrend (5>20>50),Normal,Akumulasi (Naik),Normal,Dominan Beli (Hajar Kanan),Normal,Tinggi,Hammer (Potensi Reversal),Rawan Pucuk (High Risk),< 1 Miliar,Di Atas VWAP (Kuat),Distribusi Pro (Guyuran),Gorengan Sepi (< 5M),Sepi (< 50%),Mark-Up (Fase Pesta),Normal,Jarum Bawah (Sinyal Pantulan Kuat),Turun 1 Hari Beruntun,TP: 480 | CL: 362,Open = High (Tekanan Jual),Tidak Ideal (< 1:1),Death Cross (Awal Bearish),Netral / Sepi Berita,Normal / Sedang Transisi,Mendekati Fibo 50.0%,6,WAIT & SEE,TIDAK ADA,2026-10-07 11:00:01,Biasa / Mengikuti Pasar
11:00,STTP,Transaksi Sepi (Skip Broksum),Big Cap (Lapis 1),Undervalued (Murah),9.582419,1.4935015,9000.0,9187,8775,11125,1.694915254237288,1200,Normal,40,Positif,Downtrend,Bearish,Strong Bearish,Strong Downtrend (5<20<50),Normal,Distribusi (Turun),Normal,Dominan Jual (Guyur),Normal,Sedang,Normal,Dekat Support (Low Risk),< 1 Miliar,Di Atas VWAP (Kuat),Distribusi Pro (Guyuran),Gorengan Sepi (< 5M),Sepi (< 50%),Mark-Down (Fase Runtuh),Spesialis Tiang Jemuran (Banting Pucuk),Normal,Naik 1 Hari Beruntun,TP: 9487 | CL: 8675,Open = Low (Bullish Kuat),Sangat Menarik (> 1:3),Oversold (Jenuh Jual - Peluang),Netral / Sepi Berita,Normal / Sedang Transisi,Mendekati Fibo Bottom / 100%,1,WAIT & SEE,TIDAK ADA,2026-10-07 11:00:01,Biasa / Mengikuti Pasar
11:00,SULI,Transaksi Sepi (Skip Broksum),Small Cap (Lapis 3),Overvalued (Mahal),0.0,39000.0,78.0,81,68,93,-1.2658227848101267,324000,Normal,42,Negatif,Downtrend,Bearish,Strong Bearish,Strong Downtrend (5<20<50),Normal,Akumulasi (Naik),Normal,Seimbang / Adu Mekanik,Normal,Tinggi,Doji (Ragu-ragu),Rawan Pucuk (High Risk),< 1 Miliar,Di Atas VWAP (Kuat),Akumulasi Pro (Smart Money),Gorengan Sepi (< 5M),Sepi (< 50%),Mark-Down (Fase Runtuh),Spesialis Tiang Jemuran (Banting Pucuk),Normal,Turun 1 Hari Beruntun,TP: 86 | CL: 72,Normal,Ideal (1:2),Netral / Sideways,Netral / Sepi Berita,Normal / Sedang Transisi,Mengambang (Jauh dari Fibo),1,WAIT & SEE,TIDAK ADA,2026-10-07 11:00:01,Biasa / Mengikuti Pasar
11:00,TALF,Transaksi Sepi (Skip Broksum),Small Cap (Lapis 3),Overvalued (Mahal),42.40631,0.6667721,645.0,678,595,745,-3.007518796992481,32500,Normal,41,Negatif,Downtrend,Bearish,Strong Bearish,Strong Downtrend (5<20<50),Normal,Distribusi (Turun),Gap Down (-2.3%),Dominan Jual (Guyur),Bottom Rebound,Sedang,Normal,Area Tengah,< 1 Miliar,Di Bawah VWAP (Lemah),Akumulasi Pro (Smart Money),Gorengan Sepi (< 5M),Normal (50-150%),Mark-Down (Fase Runtuh),Normal,Normal,Turun 1 Hari Beruntun,TP: 702 | CL: 606,Normal,Ideal (1:2),Netral / Sideways,Netral / Sepi Berita,Normal / Sedang Transisi,Mengambang (Jauh dari Fibo),0,WAIT & SEE,TIDAK ADA,2026-10-07 11:00:01,Biasa / Mengikuti Pasar
11:00,TARA,Transaksi Sepi (Skip Broksum),Small Cap (Lapis 3),Fair Value (Wajar),0.0,0.35798943,37.0,32,30,43,0.0,2312200,Normal,61,Negatif,Uptrend,Bullish,Strong Bullish,Perfect Uptrend (5>20>50),Normal,Akumulasi (Naik),Normal,Seimbang / Adu Mekanik,Normal,Tinggi,Doji (Ragu-ragu),Rawan Pucuk (High Risk),< 1 Miliar,Di Atas VWAP (Kuat),Distribusi Pro (Guyuran),Gorengan Sepi (< 5M),Sepi (< 50%),Mark-Up (Fase Pesta),Solid (Jarang Dibanting),Normal,Sideways / Stagnan,TP: 42 | CL: 33,Normal,Tidak Ideal (< 1:1),Netral / Sideways,Netral / Sepi Berita,Normal / Sedang Transisi,Mendekati Fibo 50.0%,5,WAIT & SEE,TIDAK ADA,2026-10-07 11:00:01,Biasa / Mengikuti Pasar
11:00,TAXI,Token Mati (Perlu Update),Small Cap (Lapis 3),Overvalued (Mahal),0.0,4.027927,14.0,14,12,20,-12.5,106260500,Normal,47,Negatif,Downtrend,Bearish,Bearish MACD,Konsolidasi / Transisi,Normal,Distribusi (Turun),Gap Down (-6.2%),Dominan Jual (Guyur),Normal,Tinggi,Normal,Rawan Pucuk (High Risk),> 1 Miliar,Di Bawah VWAP (Lemah),Akumulasi Pro (Smart Money),Gorengan Sepi (< 5M),Sepi (< 50%),Distribution (Fase Jualan),Normal,Normal,Turun 1 Hari Beruntun,TP: 16 | CL: 12,Normal,Sangat Menarik (> 1:3),Netral / Sideways,Netral / Sepi Berita,Normal / Sedang Transisi,Dekat Support Fibo 78.6%,0,WAIT & SEE,TIDAK ADA,2026-10-07 11:00:01,🔥 ANOMALI BANDAR (Siap Ledakan)
11:00,TBIG,Transaksi Sepi (Skip Broksum),Big Cap (Lapis 1),Fair Value (Wajar),22.494888,2.4980347,1430.0,1452,1390,1525,0.0,10000,Normal,45,Negatif,Downtrend,Bearish,Strong Bearish,Konsolidasi / Transisi,Normal,Distribusi (Turun),Normal,Seimbang / Adu Mekanik,Squeeze,Rendah,Normal,Dekat Support (Low Risk),< 1 Miliar,Persis di VWAP,Distribusi Pro (Guyuran),Gorengan Sepi (< 5M),Sepi (< 50%),Distribution (Fase Jualan),Normal,Normal,Sideways / Stagnan,TP: 1491 | CL: 1388,Open = High (Tekanan Jual),Ideal (1:2),Netral / Sideways,Netral / Sepi Berita,Supply Kering (Siap Pump) 🏜️,Golden Rebound Fibo 61.8% (Golden Ratio) 🎯,0,WAIT & SEE,TIDAK ADA,2026-10-07 11:00:01,Biasa / Mengikuti Pasar
11:00,TBLA,Transaksi Sepi (Skip Broksum),Mid Cap (Lapis 2),Undervalued (Murah),4.1538982,0.37879094,610.0,613,585,635,0.0,93800,Normal,46,Negatif,Downtrend,Bearish,Strong Bearish,Strong Downtrend (5<20<50),Normal,Akumulasi (Naik),Normal,Seimbang / Adu Mekanik,Normal,Sedang,Doji (Ragu-ragu),Area Tengah,< 1 Miliar,Di Atas VWAP (Kuat),Akumulasi Pro (Smart Money),Gorengan Sepi (< 5M),Sepi (< 50%),Mark-Down (Fase Runtuh),Normal,Normal,Sideways / Stagnan,TP: 629 | CL: 596,Normal,Menengah (1:1),Netral / Sideways,Netral / Sepi Berita,Supply Kering (Siap Pump) 🏜️,Golden Rebound Fibo 78.6% 🎯,1,WAIT & SEE,TIDAK ADA,2026-10-07 11:00:01,Biasa / Mengikuti Pasar
11:00,TBMS,Transaksi Sepi (Skip Broksum),Small Cap (Lapis 3),Overvalued (Mahal),63157.9,11428.572,1200.0,1216,1170,1400,0.0,1500,Normal,47,Negatif,Downtrend,Bearish,Strong Bearish,Konsolidasi / Transisi,Normal,Akumulasi (Naik),Normal,Tidak Ada Transaksi,Squeeze,Rendah,Doji (Ragu-ragu),Dekat Support (Low Risk),< 1 Miliar,Persis di VWAP,Distribusi Pro (Guyuran),Gorengan Sepi (< 5M),Sepi (< 50%),Distribution (Fase Jualan),Normal,Normal,Sideways / Stagnan,TP: 1265 | CL: 1156,Normal,Sangat Menarik (> 1:3),Oversold (Jenuh Jual - Peluang),Netral / Sepi Berita,Normal / Sedang Transisi,Mendekati Fibo 78.6%,1,WAIT & SEE,TIDAK ADA,2026-10-07 11:00:01,Biasa / Mengikuti Pasar
11:00,TCID,Transaksi Sepi (Skip Broksum),Mid Cap (Lapis 2),Fair Value (Wajar),0.0,0.5712141,2570.0,2541,2320,2700,2.8000000000000003,200,Normal,51,Positif,Uptrend,Bearish,Bullish MACD,Strong Downtrend (5<20<50),Normal,Distribusi (Turun),Normal,Dominan Beli (Hajar Kanan),Normal,Sedang,Marubozu (Strong Bullish),Rawan Pucuk (High Risk),< 1 Miliar,Di Atas VWAP (Kuat),Akumulasi Pro (Smart Money),Gorengan Sepi (< 5M),Sepi (< 50%),Accumulation (Kumpul Barang),Normal,Normal,Naik 2 Hari Beruntun,TP: 2730 | CL: 2462,Open = Low (Bullish Kuat),Tidak Ideal (< 1:1),Netral / Sideways,Netral / Sepi Berita,Normal / Sedang Transisi,Dekat Support Fibo 61.8% (Golden Ratio),5,WAIT & SEE,TIDAK ADA,2026-10-07 11:00:01,Biasa / Mengikuti Pasar
11:00,TFCO,Transaksi Sepi (Skip Broksum),Mid Cap (Lapis 2),Overvalued (Mahal),0.0,13076.924,850.0,830,735,1115,2.4096385542168677,50400,Tembus MA20,51,Positif,Uptrend,Golden Cross,Strong Bullish,Perfect Uptrend (5>20>50),Normal,Akumulasi (Naik),Gap Up (+3.6%),Dominan Jual (Guyur),Normal,Tinggi,Doji (Ragu-ragu),Rawan Pucuk (High Risk),< 1 Miliar,Di Bawah VWAP (Lemah),Akumulasi Pro (Smart Money),Gorengan Sepi (< 5M),Normal (50-150%),Mark-Up (Fase Pesta),Spesialis Tiang Jemuran (Banting Pucuk),Normal,Naik 1 Hari Beruntun,TP: 1016 | CL: 738,Normal,Ideal (1:2),Golden Cross (Awal Bullish),Netral / Sepi Berita,Supply Banjir (Distribusi) 🌊,Mendekati Fibo 61.8% (Golden Ratio),8,BELI,TIDAK ADA,2026-10-07 11:00:01,Biasa / Mengikuti Pasar
11:00,TGKA,Transaksi Sepi (Skip Broksum),Mid Cap (Lapis 2),Fair Value (Wajar),10.585806,1.8341844,4870.0,4942,4700,5100,-0.20491803278688525,400,Normal,45,Negatif,Downtrend,Bearish,Strong Bearish,Strong Downtrend (5<20<50),Normal,Akumulasi (Naik),Normal,Dominan Jual (Guyur),Squeeze,Rendah,Normal,Area Tengah,< 1 Miliar,Persis di VWAP,Akumulasi Pro (Smart Money),Gorengan Sepi (< 5M),Sepi (< 50%),Mark-Down (Fase Runtuh),Normal,Normal,Turun 1 Hari Beruntun,TP: 5063 | CL: 4740,Open = High (Tekanan Jual),Menengah (1:1),Golden Cross (Awal Bullish),Netral / Sepi Berita,Supply Kering (Siap Pump) 🏜️,Golden Rebound Fibo 78.6% 🎯,1,WAIT & SEE,TIDAK ADA,2026-10-07 11:00:01,Biasa / Mengikuti Pasar
11:00,TIFA,Transaksi Sepi (Skip Broksum),Mid Cap (Lapis 2),Fair Value (Wajar),16.024342,0.9180069,316.0,310,280,408,-3.6585365853658534,242700,Normal,51,Negatif,Uptrend,Bullish,Strong Bullish,Awal Reversal (5>20),Normal,Distribusi (Turun),Normal,Seimbang / Adu Mekanik,Normal,Tinggi,Normal,Rawan Pucuk (High Risk),< 1 Miliar,Di Bawah VWAP (Lemah),Distribusi Pro (Guyuran),Gorengan Sepi (< 5M),Sepi (< 50%),Accumulation (Kumpul Barang),Spesialis Tiang Jemuran (Banting Pucuk),Normal,Turun 1 Hari Beruntun,TP: 361 | CL: 285,Normal,Ideal (1:2),Netral / Sideways,Netral / Sepi Berita,Normal / Sedang Transisi,Mengambang (Jauh dari Fibo),4,WAIT & SEE,TIDAK ADA,2026-10-07 11:00:01,Biasa / Mengikuti Pasar
11:00,TINS,Token Mati (Perlu Update),Big Cap (Lapis 1),Overvalued (Mahal),9.180678,3.2694,4630.0,4688,4300,5000,-0.8565310492505354,13465700,Normal,55,Negatif,Downtrend,Bearish,Bearish MACD,Konsolidasi / Transisi,Normal,Distribusi (Turun),Normal,Dominan Jual (Guyur),Squeeze,Rendah,Normal,Area Tengah,> 1 Miliar,Persis di VWAP,Akumulasi Pro (Smart Money),Sultan (> 50M/hari),Sepi (< 50%),Distribution (Fase Jualan),Spesialis Tiang Jemuran (Banting Pucuk),Normal,Turun 1 Hari Beruntun,TP: 4921 | CL: 4435,Normal,Menengah (1:1),Netral / Sideways,Netral / Sepi Berita,Normal / Sedang Transisi,Dekat Support Fibo 23.6%,1,WAIT & SEE,TIDAK ADA,2026-10-07 11:00:01,Biasa / Mengikuti Pasar
11:00,TIRA,Transaksi Sepi (Skip Broksum),Small Cap (Lapis 3),Overvalued (Mahal),80.29978,0.9706727,300.0,366,286,420,1.3513513513513513,638200,Tembus MA20,14,Positif,Downtrend,Bearish,Strong Bearish,Strong Downtrend (5<20<50),Normal,Distribusi (Turun),Normal,Dominan Beli (Hajar Kanan),Bottom Rebound,Tinggi,Doji (Ragu-ragu),Area Tengah,< 1 Miliar,Di Bawah VWAP (Lemah),Distribusi Pro (Guyuran),Gorengan Sepi (< 5M),Normal (50-150%),Mark-Down (Fase Runtuh),Normal,Jarum Bawah (Sinyal Pantulan Kuat),Naik 1 Hari Beruntun,TP: 340 | CL: 272,Normal,Sangat Menarik (> 1:3),Oversold (Jenuh Jual - Peluang),Netral / Sepi Berita,Normal / Sedang Transisi,Mendekati Fibo Bottom / 100%,3,WAIT & SEE,TIDAK ADA,2026-10-07 11:00:01,Biasa / Mengikuti Pasar
11:00,TKIM,Token Mati (Perlu Update),Big Cap (Lapis 1),Overvalued (Mahal),3.000294,7129.001,7350.0,7410,6875,8325,-0.6756756756756757,357900,Normal,48,Negatif,Downtrend,Bearish,Strong Bearish,Strong Downtrend (5<20<50),Normal,Akumulasi (Naik),Normal,Dominan Jual (Guyur),Normal,Tinggi,Normal,Area Tengah,> 1 Miliar,Di Atas VWAP (Kuat),Akumulasi Pro (Smart Money),Ritel Aktif (5M - 50M),Sepi (< 50%),Mark-Down (Fase Runtuh),Normal,Normal,Turun 1 Hari Beruntun,TP: 7727 | CL: 7098,Normal,Ideal (1:2),Netral / Sideways,Netral / Sepi Berita,Normal / Sedang Transisi,Dekat Support Fibo 38.2%,1,WAIT & SEE,TIDAK ADA,2026-10-07 11:00:01,Biasa / Mengikuti Pasar
11:00,TLKM,Token Mati (Perlu Update),Big Cap (Lapis 1),Fair Value (Wajar),13.405292,1.9244162,2310.0,2453,2200,2720,1.3157894736842104,70599000,Normal,32,Positif,Downtrend,Bearish,Strong Bearish,Strong Downtrend (5<20<50),Normal,Distribusi (Turun),Normal,Seimbang / Adu Mekanik,Normal,Tinggi,Normal,Area Tengah,> 1 Miliar,Di Atas VWAP (Kuat),Akumulasi Pro (Smart Money),Sultan (> 50M/hari),Sepi (< 50%),Mark-Down (Fase Runtuh),Solid (Jarang Dibanting),Normal,Naik 1 Hari Beruntun,TP: 2412 | CL: 2241,Normal,Sangat Menarik (> 1:3),Golden Cross (Awal Bullish),Netral / Sepi Berita,Normal / Sedang Transisi,Mendekati Fibo Bottom / 100%,1,WAIT & SEE,TIDAK ADA,2026-10-07 11:00:01,Biasa / Mengikuti Pasar
11:00,TMAS,Transaksi Sepi (Skip Broksum),Mid Cap (Lapis 2),Fair Value (Wajar),10.838272,2.247033,129.0,135,114,153,-1.5267175572519083,1190300,Normal,45,Negatif,Downtrend,Bearish,Strong Bearish,Konsolidasi / Transisi,Normal,Akumulasi (Naik),Normal,Seimbang / Adu Mekanik,Normal,Tinggi,Normal,Rawan Pucuk (High Risk),< 1 Miliar,Di Atas VWAP (Kuat),Akumulasi Pro (Smart Money),Gorengan Sepi (< 5M),Sepi (< 50%),Distribution (Fase Jualan),Normal,Normal,Turun 1 Hari Beruntun,TP: 139 | CL: 122,Open = High (Tekanan Jual),Ideal (1:2),Netral / Sideways,Netral / Sepi Berita,Normal / Sedang Transisi,Dekat Support Fibo 61.8% (Golden Ratio),1,WAIT & SEE,TIDAK ADA,2026-10-07 11:00:01,Biasa / Mengikuti Pasar
11:00,TMPO,Token Mati (Perlu Update),Small Cap (Lapis 3),Overvalued (Mahal),36.88889,0.75503623,167.0,163,145,200,-1.183431952662722,6374000,Normal,50,Negatif,Uptrend,Bullish,Strong Bullish,Awal Reversal (5>20),Normal,Distribusi (Turun),Normal,Seimbang / Adu Mekanik,Normal,Tinggi,Normal,Rawan Pucuk (High Risk),> 1 Miliar,Di Bawah VWAP (Lemah),Distribusi Pro (Guyuran),Gorengan Sepi (< 5M),Sepi (< 50%),Accumulation (Kumpul Barang),Spesialis Tiang Jemuran (Banting Pucuk),Normal,Turun 2 Hari Beruntun,TP: 190 | CL: 151,Open = High (Tekanan Jual),Menengah (1:1),Netral / Sideways,Netral / Sepi Berita,Normal / Sedang Transisi,Mengambang (Jauh dari Fibo),3,WAIT & SEE,TIDAK ADA,2026-10-07 11:00:01,Biasa / Mengikuti Pasar
11:00,TOBA,Token Mati (Perlu Update),Mid Cap (Lapis 2),Overvalued (Mahal),0.0,21727.273,478.0,503,454,585,-1.2396694214876034,2507300,Normal,41,Negatif,Downtrend,Bearish,Strong Bearish,Strong Downtrend (5<20<50),Normal,Distribusi (Turun),Normal,Seimbang / Adu Mekanik,Normal,Tinggi,Normal,Area Tengah,> 1 Miliar,Di Atas VWAP (Kuat),Akumulasi Pro (Smart Money),Gorengan Sepi (< 5M),Sepi (< 50%),Mark-Down (Fase Runtuh),Normal,Normal,Turun 1 Hari Beruntun,TP: 508 | CL: 457,Normal,Sangat Menarik (> 1:3),Golden Cross (Awal Bullish),Netral / Sepi Berita,Normal / Sedang Transisi,Dekat Support Fibo 61.8% (Golden Ratio),0,WAIT & SEE,TIDAK ADA,2026-10-07 11:00:01,Biasa / Mengikuti Pasar
11:00,TOTL,Transaksi Sepi (Skip Broksum),Mid Cap (Lapis 2),Overvalued (Mahal),10.339433,4.2247806,1515.0,1547,1450,1680,0.0,238300,Normal,50,Negatif,Downtrend,Bearish,Bearish MACD,Konsolidasi / Transisi,Normal,Distribusi (Turun),Normal,Dominan Beli (Hajar Kanan),Normal,Sedang,Doji (Ragu-ragu),Area Tengah,< 1 Miliar,Persis di VWAP,Akumulasi Pro (Smart Money),Gorengan Sepi (< 5M),Sepi (< 50%),Distribution (Fase Jualan),Normal,Jarum Bawah (Sinyal Pantulan Kuat),Sideways / Stagnan,TP: 1595 | CL: 1461,Normal,Ideal (1:2),Netral / Sideways,Netral / Sepi Berita,Normal / Sedang Transisi,Mendekati Fibo 38.2%,1,WAIT & SEE,TIDAK ADA,2026-10-07 11:00:01,Biasa / Mengikuti Pasar
11:00,TOTO,Transaksi Sepi (Skip Broksum),Mid Cap (Lapis 2),Undervalued (Murah),9.184845,0.9819606,240.0,241,236,244,0.0,160200,Normal,50,Negatif,Downtrend,Bearish,Bearish MACD,Konsolidasi / Transisi,Normal,Distribusi (Turun),Normal,Dominan Beli (Hajar Kanan),Squeeze,Rendah,Doji (Ragu-ragu),Dekat Support (Low Risk),< 1 Miliar,Persis di VWAP,Akumulasi Pro (Smart Money),Gorengan Sepi (< 5M),Sepi (< 50%),Distribution (Fase Jualan),Solid (Jarang Dibanting),Jarum Bawah (Sinyal Pantulan Kuat),Sideways / Stagnan,TP: 246 | CL: 236,Normal,Menengah (1:1),Netral / Sideways,Netral / Sepi Berita,Normal / Sedang Transisi,Golden Rebound Fibo 38.2% 🎯,1,WAIT & SEE,TIDAK ADA,2026-10-07 11:00:01,Biasa / Mengikuti Pasar
11:00,TOWR,Token Mati (Perlu Update),Big Cap (Lapis 1),Undervalued (Murah),5.9743953,0.855162,422.0,418,374,486,-1.4018691588785046,10567600,Normal,51,Negatif,Uptrend,Bearish,Bullish MACD,Strong Downtrend (5<20<50),Normal,Akumulasi (Naik),Normal,Dominan Jual (Guyur),Normal,Tinggi,Normal,Rawan Pucuk (High Risk),> 1 Miliar,Di Atas VWAP (Kuat),Akumulasi Pro (Smart Money),Ritel Aktif (5M - 50M),Sepi (< 50%),Accumulation (Kumpul Barang),Normal,Normal,Turun 1 Hari Beruntun,TP: 444 | CL: 407,Normal,Menengah (1:1),Netral / Sideways,Netral / Sepi Berita,Normal / Sedang Transisi,Dekat Support Fibo 61.8% (Golden Ratio),4,WAIT & SEE,TIDAK ADA,2026-10-07 11:00:01,Biasa / Mengikuti Pasar
11:00,TPIA,Token Mati (Perlu Update),Big Cap (Lapis 1),Overvalued (Mahal),151.76268,38369.566,1760.0,1802,1680,1990,-0.28328611898017,22856300,Normal,41,Negatif,Downtrend,Bearish,Bullish MACD,Strong Downtrend (5<20<50),Normal,Distribusi (Turun),Normal,Dominan Jual (Guyur),Normal,Sedang,Normal,Area Tengah,> 1 Miliar,Di Atas VWAP (Kuat),Akumulasi Pro (Smart Money),Sultan (> 50M/hari),Sepi (< 50%),Mark-Down (Fase Runtuh),Spesialis Tiang Jemuran (Banting Pucuk),Normal,Turun 1 Hari Beruntun,TP: 1859 | CL: 1693,Normal,Ideal (1:2),Golden Cross (Awal Bullish),Netral / Sepi Berita,Normal / Sedang Transisi,Mendekati Fibo Bottom / 100%,1,WAIT & SEE,TIDAK ADA,2026-10-07 11:00:01,Biasa / Mengikuti Pasar
11:00,TPMA,Transaksi Sepi (Skip Broksum),Mid Cap (Lapis 2),Overvalued (Mahal),8.083348,11842.105,450.0,464,440,494,-0.4424778761061947,339800,Normal,38,Negatif,Downtrend,Bearish,Strong Bearish,Strong Downtrend (5<20<50),Normal,Distribusi (Turun),Normal,Dominan Jual (Guyur),Normal,Sedang,Normal,Dekat Support (Low Risk),< 1 Miliar,Persis di VWAP,Akumulasi Pro (Smart Money),Gorengan Sepi (< 5M),Sepi (< 50%),Mark-Down (Fase Runtuh),Normal,Normal,Turun 1 Hari Beruntun,TP: 468 | CL: 437,Normal,Sangat Menarik (> 1:3),Netral / Sideways,Netral / Sepi Berita,Normal / Sedang Transisi,Dekat Support Fibo 78.6%,0,WAIT & SEE,TIDAK ADA,2026-10-07 11:00:01,Biasa / Mengikuti Pasar
11:00,TRIM,Transaksi Sepi (Skip Broksum),Mid Cap (Lapis 2),Fair Value (Wajar),7.793884,2.3855252,785.0,794,700,930,0.641025641025641,58000,Normal,55,Positif,Downtrend,Bearish,Bearish MACD,Konsolidasi / Transisi,Normal,Distribusi (Turun),Normal,Seimbang / Adu Mekanik,Normal,Tinggi,Normal,Rawan Pucuk (High Risk),< 1 Miliar,Persis di VWAP,Distribusi Pro (Guyuran),Gorengan Sepi (< 5M),Sepi (< 50%),Distribution (Fase Jualan),Spesialis Tiang Jemuran (Banting Pucuk),Normal,Naik 1 Hari Beruntun,TP: 854 | CL: 738,Open = High (Tekanan Jual),Ideal (1:2),Oversold (Jenuh Jual - Peluang),Netral / Sepi Berita,Normal / Sedang Transisi,Golden Rebound Fibo 38.2% 🎯,2,WAIT & SEE,TIDAK ADA,2026-10-07 11:00:01,Biasa / Mengikuti Pasar
11:00,TRIS,Transaksi Sepi (Skip Broksum),Small Cap (Lapis 3),Overvalued (Mahal),46.23334,0.97759014,170.0,171,166,183,-0.5847953216374269,1146900,Tembus MA20,47,Negatif,Downtrend,Bearish,Strong Bearish,Konsolidasi / Transisi,Normal,Distribusi (Turun),Normal,Seimbang / Adu Mekanik,Squeeze,Rendah,Normal,Dekat Support (Low Risk),< 1 Miliar,Persis di VWAP,Distribusi Pro (Guyuran),Gorengan Sepi (< 5M),Anomali Tinggi (150-300%),Distribution (Fase Jualan),Spesialis Tiang Jemuran (Banting Pucuk),Normal,Turun 1 Hari Beruntun,TP: 177 | CL: 164,Open = High (Tekanan Jual),Sangat Menarik (> 1:3),Netral / Sideways,Netral / Sepi Berita,Normal / Sedang Transisi,Dekat Support Fibo 61.8% (Golden Ratio),1,WAIT & SEE,TIDAK ADA,2026-10-07 11:00:01,Biasa / Mengikuti Pasar
11:00,TRST,Transaksi Sepi (Skip Broksum),Mid Cap (Lapis 2),Undervalued (Murah),12.40232,0.49143827,492.0,477,456,496,2.5,4200,Normal,58,Positif,Uptrend,Bullish,Strong Bullish,Perfect Uptrend (5>20>50),Normal,Distribusi (Turun),Gap Up (+2.9%),Dominan Beli (Hajar Kanan),Normal,Sedang,Hammer (Potensi Reversal),Area Tengah,< 1 Miliar,Di Atas VWAP (Kuat),Akumulasi Pro (Smart Money),Gorengan Sepi (< 5M),Sepi (< 50%),Mark-Up (Fase Pesta),Solid (Jarang Dibanting),Jarum Bawah (Sinyal Pantulan Kuat),Naik 1 Hari Beruntun,TP: 516 | CL: 475,Open = High (Tekanan Jual),Tidak Ideal (< 1:1),Netral / Sideways,Netral / Sepi Berita,Supply Kering (Siap Pump) 🏜️,Golden Rebound Fibo 23.6% 🎯,7,BELI,TIDAK ADA,2026-10-07 11:00:01,Biasa / Mengikuti Pasar
11:00,TRUS,Transaksi Sepi (Skip Broksum),Small Cap (Lapis 3),Fair Value (Wajar),16.942225,0.8737222,456.0,450,394,468,0.0,14000,Normal,54,Negatif,Uptrend,Bullish,Strong Bullish,Perfect Uptrend (5>20>50),Normal,Akumulasi (Naik),Normal,Dominan Beli (Hajar Kanan),Squeeze,Rendah,Doji (Ragu-ragu),Rawan Pucuk (High Risk),< 1 Miliar,Di Atas VWAP (Kuat),Akumulasi Pro (Smart Money),Gorengan Sepi (< 5M),Sepi (< 50%),Mark-Up (Fase Pesta),Normal,Jarum Bawah (Sinyal Pantulan Kuat),Sideways / Stagnan,TP: 492 | CL: 431,Normal,Tidak Ideal (< 1:1),Overbought (Jenuh Beli - Rawan),Netral / Sepi Berita,Normal / Sedang Transisi,Mengambang (Jauh dari Fibo),6,WAIT & SEE,TIDAK ADA,2026-10-07 11:00:01,Biasa / Mengikuti Pasar
11:00,TSPC,Transaksi Sepi (Skip Broksum),Big Cap (Lapis 1),Undervalued (Murah),8.024409,1.2180387,2630.0,2694,2560,2810,-1.8656716417910446,166600,Normal,39,Negatif,Downtrend,Bearish,Strong Bearish,Strong Downtrend (5<20<50),Normal,Akumulasi (Naik),Normal,Dominan Jual (Guyur),Normal,Sedang,Normal,Dekat Support (Low Risk),< 1 Miliar,Persis di VWAP,Akumulasi Pro (Smart Money),Gorengan Sepi (< 5M),Sepi (< 50%),Mark-Down (Fase Runtuh),Solid (Jarang Dibanting),Normal,Turun 1 Hari Beruntun,TP: 2715 | CL: 2572,Open = High (Tekanan Jual),Ideal (1:2),Netral / Sideways,Netral / Sepi Berita,Normal / Sedang Transisi,Dekat Support Fibo 61.8% (Golden Ratio),1,WAIT & SEE,TIDAK ADA,2026-10-07 11:00:01,Biasa / Mengikuti Pasar
11:00,ULTJ,Token Mati (Perlu Update),Big Cap (Lapis 1),Fair Value (Wajar),12.089509,2.7285774,2080.0,1961,1490,2190,0.4830917874396135,6195900,Normal,78,Positif,Uptrend,Bullish,Bearish MACD,Perfect Uptrend (5>20>50),Normal,Akumulasi (Naik),Normal,Dominan Beli (Hajar Kanan),Normal,Tinggi,Normal,Rawan Pucuk (High Risk),> 1 Miliar,Persis di VWAP,Distribusi Pro (Guyuran),Ritel Aktif (5M - 50M),Sepi (< 50%),Mark-Up (Fase Pesta),Spesialis Tiang Jemuran (Banting Pucuk),Normal,Naik 1 Hari Beruntun,TP: 2176 | CL: 2015,Normal,Tidak Ideal (< 1:1),Death Cross (Awal Bearish),Netral / Sepi Berita,Normal / Sedang Transisi,Mendekati Fibo 23.6%,6,WAIT & SEE,TIDAK ADA,2026-10-07 11:00:01,Biasa / Mengikuti Pasar
11:00,UNIC,Transaksi Sepi (Skip Broksum),Mid Cap (Lapis 2),Overvalued (Mahal),6.0906916,18464.86,14975.0,15050,14775,15500,-0.16666666666666669,1300,Normal,50,Negatif,Downtrend,Bearish,Bearish MACD,Konsolidasi / Transisi,Normal,Distribusi (Turun),Normal,Dominan Jual (Guyur),Squeeze,Rendah,Normal,Dekat Support (Low Risk),< 1 Miliar,Persis di VWAP,Distribusi Pro (Guyuran),Gorengan Sepi (< 5M),Sepi (< 50%),Distribution (Fase Jualan),Normal,Normal,Turun 2 Hari Beruntun,TP: 15221 | CL: 14810,Open = High (Tekanan Jual),Ideal (1:2),Netral / Sideways,Netral / Sepi Berita,Normal / Sedang Transisi,Dekat Support Fibo 38.2%,0,WAIT & SEE,TIDAK ADA,2026-10-07 11:00:01,Biasa / Mengikuti Pasar
11:00,UNSP,Token Mati (Perlu Update),Mid Cap (Lapis 2),Fair Value (Wajar),0.0,-0.17243247,382.0,276,206,400,6.70391061452514,8165500,Normal,84,Positif,Uptrend,Bullish,Strong Bullish,Perfect Uptrend (5>20>50),Normal,Akumulasi (Naik),Gap Up (+5.6%),Dominan Beli (Hajar Kanan),Normal,Tinggi,Hammer (Potensi Reversal),Rawan Pucuk (High Risk),> 1 Miliar,Di Atas VWAP (Kuat),Akumulasi Pro (Smart Money),Ritel Aktif (5M - 50M),Sepi (< 50%),Mark-Up (Fase Pesta),Normal,Jarum Bawah (Sinyal Pantulan Kuat),Naik 1 Hari Beruntun,TP: 439 | CL: 343,Normal,Tidak Ideal (< 1:1),Overbought (Jenuh Beli - Rawan),Netral / Sepi Berita,Normal / Sedang Transisi,Mengambang (Jauh dari Fibo),8,BELI,TIDAK ADA,2026-10-07 11:00:01,Biasa / Mengikuti Pasar
11:00,UNTR,Token Mati (Perlu Update),Big Cap (Lapis 1),Undervalued (Murah),11.772076,0.9403815,25250.0,25069,23750,26627,-1.2514665623777863,1603300,Normal,53,Negatif,Uptrend,Bullish,Strong Bullish,Perfect Uptrend (5>20>50),Normal,Distribusi (Turun),Normal,Dominan Jual (Guyur),Normal,Sedang,Normal,Area Tengah,> 1 Miliar,Di Bawah VWAP (Lemah),Distribusi Pro (Guyuran),Sultan (> 50M/hari),Sepi (< 50%),Mark-Up (Fase Pesta),Spesialis Tiang Jemuran (Banting Pucuk),Normal,Turun 1 Hari Beruntun,TP: 26494 | CL: 24420,Open = High (Tekanan Jual),Tidak Ideal (< 1:1),Death Cross (Awal Bearish),Netral / Sepi Berita,Normal / Sedang Transisi,Dekat Support Fibo 50.0%,4,WAIT & SEE,TIDAK ADA,2026-10-07 11:00:01,Biasa / Mengikuti Pasar
11:00,UNVR,Token Mati (Perlu Update),Big Cap (Lapis 1),Overvalued (Mahal),17.252604,19.977886,1590.0,1620,1570,1680,-0.3134796238244514,3381500,Normal,36,Negatif,Downtrend,Bearish,Strong Bearish,Strong Downtrend (5<20<50),Normal,Akumulasi (Naik),Normal,Seimbang / Adu Mekanik,Squeeze,Rendah,Normal,Dekat Support (Low Risk),> 1 Miliar,Persis di VWAP,Distribusi Pro (Guyuran),Ritel Aktif (5M - 50M),Sepi (< 50%),Mark-Down (Fase Runtuh),Spesialis Tiang Jemuran (Banting Pucuk),Normal,Turun 1 Hari Beruntun,TP: 1627 | CL: 1565,Normal,Sangat Menarik (> 1:3),Golden Cross (Awal Bullish),Netral / Sepi Berita,Normal / Sedang Transisi,Dekat Support Fibo Bottom / 100%,1,WAIT & SEE,TIDAK ADA,2026-10-07 11:00:01,Biasa / Mengikuti Pasar
11:00,VICO,Transaksi Sepi (Skip Broksum),Mid Cap (Lapis 2),Fair Value (Wajar),15.589744,0.62474823,152.0,158,145,194,0.0,23800,Normal,48,Negatif,Downtrend,Bearish,Bearish MACD,Konsolidasi / Transisi,Normal,Akumulasi (Naik),Normal,Seimbang / Adu Mekanik,Normal,Tinggi,Normal,Area Tengah,< 1 Miliar,Persis di VWAP,Akumulasi Pro (Smart Money),Gorengan Sepi (< 5M),Sepi (< 50%),Distribution (Fase Jualan),Spesialis Tiang Jemuran (Banting Pucuk),Normal,Sideways / Stagnan,TP: 163 | CL: 144,Open = Low (Bullish Kuat),Sangat Menarik (> 1:3),Netral / Sideways,Netral / Sepi Berita,Normal / Sedang Transisi,Dekat Support Fibo 61.8% (Golden Ratio),1,WAIT & SEE,TIDAK ADA,2026-10-07 11:00:01,Biasa / Mengikuti Pasar
11:00,VINS,Transaksi Sepi (Skip Broksum),Small Cap (Lapis 3),Fair Value (Wajar),17.612772,0.9381053,139.0,143,136,168,-0.7142857142857143,16700,Normal,42,Negatif,Downtrend,Bearish,Strong Bearish,Konsolidasi / Transisi,Normal,Akumulasi (Naik),Normal,Dominan Jual (Guyur),Normal,Sedang,Normal,Dekat Support (Low Risk),< 1 Miliar,Di Bawah VWAP (Lemah),Distribusi Pro (Guyuran),Gorengan Sepi (< 5M),Sepi (< 50%),Distribution (Fase Jualan),Spesialis Tiang Jemuran (Banting Pucuk),Normal,Turun 1 Hari Beruntun,TP: 148 | CL: 132,Open = High (Tekanan Jual),Sangat Menarik (> 1:3),Oversold (Jenuh Jual - Peluang),Netral / Sepi Berita,Supply Kering (Siap Pump) 🏜️,Mendekati Fibo 78.6%,1,WAIT & SEE,TIDAK ADA,2026-10-07 11:00:01,Biasa / Mengikuti Pasar
11:00,VIVA,Token Mati (Perlu Update),Small Cap (Lapis 3),Overvalued (Mahal),0.0,7.4462686,45.0,42,36,55,7.142857142857142,217090900,Tembus MA20,52,Positif,Uptrend,Bearish,Bullish MACD,Konsolidasi / Transisi,Akumulasi Kuat,Akumulasi (Naik),Gap Up (+2.4%),Seimbang / Adu Mekanik,Normal,Tinggi,Normal,Rawan Pucuk (High Risk),> 1 Miliar,Di Atas VWAP (Kuat),Distribusi Pro (Guyuran),Gorengan Sepi (< 5M),Anomali Tinggi (150-300%),Accumulation (Kumpul Barang),Normal,Normal,Naik 1 Hari Beruntun,TP: 52 | CL: 39,Normal,Menengah (1:1),Golden Cross (Awal Bullish),Netral / Sepi Berita,Normal / Sedang Transisi,Mendekati Fibo 61.8% (Golden Ratio),8,BELI,TIDAK ADA,2026-10-07 11:00:01,⚠️ Anomali (Sudah Terbang)
11:00,VOKS,Transaksi Sepi (Skip Broksum),Mid Cap (Lapis 2),Fair Value (Wajar),0.0,1.9308691,264.0,271,220,390,0.7633587786259541,35300,Normal,52,Positif,Downtrend,Bearish,Bearish MACD,Konsolidasi / Transisi,Normal,Akumulasi (Naik),Gap Up (+2.3%),Dominan Jual (Guyur),Normal,Tinggi,Normal,Rawan Pucuk (High Risk),< 1 Miliar,Di Bawah VWAP (Lemah),Distribusi Pro (Guyuran),Gorengan Sepi (< 5M),Sepi (< 50%),Distribution (Fase Jualan),Spesialis Tiang Jemuran (Banting Pucuk),Normal,Naik 1 Hari Beruntun,TP: 303 | CL: 237,Open = High (Tekanan Jual),Ideal (1:2),Golden Cross (Awal Bullish),Netral / Sepi Berita,Normal / Sedang Transisi,Mengambang (Jauh dari Fibo),4,WAIT & SEE,TIDAK ADA,2026-10-07 11:00:01,Biasa / Mengikuti Pasar
11:00,VRNA,Transaksi Sepi (Skip Broksum),Small Cap (Lapis 3),Overvalued (Mahal),111.756165,0.5885995,77.0,82,71,99,0.0,99400,Normal,44,Negatif,Downtrend,Bearish,Strong Bearish,Konsolidasi / Transisi,Normal,Akumulasi (Naik),Normal,Dominan Beli (Hajar Kanan),Normal,Tinggi,Doji (Ragu-ragu),Area Tengah,< 1 Miliar,Di Atas VWAP (Kuat),Akumulasi Pro (Smart Money),Gorengan Sepi (< 5M),Sepi (< 50%),Distribution (Fase Jualan),Normal,Jarum Bawah (Sinyal Pantulan Kuat),Sideways / Stagnan,TP: 84 | CL: 72,Normal,Sangat Menarik (> 1:3),Golden Cross (Awal Bullish),Netral / Sepi Berita,Normal / Sedang Transisi,Mengambang (Jauh dari Fibo),2,WAIT & SEE,TIDAK ADA,2026-10-07 11:00:01,Biasa / Mengikuti Pasar
11:00,WAPO,Transaksi Sepi (Skip Broksum),Small Cap (Lapis 3),Overvalued (Mahal),0.0,6.355932,312.0,281,171,400,-4.294478527607362,2624900,Normal,68,Negatif,Uptrend,Bullish,Bearish MACD,Perfect Uptrend (5>20>50),Normal,Distribusi (Turun),Normal,Dominan Jual (Guyur),Normal,Tinggi,Normal,Rawan Pucuk (High Risk),< 1 Miliar,Di Bawah VWAP (Lemah),Distribusi Pro (Guyuran),Gorengan Sepi (< 5M),Normal (50-150%),Mark-Up (Fase Pesta),Normal,Normal,Turun 2 Hari Beruntun,TP: 355 | CL: 283,Normal,Tidak Ideal (< 1:1),Death Cross (Awal Bearish),Netral / Sepi Berita,Normal / Sedang Transisi,Mengambang (Jauh dari Fibo),3,WAIT & SEE,TIDAK ADA,2026-10-07 11:00:01,Biasa / Mengikuti Pasar
11:00,WEHA,Transaksi Sepi (Skip Broksum),Small Cap (Lapis 3),Undervalued (Murah),7.610994,0.6005939,108.0,109,95,120,0.9345794392523363,641000,Normal,49,Positif,Downtrend,Bearish,Strong Bearish,Konsolidasi / Transisi,Normal,Distribusi (Turun),Normal,Seimbang / Adu Mekanik,Normal,Tinggi,Doji (Ragu-ragu),Rawan Pucuk (High Risk),< 1 Miliar,Persis di VWAP,Distribusi Pro (Guyuran),Gorengan Sepi (< 5M),Sepi (< 50%),Distribution (Fase Jualan),Normal,Jarum Bawah (Sinyal Pantulan Kuat),Naik 1 Hari Beruntun,TP: 115 | CL: 103,Normal,Tidak Ideal (< 1:1),Netral / Sideways,Netral / Sepi Berita,Normal / Sedang Transisi,Golden Rebound Fibo 50.0% 🎯,1,WAIT & SEE,TIDAK ADA,2026-10-07 11:00:01,Biasa / Mengikuti Pasar
11:00,WIIM,Transaksi Sepi (Skip Broksum),Mid Cap (Lapis 2),Undervalued (Murah),5.3350773,1.4103885,1550.0,1506,1375,1635,-0.9584664536741214,311000,Normal,51,Negatif,Uptrend,Bearish,Bullish MACD,Strong Downtrend (5<20<50),Normal,Akumulasi (Naik),Normal,Dominan Jual (Guyur),Normal,Tinggi,Normal,Rawan Pucuk (High Risk),< 1 Miliar,Di Atas VWAP (Kuat),Akumulasi Pro (Smart Money),Gorengan Sepi (< 5M),Sepi (< 50%),Accumulation (Kumpul Barang),Normal,Normal,Turun 1 Hari Beruntun,TP: 1641 | CL: 1489,Normal,Tidak Ideal (< 1:1),Netral / Sideways,Netral / Sepi Berita,Normal / Sedang Transisi,Mendekati Fibo 78.6%,4,WAIT & SEE,TIDAK ADA,2026-10-07 11:00:01,Biasa / Mengikuti Pasar
11:00,WINS,Transaksi Sepi (Skip Broksum),Mid Cap (Lapis 2),Overvalued (Mahal),7.3501453,14500.0,580.0,578,540,660,0.8695652173913043,347200,Normal,54,Positif,Uptrend,Bearish,Bearish MACD,Konsolidasi / Transisi,Normal,Distribusi (Turun),Normal,Seimbang / Adu Mekanik,Normal,Tinggi,Doji (Ragu-ragu),Area Tengah,< 1 Miliar,Di Atas VWAP (Kuat),Distribusi Pro (Guyuran),Gorengan Sepi (< 5M),Sepi (< 50%),Mark-Up (Fase Pesta),Normal,Normal,Naik 1 Hari Beruntun,TP: 617 | CL: 555,Normal,Ideal (1:2),Netral / Sideways,Netral / Sepi Berita,Normal / Sedang Transisi,Dekat Support Fibo 50.0%,3,WAIT & SEE,TIDAK ADA,2026-10-07 11:00:01,Biasa / Mengikuti Pasar
11:00,WOMF,Transaksi Sepi (Skip Broksum),Small Cap (Lapis 3),Undervalued (Murah),6.354213,0.49505383,282.0,277,260,336,0.7142857142857143,28100,Normal,57,Positif,Uptrend,Bearish,Strong Bullish,Konsolidasi / Transisi,Normal,Akumulasi (Naik),Normal,Dominan Beli (Hajar Kanan),Normal,Sedang,Hammer (Potensi Reversal),Area Tengah,< 1 Miliar,Di Atas VWAP (Kuat),Akumulasi Pro (Smart Money),Gorengan Sepi (< 5M),Sepi (< 50%),Mark-Up (Fase Pesta),Spesialis Tiang Jemuran (Banting Pucuk),Jarum Bawah (Sinyal Pantulan Kuat),Naik 1 Hari Beruntun,TP: 296 | CL: 272,Open = High (Tekanan Jual),Ideal (1:2),Netral / Sideways,Netral / Sepi Berita,Supply Kering (Siap Pump) 🏜️,Golden Rebound Fibo 61.8% (Golden Ratio) 🎯,6,WAIT & SEE,TIDAK ADA,2026-10-07 11:00:01,Biasa / Mengikuti Pasar
11:00,WTON,Transaksi Sepi (Skip Broksum),Small Cap (Lapis 3),Fair Value (Wajar),15.303984,0.17530547,73.0,73,65,81,0.0,1618900,Normal,47,Negatif,Downtrend,Bearish,Strong Bearish,Strong Downtrend (5<20<50),Normal,Akumulasi (Naik),Normal,Dominan Jual (Guyur),Normal,Tinggi,Normal,Rawan Pucuk (High Risk),< 1 Miliar,Di Atas VWAP (Kuat),Akumulasi Pro (Smart Money),Gorengan Sepi (< 5M),Sepi (< 50%),Mark-Down (Fase Runtuh),Normal,Normal,Sideways / Stagnan,TP: 79 | CL: 68,Normal,Menengah (1:1),Netral / Sideways,Netral / Sepi Berita,Normal / Sedang Transisi,Dekat Support Fibo 78.6%,1,WAIT & SEE,TIDAK ADA,2026-10-07 11:00:01,Biasa / Mengikuti Pasar
11:00,YPAS,Transaksi Sepi (Skip Broksum),Small Cap (Lapis 3),Overvalued (Mahal),35.624825,6.9260693,1280.0,1255,970,1570,8.016877637130802,102200,Normal,53,Positif,Uptrend,Bearish,Strong Bearish,Konsolidasi / Transisi,Normal,Distribusi (Turun),Normal,Seimbang / Adu Mekanik,Normal,Tinggi,Normal,Rawan Pucuk (High Risk),< 1 Miliar,Di Atas VWAP (Kuat),Distribusi Pro (Guyuran),Gorengan Sepi (< 5M),Anomali Tinggi (150-300%),Mark-Up (Fase Pesta),Spesialis Tiang Jemuran (Banting Pucuk),Normal,Naik 1 Hari Beruntun,TP: 1459 | CL: 1160,Open = Low (Bullish Kuat),Tidak Ideal (< 1:1),Netral / Sideways,Netral / Sepi Berita,Normal / Sedang Transisi,Mengambang (Jauh dari Fibo),3,WAIT & SEE,TIDAK ADA,2026-10-07 11:00:01,Biasa / Mengikuti Pasar
11:00,YULE,Transaksi Sepi (Skip Broksum),Mid Cap (Lapis 2),Overvalued (Mahal),80.95345,9.138378,3500.0,3595,3370,4400,-2.2346368715083798,800,Normal,46,Negatif,Downtrend,Bearish,Bearish MACD,Konsolidasi / Transisi,Normal,Akumulasi (Naik),Gap Down (-2.2%),Dominan Jual (Guyur),Normal,Tinggi,Doji (Ragu-ragu),Area Tengah,< 1 Miliar,Di Bawah VWAP (Lemah),Distribusi Pro (Guyuran),Gorengan Sepi (< 5M),Sepi (< 50%),Distribution (Fase Jualan),Spesialis Tiang Jemuran (Banting Pucuk),Normal,Turun 1 Hari Beruntun,TP: 3916 | CL: 3222,Normal,Sangat Menarik (> 1:3),Oversold (Jenuh Jual - Peluang),Netral / Sepi Berita,Normal / Sedang Transisi,Mendekati Fibo 78.6%,1,WAIT & SEE,TIDAK ADA,2026-10-07 11:00:01,Biasa / Mengikuti Pasar
11:00,SHIP,Transaksi Sepi (Skip Broksum),Mid Cap (Lapis 2),Overvalued (Mahal),26.264292,45535.71,2550.0,2633,2400,2900,-0.390625,60100,Normal,51,Negatif,Downtrend,Bearish,Bearish MACD,Konsolidasi / Transisi,Normal,Distribusi (Turun),Normal,Seimbang / Adu Mekanik,Bottom Rebound,Sedang,Doji (Ragu-ragu),Area Tengah,< 1 Miliar,Persis di VWAP,Akumulasi Pro (Smart Money),Gorengan Sepi (< 5M),Normal (50-150%),Distribution (Fase Jualan),Solid (Jarang Dibanting),Jarum Bawah (Sinyal Pantulan Kuat),Turun 4 Hari Beruntun,TP: 2803 | CL: 2380,Normal,Ideal (1:2),Golden Cross (Awal Bullish),Netral / Sepi Berita,Normal / Sedang Transisi,Mengambang (Jauh dari Fibo),1,WAIT & SEE,TIDAK ADA,2026-10-07 11:00:01,Biasa / Mengikuti Pasar
11:00,CASA,Transaksi Sepi (Skip Broksum),Big Cap (Lapis 1),Overvalued (Mahal),674.1573,11.974295,1800.0,1823,1760,2000,1.4084507042253522,6900,Normal,47,Positif,Downtrend,Bullish,Strong Bearish,Perfect Uptrend (5>20>50),Normal,Distribusi (Turun),Normal,Dominan Jual (Guyur),Normal,Sedang,Normal,Dekat Support (Low Risk),< 1 Miliar,Persis di VWAP,Distribusi Pro (Guyuran),Gorengan Sepi (< 5M),Sepi (< 50%),Distribution (Fase Jualan),Spesialis Tiang Jemuran (Banting Pucuk),Normal,Naik 1 Hari Beruntun,TP: 1851 | CL: 1765,Normal,Sangat Menarik (> 1:3),Golden Cross (Awal Bullish),Netral / Sepi Berita,Supply Banjir (Distribusi) 🌊,Dekat Support Fibo Bottom / 100%,2,WAIT & SEE,TIDAK ADA,2026-10-07 11:00:01,Biasa / Mengikuti Pasar
11:00,DAYA,Transaksi Sepi (Skip Broksum),Mid Cap (Lapis 2),Overvalued (Mahal),31.564726,16.280249,1285.0,1099,990,1415,13.215859030837004,332600,Tembus MA20,73,Positif,Uptrend,Bullish,Strong Bullish,Perfect Uptrend (5>20>50),Akumulasi Kuat,Akumulasi (Naik),Gap Up (+2.2%),Seimbang / Adu Mekanik,Breakout Upper,Tinggi,Normal,Rawan Pucuk (High Risk),< 1 Miliar,Di Atas VWAP (Kuat),Akumulasi Pro (Smart Money),Gorengan Sepi (< 5M),Ledakan Ekstrem (> 300%),Mark-Up (Fase Pesta),Normal,Normal,Naik 2 Hari Beruntun,TP: 1428 | CL: 1189,Normal,Tidak Ideal (< 1:1),Netral / Sideways,Netral / Sepi Berita,Normal / Sedang Transisi,Mendekati Fibo 38.2%,9,BELI,TIDAK ADA,2026-10-07 11:00:01,⚠️ Anomali (Sudah Terbang)
11:00,DPUM,Token Mati (Perlu Update),Small Cap (Lapis 3),Fair Value (Wajar),0.0,1.7818694,145.0,131,97,180,25.0,123305300,Tembus MA20,61,Positif,Uptrend,Bearish,Bearish MACD,Konsolidasi / Transisi,Normal,Akumulasi (Naik),Normal,Dominan Beli (Hajar Kanan),Normal,Tinggi,Marubozu (Strong Bullish),Rawan Pucuk (High Risk),> 1 Miliar,Di Atas VWAP (Kuat),Akumulasi Pro (Smart Money),Ritel Aktif (5M - 50M),Anomali Tinggi (150-300%),Mark-Up (Fase Pesta),Normal,Normal,Naik 3 Hari Beruntun,TP: 169 | CL: 128,Normal,Tidak Ideal (< 1:1),Netral / Sideways,Netral / Sepi Berita,Normal / Sedang Transisi,Dekat Support Fibo 38.2%,6,WAIT & SEE,TIDAK ADA,2026-10-07 11:00:01,⚠️ Anomali (Sudah Terbang)
11:00,IDPR,Transaksi Sepi (Skip Broksum),Small Cap (Lapis 3),Fair Value (Wajar),15.061728,0.7022007,244.0,259,230,308,0.0,2800,Normal,37,Negatif,Downtrend,Bearish,Strong Bearish,Strong Downtrend (5<20<50),Normal,Akumulasi (Naik),Gap Up (+2.5%),Dominan Jual (Guyur),Normal,Tinggi,Normal,Area Tengah,< 1 Miliar,Di Bawah VWAP (Lemah),Distribusi Pro (Guyuran),Gorengan Sepi (< 5M),Sepi (< 50%),Mark-Down (Fase Runtuh),Spesialis Tiang Jemuran (Banting Pucuk),Normal,Sideways / Stagnan,TP: 265 | CL: 229,Open = High (Tekanan Jual),Sangat Menarik (> 1:3),Golden Cross (Awal Bullish),Netral / Sepi Berita,Normal / Sedang Transisi,Mengambang (Jauh dari Fibo),2,WAIT & SEE,TIDAK ADA,2026-10-07 11:00:01,Biasa / Mengikuti Pasar
11:00,JGLE,Token Mati (Perlu Update),Mid Cap (Lapis 2),Fair Value (Wajar),0.0,1.0757678,51.0,61,44,83,0.0,38286700,Normal,32,Negatif,Downtrend,Bearish,Strong Bearish,Strong Downtrend (5<20<50),Normal,Akumulasi (Naik),Normal,Seimbang / Adu Mekanik,Normal,Tinggi,Doji (Ragu-ragu),Rawan Pucuk (High Risk),> 1 Miliar,Di Atas VWAP (Kuat),Akumulasi Pro (Smart Money),Ritel Aktif (5M - 50M),Sepi (< 50%),Mark-Down (Fase Runtuh),Normal,Normal,Sideways / Stagnan,TP: 58 | CL: 45,Normal,Sangat Menarik (> 1:3),Golden Cross (Awal Bullish),Netral / Sepi Berita,Normal / Sedang Transisi,Mengambang (Jauh dari Fibo),1,WAIT & SEE,TIDAK ADA,2026-10-07 11:00:01,Biasa / Mengikuti Pasar
11:00,KINO,Transaksi Sepi (Skip Broksum),Mid Cap (Lapis 2),Undervalued (Murah),8.629756,1.0660964,1395.0,1380,1325,1430,-1.4134275618374559,33500,Normal,57,Negatif,Uptrend,Bullish,Bearish MACD,Perfect Uptrend (5>20>50),Normal,Akumulasi (Naik),Normal,Dominan Jual (Guyur),Squeeze,Rendah,Normal,Area Tengah,< 1 Miliar,Di Atas VWAP (Kuat),Akumulasi Pro (Smart Money),Gorengan Sepi (< 5M),Sepi (< 50%),Mark-Up (Fase Pesta),Spesialis Tiang Jemuran (Banting Pucuk),Normal,Turun 1 Hari Beruntun,TP: 1447 | CL: 1360,Normal,Tidak Ideal (< 1:1),Death Cross (Awal Bearish),Netral / Sepi Berita,Normal / Sedang Transisi,Mendekati Fibo 23.6%,4,WAIT & SEE,TIDAK ADA,2026-10-07 11:00:01,Biasa / Mengikuti Pasar
11:00,OASA,Transaksi Sepi (Skip Broksum),Mid Cap (Lapis 2),Overvalued (Mahal),0.0,3.031295,250.0,268,230,328,0.0,2332400,Normal,36,Negatif,Downtrend,Bearish,Strong Bearish,Strong Downtrend (5<20<50),Normal,Akumulasi (Naik),Normal,Seimbang / Adu Mekanik,Normal,Tinggi,Normal,Area Tengah,< 1 Miliar,Di Atas VWAP (Kuat),Distribusi Pro (Guyuran),Gorengan Sepi (< 5M),Sepi (< 50%),Mark-Down (Fase Runtuh),Normal,Normal,Sideways / Stagnan,TP: 272 | CL: 235,Open = High (Tekanan Jual),Sangat Menarik (> 1:3),Golden Cross (Awal Bullish),Netral / Sepi Berita,Normal / Sedang Transisi,Mengambang (Jauh dari Fibo),1,WAIT & SEE,TIDAK ADA,2026-10-07 11:00:01,Biasa / Mengikuti Pasar
11:00,POWR,Transaksi Sepi (Skip Broksum),Big Cap (Lapis 1),Overvalued (Mahal),13.21404,21333.332,960.0,970,900,1025,-0.5181347150259068,425300,Normal,54,Negatif,Downtrend,Bearish,Bearish MACD,Konsolidasi / Transisi,Normal,Akumulasi (Naik),Normal,Dominan Jual (Guyur),Normal,Sedang,Normal,Area Tengah,< 1 Miliar,Persis di VWAP,Akumulasi Pro (Smart Money),Gorengan Sepi (< 5M),Sepi (< 50%),Distribution (Fase Jualan),Solid (Jarang Dibanting),Normal,Turun 2 Hari Beruntun,TP: 1012 | CL: 925,Normal,Menengah (1:1),Netral / Sideways,Netral / Sepi Berita,Supply Kering (Siap Pump) 🏜️,Mendekati Fibo 38.2%,2,WAIT & SEE,TIDAK ADA,2026-10-07 11:00:01,Biasa / Mengikuti Pasar
11:00,PBSA,Transaksi Sepi (Skip Broksum),Mid Cap (Lapis 2),Overvalued (Mahal),9.049255,3.1128466,785.0,760,710,850,-0.6329113924050633,269000,Normal,53,Negatif,Uptrend,Golden Cross,Bullish MACD,Awal Reversal (5>20),Normal,Akumulasi (Naik),Normal,Seimbang / Adu Mekanik,Normal,Sedang,Normal,Rawan Pucuk (High Risk),< 1 Miliar,Di Atas VWAP (Kuat),Akumulasi Pro (Smart Money),Gorengan Sepi (< 5M),Sepi (< 50%),Accumulation (Kumpul Barang),Spesialis Tiang Jemuran (Banting Pucuk),Normal,Turun 1 Hari Beruntun,TP: 850 | CL: 741,Open = High (Tekanan Jual),Tidak Ideal (< 1:1),Netral / Sideways,Netral / Sepi Berita,Normal / Sedang Transisi,Mendekati Fibo 78.6%,5,WAIT & SEE,TIDAK ADA,2026-10-07 11:00:01,Biasa / Mengikuti Pasar
11:00,PRDA,Token Mati (Perlu Update),Mid Cap (Lapis 2),Undervalued (Murah),12.236629,1.1485838,3020.0,2841,2750,3030,1.342281879194631,549600,Normal,76,Positif,Uptrend,Bullish,Strong Bullish,Perfect Uptrend (5>20>50),Normal,Akumulasi (Naik),Normal,Dominan Beli (Hajar Kanan),Breakout Upper,Sedang,Normal,Area Tengah,> 1 Miliar,Di Atas VWAP (Kuat),Akumulasi Pro (Smart Money),Gorengan Sepi (< 5M),Normal (50-150%),Mark-Up (Fase Pesta),Normal,Normal,Naik 3 Hari Beruntun,TP: 3118 | CL: 2954,Normal,Tidak Ideal (< 1:1),Overbought (Jenuh Beli - Rawan),Netral / Sepi Berita,Normal / Sedang Transisi,Mendekati Fibo 23.6%,7,BELI,TIDAK ADA,2026-10-07 11:00:01,Biasa / Mengikuti Pasar
11:00,BOGA,Transaksi Sepi (Skip Broksum),Mid Cap (Lapis 2),Overvalued (Mahal),0.0,13.644421,1655.0,1571,1550,1675,2.1604938271604937,200,Normal,62,Positif,Uptrend,Bullish,Strong Bullish,Awal Reversal (5>20),Normal,Akumulasi (Naik),Gap Up (+2.2%),Tidak Ada Transaksi,Squeeze,Rendah,Doji (Ragu-ragu),Area Tengah,< 1 Miliar,Di Atas VWAP (Kuat),Distribusi Pro (Guyuran),Gorengan Sepi (< 5M),Sepi (< 50%),Accumulation (Kumpul Barang),Normal,Normal,Naik 3 Hari Beruntun,TP: 1695 | CL: 1627,Normal,Tidak Ideal (< 1:1),Netral / Sideways,Netral / Sepi Berita,Normal / Sedang Transisi,Mendekati Fibo 78.6%,7,BELI,TIDAK ADA,2026-10-07 11:00:01,Biasa / Mengikuti Pasar
11:00,BRIS,Token Mati (Perlu Update),Big Cap (Lapis 1),Undervalued (Murah),8.061243,1.2562474,1390.0,1559,1375,1785,-1.4184397163120568,12080400,Normal,16,Negatif,Downtrend,Bearish,Strong Bearish,Strong Downtrend (5<20<50),Normal,Distribusi (Turun),Normal,Dominan Jual (Guyur),Normal,Tinggi,Normal,Dekat Support (Low Risk),> 1 Miliar,Di Bawah VWAP (Lemah),Akumulasi Pro (Smart Money),Ritel Aktif (5M - 50M),Sepi (< 50%),Mark-Down (Fase Runtuh),Normal,Normal,Turun 2 Hari Beruntun,TP: 1463 | CL: 1341,Normal,Sangat Menarik (> 1:3),Oversold (Jenuh Jual - Peluang),Netral / Sepi Berita,Normal / Sedang Transisi,Golden Rebound Fibo Bottom / 100% 🎯,0,WAIT & SEE,TIDAK ADA,2026-10-07 11:00:01,Biasa / Mengikuti Pasar
11:00,PORT,Transaksi Sepi (Skip Broksum),Mid Cap (Lapis 2),Fair Value (Wajar),17.113365,2.1277986,915.0,947,890,1080,-3.1746031746031744,300,Normal,42,Negatif,Downtrend,Bearish,Bearish MACD,Konsolidasi / Transisi,Normal,Distribusi (Turun),Normal,Dominan Jual (Guyur),Squeeze,Rendah,Normal,Dekat Support (Low Risk),< 1 Miliar,Di Bawah VWAP (Lemah),Akumulasi Pro (Smart Money),Gorengan Sepi (< 5M),Sepi (< 50%),Distribution (Fase Jualan),Normal,Normal,Turun 2 Hari Beruntun,TP: 975 | CL: 874,Open = High (Tekanan Jual),Sangat Menarik (> 1:3),Netral / Sideways,Netral / Sepi Berita,Supply Kering (Siap Pump) 🏜️,Golden Rebound Fibo 61.8% (Golden Ratio) 🎯,0,WAIT & SEE,TIDAK ADA,2026-10-07 11:00:01,Biasa / Mengikuti Pasar
11:00,CARS,Transaksi Sepi (Skip Broksum),Mid Cap (Lapis 2),Undervalued (Murah),10.018904,1.4436107,105.0,113,96,133,0.0,5809400,Normal,41,Negatif,Downtrend,Bearish,Strong Bearish,Konsolidasi / Transisi,Normal,Distribusi (Turun),Normal,Dominan Beli (Hajar Kanan),Normal,Tinggi,Hammer (Potensi Reversal),Area Tengah,< 1 Miliar,Di Bawah VWAP (Lemah),Distribusi Pro (Guyuran),Gorengan Sepi (< 5M),Normal (50-150%),Distribution (Fase Jualan),Spesialis Tiang Jemuran (Banting Pucuk),Jarum Bawah (Sinyal Pantulan Kuat),Sideways / Stagnan,TP: 116 | CL: 97,Open = High (Tekanan Jual),Sangat Menarik (> 1:3),Golden Cross (Awal Bullish),Netral / Sepi Berita,Normal / Sedang Transisi,Mendekati Fibo 61.8% (Golden Ratio),1,WAIT & SEE,TIDAK ADA,2026-10-07 11:00:01,Biasa / Mengikuti Pasar
11:00,MINA,Token Mati (Perlu Update),Mid Cap (Lapis 2),Overvalued (Mahal),0.0,8.644401,218.0,233,191,290,-2.6785714285714284,14398500,Normal,37,Negatif,Downtrend,Bearish,Strong Bearish,Strong Downtrend (5<20<50),Normal,Akumulasi (Naik),Normal,Dominan Jual (Guyur),Normal,Tinggi,Normal,Rawan Pucuk (High Risk),> 1 Miliar,Di Atas VWAP (Kuat),Akumulasi Pro (Smart Money),Ritel Aktif (5M - 50M),Sepi (< 50%),Mark-Down (Fase Runtuh),Spesialis Tiang Jemuran (Banting Pucuk),Normal,Turun 1 Hari Beruntun,TP: 240 | CL: 203,Normal,Ideal (1:2),Golden Cross (Awal Bullish),Netral / Sepi Berita,Normal / Sedang Transisi,Dekat Support Fibo 78.6%,1,WAIT & SEE,TIDAK ADA,2026-10-07 11:00:01,Biasa / Mengikuti Pasar
11:00,CLEO,Token Mati (Perlu Update),Big Cap (Lapis 1),Overvalued (Mahal),23.877203,4.0242605,420.0,417,400,440,-0.47393364928909953,2929300,Normal,54,Negatif,Uptrend,Bullish,Bearish MACD,Perfect Uptrend (5>20>50),Normal,Akumulasi (Naik),Normal,Dominan Jual (Guyur),Squeeze,Rendah,Normal,Area Tengah,> 1 Miliar,Persis di VWAP,Akumulasi Pro (Smart Money),Gorengan Sepi (< 5M),Sepi (< 50%),Mark-Up (Fase Pesta),Normal,Normal,Turun 2 Hari Beruntun,TP: 435 | CL: 409,Normal,Menengah (1:1),Death Cross (Awal Bearish),Netral / Sepi Berita,Normal / Sedang Transisi,Dekat Support Fibo 38.2%,4,WAIT & SEE,TIDAK ADA,2026-10-07 11:00:01,Biasa / Mengikuti Pasar
11:00,TAMU,Transaksi Sepi (Skip Broksum),Mid Cap (Lapis 2),Fair Value (Wajar),0.0,0.0,27.0,26,22,37,0.0,2644600,Normal,52,Negatif,Uptrend,Bearish,Bearish MACD,Konsolidasi / Transisi,Normal,Akumulasi (Naik),Normal,Dominan Beli (Hajar Kanan),Normal,Tinggi,Doji (Ragu-ragu),Rawan Pucuk (High Risk),< 1 Miliar,Di Atas VWAP (Kuat),Akumulasi Pro (Smart Money),Gorengan Sepi (< 5M),Sepi (< 50%),Mark-Up (Fase Pesta),Normal,Jarum Bawah (Sinyal Pantulan Kuat),Sideways / Stagnan,TP: 31 | CL: 24,Normal,Ideal (1:2),Golden Cross (Awal Bullish),Netral / Sepi Berita,Normal / Sedang Transisi,Mengambang (Jauh dari Fibo),4,WAIT & SEE,TIDAK ADA,2026-10-07 11:00:01,Biasa / Mengikuti Pasar
11:00,CSIS,Transaksi Sepi (Skip Broksum),Small Cap (Lapis 3),Overvalued (Mahal),27.609135,0.8915776,191.0,197,165,216,-7.281553398058252,4781200,Tembus MA20,46,Negatif,Downtrend,Bearish,Strong Bearish,Strong Downtrend (5<20<50),Normal,Akumulasi (Naik),Normal,Dominan Jual (Guyur),Normal,Tinggi,Normal,Rawan Pucuk (High Risk),< 1 Miliar,Di Bawah VWAP (Lemah),Akumulasi Pro (Smart Money),Gorengan Sepi (< 5M),Normal (50-150%),Mark-Down (Fase Runtuh),Spesialis Tiang Jemuran (Banting Pucuk),Normal,Turun 1 Hari Beruntun,TP: 213 | CL: 176,Open = High (Tekanan Jual),Tidak Ideal (< 1:1),Netral / Sideways,Netral / Sepi Berita,Supply Banjir (Distribusi) 🌊,Mendekati Fibo 61.8% (Golden Ratio),2,WAIT & SEE,TIDAK ADA,2026-10-07 11:00:01,Biasa / Mengikuti Pasar
11:00,FIRE,Transaksi Sepi (Skip Broksum),Small Cap (Lapis 3),Fair Value (Wajar),21.333334,0.6835228,112.0,115,101,133,0.0,2646600,Normal,48,Negatif,Downtrend,Bearish,Strong Bearish,Konsolidasi / Transisi,Normal,Akumulasi (Naik),Normal,Dominan Jual (Guyur),Normal,Tinggi,Doji (Ragu-ragu),Rawan Pucuk (High Risk),< 1 Miliar,Di Atas VWAP (Kuat),Akumulasi Pro (Smart Money),Gorengan Sepi (< 5M),Sepi (< 50%),Distribution (Fase Jualan),Normal,Normal,Sideways / Stagnan,TP: 122 | CL: 104,Normal,Ideal (1:2),Golden Cross (Awal Bullish),Netral / Sepi Berita,Normal / Sedang Transisi,Mendekati Fibo 78.6%,1,WAIT & SEE,TIDAK ADA,2026-10-07 11:00:01,Biasa / Mengikuti Pasar
11:00,KMTR,Transaksi Sepi (Skip Broksum),Mid Cap (Lapis 2),Fair Value (Wajar),0.0,0.9441409,244.0,249,230,264,0.0,17400,Normal,48,Negatif,Downtrend,Bearish,Strong Bearish,Konsolidasi / Transisi,Normal,Akumulasi (Naik),Gap Up (+4.1%),Dominan Jual (Guyur),Normal,Sedang,Normal,Area Tengah,< 1 Miliar,Persis di VWAP,Distribusi Pro (Guyuran),Gorengan Sepi (< 5M),Sepi (< 50%),Distribution (Fase Jualan),Spesialis Tiang Jemuran (Banting Pucuk),Normal,Sideways / Stagnan,TP: 263 | CL: 230,Open = High (Tekanan Jual),Menengah (1:1),Golden Cross (Awal Bullish),Netral / Sepi Berita,Normal / Sedang Transisi,Dekat Support Fibo 50.0%,2,WAIT & SEE,TIDAK ADA,2026-10-07 11:00:01,Biasa / Mengikuti Pasar
11:00,MAPB,Transaksi Sepi (Skip Broksum),Mid Cap (Lapis 2),Fair Value (Wajar),0.0,2.2274842,1190.0,1187,1005,1400,-0.41841004184100417,500,Normal,52,Negatif,Uptrend,Bearish,Bullish MACD,Konsolidasi / Transisi,Normal,Akumulasi (Naik),Normal,Tidak Ada Transaksi,Normal,Tinggi,Doji (Ragu-ragu),Rawan Pucuk (High Risk),< 1 Miliar,Di Atas VWAP (Kuat),Akumulasi Pro (Smart Money),Gorengan Sepi (< 5M),Sepi (< 50%),Mark-Up (Fase Pesta),Normal,Normal,Turun 1 Hari Beruntun,TP: 1362 | CL: 1075,Normal,Menengah (1:1),Golden Cross (Awal Bullish),Netral / Sepi Berita,Normal / Sedang Transisi,Dekat Support Fibo 38.2%,4,WAIT & SEE,TIDAK ADA,2026-10-07 11:00:01,Biasa / Mengikuti Pasar
11:00,WOOD,Transaksi Sepi (Skip Broksum),Mid Cap (Lapis 2),Fair Value (Wajar),19.768663,0.2594023,188.0,192,173,212,1.0752688172043012,382400,Normal,43,Positif,Downtrend,Bearish,Strong Bearish,Strong Downtrend (5<20<50),Normal,Distribusi (Turun),Normal,Seimbang / Adu Mekanik,Normal,Tinggi,Normal,Area Tengah,< 1 Miliar,Di Atas VWAP (Kuat),Distribusi Pro (Guyuran),Gorengan Sepi (< 5M),Sepi (< 50%),Mark-Down (Fase Runtuh),Normal,Normal,Naik 3 Hari Beruntun,TP: 200 | CL: 179,Normal,Ideal (1:2),Netral / Sideways,Netral / Sepi Berita,Normal / Sedang Transisi,Mengambang (Jauh dari Fibo),1,WAIT & SEE,TIDAK ADA,2026-10-07 11:00:01,Biasa / Mengikuti Pasar
11:00,HRTA,Token Mati (Perlu Update),Mid Cap (Lapis 2),Fair Value (Wajar),7.5141106,2.675079,2170.0,2193,2070,2360,-0.91324200913242,1038300,Normal,48,Negatif,Downtrend,Death Cross,Bearish MACD,Konsolidasi / Transisi,Normal,Distribusi (Turun),Normal,Dominan Jual (Guyur),Normal,Sedang,Normal,Area Tengah,> 1 Miliar,Di Bawah VWAP (Lemah),Distribusi Pro (Guyuran),Ritel Aktif (5M - 50M),Sepi (< 50%),Distribution (Fase Jualan),Normal,Normal,Turun 2 Hari Beruntun,TP: 2300 | CL: 2082,Open = High (Tekanan Jual),Ideal (1:2),Netral / Sideways,Netral / Sepi Berita,Normal / Sedang Transisi,Dekat Support Fibo 38.2%,0,WAIT & SEE,TIDAK ADA,2026-10-07 11:00:01,Biasa / Mengikuti Pasar
11:00,HOKI,Transaksi Sepi (Skip Broksum),Small Cap (Lapis 3),Fair Value (Wajar),0.0,0.7983307,44.0,48,37,61,0.0,6432700,Normal,39,Negatif,Downtrend,Bearish,Strong Bearish,Strong Downtrend (5<20<50),Normal,Akumulasi (Naik),Normal,Seimbang / Adu Mekanik,Normal,Tinggi,Doji (Ragu-ragu),Rawan Pucuk (High Risk),< 1 Miliar,Di Atas VWAP (Kuat),Akumulasi Pro (Smart Money),Gorengan Sepi (< 5M),Sepi (< 50%),Mark-Down (Fase Runtuh),Spesialis Tiang Jemuran (Banting Pucuk),Normal,Sideways / Stagnan,TP: 50 | CL: 39,Normal,Ideal (1:2),Netral / Sideways,Netral / Sepi Berita,Normal / Sedang Transisi,Mendekati Fibo 78.6%,1,WAIT & SEE,TIDAK ADA,2026-10-07 11:00:01,Biasa / Mengikuti Pasar
11:00,MPOW,Transaksi Sepi (Skip Broksum),Small Cap (Lapis 3),Fair Value (Wajar),15.815084,0.8836174,104.0,107,92,122,-0.9523809523809524,636700,Normal,45,Negatif,Downtrend,Bearish,Strong Bearish,Strong Downtrend (5<20<50),Normal,Akumulasi (Naik),Normal,Seimbang / Adu Mekanik,Normal,Tinggi,Doji (Ragu-ragu),Rawan Pucuk (High Risk),< 1 Miliar,Di Bawah VWAP (Lemah),Distribusi Pro (Guyuran),Gorengan Sepi (< 5M),Sepi (< 50%),Mark-Down (Fase Runtuh),Spesialis Tiang Jemuran (Banting Pucuk),Normal,Turun 1 Hari Beruntun,TP: 114 | CL: 97,Normal,Ideal (1:2),Netral / Sideways,Netral / Sepi Berita,Normal / Sedang Transisi,Mendekati Fibo 78.6%,1,WAIT & SEE,TIDAK ADA,2026-10-07 11:00:01,Biasa / Mengikuti Pasar
11:00,MARK,Token Mati (Perlu Update),Mid Cap (Lapis 2),Overvalued (Mahal),13.383357,5.092214,1200.0,1166,1075,1265,-0.8264462809917356,4550900,Normal,60,Negatif,Uptrend,Bullish,Strong Bullish,Perfect Uptrend (5>20>50),Normal,Akumulasi (Naik),Normal,Dominan Jual (Guyur),Normal,Sedang,Normal,Rawan Pucuk (High Risk),> 1 Miliar,Di Atas VWAP (Kuat),Akumulasi Pro (Smart Money),Ritel Aktif (5M - 50M),Sepi (< 50%),Mark-Up (Fase Pesta),Spesialis Tiang Jemuran (Banting Pucuk),Normal,Turun 1 Hari Beruntun,TP: 1268 | CL: 1154,Normal,Tidak Ideal (< 1:1),Netral / Sideways,Netral / Sepi Berita,Normal / Sedang Transisi,Dekat Support Fibo 23.6%,5,WAIT & SEE,TIDAK ADA,2026-10-07 11:00:01,Biasa / Mengikuti Pasar
11:00,NASA,Transaksi Sepi (Skip Broksum),Small Cap (Lapis 3),Fair Value (Wajar),0.0,0.41357744,41.0,36,32,47,0.0,8024100,Normal,63,Negatif,Uptrend,Bullish,Strong Bullish,Perfect Uptrend (5>20>50),Normal,Akumulasi (Naik),Gap Down (-2.4%),Seimbang / Adu Mekanik,Normal,Tinggi,Normal,Rawan Pucuk (High Risk),< 1 Miliar,Di Atas VWAP (Kuat),Akumulasi Pro (Smart Money),Gorengan Sepi (< 5M),Sepi (< 50%),Mark-Up (Fase Pesta),Normal,Normal,Sideways / Stagnan,TP: 48 | CL: 35,Normal,Tidak Ideal (< 1:1),Netral / Sideways,Netral / Sepi Berita,Normal / Sedang Transisi,Mendekati Fibo 38.2%,5,WAIT & SEE,TIDAK ADA,2026-10-07 11:00:01,Biasa / Mengikuti Pasar
11:00,MDKI,Transaksi Sepi (Skip Broksum),Small Cap (Lapis 3),Undervalued (Murah),12.749159,0.51739305,197.0,193,188,200,0.0,43400,Normal,58,Negatif,Uptrend,Bullish,Strong Bullish,Perfect Uptrend (5>20>50),Normal,Akumulasi (Naik),Normal,Seimbang / Adu Mekanik,Squeeze,Rendah,Normal,Area Tengah,< 1 Miliar,Di Atas VWAP (Kuat),Distribusi Pro (Guyuran),Gorengan Sepi (< 5M),Sepi (< 50%),Mark-Up (Fase Pesta),Spesialis Tiang Jemuran (Banting Pucuk),Normal,Sideways / Stagnan,TP: 204 | CL: 191,Open = High (Tekanan Jual),Tidak Ideal (< 1:1),Netral / Sideways,Netral / Sepi Berita,Normal / Sedang Transisi,Dekat Support Fibo 38.2%,5,WAIT & SEE,TIDAK ADA,2026-10-07 11:00:01,Biasa / Mengikuti Pasar
11:00,BELL,Transaksi Sepi (Skip Broksum),Small Cap (Lapis 3),Overvalued (Mahal),1507.6924,2.9529636,98.0,101,84,131,1.0309278350515463,2952700,Normal,44,Positif,Downtrend,Bearish,Strong Bearish,Strong Downtrend (5<20<50),Normal,Akumulasi (Naik),Normal,Seimbang / Adu Mekanik,Normal,Tinggi,Doji (Ragu-ragu),Rawan Pucuk (High Risk),< 1 Miliar,Di Atas VWAP (Kuat),Akumulasi Pro (Smart Money),Gorengan Sepi (< 5M),Sepi (< 50%),Mark-Down (Fase Runtuh),Spesialis Tiang Jemuran (Banting Pucuk),Normal,Naik 3 Hari Beruntun,TP: 110 | CL: 89,Normal,Ideal (1:2),Golden Cross (Awal Bullish),Netral / Sepi Berita,Normal / Sedang Transisi,Dekat Support Fibo 78.6%,2,WAIT & SEE,TIDAK ADA,2026-10-07 11:00:01,Biasa / Mengikuti Pasar
11:00,KIOS,Transaksi Sepi (Skip Broksum),Small Cap (Lapis 3),Overvalued (Mahal),57.142857,0.6566296,84.0,88,63,120,0.0,4657200,Normal,43,Negatif,Downtrend,Bearish,Strong Bearish,Strong Downtrend (5<20<50),Normal,Akumulasi (Naik),Normal,Dominan Beli (Hajar Kanan),Normal,Tinggi,Doji (Ragu-ragu),Rawan Pucuk (High Risk),< 1 Miliar,Di Atas VWAP (Kuat),Akumulasi Pro (Smart Money),Gorengan Sepi (< 5M),Sepi (< 50%),Mark-Down (Fase Runtuh),Normal,Jarum Bawah (Sinyal Pantulan Kuat),Sideways / Stagnan,TP: 95 | CL: 76,Normal,Ideal (1:2),Netral / Sideways,Netral / Sepi Berita,Normal / Sedang Transisi,Mengambang (Jauh dari Fibo),2,WAIT & SEE,TIDAK ADA,2026-10-07 11:00:01,Biasa / Mengikuti Pasar
11:00,GMFI,Token Mati (Perlu Update),Mid Cap (Lapis 2),Overvalued (Mahal),3.585927,52999.996,53.0,54,48,60,0.0,54994500,Normal,42,Negatif,Downtrend,Bearish,Strong Bearish,Strong Downtrend (5<20<50),Normal,Akumulasi (Naik),Normal,Seimbang / Adu Mekanik,Normal,Tinggi,Doji (Ragu-ragu),Rawan Pucuk (High Risk),> 1 Miliar,Di Atas VWAP (Kuat),Akumulasi Pro (Smart Money),Gorengan Sepi (< 5M),Normal (50-150%),Mark-Down (Fase Runtuh),Solid (Jarang Dibanting),Jarum Bawah (Sinyal Pantulan Kuat),Sideways / Stagnan,TP: 57 | CL: 50,Normal,Menengah (1:1),Golden Cross (Awal Bullish),Netral / Sepi Berita,Normal / Sedang Transisi,Golden Rebound Fibo 78.6% 🎯,1,WAIT & SEE,TIDAK ADA,2026-10-07 11:00:01,Biasa / Mengikuti Pasar
11:00,MTWI,Transaksi Sepi (Skip Broksum),Small Cap (Lapis 3),Overvalued (Mahal),56.306305,1.7704381,250.0,267,240,290,-3.8461538461538463,27600,Normal,38,Negatif,Downtrend,Bearish,Strong Bearish,Konsolidasi / Transisi,Normal,Distribusi (Turun),Normal,Seimbang / Adu Mekanik,Normal,Sedang,Normal,Area Tengah,< 1 Miliar,Di Bawah VWAP (Lemah),Akumulasi Pro (Smart Money),Gorengan Sepi (< 5M),Anomali Tinggi (150-300%),Distribution (Fase Jualan),Spesialis Tiang Jemuran (Banting Pucuk),Normal,Turun 1 Hari Beruntun,TP: 276 | CL: 232,Open = High (Tekanan Jual),Sangat Menarik (> 1:3),Netral / Sideways,Netral / Sepi Berita,Supply Kering (Siap Pump) 🏜️,Golden Rebound Fibo 78.6% 🎯,0,WAIT & SEE,TIDAK ADA,2026-10-07 11:00:01,Biasa / Mengikuti Pasar
11:00,MCAS,Transaksi Sepi (Skip Broksum),Small Cap (Lapis 3),Fair Value (Wajar),0.0,1.3402717,230.0,250,198,304,-0.8620689655172413,163000,Normal,38,Negatif,Downtrend,Bearish,Strong Bearish,Strong Downtrend (5<20<50),Normal,Akumulasi (Naik),Normal,Dominan Jual (Guyur),Normal,Tinggi,Normal,Rawan Pucuk (High Risk),< 1 Miliar,Di Bawah VWAP (Lemah),Distribusi Pro (Guyuran),Gorengan Sepi (< 5M),Sepi (< 50%),Mark-Down (Fase Runtuh),Spesialis Tiang Jemuran (Banting Pucuk),Normal,Turun 1 Hari Beruntun,TP: 265 | CL: 206,Normal,Ideal (1:2),Golden Cross (Awal Bullish),Netral / Sepi Berita,Normal / Sedang Transisi,Mengambang (Jauh dari Fibo),1,WAIT & SEE,TIDAK ADA,2026-10-07 11:00:01,Biasa / Mengikuti Pasar
11:00,PPRE,Transaksi Sepi (Skip Broksum),Small Cap (Lapis 3),Fair Value (Wajar),0.0,1.0031085,92.0,98,82,109,-1.0752688172043012,3117400,Normal,40,Negatif,Downtrend,Bearish,Strong Bearish,Strong Downtrend (5<20<50),Normal,Akumulasi (Naik),Normal,Seimbang / Adu Mekanik,Normal,Tinggi,Normal,Rawan Pucuk (High Risk),< 1 Miliar,Di Atas VWAP (Kuat),Akumulasi Pro (Smart Money),Gorengan Sepi (< 5M),Sepi (< 50%),Mark-Down (Fase Runtuh),Normal,Normal,Turun 1 Hari Beruntun,TP: 100 | CL: 86,Normal,Ideal (1:2),Golden Cross (Awal Bullish),Netral / Sepi Berita,Normal / Sedang Transisi,Dekat Support Fibo 78.6%,1,WAIT & SEE,TIDAK ADA,2026-10-07 11:00:01,Biasa / Mengikuti Pasar
11:00,WEGE,Transaksi Sepi (Skip Broksum),Small Cap (Lapis 3),Fair Value (Wajar),0.0,0.20293714,41.0,45,35,53,0.0,7381400,Normal,35,Negatif,Downtrend,Bearish,Strong Bearish,Strong Downtrend (5<20<50),Normal,Akumulasi (Naik),Normal,Seimbang / Adu Mekanik,Normal,Tinggi,Doji (Ragu-ragu),Rawan Pucuk (High Risk),< 1 Miliar,Di Atas VWAP (Kuat),Akumulasi Pro (Smart Money),Gorengan Sepi (< 5M),Sepi (< 50%),Mark-Down (Fase Runtuh),Normal,Jarum Bawah (Sinyal Pantulan Kuat),Sideways / Stagnan,TP: 44 | CL: 38,Normal,Ideal (1:2),Golden Cross (Awal Bullish),Netral / Sepi Berita,Normal / Sedang Transisi,Mengambang (Jauh dari Fibo),1,WAIT & SEE,TIDAK ADA,2026-10-07 11:00:01,Biasa / Mengikuti Pasar
11:00,PSSI,Transaksi Sepi (Skip Broksum),Mid Cap (Lapis 2),Overvalued (Mahal),0.0,12620.69,366.0,357,334,444,1.1049723756906076,94600,Normal,65,Positif,Uptrend,Bullish,Bearish MACD,Perfect Uptrend (5>20>50),Normal,Distribusi (Turun),Normal,Seimbang / Adu Mekanik,Squeeze,Rendah,Normal,Area Tengah,< 1 Miliar,Di Atas VWAP (Kuat),Distribusi Pro (Guyuran),Gorengan Sepi (< 5M),Sepi (< 50%),Mark-Up (Fase Pesta),Spesialis Tiang Jemuran (Banting Pucuk),Normal,Naik 2 Hari Beruntun,TP: 390 | CL: 349,Open = Low (Bullish Kuat),Ideal (1:2),Golden Cross (Awal Bullish),Netral / Sepi Berita,Normal / Sedang Transisi,Mendekati Fibo 50.0%,4,WAIT & SEE,TIDAK ADA,2026-10-07 11:00:01,Biasa / Mengikuti Pasar
11:00,MORA,Transaksi Sepi (Skip Broksum),Big Cap (Lapis 1),Overvalued (Mahal),182.0208,13.004591,4920.0,4887,4100,5425,-3.5294117647058822,58200,Normal,48,Negatif,Uptrend,Bearish,Bullish MACD,Strong Downtrend (5<20<50),Normal,Akumulasi (Naik),Normal,Dominan Jual (Guyur),Normal,Tinggi,Normal,Rawan Pucuk (High Risk),< 1 Miliar,Di Atas VWAP (Kuat),Akumulasi Pro (Smart Money),Gorengan Sepi (< 5M),Sepi (< 50%),Accumulation (Kumpul Barang),Normal,Normal,Turun 1 Hari Beruntun,TP: 5402 | CL: 4598,Normal,Tidak Ideal (< 1:1),Death Cross (Awal Bearish),Netral / Sepi Berita,Normal / Sedang Transisi,Mendekati Fibo 78.6%,3,WAIT & SEE,TIDAK ADA,2026-10-07 11:00:01,Biasa / Mengikuti Pasar
11:00,DWGL,Transaksi Sepi (Skip Broksum),Mid Cap (Lapis 2),Overvalued (Mahal),8.658009,3.4049404,220.0,221,200,240,0.0,261000,Normal,41,Negatif,Downtrend,Bearish,Bullish MACD,Strong Downtrend (5<20<50),Normal,Akumulasi (Naik),Normal,Seimbang / Adu Mekanik,Normal,Tinggi,Normal,Rawan Pucuk (High Risk),< 1 Miliar,Di Atas VWAP (Kuat),Akumulasi Pro (Smart Money),Gorengan Sepi (< 5M),Sepi (< 50%),Mark-Down (Fase Runtuh),Normal,Normal,Sideways / Stagnan,TP: 236 | CL: 209,Normal,Menengah (1:1),Netral / Sideways,Netral / Sepi Berita,Normal / Sedang Transisi,Mengambang (Jauh dari Fibo),2,WAIT & SEE,TIDAK ADA,2026-10-07 11:00:01,Biasa / Mengikuti Pasar
11:00,PBID,Transaksi Sepi (Skip Broksum),Mid Cap (Lapis 2),Undervalued (Murah),6.3760023,1.3332453,525.0,524,515,535,0.0,133200,Normal,52,Negatif,Uptrend,Bearish,Strong Bearish,Strong Downtrend (5<20<50),Normal,Akumulasi (Naik),Normal,Dominan Beli (Hajar Kanan),Squeeze,Rendah,Doji (Ragu-ragu),Dekat Support (Low Risk),< 1 Miliar,Persis di VWAP,Akumulasi Pro (Smart Money),Gorengan Sepi (< 5M),Sepi (< 50%),Accumulation (Kumpul Barang),Normal,Jarum Bawah (Sinyal Pantulan Kuat),Sideways / Stagnan,TP: 540 | CL: 515,Normal,Menengah (1:1),Netral / Sideways,Netral / Sepi Berita,Normal / Sedang Transisi,Golden Rebound Fibo 50.0% 🎯,4,WAIT & SEE,TIDAK ADA,2026-10-07 11:00:01,Biasa / Mengikuti Pasar
11:00,CAMP,Transaksi Sepi (Skip Broksum),Small Cap (Lapis 3),Undervalued (Murah),12.5,0.9277774,161.0,169,149,222,0.0,205800,Normal,42,Negatif,Downtrend,Bearish,Strong Bearish,Strong Downtrend (5<20<50),Normal,Akumulasi (Naik),Normal,Dominan Jual (Guyur),Normal,Tinggi,Doji (Ragu-ragu),Area Tengah,< 1 Miliar,Persis di VWAP,Distribusi Pro (Guyuran),Gorengan Sepi (< 5M),Sepi (< 50%),Mark-Down (Fase Runtuh),Spesialis Tiang Jemuran (Banting Pucuk),Normal,Sideways / Stagnan,TP: 179 | CL: 149,Normal,Sangat Menarik (> 1:3),Oversold (Jenuh Jual - Peluang),Netral / Sepi Berita,Normal / Sedang Transisi,Mengambang (Jauh dari Fibo),1,WAIT & SEE,TIDAK ADA,2026-10-07 11:00:01,Biasa / Mengikuti Pasar
11:00,IPCM,Transaksi Sepi (Skip Broksum),Mid Cap (Lapis 2),Undervalued (Murah),8.538786,1.132259,284.0,286,278,294,0.0,43500,Normal,41,Negatif,Downtrend,Bearish,Bullish MACD,Strong Downtrend (5<20<50),Normal,Distribusi (Turun),Normal,Seimbang / Adu Mekanik,Squeeze,Rendah,Normal,Dekat Support (Low Risk),< 1 Miliar,Persis di VWAP,Distribusi Pro (Guyuran),Gorengan Sepi (< 5M),Sepi (< 50%),Mark-Down (Fase Runtuh),Normal,Normal,Sideways / Stagnan,TP: 293 | CL: 277,Open = High (Tekanan Jual),Ideal (1:2),Golden Cross (Awal Bullish),Netral / Sepi Berita,Normal / Sedang Transisi,Dekat Support Fibo Bottom / 100%,1,WAIT & SEE,TIDAK ADA,2026-10-07 11:00:01,Biasa / Mengikuti Pasar
11:00,PCAR,Transaksi Sepi (Skip Broksum),Small Cap (Lapis 3),Fair Value (Wajar),0.0,1.0877165,70.0,53,43,75,0.0,10543900,Normal,79,Negatif,Uptrend,Bullish,Strong Bullish,Perfect Uptrend (5>20>50),Normal,Distribusi (Turun),Gap Up (+2.9%),Dominan Jual (Guyur),Normal,Tinggi,Normal,Rawan Pucuk (High Risk),< 1 Miliar,Di Atas VWAP (Kuat),Akumulasi Pro (Smart Money),Gorengan Sepi (< 5M),Sepi (< 50%),Mark-Up (Fase Pesta),Spesialis Tiang Jemuran (Banting Pucuk),Normal,Sideways / Stagnan,TP: 82 | CL: 61,Normal,Tidak Ideal (< 1:1),Overbought (Jenuh Beli - Rawan),Netral / Sepi Berita,Normal / Sedang Transisi,Mengambang (Jauh dari Fibo),5,WAIT & SEE,TIDAK ADA,2026-10-07 11:00:01,Biasa / Mengikuti Pasar
11:00,HELI,Token Mati (Perlu Update),Small Cap (Lapis 3),Overvalued (Mahal),10.315009,3.0529606,334.0,247,199,354,12.837837837837837,8947100,Tembus MA20,83,Positif,Uptrend,Bullish,Strong Bullish,Perfect Uptrend (5>20>50),Normal,Akumulasi (Naik),Normal,Seimbang / Adu Mekanik,Breakout Upper,Tinggi,Normal,Rawan Pucuk (High Risk),> 1 Miliar,Di Atas VWAP (Kuat),Akumulasi Pro (Smart Money),Gorengan Sepi (< 5M),Anomali Tinggi (150-300%),Mark-Up (Fase Pesta),Spesialis Tiang Jemuran (Banting Pucuk),Normal,Naik 3 Hari Beruntun,TP: 385 | CL: 300,Normal,Tidak Ideal (< 1:1),Overbought (Jenuh Beli - Rawan),Netral / Sepi Berita,Normal / Sedang Transisi,Mengambang (Jauh dari Fibo),7,BELI,TIDAK ADA,2026-10-07 11:00:01,⚠️ Anomali (Sudah Terbang)
11:00,GHON,Transaksi Sepi (Skip Broksum),Small Cap (Lapis 3),Undervalued (Murah),9.85469,1.2703522,1610.0,1642,1580,1705,0.0,3300,Normal,39,Negatif,Downtrend,Bearish,Strong Bearish,Konsolidasi / Transisi,Normal,Distribusi (Turun),Normal,Dominan Beli (Hajar Kanan),Squeeze,Rendah,Doji (Ragu-ragu),Dekat Support (Low Risk),< 1 Miliar,Persis di VWAP,Akumulasi Pro (Smart Money),Gorengan Sepi (< 5M),Sepi (< 50%),Distribution (Fase Jualan),Normal,Jarum Bawah (Sinyal Pantulan Kuat),Sideways / Stagnan,TP: 1660 | CL: 1576,Normal,Sangat Menarik (> 1:3),Golden Cross (Awal Bullish),Netral / Sepi Berita,Normal / Sedang Transisi,Golden Rebound Fibo 61.8% (Golden Ratio) 🎯,1,WAIT & SEE,TIDAK ADA,2026-10-07 11:00:01,Biasa / Mengikuti Pasar
11:00,DFAM,Token Mati (Perlu Update),Small Cap (Lapis 3),Overvalued (Mahal),0.0,22.290075,74.0,82,65,111,5.714285714285714,26637800,Normal,44,Positif,Downtrend,Bearish,Strong Bearish,Konsolidasi / Transisi,Normal,Akumulasi (Naik),Gap Up (+2.9%),Seimbang / Adu Mekanik,Normal,Tinggi,Normal,Rawan Pucuk (High Risk),> 1 Miliar,Di Atas VWAP (Kuat),Distribusi Pro (Guyuran),Gorengan Sepi (< 5M),Normal (50-150%),Distribution (Fase Jualan),Spesialis Tiang Jemuran (Banting Pucuk),Normal,Naik 3 Hari Beruntun,TP: 87 | CL: 65,Open = Low (Bullish Kuat),Sangat Menarik (> 1:3),Oversold (Jenuh Jual - Peluang),Netral / Sepi Berita,Normal / Sedang Transisi,Mengambang (Jauh dari Fibo),3,WAIT & SEE,TIDAK ADA,2026-10-07 11:00:01,Biasa / Mengikuti Pasar
11:00,BTPS,Token Mati (Perlu Update),Mid Cap (Lapis 2),Undervalued (Murah),5.9560933,0.71717155,955.0,981,915,1075,-0.5208333333333333,1421000,Normal,44,Negatif,Downtrend,Bearish,Strong Bearish,Strong Downtrend (5<20<50),Normal,Akumulasi (Naik),Normal,Seimbang / Adu Mekanik,Normal,Tinggi,Normal,Area Tengah,> 1 Miliar,Di Atas VWAP (Kuat),Akumulasi Pro (Smart Money),Gorengan Sepi (< 5M),Sepi (< 50%),Mark-Down (Fase Runtuh),Solid (Jarang Dibanting),Normal,Turun 1 Hari Beruntun,TP: 1001 | CL: 924,Normal,Sangat Menarik (> 1:3),Golden Cross (Awal Bullish),Netral / Sepi Berita,Normal / Sedang Transisi,Dekat Support Fibo 78.6%,1,WAIT & SEE,TIDAK ADA,2026-10-07 11:00:01,Biasa / Mengikuti Pasar
11:00,SPTO,Transaksi Sepi (Skip Broksum),Mid Cap (Lapis 2),Undervalued (Murah),6.290943,0.9527439,610.0,605,595,615,0.0,160200,Normal,55,Negatif,Uptrend,Golden Cross,Bullish MACD,Awal Reversal (5>20),Normal,Akumulasi (Naik),Normal,Seimbang / Adu Mekanik,Squeeze,Rendah,Doji (Ragu-ragu),Dekat Support (Low Risk),< 1 Miliar,Persis di VWAP,Akumulasi Pro (Smart Money),Gorengan Sepi (< 5M),Sepi (< 50%),Accumulation (Kumpul Barang),Solid (Jarang Dibanting),Normal,Sideways / Stagnan,TP: 623 | CL: 600,Normal,Tidak Ideal (< 1:1),Netral / Sideways,Netral / Sepi Berita,Normal / Sedang Transisi,Dekat Support Fibo 23.6%,5,WAIT & SEE,TIDAK ADA,2026-10-07 11:00:01,Biasa / Mengikuti Pasar
11:00,PRIM,Transaksi Sepi (Skip Broksum),Small Cap (Lapis 3),Fair Value (Wajar),0.0,0.46145085,128.0,122,113,134,-3.7593984962406015,1034700,Normal,62,Negatif,Uptrend,Bullish,Strong Bullish,Perfect Uptrend (5>20>50),Normal,Akumulasi (Naik),Normal,Dominan Jual (Guyur),Normal,Sedang,Normal,Rawan Pucuk (High Risk),< 1 Miliar,Di Atas VWAP (Kuat),Akumulasi Pro (Smart Money),Gorengan Sepi (< 5M),Sepi (< 50%),Mark-Up (Fase Pesta),Normal,Normal,Turun 1 Hari Beruntun,TP: 135 | CL: 122,Open = High (Tekanan Jual),Tidak Ideal (< 1:1),Death Cross (Awal Bearish),Netral / Sepi Berita,Normal / Sedang Transisi,Mendekati Fibo 23.6%,5,WAIT & SEE,TIDAK ADA,2026-10-07 11:00:01,Biasa / Mengikuti Pasar
11:00,HEAL,Token Mati (Perlu Update),Mid Cap (Lapis 2),Fair Value (Wajar),23.538643,1.6587508,595.0,638,575,690,-2.459016393442623,2818000,Normal,32,Negatif,Downtrend,Bearish,Strong Bearish,Strong Downtrend (5<20<50),Normal,Distribusi (Turun),Normal,Dominan Jual (Guyur),Normal,Tinggi,Normal,Area Tengah,> 1 Miliar,Di Bawah VWAP (Lemah),Akumulasi Pro (Smart Money),Ritel Aktif (5M - 50M),Sepi (< 50%),Mark-Down (Fase Runtuh),Normal,Normal,Turun 2 Hari Beruntun,TP: 629 | CL: 571,Open = High (Tekanan Jual),Sangat Menarik (> 1:3),Netral / Sideways,Netral / Sepi Berita,Normal / Sedang Transisi,Mendekati Fibo Bottom / 100%,0,WAIT & SEE,TIDAK ADA,2026-10-07 11:00:01,Biasa / Mengikuti Pasar
11:00,PZZA,Transaksi Sepi (Skip Broksum),Small Cap (Lapis 3),Overvalued (Mahal),29.85318,0.5303118,183.0,182,169,206,1.1049723756906076,877200,Normal,50,Positif,Uptrend,Bearish,Strong Bearish,Strong Downtrend (5<20<50),Normal,Akumulasi (Naik),Normal,Seimbang / Adu Mekanik,Normal,Sedang,Normal,Area Tengah,< 1 Miliar,Di Atas VWAP (Kuat),Distribusi Pro (Guyuran),Gorengan Sepi (< 5M),Normal (50-150%),Accumulation (Kumpul Barang),Spesialis Tiang Jemuran (Banting Pucuk),Normal,Naik 3 Hari Beruntun,TP: 193 | CL: 175,Normal,Ideal (1:2),Netral / Sideways,Netral / Sepi Berita,Normal / Sedang Transisi,Dekat Support Fibo 78.6%,3,WAIT & SEE,TIDAK ADA,2026-10-07 11:00:01,Biasa / Mengikuti Pasar
11:00,TUGU,Transaksi Sepi (Skip Broksum),Mid Cap (Lapis 2),Undervalued (Murah),6.6024575,0.5866806,1515.0,1518,1325,1705,0.0,481100,Normal,54,Negatif,Downtrend,Bearish,Bearish MACD,Konsolidasi / Transisi,Normal,Akumulasi (Naik),Normal,Seimbang / Adu Mekanik,Normal,Tinggi,Normal,Rawan Pucuk (High Risk),< 1 Miliar,Di Atas VWAP (Kuat),Distribusi Pro (Guyuran),Gorengan Sepi (< 5M),Sepi (< 50%),Distribution (Fase Jualan),Normal,Normal,Sideways / Stagnan,TP: 1633 | CL: 1435,Open = High (Tekanan Jual),Menengah (1:1),Netral / Sideways,Netral / Sepi Berita,Normal / Sedang Transisi,Dekat Support Fibo 38.2%,2,WAIT & SEE,TIDAK ADA,2026-10-07 11:00:01,Biasa / Mengikuti Pasar
11:00,MSIN,Token Mati (Perlu Update),Big Cap (Lapis 1),Fair Value (Wajar),11.3979845,1.6049372,180.0,238,160,324,-2.1739130434782608,7552900,Normal,25,Negatif,Downtrend,Bearish,Strong Bearish,Strong Downtrend (5<20<50),Normal,Akumulasi (Naik),Normal,Seimbang / Adu Mekanik,Normal,Tinggi,Normal,Rawan Pucuk (High Risk),> 1 Miliar,Di Bawah VWAP (Lemah),Distribusi Pro (Guyuran),Ritel Aktif (5M - 50M),Sepi (< 50%),Mark-Down (Fase Runtuh),Normal,Normal,Turun 1 Hari Beruntun,TP: 213 | CL: 157,Normal,Sangat Menarik (> 1:3),Oversold (Jenuh Jual - Peluang),Netral / Sepi Berita,Normal / Sedang Transisi,Mengambang (Jauh dari Fibo),1,WAIT & SEE,TIDAK ADA,2026-10-07 11:00:01,Biasa / Mengikuti Pasar
11:00,TNCA,Transaksi Sepi (Skip Broksum),Small Cap (Lapis 3),Overvalued (Mahal),55.745872,1.8093784,179.0,176,152,216,0.0,95900,Normal,55,Negatif,Uptrend,Bearish,Bearish MACD,Konsolidasi / Transisi,Normal,Akumulasi (Naik),Normal,Seimbang / Adu Mekanik,Normal,Tinggi,Normal,Rawan Pucuk (High Risk),< 1 Miliar,Di Atas VWAP (Kuat),Distribusi Pro (Guyuran),Gorengan Sepi (< 5M),Sepi (< 50%),Mark-Up (Fase Pesta),Spesialis Tiang Jemuran (Banting Pucuk),Normal,Sideways / Stagnan,TP: 198 | CL: 166,Normal,Menengah (1:1),Netral / Sideways,Netral / Sepi Berita,Normal / Sedang Transisi,Mendekati Fibo 50.0%,3,WAIT & SEE,TIDAK ADA,2026-10-07 11:00:01,Biasa / Mengikuti Pasar
11:00,MAPA,Token Mati (Perlu Update),Big Cap (Lapis 1),Fair Value (Wajar),9.35888,1.8916262,630.0,656,610,705,-2.3255813953488373,10193800,Normal,42,Negatif,Downtrend,Bearish,Strong Bearish,Strong Downtrend (5<20<50),Normal,Akumulasi (Naik),Normal,Seimbang / Adu Mekanik,Normal,Sedang,Normal,Area Tengah,> 1 Miliar,Di Bawah VWAP (Lemah),Akumulasi Pro (Smart Money),Ritel Aktif (5M - 50M),Normal (50-150%),Mark-Down (Fase Runtuh),Normal,Normal,Turun 1 Hari Beruntun,TP: 673 | CL: 601,Normal,Sangat Menarik (> 1:3),Netral / Sideways,Netral / Sepi Berita,Normal / Sedang Transisi,Mendekati Fibo 78.6%,1,WAIT & SEE,TIDAK ADA,2026-10-07 11:00:01,Biasa / Mengikuti Pasar
11:00,TCPI,Transaksi Sepi (Skip Broksum),Mid Cap (Lapis 2),Overvalued (Mahal),52.083336,3.0246696,1300.0,1585,1240,2250,1.1673151750972763,672400,Normal,28,Positif,Downtrend,Bearish,Bullish MACD,Strong Downtrend (5<20<50),Normal,Distribusi (Turun),Normal,Seimbang / Adu Mekanik,Normal,Tinggi,Normal,Area Tengah,< 1 Miliar,Di Bawah VWAP (Lemah),Distribusi Pro (Guyuran),Gorengan Sepi (< 5M),Sepi (< 50%),Mark-Down (Fase Runtuh),Normal,Normal,Naik 1 Hari Beruntun,TP: 1559 | CL: 1126,Normal,Sangat Menarik (> 1:3),Oversold (Jenuh Jual - Peluang),Netral / Sepi Berita,Normal / Sedang Transisi,Mendekati Fibo Bottom / 100%,2,WAIT & SEE,TIDAK ADA,2026-10-07 11:00:01,Biasa / Mengikuti Pasar
11:00,IPCC,Transaksi Sepi (Skip Broksum),Mid Cap (Lapis 2),Undervalued (Murah),7.7636323,1.4684063,1050.0,1088,1025,1140,-0.9433962264150944,157800,Normal,33,Negatif,Downtrend,Bearish,Strong Bearish,Strong Downtrend (5<20<50),Normal,Distribusi (Turun),Normal,Dominan Jual (Guyur),Bottom Rebound,Sedang,Normal,Dekat Support (Low Risk),< 1 Miliar,Persis di VWAP,Distribusi Pro (Guyuran),Gorengan Sepi (< 5M),Sepi (< 50%),Mark-Down (Fase Runtuh),Normal,Normal,Turun 1 Hari Beruntun,TP: 1085 | CL: 1026,Normal,Sangat Menarik (> 1:3),Netral / Sideways,Netral / Sepi Berita,Normal / Sedang Transisi,Dekat Support Fibo Bottom / 100%,0,WAIT & SEE,TIDAK ADA,2026-10-07 11:00:01,Biasa / Mengikuti Pasar
11:00,RISE,Transaksi Sepi (Skip Broksum),Mid Cap (Lapis 2),Overvalued (Mahal),53.832115,3.4158738,590.0,715,575,950,-1.6666666666666667,396600,Normal,27,Negatif,Downtrend,Bearish,Strong Bearish,Strong Downtrend (5<20<50),Normal,Distribusi (Turun),Normal,Dominan Jual (Guyur),Normal,Tinggi,Doji (Ragu-ragu),Dekat Support (Low Risk),< 1 Miliar,Di Bawah VWAP (Lemah),Distribusi Pro (Guyuran),Gorengan Sepi (< 5M),Sepi (< 50%),Mark-Down (Fase Runtuh),Spesialis Tiang Jemuran (Banting Pucuk),Normal,Turun 1 Hari Beruntun,TP: 703 | CL: 514,Normal,Sangat Menarik (> 1:3),Oversold (Jenuh Jual - Peluang),Netral / Sepi Berita,Normal / Sedang Transisi,Mendekati Fibo Bottom / 100%,0,WAIT & SEE,TIDAK ADA,2026-10-07 11:00:01,Biasa / Mengikuti Pasar
11:00,BPTR,Transaksi Sepi (Skip Broksum),Small Cap (Lapis 3),Undervalued (Murah),8.572809,0.39598218,71.0,74,63,99,0.0,592400,Normal,46,Negatif,Downtrend,Bearish,Strong Bearish,Strong Downtrend (5<20<50),Normal,Akumulasi (Naik),Normal,Dominan Beli (Hajar Kanan),Normal,Tinggi,Hammer (Potensi Reversal),Rawan Pucuk (High Risk),< 1 Miliar,Persis di VWAP,Akumulasi Pro (Smart Money),Gorengan Sepi (< 5M),Sepi (< 50%),Mark-Down (Fase Runtuh),Normal,Jarum Bawah (Sinyal Pantulan Kuat),Sideways / Stagnan,TP: 82 | CL: 63,Open = High (Tekanan Jual),Sangat Menarik (> 1:3),Netral / Sideways,Netral / Sepi Berita,Normal / Sedang Transisi,Golden Rebound Fibo 78.6% 🎯,2,WAIT & SEE,TIDAK ADA,2026-10-07 11:00:01,Biasa / Mengikuti Pasar
11:00,NFCX,Transaksi Sepi (Skip Broksum),Mid Cap (Lapis 2),Overvalued (Mahal),0.0,4.2913685,1700.0,1714,1665,1750,-2.2988505747126435,5200,Normal,49,Negatif,Downtrend,Bullish,Bearish MACD,Perfect Uptrend (5>20>50),Normal,Akumulasi (Naik),Gap Down (-2.3%),Tidak Ada Transaksi,Squeeze,Rendah,Doji (Ragu-ragu),Dekat Support (Low Risk),< 1 Miliar,Di Bawah VWAP (Lemah),Akumulasi Pro (Smart Money),Gorengan Sepi (< 5M),Sepi (< 50%),Distribution (Fase Jualan),Normal,Normal,Turun 1 Hari Beruntun,TP: 1756 | CL: 1662,Normal,Menengah (1:1),Netral / Sideways,Netral / Sepi Berita,Normal / Sedang Transisi,Mendekati Fibo 50.0%,2,WAIT & SEE,TIDAK ADA,2026-10-07 11:00:01,Biasa / Mengikuti Pasar
11:00,MGRO,Token Mati (Perlu Update),Mid Cap (Lapis 2),Overvalued (Mahal),0.0,7.9379277,710.0,701,670,735,-0.6993006993006993,1651500,Normal,55,Negatif,Uptrend,Bullish,Strong Bullish,Perfect Uptrend (5>20>50),Normal,Distribusi (Turun),Normal,Dominan Jual (Guyur),Normal,Sedang,Normal,Area Tengah,> 1 Miliar,Persis di VWAP,Akumulasi Pro (Smart Money),Gorengan Sepi (< 5M),Sepi (< 50%),Mark-Up (Fase Pesta),Normal,Normal,Turun 2 Hari Beruntun,TP: 741 | CL: 689,Open = High (Tekanan Jual),Tidak Ideal (< 1:1),Death Cross (Awal Bearish),Netral / Sepi Berita,Normal / Sedang Transisi,Dekat Support Fibo 38.2%,4,WAIT & SEE,TIDAK ADA,2026-10-07 11:00:01,Biasa / Mengikuti Pasar
11:00,FILM,Token Mati (Perlu Update),Mid Cap (Lapis 2),Fair Value (Wajar),0.0,2.1325166,605.0,688,560,845,-0.819672131147541,2095100,Normal,33,Negatif,Downtrend,Bearish,Bullish MACD,Strong Downtrend (5<20<50),Normal,Distribusi (Turun),Normal,Seimbang / Adu Mekanik,Normal,Tinggi,Normal,Area Tengah,> 1 Miliar,Persis di VWAP,Distribusi Pro (Guyuran),Gorengan Sepi (< 5M),Sepi (< 50%),Mark-Down (Fase Runtuh),Normal,Normal,Turun 1 Hari Beruntun,TP: 671 | CL: 560,Open = High (Tekanan Jual),Sangat Menarik (> 1:3),Oversold (Jenuh Jual - Peluang),Netral / Sepi Berita,Normal / Sedang Transisi,Mengambang (Jauh dari Fibo),1,WAIT & SEE,TIDAK ADA,2026-10-07 11:00:01,Biasa / Mengikuti Pasar
11:00,ANDI,Transaksi Sepi (Skip Broksum),Small Cap (Lapis 3),Fair Value (Wajar),0.0,2.0519226,23.0,21,18,29,0.0,18749100,Normal,55,Negatif,Uptrend,Bearish,Bearish MACD,Konsolidasi / Transisi,Normal,Akumulasi (Naik),Normal,Seimbang / Adu Mekanik,Normal,Tinggi,Doji (Ragu-ragu),Rawan Pucuk (High Risk),< 1 Miliar,Di Atas VWAP (Kuat),Akumulasi Pro (Smart Money),Gorengan Sepi (< 5M),Sepi (< 50%),Mark-Up (Fase Pesta),Normal,Normal,Sideways / Stagnan,TP: 26 | CL: 20,Normal,Menengah (1:1),Golden Cross (Awal Bullish),Netral / Sepi Berita,Normal / Sedang Transisi,Dekat Support Fibo 50.0%,3,WAIT & SEE,TIDAK ADA,2026-10-07 11:00:01,Biasa / Mengikuti Pasar
11:00,LAND,Token Mati (Perlu Update),Small Cap (Lapis 3),Overvalued (Mahal),100.00001,0.3588393,60.0,64,48,80,7.142857142857142,35600400,Normal,44,Positif,Downtrend,Bearish,Strong Bearish,Strong Downtrend (5<20<50),Normal,Akumulasi (Naik),Normal,Seimbang / Adu Mekanik,Normal,Tinggi,Normal,Rawan Pucuk (High Risk),> 1 Miliar,Di Atas VWAP (Kuat),Akumulasi Pro (Smart Money),Gorengan Sepi (< 5M),Sepi (< 50%),Mark-Down (Fase Runtuh),Normal,Normal,Naik 1 Hari Beruntun,TP: 69 | CL: 53,Open = Low (Bullish Kuat),Ideal (1:2),Golden Cross (Awal Bullish),Netral / Sepi Berita,Normal / Sedang Transisi,Mendekati Fibo 78.6%,2,WAIT & SEE,TIDAK ADA,2026-10-07 11:00:01,Biasa / Mengikuti Pasar
11:00,MOLI,Transaksi Sepi (Skip Broksum),Mid Cap (Lapis 2),Undervalued (Murah),9.53691,0.88527024,414.0,373,306,442,-0.4807692307692308,1668900,Normal,65,Negatif,Uptrend,Bullish,Strong Bullish,Perfect Uptrend (5>20>50),Normal,Distribusi (Turun),Normal,Seimbang / Adu Mekanik,Normal,Tinggi,Normal,Rawan Pucuk (High Risk),< 1 Miliar,Persis di VWAP,Distribusi Pro (Guyuran),Gorengan Sepi (< 5M),Sepi (< 50%),Mark-Up (Fase Pesta),Normal,Normal,Turun 2 Hari Beruntun,TP: 458 | CL: 384,Open = High (Tekanan Jual),Tidak Ideal (< 1:1),Death Cross (Awal Bearish),Netral / Sepi Berita,Normal / Sedang Transisi,Mendekati Fibo 23.6%,4,WAIT & SEE,TIDAK ADA,2026-10-07 11:00:01,Biasa / Mengikuti Pasar
11:00,PANI,Token Mati (Perlu Update),Big Cap (Lapis 1),Overvalued (Mahal),32.511368,2.9471412,4720.0,5016,4200,5925,-0.21141649048625794,1325200,Normal,36,Negatif,Downtrend,Bearish,Strong Bearish,Strong Downtrend (5<20<50),Normal,Distribusi (Turun),Normal,Seimbang / Adu Mekanik,Normal,Tinggi,Doji (Ragu-ragu),Rawan Pucuk (High Risk),> 1 Miliar,Di Atas VWAP (Kuat),Akumulasi Pro (Smart Money),Ritel Aktif (5M - 50M),Sepi (< 50%),Mark-Down (Fase Runtuh),Normal,Jarum Bawah (Sinyal Pantulan Kuat),Turun 1 Hari Beruntun,TP: 5045 | CL: 4503,Normal,Ideal (1:2),Golden Cross (Awal Bullish),Netral / Sepi Berita,Normal / Sedang Transisi,Mengambang (Jauh dari Fibo),0,WAIT & SEE,TIDAK ADA,2026-10-07 11:00:01,Biasa / Mengikuti Pasar
11:00,CITY,Transaksi Sepi (Skip Broksum),Small Cap (Lapis 3),Overvalued (Mahal),37.6652,1.0289799,171.0,171,138,202,0.0,27100,Normal,50,Negatif,Downtrend,Bearish,Strong Bearish,Strong Downtrend (5<20<50),Normal,Akumulasi (Naik),Normal,Seimbang / Adu Mekanik,Normal,Tinggi,Doji (Ragu-ragu),Rawan Pucuk (High Risk),< 1 Miliar,Di Atas VWAP (Kuat),Akumulasi Pro (Smart Money),Gorengan Sepi (< 5M),Sepi (< 50%),Mark-Down (Fase Runtuh),Spesialis Tiang Jemuran (Banting Pucuk),Normal,Sideways / Stagnan,TP: 191 | CL: 157,Normal,Tidak Ideal (< 1:1),Netral / Sideways,Netral / Sepi Berita,Normal / Sedang Transisi,Dekat Support Fibo 61.8% (Golden Ratio),1,WAIT & SEE,TIDAK ADA,2026-10-07 11:00:01,Biasa / Mengikuti Pasar
11:00,SAPX,Transaksi Sepi (Skip Broksum),Small Cap (Lapis 3),Overvalued (Mahal),171.31474,1.68783,430.0,394,288,630,0.0,995400,Normal,59,Negatif,Uptrend,Bullish,Strong Bullish,Perfect Uptrend (5>20>50),Normal,Akumulasi (Naik),Normal,Seimbang / Adu Mekanik,Normal,Tinggi,Doji (Ragu-ragu),Rawan Pucuk (High Risk),< 1 Miliar,Di Bawah VWAP (Lemah),Distribusi Pro (Guyuran),Ritel Aktif (5M - 50M),Sepi (< 50%),Mark-Up (Fase Pesta),Normal,Normal,Sideways / Stagnan,TP: 515 | CL: 373,Normal,Menengah (1:1),Death Cross (Awal Bearish),Netral / Sepi Berita,Normal / Sedang Transisi,Mendekati Fibo 50.0%,5,WAIT & SEE,TIDAK ADA,2026-10-07 11:00:01,Biasa / Mengikuti Pasar
11:00,SURE,Transaksi Sepi (Skip Broksum),Mid Cap (Lapis 2),Overvalued (Mahal),1851.8518,-13.970448,3000.0,3031,2670,3200,0.0,7600,Tembus MA20,52,Negatif,Downtrend,Bearish,Bearish MACD,Konsolidasi / Transisi,Normal,Distribusi (Turun),Normal,Dominan Beli (Hajar Kanan),Squeeze,Rendah,Marubozu (Strong Bullish),Rawan Pucuk (High Risk),< 1 Miliar,Persis di VWAP,Akumulasi Pro (Smart Money),Gorengan Sepi (< 5M),Anomali Tinggi (150-300%),Distribution (Fase Jualan),Solid (Jarang Dibanting),Normal,Sideways / Stagnan,TP: 3189 | CL: 2873,Open = Low (Bullish Kuat),Tidak Ideal (< 1:1),Netral / Sideways,Netral / Sepi Berita,Normal / Sedang Transisi,Mendekati Fibo 61.8% (Golden Ratio),3,WAIT & SEE,TIDAK ADA,2026-10-07 11:00:01,Biasa / Mengikuti Pasar
11:00,MPRO,Transaksi Sepi (Skip Broksum),Big Cap (Lapis 1),Overvalued (Mahal),0.0,146.54346,11600.0,11970,10425,12450,-3.3333333333333335,300,Normal,40,Negatif,Downtrend,Death Cross,Strong Bearish,Strong Downtrend (5<20<50),Normal,Distribusi (Turun),Gap Down (-3.3%),Tidak Ada Transaksi,Squeeze,Rendah,Doji (Ragu-ragu),Rawan Pucuk (High Risk),< 1 Miliar,Di Bawah VWAP (Lemah),Akumulasi Pro (Smart Money),Gorengan Sepi (< 5M),Sepi (< 50%),Mark-Down (Fase Runtuh),Normal,Normal,Turun 1 Hari Beruntun,TP: 12181 | CL: 11212,Normal,Tidak Ideal (< 1:1),Netral / Sideways,Netral / Sepi Berita,Supply Kering (Siap Pump) 🏜️,Mengambang (Jauh dari Fibo),0,WAIT & SEE,TIDAK ADA,2026-10-07 11:00:01,Biasa / Mengikuti Pasar
11:00,GOOD,Transaksi Sepi (Skip Broksum),Big Cap (Lapis 1),Fair Value (Wajar),16.41791,2.908102,308.0,308,286,322,-0.6451612903225806,5200,Normal,49,Negatif,Downtrend,Bearish,Strong Bearish,Konsolidasi / Transisi,Normal,Distribusi (Turun),Normal,Dominan Jual (Guyur),Squeeze,Rendah,Normal,Area Tengah,< 1 Miliar,Persis di VWAP,Distribusi Pro (Guyuran),Gorengan Sepi (< 5M),Sepi (< 50%),Distribution (Fase Jualan),Solid (Jarang Dibanting),Normal,Turun 1 Hari Beruntun,TP: 318 | CL: 300,Open = High (Tekanan Jual),Tidak Ideal (< 1:1),Netral / Sideways,Netral / Sepi Berita,Normal / Sedang Transisi,Dekat Support Fibo 50.0%,0,WAIT & SEE,TIDAK ADA,2026-10-07 11:00:01,Biasa / Mengikuti Pasar
11:00,SKRN,Transaksi Sepi (Skip Broksum),Mid Cap (Lapis 2),Overvalued (Mahal),15.659778,4.5892935,394.0,411,380,480,0.0,15900,Normal,43,Negatif,Downtrend,Bearish,Strong Bearish,Konsolidasi / Transisi,Normal,Distribusi (Turun),Normal,Seimbang / Adu Mekanik,Bottom Rebound,Sedang,Normal,Area Tengah,< 1 Miliar,Di Bawah VWAP (Lemah),Distribusi Pro (Guyuran),Gorengan Sepi (< 5M),Sepi (< 50%),Distribution (Fase Jualan),Spesialis Tiang Jemuran (Banting Pucuk),Normal,Sideways / Stagnan,TP: 425 | CL: 372,Open = High (Tekanan Jual),Sangat Menarik (> 1:3),Oversold (Jenuh Jual - Peluang),Netral / Sepi Berita,Normal / Sedang Transisi,Mendekati Fibo 78.6%,0,WAIT & SEE,TIDAK ADA,2026-10-07 11:00:01,Biasa / Mengikuti Pasar
11:00,YELO,Transaksi Sepi (Skip Broksum),Small Cap (Lapis 3),Undervalued (Murah),4.911472,0.58405316,81.0,85,67,104,-1.2195121951219512,5571700,Normal,45,Negatif,Downtrend,Bearish,Strong Bearish,Strong Downtrend (5<20<50),Normal,Akumulasi (Naik),Normal,Seimbang / Adu Mekanik,Normal,Tinggi,Normal,Rawan Pucuk (High Risk),< 1 Miliar,Di Atas VWAP (Kuat),Akumulasi Pro (Smart Money),Gorengan Sepi (< 5M),Sepi (< 50%),Mark-Down (Fase Runtuh),Solid (Jarang Dibanting),Normal,Turun 1 Hari Beruntun,TP: 89 | CL: 75,Normal,Ideal (1:2),Netral / Sideways,Netral / Sepi Berita,Normal / Sedang Transisi,Mendekati Fibo 78.6%,1,WAIT & SEE,TIDAK ADA,2026-10-07 11:00:01,Biasa / Mengikuti Pasar
11:00,CAKK,Transaksi Sepi (Skip Broksum),Small Cap (Lapis 3),Undervalued (Murah),12.842965,1.3806088,154.0,158,151,169,-1.282051282051282,6200,Normal,46,Negatif,Downtrend,Bearish,Bearish MACD,Konsolidasi / Transisi,Normal,Akumulasi (Naik),Normal,Dominan Jual (Guyur),Squeeze,Rendah,Normal,Dekat Support (Low Risk),< 1 Miliar,Persis di VWAP,Akumulasi Pro (Smart Money),Gorengan Sepi (< 5M),Sepi (< 50%),Distribution (Fase Jualan),Normal,Normal,Turun 1 Hari Beruntun,TP: 163 | CL: 147,Open = High (Tekanan Jual),Sangat Menarik (> 1:3),Netral / Sideways,Netral / Sepi Berita,Supply Kering (Siap Pump) 🏜️,Golden Rebound Fibo 38.2% 🎯,1,WAIT & SEE,TIDAK ADA,2026-10-07 11:00:01,Biasa / Mengikuti Pasar
11:00,SATU,Transaksi Sepi (Skip Broksum),Small Cap (Lapis 3),Overvalued (Mahal),0.0,7.3805275,240.0,241,230,252,0.0,1118100,Normal,43,Negatif,Downtrend,Bearish,Bullish MACD,Strong Downtrend (5<20<50),Normal,Distribusi (Turun),Normal,Dominan Jual (Guyur),Squeeze,Rendah,Normal,Area Tengah,< 1 Miliar,Persis di VWAP,Distribusi Pro (Guyuran),Gorengan Sepi (< 5M),Sepi (< 50%),Mark-Down (Fase Runtuh),Normal,Normal,Sideways / Stagnan,TP: 247 | CL: 234,Open = High (Tekanan Jual),Menengah (1:1),Netral / Sideways,Netral / Sepi Berita,Normal / Sedang Transisi,Dekat Support Fibo 78.6%,1,WAIT & SEE,TIDAK ADA,2026-10-07 11:00:01,Biasa / Mengikuti Pasar
11:00,SOSS,Transaksi Sepi (Skip Broksum),Small Cap (Lapis 3),Overvalued (Mahal),22.26945,5.8393207,980.0,991,855,1385,-2.0,5600,Normal,50,Negatif,Downtrend,Bullish,Bearish MACD,Perfect Uptrend (5>20>50),Normal,Distribusi (Turun),Normal,Dominan Jual (Guyur),Normal,Tinggi,Normal,Rawan Pucuk (High Risk),< 1 Miliar,Di Bawah VWAP (Lemah),Distribusi Pro (Guyuran),Gorengan Sepi (< 5M),Sepi (< 50%),Distribution (Fase Jualan),Normal,Normal,Turun 1 Hari Beruntun,TP: 1137 | CL: 875,Normal,Sangat Menarik (> 1:3),Netral / Sideways,Netral / Sepi Berita,Normal / Sedang Transisi,Mengambang (Jauh dari Fibo),1,WAIT & SEE,TIDAK ADA,2026-10-07 11:00:01,Biasa / Mengikuti Pasar
11:00,POLA,Token Mati (Perlu Update),Small Cap (Lapis 3),Overvalued (Mahal),42.471043,1.6506108,110.0,79,70,110,34.146341463414636,415662900,Tembus MA20,76,Positif,Uptrend,Bullish,Strong Bullish,Perfect Uptrend (5>20>50),Akumulasi Kuat,Akumulasi (Naik),Gap Up (+6.1%),Dominan Beli (Hajar Kanan),Breakout Upper,Tinggi,Marubozu (Strong Bullish),Rawan Pucuk (High Risk),> 1 Miliar,Di Atas VWAP (Kuat),Akumulasi Pro (Smart Money),Ritel Aktif (5M - 50M),Ledakan Ekstrem (> 300%),Mark-Up (Fase Pesta),Normal,Normal,Naik 1 Hari Beruntun,TP: 125 | CL: 99,Normal,Tidak Ideal (< 1:1),Netral / Sideways,Netral / Sepi Berita,Normal / Sedang Transisi,Mengambang (Jauh dari Fibo),10,BELI,TIDAK ADA,2026-10-07 11:00:01,⚠️ Anomali (Sudah Terbang)
11:00,DIVA,Transaksi Sepi (Skip Broksum),Small Cap (Lapis 3),Fair Value (Wajar),0.0,0.31733513,136.0,136,111,177,-2.158273381294964,2625600,Normal,50,Negatif,Downtrend,Golden Cross,Bearish MACD,Perfect Uptrend (5>20>50),Normal,Distribusi (Turun),Normal,Seimbang / Adu Mekanik,Normal,Tinggi,Normal,Rawan Pucuk (High Risk),< 1 Miliar,Di Bawah VWAP (Lemah),Distribusi Pro (Guyuran),Ritel Aktif (5M - 50M),Sepi (< 50%),Distribution (Fase Jualan),Spesialis Tiang Jemuran (Banting Pucuk),Normal,Turun 1 Hari Beruntun,TP: 160 | CL: 120,Normal,Ideal (1:2),Netral / Sideways,Netral / Sepi Berita,Normal / Sedang Transisi,Mendekati Fibo 61.8% (Golden Ratio),1,WAIT & SEE,TIDAK ADA,2026-10-07 11:00:01,Biasa / Mengikuti Pasar
11:00,LUCK,Transaksi Sepi (Skip Broksum),Small Cap (Lapis 3),Fair Value (Wajar),0.0,0.6572838,109.0,112,96,124,0.9259259259259258,1383200,Normal,45,Positif,Downtrend,Bearish,Strong Bearish,Strong Downtrend (5<20<50),Normal,Akumulasi (Naik),Normal,Seimbang / Adu Mekanik,Normal,Tinggi,Normal,Rawan Pucuk (High Risk),< 1 Miliar,Persis di VWAP,Distribusi Pro (Guyuran),Gorengan Sepi (< 5M),Sepi (< 50%),Mark-Down (Fase Runtuh),Spesialis Tiang Jemuran (Banting Pucuk),Normal,Naik 2 Hari Beruntun,TP: 120 | CL: 101,Normal,Menengah (1:1),Golden Cross (Awal Bullish),Netral / Sepi Berita,Normal / Sedang Transisi,Dekat Support Fibo 61.8% (Golden Ratio),2,WAIT & SEE,TIDAK ADA,2026-10-07 11:00:01,Biasa / Mengikuti Pasar
11:00,URBN,Transaksi Sepi (Skip Broksum),Small Cap (Lapis 3),Fair Value (Wajar),0.0,1.1434733,316.0,263,214,346,0.0,138800,Normal,78,Negatif,Uptrend,Bullish,Strong Bullish,Perfect Uptrend (5>20>50),Normal,Akumulasi (Naik),Gap Up (+8.9%),Seimbang / Adu Mekanik,Normal,Tinggi,Normal,Rawan Pucuk (High Risk),< 1 Miliar,Di Atas VWAP (Kuat),Distribusi Pro (Guyuran),Gorengan Sepi (< 5M),Sepi (< 50%),Mark-Up (Fase Pesta),Normal,Normal,Sideways / Stagnan,TP: 362 | CL: 285,Open = High (Tekanan Jual),Tidak Ideal (< 1:1),Netral / Sideways,Netral / Sepi Berita,Normal / Sedang Transisi,Dekat Support Fibo 23.6%,6,WAIT & SEE,TIDAK ADA,2026-10-07 11:00:01,Biasa / Mengikuti Pasar
11:00,SOTS,Transaksi Sepi (Skip Broksum),Small Cap (Lapis 3),Overvalued (Mahal),0.0,3.734064,635.0,570,450,675,3.2520325203252036,817500,Tembus MA20,60,Positif,Uptrend,Golden Cross,Bullish MACD,Awal Reversal (5>20),Normal,Distribusi (Turun),Normal,Seimbang / Adu Mekanik,Normal,Tinggi,Normal,Rawan Pucuk (High Risk),< 1 Miliar,Di Atas VWAP (Kuat),Akumulasi Pro (Smart Money),Gorengan Sepi (< 5M),Normal (50-150%),Accumulation (Kumpul Barang),Normal,Normal,Naik 1 Hari Beruntun,TP: 722 | CL: 576,Normal,Tidak Ideal (< 1:1),Overbought (Jenuh Beli - Rawan),Netral / Sepi Berita,Normal / Sedang Transisi,Dekat Support Fibo 38.2%,6,WAIT & SEE,TIDAK ADA,2026-10-07 11:00:01,Biasa / Mengikuti Pasar
11:00,ZONE,Transaksi Sepi (Skip Broksum),Small Cap (Lapis 3),Undervalued (Murah),10.986869,1.3452525,620.0,674,550,745,-0.8,43800,Normal,32,Negatif,Downtrend,Bearish,Strong Bearish,Strong Downtrend (5<20<50),Normal,Akumulasi (Naik),Normal,Dominan Beli (Hajar Kanan),Normal,Tinggi,Doji (Ragu-ragu),Rawan Pucuk (High Risk),< 1 Miliar,Di Bawah VWAP (Lemah),Distribusi Pro (Guyuran),Gorengan Sepi (< 5M),Sepi (< 50%),Mark-Down (Fase Runtuh),Normal,Jarum Bawah (Sinyal Pantulan Kuat),Turun 1 Hari Beruntun,TP: 692 | CL: 571,Open = High (Tekanan Jual),Ideal (1:2),Golden Cross (Awal Bullish),Netral / Sepi Berita,Supply Banjir (Distribusi) 🌊,Mengambang (Jauh dari Fibo),2,WAIT & SEE,TIDAK ADA,2026-10-07 11:00:01,Biasa / Mengikuti Pasar
11:00,PEHA,Transaksi Sepi (Skip Broksum),Small Cap (Lapis 3),Undervalued (Murah),5.790646,0.57742786,286.0,288,254,336,0.7042253521126761,201000,Normal,49,Positif,Downtrend,Bearish,Strong Bearish,Konsolidasi / Transisi,Normal,Distribusi (Turun),Normal,Dominan Jual (Guyur),Squeeze,Rendah,Normal,Rawan Pucuk (High Risk),< 1 Miliar,Di Atas VWAP (Kuat),Distribusi Pro (Guyuran),Gorengan Sepi (< 5M),Normal (50-150%),Distribution (Fase Jualan),Spesialis Tiang Jemuran (Banting Pucuk),Normal,Naik 2 Hari Beruntun,TP: 312 | CL: 268,Open = Low (Bullish Kuat),Ideal (1:2),Golden Cross (Awal Bullish),Netral / Sepi Berita,Normal / Sedang Transisi,Mengambang (Jauh dari Fibo),1,WAIT & SEE,TIDAK ADA,2026-10-07 11:00:01,Biasa / Mengikuti Pasar
11:00,BEEF,Transaksi Sepi (Skip Broksum),Mid Cap (Lapis 2),Overvalued (Mahal),44.984158,9.141435,426.0,427,380,486,0.0,874600,Normal,50,Negatif,Downtrend,Bearish,Strong Bearish,Strong Downtrend (5<20<50),Normal,Distribusi (Turun),Normal,Dominan Jual (Guyur),Normal,Tinggi,Doji (Ragu-ragu),Rawan Pucuk (High Risk),< 1 Miliar,Di Atas VWAP (Kuat),Distribusi Pro (Guyuran),Gorengan Sepi (< 5M),Sepi (< 50%),Mark-Down (Fase Runtuh),Spesialis Tiang Jemuran (Banting Pucuk),Normal,Sideways / Stagnan,TP: 463 | CL: 400,Normal,Menengah (1:1),Death Cross (Awal Bearish),Netral / Sepi Berita,Normal / Sedang Transisi,Mengambang (Jauh dari Fibo),0,WAIT & SEE,TIDAK ADA,2026-10-07 11:00:01,Biasa / Mengikuti Pasar
11:00,POLI,Transaksi Sepi (Skip Broksum),Mid Cap (Lapis 2),Overvalued (Mahal),26.815308,0.8356619,890.0,903,765,1025,1.7142857142857144,22800,Normal,51,Positif,Downtrend,Bearish,Bearish MACD,Konsolidasi / Transisi,Normal,Akumulasi (Naik),Normal,Dominan Beli (Hajar Kanan),Normal,Tinggi,Normal,Rawan Pucuk (High Risk),< 1 Miliar,Di Atas VWAP (Kuat),Akumulasi Pro (Smart Money),Gorengan Sepi (< 5M),Normal (50-150%),Distribution (Fase Jualan),Spesialis Tiang Jemuran (Banting Pucuk),Normal,Naik 1 Hari Beruntun,TP: 998 | CL: 817,Normal,Menengah (1:1),Netral / Sideways,Netral / Sepi Berita,Normal / Sedang Transisi,Dekat Support Fibo 50.0%,4,WAIT & SEE,TIDAK ADA,2026-10-07 11:00:01,Biasa / Mengikuti Pasar
11:00,CLAY,Transaksi Sepi (Skip Broksum),Mid Cap (Lapis 2),Overvalued (Mahal),277.88647,255.55656,2840.0,2750,2500,2860,1.0676156583629894,10200,Normal,65,Positif,Uptrend,Bullish,Strong Bullish,Perfect Uptrend (5>20>50),Normal,Akumulasi (Naik),Normal,Dominan Jual (Guyur),Squeeze,Rendah,Normal,Rawan Pucuk (High Risk),< 1 Miliar,Di Atas VWAP (Kuat),Akumulasi Pro (Smart Money),Gorengan Sepi (< 5M),Normal (50-150%),Mark-Up (Fase Pesta),Normal,Normal,Naik 1 Hari Beruntun,TP: 2970 | CL: 2752,Open = High (Tekanan Jual),Tidak Ideal (< 1:1),Overbought (Jenuh Beli - Rawan),Netral / Sepi Berita,Normal / Sedang Transisi,Mendekati Fibo 23.6%,6,WAIT & SEE,TIDAK ADA,2026-10-07 11:00:01,Biasa / Mengikuti Pasar
11:00,NATO,Transaksi Sepi (Skip Broksum),Mid Cap (Lapis 2),Overvalued (Mahal),0.0,3.86093,1010.0,1062,930,1285,-1.4634146341463417,98600,Normal,50,Negatif,Downtrend,Bearish,Bearish MACD,Konsolidasi / Transisi,Normal,Distribusi (Turun),Normal,Seimbang / Adu Mekanik,Normal,Tinggi,Normal,Area Tengah,< 1 Miliar,Di Bawah VWAP (Lemah),Distribusi Pro (Guyuran),Gorengan Sepi (< 5M),Sepi (< 50%),Distribution (Fase Jualan),Spesialis Tiang Jemuran (Banting Pucuk),Normal,Turun 2 Hari Beruntun,TP: 1184 | CL: 893,Normal,Sangat Menarik (> 1:3),Netral / Sideways,Netral / Sepi Berita,Normal / Sedang Transisi,Mendekati Fibo 61.8% (Golden Ratio),0,WAIT & SEE,TIDAK ADA,2026-10-07 11:00:01,Biasa / Mengikuti Pasar
11:00,JAYA,Transaksi Sepi (Skip Broksum),Small Cap (Lapis 3),Undervalued (Murah),11.430678,0.9235811,155.0,156,138,191,-1.2738853503184715,894300,Normal,52,Negatif,Downtrend,Bearish,Bearish MACD,Konsolidasi / Transisi,Normal,Akumulasi (Naik),Normal,Dominan Jual (Guyur),Normal,Tinggi,Normal,Rawan Pucuk (High Risk),< 1 Miliar,Di Atas VWAP (Kuat),Akumulasi Pro (Smart Money),Gorengan Sepi (< 5M),Normal (50-150%),Distribution (Fase Jualan),Normal,Normal,Turun 1 Hari Beruntun,TP: 166 | CL: 147,Normal,Ideal (1:2),Netral / Sideways,Netral / Sepi Berita,Normal / Sedang Transisi,Mendekati Fibo 61.8% (Golden Ratio),2,WAIT & SEE,TIDAK ADA,2026-10-07 11:00:01,Biasa / Mengikuti Pasar
11:00,COCO,Token Mati (Perlu Update),Mid Cap (Lapis 2),Overvalued (Mahal),18.006872,5.671487,130.0,122,92,151,-2.2556390977443606,98808900,Normal,57,Negatif,Uptrend,Golden Cross,Strong Bullish,Perfect Uptrend (5>20>50),Normal,Akumulasi (Naik),Normal,Dominan Jual (Guyur),Normal,Tinggi,Normal,Rawan Pucuk (High Risk),> 1 Miliar,Di Atas VWAP (Kuat),Akumulasi Pro (Smart Money),Sultan (> 50M/hari),Sepi (< 50%),Mark-Up (Fase Pesta),Normal,Normal,Turun 1 Hari Beruntun,TP: 144 | CL: 120,Open = High (Tekanan Jual),Tidak Ideal (< 1:1),Overbought (Jenuh Beli - Rawan),Netral / Sepi Berita,Normal / Sedang Transisi,Mengambang (Jauh dari Fibo),5,WAIT & SEE,TIDAK ADA,2026-10-07 11:00:01,Biasa / Mengikuti Pasar
11:00,HRME,Transaksi Sepi (Skip Broksum),Small Cap (Lapis 3),Fair Value (Wajar),0.0,0.4624095,41.0,42,34,51,0.0,2918500,Normal,48,Negatif,Downtrend,Bearish,Strong Bearish,Konsolidasi / Transisi,Normal,Akumulasi (Naik),Normal,Seimbang / Adu Mekanik,Normal,Tinggi,Doji (Ragu-ragu),Rawan Pucuk (High Risk),< 1 Miliar,Di Atas VWAP (Kuat),Distribusi Pro (Guyuran),Gorengan Sepi (< 5M),Sepi (< 50%),Distribution (Fase Jualan),Normal,Normal,Sideways / Stagnan,TP: 47 | CL: 36,Normal,Menengah (1:1),Golden Cross (Awal Bullish),Netral / Sepi Berita,Normal / Sedang Transisi,Mengambang (Jauh dari Fibo),1,WAIT & SEE,TIDAK ADA,2026-10-07 11:00:01,Biasa / Mengikuti Pasar
11:00,JAST,Transaksi Sepi (Skip Broksum),Small Cap (Lapis 3),Fair Value (Wajar),0.0,1.6368525,84.0,86,75,100,0.0,453000,Normal,46,Negatif,Downtrend,Bearish,Strong Bearish,Strong Downtrend (5<20<50),Normal,Distribusi (Turun),Normal,Dominan Beli (Hajar Kanan),Normal,Tinggi,Doji (Ragu-ragu),Rawan Pucuk (High Risk),< 1 Miliar,Di Bawah VWAP (Lemah),Distribusi Pro (Guyuran),Gorengan Sepi (< 5M),Sepi (< 50%),Mark-Down (Fase Runtuh),Normal,Jarum Bawah (Sinyal Pantulan Kuat),Sideways / Stagnan,TP: 93 | CL: 77,Normal,Ideal (1:2),Golden Cross (Awal Bullish),Netral / Sepi Berita,Normal / Sedang Transisi,Mengambang (Jauh dari Fibo),1,WAIT & SEE,TIDAK ADA,2026-10-07 11:00:01,Biasa / Mengikuti Pasar
11:00,FITT,Transaksi Sepi (Skip Broksum),Small Cap (Lapis 3),Overvalued (Mahal),0.0,7.2236853,406.0,429,380,515,-0.49019607843137253,76200,Normal,45,Negatif,Downtrend,Bearish,Strong Bearish,Konsolidasi / Transisi,Normal,Akumulasi (Naik),Normal,Seimbang / Adu Mekanik,Normal,Tinggi,Normal,Area Tengah,< 1 Miliar,Persis di VWAP,Akumulasi Pro (Smart Money),Gorengan Sepi (< 5M),Sepi (< 50%),Distribution (Fase Jualan),Normal,Normal,Turun 1 Hari Beruntun,TP: 448 | CL: 377,Normal,Sangat Menarik (> 1:3),Oversold (Jenuh Jual - Peluang),Netral / Sepi Berita,Normal / Sedang Transisi,Mengambang (Jauh dari Fibo),1,WAIT & SEE,TIDAK ADA,2026-10-07 11:00:01,Biasa / Mengikuti Pasar
11:00,BOLA,Transaksi Sepi (Skip Broksum),Mid Cap (Lapis 2),Fair Value (Wajar),0.0,1.7233906,167.0,171,150,192,-1.183431952662722,138000,Normal,50,Negatif,Downtrend,Bearish,Strong Bearish,Konsolidasi / Transisi,Normal,Akumulasi (Naik),Normal,Seimbang / Adu Mekanik,Normal,Tinggi,Normal,Rawan Pucuk (High Risk),< 1 Miliar,Persis di VWAP,Distribusi Pro (Guyuran),Gorengan Sepi (< 5M),Sepi (< 50%),Distribution (Fase Jualan),Normal,Normal,Turun 1 Hari Beruntun,TP: 182 | CL: 157,Open = High (Tekanan Jual),Menengah (1:1),Netral / Sideways,Netral / Sepi Berita,Normal / Sedang Transisi,Dekat Support Fibo 61.8% (Golden Ratio),1,WAIT & SEE,TIDAK ADA,2026-10-07 11:00:01,Biasa / Mengikuti Pasar
11:00,CCSI,Transaksi Sepi (Skip Broksum),Small Cap (Lapis 3),Undervalued (Murah),12.486929,0.98402536,402.0,389,284,560,-3.3653846153846154,2143100,Normal,55,Negatif,Uptrend,Bullish,Bearish MACD,Perfect Uptrend (5>20>50),Normal,Distribusi (Turun),Normal,Seimbang / Adu Mekanik,Normal,Tinggi,Normal,Rawan Pucuk (High Risk),< 1 Miliar,Di Bawah VWAP (Lemah),Distribusi Pro (Guyuran),Ritel Aktif (5M - 50M),Sepi (< 50%),Mark-Up (Fase Pesta),Normal,Normal,Turun 2 Hari Beruntun,TP: 493 | CL: 340,Open = High (Tekanan Jual),Menengah (1:1),Netral / Sideways,Netral / Sepi Berita,Normal / Sedang Transisi,Dekat Support Fibo 50.0%,3,WAIT & SEE,TIDAK ADA,2026-10-07 11:00:01,Biasa / Mengikuti Pasar
11:00,SFAN,Transaksi Sepi (Skip Broksum),Mid Cap (Lapis 2),Overvalued (Mahal),0.0,28.332645,1990.0,2007,1980,2060,0.0,8300,Normal,39,Negatif,Downtrend,Bearish,Strong Bearish,Strong Downtrend (5<20<50),Normal,Akumulasi (Naik),Normal,Tidak Ada Transaksi,Squeeze,Rendah,Doji (Ragu-ragu),Dekat Support (Low Risk),< 1 Miliar,Persis di VWAP,Akumulasi Pro (Smart Money),Gorengan Sepi (< 5M),Sepi (< 50%),Mark-Down (Fase Runtuh),Spesialis Tiang Jemuran (Banting Pucuk),Normal,Sideways / Stagnan,TP: 2005 | CL: 1979,Normal,Sangat Menarik (> 1:3),Oversold (Jenuh Jual - Peluang),Netral / Sepi Berita,Normal / Sedang Transisi,Golden Rebound Fibo 61.8% (Golden Ratio) 🎯,1,WAIT & SEE,TIDAK ADA,2026-10-07 11:00:01,Biasa / Mengikuti Pasar
11:00,POLU,Transaksi Sepi (Skip Broksum),Big Cap (Lapis 1),Overvalued (Mahal),0.0,94.66791,15425.0,16197,13975,18725,-2.6813880126182967,3900,Normal,48,Negatif,Downtrend,Bearish,Strong Bearish,Konsolidasi / Transisi,Normal,Akumulasi (Naik),Normal,Dominan Jual (Guyur),Normal,Tinggi,Normal,Rawan Pucuk (High Risk),< 1 Miliar,Di Atas VWAP (Kuat),Distribusi Pro (Guyuran),Gorengan Sepi (< 5M),Sepi (< 50%),Distribution (Fase Jualan),Normal,Normal,Turun 1 Hari Beruntun,TP: 17522 | CL: 14026,Open = High (Tekanan Jual),Ideal (1:2),Golden Cross (Awal Bullish),Netral / Sepi Berita,Normal / Sedang Transisi,Dekat Support Fibo 61.8% (Golden Ratio),1,WAIT & SEE,TIDAK ADA,2026-10-07 11:00:01,Biasa / Mengikuti Pasar
11:00,KJEN,Transaksi Sepi (Skip Broksum),Small Cap (Lapis 3),Fair Value (Wajar),0.0,1.23072,153.0,157,140,214,1.3245033112582782,5942800,Normal,47,Positif,Downtrend,Bearish,Strong Bearish,Konsolidasi / Transisi,Normal,Distribusi (Turun),Normal,Seimbang / Adu Mekanik,Normal,Tinggi,Normal,Area Tengah,< 1 Miliar,Di Atas VWAP (Kuat),Distribusi Pro (Guyuran),Gorengan Sepi (< 5M),Sepi (< 50%),Distribution (Fase Jualan),Spesialis Tiang Jemuran (Banting Pucuk),Normal,Naik 3 Hari Beruntun,TP: 175 | CL: 138,Normal,Sangat Menarik (> 1:3),Oversold (Jenuh Jual - Peluang),Netral / Sepi Berita,Normal / Sedang Transisi,Mendekati Fibo 61.8% (Golden Ratio),1,WAIT & SEE,TIDAK ADA,2026-10-07 11:00:01,Biasa / Mengikuti Pasar
11:00,ITIC,Transaksi Sepi (Skip Broksum),Small Cap (Lapis 3),Undervalued (Murah),9.309687,0.39123783,200.0,206,191,232,0.5025125628140703,404600,Tembus MA20,37,Positif,Downtrend,Bearish,Strong Bearish,Strong Downtrend (5<20<50),Normal,Akumulasi (Naik),Normal,Dominan Jual (Guyur),Normal,Tinggi,Doji (Ragu-ragu),Area Tengah,< 1 Miliar,Di Bawah VWAP (Lemah),Distribusi Pro (Guyuran),Gorengan Sepi (< 5M),Anomali Tinggi (150-300%),Mark-Down (Fase Runtuh),Spesialis Tiang Jemuran (Banting Pucuk),Normal,Naik 1 Hari Beruntun,TP: 212 | CL: 191,Normal,Sangat Menarik (> 1:3),Netral / Sideways,Netral / Sepi Berita,Normal / Sedang Transisi,Mendekati Fibo Bottom / 100%,3,WAIT & SEE,TIDAK ADA,2026-10-07 11:00:01,Biasa / Mengikuti Pasar
11:00,PAMG,Transaksi Sepi (Skip Broksum),Small Cap (Lapis 3),Fair Value (Wajar),0.0,0.35665154,49.0,50,38,68,0.0,372300,Normal,44,Negatif,Downtrend,Bearish,Strong Bearish,Strong Downtrend (5<20<50),Normal,Akumulasi (Naik),Normal,Dominan Beli (Hajar Kanan),Normal,Tinggi,Doji (Ragu-ragu),Rawan Pucuk (High Risk),< 1 Miliar,Di Atas VWAP (Kuat),Akumulasi Pro (Smart Money),Gorengan Sepi (< 5M),Sepi (< 50%),Mark-Down (Fase Runtuh),Spesialis Tiang Jemuran (Banting Pucuk),Jarum Bawah (Sinyal Pantulan Kuat),Sideways / Stagnan,TP: 56 | CL: 43,Normal,Ideal (1:2),Golden Cross (Awal Bullish),Netral / Sepi Berita,Normal / Sedang Transisi,Mengambang (Jauh dari Fibo),2,WAIT & SEE,TIDAK ADA,2026-10-07 11:00:01,Biasa / Mengikuti Pasar
11:00,IPTV,Transaksi Sepi (Skip Broksum),Mid Cap (Lapis 2),Fair Value (Wajar),0.0,0.17452896,24.0,27,21,33,-4.0,3960100,Normal,39,Negatif,Downtrend,Bearish,Strong Bearish,Strong Downtrend (5<20<50),Normal,Distribusi (Turun),Normal,Dominan Jual (Guyur),Normal,Tinggi,Normal,Rawan Pucuk (High Risk),< 1 Miliar,Di Atas VWAP (Kuat),Distribusi Pro (Guyuran),Gorengan Sepi (< 5M),Sepi (< 50%),Mark-Down (Fase Runtuh),Spesialis Tiang Jemuran (Banting Pucuk),Normal,Turun 1 Hari Beruntun,TP: 27 | CL: 21,Open = High (Tekanan Jual),Sangat Menarik (> 1:3),Golden Cross (Awal Bullish),Netral / Sepi Berita,Normal / Sedang Transisi,Dekat Support Fibo 78.6%,0,WAIT & SEE,TIDAK ADA,2026-10-07 11:00:01,Biasa / Mengikuti Pasar
11:00,BLUE,Token Mati (Perlu Update),Mid Cap (Lapis 2),Overvalued (Mahal),106.43208,16.07675,3690.0,3109,2780,4100,0.819672131147541,431200,Tembus MA20,79,Positif,Uptrend,Bullish,Strong Bullish,Perfect Uptrend (5>20>50),Normal,Akumulasi (Naik),Gap Up (+2.2%),Seimbang / Adu Mekanik,Breakout Upper,Tinggi,Normal,Rawan Pucuk (High Risk),> 1 Miliar,Di Atas VWAP (Kuat),Distribusi Pro (Guyuran),Gorengan Sepi (< 5M),Normal (50-150%),Mark-Up (Fase Pesta),Spesialis Tiang Jemuran (Banting Pucuk),Normal,Naik 6 Hari Beruntun,TP: 4074 | CL: 3433,Normal,Tidak Ideal (< 1:1),Death Cross (Awal Bearish),Netral / Sepi Berita,Supply Banjir (Distribusi) 🌊,Dekat Support Fibo 23.6%,8,BELI,TIDAK ADA,2026-10-07 11:00:01,Biasa / Mengikuti Pasar
11:00,EAST,Transaksi Sepi (Skip Broksum),Small Cap (Lapis 3),Fair Value (Wajar),21.728632,0.80956364,90.0,89,88,91,0.0,138000,Normal,56,Negatif,Uptrend,Bearish,Bullish MACD,Konsolidasi / Transisi,Normal,Akumulasi (Naik),Normal,Dominan Beli (Hajar Kanan),Squeeze,Rendah,Doji (Ragu-ragu),Dekat Support (Low Risk),< 1 Miliar,Persis di VWAP,Akumulasi Pro (Smart Money),Gorengan Sepi (< 5M),Sepi (< 50%),Accumulation (Kumpul Barang),Normal,Jarum Bawah (Sinyal Pantulan Kuat),Sideways / Stagnan,TP: 92 | CL: 88,Normal,Tidak Ideal (< 1:1),Netral / Sideways,Netral / Sepi Berita,Normal / Sedang Transisi,Golden Rebound Fibo 38.2% 🎯,5,WAIT & SEE,TIDAK ADA,2026-10-07 11:00:01,Biasa / Mengikuti Pasar
11:00,LIFE,Transaksi Sepi (Skip Broksum),Big Cap (Lapis 1),Overvalued (Mahal),75.0095,2.531099,9875.0,11043,7375,13975,1.282051282051282,10400,Normal,48,Positif,Downtrend,Bearish,Strong Bearish,Konsolidasi / Transisi,Normal,Akumulasi (Naik),Normal,Dominan Beli (Hajar Kanan),Normal,Tinggi,Normal,Rawan Pucuk (High Risk),< 1 Miliar,Di Atas VWAP (Kuat),Akumulasi Pro (Smart Money),Gorengan Sepi (< 5M),Sepi (< 50%),Distribution (Fase Jualan),Normal,Normal,Naik 1 Hari Beruntun,TP: 11720 | CL: 8644,Normal,Ideal (1:2),Golden Cross (Awal Bullish),Netral / Sepi Berita,Normal / Sedang Transisi,Dekat Support Fibo 50.0%,3,WAIT & SEE,TIDAK ADA,2026-10-07 11:00:01,Biasa / Mengikuti Pasar
11:00,FUJI,Transaksi Sepi (Skip Broksum),Small Cap (Lapis 3),Overvalued (Mahal),51.29088,2.101759,298.0,278,240,326,-0.6666666666666667,400500,Normal,59,Negatif,Uptrend,Bullish,Strong Bullish,Perfect Uptrend (5>20>50),Normal,Akumulasi (Naik),Normal,Dominan Jual (Guyur),Normal,Tinggi,Normal,Rawan Pucuk (High Risk),< 1 Miliar,Persis di VWAP,Akumulasi Pro (Smart Money),Gorengan Sepi (< 5M),Sepi (< 50%),Mark-Up (Fase Pesta),Spesialis Tiang Jemuran (Banting Pucuk),Normal,Turun 1 Hari Beruntun,TP: 334 | CL: 273,Open = High (Tekanan Jual),Tidak Ideal (< 1:1),Netral / Sideways,Netral / Sepi Berita,Normal / Sedang Transisi,Mendekati Fibo 50.0%,5,WAIT & SEE,TIDAK ADA,2026-10-07 11:00:01,Biasa / Mengikuti Pasar
11:00,KOTA,Token Mati (Perlu Update),Mid Cap (Lapis 2),Fair Value (Wajar),23.151127,1.2129073,144.0,177,142,218,-4.635761589403973,142819800,Normal,34,Negatif,Downtrend,Bearish,Strong Bearish,Konsolidasi / Transisi,Normal,Distribusi (Turun),Normal,Dominan Jual (Guyur),Normal,Tinggi,Normal,Dekat Support (Low Risk),> 1 Miliar,Di Bawah VWAP (Lemah),Distribusi Pro (Guyuran),Ritel Aktif (5M - 50M),Normal (50-150%),Distribution (Fase Jualan),Spesialis Tiang Jemuran (Banting Pucuk),Normal,Turun 2 Hari Beruntun,TP: 162 | CL: 131,Open = High (Tekanan Jual),Sangat Menarik (> 1:3),Oversold (Jenuh Jual - Peluang),Netral / Sepi Berita,Normal / Sedang Transisi,Mengambang (Jauh dari Fibo),0,WAIT & SEE,TIDAK ADA,2026-10-07 11:00:01,🔥 ANOMALI BANDAR (Siap Ledakan)
11:00,INOV,Transaksi Sepi (Skip Broksum),Small Cap (Lapis 3),Undervalued (Murah),7.379875,0.677738,137.0,136,124,150,0.0,264500,Normal,50,Negatif,Uptrend,Bullish,Bullish MACD,Awal Reversal (5>20),Normal,Distribusi (Turun),Normal,Seimbang / Adu Mekanik,Normal,Sedang,Normal,Rawan Pucuk (High Risk),< 1 Miliar,Persis di VWAP,Akumulasi Pro (Smart Money),Gorengan Sepi (< 5M),Sepi (< 50%),Accumulation (Kumpul Barang),Spesialis Tiang Jemuran (Banting Pucuk),Normal,Sideways / Stagnan,TP: 145 | CL: 131,Normal,Menengah (1:1),Netral / Sideways,Netral / Sepi Berita,Supply Kering (Siap Pump) 🏜️,Golden Rebound Fibo 50.0% 🎯,3,WAIT & SEE,TIDAK ADA,2026-10-07 11:00:01,Biasa / Mengikuti Pasar
11:00,SMKL,Transaksi Sepi (Skip Broksum),Small Cap (Lapis 3),Undervalued (Murah),4.669214,0.50736,154.0,152,140,164,1.3157894736842104,9600,Normal,55,Positif,Uptrend,Bearish,Strong Bearish,Konsolidasi / Transisi,Normal,Akumulasi (Naik),Gap Up (+2.6%),Seimbang / Adu Mekanik,Normal,Sedang,Normal,Rawan Pucuk (High Risk),< 1 Miliar,Di Atas VWAP (Kuat),Distribusi Pro (Guyuran),Gorengan Sepi (< 5M),Sepi (< 50%),Mark-Up (Fase Pesta),Normal,Normal,Naik 3 Hari Beruntun,TP: 164 | CL: 147,Open = High (Tekanan Jual),Tidak Ideal (< 1:1),Netral / Sideways,Netral / Sepi Berita,Normal / Sedang Transisi,Mendekati Fibo 61.8% (Golden Ratio),5,WAIT & SEE,TIDAK ADA,2026-10-07 11:00:01,Biasa / Mengikuti Pasar
11:00,HDIT,Transaksi Sepi (Skip Broksum),Small Cap (Lapis 3),Fair Value (Wajar),0.0,0.26732606,41.0,45,34,50,5.128205128205128,18912100,Tembus MA20,38,Positif,Downtrend,Bearish,Strong Bearish,Strong Downtrend (5<20<50),Akumulasi Kuat,Akumulasi (Naik),Gap Up (+2.6%),Dominan Jual (Guyur),Normal,Tinggi,Normal,Rawan Pucuk (High Risk),< 1 Miliar,Di Atas VWAP (Kuat),Distribusi Pro (Guyuran),Gorengan Sepi (< 5M),Normal (50-150%),Mark-Down (Fase Runtuh),Spesialis Tiang Jemuran (Banting Pucuk),Normal,Naik 3 Hari Beruntun,TP: 45 | CL: 37,Open = Low (Bullish Kuat),Menengah (1:1),Golden Cross (Awal Bullish),Netral / Sepi Berita,Normal / Sedang Transisi,Mendekati Fibo 78.6%,5,WAIT & SEE,TIDAK ADA,2026-10-07 11:00:01,Biasa / Mengikuti Pasar
11:00,KEEN,Token Mati (Perlu Update),Mid Cap (Lapis 2),Overvalued (Mahal),33.59684,17346.94,850.0,865,810,960,-0.5847953216374269,1686700,Normal,43,Negatif,Downtrend,Bearish,Strong Bearish,Strong Downtrend (5<20<50),Normal,Akumulasi (Naik),Normal,Seimbang / Adu Mekanik,Normal,Sedang,Normal,Area Tengah,> 1 Miliar,Persis di VWAP,Akumulasi Pro (Smart Money),Ritel Aktif (5M - 50M),Sepi (< 50%),Mark-Down (Fase Runtuh),Solid (Jarang Dibanting),Normal,Turun 1 Hari Beruntun,TP: 883 | CL: 827,Normal,Ideal (1:2),Netral / Sideways,Netral / Sepi Berita,Normal / Sedang Transisi,Dekat Support Fibo 78.6%,1,WAIT & SEE,TIDAK ADA,2026-10-07 11:00:01,Biasa / Mengikuti Pasar
11:00,BAPI,Transaksi Sepi (Skip Broksum),Small Cap (Lapis 3),Fair Value (Wajar),0.0,0.2813454,20.0,21,17,29,0.0,37110200,Normal,48,Negatif,Downtrend,Bearish,Strong Bearish,Konsolidasi / Transisi,Normal,Distribusi (Turun),Normal,Dominan Jual (Guyur),Normal,Tinggi,Doji (Ragu-ragu),Rawan Pucuk (High Risk),< 1 Miliar,Di Atas VWAP (Kuat),Akumulasi Pro (Smart Money),Gorengan Sepi (< 5M),Normal (50-150%),Distribution (Fase Jualan),Normal,Normal,Sideways / Stagnan,TP: 23 | CL: 17,Normal,Sangat Menarik (> 1:3),Golden Cross (Awal Bullish),Netral / Sepi Berita,Normal / Sedang Transisi,Dekat Support Fibo 61.8% (Golden Ratio),0,WAIT & SEE,TIDAK ADA,2026-10-07 11:00:01,Biasa / Mengikuti Pasar
11:00,TFAS,Transaksi Sepi (Skip Broksum),Small Cap (Lapis 3),Fair Value (Wajar),0.0,1.8388047,184.0,184,164,226,1.098901098901099,87800,Normal,50,Positif,Downtrend,Bearish,Strong Bearish,Strong Downtrend (5<20<50),Normal,Distribusi (Turun),Gap Up (+3.3%),Seimbang / Adu Mekanik,Normal,Sedang,Normal,Rawan Pucuk (High Risk),< 1 Miliar,Di Atas VWAP (Kuat),Distribusi Pro (Guyuran),Gorengan Sepi (< 5M),Sepi (< 50%),Mark-Down (Fase Runtuh),Spesialis Tiang Jemuran (Banting Pucuk),Normal,Naik 4 Hari Beruntun,TP: 206 | CL: 169,Open = High (Tekanan Jual),Ideal (1:2),Golden Cross (Awal Bullish),Netral / Sepi Berita,Normal / Sedang Transisi,Dekat Support Fibo 78.6%,2,WAIT & SEE,TIDAK ADA,2026-10-07 11:00:01,Biasa / Mengikuti Pasar
11:00,GGRP,Transaksi Sepi (Skip Broksum),Mid Cap (Lapis 2),Overvalued (Mahal),0.0,7094.34,376.0,345,318,392,-1.5706806282722512,1175800,Normal,71,Negatif,Uptrend,Bullish,Strong Bullish,Perfect Uptrend (5>20>50),Normal,Akumulasi (Naik),Normal,Seimbang / Adu Mekanik,Normal,Tinggi,Normal,Rawan Pucuk (High Risk),< 1 Miliar,Di Atas VWAP (Kuat),Akumulasi Pro (Smart Money),Gorengan Sepi (< 5M),Sepi (< 50%),Mark-Up (Fase Pesta),Normal,Normal,Turun 1 Hari Beruntun,TP: 403 | CL: 357,Normal,Tidak Ideal (< 1:1),Death Cross (Awal Bearish),Netral / Sepi Berita,Normal / Sedang Transisi,Dekat Support Fibo 23.6%,5,WAIT & SEE,TIDAK ADA,2026-10-07 11:00:01,Biasa / Mengikuti Pasar
11:00,OPMS,Transaksi Sepi (Skip Broksum),Small Cap (Lapis 3),Fair Value (Wajar),0.0,1.0141988,92.0,103,82,122,-1.0752688172043012,841900,Normal,33,Negatif,Downtrend,Bearish,Strong Bearish,Strong Downtrend (5<20<50),Normal,Akumulasi (Naik),Normal,Dominan Jual (Guyur),Normal,Tinggi,Doji (Ragu-ragu),Rawan Pucuk (High Risk),< 1 Miliar,Persis di VWAP,Distribusi Pro (Guyuran),Gorengan Sepi (< 5M),Sepi (< 50%),Mark-Down (Fase Runtuh),Spesialis Tiang Jemuran (Banting Pucuk),Normal,Turun 1 Hari Beruntun,TP: 103 | CL: 84,Normal,Sangat Menarik (> 1:3),Netral / Sideways,Netral / Sepi Berita,Normal / Sedang Transisi,Mengambang (Jauh dari Fibo),1,WAIT & SEE,TIDAK ADA,2026-10-07 11:00:01,Biasa / Mengikuti Pasar
11:00,NZIA,Transaksi Sepi (Skip Broksum),Small Cap (Lapis 3),Overvalued (Mahal),117.87072,0.74379057,155.0,166,134,224,-0.641025641025641,920600,Normal,47,Negatif,Downtrend,Bearish,Strong Bearish,Konsolidasi / Transisi,Normal,Akumulasi (Naik),Normal,Seimbang / Adu Mekanik,Normal,Tinggi,Normal,Rawan Pucuk (High Risk),< 1 Miliar,Di Atas VWAP (Kuat),Akumulasi Pro (Smart Money),Gorengan Sepi (< 5M),Sepi (< 50%),Distribution (Fase Jualan),Normal,Normal,Turun 1 Hari Beruntun,TP: 172 | CL: 143,Normal,Sangat Menarik (> 1:3),Golden Cross (Awal Bullish),Netral / Sepi Berita,Normal / Sedang Transisi,Mengambang (Jauh dari Fibo),1,WAIT & SEE,TIDAK ADA,2026-10-07 11:00:01,Biasa / Mengikuti Pasar
11:00,SLIS,Transaksi Sepi (Skip Broksum),Small Cap (Lapis 3),Fair Value (Wajar),0.0,0.5772456,75.0,79,67,100,-2.5974025974025974,11127600,Normal,44,Negatif,Downtrend,Bearish,Strong Bearish,Strong Downtrend (5<20<50),Normal,Akumulasi (Naik),Normal,Dominan Jual (Guyur),Normal,Tinggi,Normal,Rawan Pucuk (High Risk),< 1 Miliar,Di Atas VWAP (Kuat),Distribusi Pro (Guyuran),Gorengan Sepi (< 5M),Sepi (< 50%),Mark-Down (Fase Runtuh),Normal,Normal,Turun 1 Hari Beruntun,TP: 83 | CL: 69,Normal,Sangat Menarik (> 1:3),Golden Cross (Awal Bullish),Netral / Sepi Berita,Normal / Sedang Transisi,Mengambang (Jauh dari Fibo),1,WAIT & SEE,TIDAK ADA,2026-10-07 11:00:01,Biasa / Mengikuti Pasar
11:00,IRRA,Transaksi Sepi (Skip Broksum),Small Cap (Lapis 3),Undervalued (Murah),8.845325,0.9229326,370.0,363,340,394,0.0,8700,Normal,54,Negatif,Uptrend,Golden Cross,Bullish MACD,Awal Reversal (5>20),Normal,Akumulasi (Naik),Normal,Dominan Beli (Hajar Kanan),Normal,Sedang,Doji (Ragu-ragu),Area Tengah,< 1 Miliar,Di Atas VWAP (Kuat),Akumulasi Pro (Smart Money),Gorengan Sepi (< 5M),Sepi (< 50%),Accumulation (Kumpul Barang),Spesialis Tiang Jemuran (Banting Pucuk),Jarum Bawah (Sinyal Pantulan Kuat),Sideways / Stagnan,TP: 384 | CL: 360,Normal,Tidak Ideal (< 1:1),Overbought (Jenuh Beli - Rawan),Netral / Sepi Berita,Normal / Sedang Transisi,Golden Rebound Fibo 78.6% 🎯,6,WAIT & SEE,TIDAK ADA,2026-10-07 11:00:01,Biasa / Mengikuti Pasar
11:00,DMMX,Transaksi Sepi (Skip Broksum),Mid Cap (Lapis 2),Overvalued (Mahal),31.675877,1.8406943,172.0,179,155,206,0.0,135300,Normal,40,Negatif,Downtrend,Bearish,Strong Bearish,Strong Downtrend (5<20<50),Normal,Distribusi (Turun),Normal,Dominan Jual (Guyur),Normal,Tinggi,Normal,Rawan Pucuk (High Risk),< 1 Miliar,Di Bawah VWAP (Lemah),Distribusi Pro (Guyuran),Gorengan Sepi (< 5M),Sepi (< 50%),Mark-Down (Fase Runtuh),Spesialis Tiang Jemuran (Banting Pucuk),Normal,Sideways / Stagnan,TP: 189 | CL: 160,Open = High (Tekanan Jual),Ideal (1:2),Golden Cross (Awal Bullish),Netral / Sepi Berita,Supply Banjir (Distribusi) 🌊,Mengambang (Jauh dari Fibo),0,WAIT & SEE,TIDAK ADA,2026-10-07 11:00:01,Biasa / Mengikuti Pasar
11:00,SINI,Token Mati (Perlu Update),Big Cap (Lapis 1),Fair Value (Wajar),19.189074,-63.54997,16525.0,16401,12825,18325,0.15151515151515152,1905700,Normal,58,Positif,Uptrend,Bullish,Bearish MACD,Perfect Uptrend (5>20>50),Normal,Distribusi (Turun),Normal,Dominan Beli (Hajar Kanan),Normal,Tinggi,Normal,Rawan Pucuk (High Risk),> 1 Miliar,Persis di VWAP,Distribusi Pro (Guyuran),Sultan (> 50M/hari),Normal (50-150%),Mark-Up (Fase Pesta),Normal,Jarum Bawah (Sinyal Pantulan Kuat),Naik 1 Hari Beruntun,TP: 17781 | CL: 15687,Normal,Tidak Ideal (< 1:1),Netral / Sideways,Netral / Sepi Berita,Normal / Sedang Transisi,Mengambang (Jauh dari Fibo),5,WAIT & SEE,TIDAK ADA,2026-10-07 11:00:01,Biasa / Mengikuti Pasar
11:00,WOWS,Transaksi Sepi (Skip Broksum),Small Cap (Lapis 3),Fair Value (Wajar),0.0,0.2377969,52.0,52,40,61,0.0,1480400,Normal,45,Negatif,Downtrend,Bearish,Bullish MACD,Strong Downtrend (5<20<50),Normal,Akumulasi (Naik),Normal,Seimbang / Adu Mekanik,Normal,Tinggi,Doji (Ragu-ragu),Rawan Pucuk (High Risk),< 1 Miliar,Di Atas VWAP (Kuat),Akumulasi Pro (Smart Money),Gorengan Sepi (< 5M),Sepi (< 50%),Mark-Down (Fase Runtuh),Spesialis Tiang Jemuran (Banting Pucuk),Normal,Sideways / Stagnan,TP: 58 | CL: 47,Normal,Tidak Ideal (< 1:1),Netral / Sideways,Netral / Sepi Berita,Normal / Sedang Transisi,Mendekati Fibo 61.8% (Golden Ratio),2,WAIT & SEE,TIDAK ADA,2026-10-07 11:00:01,Biasa / Mengikuti Pasar
11:00,ESIP,Transaksi Sepi (Skip Broksum),Small Cap (Lapis 3),Overvalued (Mahal),33.779263,1.1218857,101.0,108,87,135,-0.9803921568627451,3524700,Normal,39,Negatif,Downtrend,Bearish,Strong Bearish,Strong Downtrend (5<20<50),Normal,Akumulasi (Naik),Gap Up (+2.9%),Dominan Jual (Guyur),Normal,Tinggi,Normal,Rawan Pucuk (High Risk),< 1 Miliar,Di Atas VWAP (Kuat),Akumulasi Pro (Smart Money),Gorengan Sepi (< 5M),Sepi (< 50%),Mark-Down (Fase Runtuh),Spesialis Tiang Jemuran (Banting Pucuk),Normal,Turun 1 Hari Beruntun,TP: 111 | CL: 93,Open = High (Tekanan Jual),Ideal (1:2),Golden Cross (Awal Bullish),Netral / Sepi Berita,Normal / Sedang Transisi,Dekat Support Fibo 78.6%,2,WAIT & SEE,TIDAK ADA,2026-10-07 11:00:01,Biasa / Mengikuti Pasar
11:00,KEJU,Transaksi Sepi (Skip Broksum),Mid Cap (Lapis 2),Overvalued (Mahal),17.28763,3.8143842,580.0,592,575,620,0.0,300,Normal,43,Negatif,Downtrend,Bearish,Strong Bearish,Konsolidasi / Transisi,Normal,Distribusi (Turun),Normal,Dominan Jual (Guyur),Squeeze,Rendah,Normal,Dekat Support (Low Risk),< 1 Miliar,Persis di VWAP,Distribusi Pro (Guyuran),Gorengan Sepi (< 5M),Sepi (< 50%),Distribution (Fase Jualan),Spesialis Tiang Jemuran (Banting Pucuk),Normal,Sideways / Stagnan,TP: 600 | CL: 566,Open = High (Tekanan Jual),Sangat Menarik (> 1:3),Netral / Sideways,Netral / Sepi Berita,Normal / Sedang Transisi,Dekat Support Fibo 61.8% (Golden Ratio),0,WAIT & SEE,TIDAK ADA,2026-10-07 11:00:01,Biasa / Mengikuti Pasar
11:00,PSGO,Transaksi Sepi (Skip Broksum),Mid Cap (Lapis 2),Undervalued (Murah),9.095194,1.3058453,193.0,193,189,198,-0.5154639175257731,186300,Tembus MA20,48,Negatif,Downtrend,Golden Cross,Bullish MACD,Awal Reversal (5>20),Normal,Akumulasi (Naik),Normal,Dominan Beli (Hajar Kanan),Squeeze,Rendah,Hammer (Potensi Reversal),Dekat Support (Low Risk),< 1 Miliar,Persis di VWAP,Akumulasi Pro (Smart Money),Gorengan Sepi (< 5M),Anomali Tinggi (150-300%),Mark-Down (Fase Runtuh),Spesialis Tiang Jemuran (Banting Pucuk),Jarum Bawah (Sinyal Pantulan Kuat),Turun 1 Hari Beruntun,TP: 199 | CL: 188,Open = High (Tekanan Jual),Menengah (1:1),Death Cross (Awal Bearish),Netral / Sepi Berita,Normal / Sedang Transisi,Golden Rebound Fibo 61.8% (Golden Ratio) 🎯,5,WAIT & SEE,TIDAK ADA,2026-10-07 11:00:01,Biasa / Mengikuti Pasar
11:00,AGAR,Token Mati (Perlu Update),Mid Cap (Lapis 2),Overvalued (Mahal),967.3367,17.029821,1925.0,2082,1505,3180,-5.172413793103448,587500,Normal,51,Negatif,Downtrend,Bearish,Bearish MACD,Konsolidasi / Transisi,Normal,Akumulasi (Naik),Normal,Dominan Jual (Guyur),Normal,Tinggi,Normal,Rawan Pucuk (High Risk),> 1 Miliar,Di Atas VWAP (Kuat),Akumulasi Pro (Smart Money),Gorengan Sepi (< 5M),Sepi (< 50%),Distribution (Fase Jualan),Normal,Normal,Turun 1 Hari Beruntun,TP: 2579 | CL: 1488,Normal,Ideal (1:2),Netral / Sideways,Netral / Sepi Berita,Normal / Sedang Transisi,Mengambang (Jauh dari Fibo),2,WAIT & SEE,TIDAK ADA,2026-10-07 11:00:01,Biasa / Mengikuti Pasar
11:00,IFSH,Token Mati (Perlu Update),Mid Cap (Lapis 2),Overvalued (Mahal),30.775028,5.6017284,2440.0,1279,935,2490,18.446601941747574,542600,Tembus MA20,83,Positif,Uptrend,Bullish,Strong Bullish,Perfect Uptrend (5>20>50),Akumulasi Kuat,Akumulasi (Naik),Normal,Dominan Beli (Hajar Kanan),Breakout Upper,Tinggi,Marubozu (Strong Bullish),Rawan Pucuk (High Risk),> 1 Miliar,Di Atas VWAP (Kuat),Akumulasi Pro (Smart Money),Gorengan Sepi (< 5M),Anomali Tinggi (150-300%),Mark-Up (Fase Pesta),Normal,Normal,Naik 3 Hari Beruntun,TP: 2748 | CL: 2234,Open = Low (Bullish Kuat),Tidak Ideal (< 1:1),Overbought (Jenuh Beli - Rawan),Netral / Sepi Berita,Normal / Sedang Transisi,Mengambang (Jauh dari Fibo),9,BELI,TIDAK ADA,2026-10-07 11:00:01,⚠️ Anomali (Sudah Terbang)
11:00,REAL,Token Mati (Perlu Update),Small Cap (Lapis 3),Overvalued (Mahal),374.99997,0.84948236,48.0,46,33,54,11.627906976744185,321212000,Tembus MA20,54,Positif,Uptrend,Bearish,Bullish MACD,Strong Downtrend (5<20<50),Distribusi Kuat,Akumulasi (Naik),Gap Up (+18.6%),Dominan Jual (Guyur),Normal,Tinggi,Normal,Rawan Pucuk (High Risk),> 1 Miliar,Di Atas VWAP (Kuat),Distribusi Pro (Guyuran),Ritel Aktif (5M - 50M),Ledakan Ekstrem (> 300%),Accumulation (Kumpul Barang),Normal,Normal,Naik 1 Hari Beruntun,TP: 54 | CL: 43,Normal,Tidak Ideal (< 1:1),Netral / Sideways,Netral / Sepi Berita,Supply Banjir (Distribusi) 🌊,Mendekati Fibo 61.8% (Golden Ratio),7,BELI,TIDAK ADA,2026-10-07 11:00:01,⚠️ Anomali (Sudah Terbang)
11:00,IFII,Transaksi Sepi (Skip Broksum),Mid Cap (Lapis 2),Undervalued (Murah),13.62148,1.391686,208.0,206,195,263,0.9708737864077669,20100,Normal,53,Positif,Uptrend,Bullish,Bearish MACD,Perfect Uptrend (5>20>50),Normal,Akumulasi (Naik),Normal,Seimbang / Adu Mekanik,Normal,Sedang,Doji (Ragu-ragu),Area Tengah,< 1 Miliar,Persis di VWAP,Distribusi Pro (Guyuran),Gorengan Sepi (< 5M),Sepi (< 50%),Mark-Up (Fase Pesta),Spesialis Tiang Jemuran (Banting Pucuk),Normal,Naik 1 Hari Beruntun,TP: 223 | CL: 197,Normal,Sangat Menarik (> 1:3),Oversold (Jenuh Jual - Peluang),Netral / Sepi Berita,Supply Kering (Siap Pump) 🏜️,Mengambang (Jauh dari Fibo),5,WAIT & SEE,TIDAK ADA,2026-10-07 11:00:01,Biasa / Mengikuti Pasar
11:00,PMJS,Transaksi Sepi (Skip Broksum),Mid Cap (Lapis 2),Undervalued (Murah),9.733893,0.68328506,139.0,140,128,151,0.7246376811594203,42700,Normal,52,Positif,Downtrend,Bearish,Bearish MACD,Konsolidasi / Transisi,Normal,Distribusi (Turun),Normal,Dominan Jual (Guyur),Normal,Sedang,Doji (Ragu-ragu),Area Tengah,< 1 Miliar,Persis di VWAP,Distribusi Pro (Guyuran),Gorengan Sepi (< 5M),Sepi (< 50%),Distribution (Fase Jualan),Spesialis Tiang Jemuran (Banting Pucuk),Normal,Naik 1 Hari Beruntun,TP: 147 | CL: 133,Normal,Menengah (1:1),Netral / Sideways,Netral / Sepi Berita,Normal / Sedang Transisi,Mendekati Fibo 38.2%,2,WAIT & SEE,TIDAK ADA,2026-10-07 11:00:01,Biasa / Mengikuti Pasar
11:00,UCID,Transaksi Sepi (Skip Broksum),Mid Cap (Lapis 2),Undervalued (Murah),1.4983772,0.43189788,496.0,495,458,530,1.2244897959183674,57000,Normal,56,Positif,Uptrend,Bearish,Bearish MACD,Konsolidasi / Transisi,Normal,Akumulasi (Naik),Gap Up (+2.0%),Seimbang / Adu Mekanik,Normal,Sedang,Normal,Area Tengah,< 1 Miliar,Di Atas VWAP (Kuat),Akumulasi Pro (Smart Money),Gorengan Sepi (< 5M),Sepi (< 50%),Mark-Up (Fase Pesta),Normal,Normal,Naik 3 Hari Beruntun,TP: 516 | CL: 482,Open = High (Tekanan Jual),Tidak Ideal (< 1:1),Netral / Sideways,Netral / Sepi Berita,Supply Kering (Siap Pump) 🏜️,Mendekati Fibo 38.2%,5,WAIT & SEE,TIDAK ADA,2026-10-07 11:00:01,Biasa / Mengikuti Pasar
11:00,GLVA,Transaksi Sepi (Skip Broksum),Small Cap (Lapis 3),Undervalued (Murah),9.917254,1.191978,326.0,328,304,344,1.2422360248447204,7300,Normal,52,Positif,Downtrend,Bearish,Bearish MACD,Konsolidasi / Transisi,Normal,Akumulasi (Naik),Normal,Dominan Beli (Hajar Kanan),Squeeze,Rendah,Normal,Area Tengah,< 1 Miliar,Di Atas VWAP (Kuat),Akumulasi Pro (Smart Money),Gorengan Sepi (< 5M),Sepi (< 50%),Distribution (Fase Jualan),Normal,Normal,Naik 2 Hari Beruntun,TP: 354 | CL: 306,Normal,Tidak Ideal (< 1:1),Golden Cross (Awal Bullish),Netral / Sepi Berita,Normal / Sedang Transisi,Dekat Support Fibo 38.2%,4,WAIT & SEE,TIDAK ADA,2026-10-07 11:00:01,Biasa / Mengikuti Pasar
11:00,PGJO,Transaksi Sepi (Skip Broksum),Small Cap (Lapis 3),Overvalued (Mahal),0.0,257.3742,880.0,850,740,920,0.0,130600,Normal,55,Negatif,Uptrend,Golden Cross,Bullish MACD,Perfect Uptrend (5>20>50),Normal,Akumulasi (Naik),Normal,Dominan Jual (Guyur),Normal,Tinggi,Doji (Ragu-ragu),Rawan Pucuk (High Risk),< 1 Miliar,Di Atas VWAP (Kuat),Akumulasi Pro (Smart Money),Gorengan Sepi (< 5M),Sepi (< 50%),Mark-Up (Fase Pesta),Spesialis Tiang Jemuran (Banting Pucuk),Normal,Sideways / Stagnan,TP: 978 | CL: 814,Normal,Tidak Ideal (< 1:1),Netral / Sideways,Netral / Sepi Berita,Normal / Sedang Transisi,Dekat Support Fibo 50.0%,5,WAIT & SEE,TIDAK ADA,2026-10-07 11:00:01,Biasa / Mengikuti Pasar
11:00,AMAR,Transaksi Sepi (Skip Broksum),Mid Cap (Lapis 2),Undervalued (Murah),14.375,1.205097,230.0,230,210,240,0.0,43400,Normal,52,Negatif,Downtrend,Bearish,Bearish MACD,Konsolidasi / Transisi,Normal,Akumulasi (Naik),Normal,Seimbang / Adu Mekanik,Normal,Sedang,Normal,Area Tengah,< 1 Miliar,Persis di VWAP,Distribusi Pro (Guyuran),Gorengan Sepi (< 5M),Sepi (< 50%),Distribution (Fase Jualan),Normal,Normal,Sideways / Stagnan,TP: 240 | CL: 223,Open = High (Tekanan Jual),Tidak Ideal (< 1:1),Netral / Sideways,Netral / Sepi Berita,Normal / Sedang Transisi,Dekat Support Fibo 23.6%,2,WAIT & SEE,TIDAK ADA,2026-10-07 11:00:01,Biasa / Mengikuti Pasar
11:00,CSRA,Transaksi Sepi (Skip Broksum),Mid Cap (Lapis 2),Undervalued (Murah),5.3525715,0.84386224,690.0,719,655,780,0.0,45300,Normal,36,Negatif,Downtrend,Bearish,Strong Bearish,Strong Downtrend (5<20<50),Normal,Distribusi (Turun),Normal,Dominan Jual (Guyur),Normal,Tinggi,Normal,Area Tengah,< 1 Miliar,Di Atas VWAP (Kuat),Distribusi Pro (Guyuran),Gorengan Sepi (< 5M),Sepi (< 50%),Mark-Down (Fase Runtuh),Normal,Normal,Sideways / Stagnan,TP: 732 | CL: 661,Open = High (Tekanan Jual),Ideal (1:2),Golden Cross (Awal Bullish),Netral / Sepi Berita,Normal / Sedang Transisi,Mendekati Fibo Bottom / 100%,0,WAIT & SEE,TIDAK ADA,2026-10-07 11:00:01,Biasa / Mengikuti Pasar
11:00,INDO,Token Mati (Perlu Update),Small Cap (Lapis 3),Fair Value (Wajar),16.113745,0.67263865,170.0,175,159,190,-1.1627906976744187,16598200,Normal,42,Negatif,Downtrend,Bearish,Strong Bearish,Strong Downtrend (5<20<50),Normal,Akumulasi (Naik),Normal,Seimbang / Adu Mekanik,Normal,Tinggi,Normal,Area Tengah,> 1 Miliar,Di Atas VWAP (Kuat),Akumulasi Pro (Smart Money),Gorengan Sepi (< 5M),Normal (50-150%),Mark-Down (Fase Runtuh),Normal,Normal,Turun 1 Hari Beruntun,TP: 177 | CL: 165,Open = High (Tekanan Jual),Ideal (1:2),Golden Cross (Awal Bullish),Netral / Sepi Berita,Normal / Sedang Transisi,Mendekati Fibo 78.6%,1,WAIT & SEE,TIDAK ADA,2026-10-07 11:00:01,Biasa / Mengikuti Pasar
11:00,AMOR,Transaksi Sepi (Skip Broksum),Small Cap (Lapis 3),Fair Value (Wajar),9.631579,2.7307727,366.0,364,350,374,0.5494505494505495,7200,Normal,55,Positif,Uptrend,Bearish,Bearish MACD,Konsolidasi / Transisi,Normal,Akumulasi (Naik),Normal,Dominan Jual (Guyur),Squeeze,Rendah,Normal,Area Tengah,< 1 Miliar,Di Atas VWAP (Kuat),Akumulasi Pro (Smart Money),Gorengan Sepi (< 5M),Sepi (< 50%),Mark-Up (Fase Pesta),Normal,Normal,Naik 1 Hari Beruntun,TP: 379 | CL: 357,Open = High (Tekanan Jual),Tidak Ideal (< 1:1),Netral / Sideways,Netral / Sepi Berita,Normal / Sedang Transisi,Dekat Support Fibo 23.6%,4,WAIT & SEE,TIDAK ADA,2026-10-07 11:00:01,Biasa / Mengikuti Pasar
11:00,TRIN,Token Mati (Perlu Update),Mid Cap (Lapis 2),Overvalued (Mahal),57.959183,2.0920348,282.0,322,206,432,-2.7586206896551726,21540900,Normal,44,Negatif,Downtrend,Bearish,Strong Bearish,Strong Downtrend (5<20<50),Normal,Akumulasi (Naik),Normal,Seimbang / Adu Mekanik,Normal,Tinggi,Normal,Rawan Pucuk (High Risk),> 1 Miliar,Di Atas VWAP (Kuat),Akumulasi Pro (Smart Money),Ritel Aktif (5M - 50M),Normal (50-150%),Mark-Down (Fase Runtuh),Spesialis Tiang Jemuran (Banting Pucuk),Normal,Turun 1 Hari Beruntun,TP: 341 | CL: 242,Normal,Ideal (1:2),Golden Cross (Awal Bullish),Netral / Sepi Berita,Normal / Sedang Transisi,Mengambang (Jauh dari Fibo),1,WAIT & SEE,TIDAK ADA,2026-10-07 11:00:01,Biasa / Mengikuti Pasar
11:00,DMND,Transaksi Sepi (Skip Broksum),Mid Cap (Lapis 2),Undervalued (Murah),11.632415,0.85290754,600.0,620,585,750,-1.639344262295082,12000,Normal,43,Negatif,Downtrend,Bearish,Strong Bearish,Strong Downtrend (5<20<50),Normal,Akumulasi (Naik),Normal,Seimbang / Adu Mekanik,Normal,Sedang,Normal,Dekat Support (Low Risk),< 1 Miliar,Di Bawah VWAP (Lemah),Akumulasi Pro (Smart Money),Gorengan Sepi (< 5M),Sepi (< 50%),Mark-Down (Fase Runtuh),Spesialis Tiang Jemuran (Banting Pucuk),Normal,Turun 3 Hari Beruntun,TP: 648 | CL: 567,Open = High (Tekanan Jual),Sangat Menarik (> 1:3),Oversold (Jenuh Jual - Peluang),Netral / Sepi Berita,Normal / Sedang Transisi,Mengambang (Jauh dari Fibo),1,WAIT & SEE,TIDAK ADA,2026-10-07 11:00:01,Biasa / Mengikuti Pasar
11:00,PURA,Transaksi Sepi (Skip Broksum),Small Cap (Lapis 3),Fair Value (Wajar),24.879059,0.43580896,36.0,33,31,41,-2.7027027027027026,3380500,Normal,57,Negatif,Uptrend,Bullish,Strong Bullish,Perfect Uptrend (5>20>50),Normal,Akumulasi (Naik),Normal,Dominan Jual (Guyur),Normal,Tinggi,Normal,Rawan Pucuk (High Risk),< 1 Miliar,Di Bawah VWAP (Lemah),Distribusi Pro (Guyuran),Gorengan Sepi (< 5M),Sepi (< 50%),Mark-Up (Fase Pesta),Normal,Normal,Turun 1 Hari Beruntun,TP: 39 | CL: 33,Normal,Menengah (1:1),Netral / Sideways,Netral / Sepi Berita,Normal / Sedang Transisi,Mendekati Fibo 50.0%,5,WAIT & SEE,TIDAK ADA,2026-10-07 11:00:01,Biasa / Mengikuti Pasar
11:00,PTPW,Transaksi Sepi (Skip Broksum),Small Cap (Lapis 3),Undervalued (Murah),14.802129,1.4202682,1115.0,1138,1095,1190,0.904977375565611,12000,Normal,37,Positif,Downtrend,Bearish,Strong Bearish,Strong Downtrend (5<20<50),Normal,Akumulasi (Naik),Normal,Dominan Beli (Hajar Kanan),Normal,Sedang,Marubozu (Strong Bullish),Dekat Support (Low Risk),< 1 Miliar,Di Atas VWAP (Kuat),Distribusi Pro (Guyuran),Gorengan Sepi (< 5M),Normal (50-150%),Mark-Down (Fase Runtuh),Spesialis Tiang Jemuran (Banting Pucuk),Normal,Naik 3 Hari Beruntun,TP: 1133 | CL: 1102,Open = Low (Bullish Kuat),Sangat Menarik (> 1:3),Golden Cross (Awal Bullish),Netral / Sepi Berita,Normal / Sedang Transisi,Dekat Support Fibo Bottom / 100%,3,WAIT & SEE,TIDAK ADA,2026-10-07 11:00:01,Biasa / Mengikuti Pasar
11:00,TAMA,Transaksi Sepi (Skip Broksum),Small Cap (Lapis 3),Fair Value (Wajar),0.0,-3.7756307,195.0,192,175,210,-1.5151515151515151,66300,Normal,48,Negatif,Uptrend,Bearish,Bullish MACD,Strong Downtrend (5<20<50),Normal,Akumulasi (Naik),Normal,Tidak Ada Transaksi,Normal,Sedang,Doji (Ragu-ragu),Rawan Pucuk (High Risk),< 1 Miliar,Persis di VWAP,Distribusi Pro (Guyuran),Gorengan Sepi (< 5M),Sepi (< 50%),Accumulation (Kumpul Barang),Spesialis Tiang Jemuran (Banting Pucuk),Normal,Turun 1 Hari Beruntun,TP: 208 | CL: 186,Normal,Tidak Ideal (< 1:1),Netral / Sideways,Netral / Sepi Berita,Normal / Sedang Transisi,Mengambang (Jauh dari Fibo),3,WAIT & SEE,TIDAK ADA,2026-10-07 11:00:01,Biasa / Mengikuti Pasar
11:00,IKAN,Transaksi Sepi (Skip Broksum),Small Cap (Lapis 3),Overvalued (Mahal),42.34694,0.9316212,84.0,85,74,96,2.4390243902439024,5574000,Normal,49,Positif,Downtrend,Bearish,Strong Bearish,Strong Downtrend (5<20<50),Normal,Akumulasi (Naik),Normal,Seimbang / Adu Mekanik,Normal,Tinggi,Normal,Rawan Pucuk (High Risk),< 1 Miliar,Di Atas VWAP (Kuat),Akumulasi Pro (Smart Money),Gorengan Sepi (< 5M),Normal (50-150%),Mark-Down (Fase Runtuh),Spesialis Tiang Jemuran (Banting Pucuk),Normal,Naik 3 Hari Beruntun,TP: 91 | CL: 79,Normal,Menengah (1:1),Golden Cross (Awal Bullish),Netral / Sepi Berita,Normal / Sedang Transisi,Mengambang (Jauh dari Fibo),2,WAIT & SEE,TIDAK ADA,2026-10-07 11:00:01,Biasa / Mengikuti Pasar
11:00,SAMF,Transaksi Sepi (Skip Broksum),Mid Cap (Lapis 2),Fair Value (Wajar),12.932673,1.8885112,340.0,319,278,386,-0.5847953216374269,235300,Normal,61,Negatif,Uptrend,Bullish,Strong Bullish,Perfect Uptrend (5>20>50),Normal,Akumulasi (Naik),Normal,Dominan Beli (Hajar Kanan),Normal,Tinggi,Doji (Ragu-ragu),Rawan Pucuk (High Risk),< 1 Miliar,Persis di VWAP,Akumulasi Pro (Smart Money),Gorengan Sepi (< 5M),Sepi (< 50%),Mark-Up (Fase Pesta),Normal,Jarum Bawah (Sinyal Pantulan Kuat),Turun 3 Hari Beruntun,TP: 372 | CL: 318,Normal,Tidak Ideal (< 1:1),Death Cross (Awal Bearish),Netral / Sepi Berita,Normal / Sedang Transisi,Mendekati Fibo 50.0%,6,WAIT & SEE,TIDAK ADA,2026-10-07 11:00:01,Biasa / Mengikuti Pasar
11:00,KBAG,Transaksi Sepi (Skip Broksum),Small Cap (Lapis 3),Fair Value (Wajar),0.0,0.8473499,40.0,40,35,47,-2.4390243902439024,2675500,Normal,46,Negatif,Downtrend,Bearish,Bullish MACD,Strong Downtrend (5<20<50),Normal,Akumulasi (Naik),Normal,Seimbang / Adu Mekanik,Normal,Tinggi,Normal,Rawan Pucuk (High Risk),< 1 Miliar,Di Atas VWAP (Kuat),Akumulasi Pro (Smart Money),Gorengan Sepi (< 5M),Sepi (< 50%),Mark-Down (Fase Runtuh),Solid (Jarang Dibanting),Normal,Turun 1 Hari Beruntun,TP: 45 | CL: 36,Open = High (Tekanan Jual),Menengah (1:1),Netral / Sideways,Netral / Sepi Berita,Normal / Sedang Transisi,Mendekati Fibo 78.6%,2,WAIT & SEE,TIDAK ADA,2026-10-07 11:00:01,Biasa / Mengikuti Pasar
11:00,RONY,Transaksi Sepi (Skip Broksum),Mid Cap (Lapis 2),Overvalued (Mahal),0.0,829.6703,1510.0,1458,1300,1680,-0.33003300330033003,400,Normal,56,Negatif,Uptrend,Golden Cross,Bearish MACD,Perfect Uptrend (5>20>50),Normal,Akumulasi (Naik),Normal,Dominan Beli (Hajar Kanan),Normal,Tinggi,Normal,Rawan Pucuk (High Risk),< 1 Miliar,Di Atas VWAP (Kuat),Akumulasi Pro (Smart Money),Gorengan Sepi (< 5M),Sepi (< 50%),Mark-Up (Fase Pesta),Spesialis Tiang Jemuran (Banting Pucuk),Normal,Turun 1 Hari Beruntun,TP: 1710 | CL: 1376,Normal,Tidak Ideal (< 1:1),Netral / Sideways,Netral / Sepi Berita,Normal / Sedang Transisi,Mengambang (Jauh dari Fibo),5,WAIT & SEE,TIDAK ADA,2026-10-07 11:00:01,Biasa / Mengikuti Pasar
11:00,CSMI,Token Mati (Perlu Update),Small Cap (Lapis 3),Overvalued (Mahal),0.0,128.71782,515.0,244,165,515,25.0,109548500,Tembus MA20,86,Positif,Uptrend,Bullish,Strong Bullish,Perfect Uptrend (5>20>50),Normal,Akumulasi (Naik),Gap Up (+5.3%),Dominan Beli (Hajar Kanan),Breakout Upper,Tinggi,Marubozu (Strong Bullish),Rawan Pucuk (High Risk),> 1 Miliar,Di Atas VWAP (Kuat),Akumulasi Pro (Smart Money),Sultan (> 50M/hari),Normal (50-150%),Mark-Up (Fase Pesta),Normal,Normal,Naik 4 Hari Beruntun,TP: 591 | CL: 463,Open = Low (Bullish Kuat),Tidak Ideal (< 1:1),Overbought (Jenuh Beli - Rawan),Netral / Sepi Berita,Normal / Sedang Transisi,Mengambang (Jauh dari Fibo),9,BELI,TIDAK ADA,2026-10-07 11:00:01,⚠️ Anomali (Sudah Terbang)
11:00,BBSS,Transaksi Sepi (Skip Broksum),Small Cap (Lapis 3),Fair Value (Wajar),0.0,1.7794638,91.0,90,77,109,0.0,3064100,Normal,48,Negatif,Uptrend,Bullish,Bullish MACD,Awal Reversal (5>20),Normal,Akumulasi (Naik),Normal,Seimbang / Adu Mekanik,Normal,Tinggi,Normal,Rawan Pucuk (High Risk),< 1 Miliar,Persis di VWAP,Akumulasi Pro (Smart Money),Gorengan Sepi (< 5M),Sepi (< 50%),Accumulation (Kumpul Barang),Normal,Normal,Sideways / Stagnan,TP: 107 | CL: 80,Open = High (Tekanan Jual),Menengah (1:1),Netral / Sideways,Netral / Sepi Berita,Normal / Sedang Transisi,Mendekati Fibo 78.6%,4,WAIT & SEE,TIDAK ADA,2026-10-07 11:00:01,Biasa / Mengikuti Pasar
11:00,CASH,Transaksi Sepi (Skip Broksum),Small Cap (Lapis 3),Fair Value (Wajar),0.0,-7.03773,252.0,245,200,290,0.0,370100,Normal,55,Negatif,Uptrend,Bullish,Bearish MACD,Perfect Uptrend (5>20>50),Normal,Akumulasi (Naik),Normal,Dominan Beli (Hajar Kanan),Normal,Tinggi,Doji (Ragu-ragu),Rawan Pucuk (High Risk),< 1 Miliar,Persis di VWAP,Distribusi Pro (Guyuran),Gorengan Sepi (< 5M),Sepi (< 50%),Mark-Up (Fase Pesta),Normal,Jarum Bawah (Sinyal Pantulan Kuat),Sideways / Stagnan,TP: 283 | CL: 231,Normal,Tidak Ideal (< 1:1),Golden Cross (Awal Bullish),Netral / Sepi Berita,Normal / Sedang Transisi,Mendekati Fibo 38.2%,5,WAIT & SEE,TIDAK ADA,2026-10-07 11:00:01,Biasa / Mengikuti Pasar
11:00,EPAC,Token Mati (Perlu Update),Small Cap (Lapis 3),Fair Value (Wajar),0.0,2.4455626,53.0,49,37,58,8.16326530612245,195745600,Tembus MA20,54,Positif,Uptrend,Bearish,Bullish MACD,Strong Downtrend (5<20<50),Akumulasi Kuat,Akumulasi (Naik),Normal,Seimbang / Adu Mekanik,Normal,Tinggi,Normal,Rawan Pucuk (High Risk),> 1 Miliar,Di Atas VWAP (Kuat),Akumulasi Pro (Smart Money),Ritel Aktif (5M - 50M),Anomali Tinggi (150-300%),Accumulation (Kumpul Barang),Solid (Jarang Dibanting),Normal,Naik 3 Hari Beruntun,TP: 58 | CL: 49,Open = Low (Bullish Kuat),Tidak Ideal (< 1:1),Netral / Sideways,Netral / Sepi Berita,Normal / Sedang Transisi,Mengambang (Jauh dari Fibo),7,BELI,TIDAK ADA,2026-10-07 11:00:01,⚠️ Anomali (Sudah Terbang)
11:00,UANG,Transaksi Sepi (Skip Broksum),Mid Cap (Lapis 2),Overvalued (Mahal),61.853893,13.373417,3590.0,3808,3260,4630,-1.3736263736263736,41400,Normal,51,Negatif,Downtrend,Bearish,Bearish MACD,Konsolidasi / Transisi,Normal,Akumulasi (Naik),Normal,Dominan Jual (Guyur),Normal,Tinggi,Normal,Rawan Pucuk (High Risk),< 1 Miliar,Persis di VWAP,Distribusi Pro (Guyuran),Gorengan Sepi (< 5M),Sepi (< 50%),Distribution (Fase Jualan),Spesialis Tiang Jemuran (Banting Pucuk),Normal,Turun 1 Hari Beruntun,TP: 3988 | CL: 3324,Normal,Sangat Menarik (> 1:3),Netral / Sideways,Netral / Sepi Berita,Normal / Sedang Transisi,Mengambang (Jauh dari Fibo),2,WAIT & SEE,TIDAK ADA,2026-10-07 11:00:01,Biasa / Mengikuti Pasar
11:00,PGUN,Transaksi Sepi (Skip Broksum),Big Cap (Lapis 1),Overvalued (Mahal),446.00378,27.975971,9375.0,9453,8300,11275,0.8064516129032258,6700,Normal,51,Positif,Downtrend,Bearish,Bearish MACD,Konsolidasi / Transisi,Normal,Distribusi (Turun),Normal,Seimbang / Adu Mekanik,Normal,Sedang,Normal,Rawan Pucuk (High Risk),< 1 Miliar,Di Bawah VWAP (Lemah),Distribusi Pro (Guyuran),Gorengan Sepi (< 5M),Sepi (< 50%),Distribution (Fase Jualan),Spesialis Tiang Jemuran (Banting Pucuk),Jarum Bawah (Sinyal Pantulan Kuat),Naik 2 Hari Beruntun,TP: 10534 | CL: 8601,Normal,Ideal (1:2),Golden Cross (Awal Bullish),Netral / Sepi Berita,Supply Kering (Siap Pump) 🏜️,Mendekati Fibo 50.0%,2,WAIT & SEE,TIDAK ADA,2026-10-07 11:00:01,Biasa / Mengikuti Pasar
11:00,SOFA,Token Mati (Perlu Update),Small Cap (Lapis 3),Overvalued (Mahal),0.0,11.439371,230.0,313,208,392,2.6785714285714284,12895900,Tembus MA20,34,Positif,Downtrend,Bearish,Strong Bearish,Konsolidasi / Transisi,Normal,Distribusi (Turun),Normal,Seimbang / Adu Mekanik,Normal,Tinggi,Normal,Rawan Pucuk (High Risk),> 1 Miliar,Di Bawah VWAP (Lemah),Distribusi Pro (Guyuran),Gorengan Sepi (< 5M),Normal (50-150%),Distribution (Fase Jualan),Normal,Normal,Naik 1 Hari Beruntun,TP: 284 | CL: 193,Normal,Sangat Menarik (> 1:3),Oversold (Jenuh Jual - Peluang),Netral / Sepi Berita,Normal / Sedang Transisi,Mengambang (Jauh dari Fibo),2,WAIT & SEE,TIDAK ADA,2026-10-07 11:00:01,Biasa / Mengikuti Pasar
11:00,SGER,Token Mati (Perlu Update),Big Cap (Lapis 1),Overvalued (Mahal),52.41661,4.90474,770.0,724,625,785,-0.6451612903225806,26111400,Normal,73,Negatif,Uptrend,Bullish,Bearish MACD,Perfect Uptrend (5>20>50),Normal,Akumulasi (Naik),Normal,Dominan Jual (Guyur),Normal,Tinggi,Normal,Rawan Pucuk (High Risk),> 1 Miliar,Di Atas VWAP (Kuat),Akumulasi Pro (Smart Money),Ritel Aktif (5M - 50M),Normal (50-150%),Mark-Up (Fase Pesta),Normal,Normal,Turun 1 Hari Beruntun,TP: 822 | CL: 735,Normal,Tidak Ideal (< 1:1),Overbought (Jenuh Beli - Rawan),Netral / Sepi Berita,Normal / Sedang Transisi,Mengambang (Jauh dari Fibo),4,WAIT & SEE,TIDAK ADA,2026-10-07 11:00:01,Biasa / Mengikuti Pasar
11:00,TRJA,Transaksi Sepi (Skip Broksum),Small Cap (Lapis 3),Undervalued (Murah),3.7039344,0.46184894,119.0,126,114,164,-0.8333333333333334,129400,Normal,44,Negatif,Downtrend,Bearish,Strong Bearish,Konsolidasi / Transisi,Normal,Distribusi (Turun),Normal,Dominan Beli (Hajar Kanan),Normal,Tinggi,Doji (Ragu-ragu),Area Tengah,< 1 Miliar,Persis di VWAP,Distribusi Pro (Guyuran),Gorengan Sepi (< 5M),Sepi (< 50%),Distribution (Fase Jualan),Spesialis Tiang Jemuran (Banting Pucuk),Jarum Bawah (Sinyal Pantulan Kuat),Turun 1 Hari Beruntun,TP: 134 | CL: 109,Normal,Sangat Menarik (> 1:3),Oversold (Jenuh Jual - Peluang),Netral / Sepi Berita,Normal / Sedang Transisi,Golden Rebound Fibo 78.6% 🎯,1,WAIT & SEE,TIDAK ADA,2026-10-07 11:00:01,Biasa / Mengikuti Pasar
11:00,PNGO,Transaksi Sepi (Skip Broksum),Mid Cap (Lapis 2),Fair Value (Wajar),8.670382,2.232081,3610.0,3522,3280,3700,3.4383954154727796,6700,Tembus MA20,54,Positif,Uptrend,Bearish,Strong Bearish,Strong Downtrend (5<20<50),Akumulasi Kuat,Distribusi (Turun),Normal,Dominan Beli (Hajar Kanan),Normal,Sedang,Marubozu (Strong Bullish),Rawan Pucuk (High Risk),< 1 Miliar,Di Atas VWAP (Kuat),Distribusi Pro (Guyuran),Gorengan Sepi (< 5M),Anomali Tinggi (150-300%),Accumulation (Kumpul Barang),Normal,Normal,Naik 2 Hari Beruntun,TP: 3805 | CL: 3480,Open = Low (Bullish Kuat),Tidak Ideal (< 1:1),Netral / Sideways,Netral / Sepi Berita,Normal / Sedang Transisi,Dekat Support Fibo 23.6%,6,WAIT & SEE,TIDAK ADA,2026-10-07 11:00:01,Biasa / Mengikuti Pasar
11:00,SCNP,Transaksi Sepi (Skip Broksum),Small Cap (Lapis 3),Fair Value (Wajar),0.0,1.10011,167.0,160,151,204,0.6024096385542169,49800,Normal,64,Positif,Uptrend,Bullish,Strong Bullish,Perfect Uptrend (5>20>50),Normal,Akumulasi (Naik),Normal,Seimbang / Adu Mekanik,Normal,Sedang,Normal,Rawan Pucuk (High Risk),< 1 Miliar,Persis di VWAP,Distribusi Pro (Guyuran),Gorengan Sepi (< 5M),Sepi (< 50%),Mark-Up (Fase Pesta),Spesialis Tiang Jemuran (Banting Pucuk),Normal,Naik 2 Hari Beruntun,TP: 184 | CL: 155,Normal,Ideal (1:2),Golden Cross (Awal Bullish),Netral / Sepi Berita,Supply Kering (Siap Pump) 🏜️,Golden Rebound Fibo 61.8% (Golden Ratio) 🎯,6,WAIT & SEE,TIDAK ADA,2026-10-07 11:00:01,Biasa / Mengikuti Pasar
11:00,BBSI,Transaksi Sepi (Skip Broksum),Big Cap (Lapis 1),Overvalued (Mahal),54.814816,4.19483,4070.0,4427,4010,4610,-6.221198156682028,500,Tembus MA20,25,Negatif,Downtrend,Bearish,Strong Bearish,Strong Downtrend (5<20<50),Normal,Distribusi (Turun),Gap Down (-7.6%),Dominan Jual (Guyur),Normal,Tinggi,Normal,Dekat Support (Low Risk),< 1 Miliar,Di Bawah VWAP (Lemah),Distribusi Pro (Guyuran),Gorengan Sepi (< 5M),Normal (50-150%),Mark-Down (Fase Runtuh),Normal,Normal,Turun 1 Hari Beruntun,TP: 4171 | CL: 4002,Open = Low (Bullish Kuat),Sangat Menarik (> 1:3),Netral / Sideways,Netral / Sepi Berita,Normal / Sedang Transisi,Dekat Support Fibo Bottom / 100%,1,WAIT & SEE,TIDAK ADA,2026-10-07 11:00:01,Biasa / Mengikuti Pasar
11:00,KMDS,Transaksi Sepi (Skip Broksum),Small Cap (Lapis 3),Fair Value (Wajar),5.593884,1.510243,510.0,520,498,540,-1.9230769230769231,78000,Normal,40,Negatif,Downtrend,Bearish,Strong Bearish,Strong Downtrend (5<20<50),Normal,Akumulasi (Naik),Normal,Dominan Jual (Guyur),Squeeze,Rendah,Normal,Dekat Support (Low Risk),< 1 Miliar,Persis di VWAP,Akumulasi Pro (Smart Money),Gorengan Sepi (< 5M),Normal (50-150%),Mark-Down (Fase Runtuh),Normal,Normal,Turun 1 Hari Beruntun,TP: 532 | CL: 494,Normal,Ideal (1:2),Netral / Sideways,Netral / Sepi Berita,Normal / Sedang Transisi,Dekat Support Fibo Bottom / 100%,1,WAIT & SEE,TIDAK ADA,2026-10-07 11:00:01,Biasa / Mengikuti Pasar
11:00,PURI,Transaksi Sepi (Skip Broksum),Small Cap (Lapis 3),Overvalued (Mahal),26.803745,1.6214296,146.0,152,138,190,0.6896551724137931,390700,Normal,46,Positif,Downtrend,Bearish,Strong Bearish,Konsolidasi / Transisi,Normal,Akumulasi (Naik),Normal,Dominan Beli (Hajar Kanan),Normal,Tinggi,Normal,Area Tengah,< 1 Miliar,Di Atas VWAP (Kuat),Akumulasi Pro (Smart Money),Gorengan Sepi (< 5M),Sepi (< 50%),Distribution (Fase Jualan),Spesialis Tiang Jemuran (Banting Pucuk),Normal,Naik 3 Hari Beruntun,TP: 157 | CL: 138,Normal,Sangat Menarik (> 1:3),Golden Cross (Awal Bullish),Netral / Sepi Berita,Normal / Sedang Transisi,Mendekati Fibo 78.6%,3,WAIT & SEE,TIDAK ADA,2026-10-07 11:00:01,Biasa / Mengikuti Pasar
11:00,SOHO,Transaksi Sepi (Skip Broksum),Big Cap (Lapis 1),Overvalued (Mahal),24.00722,6.8768682,1330.0,1451,1210,1780,-2.9197080291970803,38500,Normal,45,Negatif,Downtrend,Bearish,Strong Bearish,Konsolidasi / Transisi,Normal,Akumulasi (Naik),Normal,Dominan Jual (Guyur),Normal,Tinggi,Normal,Area Tengah,< 1 Miliar,Di Bawah VWAP (Lemah),Distribusi Pro (Guyuran),Gorengan Sepi (< 5M),Sepi (< 50%),Distribution (Fase Jualan),Spesialis Tiang Jemuran (Banting Pucuk),Normal,Turun 1 Hari Beruntun,TP: 1502 | CL: 1215,Normal,Sangat Menarik (> 1:3),Netral / Sideways,Netral / Sepi Berita,Supply Banjir (Distribusi) 🌊,Mendekati Fibo 78.6%,1,WAIT & SEE,TIDAK ADA,2026-10-07 11:00:01,Biasa / Mengikuti Pasar
11:00,HOMI,Transaksi Sepi (Skip Broksum),Small Cap (Lapis 3),Fair Value (Wajar),0.0,2.947153,248.0,244,214,262,0.8130081300813009,394700,Normal,59,Positif,Uptrend,Bullish,Bearish MACD,Perfect Uptrend (5>20>50),Normal,Akumulasi (Naik),Normal,Seimbang / Adu Mekanik,Normal,Sedang,Normal,Rawan Pucuk (High Risk),< 1 Miliar,Persis di VWAP,Akumulasi Pro (Smart Money),Gorengan Sepi (< 5M),Sepi (< 50%),Mark-Up (Fase Pesta),Normal,Normal,Naik 1 Hari Beruntun,TP: 272 | CL: 231,Open = Low (Bullish Kuat),Tidak Ideal (< 1:1),Netral / Sideways,Netral / Sepi Berita,Normal / Sedang Transisi,Mendekati Fibo 23.6%,5,WAIT & SEE,TIDAK ADA,2026-10-07 11:00:01,Biasa / Mengikuti Pasar
11:00,ROCK,Token Mati (Perlu Update),Mid Cap (Lapis 2),Overvalued (Mahal),156.25,4.806067,2800.0,2267,1850,3700,-11.11111111111111,442600,Tembus MA20,58,Negatif,Uptrend,Bullish,Strong Bullish,Perfect Uptrend (5>20>50),Normal,Akumulasi (Naik),Gap Down (-7.3%),Dominan Jual (Guyur),Normal,Tinggi,Normal,Rawan Pucuk (High Risk),> 1 Miliar,Di Bawah VWAP (Lemah),Akumulasi Pro (Smart Money),Gorengan Sepi (< 5M),Normal (50-150%),Mark-Up (Fase Pesta),Spesialis Tiang Jemuran (Banting Pucuk),Normal,Turun 2 Hari Beruntun,TP: 3360 | CL: 2426,Normal,Tidak Ideal (< 1:1),Death Cross (Awal Bearish),Netral / Sepi Berita,Supply Banjir (Distribusi) 🌊,Mengambang (Jauh dari Fibo),6,WAIT & SEE,TIDAK ADA,2026-10-07 11:00:01,Biasa / Mengikuti Pasar
11:00,ENZO,Transaksi Sepi (Skip Broksum),Small Cap (Lapis 3),Undervalued (Murah),13.235594,0.80220175,66.0,69,50,85,3.125,11810000,Normal,47,Positif,Downtrend,Bearish,Strong Bearish,Strong Downtrend (5<20<50),Normal,Akumulasi (Naik),Normal,Dominan Beli (Hajar Kanan),Normal,Tinggi,Normal,Rawan Pucuk (High Risk),< 1 Miliar,Di Atas VWAP (Kuat),Akumulasi Pro (Smart Money),Gorengan Sepi (< 5M),Normal (50-150%),Mark-Down (Fase Runtuh),Spesialis Tiang Jemuran (Banting Pucuk),Normal,Naik 2 Hari Beruntun,TP: 75 | CL: 59,Normal,Menengah (1:1),Netral / Sideways,Netral / Sepi Berita,Normal / Sedang Transisi,Mengambang (Jauh dari Fibo),3,WAIT & SEE,TIDAK ADA,2026-10-07 11:00:01,Biasa / Mengikuti Pasar
11:00,PLAN,Transaksi Sepi (Skip Broksum),Small Cap (Lapis 3),Fair Value (Wajar),0.0,1.2088193,70.0,66,55,88,-1.4084507042253522,1098900,Normal,61,Negatif,Uptrend,Bullish,Bearish MACD,Perfect Uptrend (5>20>50),Normal,Akumulasi (Naik),Normal,Dominan Jual (Guyur),Normal,Tinggi,Normal,Rawan Pucuk (High Risk),< 1 Miliar,Persis di VWAP,Akumulasi Pro (Smart Money),Gorengan Sepi (< 5M),Sepi (< 50%),Mark-Up (Fase Pesta),Normal,Normal,Turun 2 Hari Beruntun,TP: 79 | CL: 63,Normal,Menengah (1:1),Death Cross (Awal Bearish),Netral / Sepi Berita,Normal / Sedang Transisi,Mendekati Fibo 38.2%,4,WAIT & SEE,TIDAK ADA,2026-10-07 11:00:01,Biasa / Mengikuti Pasar
11:00,ATAP,Transaksi Sepi (Skip Broksum),Small Cap (Lapis 3),Overvalued (Mahal),187.78625,9.9139185,605.0,563,520,695,-3.968253968253968,1641900,Normal,61,Negatif,Uptrend,Bullish,Strong Bullish,Awal Reversal (5>20),Normal,Akumulasi (Naik),Normal,Dominan Jual (Guyur),Normal,Tinggi,Normal,Rawan Pucuk (High Risk),< 1 Miliar,Di Bawah VWAP (Lemah),Distribusi Pro (Guyuran),Gorengan Sepi (< 5M),Normal (50-150%),Accumulation (Kumpul Barang),Normal,Normal,Turun 1 Hari Beruntun,TP: 658 | CL: 569,Open = High (Tekanan Jual),Menengah (1:1),Netral / Sideways,Netral / Sepi Berita,Supply Banjir (Distribusi) 🌊,Mendekati Fibo 38.2%,5,WAIT & SEE,TIDAK ADA,2026-10-07 11:00:01,Biasa / Mengikuti Pasar
11:00,VICI,Token Mati (Perlu Update),Mid Cap (Lapis 2),Overvalued (Mahal),69.34769,6.7259617,1095.0,1052,870,1280,1.8604651162790697,3559600,Normal,62,Positif,Uptrend,Bearish,Bearish MACD,Konsolidasi / Transisi,Normal,Akumulasi (Naik),Normal,Seimbang / Adu Mekanik,Normal,Tinggi,Normal,Rawan Pucuk (High Risk),> 1 Miliar,Di Atas VWAP (Kuat),Akumulasi Pro (Smart Money),Gorengan Sepi (< 5M),Normal (50-150%),Mark-Up (Fase Pesta),Spesialis Tiang Jemuran (Banting Pucuk),Normal,Naik 4 Hari Beruntun,TP: 1231 | CL: 1003,Normal,Tidak Ideal (< 1:1),Netral / Sideways,Netral / Sepi Berita,Normal / Sedang Transisi,Mengambang (Jauh dari Fibo),4,WAIT & SEE,TIDAK ADA,2026-10-07 11:00:01,Biasa / Mengikuti Pasar
11:00,BANK,Transaksi Sepi (Skip Broksum),Mid Cap (Lapis 2),Overvalued (Mahal),44.28044,1.0221509,240.0,246,216,268,0.0,365200,Normal,36,Negatif,Downtrend,Bearish,Bullish MACD,Strong Downtrend (5<20<50),Normal,Akumulasi (Naik),Normal,Dominan Jual (Guyur),Normal,Tinggi,Normal,Rawan Pucuk (High Risk),< 1 Miliar,Persis di VWAP,Akumulasi Pro (Smart Money),Gorengan Sepi (< 5M),Sepi (< 50%),Mark-Down (Fase Runtuh),Spesialis Tiang Jemuran (Banting Pucuk),Normal,Sideways / Stagnan,TP: 258 | CL: 227,Normal,Menengah (1:1),Netral / Sideways,Netral / Sepi Berita,Normal / Sedang Transisi,Mengambang (Jauh dari Fibo),2,WAIT & SEE,TIDAK ADA,2026-10-07 11:00:01,Biasa / Mengikuti Pasar
11:00,WMUU,Transaksi Sepi (Skip Broksum),Small Cap (Lapis 3),Fair Value (Wajar),0.0,0.5627558,33.0,43,26,50,0.0,22044000,Normal,25,Negatif,Downtrend,Bearish,Strong Bearish,Strong Downtrend (5<20<50),Normal,Distribusi (Turun),Normal,Dominan Beli (Hajar Kanan),Normal,Tinggi,Doji (Ragu-ragu),Rawan Pucuk (High Risk),< 1 Miliar,Di Atas VWAP (Kuat),Distribusi Pro (Guyuran),Gorengan Sepi (< 5M),Sepi (< 50%),Mark-Down (Fase Runtuh),Normal,Jarum Bawah (Sinyal Pantulan Kuat),Sideways / Stagnan,TP: 37 | CL: 29,Normal,Ideal (1:2),Golden Cross (Awal Bullish),Netral / Sepi Berita,Normal / Sedang Transisi,Mengambang (Jauh dari Fibo),1,WAIT & SEE,TIDAK ADA,2026-10-07 11:00:01,Biasa / Mengikuti Pasar
11:00,UNIQ,Transaksi Sepi (Skip Broksum),Small Cap (Lapis 3),Fair Value (Wajar),15.717541,0.8992747,138.0,124,104,147,0.0,3350400,Normal,66,Negatif,Uptrend,Bullish,Strong Bullish,Perfect Uptrend (5>20>50),Normal,Akumulasi (Naik),Normal,Dominan Jual (Guyur),Normal,Tinggi,Normal,Rawan Pucuk (High Risk),< 1 Miliar,Di Atas VWAP (Kuat),Akumulasi Pro (Smart Money),Gorengan Sepi (< 5M),Sepi (< 50%),Mark-Up (Fase Pesta),Spesialis Tiang Jemuran (Banting Pucuk),Normal,Sideways / Stagnan,TP: 152 | CL: 128,Normal,Tidak Ideal (< 1:1),Netral / Sideways,Netral / Sepi Berita,Normal / Sedang Transisi,Dekat Support Fibo 23.6%,5,WAIT & SEE,TIDAK ADA,2026-10-07 11:00:01,Biasa / Mengikuti Pasar
11:00,SNLK,Token Mati (Perlu Update),Small Cap (Lapis 3),Fair Value (Wajar),0.0,0.6707077,240.0,241,208,266,-0.8264462809917356,7262700,Normal,52,Negatif,Downtrend,Bearish,Bearish MACD,Konsolidasi / Transisi,Normal,Distribusi (Turun),Normal,Seimbang / Adu Mekanik,Normal,Tinggi,Normal,Rawan Pucuk (High Risk),> 1 Miliar,Di Atas VWAP (Kuat),Akumulasi Pro (Smart Money),Gorengan Sepi (< 5M),Normal (50-150%),Distribution (Fase Jualan),Solid (Jarang Dibanting),Normal,Turun 1 Hari Beruntun,TP: 263 | CL: 224,Normal,Tidak Ideal (< 1:1),Netral / Sideways,Netral / Sepi Berita,Normal / Sedang Transisi,Dekat Support Fibo 50.0%,1,WAIT & SEE,TIDAK ADA,2026-10-07 11:00:01,Biasa / Mengikuti Pasar
11:00,ZYRX,Transaksi Sepi (Skip Broksum),Small Cap (Lapis 3),Undervalued (Murah),2.4769585,0.5544095,129.0,127,123,135,0.78125,422100,Normal,53,Positif,Uptrend,Bearish,Strong Bearish,Strong Downtrend (5<20<50),Normal,Akumulasi (Naik),Normal,Dominan Beli (Hajar Kanan),Squeeze,Rendah,Hammer (Potensi Reversal),Area Tengah,< 1 Miliar,Di Atas VWAP (Kuat),Akumulasi Pro (Smart Money),Gorengan Sepi (< 5M),Normal (50-150%),Accumulation (Kumpul Barang),Spesialis Tiang Jemuran (Banting Pucuk),Jarum Bawah (Sinyal Pantulan Kuat),Naik 3 Hari Beruntun,TP: 134 | CL: 125,Open = High (Tekanan Jual),Menengah (1:1),Netral / Sideways,Netral / Sepi Berita,Normal / Sedang Transisi,Golden Rebound Fibo 50.0% 🎯,5,WAIT & SEE,TIDAK ADA,2026-10-07 11:00:01,Biasa / Mengikuti Pasar
11:00,LFLO,Transaksi Sepi (Skip Broksum),Small Cap (Lapis 3),Overvalued (Mahal),0.0,8.542801,590.0,567,505,645,-0.8403361344537815,5000,Normal,58,Negatif,Uptrend,Bullish,Strong Bullish,Perfect Uptrend (5>20>50),Normal,Akumulasi (Naik),Gap Down (-5.9%),Dominan Beli (Hajar Kanan),Normal,Tinggi,Marubozu (Strong Bullish),Rawan Pucuk (High Risk),< 1 Miliar,Di Atas VWAP (Kuat),Akumulasi Pro (Smart Money),Gorengan Sepi (< 5M),Sepi (< 50%),Mark-Up (Fase Pesta),Normal,Normal,Turun 3 Hari Beruntun,TP: 673 | CL: 534,Open = Low (Bullish Kuat),Tidak Ideal (< 1:1),Death Cross (Awal Bearish),Netral / Sepi Berita,Normal / Sedang Transisi,Mendekati Fibo 38.2%,6,WAIT & SEE,TIDAK ADA,2026-10-07 11:00:01,Biasa / Mengikuti Pasar
11:00,TAPG,Token Mati (Perlu Update),Big Cap (Lapis 1),Overvalued (Mahal),9.668574,3.4875734,2000.0,2081,1885,2470,-0.9900990099009901,2332800,Normal,47,Negatif,Downtrend,Bearish,Strong Bearish,Konsolidasi / Transisi,Normal,Akumulasi (Naik),Normal,Dominan Jual (Guyur),Normal,Tinggi,Normal,Area Tengah,> 1 Miliar,Di Atas VWAP (Kuat),Akumulasi Pro (Smart Money),Ritel Aktif (5M - 50M),Sepi (< 50%),Distribution (Fase Jualan),Normal,Normal,Turun 1 Hari Beruntun,TP: 2120 | CL: 1919,Normal,Sangat Menarik (> 1:3),Golden Cross (Awal Bullish),Netral / Sepi Berita,Normal / Sedang Transisi,Dekat Support Fibo 50.0%,1,WAIT & SEE,TIDAK ADA,2026-10-07 11:00:01,Biasa / Mengikuti Pasar
11:00,NPGF,Transaksi Sepi (Skip Broksum),Small Cap (Lapis 3),Overvalued (Mahal),1500.0,0.6046924,45.0,51,40,59,2.272727272727273,1669400,Normal,30,Positif,Downtrend,Bearish,Strong Bearish,Strong Downtrend (5<20<50),Normal,Distribusi (Turun),Normal,Dominan Beli (Hajar Kanan),Normal,Tinggi,Normal,Rawan Pucuk (High Risk),< 1 Miliar,Persis di VWAP,Distribusi Pro (Guyuran),Gorengan Sepi (< 5M),Sepi (< 50%),Mark-Down (Fase Runtuh),Spesialis Tiang Jemuran (Banting Pucuk),Normal,Naik 1 Hari Beruntun,TP: 52 | CL: 40,Normal,Ideal (1:2),Golden Cross (Awal Bullish),Netral / Sepi Berita,Normal / Sedang Transisi,Mengambang (Jauh dari Fibo),2,WAIT & SEE,TIDAK ADA,2026-10-07 11:00:01,Biasa / Mengikuti Pasar
11:00,LUCY,Token Mati (Perlu Update),Small Cap (Lapis 3),Overvalued (Mahal),0.0,18.059855,210.0,309,204,474,-4.545454545454546,67096300,Normal,29,Negatif,Downtrend,Bearish,Strong Bearish,Strong Downtrend (5<20<50),Normal,Distribusi (Turun),Normal,Seimbang / Adu Mekanik,Normal,Tinggi,Normal,Dekat Support (Low Risk),> 1 Miliar,Di Bawah VWAP (Lemah),Distribusi Pro (Guyuran),Ritel Aktif (5M - 50M),Normal (50-150%),Mark-Down (Fase Runtuh),Spesialis Tiang Jemuran (Banting Pucuk),Normal,Turun 3 Hari Beruntun,TP: 259 | CL: 176,Open = High (Tekanan Jual),Sangat Menarik (> 1:3),Oversold (Jenuh Jual - Peluang),Netral / Sepi Berita,Normal / Sedang Transisi,Mendekati Fibo Bottom / 100%,0,WAIT & SEE,TIDAK ADA,2026-10-07 11:00:01,🔥 ANOMALI BANDAR (Siap Ledakan)
11:00,HOPE,Token Mati (Perlu Update),Small Cap (Lapis 3),Overvalued (Mahal),0.0,11.025531,282.0,252,193,340,1.4388489208633095,5913300,Normal,57,Positif,Uptrend,Bullish,Strong Bullish,Perfect Uptrend (5>20>50),Normal,Akumulasi (Naik),Normal,Dominan Beli (Hajar Kanan),Normal,Tinggi,Normal,Rawan Pucuk (High Risk),> 1 Miliar,Persis di VWAP,Distribusi Pro (Guyuran),Ritel Aktif (5M - 50M),Sepi (< 50%),Mark-Up (Fase Pesta),Normal,Normal,Naik 3 Hari Beruntun,TP: 332 | CL: 248,Normal,Tidak Ideal (< 1:1),Netral / Sideways,Netral / Sepi Berita,Normal / Sedang Transisi,Mengambang (Jauh dari Fibo),7,BELI,TIDAK ADA,2026-10-07 11:00:01,Biasa / Mengikuti Pasar
11:00,MGLV,Token Mati (Perlu Update),Big Cap (Lapis 1),Overvalued (Mahal),0.0,229.16106,13625.0,14766,13000,17000,-2.154398563734291,169400,Normal,47,Negatif,Downtrend,Bearish,Bearish MACD,Konsolidasi / Transisi,Normal,Distribusi (Turun),Normal,Dominan Jual (Guyur),Bottom Rebound,Tinggi,Normal,Area Tengah,> 1 Miliar,Di Bawah VWAP (Lemah),Akumulasi Pro (Smart Money),Ritel Aktif (5M - 50M),Sepi (< 50%),Distribution (Fase Jualan),Normal,Normal,Turun 1 Hari Beruntun,TP: 15266 | CL: 12530,Open = High (Tekanan Jual),Sangat Menarik (> 1:3),Oversold (Jenuh Jual - Peluang),Netral / Sepi Berita,Normal / Sedang Transisi,Golden Rebound Fibo 38.2% 🎯,0,WAIT & SEE,TIDAK ADA,2026-10-07 11:00:01,Biasa / Mengikuti Pasar
11:00,TRUE,Token Mati (Perlu Update),Small Cap (Lapis 3),Fair Value (Wajar),0.0,2.3962805,67.0,57,40,107,8.064516129032258,908537100,Tembus MA20,60,Positif,Uptrend,Bearish,Bearish MACD,Konsolidasi / Transisi,Distribusi Kuat,Akumulasi (Naik),Gap Up (+12.9%),Dominan Jual (Guyur),Normal,Tinggi,Normal,Rawan Pucuk (High Risk),> 1 Miliar,Di Atas VWAP (Kuat),Akumulasi Pro (Smart Money),Ritel Aktif (5M - 50M),Anomali Tinggi (150-300%),Mark-Up (Fase Pesta),Normal,Normal,Naik 4 Hari Beruntun,TP: 86 | CL: 54,Normal,Menengah (1:1),Golden Cross (Awal Bullish),Netral / Sepi Berita,Normal / Sedang Transisi,Dekat Support Fibo 61.8% (Golden Ratio),6,WAIT & SEE,TIDAK ADA,2026-10-07 11:00:01,⚠️ Anomali (Sudah Terbang)
11:00,LABA,Token Mati (Perlu Update),Small Cap (Lapis 3),Undervalued (Murah),4.12782,1.3778031,116.0,115,94,137,-0.8547008547008548,8737600,Normal,53,Negatif,Uptrend,Bearish,Strong Bearish,Konsolidasi / Transisi,Normal,Akumulasi (Naik),Normal,Seimbang / Adu Mekanik,Normal,Tinggi,Normal,Rawan Pucuk (High Risk),> 1 Miliar,Di Atas VWAP (Kuat),Akumulasi Pro (Smart Money),Gorengan Sepi (< 5M),Normal (50-150%),Mark-Up (Fase Pesta),Spesialis Tiang Jemuran (Banting Pucuk),Normal,Turun 1 Hari Beruntun,TP: 129 | CL: 106,Normal,Tidak Ideal (< 1:1),Netral / Sideways,Netral / Sepi Berita,Normal / Sedang Transisi,Mendekati Fibo 61.8% (Golden Ratio),3,WAIT & SEE,TIDAK ADA,2026-10-07 11:00:01,Biasa / Mengikuti Pasar
11:00,ARCI,Token Mati (Perlu Update),Big Cap (Lapis 1),Overvalued (Mahal),12.355288,79375.0,1265.0,1295,1180,1390,-0.39370078740157477,3310000,Normal,48,Negatif,Downtrend,Bearish,Strong Bearish,Konsolidasi / Transisi,Normal,Distribusi (Turun),Normal,Seimbang / Adu Mekanik,Normal,Sedang,Normal,Area Tengah,> 1 Miliar,Di Atas VWAP (Kuat),Akumulasi Pro (Smart Money),Ritel Aktif (5M - 50M),Sepi (< 50%),Distribution (Fase Jualan),Normal,Normal,Turun 2 Hari Beruntun,TP: 1340 | CL: 1215,Normal,Menengah (1:1),Netral / Sideways,Netral / Sepi Berita,Normal / Sedang Transisi,Dekat Support Fibo 38.2%,0,WAIT & SEE,TIDAK ADA,2026-10-07 11:00:01,Biasa / Mengikuti Pasar
11:00,MASB,Transaksi Sepi (Skip Broksum),Mid Cap (Lapis 2),Fair Value (Wajar),20.799053,1.0753032,3160.0,3279,3100,3390,0.9584664536741214,3600,Normal,30,Positif,Downtrend,Bearish,Strong Bearish,Strong Downtrend (5<20<50),Normal,Distribusi (Turun),Normal,Dominan Jual (Guyur),Bottom Rebound,Sedang,Doji (Ragu-ragu),Dekat Support (Low Risk),< 1 Miliar,Di Bawah VWAP (Lemah),Distribusi Pro (Guyuran),Gorengan Sepi (< 5M),Normal (50-150%),Mark-Down (Fase Runtuh),Normal,Normal,Naik 1 Hari Beruntun,TP: 3241 | CL: 3105,Normal,Sangat Menarik (> 1:3),Netral / Sideways,Netral / Sepi Berita,Supply Kering (Siap Pump) 🏜️,Golden Rebound Fibo Bottom / 100% 🎯,1,WAIT & SEE,TIDAK ADA,2026-10-07 11:00:01,Biasa / Mengikuti Pasar
11:00,BMHS,Transaksi Sepi (Skip Broksum),Mid Cap (Lapis 2),Fair Value (Wajar),0.0,0.8859201,200.0,199,189,206,0.0,56200,Normal,61,Negatif,Uptrend,Golden Cross,Bearish MACD,Perfect Uptrend (5>20>50),Normal,Akumulasi (Naik),Normal,Seimbang / Adu Mekanik,Squeeze,Rendah,Doji (Ragu-ragu),Area Tengah,< 1 Miliar,Di Atas VWAP (Kuat),Akumulasi Pro (Smart Money),Gorengan Sepi (< 5M),Sepi (< 50%),Mark-Up (Fase Pesta),Solid (Jarang Dibanting),Jarum Bawah (Sinyal Pantulan Kuat),Sideways / Stagnan,TP: 208 | CL: 194,Normal,Tidak Ideal (< 1:1),Netral / Sideways,Netral / Sepi Berita,Supply Kering (Siap Pump) 🏜️,Golden Rebound Fibo 23.6% 🎯,4,WAIT & SEE,TIDAK ADA,2026-10-07 11:00:01,Biasa / Mengikuti Pasar
11:00,FLMC,Transaksi Sepi (Skip Broksum),Small Cap (Lapis 3),Overvalued (Mahal),8.678941,8.204888,140.0,128,88,162,-6.666666666666667,346000,Normal,59,Negatif,Uptrend,Bullish,Strong Bullish,Perfect Uptrend (5>20>50),Normal,Akumulasi (Naik),Gap Down (-6.7%),Tidak Ada Transaksi,Normal,Tinggi,Doji (Ragu-ragu),Rawan Pucuk (High Risk),< 1 Miliar,Di Bawah VWAP (Lemah),Akumulasi Pro (Smart Money),Gorengan Sepi (< 5M),Sepi (< 50%),Mark-Up (Fase Pesta),Normal,Normal,Turun 2 Hari Beruntun,TP: 162 | CL: 125,Normal,Tidak Ideal (< 1:1),Death Cross (Awal Bearish),Netral / Sepi Berita,Normal / Sedang Transisi,Mendekati Fibo 23.6%,5,WAIT & SEE,TIDAK ADA,2026-10-07 11:00:01,Biasa / Mengikuti Pasar
11:00,NICL,Token Mati (Perlu Update),Mid Cap (Lapis 2),Overvalued (Mahal),33.891994,4.656875,364.0,412,338,496,-3.7037037037037033,9899800,Normal,32,Negatif,Downtrend,Bearish,Strong Bearish,Strong Downtrend (5<20<50),Normal,Akumulasi (Naik),Normal,Dominan Jual (Guyur),Normal,Tinggi,Normal,Area Tengah,> 1 Miliar,Persis di VWAP,Akumulasi Pro (Smart Money),Ritel Aktif (5M - 50M),Sepi (< 50%),Mark-Down (Fase Runtuh),Normal,Normal,Turun 1 Hari Beruntun,TP: 396 | CL: 342,Normal,Sangat Menarik (> 1:3),Netral / Sideways,Netral / Sepi Berita,Normal / Sedang Transisi,Mengambang (Jauh dari Fibo),1,WAIT & SEE,TIDAK ADA,2026-10-07 11:00:01,Biasa / Mengikuti Pasar
11:00,UVCR,Token Mati (Perlu Update),Small Cap (Lapis 3),Overvalued (Mahal),82.31884,5.2655973,284.0,209,150,294,0.0,23508300,Normal,85,Negatif,Uptrend,Bullish,Strong Bullish,Perfect Uptrend (5>20>50),Normal,Akumulasi (Naik),Normal,Seimbang / Adu Mekanik,Normal,Tinggi,Normal,Rawan Pucuk (High Risk),> 1 Miliar,Di Atas VWAP (Kuat),Akumulasi Pro (Smart Money),Ritel Aktif (5M - 50M),Sepi (< 50%),Mark-Up (Fase Pesta),Normal,Normal,Sideways / Stagnan,TP: 318 | CL: 260,Normal,Tidak Ideal (< 1:1),Overbought (Jenuh Beli - Rawan),Netral / Sepi Berita,Normal / Sedang Transisi,Mengambang (Jauh dari Fibo),5,WAIT & SEE,TIDAK ADA,2026-10-07 11:00:01,Biasa / Mengikuti Pasar
11:00,BUKA,Token Mati (Perlu Update),Mid Cap (Lapis 2),Undervalued (Murah),5.503577,0.37795177,100.0,104,100,115,-2.912621359223301,47192300,Normal,35,Negatif,Downtrend,Bearish,Strong Bearish,Strong Downtrend (5<20<50),Normal,Distribusi (Turun),Normal,Dominan Jual (Guyur),Squeeze,Rendah,Normal,Dekat Support (Low Risk),> 1 Miliar,Di Bawah VWAP (Lemah),Distribusi Pro (Guyuran),Ritel Aktif (5M - 50M),Normal (50-150%),Mark-Down (Fase Runtuh),Normal,Normal,Turun 3 Hari Beruntun,TP: 106 | CL: 96,Open = High (Tekanan Jual),Di Area Support,Netral / Sideways,Netral / Sepi Berita,Normal / Sedang Transisi,Dekat Support Fibo 78.6%,0,WAIT & SEE,TIDAK ADA,2026-10-07 11:00:01,Biasa / Mengikuti Pasar
11:00,HAIS,Transaksi Sepi (Skip Broksum),Small Cap (Lapis 3),Undervalued (Murah),8.152807,0.5952381,175.0,179,170,189,0.0,26500,Normal,35,Negatif,Downtrend,Bearish,Strong Bearish,Strong Downtrend (5<20<50),Normal,Distribusi (Turun),Normal,Seimbang / Adu Mekanik,Normal,Sedang,Normal,Dekat Support (Low Risk),< 1 Miliar,Persis di VWAP,Akumulasi Pro (Smart Money),Gorengan Sepi (< 5M),Sepi (< 50%),Mark-Down (Fase Runtuh),Normal,Normal,Sideways / Stagnan,TP: 182 | CL: 169,Open = Low (Bullish Kuat),Ideal (1:2),Netral / Sideways,Netral / Sepi Berita,Normal / Sedang Transisi,Mendekati Fibo Bottom / 100%,0,WAIT & SEE,TIDAK ADA,2026-10-07 11:00:01,Biasa / Mengikuti Pasar
11:00,OILS,Token Mati (Perlu Update),Small Cap (Lapis 3),Fair Value (Wajar),0.0,1.2859657,334.0,306,270,358,-2.3391812865497075,6127800,Normal,66,Negatif,Uptrend,Golden Cross,Strong Bullish,Perfect Uptrend (5>20>50),Normal,Akumulasi (Naik),Normal,Seimbang / Adu Mekanik,Normal,Tinggi,Normal,Rawan Pucuk (High Risk),> 1 Miliar,Di Atas VWAP (Kuat),Akumulasi Pro (Smart Money),Gorengan Sepi (< 5M),Normal (50-150%),Mark-Up (Fase Pesta),Spesialis Tiang Jemuran (Banting Pucuk),Normal,Turun 1 Hari Beruntun,TP: 366 | CL: 312,Open = High (Tekanan Jual),Tidak Ideal (< 1:1),Netral / Sideways,Netral / Sepi Berita,Normal / Sedang Transisi,Mendekati Fibo 23.6%,5,WAIT & SEE,TIDAK ADA,2026-10-07 11:00:01,Biasa / Mengikuti Pasar
11:00,GPSO,Transaksi Sepi (Skip Broksum),Small Cap (Lapis 3),Overvalued (Mahal),0.0,3.4509506,218.0,252,210,296,-0.9090909090909091,1150700,Normal,29,Negatif,Downtrend,Bearish,Strong Bearish,Strong Downtrend (5<20<50),Normal,Distribusi (Turun),Gap Up (+2.7%),Seimbang / Adu Mekanik,Normal,Tinggi,Normal,Area Tengah,< 1 Miliar,Di Bawah VWAP (Lemah),Distribusi Pro (Guyuran),Gorengan Sepi (< 5M),Sepi (< 50%),Mark-Down (Fase Runtuh),Normal,Normal,Turun 1 Hari Beruntun,TP: 240 | CL: 203,Open = High (Tekanan Jual),Sangat Menarik (> 1:3),Oversold (Jenuh Jual - Peluang),Netral / Sepi Berita,Normal / Sedang Transisi,Mendekati Fibo Bottom / 100%,1,WAIT & SEE,TIDAK ADA,2026-10-07 11:00:01,Biasa / Mengikuti Pasar
11:00,MCOL,Transaksi Sepi (Skip Broksum),Big Cap (Lapis 1),Overvalued (Mahal),9.68775,23269.23,3630.0,3614,3510,3770,2.8328611898017,74700,Tembus MA20,50,Positif,Uptrend,Bearish,Bullish MACD,Strong Downtrend (5<20<50),Normal,Distribusi (Turun),Normal,Dominan Beli (Hajar Kanan),Squeeze,Rendah,Normal,Area Tengah,< 1 Miliar,Di Atas VWAP (Kuat),Distribusi Pro (Guyuran),Gorengan Sepi (< 5M),Normal (50-150%),Accumulation (Kumpul Barang),Normal,Normal,Naik 1 Hari Beruntun,TP: 3777 | CL: 3531,Normal,Menengah (1:1),Netral / Sideways,Netral / Sepi Berita,Normal / Sedang Transisi,Dekat Support Fibo 78.6%,5,WAIT & SEE,TIDAK ADA,2026-10-07 11:00:01,Biasa / Mengikuti Pasar
11:00,RSGK,Transaksi Sepi (Skip Broksum),Small Cap (Lapis 3),Overvalued (Mahal),28.286852,1.1678746,1065.0,1044,920,1235,1.4285714285714286,14500,Normal,59,Positif,Uptrend,Bullish,Bearish MACD,Perfect Uptrend (5>20>50),Normal,Akumulasi (Naik),Normal,Dominan Jual (Guyur),Squeeze,Rendah,Doji (Ragu-ragu),Rawan Pucuk (High Risk),< 1 Miliar,Di Bawah VWAP (Lemah),Distribusi Pro (Guyuran),Gorengan Sepi (< 5M),Normal (50-150%),Mark-Up (Fase Pesta),Spesialis Tiang Jemuran (Banting Pucuk),Normal,Naik 2 Hari Beruntun,TP: 1176 | CL: 990,Normal,Menengah (1:1),Golden Cross (Awal Bullish),Netral / Sepi Berita,Normal / Sedang Transisi,Dekat Support Fibo 61.8% (Golden Ratio),5,WAIT & SEE,TIDAK ADA,2026-10-07 11:00:01,Biasa / Mengikuti Pasar
11:00,RUNS,Transaksi Sepi (Skip Broksum),Small Cap (Lapis 3),Fair Value (Wajar),0.0,1.3826606,74.0,68,60,78,8.823529411764707,9076100,Tembus MA20,62,Positif,Uptrend,Golden Cross,Strong Bullish,Perfect Uptrend (5>20>50),Akumulasi Kuat,Akumulasi (Naik),Normal,Dominan Beli (Hajar Kanan),Normal,Tinggi,Marubozu (Strong Bullish),Rawan Pucuk (High Risk),< 1 Miliar,Di Atas VWAP (Kuat),Akumulasi Pro (Smart Money),Gorengan Sepi (< 5M),Ledakan Ekstrem (> 300%),Mark-Up (Fase Pesta),Normal,Normal,Naik 1 Hari Beruntun,TP: 81 | CL: 69,Normal,Tidak Ideal (< 1:1),Overbought (Jenuh Beli - Rawan),Netral / Sepi Berita,Normal / Sedang Transisi,Dekat Support Fibo 38.2%,9,BELI,TIDAK ADA,2026-10-07 11:00:01,Biasa / Mengikuti Pasar
11:00,SBMA,Transaksi Sepi (Skip Broksum),Small Cap (Lapis 3),Undervalued (Murah),9.309411,0.42433524,110.0,111,103,124,1.8518518518518516,90700,Normal,50,Positif,Downtrend,Bearish,Strong Bearish,Konsolidasi / Transisi,Normal,Distribusi (Turun),Normal,Seimbang / Adu Mekanik,Normal,Sedang,Normal,Area Tengah,< 1 Miliar,Di Atas VWAP (Kuat),Akumulasi Pro (Smart Money),Gorengan Sepi (< 5M),Sepi (< 50%),Distribution (Fase Jualan),Normal,Normal,Naik 1 Hari Beruntun,TP: 118 | CL: 104,Open = Low (Bullish Kuat),Ideal (1:2),Golden Cross (Awal Bullish),Netral / Sepi Berita,Supply Kering (Siap Pump) 🏜️,Golden Rebound Fibo 61.8% (Golden Ratio) 🎯,1,WAIT & SEE,TIDAK ADA,2026-10-07 11:00:01,Biasa / Mengikuti Pasar
11:00,CMNT,Token Mati (Perlu Update),Big Cap (Lapis 1),Overvalued (Mahal),0.0,5.5769696,735.0,750,730,780,-0.6756756756756757,6146800,Normal,41,Negatif,Downtrend,Bearish,Strong Bearish,Strong Downtrend (5<20<50),Normal,Distribusi (Turun),Normal,Seimbang / Adu Mekanik,Squeeze,Rendah,Normal,Dekat Support (Low Risk),> 1 Miliar,Di Bawah VWAP (Lemah),Distribusi Pro (Guyuran),Ritel Aktif (5M - 50M),Normal (50-150%),Mark-Down (Fase Runtuh),Normal,Normal,Turun 1 Hari Beruntun,TP: 759 | CL: 718,Normal,Sangat Menarik (> 1:3),Oversold (Jenuh Jual - Peluang),Netral / Sepi Berita,Normal / Sedang Transisi,Golden Rebound Fibo Bottom / 100% 🎯,0,WAIT & SEE,TIDAK ADA,2026-10-07 11:00:01,Biasa / Mengikuti Pasar
11:00,GTSI,Token Mati (Perlu Update),Mid Cap (Lapis 2),Overvalued (Mahal),0.0,46000.0,138.0,146,124,175,2.2222222222222223,8002900,Normal,40,Positif,Downtrend,Bearish,Strong Bearish,Strong Downtrend (5<20<50),Normal,Akumulasi (Naik),Normal,Dominan Beli (Hajar Kanan),Normal,Tinggi,Normal,Rawan Pucuk (High Risk),> 1 Miliar,Di Atas VWAP (Kuat),Distribusi Pro (Guyuran),Gorengan Sepi (< 5M),Sepi (< 50%),Mark-Down (Fase Runtuh),Normal,Normal,Naik 2 Hari Beruntun,TP: 152 | CL: 128,Normal,Ideal (1:2),Golden Cross (Awal Bullish),Netral / Sepi Berita,Normal / Sedang Transisi,Dekat Support Fibo 78.6%,3,WAIT & SEE,TIDAK ADA,2026-10-07 11:00:01,Biasa / Mengikuti Pasar
11:00,IDEA,Transaksi Sepi (Skip Broksum),Small Cap (Lapis 3),Overvalued (Mahal),81.278534,2.9659746,178.0,129,60,178,9.876543209876543,5597300,Normal,96,Positif,Uptrend,Bullish,Strong Bullish,Perfect Uptrend (5>20>50),Normal,Akumulasi (Naik),Gap Up (+8.0%),Dominan Beli (Hajar Kanan),Normal,Tinggi,Marubozu (Strong Bullish),Rawan Pucuk (High Risk),< 1 Miliar,Di Atas VWAP (Kuat),Akumulasi Pro (Smart Money),Gorengan Sepi (< 5M),Ledakan Ekstrem (> 300%),Mark-Up (Fase Pesta),Solid (Jarang Dibanting),Normal,Naik 2 Hari Beruntun,TP: 186 | CL: 172,Open = Low (Bullish Kuat),Tidak Ideal (< 1:1),Overbought (Jenuh Beli - Rawan),Netral / Sepi Berita,Normal / Sedang Transisi,Mengambang (Jauh dari Fibo),8,BELI,TIDAK ADA,2026-10-07 11:00:01,⚠️ Anomali (Sudah Terbang)
11:00,KUAS,Transaksi Sepi (Skip Broksum),Small Cap (Lapis 3),Fair Value (Wajar),16.734093,0.68813235,91.0,95,79,114,0.0,1565600,Normal,46,Negatif,Downtrend,Bearish,Strong Bearish,Strong Downtrend (5<20<50),Normal,Distribusi (Turun),Normal,Seimbang / Adu Mekanik,Normal,Tinggi,Doji (Ragu-ragu),Rawan Pucuk (High Risk),< 1 Miliar,Di Atas VWAP (Kuat),Distribusi Pro (Guyuran),Gorengan Sepi (< 5M),Sepi (< 50%),Mark-Down (Fase Runtuh),Spesialis Tiang Jemuran (Banting Pucuk),Normal,Sideways / Stagnan,TP: 102 | CL: 83,Normal,Ideal (1:2),Golden Cross (Awal Bullish),Netral / Sepi Berita,Normal / Sedang Transisi,Mendekati Fibo 78.6%,0,WAIT & SEE,TIDAK ADA,2026-10-07 11:00:01,Biasa / Mengikuti Pasar
11:00,BOBA,Transaksi Sepi (Skip Broksum),Small Cap (Lapis 3),Undervalued (Murah),11.611459,1.3464285,197.0,200,184,226,0.5102040816326531,24600,Normal,41,Positif,Downtrend,Bearish,Bullish MACD,Strong Downtrend (5<20<50),Normal,Akumulasi (Naik),Normal,Dominan Jual (Guyur),Normal,Tinggi,Normal,Area Tengah,< 1 Miliar,Di Atas VWAP (Kuat),Distribusi Pro (Guyuran),Gorengan Sepi (< 5M),Sepi (< 50%),Mark-Down (Fase Runtuh),Spesialis Tiang Jemuran (Banting Pucuk),Normal,Naik 3 Hari Beruntun,TP: 210 | CL: 187,Normal,Ideal (1:2),Golden Cross (Awal Bullish),Netral / Sepi Berita,Normal / Sedang Transisi,Mengambang (Jauh dari Fibo),3,WAIT & SEE,TIDAK ADA,2026-10-07 11:00:01,Biasa / Mengikuti Pasar
11:00,MTEL,Transaksi Sepi (Skip Broksum),Big Cap (Lapis 1),Fair Value (Wajar),16.368835,1.1545831,456.0,472,438,510,-0.43668122270742354,1462700,Normal,44,Negatif,Downtrend,Bearish,Strong Bearish,Konsolidasi / Transisi,Normal,Distribusi (Turun),Normal,Seimbang / Adu Mekanik,Normal,Tinggi,Normal,Area Tengah,< 1 Miliar,Di Atas VWAP (Kuat),Akumulasi Pro (Smart Money),Gorengan Sepi (< 5M),Sepi (< 50%),Distribution (Fase Jualan),Normal,Normal,Turun 1 Hari Beruntun,TP: 475 | CL: 442,Open = High (Tekanan Jual),Sangat Menarik (> 1:3),Golden Cross (Awal Bullish),Netral / Sepi Berita,Normal / Sedang Transisi,Dekat Support Fibo 61.8% (Golden Ratio),0,WAIT & SEE,TIDAK ADA,2026-10-07 11:00:01,Biasa / Mengikuti Pasar
11:00,DEPO,Transaksi Sepi (Skip Broksum),Mid Cap (Lapis 2),Fair Value (Wajar),19.881052,1.1427511,234.0,235,218,256,-0.847457627118644,3700,Normal,46,Negatif,Downtrend,Bearish,Bullish MACD,Strong Downtrend (5<20<50),Normal,Akumulasi (Naik),Normal,Seimbang / Adu Mekanik,Normal,Sedang,Normal,Area Tengah,< 1 Miliar,Di Atas VWAP (Kuat),Akumulasi Pro (Smart Money),Gorengan Sepi (< 5M),Sepi (< 50%),Mark-Down (Fase Runtuh),Normal,Normal,Turun 1 Hari Beruntun,TP: 248 | CL: 224,Open = High (Tekanan Jual),Menengah (1:1),Netral / Sideways,Netral / Sepi Berita,Normal / Sedang Transisi,Dekat Support Fibo 78.6%,2,WAIT & SEE,TIDAK ADA,2026-10-07 11:00:01,Biasa / Mengikuti Pasar
11:00,BINO,Transaksi Sepi (Skip Broksum),Small Cap (Lapis 3),Fair Value (Wajar),18.948874,0.58698446,106.0,111,103,131,0.0,111700,Normal,37,Negatif,Downtrend,Bearish,Strong Bearish,Strong Downtrend (5<20<50),Normal,Akumulasi (Naik),Normal,Dominan Beli (Hajar Kanan),Normal,Tinggi,Marubozu (Strong Bullish),Dekat Support (Low Risk),< 1 Miliar,Persis di VWAP,Akumulasi Pro (Smart Money),Gorengan Sepi (< 5M),Sepi (< 50%),Mark-Down (Fase Runtuh),Spesialis Tiang Jemuran (Banting Pucuk),Normal,Sideways / Stagnan,TP: 115 | CL: 99,Open = Low (Bullish Kuat),Sangat Menarik (> 1:3),Oversold (Jenuh Jual - Peluang),Netral / Sepi Berita,Normal / Sedang Transisi,Mendekati Fibo 78.6%,2,WAIT & SEE,TIDAK ADA,2026-10-07 11:00:01,Biasa / Mengikuti Pasar
11:00,CMRY,Token Mati (Perlu Update),Big Cap (Lapis 1),Overvalued (Mahal),16.044897,4.9407167,4460.0,4435,4300,4620,0.904977375565611,449800,Normal,50,Positif,Uptrend,Bearish,Bullish MACD,Strong Downtrend (5<20<50),Normal,Distribusi (Turun),Normal,Dominan Beli (Hajar Kanan),Squeeze,Rendah,Normal,Area Tengah,> 1 Miliar,Di Atas VWAP (Kuat),Distribusi Pro (Guyuran),Gorengan Sepi (< 5M),Sepi (< 50%),Accumulation (Kumpul Barang),Spesialis Tiang Jemuran (Banting Pucuk),Normal,Naik 1 Hari Beruntun,TP: 4596 | CL: 4369,Normal,Menengah (1:1),Netral / Sideways,Netral / Sepi Berita,Supply Kering (Siap Pump) 🏜️,Golden Rebound Fibo 61.8% (Golden Ratio) 🎯,4,WAIT & SEE,TIDAK ADA,2026-10-07 11:00:01,Biasa / Mengikuti Pasar
11:00,WGSH,Transaksi Sepi (Skip Broksum),Small Cap (Lapis 3),Overvalued (Mahal),18.15126,3.2155297,108.0,118,96,160,0.9345794392523363,1135000,Normal,35,Positif,Downtrend,Bearish,Strong Bearish,Strong Downtrend (5<20<50),Normal,Distribusi (Turun),Normal,Dominan Beli (Hajar Kanan),Normal,Tinggi,Normal,Rawan Pucuk (High Risk),< 1 Miliar,Di Atas VWAP (Kuat),Akumulasi Pro (Smart Money),Gorengan Sepi (< 5M),Sepi (< 50%),Mark-Down (Fase Runtuh),Normal,Normal,Naik 2 Hari Beruntun,TP: 123 | CL: 97,Normal,Sangat Menarik (> 1:3),Golden Cross (Awal Bullish),Netral / Sepi Berita,Normal / Sedang Transisi,Mengambang (Jauh dari Fibo),2,WAIT & SEE,TIDAK ADA,2026-10-07 11:00:01,Biasa / Mengikuti Pasar
11:00,ADMR,Token Mati (Perlu Update),Big Cap (Lapis 1),Overvalued (Mahal),11.540525,37625.0,1505.0,1531,1410,1700,-0.33112582781456956,4332400,Normal,45,Negatif,Downtrend,Bearish,Strong Bearish,Strong Downtrend (5<20<50),Normal,Distribusi (Turun),Normal,Dominan Jual (Guyur),Normal,Sedang,Normal,Area Tengah,> 1 Miliar,Di Atas VWAP (Kuat),Akumulasi Pro (Smart Money),Ritel Aktif (5M - 50M),Sepi (< 50%),Mark-Down (Fase Runtuh),Normal,Normal,Turun 1 Hari Beruntun,TP: 1581 | CL: 1454,Normal,Ideal (1:2),Netral / Sideways,Netral / Sepi Berita,Normal / Sedang Transisi,Dekat Support Fibo 78.6%,0,WAIT & SEE,TIDAK ADA,2026-10-07 11:00:01,Biasa / Mengikuti Pasar
11:00,SEMA,Token Mati (Perlu Update),Small Cap (Lapis 3),Overvalued (Mahal),25.413542,3.6605878,442.0,312,121,525,-3.070175438596491,9449000,Normal,76,Negatif,Uptrend,Bullish,Strong Bullish,Perfect Uptrend (5>20>50),Normal,Akumulasi (Naik),Normal,Dominan Jual (Guyur),Normal,Tinggi,Normal,Rawan Pucuk (High Risk),> 1 Miliar,Di Bawah VWAP (Lemah),Distribusi Pro (Guyuran),Ritel Aktif (5M - 50M),Sepi (< 50%),Mark-Up (Fase Pesta),Normal,Normal,Turun 2 Hari Beruntun,TP: 502 | CL: 402,Normal,Tidak Ideal (< 1:1),Death Cross (Awal Bearish),Netral / Sepi Berita,Normal / Sedang Transisi,Mendekati Fibo 23.6%,5,WAIT & SEE,TIDAK ADA,2026-10-07 11:00:01,Biasa / Mengikuti Pasar
11:00,ASLC,Transaksi Sepi (Skip Broksum),Small Cap (Lapis 3),Fair Value (Wajar),22.352942,0.9588534,57.0,63,53,73,-1.7241379310344827,1312600,Normal,35,Negatif,Downtrend,Bearish,Strong Bearish,Strong Downtrend (5<20<50),Normal,Distribusi (Turun),Normal,Dominan Jual (Guyur),Normal,Tinggi,Normal,Area Tengah,< 1 Miliar,Persis di VWAP,Distribusi Pro (Guyuran),Gorengan Sepi (< 5M),Sepi (< 50%),Mark-Down (Fase Runtuh),Normal,Normal,Turun 1 Hari Beruntun,TP: 63 | CL: 52,Open = High (Tekanan Jual),Sangat Menarik (> 1:3),Netral / Sideways,Netral / Sepi Berita,Normal / Sedang Transisi,Mengambang (Jauh dari Fibo),0,WAIT & SEE,TIDAK ADA,2026-10-07 11:00:01,Biasa / Mengikuti Pasar
11:00,NETV,Transaksi Sepi (Skip Broksum),Mid Cap (Lapis 2),Overvalued (Mahal),0.0,4.114769,38.0,44,31,50,2.7027027027027026,6958700,Normal,30,Positif,Downtrend,Bearish,Strong Bearish,Strong Downtrend (5<20<50),Normal,Akumulasi (Naik),Gap Up (+2.7%),Dominan Beli (Hajar Kanan),Normal,Tinggi,Doji (Ragu-ragu),Rawan Pucuk (High Risk),< 1 Miliar,Di Atas VWAP (Kuat),Akumulasi Pro (Smart Money),Gorengan Sepi (< 5M),Sepi (< 50%),Mark-Down (Fase Runtuh),Normal,Jarum Bawah (Sinyal Pantulan Kuat),Naik 3 Hari Beruntun,TP: 42 | CL: 35,Normal,Ideal (1:2),Golden Cross (Awal Bullish),Netral / Sepi Berita,Normal / Sedang Transisi,Golden Rebound Fibo 78.6% 🎯,4,WAIT & SEE,TIDAK ADA,2026-10-07 11:00:01,Biasa / Mengikuti Pasar
11:00,BAUT,Transaksi Sepi (Skip Broksum),Small Cap (Lapis 3),Fair Value (Wajar),0.0,0.8867531,31.0,37,28,45,-3.125,2749100,Normal,35,Negatif,Downtrend,Bearish,Strong Bearish,Konsolidasi / Transisi,Normal,Distribusi (Turun),Normal,Seimbang / Adu Mekanik,Normal,Tinggi,Normal,Rawan Pucuk (High Risk),< 1 Miliar,Persis di VWAP,Distribusi Pro (Guyuran),Gorengan Sepi (< 5M),Sepi (< 50%),Distribution (Fase Jualan),Normal,Normal,Turun 1 Hari Beruntun,TP: 35 | CL: 27,Open = High (Tekanan Jual),Sangat Menarik (> 1:3),Oversold (Jenuh Jual - Peluang),Netral / Sepi Berita,Normal / Sedang Transisi,Mendekati Fibo 78.6%,0,WAIT & SEE,TIDAK ADA,2026-10-07 11:00:01,Biasa / Mengikuti Pasar
11:00,ENAK,Token Mati (Perlu Update),Small Cap (Lapis 3),Fair Value (Wajar),0.0,2.9681695,250.0,207,179,260,29.533678756476682,28315900,Tembus MA20,68,Positif,Uptrend,Bearish,Bullish MACD,Strong Downtrend (5<20<50),Akumulasi Kuat,Akumulasi (Naik),Gap Up (+3.1%),Dominan Beli (Hajar Kanan),Breakout Upper,Tinggi,Marubozu (Strong Bullish),Rawan Pucuk (High Risk),> 1 Miliar,Di Atas VWAP (Kuat),Akumulasi Pro (Smart Money),Gorengan Sepi (< 5M),Ledakan Ekstrem (> 300%),Accumulation (Kumpul Barang),Spesialis Tiang Jemuran (Banting Pucuk),Normal,Naik 3 Hari Beruntun,TP: 278 | CL: 230,Normal,Tidak Ideal (< 1:1),Netral / Sideways,Netral / Sepi Berita,Normal / Sedang Transisi,Mendekati Fibo 50.0%,9,BELI,TIDAK ADA,2026-10-07 11:00:01,⚠️ Anomali (Sudah Terbang)
11:00,NTBK,Transaksi Sepi (Skip Broksum),Small Cap (Lapis 3),Overvalued (Mahal),316.96426,2.161537,71.0,74,57,87,1.4285714285714286,10262900,Normal,44,Positif,Downtrend,Bearish,Strong Bearish,Strong Downtrend (5<20<50),Normal,Akumulasi (Naik),Gap Up (+5.7%),Dominan Jual (Guyur),Normal,Tinggi,Normal,Rawan Pucuk (High Risk),< 1 Miliar,Di Atas VWAP (Kuat),Akumulasi Pro (Smart Money),Gorengan Sepi (< 5M),Normal (50-150%),Mark-Down (Fase Runtuh),Normal,Normal,Naik 3 Hari Beruntun,TP: 80 | CL: 64,Normal,Menengah (1:1),Netral / Sideways,Netral / Sepi Berita,Normal / Sedang Transisi,Mendekati Fibo 78.6%,3,WAIT & SEE,TIDAK ADA,2026-10-07 11:00:01,Biasa / Mengikuti Pasar
11:00,SMKM,Token Mati (Perlu Update),Small Cap (Lapis 3),Undervalued (Murah),6.601114,0.5979967,96.0,95,80,110,1.0526315789473684,22490300,Tembus MA20,52,Positif,Uptrend,Bearish,Strong Bearish,Konsolidasi / Transisi,Akumulasi Kuat,Akumulasi (Naik),Normal,Seimbang / Adu Mekanik,Normal,Tinggi,Doji (Ragu-ragu),Rawan Pucuk (High Risk),> 1 Miliar,Di Atas VWAP (Kuat),Akumulasi Pro (Smart Money),Gorengan Sepi (< 5M),Ledakan Ekstrem (> 300%),Mark-Up (Fase Pesta),Normal,Normal,Naik 1 Hari Beruntun,TP: 108 | CL: 87,Normal,Tidak Ideal (< 1:1),Netral / Sideways,Netral / Sepi Berita,Normal / Sedang Transisi,Mengambang (Jauh dari Fibo),6,WAIT & SEE,TIDAK ADA,2026-10-07 11:00:01,Biasa / Mengikuti Pasar
11:00,STAA,Token Mati (Perlu Update),Big Cap (Lapis 1),Fair Value (Wajar),7.726338,2.1058996,1240.0,1202,1155,1275,-0.4016064257028112,1947700,Normal,60,Negatif,Uptrend,Bullish,Strong Bullish,Perfect Uptrend (5>20>50),Normal,Akumulasi (Naik),Normal,Dominan Jual (Guyur),Normal,Sedang,Normal,Area Tengah,> 1 Miliar,Di Atas VWAP (Kuat),Akumulasi Pro (Smart Money),Gorengan Sepi (< 5M),Sepi (< 50%),Mark-Up (Fase Pesta),Spesialis Tiang Jemuran (Banting Pucuk),Normal,Turun 2 Hari Beruntun,TP: 1296 | CL: 1202,Normal,Tidak Ideal (< 1:1),Death Cross (Awal Bearish),Netral / Sepi Berita,Normal / Sedang Transisi,Dekat Support Fibo 23.6%,5,WAIT & SEE,TIDAK ADA,2026-10-07 11:00:01,Biasa / Mengikuti Pasar
11:00,NANO,Token Mati (Perlu Update),Small Cap (Lapis 3),Undervalued (Murah),11.119632,0.730074,29.0,31,23,40,7.4074074074074066,55467800,Tembus MA20,46,Positif,Downtrend,Bearish,Strong Bearish,Strong Downtrend (5<20<50),Normal,Distribusi (Turun),Normal,Dominan Beli (Hajar Kanan),Normal,Tinggi,Normal,Rawan Pucuk (High Risk),> 1 Miliar,Di Atas VWAP (Kuat),Akumulasi Pro (Smart Money),Gorengan Sepi (< 5M),Normal (50-150%),Mark-Down (Fase Runtuh),Normal,Normal,Naik 3 Hari Beruntun,TP: 33 | CL: 26,Normal,Ideal (1:2),Netral / Sideways,Netral / Sepi Berita,Normal / Sedang Transisi,Mendekati Fibo 61.8% (Golden Ratio),3,WAIT & SEE,TIDAK ADA,2026-10-07 11:00:01,Biasa / Mengikuti Pasar
11:00,WIRG,Token Mati (Perlu Update),Small Cap (Lapis 3),Undervalued (Murah),8.982037,0.8203558,60.0,67,53,86,0.0,25528700,Normal,40,Negatif,Downtrend,Bearish,Strong Bearish,Strong Downtrend (5<20<50),Normal,Akumulasi (Naik),Normal,Seimbang / Adu Mekanik,Normal,Tinggi,Normal,Rawan Pucuk (High Risk),> 1 Miliar,Di Atas VWAP (Kuat),Akumulasi Pro (Smart Money),Gorengan Sepi (< 5M),Sepi (< 50%),Mark-Down (Fase Runtuh),Spesialis Tiang Jemuran (Banting Pucuk),Normal,Sideways / Stagnan,TP: 66 | CL: 55,Normal,Sangat Menarik (> 1:3),Golden Cross (Awal Bullish),Netral / Sepi Berita,Normal / Sedang Transisi,Mendekati Fibo 78.6%,1,WAIT & SEE,TIDAK ADA,2026-10-07 11:00:01,Biasa / Mengikuti Pasar
11:00,SICO,Transaksi Sepi (Skip Broksum),Small Cap (Lapis 3),Undervalued (Murah),12.330066,0.79528,117.0,113,102,130,0.8620689655172413,2222800,Normal,57,Positif,Uptrend,Bullish,Strong Bullish,Perfect Uptrend (5>20>50),Normal,Akumulasi (Naik),Normal,Seimbang / Adu Mekanik,Normal,Sedang,Doji (Ragu-ragu),Rawan Pucuk (High Risk),< 1 Miliar,Di Bawah VWAP (Lemah),Distribusi Pro (Guyuran),Gorengan Sepi (< 5M),Sepi (< 50%),Mark-Up (Fase Pesta),Spesialis Tiang Jemuran (Banting Pucuk),Jarum Bawah (Sinyal Pantulan Kuat),Naik 1 Hari Beruntun,TP: 126 | CL: 110,Normal,Tidak Ideal (< 1:1),Death Cross (Awal Bearish),Netral / Sepi Berita,Normal / Sedang Transisi,Mendekati Fibo 61.8% (Golden Ratio),6,WAIT & SEE,TIDAK ADA,2026-10-07 11:00:01,Biasa / Mengikuti Pasar
11:00,GOTO,Token Mati (Perlu Update),Big Cap (Lapis 1),Fair Value (Wajar),0.0,0.9871993,31.0,43,26,50,0.0,1963561904,Normal,18,Negatif,Downtrend,Bearish,Strong Bearish,Strong Downtrend (5<20<50),Normal,Akumulasi (Naik),Normal,Seimbang / Adu Mekanik,Normal,Tinggi,Doji (Ragu-ragu),Rawan Pucuk (High Risk),> 1 Miliar,Di Atas VWAP (Kuat),Akumulasi Pro (Smart Money),Sultan (> 50M/hari),Sepi (< 50%),Mark-Down (Fase Runtuh),Normal,Normal,Sideways / Stagnan,TP: 34 | CL: 28,Normal,Sangat Menarik (> 1:3),Golden Cross (Awal Bullish),Netral / Sepi Berita,Normal / Sedang Transisi,Mengambang (Jauh dari Fibo),1,WAIT & SEE,TIDAK ADA,2026-10-07 11:00:01,🔥 ANOMALI BANDAR (Siap Ledakan)
11:00,TLDN,Transaksi Sepi (Skip Broksum),Mid Cap (Lapis 2),Fair Value (Wajar),7.132752,2.1217499,605.0,603,560,645,0.8333333333333334,340800,Normal,54,Positif,Uptrend,Bearish,Bearish MACD,Konsolidasi / Transisi,Normal,Akumulasi (Naik),Normal,Dominan Beli (Hajar Kanan),Normal,Sedang,Marubozu (Strong Bullish),Area Tengah,< 1 Miliar,Di Atas VWAP (Kuat),Akumulasi Pro (Smart Money),Gorengan Sepi (< 5M),Sepi (< 50%),Mark-Up (Fase Pesta),Normal,Normal,Naik 2 Hari Beruntun,TP: 633 | CL: 585,Open = Low (Bullish Kuat),Tidak Ideal (< 1:1),Netral / Sideways,Netral / Sepi Berita,Normal / Sedang Transisi,Dekat Support Fibo 38.2%,5,WAIT & SEE,TIDAK ADA,2026-10-07 11:00:01,Biasa / Mengikuti Pasar
11:00,MTMH,Transaksi Sepi (Skip Broksum),Mid Cap (Lapis 2),Overvalued (Mahal),39.788876,1.3232479,980.0,952,910,1020,-1.0101010101010102,18600,Tembus MA20,55,Negatif,Uptrend,Bullish,Strong Bullish,Perfect Uptrend (5>20>50),Normal,Distribusi (Turun),Normal,Seimbang / Adu Mekanik,Normal,Sedang,Normal,Area Tengah,< 1 Miliar,Persis di VWAP,Akumulasi Pro (Smart Money),Gorengan Sepi (< 5M),Normal (50-150%),Mark-Up (Fase Pesta),Spesialis Tiang Jemuran (Banting Pucuk),Normal,Turun 2 Hari Beruntun,TP: 1043 | CL: 937,Open = High (Tekanan Jual),Tidak Ideal (< 1:1),Death Cross (Awal Bearish),Netral / Sepi Berita,Supply Banjir (Distribusi) 🌊,Dekat Support Fibo 38.2%,5,WAIT & SEE,TIDAK ADA,2026-10-07 11:00:01,Biasa / Mengikuti Pasar
11:00,WINR,Transaksi Sepi (Skip Broksum),Small Cap (Lapis 3),Undervalued (Murah),0.028639944,0.3688519,27.0,26,23,33,0.0,13779800,Normal,55,Negatif,Uptrend,Bearish,Bearish MACD,Konsolidasi / Transisi,Normal,Akumulasi (Naik),Normal,Dominan Beli (Hajar Kanan),Normal,Tinggi,Doji (Ragu-ragu),Rawan Pucuk (High Risk),< 1 Miliar,Di Atas VWAP (Kuat),Akumulasi Pro (Smart Money),Gorengan Sepi (< 5M),Sepi (< 50%),Mark-Up (Fase Pesta),Normal,Jarum Bawah (Sinyal Pantulan Kuat),Sideways / Stagnan,TP: 30 | CL: 24,Normal,Ideal (1:2),Golden Cross (Awal Bullish),Netral / Sepi Berita,Normal / Sedang Transisi,Mendekati Fibo 50.0%,4,WAIT & SEE,TIDAK ADA,2026-10-07 11:00:01,Biasa / Mengikuti Pasar
11:00,IBOS,Transaksi Sepi (Skip Broksum),Small Cap (Lapis 3),Overvalued (Mahal),322.2222,2.048119,87.0,90,80,107,-1.1363636363636365,1931700,Normal,49,Negatif,Downtrend,Bearish,Strong Bearish,Konsolidasi / Transisi,Normal,Akumulasi (Naik),Normal,Dominan Jual (Guyur),Normal,Tinggi,Normal,Area Tengah,< 1 Miliar,Di Atas VWAP (Kuat),Akumulasi Pro (Smart Money),Gorengan Sepi (< 5M),Sepi (< 50%),Distribution (Fase Jualan),Spesialis Tiang Jemuran (Banting Pucuk),Normal,Turun 1 Hari Beruntun,TP: 97 | CL: 79,Normal,Ideal (1:2),Netral / Sideways,Netral / Sepi Berita,Normal / Sedang Transisi,Mendekati Fibo 50.0%,1,WAIT & SEE,TIDAK ADA,2026-10-07 11:00:01,Biasa / Mengikuti Pasar
11:00,OLIV,Transaksi Sepi (Skip Broksum),Small Cap (Lapis 3),Overvalued (Mahal),53.669224,2.7415657,49.0,54,46,75,-3.9215686274509802,1495600,Normal,43,Negatif,Downtrend,Bearish,Strong Bearish,Konsolidasi / Transisi,Normal,Akumulasi (Naik),Normal,Dominan Jual (Guyur),Normal,Tinggi,Normal,Area Tengah,< 1 Miliar,Persis di VWAP,Akumulasi Pro (Smart Money),Gorengan Sepi (< 5M),Sepi (< 50%),Distribution (Fase Jualan),Spesialis Tiang Jemuran (Banting Pucuk),Normal,Turun 1 Hari Beruntun,TP: 55 | CL: 44,Normal,Sangat Menarik (> 1:3),Netral / Sideways,Netral / Sepi Berita,Normal / Sedang Transisi,Mengambang (Jauh dari Fibo),1,WAIT & SEE,TIDAK ADA,2026-10-07 11:00:01,Biasa / Mengikuti Pasar
11:00,ASHA,Transaksi Sepi (Skip Broksum),Small Cap (Lapis 3),Fair Value (Wajar),0.0,2.076987,44.0,49,37,61,2.3255813953488373,8511400,Normal,35,Positif,Downtrend,Bearish,Strong Bearish,Strong Downtrend (5<20<50),Normal,Akumulasi (Naik),Normal,Seimbang / Adu Mekanik,Normal,Tinggi,Normal,Rawan Pucuk (High Risk),< 1 Miliar,Di Atas VWAP (Kuat),Distribusi Pro (Guyuran),Gorengan Sepi (< 5M),Sepi (< 50%),Mark-Down (Fase Runtuh),Spesialis Tiang Jemuran (Banting Pucuk),Normal,Naik 1 Hari Beruntun,TP: 50 | CL: 40,Normal,Ideal (1:2),Golden Cross (Awal Bullish),Netral / Sepi Berita,Normal / Sedang Transisi,Dekat Support Fibo 78.6%,2,WAIT & SEE,TIDAK ADA,2026-10-07 11:00:01,Biasa / Mengikuti Pasar
11:00,SWID,Transaksi Sepi (Skip Broksum),Small Cap (Lapis 3),Fair Value (Wajar),0.0,2.1555166,108.0,113,83,138,0.9345794392523363,1563500,Normal,47,Positif,Downtrend,Bearish,Strong Bearish,Konsolidasi / Transisi,Normal,Akumulasi (Naik),Normal,Seimbang / Adu Mekanik,Normal,Tinggi,Doji (Ragu-ragu),Rawan Pucuk (High Risk),< 1 Miliar,Di Atas VWAP (Kuat),Akumulasi Pro (Smart Money),Gorengan Sepi (< 5M),Sepi (< 50%),Distribution (Fase Jualan),Normal,Normal,Naik 2 Hari Beruntun,TP: 123 | CL: 98,Normal,Menengah (1:1),Golden Cross (Awal Bullish),Netral / Sepi Berita,Normal / Sedang Transisi,Dekat Support Fibo 61.8% (Golden Ratio),2,WAIT & SEE,TIDAK ADA,2026-10-07 11:00:01,Biasa / Mengikuti Pasar
11:00,TRGU,Transaksi Sepi (Skip Broksum),Mid Cap (Lapis 2),Overvalued (Mahal),117.51825,1.3033271,161.0,167,155,185,-0.6172839506172839,3700,Normal,41,Negatif,Downtrend,Bearish,Strong Bearish,Strong Downtrend (5<20<50),Normal,Akumulasi (Naik),Normal,Dominan Jual (Guyur),Normal,Sedang,Normal,Area Tengah,< 1 Miliar,Persis di VWAP,Akumulasi Pro (Smart Money),Gorengan Sepi (< 5M),Sepi (< 50%),Mark-Down (Fase Runtuh),Spesialis Tiang Jemuran (Banting Pucuk),Normal,Turun 1 Hari Beruntun,TP: 172 | CL: 153,Open = High (Tekanan Jual),Sangat Menarik (> 1:3),Netral / Sideways,Netral / Sepi Berita,Normal / Sedang Transisi,Mendekati Fibo Bottom / 100%,1,WAIT & SEE,TIDAK ADA,2026-10-07 11:00:01,Biasa / Mengikuti Pasar
11:00,ARKO,Token Mati (Perlu Update),Mid Cap (Lapis 2),Overvalued (Mahal),132.02376,15.340192,2890.0,3691,2630,4880,-1.7006802721088436,680300,Normal,28,Negatif,Downtrend,Bearish,Strong Bearish,Strong Downtrend (5<20<50),Normal,Distribusi (Turun),Normal,Seimbang / Adu Mekanik,Normal,Tinggi,Normal,Area Tengah,> 1 Miliar,Di Bawah VWAP (Lemah),Distribusi Pro (Guyuran),Ritel Aktif (5M - 50M),Sepi (< 50%),Mark-Down (Fase Runtuh),Normal,Normal,Turun 1 Hari Beruntun,TP: 3368 | CL: 2570,Normal,Sangat Menarik (> 1:3),Oversold (Jenuh Jual - Peluang),Netral / Sepi Berita,Normal / Sedang Transisi,Mengambang (Jauh dari Fibo),0,WAIT & SEE,TIDAK ADA,2026-10-07 11:00:01,Biasa / Mengikuti Pasar
11:00,CHEM,Transaksi Sepi (Skip Broksum),Small Cap (Lapis 3),Fair Value (Wajar),0.0,0.8701784,58.0,62,49,76,0.0,4341300,Normal,41,Negatif,Downtrend,Bearish,Strong Bearish,Strong Downtrend (5<20<50),Normal,Akumulasi (Naik),Normal,Dominan Jual (Guyur),Normal,Tinggi,Doji (Ragu-ragu),Rawan Pucuk (High Risk),< 1 Miliar,Di Atas VWAP (Kuat),Distribusi Pro (Guyuran),Gorengan Sepi (< 5M),Sepi (< 50%),Mark-Down (Fase Runtuh),Spesialis Tiang Jemuran (Banting Pucuk),Normal,Sideways / Stagnan,TP: 67 | CL: 51,Normal,Ideal (1:2),Golden Cross (Awal Bullish),Netral / Sepi Berita,Normal / Sedang Transisi,Mendekati Fibo 78.6%,1,WAIT & SEE,TIDAK ADA,2026-10-07 11:00:01,Biasa / Mengikuti Pasar
11:00,DEWI,Token Mati (Perlu Update),Small Cap (Lapis 3),Overvalued (Mahal),0.0,3.018303,250.0,208,156,262,0.0,10321600,Normal,79,Negatif,Uptrend,Bullish,Strong Bullish,Perfect Uptrend (5>20>50),Normal,Akumulasi (Naik),Normal,Seimbang / Adu Mekanik,Normal,Tinggi,Doji (Ragu-ragu),Rawan Pucuk (High Risk),> 1 Miliar,Di Atas VWAP (Kuat),Akumulasi Pro (Smart Money),Ritel Aktif (5M - 50M),Sepi (< 50%),Mark-Up (Fase Pesta),Normal,Normal,Sideways / Stagnan,TP: 277 | CL: 231,Normal,Tidak Ideal (< 1:1),Overbought (Jenuh Beli - Rawan),Netral / Sepi Berita,Normal / Sedang Transisi,Mengambang (Jauh dari Fibo),5,WAIT & SEE,TIDAK ADA,2026-10-07 11:00:01,Biasa / Mengikuti Pasar
11:00,AXIO,Transaksi Sepi (Skip Broksum),Small Cap (Lapis 3),Fair Value (Wajar),0.0,1.3557544,124.0,114,107,130,3.3333333333333335,3350300,Tembus MA20,66,Positif,Uptrend,Bullish,Strong Bullish,Perfect Uptrend (5>20>50),Akumulasi Kuat,Akumulasi (Naik),Normal,Seimbang / Adu Mekanik,Breakout Upper,Sedang,Normal,Rawan Pucuk (High Risk),< 1 Miliar,Di Atas VWAP (Kuat),Distribusi Pro (Guyuran),Gorengan Sepi (< 5M),Anomali Tinggi (150-300%),Mark-Up (Fase Pesta),Normal,Normal,Naik 3 Hari Beruntun,TP: 132 | CL: 118,Normal,Tidak Ideal (< 1:1),Netral / Sideways,Netral / Sepi Berita,Normal / Sedang Transisi,Dekat Support Fibo 38.2%,8,BELI,TIDAK ADA,2026-10-07 11:00:01,Biasa / Mengikuti Pasar
11:00,KRYA,Token Mati (Perlu Update),Small Cap (Lapis 3),Overvalued (Mahal),0.0,3.3608115,54.0,57,40,75,5.88235294117647,25208600,Normal,44,Positif,Downtrend,Bearish,Strong Bearish,Strong Downtrend (5<20<50),Normal,Akumulasi (Naik),Normal,Seimbang / Adu Mekanik,Normal,Tinggi,Normal,Rawan Pucuk (High Risk),> 1 Miliar,Di Atas VWAP (Kuat),Akumulasi Pro (Smart Money),Gorengan Sepi (< 5M),Normal (50-150%),Mark-Down (Fase Runtuh),Spesialis Tiang Jemuran (Banting Pucuk),Normal,Naik 6 Hari Beruntun,TP: 61 | CL: 48,Open = Low (Bullish Kuat),Ideal (1:2),Netral / Sideways,Netral / Sepi Berita,Normal / Sedang Transisi,Dekat Support Fibo 61.8% (Golden Ratio),2,WAIT & SEE,TIDAK ADA,2026-10-07 11:00:01,Biasa / Mengikuti Pasar
11:00,HATM,Token Mati (Perlu Update),Mid Cap (Lapis 2),Overvalued (Mahal),117.44967,2.782238,525.0,548,498,605,-0.9433962264150944,5758700,Normal,43,Negatif,Downtrend,Bearish,Strong Bearish,Strong Downtrend (5<20<50),Normal,Akumulasi (Naik),Normal,Dominan Jual (Guyur),Normal,Tinggi,Doji (Ragu-ragu),Area Tengah,> 1 Miliar,Persis di VWAP,Akumulasi Pro (Smart Money),Gorengan Sepi (< 5M),Normal (50-150%),Mark-Down (Fase Runtuh),Normal,Normal,Turun 1 Hari Beruntun,TP: 569 | CL: 495,Normal,Ideal (1:2),Netral / Sideways,Netral / Sepi Berita,Normal / Sedang Transisi,Mendekati Fibo 61.8% (Golden Ratio),1,WAIT & SEE,TIDAK ADA,2026-10-07 11:00:01,Biasa / Mengikuti Pasar
11:00,RCCC,Transaksi Sepi (Skip Broksum),Small Cap (Lapis 3),Fair Value (Wajar),0.0,1.558286,104.0,109,100,120,0.0,5100,Normal,39,Negatif,Downtrend,Bearish,Strong Bearish,Konsolidasi / Transisi,Normal,Distribusi (Turun),Normal,Dominan Jual (Guyur),Normal,Tinggi,Normal,Area Tengah,< 1 Miliar,Persis di VWAP,Distribusi Pro (Guyuran),Gorengan Sepi (< 5M),Sepi (< 50%),Distribution (Fase Jualan),Spesialis Tiang Jemuran (Banting Pucuk),Normal,Sideways / Stagnan,TP: 111 | CL: 99,Open = High (Tekanan Jual),Sangat Menarik (> 1:3),Golden Cross (Awal Bullish),Netral / Sepi Berita,Normal / Sedang Transisi,Dekat Support Fibo 50.0%,0,WAIT & SEE,TIDAK ADA,2026-10-07 11:00:01,Biasa / Mengikuti Pasar
11:00,GULA,Token Mati (Perlu Update),Small Cap (Lapis 3),Overvalued (Mahal),0.0,6.0091667,805.0,807,745,855,0.0,8205600,Normal,54,Negatif,Downtrend,Bearish,Bearish MACD,Konsolidasi / Transisi,Normal,Akumulasi (Naik),Normal,Seimbang / Adu Mekanik,Normal,Sedang,Doji (Ragu-ragu),Area Tengah,> 1 Miliar,Di Atas VWAP (Kuat),Akumulasi Pro (Smart Money),Ritel Aktif (5M - 50M),Normal (50-150%),Distribution (Fase Jualan),Spesialis Tiang Jemuran (Banting Pucuk),Normal,Sideways / Stagnan,TP: 845 | CL: 777,Normal,Tidak Ideal (< 1:1),Netral / Sideways,Netral / Sepi Berita,Normal / Sedang Transisi,Mendekati Fibo 38.2%,2,WAIT & SEE,TIDAK ADA,2026-10-07 11:00:01,Biasa / Mengikuti Pasar
11:00,JARR,Token Mati (Perlu Update),Big Cap (Lapis 1),Overvalued (Mahal),123.08228,16.1633,3530.0,3579,3170,4600,0.8571428571428572,3166600,Normal,55,Positif,Downtrend,Bearish,Bearish MACD,Konsolidasi / Transisi,Normal,Distribusi (Turun),Normal,Seimbang / Adu Mekanik,Normal,Tinggi,Doji (Ragu-ragu),Rawan Pucuk (High Risk),> 1 Miliar,Persis di VWAP,Distribusi Pro (Guyuran),Ritel Aktif (5M - 50M),Sepi (< 50%),Distribution (Fase Jualan),Spesialis Tiang Jemuran (Banting Pucuk),Normal,Naik 1 Hari Beruntun,TP: 4007 | CL: 3211,Normal,Ideal (1:2),Golden Cross (Awal Bullish),Netral / Sepi Berita,Normal / Sedang Transisi,Dekat Support Fibo 38.2%,2,WAIT & SEE,TIDAK ADA,2026-10-07 11:00:01,Biasa / Mengikuti Pasar
11:00,AMMS,Transaksi Sepi (Skip Broksum),Small Cap (Lapis 3),Overvalued (Mahal),0.0,3.6067302,212.0,212,186,232,0.0,74900,Normal,49,Negatif,Downtrend,Bearish,Bullish MACD,Strong Downtrend (5<20<50),Normal,Distribusi (Turun),Normal,Dominan Jual (Guyur),Normal,Sedang,Doji (Ragu-ragu),Rawan Pucuk (High Risk),< 1 Miliar,Persis di VWAP,Distribusi Pro (Guyuran),Gorengan Sepi (< 5M),Sepi (< 50%),Mark-Down (Fase Runtuh),Spesialis Tiang Jemuran (Banting Pucuk),Normal,Sideways / Stagnan,TP: 228 | CL: 200,Normal,Tidak Ideal (< 1:1),Netral / Sideways,Netral / Sepi Berita,Normal / Sedang Transisi,Mengambang (Jauh dari Fibo),1,WAIT & SEE,TIDAK ADA,2026-10-07 11:00:01,Biasa / Mengikuti Pasar
11:00,KKES,Transaksi Sepi (Skip Broksum),Small Cap (Lapis 3),Fair Value (Wajar),0.0,1.6248293,70.0,76,51,98,0.0,11230700,Normal,47,Negatif,Downtrend,Bearish,Strong Bearish,Konsolidasi / Transisi,Normal,Akumulasi (Naik),Normal,Seimbang / Adu Mekanik,Normal,Tinggi,Normal,Rawan Pucuk (High Risk),< 1 Miliar,Di Atas VWAP (Kuat),Akumulasi Pro (Smart Money),Gorengan Sepi (< 5M),Sepi (< 50%),Distribution (Fase Jualan),Normal,Normal,Sideways / Stagnan,TP: 83 | CL: 60,Normal,Menengah (1:1),Netral / Sideways,Netral / Sepi Berita,Normal / Sedang Transisi,Mengambang (Jauh dari Fibo),1,WAIT & SEE,TIDAK ADA,2026-10-07 11:00:01,Biasa / Mengikuti Pasar
11:00,ELPI,Transaksi Sepi (Skip Broksum),Mid Cap (Lapis 2),Overvalued (Mahal),37.48327,1.6333673,560.0,613,550,770,-0.8849557522123894,208700,Normal,35,Negatif,Downtrend,Bearish,Strong Bearish,Strong Downtrend (5<20<50),Normal,Distribusi (Turun),Normal,Seimbang / Adu Mekanik,Normal,Tinggi,Normal,Dekat Support (Low Risk),< 1 Miliar,Di Bawah VWAP (Lemah),Distribusi Pro (Guyuran),Gorengan Sepi (< 5M),Sepi (< 50%),Mark-Down (Fase Runtuh),Spesialis Tiang Jemuran (Banting Pucuk),Normal,Turun 2 Hari Beruntun,TP: 622 | CL: 518,Open = High (Tekanan Jual),Sangat Menarik (> 1:3),Oversold (Jenuh Jual - Peluang),Netral / Sepi Berita,Normal / Sedang Transisi,Golden Rebound Fibo Bottom / 100% 🎯,0,WAIT & SEE,TIDAK ADA,2026-10-07 11:00:01,Biasa / Mengikuti Pasar
11:00,EURO,Transaksi Sepi (Skip Broksum),Mid Cap (Lapis 2),Overvalued (Mahal),1909.7222,67.95157,1375.0,1426,1300,1565,-1.079136690647482,94800,Normal,41,Negatif,Downtrend,Bearish,Bullish MACD,Strong Downtrend (5<20<50),Normal,Distribusi (Turun),Normal,Dominan Jual (Guyur),Normal,Sedang,Normal,Area Tengah,< 1 Miliar,Di Bawah VWAP (Lemah),Distribusi Pro (Guyuran),Ritel Aktif (5M - 50M),Sepi (< 50%),Mark-Down (Fase Runtuh),Spesialis Tiang Jemuran (Banting Pucuk),Normal,Turun 1 Hari Beruntun,TP: 1496 | CL: 1294,Normal,Ideal (1:2),Netral / Sideways,Netral / Sepi Berita,Normal / Sedang Transisi,Mengambang (Jauh dari Fibo),1,WAIT & SEE,TIDAK ADA,2026-10-07 11:00:01,Biasa / Mengikuti Pasar
11:00,KLIN,Transaksi Sepi (Skip Broksum),Small Cap (Lapis 3),Overvalued (Mahal),0.0,5.227109,116.0,119,100,135,0.0,12300,Normal,48,Negatif,Downtrend,Bearish,Strong Bearish,Konsolidasi / Transisi,Normal,Akumulasi (Naik),Normal,Seimbang / Adu Mekanik,Normal,Sedang,Normal,Rawan Pucuk (High Risk),< 1 Miliar,Di Bawah VWAP (Lemah),Distribusi Pro (Guyuran),Gorengan Sepi (< 5M),Sepi (< 50%),Distribution (Fase Jualan),Normal,Normal,Sideways / Stagnan,TP: 132 | CL: 105,Open = High (Tekanan Jual),Menengah (1:1),Netral / Sideways,Netral / Sepi Berita,Normal / Sedang Transisi,Dekat Support Fibo 50.0%,1,WAIT & SEE,TIDAK ADA,2026-10-07 11:00:01,Biasa / Mengikuti Pasar
11:00,TOOL,Transaksi Sepi (Skip Broksum),Small Cap (Lapis 3),Fair Value (Wajar),0.0,0.64033663,57.0,64,48,91,0.0,2845100,Normal,39,Negatif,Downtrend,Bearish,Strong Bearish,Strong Downtrend (5<20<50),Normal,Akumulasi (Naik),Normal,Seimbang / Adu Mekanik,Normal,Tinggi,Doji (Ragu-ragu),Rawan Pucuk (High Risk),< 1 Miliar,Di Atas VWAP (Kuat),Distribusi Pro (Guyuran),Gorengan Sepi (< 5M),Sepi (< 50%),Mark-Down (Fase Runtuh),Spesialis Tiang Jemuran (Banting Pucuk),Normal,Sideways / Stagnan,TP: 66 | CL: 50,Normal,Sangat Menarik (> 1:3),Golden Cross (Awal Bullish),Netral / Sepi Berita,Normal / Sedang Transisi,Mengambang (Jauh dari Fibo),1,WAIT & SEE,TIDAK ADA,2026-10-07 11:00:01,Biasa / Mengikuti Pasar
11:00,BUAH,Transaksi Sepi (Skip Broksum),Small Cap (Lapis 3),Overvalued (Mahal),19.009901,4.9011602,480.0,489,468,505,-0.8264462809917356,375200,Tembus MA20,29,Negatif,Downtrend,Bearish,Strong Bearish,Strong Downtrend (5<20<50),Normal,Distribusi (Turun),Normal,Seimbang / Adu Mekanik,Squeeze,Rendah,Normal,Dekat Support (Low Risk),< 1 Miliar,Persis di VWAP,Akumulasi Pro (Smart Money),Gorengan Sepi (< 5M),Normal (50-150%),Mark-Down (Fase Runtuh),Solid (Jarang Dibanting),Normal,Turun 1 Hari Beruntun,TP: 497 | CL: 468,Open = High (Tekanan Jual),Ideal (1:2),Netral / Sideways,Netral / Sepi Berita,Normal / Sedang Transisi,Mendekati Fibo Bottom / 100%,1,WAIT & SEE,TIDAK ADA,2026-10-07 11:00:01,Biasa / Mengikuti Pasar
11:00,CRAB,Transaksi Sepi (Skip Broksum),Small Cap (Lapis 3),Fair Value (Wajar),0.0,1.768631,220.0,216,202,231,0.9174311926605505,19700,Normal,58,Positif,Uptrend,Golden Cross,Bearish MACD,Perfect Uptrend (5>20>50),Normal,Akumulasi (Naik),Normal,Dominan Beli (Hajar Kanan),Squeeze,Rendah,Doji (Ragu-ragu),Area Tengah,< 1 Miliar,Di Atas VWAP (Kuat),Akumulasi Pro (Smart Money),Gorengan Sepi (< 5M),Sepi (< 50%),Mark-Up (Fase Pesta),Normal,Jarum Bawah (Sinyal Pantulan Kuat),Naik 1 Hari Beruntun,TP: 232 | CL: 211,Normal,Tidak Ideal (< 1:1),Netral / Sideways,Netral / Sepi Berita,Normal / Sedang Transisi,Golden Rebound Fibo 61.8% (Golden Ratio) 🎯,6,WAIT & SEE,TIDAK ADA,2026-10-07 11:00:01,Biasa / Mengikuti Pasar
11:00,MEDS,Transaksi Sepi (Skip Broksum),Small Cap (Lapis 3),Fair Value (Wajar),0.0,2.506749,78.0,79,66,97,-2.5,9694200,Normal,50,Negatif,Downtrend,Bearish,Strong Bearish,Konsolidasi / Transisi,Normal,Akumulasi (Naik),Normal,Dominan Jual (Guyur),Normal,Tinggi,Normal,Rawan Pucuk (High Risk),< 1 Miliar,Persis di VWAP,Distribusi Pro (Guyuran),Gorengan Sepi (< 5M),Sepi (< 50%),Distribution (Fase Jualan),Spesialis Tiang Jemuran (Banting Pucuk),Normal,Turun 1 Hari Beruntun,TP: 88 | CL: 71,Normal,Ideal (1:2),Golden Cross (Awal Bullish),Netral / Sepi Berita,Normal / Sedang Transisi,Mengambang (Jauh dari Fibo),1,WAIT & SEE,TIDAK ADA,2026-10-07 11:00:01,Biasa / Mengikuti Pasar
11:00,PRAY,Transaksi Sepi (Skip Broksum),Big Cap (Lapis 1),Overvalued (Mahal),58.530987,3.2444124,770.0,753,700,895,0.6535947712418301,4500,Normal,55,Positif,Uptrend,Bullish,Strong Bullish,Perfect Uptrend (5>20>50),Normal,Akumulasi (Naik),Normal,Seimbang / Adu Mekanik,Normal,Sedang,Normal,Rawan Pucuk (High Risk),< 1 Miliar,Di Atas VWAP (Kuat),Akumulasi Pro (Smart Money),Gorengan Sepi (< 5M),Sepi (< 50%),Mark-Up (Fase Pesta),Spesialis Tiang Jemuran (Banting Pucuk),Normal,Naik 1 Hari Beruntun,TP: 852 | CL: 715,Open = Low (Bullish Kuat),Ideal (1:2),Netral / Sideways,Netral / Sepi Berita,Supply Kering (Siap Pump) 🏜️,Mendekati Fibo 61.8% (Golden Ratio),6,WAIT & SEE,TIDAK ADA,2026-10-07 11:00:01,Biasa / Mengikuti Pasar
11:00,CBUT,Transaksi Sepi (Skip Broksum),Mid Cap (Lapis 2),Fair Value (Wajar),12.506724,2.2196074,930.0,970,875,1275,1.0869565217391304,9300,Normal,49,Positif,Downtrend,Bearish,Bearish MACD,Konsolidasi / Transisi,Normal,Distribusi (Turun),Normal,Dominan Beli (Hajar Kanan),Normal,Tinggi,Normal,Area Tengah,< 1 Miliar,Persis di VWAP,Distribusi Pro (Guyuran),Gorengan Sepi (< 5M),Sepi (< 50%),Distribution (Fase Jualan),Spesialis Tiang Jemuran (Banting Pucuk),Normal,Naik 1 Hari Beruntun,TP: 1008 | CL: 877,Normal,Sangat Menarik (> 1:3),Golden Cross (Awal Bullish),Netral / Sepi Berita,Normal / Sedang Transisi,Dekat Support Fibo 61.8% (Golden Ratio),2,WAIT & SEE,TIDAK ADA,2026-10-07 11:00:01,Biasa / Mengikuti Pasar
11:00,BELI,Transaksi Sepi (Skip Broksum),Big Cap (Lapis 1),Overvalued (Mahal),0.0,3.9895012,266.0,276,248,336,0.0,2495600,Tembus MA20,45,Negatif,Downtrend,Bearish,Strong Bearish,Strong Downtrend (5<20<50),Normal,Distribusi (Turun),Normal,Dominan Beli (Hajar Kanan),Normal,Tinggi,Doji (Ragu-ragu),Area Tengah,< 1 Miliar,Di Atas VWAP (Kuat),Akumulasi Pro (Smart Money),Gorengan Sepi (< 5M),Normal (50-150%),Mark-Down (Fase Runtuh),Spesialis Tiang Jemuran (Banting Pucuk),Jarum Bawah (Sinyal Pantulan Kuat),Sideways / Stagnan,TP: 295 | CL: 246,Normal,Sangat Menarik (> 1:3),Golden Cross (Awal Bullish),Netral / Sepi Berita,Normal / Sedang Transisi,Mengambang (Jauh dari Fibo),2,WAIT & SEE,TIDAK ADA,2026-10-07 11:00:01,Biasa / Mengikuti Pasar
11:00,MKTR,Transaksi Sepi (Skip Broksum),Mid Cap (Lapis 2),Overvalued (Mahal),25.477707,2.1384275,120.0,122,111,134,-0.8264462809917356,23700,Normal,41,Negatif,Downtrend,Bearish,Strong Bearish,Strong Downtrend (5<20<50),Normal,Akumulasi (Naik),Normal,Dominan Jual (Guyur),Squeeze,Rendah,Normal,Area Tengah,< 1 Miliar,Persis di VWAP,Akumulasi Pro (Smart Money),Gorengan Sepi (< 5M),Sepi (< 50%),Mark-Down (Fase Runtuh),Normal,Normal,Turun 1 Hari Beruntun,TP: 126 | CL: 115,Normal,Ideal (1:2),Netral / Sideways,Netral / Sepi Berita,Normal / Sedang Transisi,Mendekati Fibo 78.6%,1,WAIT & SEE,TIDAK ADA,2026-10-07 11:00:01,Biasa / Mengikuti Pasar
11:00,OMED,Transaksi Sepi (Skip Broksum),Mid Cap (Lapis 2),Fair Value (Wajar),13.118812,2.0235958,212.0,212,202,224,-0.9345794392523363,1302800,Normal,44,Negatif,Downtrend,Bullish,Bullish MACD,Awal Reversal (5>20),Normal,Distribusi (Turun),Normal,Seimbang / Adu Mekanik,Squeeze,Rendah,Normal,Area Tengah,< 1 Miliar,Di Bawah VWAP (Lemah),Akumulasi Pro (Smart Money),Gorengan Sepi (< 5M),Sepi (< 50%),Mark-Down (Fase Runtuh),Spesialis Tiang Jemuran (Banting Pucuk),Normal,Turun 1 Hari Beruntun,TP: 224 | CL: 203,Open = High (Tekanan Jual),Menengah (1:1),Netral / Sideways,Netral / Sepi Berita,Normal / Sedang Transisi,Mengambang (Jauh dari Fibo),2,WAIT & SEE,TIDAK ADA,2026-10-07 11:00:01,Biasa / Mengikuti Pasar
11:00,BSBK,Token Mati (Perlu Update),Mid Cap (Lapis 2),Undervalued (Murah),13.636364,0.5131304,45.0,46,37,50,2.272727272727273,23654400,Tembus MA20,44,Positif,Downtrend,Bearish,Strong Bearish,Strong Downtrend (5<20<50),Normal,Akumulasi (Naik),Normal,Seimbang / Adu Mekanik,Normal,Tinggi,Normal,Rawan Pucuk (High Risk),> 1 Miliar,Di Atas VWAP (Kuat),Akumulasi Pro (Smart Money),Gorengan Sepi (< 5M),Normal (50-150%),Mark-Down (Fase Runtuh),Normal,Normal,Naik 3 Hari Beruntun,TP: 49 | CL: 42,Normal,Tidak Ideal (< 1:1),Netral / Sideways,Netral / Sepi Berita,Normal / Sedang Transisi,Mengambang (Jauh dari Fibo),3,WAIT & SEE,TIDAK ADA,2026-10-07 11:00:01,Biasa / Mengikuti Pasar
11:00,PDPP,Transaksi Sepi (Skip Broksum),Small Cap (Lapis 3),Fair Value (Wajar),14.038128,2.0965717,326.0,328,294,350,-0.6097560975609756,39800,Normal,52,Negatif,Downtrend,Bearish,Bearish MACD,Konsolidasi / Transisi,Normal,Akumulasi (Naik),Normal,Seimbang / Adu Mekanik,Normal,Sedang,Normal,Rawan Pucuk (High Risk),< 1 Miliar,Persis di VWAP,Distribusi Pro (Guyuran),Gorengan Sepi (< 5M),Sepi (< 50%),Distribution (Fase Jualan),Normal,Normal,Turun 2 Hari Beruntun,TP: 361 | CL: 302,Open = High (Tekanan Jual),Tidak Ideal (< 1:1),Death Cross (Awal Bearish),Netral / Sepi Berita,Normal / Sedang Transisi,Mendekati Fibo 50.0%,2,WAIT & SEE,TIDAK ADA,2026-10-07 11:00:01,Biasa / Mengikuti Pasar
11:00,KDTN,Token Mati (Perlu Update),Small Cap (Lapis 3),Overvalued (Mahal),0.0,10.440836,585.0,418,358,660,-10.687022900763358,23612000,Tembus MA20,70,Negatif,Uptrend,Bullish,Strong Bullish,Perfect Uptrend (5>20>50),Distribusi Kuat,Akumulasi (Naik),Gap Down (-2.3%),Seimbang / Adu Mekanik,Breakout Upper,Tinggi,Normal,Rawan Pucuk (High Risk),> 1 Miliar,Di Atas VWAP (Kuat),Akumulasi Pro (Smart Money),Ritel Aktif (5M - 50M),Normal (50-150%),Mark-Up (Fase Pesta),Spesialis Tiang Jemuran (Banting Pucuk),Normal,Turun 1 Hari Beruntun,TP: 656 | CL: 537,Open = High (Tekanan Jual),Tidak Ideal (< 1:1),Death Cross (Awal Bearish),Netral / Sepi Berita,Supply Banjir (Distribusi) 🌊,Mendekati Fibo 23.6%,6,WAIT & SEE,TIDAK ADA,2026-10-07 11:00:01,🔥 ANOMALI BANDAR (Siap Ledakan)
11:00,ZATA,Transaksi Sepi (Skip Broksum),Small Cap (Lapis 3),Fair Value (Wajar),0.0,1.2896005,53.0,58,45,74,-3.6363636363636362,15932500,Normal,40,Negatif,Downtrend,Bearish,Strong Bearish,Strong Downtrend (5<20<50),Normal,Akumulasi (Naik),Normal,Seimbang / Adu Mekanik,Normal,Tinggi,Normal,Rawan Pucuk (High Risk),< 1 Miliar,Di Atas VWAP (Kuat),Akumulasi Pro (Smart Money),Gorengan Sepi (< 5M),Sepi (< 50%),Mark-Down (Fase Runtuh),Normal,Normal,Turun 1 Hari Beruntun,TP: 61 | CL: 47,Open = High (Tekanan Jual),Ideal (1:2),Netral / Sideways,Netral / Sepi Berita,Normal / Sedang Transisi,Mengambang (Jauh dari Fibo),1,WAIT & SEE,TIDAK ADA,2026-10-07 11:00:01,Biasa / Mengikuti Pasar
11:00,NINE,Transaksi Sepi (Skip Broksum),Small Cap (Lapis 3),Overvalued (Mahal),0.0,7.150068,86.0,83,70,100,4.878048780487805,7391700,Normal,52,Positif,Uptrend,Bearish,Strong Bearish,Strong Downtrend (5<20<50),Normal,Distribusi (Turun),Normal,Dominan Beli (Hajar Kanan),Normal,Tinggi,Normal,Rawan Pucuk (High Risk),< 1 Miliar,Di Atas VWAP (Kuat),Akumulasi Pro (Smart Money),Gorengan Sepi (< 5M),Normal (50-150%),Accumulation (Kumpul Barang),Normal,Normal,Naik 3 Hari Beruntun,TP: 97 | CL: 78,Normal,Tidak Ideal (< 1:1),Netral / Sideways,Netral / Sepi Berita,Normal / Sedang Transisi,Mendekati Fibo 61.8% (Golden Ratio),4,WAIT & SEE,TIDAK ADA,2026-10-07 11:00:01,Biasa / Mengikuti Pasar
11:00,MMIX,Token Mati (Perlu Update),Mid Cap (Lapis 2),Overvalued (Mahal),24.468359,24.40146,955.0,886,735,960,2.13903743315508,19233600,Normal,90,Positif,Uptrend,Bullish,Strong Bullish,Perfect Uptrend (5>20>50),Normal,Akumulasi (Naik),Normal,Dominan Beli (Hajar Kanan),Breakout Upper,Sedang,Normal,Rawan Pucuk (High Risk),> 1 Miliar,Di Atas VWAP (Kuat),Akumulasi Pro (Smart Money),Ritel Aktif (5M - 50M),Normal (50-150%),Mark-Up (Fase Pesta),Spesialis Tiang Jemuran (Banting Pucuk),Normal,Naik 9 Hari Beruntun,TP: 994 | CL: 928,Normal,Tidak Ideal (< 1:1),Overbought (Jenuh Beli - Rawan),Netral / Sepi Berita,Normal / Sedang Transisi,Mengambang (Jauh dari Fibo),7,BELI,TIDAK ADA,2026-10-07 11:00:01,🔥 ANOMALI BANDAR (Siap Ledakan)
11:00,PADA,Token Mati (Perlu Update),Small Cap (Lapis 3),Overvalued (Mahal),0.0,4.2643924,166.0,179,150,222,-3.488372093023256,6099500,Normal,42,Negatif,Downtrend,Bearish,Strong Bearish,Strong Downtrend (5<20<50),Normal,Akumulasi (Naik),Normal,Dominan Jual (Guyur),Normal,Tinggi,Normal,Rawan Pucuk (High Risk),> 1 Miliar,Persis di VWAP,Distribusi Pro (Guyuran),Gorengan Sepi (< 5M),Sepi (< 50%),Mark-Down (Fase Runtuh),Spesialis Tiang Jemuran (Banting Pucuk),Normal,Turun 1 Hari Beruntun,TP: 186 | CL: 152,Normal,Sangat Menarik (> 1:3),Netral / Sideways,Netral / Sepi Berita,Normal / Sedang Transisi,Mendekati Fibo 61.8% (Golden Ratio),1,WAIT & SEE,TIDAK ADA,2026-10-07 11:00:01,Biasa / Mengikuti Pasar
11:00,ISAP,Transaksi Sepi (Skip Broksum),Small Cap (Lapis 3),Fair Value (Wajar),0.0,0.5383643,23.0,24,21,29,4.545454545454546,6727000,Normal,47,Positif,Downtrend,Bearish,Strong Bearish,Konsolidasi / Transisi,Normal,Distribusi (Turun),Gap Up (+4.5%),Dominan Beli (Hajar Kanan),Normal,Tinggi,Doji (Ragu-ragu),Area Tengah,< 1 Miliar,Di Atas VWAP (Kuat),Distribusi Pro (Guyuran),Gorengan Sepi (< 5M),Sepi (< 50%),Distribution (Fase Jualan),Normal,Jarum Bawah (Sinyal Pantulan Kuat),Naik 1 Hari Beruntun,TP: 26 | CL: 21,Normal,Sangat Menarik (> 1:3),Golden Cross (Awal Bullish),Netral / Sepi Berita,Normal / Sedang Transisi,Golden Rebound Fibo 78.6% 🎯,3,WAIT & SEE,TIDAK ADA,2026-10-07 11:00:01,Biasa / Mengikuti Pasar
11:00,VTNY,Token Mati (Perlu Update),Small Cap (Lapis 3),Overvalued (Mahal),100.00001,0.8821902,60.0,67,49,83,3.4482758620689653,27804300,Tembus MA20,39,Positif,Downtrend,Bearish,Strong Bearish,Strong Downtrend (5<20<50),Normal,Akumulasi (Naik),Normal,Seimbang / Adu Mekanik,Normal,Tinggi,Normal,Rawan Pucuk (High Risk),> 1 Miliar,Di Atas VWAP (Kuat),Akumulasi Pro (Smart Money),Gorengan Sepi (< 5M),Normal (50-150%),Mark-Down (Fase Runtuh),Solid (Jarang Dibanting),Normal,Naik 1 Hari Beruntun,TP: 68 | CL: 54,Normal,Ideal (1:2),Golden Cross (Awal Bullish),Netral / Sepi Berita,Normal / Sedang Transisi,Dekat Support Fibo 78.6%,3,WAIT & SEE,TIDAK ADA,2026-10-07 11:00:01,Biasa / Mengikuti Pasar
11:00,ELIT,Token Mati (Perlu Update),Small Cap (Lapis 3),Overvalued (Mahal),0.0,3.1562696,280.0,267,228,308,-3.4482758620689653,12699700,Normal,58,Negatif,Uptrend,Golden Cross,Bearish MACD,Perfect Uptrend (5>20>50),Normal,Akumulasi (Naik),Gap Up (+2.1%),Seimbang / Adu Mekanik,Normal,Tinggi,Normal,Rawan Pucuk (High Risk),> 1 Miliar,Di Atas VWAP (Kuat),Akumulasi Pro (Smart Money),Ritel Aktif (5M - 50M),Normal (50-150%),Mark-Up (Fase Pesta),Normal,Normal,Turun 1 Hari Beruntun,TP: 311 | CL: 258,Open = High (Tekanan Jual),Tidak Ideal (< 1:1),Death Cross (Awal Bearish),Netral / Sepi Berita,Normal / Sedang Transisi,Dekat Support Fibo 23.6%,5,WAIT & SEE,TIDAK ADA,2026-10-07 11:00:01,Biasa / Mengikuti Pasar
11:00,BEER,Transaksi Sepi (Skip Broksum),Small Cap (Lapis 3),Fair Value (Wajar),0.0,1.057389,62.0,69,50,91,-1.5873015873015872,1876400,Normal,36,Negatif,Downtrend,Bearish,Strong Bearish,Strong Downtrend (5<20<50),Normal,Akumulasi (Naik),Normal,Seimbang / Adu Mekanik,Normal,Tinggi,Normal,Rawan Pucuk (High Risk),< 1 Miliar,Di Atas VWAP (Kuat),Akumulasi Pro (Smart Money),Gorengan Sepi (< 5M),Sepi (< 50%),Mark-Down (Fase Runtuh),Spesialis Tiang Jemuran (Banting Pucuk),Normal,Turun 1 Hari Beruntun,TP: 71 | CL: 55,Open = High (Tekanan Jual),Ideal (1:2),Netral / Sideways,Netral / Sepi Berita,Normal / Sedang Transisi,Mendekati Fibo 78.6%,1,WAIT & SEE,TIDAK ADA,2026-10-07 11:00:01,Biasa / Mengikuti Pasar
11:00,CBPE,Transaksi Sepi (Skip Broksum),Small Cap (Lapis 3),Fair Value (Wajar),0.0,1.952555,515.0,502,480,580,3.8306451612903225,158200,Tembus MA20,55,Positif,Uptrend,Bearish,Bearish MACD,Konsolidasi / Transisi,Normal,Akumulasi (Naik),Normal,Seimbang / Adu Mekanik,Normal,Sedang,Normal,Area Tengah,< 1 Miliar,Di Atas VWAP (Kuat),Distribusi Pro (Guyuran),Gorengan Sepi (< 5M),Normal (50-150%),Mark-Up (Fase Pesta),Spesialis Tiang Jemuran (Banting Pucuk),Normal,Naik 2 Hari Beruntun,TP: 567 | CL: 480,Normal,Ideal (1:2),Golden Cross (Awal Bullish),Netral / Sepi Berita,Normal / Sedang Transisi,Mengambang (Jauh dari Fibo),5,WAIT & SEE,TIDAK ADA,2026-10-07 11:00:01,Biasa / Mengikuti Pasar
11:00,SUNI,Transaksi Sepi (Skip Broksum),Mid Cap (Lapis 2),Fair Value (Wajar),8.770727,1.7462626,640.0,665,585,695,-1.5384615384615385,137500,Normal,41,Negatif,Downtrend,Bearish,Strong Bearish,Strong Downtrend (5<20<50),Normal,Distribusi (Turun),Normal,Dominan Jual (Guyur),Normal,Sedang,Doji (Ragu-ragu),Area Tengah,< 1 Miliar,Di Atas VWAP (Kuat),Akumulasi Pro (Smart Money),Gorengan Sepi (< 5M),Sepi (< 50%),Mark-Down (Fase Runtuh),Normal,Normal,Turun 1 Hari Beruntun,TP: 674 | CL: 617,Normal,Menengah (1:1),Netral / Sideways,Netral / Sepi Berita,Normal / Sedang Transisi,Mendekati Fibo 78.6%,0,WAIT & SEE,TIDAK ADA,2026-10-07 11:00:01,Biasa / Mengikuti Pasar
11:00,CBRE,Token Mati (Perlu Update),Mid Cap (Lapis 2),Overvalued (Mahal),0.0,308.20493,740.0,738,695,805,-0.6711409395973155,3544400,Normal,52,Negatif,Uptrend,Bearish,Bearish MACD,Konsolidasi / Transisi,Normal,Distribusi (Turun),Normal,Dominan Jual (Guyur),Normal,Sedang,Normal,Area Tengah,> 1 Miliar,Di Atas VWAP (Kuat),Distribusi Pro (Guyuran),Ritel Aktif (5M - 50M),Sepi (< 50%),Mark-Up (Fase Pesta),Normal,Normal,Turun 1 Hari Beruntun,TP: 795 | CL: 702,Normal,Menengah (1:1),Golden Cross (Awal Bullish),Netral / Sepi Berita,Normal / Sedang Transisi,Dekat Support Fibo 50.0%,2,WAIT & SEE,TIDAK ADA,2026-10-07 11:00:01,Biasa / Mengikuti Pasar
11:00,WINE,Transaksi Sepi (Skip Broksum),Small Cap (Lapis 3),Undervalued (Murah),9.650456,1.0054628,127.0,128,120,138,0.0,311600,Normal,39,Negatif,Downtrend,Bearish,Bullish MACD,Strong Downtrend (5<20<50),Normal,Distribusi (Turun),Normal,Seimbang / Adu Mekanik,Squeeze,Rendah,Normal,Area Tengah,< 1 Miliar,Persis di VWAP,Akumulasi Pro (Smart Money),Gorengan Sepi (< 5M),Normal (50-150%),Mark-Down (Fase Runtuh),Spesialis Tiang Jemuran (Banting Pucuk),Normal,Sideways / Stagnan,TP: 133 | CL: 122,Open = High (Tekanan Jual),Ideal (1:2),Netral / Sideways,Netral / Sepi Berita,Supply Kering (Siap Pump) 🏜️,Mengambang (Jauh dari Fibo),1,WAIT & SEE,TIDAK ADA,2026-10-07 11:00:01,Biasa / Mengikuti Pasar
11:00,BMBL,Transaksi Sepi (Skip Broksum),Small Cap (Lapis 3),Fair Value (Wajar),0.0,0.46173027,30.0,30,28,36,-3.225806451612903,6568800,Normal,49,Negatif,Downtrend,Death Cross,Strong Bullish,Konsolidasi / Transisi,Normal,Distribusi (Turun),Normal,Seimbang / Adu Mekanik,Normal,Sedang,Normal,Area Tengah,< 1 Miliar,Di Bawah VWAP (Lemah),Distribusi Pro (Guyuran),Gorengan Sepi (< 5M),Normal (50-150%),Distribution (Fase Jualan),Normal,Normal,Turun 1 Hari Beruntun,TP: 33 | CL: 27,Open = High (Tekanan Jual),Sangat Menarik (> 1:3),Netral / Sideways,Netral / Sepi Berita,Normal / Sedang Transisi,Mendekati Fibo 61.8% (Golden Ratio),1,WAIT & SEE,TIDAK ADA,2026-10-07 11:00:01,Biasa / Mengikuti Pasar
11:00,PEVE,Transaksi Sepi (Skip Broksum),Small Cap (Lapis 3),Fair Value (Wajar),0.0,1.5358896,328.0,314,296,332,0.6134969325153374,489400,Normal,61,Positif,Uptrend,Bullish,Strong Bullish,Awal Reversal (5>20),Normal,Akumulasi (Naik),Normal,Seimbang / Adu Mekanik,Normal,Sedang,Doji (Ragu-ragu),Rawan Pucuk (High Risk),< 1 Miliar,Di Atas VWAP (Kuat),Akumulasi Pro (Smart Money),Gorengan Sepi (< 5M),Sepi (< 50%),Accumulation (Kumpul Barang),Solid (Jarang Dibanting),Jarum Bawah (Sinyal Pantulan Kuat),Naik 2 Hari Beruntun,TP: 339 | CL: 320,Normal,Tidak Ideal (< 1:1),Netral / Sideways,Netral / Sepi Berita,Normal / Sedang Transisi,Mendekati Fibo 78.6%,6,WAIT & SEE,TIDAK ADA,2026-10-07 11:00:01,Biasa / Mengikuti Pasar
11:00,LAJU,Transaksi Sepi (Skip Broksum),Small Cap (Lapis 3),Fair Value (Wajar),0.0,0.91700345,59.0,63,47,77,1.7241379310344827,1489100,Normal,42,Positif,Downtrend,Bearish,Strong Bearish,Strong Downtrend (5<20<50),Normal,Akumulasi (Naik),Normal,Dominan Beli (Hajar Kanan),Normal,Tinggi,Doji (Ragu-ragu),Rawan Pucuk (High Risk),< 1 Miliar,Di Atas VWAP (Kuat),Distribusi Pro (Guyuran),Gorengan Sepi (< 5M),Sepi (< 50%),Mark-Down (Fase Runtuh),Spesialis Tiang Jemuran (Banting Pucuk),Jarum Bawah (Sinyal Pantulan Kuat),Naik 3 Hari Beruntun,TP: 67 | CL: 53,Normal,Menengah (1:1),Golden Cross (Awal Bullish),Netral / Sepi Berita,Normal / Sedang Transisi,Mengambang (Jauh dari Fibo),3,WAIT & SEE,TIDAK ADA,2026-10-07 11:00:01,Biasa / Mengikuti Pasar
11:00,FWCT,Transaksi Sepi (Skip Broksum),Small Cap (Lapis 3),Fair Value (Wajar),0.0,0.4902742,80.0,84,65,97,0.0,925300,Normal,42,Negatif,Downtrend,Bearish,Strong Bearish,Strong Downtrend (5<20<50),Normal,Akumulasi (Naik),Normal,Seimbang / Adu Mekanik,Normal,Tinggi,Doji (Ragu-ragu),Rawan Pucuk (High Risk),< 1 Miliar,Di Atas VWAP (Kuat),Akumulasi Pro (Smart Money),Gorengan Sepi (< 5M),Sepi (< 50%),Mark-Down (Fase Runtuh),Spesialis Tiang Jemuran (Banting Pucuk),Normal,Sideways / Stagnan,TP: 90 | CL: 72,Normal,Menengah (1:1),Golden Cross (Awal Bullish),Netral / Sepi Berita,Normal / Sedang Transisi,Mendekati Fibo 78.6%,1,WAIT & SEE,TIDAK ADA,2026-10-07 11:00:01,Biasa / Mengikuti Pasar
11:00,NAYZ,Token Mati (Perlu Update),Small Cap (Lapis 3),Overvalued (Mahal),0.0,3.8912084,96.0,74,57,96,9.090909090909092,20833900,Normal,76,Positif,Uptrend,Bullish,Strong Bullish,Perfect Uptrend (5>20>50),Normal,Akumulasi (Naik),Gap Up (+9.1%),Dominan Beli (Hajar Kanan),Breakout Upper,Tinggi,Doji (Ragu-ragu),Rawan Pucuk (High Risk),> 1 Miliar,Di Atas VWAP (Kuat),Akumulasi Pro (Smart Money),Ritel Aktif (5M - 50M),Sepi (< 50%),Mark-Up (Fase Pesta),Normal,Jarum Bawah (Sinyal Pantulan Kuat),Naik 7 Hari Beruntun,TP: 104 | CL: 90,Normal,Tidak Ideal (< 1:1),Overbought (Jenuh Beli - Rawan),Netral / Sepi Berita,Normal / Sedang Transisi,Mengambang (Jauh dari Fibo),8,BELI,TIDAK ADA,2026-10-07 11:00:01,⚠️ Anomali (Sudah Terbang)
11:00,IRSX,Token Mati (Perlu Update),Mid Cap (Lapis 2),Overvalued (Mahal),70.129875,6.6396165,326.0,382,302,462,-0.6097560975609756,14562300,Normal,36,Negatif,Downtrend,Bearish,Strong Bearish,Konsolidasi / Transisi,Normal,Distribusi (Turun),Normal,Seimbang / Adu Mekanik,Normal,Tinggi,Normal,Area Tengah,> 1 Miliar,Persis di VWAP,Distribusi Pro (Guyuran),Ritel Aktif (5M - 50M),Sepi (< 50%),Distribution (Fase Jualan),Normal,Normal,Turun 1 Hari Beruntun,TP: 372 | CL: 295,Open = High (Tekanan Jual),Sangat Menarik (> 1:3),Oversold (Jenuh Jual - Peluang),Netral / Sepi Berita,Normal / Sedang Transisi,Mengambang (Jauh dari Fibo),0,WAIT & SEE,TIDAK ADA,2026-10-07 11:00:01,Biasa / Mengikuti Pasar
11:00,PACK,Token Mati (Perlu Update),Big Cap (Lapis 1),Overvalued (Mahal),29.914532,4.681603,488.0,542,386,650,0.411522633744856,88207700,Normal,47,Positif,Downtrend,Bearish,Bearish MACD,Konsolidasi / Transisi,Normal,Akumulasi (Naik),Normal,Seimbang / Adu Mekanik,Normal,Tinggi,Doji (Ragu-ragu),Rawan Pucuk (High Risk),> 1 Miliar,Di Atas VWAP (Kuat),Distribusi Pro (Guyuran),Sultan (> 50M/hari),Sepi (< 50%),Distribution (Fase Jualan),Spesialis Tiang Jemuran (Banting Pucuk),Jarum Bawah (Sinyal Pantulan Kuat),Naik 3 Hari Beruntun,TP: 571 | CL: 432,Normal,Ideal (1:2),Golden Cross (Awal Bullish),Netral / Sepi Berita,Normal / Sedang Transisi,Golden Rebound Fibo 38.2% 🎯,2,WAIT & SEE,TIDAK ADA,2026-10-07 11:00:01,Biasa / Mengikuti Pasar
11:00,VAST,Transaksi Sepi (Skip Broksum),Small Cap (Lapis 3),Fair Value (Wajar),0.0,0.7928777,105.0,112,93,149,-1.8691588785046727,1216000,Normal,42,Negatif,Downtrend,Bearish,Strong Bearish,Strong Downtrend (5<20<50),Normal,Akumulasi (Naik),Normal,Dominan Jual (Guyur),Normal,Tinggi,Normal,Rawan Pucuk (High Risk),< 1 Miliar,Di Atas VWAP (Kuat),Akumulasi Pro (Smart Money),Gorengan Sepi (< 5M),Sepi (< 50%),Mark-Down (Fase Runtuh),Normal,Normal,Turun 1 Hari Beruntun,TP: 114 | CL: 99,Open = High (Tekanan Jual),Sangat Menarik (> 1:3),Golden Cross (Awal Bullish),Netral / Sepi Berita,Normal / Sedang Transisi,Dekat Support Fibo 78.6%,1,WAIT & SEE,TIDAK ADA,2026-10-07 11:00:01,Biasa / Mengikuti Pasar
11:00,CHIP,Transaksi Sepi (Skip Broksum),Small Cap (Lapis 3),Overvalued (Mahal),86.61972,6.806485,615.0,708,610,825,-1.6,70800,Normal,8,Negatif,Downtrend,Bearish,Strong Bearish,Strong Downtrend (5<20<50),Normal,Distribusi (Turun),Normal,Dominan Jual (Guyur),Bottom Rebound,Tinggi,Normal,Dekat Support (Low Risk),< 1 Miliar,Di Bawah VWAP (Lemah),Distribusi Pro (Guyuran),Gorengan Sepi (< 5M),Normal (50-150%),Mark-Down (Fase Runtuh),Solid (Jarang Dibanting),Normal,Turun 6 Hari Beruntun,TP: 656 | CL: 587,Normal,Sangat Menarik (> 1:3),Oversold (Jenuh Jual - Peluang),Netral / Sepi Berita,Normal / Sedang Transisi,Golden Rebound Fibo Bottom / 100% 🎯,0,WAIT & SEE,TIDAK ADA,2026-10-07 11:00:01,🔥 ANOMALI BANDAR (Siap Ledakan)
11:00,HALO,Transaksi Sepi (Skip Broksum),Small Cap (Lapis 3),Fair Value (Wajar),0.0,1.6535044,67.0,67,58,80,1.5151515151515151,961600,Normal,49,Positif,Downtrend,Bearish,Strong Bearish,Strong Downtrend (5<20<50),Normal,Akumulasi (Naik),Normal,Dominan Beli (Hajar Kanan),Normal,Tinggi,Doji (Ragu-ragu),Rawan Pucuk (High Risk),< 1 Miliar,Di Atas VWAP (Kuat),Distribusi Pro (Guyuran),Gorengan Sepi (< 5M),Sepi (< 50%),Mark-Down (Fase Runtuh),Spesialis Tiang Jemuran (Banting Pucuk),Jarum Bawah (Sinyal Pantulan Kuat),Naik 3 Hari Beruntun,TP: 72 | CL: 63,Normal,Menengah (1:1),Netral / Sideways,Netral / Sepi Berita,Normal / Sedang Transisi,Mendekati Fibo 78.6%,3,WAIT & SEE,TIDAK ADA,2026-10-07 11:00:01,Biasa / Mengikuti Pasar
11:00,KING,Token Mati (Perlu Update),Mid Cap (Lapis 2),Overvalued (Mahal),0.0,14.766753,394.0,380,300,450,-1.5,2787100,Normal,58,Negatif,Uptrend,Golden Cross,Bearish MACD,Perfect Uptrend (5>20>50),Normal,Akumulasi (Naik),Normal,Seimbang / Adu Mekanik,Normal,Tinggi,Normal,Rawan Pucuk (High Risk),> 1 Miliar,Di Atas VWAP (Kuat),Akumulasi Pro (Smart Money),Gorengan Sepi (< 5M),Sepi (< 50%),Mark-Up (Fase Pesta),Normal,Normal,Turun 2 Hari Beruntun,TP: 457 | CL: 352,Normal,Tidak Ideal (< 1:1),Death Cross (Awal Bearish),Netral / Sepi Berita,Normal / Sedang Transisi,Mendekati Fibo 38.2%,4,WAIT & SEE,TIDAK ADA,2026-10-07 11:00:01,Biasa / Mengikuti Pasar
11:00,PGEO,Token Mati (Perlu Update),Big Cap (Lapis 1),Overvalued (Mahal),15.973671,20729.166,995.0,1020,935,1100,-0.5,2642800,Normal,45,Negatif,Downtrend,Bearish,Strong Bearish,Strong Downtrend (5<20<50),Normal,Distribusi (Turun),Normal,Seimbang / Adu Mekanik,Normal,Tinggi,Normal,Area Tengah,> 1 Miliar,Di Atas VWAP (Kuat),Akumulasi Pro (Smart Money),Ritel Aktif (5M - 50M),Sepi (< 50%),Mark-Down (Fase Runtuh),Normal,Normal,Turun 1 Hari Beruntun,TP: 1048 | CL: 959,Normal,Ideal (1:2),Golden Cross (Awal Bullish),Netral / Sepi Berita,Normal / Sedang Transisi,Dekat Support Fibo 61.8% (Golden Ratio),0,WAIT & SEE,TIDAK ADA,2026-10-07 11:00:01,Biasa / Mengikuti Pasar
11:00,FUTR,Token Mati (Perlu Update),Mid Cap (Lapis 2),Overvalued (Mahal),0.0,10.6374655,274.0,271,240,320,-2.8368794326241136,25491300,Normal,48,Negatif,Uptrend,Bearish,Bullish MACD,Strong Downtrend (5<20<50),Normal,Akumulasi (Naik),Normal,Seimbang / Adu Mekanik,Normal,Tinggi,Normal,Rawan Pucuk (High Risk),> 1 Miliar,Di Atas VWAP (Kuat),Akumulasi Pro (Smart Money),Ritel Aktif (5M - 50M),Normal (50-150%),Accumulation (Kumpul Barang),Normal,Normal,Turun 1 Hari Beruntun,TP: 305 | CL: 252,Normal,Menengah (1:1),Netral / Sideways,Netral / Sepi Berita,Normal / Sedang Transisi,Mengambang (Jauh dari Fibo),3,WAIT & SEE,TIDAK ADA,2026-10-07 11:00:01,Biasa / Mengikuti Pasar
11:00,BDKR,Token Mati (Perlu Update),Small Cap (Lapis 3),Overvalued (Mahal),33.17972,1.2523336,216.0,168,153,224,2.857142857142857,52841400,Tembus MA20,86,Positif,Uptrend,Bullish,Strong Bullish,Perfect Uptrend (5>20>50),Akumulasi Kuat,Akumulasi (Naik),Normal,Seimbang / Adu Mekanik,Breakout Upper,Tinggi,Normal,Rawan Pucuk (High Risk),> 1 Miliar,Di Atas VWAP (Kuat),Akumulasi Pro (Smart Money),Ritel Aktif (5M - 50M),Normal (50-150%),Mark-Up (Fase Pesta),Normal,Normal,Naik 4 Hari Beruntun,TP: 229 | CL: 206,Normal,Tidak Ideal (< 1:1),Overbought (Jenuh Beli - Rawan),Netral / Sepi Berita,Normal / Sedang Transisi,Mendekati Fibo 23.6%,8,BELI,TIDAK ADA,2026-10-07 11:00:01,🔥 ANOMALI BANDAR (Siap Ledakan)
11:00,PTMP,Transaksi Sepi (Skip Broksum),Small Cap (Lapis 3),Fair Value (Wajar),0.0,0.94936705,50.0,56,41,68,-1.9607843137254901,1185600,Normal,35,Negatif,Downtrend,Bearish,Strong Bearish,Strong Downtrend (5<20<50),Normal,Akumulasi (Naik),Normal,Dominan Jual (Guyur),Normal,Tinggi,Normal,Rawan Pucuk (High Risk),< 1 Miliar,Di Atas VWAP (Kuat),Akumulasi Pro (Smart Money),Gorengan Sepi (< 5M),Sepi (< 50%),Mark-Down (Fase Runtuh),Normal,Normal,Turun 1 Hari Beruntun,TP: 56 | CL: 45,Open = High (Tekanan Jual),Ideal (1:2),Golden Cross (Awal Bullish),Netral / Sepi Berita,Normal / Sedang Transisi,Mengambang (Jauh dari Fibo),1,WAIT & SEE,TIDAK ADA,2026-10-07 11:00:01,Biasa / Mengikuti Pasar
11:00,SAGE,Transaksi Sepi (Skip Broksum),Small Cap (Lapis 3),Fair Value (Wajar),0.0,0.87506354,31.0,31,27,40,-3.125,10120700,Normal,49,Negatif,Downtrend,Bearish,Bearish MACD,Konsolidasi / Transisi,Normal,Akumulasi (Naik),Normal,Seimbang / Adu Mekanik,Normal,Tinggi,Normal,Rawan Pucuk (High Risk),< 1 Miliar,Di Atas VWAP (Kuat),Akumulasi Pro (Smart Money),Gorengan Sepi (< 5M),Sepi (< 50%),Distribution (Fase Jualan),Normal,Normal,Turun 1 Hari Beruntun,TP: 36 | CL: 27,Open = High (Tekanan Jual),Ideal (1:2),Netral / Sideways,Netral / Sepi Berita,Normal / Sedang Transisi,Dekat Support Fibo 61.8% (Golden Ratio),1,WAIT & SEE,TIDAK ADA,2026-10-07 11:00:01,Biasa / Mengikuti Pasar
11:00,TRON,Transaksi Sepi (Skip Broksum),Small Cap (Lapis 3),Fair Value (Wajar),0.0,1.3227077,80.0,91,68,111,-2.4390243902439024,2011600,Normal,34,Negatif,Downtrend,Bearish,Strong Bearish,Strong Downtrend (5<20<50),Normal,Distribusi (Turun),Normal,Seimbang / Adu Mekanik,Normal,Tinggi,Normal,Rawan Pucuk (High Risk),< 1 Miliar,Di Atas VWAP (Kuat),Akumulasi Pro (Smart Money),Gorengan Sepi (< 5M),Sepi (< 50%),Mark-Down (Fase Runtuh),Normal,Normal,Turun 1 Hari Beruntun,TP: 91 | CL: 72,Open = High (Tekanan Jual),Ideal (1:2),Golden Cross (Awal Bullish),Netral / Sepi Berita,Normal / Sedang Transisi,Mengambang (Jauh dari Fibo),0,WAIT & SEE,TIDAK ADA,2026-10-07 11:00:01,Biasa / Mengikuti Pasar
11:00,CUAN,Token Mati (Perlu Update),Big Cap (Lapis 1),Overvalued (Mahal),39.11643,283333.34,850.0,908,830,1040,0.0,100522100,Normal,44,Negatif,Downtrend,Bearish,Strong Bearish,Konsolidasi / Transisi,Normal,Akumulasi (Naik),Normal,Dominan Jual (Guyur),Normal,Tinggi,Normal,Dekat Support (Low Risk),> 1 Miliar,Persis di VWAP,Distribusi Pro (Guyuran),Sultan (> 50M/hari),Sepi (< 50%),Distribution (Fase Jualan),Spesialis Tiang Jemuran (Banting Pucuk),Normal,Sideways / Stagnan,TP: 920 | CL: 803,Normal,Sangat Menarik (> 1:3),Oversold (Jenuh Jual - Peluang),Netral / Sepi Berita,Normal / Sedang Transisi,Mendekati Fibo 50.0%,1,WAIT & SEE,TIDAK ADA,2026-10-07 11:00:01,Biasa / Mengikuti Pasar
11:00,NSSS,Transaksi Sepi (Skip Broksum),Big Cap (Lapis 1),Overvalued (Mahal),25.83799,7.7434206,740.0,752,635,855,-1.9867549668874174,917000,Normal,45,Negatif,Downtrend,Bearish,Bullish MACD,Strong Downtrend (5<20<50),Normal,Akumulasi (Naik),Normal,Seimbang / Adu Mekanik,Normal,Tinggi,Normal,Rawan Pucuk (High Risk),< 1 Miliar,Di Atas VWAP (Kuat),Akumulasi Pro (Smart Money),Gorengan Sepi (< 5M),Sepi (< 50%),Mark-Down (Fase Runtuh),Normal,Normal,Turun 1 Hari Beruntun,TP: 802 | CL: 698,Open = High (Tekanan Jual),Menengah (1:1),Death Cross (Awal Bearish),Netral / Sepi Berita,Normal / Sedang Transisi,Dekat Support Fibo 78.6%,2,WAIT & SEE,TIDAK ADA,2026-10-07 11:00:01,Biasa / Mengikuti Pasar
11:00,GTRA,Transaksi Sepi (Skip Broksum),Small Cap (Lapis 3),Fair Value (Wajar),0.0,1.2463362,296.0,256,232,298,8.02919708029197,2871200,Tembus MA20,71,Positif,Uptrend,Bullish,Strong Bullish,Perfect Uptrend (5>20>50),Akumulasi Kuat,Akumulasi (Naik),Normal,Dominan Beli (Hajar Kanan),Breakout Upper,Tinggi,Normal,Rawan Pucuk (High Risk),< 1 Miliar,Di Atas VWAP (Kuat),Akumulasi Pro (Smart Money),Gorengan Sepi (< 5M),Anomali Tinggi (150-300%),Mark-Up (Fase Pesta),Spesialis Tiang Jemuran (Banting Pucuk),Normal,Naik 2 Hari Beruntun,TP: 319 | CL: 280,Normal,Tidak Ideal (< 1:1),Overbought (Jenuh Beli - Rawan),Netral / Sepi Berita,Normal / Sedang Transisi,Dekat Support Fibo 23.6%,9,BELI,TIDAK ADA,2026-10-07 11:00:01,Biasa / Mengikuti Pasar
11:00,HAJJ,Transaksi Sepi (Skip Broksum),Small Cap (Lapis 3),Fair Value (Wajar),0.0,1.2287228,109.0,108,98,119,-1.8018018018018018,1977400,Normal,51,Negatif,Uptrend,Bearish,Bullish MACD,Strong Downtrend (5<20<50),Normal,Akumulasi (Naik),Normal,Dominan Jual (Guyur),Normal,Sedang,Normal,Rawan Pucuk (High Risk),< 1 Miliar,Di Atas VWAP (Kuat),Akumulasi Pro (Smart Money),Gorengan Sepi (< 5M),Sepi (< 50%),Accumulation (Kumpul Barang),Normal,Normal,Turun 1 Hari Beruntun,TP: 115 | CL: 104,Normal,Tidak Ideal (< 1:1),Death Cross (Awal Bearish),Netral / Sepi Berita,Normal / Sedang Transisi,Dekat Support Fibo 61.8% (Golden Ratio),4,WAIT & SEE,TIDAK ADA,2026-10-07 11:00:01,Biasa / Mengikuti Pasar
11:00,JATI,Token Mati (Perlu Update),Small Cap (Lapis 3),Fair Value (Wajar),0.0,2.003972,112.0,113,101,127,0.9009009009009009,11745100,Normal,54,Positif,Downtrend,Bearish,Bearish MACD,Konsolidasi / Transisi,Normal,Akumulasi (Naik),Normal,Dominan Beli (Hajar Kanan),Normal,Tinggi,Normal,Rawan Pucuk (High Risk),> 1 Miliar,Di Atas VWAP (Kuat),Akumulasi Pro (Smart Money),Gorengan Sepi (< 5M),Normal (50-150%),Distribution (Fase Jualan),Normal,Normal,Naik 1 Hari Beruntun,TP: 120 | CL: 106,Normal,Menengah (1:1),Netral / Sideways,Netral / Sepi Berita,Normal / Sedang Transisi,Mendekati Fibo 50.0%,4,WAIT & SEE,TIDAK ADA,2026-10-07 11:00:01,Biasa / Mengikuti Pasar
11:00,TYRE,Transaksi Sepi (Skip Broksum),Small Cap (Lapis 3),Fair Value (Wajar),0.0,1.1131877,109.0,110,101,136,0.0,531100,Normal,44,Negatif,Downtrend,Bearish,Bullish MACD,Strong Downtrend (5<20<50),Normal,Akumulasi (Naik),Normal,Dominan Beli (Hajar Kanan),Normal,Sedang,Normal,Area Tengah,< 1 Miliar,Persis di VWAP,Akumulasi Pro (Smart Money),Gorengan Sepi (< 5M),Normal (50-150%),Mark-Down (Fase Runtuh),Normal,Normal,Sideways / Stagnan,TP: 115 | CL: 104,Normal,Sangat Menarik (> 1:3),Netral / Sideways,Netral / Sepi Berita,Supply Kering (Siap Pump) 🏜️,Golden Rebound Fibo 78.6% 🎯,3,WAIT & SEE,TIDAK ADA,2026-10-07 11:00:01,Biasa / Mengikuti Pasar
11:00,MPXL,Token Mati (Perlu Update),Small Cap (Lapis 3),Overvalued (Mahal),0.0,6.245827,290.0,208,159,290,10.687022900763358,26349300,Tembus MA20,79,Positif,Uptrend,Bullish,Strong Bullish,Perfect Uptrend (5>20>50),Normal,Akumulasi (Naik),Normal,Dominan Beli (Hajar Kanan),Normal,Tinggi,Marubozu (Strong Bullish),Rawan Pucuk (High Risk),> 1 Miliar,Di Atas VWAP (Kuat),Akumulasi Pro (Smart Money),Ritel Aktif (5M - 50M),Normal (50-150%),Mark-Up (Fase Pesta),Spesialis Tiang Jemuran (Banting Pucuk),Normal,Naik 2 Hari Beruntun,TP: 327 | CL: 264,Open = Low (Bullish Kuat),Tidak Ideal (< 1:1),Overbought (Jenuh Beli - Rawan),Netral / Sepi Berita,Normal / Sedang Transisi,Mengambang (Jauh dari Fibo),8,BELI,TIDAK ADA,2026-10-07 11:00:01,⚠️ Anomali (Sudah Terbang)
11:00,SMIL,Token Mati (Perlu Update),Mid Cap (Lapis 2),Overvalued (Mahal),53.802494,5.183217,472.0,440,394,480,0.0,32754300,Normal,68,Negatif,Uptrend,Bullish,Strong Bullish,Perfect Uptrend (5>20>50),Normal,Akumulasi (Naik),Normal,Dominan Jual (Guyur),Breakout Upper,Sedang,Normal,Rawan Pucuk (High Risk),> 1 Miliar,Di Atas VWAP (Kuat),Akumulasi Pro (Smart Money),Ritel Aktif (5M - 50M),Normal (50-150%),Mark-Up (Fase Pesta),Spesialis Tiang Jemuran (Banting Pucuk),Normal,Sideways / Stagnan,TP: 497 | CL: 454,Normal,Tidak Ideal (< 1:1),Overbought (Jenuh Beli - Rawan),Netral / Sepi Berita,Normal / Sedang Transisi,Mengambang (Jauh dari Fibo),5,WAIT & SEE,TIDAK ADA,2026-10-07 11:00:01,Biasa / Mengikuti Pasar
11:00,KLAS,Transaksi Sepi (Skip Broksum),Small Cap (Lapis 3),Fair Value (Wajar),0.0,1.1102836,82.0,78,65,90,0.0,8428100,Normal,56,Negatif,Uptrend,Bearish,Bullish MACD,Strong Downtrend (5<20<50),Normal,Akumulasi (Naik),Normal,Dominan Beli (Hajar Kanan),Normal,Tinggi,Doji (Ragu-ragu),Rawan Pucuk (High Risk),< 1 Miliar,Di Atas VWAP (Kuat),Akumulasi Pro (Smart Money),Gorengan Sepi (< 5M),Normal (50-150%),Accumulation (Kumpul Barang),Spesialis Tiang Jemuran (Banting Pucuk),Jarum Bawah (Sinyal Pantulan Kuat),Sideways / Stagnan,TP: 90 | CL: 76,Normal,Tidak Ideal (< 1:1),Netral / Sideways,Netral / Sepi Berita,Normal / Sedang Transisi,Golden Rebound Fibo 38.2% 🎯,5,WAIT & SEE,TIDAK ADA,2026-10-07 11:00:01,Biasa / Mengikuti Pasar
11:00,MAXI,Transaksi Sepi (Skip Broksum),Small Cap (Lapis 3),Fair Value (Wajar),0.0,2.0748425,29.0,42,24,50,3.571428571428571,20263100,Normal,15,Positif,Downtrend,Bearish,Strong Bearish,Strong Downtrend (5<20<50),Normal,Distribusi (Turun),Gap Down (-3.6%),Seimbang / Adu Mekanik,Normal,Tinggi,Normal,Rawan Pucuk (High Risk),< 1 Miliar,Di Atas VWAP (Kuat),Distribusi Pro (Guyuran),Gorengan Sepi (< 5M),Sepi (< 50%),Mark-Down (Fase Runtuh),Normal,Normal,Naik 3 Hari Beruntun,TP: 32 | CL: 26,Open = Low (Bullish Kuat),Sangat Menarik (> 1:3),Oversold (Jenuh Jual - Peluang),Netral / Sepi Berita,Normal / Sedang Transisi,Mengambang (Jauh dari Fibo),1,WAIT & SEE,TIDAK ADA,2026-10-07 11:00:01,🔥 ANOMALI BANDAR (Siap Ledakan)
11:00,VKTR,Token Mati (Perlu Update),Big Cap (Lapis 1),Overvalued (Mahal),0.0,27.916546,660.0,731,576,855,-1.9130396921720485,53018200,Normal,39,Negatif,Downtrend,Bearish,Strong Bearish,Strong Downtrend (5<20<50),Normal,Akumulasi (Naik),Normal,Dominan Jual (Guyur),Normal,Tinggi,Normal,Rawan Pucuk (High Risk),> 1 Miliar,Di Bawah VWAP (Lemah),Akumulasi Pro (Smart Money),Sultan (> 50M/hari),Normal (50-150%),Mark-Down (Fase Runtuh),Normal,Normal,Turun 1 Hari Beruntun,TP: 742 | CL: 605,Normal,Ideal (1:2),Netral / Sideways,Netral / Sepi Berita,Normal / Sedang Transisi,Mengambang (Jauh dari Fibo),1,WAIT & SEE,TIDAK ADA,2026-10-07 11:00:01,Biasa / Mengikuti Pasar
11:00,RELF,Transaksi Sepi (Skip Broksum),Small Cap (Lapis 3),Fair Value (Wajar),0.0,0.9064076,39.0,38,34,46,0.0,2566600,Normal,53,Negatif,Uptrend,Bearish,Bearish MACD,Konsolidasi / Transisi,Normal,Akumulasi (Naik),Normal,Dominan Jual (Guyur),Normal,Tinggi,Doji (Ragu-ragu),Rawan Pucuk (High Risk),< 1 Miliar,Di Atas VWAP (Kuat),Akumulasi Pro (Smart Money),Gorengan Sepi (< 5M),Sepi (< 50%),Mark-Up (Fase Pesta),Normal,Normal,Sideways / Stagnan,TP: 44 | CL: 35,Normal,Menengah (1:1),Golden Cross (Awal Bullish),Netral / Sepi Berita,Normal / Sedang Transisi,Dekat Support Fibo 50.0%,3,WAIT & SEE,TIDAK ADA,2026-10-07 11:00:01,Biasa / Mengikuti Pasar
11:00,AMMN,Token Mati (Perlu Update),Big Cap (Lapis 1),Overvalued (Mahal),0.0,56625.0,4530.0,4680,4060,5275,0.6666666666666667,23585000,Normal,50,Positif,Downtrend,Bearish,Strong Bearish,Konsolidasi / Transisi,Normal,Distribusi (Turun),Normal,Seimbang / Adu Mekanik,Normal,Tinggi,Normal,Rawan Pucuk (High Risk),> 1 Miliar,Di Atas VWAP (Kuat),Akumulasi Pro (Smart Money),Sultan (> 50M/hari),Sepi (< 50%),Distribution (Fase Jualan),Spesialis Tiang Jemuran (Banting Pucuk),Jarum Bawah (Sinyal Pantulan Kuat),Naik 2 Hari Beruntun,TP: 4832 | CL: 4328,Normal,Ideal (1:2),Netral / Sideways,Netral / Sepi Berita,Normal / Sedang Transisi,Mendekati Fibo 50.0%,1,WAIT & SEE,TIDAK ADA,2026-10-07 11:00:01,Biasa / Mengikuti Pasar
11:00,CRSN,Transaksi Sepi (Skip Broksum),Small Cap (Lapis 3),Fair Value (Wajar),0.0,1.8641181,150.0,134,111,171,-0.6622516556291391,672500,Normal,66,Negatif,Uptrend,Bullish,Strong Bullish,Perfect Uptrend (5>20>50),Normal,Akumulasi (Naik),Normal,Seimbang / Adu Mekanik,Normal,Tinggi,Normal,Rawan Pucuk (High Risk),< 1 Miliar,Di Atas VWAP (Kuat),Akumulasi Pro (Smart Money),Gorengan Sepi (< 5M),Sepi (< 50%),Mark-Up (Fase Pesta),Spesialis Tiang Jemuran (Banting Pucuk),Normal,Turun 1 Hari Beruntun,TP: 169 | CL: 136,Normal,Tidak Ideal (< 1:1),Overbought (Jenuh Beli - Rawan),Netral / Sepi Berita,Normal / Sedang Transisi,Mendekati Fibo 38.2%,5,WAIT & SEE,TIDAK ADA,2026-10-07 11:00:01,Biasa / Mengikuti Pasar
11:00,GRPM,Token Mati (Perlu Update),Small Cap (Lapis 3),Overvalued (Mahal),0.0,3.0979552,155.0,149,115,178,9.929078014184398,8525500,Normal,50,Positif,Uptrend,Bearish,Bullish MACD,Strong Downtrend (5<20<50),Normal,Akumulasi (Naik),Gap Up (+3.5%),Dominan Beli (Hajar Kanan),Normal,Tinggi,Normal,Rawan Pucuk (High Risk),> 1 Miliar,Di Atas VWAP (Kuat),Akumulasi Pro (Smart Money),Gorengan Sepi (< 5M),Normal (50-150%),Accumulation (Kumpul Barang),Normal,Normal,Naik 2 Hari Beruntun,TP: 177 | CL: 139,Normal,Tidak Ideal (< 1:1),Netral / Sideways,Netral / Sepi Berita,Normal / Sedang Transisi,Mengambang (Jauh dari Fibo),6,WAIT & SEE,TIDAK ADA,2026-10-07 11:00:01,Biasa / Mengikuti Pasar
11:00,WIDI,Transaksi Sepi (Skip Broksum),Small Cap (Lapis 3),Fair Value (Wajar),0.0,1.0548522,29.0,27,25,31,3.571428571428571,998500,Normal,58,Positif,Uptrend,Bullish,Strong Bullish,Perfect Uptrend (5>20>50),Normal,Distribusi (Turun),Normal,Dominan Beli (Hajar Kanan),Normal,Sedang,Marubozu (Strong Bullish),Rawan Pucuk (High Risk),< 1 Miliar,Di Atas VWAP (Kuat),Distribusi Pro (Guyuran),Gorengan Sepi (< 5M),Sepi (< 50%),Mark-Up (Fase Pesta),Normal,Normal,Naik 1 Hari Beruntun,TP: 32 | CL: 26,Open = Low (Bullish Kuat),Tidak Ideal (< 1:1),Netral / Sideways,Netral / Sepi Berita,Supply Kering (Siap Pump) 🏜️,Golden Rebound Fibo 38.2% 🎯,6,WAIT & SEE,TIDAK ADA,2026-10-07 11:00:01,Biasa / Mengikuti Pasar
11:00,TGUK,Transaksi Sepi (Skip Broksum),Small Cap (Lapis 3),Overvalued (Mahal),0.0,5.192011,111.0,104,79,139,-7.5,6413000,Normal,54,Negatif,Uptrend,Bullish,Strong Bullish,Perfect Uptrend (5>20>50),Normal,Akumulasi (Naik),Gap Down (-7.5%),Tidak Ada Transaksi,Normal,Tinggi,Doji (Ragu-ragu),Rawan Pucuk (High Risk),< 1 Miliar,Di Bawah VWAP (Lemah),Distribusi Pro (Guyuran),Gorengan Sepi (< 5M),Normal (50-150%),Mark-Up (Fase Pesta),Solid (Jarang Dibanting),Normal,Turun 2 Hari Beruntun,TP: 127 | CL: 100,Normal,Tidak Ideal (< 1:1),Netral / Sideways,Netral / Sepi Berita,Normal / Sedang Transisi,Dekat Support Fibo 38.2%,5,WAIT & SEE,TIDAK ADA,2026-10-07 11:00:01,Biasa / Mengikuti Pasar
11:00,INET,Token Mati (Perlu Update),Mid Cap (Lapis 2),Overvalued (Mahal),65.85366,1.6520227,270.0,303,258,372,-1.4598540145985401,107937300,Normal,39,Negatif,Downtrend,Bearish,Strong Bearish,Konsolidasi / Transisi,Normal,Distribusi (Turun),Normal,Seimbang / Adu Mekanik,Normal,Tinggi,Normal,Area Tengah,> 1 Miliar,Persis di VWAP,Distribusi Pro (Guyuran),Sultan (> 50M/hari),Sepi (< 50%),Distribution (Fase Jualan),Spesialis Tiang Jemuran (Banting Pucuk),Normal,Turun 1 Hari Beruntun,TP: 299 | CL: 250,Normal,Sangat Menarik (> 1:3),Oversold (Jenuh Jual - Peluang),Netral / Sepi Berita,Normal / Sedang Transisi,Mendekati Fibo 61.8% (Golden Ratio),0,WAIT & SEE,TIDAK ADA,2026-10-07 11:00:01,Biasa / Mengikuti Pasar
11:00,MAHA,Transaksi Sepi (Skip Broksum),Mid Cap (Lapis 2),Undervalued (Murah),6.05013,1.2514302,140.0,141,132,168,-0.7092198581560284,1971400,Normal,46,Negatif,Downtrend,Bearish,Strong Bearish,Strong Downtrend (5<20<50),Normal,Akumulasi (Naik),Normal,Dominan Jual (Guyur),Normal,Sedang,Normal,Area Tengah,< 1 Miliar,Di Atas VWAP (Kuat),Distribusi Pro (Guyuran),Gorengan Sepi (< 5M),Sepi (< 50%),Mark-Down (Fase Runtuh),Normal,Normal,Turun 1 Hari Beruntun,TP: 149 | CL: 133,Normal,Sangat Menarik (> 1:3),Golden Cross (Awal Bullish),Netral / Sepi Berita,Normal / Sedang Transisi,Dekat Support Fibo 78.6%,1,WAIT & SEE,TIDAK ADA,2026-10-07 11:00:01,Biasa / Mengikuti Pasar
11:00,RMKO,Transaksi Sepi (Skip Broksum),Small Cap (Lapis 3),Fair Value (Wajar),0.0,2.6183262,274.0,302,238,374,-1.4388489208633095,644100,Normal,41,Negatif,Downtrend,Bearish,Strong Bearish,Konsolidasi / Transisi,Normal,Distribusi (Turun),Normal,Seimbang / Adu Mekanik,Normal,Tinggi,Normal,Rawan Pucuk (High Risk),< 1 Miliar,Di Atas VWAP (Kuat),Akumulasi Pro (Smart Money),Gorengan Sepi (< 5M),Sepi (< 50%),Distribution (Fase Jualan),Normal,Normal,Turun 1 Hari Beruntun,TP: 308 | CL: 251,Open = High (Tekanan Jual),Ideal (1:2),Golden Cross (Awal Bullish),Netral / Sepi Berita,Normal / Sedang Transisi,Dekat Support Fibo 78.6%,0,WAIT & SEE,TIDAK ADA,2026-10-07 11:00:01,Biasa / Mengikuti Pasar
11:00,CNMA,Transaksi Sepi (Skip Broksum),Mid Cap (Lapis 2),Fair Value (Wajar),12.784091,2.005303,90.0,90,87,93,0.0,2453700,Normal,46,Negatif,Downtrend,Bearish,Bullish MACD,Strong Downtrend (5<20<50),Normal,Akumulasi (Naik),Normal,Dominan Beli (Hajar Kanan),Squeeze,Rendah,Doji (Ragu-ragu),Area Tengah,< 1 Miliar,Persis di VWAP,Akumulasi Pro (Smart Money),Gorengan Sepi (< 5M),Sepi (< 50%),Mark-Down (Fase Runtuh),Solid (Jarang Dibanting),Jarum Bawah (Sinyal Pantulan Kuat),Sideways / Stagnan,TP: 92 | CL: 88,Normal,Menengah (1:1),Netral / Sideways,Netral / Sepi Berita,Normal / Sedang Transisi,Mendekati Fibo Bottom / 100%,3,WAIT & SEE,TIDAK ADA,2026-10-07 11:00:01,Biasa / Mengikuti Pasar
11:00,FOLK,Token Mati (Perlu Update),Small Cap (Lapis 3),Overvalued (Mahal),0.0,5.5652485,185.0,220,162,316,-2.1164021164021163,9933400,Normal,43,Negatif,Downtrend,Bearish,Strong Bearish,Konsolidasi / Transisi,Normal,Akumulasi (Naik),Normal,Seimbang / Adu Mekanik,Normal,Tinggi,Normal,Rawan Pucuk (High Risk),> 1 Miliar,Persis di VWAP,Distribusi Pro (Guyuran),Gorengan Sepi (< 5M),Normal (50-150%),Distribution (Fase Jualan),Normal,Normal,Turun 1 Hari Beruntun,TP: 221 | CL: 160,Normal,Sangat Menarik (> 1:3),Oversold (Jenuh Jual - Peluang),Netral / Sepi Berita,Normal / Sedang Transisi,Mengambang (Jauh dari Fibo),1,WAIT & SEE,TIDAK ADA,2026-10-07 11:00:01,Biasa / Mengikuti Pasar
11:00,HBAT,Transaksi Sepi (Skip Broksum),Small Cap (Lapis 3),Overvalued (Mahal),0.0,5.0105653,396.0,379,302,418,0.0,199900,Normal,62,Negatif,Uptrend,Bullish,Bearish MACD,Perfect Uptrend (5>20>50),Normal,Distribusi (Turun),Normal,Seimbang / Adu Mekanik,Normal,Tinggi,Doji (Ragu-ragu),Rawan Pucuk (High Risk),< 1 Miliar,Persis di VWAP,Distribusi Pro (Guyuran),Gorengan Sepi (< 5M),Sepi (< 50%),Mark-Up (Fase Pesta),Normal,Jarum Bawah (Sinyal Pantulan Kuat),Sideways / Stagnan,TP: 440 | CL: 366,Normal,Tidak Ideal (< 1:1),Death Cross (Awal Bearish),Netral / Sepi Berita,Normal / Sedang Transisi,Mengambang (Jauh dari Fibo),3,WAIT & SEE,TIDAK ADA,2026-10-07 11:00:01,Biasa / Mengikuti Pasar
11:00,GRIA,Transaksi Sepi (Skip Broksum),Mid Cap (Lapis 2),Overvalued (Mahal),168.47826,2.8682988,155.0,165,139,195,-2.515723270440252,952700,Normal,44,Negatif,Downtrend,Bearish,Strong Bearish,Konsolidasi / Transisi,Normal,Distribusi (Turun),Normal,Dominan Jual (Guyur),Normal,Tinggi,Normal,Rawan Pucuk (High Risk),< 1 Miliar,Di Bawah VWAP (Lemah),Akumulasi Pro (Smart Money),Gorengan Sepi (< 5M),Sepi (< 50%),Distribution (Fase Jualan),Normal,Normal,Turun 4 Hari Beruntun,TP: 172 | CL: 143,Open = High (Tekanan Jual),Ideal (1:2),Netral / Sideways,Netral / Sepi Berita,Normal / Sedang Transisi,Mengambang (Jauh dari Fibo),0,WAIT & SEE,TIDAK ADA,2026-10-07 11:00:01,Biasa / Mengikuti Pasar
11:00,PPRI,Token Mati (Perlu Update),Small Cap (Lapis 3),Fair Value (Wajar),0.0,2.0792737,186.0,162,131,206,8.771929824561402,37141800,Tembus MA20,60,Positif,Uptrend,Golden Cross,Strong Bullish,Perfect Uptrend (5>20>50),Akumulasi Kuat,Akumulasi (Naik),Normal,Dominan Beli (Hajar Kanan),Normal,Tinggi,Normal,Rawan Pucuk (High Risk),> 1 Miliar,Di Atas VWAP (Kuat),Akumulasi Pro (Smart Money),Ritel Aktif (5M - 50M),Anomali Tinggi (150-300%),Mark-Up (Fase Pesta),Spesialis Tiang Jemuran (Banting Pucuk),Normal,Naik 1 Hari Beruntun,TP: 213 | CL: 167,Normal,Tidak Ideal (< 1:1),Netral / Sideways,Netral / Sepi Berita,Normal / Sedang Transisi,Dekat Support Fibo 38.2%,9,BELI,TIDAK ADA,2026-10-07 11:00:01,⚠️ Anomali (Sudah Terbang)
11:00,ERAL,Transaksi Sepi (Skip Broksum),Mid Cap (Lapis 2),Undervalued (Murah),8.335505,0.91674256,318.0,314,290,336,1.9230769230769231,2571800,Normal,55,Positif,Uptrend,Bearish,Strong Bearish,Konsolidasi / Transisi,Normal,Akumulasi (Naik),Normal,Seimbang / Adu Mekanik,Normal,Sedang,Normal,Area Tengah,< 1 Miliar,Di Atas VWAP (Kuat),Akumulasi Pro (Smart Money),Gorengan Sepi (< 5M),Normal (50-150%),Mark-Up (Fase Pesta),Normal,Normal,Naik 1 Hari Beruntun,TP: 337 | CL: 305,Normal,Tidak Ideal (< 1:1),Netral / Sideways,Netral / Sepi Berita,Normal / Sedang Transisi,Dekat Support Fibo 38.2%,4,WAIT & SEE,TIDAK ADA,2026-10-07 11:00:01,Biasa / Mengikuti Pasar
11:00,CYBR,Token Mati (Perlu Update),Mid Cap (Lapis 2),Overvalued (Mahal),110.0,20.978718,486.0,509,466,540,-0.4098360655737705,22976500,Normal,40,Negatif,Downtrend,Bearish,Strong Bearish,Strong Downtrend (5<20<50),Normal,Distribusi (Turun),Normal,Seimbang / Adu Mekanik,Normal,Sedang,Normal,Area Tengah,> 1 Miliar,Persis di VWAP,Distribusi Pro (Guyuran),Ritel Aktif (5M - 50M),Normal (50-150%),Mark-Down (Fase Runtuh),Normal,Normal,Turun 3 Hari Beruntun,TP: 518 | CL: 464,Open = High (Tekanan Jual),Ideal (1:2),Netral / Sideways,Netral / Sepi Berita,Normal / Sedang Transisi,Mendekati Fibo Bottom / 100%,0,WAIT & SEE,TIDAK ADA,2026-10-07 11:00:01,Biasa / Mengikuti Pasar
11:00,MUTU,Token Mati (Perlu Update),Small Cap (Lapis 3),Fair Value (Wajar),0.0,1.6739074,130.0,127,111,155,-2.9850746268656714,12657000,Normal,54,Negatif,Uptrend,Bearish,Strong Bullish,Konsolidasi / Transisi,Normal,Akumulasi (Naik),Normal,Dominan Jual (Guyur),Normal,Tinggi,Normal,Rawan Pucuk (High Risk),> 1 Miliar,Di Bawah VWAP (Lemah),Akumulasi Pro (Smart Money),Ritel Aktif (5M - 50M),Sepi (< 50%),Mark-Up (Fase Pesta),Normal,Normal,Turun 2 Hari Beruntun,TP: 144 | CL: 120,Normal,Menengah (1:1),Death Cross (Awal Bearish),Netral / Sepi Berita,Normal / Sedang Transisi,Dekat Support Fibo 50.0%,4,WAIT & SEE,TIDAK ADA,2026-10-07 11:00:01,Biasa / Mengikuti Pasar
11:00,LMAX,Transaksi Sepi (Skip Broksum),Small Cap (Lapis 3),Fair Value (Wajar),0.0,1.268794,100.0,105,99,115,0.0,28100,Normal,42,Negatif,Downtrend,Bearish,Strong Bearish,Strong Downtrend (5<20<50),Normal,Distribusi (Turun),Normal,Dominan Jual (Guyur),Bottom Rebound,Sedang,Doji (Ragu-ragu),Dekat Support (Low Risk),< 1 Miliar,Di Bawah VWAP (Lemah),Distribusi Pro (Guyuran),Gorengan Sepi (< 5M),Sepi (< 50%),Mark-Down (Fase Runtuh),Spesialis Tiang Jemuran (Banting Pucuk),Normal,Sideways / Stagnan,TP: 111 | CL: 92,Normal,Sangat Menarik (> 1:3),Oversold (Jenuh Jual - Peluang),Netral / Sepi Berita,Normal / Sedang Transisi,Golden Rebound Fibo 61.8% (Golden Ratio) 🎯,0,WAIT & SEE,TIDAK ADA,2026-10-07 11:00:01,Biasa / Mengikuti Pasar
11:00,HUMI,Transaksi Sepi (Skip Broksum),Mid Cap (Lapis 2),Overvalued (Mahal),288.3721,15499.999,125.0,126,108,146,-0.7936507936507936,6681000,Normal,46,Negatif,Downtrend,Bearish,Bullish MACD,Strong Downtrend (5<20<50),Normal,Akumulasi (Naik),Normal,Seimbang / Adu Mekanik,Normal,Tinggi,Normal,Rawan Pucuk (High Risk),< 1 Miliar,Di Atas VWAP (Kuat),Akumulasi Pro (Smart Money),Gorengan Sepi (< 5M),Sepi (< 50%),Mark-Down (Fase Runtuh),Solid (Jarang Dibanting),Normal,Turun 1 Hari Beruntun,TP: 137 | CL: 116,Open = High (Tekanan Jual),Menengah (1:1),Death Cross (Awal Bearish),Netral / Sepi Berita,Normal / Sedang Transisi,Mendekati Fibo 78.6%,2,WAIT & SEE,TIDAK ADA,2026-10-07 11:00:01,Biasa / Mengikuti Pasar
11:00,MSIE,Transaksi Sepi (Skip Broksum),Small Cap (Lapis 3),Fair Value (Wajar),0.0,1.5557498,121.0,149,106,194,0.0,608200,Normal,43,Negatif,Downtrend,Bearish,Strong Bearish,Konsolidasi / Transisi,Normal,Distribusi (Turun),Normal,Seimbang / Adu Mekanik,Normal,Tinggi,Doji (Ragu-ragu),Rawan Pucuk (High Risk),< 1 Miliar,Di Bawah VWAP (Lemah),Distribusi Pro (Guyuran),Gorengan Sepi (< 5M),Sepi (< 50%),Distribution (Fase Jualan),Spesialis Tiang Jemuran (Banting Pucuk),Normal,Sideways / Stagnan,TP: 142 | CL: 107,Normal,Sangat Menarik (> 1:3),Oversold (Jenuh Jual - Peluang),Netral / Sepi Berita,Normal / Sedang Transisi,Mengambang (Jauh dari Fibo),0,WAIT & SEE,TIDAK ADA,2026-10-07 11:00:01,Biasa / Mengikuti Pasar
11:00,RSCH,Token Mati (Perlu Update),Mid Cap (Lapis 2),Overvalued (Mahal),0.0,12.755943,575.0,480,412,585,0.0,12748000,Normal,90,Negatif,Uptrend,Bullish,Strong Bullish,Perfect Uptrend (5>20>50),Normal,Akumulasi (Naik),Normal,Seimbang / Adu Mekanik,Normal,Tinggi,Doji (Ragu-ragu),Rawan Pucuk (High Risk),> 1 Miliar,Di Atas VWAP (Kuat),Akumulasi Pro (Smart Money),Ritel Aktif (5M - 50M),Sepi (< 50%),Mark-Up (Fase Pesta),Solid (Jarang Dibanting),Normal,Sideways / Stagnan,TP: 620 | CL: 544,Normal,Tidak Ideal (< 1:1),Overbought (Jenuh Beli - Rawan),Netral / Sepi Berita,Normal / Sedang Transisi,Mengambang (Jauh dari Fibo),5,WAIT & SEE,TIDAK ADA,2026-10-07 11:00:01,Biasa / Mengikuti Pasar
11:00,BABY,Transaksi Sepi (Skip Broksum),Small Cap (Lapis 3),Fair Value (Wajar),0.0,0.89977884,190.0,195,177,224,1.0638297872340425,128900,Normal,44,Positif,Downtrend,Bearish,Strong Bearish,Strong Downtrend (5<20<50),Normal,Akumulasi (Naik),Normal,Seimbang / Adu Mekanik,Normal,Tinggi,Doji (Ragu-ragu),Area Tengah,< 1 Miliar,Persis di VWAP,Akumulasi Pro (Smart Money),Gorengan Sepi (< 5M),Sepi (< 50%),Mark-Down (Fase Runtuh),Spesialis Tiang Jemuran (Banting Pucuk),Jarum Bawah (Sinyal Pantulan Kuat),Naik 2 Hari Beruntun,TP: 206 | CL: 179,Normal,Ideal (1:2),Golden Cross (Awal Bullish),Netral / Sepi Berita,Normal / Sedang Transisi,Golden Rebound Fibo 78.6% 🎯,2,WAIT & SEE,TIDAK ADA,2026-10-07 11:00:01,Biasa / Mengikuti Pasar
11:00,AEGS,Transaksi Sepi (Skip Broksum),Small Cap (Lapis 3),Fair Value (Wajar),0.0,0.6815941,47.0,48,43,54,-2.083333333333333,2542300,Normal,49,Negatif,Downtrend,Bearish,Bearish MACD,Konsolidasi / Transisi,Normal,Distribusi (Turun),Normal,Dominan Jual (Guyur),Normal,Sedang,Normal,Area Tengah,< 1 Miliar,Di Bawah VWAP (Lemah),Distribusi Pro (Guyuran),Gorengan Sepi (< 5M),Normal (50-150%),Distribution (Fase Jualan),Normal,Normal,Turun 1 Hari Beruntun,TP: 51 | CL: 43,Open = High (Tekanan Jual),Ideal (1:2),Netral / Sideways,Netral / Sepi Berita,Normal / Sedang Transisi,Dekat Support Fibo 38.2%,0,WAIT & SEE,TIDAK ADA,2026-10-07 11:00:01,Biasa / Mengikuti Pasar
11:00,IOTF,Transaksi Sepi (Skip Broksum),Small Cap (Lapis 3),Fair Value (Wajar),0.0,1.6868526,50.0,56,40,69,0.0,5289600,Normal,40,Negatif,Downtrend,Bearish,Strong Bearish,Strong Downtrend (5<20<50),Normal,Akumulasi (Naik),Gap Up (+2.0%),Seimbang / Adu Mekanik,Normal,Tinggi,Normal,Rawan Pucuk (High Risk),< 1 Miliar,Persis di VWAP,Distribusi Pro (Guyuran),Gorengan Sepi (< 5M),Sepi (< 50%),Mark-Down (Fase Runtuh),Spesialis Tiang Jemuran (Banting Pucuk),Normal,Sideways / Stagnan,TP: 58 | CL: 44,Normal,Ideal (1:2),Golden Cross (Awal Bullish),Netral / Sepi Berita,Normal / Sedang Transisi,Mendekati Fibo 78.6%,2,WAIT & SEE,TIDAK ADA,2026-10-07 11:00:01,Biasa / Mengikuti Pasar
11:00,KOCI,Transaksi Sepi (Skip Broksum),Small Cap (Lapis 3),Overvalued (Mahal),0.0,3.484435,107.0,112,86,145,-3.6036036036036037,4791900,Normal,48,Negatif,Downtrend,Bearish,Strong Bearish,Konsolidasi / Transisi,Normal,Akumulasi (Naik),Normal,Dominan Jual (Guyur),Normal,Tinggi,Normal,Rawan Pucuk (High Risk),< 1 Miliar,Di Atas VWAP (Kuat),Akumulasi Pro (Smart Money),Gorengan Sepi (< 5M),Sepi (< 50%),Distribution (Fase Jualan),Spesialis Tiang Jemuran (Banting Pucuk),Normal,Turun 1 Hari Beruntun,TP: 118 | CL: 99,Normal,Ideal (1:2),Death Cross (Awal Bearish),Netral / Sepi Berita,Normal / Sedang Transisi,Mengambang (Jauh dari Fibo),1,WAIT & SEE,TIDAK ADA,2026-10-07 11:00:01,Biasa / Mengikuti Pasar
11:00,PTPS,Transaksi Sepi (Skip Broksum),Small Cap (Lapis 3),Fair Value (Wajar),0.0,1.7744274,154.0,156,145,169,-1.282051282051282,390300,Normal,48,Negatif,Downtrend,Bearish,Strong Bearish,Konsolidasi / Transisi,Normal,Akumulasi (Naik),Normal,Seimbang / Adu Mekanik,Normal,Sedang,Normal,Area Tengah,< 1 Miliar,Di Atas VWAP (Kuat),Akumulasi Pro (Smart Money),Gorengan Sepi (< 5M),Sepi (< 50%),Distribution (Fase Jualan),Solid (Jarang Dibanting),Normal,Turun 1 Hari Beruntun,TP: 163 | CL: 147,Open = High (Tekanan Jual),Ideal (1:2),Netral / Sideways,Netral / Sepi Berita,Normal / Sedang Transisi,Dekat Support Fibo 50.0%,1,WAIT & SEE,TIDAK ADA,2026-10-07 11:00:01,Biasa / Mengikuti Pasar
11:00,BREN,Token Mati (Perlu Update),Big Cap (Lapis 1),Overvalued (Mahal),150.0,576000.0,2880.0,3042,2800,3390,-1.36986301369863,2023000,Normal,36,Negatif,Downtrend,Bearish,Strong Bearish,Strong Downtrend (5<20<50),Normal,Distribusi (Turun),Normal,Dominan Jual (Guyur),Normal,Tinggi,Normal,Dekat Support (Low Risk),> 1 Miliar,Persis di VWAP,Distribusi Pro (Guyuran),Ritel Aktif (5M - 50M),Sepi (< 50%),Mark-Down (Fase Runtuh),Spesialis Tiang Jemuran (Banting Pucuk),Normal,Turun 2 Hari Beruntun,TP: 3048 | CL: 2767,Normal,Sangat Menarik (> 1:3),Netral / Sideways,Netral / Sepi Berita,Normal / Sedang Transisi,Mendekati Fibo Bottom / 100%,0,WAIT & SEE,TIDAK ADA,2026-10-07 11:00:01,Biasa / Mengikuti Pasar
11:00,STRK,Transaksi Sepi (Skip Broksum),Small Cap (Lapis 3),Overvalued (Mahal),0.0,6.036217,62.0,58,40,70,3.3333333333333335,14627300,Normal,54,Positif,Uptrend,Bearish,Bullish MACD,Strong Downtrend (5<20<50),Normal,Akumulasi (Naik),Normal,Seimbang / Adu Mekanik,Normal,Tinggi,Normal,Rawan Pucuk (High Risk),< 1 Miliar,Di Atas VWAP (Kuat),Akumulasi Pro (Smart Money),Gorengan Sepi (< 5M),Normal (50-150%),Accumulation (Kumpul Barang),Spesialis Tiang Jemuran (Banting Pucuk),Normal,Naik 1 Hari Beruntun,TP: 72 | CL: 55,Normal,Tidak Ideal (< 1:1),Netral / Sideways,Netral / Sepi Berita,Normal / Sedang Transisi,Mendekati Fibo 50.0%,5,WAIT & SEE,TIDAK ADA,2026-10-07 11:00:01,Biasa / Mengikuti Pasar
11:00,KOKA,Transaksi Sepi (Skip Broksum),Small Cap (Lapis 3),Fair Value (Wajar),0.0,2.9770591,154.0,170,138,214,-1.282051282051282,4054700,Normal,42,Negatif,Downtrend,Bearish,Strong Bearish,Strong Downtrend (5<20<50),Normal,Akumulasi (Naik),Gap Up (+2.6%),Dominan Jual (Guyur),Normal,Tinggi,Normal,Rawan Pucuk (High Risk),< 1 Miliar,Persis di VWAP,Distribusi Pro (Guyuran),Gorengan Sepi (< 5M),Sepi (< 50%),Mark-Down (Fase Runtuh),Spesialis Tiang Jemuran (Banting Pucuk),Normal,Turun 1 Hari Beruntun,TP: 175 | CL: 139,Normal,Sangat Menarik (> 1:3),Golden Cross (Awal Bullish),Netral / Sepi Berita,Normal / Sedang Transisi,Dekat Support Fibo 78.6%,2,WAIT & SEE,TIDAK ADA,2026-10-07 11:00:01,Biasa / Mengikuti Pasar
11:00,LOPI,Transaksi Sepi (Skip Broksum),Small Cap (Lapis 3),Fair Value (Wajar),0.0,1.0267125,57.0,61,54,66,1.7857142857142856,2699900,Normal,36,Positif,Downtrend,Bearish,Strong Bearish,Strong Downtrend (5<20<50),Normal,Distribusi (Turun),Normal,Dominan Beli (Hajar Kanan),Bottom Rebound,Tinggi,Normal,Area Tengah,< 1 Miliar,Di Bawah VWAP (Lemah),Akumulasi Pro (Smart Money),Gorengan Sepi (< 5M),Sepi (< 50%),Mark-Down (Fase Runtuh),Solid (Jarang Dibanting),Normal,Naik 1 Hari Beruntun,TP: 63 | CL: 52,Normal,Sangat Menarik (> 1:3),Golden Cross (Awal Bullish),Netral / Sepi Berita,Normal / Sedang Transisi,Mengambang (Jauh dari Fibo),2,WAIT & SEE,TIDAK ADA,2026-10-07 11:00:01,Biasa / Mengikuti Pasar
11:00,UDNG,Transaksi Sepi (Skip Broksum),Small Cap (Lapis 3),Overvalued (Mahal),0.0,15.179026,416.0,480,370,730,-0.9523809523809524,1471100,Normal,27,Negatif,Downtrend,Bearish,Bullish MACD,Strong Downtrend (5<20<50),Normal,Distribusi (Turun),Gap Up (+4.8%),Dominan Jual (Guyur),Normal,Tinggi,Normal,Rawan Pucuk (High Risk),< 1 Miliar,Di Atas VWAP (Kuat),Distribusi Pro (Guyuran),Gorengan Sepi (< 5M),Sepi (< 50%),Mark-Down (Fase Runtuh),Normal,Normal,Turun 1 Hari Beruntun,TP: 487 | CL: 368,Open = High (Tekanan Jual),Sangat Menarik (> 1:3),Golden Cross (Awal Bullish),Netral / Sepi Berita,Normal / Sedang Transisi,Mengambang (Jauh dari Fibo),2,WAIT & SEE,TIDAK ADA,2026-10-07 11:00:01,Biasa / Mengikuti Pasar
11:00,RGAS,Transaksi Sepi (Skip Broksum),Small Cap (Lapis 3),Fair Value (Wajar),0.0,1.2675668,93.0,100,84,118,-1.0638297872340425,9274600,Normal,30,Negatif,Downtrend,Bearish,Bullish MACD,Strong Downtrend (5<20<50),Normal,Akumulasi (Naik),Normal,Seimbang / Adu Mekanik,Normal,Tinggi,Normal,Rawan Pucuk (High Risk),< 1 Miliar,Persis di VWAP,Distribusi Pro (Guyuran),Gorengan Sepi (< 5M),Sepi (< 50%),Mark-Down (Fase Runtuh),Normal,Normal,Turun 1 Hari Beruntun,TP: 102 | CL: 86,Open = High (Tekanan Jual),Ideal (1:2),Golden Cross (Awal Bullish),Netral / Sepi Berita,Normal / Sedang Transisi,Mengambang (Jauh dari Fibo),2,WAIT & SEE,TIDAK ADA,2026-10-07 11:00:01,Biasa / Mengikuti Pasar
11:00,MSTI,Transaksi Sepi (Skip Broksum),Mid Cap (Lapis 2),Fair Value (Wajar),7.471102,1.9174887,1325.0,1348,1310,1430,0.0,210600,Normal,44,Negatif,Downtrend,Bearish,Strong Bearish,Konsolidasi / Transisi,Normal,Distribusi (Turun),Normal,Dominan Beli (Hajar Kanan),Squeeze,Rendah,Doji (Ragu-ragu),Dekat Support (Low Risk),< 1 Miliar,Persis di VWAP,Akumulasi Pro (Smart Money),Gorengan Sepi (< 5M),Sepi (< 50%),Distribution (Fase Jualan),Solid (Jarang Dibanting),Jarum Bawah (Sinyal Pantulan Kuat),Sideways / Stagnan,TP: 1360 | CL: 1301,Normal,Sangat Menarik (> 1:3),Oversold (Jenuh Jual - Peluang),Netral / Sepi Berita,Normal / Sedang Transisi,Golden Rebound Fibo 61.8% (Golden Ratio) 🎯,1,WAIT & SEE,TIDAK ADA,2026-10-07 11:00:01,Biasa / Mengikuti Pasar
11:00,IKPM,Transaksi Sepi (Skip Broksum),Small Cap (Lapis 3),Fair Value (Wajar),0.0,1.3226408,174.0,178,167,208,0.0,22100,Normal,38,Negatif,Downtrend,Bearish,Strong Bearish,Strong Downtrend (5<20<50),Normal,Distribusi (Turun),Normal,Dominan Jual (Guyur),Bottom Rebound,Sedang,Normal,Area Tengah,< 1 Miliar,Persis di VWAP,Akumulasi Pro (Smart Money),Gorengan Sepi (< 5M),Sepi (< 50%),Mark-Down (Fase Runtuh),Spesialis Tiang Jemuran (Banting Pucuk),Normal,Sideways / Stagnan,TP: 184 | CL: 167,Open = High (Tekanan Jual),Sangat Menarik (> 1:3),Netral / Sideways,Netral / Sepi Berita,Supply Kering (Siap Pump) 🏜️,Mendekati Fibo Bottom / 100%,0,WAIT & SEE,TIDAK ADA,2026-10-07 11:00:01,Biasa / Mengikuti Pasar
11:00,AYAM,Token Mati (Perlu Update),Mid Cap (Lapis 2),Overvalued (Mahal),1280.4878,9.930392,525.0,502,464,555,-0.9433962264150944,10514000,Normal,69,Negatif,Uptrend,Bullish,Strong Bullish,Perfect Uptrend (5>20>50),Normal,Akumulasi (Naik),Normal,Dominan Jual (Guyur),Normal,Sedang,Normal,Rawan Pucuk (High Risk),> 1 Miliar,Di Atas VWAP (Kuat),Akumulasi Pro (Smart Money),Ritel Aktif (5M - 50M),Sepi (< 50%),Mark-Up (Fase Pesta),Normal,Normal,Turun 1 Hari Beruntun,TP: 551 | CL: 507,Normal,Tidak Ideal (< 1:1),Netral / Sideways,Netral / Sepi Berita,Normal / Sedang Transisi,Mendekati Fibo 23.6%,5,WAIT & SEE,TIDAK ADA,2026-10-07 11:00:01,Biasa / Mengikuti Pasar
11:00,SURI,Transaksi Sepi (Skip Broksum),Small Cap (Lapis 3),Overvalued (Mahal),566.6666,1.5554377,85.0,82,70,88,1.1904761904761905,2256000,Normal,61,Positif,Uptrend,Bearish,Bearish MACD,Konsolidasi / Transisi,Normal,Akumulasi (Naik),Normal,Dominan Beli (Hajar Kanan),Normal,Sedang,Normal,Rawan Pucuk (High Risk),< 1 Miliar,Di Atas VWAP (Kuat),Akumulasi Pro (Smart Money),Gorengan Sepi (< 5M),Normal (50-150%),Mark-Up (Fase Pesta),Normal,Normal,Naik 1 Hari Beruntun,TP: 90 | CL: 81,Normal,Tidak Ideal (< 1:1),Overbought (Jenuh Beli - Rawan),Netral / Sepi Berita,Normal / Sedang Transisi,Mendekati Fibo 38.2%,5,WAIT & SEE,TIDAK ADA,2026-10-07 11:00:01,Biasa / Mengikuti Pasar
11:00,ASLI,Token Mati (Perlu Update),Mid Cap (Lapis 2),Overvalued (Mahal),0.0,8.2734,482.0,437,316,540,-3.5999999999999996,45008200,Normal,70,Negatif,Uptrend,Bullish,Bearish MACD,Perfect Uptrend (5>20>50),Normal,Akumulasi (Naik),Normal,Seimbang / Adu Mekanik,Normal,Tinggi,Normal,Rawan Pucuk (High Risk),> 1 Miliar,Di Bawah VWAP (Lemah),Akumulasi Pro (Smart Money),Ritel Aktif (5M - 50M),Sepi (< 50%),Mark-Up (Fase Pesta),Normal,Normal,Turun 1 Hari Beruntun,TP: 528 | CL: 451,Open = High (Tekanan Jual),Tidak Ideal (< 1:1),Death Cross (Awal Bearish),Netral / Sepi Berita,Normal / Sedang Transisi,Mengambang (Jauh dari Fibo),4,WAIT & SEE,TIDAK ADA,2026-10-07 11:00:01,Biasa / Mengikuti Pasar
11:00,GRPH,Transaksi Sepi (Skip Broksum),Small Cap (Lapis 3),Fair Value (Wajar),0.0,1.3331978,105.0,122,93,142,0.0,3114200,Normal,44,Negatif,Downtrend,Bearish,Strong Bearish,Konsolidasi / Transisi,Normal,Akumulasi (Naik),Normal,Seimbang / Adu Mekanik,Normal,Tinggi,Normal,Rawan Pucuk (High Risk),< 1 Miliar,Persis di VWAP,Distribusi Pro (Guyuran),Gorengan Sepi (< 5M),Sepi (< 50%),Distribution (Fase Jualan),Normal,Normal,Sideways / Stagnan,TP: 125 | CL: 91,Normal,Sangat Menarik (> 1:3),Golden Cross (Awal Bullish),Netral / Sepi Berita,Normal / Sedang Transisi,Dekat Support Fibo 50.0%,1,WAIT & SEE,TIDAK ADA,2026-10-07 11:00:01,Biasa / Mengikuti Pasar
11:00,SMGA,Transaksi Sepi (Skip Broksum),Small Cap (Lapis 3),Fair Value (Wajar),0.0,1.7812175,87.0,85,74,94,0.0,2430600,Normal,57,Negatif,Uptrend,Bullish,Bearish MACD,Perfect Uptrend (5>20>50),Normal,Akumulasi (Naik),Normal,Seimbang / Adu Mekanik,Normal,Sedang,Doji (Ragu-ragu),Rawan Pucuk (High Risk),< 1 Miliar,Persis di VWAP,Distribusi Pro (Guyuran),Gorengan Sepi (< 5M),Sepi (< 50%),Mark-Up (Fase Pesta),Normal,Normal,Sideways / Stagnan,TP: 93 | CL: 82,Normal,Tidak Ideal (< 1:1),Netral / Sideways,Netral / Sepi Berita,Normal / Sedang Transisi,Mendekati Fibo 38.2%,4,WAIT & SEE,TIDAK ADA,2026-10-07 11:00:01,Biasa / Mengikuti Pasar
11:00,UNTD,Transaksi Sepi (Skip Broksum),Small Cap (Lapis 3),Fair Value (Wajar),0.0,0.98835063,75.0,77,69,85,-1.3157894736842104,8507900,Normal,40,Negatif,Downtrend,Bearish,Strong Bearish,Strong Downtrend (5<20<50),Normal,Akumulasi (Naik),Normal,Seimbang / Adu Mekanik,Normal,Tinggi,Normal,Area Tengah,< 1 Miliar,Persis di VWAP,Akumulasi Pro (Smart Money),Gorengan Sepi (< 5M),Normal (50-150%),Mark-Down (Fase Runtuh),Spesialis Tiang Jemuran (Banting Pucuk),Normal,Turun 1 Hari Beruntun,TP: 80 | CL: 71,Open = High (Tekanan Jual),Ideal (1:2),Netral / Sideways,Netral / Sepi Berita,Normal / Sedang Transisi,Mendekati Fibo 78.6%,1,WAIT & SEE,TIDAK ADA,2026-10-07 11:00:01,Biasa / Mengikuti Pasar
11:00,TOSK,Transaksi Sepi (Skip Broksum),Small Cap (Lapis 3),Fair Value (Wajar),0.0,2.2635183,81.0,81,69,88,-1.2195121951219512,11804700,Normal,54,Negatif,Downtrend,Bearish,Bearish MACD,Konsolidasi / Transisi,Normal,Akumulasi (Naik),Normal,Seimbang / Adu Mekanik,Normal,Tinggi,Normal,Rawan Pucuk (High Risk),< 1 Miliar,Di Atas VWAP (Kuat),Akumulasi Pro (Smart Money),Gorengan Sepi (< 5M),Sepi (< 50%),Distribution (Fase Jualan),Spesialis Tiang Jemuran (Banting Pucuk),Normal,Turun 1 Hari Beruntun,TP: 88 | CL: 76,Open = High (Tekanan Jual),Tidak Ideal (< 1:1),Death Cross (Awal Bearish),Netral / Sepi Berita,Normal / Sedang Transisi,Mendekati Fibo 38.2%,2,WAIT & SEE,TIDAK ADA,2026-10-07 11:00:01,Biasa / Mengikuti Pasar
11:00,MPIX,Token Mati (Perlu Update),Small Cap (Lapis 3),Fair Value (Wajar),0.0,2.088416,216.0,187,114,232,0.0,9574300,Normal,66,Negatif,Uptrend,Bullish,Strong Bullish,Perfect Uptrend (5>20>50),Normal,Akumulasi (Naik),Normal,Dominan Jual (Guyur),Normal,Tinggi,Normal,Rawan Pucuk (High Risk),> 1 Miliar,Di Atas VWAP (Kuat),Akumulasi Pro (Smart Money),Gorengan Sepi (< 5M),Sepi (< 50%),Mark-Up (Fase Pesta),Spesialis Tiang Jemuran (Banting Pucuk),Normal,Sideways / Stagnan,TP: 254 | CL: 190,Normal,Tidak Ideal (< 1:1),Death Cross (Awal Bearish),Netral / Sepi Berita,Normal / Sedang Transisi,Mengambang (Jauh dari Fibo),5,WAIT & SEE,TIDAK ADA,2026-10-07 11:00:01,Biasa / Mengikuti Pasar
11:00,ALII,Transaksi Sepi (Skip Broksum),Big Cap (Lapis 1),Overvalued (Mahal),25.128393,5.057702,685.0,722,585,805,-2.8368794326241136,142800,Normal,37,Negatif,Downtrend,Bearish,Strong Bearish,Strong Downtrend (5<20<50),Normal,Akumulasi (Naik),Normal,Seimbang / Adu Mekanik,Normal,Tinggi,Normal,Rawan Pucuk (High Risk),< 1 Miliar,Di Bawah VWAP (Lemah),Akumulasi Pro (Smart Money),Gorengan Sepi (< 5M),Sepi (< 50%),Mark-Down (Fase Runtuh),Normal,Normal,Turun 1 Hari Beruntun,TP: 748 | CL: 642,Open = High (Tekanan Jual),Menengah (1:1),Death Cross (Awal Bearish),Netral / Sepi Berita,Normal / Sedang Transisi,Mengambang (Jauh dari Fibo),1,WAIT & SEE,TIDAK ADA,2026-10-07 11:00:01,Biasa / Mengikuti Pasar
11:00,MKAP,Token Mati (Perlu Update),Mid Cap (Lapis 2),Overvalued (Mahal),126.80756,10.900225,1140.0,1125,1100,1150,-0.43668122270742354,2327700,Tembus MA20,54,Negatif,Uptrend,Bullish,Strong Bullish,Awal Reversal (5>20),Normal,Akumulasi (Naik),Normal,Seimbang / Adu Mekanik,Squeeze,Rendah,Normal,Area Tengah,> 1 Miliar,Persis di VWAP,Akumulasi Pro (Smart Money),Gorengan Sepi (< 5M),Normal (50-150%),Accumulation (Kumpul Barang),Normal,Normal,Turun 1 Hari Beruntun,TP: 1165 | CL: 1122,Normal,Tidak Ideal (< 1:1),Death Cross (Awal Bearish),Netral / Sepi Berita,Normal / Sedang Transisi,Dekat Support Fibo 78.6%,6,WAIT & SEE,TIDAK ADA,2026-10-07 11:00:01,Biasa / Mengikuti Pasar
11:00,MEJA,Token Mati (Perlu Update),Small Cap (Lapis 3),Overvalued (Mahal),0.0,4.771623,167.0,130,106,172,9.868421052631579,169099000,Tembus MA20,67,Positif,Uptrend,Bullish,Strong Bullish,Perfect Uptrend (5>20>50),Normal,Akumulasi (Naik),Gap Up (+3.3%),Dominan Beli (Hajar Kanan),Breakout Upper,Tinggi,Normal,Rawan Pucuk (High Risk),> 1 Miliar,Di Atas VWAP (Kuat),Akumulasi Pro (Smart Money),Ritel Aktif (5M - 50M),Normal (50-150%),Mark-Up (Fase Pesta),Normal,Normal,Naik 3 Hari Beruntun,TP: 188 | CL: 152,Normal,Tidak Ideal (< 1:1),Netral / Sideways,Netral / Sepi Berita,Normal / Sedang Transisi,Mengambang (Jauh dari Fibo),9,BELI,TIDAK ADA,2026-10-07 11:00:01,⚠️ Anomali (Sudah Terbang)
11:00,LIVE,Transaksi Sepi (Skip Broksum),Small Cap (Lapis 3),Fair Value (Wajar),0.0,2.257429,165.0,171,137,220,-1.1976047904191618,346200,Normal,40,Negatif,Downtrend,Bearish,Bullish MACD,Strong Downtrend (5<20<50),Normal,Akumulasi (Naik),Normal,Seimbang / Adu Mekanik,Normal,Tinggi,Normal,Rawan Pucuk (High Risk),< 1 Miliar,Di Atas VWAP (Kuat),Akumulasi Pro (Smart Money),Gorengan Sepi (< 5M),Sepi (< 50%),Mark-Down (Fase Runtuh),Spesialis Tiang Jemuran (Banting Pucuk),Normal,Turun 1 Hari Beruntun,TP: 180 | CL: 154,Normal,Ideal (1:2),Death Cross (Awal Bearish),Netral / Sepi Berita,Normal / Sedang Transisi,Mendekati Fibo 78.6%,2,WAIT & SEE,TIDAK ADA,2026-10-07 11:00:01,Biasa / Mengikuti Pasar
11:00,HYGN,Transaksi Sepi (Skip Broksum),Small Cap (Lapis 3),Fair Value (Wajar),0.0,2.7375658,184.0,185,177,199,-3.1578947368421053,1100600,Normal,51,Negatif,Downtrend,Bullish,Bearish MACD,Perfect Uptrend (5>20>50),Normal,Distribusi (Turun),Normal,Dominan Jual (Guyur),Normal,Sedang,Normal,Area Tengah,< 1 Miliar,Di Bawah VWAP (Lemah),Akumulasi Pro (Smart Money),Gorengan Sepi (< 5M),Normal (50-150%),Distribution (Fase Jualan),Normal,Normal,Turun 2 Hari Beruntun,TP: 194 | CL: 176,Open = High (Tekanan Jual),Ideal (1:2),Netral / Sideways,Netral / Sepi Berita,Normal / Sedang Transisi,Mendekati Fibo 38.2%,2,WAIT & SEE,TIDAK ADA,2026-10-07 11:00:01,Biasa / Mengikuti Pasar
11:00,BAIK,Transaksi Sepi (Skip Broksum),Small Cap (Lapis 3),Fair Value (Wajar),0.0,1.8972045,230.0,243,214,308,-2.5423728813559325,2087000,Normal,33,Negatif,Downtrend,Bearish,Bullish MACD,Strong Downtrend (5<20<50),Normal,Akumulasi (Naik),Normal,Dominan Jual (Guyur),Normal,Tinggi,Normal,Area Tengah,< 1 Miliar,Persis di VWAP,Distribusi Pro (Guyuran),Gorengan Sepi (< 5M),Sepi (< 50%),Mark-Down (Fase Runtuh),Spesialis Tiang Jemuran (Banting Pucuk),Normal,Turun 1 Hari Beruntun,TP: 264 | CL: 206,Normal,Sangat Menarik (> 1:3),Oversold (Jenuh Jual - Peluang),Netral / Sepi Berita,Normal / Sedang Transisi,Mengambang (Jauh dari Fibo),2,WAIT & SEE,TIDAK ADA,2026-10-07 11:00:01,Biasa / Mengikuti Pasar
11:00,VISI,Transaksi Sepi (Skip Broksum),Mid Cap (Lapis 2),Overvalued (Mahal),0.0,18.15085,1060.0,1157,940,1470,0.0,167000,Normal,46,Negatif,Downtrend,Bearish,Bearish MACD,Konsolidasi / Transisi,Normal,Akumulasi (Naik),Normal,Dominan Jual (Guyur),Normal,Tinggi,Normal,Rawan Pucuk (High Risk),< 1 Miliar,Persis di VWAP,Distribusi Pro (Guyuran),Gorengan Sepi (< 5M),Sepi (< 50%),Distribution (Fase Jualan),Spesialis Tiang Jemuran (Banting Pucuk),Normal,Sideways / Stagnan,TP: 1231 | CL: 945,Normal,Sangat Menarik (> 1:3),Oversold (Jenuh Jual - Peluang),Netral / Sepi Berita,Normal / Sedang Transisi,Golden Rebound Fibo 61.8% (Golden Ratio) 🎯,1,WAIT & SEE,TIDAK ADA,2026-10-07 11:00:01,Biasa / Mengikuti Pasar
11:00,AREA,Transaksi Sepi (Skip Broksum),Small Cap (Lapis 3),Overvalued (Mahal),0.0,3.4733415,334.0,318,292,360,1.8292682926829267,1965600,Normal,60,Positif,Uptrend,Bearish,Strong Bullish,Konsolidasi / Transisi,Normal,Akumulasi (Naik),Normal,Seimbang / Adu Mekanik,Normal,Sedang,Normal,Rawan Pucuk (High Risk),< 1 Miliar,Di Atas VWAP (Kuat),Akumulasi Pro (Smart Money),Gorengan Sepi (< 5M),Normal (50-150%),Mark-Up (Fase Pesta),Spesialis Tiang Jemuran (Banting Pucuk),Normal,Naik 4 Hari Beruntun,TP: 362 | CL: 314,Open = Low (Bullish Kuat),Tidak Ideal (< 1:1),Netral / Sideways,Netral / Sepi Berita,Normal / Sedang Transisi,Dekat Support Fibo 38.2%,5,WAIT & SEE,TIDAK ADA,2026-10-07 11:00:01,Biasa / Mengikuti Pasar
11:00,MHKI,Transaksi Sepi (Skip Broksum),Small Cap (Lapis 3),Fair Value (Wajar),18.759455,0.95395625,124.0,125,107,148,3.3333333333333335,516900,Normal,45,Positif,Downtrend,Bearish,Strong Bearish,Strong Downtrend (5<20<50),Normal,Akumulasi (Naik),Normal,Seimbang / Adu Mekanik,Normal,Tinggi,Normal,Rawan Pucuk (High Risk),< 1 Miliar,Di Atas VWAP (Kuat),Akumulasi Pro (Smart Money),Gorengan Sepi (< 5M),Sepi (< 50%),Mark-Down (Fase Runtuh),Spesialis Tiang Jemuran (Banting Pucuk),Normal,Naik 2 Hari Beruntun,TP: 134 | CL: 117,Normal,Menengah (1:1),Netral / Sideways,Netral / Sepi Berita,Normal / Sedang Transisi,Mendekati Fibo 78.6%,2,WAIT & SEE,TIDAK ADA,2026-10-07 11:00:01,Biasa / Mengikuti Pasar
11:00,ATLA,Transaksi Sepi (Skip Broksum),Small Cap (Lapis 3),Overvalued (Mahal),109.375,1.304121,34.0,44,30,50,-2.857142857142857,4532400,Normal,18,Negatif,Downtrend,Bearish,Strong Bearish,Strong Downtrend (5<20<50),Normal,Akumulasi (Naik),Normal,Dominan Jual (Guyur),Normal,Tinggi,Normal,Rawan Pucuk (High Risk),< 1 Miliar,Di Atas VWAP (Kuat),Akumulasi Pro (Smart Money),Gorengan Sepi (< 5M),Sepi (< 50%),Mark-Down (Fase Runtuh),Normal,Normal,Turun 1 Hari Beruntun,TP: 37 | CL: 31,Open = High (Tekanan Jual),Sangat Menarik (> 1:3),Netral / Sideways,Netral / Sepi Berita,Normal / Sedang Transisi,Mengambang (Jauh dari Fibo),1,WAIT & SEE,TIDAK ADA,2026-10-07 11:00:01,Biasa / Mengikuti Pasar
11:00,DATA,Transaksi Sepi (Skip Broksum),Mid Cap (Lapis 2),Overvalued (Mahal),16.90401,5.1596847,1570.0,1630,1475,1825,0.0,251300,Normal,36,Negatif,Downtrend,Bearish,Bullish MACD,Strong Downtrend (5<20<50),Normal,Distribusi (Turun),Normal,Seimbang / Adu Mekanik,Normal,Tinggi,Normal,Area Tengah,< 1 Miliar,Persis di VWAP,Distribusi Pro (Guyuran),Gorengan Sepi (< 5M),Sepi (< 50%),Mark-Down (Fase Runtuh),Spesialis Tiang Jemuran (Banting Pucuk),Normal,Sideways / Stagnan,TP: 1675 | CL: 1499,Open = High (Tekanan Jual),Ideal (1:2),Golden Cross (Awal Bullish),Netral / Sepi Berita,Normal / Sedang Transisi,Mengambang (Jauh dari Fibo),1,WAIT & SEE,TIDAK ADA,2026-10-07 11:00:01,Biasa / Mengikuti Pasar
11:00,SOLA,Transaksi Sepi (Skip Broksum),Small Cap (Lapis 3),Fair Value (Wajar),0.0,1.3495978,78.0,81,65,94,1.2987012987012987,1328600,Normal,41,Positif,Downtrend,Bearish,Strong Bearish,Strong Downtrend (5<20<50),Normal,Akumulasi (Naik),Normal,Seimbang / Adu Mekanik,Normal,Tinggi,Normal,Rawan Pucuk (High Risk),< 1 Miliar,Di Atas VWAP (Kuat),Akumulasi Pro (Smart Money),Gorengan Sepi (< 5M),Sepi (< 50%),Mark-Down (Fase Runtuh),Normal,Normal,Naik 3 Hari Beruntun,TP: 87 | CL: 71,Open = Low (Bullish Kuat),Menengah (1:1),Netral / Sideways,Netral / Sepi Berita,Normal / Sedang Transisi,Dekat Support Fibo 78.6%,2,WAIT & SEE,TIDAK ADA,2026-10-07 11:00:01,Biasa / Mengikuti Pasar
11:00,BATR,Transaksi Sepi (Skip Broksum),Small Cap (Lapis 3),Fair Value (Wajar),0.0,1.7370094,94.0,91,85,99,-1.0526315789473684,559900,Normal,55,Negatif,Uptrend,Bullish,Strong Bullish,Awal Reversal (5>20),Normal,Akumulasi (Naik),Normal,Seimbang / Adu Mekanik,Normal,Sedang,Doji (Ragu-ragu),Rawan Pucuk (High Risk),< 1 Miliar,Di Atas VWAP (Kuat),Akumulasi Pro (Smart Money),Gorengan Sepi (< 5M),Sepi (< 50%),Accumulation (Kumpul Barang),Normal,Normal,Turun 1 Hari Beruntun,TP: 100 | CL: 89,Normal,Tidak Ideal (< 1:1),Death Cross (Awal Bearish),Netral / Sepi Berita,Normal / Sedang Transisi,Dekat Support Fibo 50.0%,5,WAIT & SEE,TIDAK ADA,2026-10-07 11:00:01,Biasa / Mengikuti Pasar
11:00,SPRE,Transaksi Sepi (Skip Broksum),Small Cap (Lapis 3),Fair Value (Wajar),0.0,1.4381821,91.0,93,80,108,0.0,3614300,Normal,48,Negatif,Downtrend,Bearish,Strong Bearish,Konsolidasi / Transisi,Normal,Distribusi (Turun),Gap Down (-2.2%),Dominan Beli (Hajar Kanan),Normal,Tinggi,Marubozu (Strong Bullish),Rawan Pucuk (High Risk),< 1 Miliar,Di Atas VWAP (Kuat),Akumulasi Pro (Smart Money),Gorengan Sepi (< 5M),Normal (50-150%),Distribution (Fase Jualan),Spesialis Tiang Jemuran (Banting Pucuk),Normal,Sideways / Stagnan,TP: 103 | CL: 82,Open = Low (Bullish Kuat),Ideal (1:2),Netral / Sideways,Netral / Sepi Berita,Normal / Sedang Transisi,Dekat Support Fibo 50.0%,1,WAIT & SEE,TIDAK ADA,2026-10-07 11:00:01,Biasa / Mengikuti Pasar
11:00,PART,Token Mati (Perlu Update),Small Cap (Lapis 3),Fair Value (Wajar),0.0,1.837602,128.0,112,94,135,4.0650406504065035,50140900,Normal,67,Positif,Uptrend,Bullish,Strong Bullish,Perfect Uptrend (5>20>50),Normal,Akumulasi (Naik),Normal,Seimbang / Adu Mekanik,Normal,Tinggi,Normal,Rawan Pucuk (High Risk),> 1 Miliar,Di Atas VWAP (Kuat),Distribusi Pro (Guyuran),Ritel Aktif (5M - 50M),Normal (50-150%),Mark-Up (Fase Pesta),Spesialis Tiang Jemuran (Banting Pucuk),Normal,Naik 1 Hari Beruntun,TP: 142 | CL: 118,Normal,Tidak Ideal (< 1:1),Netral / Sideways,Netral / Sepi Berita,Normal / Sedang Transisi,Dekat Support Fibo 23.6%,6,WAIT & SEE,TIDAK ADA,2026-10-07 11:00:01,Biasa / Mengikuti Pasar
11:00,GOLF,Transaksi Sepi (Skip Broksum),Mid Cap (Lapis 2),Overvalued (Mahal),57.394367,0.3960367,163.0,170,151,189,0.0,268900,Normal,45,Negatif,Downtrend,Bearish,Strong Bearish,Konsolidasi / Transisi,Normal,Distribusi (Turun),Normal,Seimbang / Adu Mekanik,Normal,Tinggi,Doji (Ragu-ragu),Area Tengah,< 1 Miliar,Di Atas VWAP (Kuat),Akumulasi Pro (Smart Money),Gorengan Sepi (< 5M),Sepi (< 50%),Distribution (Fase Jualan),Normal,Normal,Sideways / Stagnan,TP: 176 | CL: 154,Normal,Ideal (1:2),Golden Cross (Awal Bullish),Netral / Sepi Berita,Normal / Sedang Transisi,Dekat Support Fibo 78.6%,0,WAIT & SEE,TIDAK ADA,2026-10-07 11:00:01,Biasa / Mengikuti Pasar
11:00,ISEA,Transaksi Sepi (Skip Broksum),Small Cap (Lapis 3),Fair Value (Wajar),0.0,0.59358925,82.0,83,70,94,2.5,1423500,Normal,50,Positif,Downtrend,Bearish,Strong Bearish,Konsolidasi / Transisi,Normal,Akumulasi (Naik),Normal,Dominan Beli (Hajar Kanan),Normal,Tinggi,Normal,Rawan Pucuk (High Risk),< 1 Miliar,Di Atas VWAP (Kuat),Akumulasi Pro (Smart Money),Gorengan Sepi (< 5M),Sepi (< 50%),Distribution (Fase Jualan),Normal,Normal,Naik 2 Hari Beruntun,TP: 90 | CL: 76,Normal,Menengah (1:1),Netral / Sideways,Netral / Sepi Berita,Normal / Sedang Transisi,Mendekati Fibo 61.8% (Golden Ratio),3,WAIT & SEE,TIDAK ADA,2026-10-07 11:00:01,Biasa / Mengikuti Pasar
11:00,BLES,Token Mati (Perlu Update),Mid Cap (Lapis 2),Undervalued (Murah),7.8967943,1.4359951,202.0,197,175,220,0.0,6924500,Normal,57,Negatif,Uptrend,Bearish,Strong Bullish,Strong Downtrend (5<20<50),Normal,Akumulasi (Naik),Normal,Dominan Jual (Guyur),Normal,Tinggi,Normal,Rawan Pucuk (High Risk),> 1 Miliar,Di Atas VWAP (Kuat),Akumulasi Pro (Smart Money),Gorengan Sepi (< 5M),Normal (50-150%),Accumulation (Kumpul Barang),Spesialis Tiang Jemuran (Banting Pucuk),Normal,Sideways / Stagnan,TP: 213 | CL: 194,Normal,Tidak Ideal (< 1:1),Netral / Sideways,Netral / Sepi Berita,Normal / Sedang Transisi,Mendekati Fibo 38.2%,4,WAIT & SEE,TIDAK ADA,2026-10-07 11:00:01,Biasa / Mengikuti Pasar
11:00,GUNA,Transaksi Sepi (Skip Broksum),Small Cap (Lapis 3),Fair Value (Wajar),0.0,0.9281771,226.0,220,212,240,1.8018018018018018,13300,Normal,71,Positif,Uptrend,Golden Cross,Bearish MACD,Perfect Uptrend (5>20>50),Normal,Akumulasi (Naik),Normal,Seimbang / Adu Mekanik,Squeeze,Rendah,Normal,Area Tengah,< 1 Miliar,Di Atas VWAP (Kuat),Distribusi Pro (Guyuran),Gorengan Sepi (< 5M),Sepi (< 50%),Mark-Up (Fase Pesta),Spesialis Tiang Jemuran (Banting Pucuk),Normal,Naik 2 Hari Beruntun,TP: 240 | CL: 216,Open = Low (Bullish Kuat),Menengah (1:1),Netral / Sideways,Netral / Sepi Berita,Supply Kering (Siap Pump) 🏜️,Golden Rebound Fibo 23.6% 🎯,5,WAIT & SEE,TIDAK ADA,2026-10-07 11:00:01,Biasa / Mengikuti Pasar
11:00,LABS,Transaksi Sepi (Skip Broksum),Small Cap (Lapis 3),Overvalued (Mahal),0.0,3.8314176,152.0,161,141,180,0.0,493800,Normal,43,Negatif,Downtrend,Bearish,Strong Bearish,Strong Downtrend (5<20<50),Normal,Distribusi (Turun),Normal,Seimbang / Adu Mekanik,Normal,Tinggi,Normal,Area Tengah,< 1 Miliar,Persis di VWAP,Distribusi Pro (Guyuran),Gorengan Sepi (< 5M),Sepi (< 50%),Mark-Down (Fase Runtuh),Normal,Normal,Sideways / Stagnan,TP: 163 | CL: 144,Open = High (Tekanan Jual),Ideal (1:2),Netral / Sideways,Netral / Sepi Berita,Normal / Sedang Transisi,Mengambang (Jauh dari Fibo),0,WAIT & SEE,TIDAK ADA,2026-10-07 11:00:01,Biasa / Mengikuti Pasar
11:00,DOSS,Transaksi Sepi (Skip Broksum),Small Cap (Lapis 3),Fair Value (Wajar),0.0,1.2934866,163.0,167,151,192,0.0,89000,Normal,46,Negatif,Downtrend,Bearish,Strong Bearish,Konsolidasi / Transisi,Normal,Distribusi (Turun),Normal,Seimbang / Adu Mekanik,Normal,Sedang,Normal,Area Tengah,< 1 Miliar,Persis di VWAP,Distribusi Pro (Guyuran),Gorengan Sepi (< 5M),Sepi (< 50%),Distribution (Fase Jualan),Spesialis Tiang Jemuran (Banting Pucuk),Normal,Sideways / Stagnan,TP: 178 | CL: 152,Normal,Ideal (1:2),Golden Cross (Awal Bullish),Netral / Sepi Berita,Normal / Sedang Transisi,Dekat Support Fibo 50.0%,0,WAIT & SEE,TIDAK ADA,2026-10-07 11:00:01,Biasa / Mengikuti Pasar
11:00,NEST,Token Mati (Perlu Update),Small Cap (Lapis 3),Overvalued (Mahal),132.12025,9.033863,830.0,763,710,865,-1.7751479289940828,3180600,Normal,68,Negatif,Uptrend,Bullish,Strong Bullish,Perfect Uptrend (5>20>50),Normal,Akumulasi (Naik),Normal,Seimbang / Adu Mekanik,Breakout Upper,Tinggi,Normal,Rawan Pucuk (High Risk),> 1 Miliar,Di Atas VWAP (Kuat),Akumulasi Pro (Smart Money),Ritel Aktif (5M - 50M),Sepi (< 50%),Mark-Up (Fase Pesta),Normal,Normal,Turun 1 Hari Beruntun,TP: 875 | CL: 799,Open = High (Tekanan Jual),Tidak Ideal (< 1:1),Death Cross (Awal Bearish),Netral / Sepi Berita,Supply Banjir (Distribusi) 🌊,Mendekati Fibo 23.6%,5,WAIT & SEE,TIDAK ADA,2026-10-07 11:00:01,Biasa / Mengikuti Pasar
11:00,VERN,Token Mati (Perlu Update),Small Cap (Lapis 3),Fair Value (Wajar),0.0,1.8721704,208.0,219,166,244,8.333333333333332,12376700,Normal,46,Positif,Downtrend,Bearish,Strong Bearish,Strong Downtrend (5<20<50),Normal,Akumulasi (Naik),Normal,Seimbang / Adu Mekanik,Normal,Tinggi,Normal,Rawan Pucuk (High Risk),> 1 Miliar,Di Atas VWAP (Kuat),Akumulasi Pro (Smart Money),Gorengan Sepi (< 5M),Normal (50-150%),Mark-Down (Fase Runtuh),Normal,Normal,Naik 3 Hari Beruntun,TP: 230 | CL: 192,Open = Low (Bullish Kuat),Tidak Ideal (< 1:1),Netral / Sideways,Netral / Sepi Berita,Normal / Sedang Transisi,Mendekati Fibo 50.0%,2,WAIT & SEE,TIDAK ADA,2026-10-07 11:00:01,Biasa / Mengikuti Pasar
11:00,DAAZ,Transaksi Sepi (Skip Broksum),Mid Cap (Lapis 2),Fair Value (Wajar),16.07522,2.5217922,2120.0,1785,1540,2300,0.0,424100,Normal,74,Negatif,Uptrend,Bullish,Strong Bullish,Perfect Uptrend (5>20>50),Normal,Akumulasi (Naik),Normal,Seimbang / Adu Mekanik,Normal,Tinggi,Doji (Ragu-ragu),Rawan Pucuk (High Risk),< 1 Miliar,Di Atas VWAP (Kuat),Akumulasi Pro (Smart Money),Gorengan Sepi (< 5M),Sepi (< 50%),Mark-Up (Fase Pesta),Normal,Jarum Bawah (Sinyal Pantulan Kuat),Sideways / Stagnan,TP: 2339 | CL: 1973,Normal,Tidak Ideal (< 1:1),Death Cross (Awal Bearish),Netral / Sepi Berita,Normal / Sedang Transisi,Golden Rebound Fibo 23.6% 🎯,5,WAIT & SEE,TIDAK ADA,2026-10-07 11:00:01,Biasa / Mengikuti Pasar
11:00,BOAT,Transaksi Sepi (Skip Broksum),Small Cap (Lapis 3),Overvalued (Mahal),0.0,17857.143,125.0,131,108,145,0.0,46700,Normal,39,Negatif,Downtrend,Bearish,Strong Bearish,Strong Downtrend (5<20<50),Normal,Akumulasi (Naik),Normal,Seimbang / Adu Mekanik,Normal,Tinggi,Normal,Rawan Pucuk (High Risk),< 1 Miliar,Di Atas VWAP (Kuat),Akumulasi Pro (Smart Money),Gorengan Sepi (< 5M),Sepi (< 50%),Mark-Down (Fase Runtuh),Spesialis Tiang Jemuran (Banting Pucuk),Normal,Sideways / Stagnan,TP: 135 | CL: 117,Open = High (Tekanan Jual),Menengah (1:1),Golden Cross (Awal Bullish),Netral / Sepi Berita,Normal / Sedang Transisi,Dekat Support Fibo 61.8% (Golden Ratio),1,WAIT & SEE,TIDAK ADA,2026-10-07 11:00:01,Biasa / Mengikuti Pasar
11:00,NAIK,Transaksi Sepi (Skip Broksum),Small Cap (Lapis 3),Undervalued (Murah),9.286523,1.2808297,82.0,87,78,101,-2.380952380952381,411300,Normal,37,Negatif,Downtrend,Bearish,Strong Bearish,Strong Downtrend (5<20<50),Normal,Akumulasi (Naik),Normal,Dominan Jual (Guyur),Normal,Tinggi,Normal,Area Tengah,< 1 Miliar,Persis di VWAP,Akumulasi Pro (Smart Money),Gorengan Sepi (< 5M),Sepi (< 50%),Mark-Down (Fase Runtuh),Normal,Normal,Turun 1 Hari Beruntun,TP: 89 | CL: 77,Normal,Sangat Menarik (> 1:3),Netral / Sideways,Netral / Sepi Berita,Normal / Sedang Transisi,Mendekati Fibo Bottom / 100%,1,WAIT & SEE,TIDAK ADA,2026-10-07 11:00:01,Biasa / Mengikuti Pasar
11:00,AADI,Token Mati (Perlu Update),Big Cap (Lapis 1),Overvalued (Mahal),6.8502827,26301.52,12125.0,11735,10725,12925,0.0,2038800,Normal,63,Negatif,Uptrend,Golden Cross,Bearish MACD,Perfect Uptrend (5>20>50),Normal,Akumulasi (Naik),Normal,Dominan Jual (Guyur),Normal,Tinggi,Doji (Ragu-ragu),Rawan Pucuk (High Risk),> 1 Miliar,Di Atas VWAP (Kuat),Akumulasi Pro (Smart Money),Sultan (> 50M/hari),Sepi (< 50%),Mark-Up (Fase Pesta),Spesialis Tiang Jemuran (Banting Pucuk),Normal,Sideways / Stagnan,TP: 12842 | CL: 11646,Normal,Tidak Ideal (< 1:1),Netral / Sideways,Netral / Sepi Berita,Normal / Sedang Transisi,Mendekati Fibo 23.6%,4,WAIT & SEE,TIDAK ADA,2026-10-07 11:00:01,Biasa / Mengikuti Pasar
11:00,MDIY,Transaksi Sepi (Skip Broksum),Big Cap (Lapis 1),Overvalued (Mahal),19.210358,5.284888,905.0,942,905,975,-1.6304347826086956,28300,Normal,32,Negatif,Downtrend,Bearish,Strong Bearish,Konsolidasi / Transisi,Normal,Distribusi (Turun),Normal,Dominan Jual (Guyur),Squeeze,Rendah,Normal,Dekat Support (Low Risk),< 1 Miliar,Di Bawah VWAP (Lemah),Akumulasi Pro (Smart Money),Gorengan Sepi (< 5M),Sepi (< 50%),Distribution (Fase Jualan),Normal,Normal,Turun 3 Hari Beruntun,TP: 935 | CL: 884,Open = High (Tekanan Jual),Di Area Support,Oversold (Jenuh Jual - Peluang),Netral / Sepi Berita,Supply Kering (Siap Pump) 🏜️,Golden Rebound Fibo Bottom / 100% 🎯,0,WAIT & SEE,TIDAK ADA,2026-10-07 11:00:01,Biasa / Mengikuti Pasar
11:00,KSIX,Transaksi Sepi (Skip Broksum),Small Cap (Lapis 3),Fair Value (Wajar),0.0,0.69947046,412.0,405,370,424,0.9803921568627451,126300,Normal,55,Positif,Uptrend,Bullish,Bearish MACD,Perfect Uptrend (5>20>50),Normal,Akumulasi (Naik),Normal,Dominan Beli (Hajar Kanan),Normal,Sedang,Normal,Rawan Pucuk (High Risk),< 1 Miliar,Persis di VWAP,Akumulasi Pro (Smart Money),Gorengan Sepi (< 5M),Sepi (< 50%),Mark-Up (Fase Pesta),Normal,Normal,Naik 1 Hari Beruntun,TP: 437 | CL: 395,Normal,Tidak Ideal (< 1:1),Netral / Sideways,Netral / Sepi Berita,Normal / Sedang Transisi,Dekat Support Fibo 38.2%,6,WAIT & SEE,TIDAK ADA,2026-10-07 11:00:01,Biasa / Mengikuti Pasar
11:00,RATU,Token Mati (Perlu Update),Big Cap (Lapis 1),Overvalued (Mahal),30.291945,197142.86,4150.0,4219,3820,4850,-1.4251781472684086,1692700,Normal,44,Negatif,Downtrend,Bearish,Bullish MACD,Strong Downtrend (5<20<50),Normal,Distribusi (Turun),Normal,Dominan Jual (Guyur),Normal,Tinggi,Normal,Area Tengah,> 1 Miliar,Persis di VWAP,Akumulasi Pro (Smart Money),Ritel Aktif (5M - 50M),Sepi (< 50%),Mark-Down (Fase Runtuh),Spesialis Tiang Jemuran (Banting Pucuk),Normal,Turun 2 Hari Beruntun,TP: 4399 | CL: 3983,Normal,Ideal (1:2),Death Cross (Awal Bearish),Netral / Sepi Berita,Normal / Sedang Transisi,Mengambang (Jauh dari Fibo),1,WAIT & SEE,TIDAK ADA,2026-10-07 11:00:01,Biasa / Mengikuti Pasar
11:00,YOII,Transaksi Sepi (Skip Broksum),Small Cap (Lapis 3),Fair Value (Wajar),0.0,1.1563945,74.0,78,72,93,-1.3333333333333335,677700,Normal,32,Negatif,Downtrend,Bearish,Strong Bearish,Strong Downtrend (5<20<50),Normal,Akumulasi (Naik),Normal,Dominan Jual (Guyur),Normal,Tinggi,Normal,Dekat Support (Low Risk),< 1 Miliar,Persis di VWAP,Akumulasi Pro (Smart Money),Gorengan Sepi (< 5M),Sepi (< 50%),Mark-Down (Fase Runtuh),Spesialis Tiang Jemuran (Banting Pucuk),Normal,Turun 1 Hari Beruntun,TP: 80 | CL: 69,Open = High (Tekanan Jual),Sangat Menarik (> 1:3),Oversold (Jenuh Jual - Peluang),Netral / Sepi Berita,Normal / Sedang Transisi,Mendekati Fibo Bottom / 100%,1,WAIT & SEE,TIDAK ADA,2026-10-07 11:00:01,Biasa / Mengikuti Pasar
11:00,HGII,Transaksi Sepi (Skip Broksum),Small Cap (Lapis 3),Fair Value (Wajar),0.0,1.1950822,139.0,140,133,147,0.0,78500,Normal,52,Negatif,Downtrend,Bearish,Bearish MACD,Konsolidasi / Transisi,Normal,Akumulasi (Naik),Normal,Dominan Jual (Guyur),Squeeze,Rendah,Normal,Area Tengah,< 1 Miliar,Persis di VWAP,Akumulasi Pro (Smart Money),Gorengan Sepi (< 5M),Sepi (< 50%),Distribution (Fase Jualan),Normal,Normal,Sideways / Stagnan,TP: 145 | CL: 134,Open = High (Tekanan Jual),Menengah (1:1),Netral / Sideways,Netral / Sepi Berita,Normal / Sedang Transisi,Dekat Support Fibo 61.8% (Golden Ratio),2,WAIT & SEE,TIDAK ADA,2026-10-07 11:00:01,Biasa / Mengikuti Pasar
11:00,BRRC,Transaksi Sepi (Skip Broksum),Small Cap (Lapis 3),Fair Value (Wajar),0.0,0.62725055,55.0,61,43,78,1.8518518518518516,5150900,Normal,41,Positif,Downtrend,Bearish,Strong Bearish,Strong Downtrend (5<20<50),Normal,Akumulasi (Naik),Gap Up (+5.6%),Seimbang / Adu Mekanik,Normal,Tinggi,Normal,Rawan Pucuk (High Risk),< 1 Miliar,Di Atas VWAP (Kuat),Akumulasi Pro (Smart Money),Gorengan Sepi (< 5M),Sepi (< 50%),Mark-Down (Fase Runtuh),Spesialis Tiang Jemuran (Banting Pucuk),Normal,Naik 3 Hari Beruntun,TP: 64 | CL: 48,Open = High (Tekanan Jual),Ideal (1:2),Golden Cross (Awal Bullish),Netral / Sepi Berita,Normal / Sedang Transisi,Mengambang (Jauh dari Fibo),3,WAIT & SEE,TIDAK ADA,2026-10-07 11:00:01,Biasa / Mengikuti Pasar
11:00,DGWG,Token Mati (Perlu Update),Mid Cap (Lapis 2),Fair Value (Wajar),7.267189,1.7597564,334.0,325,310,342,0.6024096385542169,5348800,Normal,56,Positif,Uptrend,Golden Cross,Bullish MACD,Perfect Uptrend (5>20>50),Normal,Akumulasi (Naik),Normal,Dominan Jual (Guyur),Squeeze,Rendah,Doji (Ragu-ragu),Area Tengah,> 1 Miliar,Di Atas VWAP (Kuat),Akumulasi Pro (Smart Money),Gorengan Sepi (< 5M),Normal (50-150%),Mark-Up (Fase Pesta),Normal,Normal,Naik 2 Hari Beruntun,TP: 347 | CL: 325,Normal,Tidak Ideal (< 1:1),Netral / Sideways,Netral / Sepi Berita,Normal / Sedang Transisi,Dekat Support Fibo 38.2%,6,WAIT & SEE,TIDAK ADA,2026-10-07 11:00:01,Biasa / Mengikuti Pasar
11:00,CBDK,Transaksi Sepi (Skip Broksum),Big Cap (Lapis 1),Fair Value (Wajar),7.7859855,1.8745924,3510.0,3587,3250,4070,-0.56657223796034,222000,Normal,44,Negatif,Downtrend,Bearish,Strong Bearish,Strong Downtrend (5<20<50),Normal,Akumulasi (Naik),Normal,Dominan Jual (Guyur),Normal,Tinggi,Normal,Area Tengah,< 1 Miliar,Di Atas VWAP (Kuat),Akumulasi Pro (Smart Money),Gorengan Sepi (< 5M),Sepi (< 50%),Mark-Down (Fase Runtuh),Spesialis Tiang Jemuran (Banting Pucuk),Normal,Turun 1 Hari Beruntun,TP: 3713 | CL: 3374,Normal,Ideal (1:2),Netral / Sideways,Netral / Sepi Berita,Normal / Sedang Transisi,Mendekati Fibo 78.6%,1,WAIT & SEE,TIDAK ADA,2026-10-07 11:00:01,Biasa / Mengikuti Pasar
11:00,OBAT,Transaksi Sepi (Skip Broksum),Small Cap (Lapis 3),Fair Value (Wajar),0.0,1.2393785,252.0,234,210,268,3.278688524590164,413000,Tembus MA20,63,Positif,Uptrend,Bearish,Bullish MACD,Strong Downtrend (5<20<50),Normal,Akumulasi (Naik),Normal,Dominan Beli (Hajar Kanan),Normal,Tinggi,Normal,Rawan Pucuk (High Risk),< 1 Miliar,Di Atas VWAP (Kuat),Akumulasi Pro (Smart Money),Gorengan Sepi (< 5M),Normal (50-150%),Accumulation (Kumpul Barang),Normal,Normal,Naik 4 Hari Beruntun,TP: 277 | CL: 234,Normal,Tidak Ideal (< 1:1),Netral / Sideways,Netral / Sepi Berita,Normal / Sedang Transisi,Mendekati Fibo 50.0%,7,BELI,TIDAK ADA,2026-10-07 11:00:01,Biasa / Mengikuti Pasar
11:00,MINE,Transaksi Sepi (Skip Broksum),Mid Cap (Lapis 2),Undervalued (Murah),6.3323317,1.1476969,274.0,285,250,320,-2.142857142857143,32800,Normal,50,Negatif,Downtrend,Bearish,Bearish MACD,Konsolidasi / Transisi,Normal,Akumulasi (Naik),Normal,Dominan Jual (Guyur),Normal,Tinggi,Normal,Area Tengah,< 1 Miliar,Persis di VWAP,Akumulasi Pro (Smart Money),Gorengan Sepi (< 5M),Sepi (< 50%),Distribution (Fase Jualan),Spesialis Tiang Jemuran (Banting Pucuk),Normal,Turun 1 Hari Beruntun,TP: 299 | CL: 256,Open = High (Tekanan Jual),Ideal (1:2),Netral / Sideways,Netral / Sepi Berita,Normal / Sedang Transisi,Mendekati Fibo 50.0%,1,WAIT & SEE,TIDAK ADA,2026-10-07 11:00:01,Biasa / Mengikuti Pasar
11:00,ASPR,Transaksi Sepi (Skip Broksum),Small Cap (Lapis 3),Fair Value (Wajar),0.0,2.218516,145.0,140,121,153,0.0,2781600,Normal,51,Negatif,Uptrend,Bullish,Bullish MACD,Awal Reversal (5>20),Normal,Akumulasi (Naik),Normal,Seimbang / Adu Mekanik,Normal,Tinggi,Doji (Ragu-ragu),Rawan Pucuk (High Risk),< 1 Miliar,Di Atas VWAP (Kuat),Akumulasi Pro (Smart Money),Gorengan Sepi (< 5M),Sepi (< 50%),Accumulation (Kumpul Barang),Normal,Jarum Bawah (Sinyal Pantulan Kuat),Sideways / Stagnan,TP: 162 | CL: 133,Normal,Tidak Ideal (< 1:1),Netral / Sideways,Netral / Sepi Berita,Normal / Sedang Transisi,Golden Rebound Fibo 50.0% 🎯,5,WAIT & SEE,TIDAK ADA,2026-10-07 11:00:01,Biasa / Mengikuti Pasar
11:00,PSAT,Transaksi Sepi (Skip Broksum),Mid Cap (Lapis 2),Fair Value (Wajar),0.0,0.95299685,840.0,848,800,910,-0.591715976331361,1400,Normal,45,Negatif,Downtrend,Bearish,Strong Bearish,Strong Downtrend (5<20<50),Normal,Akumulasi (Naik),Normal,Dominan Jual (Guyur),Normal,Sedang,Normal,Area Tengah,< 1 Miliar,Di Atas VWAP (Kuat),Distribusi Pro (Guyuran),Gorengan Sepi (< 5M),Sepi (< 50%),Mark-Down (Fase Runtuh),Spesialis Tiang Jemuran (Banting Pucuk),Normal,Turun 1 Hari Beruntun,TP: 894 | CL: 803,Open = High (Tekanan Jual),Ideal (1:2),Golden Cross (Awal Bullish),Netral / Sepi Berita,Supply Kering (Siap Pump) 🏜️,Golden Rebound Fibo 61.8% (Golden Ratio) 🎯,1,WAIT & SEE,TIDAK ADA,2026-10-07 11:00:01,Biasa / Mengikuti Pasar
11:00,COIN,Token Mati (Perlu Update),Big Cap (Lapis 1),Overvalued (Mahal),0.0,6.9091687,710.0,762,655,915,-2.73972602739726,10758700,Normal,41,Negatif,Downtrend,Bearish,Strong Bearish,Konsolidasi / Transisi,Normal,Distribusi (Turun),Normal,Dominan Jual (Guyur),Normal,Tinggi,Normal,Area Tengah,> 1 Miliar,Di Bawah VWAP (Lemah),Distribusi Pro (Guyuran),Ritel Aktif (5M - 50M),Sepi (< 50%),Distribution (Fase Jualan),Solid (Jarang Dibanting),Normal,Turun 2 Hari Beruntun,TP: 793 | CL: 654,Normal,Sangat Menarik (> 1:3),Oversold (Jenuh Jual - Peluang),Netral / Sepi Berita,Normal / Sedang Transisi,Golden Rebound Fibo 78.6% 🎯,0,WAIT & SEE,TIDAK ADA,2026-10-07 11:00:01,Biasa / Mengikuti Pasar
11:00,CDIA,Token Mati (Perlu Update),Big Cap (Lapis 1),Overvalued (Mahal),65.366974,71250.0,570.0,613,538,728,-0.8695652173913043,10955200,Normal,35,Negatif,Downtrend,Bearish,Strong Bearish,Strong Downtrend (5<20<50),Normal,Distribusi (Turun),Normal,Seimbang / Adu Mekanik,Normal,Tinggi,Normal,Area Tengah,> 1 Miliar,Persis di VWAP,Distribusi Pro (Guyuran),Ritel Aktif (5M - 50M),Sepi (< 50%),Mark-Down (Fase Runtuh),Spesialis Tiang Jemuran (Banting Pucuk),Normal,Turun 2 Hari Beruntun,TP: 611 | CL: 542,Normal,Sangat Menarik (> 1:3),Netral / Sideways,Netral / Sepi Berita,Normal / Sedang Transisi,Mendekati Fibo Bottom / 100%,0,WAIT & SEE,TIDAK ADA,2026-10-07 11:00:01,Biasa / Mengikuti Pasar
11:00,BLOG,Transaksi Sepi (Skip Broksum),Mid Cap (Lapis 2),Fair Value (Wajar),17.159199,1.939791,360.0,360,332,378,0.5586592178770949,12100,Normal,48,Positif,Downtrend,Bearish,Bullish MACD,Strong Downtrend (5<20<50),Normal,Distribusi (Turun),Normal,Dominan Beli (Hajar Kanan),Squeeze,Rendah,Marubozu (Strong Bullish),Area Tengah,< 1 Miliar,Di Atas VWAP (Kuat),Akumulasi Pro (Smart Money),Gorengan Sepi (< 5M),Sepi (< 50%),Mark-Down (Fase Runtuh),Normal,Normal,Naik 1 Hari Beruntun,TP: 374 | CL: 350,Open = Low (Bullish Kuat),Tidak Ideal (< 1:1),Netral / Sideways,Netral / Sepi Berita,Supply Kering (Siap Pump) 🏜️,Golden Rebound Fibo 61.8% (Golden Ratio) 🎯,3,WAIT & SEE,TIDAK ADA,2026-10-07 11:00:01,Biasa / Mengikuti Pasar
11:00,MERI,Transaksi Sepi (Skip Broksum),Small Cap (Lapis 3),Fair Value (Wajar),0.0,2.5801609,110.0,113,99,132,2.803738317757009,287900,Normal,45,Positif,Downtrend,Bearish,Strong Bearish,Strong Downtrend (5<20<50),Normal,Akumulasi (Naik),Normal,Dominan Beli (Hajar Kanan),Normal,Tinggi,Normal,Rawan Pucuk (High Risk),< 1 Miliar,Di Atas VWAP (Kuat),Distribusi Pro (Guyuran),Gorengan Sepi (< 5M),Sepi (< 50%),Mark-Down (Fase Runtuh),Spesialis Tiang Jemuran (Banting Pucuk),Normal,Naik 3 Hari Beruntun,TP: 118 | CL: 104,Normal,Ideal (1:2),Netral / Sideways,Netral / Sepi Berita,Normal / Sedang Transisi,Dekat Support Fibo 78.6%,3,WAIT & SEE,TIDAK ADA,2026-10-07 11:00:01,Biasa / Mengikuti Pasar
11:00,KAQI,Transaksi Sepi (Skip Broksum),Small Cap (Lapis 3),Fair Value (Wajar),0.0,1.3450444,82.0,88,77,102,-1.2048192771084338,2084300,Normal,36,Negatif,Downtrend,Bearish,Strong Bearish,Strong Downtrend (5<20<50),Normal,Akumulasi (Naik),Normal,Seimbang / Adu Mekanik,Normal,Tinggi,Normal,Area Tengah,< 1 Miliar,Di Atas VWAP (Kuat),Akumulasi Pro (Smart Money),Gorengan Sepi (< 5M),Sepi (< 50%),Mark-Down (Fase Runtuh),Normal,Normal,Turun 1 Hari Beruntun,TP: 89 | CL: 77,Open = High (Tekanan Jual),Sangat Menarik (> 1:3),Netral / Sideways,Netral / Sepi Berita,Normal / Sedang Transisi,Mengambang (Jauh dari Fibo),1,WAIT & SEE,TIDAK ADA,2026-10-07 11:00:01,Biasa / Mengikuti Pasar
11:00,YUPI,Transaksi Sepi (Skip Broksum),Big Cap (Lapis 1),Overvalued (Mahal),16.776226,6.015281,1225.0,1268,1210,1345,0.4098360655737705,2700,Normal,33,Positif,Downtrend,Bearish,Strong Bearish,Strong Downtrend (5<20<50),Normal,Distribusi (Turun),Normal,Dominan Beli (Hajar Kanan),Normal,Sedang,Normal,Dekat Support (Low Risk),< 1 Miliar,Persis di VWAP,Akumulasi Pro (Smart Money),Gorengan Sepi (< 5M),Sepi (< 50%),Mark-Down (Fase Runtuh),Normal,Normal,Naik 2 Hari Beruntun,TP: 1272 | CL: 1193,Normal,Sangat Menarik (> 1:3),Oversold (Jenuh Jual - Peluang),Netral / Sepi Berita,Supply Kering (Siap Pump) 🏜️,Golden Rebound Fibo Bottom / 100% 🎯,2,WAIT & SEE,TIDAK ADA,2026-10-07 11:00:01,Biasa / Mengikuti Pasar
11:00,FORE,Transaksi Sepi (Skip Broksum),Mid Cap (Lapis 2),Overvalued (Mahal),67.067924,9.429856,785.0,795,730,845,-1.875,1104400,Normal,48,Negatif,Downtrend,Death Cross,Bearish MACD,Konsolidasi / Transisi,Normal,Distribusi (Turun),Normal,Dominan Jual (Guyur),Squeeze,Rendah,Normal,Area Tengah,< 1 Miliar,Di Bawah VWAP (Lemah),Akumulasi Pro (Smart Money),Gorengan Sepi (< 5M),Sepi (< 50%),Distribution (Fase Jualan),Normal,Normal,Turun 2 Hari Beruntun,TP: 821 | CL: 760,Open = High (Tekanan Jual),Menengah (1:1),Netral / Sideways,Netral / Sepi Berita,Supply Kering (Siap Pump) 🏜️,Golden Rebound Fibo 38.2% 🎯,0,WAIT & SEE,TIDAK ADA,2026-10-07 11:00:01,Biasa / Mengikuti Pasar
11:00,MDLA,Transaksi Sepi (Skip Broksum),Mid Cap (Lapis 2),Undervalued (Murah),7.140405,0.94785005,208.0,206,202,214,0.9708737864077669,64000,Normal,53,Positif,Uptrend,Bullish,Bullish MACD,Awal Reversal (5>20),Normal,Distribusi (Turun),Normal,Seimbang / Adu Mekanik,Squeeze,Rendah,Normal,Dekat Support (Low Risk),< 1 Miliar,Persis di VWAP,Distribusi Pro (Guyuran),Gorengan Sepi (< 5M),Sepi (< 50%),Accumulation (Kumpul Barang),Normal,Normal,Naik 1 Hari Beruntun,TP: 214 | CL: 203,Open = High (Tekanan Jual),Menengah (1:1),Netral / Sideways,Netral / Sepi Berita,Supply Kering (Siap Pump) 🏜️,Golden Rebound Fibo 78.6% 🎯,5,WAIT & SEE,TIDAK ADA,2026-10-07 11:00:01,Biasa / Mengikuti Pasar
11:00,DKHH,Transaksi Sepi (Skip Broksum),Small Cap (Lapis 3),Fair Value (Wajar),0.0,0.88150406,74.0,70,66,76,0.0,4078500,Normal,62,Negatif,Uptrend,Bullish,Strong Bullish,Perfect Uptrend (5>20>50),Normal,Akumulasi (Naik),Normal,Seimbang / Adu Mekanik,Normal,Sedang,Doji (Ragu-ragu),Rawan Pucuk (High Risk),< 1 Miliar,Di Atas VWAP (Kuat),Distribusi Pro (Guyuran),Gorengan Sepi (< 5M),Sepi (< 50%),Mark-Up (Fase Pesta),Normal,Normal,Sideways / Stagnan,TP: 79 | CL: 70,Normal,Tidak Ideal (< 1:1),Netral / Sideways,Netral / Sepi Berita,Normal / Sedang Transisi,Mendekati Fibo 50.0%,5,WAIT & SEE,TIDAK ADA,2026-10-07 11:00:01,Biasa / Mengikuti Pasar
11:00,AYLS,Token Mati (Perlu Update),Small Cap (Lapis 3),Overvalued (Mahal),0.0,5.0517077,190.0,181,135,238,-4.522613065326634,45569400,Tembus MA20,55,Negatif,Uptrend,Bullish,Bearish MACD,Perfect Uptrend (5>20>50),Normal,Distribusi (Turun),Gap Up (+6.5%),Dominan Jual (Guyur),Normal,Tinggi,Normal,Rawan Pucuk (High Risk),> 1 Miliar,Di Bawah VWAP (Lemah),Distribusi Pro (Guyuran),Gorengan Sepi (< 5M),Normal (50-150%),Mark-Up (Fase Pesta),Spesialis Tiang Jemuran (Banting Pucuk),Normal,Turun 1 Hari Beruntun,TP: 232 | CL: 161,Normal,Tidak Ideal (< 1:1),Netral / Sideways,Netral / Sepi Berita,Normal / Sedang Transisi,Dekat Support Fibo 50.0%,5,WAIT & SEE,TIDAK ADA,2026-10-07 11:00:01,Biasa / Mengikuti Pasar
11:00,DADA,Transaksi Sepi (Skip Broksum),Small Cap (Lapis 3),Undervalued (Murah),7.1748877,0.49129993,25.0,41,21,49,4.166666666666666,37329900,Normal,10,Positif,Downtrend,Bearish,Strong Bearish,Strong Downtrend (5<20<50),Normal,Akumulasi (Naik),Normal,Dominan Beli (Hajar Kanan),Normal,Tinggi,Marubozu (Strong Bullish),Rawan Pucuk (High Risk),< 1 Miliar,Di Bawah VWAP (Lemah),Distribusi Pro (Guyuran),Ritel Aktif (5M - 50M),Sepi (< 50%),Mark-Down (Fase Runtuh),Solid (Jarang Dibanting),Normal,Naik 1 Hari Beruntun,TP: 28 | CL: 22,Open = Low (Bullish Kuat),Sangat Menarik (> 1:3),Oversold (Jenuh Jual - Peluang),Netral / Sepi Berita,Normal / Sedang Transisi,Mengambang (Jauh dari Fibo),3,WAIT & SEE,TIDAK ADA,2026-10-07 11:00:01,🔥 ANOMALI BANDAR (Siap Ledakan)
11:00,ESTA,Token Mati (Perlu Update),Small Cap (Lapis 3),Fair Value (Wajar),0.0,2.4336922,177.0,167,127,222,4.117647058823529,24666700,Tembus MA20,57,Positif,Uptrend,Bearish,Bullish MACD,Strong Downtrend (5<20<50),Akumulasi Kuat,Akumulasi (Naik),Gap Up (+2.9%),Dominan Jual (Guyur),Normal,Tinggi,Doji (Ragu-ragu),Rawan Pucuk (High Risk),> 1 Miliar,Di Bawah VWAP (Lemah),Distribusi Pro (Guyuran),Gorengan Sepi (< 5M),Ledakan Ekstrem (> 300%),Accumulation (Kumpul Barang),Spesialis Tiang Jemuran (Banting Pucuk),Normal,Naik 6 Hari Beruntun,TP: 209 | CL: 155,Normal,Tidak Ideal (< 1:1),Netral / Sideways,Netral / Sepi Berita,Normal / Sedang Transisi,Dekat Support Fibo 50.0%,8,BELI,TIDAK ADA,2026-10-07 11:00:01,Biasa / Mengikuti Pasar
11:00,BESS,Transaksi Sepi (Skip Broksum),Mid Cap (Lapis 2),Overvalued (Mahal),246.15384,4.304014,800.0,854,720,995,0.0,458800,Tembus MA20,42,Negatif,Downtrend,Bearish,Strong Bearish,Strong Downtrend (5<20<50),Normal,Akumulasi (Naik),Normal,Dominan Jual (Guyur),Normal,Tinggi,Doji (Ragu-ragu),Rawan Pucuk (High Risk),< 1 Miliar,Di Bawah VWAP (Lemah),Distribusi Pro (Guyuran),Gorengan Sepi (< 5M),Anomali Tinggi (150-300%),Mark-Down (Fase Runtuh),Spesialis Tiang Jemuran (Banting Pucuk),Normal,Sideways / Stagnan,TP: 904 | CL: 730,Normal,Ideal (1:2),Netral / Sideways,Netral / Sepi Berita,Normal / Sedang Transisi,Mendekati Fibo 78.6%,2,WAIT & SEE,TIDAK ADA,2026-10-07 11:00:01,Biasa / Mengikuti Pasar
11:00,AMAN,Transaksi Sepi (Skip Broksum),Small Cap (Lapis 3),Fair Value (Wajar),18.150976,0.9754808,214.0,213,182,234,-2.727272727272727,49700,Normal,47,Negatif,Uptrend,Bearish,Bullish MACD,Strong Downtrend (5<20<50),Normal,Akumulasi (Naik),Normal,Dominan Jual (Guyur),Normal,Tinggi,Normal,Rawan Pucuk (High Risk),< 1 Miliar,Persis di VWAP,Akumulasi Pro (Smart Money),Gorengan Sepi (< 5M),Sepi (< 50%),Accumulation (Kumpul Barang),Normal,Normal,Turun 2 Hari Beruntun,TP: 233 | CL: 200,Open = High (Tekanan Jual),Tidak Ideal (< 1:1),Death Cross (Awal Bearish),Netral / Sepi Berita,Supply Banjir (Distribusi) 🌊,Mengambang (Jauh dari Fibo),3,WAIT & SEE,TIDAK ADA,2026-10-07 11:00:01,Biasa / Mengikuti Pasar
11:00,CARE,Transaksi Sepi (Skip Broksum),Big Cap (Lapis 1),Overvalued (Mahal),2066.6665,4.0898,372.0,387,352,420,-1.0638297872340425,186400,Normal,27,Negatif,Downtrend,Bearish,Strong Bearish,Strong Downtrend (5<20<50),Normal,Akumulasi (Naik),Normal,Seimbang / Adu Mekanik,Normal,Sedang,Normal,Area Tengah,< 1 Miliar,Persis di VWAP,Akumulasi Pro (Smart Money),Gorengan Sepi (< 5M),Sepi (< 50%),Mark-Down (Fase Runtuh),Solid (Jarang Dibanting),Normal,Turun 1 Hari Beruntun,TP: 397 | CL: 355,Normal,Ideal (1:2),Netral / Sideways,Netral / Sepi Berita,Normal / Sedang Transisi,Mendekati Fibo Bottom / 100%,1,WAIT & SEE,TIDAK ADA,2026-10-07 11:00:01,Biasa / Mengikuti Pasar
11:00,PIPA,Token Mati (Perlu Update),Small Cap (Lapis 3),Overvalued (Mahal),0.0,7.897967,149.0,163,128,224,-1.9736842105263157,18771300,Normal,44,Negatif,Downtrend,Bearish,Strong Bearish,Konsolidasi / Transisi,Normal,Akumulasi (Naik),Normal,Seimbang / Adu Mekanik,Normal,Tinggi,Normal,Rawan Pucuk (High Risk),> 1 Miliar,Di Atas VWAP (Kuat),Akumulasi Pro (Smart Money),Gorengan Sepi (< 5M),Sepi (< 50%),Distribution (Fase Jualan),Normal,Normal,Turun 1 Hari Beruntun,TP: 170 | CL: 134,Normal,Sangat Menarik (> 1:3),Golden Cross (Awal Bullish),Netral / Sepi Berita,Normal / Sedang Transisi,Mengambang (Jauh dari Fibo),1,WAIT & SEE,TIDAK ADA,2026-10-07 11:00:01,Biasa / Mengikuti Pasar
11:00,NCKL,Token Mati (Perlu Update),Big Cap (Lapis 1),Undervalued (Murah),4.9661274,1.2418865,865.0,901,830,1015,-0.5747126436781609,6410900,Normal,41,Negatif,Downtrend,Bearish,Strong Bearish,Strong Downtrend (5<20<50),Normal,Distribusi (Turun),Normal,Seimbang / Adu Mekanik,Normal,Tinggi,Normal,Area Tengah,> 1 Miliar,Di Atas VWAP (Kuat),Akumulasi Pro (Smart Money),Ritel Aktif (5M - 50M),Sepi (< 50%),Mark-Down (Fase Runtuh),Normal,Normal,Turun 1 Hari Beruntun,TP: 904 | CL: 838,Normal,Sangat Menarik (> 1:3),Golden Cross (Awal Bullish),Netral / Sepi Berita,Normal / Sedang Transisi,Mendekati Fibo 78.6%,0,WAIT & SEE,TIDAK ADA,2026-10-07 11:00:01,Biasa / Mengikuti Pasar
11:00,AWAN,Transaksi Sepi (Skip Broksum),Small Cap (Lapis 3),Overvalued (Mahal),0.0,7.433895,158.0,158,145,166,0.6369426751592357,28500,Normal,49,Positif,Downtrend,Bearish,Strong Bearish,Strong Downtrend (5<20<50),Normal,Akumulasi (Naik),Normal,Dominan Beli (Hajar Kanan),Normal,Sedang,Hammer (Potensi Reversal),Area Tengah,< 1 Miliar,Di Atas VWAP (Kuat),Akumulasi Pro (Smart Money),Gorengan Sepi (< 5M),Sepi (< 50%),Mark-Down (Fase Runtuh),Normal,Jarum Bawah (Sinyal Pantulan Kuat),Naik 2 Hari Beruntun,TP: 169 | CL: 150,Normal,Tidak Ideal (< 1:1),Netral / Sideways,Netral / Sepi Berita,Supply Kering (Siap Pump) 🏜️,Golden Rebound Fibo 61.8% (Golden Ratio) 🎯,3,WAIT & SEE,TIDAK ADA,2026-10-07 11:00:01,Biasa / Mengikuti Pasar
11:00,MBMA,Token Mati (Perlu Update),Big Cap (Lapis 1),Overvalued (Mahal),39.03226,32266.668,486.0,503,460,555,-1.2195121951219512,27621100,Normal,44,Negatif,Downtrend,Bearish,Strong Bearish,Strong Downtrend (5<20<50),Normal,Distribusi (Turun),Normal,Dominan Jual (Guyur),Normal,Tinggi,Normal,Area Tengah,> 1 Miliar,Di Atas VWAP (Kuat),Akumulasi Pro (Smart Money),Ritel Aktif (5M - 50M),Sepi (< 50%),Mark-Down (Fase Runtuh),Normal,Normal,Turun 1 Hari Beruntun,TP: 517 | CL: 465,Open = High (Tekanan Jual),Ideal (1:2),Netral / Sideways,Netral / Sepi Berita,Normal / Sedang Transisi,Mendekati Fibo Bottom / 100%,0,WAIT & SEE,TIDAK ADA,2026-10-07 11:00:01,Biasa / Mengikuti Pasar
11:00,RAAM,Transaksi Sepi (Skip Broksum),Mid Cap (Lapis 2),Fair Value (Wajar),0.0,0.8741065,158.0,168,149,195,-2.4691358024691357,238100,Normal,38,Negatif,Downtrend,Bearish,Strong Bearish,Strong Downtrend (5<20<50),Normal,Akumulasi (Naik),Normal,Dominan Jual (Guyur),Normal,Tinggi,Normal,Area Tengah,< 1 Miliar,Di Atas VWAP (Kuat),Distribusi Pro (Guyuran),Gorengan Sepi (< 5M),Sepi (< 50%),Mark-Down (Fase Runtuh),Normal,Normal,Turun 1 Hari Beruntun,TP: 172 | CL: 148,Normal,Sangat Menarik (> 1:3),Golden Cross (Awal Bullish),Netral / Sepi Berita,Normal / Sedang Transisi,Mengambang (Jauh dari Fibo),1,WAIT & SEE,TIDAK ADA,2026-10-07 11:00:01,Biasa / Mengikuti Pasar
11:00,DOOH,Token Mati (Perlu Update),Mid Cap (Lapis 2),Overvalued (Mahal),34.8,8.700652,348.0,381,326,482,1.7543859649122806,111644200,Normal,48,Positif,Downtrend,Bearish,Bearish MACD,Konsolidasi / Transisi,Normal,Akumulasi (Naik),Normal,Seimbang / Adu Mekanik,Normal,Tinggi,Normal,Area Tengah,> 1 Miliar,Di Bawah VWAP (Lemah),Distribusi Pro (Guyuran),Sultan (> 50M/hari),Normal (50-150%),Distribution (Fase Jualan),Spesialis Tiang Jemuran (Banting Pucuk),Normal,Naik 1 Hari Beruntun,TP: 412 | CL: 305,Normal,Sangat Menarik (> 1:3),Oversold (Jenuh Jual - Peluang),Netral / Sepi Berita,Normal / Sedang Transisi,Golden Rebound Fibo 38.2% 🎯,2,WAIT & SEE,TIDAK ADA,2026-10-07 11:00:01,Biasa / Mengikuti Pasar
11:00,CGAS,Token Mati (Perlu Update),Small Cap (Lapis 3),Undervalued (Murah),11.526946,1.0171193,154.0,148,140,160,2.666666666666667,10702000,Tembus MA20,60,Positif,Uptrend,Golden Cross,Bullish MACD,Awal Reversal (5>20),Akumulasi Kuat,Akumulasi (Naik),Normal,Seimbang / Adu Mekanik,Squeeze,Rendah,Normal,Rawan Pucuk (High Risk),> 1 Miliar,Di Atas VWAP (Kuat),Distribusi Pro (Guyuran),Gorengan Sepi (< 5M),Anomali Tinggi (150-300%),Accumulation (Kumpul Barang),Spesialis Tiang Jemuran (Banting Pucuk),Normal,Naik 3 Hari Beruntun,TP: 162 | CL: 148,Normal,Tidak Ideal (< 1:1),Netral / Sideways,Netral / Sepi Berita,Normal / Sedang Transisi,Dekat Support Fibo 61.8% (Golden Ratio),8,BELI,TIDAK ADA,2026-10-07 11:00:01,Biasa / Mengikuti Pasar
11:00,NICE,Transaksi Sepi (Skip Broksum),Mid Cap (Lapis 2),Overvalued (Mahal),0.0,9.961262,342.0,349,314,390,0.0,1095900,Normal,52,Negatif,Downtrend,Bearish,Bearish MACD,Konsolidasi / Transisi,Normal,Akumulasi (Naik),Gap Up (+8.2%),Dominan Jual (Guyur),Normal,Tinggi,Normal,Area Tengah,< 1 Miliar,Persis di VWAP,Distribusi Pro (Guyuran),Gorengan Sepi (< 5M),Normal (50-150%),Distribution (Fase Jualan),Spesialis Tiang Jemuran (Banting Pucuk),Normal,Sideways / Stagnan,TP: 369 | CL: 323,Open = High (Tekanan Jual),Ideal (1:2),Golden Cross (Awal Bullish),Netral / Sepi Berita,Normal / Sedang Transisi,Mendekati Fibo 50.0%,3,WAIT & SEE,TIDAK ADA,2026-10-07 11:00:01,Biasa / Mengikuti Pasar
11:00,MSJA,Token Mati (Perlu Update),Mid Cap (Lapis 2),Overvalued (Mahal),56.34759,59285.71,825.0,839,710,920,-1.7857142857142856,2391400,Normal,63,Negatif,Downtrend,Death Cross,Bearish MACD,Konsolidasi / Transisi,Normal,Akumulasi (Naik),Normal,Dominan Jual (Guyur),Normal,Sedang,Normal,Rawan Pucuk (High Risk),> 1 Miliar,Di Bawah VWAP (Lemah),Akumulasi Pro (Smart Money),Ritel Aktif (5M - 50M),Sepi (< 50%),Distribution (Fase Jualan),Spesialis Tiang Jemuran (Banting Pucuk),Normal,Turun 2 Hari Beruntun,TP: 906 | CL: 770,Normal,Tidak Ideal (< 1:1),Death Cross (Awal Bearish),Netral / Sepi Berita,Normal / Sedang Transisi,Mendekati Fibo 23.6%,2,WAIT & SEE,TIDAK ADA,2026-10-07 11:00:01,Biasa / Mengikuti Pasar
11:00,SMLE,Token Mati (Perlu Update),Small Cap (Lapis 3),Overvalued (Mahal),0.0,7.0008526,312.0,252,182,324,-2.5,13369100,Normal,71,Negatif,Uptrend,Bullish,Strong Bullish,Perfect Uptrend (5>20>50),Normal,Akumulasi (Naik),Normal,Seimbang / Adu Mekanik,Normal,Tinggi,Normal,Rawan Pucuk (High Risk),> 1 Miliar,Di Atas VWAP (Kuat),Akumulasi Pro (Smart Money),Ritel Aktif (5M - 50M),Sepi (< 50%),Mark-Up (Fase Pesta),Normal,Normal,Turun 1 Hari Beruntun,TP: 354 | CL: 283,Open = High (Tekanan Jual),Tidak Ideal (< 1:1),Overbought (Jenuh Beli - Rawan),Netral / Sepi Berita,Normal / Sedang Transisi,Mengambang (Jauh dari Fibo),5,WAIT & SEE,TIDAK ADA,2026-10-07 11:00:01,Biasa / Mengikuti Pasar
11:00,ACRO,Transaksi Sepi (Skip Broksum),Small Cap (Lapis 3),Fair Value (Wajar),0.0,1.011489,53.0,58,42,76,1.9230769230769231,2172600,Normal,38,Positif,Downtrend,Bearish,Strong Bearish,Strong Downtrend (5<20<50),Normal,Akumulasi (Naik),Normal,Seimbang / Adu Mekanik,Normal,Tinggi,Doji (Ragu-ragu),Rawan Pucuk (High Risk),< 1 Miliar,Di Atas VWAP (Kuat),Distribusi Pro (Guyuran),Gorengan Sepi (< 5M),Sepi (< 50%),Mark-Down (Fase Runtuh),Spesialis Tiang Jemuran (Banting Pucuk),Normal,Naik 2 Hari Beruntun,TP: 61 | CL: 47,Normal,Ideal (1:2),Golden Cross (Awal Bullish),Netral / Sepi Berita,Normal / Sedang Transisi,Mengambang (Jauh dari Fibo),2,WAIT & SEE,TIDAK ADA,2026-10-07 11:00:01,Biasa / Mengikuti Pasar
11:00,MANG,Transaksi Sepi (Skip Broksum),Small Cap (Lapis 3),Fair Value (Wajar),0.0,1.0501137,36.0,37,33,44,0.0,479600,Normal,44,Negatif,Downtrend,Bearish,Strong Bearish,Strong Downtrend (5<20<50),Normal,Distribusi (Turun),Normal,Dominan Beli (Hajar Kanan),Normal,Tinggi,Doji (Ragu-ragu),Area Tengah,< 1 Miliar,Di Atas VWAP (Kuat),Akumulasi Pro (Smart Money),Gorengan Sepi (< 5M),Sepi (< 50%),Mark-Down (Fase Runtuh),Solid (Jarang Dibanting),Jarum Bawah (Sinyal Pantulan Kuat),Sideways / Stagnan,TP: 38 | CL: 34,Normal,Ideal (1:2),Golden Cross (Awal Bullish),Netral / Sepi Berita,Normal / Sedang Transisi,Mengambang (Jauh dari Fibo),1,WAIT & SEE,TIDAK ADA,2026-10-07 11:00:01,Biasa / Mengikuti Pasar
11:00,WIFI,Token Mati (Perlu Update),Mid Cap (Lapis 2),Undervalued (Murah),14.012237,1.00994,1425.0,1760,1375,2130,-1.7241379310344827,8858000,Normal,19,Negatif,Downtrend,Bearish,Strong Bearish,Strong Downtrend (5<20<50),Normal,Distribusi (Turun),Normal,Dominan Jual (Guyur),Normal,Tinggi,Normal,Area Tengah,> 1 Miliar,Di Bawah VWAP (Lemah),Distribusi Pro (Guyuran),Sultan (> 50M/hari),Sepi (< 50%),Mark-Down (Fase Runtuh),Normal,Normal,Turun 2 Hari Beruntun,TP: 1549 | CL: 1342,Normal,Sangat Menarik (> 1:3),Oversold (Jenuh Jual - Peluang),Netral / Sepi Berita,Normal / Sedang Transisi,Mendekati Fibo Bottom / 100%,0,WAIT & SEE,TIDAK ADA,2026-10-07 11:00:01,Biasa / Mengikuti Pasar
11:00,FAPA,Transaksi Sepi (Skip Broksum),Big Cap (Lapis 1),Overvalued (Mahal),20.249308,6.1879683,7375.0,7417,7350,7500,0.3401360544217687,1500,Normal,43,Positif,Downtrend,Bearish,Strong Bearish,Konsolidasi / Transisi,Normal,Distribusi (Turun),Normal,Tidak Ada Transaksi,Squeeze,Rendah,Doji (Ragu-ragu),Dekat Support (Low Risk),< 1 Miliar,Persis di VWAP,Akumulasi Pro (Smart Money),Gorengan Sepi (< 5M),Anomali Tinggi (150-300%),Distribution (Fase Jualan),Normal,Normal,Naik 1 Hari Beruntun,TP: 7417 | CL: 7346,Normal,Sangat Menarik (> 1:3),Golden Cross (Awal Bullish),Netral / Sepi Berita,Normal / Sedang Transisi,Dekat Support Fibo 61.8% (Golden Ratio),1,WAIT & SEE,TIDAK ADA,2026-10-07 11:00:01,Biasa / Mengikuti Pasar
11:00,DCII,Transaksi Sepi (Skip Broksum),Big Cap (Lapis 1),Overvalued (Mahal),415.79846,102.75103,199550.0,198636,192250,202275,2.5436793422404933,500,Normal,51,Positif,Uptrend,Bearish,Strong Bearish,Strong Downtrend (5<20<50),Normal,Distribusi (Turun),Normal,Dominan Beli (Hajar Kanan),Squeeze,Rendah,Marubozu (Strong Bullish),Area Tengah,< 1 Miliar,Di Atas VWAP (Kuat),Akumulasi Pro (Smart Money),Gorengan Sepi (< 5M),Normal (50-150%),Accumulation (Kumpul Barang),Normal,Normal,Naik 1 Hari Beruntun,TP: 204151 | CL: 196482,Open = Low (Bullish Kuat),Tidak Ideal (< 1:1),Netral / Sideways,Netral / Sepi Berita,Normal / Sedang Transisi,Dekat Support Fibo 38.2%,4,WAIT & SEE,TIDAK ADA,2026-10-07 11:00:01,Biasa / Mengikuti Pasar
11:00,KETR,Token Mati (Perlu Update),Mid Cap (Lapis 2),Overvalued (Mahal),37.46567,2.2109656,955.0,949,830,1060,3.2432432432432434,22484000,Normal,58,Positif,Uptrend,Bearish,Bearish MACD,Konsolidasi / Transisi,Normal,Distribusi (Turun),Normal,Dominan Beli (Hajar Kanan),Normal,Sedang,Normal,Rawan Pucuk (High Risk),> 1 Miliar,Di Atas VWAP (Kuat),Akumulasi Pro (Smart Money),Ritel Aktif (5M - 50M),Sepi (< 50%),Mark-Up (Fase Pesta),Spesialis Tiang Jemuran (Banting Pucuk),Normal,Naik 1 Hari Beruntun,TP: 1056 | CL: 887,Normal,Tidak Ideal (< 1:1),Golden Cross (Awal Bullish),Netral / Sepi Berita,Normal / Sedang Transisi,Mendekati Fibo 23.6%,4,WAIT & SEE,TIDAK ADA,2026-10-07 11:00:01,Biasa / Mengikuti Pasar
11:00,DGNS,Token Mati (Perlu Update),Small Cap (Lapis 3),Fair Value (Wajar),5.748235,1.779827,296.0,273,238,314,1.36986301369863,4044000,Tembus MA20,63,Positif,Uptrend,Bullish,Strong Bullish,Perfect Uptrend (5>20>50),Normal,Akumulasi (Naik),Normal,Dominan Jual (Guyur),Normal,Tinggi,Doji (Ragu-ragu),Rawan Pucuk (High Risk),> 1 Miliar,Persis di VWAP,Distribusi Pro (Guyuran),Gorengan Sepi (< 5M),Anomali Tinggi (150-300%),Mark-Up (Fase Pesta),Spesialis Tiang Jemuran (Banting Pucuk),Normal,Naik 4 Hari Beruntun,TP: 329 | CL: 273,Normal,Tidak Ideal (< 1:1),Death Cross (Awal Bearish),Netral / Sepi Berita,Normal / Sedang Transisi,Dekat Support Fibo 23.6%,7,BELI,TIDAK ADA,2026-10-07 11:00:01,Biasa / Mengikuti Pasar
11:00,UFOE,Transaksi Sepi (Skip Broksum),Small Cap (Lapis 3),Overvalued (Mahal),26.819206,1.6348835,143.0,142,134,159,0.7042253521126761,29200,Normal,52,Positif,Uptrend,Bearish,Bullish MACD,Konsolidasi / Transisi,Normal,Distribusi (Turun),Normal,Dominan Beli (Hajar Kanan),Normal,Sedang,Marubozu (Strong Bullish),Area Tengah,< 1 Miliar,Di Atas VWAP (Kuat),Distribusi Pro (Guyuran),Gorengan Sepi (< 5M),Sepi (< 50%),Mark-Up (Fase Pesta),Spesialis Tiang Jemuran (Banting Pucuk),Normal,Naik 1 Hari Beruntun,TP: 153 | CL: 135,Open = Low (Bullish Kuat),Ideal (1:2),Netral / Sideways,Netral / Sepi Berita,Supply Kering (Siap Pump) 🏜️,Mendekati Fibo 78.6%,5,WAIT & SEE,TIDAK ADA,2026-10-07 11:00:01,Biasa / Mengikuti Pasar
11:00,CHEK,Transaksi Sepi (Skip Broksum),Small Cap (Lapis 3),Fair Value (Wajar),0.0,2.3691022,119.0,126,111,138,-0.8333333333333334,312200,Normal,34,Negatif,Downtrend,Bearish,Strong Bearish,Strong Downtrend (5<20<50),Normal,Distribusi (Turun),Normal,Seimbang / Adu Mekanik,Bottom Rebound,Tinggi,Normal,Area Tengah,< 1 Miliar,Persis di VWAP,Distribusi Pro (Guyuran),Gorengan Sepi (< 5M),Sepi (< 50%),Mark-Down (Fase Runtuh),Normal,Normal,Turun 1 Hari Beruntun,TP: 125 | CL: 114,Open = High (Tekanan Jual),Ideal (1:2),Golden Cross (Awal Bullish),Netral / Sepi Berita,Normal / Sedang Transisi,Mengambang (Jauh dari Fibo),0,WAIT & SEE,TIDAK ADA,2026-10-07 11:00:01,Biasa / Mengikuti Pasar
11:00,PMUI,Transaksi Sepi (Skip Broksum),Small Cap (Lapis 3),Fair Value (Wajar),0.0,1.462379,105.0,102,91,124,7.142857142857142,5469400,Normal,56,Positif,Uptrend,Bearish,Strong Bearish,Konsolidasi / Transisi,Normal,Akumulasi (Naik),Gap Up (+2.0%),Dominan Beli (Hajar Kanan),Normal,Tinggi,Normal,Rawan Pucuk (High Risk),< 1 Miliar,Di Atas VWAP (Kuat),Distribusi Pro (Guyuran),Gorengan Sepi (< 5M),Sepi (< 50%),Mark-Up (Fase Pesta),Spesialis Tiang Jemuran (Banting Pucuk),Normal,Naik 1 Hari Beruntun,TP: 117 | CL: 96,Normal,Menengah (1:1),Golden Cross (Awal Bullish),Netral / Sepi Berita,Normal / Sedang Transisi,Mendekati Fibo 50.0%,6,WAIT & SEE,TIDAK ADA,2026-10-07 11:00:01,Biasa / Mengikuti Pasar
11:00,EMAS,Token Mati (Perlu Update),Big Cap (Lapis 1),Overvalued (Mahal),0.0,306000.0,7650.0,7741,7300,9000,-0.6493506493506493,1107000,Normal,46,Negatif,Downtrend,Bearish,Strong Bearish,Strong Downtrend (5<20<50),Normal,Distribusi (Turun),Normal,Dominan Jual (Guyur),Normal,Tinggi,Normal,Area Tengah,> 1 Miliar,Persis di VWAP,Akumulasi Pro (Smart Money),Ritel Aktif (5M - 50M),Sepi (< 50%),Mark-Down (Fase Runtuh),Normal,Normal,Turun 2 Hari Beruntun,TP: 7979 | CL: 7430,Normal,Sangat Menarik (> 1:3),Death Cross (Awal Bearish),Netral / Sepi Berita,Normal / Sedang Transisi,Dekat Support Fibo 50.0%,0,WAIT & SEE,TIDAK ADA,2026-10-07 11:00:01,Biasa / Mengikuti Pasar
11:00,PJHB,Transaksi Sepi (Skip Broksum),Small Cap (Lapis 3),Fair Value (Wajar),0.0,0.7063448,161.0,167,147,190,0.0,278000,Normal,42,Negatif,Downtrend,Bearish,Strong Bearish,Strong Downtrend (5<20<50),Normal,Akumulasi (Naik),Normal,Dominan Jual (Guyur),Normal,Tinggi,Normal,Area Tengah,< 1 Miliar,Di Atas VWAP (Kuat),Akumulasi Pro (Smart Money),Gorengan Sepi (< 5M),Sepi (< 50%),Mark-Down (Fase Runtuh),Spesialis Tiang Jemuran (Banting Pucuk),Normal,Sideways / Stagnan,TP: 173 | CL: 153,Normal,Ideal (1:2),Golden Cross (Awal Bullish),Netral / Sepi Berita,Normal / Sedang Transisi,Mengambang (Jauh dari Fibo),1,WAIT & SEE,TIDAK ADA,2026-10-07 11:00:01,Biasa / Mengikuti Pasar
11:00,RLCO,Transaksi Sepi (Skip Broksum),Big Cap (Lapis 1),Overvalued (Mahal),294.96405,39.421185,4100.0,4190,3810,4680,-2.380952380952381,83500,Normal,43,Negatif,Downtrend,Bearish,Bullish MACD,Strong Downtrend (5<20<50),Normal,Akumulasi (Naik),Normal,Dominan Jual (Guyur),Normal,Tinggi,Normal,Area Tengah,< 1 Miliar,Di Bawah VWAP (Lemah),Distribusi Pro (Guyuran),Gorengan Sepi (< 5M),Sepi (< 50%),Mark-Down (Fase Runtuh),Normal,Normal,Turun 1 Hari Beruntun,TP: 4327 | CL: 3948,Normal,Ideal (1:2),Death Cross (Awal Bearish),Netral / Sepi Berita,Normal / Sedang Transisi,Mendekati Fibo 61.8% (Golden Ratio),2,WAIT & SEE,TIDAK ADA,2026-10-07 11:00:01,Biasa / Mengikuti Pasar
11:00,SUPA,Transaksi Sepi (Skip Broksum),Big Cap (Lapis 1),Overvalued (Mahal),57.651245,1.9955409,486.0,495,452,525,-0.8163265306122449,1215100,Normal,37,Negatif,Downtrend,Bearish,Bullish MACD,Strong Downtrend (5<20<50),Normal,Distribusi (Turun),Normal,Dominan Jual (Guyur),Squeeze,Rendah,Normal,Area Tengah,< 1 Miliar,Persis di VWAP,Akumulasi Pro (Smart Money),Gorengan Sepi (< 5M),Sepi (< 50%),Mark-Down (Fase Runtuh),Normal,Normal,Turun 1 Hari Beruntun,TP: 511 | CL: 468,Open = High (Tekanan Jual),Menengah (1:1),Death Cross (Awal Bearish),Netral / Sepi Berita,Normal / Sedang Transisi,Mengambang (Jauh dari Fibo),1,WAIT & SEE,TIDAK ADA,2026-10-07 11:00:01,Biasa / Mengikuti Pasar
11:00,WBSA,Token Mati (Perlu Update),Mid Cap (Lapis 2),Fair Value (Wajar),0.0,0.0,610.0,637,590,725,-0.8130081300813009,3919500,Normal,40,Negatif,Downtrend,Bearish,Strong Bearish,Strong Downtrend (5<20<50),Normal,Akumulasi (Naik),Normal,Seimbang / Adu Mekanik,Normal,Tinggi,Normal,Area Tengah,> 1 Miliar,Persis di VWAP,Akumulasi Pro (Smart Money),Ritel Aktif (5M - 50M),Sepi (< 50%),Mark-Down (Fase Runtuh),Normal,Normal,Turun 1 Hari Beruntun,TP: 643 | CL: 587,Normal,Sangat Menarik (> 1:3),Golden Cross (Awal Bullish),Netral / Sepi Berita,Normal / Sedang Transisi,Mendekati Fibo Bottom / 100%,1,WAIT & SEE,TIDAK ADA,2026-10-07 11:00:01,Biasa / Mengikuti Pasar
11:00,JECX,Transaksi Sepi (Skip Broksum),Mid Cap (Lapis 2),Overvalued (Mahal),73.98087,7.5432196,1470.0,1389,1260,1520,-0.6756756756756757,465700,Normal,57,Negatif,Uptrend,Golden Cross,Strong Bullish,Perfect Uptrend (5>20>50),Normal,Akumulasi (Naik),Normal,Seimbang / Adu Mekanik,Normal,Tinggi,Doji (Ragu-ragu),Rawan Pucuk (High Risk),< 1 Miliar,Di Atas VWAP (Kuat),Akumulasi Pro (Smart Money),Gorengan Sepi (< 5M),Sepi (< 50%),Mark-Up (Fase Pesta),Normal,Jarum Bawah (Sinyal Pantulan Kuat),Turun 1 Hari Beruntun,TP: 1591 | CL: 1388,Normal,Tidak Ideal (< 1:1),Netral / Sideways,Netral / Sepi Berita,Normal / Sedang Transisi,Mengambang (Jauh dari Fibo),5,WAIT & SEE,TIDAK ADA,2026-10-07 11:00:01,Biasa / Mengikuti Pasar
11:00,JELI,Transaksi Sepi (Skip Broksum),Small Cap (Lapis 3),Overvalued (Mahal),33.846153,3.966484,418.0,456,390,585,-1.4150943396226416,478900,Normal,32,Negatif,Downtrend,Bearish,Bullish MACD,Strong Downtrend (5<20<50),Normal,Distribusi (Turun),Normal,Dominan Jual (Guyur),Normal,Tinggi,Normal,Area Tengah,< 1 Miliar,Persis di VWAP,Akumulasi Pro (Smart Money),Gorengan Sepi (< 5M),Sepi (< 50%),Mark-Down (Fase Runtuh),Spesialis Tiang Jemuran (Banting Pucuk),Normal,Turun 2 Hari Beruntun,TP: 464 | CL: 386,Normal,Sangat Menarik (> 1:3),Netral / Sideways,Netral / Sepi Berita,Normal / Sedang Transisi,Mengambang (Jauh dari Fibo),1,WAIT & SEE,TIDAK ADA,2026-10-07 11:00:01,Biasa / Mengikuti Pasar
11:00,EMMI,Transaksi Sepi (Skip Broksum),Small Cap (Lapis 3),Overvalued (Mahal),0.0,4.6097894,396.0,393,320,458,2.0618556701030926,870600,Normal,50,Positif,Uptrend,Bullish,Bearish MACD,Perfect Uptrend (5>20>50),Normal,Distribusi (Turun),Normal,Dominan Beli (Hajar Kanan),Normal,Tinggi,Hammer (Potensi Reversal),Rawan Pucuk (High Risk),< 1 Miliar,Di Bawah VWAP (Lemah),Distribusi Pro (Guyuran),Gorengan Sepi (< 5M),Sepi (< 50%),Mark-Up (Fase Pesta),Normal,Jarum Bawah (Sinyal Pantulan Kuat),Naik 1 Hari Beruntun,TP: 441 | CL: 365,Normal,Tidak Ideal (< 1:1),Death Cross (Awal Bearish),Netral / Sepi Berita,Normal / Sedang Transisi,Mengambang (Jauh dari Fibo),4,WAIT & SEE,TIDAK ADA,2026-10-07 11:00:01,Biasa / Mengikuti Pasar
11:00,BACH,Token Mati (Perlu Update),Mid Cap (Lapis 2),Fair Value (Wajar),9.348739,2.014851,356.0,381,330,452,-2.73224043715847,3774300,Normal,35,Negatif,Downtrend,Bearish,Bullish MACD,Strong Downtrend (5<20<50),Normal,Distribusi (Turun),Normal,Dominan Jual (Guyur),Normal,Tinggi,Normal,Area Tengah,> 1 Miliar,Persis di VWAP,Akumulasi Pro (Smart Money),Gorengan Sepi (< 5M),Sepi (< 50%),Mark-Down (Fase Runtuh),Normal,Normal,Turun 1 Hari Beruntun,TP: 387 | CL: 335,Open = High (Tekanan Jual),Sangat Menarik (> 1:3),Netral / Sideways,Netral / Sepi Berita,Normal / Sedang Transisi,Mengambang (Jauh dari Fibo),1,WAIT & SEE,TIDAK ADA,2026-10-07 11:00:01,Biasa / Mengikuti Pasar
11:00,PRDL,Transaksi Sepi (Skip Broksum),Small Cap (Lapis 3),Fair Value (Wajar),0.0,2.9258509,178.0,201,167,252,-1.1111111111111112,3422900,Normal,33,Negatif,Downtrend,Bearish,Strong Bearish,Strong Downtrend (5<20<50),Normal,Distribusi (Turun),Normal,Dominan Jual (Guyur),Normal,Tinggi,Normal,Area Tengah,< 1 Miliar,Di Bawah VWAP (Lemah),Distribusi Pro (Guyuran),Gorengan Sepi (< 5M),Sepi (< 50%),Mark-Down (Fase Runtuh),Normal,Normal,Turun 2 Hari Beruntun,TP: 202 | CL: 161,Normal,Sangat Menarik (> 1:3),Netral / Sideways,Netral / Sepi Berita,Normal / Sedang Transisi,Mengambang (Jauh dari Fibo),0,WAIT & SEE,TIDAK ADA,2026-10-07 11:00:01,Biasa / Mengikuti Pasar
11:00,RANS,Token Mati (Perlu Update),Mid Cap (Lapis 2),Overvalued (Mahal),35.363457,5.4093037,181.0,192,176,208,-0.5494505494505495,8595700,Normal,30,Negatif,Downtrend,Bearish,Strong Bearish,Strong Downtrend (5<20<50),Normal,Distribusi (Turun),Normal,Seimbang / Adu Mekanik,Normal,Tinggi,Normal,Dekat Support (Low Risk),> 1 Miliar,Persis di VWAP,Distribusi Pro (Guyuran),Ritel Aktif (5M - 50M),Sepi (< 50%),Mark-Down (Fase Runtuh),Spesialis Tiang Jemuran (Banting Pucuk),Normal,Turun 1 Hari Beruntun,TP: 192 | CL: 173,Open = High (Tekanan Jual),Sangat Menarik (> 1:3),Oversold (Jenuh Jual - Peluang),Netral / Sepi Berita,Normal / Sedang Transisi,Mendekati Fibo Bottom / 100%,0,WAIT & SEE,TIDAK ADA,2026-10-07 11:00:01,Biasa / Mengikuti Pasar
11:00,WMPP,Token Mati (Perlu Update),Small Cap (Lapis 3),Fair Value (Wajar),19.444443,2.1112955,28.0,28,21,34,0.0,41635800,Normal,50,Negatif,Downtrend,Bearish,Strong Bearish,Strong Downtrend (5<20<50),Normal,Distribusi (Turun),Gap Up (+3.6%),Seimbang / Adu Mekanik,Normal,Tinggi,Normal,Rawan Pucuk (High Risk),> 1 Miliar,Di Atas VWAP (Kuat),Akumulasi Pro (Smart Money),Gorengan Sepi (< 5M),Sepi (< 50%),Mark-Down (Fase Runtuh),Normal,Normal,Sideways / Stagnan,TP: 32 | CL: 25,Normal,Tidak Ideal (< 1:1),Netral / Sideways,Netral / Sepi Berita,Normal / Sedang Transisi,Mendekati Fibo 61.8% (Golden Ratio),1,WAIT & SEE,TIDAK ADA,2026-10-07 11:00:01,Biasa / Mengikuti Pasar
11:00,RMKE,Token Mati (Perlu Update),Mid Cap (Lapis 2),Overvalued (Mahal),23.17073,3.8587387,344.0,379,320,442,-1.1494252873563218,21721400,Normal,34,Negatif,Downtrend,Bearish,Strong Bearish,Strong Downtrend (5<20<50),Normal,Distribusi (Turun),Normal,Dominan Jual (Guyur),Normal,Tinggi,Normal,Area Tengah,> 1 Miliar,Di Atas VWAP (Kuat),Distribusi Pro (Guyuran),Ritel Aktif (5M - 50M),Sepi (< 50%),Mark-Down (Fase Runtuh),Normal,Normal,Turun 1 Hari Beruntun,TP: 373 | CL: 324,Normal,Sangat Menarik (> 1:3),Golden Cross (Awal Bullish),Netral / Sepi Berita,Normal / Sedang Transisi,Mengambang (Jauh dari Fibo),0,WAIT & SEE,TIDAK ADA,2026-10-07 11:00:01,Biasa / Mengikuti Pasar
11:00,OBMD,Transaksi Sepi (Skip Broksum),Small Cap (Lapis 3),Fair Value (Wajar),0.0,0.70023215,184.0,193,176,250,-1.6042780748663104,455500,Normal,44,Negatif,Downtrend,Bearish,Strong Bearish,Konsolidasi / Transisi,Normal,Distribusi (Turun),Normal,Dominan Jual (Guyur),Normal,Tinggi,Normal,Area Tengah,< 1 Miliar,Persis di VWAP,Distribusi Pro (Guyuran),Gorengan Sepi (< 5M),Normal (50-150%),Distribution (Fase Jualan),Normal,Normal,Turun 1 Hari Beruntun,TP: 201 | CL: 172,Normal,Sangat Menarik (> 1:3),Golden Cross (Awal Bullish),Netral / Sepi Berita,Normal / Sedang Transisi,Dekat Support Fibo 78.6%,0,WAIT & SEE,TIDAK ADA,2026-10-07 11:00:01,Biasa / Mengikuti Pasar
11:00,AVIA,Transaksi Sepi (Skip Broksum),Big Cap (Lapis 1),Fair Value (Wajar),10.519763,2.0781968,338.0,339,320,370,-1.744186046511628,1680900,Normal,48,Negatif,Downtrend,Bearish,Strong Bearish,Strong Downtrend (5<20<50),Normal,Akumulasi (Naik),Normal,Dominan Jual (Guyur),Normal,Sedang,Normal,Area Tengah,< 1 Miliar,Persis di VWAP,Akumulasi Pro (Smart Money),Gorengan Sepi (< 5M),Sepi (< 50%),Mark-Down (Fase Runtuh),Solid (Jarang Dibanting),Normal,Turun 1 Hari Beruntun,TP: 354 | CL: 327,Open = High (Tekanan Jual),Ideal (1:2),Death Cross (Awal Bearish),Netral / Sepi Berita,Normal / Sedang Transisi,Dekat Support Fibo 61.8% (Golden Ratio),1,WAIT & SEE,TIDAK ADA,2026-10-07 11:00:01,Biasa / Mengikuti Pasar
11:00,NASI,Token Mati (Perlu Update),Small Cap (Lapis 3),Overvalued (Mahal),37.750843,2.7892776,192.0,199,157,364,9.090909090909092,50148000,Tembus MA20,52,Positif,Downtrend,Bearish,Bearish MACD,Konsolidasi / Transisi,Normal,Akumulasi (Naik),Normal,Seimbang / Adu Mekanik,Normal,Tinggi,Normal,Rawan Pucuk (High Risk),> 1 Miliar,Di Atas VWAP (Kuat),Akumulasi Pro (Smart Money),Gorengan Sepi (< 5M),Normal (50-150%),Distribution (Fase Jualan),Spesialis Tiang Jemuran (Banting Pucuk),Normal,Naik 1 Hari Beruntun,TP: 246 | CL: 155,Normal,Sangat Menarik (> 1:3),Oversold (Jenuh Jual - Peluang),Netral / Sepi Berita,Normal / Sedang Transisi,Mengambang (Jauh dari Fibo),4,WAIT & SEE,TIDAK ADA,2026-10-07 11:00:01,Biasa / Mengikuti Pasar
11:00,BSML,Token Mati (Perlu Update),Mid Cap (Lapis 2),Overvalued (Mahal),166.61617,7.66433,545.0,544,505,575,-0.9090909090909091,9158700,Normal,55,Negatif,Uptrend,Bullish,Bearish MACD,Perfect Uptrend (5>20>50),Normal,Akumulasi (Naik),Normal,Dominan Jual (Guyur),Squeeze,Rendah,Normal,Area Tengah,> 1 Miliar,Persis di VWAP,Akumulasi Pro (Smart Money),Ritel Aktif (5M - 50M),Normal (50-150%),Mark-Up (Fase Pesta),Normal,Normal,Turun 1 Hari Beruntun,TP: 567 | CL: 530,Open = High (Tekanan Jual),Tidak Ideal (< 1:1),Netral / Sideways,Netral / Sepi Berita,Normal / Sedang Transisi,Dekat Support Fibo 38.2%,4,WAIT & SEE,TIDAK ADA,2026-10-07 11:00:01,Biasa / Mengikuti Pasar
11:00,DRMA,Transaksi Sepi (Skip Broksum),Mid Cap (Lapis 2),Fair Value (Wajar),6.3175054,1.6034898,930.0,958,900,1040,-0.53475935828877,505400,Normal,41,Negatif,Downtrend,Bearish,Strong Bearish,Strong Downtrend (5<20<50),Normal,Distribusi (Turun),Normal,Seimbang / Adu Mekanik,Normal,Sedang,Doji (Ragu-ragu),Area Tengah,< 1 Miliar,Persis di VWAP,Distribusi Pro (Guyuran),Gorengan Sepi (< 5M),Normal (50-150%),Mark-Down (Fase Runtuh),Solid (Jarang Dibanting),Normal,Turun 2 Hari Beruntun,TP: 972 | CL: 901,Normal,Sangat Menarik (> 1:3),Netral / Sideways,Netral / Sepi Berita,Normal / Sedang Transisi,Mendekati Fibo 78.6%,0,WAIT & SEE,TIDAK ADA,2026-10-07 11:00:01,Biasa / Mengikuti Pasar
11:00,ADMF,Transaksi Sepi (Skip Broksum),Big Cap (Lapis 1),Undervalued (Murah),5.4326925,0.67157364,8400.0,8573,8025,8775,0.0,4200,Normal,41,Negatif,Downtrend,Bearish,Strong Bearish,Strong Downtrend (5<20<50),Normal,Akumulasi (Naik),Normal,Dominan Jual (Guyur),Normal,Sedang,Doji (Ragu-ragu),Area Tengah,< 1 Miliar,Persis di VWAP,Distribusi Pro (Guyuran),Gorengan Sepi (< 5M),Sepi (< 50%),Mark-Down (Fase Runtuh),Spesialis Tiang Jemuran (Banting Pucuk),Normal,Sideways / Stagnan,TP: 8659 | CL: 8226,Normal,Menengah (1:1),Netral / Sideways,Netral / Sepi Berita,Normal / Sedang Transisi,Dekat Support Fibo 61.8% (Golden Ratio),1,WAIT & SEE,TIDAK ADA,2026-10-07 11:00:01,Biasa / Mengikuti Pasar
11:00,ADMG,Transaksi Sepi (Skip Broksum),Small Cap (Lapis 3),Overvalued (Mahal),17.815647,7666.667,230.0,242,220,274,0.8771929824561403,60800,Normal,38,Positif,Downtrend,Bearish,Strong Bearish,Strong Downtrend (5<20<50),Normal,Distribusi (Turun),Normal,Seimbang / Adu Mekanik,Normal,Tinggi,Doji (Ragu-ragu),Area Tengah,< 1 Miliar,Persis di VWAP,Distribusi Pro (Guyuran),Gorengan Sepi (< 5M),Sepi (< 50%),Mark-Down (Fase Runtuh),Spesialis Tiang Jemuran (Banting Pucuk),Normal,Naik 1 Hari Beruntun,TP: 244 | CL: 220,Normal,Sangat Menarik (> 1:3),Golden Cross (Awal Bullish),Netral / Sepi Berita,Normal / Sedang Transisi,Mendekati Fibo 78.6%,1,WAIT & SEE,TIDAK ADA,2026-10-07 11:00:01,Biasa / Mengikuti Pasar
11:00,ADRO,Token Mati (Perlu Update),Big Cap (Lapis 1),Overvalued (Mahal),7.62687,16250.0,2600.0,2580,2390,2730,0.0,13464600,Normal,52,Negatif,Uptrend,Bearish,Bullish MACD,Strong Downtrend (5<20<50),Normal,Akumulasi (Naik),Normal,Dominan Jual (Guyur),Normal,Sedang,Doji (Ragu-ragu),Area Tengah,> 1 Miliar,Di Atas VWAP (Kuat),Akumulasi Pro (Smart Money),Sultan (> 50M/hari),Sepi (< 50%),Accumulation (Kumpul Barang),Normal,Normal,Sideways / Stagnan,TP: 2726 | CL: 2515,Normal,Tidak Ideal (< 1:1),Netral / Sideways,Netral / Sepi Berita,Normal / Sedang Transisi,Dekat Support Fibo 50.0%,4,WAIT & SEE,TIDAK ADA,2026-10-07 11:00:01,Biasa / Mengikuti Pasar
11:00,AGII,Transaksi Sepi (Skip Broksum),Mid Cap (Lapis 2),Overvalued (Mahal),98.78788,2.6404994,3260.0,3363,2920,3800,0.0,18200,Normal,49,Negatif,Downtrend,Bearish,Bearish MACD,Konsolidasi / Transisi,Normal,Distribusi (Turun),Normal,Dominan Beli (Hajar Kanan),Normal,Tinggi,Hammer (Potensi Reversal),Rawan Pucuk (High Risk),< 1 Miliar,Di Bawah VWAP (Lemah),Distribusi Pro (Guyuran),Gorengan Sepi (< 5M),Sepi (< 50%),Distribution (Fase Jualan),Normal,Jarum Bawah (Sinyal Pantulan Kuat),Sideways / Stagnan,TP: 3542 | CL: 3071,Open = High (Tekanan Jual),Ideal (1:2),Oversold (Jenuh Jual - Peluang),Netral / Sepi Berita,Normal / Sedang Transisi,Golden Rebound Fibo 50.0% 🎯,1,WAIT & SEE,TIDAK ADA,2026-10-07 11:00:01,Biasa / Mengikuti Pasar
11:00,AGRO,Transaksi Sepi (Skip Broksum),Mid Cap (Lapis 2),Fair Value (Wajar),0.0,1.2013638,142.0,141,130,154,1.4285714285714286,2347900,Normal,50,Positif,Uptrend,Bearish,Bullish MACD,Strong Downtrend (5<20<50),Normal,Akumulasi (Naik),Normal,Seimbang / Adu Mekanik,Normal,Tinggi,Normal,Area Tengah,< 1 Miliar,Di Atas VWAP (Kuat),Akumulasi Pro (Smart Money),Gorengan Sepi (< 5M),Sepi (< 50%),Accumulation (Kumpul Barang),Spesialis Tiang Jemuran (Banting Pucuk),Normal,Naik 4 Hari Beruntun,TP: 149 | CL: 136,Open = Low (Bullish Kuat),Menengah (1:1),Netral / Sideways,Netral / Sepi Berita,Normal / Sedang Transisi,Dekat Support Fibo 61.8% (Golden Ratio),4,WAIT & SEE,TIDAK ADA,2026-10-07 11:00:01,Biasa / Mengikuti Pasar
11:00,AGRS,Transaksi Sepi (Skip Broksum),Mid Cap (Lapis 2),Undervalued (Murah),10.120069,0.4770684,59.0,58,53,63,-1.6666666666666667,666000,Normal,49,Negatif,Uptrend,Bearish,Bullish MACD,Strong Downtrend (5<20<50),Normal,Distribusi (Turun),Normal,Dominan Jual (Guyur),Normal,Sedang,Doji (Ragu-ragu),Rawan Pucuk (High Risk),< 1 Miliar,Di Atas VWAP (Kuat),Distribusi Pro (Guyuran),Gorengan Sepi (< 5M),Sepi (< 50%),Accumulation (Kumpul Barang),Normal,Normal,Turun 1 Hari Beruntun,TP: 63 | CL: 56,Normal,Tidak Ideal (< 1:1),Death Cross (Awal Bearish),Netral / Sepi Berita,Supply Kering (Siap Pump) 🏜️,Golden Rebound Fibo 61.8% (Golden Ratio) 🎯,2,WAIT & SEE,TIDAK ADA,2026-10-07 11:00:01,Biasa / Mengikuti Pasar
11:00,AHAP,Token Mati (Perlu Update),Small Cap (Lapis 3),Fair Value (Wajar),0.0,2.7013962,95.0,93,78,129,-1.0416666666666665,17702300,Normal,51,Negatif,Uptrend,Bearish,Bullish MACD,Strong Downtrend (5<20<50),Normal,Akumulasi (Naik),Normal,Dominan Jual (Guyur),Normal,Tinggi,Normal,Rawan Pucuk (High Risk),> 1 Miliar,Di Atas VWAP (Kuat),Distribusi Pro (Guyuran),Gorengan Sepi (< 5M),Sepi (< 50%),Accumulation (Kumpul Barang),Normal,Normal,Turun 1 Hari Beruntun,TP: 109 | CL: 85,Normal,Ideal (1:2),Netral / Sideways,Netral / Sepi Berita,Normal / Sedang Transisi,Mengambang (Jauh dari Fibo),4,WAIT & SEE,TIDAK ADA,2026-10-07 11:00:01,Biasa / Mengikuti Pasar
11:00,AIMS,Token Mati (Perlu Update),Small Cap (Lapis 3),Overvalued (Mahal),51.46625,741.31274,940.0,571,432,1025,13.939393939393941,4268600,Tembus MA20,87,Positif,Uptrend,Bullish,Strong Bullish,Perfect Uptrend (5>20>50),Akumulasi Kuat,Akumulasi (Naik),Gap Up (+10.3%),Seimbang / Adu Mekanik,Breakout Upper,Tinggi,Normal,Rawan Pucuk (High Risk),> 1 Miliar,Di Atas VWAP (Kuat),Akumulasi Pro (Smart Money),Gorengan Sepi (< 5M),Anomali Tinggi (150-300%),Mark-Up (Fase Pesta),Normal,Normal,Naik 1 Hari Beruntun,TP: 1058 | CL: 860,Normal,Tidak Ideal (< 1:1),Overbought (Jenuh Beli - Rawan),Netral / Sepi Berita,Normal / Sedang Transisi,Mengambang (Jauh dari Fibo),9,BELI,TIDAK ADA,2026-10-07 11:00:01,⚠️ Anomali (Sudah Terbang)
11:00,PNSE,Transaksi Sepi (Skip Broksum),Small Cap (Lapis 3),Overvalued (Mahal),0.0,3.2162483,432.0,474,422,530,-1.36986301369863,24500,Tembus MA20,21,Negatif,Downtrend,Bearish,Strong Bearish,Strong Downtrend (5<20<50),Normal,Distribusi (Turun),Gap Up (+2.3%),Dominan Jual (Guyur),Bottom Rebound,Tinggi,Normal,Dekat Support (Low Risk),< 1 Miliar,Di Bawah VWAP (Lemah),Distribusi Pro (Guyuran),Gorengan Sepi (< 5M),Anomali Tinggi (150-300%),Mark-Down (Fase Runtuh),Normal,Normal,Turun 2 Hari Beruntun,TP: 466 | CL: 408,Normal,Sangat Menarik (> 1:3),Netral / Sideways,Netral / Sepi Berita,Normal / Sedang Transisi,Dekat Support Fibo Bottom / 100%,2,WAIT & SEE,TIDAK ADA,2026-10-07 11:00:01,Biasa / Mengikuti Pasar
11:00,PPRO,Transaksi Sepi (Skip Broksum),Mid Cap (Lapis 2),Fair Value (Wajar),0.0,-0.28930584,20.0,17,15,26,0.0,49780300,Normal,61,Negatif,Uptrend,Bullish,Strong Bullish,Perfect Uptrend (5>20>50),Normal,Distribusi (Turun),Normal,Seimbang / Adu Mekanik,Normal,Tinggi,Doji (Ragu-ragu),Rawan Pucuk (High Risk),< 1 Miliar,Di Atas VWAP (Kuat),Distribusi Pro (Guyuran),Gorengan Sepi (< 5M),Sepi (< 50%),Mark-Up (Fase Pesta),Normal,Normal,Sideways / Stagnan,TP: 23 | CL: 17,Normal,Menengah (1:1),Golden Cross (Awal Bullish),Netral / Sepi Berita,Normal / Sedang Transisi,Mendekati Fibo 61.8% (Golden Ratio),4,WAIT & SEE,TIDAK ADA,2026-10-07 11:00:01,Biasa / Mengikuti Pasar
